jahr,erstveroeffentlichung,interpret,titel,mbid
1978,1978-10,10 CC,Reds in My Bed,cb7518dc-0633-44a0-ae28-3f7081ea3ff6
1978,1978-07-21,100% Whole Wheat,"Ice, Fire and Desire",f19a5e13-500d-45e7-867e-94f76d071ffe
1978,1978-07-21,10cc,Dreadlock Holiday,d1930d7d-7550-3517-a19f-8c239387ade0
1978,1978,10cc,For You and I,6fd9fdbd-65c1-4b21-85ec-701b1d61b4da
1978,1978-12,10CC,From Rochdale to Ocho Rios,a6194e88-5738-4d07-b8c4-9b529602ce29
1978,1978,15-16-17,Girl’s Imagination,796e1319-9857-43d1-ae11-3272d2d800f5
1978,1978,1755,C.B. Buddie / Hallo Joe,ff433500-2eec-4f13-958c-012261c3beb2
1978,1978,1755,Le monde a bien changé / Le monde qu'on connait,98e601da-0a24-4301-8174-ec1ce0be836c
1978,1978,1994:,Once Again,62176832-258e-4ce2-9b3b-ff9f3841b538
1978,1978,1994:,Sing to Me,f59f12f6-a70f-4fb4-ae6d-9f24806e8a7e
1978,1978,2 Timers,Now That I've Lost My Baby / Fast and Furious,892eb735-66e7-4f90-b6bf-6fe2c0666b74
1978,1978-03-06,2.3,All Time Low / Where to Now?,a15657cb-92a8-45a2-bc71-214105f63730
1978,1978,20/20,Giving It All / Under the Freeway,988fca42-a165-48e6-912d-a5587cd0e253
1978,1978,222,I Love Susan,a6cd482c-dc99-4807-b6f0-8bc17e22c29b
1978,1978,3è Génération,Les envahisseurs,890dfe4f-9ac6-4cdb-99a3-ac91e574454e
1978,1978,4 PS,"Lied von der Märchenfee / Ich würde, wenn ich wüßte, daß ich könnte",57a1897d-9585-463f-9f3a-c7fdd45b5470
1978,1978-02,5th Dimension,You Are the Reason (I Feel Like Dancing),d60121f6-15ed-4909-b1f4-0f587445aae9
1978,1978-03,84 Flesh,Salted City,b762f34f-9f29-3fb5-bf87-3de8d3623b60
1978,1978-06,999,Emergency,c0886780-613f-4328-936a-d9ebf21e999c
1978,1978-08,999,Feelin' Alright With the Crew,b1951e75-0be7-4c77-aa6e-47bcdbbab4c4
1978,1978-10,999,Homicide,13e0dd47-de3d-4aa3-a90a-895df0f887e0
1978,1978-04,999,Me and My Desire,a17591aa-913c-492e-bc6f-29edb2f7fb17
1978,1978,999,Waiting,683af3bc-2745-4c38-a212-f562da6b5bda
1978,1978,[unknown],Adieu Cloclo,42fa6569-e9ae-4003-ba0f-e1904e7e4995
1978,1978,A Taste of Honey,Boogie Oogie Oogie / Disco Dancin’,8d022e37-e78b-4c3a-beb8-3650710044c0
1978,1978-04-17,A Taste of Honey,Boogie Oogie Oogie / World Spin,89ff416f-e2af-46bb-9f92-11bbaac08329
1978,1978,ABBA,Gracias por la música / Aguila,8d895f0b-f747-4e0c-a07f-d4fdb57cc25e
1978,1978-09-06,ABBA,Summer Night City,a908ee25-5e74-3de2-a8a2-6bf26bdf8396
1978,1978-01-27,ABBA,Take a Chance on Me,c175a817-4aed-3ad4-960c-1383184fcd35
1978,1978,Abbi Blackman,Young And Moving On,31597959-daf0-41fa-865b-bab0c684d041
1978,1978-03-06,Abdul Jabbar,Bhalobasha jodi jontrona,160098d1-bd61-450d-87f7-e6f426bbba7c
1978,1978-05-19,AC/DC,Rock ’n’ Roll Damnation,ce931e79-89ed-4598-b768-bf8c08e0f6c3
1978,1978-11,AC/DC,Whole Lotta Rosie,048c6aa1-2316-46b3-9157-9b685e7f9c88
1978,1978,Ace Frehley,New York Groove,d626ac16-8a0a-476c-8d61-9d5abbaa6d48
1978,1978,Achab,Delicado,5903d118-b492-49d6-9867-846f20e09e24
1978,1978,Achim Mentzel,Außerdem macht es Spaß,58a945ba-fe4f-48bc-b0c6-6b2fa03bc7bc
1978,1978,"Action ""U""",Lost Is the Important Thing / I Ain't Goin' Home,d871eb08-fbe1-4add-9cb7-888aad9742ca
1978,1978,Ad van Hoorn,Radio Jemica,52981dad-2435-306a-8967-21666ea419d4
1978,1978,Adam and the Ants,Young Parisians,c1885216-bbfb-3890-accb-7d7297ee43d1
1978,1978,Adriano Celentano,Woman in Love / Rock Around the Clock,3e07cd70-7cb7-4851-8222-817929e7de66
1978,1978,Aerial,Easy Love,714f45bf-a60f-451e-a442-8721fc92765e
1978,1978,Aeron,Flame On / Saelabrimbor,f7e323b9-a8ef-4ac9-8d35-45ea5ad246fa
1978,1978,Aerosmith,Chip Away the Stone,51769544-48c6-4d20-9d5c-a0d0a4d62ff3
1978,1978,Aerosmith,Come Together,35b30301-472c-4bc5-8d7a-4a707e33337d
1978,1978,Aged In Harmony,You're A Melody,b4727cce-e29b-4aba-ad4d-c7dc9bdcaa6d
1978,1978,Air Bubble,Don’t Look Into the Mirror / People Say,e3852e08-e4d2-4fa4-afc3-dcd7ed9b20ee
1978,1978,Air Bubble,Lay Down / Return,08813bc3-7f76-4001-a161-45005d199a9f
1978,1978,Ajda Pekkan,Et Je Voyage,a8ede2b2-f5ba-4a44-b475-99514def0dd1
1978,1978,Ajda Pekkan,Loin De Nos Je T'aime,91ee37e1-a748-4223-99ea-35c15dc368b6
1978,1978,Ajda Pekkan,Ya Sonra / Yeniden Başlasın,bcca0550-c758-412f-ba8d-442c779a1714
1978,1978,Aka Shaic,Ain't No Big Thang Do,a95f276b-ba87-4afa-9034-00e1bb94b33a
1978,1978,Akichelest Band,Toto Annah,b5af443b-37ef-48a0-9bc8-c0df7d87868f
1978,1978,Al Green,I Feel Good / Feels Like Summer,7185b45e-1596-4954-a4b0-da163044c91f
1978,1978,Al Green,To Sir With Love / Wait Here,51a59844-27b4-4f8a-95fc-7d95a9426fd7
1978,1978,Al Hudson & the Soul Partners,Spread Love / Love Me Forever,69a28aa5-5e30-4239-bda3-5d82c7370101
1978,1978,Alain Barrière,Une autre vie,6a5b8bc6-2294-4dba-b761-22cdb0a94bdc
1978,1978,Alain Souchon,Allô maman bobo / Poulaillers' Song,1950224f-28e6-4885-8caa-cba11cc8cd04
1978,1978,Alain Turban,4ème dimension,b7f38b26-ea87-4e0c-9ea5-4123730abb2f
1978,1978,Alastair McDonald,Early Morning Worker,9ab72a5c-166d-4026-874c-141a3950b180
1978,1978-07,Albert Järvinen,"Mama, Keep Your Big Mouth Shut / Buzz the Jerk",0117e5d7-e245-4da8-8024-5dbc25113a17
1978,1978,Ale & Rika de Vries,Zolang ik leef / Allez poup à la pée,4efa280e-73e2-4f91-bc9f-5f3a40550fb5
1978,1978,Alec R. Costandinos & the Syncophonic Orchestra,The Hunchback Of Notre Dame,cd2a4c45-35e7-4d95-b748-f531f6a6d22b
1978,1978,Alec R. Costandinos / La Bionda,Romeo & Juliet ／ Bandido,608b3e60-dc02-44ca-8fdc-cb66f85b3849
1978,1978,Alegres de Terán,Cuando me dejes de amar / Te vas ángel mío,f707958e-cec5-4a1e-b180-6fcb67a97df6
1978,1978,Aleksander Mežek,Izgubljen v plesu / You Know Too Much,76d36d21-98f0-4dc3-a39b-5c77ea0cebdb
1978,1978,Aleksandra Slađana Milošević,Baby,ba061ead-c825-47a7-9fd5-3cd9d38fa883
1978,1978,Aleksandra Slađana Milošević,Sexy dama,8ece853e-3180-4be7-962c-7bbea556b676
1978,1978,Alex Chilton,Bangkok,14b8854a-c813-4be4-9da1-2420dd7d8594
1978,1978,Alexander Curly,Hieka hoeke hakke hanne Henkie Hoekema,92035247-d57e-4de1-9a1a-7725d6230b4e
1978,1978,Alexander Curly,Paramaribo,8f68e6b6-1c42-47ea-a1b6-de641e8ae793
1978,1978,Alfonso Pahino,Yo soy gitano,66bd44dd-813b-40db-91eb-181e437693e1
1978,1978,Alice,...e respiro,964863f7-4942-4724-9136-9545648ed709
1978,1978-02,Alice Cooper,From the Inside (edit),aaaa287b-4740-4556-b026-899441d0e3fb
1978,1978,Alice Cooper,How You Gonna See Me Now,4e1b00ab-141e-40b2-81c7-ec9f0481358f
1978,1978-09-07,Alicia Bridges,I Love the Nightlife,8ae88e10-c4a1-488d-910c-64b1686d4a8e
1978,1978,Alonzo Turner,Whoever Said It,32f733c1-5ce5-4a66-89a6-e1f66d7ca555
1978,1978,Alric Forbes,Warn The Nation,24806120-99ef-4feb-8801-048674f17adf
1978,1978,Alternative TV,Action Time Vision,2ffc67e7-b020-4475-a310-9f64a9da7b1f
1978,1978,Alternative TV,Life,e8855189-e99e-321b-8eb6-bb4f09adfe16
1978,1978,Amanda Lear,Enigma,fbdef078-fb2b-3693-8a27-f2e753109235
1978,1978,Amanda Lear,Follow Me,60c1c233-3bf1-340f-bbb3-590acaf0b47d
1978,1978,Amanda Lear,Gold,8b2dfcb7-15cd-3e25-8be7-cdd24befd39f
1978,1978,Amanda Lear,The Sphinx,80395f17-2119-3fd3-93c8-eac773691897
1978,1978-12-20,Amant,If There's Love / Hazy Shades Of Love,7257226a-7457-470f-851d-cde34a36162c
1978,1978,Ambasadori,Imam Jedan Strašan Plan,a5334d5b-2e1e-4b67-b1a1-e3902755b0b2
1978,1978,Ambasadori,Tri Bijela Kruga / Mala Luka,26d267b1-2650-42e8-9186-470c42c5dcad
1978,1978,Ambre,L'Infidèle / Superstar,342886c5-f013-4137-9ca1-f5e914948152
1978,1978,Ambrosia,How Much I Feel,60367b1c-b65d-47dc-9537-4513932eb06b
1978,1978-12-21,Amii Stewart,Knock on Wood,d2f67e45-ac2f-4504-946d-dfda1349f7aa
1978,1978-08-04,Amii Stewart,You Really Touched My Heart,fad90b03-325f-40ca-a398-88e161e789f1
1978,1978,Ana Mazzotti,Io Sono Io (Eu Sou Mais Eu),7f6bf9c7-0b16-4cdf-8246-1a59d75aef67
1978,1978-06,Andrea Jürgens,Ich zeige dir mein Paradies,6251b778-5323-43b6-b1ac-7e7e3c6e3def
1978,1978,Andreas Holm,Die erste Show im All / Eine Rose im Haar,20d7e0ac-c694-4b5c-a121-42efe2143c87
1978,1978,"Andreas Holm, Hans-Jürgen Beyer",Amore Mio / Ti Amo,6dc8e4ec-e8cf-443e-abc9-9d9545a2cc81
1978,1978,Andrej Šifrer,Moje miške,cc2ffc94-3127-4ded-9370-361e2e16d194
1978,1978-05-26,Andrew Gold,How Can This Be Love / Still You Linger On,6f03c4ca-903e-409f-8a23-97644319b39b
1978,1978-08,Andrew Gold,I’m on My Way,0cf9b8b6-39a5-4282-a38a-11605d6f695d
1978,1978-01,Andrew Gold,Thank You for Being a Friend,a5551227-b3bf-498d-9fe4-50263b2cb797
1978,1978-04-28,Andromeda,Star Ship / Shooting Star,a8779dbd-7072-4150-b4a2-dfb81d5ef46a
1978,1978,André Gagnon,Smash,dc87e4be-5e32-4d64-96ff-7878dc8d6160
1978,1978,Andy Gibb,Shadow Dancing,baadade2-6267-49f2-a589-1444ee19ea50
1978,1978,Andy Gibb / David Shire,Shadow Dancing / Manhattan Skyline,ba2438d7-5ea6-4e03-a2be-50c9a7d189bf
1978,1978,Andy Lloyd,Back to School / It's Up [To You],e082b022-cd10-4ae7-b5ba-a5d475bae02c
1978,1978,Angel,Feelin’ Right,eb11e2d7-15c4-45c6-995f-80258bfdf39c
1978,1978-09,Angelic Upstarts,The Murder of Liddle Towers,cf210547-53ba-372c-b779-691cddba1bc0
1978,1978,Anita Berends,Je mag gerust even huilen / 765348,3e3ddb51-9780-45fc-8eee-cfa42b27171c
1978,1978,Anita Berends and The Black Birds,Ik zou graag cowboy willen wezen / De scheepsjager,fdf3ecff-f677-46da-872f-a02ad179f7f3
1978,1978,Anja,De laatste dans / Nemen en geven,8345ccaa-58a2-4b62-ad93-11f89043741a
1978,1978,Anna Jansen,Joris Pummel,37904397-102a-4feb-a199-d686a20bf17b
1978,1978,Anna Jantar,"Baju, baj proszę pana (Jambalaya) / Radość najpiękniejszych dni",60d26b51-aff5-42aa-9ede-0ef5e65d5585
1978,1978,Anna Jantar,Jambalaya,a033abef-2233-4bcd-93e1-f2f1b04a7795
1978,1978,Anna Jantar,Kto powie nam / Dżinsowe maniery,fdc9e0de-bb9f-418d-89e6-8c62e5cd882d
1978,1978,Anna Jantar,Na ciebie czekam lwie / Po tamtej stronie marzeń,3377e23c-220e-4ef3-a6cd-7698102fd02a
1978,1978,Anna Jantar,"Nie wierz mi, nie ufaj mi / Zgubiłam klucz do nieba",49fe2fa6-0103-4a39-91dc-ee1cad14c6c0
1978,1978,Anna Jantar,Po tamtej stronie marzeń / Mój świat zawsze ten sam,fb7dd1bf-22d6-4b38-9621-5c736578ff2f
1978,1978,Anna Jantar,"Tylko mnie poproś do tańca / Let me stay / Nie wierz mi, nie ufaj mi / Zawsze gdzieś czeka ktoś",421fb9dd-45ed-40d0-b89c-82a22ba3cc16
1978,1978,Anna Jantar,Zawsze gdzieś czeka ktoś,69bae37e-ef8e-4892-b949-97540e9f1708
1978,1978-01,Anna Oxa,Un’emozione da poco,198823f4-976d-4a6e-a518-c48aad0214c6
1978,1978,Anne Murray,You Needed Me,beb5291d-dbec-4111-915e-98a5bfc2a8c4
1978,1978,Annika,Sokkotreffit / Lauantai,254c6319-7c21-4231-ac57-aa741dfc4e39
1978,1978,Annikki Tähti,Sörkän ruusu / Katupoikien laulu,9d5358dd-47a7-4ba1-9cd0-9d037df09cee
1978,1978,Anny,Als 'n nachtvlinder / De postbesteller,1ae33ba3-93ec-4c7d-ae79-f65c809dc442
1978,1978,Antares,Arabian Dance,fcb2d1ec-2b67-4aca-82fb-176dcf8ec479
1978,1978,Anti-Social,Traffic Lights,77e466f5-c9fb-35c3-bc8d-92d871cbd725
1978,1978,Antonia,La Bamba,3321a62a-bad0-4720-9b4d-aaccbd77ce33
1978,1978,Aquarian Dream,You’re a Star,28c7ae34-247f-46ba-9d43-c957334c58eb
1978,1978,Arabelle,No Smoking,3adb256f-7071-4eba-a881-6f64b08088ee
1978,1978,Arabesque,Buggy Boy,40ffc900-962e-4068-8838-a32ac4b298f7
1978,1978-09-25,Arabesque,Friday Night,8cb92b71-4a07-41ac-85aa-ae9555c1008c
1978,1978,Araxis,Araxis Space Ship,f4730f11-f9ae-4ee6-9345-798cdc250c5c
1978,1978,Arie Ribbens,Kruus kot / Mijn kleine Nathalie,136fd820-e75f-42a0-9db5-150254ee0dbf
1978,1978,Arpeggio,Love and Desire,1cf684bc-b8cd-40cd-b107-b63e2407da60
1978,1978,Art Garfunkel,(What A) Wonderful World / Wooden Planes,7aeb418e-95c0-4a9e-aabe-5142d162cc9e
1978,1978,Art Garfunkel,Bright Eyes,697358e4-283a-3346-a5d4-43d7e197eb56
1978,1978,Art Sullivanet le groupeCash,Fan Fan Fan,7df88ae7-7f20-4915-a07b-6c46af8e0731
1978,1978,Arte & Ofício,Come Hear The Band / O Cargarejo Da Galinha,61bc135d-ebfa-4205-a9df-9329bf2d7511
1978,1978,Arthur Wayne,Happy Go Love,53305f62-0b7c-4fff-bed2-b8e7d265b7f2
1978,1978,Arto / Neto,"Pini, Pini / Malú",6512498e-2c4d-40b0-9373-aff195c2f587
1978,1978,Ashwood,I Need You as a Friend / Drifter's Love,4db47d10-9b4d-4ee0-956f-117b35516925
1978,1978,Asphalt Jungle,Poly Magoo,0d7eb056-8531-492f-8fa1-85c3ba297a5f
1978,1978,Astra,Adieu,4c0478a9-4644-46fe-a784-7aeb7ba2810d
1978,1978,Asu Maralman,Senin Yanında Ve Senden Uzaklarda / Şarkılar Yazdım,1dbb6d6f-a9c3-47e8-8a42-73233fd632de
1978,1978,Atlanta Rhythm Section,I’m Not Gonna Let It Bother Me Tonight,997a7cdc-4687-4b5f-bfb4-15bf8638f481
1978,1978,Atlantis,De twaalfde april / Drijvend op een wolkenbed,f54d4c4d-4101-407f-a163-4b86f9327a4b
1978,1978,Attrix,Lost Lenore,89156e60-8912-4c23-9202-7a04f5c11acc
1978,1978,Augustus Pablo,Eastman Sound / Full Up,90fe363c-8620-4f82-8d57-f65922126403
1978,1978,Aunt Helen,Big Money / Rebecca,1264c355-8878-36f9-adad-a586f5879cae
1978,1978,Aura,Freex (Fre'ak) / Sunshine Love,09b4f713-3262-403a-84a6-0821708956a8
1978,1978,Autographs,While I'm Still Young,e0c9fa16-9463-3259-b5ef-74995b97ee80
1978,1978,Automatics,When the Tanks Roll Over Poland Again,9c7091f5-cd30-35a5-a458-3b6d8a10b41f
1978,1978,Axxe,Rock Away the City,06c28c98-eb59-431b-8bf0-c9ae67acd4e8
1978,1978,Ayisha,Space Man,9f75ab31-7fea-4a0e-bc92-335b9c4f48da
1978,1978,Ayla Dikmen,Onu Bunu Bilmem Kararlıyım / İlk ve Son Aşkımsın,5cf4989c-546d-48f3-b7d8-4083973dd4c1
1978,1978,Aylin Urgal,Sevgili Dostum / Sakın Ağlama Ardından,57fa0f6b-6a6c-4bba-9897-63deccb5fcee
1978,1978,Ayça ve Elma Şekerleri,Küçük Kız / Kar Yağıyor,29c63424-d3d9-42f8-af97-7510c711eb8c
1978,1978,Ayşegül & Mehmet Teoman,Hastane / Yorgun Ve Mutlu,da23e534-fd7d-4611-b8e7-14800effe199
1978,1978,B.B. Seaton & The Conscious Mind,The Morning Sun,032e4b02-9541-449d-87d5-c563f7122e35
1978,1978,Baba,Ali Baba / Boeing 707,653fb183-3128-48e3-a197-398447db3cd0
1978,1978,Baba,Love Is All / B.B.,69150d1f-7f19-4505-b073-b6e05b40b145
1978,1978,Babatunde Tony Ellis,Punky Reggae,e3235715-0d54-3025-aceb-6bdf581febe3
1978,1978,Baby's,Recuerdos / Rosario,c6f27ce3-3b16-4483-83fd-3a703790f5a0
1978,1978,Baccara,Darling,840b0295-652f-30b4-9ac1-a58a8e12b989
1978,1978,Baccara,Granada / Koochie‐Koo,a56f2e16-bc2c-4629-902d-94326134ba2c
1978,1978,Baccara,Parlez‐vous français ?,ef81c70d-aa3d-4b52-b482-9a2b2f2038ee
1978,1978-01,Baccara,"Sorry, I’m a Lady",0670d720-62d0-46c1-b633-53da16846cd6
1978,1978,BAD,Working for the Man,7046d2f7-ded1-4a1d-865d-742fd580ec05
1978,1978-12,Bags,Survive,8e4ca765-9662-357f-a640-51ac5a18d541
1978,1978,Bajm / Ballada,Piechotą do Lata / Wycinanki,67396d16-1963-4568-8f0f-7c66eefcb5b3
1978,1978,Balloon,Summerparty,b81d4be9-6f3f-4ec5-b7a2-986525471c3f
1978,1978,Banyuhay Ni Heber Bartolome,Tayo’y Mga Pinoy / Sonata,684a746b-744e-4b22-9384-5ab00ac92205
1978,1978,Barbara,Les Insomnies,83602c6a-6f15-4a4d-893f-61df122f0832
1978,1978,Barbra & Bas,Eveline / De tango uit grootmoeders tijd,2f346993-1911-44fa-95a8-97634f0f2107
1978,1978,Barbra Streisand & Neil Diamond,You Don’t Bring Me Flowers,cb485867-d001-4417-88c9-862225aff97f
1978,1978,Barnaby,Do It,a32eae40-8d3f-4426-a27a-2c039836b77a
1978,1978-05,Barry Alexander,Flown Away,41919feb-b8c7-49f1-b6b6-b2f54eac3321
1978,1978-01-20,Barry Manilow,Can’t Smile Without You,c2500607-e0ba-4473-a27d-d0d340b4dd59
1978,1978-04-10,Barry Manilow,Copacabana (At the Copa),a8ecb32a-c8b8-4c7a-8910-31542d2f8805
1978,1978,Barry Manilow,Copacabana / Ready to Take a Chance Again,f136be5c-717c-4b7e-91a5-88cde0f4f195
1978,1978-04-14,Barry Manilow,Even Now,103f5ae7-79da-415b-bb34-581fa3f4566d
1978,1978,Barry Manilow,Even Now / Copacabana,740dd281-6278-48b7-8073-d72dc9d90066
1978,1978-08-02,Barry Manilow,Ready to Take a Chance Again,bdcd9262-d19e-459a-b452-9fb2fc224183
1978,1978-11-29,Barry Manilow,Somewhere in the Night,2eb6e0bd-f736-4300-8f39-729b5e4c7d9c
1978,1978-07,Barry Manilow,Somewhere in the Night / Copacabana (At the Copa),ac69cc33-c08c-4752-a9d6-3b4e526ab1f3
1978,1978,Barry Manilow / The Rolling Stones,Copacabana (At the Copa) / Respectable,3506d12b-78cc-4318-8796-d2daa597ce05
1978,1978,Barry White,Just The Way You Are,8db30781-2701-4e13-aef5-85499bc267b5
1978,1978-07-18,Barış Manço,Lale & Barış,67606468-e9f8-4100-8d04-09d440fe7c8e
1978,1978,Barış Manço,Nick the Chopper / Lucky Road,ba25efb0-fc72-4ea9-9f2d-bedfd4b2450a
1978,1978,Basta,Abortus Vrij De Vrouw Beslist!,405ddeef-c3a0-4a72-bae6-335978643041
1978,1978,Basura,No seas lesbiana mi amor / Esperando en la puerta del WC.,498f5126-cfb7-40fe-a486-b994ef256826
1978,1978,Bata Illic,"Sehnsucht (nach einem, der Sehnsucht nicht kennt)",ebc8fb07-5210-4d81-883e-c59858ddb864
1978,1978,Bears,Insane / Decisions,58ddc9b0-109c-4216-80ff-ba8bad6f3c22
1978,1978,Bears,On Me,f10bd228-fe31-437b-abd4-3501a9e5bf7a
1978,1978,Beatriz Adriana,Mátame / Así está bien,cc40ddc9-5752-440c-a393-6659b022e6ae
1978,1978,Beaugarde,I Ain't Got No Leg / Livin' in a Dream,ddd7788f-6f49-47ba-8aca-fb1cc7cc092f
1978,1978,Beautiful Bend,Boogie Motion / Make That Feeling Come Again,7cc59d66-5e14-4b11-8d2c-3741d5bb528b
1978,1978,Beautiful Bend,That's the Meaning/Boogie Motion / Make That Feeling Come Again!/Ah--Do It,d1889d74-21a1-4424-ad48-6693ff244147
1978,1978,Beauty Pair,青春にバラはいらない,ebe7b901-c7ce-3999-a9e9-f6b78fae0ce2
1978,1978,Bedrock Zity,It's Allright,e7ef8f90-2e58-4b0c-a630-7aba3bdd9824
1978,1978-10-24,Bee Gees,Too Much Heaven / Rest Your Love on Me,37f711b7-0502-3152-a52e-007aef9bcdb2
1978,1978,Bell & James,Livin' It Up (Friday Night),ae962dce-1802-4a3a-b2e8-7566c173aed6
1978,1978-01,Bellamy Brothers,Bird Dog,bbdb8905-a6f4-4490-8293-b16a6f1259e9
1978,1978,Belle Epoque,Bamalama,dbd2edef-9af7-43ec-a2d2-3205fa043015
1978,1978,Belle Epoque / Duty Free,"Let Men Be (Oh, Yeah!) / Rock Pie (Medley)",647e4ca4-032b-4935-8424-1d99f2f6fbb6
1978,1978,Ben Benson and S.W. Selection,Pretty Little Rosaly / Call It Love,bab1ac96-6f3d-49f2-b84e-4b627aba33ff
1978,1978,Ben Colder,Lucille #2 / Senior Citizen's Lament,901e93cc-70ec-487d-af74-335c99f48136
1978,1978,Ben Cramer,Gelukkig zijn / Vijf uur ’s morgens,75ada1a5-0728-4364-8880-3b71bfc1a8e8
1978,1978,Ben Cramer,I Love You Signorita / Merry Go Round,49608c11-8f39-4230-88bb-b3bb8cfb09e0
1978,1978,Ben E. King,Spoiled,4b11a0cf-558f-45bb-8fc8-70310eb3bf64
1978,1978,Ben Mol,Mijn zoon / Al is het maar een beest,415bd6c1-d7f8-4591-8678-fa79609c2311
1978,1978-03,Benny,Bin wieder frei (Ça plane pour moi),f575756c-3057-419f-be12-7dde7ba97ae2
1978,1978,Benny Neyman,15 jaar,5403fb96-3403-4670-a664-b414fe68e69f
1978,1978,Benoît Kaufman,Johnnyrama,e0ab48a5-7bdc-449a-8578-38bdbbe67c47
1978,1978,Berluc,Computer 3/4x,30969f71-9fba-4fad-b4f8-ac36dacf1adc
1978,1978,Berluc,"Hallo Erde, hier ist Alpha",57fe69bb-bd8f-4396-b0a1-199c39dae967
1978,1978-03,Bernd Clüver,Hinter deinem Fenster,6d773934-c22c-4a7e-a92f-3de2e7a2bac0
1978,1978-10,Bernd Clüver,Mexican Girl,9606cbc9-2e6a-4561-83d9-dc2dc95b7c7a
1978,1978-04,Bernhard Brink,Alles braucht seine Zeit,c30899c1-001b-4047-a2ad-d71a8ece3c80
1978,1978-02,Bernhard Brink,Bevor das letzte Glas zerbricht (Einsamer Hirte),8bd6418b-4801-476c-bd13-346b8b0e2f5f
1978,1978-12,Bernhard Brink,Hab' ich zuviel verlangt,004e87da-4830-4453-b5b2-5d28ab493ebb
1978,1978,Bethnal,Don't Do It,21a85bc9-30bf-404a-90c5-2fd963cba0d0
1978,1978-02-24,Bethnal,We've Gotta Get Out of This Place,c14858bf-cb45-418f-9dbc-2515e2a118c9
1978,1978,Beto el Boticario y los kimikos,"¿Qué haré? / Quiero, quiero",dcc19ff9-da22-4352-ad29-8883e3f236ab
1978,1978,Bette Bright and The Illuminations,My Boyfriend's Back,297863a6-8f59-443b-b387-8ae4ee67998e
1978,1978,Bettye LaVette,Doin' the Best That I Can,e10850ca-e375-37b2-b7d2-5cd2ea942041
1978,1978-05,Be‐Bop Deluxe,Electrical Language,53045c8f-f4b1-33d2-89a1-e8fa862c5a31
1978,1978-01,Be‐Bop Deluxe,Panic in the World,6b192323-71b4-33f2-858a-0f7b27262b0a
1978,1978,Biddu Orchestra,Journey to the Moon,75fa6491-1f8f-4b09-95dc-6ac014337cb8
1978,1978,Big A,Caribbean Air Control,2deab1f1-df29-409d-bb5e-8e82832e64bd
1978,1978-10-27,Big A,Fly On UFO,40a8ab90-6ece-4883-b04e-d3700d77fef8
1978,1978,Big Bill,Sit on It / Bobo,b69c2238-d804-4e62-9505-acc6550e31a5
1978,1978,Big Star,Kizza Me / Dream Lover,7187fd86-2630-4b1c-90b9-856f85091ba2
1978,1978-11,Bijou,Betty Jane Rose / Tout va très bien,28db720b-a492-457c-a4b5-af15fc6066c5
1978,1978,Bijou,OK Carole,dee18426-d173-4be2-99c8-ff7cf186a96a
1978,1978,Bill & Boyd,So Sad,8c4ff773-4e3a-4c51-94bc-f08c78d60580
1978,1978,Bill Anderson,Married Lady,f984379f-662e-403f-89fb-ed1440cb525c
1978,1978,Bill Cate & Boyd Robertson,Hold Tight,f8e2bb20-abfd-4d91-a2ba-ee8cd0f283f4
1978,1978,Bill Summers & Summers Heat,Straight To The Bank,098a1816-39c2-462f-8e13-77933ef361c9
1978,1978-08,Billie Jo Spears,'57 Chevrolet / The Last Rose of Summer,6f666cf7-0ad2-4db8-a048-f659895be3a4
1978,1978-05-27,Billie Jo Spears,I've Got to Go / There's More to a Tear (That Meets the Eye),432ab69f-ed3b-4eba-9271-0ec1f9769f5a
1978,1978,Billie Jo Spears,Love Ain't Gonna Wait for Us / Say It Again,7c59a090-fad0-4219-86de-01933f8d4e17
1978,1978-10-28,Billy Joel,My Life / 52nd Street,4703d188-32a6-4f8b-82bd-8d59a887e4c4
1978,1978-05-20,Billy Joel,Only The Good Die Young,ddaf6474-1bb7-4e4f-be84-6f817261b434
1978,1978-07-20,Billy Joel,She's Always a Woman,0661d3de-a199-433f-836c-492e41b6fb6b
1978,1978-08-05,Billy Preston,Disco Dancin',2bb092f7-b7f4-4c22-bbcc-91cfcb106ecb
1978,1978,Billy Walker,It’s Not Over Till It’s Over,a872a312-341f-48fc-8cc8-499387a49d14
1978,1978,Billy Walker,You’re a Violin That Never Has Been Played,19e68116-558e-4dac-aebc-4eda055d3736
1978,1978,Binky Baker & The Pit Orchestra,Toe Knee Black Burn,08d9a79f-a40e-4551-923f-8472adb6df7b
1978,1978,Bino,Mama Leone,2f86536e-2cef-42e3-a32e-ab10dc57c466
1978,1978,Bintangs,Mush Mouth Milly / Big Black Tank,b7c49b38-f0df-4e7e-bac8-5e252c6325d9
1978,1978,Björn Afzelius Band / Nationalteatern,"Kamrater, bodenarbetare! / Rädda varven",6f37cba4-72d3-3410-9370-170400cde7ca
1978,1978,Björn Skifs,Det blir alltid värre framåt natten,5e02289f-618e-43f3-9e2f-422f1112113e
1978,1978,Black Death / The Spins,Wake Up / The Valley of Temples,4be6efda-85ad-43d6-9c44-2a18bb5bb15e
1978,1978,Black Flame,A Letter from a Dead Friend,b12833cf-2cdf-4068-bfc8-53bb2da9e323
1978,1978,Black Hole,Flash-O-Disc,13904407-d31b-448b-9cc3-fdfbb9c4733e
1978,1978-10,Black Sabbath,Hard Road,c7c2a0c1-c486-4fbe-87ab-d72a883b49ad
1978,1978-03,Black Sabbath,Never Say Die,1f60c67f-8b1c-4c72-aeea-fddd2fbc94f0
1978,1978,Black Stalin,Play One / Caribbean Unity,2b86e85a-98da-44d9-a9fb-1572be113561
1978,1978,Blitzkrieg Bop,U.F.O.,3f7b91a5-c537-48b7-928e-2877dac4f366
1978,1978,Blonde on Blonde,You Can Call It a Miracle,790a957d-6ba4-4094-9507-246d8f3f89a2
1978,1978-04,Blondie,(I’m Always Touched by Your) Presence Dear,29183476-47ac-4831-84c0-959663778fd9
1978,1978-02,Blondie,Denis,dabb75a8-77a6-3232-9072-7f430bb9adb9
1978,1978-10-30,Blondie,Hanging on the Telephone,33055cb4-ff91-41e8-8d5b-28e0f0b2f28f
1978,1978,Blondie,Heart of Glass,09118e55-5331-316b-ba4e-58d2ecac0bbb
1978,1978,Blondie,I’m Gonna Love You Too,40d50525-8401-4b07-926b-7c1b9f41286a
1978,1978-08-26,Blondie,Picture This,d2390797-634c-46f0-95d8-09dc04ac8c68
1978,1978,Blondie,Sunday Girl,e5ba920c-e3fa-3be1-92cd-580ab5a5d84f
1978,1978,Blue Öyster Cult,Godzilla Live,78422a59-ab5b-4b44-bdc3-71025ef2b6a5
1978,1978,Bläck Fööss,Danz Mädche danz,bf080313-43c3-4ac9-97cd-cffabaa69dee
1978,1978,Blåblus,Då dansar Angela,69e0e57a-1c37-4a69-871c-84bd6de21fff
1978,1978,Blåblus,Na Na Hey Hey Kiss Him Goodbye / Galaxy Take-Off,85cba8f2-9fc7-4232-936c-dc03218801c4
1978,1978,Blåblus,Na Na Hey Hey Kiss Him Goodbye / Galaxy Take-Off / Concrete and Clay,af5f3df4-8a54-4fe3-af0e-e0373d59254a
1978,1978,Bob Dylan,Baby Stop Crying / We Better Talk This Over,957c4c08-ac1c-4ed9-8cdd-c2435dac6828
1978,1978,Bob Marley & The Wailers,Rastaman Live Up,5c121dc1-c52b-4f4a-b02d-2747a9d0249c
1978,1978-05-26,Bob Marley & The Wailers,Satisfy My Soul / Smile Jamaica,a28e6568-f216-429b-9741-f02e9622c28a
1978,1978,Bob McGilpin,Superstar,2cd17ced-d196-4c69-9d40-ee862ac52734
1978,1978,Bob Morrison,You Decorated My Life,5ceec771-82a0-446c-9b43-0019a169a966
1978,1978,Bob Seger & the Silver Bullet Band,Old Time Rock & Roll,1d77c914-2930-4cbf-a3a5-2e7c810905dd
1978,1978-05,Bob Seger & the Silver Bullet Band,Still the Same,a88ef491-691f-4e66-87d7-455c2710054e
1978,1978,Bob Seger & the Silver Bullet Band,We've Got Tonite,9da6de91-6a65-40e4-ad9b-1bb2dbbdc375
1978,1978,Bobbejaan Schoepen,Als ’t vriest in Madagascar / Ik geloof,bf541513-bb9e-4dc5-b376-29b9afe9a388
1978,1978,Bobbi Blake / Dick Kent,Love Will Last / When You March Down The Aisle Of Your Dreams,e6cffe2d-d050-461c-96cd-6b7bf25561c5
1978,1978,Bobby Bare,Healin’ / Love Is a Cold Wind,37615d7f-5ac9-4a32-8bf2-1ff5e20acf89
1978,1978,Bobby Bare,"Sleep Tight, Good Night Man / Hot Afternoon (Arizona Desert)",d97ed5cf-8647-4b03-b741-2d5fa5b928bc
1978,1978,Bobby Bare,Too Many Nights Alone / Yard Full of Rusty Cars,49191edf-0b70-490e-bfa0-5dbb247a4b38
1978,1978,Bobby Caldwell,What You Won’t Do for Love,662188d8-9fd2-4ad5-8b0f-76383eaebc1d
1978,1978,Bobby Solo,Una Lacrima Sul Viso,5bb029a5-b537-4777-bdd9-f2f3dd72102d
1978,1978,Bog Ugly,Disco Veteran,c0daa5b1-dcd0-396c-8bf6-295d504bfd02
1978,1978,Boiling Point,Let's Get Funktified,0cde300c-ea92-40be-8853-87ef738768d6
1978,1978,Bolland & Bolland,Hold On / Outlaws Paradise,b6ea7eb8-1fa4-4142-a35a-e4ae21a0ea28
1978,1978,Bolland & Bolland,Spaceman / Young Girl,c7b76c3a-78ec-42d5-af3b-e9f40d07504a
1978,1978,Bolland & Bolland,UFO (We Are Not Alone) / Funkadelic Man,65d37b7d-a2f1-47b0-a63b-732cda4cec2e
1978,1978-11,Boney M.,Mary’s Boy Child / Oh My Lord,e62aa9e6-43ca-3e55-b172-8ecef322d25f
1978,1978-08,Boney M.,Rasputin,607925d0-5bff-3ec7-b3c8-8c93c6d8d99d
1978,1978-04-03,Boney M.,Rivers of Babylon,1a204092-bf1d-4c30-889c-d795ad7e462a
1978,1978,Bonnie Pointer,Free Me From My Freedom / Tie Me to a Tree (Handcuff Me),0de397a5-1baa-397e-aa14-0c693632279b
1978,1978,Bonnie St. Claire,(Don’t Let Them) Stop the Music / Do You Feel Alright,f6249ad7-1ab7-4357-96df-66c9eac533f4
1978,1978,Bonnie Tyler,Here Am I,626be208-6b98-47fe-a436-347dd0cead73
1978,1978,Bonnie Tyler,Hey Love / It's About Time,28726cea-f1b3-4a29-835c-287a69b742ec
1978,1978,Bonnie Tyler,If I Sing You a Love Song,02da6bca-750d-4625-aa40-adfb8b4ac741
1978,1978,Bonnie Tyler,Louisiana Rain,3f7f4747-6eaa-4938-82c2-33aab12a35bf
1978,1978,Bonnie Tyler,My Guns Are Loaded / The Eyes of a Fool,0da7926e-2125-4c26-a6cc-8529a079d94b
1978,1978,Bonnie Tyler / The Eruption,It’s a Heartache / I Can’t Stand the Rain,a0f4bff4-67ea-41fe-a2f8-055109279331
1978,1978,Bontjie Stars,Ik lust geen paling,8d5a3176-e019-4929-b940-e243293d3848
1978,1978,Bontjie Stars,Ma-Di-Wo-Do,e9618dff-f9ec-3e8a-b28d-386382a679d7
1978,1978,Boomerang,Yeti,b33d3c5e-bf02-490c-bba7-1a588f4af1c4
1978,1978,Boontjie Stars,Jongoe boi oen drai oen liebie,3ad247e8-ea63-44fd-9703-37f5dfd16633
1978,1978,Bootsy’s Rubber Band,Bootzilla,df1a5620-37d5-4ff4-be6d-67e15d01b2e4
1978,1978,Bora Ayanoğlu,Sevgi Var Ya / Dostlar Sağolsun,789f7115-cf05-47bd-8894-32da0fb18f29
1978,1978,Boro,Mustang,22604ae3-e82f-40a3-a5fc-a9e844a90722
1978,1978,Boston,A Man I'll Never Be,cde9cfac-c407-483e-a4ea-59e4e938fbce
1978,1978,Boston,Don't Look Back / The Journey,a02eb7e0-4826-43bb-a8fb-495ece68d8d7
1978,1978,Boy and the bo-boys,Basta basta finito,33b45000-ad39-425d-aa54-d09ec5c5da0d
1978,1978,"bpNichol / Ann Southam, sean o huigin",Appendix,136ee2f7-2e84-441c-91da-b05be1a0ebfb
1978,1978,Brenda & Herb,I Who Have Nothing / I Wanna Make You My Sweetheart,9a5a127b-29f7-4a27-8f9c-73a2de7e5cec
1978,1978-03-31,Brendan Quinn,I Can Almost See My Home Town From Here,f9642c5d-b741-444f-97e6-469b7f63219b
1978,1978-01,Brian Eno,King’s Lead Hat,1b513229-c00f-40a7-8833-70eded8fd8ff
1978,1978-06-16,Brian Murphy,Jogging,58cb235d-b881-46f9-a28c-1fad7036a4c8
1978,1978-08,Briard,Fuck the Army,e779b394-f919-3f08-9d02-ab436e4ee372
1978,1978,Briard,I Really Hate Ya,99667810-e215-35ec-86bb-2c58b8cd2725
1978,1978,Brighter Side of Darkness,He Made You Mine / Disco Ball,6a7e9980-bc51-4614-9ab5-f5cda9fc0dd1
1978,1978,Brimstone,Final Judgement / Final Dub,ef7e1273-84bc-4e4e-bd17-bf4ff5eced03
1978,1978,British Lions,Wild in the Streets,325a186b-8cc0-4487-9700-1fad1f2d662c
1978,1978,Brook Benton,Makin’ Love Is Good For You / Better Times,a77d5d2b-8497-4bf5-a5c0-16a1357089d3
1978,1978,Brotherhood of Man,Beautiful Lover,f704af0e-95b1-45b6-82a7-853d0cccc88e
1978,1978-09-15,Brotherhood of Man,Middle of the Night / When Summer's Gone,2dfe3c7d-87a5-4460-8b77-df5d0355e92b
1978,1978,Bruce Low,Die Legende von Babylon,4c5dc714-19d3-4070-89af-44594bedbea6
1978,1978,Bruce Low,Jericho,2c9d1fb5-d201-45ae-aa55-c1684f4779ec
1978,1978-07-21,Bruce Springsteen,Badlands,bf9ab1d2-0a51-4028-a3cc-f6e550d85992
1978,1978-05-23,Bruce Springsteen,Prove It All Night,39c7551b-7b87-49e2-ba5f-3827db4bd7ab
1978,1978-10-27,Bruce Springsteen,The Promised Land,f6ce36e8-9cf1-4a71-a751-8670a7798bcd
1978,1978,Bruset,Radio Aktiv,c5d18963-7c78-3f1c-a5ae-e99148603743
1978,1978-11-06,Bryan Adams,Let Me Take You Dancing,fee1f2fe-22bf-43e3-a88d-581a32d0760e
1978,1978-11,Bryan Chalker,Simple Gifts (Shaker's Song),292e0254-c6b8-49ba-8eed-b92ea10f47fa
1978,1978,Bryan Ferry,Sign of the Times,783ada57-04ed-467f-9bf2-85fa18bfa90e
1978,1978,Buco I Srđan,"Tražim Te, Trebam Te / Petrunjela",9d0aa597-bcc1-43ce-b51a-6d2c52a019cd
1978,1978,Bulldozer,Il était une tranche de foie dans l'ouest,d87001c7-2b12-362b-9d26-ce183570e916
1978,1978,Bullets,Girl on Page 3,25da3105-da06-3662-ba8b-f4cc9ed81897
1978,1978,Bullie Balou,Choo-choo Train,5de84595-d607-437f-99cf-e6d23eef6ac4
1978,1978,Bullie Balou,Doe de balou,be02b769-181f-4393-845b-6d8e5fbaa534
1978,1978,Burl Ives,It's Gonna Be a Mixed Up Xmas,21cd4f9b-ab05-469f-80f2-032c1c1e6da8
1978,1978,Burning Spear,Civilised Reggae / Social Living,6dcd6e25-64cc-4d65-9a1b-19b268098bdc
1978,1978,Burton Cummings,Break It to Them Gently,36b68567-09b7-49c5-9736-a72639e88b18
1978,1978-09-08,Buzzcocks,Ever Fallen in Love (With Someone You Shouldn’t’ve?),62e1e0f8-ad03-3af4-93b9-e59ffddf75d0
1978,1978,Buzzcocks,I Am the Amazing Buzzcocks 12″ Clear Vinyl Maxi Single,246da55a-05ae-4fe3-b9d1-8fb600367a93
1978,1978-04-14,Buzzcocks,I Don’t Mind,b1252aaa-3435-34e0-8be3-27cf015487cc
1978,1978-06-30,Buzzcocks,Love You More,32c5a9b3-acc0-4f9d-ac7a-603b379419a9
1978,1978-05,Buzzcocks,Moving Away From the Pulsebeat,545cd780-3fc2-4abe-a53b-49a56ae90cc0
1978,1978-11-17,Buzzcocks,Promises,972d3dc4-d46f-4e5a-928d-6675291e06cb
1978,1978-02-03,Buzzcocks,What Do I Get?,7475c9a4-a735-4301-bca0-67b2210b114d
1978,1978,BZN,Das Lied am ende der Show (The Clown),94a7609c-d7ee-4ddc-a9d8-d6c91c3d57a6
1978,1978,BZN,Felicidad,3ce88199-e6cf-4fd3-89d9-6acf58101243
1978,1978,BZN,Lady McCorey,e9b4c3ed-52ec-4d67-be6f-76696a21c58e
1978,1978,Bülent Ersoy,Bir Tanrıyı Bir De Beni Unutma / Aşk Duası,873bf74b-d9a6-4232-b971-252587a8a401
1978,1978,Cab Calloway,Minnie the Moocher / Chicken Ain’t Nothin’ but a Bird,99757eb3-874f-4235-8cf5-5e3d0486cb54
1978,1978,Calyx,Western Express,bcc172ad-f22e-4fe9-81a2-285ac0a8a7f9
1978,1978,Cambouis,J'attends qu'elle ait ses 15 ans / T'entendras parler de moi,27023421-075f-4639-8baf-d187661051f4
1978,1978,Cameron,Close Encounters of the Third Kind,5cdb3f50-0832-4d55-b936-9f82182f06d0
1978,1978,Camilla Ståhle,Tien selvemmin nään / Vie vain,bb225459-8ea6-4962-9946-92f52747fa00
1978,1978,Camilo Sesto,Vivir así es morir de amor,35b3974b-94f0-4c28-b23f-c327f31c5cc0
1978,1978,CAN,Can-Can,33eac78f-44fd-4cd5-a779-da845560f031
1978,1978,Candlewick Green,Who Do You Think You Are?,5ed3ef84-e692-412e-9d54-1dda028a1455
1978,1978,Captain & Tennille,You Never Done It Like That,943b3848-423d-4b46-8df3-5a6cb38fe360
1978,1978,Captain D.J.,Disco UFO,15a298fb-e973-4a90-a4a4-40f78eeef933
1978,1978,Captain Sensible & The Softies / The Softies,"Jet Boy, Jet Girl / Children of the Damned",36f8255e-6a03-4309-811c-c4a3c8d3da86
1978,1978,Captain Sky,Super Sporm,de27e300-8064-471a-8d70-7ada2bf5c0b9
1978,1978-03,Carl Perkins,Blue Suede Shoes,007b047d-0e7d-4e9f-8428-dc4b04280e10
1978,1978,Carl Perkins,Blue Suede Shoes,c336e820-5c24-4b48-9600-6425e6ab3a77
1978,1978,Carlos,"Dis bonjour au monsieur, dis bonjour à la dame",ceefbb64-8d0e-4891-8b13-e143ab884ed6
1978,1978,Carlos,Je suis indécis (hou la la),df674094-147f-4a90-8f8f-7c855822b034
1978,1978,Carlos,Rosalie,966812fa-0abf-4ecc-beed-d44a9f590c41
1978,1978,Carlos Guzmán con el Mariachi Vargas,Basta de tu amor / Siempre seras mia,0998d29b-5579-4027-9d2c-63ae2e150f9e
1978,1978,Carlos Guzmán con el Mariachi Vargas,"Martin Moncada ""El cuatrero"" / La entrega",09bd388b-a524-410c-9bf1-bb0fbbaf1f10
1978,1978,Carlos Guzmán con Los Super Jets,Con caritas / Ya no te acuerdas,1cec9bcd-c453-47fe-89ac-0798a8ec43af
1978,1978,Carlos y José,Contando billetes / Pajarito prisionero,2bf4522d-3c04-4397-addf-7f2ce016ca5a
1978,1978,Carlos y José,Mi piquito de oro / De ésta sierra a la otra sierra,615bee8a-078b-4b64-ba04-fa394de50fbb
1978,1978,Carlsberg,How Can I Say,4a1be415-d0e8-4ad0-9705-1a7b4b018893
1978,1978-08,Carly Simon,Tranquillo (Melt My Heart),98c976be-de99-42ca-92d2-b99d6629ec3b
1978,1978-05,Carly Simon,You Belong to Me,f3e2a230-4812-4cca-accd-fee860efaa74
1978,1978,Carly Simon and James Taylor,Devoted to You,c26f6722-e602-4e4f-a887-7f13c5707fd5
1978,1978,Carnival,Le Tanga,034ea06a-ea61-429f-8a93-758909778996
1978,1978,Carole King,Disco Tech,ceea9024-5223-4764-b767-dbbb1ec07e04
1978,1978-06,Carole King,Main Street Saturday Night,272e3609-622e-4b12-a566-eb117ba10cfe
1978,1978-11,Carole King,Morning Sun / Sunbird,b1be3e6b-9493-4799-bc7f-0ff23aebf6e1
1978,1978,Caroline Crawford,Coming On Strong / Caroline Breakdown,30f0040a-2fad-45b1-955f-3f0bf494b714
1978,1978,Carolyne Bernier,My Guy,31e2bbdc-2f50-4e51-9049-301df6af945c
1978,1978,Carolyne Bernier,Whatcha Gonna Do,c0f44ae5-6886-494a-89fa-7fe12560c269
1978,1978-02-18,Carpenters,"Sweet, Sweet Smile",a0a79915-33f9-49d0-8d29-aa661d05e810
1978,1978,Carrie,Take a Moment / I’ve Got a Feeling,b7d6b689-c436-4fe6-bbf7-93f285b33f4d
1978,1978,Carrie Cleveland,Make Love to Me,d25f4bc1-ad67-483f-b5da-43a203ff2ff5
1978,1978,Cassonade,Si j’avais un char,c68b3b67-3fd3-4003-987f-e010ed416061
1978,1978,Cat Stevens,Father and Son,290d3a29-3812-425e-aebe-433589153ae6
1978,1978,Caterina Valente,Manuel,e24a7973-9a47-4c91-bdb8-1cb35aff3945
1978,1978-12,Catherine Ribeiro,La Ville à prendre,fce5b907-2a7f-408d-bfb2-6e07e990172a
1978,1978,Caufner-Schwestern,Laß dieses »He«,9a032729-9daa-44f4-8d42-ea0a103164f1
1978,1978,Cazz,Let's Live Together,5dc77847-475d-44cd-8518-289ff5e0fbf4
1978,1978,Cees Alleen,Meisje in je spijkerbroek,09f95e2d-6158-437c-9073-e560365fe3d0
1978,1978,Celebration,Almost Summer,6536108c-95d4-435b-9909-60b6417e9ca7
1978,1978,Celebration,Almost Summer / Almost Summer (KRTH 101 version),b159468d-6199-49b0-a2e4-abde540d9f40
1978,1978,Celebration,It's O.K.,ac8a663a-8dfb-4003-be53-0631b24efff8
1978,1978,Celebration,Summer in the City / Island Girl,8c25a4da-4852-4fe9-9d7b-554bd33340ca
1978,1978,Cellophane,Super Queen,9c24e2c2-d24d-4a7d-8a14-a166b3437f78
1978,1978,Central-K-Jazz Band,Madongo Biro Ponte / Mzee Jomo Kenyatta,dac619fd-aac6-474e-b6fa-c408e3879e85
1978,1978,Centrum,"Komm, wir fahren mal raus",4df1e18b-4458-4e7d-a21b-5edaf294c45c
1978,1978,Century,Highroad,f57b9e78-1834-4a3c-8400-5f83d49027fb
1978,1978,Cerrone,Give Me Love,2c3dbe85-cd42-4435-a817-905b074e9cff
1978,1978,Chacha Saavedra,Te devuelvo tu cariño / Cuando pase el tiempo,56887fa3-ea8d-42f2-ae4d-ad7325636add
1978,1978,Chain Gang,My Fly,26cfecd9-26f3-3e46-a703-4bd2a388c921
1978,1978-09,Chaka Khan,I’m Every Woman,dcdce7b7-9a2c-4b89-9315-ec8e99452f04
1978,1978,Chaka Khan,Life Is a Dance,53605ab9-11e1-4694-a2d8-d3cdbaa06d50
1978,1978,Chalawa,"Hop, Skip and Jump",71a4d1d5-a03d-3ca6-9d8c-bc7cf1edc016
1978,1978,Chaliko,En aquel lugar / Ya no me busques más,07a06d3a-0bf2-4026-a125-22a8b068dfce
1978,1978,Chantal,Bizet Come Back,29e38c50-be02-40c5-881e-34d582f5a524
1978,1978,Charanga 76,Regresarás,4c41c76b-926a-4f9b-8e88-d8079787f039
1978,1978-12,Charles Aznavour,Ave Maria,5ae3341b-861d-4885-847d-4d90024783fc
1978,1978,Charles Aznavour,Dieu,ca959bd5-78a3-49c9-90a4-6f65439e1f93
1978,1978,Charles Dumont,"Dis, cette mélodie",9caa4e22-fa0a-45a3-b536-27560dd90319
1978,1978,Charlie Ainley,Bang Your Door,19543868-fccb-46ed-b06f-3efd3175ba12
1978,1978,Charlie Ainley,I Don't Need No Doctor,e007e5be-8521-497e-a2c4-ebc47042c329
1978,1978,Charlie Rich,I Lost My Head,b50e8d9d-19b4-43b6-8799-7052fbc4a860
1978,1978,Charlie Rich,I Still Believe in Love / Wishful Thinking,67dfd743-8c69-4fa1-9d4b-8a29f86ab9bc
1978,1978,Charlie Rich,I’ll Wake You Up When I Get Home / Salty Dog Blues,8a5c0675-e65c-4f12-8526-977f41ef4b98
1978,1978,Charlie Rich,Puttin’ Overtime at Home / Ghost of Another Man,128e5954-27b5-4132-b434-a05dfb3e1de3
1978,1978,Charlie Rich,She Knows Just How to Touch Me / I Lost My Head,7d32bf9f-02d4-4fab-b179-07548d62d416
1978,1978,Charlie Rich,The Fool Strikes Again / I Loved You All the Way,d7aabbdd-34a2-4339-aff4-a7dd5f8b0246
1978,1978,Charly Kriechbaum,"Wir kennan Wödmasta wer'n / ...immahin, mia woan dabei...",a875b2c9-a4b0-405b-979a-7ad04670ecc1
1978,1978,Charo,(Mamacita) ¿Dónde está Santa Claus?,24f28bde-fe7d-4816-98dd-b1f9c3bc1dac
1978,1978,Charo,Olé Olé,7c47cecb-a96a-4be2-9943-6afea4bc7f91
1978,1978,Chatelaine & Goldie Alexander,Je Vis Ma Vie,e5f60c94-1228-4204-a323-981e0589390f
1978,1978-07-28,Cheap Trick,California Man,d2fdd7b0-8f87-4076-ad44-5d6a1e8e140d
1978,1978,Cheap Trick,I Want You to Want Me / Clock Strikes 10,462ab149-aaf7-47c2-bdae-b25bcfff7484
1978,1978,Cheap Trick,Oh Boy,ed0086cd-e479-4f0e-bdb7-b6c1d8a0882b
1978,1978-05-26,Cheap Trick,Surrender,e9dd53fc-1cc7-4e26-9894-804721407524
1978,1978,Cheap Trick,Surrender / Dream Police,0f45df1a-0676-4b88-8f87-758bd1ed23b9
1978,1978,Cheech & Chong,Up in Smoke,037a2ddc-da31-48b4-bfce-2aa32dc5ff0c
1978,1978,Cheetah,We Can Dance (Part 1),c254644e-5760-4a9d-8433-772ef8399677
1978,1978-06-09,Chef Inspecteur Jacques Clouseau et la musique de l’Academie de la Surete,Thank Heaven for Little Girls,12ae47da-ed81-4b5c-b21b-183ad3dc0f78
1978,1978,Chelo Silva con Los Príncipes,Nomás lo que soy / Fichas negras,e80e3334-2582-49e2-be93-a41ed3eb15b9
1978,1978,Chelsea,Urban Kids,f67a8eaf-923b-3c5e-b6ad-25ae276e1325
1978,1978,Chencho Lopez y el Valle Escondido,Tirado en la esquina / Eslabón por eslabón,cba6ade9-9993-4b3f-84e7-859f90495099
1978,1978-07,Cheryl Ladd,Think It Over,f91d777d-c179-4798-b2a7-4f307dd4c8de
1978,1978,Cheryl Lynn,Got to Be Real,7f8494cc-600f-4853-96a8-098fa955cfa3
1978,1978,Chic,I Want Your Love,64310585-7ca3-418d-8123-4caee2779124
1978,1978,Chic,Le Freak / Savoir Faire,f737db4d-5407-3ab7-ae3d-5a157fb8732d
1978,1978,Chicago,Alive Again,602ada53-48e6-4c30-a28a-ab15375b5f4a
1978,1978-01,Chicago,Take Me Back to Chicago,5717d939-eac3-3b85-8ece-d1e0a7a4a194
1978,1978,Chicks Incorporated,Inside Information,8da58790-b8cd-4ce1-9360-01d6d9629395
1978,1978,Child,It’s Only Make Believe,344a9e52-36d4-4df6-973e-2a62d4d7bc90
1978,1978,Child,Still the One,5ec0325e-53f4-4692-be43-887dfde1260f
1978,1978,Child,When You Walk In The Room,e7d34a68-fd21-4570-87ec-e50554856ffa
1978,1978,Chilly,For Your Love,2f06a91b-8423-4b34-b507-675f5bc20a64
1978,1978,China Street,Rock Against Racism,4399506f-bea1-4e32-b90a-6e1fe6459a61
1978,1978,Chris Bell,I Am the Cosmos / You and Your Sister,73ac5cc2-3ec6-4287-a759-c4e097284989
1978,1978,Chris Hill,Disco Santa,f383fbde-487b-4451-8099-2d46a1d6b5f7
1978,1978,Chris Norman & Suzi Quatro,Stumblin’ In,3540bc94-8ab0-34c1-9b3d-5e10fe4de453
1978,1978-01-01,Chris Perry,"Chup Chup Chup (From ""Bhuierantlo Munis"")",7faa7280-751c-4caa-8bb2-1dc67de21bf1
1978,1978-03-17,Chris Rea,Fool (If You Think It’s Over),7c8407ad-3924-4f3e-969f-f6948fc7e248
1978,1978-06-16,Chris Rea,Whatever Happened to Benny Santini?,16511edf-b47e-4a11-8c91-b509c9fb250a
1978,1978-03,Chris Roberts,Du bist mein Mädchen,3d86ab36-c619-423b-83d6-f176d0ae2440
1978,1978-09,Chris Roberts,Ich tausch' den Sommer gegen 7 Tage Regen,dce0ea7e-085c-4310-94b6-7365cd7e1979
1978,1978,Chris Spedding,Bored Bored,ec62a969-9480-4107-a4ed-b2bc0d74feca
1978,1978,Chris Spedding,Gunfight,1fab577b-bcb0-47ad-9998-e6b666533f85
1978,1978,Chris Stamey & The dB's,(I Thought) You Wanted to Know / If and When,88686170-c51d-44a3-ae82-f75a545f3cec
1978,1978,Chris' Debuut,"Houdt 'm vast, katharina",a1dda47f-96da-4753-98f4-3bd9fe3288b6
1978,1978,Christian Anders,Am Strand von Las Chapas,7b757a12-4819-4e87-b256-87fb340fc8da
1978,1978,Christian Anders,Laß es uns tun,be29ee47-5832-4c59-bb66-0a80be53c9c9
1978,1978,Christian Anders,Verliebt in den Lehrer,e9deb84f-7e93-445d-b346-02281ff76fe8
1978,1978,Christie Allen,You Know That I Love You,1d04fe8a-b392-4480-b3d1-f6b6eb39f0b9
1978,1978,Christophe,Un peu menteur,9584fd07-903a-45f3-b926-ddd651651bfa
1978,1978,Christopher J. Trevor and the Gnasher Bashers,What's Oscar Got?,1f22575c-0b62-40d2-b3af-714b1d02f89b
1978,1978,Chromium,Fly On UFO,25a7f4ce-2449-409b-83f5-6cc2e2b1700f
1978,1978,Chronics,Test Tube Baby,c8f845b8-c16d-3493-ab6b-8124b36bb292
1978,1978,Chuck Brown & The Soul Searchers,Bustin' Loose,56d54ef6-031c-4e0d-b2d2-b40a953f9ebd
1978,1978,Chuck Jackson,Tonight's The Night (It's Gonna Be Alright),f76fc97e-6efe-4310-91c2-f5fc1c0cb200
1978,1978,Chór Kibiców i Anna Jantar,Zwycięży Polska / Chłopcy gola,8aa138a9-d392-42be-a189-8f1c86c243c7
1978,1978,Cindy,Het verloren paradijs,a7513a0d-d5d8-458a-9ba1-8aeee7d1ecfe
1978,1978-03-03,Cindy & Bert,Chanson d'été (Liebeslied eines Sommers),79e64227-96c3-48b4-86bd-87e27d5ab2ef
1978,1978-12-04,Cindy & Bert,Darling,51fe4481-4c78-49eb-b9f8-031fd74f7aaf
1978,1978-06-02,Cindy & Bert,Im Fieber der Nacht,c3c5cb58-1a59-4be5-a398-6fb6c3c2a92e
1978,1978,Cindy Bullens,Anxious Heart,71f0c366-1951-4443-a8b8-8390dc56e7f9
1978,1978,Cindy Bullens,High School History,8ef03de6-c1fe-4158-9c75-1403ceb19941
1978,1978,Cindy Bullens,Survivor,dd5b6665-0558-488d-9621-138916b71ea9
1978,1978,Cinecyde,Black Vinyl Threat,bdc777e9-df25-4ac8-81a2-5ac6437ebacd
1978,1978-03-25,Circus,Mr.サマータイム,b82cb11c-0825-363f-a59b-96f342ea0414
1978,1978-07-25,Circus,愛で殺したい,5e3cda00-5799-467c-88fc-9febc7235306
1978,1978,Ciska Peters,El amor / Dans ’n tango met mij,727f5187-fa99-44c3-b8f5-ade96a3fceaa
1978,1978,Citron,Až se vrátí rokenrol • Diskžokej,0e27b43e-9793-4cb2-b4d3-19e6662acbd2
1978,1978,Citron,Tvých sedmnáct / Pantomima reklam,66685df5-5932-403f-836d-e9dc0b5792ac
1978,1978,City,Der King vom Prenzlauer Berg / Meister aller Klassen,ccab2649-9493-4ded-8cd2-ee7d40276c70
1978,1978,City Boy,5.7.0.5.,a1c4c08e-49ac-4043-af2d-0eda6aaddbae
1978,1978,City Boy,What a Night,0721b695-f18d-45a6-9fc8-296fd463882c
1978,1978,Class,Get Your Chic Together,b1af9967-965b-4143-a0a9-3630ef25d35c
1978,1978-03-15,Claude François,Alexandrie Alexandra,ae4a7707-dd7f-4873-a3b3-c787a4264ea7
1978,1978,Claude François,Bordeaux Rosé,de29b3a7-9498-4fab-96e0-456e08dc05c8
1978,1978,Claude François,I'm leaving for the last time,94b186e4-da14-42b6-a986-9719b735d928
1978,1978,Claude François,Les Dernières Confidences de Claude François,192be41e-7500-4411-8d61-c2a0d1fcc45b
1978,1978,Claude Nougaro,Tu verras,ae9f86d9-1785-4ee7-9aed-63ec1c283c63
1978,1978-12,Claudio Baglioni,E tu come stai? / Con te,9f1f9c86-de93-4fd4-a45e-1089698bcb88
1978,1978,Claudio Baglioni / Francesco Sale,E tu come stai? / Per tornare insieme a te,ca565ccc-d0cc-44d0-8471-bac454a7690a
1978,1978,Claudja Barry,(Boogie Woogie) Dancin' Shoes,6e482623-203c-4fbc-a2a2-8fa1420985d4
1978,1978,Clout,Substitute,4763cf50-7c15-4d65-bddd-18debb268b98
1978,1978,Cobra,Looking for a Lady / Graveyard Boogie,626c32dd-9b37-423f-9918-67035b303a51
1978,1978,Cognac,How High,05a4407e-a1c2-458e-b188-022696fad8df
1978,1978,Coisa Quente,Edmundo (In The Mood) / Disco-Bamba,f0981575-ca59-4e31-a85d-e1e0e404eb30
1978,1978-05,Cold Chisel,Khe Sanh,7bb62051-1ea3-4835-9b51-d19808f25170
1978,1978,Collage,Sole rosso,48786827-2316-42ea-bea5-5775cdc8baa1
1978,1978,Come On,Don't Walk on the Kitchen Floor,d600f72b-5016-4625-a7d3-1e52b70605b7
1978,1978,Commodores,Flying High,089976a1-a510-4f1b-836b-3d4cbad9233c
1978,1978-06,Commodores,Three Times a Lady / Look What You’ve Done to Me,487ea9be-d0a9-445a-95f9-735100287e8a
1978,1978,Conny Vandenbos,Dat slepende wijsje / Soms,dd73afa3-319a-4fdd-bddc-a59360acd9e0
1978,1978,Conny Vink,Hallo school,32363f48-6ed5-4306-85e9-90c45ede4fbe
1978,1978-07,Conway Twitty,Boogie Grass Band / That's All She Wrote,48301337-d432-4bf1-bc31-d4205088b907
1978,1978,Corine Roos,Om te leven,de1ebe65-d61e-4078-ac7f-7beed53e1451
1978,1978,Corry,Een teken van leven / In de tuin van het leven,df4a4606-7171-4239-bc5b-9000aea5a7e4
1978,1978,Corry,"Hoe je heette, dat ben ik vergeten / Ik was het meisje…",5eaf9f31-9eb2-4a62-b871-66c641676ca2
1978,1978,Corry van Gorp,Een Hollandse boerenmeid,8d979ba8-ca29-3bdf-87ce-51ec56030669
1978,1978,Cosa Rica Band,Baila,2df241e6-4739-4ae7-99d4-6460b6679b3f
1978,1978,Costa Cordalis,"Anita / Te amo, te amo, te amo",53bdddaf-9196-42ae-a3ab-28cdd178f8a8
1978,1978-10,Costa Cordalis,Du,fe001ff5-0bf1-489e-95d9-75efd12c9fdb
1978,1978-06,Costa Cordalis,"Nimm das nächste Schiff nach Rhodos (I Love, I Love, I Love You)",ec478dec-68bb-4709-9e6d-ce2674b8da7a
1978,1978,Coupé Cloué,Fem'm Kolokinte,62e407e1-7a58-484b-adc5-d4e0463ee257
1978,1978,Crass,Reality Asylum,e5986b67-b448-3a92-926f-375962425e4b
1978,1978,Creedence Clearwater Revival,Who’ll Stop the Rain,7f5d2352-e74f-46d5-9fe9-2a00607dfe0c
1978,1978,Cristina,Disco Clone,3c5b83a1-c264-4333-8ee2-0be94615d2be
1978,1978,Critical Mass,Silver Screen,7bb2fd44-948b-481c-9def-13e75d4eb23a
1978,1978,Cross Island,East of the Apple,f350e3ef-d254-4236-95fc-687c11941066
1978,1978,Crosstown Traffic,Feel the Groove / Clap Your Hands Everybody,87d08ad0-6fa3-4f9c-987b-2be854c8e789
1978,1978,Crown Heights Affair,I'm Gonna Love You Forever / Say a Prayer for Two,785ac170-ecdf-4c1f-80be-21f9a20dec59
1978,1978,Crysbas,Draenog Marw,bc39198d-61d5-475d-969d-de0fc8635191
1978,1978,Cuatitos Cantú,Amorcito bonito / Voy a morir cantando,34b6d18c-a0ce-4969-9dc3-6db0fe51aa01
1978,1978,Cucharada,Social peligrosidad / Libertad para mirar escaparates,8fb73d2a-bec3-4418-afba-afcd305748bf
1978,1978,Culture & Nicodemus / Joe Gibbs and The Professionals,Disco Train / Righteous Train,75abebfa-b2b9-416d-bda2-21aa69c774f1
1978,1978,Cumulus,Tillsammans / Damernas Dans,9d5c9c25-7712-42a3-8f72-39ac811aa098
1978,1978-09,Curtis Mayfield,"Do It All Night / Party, Party",c181daa0-c97c-4995-9ca5-17877a2316e1
1978,1978-02-24,Cyanide,I’m a Boy,b41f579c-e8d7-4058-aada-b70eb6dfad69
1978,1978-06-23,Cyanide,Mac the Flash,a51ecae1-1637-4651-b1a1-bf3aba56ff87
1978,1978,D & M,On The Shelf,70ed6b29-37ef-4bbe-a601-3e49e6698381
1978,1978,D.C. LaRue,Let Them Dance,febe041e-6202-48a2-9eff-5fafd73da7d5
1978,1978,D.D.Mac Off,Le Prof A Mac Off,bed4189b-4f92-45be-9520-c2e46ae563c6
1978,1978,D.O.A.,The Prisoner,9916a1ab-bb24-40dd-a156-14a226c9e126
1978,1978-02,Dag Vag,Dimma / När vården slår till,04589430-3e4d-48e9-b38b-57da6dc43a42
1978,1978-10,Dag Vag,Flyger / Sånt är livet,103b040d-60d0-46e8-8c97-b90fee6c612e
1978,1978,Dalida,Génération 78,d2aaa2c0-f14b-4d7e-a850-b7993dea2d6d
1978,1978,Dalida / Bruno Guillain,Ça me fait rêver,bf2c530d-cbdb-4083-bb94-67e2167f1fd3
1978,1978,Dalton,Soul Brother / Alech,b566865f-c564-4d97-bef4-0357effce7ec
1978,1978,Dalton,Soul Brother / Alech,cf3707e2-8053-4652-a099-904398fb561e
1978,1978,Dambala,Zimbabwe / Visions of War,f31ea022-1bc4-4597-9c2a-0869709d8c0d
1978,1978-11-01,Damon Harris,Silk,0aa8172a-36a9-408c-b63d-0904efccfc6f
1978,1978-07-21,Dan Hartman,Instant Replay,6854d058-0b7c-342c-a9e2-729819e11f5a
1978,1978,Dan Hartman,This Is It / Countdown,56c70db6-1952-4da3-9d4c-c86cbaa9614a
1978,1978,Danger Roads,My Metaphysical Friend,b89cb615-d8fd-4979-bd77-0a980f411fe0
1978,1978,Dani,Lili Marlène,0e08bbf7-ee8d-4ede-87c9-3adec3cf214c
1978,1978,Daniel Balavoine,Banlieue nord,f721efd0-18fb-4a04-9424-dba1601ad4d5
1978,1978,Daniel Balavoine,Je suis bien,49983261-d8e6-422c-bdbc-72299ddc21e2
1978,1978,Daniel Balavoine,Le Chanteur,bd221755-c5c0-41c4-ab54-f542c757a83c
1978,1978,Daniel Balavoine,Lucie,74a5fab2-d250-4873-81e9-b06e81a6007c
1978,1978-07,Daniel David,Ein Schuß Rum In Den Tee,2548b224-869e-4a01-a888-f21e9a2fd8ed
1978,1978,Daniel Magal,Cara de gitana,26fc0176-a34d-47b1-8505-b4b9b3900ef9
1978,1978,Dann Rogers,Looks Like Love Again,679cd730-55c7-47c2-8a98-f82340f4862f
1978,1978,Danny Hensworth,Mr. Money Man,0ac6fca9-f467-4435-b045-9d4ad97a2485
1978,1978,Dansette Damage,The Only Sound / NME,5e3d1cc6-ef23-4e69-8a00-0fc9a144c0f0
1978,1978-01,Darts,Come Back My Love,8010edae-47e4-41d9-8935-8431d7fde65d
1978,1978,Darts,Don’t Let It Fade Away,08c8e524-d035-495b-92bb-1cfe831773ca
1978,1978,Darts,The Boy From New York City,d52ac586-0f50-49e3-a6b4-8b4adac3dda5
1978,1978,Daryl Hall & John Oates,I Don't Wanna Lose You,6df9eb4f-66f9-455f-9bf7-e2d805ddbc45
1978,1978,Dave & Sugar,Golden Tears / Feel Like a Little Love,63f36163-ca4c-4273-88d4-acc06068007b
1978,1978,Dave Edmunds,Trouble Boys,e71bd234-34d7-4f95-8bd6-7d85e749043b
1978,1978,Dave Feinstein,Midnight Lady / Ship on a Stormy Sea,a9f731cd-3794-4d65-b03b-3086527eff24
1978,1978,Dave Goodman and Friends,Justifiable Homicide,0f40ba27-055c-3a11-a439-e8a8e0d6e6c4
1978,1978-01,David Bowie,Beauty and the Beast,ecf15f8c-6b05-4415-b040-1b3e0f1c541d
1978,1978,David Bowie,Breaking Glass,b9f891af-5ca4-33f9-9cfd-430539ba8179
1978,1978-11,David Bowie,Soul Love / Blackout,7b61f4d0-0652-4b57-a5e8-79910ea7f4c9
1978,1978,David Boydell,Wish It Were Me (Dub Dancing),95842740-03c8-3268-b111-490c7df95b13
1978,1978,David Christie,"Don't Stop Me, I Like It",c3396289-61d4-47c9-a816-08eb6754b25d
1978,1978-10,David Essex,Brave New World,0340b8e1-f9bd-4214-b179-5100454c79da
1978,1978,David Gilmour,There’s No Way Out of There / Deafinitely,67fd9a47-e6a3-4ce0-b86c-45c52ce6a6c9
1978,1978,David Johansen,Funky but Chic,e129fc5e-94ea-451e-9610-a14d8f0b8213
1978,1978,David Mc Neil,La Grande Dame de la chanson française / Funky-Punky,ab8a9831-58ba-4d18-ac99-74ffef919572
1978,1978,David Simmons,Will They Miss Me,2f5dce40-14fb-4f82-ace7-866527ccfb94
1978,1978,David Záizar,Pa’ que te acuerdes de mi / Cruz de olvido,efeea7c5-0b62-47ce-880f-a43d91bbddd5
1978,1978,Davis Import,D.J. Devilish (Turn This Disco Hot),8ea53f5f-b493-440f-a5c7-5ddea7452850
1978,1978,Davis Import,I'm Glad You're Mine,c0465851-b056-4842-8bde-670acbb653b5
1978,1978,Day Warren and his Hot R&R Band,I'm Walking / Gold Dust,6a6694a3-4c3b-489f-bfc7-5c70ce978460
1978,1978,Days,Love Only Hurts,0e6a1627-1ba4-4cb7-bf9c-ada55b210da6
1978,1978,De Bläck Fööss,Kaffeebud,97c7a39a-7419-4b99-ba7b-4a02869e9d54
1978,1978,De Bläck Fööss,Weia oweia,2ef5c9ed-43b1-4a47-9aca-7eba797148d3
1978,1978,De Bumpers,M’n doedelzak / Hij is met z’n kontje…,f7a4ad46-28b5-478d-9ae5-206c32b37f0b
1978,1978,De Bumpers,Olé (het W.K. lied),0f21f27e-ada4-476f-a408-e463362e35ca
1978,1978-01,De Casino's,Lekker flauwekullen,194a01d2-8926-4731-8787-6beee86df336
1978,1978-01,De Cliftons,Van Onderen,f5a37cc3-2083-4c6c-bf8e-5e9b85ba1966
1978,1978,De Groningse Zusjes,"Vaarwel, dat zal ik nooit vergeten",84c47f7d-3760-4e1b-8ead-46477055d917
1978,1978,De Havenzangers,Ken je de Veleta niet,edfffcbf-aaf7-467e-80d1-6295b27dbaa3
1978,1978,De Havenzangers,Oh Heideroosje,c8a39669-7903-414a-876a-cc1474036d6b
1978,1978,De Havenzangers,Waarom gaan wij voor goed van elkander,08919b8e-d03e-40ac-94db-009fc954a1c3
1978,1978,De Höhner,Am Eigelstein zo Kölle,7dd54cf9-f19f-46f6-8ad4-b016eaac08dc
1978,1978,De Höhner,"Kumm, loß dr Mot nit sinke",96faf7c7-c261-4314-84ff-987f44735862
1978,1978,De Höhner,Unsre Bock es Meister,25bf3753-64dc-4fe4-aae4-bbe57a9702f9
1978,1978,De Klessiks,Loflied aan brevendia,b7148d59-d855-4d8d-98a1-64f58dc52baa
1978,1978,De Klonenkappers,Carnaval in d'Hei,93eb2452-5222-43b8-8828-fb36f535caa2
1978,1978-01,De Kuffers,Ik wil punk,31f554e3-2e95-4bd4-9e04-8aeae9535962
1978,1978-01,De Kuffers,Shut up! Wij zijn jongens van zessen klaar,016a6c28-c4db-4047-8a03-209f6b6f7f8f
1978,1978,De Migra’s,De smokkelaar,d33d1a41-b835-430f-8649-b6f81e39790b
1978,1978,De Migra’s,Jodel-rock,ff22e9e8-433c-416e-982c-93f5e055582a
1978,1978,De onbekende nederlander,Het Hondenkoor,d710236f-19f8-401f-85ba-adef7cefec07
1978,1978,De Opwarmers,Wie zal dat betalen,94cce56a-8bac-4813-be50-fa1e4f20247f
1978,1978,De Snuffelaars,Hee... Snuffel!,83e30dcf-2f8e-4d91-8ae9-fc838eccd061
1978,1978,De Stampers,Ik ben weer de sigaar / Haak eens lekker in,c3e93b7a-19de-4dca-b5bf-abad64b2ad91
1978,1978,De Strangers,"Den dopper / Nie doeke-Mieke doen nee, nee",68570ba2-9dfe-488e-ba4e-c2236ffff220
1978,1978,De Strangers,Igor Stroganoff,6d7e98f6-377a-4dcc-b78a-e5af5320e289
1978,1978,De Strangers,Punk,71a190f9-0963-40ec-8167-fda81e90fff9
1978,1978,De Strangers,Tel.160.160 / De nieven tram (ATM),f54d4376-9195-4835-88a7-3f23ada802dd
1978,1978,De Strangers,Vader Grijzenbaard,c4592d04-3053-4e3c-8a1e-de0e30a57a6b
1978,1978,De Taclona's,Kom op ga mee,f59bd6be-3bd4-4c21-a60c-039173e7f731
1978,1978,De Tijdbrekers,Heel ver weg in Arizona,064ea753-e877-4ea2-af4e-c4c629db04bb
1978,1978,De Torpedo's,Brabantse nachten,f63cab05-7741-4aa1-9a93-a6a0cc968ab5
1978,1978,De Trekvogels,Kleine witte duif / Die tijd...,a4289a8d-fec7-46cd-b2cb-fb67d9928af0
1978,1978,De Turfstekers,Agge oew eige nie kietelt,325e5e2c-e1ce-4310-9335-cae3cc253402
1978,1978,De Twee Pinten,Jodelodelodelodelohitie / Jij blijft voor mij steeds moeders mooiste,1abbe5da-f5e8-4d79-baef-c6b5a759510c
1978,1978,De Twee Pinten,Moeder ik kan je niet missen / De heilsoldaat,187d1f67-2dde-4e12-9954-b6d8a00c1f86
1978,1978,De Vakantiegangers,De blonde duinen,bef4dcfc-6448-42a3-8e37-ff5acad0eb2e
1978,1978,De Wiko’s,Ik zal geen traan om je laten / Toe laat eens wat van je horen,0c18c3dd-b0dd-469a-8907-54f7c003e31a
1978,1978,De Wiko’s,Neem voor mij maar een ander / Vlucht 1203 (Ebony Eyes),78bf7318-6042-4a86-a87c-cacb0e4ed573
1978,1978,De Wiko’s,"Vlucht 1203 / Waarom, zeg me waarom",b9f2694d-db88-415b-8feb-fc7b122d34a4
1978,1978,De Zangeres Zonder Naam,In de haven klinkt een lied / Zeg oude muzikant,ec7bdd09-de4a-4562-a4b4-33f83ec59afc
1978,1978,De Zangeres Zonder Naam,In eenzame nachten / Billy Joe,cfc07e86-a655-4d8b-9a2f-906b165255f1
1978,1978,Dead Boys,Tell Me,04edaeb0-7462-37f3-b703-930f48f350ce
1978,1978-01-20,Deaf School,All Queued Up,3a884d6f-2c8d-4e13-a3ad-381dabefc936
1978,1978-02-17,Deaf School,Thunder & Lightning,5695691d-84e5-4213-a2f9-8cd6e7d4596b
1978,1978,Dean Friedman,Lydia,9814bef0-19d0-3fb9-bcf7-5307b77afd05
1978,1978,Debbie,Homebreaker,f7e67578-20a4-42c6-b2f7-f9bd92d5638e
1978,1978,Debbie,Save the Last Dance for Me,d8c1805e-534a-4a48-9f93-93008e229c68
1978,1978,Deblas,You Are No Matador Señor,e17711b5-dc8c-46c0-b37c-ba5789824355
1978,1978,Decibel / Judas,Il lavaggio del cervello / Imbarco March I,b2fcf35f-2424-4427-a626-e95a5db2d196
1978,1978,Dee D. Jackson / Penny McLean,Disco Special,7194bfd1-913e-4d89-a33f-272ab6a22066
1978,1978,Dejan Petković,Tako mi svega,e5014b83-ff6b-4cfc-8456-8026f4622a31
1978,1978,Delroy Wilson,Come In Heaven / Worth Your Weight In Gold,50dc1649-0bf9-4af2-b7ce-a2db75107277
1978,1978,Deluge,Broom (with Me) / Not Easy (To Love),6baf168c-339a-4b28-856f-45c0e5624d53
1978,1978,Deluge,Such a Feeling / A Way of Life,f396fd13-9995-4a16-b0f7-6474156902c0
1978,1978,Demis Roussos,L.O.V.E. Got a Hold of Me,66798697-baed-45ff-b8a3-c9c1ab0ed121
1978,1978,Demis Roussos,Life in the City / L.O.V.E. Got a Hold of Me,8431a2fb-f3b5-412e-8236-cea4c19c3b99
1978,1978,Demis Roussos,"Loin des yeux, loin du coeur",014ff067-7b2a-49e9-88de-bb5b7cbfb9d4
1978,1978,Demon Preacher,Little Miss Perfect,95c441ef-e993-3fc1-9494-a9ca561087ee
1978,1978,Dennis Brown,Oh What a Day / Man Next Door,2c404cd6-fe98-450d-ab84-7608a8ec1a3c
1978,1978,Dennis Brown,Stop the Fussing and Fighting,9d89199f-92ed-4902-b3b9-9a9c5c76c067
1978,1978,Dennis Coffey,Gimme That Funk / Calling Planet Earth,32191b7c-fcad-4d82-8ef3-2ff46d825b8d
1978,1978-07,Desperate Bicycles,Occupied Territory,fadc0212-9c8d-359c-bdec-18ef93e7ce52
1978,1978-04,DEVO,(I Can’t Get Me No) Satisfaction,e866aa46-6d22-4867-96de-af116a862711
1978,1978,DEVO,Be Stiff,cf371954-b71d-3675-8455-665a0052caac
1978,1978,DEVO,Come Back Jonee,8cbde606-ef55-3f69-8a48-7d88bb8b1cf5
1978,1978,DEVO,Jocko Homo,60edf260-e824-4544-b1d5-518e3ee603da
1978,1978,"Dečji Hor RTB ""Kolibri""",Pesma Za Naše Mame,f290499c-d80b-478f-886f-7f29090536fa
1978,1978,Diana Ross / Kate Bush,"Lovin’, Livin’ and Givin’ / Wuthering Heights",8ee0f10f-6dc3-4a89-b8b1-c6f409a54625
1978,1978,Diana Ross / Michael Jackson,Ease on Down the Road,710c230d-81b0-4b5d-a8b4-4b710a505964
1978,1978,Die Caufner-Schwestern,Komm doch,31687cf3-6908-4dee-87b6-4adc34fa64aa
1978,1978,Die Molly Sisters,Die Molly-Sisters,2c1109dd-7690-49be-96cf-c5fb240a8df8
1978,1978,Dieter Hallervorden,Fußball,20db3a5d-0a56-4891-95a6-c9dbdbcf2ea9
1978,1978,Dieter Hallervorden,Ich bin die Kitzelmaus,e7966163-008f-4d87-81e5-ba99b2b0b308
1978,1978,Dieter Meier,Cry for Fame,9a560323-31ac-3342-9bd2-84356010183b
1978,1978,Dieter Meier,Jim For Tango,439593bb-d5c8-4953-8c6c-3aa4f8d4ffe6
1978,1978,Dina Straat,War nur ein Traum,29de693e-2836-4453-af6d-d95f7b4f780c
1978,1978,Dingetje,De vaandeldrager,1aa49d1f-d6fa-3c58-9262-ad4b594f2bdb
1978,1978,Dingo,Hollywood / Lookin' Back,f094596b-f8ae-4a7a-8cb9-7673076c3002
1978,1978-11-16,Dinosaur,Kiss Me Again,65f171d4-4e9c-36fc-8e6e-15e39104ca24
1978,1978,Dire Straits,Sultans of Swing,76fb941a-1b26-3fc3-9b71-5a71f5e7fa31
1978,1978,Dire Straits,Water of Love / Down to the Waterline,8f472eaa-763e-4caf-8790-2e10152ab934
1978,1978-08-18,Dirk & Stig,Ging Gang Goolie / Mr. Sheene,ba907e45-c5ec-4b2a-bf07-3cdc28833b6e
1978,1978,Dirty Dogs,Lose Control,f409f921-ad7f-40f8-84c2-f173afd5a153
1978,1978,Disco Bouzouki Band,Giorgio / Ouzo & Retsina,1ac22bb1-6721-485c-a822-cf3e66dc894b
1978,1978,Disco Charly & The Banana Peelers,Funky Banana,de4aeb47-6d90-48c9-a9d5-7d10b247c771
1978,1978,Disco Rock Machine,Living for the City,225538ce-aba4-46e7-bf58-2fb02ceef316
1978,1978,"Disco-Amusementen Venlo, Freddy Cash",Disco-Mania / Ole O'Cangaceiro,78b13f2d-e19b-4a88-a23b-19c51916123e
1978,1978,Disguise,Hey Baby,6f6662bf-2155-3a56-872a-c6a322722f05
1978,1978,Divlje jagode,Patkica / Kad bi vi gospođo,ca7abb81-7329-4a8b-9714-2076b61ed0ec
1978,1978,Dizzy Man’s Band,Red / Pierrot,f0404c44-2ec3-444e-bccb-d3ed13b1b72b
1978,1978,DJ Rudy,The New Hucklebuck,30b9089d-c95f-4707-afac-026662379a1a
1978,1978,Dobby Dobson featuring Ossie Scott / Rupie Edwards,That Wonderful Sound / My Little Red Top,e2089647-5aed-40e6-8145-b7a967be174e
1978,1978,Dogs,Charlie Was a Good Boy,ccc9aa91-2191-40f1-847b-b0bbb10e417c
1978,1978-10,Dollar,Shooting Star,054f4abe-3b6f-4fae-86ee-285cab11603f
1978,1978,Dolly Parton,Baby I’m Burnin’ / Heartbreaker,249adaf4-33d1-4022-82a6-a53b3fc9837c
1978,1978,Dolly Parton,Baby I’m Burnin’ / I Wanna Fall In Love,fbc5f188-5d8d-42a6-adf5-77e0504d64a5
1978,1978,Dolly Parton,Heartbreaker / Sure Thing,32363481-81c9-4bf8-98d4-33ffa352afc8
1978,1978-01,Dolly Parton,Here You Come Again / Light of a Clear Blue Morning,5e79199f-3a75-4a0b-972f-0b37f2079a13
1978,1978,Dolly Parton,It’s Too Late to Love Me Now / With You Gone,6ec17cc1-c8d9-4040-912c-fa4629f43816
1978,1978-03-18,Dolly Parton,Two Doors Down,20ff1005-9a12-47a3-a5b6-9491b53365a1
1978,1978,Don Gibson,Any Day Now,ead6cd8b-6eff-4977-8e0c-6f49be32dcc1
1978,1978,Don Gibson,"Oh, Such a Stranger",0205ac2a-8f06-4bac-b67f-bd71d9b6bdcd
1978,1978,Don Gibson,The Fool,f95f2142-d007-4c59-9510-d4131e815294
1978,1978,Don McLean,Crying,c25ad862-5eed-4024-a887-4860884b69ee
1978,1978,Don McLean,Since I Don’t Have You,f7bd7fc0-87ed-4295-b4c0-e5bcab88f8a6
1978,1978,Don Mercedes,Telefoon / Kim,82ed0282-48a4-423c-9996-d42e14742ae2
1978,1978,Don Schlitz,The Gambler / You Can't Take It With You,ca2a448f-0bc7-4153-9b36-64eb6b99b185
1978,1978,Don Williams,It Must Be Love / Not a Chance,543d114c-2024-44db-b05b-30bd69c2847c
1978,1978,Don Williams,Lay Down Beside Me / I Would Like to See You Again,c7d9edb9-9e73-4b58-a2e6-fae42865ee46
1978,1978,Don Williams,Say It Again / I’ll Forgive but I’ll Never Forget,9c3c02e5-77d9-4cf8-a87f-8a4828bff45e
1978,1978,Don Williams,Tulsa Time / Not a Chance,c94ce521-495e-4aa1-9568-a2480b6cdedd
1978,1978-10,Don Williams,Tulsa Time / When I’m With You,7cefce3d-8a18-42cf-b224-ef5c31178fd5
1978,1978,Don Williams,You’re My Best Friend / Expert in Everything,3790f58a-443d-45ab-8a28-de6be472c3a9
1978,1978,Donna Summer,Back in Love Again,b3ab0b11-29c6-492c-9985-4294e2c4a4e5
1978,1978,Donna Summer,Heaven Knows,6fe419a9-cd42-3b4c-b6df-7caafcda06d3
1978,1978-07,Donna Summer,Last Dance,d530f6b9-6ab7-4e67-833a-5bd029af478a
1978,1978-09,Donna Summer,MacArthur Park,34b310b0-8c50-3850-9a19-464f49289f3c
1978,1978,Donna Summer,MacArthur Park Suite / Last Dance,39c4f82e-a85f-4519-858e-a30bfce147d1
1978,1978,Donna Summer,With Your Love,e226b202-9b97-466b-863d-f42851db8d0c
1978,1978,Donovan,Dare to Be Different,a5b3b271-009b-41a1-bcd8-55a698d511ac
1978,1978,Dooley Silverspoon,Mr. Deluxe Part 1 & 2,abdf1734-3ebd-47a3-8b7f-6584b06ba6e1
1978,1978,Doru Stănculescu,"Ai, Hai / Cîntec Între Apele Țării",00c3f297-6dcb-4ebc-944d-dca99a55b1ab
1978,1978,Dr. Alimantado,"Slavery Let I Go 12""",dd1d05fa-200d-4ed9-b3cb-cbf8f10ad5fd
1978,1978-09,Dr. Feelgood,Down at the Doctors,c7d45978-bb8e-44c1-be0d-6648c271e949
1978,1978,Dr. Hook,When You’re in Love With a Beautiful Woman,fd00f557-bf26-42e2-96ce-d9bde145ce94
1978,1978,Dr. Hook,When You’re in Love With a Beautiful Woman / Dooley Jones,64ecfb4a-8bd6-45ed-8fac-d7483f7f9add
1978,1978,Dr. Lonnie Smith,Funk Reaction / For the Love of It,c2a30fa6-79ef-4221-93b6-cebf28d5f6da
1978,1978,Ducks,Rockin Chair,15a2ab0c-e551-4452-ab7a-988d145a31cf
1978,1978,Ducks,Thinkin' of You,e641a4b8-37fc-4701-a212-4d02ceaebec6
1978,1978,Duncan Browne,The Wild Places,967af0bc-f151-3843-8861-1b1ddbe336b9
1978,1978,Dunja Rajter,Ich liebe meine Heimat,3cbabc5c-0683-4571-994d-e6e86d48f2b8
1978,1978,Dunja Rajter,Mehr,7ec378ce-7e14-44cd-8f3d-9a9b953fc8d7
1978,1978,Duo Bont en Blauw,Trek iets diks an! / Bekijk 't maar,df44687a-ca4a-45e6-b6cd-e728c5f67f02
1978,1978,Duo De Koning,Niemand dan jij / Ik begon ’n leven,07337d98-587e-4517-9b94-30888149d626
1978,1978,Duo Jan & Mien,Lieve koningin / Het hart van de stad,92672caa-f3cd-4cb7-baea-5662d879de13
1978,1978,Duo Jan en Mien,Tranen op Schiphol / Het concert des levens,c1f20ae4-3e88-4e98-b51d-e89983c40b31
1978,1978,Duo Onbekend,Alles in het leven duurt maar even / Signorita oh Chiquita,5504db11-2ec5-4f9f-ae8b-84ccef71eab7
1978,1978,Duo Onbekend,Heel haar leven / Zo zal ’t blijven,8f1df2a8-04e7-40ea-8625-d555321ff57e
1978,1978,Dusty Springfield,Give Me The Night,b68899a2-ca55-4bf4-b7aa-4704d1f141f5
1978,1978-06-09,Dusty Springfield,That’s the Kind of Love I’ve Got for You,44b54bc3-4f2f-4451-bd25-cd983e71545c
1978,1978,Duty Free,Crossongs / My Darling,b5493e94-9ab5-4337-9555-1f08db5c5f7a
1978,1978,Duty Free / The Michael Zager Band,Crossongs / Let’s All Chant,cacdc823-fcfc-41b7-83ed-67c919183dff
1978,1978,Dwa Plus Jeden,California Mon Amour / Podobny Do Ludzi,b991bd27-13e3-4d9a-b945-0c06a92b4693
1978,1978,Dwa Plus Jeden,California mon amour / Romanse za grosz,ca7e3f1c-d309-4d2c-9222-252245c24c81
1978,1978,Dwa plus Jeden,Ding-Dong / W Ringo Graj Ze Mną,3a676598-e786-4685-b28d-6eee1ec9348f
1978,1978,Dwa Plus Jeden,Ding-Dong / Windą Do Nieba,870ecce1-58a1-4721-96f4-81f924e378f6
1978,1978,Dwa Plus Jeden,Orkiestra Klownów,95860b48-4eda-4acc-b7b5-7590ca3c3702
1978,1978,Dwa Plus Jeden,Taksówka Nr 5,0c04c477-9023-4e8b-8f40-129411bcba0a
1978,1978,Dwa Plus Jeden,U nas już po burzy,abb123c3-962d-4851-98f9-98f7790927a4
1978,1978,Dwa Plus Jeden,Windą do nieba,cd7d100e-62b3-456d-b087-58c14474f7dd
1978,1978,Eagle,Like in Port of Spain / Born Ah Child Again,1b2cf4d4-d8fa-4ba2-8a5c-b13914ceab07
1978,1978-11-27,Eagles,Please Come Home for Christmas / Funky New Year,b8f3a39c-0b35-3bc7-9573-8f895fdc2d6a
1978,1978,"Earth, Wind & Fire",Fantasy,7ab7f66b-1217-4369-b000-8d2bbdc7ff41
1978,1978,"Earth, Wind & Fire",Got to Get You Into My Life / I’ll Write a Song for You,a3938a00-8a26-31e1-b0f7-adc7061157f0
1978,1978-04,"Earth, Wind & Fire",Jupiter,181843ee-5e94-4527-a80b-113948915870
1978,1978,"Earth, Wind & Fire",Magic Mind,59884144-820b-4a1e-8dc7-c46804656c00
1978,1978,"Earth, Wind & Fire",September,db82fb52-f246-36dc-910a-ba709ed22dea
1978,1978-04-03,Eastside Connection,Frisco Disco / Birthday Medley,84e1f0d5-e0cd-3f0c-a678-c2b8e47d3ef9
1978,1978-11,Eater,What She Wants She Needs,262d8ede-1abd-4e19-9cf6-b71443e6a728
1978,1978,Ebba Grön,Antirock,3f17ae8e-3adb-4e49-9aaa-10ddec08d651
1978,1978,Ebba Grön,Mona Tumbas Slim Club / Tyst för fan,05524b01-d1e9-4db5-a16e-c3eea03eea80
1978,1978,Ed Banger,Kinnel Tommy,4e42f72d-d501-4aab-8bae-0235562a69d8
1978,1978,Ed Nasty & The Dopeds,I'm Gonna Be Everything,677efa14-3f1f-3e1b-8b90-f78949ed4b25
1978,1978,Eddie Henderson,Cyclops / Prance On,331188c5-8ce7-4a3d-b5ac-7dfaf567515d
1978,1978,Eddie Money,Baby Hold On,58ced533-95b9-37e3-9a0a-9640a5027fcd
1978,1978,Eddy Mitchell,Au camp du bonheur,eacf6f7c-7fd8-4424-a9ff-66838379c2d1
1978,1978,Eddy Mitchell,Il ne rentre pas ce soir,933ab108-f2f1-4d49-a426-c60d47c468a9
1978,1978,Edip Akbayram & Dostlar,Kıymayın Efendiler / Adiloş Bebe,0fd1dd8b-3018-42c4-8358-53cf18571e4e
1978,1978,Eduardo De Crescenzo,La solitudine,73fa6302-ad2a-4065-ade8-dbbbaf95028f
1978,1978,"Edvin Fliser, Alenka Pinterič",Popevka Vesele jeseni Maribor '78,24ba44dd-d12d-4751-973a-6e9adade20d7
1978,1978,Edward H. Dafis,Uffern Ar Y Ddaear,0bc822b3-b38b-4e57-b554-5c5122fff19f
1978,1978,Edwin Starr,Contact / Working Song,7936edc2-8a56-4b0a-9001-74bfdb1b29f9
1978,1978,Eini,Vielä jossakin kohdataan / Rakastua voisit aivan pikkuisen,02b4610f-7463-4e80-beca-4ee306be93e0
1978,1978,Eini,"Yes sir, alkaa polttaa",413df88f-3259-4d00-a1e7-99423fe32e14
1978,1978,EKO,Love Can Be Happy / Universal Theme,5a802850-0f6e-4d7a-9a3c-a8bb975b4e14
1978,1978,Ekseption,The 5th / Air,ef00755e-82d4-4c1b-a0d9-f57b32eb25b3
1978,1978,El Chato,Que bonita eres,693e013b-cb4b-4591-b2e1-ac0c4c6ae8b3
1978,1978,El Pasador,Mucho mucho,3c00b636-c399-4ca7-899b-72ec6c04ed14
1978,1978,El Producto,Juntos por siempre / Bella ilusión,ecafebc0-f67d-42f5-8e04-ff5a54b4ba53
1978,1978,Elaine Kibaro,Aurore,984e9510-1910-4a10-a346-e694cecfcc70
1978,1978-09-22,Electric Light Orchestra,Sweet Talkin’ Woman,74d6738a-2c3d-4490-9e5e-2bf2f1919bb6
1978,1978-05,Electric Light Orchestra,Wild West Hero,10b4474f-450c-4a45-adb8-e107df077e1b
1978,1978,Electrochoc,Trois minutes,05a96bbe-bf47-3139-ae74-56dcdddfa02e
1978,1978,ELF,Mitä missä milloin vaan / En liepeisiis jää roikkumaan,8cd95284-53d0-4e62-865c-c6996a0b159d
1978,1978,ELF,Mitä missä milloin vaan / En liepeisiis jää roikkumaan,d9b530c0-3bd9-4961-84fc-d3c7956155cf
1978,1978-01,Elfi Graf,Lüge Nr. 1,a8fd4d30-9e5a-4448-adcf-7ec6855f0201
1978,1978-10,Elfi Graf,Mozartgasse 10,9bae4d2a-9503-43d0-bc05-39bafaa87953
1978,1978,Ellis & Ben,Kijken jouw ogen in de mijne / De konijntjes op de heide,05371f45-e863-4776-9e46-7c130cc3c2cb
1978,1978,Ellis en Ben,"Zeg eens eerlijk, lieve schat / Jij en ik",6655bc3e-83d4-45c9-b4f9-25ab97748181
1978,1978,Elton John,Ego,ac4f348b-9979-38e9-bdbb-4cf63bf98e76
1978,1978,Elton John,Funeral for a Friend / Love Lies Bleeding,fef13c8b-0736-4bb9-800b-9b51807b3a18
1978,1978-10-04,Elton John,Part Time Love,a0f618ee-ef07-42b4-a762-bea358f172c8
1978,1978-11-28,Elton John,Song For Guy,950e02ce-5435-4a50-b70d-425bc43901ad
1978,1978,Elton Motello,Jet Boy Jet Girl,5d599a84-e157-3788-9605-273a6efdadbd
1978,1978,Elvin Bishop,Fooled Around and Fell in Love,6d455f4f-a36b-398c-8b9b-e2f86da319f3
1978,1978,Elvis Costello,Alison / Less Than Zero,2ff303b5-d4e3-4b3f-bc20-68f270f3dd9b
1978,1978-03-03,Elvis Costello & The Attractions,(I Don’t Want to Go to) Chelsea,1758cd7c-747b-4492-b49b-3536ba3c9474
1978,1978-04-28,Elvis Costello & The Attractions,Pump It Up / Big Tears,a92ba4cf-33dd-3b01-af8f-71b8d4fb86c1
1978,1978-10-20,Elvis Costello & The Attractions,Radio Radio,878164b7-9335-42da-bf6d-ce02339140da
1978,1978-12-18,Elvis Costello & The Attractions,Talking in the Dark,cc15309d-bc20-3c3a-8625-bf99c0db4871
1978,1978,Elvis Presley,Old Shep / Paralysed,dacc9962-faf0-441d-bb52-7794a0fd10db
1978,1978,Elvis Presley,Unchained Melody,f7314b33-9285-4f8e-b340-fbabd49a3033
1978,1978,Elvis Presley with The Jordanaires,(Let Me Be Your) Teddy Bear / Puppet on a String,5eef47f3-b09a-4881-b106-f89be63a57c4
1978,1978,Emanuel Taylor,Society / You Really Got A Hold On Me,11942fd7-e9b4-4b59-a5ca-8f7d966a77b6
1978,1978,Emel Sayın,Aşk Duası / Acı Hatıralar,208ee6ed-e69b-4f19-bc35-75a30380bb1b
1978,1978,Emel Sayın,Yudum Yudum İç / Unut Git Sevme Beni,cd7e8d46-33d7-4523-a72d-4c52b0fe6614
1978,1978,Enemies,No Reason,a573f087-3dd2-3aa7-abbb-0fe30b6bee16
1978,1978,Ennio Morricone,Chi mai,7e200d38-9813-4c63-9faa-7b5a68e41554
1978,1978,Ennio Morricone,Il prigioniero,75e3f3cb-dc3e-4116-9fa7-ce6653ba1830
1978,1978,Ennio Morricone e la sua orchestra,El Mundial : Marcha Oficial Del Mundial '78,9a6b138b-a3a9-4f95-890d-ab4c5fba705e
1978,1978,Enrico Macias,Si c'était à refaire,293cc91d-ef7d-4774-8b04-a681db2cbc86
1978,1978,Enrique y Ana,Las canciones de los peques,3e476d38-b780-497c-936f-fd6a672577a2
1978,1978,Enrique y Ana,Quería un gato negro,2f547ba6-cfdc-4b2b-ae8c-cc36d8e2982e
1978,1978,Enriqué,Je t'oublie,72cfd22b-ea21-46f3-9d5c-33e79c5e80b0
1978,1978,Enter ’o Clisma,M’aggio accattato nu tavuto / ’a ditta protesta,9a9fda69-c2e4-4733-8802-ebcfffa321b1
1978,1978,Enter ’o Clisma,Rock ’o kò,a5e72f49-acdf-4085-aa72-0ecc19e3a1df
1978,1978-05,Enzo Carella,Amara / Carme',69fb0d1d-b537-4849-b3b6-8156aed4e3a5
1978,1978-02,Eppu Normaali,Poliisi pamputtaa taas,868b0577-b7cb-3241-9545-9bd52944d4c9
1978,1978-09,Eric Clapton,Promises,147aca70-7352-4555-b014-21a6af5d9a88
1978,1978,Ernie Graham,Romeo,0d1f57fd-3e9e-4956-9572-f02982bde5f8
1978,1978,Erol Evgin,Aldım Başımı Gidiyorum / Kader Utansın,e34dcf3d-cbbb-4fb0-9b39-4894ec09b2e9
1978,1978,Erol Evgin,İçimdeki Fırtına / Yine De Güzeldir Yaşamak,548ce92a-0534-42b6-979a-4fdd9dec0032
1978,1978,Errol Dunkley,A Little Way Different,be5da4d2-f4b0-4c3b-86c4-3d7c5c746d9f
1978,1978,Errol Dunkley,Stop You Gun Shooting / Version,c02ce3b2-a336-4ef5-9380-bbaf5509928a
1978,1978,Eruption,Leave a Light,ed64773f-9321-4e90-80fe-d81082ceb1ae
1978,1978,Espada,Casanova Johnnie,3b8be1de-b9b4-4487-9595-1c102dd04f1b
1978,1978,Essama Bikoula,I'll Cry / Break Down One More,8c4f2dde-ba97-4839-8e22-0081771ea3d7
1978,1978,Essential Logic,Aerosol Burns,746ffeca-aaf0-4a4d-8a2f-eefb6959f492
1978,1978,Esther Galil,Lover For Ever,bc6cd1bd-1a79-4209-b16c-7dace34a10de
1978,1978,Ethel the Frog,Eleanor Rigby,f06df3bf-a546-356f-8af0-e5d3ef0b56b6
1978,1978,Eva,Je m'en vais,5f7f76bb-12b3-4cf9-bfc7-3156920e56a1
1978,1978,Eva-Johanna Reichstag \ Die Form,Zoophilic Lolita,5e387f90-f11c-4a8f-9d58-cb21a4ac9f23
1978,1978,Evans Pyramid,Never Gonna Leave You,4c0a18e0-be66-4471-a2b0-d7e38f2a4324
1978,1978,Evans Pyramid,Rubber Band,41dc1d06-e4be-4748-9eac-c7384476577a
1978,1978,Evelyne Grandjean / Pierre Desproges,Jeanne Braillard,bceb9167-5eae-4a0f-83f9-6ba6f37de2ce
1978,1978,Exile,Kiss You All Over,3ae7ff78-1395-45c6-9a53-ea9bc7360f0b
1978,1978,Exile,Never Gonna Stop,3da57288-72f9-4fe0-8101-2c96de7ddd0c
1978,1978,Exile,You Thrill Me,82a45238-e742-4e4d-a5f6-ea3cc55dafac
1978,1978,Express Berlin,"Schlaf schön, Rosemarie",d27b74a9-6dbe-4517-82ae-3289ac890e4f
1978,1978,Eyes on Fire,Times Are Changing,59ebcb9d-340a-45b2-a466-6512f9bdc02a
1978,1978,F-Word,Shut Down,014b192e-ab7e-3ed7-b88c-e8565c47bb1c
1978,1978,Fabienne Thibeault,Le monde est stone / Les Uns contre les autres,98564707-97d4-4059-815f-96178812b35f
1978,1978,Fabrizio De André,Andrea,dd7bc251-f78d-4148-b947-03393ccdd709
1978,1978,Fabrizio De André,Sally,6fe6a172-0859-41af-aac5-ed32ef437101
1978,1978,Famous Shamus,Big Tom Will Make Me a Star,60ea617c-97c0-488d-ab73-4e050e4f71cf
1978,1978,Fashion Music,Steady Eddie Steady,90a31052-d336-4c2a-8cec-8139566ea2dc
1978,1978-05-05,Fast Breeder & the Radio Actors,Nuclear Waste,04a6b365-616e-4808-9c0b-9933dd0ca80f
1978,1978-05,Fatback,Get Out on the Dance Floor / I Like Girls,b5df98d7-fe6f-4039-9028-eeecd4ea3a0d
1978,1978,Fats Domino,Sleeping on the Job / After Hours,00a0419a-d891-4376-8be4-d6221b38f27b
1978,1978,Fatsy Wataire,Chimene hovelicot,cce0e01b-95e1-3728-a98d-cb9b0114fc99
1978,1978,Fear,I Love Livin in the City,8a1096d4-b1a8-3c8d-a9f9-4f23f3ec192b
1978,1978,Fever,Standing in the Shadows of Love,e3791680-6ec5-46d8-96a7-26477c27d773
1978,1978,FFN,Noi / Primăvara,a1cfef07-d9ed-4abc-bbfe-ef1038240644
1978,1978,Fiendens Musik,En spark rätt i skallen,f4353890-053b-4d0a-8f8c-c90774430f57
1978,1978,Fiendens Musik,Pappa har alltid haft rätt...,dd826d11-aaee-4cd9-9e81-e5c8182eb7fc
1978,1978,Fighter,Mystery Walker,79c241dd-f3b3-4b7c-964b-04e374d8c1bb
1978,1978,Fijo,Tsaiky Ankananika / Fomban-Drazana,b1408f93-f9fe-4ac0-b431-0f2d78a10d3c
1978,1978-05,Filth,Don't Hide Your Hate,5c97d688-f795-3df8-87e3-d6d840916217
1978,1978-09-06,Fingerprints,Down / Christmas Down,27aed54b-0601-4e28-818c-3d2ae7474ccc
1978,1978-09-19,Firefall,Strange Way,06422097-6f9b-4d27-bc1b-95b5e0933487
1978,1978,First Choice,Hold Your Horses,83fc5d53-de6b-4275-9720-10b3ffd8fd97
1978,1978,Fischer‐Z,Wax Dolls,07c4cf09-4b64-4c2f-ab52-068ba85d0dcd
1978,1978,Flaco Jiménez,Fue una morena / Mi primer amor,da2ab22d-848c-477d-ac99-1765a0be0b33
1978,1978,Flaco Jiménez y Su Conjunto,Navidad de un Soldado / Ahora que tengo un amor,d0ff17c8-1fbc-4b29-a41f-d4abe2f1ec44
1978,1978,Flamen Dialis,Découverte / Autre Chose,4193e0e0-eecf-4738-87d1-746f57377fa0
1978,1978,Flamin’ Groovies,Feel a Whole Lot Better,1dc87635-f256-4a80-a610-45462fbc10c8
1978,1978-07-03,Flash and the Pan,Down Among The Dead Men,7de49d95-15d0-4c0d-9636-fa05ea9a0593
1978,1978,Flash and the Pan,The African Shuffle,b430d783-c165-4275-968b-c80581ab61ff
1978,1978,Flintlock,(Hey You) You’re Like a Magnet,c41fafa6-7543-4e58-ae1b-135b27afbcd3
1978,1978,Flintlock,Mony Mony,71c1e311-f9a2-4f2e-8c10-e2e485086456
1978,1978,Flirt,Don't Push Me / Degenerator,16a074f3-8641-4b00-b919-bd1c75129e8f
1978,1978-09-08,Foreigner,Double Vision,8341eaa5-2eb9-4101-ae32-58db1ed801f6
1978,1978-06-09,Foreigner,Hot Blooded,af1d7d86-02e7-4ae9-84ea-7f993e1c32f8
1978,1978,Four Tracks,Rivers of Babylon / Who Has the Last Laugh Now,fdf10e83-c085-47c9-a586-5770a85bbba0
1978,1978-05,Foxy,Get Off,35cd4363-2168-4aa8-93a8-716053ab1b79
1978,1978,France Gall,Viens je t'emmène / La Tendresse des mots,868cb513-21e1-4c70-a35a-409876e7846b
1978,1978-04,Francesco De Gregori,Generale / Natale,98b7c5a1-2047-4334-ae84-23fd5b09d93b
1978,1978,Francine McGee,Feelin' Good / Delirium,c04feb95-390e-36a9-8edf-9c7f03992340
1978,1978,Francis Lai,Bilitis-Promenade,655dea01-873b-499d-8644-1a2e5d10ac65
1978,1978,Francis Lai,Leidenschaftliche Blümchen (Passion Flower Hotel),5ba31007-4fca-4ad0-872d-1c656df72d89
1978,1978,Francis Lai,Young freedom,ccdae8cf-6663-4a74-a702-9643e8f30512
1978,1978,Francisco Ropero,Linda S’en Va,26b67737-9231-41ba-8ec8-d2d479846354
1978,1978,Frank & Mirella,On a Lonely Winternight,9cab45ed-ef57-4f9b-8324-deec13023555
1978,1978,Frank & Mirella,"Verliefd, verloofd, getrouwd",38a4e038-01bb-4153-8108-baaae25c8116
1978,1978,Frank & Mirella,"Verlieft, verloofd, getrouwd",9f52083d-640e-4dee-8e67-6807244f0899
1978,1978,Frank Danninger,"Angel, Angel",9e0e189f-de2a-4972-a52c-58bbe57541b6
1978,1978,Frank Duval,Blizz,c37e0586-ce11-44e8-80c0-cf483f71405b
1978,1978,Frank Schöbel,Rock ist wieder da / Was kann herrlicher sein,97dfc824-12eb-4101-84cc-39de5df154c2
1978,1978-12,Frank Zander,Captain Starlight,43ee2854-02d4-4f81-aba5-d86fcc72f008
1978,1978-01,Frank Zander,Die Frau von gegenüber,f07d4adc-67d5-4333-919c-8a640b0a4cc5
1978,1978-03,Frank Zander,Rauchen macht frei,27a208ff-c789-495b-95a8-7d58ace4eba8
1978,1978,Frankie Laine,"Send in the Clowns / Hey, Hey Jesus",d279fb28-96e5-4676-b364-6b26a335dce1
1978,1978,Frankie McBride,Let Me Love You Once Before You Go,ac15b99f-2c06-4369-91c4-511b9cced025
1978,1978,Frankie Valli,Fancy Dancer / Needing You,5b681d0d-5877-44f7-9ff9-d35a21523ee2
1978,1978,Frankie Valli,Grease,99ef2399-db14-33c0-83c3-89ef71466e78
1978,1978,Franz K.,Geh zum Teufel,47cfdbb9-cef2-4ca4-941a-28cf0af5e303
1978,1978,François Bréant,Sons optiques,cc660e15-85b3-46ae-a62a-8aeddfb990a3
1978,1978-01,Françoise Hardy,J’écoute de la musique saoûle,83fdb89f-f732-466d-90a0-cb129367106f
1978,1978-04,Fred Sonnenschein & seine Freunde,Der kleine Finkenhahn,ad47e347-22bf-4992-b7a7-2f9dab05a53b
1978,1978,Freddie Hart,Easy Loving,0afed46b-4fa6-4287-9188-9bd085c791bd
1978,1978,Freddie Hart,Only You,0ee00cfc-4bea-4cbc-8cd9-f76e472ee8db
1978,1978,Freddie Hart,Toe to Toe,a41ca646-0406-4ae2-91dc-7860239f71dd
1978,1978,Freddy Breck,Annabell (Schöne Rose dieses Sommers),6ece8650-932f-4f03-8f53-d2ec0ab8b54b
1978,1978,Freddy Cash,I'm Alone / Bananaboat Song,6eadded8-94c0-4ce0-bc71-aa8d81977659
1978,1978,Freddy Cash,You Look Beautiful Just the Way You Are / Lonely Lover,5baefda4-34ba-4bb3-ad77-baad215d4e83
1978,1978-03,Freddy Quinn,"Komm, ich zeige dir die Welt / Einmal nach Mexico",ac6a4b06-49c7-4ed3-917f-763f3d95bcee
1978,1978-10,Freddy Quinn,"Und dann geh' ich alleine nach Hause / Was wäre, wenn...",28578dfe-92d7-4e55-a3f2-a02741888a9e
1978,1978-09,Freddy Quinn,Wolgalied / Aloa Oe,7ad938ad-59b9-44e5-8e0f-0988aa31f7fb
1978,1978,Freddy’s,Qué te ha dado esa mujer / Aunque te de coraje,b51c8307-ca9c-477f-89b6-26c594b77df6
1978,1978,Freestone,Bummer Bitch,1856f5cf-f200-332a-8a4b-46a6016e31e5
1978,1978,Frenchie Burke,Knock Knock Knock,9ccf3066-c198-4b5b-8ee7-4c74e5eb438d
1978,1978-06,Fresh Aire,Flying Over America,768a7266-d2c3-40ff-8e5a-a6b5cdd2012b
1978,1978,Fresh Color,No Chance,df49dc3b-c396-3a9b-a27b-ee58eb65cb61
1978,1978,Fringe Benefit,I've Lost The Way,72e867b1-1fb2-4db9-a9f5-5bc5c7cd0009
1978,1978,Fritz Weber,Neunzehnhundert Johr steiht uns Kölle am Rhing,d8bba72a-41d1-4e01-9fb3-ac8a6c8f8dd2
1978,1978,Front,System,945eeb22-cc14-4fbe-a9e9-44f18f91f29d
1978,1978,Fruit Eating Bears,Door in My Face,fe8abe79-82f7-3d0d-87a3-3f003d977644
1978,1978,Funkadelic,One Nation Under a Groove,13b18c33-aacd-4d76-b011-0b0102176093
1978,1978,Gaby Rückert,So ging noch nie die Sonne auf,700a6a4a-48a2-48cf-b653-84aa568dc557
1978,1978,Galaxy,Mandingo Warrior (disco version) / Self Made Man,77af5920-da51-4b20-b324-70192c50dcfa
1978,1978-10,Gang of Four,Damaged Goods,e80c585c-757b-3fa4-b789-e53d02f16f24
1978,1978-10,Ganymed,It Takes Me Higher,b3672d82-1130-4b11-a13d-f466dc21b474
1978,1978,Ganymed,Saturn,f7c1916a-fcb3-4a54-8d35-b23bcbdb0a59
1978,1978,Garcia's Super Funk,I Didn't Know That You Could Dance,dfd28cab-8d31-30e4-b43b-07a286235bcb
1978,1978,Gary Bennett,Highway Affair,79e3debf-c1f1-4109-b06a-d56181337246
1978,1978,Gary Valentine,The First One / Tomorrow Belongs to You,2db10eba-71e9-40d7-a629-f98ad8f660f5
1978,1978,Gary's Gang,Keep On Dancin’ / Do It at the Disco,bf11c3c5-dd93-4ed3-8e58-5a1f83d1f020
1978,1978,Gasolin’,Bob-Shi-Bam / Girl You Got Me Lonely,c7c4bfcf-708d-3c4c-8fda-8ee52670cd2d
1978,1978,Gene Chandler,Get Down,1423c513-d3ca-40fb-b78f-b91d7bff45c8
1978,1978,Gene Chandler,Get Down / I'm the Travelling Kind,db69b445-439f-4108-93e9-24436b7170be
1978,1978,Gene Latter,"John Travolta, You Are a Superstar",e81db655-3005-42db-8b49-2d768665b7a2
1978,1978,Gene Latter & The Shake Spears,Rock Your Boat,510008c5-ff82-4ff2-8625-bee45a03e7cc
1978,1978,Gene Simmons,Radioactive,c9fd8b8b-f3b4-43e4-8b7c-105591ff0f65
1978,1978,Generation X,Ready Steady Go,5d3fdcae-1aa1-474f-9f99-aa0136d19e0b
1978,1978-03,Genesis,Follow You Follow Me,1b9b490b-ff20-4c37-93eb-77caa4658e4a
1978,1978,Genesis,Go West Young Man (In the Motherlode) / Scenes From a Night’s Dream,cf56b08f-88e1-48ca-95bf-0e01cb5494a8
1978,1978-06,Genesis,Many Too Many,fe053f55-f07f-4f9d-9ca7-f29fbada341b
1978,1978,Gentle Giant,Dando vueltas / Two Weeks in Spain,8294e278-fcf9-476f-92d1-77dfe4cc3711
1978,1978,Gentle Giant,Thank You / Spooky Boogie,4249e40d-29f0-45ce-974c-6ab0daba5291
1978,1978-10-21,Gentle Giant,Words From the Wise,b03bdee0-65b4-4a8a-835d-c56afbc12295
1978,1978,Gentle Giant,Words From the Wise / No Stranger,aac34a81-d8e3-4d01-8629-81e3b96de262
1978,1978,Gentle Giant,Words From the Wise / Spooky Boogie,a66b7969-6790-460c-bb14-290eb8d216d7
1978,1978,Georg Danzer,I bin a Kniera,91beda3c-c056-4f55-989c-08d2c7aa7176
1978,1978,Georg Danzer,Mach dich nicht mit Gewalt kaputt,434643d0-e8e3-4b3a-a220-86c50c35c5a7
1978,1978,George Benson,On Broadway,ac95e44e-8599-4fc1-840d-c709124320d6
1978,1978,George Chakiris,Limelight,b954295b-bded-479d-897e-0d9d2cebd991
1978,1978,George McCrae,"(You've Got) My Love, My Life, My Soul",1f0fca1d-a151-447a-9fee-0c702fa6bac0
1978,1978,George McCrae,Let’s Dance (People All Over the World),f2fbcb7e-719a-4d7d-9a92-b42c966c5d95
1978,1978,George Perkins & Frank Turner,Be Proud / You Been Good to Me,73528574-63a8-433c-9ddc-094971a1c218
1978,1978,George Thorogood & the Destroyers,So Much Trouble,d116fda6-b8c8-4dae-8259-14f73ce05747
1978,1978,Ger En Els,Kom maar mee,e8e98012-2395-4d5d-9d85-7b4522b3166c
1978,1978,Gerard Wiersma,Fierljeppen / Ik hâld fan dij,e86eb227-848f-4180-b777-ec8101d7f138
1978,1978,Gerry Ford,Family Bible,42bf7270-cea7-4995-a3cd-b26c2e5e7daf
1978,1978,Gerry Rafferty,Baker Street,28189360-6638-3497-8872-5f31385105a2
1978,1978,Gerry Rafferty,The Ark,10b9766d-f33f-3d02-90d2-40a1ded3b8f6
1978,1978,Gert Siebum,"Met jou aan mijn zij / Kom maar bij mij zitten, meisje",8d2ac8a2-1236-4087-afbc-f0e776800829
1978,1978,Gibson Brothers,Cuba,dcd6e9dd-b893-4c6c-8676-e6e460c1ecf4
1978,1978,Gil Scott‐Heron,Angel Dust,07b6cead-fa4f-40f4-8985-d5dfdcd69aaf
1978,1978,Gil Scott‐Heron and Brian Jackson,Show Bizness / Better Days Ahead,e471677e-9d75-4841-9ad2-32d8b8182bd1
1978,1978,Gilbert Bécaud,Un instant d'éternité,8eb972bc-fc60-4b8c-b1c2-11cf9f726b28
1978,1978-09,Gino Vannelli,I Just Wanna Stop,7203251d-aa5f-4e67-8a92-dabd80bb5ab4
1978,1978,Giorgio & Chris,"Love's in You, Love's in Me",e5192353-aff0-33b2-8c15-23e32ed32f33
1978,1978,Giorgio Moroder,Chase,f01aa82b-98fa-4802-bb2f-3393d0181f40
1978,1978,Giorgio Moroder,The Chase,ce362ddd-e2c2-3d0a-b524-9ec0a5b47282
1978,1978,Gloria,Ping Pong Space,161673b6-0f7e-42e4-af8c-f5b80ce0cd57
1978,1978-10-27,Gloria Gaynor,Substitute / I Will Survive,4858b046-3d22-3fdd-8cb2-13ec9297dbca
1978,1978-03,Gloria Mundi,Fight Back!,ab337d6b-23e1-4d53-977e-bc801fe5b382
1978,1978-10-20,Gloria Mundi,Glory of the World,25f755fa-4ac1-45ff-a585-56b9a0f789db
1978,1978,Goblin,Yell,13689137-9a5b-48ba-a2c9-5c5e99cd2de3
1978,1978,Godley & Creme,Sandwiches of You,f7b4517d-8182-458c-8fd5-b811c1e57374
1978,1978,God’s Heart Attack,Treat Me Like a Doll,a78d33a5-03ec-3b22-82ad-63a3931e35e7
1978,1978,Golden Earring,Movin’ Down Life / Can’t Talk Now,72fa214e-f9cf-46c7-8420-0c15885b5542
1978,1978,Goldie,Making Up Again,b3bb719c-2b76-3434-a878-200856c5542b
1978,1978,Goldie Alexander,Come a Little Closer,062d1774-4d20-439f-bb8a-4a1ca1282bf4
1978,1978,Goldie Alexander,Comme J'ai Toujours Envie D'aimer,a577aa8e-4b4d-4c24-93cb-e513e59de72e
1978,1978,Gonzalez,Haven't Stopped Dancing Yet,4f84ddb2-f31f-4b0b-bb43-af2318f3b307
1978,1978-10,Goran Kuzminac,Stasera l'aria è fresca / Passeggiata,0c618f3a-82cc-4797-a979-272826bad587
1978,1978,Gordi,Duga Noć / Idi Sad,d823682a-b111-4f7a-a904-1005acf505f4
1978,1978,Gordon Lightfoot,Daylight Katy / Hangdog Hotel Room,054365e6-e03c-4be2-aaad-185f8f27b650
1978,1978,Gordon Lightfoot,The Circle is Small / Sweet Guinevere,b78aea63-baf5-4aa8-be6d-3ccab182197d
1978,1978,GQ,Disco Nights,28d58a36-4f6e-4c7b-9e06-e0e97d33c838
1978,1978,Grace Jones,Do or Die,15a3056f-4e0a-4292-bf10-4ba066abff8c
1978,1978,Grace Jones,Fame,dcb644f9-6b21-4034-8469-0dc23ff01517
1978,1978,Grace Kennedy,Fever,d81bd06c-7808-45d3-9838-b434dcdc26a3
1978,1978,Graham Parker & The Rumour,"Hey Lord, Don’t Ask Me Questions",96d7d799-d73e-4fc3-8649-7d92ee1436fe
1978,1978,Granada,Himno del sapo,0bb1959b-8fc4-4441-be38-aad568ccf54e
1978,1978,Grateful Dead,Good Lovin’,95f82079-253a-3f74-bc87-60c4558ff649
1978,1978,Grateful Dead,Shakedown Street,ef90cd5a-6d54-46ac-b31d-930a504f745c
1978,1978,Great British Heroes,Eric Miller,23fcb6ce-ac18-3f87-ab99-beeb6bc644a9
1978,1978,Gregg Diamond,This Side of Midnight / Star Cruiser,cd635140-79a3-4ba0-96dd-99ceed536baa
1978,1978,Gregor MacKenzie & The Misanthropes,Torture That Girl,dbed33c7-d02d-42e2-b5c4-da33ad569efc
1978,1978,Gregor MacKenzie and the Misanthropes,Concealed Weapon,51029e06-0dcc-4926-9a36-a6cd323c45c8
1978,1978,Gretchen,Dance With Me / Love Me More,b76354ee-c860-4b74-804e-d8b9ae756b3e
1978,1978,Groupies Delite,Rudy Gorilla,0fb58eee-f468-47b1-8b56-6dbeee5cac22
1978,1978,Grupo el Carro,Juan Camaney / Caminito de rieles,d843f3c9-ae2f-48fe-9aed-4d2d6a4a6b20
1978,1978,Grupo el Carro,Ruega por mi / Mi novia la calaca,e3dfcb67-0e64-4d62-b0b3-975f4015ac54
1978,1978,Grupo Latino,Rasputín / Siento rabia,b32d5a8f-d82a-4d75-b787-00d13ff560f5
1978,1978,Gruppo Sportivo,Beep Beep Love,8e81b668-3f1b-456c-a0ce-ad20789face5
1978,1978,Gruppo Sportivo,Hey Girl,a85a8efa-456a-34e0-a0b2-bd9ffb766ef2
1978,1978,Guadalquivir,Baila gitana,f34f7d5b-3e35-4998-8c04-741e5630abdd
1978,1978,Gunter Gabriel,Ich bin CB-Funker,705d1b48-b56b-4717-b12e-7dc07e2aeff3
1978,1978,Gunter Gabriel,"Ohne Moos, nichts los",75c6b99f-ec25-4dfe-90f8-fae492e23bd7
1978,1978,Gus Backus,Muss i denn...,d2eb1927-209e-446d-9d2e-0bff4e063bb6
1978,1978,Guy Bedos,Discomedia,772fb23c-74c0-420b-a897-f17ad31f5319
1978,1978,Guy Béart,L'espérance folle,4a9888b0-477c-4151-a508-4c3e6326daea
1978,1978,Guy Béart,La vérité,a7623f2d-c7ed-425a-b1d4-35b6b2e56535
1978,1978,Guy Béart,Les grands principes,575f9291-c9b4-4464-9e89-972eaa43534d
1978,1978,Guy Béart,Qu'on est bien / Le Chapeau,7e43617e-8f99-4900-89b3-13655504aac8
1978,1978-04-14,Guy Marks,Loving You Has Made Me Bananas,3219d1d4-95b2-4b21-8946-b30d16f84fb3
1978,1978,Gyro,Central Detention Centre,cebafbfb-26cf-47f3-abae-dd985f90126d
1978,1978,Gérard Lenorman,Lilas,edd9ab3c-0bdc-44f0-b7f6-82fb1168e47c
1978,1978,Göteborg Sound,1978,00eb6357-7b18-3949-ada4-db4356506511
1978,1978,Göteborg Sound,"Rik man, fattig man",1d785529-ee7c-34ad-8c64-ec59d850fb53
1978,1978,"Hafusa Abasi, Slim Ali & The Kikulacho Yahoos Band",Hayeshi Mawazo,2af37058-b67f-4bf1-9fe3-ba711bfb9bc4
1978,1978,Hallelujah 2000,Hallelujah 2000,6cb6c446-0229-4e6a-b868-5da3d8278654
1978,1978,Hangover,Sick Society,0fd03202-3aa1-3d8a-ade4-52f0cda9d93c
1978,1978-05,Hanne Haller,Das kannst du also auch nicht,1598729a-a979-491d-acb1-dcc01f57d4c2
1978,1978-10,Hanne Haller,Deckel auf - Deckel zu,7e75c84e-4ca2-4692-845c-630d4299800e
1978,1978,Hanny,Ciao ciao amore / Slaapliedje,fe15dccd-91cf-4202-8fc4-ca802ac22b3f
1978,1978,"Hans ""Puschi"" Pusch, Karl ""Mundl"" Merkatz / Wilfried",Every 1's a Winner,2073ec09-2df4-467d-b1ed-87591b0dcb7f
1978,1978,Hans Krankl,"Vor, vor noch ein Tor...",893a5288-0c54-400e-82cb-cfe3d6709c55
1978,1978,Hans van Seggelen,Best Friend / Dad,4acff532-7bab-4da6-af96-d3dd3e391377
1978,1978,Hans-Jürgen Beyer,Ein Augenblick der Ewigkeit,034da333-cef2-4ee5-9567-d1a4b8c2b278
1978,1978,Harlequin,Bara vi två,0289d520-3395-4c7e-a0df-176161ea8716
1978,1978,Harlequin,Fever,d2469447-ed22-41af-835e-7f1769f1b422
1978,1978,"Harrie Werk, Margo en Dirk",Heel de camping / Jij hebt kuiltjes in je wangen....,cf2e00cf-d998-42f9-8d23-dd532b6a5deb
1978,1978,Harry Belafonte,Marching to the Fair,f4549510-64cb-4908-a1e2-dcdbe91c97a1
1978,1978,Harry Werk & Dirk Plezier,Kom ga mee met mij / Nou nog eentje dan,312b540b-3f8f-498c-a0e5-d6bea4aa0c18
1978,1978-10,Hawklords,PSI Power,3d11db69-5624-480c-bb2b-779379d66b17
1978,1978,Hazel Dean,Quién era esa chica con la que te vi / Un error,2bad805b-9926-431b-9cdb-d04fe21e9913
1978,1978,Hazy Osterwald Jetset,Uf d Socke mache,3f59c2a2-5ab5-4a54-9879-ed5860a60879
1978,1978,Heart,Dog and Butterfly,ce2927cc-f53e-450f-af81-03fd3e993ea9
1978,1978,Heart,Straight On,c73c5db4-625c-4216-b6c2-a03e622e2698
1978,1978,Heart,Without You,acc292d4-6384-4063-b2cd-287f69a41692
1978,1978,Heatwave,The Groove Line / Always and Forever,04e24ba3-e2ca-419d-a159-37ea87fa1012
1978,1978,Hector,Ei mittään (Työttömän arkiviisu),a99ff632-85bd-47f7-bc80-ee6e50fdab67
1978,1978,Hedva Ambani / Gali Atari,One Heart / Prince Of My Dreams,9f40e6fd-0612-46a3-b477-dd67cb315244
1978,1978,Heino,Beim alten Bill in Oklahoma,4005b877-c68e-421c-ada5-6ec5ca0fa41a
1978,1978,Heino,Hipp-Hipp-Hurra,7155b788-8c15-4cfd-b5bf-16ffab15b887
1978,1978,Heino,In Honolulu,481be560-85b4-4b1d-8ca9-5a54da9311a6
1978,1978,Heino,Veronika,d543175f-f4ed-4072-bf97-8e06cd4077a6
1978,1978,Heintje,Und das alles weil wir uns lieben,0e7f18cf-4d76-437f-8928-b33cd78a62ac
1978,1978,Hela Huset Skakar,Ingenting blir bättre av sej själv / Mammas städskåp,386b00e7-5ada-34ad-8dbf-fd8d74151113
1978,1978,Helen and Harvest,It Didn't Have to Be a Diamond,0b1f7b4e-c64b-4b8d-93a6-3007c36276bc
1978,1978,Helen Keller,Surfin' With Steve and Idi Amin,163b297a-c175-376b-bd12-64191b0645bf
1978,1978,Helen McCaffrey,I'll Get Over You,56944af5-03b5-4c64-ba4b-0214372b8f46
1978,1978,Helena,Unter der Asche meiner Liebe ist noch Glut,0e2ba827-f2b2-4672-86fb-0ca0e7b99564
1978,1978-12,Hello,Hi Ho Silver Lining,a1c8f719-4c05-4398-aac7-590903c8bff5
1978,1978,Helma & Selma,Zeeman je droomt van Hawaii / Honolulu twist,e634e7e3-75d2-4b92-859d-b082c87c6557
1978,1978,Helmettes,I Don't Care What the People Say,18c9afa4-51fd-3c2e-9a45-abaeb49230aa
1978,1978,Henk Wijngaard,"Met de vlam in de pijp / 100 kilo, dat ben ik",707b3a52-e067-410d-8778-593e3568e307
1978,1978,Henk Wijngaard,Nachtrijders / Zingende wielen,aeb650de-2c01-4034-b72b-ed1fc15611f3
1978,1978,Henny Alter,Merci chérie / Balalaika's in de nacht,527d8972-2428-45e4-8e7e-ca477a12b9c8
1978,1978,Henri Salvador,On l'a dans l'baba,eb7c0b6e-858a-4338-a325-8b88910d31ab
1978,1978,Henry Valentino + Uschi,"Wenn du mich fragst, ich bin dabei, wir machen uns das schön – wir zwei",3d99dc9f-a7cd-4869-9056-c6cadedfedda
1978,1978,Herbie Hancock,I Thought It Was You,69cfabc2-1fa8-4bb6-840b-66f7828d2308
1978,1978,Hercule,Sunday Morning Fever / Little Green Man,31630c2b-4f0b-44ce-a1a3-2aa3bea23087
1978,1978,Herman Brood & His Wild Romance,Still Believe,c3e7fee2-e8dd-41ff-88e7-588d9ba2315d
1978,1978,Herman Kelly & Life,Dance to the drummer's beat,d03d66c4-c102-41f3-a0b4-4760e80419bf
1978,1978,Herman van Keeken,Buenas dias senorita / ’n Onvoldoende,bfe5f32b-b65e-4f2d-948b-9fd2577675bc
1978,1978,Hermanos Záizar,Morena / Mis dos amores,7c37b375-a01c-4b61-b9fd-7bbeaaac5425
1978,1978,Hervé Vilard,Nous,e25ad8c0-9695-4b76-8922-97286b143a32
1978,1978,Hervé Vilard,Rêveries,6fbe6c0a-1ee6-4912-bacd-6f42600e7f04
1978,1978,Het Sneeuwbaltrio,Het lied van de IJssel,36305d2b-2378-4b4f-ab23-814e6eeee194
1978,1978,Het Sneeuwbaltrio,Het oude huisje,6917ca31-973d-4981-a679-bebbf4385124
1978,1978-08,High Inergy,Lovin' Fever,22096c9a-63a7-45c6-91ff-58a60255702f
1978,1978,Highlight,Round in Circles,77b10019-cf01-4e83-b9aa-0b9e445ef781
1978,1978,Hi‐Fi Set,あめりか物語,f817017a-04f4-4294-8f38-cb0c847b3b39
1978,1978-04-20,Hi‐Fi Set,少しだけまわり道,e6099468-7849-4c7d-ab96-49a174a8ee3a
1978,1978,Hi‐Fi Set,熱帯夜 / 燃える秋,9b879334-ed19-4054-9472-eb5dde48a80f
1978,1978,Hi‐Tension,British Hustle,a3d8e820-a32b-46ee-bd3a-7df830f0e12e
1978,1978,Hi‐Tension,Hi-Tension / Girl I Betcha,340f28f2-2b49-4569-96ad-66cd4e6caa4f
1978,1978,"Hodges, James and Smith",Falling in Love / You Know Who You Are,367ee9d4-927d-4376-919b-d8d352d66b61
1978,1978-06,Hoffmann & Hoffmann,Bind' den Bernhardiner an,c82e3541-3737-44cd-9b91-54db2c88478a
1978,1978-04,Hoffmann & Hoffmann,Die Zeitmaschine Part I & II,988f31df-6ee3-4c37-a52d-951986b76dab
1978,1978,Honey Pie,Boogie-Oogie-Oogie / Miss Broadway,9a7ee769-785a-4c48-a257-168f53cfc105
1978,1978,Honeymoon,Liberi Noi..... / Ogni Istante Di Più,355ebf1a-accc-4992-93d1-12ca8c14644f
1978,1978-03-04,Hot Chocolate,Every 1’s a Winner,415708fa-313a-46a4-818d-330f5f4fb82e
1978,1978,Hot Chocolate,I'll Put You Together Again,785bd42d-d624-42a2-a7de-d269ad2c4e0f
1978,1978,Hot Sauce,Baby Tenderness / You Want,90a5b99d-3dde-4d4f-bd77-22710c65f087
1978,1978-08,Howard Carpendale,... dann geh doch,4e44b5fa-ea6a-4bb3-b8d8-884a53f0a66d
1978,1978,Howard Carpendale,Suspicious Minds,dcb31c64-fce0-435d-ac58-735906ec4986
1978,1978-02,Howard Carpendale,Ti Amo / Just Another Town,9466adb7-c35e-4092-9410-ef86b0a5ebca
1978,1978,Howard Werth,Obsolete,4e1679eb-0368-4afc-8eee-e7f58597c4f2
1978,1978,Howling Hurricane,Dreamt Up Rock / Hot Lips,c25fcd77-3519-4d5b-9f3e-2c46d467edbb
1978,1978,Hubble Bubble,New Promotion,4fb2d01e-880a-4c34-8016-a2417d410879
1978,1978-01,Hugh Bullen,You and I,ed75c28b-78a2-4995-8114-1651624d7adb
1978,1978,Hugues Aufray,Barco de papel / La Chanson de Robinson,41926a23-9a8d-42b0-8b5d-5df9fed23c2a
1978,1978,Hugues Aufray / Bernard Swell,Redoutable / Comme une superstar,130507cc-626d-409e-9432-6dce12e5c71c
1978,1978,Hurricane Fifi,Something New,5e4ad6a3-ae3e-4e24-b0d0-bab92ffefac2
1978,1978,Huuhaa Innanen,Borneolaisen passipoliisin parempi huuhaa-laulu,a27a23a4-0145-4b5e-ba8e-a09152588bc2
1978,1978,Hydra,Knudde met ’n rietje / Ga je met de optocht mee,661aac43-b218-4b2a-b99a-f576463c6e09
1978,1978,I Jog and the Tracksuits,Red Box,dc1369dc-e2b4-4dd4-bb86-8cda14b7c363
1978,1978,I Kong,Zion's Pathway / Take A Hold,7515d709-6a0e-4aaa-af2e-f54a2c0dde8f
1978,1978,I Threes,Many Are Called,fa5e793c-fa82-45d7-88c7-a4bf18e5876e
1978,1978-12,Iain Matthews,Shake It,7a2269aa-ff0c-4aa8-ab51-a95966dd35b9
1978,1978,Ian Dury,Wake Up and Make Love With Me,4f032f81-5e00-40be-9fc7-d8bc812812c2
1978,1978-04-14,Ian Dury,What a Waste!,3506f6f0-792f-383f-8734-36f4d98c8f36
1978,1978-11-23,Ian Dury & the Blockheads,Hit Me With Your Rhythm Stick,09e9c24f-0a36-3fd3-ac8c-983c4bf7cdd6
1978,1978,Ian Gomm,24 Hour Service,7dc4252b-d0b1-4b97-94cc-fdee07c79b6e
1978,1978,Ian Gomm,Come On,d6a1c4ae-d397-41c1-8348-4ebee4a9d652
1978,1978,Ian Gomm,Hold On,ac1c4c72-d0e8-3ae8-a9bd-6278aae53bf6
1978,1978,Ice‐O‐Matic,Steppin’ (For Your Love) / Bein’ Nice,dd301bf4-4c39-482f-b668-0015b1301cf6
1978,1978,Idris Muhammad,Boogie to the Top,89306994-4ec1-4aa3-b925-3144fc97fbf4
1978,1978,Iggy Pop,I Got a Right,2d86394c-dcad-4cb0-8ba2-9ec6d4f4e003
1978,1978,Iggy Pop,Some Weird Sin,d8ef0390-47a4-43e5-997f-ea3904c99b1b
1978,1978,Iggy Pop & James Williamson,Kill City / I Got Nothin',5ed41307-1c10-46f1-9933-c9e775915623
1978,1978,Ikaros,Goodbye Bad Times / Time for a Start,491e068b-62e4-44e6-b8d6-b1deae4e0279
1978,1978,Ikaros,Kiutaköngäs,1ba2bab5-e80a-4f5a-b665-40178213a03a
1978,1978,Illusion,Madonna Blue,4e859d40-67ba-355a-933c-c5613b8965d6
1978,1978,Ilona Staller,Voulez vous coucher avec moi?,cbc27434-934b-44af-a45d-3888cb1a3480
1978,1978,Imagine,Rétro-Mélo-Disco,c0e51e1f-d848-4df5-93ca-7593811fec42
1978,1978,Imán Califato Independiente,Darshan,0eaa5360-b5e3-41e7-9337-c2f5f158f0de
1978,1978,Imán Califato Independiente,Tarantos,18f98579-8c44-4c86-82fd-b18851e09437
1978,1978,In Crowd,Back a Yard,f4fc842a-c664-4184-8102-4f871929dd83
1978,1978-05-14,Indexi,310 poljubaca / Bilo je lijepo,1f4cecc4-aeff-4b57-8459-ab8f42e464e5
1978,1978,Ine Kuhr,Jij zult nooit zeggen,88b7fc3d-27bf-42e4-bcc9-6a1059d378bf
1978,1978,Inga Rumpf,Jukebox Palace,2b283f97-a018-4ab9-bc79-2c95210a256e
1978,1978-04,Ingrid Peters,Schmeiß den Kuckuck aus dem Nest,b3fb888f-b26f-49a5-bb98-824789a9731e
1978,1978,Ingrid Pollow,"Oh, Charlie Chaplin",21287d2a-a990-43d8-b838-d8a29c83a710
1978,1978,Ingrid Pollow,"Tja, schöner Bär",23bcc482-3420-479d-8448-b9e3da2159c1
1978,1978,Instant Funk,I Got My Mind Made Up,b2863b35-562b-4369-8c6f-01834f035fd7
1978,1978,Instant Funk,I Got My Mind Made Up / Crying,344ed96c-2bf3-3d5e-8da8-b90dff26972f
1978,1978,Instant Funk,I Got My Mind Made Up / Crying,e75e10b0-fcc6-4b2b-a4f6-93ab8518fa20
1978,1978-12,Instant Funk,I Got My Mind Made Up / Wide World of Sports,4d2f0d6d-277f-4fdf-ba13-66afa651f87e
1978,1978,Ireen Sheer,Feuer,c5776e2a-9552-49f7-8468-8ae5557a0dc6
1978,1978-04-24,Ireen Sheer,Fire,6f4ed0e1-26ce-47f0-90c9-b152a9ee8100
1978,1978-01,Ireen Sheer,"Hey Junge, sag das noch einmal",b9048ac7-3ee8-492e-bdf4-5a17181593e4
1978,1978-08,Ireen Sheer,Hey Mr. Musicman,138b0869-d55e-4186-882f-681772e8982b
1978,1978,Irena Jarocka,Garść piasku / Chyba się warto o mnie bić,83da3229-b31e-4b90-bae2-a30715452ce0
1978,1978,Irrwisch,Metronom / Reflections,91446086-b3af-447e-8975-fdc5a2152c58
1978,1978,Irwin Goodman,Istuva härkä / Jesse James,0e01e5ef-6ff1-4704-9ecb-45fa9cb5bad8
1978,1978,Ivan Graziani,Pigro / Paolina,323f7a1c-9c91-4ff1-af40-afd8675e5d1e
1978,1978,Ivica Šerfezi,Elada,d899d838-640b-454a-b7bc-a97c9c18f2de
1978,1978,Ivica Šerfezi,Serenade für dich,f24d1d51-c7b8-453a-a7cc-9635f9b88f87
1978,1978,Ivo Fabijan,Moj Prijatelj Fokus,31eee51a-f81f-49ab-b8ec-458f0fd6cb8a
1978,1978,Ivo Fabijan,Podstanar,1e181d46-da90-4eb4-8e9a-5fc01474115b
1978,1978-04-02,Izhar Cohen & The Alpha-Beta,A-Ba-Ni-Bi,279b1f8b-8ff9-48c1-bfa1-9f9091c2fd9d
1978,1978,İlhan İrem,Sen Bilirsin / Ayrılık Akşamı,69907bf7-457d-4781-adbb-56a5511e440f
1978,1978,J. Yankel,Elle se moque de toi / Jour de folie,947b783e-5405-3190-be4e-0e85ec22b62c
1978,1978,J.J. Ronter Group,Better Days,4d14779c-7d31-43dd-af6c-1a5ec5c43a83
1978,1978,Jaap Menten,Cirkus Renz,6afcf909-2cc7-462e-aaed-4712a897760e
1978,1978,Jaap Menten,De veleta,da8ee0da-4bcf-44db-80e9-276f24928ad3
1978,1978,Jack Jersey,Asian Dreams / My Father’s House,d04cce8d-ea8c-44b9-80ff-ba8d272e4ad9
1978,1978,Jack Jersey,Viva Mexico / Sweet Ol’ Dreams,54d557ac-aa20-4236-96b2-0f51389e137a
1978,1978,Jackie Shark and the Beach Butchers,2nd Generation Rising,00009da6-9c43-3b5d-b9e6-81185db6e832
1978,1978,Jackson Browne,Stay b/w Rosie,bd707ac9-5420-47b7-9acf-fd2ca5e93627
1978,1978,Jacques Brel,Les Remparts de Varsovie / Jojo,42c7a089-c290-4208-b2be-08fb204b0f8f
1978,1978,Jacques Herb met Riek Schagen,Moeder Maria,8f5b78cb-9a59-406b-a650-963c28d688eb
1978,1978,Jacques van Eijck,Doing The Bop,fcb8a30b-7483-42ad-ae0e-2ae466b947e9
1978,1978,Jacques van Eyck,Let's Get On Our Way,c136c531-6958-4100-8bd3-4aee918b2e25
1978,1978,Jah Wobble,Dreadlock Don't Deal in Wedlock,ee3a548f-e7c8-4f03-b4b1-d8aa4631022f
1978,1978,Jahn Teigen,Mil etter mil,4edbf1d2-f4e5-4df2-8ee9-e9bc2e3dec26
1978,1978,Jahn Teigen,Mile After Mile,b4687959-e411-4491-b921-6b83ab54b49a
1978,1978,Jam Rock Band,Come On Rock / Devil,98294917-8f32-4f78-be9c-abf73e598c15
1978,1978,James Brown,"Eyesight / I Never, Never, Never Will Forget",ed74369e-ca6e-4b73-9b08-6972a04c70c5
1978,1978,James Brown,"For Goodness Sakes, Look At Those Cakes",5485ab4d-b62f-442b-90c1-b99875bc22dd
1978,1978,James Brown,The Spank / Love Me Tender,84174a2e-6bea-4e59-8710-e0e72f10bddf
1978,1978,James Last,Ballade pour Adeline / Piece No. 1,4adfedf5-22c8-4d9c-9abf-0c09b9e02519
1978,1978,James Last,Ballade Pour Adeline / Romance,b36e7e5d-a7d9-4b54-b16a-f02b8d5b57ad
1978,1978,James Last,Ballade pour Adeline / Träumerei,ccc72e34-733f-448f-b3b8-0997a7d6d857
1978,1978,James Last,Charmaine / People Will Say,ec8d8aba-dfc5-4256-b7d6-0204b4a09f12
1978,1978,James Shepherd Versatile Brass,Cornet Carillon,5aabd83a-08da-4351-9cad-003d2407ee96
1978,1978,James Wells,My Claim to Fame,aa2f815d-3b42-4103-8b2e-a7b75b235e71
1978,1978,Jan & Zwaan,Al die eenzame uren,058c1d4a-9f90-4b7b-aa1d-51c4e8102cb6
1978,1978,Jan & Zwaan,Met een beetje zonneschijn / Daar bij die molen,1a460b88-921d-4b7f-8e6c-aed8aa91b30e
1978,1978,Jan & Zwaan,Op die mooie Drentse hei,059b9cfa-96fb-459a-a448-1f39ac8ab790
1978,1978,Jan Berend Bazuin,Volkslied van Schiermonnikoog,afaf4f8d-9040-490c-800e-87002e51c8fc
1978,1978,Jan Beton,Van de ouwerwetse,aa9615d7-8e43-4c98-a1c0-69ba793d0944
1978,1978,Jan Boezeroen,Ode aan drie / Tango alleen,b0a6c2b1-e101-4059-a909-b59c3b286ed3
1978,1978,Jan de Beer,Voetbal is mijn leven / Je gitaar,7540d537-bd5b-4256-9af3-5832b07c4fd6
1978,1978,Jan Petat,Zo’ne goeie hebben wij nog niet gehad,69b05c56-70a0-4db2-92f8-b1ead576d32b
1978,1978,Jane Aire and the Belvederes,Yankee Wheels,d8bd389a-7f8b-4aaf-9e1f-04dfa75dd15e
1978,1978,Jane Birkin,Ex fan des sixties / Mélo mélo,2c23849d-28a4-44aa-9131-7f0828a0926e
1978,1978,Jane Birkin,Nicotine (Il est parti chercher des cigarettes) / Apocalypstick,7da11ebe-ba64-4b97-9dc1-9a3b10f611ab
1978,1978,Jean Francois Morris,28° w cieniu,f3bdff8c-743b-4598-b846-8cffd505b9e5
1978,1978,Jean Guidoni,Nana,783d9129-b131-46ab-a983-334b9deb7a06
1978,1978,Jean Lefebvre & Bernard Dumaine,Les Vignes du seigneur,07436997-d908-4502-87f5-032b61dca365
1978,1978-11,Jean Michel Jarre,"Équinoxe, Part 5",0d5b3408-da3e-3168-8213-69be9a566cd9
1978,1978,Jean Schultheis,Ma main,f5598b4a-18ec-4a9a-a6d3-0ccd425e8a64
1978,1978,Jean-Michel Caradec,Elle m’a dit non / Isabeille,defbc90a-d7d6-4418-8a39-98b329777b1b
1978,1978,Jean-Pierre Savelli,C'était pour toi,fdd0eaf1-3935-49a0-ac2e-c918e19fbadd
1978,1978,Jeanette,Don't Say Goodnight To A Lady Of Spain,314e0642-3f9b-442f-85bb-85414368ef8f
1978,1978,Jeanette,Voy A Tener Un Niño,81b8da4a-1ab5-4292-93bd-dd1be7044cdc
1978,1978-05,Jeanne Mas,On the Moon,8face7c3-1ec6-4a1b-bede-d0980742c23a
1978,1978,Jean‐Patrick Capdevielle,Solitude,97bd3bf8-f828-43fc-8a39-16c39d02e3cb
1978,1978-06-02,Jeff Wayne,Forever Autumn,a9ff91c7-deb5-4cb2-bcdf-e4b0c24dc7f6
1978,1978-09,Jeff Wayne,The Eve of the War,f5ae3833-d889-48b1-8f01-bf751143a9d1
1978,1978,Jeff Wayne,Thunder Child,e0c9ff94-07a6-4ce3-9e67-35576179298d
1978,1978-05,Jefferson Starship,Runaway,6a40e406-9387-40fb-b3a4-29c67b945b57
1978,1978,Jen Rog,Down in Mexico / Happy Street,551d1499-eae8-491d-b24b-fd1841587f56
1978,1978,Jennifer Eccles,Love Child,3255cebe-7943-4d78-84e5-1be7d9176b29
1978,1978,Jerry (De Jodelende Cowboy),Babbysitter Boogie / Jodel Boogie,38262662-31b3-4626-a7d5-ab19a106fd50
1978,1978-09-12,Jerry Butler,(I'm Just Thinking About) Cooling Out,47b3c817-4d5b-416f-8992-ba1c0e5a468c
1978,1978,Jerry Deewood,Lovers in Between,9f2192a1-23ba-4d48-8828-428d813c5763
1978,1978,Jerry Inman,"Why, Baby, Why",08ec2be6-29b1-4641-bc7a-d571a9f3967b
1978,1978-07,Jerry Rix,Süße 17,f6bb805c-c46b-4f38-8174-5e9fff050a8f
1978,1978-09,Jerry Rix & Linda G. Thompson,"Du bist schuld, dass uns’re Kinder so aussehen wie du",13fe4a10-13cc-4a7a-b94b-28b0181eca7c
1978,1978,Jerry Vale,Now Is Forever,f291d458-ab06-4649-a2bc-e75c6996c3a1
1978,1978,Jet Staxx,I'm Gonna Be the Best Guy,a9e8ab4a-ae9e-4c6d-bf13-a52136ee39af
1978,1978,Jezebel Rock,Can't You Feel It Babe,b57c3bed-fc1d-4e3f-9ada-844d52dd6f4e
1978,1978,Jezebel Rock,Teenage Queen,7353c1f5-9a2c-41dd-ad53-c61cdd88cd2f
1978,1978-01-01,Jigs,"Heja, Heja Gripen",d2cde8fe-81de-4c22-b7a5-2750d38b0993
1978,1978,Jigsaw,Everytime,20c36796-ccf7-42d7-bea6-82aee207081a
1978,1978,Jilted John,Jilted John,267437e9-9f41-3f01-9e21-73da0edd8c56
1978,1978,Jim Jones,The Jonestown Death Tape,288c8ec1-4de3-462f-a712-5dadcd7f7512
1978,1978-07,Jim Penfold & The Hollywood Killers,Goodbye Suicide,94edd694-42e2-4996-8561-33220c442758
1978,1978,Jim Reeves,You’re the Only Good Thing (That’s Happened to Me) / When You Are Gone,46ddd56b-6ef0-4339-9c5f-91a2c9c8539d
1978,1978,Jim Stick Revelation,Night of the Witchdoctor,91b8c8c6-f8be-41f9-94fa-00b59f319464
1978,1978,Jimi Hendrix,Gloria / Hey Joe,47cd7d4b-e06b-4cf2-b72f-8d75def767ef
1978,1978,Jimmy Buffett,Livingston Saturday Night,f8239dd2-f16b-48da-a93c-3542e1f2df98
1978,1978-04-14,Jimmy Chambers / John Carpenter,You Can't Fight It / Julie's Dead,0e3c2909-ef87-4f1a-bf82-551d7b305893
1978,1978,Jimmy Cliff & Joe Higgs,Sound of the City,f32bd401-ae1d-48ba-a45e-f5470c1ce429
1978,1978,Jimmy Riley,Tell the Youth the Truth,f72f9510-eb42-3db0-a8f2-a43f75bf710d
1978,1978,Jimmy “Bo” Horne,Dance Across The Floor,b9dc2ecc-aee5-4484-9bde-66b03bd9cd9e
1978,1978,Jimmy “Bo” Horne,Let Me (Let Me Be Your Lover),9dafec39-b7d3-4d0d-86d1-fde8e807d00a
1978,1978,Jimmy “Bo” Horne,Spank (special disco remix),2dd160e1-6eb5-4a06-bf16-3695e11f152e
1978,1978,Jiří Hromádka a Skupina Golem,Tenisák / Letuška snů,4860a663-0447-4e88-b187-5f248c1e9953
1978,1978,Jo Boyer,Isabelle and the Rain / Milady,8d2cd09a-e33c-3cf8-9d6a-16f04037cfef
1978,1978-06,Joan Armatrading,Flight of the Wild Geese,5f8eb590-2132-4494-b381-40cab815157d
1978,1978,Joanne Wilson,Let It Be Me,a48e9604-c8fb-4d1f-b513-48703ff29043
1978,1978,Joe & Jenny,Island of Love / You Needed Me,64061503-0d9f-4743-8d2b-0b82748a01e9
1978,1978,Joe and Jenny,When the Day Is Gone / I Can’t Wait for the Summer,04fcdc0d-4e00-4369-baa7-b7a20626caff
1978,1978,Joe Axumite & Bullwackies All Stars,No Equal Rights In Babylon,98eb787a-67cc-4966-b867-7bdb1f80912a
1978,1978,Joe Brown and the Bruvvers,A Picture of You,8a08765c-1674-4107-b700-e3d1e4ed93e2
1978,1978,Joe Cocker,A Whiter Shade Of Pale,7049e703-629c-4ec9-9210-e6ca7f94e38e
1978,1978,Joe Dassin,Darlin',11bbf786-d95f-4d47-9fcf-494204a9abdc
1978,1978,Joe Dassin,Darlin',ab681801-b645-4458-b0be-ca18f9e25c94
1978,1978,Joe Dassin,Si tu penses à moi,56c8423a-8766-41af-b216-41c0254a3c85
1978,1978-09,Joe Jackson,Is She Really Going Out With Him?,ef2a6159-18e7-4cb5-aba6-0dacee86dc41
1978,1978,Joe Rodriguez,Me llaman cumbia / Claudia Patricia,04ff109a-ee2b-4aa5-aec1-9b5ca2a69982
1978,1978,Joe Thomas,Plato’s Retreat,baa76c84-7787-4866-96f2-a481906f049f
1978,1978,Joe Walsh,Life’s Been Good,4c346ce2-f928-4bcb-bf31-b4485f5cbd5f
1978,1978,Joe Walsh,Over and Over,297f767d-8af1-4c10-801e-938d462dd216
1978,1978,Joekie en De Twinkle Lights,Ik dans de hele nacht met jou,70be5aef-d998-4c9c-9bd3-7f4735fbf025
1978,1978-09-09,Joel David,Old Bones,549d3003-d697-4fee-8fe5-eb77334d78fb
1978,1978,Joelho de Porco,Outra Volta / O Rapé - Single,a723d484-0e74-4d1f-a756-b3c4716fcb8c
1978,1978,Johan & Henk,Van Veendam noar Olle Pekel / Oe bist mien Roeltje,8989c4be-9217-4faf-9660-db042e6f43ec
1978,1978-10,John Anderson,The Girl at the End of the Bar,e334e0e9-6364-4a81-a643-211bf52ea68c
1978,1978-05,John Anderson,"Whine, Whistle, Whine",6ac35ba2-3ba0-44dd-a108-6a27e8ec9de3
1978,1978,John Cooper Clarke,Post‐War Glamour Girl,5526f797-6cea-4afb-840d-3d9f7e536c13
1978,1978-08-25,John D. Bryant,Mr Tambourine Man,19f89d07-0427-4762-b906-25dc47e75460
1978,1978-03-24,John D. Bryant,No Strings,59e3b777-12d7-427e-857c-78c73b396ebd
1978,1978,John Davis & the Monster Orchestra,Kojak Theme / Whatever Happened To (Me And You),e6e21acc-5cdb-4103-8e73-945d901b8f0a
1978,1978,John Davis and the Monster Orchestra,Ain't That Enough for You / A Bite of the Apple,4c1f869e-3a6c-49e1-b20b-ff9af9392354
1978,1978,John Forde,Atlantis,ceb944cb-f43f-4504-a988-0732952f2c97
1978,1978,John Hutchinson ft. Stevie Lange,Dream,b66a9ecd-67e9-4ad8-9bb8-ca08eb34c9a7
1978,1978,John Ireland,You’re Living Inside My Head / Out of My Mind,9b8b01df-c2f7-4026-954b-fc987f68cfc1
1978,1978,John Miles,I Have Never Been in Love Before,1816d2d6-0ee0-4136-afd8-74247923f2e8
1978,1978,John Otway,Baby’s in the Club,fc4ace67-f4d3-4bdb-abdd-e8c7a06457b7
1978,1978,John Travolta,Greased Lightnin',1a427c81-84cc-444f-a49f-640a3bec6e18
1978,1978,John Travolta,Sandy,c278f444-52c6-45b7-b78e-4a837c16ce22
1978,1978,John Travolta & Olivia Newton‐John,Summer Nights,057ac0a7-ead4-4c4a-a950-b82608db70bf
1978,1978,John Travolta & Olivia Newton‐John,You’re the One That I Want,34fdf31c-3092-4260-acaa-7b6d326e2ae8
1978,1978-01-27,John Tropea,Short Trip to Space,ee8d3cde-231c-4f75-a2ba-08a2c84a7eb6
1978,1978,John Williamson,Lonesome Playground,9543e2d0-8452-4315-aa59-ef8c60229fc0
1978,1978,Johnnie Allan / Pete Fowler,Promised Land,a3c0162a-982e-42f2-8d16-515eee162cdd
1978,1978,Johnny Adams,Love Me Now / I Only Wanna Be With You,0883b3da-f4aa-4c6d-bd21-71bfe1b9193e
1978,1978,Johnny Ashcroft featuring Gay Kayler,Just Another Long Lost Love,a3ffc4db-d586-413e-a327-a0b3d52cbfca
1978,1978,Johnny Blenco,Veer Matse M.V.V. / M.V.V. Wals,90352e0f-02d9-4294-9865-c12814e09010
1978,1978,Johnny Blenco,Zwarte zigeuner / Magdalena,9ddb9f4d-58b9-410f-b8ba-d6c235da3b96
1978,1978,Johnny Cash,I Will Rock and Roll With You,c9b1d1fa-c907-46f3-8d7c-fa72f7eea5a2
1978,1978,Johnny Cash,I Would Like to See You Again,509eca6d-d529-41cc-ac53-6bde06272406
1978,1978,Johnny Cash,I Would Like To See You Again / Lately,7eea0648-3629-4670-99df-f7cd5291d347
1978,1978-06-02,Johnny Cash & Waylon Jennings,There Ain’t No Good Chain Gang,de946e55-93a7-4234-9be6-908e6973fa87
1978,1978-09-07,Johnny Chester,It’ll Be Me,07513282-5a78-4bfe-bf09-8ed040ff0746
1978,1978-04,Johnny Cougar,I Need a Lover,d95a4faf-d90b-4639-adea-712eb056449f
1978,1978,Johnny Hallyday,Elle m'oublie,a8155b66-39ee-4619-bcfd-7f72984ab31f
1978,1978-11,Johnny Hallyday,Revoilà ma solitude,180f8322-1d04-4663-814d-047a22e556a8
1978,1978,Johnny Jordaan,Van harte gefeliciteerd met jullie verloving maar...,d5cd682e-459a-4a8b-831b-3facbe85df7d
1978,1978,Johnny Key with The Kool Kats,Fallin' For You,5704cd14-a9c8-4dec-8b5e-6d2a0889ca41
1978,1978,Johnny Lion,Sophietje,69b4acc2-cb09-4d11-b21b-f3c7c551105e
1978,1978,Johnny Mathis & Deniece Williams,"Too Much, Too Little, Too Late",eb348225-6fa5-43cd-8be4-66ebe1a2692a
1978,1978,Johnny Moped,"Darling, Let's Have Another Baby",9e4c5a9d-6d83-45dd-8041-844209cec47a
1978,1978-07-14,Johnny Moped,Little Queenie,7edf85f4-fc15-429c-8ec6-bb50fbff5a82
1978,1978,Johnny Nash,Reggae on Broadway / Rock You to Your Socks,4083739a-a51a-462f-a97c-44c9d7d05db1
1978,1978,Johnny Palermo,Silly Old Songs,77cba244-52e8-4d5e-86a9-32eb8bc53fb1
1978,1978,Johnny Thunders,You Can’t Put Your Arms Around a Memory,b3cc43bf-69e4-4b3a-a612-dbb26f1b1882
1978,1978,Jolanta Kubicka i Anna Jantar,Urodzeni pod wodnikiem / Otwórzmy nieba ciemne drzwi,8b97c2e2-5092-4123-8f14-fd51f21304a5
1978,1978,Jona Lewie,The Baby She's on the Street,9a7aa236-ca52-4b4c-b596-c8186789c41f
1978,1978,Jonas Fjeld Band,Lady Midnight / Boogie On (Jole Blon),c7e76d90-b826-43e9-a2f8-0125357bbafa
1978,1978,Jonathan and Darlene Edwards,Stayin' alive,241269f9-9f89-471b-bbf0-a763b76790ee
1978,1978,Jonathan Richman & The Modern Lovers,My Little Kookenhaken,ff8e74fa-a6e9-3d9d-ad6d-4d7cc6fbe191
1978,1978-01,Jonker Johan,"Oh get, d'r zit geen haakje op het toilet",1cfdb550-fe3d-4966-bbee-55f51cf60f88
1978,1978,Jonny Hill,Ruf' Teddybär eins-vier,b95c67b4-21dc-42fa-b568-946da27e0fa6
1978,1978,Jos v.d. Pol en The Flying Stars,Rijnhaven / De matroos,34f1cba7-531d-466a-8f3e-5c6bf4f6b1a3
1978,1978,Joshua Moses,Africa Is Our Land / Home,549420b0-c8e4-4e81-b8dc-75d5f64ac2f6
1978,1978,José Luis,Voy a perder la cabeza por tu amor,4e331b4e-f472-4df9-a93c-351fc4ad183f
1978,1978,Journey,Anytime,46f9bd04-19ae-4675-99c3-dee2f39e9566
1978,1978,Journey,Wheel in the Sky,5c6e76ab-5d75-43b7-a954-9e5809d99c1b
1978,1978-05,Joy Fleming,I Only Wanna Get Up and Dance / Once I'm Bitten,6d5621e7-1b0b-440d-aae6-fffbb1daff65
1978,1978,Joy Mack,You Hurt Me So,67a9d1bd-d8f1-4780-94ed-a957d7562463
1978,1978,Joyella Blade,Cairo / Cairo Dub,e8d7f85b-7e99-4f3e-9720-6ac5e86ce841
1978,1978,Judas,Kapuspalad,3cd99786-163b-46e2-95d2-c830fc5650ac
1978,1978-08-29,Judas Priest,Before the Dawn,9fe628cb-a74b-48ae-ae0a-f2ed614a1221
1978,1978,Judas Priest,"Better by You, Better Than Me",0724acc1-6ff1-4018-ad0e-6651759316f6
1978,1978,Judas Priest,Evening Star,1cb46cd1-ebd6-4281-a3b5-c4ad50e7ef7b
1978,1978-01,Judas Priest,Exciter,937ac89e-d5bc-4ae6-a1b7-cc76b9afd4cd
1978,1978,Judas Priest,Hell Bent for Leather,327cd3db-280b-4131-930f-ca3ad9b1231f
1978,1978,Judas Priest,Take On the World,5705d9d9-b3b9-4cca-9fa1-699c769ec0d9
1978,1978-12-01,Judge Dread,Jingle Bells / The Hokey Cokey,b80bc749-e489-4eb3-ab47-ae3ef60d8155
1978,1978-06-16,Judie Tzuke,For You,3309afb3-733b-4aae-a7dd-886f496b4dae
1978,1978,Judith Angela,Super Cool Disco Queen,547a0686-26b6-4e61-84b6-a428ff3605f6
1978,1978,Judy,Maar ik hou zo van jullie beiden,386ebafd-54a0-49cc-a794-f542caab8fa7
1978,1978,Judy Cheeks,Mellow Lovin',ef7fcf4e-f449-4f52-899c-e8b76215fd43
1978,1978,Juice Leskinen Slam,Iisalmen diskossa / Skorpioninainen,7fd56936-8a87-4746-a1ce-c46a98d87909
1978,1978,Juice Newton,It’s a Heartache / Wouldn’t Mind the Rain,6ba0615b-7e5c-4eb4-bfee-f70ba650682d
1978,1978,Jukka Tuovila,King Kong murskaa,8571202c-e108-4590-932c-a7deb7ddcac2
1978,1978,Juliane Werding,Hotel Royal,9693637b-e8e8-4530-aefa-a12197d7dce7
1978,1978-03,Juliane Werding,Nur noch eine Nacht,42be5f72-e935-4efe-9c03-b8adea3959fa
1978,1978,Juliane Werding,"Oh Mann, oh Mann, wo hat der Mann nur seine Augen",439fe8b6-ccde-4a57-ade1-dc209d9344e7
1978,1978,Juliane Werding,Postfach auf der grünen Wiese,28bcbff1-b0c9-4004-b2f5-9b3df8b54567
1978,1978,Julie Sitruk,Un Païs Tropical / Mystic Love,91166fab-db80-4c2a-a862-3cbfaec58213
1978,1978,Julien Clerc,Ma préférence / Travailler c’est trop dur,76c95bee-10c8-4bcc-8625-dcc6403e548a
1978,1978,Julio Iglesias,Aimer la vie,8a99020e-92b8-4783-9699-2480d3203065
1978,1978,Jupiter Rey Band with Lilly Rose,Dance With Me,5c4e1c38-65ca-4e51-96c6-2134630fffe4
1978,1978,Just Water,Singin' in the Rain,bae74fb0-4290-4847-a125-1a8d5ac8ddee
1978,1978-11,Jürgen Drews,Du schaffst mich,278a309b-837d-4e5f-9481-455fda3c3ba1
1978,1978-04,Jürgen Drews,Wir ziehn heut' abend aufs Dach,0974c506-3500-406f-91b1-edd69f65e293
1978,1978-07,Jürgen Marcus,...davon stirbt man nicht!,b06016e9-f4d9-43c6-8533-732137428131
1978,1978-03,Jürgen Marcus,Holland,4a04b89b-530c-482f-b772-64931601222c
1978,1978,Jürgen Renfordt,Einer zuviel,3ee9b28b-a5e3-46fc-85c0-cc4845926d4a
1978,1978,Jürgen Walter,Je t'aime,6ebcaaa8-e2e6-4b91-b4cb-1a5e85944a02
1978,1978,Kake Singers,Me halutaan olla neekereitä / Kakerock,f78ff310-9b55-4e06-9b6e-eef57c60fdf1
1978,1978,Kandidate,Don't Wanna Say Goodnight,e4d1bc7c-ae91-4f2e-b670-765f22786163
1978,1978,Kansas,Dust in the Wind,68d8fcdf-4aeb-4948-9c73-a2deafeb7c2d
1978,1978-12,Karanteeni,Kaljupäinen gangsteri,9a1ec9b4-1006-4b8f-960a-cd933ea53e0a
1978,1978,Karat,König der Welt / Reggae Rita Star,848bf814-9d1b-47f4-b78b-9ad3af1dd035
1978,1978,Karat,Über sieben Brücken mußt du gehn / Rock-Vogel,e6aeaa9a-0e35-4cc5-b971-3163176c6910
1978,1978,Karat / Prinzip,Dieser Sommer / Wir werden immer mehr,c6b2ae48-9c57-4cf9-94e2-7eb229bdd061
1978,1978,Karel Gott,Das Mädchen aus Athen / Schlaf mit meiner Liebe ein,9261dcf5-50ce-4f0d-84bf-416694e7032a
1978,1978,Karel Gott,Gute Reise,135aea60-3749-4f01-adeb-4fdb96aae0da
1978,1978,Karel Gott,Zwei Herzen ohne Heimat,be4281ce-5d10-43e5-9b6a-734d15f9d0ae
1978,1978,Karel Kryl,(Z pod stolu) sebrané spisy,21b503f5-e421-3859-acb4-2a926087220c
1978,1978,Karen Young,Bring On The Boys,8510c171-ed45-4696-a875-194b14d8da6f
1978,1978-05-15,Karen Young,Hot Shot,de57b068-a7be-3232-8735-0c04cfc69031
1978,1978,Karina,Mijn Ponnie,dbededb8-4d44-456d-bb46-b44149384a9c
1978,1978,Karl Terry and The Cruisers,Haunted House,fa1927bc-fa4a-4a9a-bbc5-6ade3c201ed4
1978,1978,Karla Garrison,This Could Be the Night,8e422002-f69f-45ae-8082-782fed3f4047
1978,1978-10-16,Karla Garrison,You Taught Me How to Love,95ff485c-9095-4b1c-9a14-6412abdeb669
1978,1978,Karussell,Der Gitarrist,15647687-7f9b-4498-b699-18e92d4f805b
1978,1978-10-27,Kate Bush,Hammer Horror,f08351fc-2f6d-410d-988e-c220917fc702
1978,1978-05-26,Kate Bush,The Man With the Child in His Eyes,e74019db-fa90-4db0-8411-e31365f0f5bf
1978,1978-01-11,Kate Bush,Wuthering Heights,c5f46f6e-078d-379c-8de1-4fdb52a85f1d
1978,1978-05-05,Kate Bush,ブルーのシンフォニー,af180da6-61ea-4935-b8c7-ba7719546fc6
1978,1978-09-05,Kate Bush,ローリン・ザ・ボール,a42ba52f-0262-4ab5-b845-13e1f67e9adb
1978,1978,Kate Bush / Marras,Hammer Horror / Una serata in rima,cd7c22af-8640-4b5b-82da-89beadbc7002
1978,1978,Katja Ebstein,Es müssen keine Rosen sein,92516890-2c76-4c50-84b2-416b056cc25b
1978,1978,Kawere Boys Band,Helena Rudi / Angera Bach,93459104-3459-4540-a8e1-18260914ccc7
1978,1978,"Kawere Boys, Cheplin Kotula",Persila Adhiambo / Rose Atieno,bd15ee7d-2c03-42cb-96cb-54407a322390
1978,1978,Kayahan,İstanbul Hatırası / Neden Olmasın,0bc91294-17ee-4f64-a86d-7ff10c4bbcfe
1978,1978,Keith Barrow,Turn Me Up,7584855c-b918-4d6e-8178-3a155324970d
1978,1978-12,Keith Richards,Run Rudolph Run,0d09fe3e-c913-44eb-a24e-10706eb59604
1978,1978,Kenny Loggins,Easy Driver,ca3daff6-db1a-41c4-b640-c0dd0fbe7d5b
1978,1978,Kenny Rogers,Love or Something Like It / Starting Again,6482441d-8246-4b1a-827d-fec8145dfa85
1978,1978-11,Kenny Rogers,Sail Away / We Could Have Been the Closest of Friends,047318fd-ba4f-4df4-ad93-aa80a9b8370d
1978,1978,Kenny Rogers,The Gambler / Momma’s Waiting,dddea6ca-e1b9-478c-b4fd-727eb929c392
1978,1978,Kenny Rogers & Dottie West,Anyone Who Isn’t Me Tonight / You and Me,764a57bf-531c-42e1-847d-6e91506f35fe
1978,1978,Kenny Rogers & Dottie West,Everytime Two Fools Collide / We Love Each Other,3ff23a87-7586-4ef0-ba6f-4d2efb015952
1978,1978,Kevin Borich,Tell Me Why / White Ship,37a75553-a333-4c90-ab27-7fe67e2f421d
1978,1978,Kim Harlow,Allo Réseau / Who's on the Line,7ea95c11-1a6e-4b16-8569-12026d130696
1978,1978,Kinderkoor De Denneboompjes,Prettige kerstdagen en...,f144db1d-19ef-41b5-b829-f460b8b0200f
1978,1978,King Sporty & The Root Rockers,Fire Keep On Burning / Move and Groove,928cb775-89a0-44e4-96ee-56cbd88db8ce
1978,1978,Kirsi,Hymyhuulet / Hän ei hukkaa tyyliään,1ddcca04-f2ce-4949-8f5b-e5c3711b9253
1978,1978,Kishore Jariwala,Kanchan Ane Ganga,c25c497a-5bf9-4750-a60c-eb9e567d8ea3
1978,1978-04-02,KISS,Strutter ’78,d6986ec4-b95b-4dbc-954c-1b3939cfaf3d
1978,1978,Kitty Prins,The World Blue Chain,1d629256-a47e-4eb2-817c-a1c099eaa309
1978,1978,Klark Kent,Don’t Care,0a44ce88-593b-44eb-a092-465d992638eb
1978,1978,Klark Kent,Too Kool to Kalypso,8d54217a-9ca1-4c39-81a7-a52f3a841491
1978,1978-03,Klaus Lage,Alle ham's geschafft außer mir,d7f3cddd-e010-407d-9832-771cb28c05f1
1978,1978,Klaus Zufall,Seit du meine Frau bist,cfdd9f05-44c6-4746-825c-902796dc34e3
1978,1978,Kleeer,Keeep Your Body Workin’,3dd1122e-bc14-4aa8-b98c-380be1be36ee
1978,1978,Kleenex,Hedi's Head / Ain't You,b0a23486-0173-3d7c-8f3c-66c3e7b0238d
1978,1978,Kleenex,Ü / You,12bab6d7-344a-34fc-aefa-5bb430ec9c86
1978,1978-07,Kojo,It’s My Life / Hard Luck Story,994759cc-8006-4241-9e47-02294345d4db
1978,1978-03,Kollaa Kestää,"Musti, sotakoira",3f94e062-8f85-314a-9aa3-963566d9c282
1978,1978,Kontra,Jerry Cotton,c20e4ebe-cd4d-48bf-8c59-119129885536
1978,1978,Kraftwerk,Das Model,5ee2c8fa-3b5f-3456-a421-7e2d4838186d
1978,1978,Kraftwerk,Die Roboter,d6407db3-6381-3b0a-bb86-c9133c389c39
1978,1978,Kraftwerk,Metropolis,d5656b16-5408-4190-bbab-bf12006aaed8
1978,1978,Kraftwerk,Neon Lights,6e964900-d58e-4d73-aaf3-a48334cb378d
1978,1978,Kraftwerk,Spacelab,8974f587-5a09-483d-ac58-caacbc7081c6
1978,1978,Kreis,Leere Arena,07d580be-f36e-4ba1-b8dd-65adb41bb0f6
1978,1978,Kriminella gitarrer,Silvias unge,02e5b3c6-b694-3057-a562-2b4680a9086d
1978,1978,Kriminella gitarrer,Vårdad klädsel,ab4132b2-4867-32ff-8ac1-bd05313b6f1f
1978,1978,Kris Kristofferson & Rita Coolidge,I Fought the Law,d8ab46c5-6b85-4320-b7f8-bd7c3497d191
1978,1978,Krokus,Susie,cd1bab7c-613d-476d-9083-c0278436698b
1978,1978,Krypton Tunes,Behind Your Smile,6e2d1bf3-f612-3bfe-b40a-6d44da0d0950
1978,1978,Kung Tung,Ät dina pengar och dö,62e5fa12-5be2-4276-b608-8627c359f63c
1978,1978,Kurt Demmler,"Das Mädchen, das die Taschen hält",8c381e61-cffb-4610-aa47-c889e503faa0
1978,1978,L'Abbé Bruno Petit,Si c’était à refaire / Un enfant l’a dit,c3df0e3f-9929-4ee6-b448-2a5490648e07
1978,1978,La Banda Trapera Del Río,Rock Cloaca,e0e405ae-5323-4e46-a865-965ebf5518c9
1978,1978,La Bande à Basile,Le Jardin de Grand-Mère / Le Cirque Basile,fa177855-5da8-455e-8603-2800168c632a
1978,1978,La Bellini,Satan In Love,e0af2bb4-9cad-4403-80fb-f8040352c79c
1978,1978,La Bionda,"One for You, One for Me",c48ad8f1-c66f-4c88-8788-2627583b3d74
1978,1978,La bottega dell'arte,Bella sarai,01f3cb90-4dcf-4ce9-9822-8fbd7d923116
1978,1978,La Came aux Damélias,La 5e roue du système,168f1883-69d6-4b12-a376-c89d7cd8d315
1978,1978,La Niebla,Donde hubo fuego / Tú eres la luz de mi vida,ab4c0aa8-addf-4daf-bd22-3e1594fc6cf8
1978,1978,La Orquesta Los Tejanos,Quiero volver a verte / Pienso en tu amor,6bf04a6b-2632-45f0-aae8-087137f3a9fa
1978,1978,La Pregunta,Shangri La,40777822-99be-34bd-abf4-f1a52cccec0f
1978,1978,La Renovación,Dueño de tu amor / Son en ambiente,a954c55e-8d97-41a2-8fb9-ac4f51e38856
1978,1978,Lady Butterfly,Mister Man,45236056-2f84-4ea4-992f-61e1b0f3cb65
1978,1978,Lady Butterfly,Tennessee,4248e586-e234-41e5-9b2e-915f0133ff3f
1978,1978,Laila Helminen,Mikä meni pieleen / Yöbaarin Maija,55304be7-a004-49de-9984-ff12249a850d
1978,1978,Laila Helminen,Ruusut on kuolleet / Opeta mua rakastamaan,2298911f-ba4e-40da-acfc-996a947488b6
1978,1978,Lake,Letters Of Love,ceff7afb-4e0f-4a51-82f4-f1ba8ded0caf
1978,1978,Lake,See Them Glow,ece6ff99-c8d0-4d22-9663-b7d027307b2a
1978,1978,Lakeside,It’s All the Way Live,35b257bb-ba41-4bdc-aa87-cde6d7450d9c
1978,1978,Lalomie Washburn,Two Sides,10028085-060f-458c-b9bc-7566816cec7f
1978,1978,Las Alondras,Un mojado menos / Tu error,b0536691-5cee-49ed-b67c-ce9b8fbee5b8
1978,1978,Las Grecas,Mentira y nada más,a888ddc6-42f3-4860-9125-be48c9aba9d9
1978,1978,Las Norteñitas,La pena mia / Un clavo para mi cruz,1b93277b-0cd0-4dec-ae7d-e28433725782
1978,1978,Las Treviño,El chispazo / El defraude,88cfae0c-465c-4a25-9538-0eb527412526
1978,1978,Lasse Stefanz,Be My Boogie Woogie Baby,4bed823b-76d0-4522-80bf-b2675d756153
1978,1978,Lasse Stefanz,Heaven Just a Sin Away,d1a12781-0f70-4365-919a-b5038b8eb82e
1978,1978,Laura Branigan,Memories,0302b421-6158-4c2e-9e1d-181f72993853
1978,1978,Laura Taylor,Dancin' in My Feet (Theme From disco Magic),e3a4bdc1-4443-4fec-bfdb-3786ea1b6892
1978,1978,Laurence Badie,Casper et ses amis,e677ba6a-782c-418c-9360-700892d5f45e
1978,1978,Laurent Voulzy,Bubble Star,e6427176-c0ed-4dbd-b379-20f6bf52fa8e
1978,1978,Laurent Voulzy,Paris - Strasbourg,8ce48dc1-fcee-4d59-bcac-0b632053cd62
1978,1978-07-25,LAZY,地獄の天使,f6a32611-9971-40e0-aff6-3776c66e23d0
1978,1978,Le Beau Lac de Bâle,Je suis speed / Hacheleme bouguille,157a5cdd-e992-4f86-ad4e-a80e76f57996
1978,1978,Leano Morelli,"Cantare, gridare... sentirsi tutti uguali",55099f4b-bdd0-48ae-83d1-4ba3e5634086
1978,1978,Leano Morelli,Se un giorno non mi amassi più,ea1141ec-fd52-4dde-937e-508289d2ab4b
1978,1978,Leb i sol,Nie četvoricata / Devetka,93fcc60b-1754-4ef6-aa52-6738f9b3dabe
1978,1978,Lee Oskar,Haunted House,a05eecc7-5abe-40e6-96f5-ff9b7f74eb09
1978,1978,Lee Perry,Bafflin' Smoke Signal,ea603158-5792-47f5-9229-5a9110d551aa
1978,1978,Lee Towers,Frankie / But He Still Loves You,5e2eda7f-920c-4629-bf72-814427634f1a
1978,1978,Lee Towers,Song of Joy / But He Still Loves You,d60caa7e-35c7-4cbb-b8c2-b0b5d82728a4
1978,1978-07,Leevi and the Leavings,"Mitä kuuluu, Marja‐Leena?",4db32fdd-5e93-4fda-b0db-ebb8a68ac01e
1978,1978-10,Leif Garrett,I Was Made for Dancin’,4e57fffa-9ab9-329b-ab9b-91a9908b6c09
1978,1978,Leineweber,Darlin',c8f6e046-a735-41ff-93ea-c64251bed3fd
1978,1978,Lemon,Freak On,95fa9d4a-46f5-3c47-a388-221b33317782
1978,1978,Len Boone,Love Won't Be Denied,4840fc03-f908-4a10-8a42-0bfd3dc61d56
1978,1978-10,Lena Valaitis,Ich bin verliebt,aa52b641-f663-4218-b9b8-ac33f4446baa
1978,1978-06,Lena Valaitis,Oh Cavallo (Don Quichotte),47b987b7-bf3a-485b-8937-9c35ef3ea5d1
1978,1978,Lene Lovich,I Think We're Alone Now,c2685e7d-73f1-4d85-8921-d88808c07e28
1978,1978,Lene Lovich,Lucky Number,7c8f992e-161e-3c92-af71-45eba07c6f7b
1978,1978,Lenny Mac Dowell,Locomotive Breath / With Lightness,8101b3d8-d85a-45ee-a676-5686010d8854
1978,1978,Lenny Williams,You Got Me Running / I Still Reach Out,7b4f4d08-6133-49f0-b794-f0af91ba9f5a
1978,1978,Leny & de Storima’s,"Een, en ik hou van jou",a465c46a-1982-44a9-89b0-daed3d64ae5e
1978,1978,Leona Williams,Rockin' Rollin' Stoned / Bright Morning Light,90b3b6c1-4882-4943-8ddd-d1bb801ad46b
1978,1978,Leona Williams,That Lonely Unloved Wife Look / Mama I've Got To Go To Memphis,4faf3cd3-5d4f-4088-b3d7-0159d550f278
1978,1978,"Lepa, Usnija, Tozovac I Cune","Mani, Mani",f97cca6f-f1a2-4eae-a012-ac16b49f8a72
1978,1978,Les Charlots,Rio,a0a6e5d3-7f3e-4270-b3e7-5ad8a104b2d1
1978,1978,Les Marylènes,Le Beau Tétard Sur Son Cigare,cfe1443a-943d-493e-8054-3b894e4e1779
1978,1978-01,Lesley Duncan,The Magic's Fine / Paper Highways,ea7dff49-3d5d-46a0-b51d-0ec2963394b0
1978,1978,Lesley Hamilton,"Capri, the Night and You / Roses Don't Grow",0bdd494a-e113-43b0-bbeb-3a01c24c501d
1978,1978,Leslie O'Hara,Gipsy Boy,5b288ff3-afcc-4f95-989c-c3f35260b061
1978,1978,Leticia,Juramento falso / Trenecito trenecito,b5f8ea1a-8831-4baf-942d-31c49b5f7833
1978,1978,Leticia,Mi piquito de oro / Siguele mi amor,7fb4b650-a6db-4f7b-b68c-08bcbbcdc808
1978,1978,Leticia,Ya no soy una niña / Me siento sola,eafc5991-3bb7-45fb-b3da-b5778a2a1f99
1978,1978-08-22,Lew Kirton,Heaven in the Afternoon,42176616-dde3-4b88-92d6-5b0d026d6651
1978,1978,Lew Lewis,Lucky Seven,00e4893a-05da-4aa6-8f7d-7ab83ce94bc1
1978,1978,Leyton Buzzards,19 & Mad,fbaa4b50-fe3b-4dbe-8596-f44dcc910f8c
1978,1978,Leño,Este Madrid / Aprendiendo a escuchar,ffd22747-b48a-48b7-bad1-d3eb6057698a
1978,1978,Liberty Belle,Yankee Doodle Disco,120ad49c-66c0-4fac-a798-660160f6594c
1978,1978,Linda,Stop niet!,77c741cc-56cb-4b91-86bb-6f796310e980
1978,1978,Linda Clifford,If My Friends Could See Me Now,fb9c485b-c95c-43be-9c8d-6c5f8d744211
1978,1978,Linda Clifford,Runaway Love,03b9ee93-ce4d-4103-8775-6e99bdb79b26
1978,1978,Linda de Suza,Un Portugais,a6ca4997-fc15-4854-8359-f57930ed4d9e
1978,1978,Linda Ronstadt,Alison,880a8b75-3d90-4bd2-bafd-e4399b8f06ef
1978,1978-08-01,Linda Ronstadt,Back In The U.S.A.,0034f831-ef9c-45d0-9dfc-7788ceb0b75e
1978,1978-08-23,Linda Ronstadt,Blue Bayou,d7bafddb-6953-4a18-8fb7-f3622468a0ca
1978,1978-10-24,Linda Ronstadt,Ooh Baby Baby / Blowing Away,e029a65e-dd0c-426d-91d3-b75dc5a63c24
1978,1978-01-10,Linda Ronstadt,Poor Poor Pitiful Me,398711f0-dac2-42c6-abd9-86c2407f3a1c
1978,1978,Linda Triebels,I Feel Like Dancing,6bd19d39-e7e6-4fd6-8586-564ef410269b
1978,1978,Line Renaud,Copacabana,7ebc00fa-e1a9-4ba6-b565-dc9da6a16fcf
1978,1978-10-20,Liquid Gold,Anyway You Do It,076515c1-18fa-4d17-8b59-6b351fec35f5
1978,1978,Lisandro Meza y su Conjunto,Sal y agua / Las cosas de la vida,696435b8-fcb0-4f32-82e5-18ed3e3e3516
1978,1978,Little Bob Story,Seaside Bar Song/Italian Nights,6c7e1324-e123-4eb9-bad5-f2ece39b5cae
1978,1978,Little Ernie,La de la mochila azul / Frijolitos pintos,fdc0f0b0-f64e-4c4b-a6b3-f4c914780af9
1978,1978,Little Nell,Fever,2c3df759-535c-32c3-8889-1f5c32fc9618
1978,1978,Little River Band,Lady / So Many Paths,49322e44-5e36-4f84-aba9-d5c41077fa4e
1978,1978,Little River Band,Reminiscing / Take Me Home,c970280f-3f24-4dee-ae96-85dd623f9551
1978,1978,Little River Band,Shut Down Turn Off / Days on the Road (live),06e14509-bc07-4706-a446-65366eae8b7e
1978,1978-05,Little Roger and The Goosebumps,Gilligan’s Island (Stairway),b9e92f5d-ad91-4a48-bbc9-f39a41ca07b5
1978,1978,Liz Anderson,After You,c42fbd47-0f0c-4db2-a664-cc464e0aa3ba
1978,1978,Ljubo Kešelj,Što Mi Pružaš Ruku Na Rastanku / Svud Se Dičim Što Na Baba Ličim,0453e37f-1a71-458f-a825-c3c877cb61aa
1978,1978,Ljupka,"Hej, Momče",8ed4b49d-5f1c-4343-92ef-aa93f8151c19
1978,1978,Ljupka,Tvoja Barka Mala,018807d1-b49c-4761-8dfb-1dd10d057380
1978,1978-04,Ljupka & Ivica,Ljubav Je Nešto Više,4c0486aa-123c-4066-a2ce-f44a8391bab3
1978,1978,Ljupka & Ivica / Novi fosili,"Penezi, Penezi / V Sitne Vure Peharček Svetli",6569402f-25c5-4599-b16d-30450f2b3ea1
1978,1978,Llygod Ffyrnig,Llygod Ffyrnig,5ef4b7ca-ab91-46e3-a40c-01f2a7651c7d
1978,1978,Locanda delle fate,New York / Nove lune,ce9f17de-2398-3e03-88d5-0483fa6e1715
1978,1978,Locksley Castell,Babylon World,578b2b97-956e-4143-afbc-c75152ae3349
1978,1978,Lone Kellermann & Rockbandet,Se Venedig Og Dø,5b7651a5-4093-4e52-9c36-5e011dec1592
1978,1978,Long Tall Ernie And The Shakers,Golden Years of Rock 'n' Roll,77d14f57-610d-45cc-aaa6-53864c6dc5db
1978,1978-10,Loretta Lynn,"We've Come a Long Way, Baby",9ab20351-4e96-45a3-a7c3-aacd20b68b27
1978,1978,Loretta Lynn / Conway Twitty,From Seven Till Ten / You’re The Reason Our Kids Are Ugly,af8e21f4-4765-494e-a904-49b4ac8229ee
1978,1978,Los 8 de Colombia,La roncona / Cuerpo cobarde,e04e9e0a-4933-4cc1-bc93-16d3b4e2b68d
1978,1978,Los Alegres,Sunny Sunday / Tropical Romance,abff3224-412a-458d-976c-a2297038c7f9
1978,1978,Los Alegres de Terán,Modesta Ayala / Tu ingrato corazón,0fc2b1ae-9c48-45a4-b47a-b69b04a29b0f
1978,1978,Los Babys,Sabotaje / Amándonos y besándonos,6c1fe634-fa81-4852-88b5-2557cc84357f
1978,1978,Los Campesinos de Tejas de Chavel Cavazos,Vuelve a quererme / Por una mala mujer,813fa378-11be-4f4d-9047-17cd44832de9
1978,1978,Los Estrellas,Guerra de las galaxias / Siguele mi amor,3c5bddbf-5098-43a0-9e54-66502d4bdb93
1978,1978,Los Grandes de Costa Chica,Llorar solo llorar / El desquebrajado,1decb376-faca-44f8-97a0-6e6c9c404a6d
1978,1978,Los Guayaberos,Dulce amor / Como un ave,2d078052-4339-47bc-9fd9-a27fe3d5f8e8
1978,1978,Los Hermanos Barron,La diosa de piedra / Nochecitas mexicanas,16e69771-6990-4f30-9b11-b55f0602049e
1978,1978,Los Microwaves,I Don't Want to Hold You / Forever,006242c6-1268-4ce2-9128-9a9ab2ec2a6f
1978,1978,Los Pobres,Enseñame a cantar / Qué chulita estás,b4693eac-4422-427c-a8da-2bdfaccbb10a
1978,1978,Los Potros,De esta sierra a la otra sierra / La vi partir,a3f039f6-5f58-4a49-aa1e-5b00a6f9f6cb
1978,1978,Los Potros,Regalo equivocado / Tengo lo que quiero,75a9ebae-d99d-4627-86c5-e7712d42e5f2
1978,1978,Los Potros,Una pura y dos con sal / Espinita,334f7880-faa5-471d-967d-22e1ad9414bc
1978,1978,Los Regios,Las gaviotas / Losing Money - Don amable,621e0747-0832-4217-9b82-eea022ff5e99
1978,1978,Los Regios de Julián Gaona,Besitos robados / Se me amacho la mula,1028b267-76c7-4c5b-8107-d5a3c21e6c85
1978,1978,Los Sonor’s,La canica / Ay! Cosita linda,ae1f4337-7235-41b1-b3df-bbce39ea1e89
1978,1978,Los Tremendos Gavilanes,Pero María / La cuenta,828131c2-770b-4a04-ac25-2abb842df0f2
1978,1978,Los Triunfos de Joe Martinez,Te quiero mi esposa / Te vas o te quedas,bb0d2973-a9b7-4a4c-b382-9384acdbf6b8
1978,1978,Los Yonkes,Pico de hojalata / Mi Rosita,8b5fe70e-b7ac-4ceb-b073-67ef165629b3
1978,1978,Lost Kids,Født som Nul,d7f9ff44-eb7b-3fe7-8a4f-f45d2c112a56
1978,1978,Lou Rawls,Lady Love / Send in the Clowns,d815cdc3-7158-3e49-98e3-6744962d5352
1978,1978,Louis Chédid,T'as beau pas être beau...,daa0437c-9fb4-4c4e-bde0-8fe4a5a0e5b2
1978,1978,Louis Neefs,Margrietje / Annelies uit Sas van Gent,6d8ed08a-30a7-49b4-aebb-8d559c4cecf3
1978,1978,Louisa Mark,Even Though You're Gone,80d218a5-5849-4349-8b85-0758f8746db4
1978,1978,Lowland Trio,De schoorsteenveger,573ccd8a-ae1a-4982-9830-367f4722864f
1978,1978,Lucho Nelson,¡Ay! que pila / Aguita de mejorana,373f88c5-f270-4279-8ba8-84114dc7b52b
1978,1978,Lucien Sanzouango,Brougé Soul Mimbo,52394893-2434-428d-b1ce-974a451a9475
1978,1978-02,Lucio Dalla,Quale allegria / Il cucciolo Alfredo,9509d780-cf9d-4aaa-8990-dc2821af3843
1978,1978-11,Lucio Dalla & Francesco De Gregori,Ma come fanno i marinai / Cosa sarà,c1bf6519-1fdf-4b7b-a009-5af265707422
1978,1978,Lucy,Never Never,69adb7cf-74bf-4618-b75d-9eca8f6c20cf
1978,1978,Lucy Hawkins,Lady of the Night / Gotta Get Out of Here,2fb18467-e830-32c0-a83f-05ab14a27239
1978,1978,Luisa Fernández,Stop,07eadcb2-1b54-4992-b0ee-a59bbb7a1dd6
1978,1978,Luna,Iron Far / Stay Here With Me,1853389f-c93c-4ad7-9052-4b57516a4605
1978,1978,Lutz Jahoda,Kintopp,a6455b44-8c61-4568-a922-edda776ebfca
1978,1978,Luv’,Trojan Horse / Life Is on My Side,54cef71f-2ad5-3d4d-b9b9-558e7fe08a4c
1978,1978,Luv’,You’re the Greatest Lover / Everybody’s Shakin’ Hands on Broadway,92b105a1-8128-4a7f-9be7-b63fd23c1a2e
1978,1978,Luxury,Stupidest Thing / What Kind of Question’s That?,482cbb03-1a68-48e6-9ac0-9bbf748bd4da
1978,1978,Lydia Mendoza,Baraja marcada / Falta tu amor,5cbcc467-b30f-4af2-862f-f71351b3f8fa
1978,1978,Lynda Carter,All Night Song,7d220fd5-4b80-41a7-97c8-320bf1be8e09
1978,1978,Lynda Carter,Toto (Don't It Feel Like Paradise),76fff4d2-6ae1-48d5-be7d-520597de7449
1978,1978,Lynn Anderson,Last Love of My Life,fcf6c18a-5a1c-4a99-a59c-c43655ff8db7
1978,1978,Lynn Anderson,Rising Above It All,5ce73890-fa40-4005-b94d-e04015e4d2a2
1978,1978-10,Lynsey de Paul,Hollywood Romance,fd0fb8e9-dc62-4ba1-b047-01c22ef25446
1978,1978,Maarit,Call Me Up (When You're Lonely) / When Love Returns,8f87e211-5058-4031-bdd3-30f93b898971
1978,1978,Maarit,Jäätelökesä / Yhteen kuulutaan,bd9ea577-b249-47ab-b1d5-3120f38cbb2f
1978,1978,Macho,I'm A Man,917f9ef9-30fe-45a3-a72c-6c7b0285f00d
1978,1978,Mad Virgins,I'm a Computer / Fuck & Suck,afd9667d-86a8-47c6-b0f9-19166301fc24
1978,1978-11-17,Magazine,Give Me Everything,453d321c-a9d0-4723-aa7d-d1e0df2b62ff
1978,1978-01-20,Magazine,Shot by Both Sides,f6ecf568-3ba3-4eb9-9048-c558f4739c93
1978,1978-04-14,Magazine,Touch and Go / Goldfinger,a966faf6-4d25-48a9-bc5e-f411ab573861
1978,1978,Magdeburg,Ebbe und Flut,9848e45b-686d-46df-812b-f409d2d5dc9b
1978,1978-03-24,Maggie Bell,Hazell,e88a405d-9774-45a0-af8a-8c573fc823d3
1978,1978,Magic,Du bist mein Herzinfarkt,2f0f9792-f64a-40cc-a476-373bc0c40d01
1978,1978,Magic,Tanz Tanz Tanz,c48e4b22-243b-467f-aab8-358817be3311
1978,1978,Magical Space Ship,Superman / Silver Space Ship,56128d95-a166-45f8-a8f1-7418188af690
1978,1978,Magnum,Baby Rock Me,88a37cf9-88cb-4531-860c-60cbd97325eb
1978,1978,Magnum,Kingdom of Madness,c7ed5bc0-a1b6-4a16-bb95-63473c41f38b
1978,1978,Magnum,Universe,8a4199e6-c9df-48f6-8ae5-3b2ca99c25e2
1978,1978-05-01,Magnum Bonum,Crazy Feelings,54e557f3-6111-4064-ba3e-5c4f9780f16b
1978,1978-11-01,Magnum Bonum,Reggae är hans liv,7e02130a-298c-447f-92a2-a94050763fa2
1978,1978-02-01,Magnum Bonum,Skateboard (L.A. Run),0ea40bfb-34e8-4dfc-9f91-c374fdfd8fe7
1978,1978,Maj Britt,Alt blir hva du gjør det til (C'est la Vie),943af3ae-d586-417a-bc91-d3f2f70de3ba
1978,1978,Majestic x Boney M.,Rasputin,d0e542f7-3295-4541-97be-88a82920417c
1978,1978,Major Dundee Band,The Longer the Distance / Crazy Lovers,6266a43b-3dc7-4a51-ad95-523b0a707c41
1978,1978,Makoff,1978,14224970-54a9-4120-b379-6f8974ba47ef
1978,1978,Malibu Limousine,Aimer d’Amour,d81db645-cbe5-4919-b313-2ef28c6e4342
1978,1978,Mama O,Red Square,76b7cbd5-485a-422a-90df-bea377591aea
1978,1978,Mandré,Fair Game / Light Years (Opus IV),29ab816d-583e-437d-bc81-c14d09813118
1978,1978,Manfred Mann’s Earth Band,Davy’s on the Road Again,d961bdca-3cd8-460a-af1a-99f9fcf44bc0
1978,1978,Manikins,Models for Mankind,d6eb81d3-9f05-4c99-98ac-be7c05c8b1ad
1978,1978,Mankind,Dr. Who,820a1cef-8fbc-332a-b553-a8c7eeaa2e86
1978,1978,Manolo Escobar,Tú me juraste / La minifalda,2ba92d7e-1cb8-48d0-85ba-cc3809687392
1978,1978,Manu Dibango,Anniversaire au pays,a94434e9-cca6-4cf7-af55-e14e64053a19
1978,1978,Manu Dibango,Sun Explosion / Big Blow,3102a9a2-433c-451b-9af1-d2852f00ea75
1978,1978,Manuela,"Blame the Disco Bossa Nova / Yes Sir, I Can Boogie",6cb56345-46c4-4915-9a5f-0cbf8a3d27fb
1978,1978,Manuela,Gran-Canaria / Komm her,e99b6a93-9ce4-4d79-af03-7007c9ee5a33
1978,1978,Manuela,Lay Me Like a Lady / Fly Me Away,bfcaf660-1098-4e79-b2e9-4cebfb845bd2
1978,1978,Marathon,I Wanna Dance,67444d6e-cee4-471b-a27f-bd881171c926
1978,1978,Marc Charlan,J'ai la fièvre,9dc7c536-6f5c-4dfe-8d8f-9048d5508b5d
1978,1978,Marc Dex,Een moeder / Feel Happy,30ed953e-aae8-49f7-a061-58578a55d804
1978,1978,Marc Seaberg,Looking For Freedom,d980e182-ce02-4727-a41a-56ad06896919
1978,1978-06,Marcia Hines,Imagination (Live!),62cba292-f228-33d9-aacb-af4212565c6f
1978,1978-10,Marcia Hines,Let The Music Play,d2f44f56-9e8f-3ecb-8742-322ba3b09368
1978,1978-04,Marcia Hines,Music Is My Life,5ac562ad-5467-3d6b-a595-49670189637f
1978,1978-03-20,Margriet,Sandra,acc3c3a3-c4f2-417e-bdc9-2ce76faa6d48
1978,1978,Maria Cristina,Clodomiro el ñajo / Si no es por amor a mi,58e4ed70-b4cd-4a3b-bf4b-b875a2f57780
1978,1978,Maria Cristina,Ni gozas ni dejas gozar / El bombero,5d72f734-23a5-4785-bd10-4a143277bd64
1978,1978,Mariachi de Román Palomar,Las golondrinas / Viva mi desgracia,d2f26261-cb86-47fb-a75a-c31ceba06a48
1978,1978,Marianne Mendt,"Ich lache Tränen, wenn du lügst",e31f3b2d-ae52-4f18-8ac5-678ab5ad33e6
1978,1978,Marianne Noble,Secret Love,8de63306-18fa-4e65-8afd-c3f9d6fad3bc
1978,1978,Marianne Rosenberg,Andreas (Für einen Sommer hielten wir die Sonne an),1a614d49-f3ac-4d46-bc8b-904840a5e5d2
1978,1978,Marianne Rosenberg,Cariblue,362bec8f-e158-46af-a418-b6ec668aa2b7
1978,1978,Maribelle,The French Song / Feel Lonely With My Freedom,2edd76b8-6606-4bf6-8f90-0f2c518da00a
1978,1978,Marie Et Les Garçons,Attitudes,28d5bd96-653e-4290-8910-806b00cd1c37
1978,1978,Marie Laforêt,Harmonie,52c863d7-92c2-45f7-8d52-28a088273228
1978,1978,Marie Myriam,"Loin, loin",cea6e28c-61e6-47af-9480-f4821f05683d
1978,1978,Marie-France,Heidi... Bande Originale Du Feuilleton T.V,6ffc2be1-1912-4564-bd01-8f34a98fb320
1978,1978,Marie-Paule Belle,Les Petits Patelins,1c32fa72-f691-4772-8d58-4d611f092e7f
1978,1978,Mario Flores,Fotografie,229118d5-b1e0-4b48-8387-88ec6b9077fd
1978,1978,Mariska Veres,Too Young / You Don’t Have to Know,b337d815-9592-41b9-b717-cc440ed20131
1978,1978,Mariska Veres Band,Bye Bye to Romance / It’s a Long Hard Road,16691f6a-8444-4ead-b64a-40d087d05cf5
1978,1978-03,Mariya Takeuchi = 竹内マリヤ,ハリウッド・カフェ / 8分音符の詩,08df4856-8c88-4005-8533-49d171c31b7d
1978,1978,Marjetka Falk Neca,"Dobro jutro, dober dan / Balada",498ea4e2-5383-4952-9cd8-e48dd74503ae
1978,1978,Mark Middler,Sad Song,b494085c-2944-4175-9dff-70e086fa7fe9
1978,1978,Marseille,The French Way,530524c2-73cf-3b40-badc-71657298689c
1978,1978,Mart Van De Meer,Ik Heb De Balen Van Jou / Zo Gaat Het Verder,ef3c10b4-126d-4978-8f65-45785e7cb985
1978,1978-06,Martha and the Muffins,Insect Love,0629ffa2-d22d-4dc2-b3da-2eef718da744
1978,1978,Martha Reeves,Love Don’t Come No Stronger / You’re Like Sunshine,e9e8eb1d-d1c9-4794-a43b-43466bf5aad0
1978,1978,Martin Griffiths,Israelites,c1579bf0-dce6-4daf-be8c-f46a37d0aedf
1978,1978,Martin Stevens,Love Is in the Air,e333464f-4834-460e-a0d5-594218ab7fc0
1978,1978,Marty Brem,El Dorado,f8d0def0-551d-453a-a8cc-460800b93995
1978,1978,Marty Robbins,Please Don’t Play a Love Song / Jenny,ded07273-157b-4f29-9c15-d9b248dee072
1978,1978-01,Marty Robbins,Return to Me / More Than Anything I Miss You,6db6b6cc-1ecb-471c-ba37-ef0338e14eca
1978,1978-02-24,Marty Robbins,Try a Little Tenderness / To Get to You,7da3c53c-d822-4ec4-ba21-4bb4715bb4fd
1978,1978,Mary O'Hara,Music Speaks Louder Than Words / Oceans Away,5247c0e6-7a78-4353-8b16-0cd24394d8a4
1978,1978,Mary Roos,Pinocchio,193eb7e7-8636-4a88-8e8f-c940d081992f
1978,1978,Mary Roos,Samba d'amour,d247ed1d-7a23-4ce7-a6a3-a3c3dcaf5adf
1978,1978-08-08,Mary Welch,An Unmarried Woman,5d97d434-5e30-413f-86d3-7096fb9c6dab
1978,1978-10-03,Mary Welch,Take It Like a Woman,f11ebcb2-f56a-402c-bbd7-6300e9507dbd
1978,1978-02-24,Mary Wells,My Guy / Whats Easy for Two Is So Hard for One,a7e59e13-1949-4b59-8b75-406f90b7e257
1978,1978,Masterplan,Love Crazy,5f53745d-e267-4208-aff7-b95537671bff
1978,1978,Masterswitch,Action Replay,6c39db23-49b1-39e3-9675-ad5d4caaba24
1978,1978,Matumbi,Empire Road,7ea106d1-6426-4bd7-bf82-c276b9f5ae8e
1978,1978,Maxine Nightingale,You Got to Me,338f2f03-e0d9-402c-be63-fb59e3eaac58
1978,1978,Mc Duff Dimension,Give a Little Love,d397f55b-e3fb-4845-a46b-0a2b0afd39cf
1978,1978,Mc Duffs Dimension,P.S. I Love You,ca88f1f6-87ed-46ac-ba8f-30edccb3f563
1978,1978,Meat Loaf,Paradise by the Dashboard Light,7dedfb6a-8c76-45ff-b023-8d82bf6dfffa
1978,1978,Mecano Ltd.,Face Cover Face,f6acd268-229d-3aca-90af-e540acd04c8d
1978,1978,Meco,The Wizard of Oz,9a4a0df6-5c96-4bf8-8958-781e321fc172
1978,1978,Mehmet Pekün,Zor Dostum Zor / Kalbine Sor,c4ce6fae-fe78-410b-9c62-c30a53c390f5
1978,1978,Melba Montgomery,We’ve Been Lyin’ Here Too Long,aacf79f4-cc69-4d57-8b2e-1b4a03a248da
1978,1978,Melba Moore,You Stepped Into My Life / There's No Other Like You,7ffaeb11-5f10-4312-87fb-8d30d5ba438b
1978,1978,Melissa Manchester,Don’t Cry Out Loud / We Had This Time,d61e7be0-b162-4d30-838f-59d90f679527
1978,1978,Melissa Manchester,Theme From Ice Castles (Through the Eyes of Love),901cab64-1038-400e-addf-53be997fca8c
1978,1978,Menace,G.L.C.,064ff5f0-c085-39c7-ac79-3974d7283ab8
1978,1978,Menace,I Need Nothing,60655896-6fac-4a69-a176-e5895324e841
1978,1978,Merle Haggard,It's Been a Great Afternoon,6fc97afa-56ef-4d09-be85-471423988a72
1978,1978,Merle Haggard,I’m Always on a Mountain When I Fall,230581fe-8d4e-4dbc-b465-f31e8199b889
1978,1978,Merle Haggard,Make-Up and Faded Blue Jeans,1d3ed7f0-ed68-4b81-97e8-6dd183c62a53
1978,1978,Merle Haggard / Leona Williams,The Bull and the Beaver,37eddf8d-e6c9-4678-8464-af1005ca15e5
1978,1978-03,Metropolis,I Love New York,e8467a3e-8dd9-467c-b598-a11564942c58
1978,1978,MIC Kerstzangertjes / Kinderkoor De Denneboompjes,Stille nacht / O denneboom - komt allen tezamen - gloria,18550f33-e275-4bbc-8a7e-3c834973d95b
1978,1978,Michael A. Dixon & J.O.Y.,You're Everything,32d79519-3b60-48d2-bd80-9df202faab85
1978,1978,Michael and Stormie Omartian,Where I Been,afdf90d1-57db-4b57-aa26-0e4764b16e39
1978,1978,Michael Cretu,Shadows Over My Head,4366b1a0-9ce8-4064-872a-14979b4b3577
1978,1978,Michael Holm,Allein mit dir,023cf8d4-02d2-400d-aa06-fb3712f4ada2
1978,1978,Michael Holm,Lucille,e3d9ae60-426b-402a-9578-f8f065a44411
1978,1978,Michael Holm,Saudade,b32a47bb-42c3-4601-966a-2fd983c512ed
1978,1978,Michael Holm,Traum-Hotel,ec746a57-0a7b-456c-9a3e-123b4ab1a1fd
1978,1978,Michael Holm,Wer ist dein Freund,95ac01da-f6dc-4ff2-b42e-d44cb719e7ad
1978,1978,Michael Jackson,You Can't Win,0eb1faa6-beba-4acb-8686-0a14bbbe60bc
1978,1978,Michael Zager Band,You Don’t Know a Good Thing,ceb9efc0-42d1-4e27-8980-6ade45b5d906
1978,1978,Michel & Monique,Waar bleef de tijd van toen / De oude man,8c4d6d7f-d2d9-4027-84b0-87300a9e38e0
1978,1978,Michel Jonasz,En v'là du slow en v'là / Golden Gate,431c3a0b-9b99-40c1-9b09-8bc8efa67252
1978,1978,Michel Polnareff,Une simple mélodie / J’ai tant de choses à dire,e9c03fa4-839a-40f3-8307-840c64413937
1978,1978,Michel Sardou,"Comme d'habitude / Manie, manie",8e6e3262-c1ca-4df6-9cd7-469c994ca427
1978,1978,Michel Sardou,En chantant,11076fe9-7233-43ee-b599-4ba348b2fb87
1978,1978,Michel Sardou,Je vole,3837e286-4c70-4124-be09-2cb0c2771e49
1978,1978,Michele,Disco Dance,4ad200c8-f91f-4840-bc7f-d1948e726898
1978,1978,Michele Cody,Merry Christmas Elvis,bc3855eb-efdb-4016-afe1-169897794154
1978,1978,Michèle Richard,Vivre Un Jour a La Fois,94aa6608-9299-4752-832c-fc6c82e6a8a9
1978,1978,Michèle Torr,Emmène-moi danser ce soir,ab6fadb2-da7c-4502-93af-250a1aded18b
1978,1978,Michèle Torr,La Séparation,ac36c42c-e7f5-408b-aceb-8f588b4a8091
1978,1978,Mick Jackson,Blame It on the Boogie,629dadca-3f8b-478f-b006-a4f5f0964e86
1978,1978,Mick Jackson,Weekend,4ecde2a6-161d-4c7d-b3f9-cf010e3ad5b0
1978,1978,Midnight Rhythm,Climb / Rushin' To Meet You,6d5f4ba3-1acd-4993-a1e4-9a30d51ff9dc
1978,1978,Mieke,Charlie Chaplin / Ik hou nog steeds van jou,e2cd6bb0-4723-4c66-9419-fc2fad3a0d3e
1978,1978,Mieke,Ik heb vandaag de zon besteld / ’t Afscheid,fb816537-179d-4077-9f61-623236d4afad
1978,1978,Mieke,Manuel / Blij als 'n kind,eae21f81-8a52-4024-b655-c271c465513a
1978,1978-12-01,Mike Oldfield,Take 4,764c8c8c-d288-35a8-93ef-06c67747f5ff
1978,1978,Milkways,Galactic Reaction,d8c04bfc-e802-47d1-bdb3-14e96d9b80f1
1978,1978,Milva,Zusammenleben,edeee574-9199-4c56-9c62-19cfc25491b9
1978,1978,Mingo Padilla y su Conjunto / Nacho Paredes,Cumbia del blanco y el negro / El diablo de la museraña,3b21d8d6-c47c-498d-9a33-3cec39b0a139
1978,1978,Miquel Brown,Symphony of Love / When Did It All Begin to End?,2da57559-4048-4e77-af18-4df6503e5eec
1978,1978-10,Mireille Mathieu,Alle Kinder dieser Erde / Sie oder ich,f05af6ed-ae59-40b7-af52-29b712125072
1978,1978,Mireille Mathieu,Chante pour le soleil / J'ai peur d'aimer un souvenir,3458cb2f-7d74-49ca-ac37-c7ab38ccd016
1978,1978,Mireille Mathieu,"Santa Maria / Glory, Glory, Halleluja",360bbc61-a90d-4703-9491-9b2b1ad5de15
1978,1978,Mireille Mathieu,Santa Maria de la mer / Je t’aime avec ma peau,3fe3311f-7a36-45e2-89a4-453df164a86e
1978,1978,Mireille Mathieu,Santa Maria de la mer / Toi l’Indien mon ami,563090a1-8383-43e9-9502-3ea207cf6a84
1978,1978,Mireille Mathieu,Sometimes / Can a Butterfly Cry,a56c55c7-ada5-42d9-bfe0-59120ea7cbf4
1978,1978,Mireille Mathieu,Un dernier mot d’amour / Je t’aime avec ma peau,00aeb541-7e13-4f64-9f14-a5e506ac279e
1978,1978,Mireille Mathieu,À Blue Bayou / Il y a surtout des gens qui s'aiment,a3f7d080-0b89-47f5-b93b-6f1137d150ee
1978,1978-06,Mistar Urdd a Ray Gravell,"Dyma Fi, Mistar Urdd! / Y Fi A Mistar Urdd, A’r Crysau Coch",50b134ad-1f07-4556-b16f-0fc856987358
1978,1978,Mizz Nobody,Smittad / Gania,c2aa2509-832e-37dd-86fb-4f90f27dc821
1978,1978,Mi‐Sex,Straight Laddie,862c1fb8-8924-3a6a-9002-c99c7dc7e221
1978,1978-08-21,Mohiner Ghoraguli,Ajaana UDonto bostu ba Aw-Oo-Baw,7cd9ed21-698e-4fc1-a3d4-899315371499
1978,1978,Mojo Singers,C'mon Aussie C'mon,da1d93d5-0b3c-41bf-99db-ae524c96e9e7
1978,1978,Mollesters,Plastic,5cfa2598-c44b-3c77-97a8-6a25f21f3ab8
1978,1978,Moni Kovačič,Brez ljubezni mi živeti ni,7a7e5e56-b88e-498d-863c-8ebff4ddd0fb
1978,1978-10,Moni Kovačič,Ti si moja mavrica,c4d08ac8-2cf7-4cac-947b-98c64978a03a
1978,1978,Moni Kovačič,U dane igara,722e5454-ec2a-4af4-801a-4213b6e63109
1978,1978,Monika Hauff & Klaus-Dieter Henkler,Schuld allein ist die Liebe / Wind,713a43c9-c8e4-462d-88bb-7893549d0baf
1978,1978,Monika Herz,Der Mann gegenüber,289613a1-12e8-44e4-bb31-c9b47bf77d5f
1978,1978,Monserate Starring Lyda Zamora,Moliendo café / El porompompero,080c4bb2-3121-431d-b963-6693bd192496
1978,1978-01-25,Montana,A Dance Fantasy / Warp Factor II,16e03fe4-f3e6-4c68-b59c-c032ae293faa
1978,1978,Monza,Hallo Taxi Nummer 10,7dff41db-5cc7-4016-9e28-3a916b2f728c
1978,1978-10-19,Monza,Heisse Nacht in der City,34839f73-55d6-490a-95a4-2f6774af8080
1978,1978,Mood & Fun,Mooi Tirool,1b4a538e-e380-42ed-bbf4-015f2b0c6a84
1978,1978,Moonlight,Little Miss Pretty/OMC,15fdddc8-76c2-4538-bced-44794b11c159
1978,1978,Mortimer,General Idi Amin Dada / Como Un Dia Más,c0ea5e17-852a-48c1-9b97-a8a56ea69b19
1978,1978-08-25,Motörhead,Louie Louie,c05bd928-c77d-3ced-b640-913018259cd6
1978,1978,Muck,July,07a95e42-cdc9-4e3f-8388-efc457a07c1c
1978,1978,Muck / Stern-Combo Meißen,Lucille / Das alte Schloss - The Old Castle,dcb4de34-8342-48f1-b838-1f0868cdc0d1
1978,1978-03-17,Mud,Cut Across Shorty,2d3dcbc9-8dcb-4ce0-8686-5ea594752caf
1978,1978-05-26,Mud,Drift Away,3e11ef4d-dbdb-47da-b7e7-2b3ac2a17193
1978,1978-11,Mud,Why Do Fools Fall in Love / Book of Love,a712bc43-941b-4d8a-b3dc-0f091cf7dbab
1978,1978,Mundo Earwood,Fooled Around and Fell in Love,b0b3369c-d4f7-48f8-9fa5-99ba79d5ec1c
1978,1978,Mundo Earwood,Things I'd Do for You,5927b8eb-868b-451b-8744-b86dc2270040
1978,1978,Murray Head,Mademoiselle,fd209a2b-8f68-478c-9f07-bf5461a15ac4
1978,1978,Murray McLauchlan,Whispering Rain / Lady Luck,bc6694fd-5ecb-42b8-a78a-52f4a3b554a4
1978,1978,Musique,In The Bush,fe6b81bd-aada-47ff-b848-1a10dd3c9268
1978,1978,Métal Urbain,Hysterie connective / Pas poubelle,0c164570-1324-36f2-888c-4052a7ed807d
1978,1978,"Nadine Delanoë, Erik Colin, Didier Rousset",Maya l'abeille et jérôme le mille-pattes,0050e5dc-38c7-43b6-a5ad-208faf176b4f
1978,1978,Nana Mouskouri,Für einen Cent,343d21bb-cb49-4de0-b1d6-372ddee1d2ba
1978,1978,Nana Mouskouri,Ton adieu,21b2a82e-bb87-4c7f-97d3-fb9896379764
1978,1978,Nancy Brooks,I'm Not Gonna Cry Anymore,16505ef4-b2e2-4b6b-8c30-72e1357ff4c5
1978,1978,Nasal Boys,Hot Love,d493c6ee-7abe-3b0e-8add-dff95a2fa105
1978,1978,Nate Harvell,One in a Million / Silver Rails,a36bcb1d-768b-417c-a554-3973a5a620f6
1978,1978,Nate Harvell,Three Times a Lady,df7c7c32-56ff-42f3-9772-4e0ee08d0b85
1978,1978,Natural Juices,Floyd’s Theme,4d108c82-98f6-419b-9a4e-889790ebf893
1978,1978,Navel,Only for You / A Rainy Day at Chateau Lafite '42,b4c326bc-762c-419f-a75d-181c855a1ee2
1978,1978,Navel Orange Choir,Playback / A Roadside Song,bf5e1c99-3e3a-41f5-beb7-074e4f135202
1978,1978-01,Nazan Öncel,Sana Kul Köle Olmuştum / Kader Bu Çekeceksin,37aa25be-9a74-3a6e-95f9-03bf8e6655f3
1978,1978,"Nazar, Nilüfer",Sevince / Darling,73a2c615-f5b7-4f62-a60e-edd5d79ba06f
1978,1978,Neca Falk,Vsi ljudje hitijo / Tako dekle,710ca19e-e359-4407-8a64-b8f4f64b7781
1978,1978,Nederlands Artiestenkoor,Joost mag het weten,da245aae-5e2a-3231-8b7b-9cef5f3677a7
1978,1978,Neil Diamond,Forever in Blue Jeans,67c08cd5-41ea-3dc8-8752-1c984e5b34a2
1978,1978-04,Neil Diamond,Let Me Take You in My Arms Again,8699483d-7734-4882-8b41-a39173064d8e
1978,1978,Neil Young,Four Strong Winds,794045a5-350f-48a9-a64f-02d966196162
1978,1978,Neo,Tran-Sister,ac738865-b4cb-4101-99a7-66d1feb27fad
1978,1978,Neon,Don't Eat Bricks,d1d610fe-cf9f-4fdf-a6c5-b670890fddfc
1978,1978,Neoplanti,"Horoskop (Hej, koji si znak...?)",86522003-c1ba-481e-893c-d8be43737d98
1978,1978,Neue Generation,Glashaus... / Wenn die Sterne tanzen,4a4b946e-e70e-4c3c-ab5c-c2d3aa2a4282
1978,1978,New Bondage,Back Seat / Heartbeats & Heavy Breath,986b660f-8210-40fb-ba0e-660a72275997
1978,1978,New Four,Vrij zijn als een vogel / Kansas City Baby,a0f2656d-6f43-4dab-b839-aa50a48a0832
1978,1978,New Hearts,Plain Jane,6da1f1f3-5b58-4f8f-8f22-ece987311e1a
1978,1978,New Torpedos,Perseverance,f58fa859-d153-41f9-b2ac-0f423beb0530
1978,1978,News,Dirty Lies,a2ceb5f7-17c5-40d1-93f3-af0c1328ad00
1978,1978,Nick Gilder,Hot Child in the City,88270102-2f45-403a-9933-b50b094bb89c
1978,1978,Nick Lowe,American Squirm,84a7d650-72f8-4847-b9a6-3e487dccff39
1978,1978,Nick Lowe,Little Hitler,cdab3fcf-e686-4072-8374-75ff6263adb4
1978,1978,Nicolas Peyrac,Ne jouez plus « God Save the Queen » (Il pleut sur Londres),dad068b6-f80f-46b6-a66d-f498a6e2badc
1978,1978,Nicolas Skorsky,Je chante toujours pour quelque chose,bde07474-ba4a-4957-aa7a-226f495c31c0
1978,1978,Nicoletta,Il faut qu'on m'aime / Broadway,50fcb464-3f29-4a70-b306-9e0642dea712
1978,1978,Nicoletta,Ma maison est un jardin,a3faeb00-36b8-4877-b551-a12639bb45d0
1978,1978,Nicolette Larson,Lotta Love,1d3fdcce-d6af-4342-8ba6-a6c1d71ed997
1978,1978,Nicolette Larson,Lotta Love (Jim Burgess disco mix),dfcf5945-b027-42ff-bbf3-2f0eb4136def
1978,1978-01-17,Nielsen Pearson Band,Home,41dbca6d-3e5a-4cca-b99b-651131ca2739
1978,1978-08,Nightshift,Love Is Blind,36b5abd9-d8db-4d5d-838d-2daba352ce21
1978,1978,Nighttrain,Was macht der Hund auf dem Sofa,ad81c457-9341-38e3-b66d-f97bc76be7a4
1978,1978-10-06,Nil Burak,Kırk Yılda Bir,b8abd111-f463-431c-af1c-e18dc32b606c
1978,1978-01-23,Nil Burak,Yalnızım Ben,0a096a30-18ec-4f6e-b2e5-e8fa681bf68b
1978,1978,Nina Hagen Band,TV-Glotzer,cf632675-c7bd-4a82-a6cc-54d7b713686e
1978,1978-06,Nipple Erectors,King Of The Bop,cef582bd-c194-4b33-8597-00c7af0b88dc
1978,1978-11-03,Nirvana,Love Is / Pascale,b3d642a7-76f1-41b2-b0ca-21510ee64f55
1978,1978,Nits,Looking for a Friend,a6cb1f03-8ab5-418f-bf0a-bb370db18219
1978,1978,NNB,Slack / New World,82907dfe-1aca-466e-bc84-044665c9485e
1978,1978,Noam,Goldorak,a7dc651c-310d-4d9f-bb01-d6857a6bff6e
1978,1978,Noorderbar Trio,Ik hou van Drenthe / ’t Is voorbij,ec816485-21e4-4006-a1e8-27f4c5eef73e
1978,1978,Norma Jean,Saturday,507f0b18-cbed-46ee-a3c2-eace42a1bd40
1978,1978,Normaal,Ik bun moar een eenvoudige boerenlul,74b89cab-9649-4a3d-832d-4938e755920a
1978,1978,Normaal,’t Vestand op nul … en de ogen op onendig,a0ed30f8-b2ce-4990-9ff1-45b0e246e93f
1978,1978-02-24,Nottingham Forest with Paper Lace,We Got The Whole World In Our Hands / The Forest March,4aebaf29-7567-46a8-98f7-314cf61f25b1
1978,1978,Novalis,Manchmal fällt der Regen / Zingaresca,7bf0640b-1345-4413-bcf2-224a19bcab34
1978,1978,Noëlle Cordier,Tombe l'eau,d3fec442-5ac7-4c79-86e4-92f726be7961
1978,1978,Nzimande All Stars,Sporo,3f3da907-d7f3-4383-a78e-53732900cac2
1978,1978,Närhi,Vieraat huoneet / Oot suonissain,821affbf-b6fe-4bb4-9015-ad2925fc3a78
1978,1978,Nükhet Duru,Anılar / Güneş,26484f8a-22f6-4af6-bace-e636494f9a18
1978,1978,O Level,East Sheen,f7ba09ff-6dc2-4f85-bf7e-8e9e24506e69
1978,1978,Odessa,How I Need You / The Musician,cae9a90b-e2a7-44cc-bc79-c6569a25cbb5
1978,1978,Ol '55,Ruby,4cce06e5-b582-4b1b-812d-dc4934681cc4
1978,1978,Oliver Mandić,Ljuljaj Me Nežno,82a30281-4060-4bd0-878f-bbe446f6ef9e
1978,1978,Oliver Mandić,Sutra Imam Prazan Stan,21a26333-e684-4860-a2b8-fddc6af3cd9f
1978,1978,Olivia Newton‐John,A Little More Love,f9bd1359-8473-4de2-a71e-b44a5e042695
1978,1978,Olivia Newton‐John,Hopelessly Devoted to You,51a6d8bc-251c-4057-9e53-a3d91edd4870
1978,1978,Oluko Imo,Praise‐Jah,60c034ca-b139-4687-a895-6f90b202b769
1978,1978,Olympic,Máš ráda déšť,bc8a2b04-3ffd-4ad7-826a-8a03517cafb3
1978,1978,Olympic,Ty slzy dávno vpila tráva,76d37ccd-7413-4a5b-b2c8-f66f80c4b319
1978,1978,Ol’ 55,(Feels Like a) Summer's Night,812a2355-1804-480c-b2cd-59a60442c7e0
1978,1978,Omega,Skyrover,cabc28df-9c9c-4e23-97c0-27a677971de6
1978,1978,On the Rocks,Come to Bahia,8d6d9ac9-ad77-4c9b-859a-873f6cefedd4
1978,1978-06,One Family,Time Machine,931ef307-54a5-4548-b0eb-0b77d2e3622e
1978,1978,One Horse Blue,Cry Out For The Sun / Hold All Your Happiness,986fd6ed-aa90-477a-8e81-b8936418882f
1978,1978,Orchester Walter Kubiczeck,King-Kong,dbd3a415-5000-4976-a981-77cea84599df
1978,1978,Orchestre Minzoto Wella-Wella,Tika Leokadi,b05cfa00-9724-4365-9deb-15897bca287b
1978,1978,Ose,Retour sur Adonia,c9c012ea-4c52-4d8f-9fcf-cbc00b3ba29a
1978,1978,Oto Pestner,Letiva / 30 let,7faddd7b-b9da-4854-8ead-5a08fa7504c7
1978,1978,P. Mobil,Kétforintos dal / Menj tovább,a2eb8386-2593-45b3-a564-ed7cac094728
1978,1978-05,Pablo Cruise,Love Will Find a Way,690d7300-dd0f-4f20-90d4-37d9ad00cb7d
1978,1978,Pablo Gad,Blood Suckers / Jail House Pressure,ce60bb5c-77b8-46a6-ad3b-19b5be158186
1978,1978,PACK,Com'on,1b7a8015-aa6b-436b-a29e-f2be577ecd29
1978,1978,Pagans,Street Where Nobody Lives,da01e378-88ba-33c4-80f4-b37daa281f20
1978,1978,Painel De Controle,Black Coco,2242b446-4c1a-47ef-9396-85385336b2bb
1978,1978,Paloma Trio,Eiland in de zon / Niemand weet waarom,e07ab5da-3b28-4d7a-b69e-7f26f59de03b
1978,1978,Pankrti,Lepi in prazni,34902da9-b510-41ec-b0c5-96f12d048702
1978,1978,Papa Bue's Viking Jazz Band & Liller,Sidder på et værtshus / Fritz Ewald (Ensomme lille mand),f2541450-782b-4393-a73f-00bc24c8d665
1978,1978,Paradise Express,Dance / Poinciana,d5b44738-762b-475f-9544-6aec964f7ac2
1978,1978-03-01,Parni valjak,Lutka Za Bal / Crni Dani,8b514c95-c772-4eac-b9ee-52363415a536
1978,1978,Parni valjak,Od motela do motela / Predstavi je kraj (uživo),a7ba0264-0ba9-4588-88d6-8e97185aebd2
1978,1978,Partner,Part of My Life / Long Lost Love Song,4e311ab4-d7ad-45dd-9d1f-2f700f5667e1
1978,1978,Partner,Pictures / Won't You Let Me Try Again,16b78a41-3def-4a8b-a008-44f8d194a04a
1978,1978,Pascale Rivault,Made In U.S.A / Les Moments D'amour,d3d71771-4c09-4858-a31d-00a54cbb224c
1978,1978-12-05,Passport,Loco-Motive / Ataraxia Part I,f849c09f-e041-4bc6-9dc5-99f2d81f0d40
1978,1978,Passport,Loco-Motive / Mandrake,c46170ef-32a5-47d2-a663-49729f9c6ec5
1978,1978,Pat Kelly,My Girl / This Magic Moment,d5e907ea-e29a-4694-837c-32f389c5229c
1978,1978,Patricia Paay,Malibu / The Touch,342a2284-12da-4852-becc-663c1d9f0faa
1978,1978,Patricia Paay,Poor Jeremy,c12e4169-fbe3-45f8-abd4-91f741429f48
1978,1978,"Patricia Paay, Yvonne Keeley",Malibu / The Best Friend I Know,2fa8b976-87c3-437f-a4d3-19b0b4503c52
1978,1978,Patrick Hernandez,Born to Be Alive,658e4c56-a94d-34f5-9bea-5ad7af4f62d2
1978,1978,Patrick Hernandez,Born to Be Alive,d7899f8e-3e86-4f5c-86bb-29ce2999b157
1978,1978,Patrick Juvet,De plus en plus seul,79cf8726-ac02-49bb-9080-6ea0d882ceae
1978,1978,Patrick Juvet,I Love America,2ad85f5f-7625-4484-bdb5-686d559bc46e
1978,1978,Patrick Moraz,Realization,1b914e01-4974-386f-8326-f5bde383b89d
1978,1978,Patrick Topaloff & Sim,Où est ma ch'mise grise / Ma belle américaine,39ab4572-ad18-4dba-b435-2a4a6a720084
1978,1978,Patsy Cline,Crazy / Your Cheating Heart,20672b30-000c-4214-822b-b870b8a2193e
1978,1978,Patti LaBelle,Eyes in the Back of My Head,871b1395-d000-4cc3-97b4-d7685c78ba62
1978,1978,Patti LaBelle,Little Girls,b51e73b6-f299-4bdd-8a5d-235de7f8fa53
1978,1978,Patti Smith Group,Because the Night,622a31b9-ffe9-4545-9d39-84d3339420a9
1978,1978,Paul Anka,This Is Love / I'm By Myself Again,35827976-e4c2-4be9-bdb4-b7cb0ff06264
1978,1978,Paul Jabara,Disco Queen,5e656a3f-d4c5-45fe-84ad-cce27b95258c
1978,1978,Paul Jones,Pretty Vacant,3f5550b1-372d-4ef2-a554-b8b34c59131c
1978,1978,Paul Martin,Les Yeux Fermés,65a9edd3-b486-4cfa-9dde-56aca1b6eded
1978,1978,Paul Severs,Ik ben verliefd op jou / Geen wonder dat ik ween,63f744a3-f584-468e-ab62-705f19a94c76
1978,1978,Paul Severs,"’t Meisje van mijn dromen / Als je groot zal zijn, mijn kind",51e2e402-3ae5-4d74-809c-2818218159cf
1978,1978,Paul Stanley,"Hold Me, Touch Me / Goodbye",e9d7ef46-65c6-473d-b9af-0f7e1165fe1d
1978,1978,Peaches & Herb,Reunited,fdfbb315-e9d4-3280-bf4b-6f5de82b639a
1978,1978,Peaches & Herb,Shake Your Groove Thing,ed6aaf63-7e4e-48d5-a8cb-69d63d349b12
1978,1978,Pegasus,Fly / Down And Dirty / I'm Wishing I'd Never Known You,e0f9f43f-3f14-433c-a0f4-27399ffc5de0
1978,1978,Peggy Sue,Save Yourself,695c47cc-f2f7-415a-9be6-134a85c0bac8
1978,1978-05,Penetration,Firing Squad,a7210942-6d51-37f1-bacb-182d14698b7a
1978,1978-10-13,Penetration,Life’s a Gamble,9492ce35-fd38-3004-97af-dcca119f4a9b
1978,1978,Penny McLean,Midnight Explosion,582bf985-2600-43ce-9dc8-387f83f26949
1978,1978-12-04,Penny McLean,Spanish Fantasy,55e64671-65f6-4bad-ab2d-c1e914b44668
1978,1978,Penny McLean,Wild One,8b67ceb3-d471-4d45-b209-87224763fcd9
1978,1978,People’s Choice,Rough-Ride,1837aff7-1e47-4a19-9420-df5ec25969f5
1978,1978,Perrette Pradier,Candy-Candy,fe789654-3531-4329-a307-338f6948bfcd
1978,1978,Pete Wyoming,Born to Be Indian,c7a6b052-ca7b-41a1-8b53-83432ba800f1
1978,1978,Peter Albert,Ich hab heut ein Englein gesehen,1fd986cc-7e21-48bd-824c-f19506a8d7b4
1978,1978,Peter Alexander,Aufstehn / Zurück zur Erde,6aff5f2f-8836-4a2c-b33b-01852ff922c7
1978,1978,Peter Alexander,Bei uns zu Haus / Unser Hund jagt im Himmel die Engel,d258d08b-e58e-41dd-a3cd-bf4a53dc689d
1978,1978,Peter Alexander,Die Firma / Immer,6f4390ce-736c-4463-ab75-09b7e10d75cc
1978,1978,Peter Alexander,Für meine Freunde,c0d30d0d-343e-4fe2-9a2b-9c270acae974
1978,1978,Peter Alexander,Happy Birthday Micky Maus / Micky Maus Superstar,5cc9e1e8-3de8-4554-93b5-3911f4ddb909
1978,1978,Peter Blanker / Thérèse Steinmetz,DAF Song / Rijder in de nacht,50017a81-517f-4750-93ee-209b4cd2ef23
1978,1978,Peter Brown,Dance With Me,6d97d5f7-5546-42f6-904b-3918049de7ac
1978,1978,Peter Brown,Do Ya Wanna Get Funky With Me?,ded43a7e-ebb7-43a4-abf9-95cb74b0f406
1978,1978,Peter Brown,You Should Do It,0000ccc8-f1c1-49c7-9999-e9ed3c345f87
1978,1978,Peter Cornelius,Calafati,365471c1-c6c5-4bbf-b17f-da1f191a58b4
1978,1978,Peter Cornelius,Die Liebe ist da,19299285-9bf6-474e-8823-48cceec2d1d1
1978,1978,Peter Cornelius,Disco Casanova,e33259d3-158b-4c51-83fd-cab8222ad601
1978,1978,Peter Criss,Don’t You Let Me Down / Hooked on Rock and Roll,5ad2936f-0d8d-47bb-bc5d-9b0b70965f9e
1978,1978,Peter Criss,You Matter to Me,9d307ed4-d05b-4dde-8e50-c62ddb1c93c6
1978,1978,Peter Gabriel,D.I.Y.,39c448e1-dc6b-4501-a793-df08c6ab4c34
1978,1978,Peter Green,The Apostle,61ad7c2c-016b-4a20-b7eb-5215cf0e02f7
1978,1978,Peter Koelewijn en Zijn Rockets,Speel die dans,4865ea3d-1d28-4e57-b6e4-1fd85d59a669
1978,1978,Peter Maffay,Doreen,495fbd51-1252-4e9a-b555-01f882cf982c
1978,1978,Peter Maffay,My Love,47bc49fe-37d4-46e3-ad30-7a8953ac756b
1978,1978-12,Peter Orloff,Cora komm nach Haus,7e0fa6e1-b76a-4762-9625-6089e60a66fd
1978,1978-06,Peter Orloff,Immer wenn ich Josy seh',0125f028-75e6-4bb7-874d-fc03ddbb2616
1978,1978,Peter Schaap,Jij en ik / Tijd voor jezelf,961a5aaf-b1ee-43b7-9c95-c4257a2d8670
1978,1978,Peter Tosh,(You Gotta Walk) Don't Look Back,5d3a4fc8-f49e-4802-a0a1-0aeece34393b
1978,1978,Peter und Paul,Du mußt nicht länger weinen,12132571-cd28-4ba7-9cde-29463d2a7ff1
1978,1978,"Peter, Sue & Marc",Charlie Chaplin / Bumble-Bee,ec026e8f-a445-4966-a4f7-5a854fa37115
1978,1978,Peyo Torres y sus Diablos del Ritmo / Sonora Tropical,Linda noche / El aguador,b12abd09-bcee-46ac-9446-f6e89c7c742f
1978,1978,Phil Clarke,Speedway Rider,585e3175-d705-415f-ab86-f7465459aca0
1978,1978,Philippe Chatel,Mister Hyde,0c85cff5-b28c-4812-815a-499becd959bc
1978,1978,Philippe Lavil,Any Words,5fe68692-bc2e-4775-8021-237922888150
1978,1978,Philippe Massion,Les Vacances,0af91efb-6507-4ee7-85ac-16bcdd90e9f5
1978,1978,Philippe Sarde,Ils sont fous ces sorciers !,b519e487-a97b-4277-93e9-7c9cec66ef22
1978,1978,Philomena Quinn,It's No Secret (What God Can Do),6c8e5f5b-5a84-45ac-9929-b254ced3b5ea
1978,1978,Phreek,Weekend,41178aca-a60a-393a-8db3-ecd0c83e80b5
1978,1978,Phyllis Hyman,Somewhere in My Lifetime,7ea8c651-892c-4a02-8c7c-f2b700143f04
1978,1978,Pierre Perret,Napo Napiteau / Les Ours heureux,9380d897-80a1-4d03-82d9-31b466f1ff55
1978,1978,Piet Fransen,Mijn F.C. Groningen,e1335694-1f3b-43d9-979f-1e48dfd02fbf
1978,1978-09-26,Pink Floyd,Free Four / The Gold It’s in The…,88ba333f-831a-4b0a-a80e-6204d516a1c8
1978,1978,Plant,Skid Row,ffc10e68-58f6-37ed-a8b2-fca1bad33078
1978,1978,Plant,You Don't Fool Me,32d2b2c0-d04c-3b85-b7cf-d2916674c74f
1978,1978,Plastic Bertrand,Bambino / Le Petit Tortillard,9ffdbef2-1379-419d-af27-d1909d23e6a6
1978,1978,Plastic Bertrand,C'est le Rock'n'Roll,95cba722-557c-4015-83c8-a4bf8bed25f3
1978,1978,Plastic Bertrand,Super Cool,42c3c1ca-5fba-4fdf-860e-b29e1a82b04b
1978,1978,Plastichke,Ça gaze pour moi,b5c47987-8027-464a-93a9-5904767f93f7
1978,1978,Platana,17 ljeta / Pusti me da plačem,dd28355a-a70c-4f07-a213-8af09765dbba
1978,1978,Platinum Hook,Standing on the Verge (of Getting It On),59cd91d4-125a-436b-946c-dc64362a2a0b
1978,1978,Playa del Sol,Diganle que no / Ruedas,8626fb1d-e6ca-439c-baf1-fd5c37aa1c88
1978,1978,Poacher,Darling,610f2254-424f-4ce5-ba65-34dd14191cc9
1978,1978,Pointed Sticks,What Do You Want Me to Do?,780c2dcb-b0ac-35c7-bb3b-d0b9759a474d
1978,1978,Poison Girls / Fatal Microbes,Poison Girls / Fatal Microbes,cbb58a08-8230-3565-8b89-cd4a09ff02fe
1978,1978,Polaris,Polaris / Ballade,f87b2fb6-626b-4ecb-b3ef-6415a41f4519
1978,1978,Popeda,Erkki ja Leena / Sammakkalaulu,e91e315d-fd6b-4230-8fd2-0a528a664093
1978,1978,Popeda,Hei mies / Mönkiäislaulu,745cad0d-0347-473f-bcca-89f766f3c72d
1978,1978,Poppees,Jealousy / She’s Got It,e43ab022-2778-4cbb-b86d-8e7fb4e305dd
1978,1978,Porter Wagoner,I’m Gonna Feed ’em Now / Ole Slew Foot,91f35924-bd86-4c9e-9f1c-b583f122cf7e
1978,1978,Pretty Maid Company,In the Mood / Friday Fever,d3c0228d-fb06-4de2-82da-9b6a2940549a
1978,1978,Prilly Hamilton,Beautiful World,c0093066-20e4-4341-9f9b-26e27e89101a
1978,1978-11-21,Prince,Just as Long as We’re Together,0797eaf1-28cd-471d-aa7f-2e39ae38fcbe
1978,1978-06-07,Prince,Soft and Wet,1ed3bc6c-2745-4cf3-86fa-0e98dbef3f4f
1978,1978,Prince Ranking,Cramp Babylon Plan,59d19a0f-2231-4647-ae2a-eb16e2a622e0
1978,1978,Problem,90 000,5d9641aa-7049-31d2-9035-17c9f20621b3
1978,1978,Problem,Jag vill inte ha,e41fd7fa-47b7-3b35-92f4-82870d80cfa2
1978,1978,Promises,Baby It’s You,8ce81284-acdf-4a0d-89b6-39452cc3d0e5
1978,1978,Protex,Don't Ring Me Up,44002e72-6d09-32b4-8841-d8fdc2162c07
1978,1978-11,Psycho Surgeons,Horizontal Action,e0d8ec30-c61b-3149-ac40-108b545bf693
1978,1978-10-13,Public Image Ltd.,Public Image,a35905e6-956a-3c74-bbe5-bf41b6a72e0b
1978,1978,Puhdys,Doch die Gitter schweigen / Hören und sehen,5d9775ea-386f-4c4e-93f0-7c759ebd8329
1978,1978,Puhdys,"Ikarus II / Flieg, Vogel, flieg",fdac703d-d256-4097-9884-f7d6c910f4bb
1978,1978,Puhdys,Wilde Jahre / Perlenfischer,95f0c798-c705-458c-8218-eae27212e3c5
1978,1978-09,Punishment of Luxury,Puppet Life,0c0c8fe7-a46d-3aa5-b9d3-db74cc1ec7d2
1978,1978-11,Pure Hell,These Boots Are Made for Walking,a95015c9-4c8f-3dc4-aa18-bde62624be4c
1978,1978,Python Lee Jackson,In a Broken Dream,fea076c7-4aca-4c77-8051-0c9734693c6c
1978,1978-10-13,Queen,Bicycle Race / Fat Bottomed Girls,10aae34f-079d-4722-8906-050f42f349f4
1978,1978-04-25,Queen,It’s Late,5e586237-fb7d-42a5-b705-bdce0e8ec410
1978,1978-02,Queen,Spread Your Wings,276409e4-c4b0-4f42-9f47-8092db001516
1978,1978,Queen Samantha,The Letter / Singing Hallelujah,0e21bdd7-d2b7-4a54-9507-30144277e9b2
1978,1978,R. Anthony,New York 31 / Fille Folle de l’Alhambra,3dfc9ee4-530b-4126-b935-42aa60420fca
1978,1978,R. Crumb and His Cheap Suit Serenaders,Party Record,b6577070-0c05-3014-81b2-6c8761f05673
1978,1978,Racey,Baby It's You,864a29b4-40dc-4c97-a708-1126833e776a
1978,1978,Racey,Lay Your Love on Me,01efa8aa-e020-4332-8e5e-211ae2f44a63
1978,1978,Rachid Bahri,Seul Dans La Ville / Je Me Découvre,7e742bab-b920-47c5-b0c6-21bdc466c734
1978,1978,RAF Robertson,Sideways / Moonlight,4babb4af-9d04-4121-900b-c0b3142d737c
1978,1978,Raffaella Carrà,"Do It, Do It Again",cab05dd7-d8d4-4238-8389-0a5a5f45bf5f
1978,1978,Raffaella Carrà,Tanti auguri,ef5dd0cd-e11f-4f11-8c2a-33f16baab457
1978,1978,Rahni Harris & F.L.O.,Six Million Steps (West Runs South),ff52c9db-ecb7-4a75-b71f-52511acc4957
1978,1978,Rainbow,L.A. Connection,52c45e97-f247-4cb7-802b-e53c91263da6
1978,1978,Rainbow Train,Another Band / Find Out,791a7a9d-4db7-4b71-a4a7-3891177cdc3c
1978,1978,Rainbow Train,Heaven on Earth / Here's to the Business,5e2839fa-d6f9-4590-9caa-85a7859d471d
1978,1978,Raindolls,Disco Santa Claus / Santa's Theme,270121b8-f0b8-47f4-bc0d-fedf6f475f72
1978,1978,Ral Donner,The Day The Beat Stopped / Rock On Me,da1c439a-d86d-4dae-ab52-b1ea2b76aff1
1978,1978,Ramblers,I Don't Mind Rockin' Tonite,61410dee-2296-471a-a179-4387374cc80a
1978,1978,Ramiro Cervera Orquesta,Lo siento mi vida / Sólo tuyo,493347ba-d9c3-4775-a006-8d6566b55f42
1978,1978,Ramones,Do You Wanna Dance?,229c292c-5ba6-3a70-afcb-7d3e21adcc85
1978,1978,Ramones,Don't Come Close,bd6b55fa-6152-4afb-90a7-d96431343c18
1978,1978,Ramones,I’m Against It / Needles and Pins,7a0ff773-e9bc-4d94-9a77-037b2f16d1fe
1978,1978,Ramones,She's the One / I Wanna Be Sedated,1a727a23-ef77-49cd-ad62-749c30fed2f5
1978,1978,Ramses Shaffy,Laat me,a29ad30b-d41a-45d8-86cc-fe012487434f
1978,1978,Randolph Rose,Dance My Spanish Lady,34b2719c-20d4-462f-98e2-8b32d8e64f74
1978,1978-04,Randy Traywick,Dreamin’ / I’ll Take Any Willing Woman,600e2d81-6d55-4123-9d25-d6a3b703857f
1978,1978-09,Randy Traywick,She’s My Woman,e5acc9c8-9755-4405-b2be-8a74d1e83b27
1978,1978,Ranking Devon,Love Dont Love Nobody,85a8fb4a-e60d-4b86-bd8e-842398934e7c
1978,1978,Rare Essence,Disco Fever / Huff & Puff,78630d94-41a9-433c-9da8-66e8c3bb3233
1978,1978,Ray Williams,Strangers,91704719-f295-45ae-9483-95bab33a3b15
1978,1978,Raydio,Is This a Love Thing,7333cb79-620e-4f5e-bbfd-c95bedb3ad08
1978,1978,Raystabbing Jazzband,Louise / Pierrot,470c5724-6859-4065-a1fb-882ab274d2e4
1978,1978,Razar,Ascension Day,19b649eb-83bb-4e04-9648-9062e987d348
1978,1978,Razar,Idle Rich,e6d19bd1-7919-49ec-9a44-82c74a92b73f
1978,1978,Razar,Stamp Out Disco / Task Force (Undercover Cops),7eb6ed64-3394-44e3-94bd-573f0cf6b84a
1978,1978,Real Thing,Can You Feel the Force? / You Gotta Keep Holding On,3df28d00-3391-4677-b012-2bec79257060
1978,1978,Red Balune,Capitalist Kid,a6da2a3b-88e3-4600-b710-9d3ebcdd3e60
1978,1978,Red Hot Peppers,I've Just Seen a Face,2f5f78d3-21cd-4b4e-acbc-080b4b8e6b01
1978,1978-11-06,Red Hot Peppers,Stargazing,c335b5ad-c3e9-4503-a314-326e7467372d
1978,1978,Red Point Orchestra,Blue Light,37615a75-c59d-4da2-8c99-88eb823b8fc3
1978,1978,Red Sovine,Christmas Is For Kids / What Does Christmas Look Like,68ac825f-0997-41d6-a8c4-b2cbbd6443cd
1978,1978,Reform,Ich suche dich,109f8595-89a9-4eb6-b4e2-4f0c073e489d
1978,1978,Regina,Blue Bayou / Yellow Butterfly,09a1b549-d20a-482c-b0ba-758471470461
1978,1978,Regine Dobberschütz,Schäfchen zählen / Du bist ein Märchenbuch,378eacb3-c654-4e28-81b0-9e1cb0fc1902
1978,1978,Reinhard Mey,Alles ist gut,8ea16a18-481b-4a9f-a9fe-c661149f5d7a
1978,1978,Reinhard Mey,Daddy Blue,2b0a4223-7a8b-48f2-a384-7d189a2a4980
1978,1978,Remu,Out of Sight / Moon on the Water,13c656b2-69a1-43c8-a8d3-7cbbcb313e56
1978,1978,Renaissance,Northern Lights,0e60ed54-3afb-3d9f-a5e5-4a79de5a9c9d
1978,1978,Renaud,Adieu minette,ce2c764d-2752-4a28-8400-c03f6f7a1a94
1978,1978,Renaud,Germaine / Hexagone,6cdf0fbf-c22a-4497-a614-48d98075ba1e
1978,1978,Renée,Sweet Nothings,e19229ff-2a8a-4c8a-a15c-2b7f3bf9ffaf
1978,1978,Revenge,We're Not Gonna Take It,6f5ffb51-225f-43f9-af94-543862dbe755
1978,1978-06,Revolver,Silently Screaming,a564defa-245c-415f-8882-f34f92d6ecbb
1978,1978-06,Rex Gildo,"Die Liebe, die der Wein gemacht / Tage wie Tropfen",dc1dc8a3-0c7f-417c-ac55-6823bc4abef9
1978,1978,Rex Gildo,Hey Zigeunerkönig / Die ersten Tränen sind immer die schwersten Tränen,0a74149e-2af7-4638-8334-95ef27174846
1978,1978-11,Rex Gildo,Sally komm wieder / Die ersten Tränen sind immer die schwersten Tränen,93ff656d-1779-451e-b11b-39b22990ca2f
1978,1978,Rezzan Yücel,Birdenbire / Bu Gece,4db86795-e826-4a30-8f1d-8ce613169d9c
1978,1978,Rhead Brothers,Black Shaheen,07ac87a8-3488-4444-973f-ffe27ace453f
1978,1978,Ria + Funny Boys,Maria / Lekker aan het strand,c913f35a-45fc-40c1-aec2-ec743b631663
1978,1978,Ricchi e Poveri,Questo amore,067cd8b7-cc98-4e11-aba7-fdd1d5b6ff8a
1978,1978,Rich Kids,Ghosts of Princes in Towers,c2c0f769-9cf1-40d2-bcdd-a578f1329f62
1978,1978,Rich Kids,Marching Men,2363ee76-8a18-468e-a50b-d343f3f99097
1978,1978,Rich Kids,Rich Kids,f9bc4db4-3b55-4bb3-aba0-c97715bcea00
1978,1978,Richard Ace,Stayin' Alive,3f042e10-c646-3191-8b4e-071969e27bb5
1978,1978,Richard Cocciante,Marguerite,6e23e6ec-e285-4717-8570-d3a79c87112c
1978,1978,Richard Davis,Methane Sea,4477e79b-bf9e-4b49-98ce-d626de839001
1978,1978,Richard Dunn,Séquences / Modulation,d7963b72-8158-4b24-81e7-dca384f80d2b
1978,1978,Richard T. Bear,Sunshine Hotel (Just Walk On In),ea7b04db-413b-42f9-8476-3785a173a3b1
1978,1978,Rick James,You and I / Hollywood,47866787-9904-4091-a79e-a2b682237e8c
1978,1978,Ricky Valance,Walking in the Sunshine,3602559d-a9d4-4d23-8c7c-45f0aa453647
1978,1978,Rika Jansen,Heimwee naar Amsterdam / Oude man met je akkordeon,ee9b03a0-b9d1-4c4b-81b7-5e4b7094bfa1
1978,1978,Rika Jansen,Laat misja gaan / Let Misja Go,146cc3b3-378b-4c4a-93a5-806056fa1858
1978,1978,Rika Zaraï,Aba-Nibi,d3e35953-8515-44d6-b243-6c093720f565
1978,1978,Rika Zaraï,Super Skate / Un gars tout fou,745f537b-00ac-4a2e-99bf-1da33679ba7b
1978,1978,Ringo,Darlin',24775f3b-ed60-4fd7-bb3c-d8c2e2213494
1978,1978,Ringo,Fais le moi savoir / Je suis un vagabond,c2504ec3-9870-4af2-abc5-0234305a8f6c
1978,1978,Ringo,Ma pompadour,1209a508-2118-4103-b5d2-2dff52144fb1
1978,1978-09,Rino Gaetano,Corta el rollo ya,82bc4899-d08c-4cde-aba6-0ec7983841fb
1978,1978,Rino Gaetano,Gianna,57ebdb74-8286-49d8-9796-845b8f724ee9
1978,1978,Ripton Hilton,No Wicked Can't Reign,1e158b9e-1817-4070-b3d4-d6658a00e9dd
1978,1978,Rita Coolidge,You,fe8a92a9-8a27-4ed8-834c-0583675e5703
1978,1978,Rob de Nijs,De pieper / Lucinde,4c1a81c4-5bd3-4873-be41-275072629bf7
1978,1978-08-20,Robert Edwards,Funky on the Bottom,4fb62ac8-2545-4808-9ca5-752d28ebb124
1978,1978,Robert Johnson,I'll Be Waiting,31a6086a-b362-3efe-b7e4-e1ee1cff6bfd
1978,1978,Roberta Flack,If I Ever See You Again / I'd Like to Be Baby to You,b63f3c9b-c536-4472-b1a6-425c2c446e9e
1978,1978,Roberta Kelly,Oh Happy Day / To My Father’s House,73ec291e-1cd5-405b-8424-cd24447f2dc5
1978,1978,Roberto,Cadillac,788d60b2-702a-4f0c-bc09-17acbe5cc474
1978,1978,Roberto And His Rockers,Rocky Road Blues,ad6634d2-256d-42c5-bd4f-f9676fe7871f
1978,1978-07,Roberto Blanco,Hey Mama Ho,47377bae-8b2f-4b13-96ed-fb63a05b7de5
1978,1978-12,Roberto Blanco,Porompompom,f5392a7f-6461-4498-b0e5-71e87bc60cc2
1978,1978,Roberto Blanco,Viva Maria,bc43f71d-2a40-4124-b6fd-36a99c54f49e
1978,1978-02,Roberto Blanco,Wer trinkt schon gern den Wein allein,4b169253-b713-4771-841e-efbc7eb0dbad
1978,1978,Roberto Soffici,L’amore finisce,e17ffa8b-5722-4307-bfbd-ed940580cdea
1978,1978,Roberto Soffici,Tanto donna,bde22117-ece0-4f41-8184-57cb6125f1f1
1978,1978,Robin,Basket-baby / Kiitos ei,4444e4c7-cea0-481e-94c2-42abba59cf81
1978,1978,Robin,Onnen päivät / Rakkauskirjeitä hiekassa,06877686-0d66-4ef9-a76c-6f20737ff87d
1978,1978,Rocky Sharpe & the Replays,Rama Lama Ding Dong,0ccf2175-fb82-320b-a794-4419298d84e5
1978,1978,Rod McKuen,"Amor, Amor",9d3f640f-0d72-31fa-b05e-7e07e1ef91d8
1978,1978,Rod McKuen,The Wind of Change (Aranjuez),e07dacd1-431b-4f31-9966-4c47b2074cc2
1978,1978-11,Rod Stewart,Da Ya Think I'm Sexy ?,d8fbd1eb-8de5-434e-be9c-7ad763cddd67
1978,1978,Rod Stewart,Da Ya Think I'm Sexy? (Special Disco Mix),f28b3515-1a91-4317-9e56-e0f6178f6662
1978,1978,Rod Stewart,Hot Legs / I Was Only Joking,221078f8-6a02-49e0-951c-e36833edd55b
1978,1978,Rod Taylor / Mickey Dread,His Imperial Majesty / African Anthem Dread All the Way,27c88734-6c27-4ef6-8ace-7a771414d3dd
1978,1978,Rodrigo,Cais do Sodré,c3319d83-b1b0-40c7-b0d9-eef475c6859c
1978,1978,Roger Daltrey,Leon,7394aec5-dcc5-48f3-8e69-09e8be97f07a
1978,1978,Rokeri s Moravu,Koд Ђоку У Диско,0bbe7cb2-747a-4e1c-b0a7-694e71803d22
1978,1978,Rokeri s Moravu,Жив Ти Ја / Рокерско Коло,88f2b3be-65aa-495c-80f1-9a66f25f2342
1978,1978,Rokeri s Moravu,Чорбас Пасуљ Волем / Босиљка,4afccc07-185e-4279-9c01-35dc6e0bce80
1978,1978-02,Roland Kaiser,Amore mio,8973f69b-04fb-4b97-a4b8-8f33c65baab7
1978,1978-08,Roland Kaiser,Wer sich selbst nur liebt,9f86e29d-da28-461d-8756-73fb76bb03b4
1978,1978,Rolf Berntzen og Johannes Kleppevik,Torgsangen / Striladans,9f17e7f6-90a3-42ae-93dd-a5361f902896
1978,1978,Rolf Harris,Back to W.A.,e4faee6b-de89-4c93-b876-c57ca0c8d16a
1978,1978,Romeo Sanchez,Te quiero asi como eres tu / Eres mi querer,4cc633c2-664b-4ac6-828e-3f66b73db992
1978,1978,Romeo Sanchéz y su Excelencia,Es tu amor profundo amor / Ven mi amor,0b194d21-9f1c-4e4f-a7ff-c3232f7890a7
1978,1978,Ron,Occhi verdi... mari calmi / Come va?,c29686a2-caca-4d78-901f-79b79e1029ce
1978,1978,Ron Brandsteder,Nine Short Years / Mammas Don’t Let Your Babies Grow Up to Be Cowboys,71c0d62a-6047-42e0-aaa8-56ee5c2d00ce
1978,1978,Ron Carpenter,Just Out Of Reach (Of My Two Open Arms),4e767c88-cf34-4d12-ad99-6f40f0cab03c
1978,1978,Ronald Louis Smith,Party Freaks Come On,12cf8ffe-d064-4b74-b286-878d40fb516a
1978,1978,Roni Hill,Fire and Water,ae9e4dd7-a3c6-4aad-8f26-e55ed3ae88c2
1978,1978,Ronney Abramson,Light Up Your Love,80d01c62-1852-4ca4-824d-f98445607dff
1978,1978,Ronnie Tober,Dat was ’n kus / Ga je mee in m’n automobiel?,b318c56e-6c85-4320-8b4d-cee5397f39ba
1978,1978-11-11,Rose Royce,Love Don’t Live Here Anymore,66891eec-617a-3288-9f49-209b9c6317d9
1978,1978,Roy Ayers / Wayne Henderson,Heat Of The Beat,0595a425-e07d-4a6d-9656-8d79da0eb795
1978,1978,Roy Black,Geef mij je hand / Ein Kind,59e16c10-443c-4a85-8588-c81849cbcd31
1978,1978-08,Roy Black,Heute abend feiern wir ein Fest / Was wär' diese Welt ohne die Liebe,7b01e933-de83-41cf-b6d5-0a41b63893ff
1978,1978-11,Roy Black,Lucky / Doch sie spricht mit den Blumen,6df5c3d2-62e7-4258-9d5a-5f537342bc67
1978,1978-05-02,Roy Black,Trauriges Mädchen / Ein Mann darf niemals weinen,891f8ff1-b9c4-4d1f-b5c4-16c40fdd55ea
1978,1978,Roșu și negru,Alfabetul / Hai Acasă,37df3323-39fa-4b55-a852-0a0a4ab3d54e
1978,1978,Rubberen Robbie,Geef mij maar drank / Zuipen,26312809-d2d2-44e7-9861-d03542d7f211
1978,1978,Rubberen Robbie,Uit de bol met alcohol / Met een stuk in me reet,790ec862-452a-4424-9cae-64546ec0dfcd
1978,1978,Rubberen Robbie,Zuipen / Hebbie ouwe krante?,930b9fe5-3d72-478b-b1c1-475fd9e6c6fd
1978,1978,Ruby Falls,Three Nights a Week,8e7eeabb-0b47-4274-9590-ec9cf3d19465
1978,1978,Rude Kids,Raggare Is a Bunch of Motherfuckers,6a82487f-8622-38b1-8ed3-9e1ee528c9d6
1978,1978,Rude Kids,Stranglers (If It's Quiet Why Don't You Play?),6d27ddca-f51c-4684-8250-2d77e074c36b
1978,1978-04,Rudi,Big Time,dd13599c-621a-3f62-9c48-f24c4de79917
1978,1978,Rudolf Rock & die Schocker & Ingeburg Thomsen,Denis,9dca2241-84eb-4012-87c2-422a4e4d0652
1978,1978,Rufus & Chaka Khan,Stay,2f072c9f-2d3f-3994-ae90-06f09f2b3405
1978,1978,Rumpelstilz,Tristessa / Sunntigs-Chind,f88414a2-4dd6-4716-83ff-13d13e6ab601
1978,1978,Rupie Edwards’ All Stars ft. Ossie Scott,That Wonderful Sound,01a2d90a-131d-4cf7-ba7d-7c1d7d4f53a5
1978,1978,Rush,The Trees / Circumstances,d18daaa6-8473-4a67-8122-aa12e639c42a
1978,1978,Ruth McKenny and Banny Bright Orchestra,The Cops Are Coming,49469d28-0901-43e0-99d2-45a41678b555
1978,1978,Régine,L'Emmerdeuse,4ac5d689-e674-4146-b623-2fccd3026344
1978,1978,Régine,Les femmes ça fait pédé,733b28d9-c8e2-4dd5-93a7-b5d4aa2c3755
1978,1978,Rémy Bricka,Chantons Noël,6fa295f4-ee86-497a-88d9-442556b47c64
1978,1978-10-06,Sacco,The People Theme Part I,d7a23672-749a-4b58-981e-f62b04e00144
1978,1978,Sad Café,Love Will Survive,a62a102f-ce51-46db-a186-e53bf5bb827f
1978,1978,Saint Tropez,One More Minute,bf479e2d-7a91-329c-ac18-4196017e3e97
1978,1978,Salford Jets,Lookin’ at the Squares,e04d9191-1c49-4416-be5a-bf335578bbfe
1978,1978,Salim Dündar,Boş Vere Vere / İçiyorsam Sebebi Var,1d7695dc-0d47-41b1-ac3f-6c2bb79f52f0
1978,1978,Sally Oldfield,Mirrors,5da7a4eb-6d10-4d8c-8c30-175b20f2dee5
1978,1978,Salvatore Adamo,Mes belles erreurs,309a009b-5095-487c-aa52-c03ea2562437
1978,1978-05-08,Samona Cooke,One Night Affair,aa798aad-b82c-4dca-8454-984b58f56dbd
1978,1978-03,Samson,Mr. Rock & Roll,c1a881ce-eab5-4783-b1e8-275cce2d7f83
1978,1978,Samson,Telephone,18202a21-eef4-4446-aadb-edd59f623b10
1978,1978-08-07,Samuel Jonathan Johnson,You,266fcae2-c042-4764-b1b4-3d5a1e180745
1978,1978,Sandy,Ik ben verliefd op John Travolta,3a0dc987-d97f-3d44-80e2-eac596183481
1978,1978-01-13,Sandy Barber,Wonder Woman,f3cf8036-2ec8-4c1f-b103-725cbe5f5e7f
1978,1978,Santana,Flor D’Luna (Moonflower),a8616b2d-4888-4f03-8460-fac7d790543b
1978,1978,Santana,One Chain (Don’t Make No Prison) / Move On,5dca723c-7f1a-4a91-be00-026d4778ffdc
1978,1978,Santana,One Chain (Don’t Make No Prison) / Wham!,a1bc4790-d469-4cb9-834e-478a63eeb197
1978,1978,Santino Rocchetti,Armonia e poesia,64e332ba-a3bb-4459-8e17-d2fb47a9b4c6
1978,1978,Santino Rocchetti,Divina,e60baaeb-1bfb-41ab-95c8-365e12d77407
1978,1978,Saragossa Band,Malaika,8abd8853-25a1-32e4-9583-775d4460ffd4
1978,1978,Sarah Brightman and Hot Gossip,I Lost My Heart to a Starship Trooper,f237c351-4f0e-4fbe-974d-0b5e945a9d82
1978,1978,Sarah Dash,Sinner Man,2a04592c-7d9c-405d-aaae-8a019b4d13c6
1978,1978,Sarr Band,Magic Mandrake,1c4921bf-442b-4f78-8458-8aa9eba06cdd
1978,1978,Saskia & Serge,Some Girls Grow Up,168fc1a8-bca6-463d-ad31-64793b1b2bfa
1978,1978,Satan’s Rats,Year of the Rats,f13f2511-5d29-45a7-b495-a8031073db8e
1978,1978,Satan’s Rats,You Make Me Sick,b2ad5a78-25a1-37d6-b098-34dfe11d19b7
1978,1978,Savage Kalman And The Explosion Rockets,Babysittin',17a979c8-d606-4b93-895b-18d13d49aa29
1978,1978,Scarlet,La Mer (Beyond The Sea) / Don't Give It Up,18e444ae-84cd-4865-8e9f-8d9be31275f2
1978,1978,School Meals,Headmaster,14484d78-8795-372c-9e70-f9d86eaec30e
1978,1978,Scirocco,Mexican Girl / Oh Carol,1cfd48d9-6c97-44c2-afea-88655c753738
1978,1978,Scorpions,"He’s a Woman, She’s a Man / The Riot of Your Time",aae533a2-0c00-4313-b21e-2672846afa43
1978,1978,Scorpions,The Sails of Charon / Steamrock Fever,6bc07ab1-e90f-45e2-96b8-1b2a295c1b52
1978,1978-11,Scritti Politti,Skank Bloc Bologna,e2c2a65d-a41e-3361-94c2-f33304d6c01c
1978,1978-10,Se,Mä haluan elää,0ab499c9-d4bf-4f17-86f0-9dbbc38c1e62
1978,1978-06,Se,Nyt,0577f073-5b7d-4dba-bf12-b70d48b0d8d7
1978,1978-11-15,Sean Terrington Wright,Strange Situation,dfc0b9da-5131-47a9-bafa-42b6a9426737
1978,1978-05,Sehr Schnell,Orja,ac8142c9-5116-4369-b609-c1185e00a2d2
1978,1978,Seizure,Cuties Wrong Now,81f6f32b-8fab-365c-8d17-5871ab7127ca
1978,1978,Selda,Aldırma Gönül,15883e71-9acd-4df9-a5da-7b9fb57be264
1978,1978,Selda,Kaldı Kaldı Dünya / İzin İze Benzemiyor,4abc99b4-d5b9-4325-8fab-bd8e516d6041
1978,1978-09-20,Semiha Yankı,Sıcak Sımsıcaksın,73996ade-4015-4c11-b1db-812de48fc24b
1978,1978,Serapio Herrera y Los Sonics,El pobrecito / Por eso te quiero,fb5fc4db-1f39-4500-965a-29c5e468b113
1978,1978,Serge Gainsbourg,Sea Sex and Sun,43179e72-9265-468e-8b2d-34c1dd8aef26
1978,1978,Sesame Street,Wonderful Me / Knock Three Times,f664879d-b413-4785-bd85-0f5b96e92550
1978,1978,Set,Knock Out,d2898312-1512-4577-ba86-03bc8bfec1a4
1978,1978,Sevda Karaca,Tanımazsın Beni / Çık Ortaya,1155952f-8ef5-465e-ba52-088243453f71
1978,1978,Sex Pistols,No One Is Innocent (A Punk Prayer By Ronald Biggs) / My Way,c2de6434-268d-4480-8b5a-9b90a86a7c41
1978,1978,Sex Pistols,The Biggest Blow / My Way,bf4c2022-14e1-4f19-a367-d030a9683981
1978,1978,Sezen Aksu,Gölge Etme / Aşk,d3a6753d-5d09-3785-80f2-36413438507b
1978,1978,Sha Na Na,Blue Moon / Rock and Roll Is Here to Stay,0930d806-8094-45c9-9d07-640cff2c3f7e
1978,1978,Shalamar,Take That To The Bank,060a0164-9a1a-4bcc-8eda-4589eba3a7ed
1978,1978,Sham 69,Angels With Dirty Faces,5139641d-4192-3409-b575-f9ad3ea62f0b
1978,1978,Sham 69,Hurry Up Harry / No Entry,05f24004-7f99-49e3-a1f4-879be158e88b
1978,1978-07,Sham 69,If the Kids Are United,2420a9d7-6614-3b85-b231-5144f2c3e924
1978,1978,Sham 69,There's Gonna Be a Borstal Breakout,f7d5afef-c899-302f-837d-cdda40a04812
1978,1978,Sheila,Kennedy Airport,b1f6d98f-614b-477b-9b4f-df17f7e4b97c
1978,1978,Sheila & B. Devotion,Hôtel de la plage / I Don't Need a Doctor,199236da-a78b-4fd6-b908-883641562669
1978,1978,Sheila B. Devotion,You Light My Fire,296acbe1-e2e5-49da-ac23-d4ecfdff88b2
1978,1978,Shock,This Generation is on Vacation,4975bfa2-67c7-3a12-af29-c3d22b24a936
1978,1978,Shock,We Were That Noise,75ebdeeb-8d71-3e41-a83f-fc13fee20cd8
1978,1978-06,Shoes,Tomorrow Night / Okay,db7b3b1d-534a-4951-adab-0b14fca75305
1978,1978-06-16,Showaddywaddy,A Little Bit of Soap,18d77f8c-98bd-4d82-b36e-a65b67c82633
1978,1978,Showaddywaddy,I Wonder Why,ea65f889-b4d7-48ce-87f2-5e20e362e10d
1978,1978,Showaddywaddy,Pretty Little Angel Eyes,7c97f347-0e4a-4bab-a3a5-5944673f70c3
1978,1978,Shwn,Rheda! / Cariad,4c218946-4cb1-4cab-b3b3-c652a5e1165c
1978,1978,Side Effect,Disco Junction,97acb9d3-c22d-4936-be97-5fdfaa16a191
1978,1978,Sidéros,Cockerill,f005c1d6-200e-433e-8d88-5f07b5e1a09a
1978,1978,Silvie,Runaway Boy,096b1dde-32fb-41e7-8b3a-1cb44ca13650
1978,1978,Silvie & Drafi,I Got You Babe,532884c7-abb2-43fb-af34-c58130f14e26
1978,1978,Silvinha,Noites Vazias / Mãe Terra,9b2851a8-7f8c-4847-b840-5babd83d85f2
1978,1978-01,Simon Specter,Can You Give Me One Good Reason / Do You Wanna Help Me,81292d07-cae5-46ad-b39f-bf093176f94a
1978,1978,Simone,Não é verdade,599211ad-acfc-41f3-afff-95c83186dc77
1978,1978,Simpletones,Killer Smog / Quaalude,f24d3ec0-51c0-47c9-8448-e6b2676398ba
1978,1978,Simply Saucer,She's a Dog / I Can Change My Mind,d77a2a42-d71f-3944-9384-e969c65cd1cd
1978,1978-08-18,Siouxsie and the Banshees,Hong Kong Garden,ce91015e-9371-3f19-b207-3ea8b20821f5
1978,1978-12-27,Sister Sledge,He’s the Greatest Dancer,9311be15-c401-43fa-aa98-1b6e7bb5c78b
1978,1978,Siv Inger,Den ensamme herden,580d32e3-0b4b-41f6-bc94-38a5c77a6d5a
1978,1978-07-03,Siw Inger,"Hey, nur nicht drängeln, junger Mann",00b6ac9c-d6ca-47f3-a0b2-9d802bf2f102
1978,1978,Sjef Duchateau,Sjefke,9f4eead7-4056-406c-b1f7-294abf571996
1978,1978-03,Skids,Charles,036b8b4f-a63a-47e5-b1b0-84ebe8eee048
1978,1978-09-01,Skids,Sweet Suburbia,2016a782-6d4a-4ab7-bacd-45c1c8ee9e4c
1978,1978,Skupina Kreis,"Komm, komm näher",75ce5651-3949-43f7-a846-1fdb03e29837
1978,1978-02,Slaughter and the Dogs,Quick Joey Small (Run Joey Run),a9321458-3b82-40b9-b535-db83ee5324b7
1978,1978,Slađana Milošević,Simpatija,1ddcf983-18ee-474e-8249-d352470ae9a2
1978,1978,Slim Newton,(I'm a) Nine Stone Cowboy (Rhinestone Cowboy),f852d5dc-a48d-4eaa-b17d-c77774e98395
1978,1978,Slime,Controversial,dd973c27-5184-3d29-b975-8949c8513c5a
1978,1978,Slush,White Christmas,e9d56c1e-ca4e-4fa6-a0e9-0d6097cd8937
1978,1978,Smak,Nevidljive Terazije,e2fee0cc-7e8e-440a-9fbe-2d840f8c3fe3
1978,1978,Smokie,For a Few Dollars More / Goin’ Tomorrow,047ef26e-f5db-432d-8c28-6df26f31d817
1978,1978,Smokie,Mexican Girl,d779d569-a47a-4e6d-ac30-87132c1580e8
1978,1978,Smokie,Oh Carol,e75f402f-475d-407d-8463-e36144915cbc
1978,1978,Smyle,"Mad Magazine Presents ""Makin' Out""",a8726ad2-a86e-4861-a389-00baecfcedeb
1978,1978,Snakefinger,The Spot,c24a53ec-3e9f-47dd-a830-cd748c9cddc8
1978,1978,Snatch,All I Want,b6f74eb2-ed0b-3c12-a2f8-f6ffbfbe3754
1978,1978-06-29,Sneeky Feelin's,Private Mail,ecdf008c-57f5-4717-ada1-cf21d57fad33
1978,1978,Sniff ’n’ the Tears,Driver's Seat,26230439-ef39-3d50-a885-8e4c5684616a
1978,1978,Snoopy,No Time For A Tango,cd0a3c73-707f-4620-84f7-9a3d6dd9ba0d
1978,1978,Snowmen,Lahti by Night / Skokiaan,3b7d348d-6290-426a-9b35-50ee056bee7d
1978,1978,Solid Senders,First Thing in the Morning,f8b2988c-0670-4293-a7d8-b4644011eb2e
1978,1978,Solution,French Melody / Give Some More,5ea2b771-c921-492e-9b04-f88c694ea4ad
1978,1978,Solution,Give Some More / Chappaqua,977e73ed-4165-4a58-afa4-747c659e6a16
1978,1978,Som Nosso de Cada Dia,Black Rio / Identificação,c60abb74-26b0-41e1-a932-12d90d3aef83
1978,1978,Some Chicken,Arabian Daze,06f90276-658e-4234-9211-d75403dec0ec
1978,1978,Sonic's Rendezvous Band,City Slang,8913e2fd-542f-4ae6-aa07-1c2040f23771
1978,1978,Sonja,Ensimmäinen frendi / Tahdon kaikki kirjeet takaisin,3162c002-6955-4de5-803f-7b5a3afdb1ca
1978,1978,Sonlight,Get Together,7fb1d477-fcc4-4683-82e6-8fbab92cb7ef
1978,1978,Sonora Guantanamera,Mala mujer / Sal y agua,8a144ab2-95ba-4897-871c-13d7b2b3edce
1978,1978,Sore Throat,Zombie Rock,b1bd9562-6bbe-4b4c-91f3-ad00d082ac8d
1978,1978,Soul City Orchestra,Hair Of The Dog / Pink Pussy,01817fa9-3922-49a0-a7f0-1a2d727d0d1b
1978,1978,Southern Harvest Session Band,Southern Harvest Session Band,088b108e-aab8-470f-98ad-d5a8a060c637
1978,1978,Space,Just Blue,c0f26312-4d23-44cf-93c7-eb9fe786ff0d
1978,1978-01,Space,Running in the City / Air Force,a076b5b8-ba81-4bf8-a751-fc59d8b2eea3
1978,1978,Space Art,Nous Savons Tout / Mélodie Moderne,0dbfcb6d-ae6f-4a23-bcc1-b8650ac11b57
1978,1978,Speed Twins,Football Song / Two Wheels,b98dc511-6d17-4680-85c2-f842e5063198
1978,1978,Speedtwins,My Generation /Two Friends,e2c605ca-82fd-4c0f-b049-caec72443b1f
1978,1978,Spirit of Love,"The Power of Your Love / Fill Me Up, Fill Me Up",d1e266dd-1b5d-4f02-9e0c-89c4c7ac29a8
1978,1978,Spizzoil,6000 Crazy,5877b97f-7b60-47fb-a032-0108c44149a8
1978,1978-09-05,Split Decision Band,Watchin' Out / Dazed,ead75120-7117-4342-bcce-baa892ca794f
1978,1978,Split Enz,I See Red,ccc256c2-e032-3033-88a4-91486134bf61
1978,1978,Springtime,Mrs. Caroline Robinson,20cc3307-7327-4f07-a26f-ab1fdc2a98b0
1978,1978-05-26,Squeeze,Bang Bang,c34e05e7-8510-408c-9688-f41bafbe09ab
1978,1978-11-03,Squeeze,Goodbye Girl,0524b686-66f5-47ef-a42b-50dd18840fce
1978,1978-02-03,Squeeze,Take Me I’m Yours,84a1f9ee-a534-48f4-aa7e-fd680429abb6
1978,1978,Stafke Fabri,Karsmis deur de jaore,810442ea-5587-4747-8c8f-b4ec6eafba1e
1978,1978,Stagebeast,Belgium (Ain’t Fun No More) / Working Man,4ea7d34e-3b1b-3296-8276-352107003139
1978,1978,Stalat International,Girl,650c84c5-3492-44ef-b66e-8879ac8057ef
1978,1978,Stanley Turrentine,Disco Dancing,15b8d857-0503-41a2-8d90-bd5fd974d377
1978,1978,Starbow,Intersidereal Message / Voyager II,67bda98f-4f04-41d9-a7ab-12da376cc40d
1978,1978,Stare,Hypnotique,fa0ef729-1aba-4d88-9f5f-fe38c1187dc4
1978,1978,Starshooter,Betsy Party,d8701c05-735d-492c-ae23-bc1fbd26407f
1978,1978-03,Starshooter,Get Baque,0c75f386-9f13-42ad-8c6d-442c823d8692
1978,1978-11-17,Status Quo,Accident Prone / Let Me Fly,974964a2-2ed4-4e02-b60c-198b003a7234
1978,1978-08-25,Status Quo,Again and Again / Too Far Gone,3c357681-c438-4058-8081-1b119b3ae3f6
1978,1978-12-19,Stavangerensemblet,Kan'kje finna fingen!,3fefa8c1-d406-4a2a-a55b-c01e8fd3590b
1978,1978,Steel Breeze,Just a Smile / You're a Loser,c0e7f410-3016-41ef-8abd-9e66050e17da
1978,1978,Steel City Connection,Dansation / Steel City Disco,424f08cc-6caa-4360-bcbb-8a93c07456f0
1978,1978,Steel Pulse,Ku Klux Klan,9523166d-a379-4adc-af53-980753436c68
1978,1978-06-16,Steel Pulse,Prodigal Son,e0df1265-7ca0-4344-a21c-111f54d20bad
1978,1978,Steely Dan,Do It Again / Rikki Don’t Lose That Number,75450019-2285-444c-9468-365308381e73
1978,1978-05,Steely Dan,FM (No Static at All),7505d7ec-ff33-490d-8771-6773cbde51fe
1978,1978,Steely Dan,La mejor musica de “FM”,6b23608e-ab2b-44ef-8bd2-725059db4326
1978,1978,Stella,Jouw stoel staat klaar / De luchtballon,2923b2be-42fe-4569-b5ca-5fc4bc4d9758
1978,1978,Stelvio Cipriani,Il Triangolo Delle Bermude,96993c18-ce0a-4c35-8b98-75b81d57146f
1978,1978,Stephen Bishop,Animal House / Dream Girl,7d7ae3f6-22ee-4da4-9ad1-5dce104481cb
1978,1978,Stern-Combo Meißen,Der weite Weg,f007eff9-2d5f-453c-a325-88a5d4e5ca98
1978,1978,Steve Hackett,How Can I?,cff16a7b-7da7-4616-9d0f-813b99dfa413
1978,1978,Steve Hackett,Narnia,7e74ceda-8789-4a51-b58a-d57276ce5e88
1978,1978,Steve Wariner,I’m Already Taken,a27628f1-a6ab-41ae-9496-b82da040ffc0
1978,1978,Steve Wariner,So Sad (to Watch Good Love Go Bad),5708d16d-c632-494c-b7b7-fc6d1d231be6
1978,1978,Stichting Vastenavend,'t Is weer voor d'n bakker,46b346ee-afcd-4bd8-ac34-987468a0a612
1978,1978-10-17,Stiff Little Fingers,Alternative Ulster,84c576ac-f949-337f-adb2-7713e2f191f0
1978,1978-02-04,Stiff Little Fingers,Suspect Device,86e4fa68-332d-3a92-8781-04cd2e1e537f
1978,1978,Stig Møller & Kim Larsen,Skovsøen / Hør nu her engang,d216e0c2-6f22-3ef0-bb2c-757482741d7f
1978,1978,Stony Becker,Matchless Women,0953eda5-118e-47c5-8b99-0a80a7882578
1978,1978,Stopouts,Strange Thoughts / Just for You and Me,327652b2-caa1-4bba-a614-27b52c6e0115
1978,1978,Storlok,Gwerz An Dilabour,21d917d7-ba14-4926-a980-a0691c6c57c0
1978,1978,Strangeways,Show Her You Care,a39e905d-84fe-4fd1-a62d-c9d80b785042
1978,1978-06-16,Strapps,"Turn Out Alright / Take It, Break It",444376ed-9b39-4cc8-8c55-41785da2b261
1978,1978-09,Streetband,Hold On,7dbaa35f-cab4-4382-8a72-23f44ded1038
1978,1978,Streetband,Toast,1b2d5cdd-4e26-413e-a934-f5b40b6af889
1978,1978,Strychnine,Jack the Ripper,13f44ee3-30f8-318d-83de-b58fec49db7d
1978,1978,Strychnine,Suspect,0c969029-0431-4e7c-a80e-25a3cac67780
1978,1978,Styx,Blue Collar Man (Long Nights),578a5f83-a1fb-4f8a-a3f9-e11b1d9d3732
1978,1978,Styx,Renegade,67eba17f-3fe9-48d8-9768-c55404c301e0
1978,1978,Styx,Sing for the Day,8800d89e-0704-45f6-a32f-4be86433e54f
1978,1978,Subs,Gimme Your Heart,8232a34c-d92d-4497-a578-fcf858fa3bd3
1978,1978-02-06,Suburban Reptiles,Megaton / Desert Patrol,2ea9c45c-444a-4146-9ad6-761a6296927e
1978,1978,Suburban Reptiles,Saturday Night Stay at Home,0011abda-d830-39b0-9f35-ad0d1e493ecd
1978,1978,Suburban Studs,I Hate School,77e2d816-c43a-484e-84bd-9c81728e43d9
1978,1978,Subway,Jesus Loves Me,30ab8e97-1116-3697-8737-50ccede69196
1978,1978-10,Subway Sect,Ambition,fce1f0ab-886d-491b-ab37-74e8cca5e000
1978,1978-03,Subway Sect,Nobody's Scared,0792d789-77a0-4bb5-a27b-c17de1921036
1978,1978,Suicide,Cheree,9b091ccc-f7e3-375a-8f30-8587f1820253
1978,1978,Suncokret,Imam Pesmu Za Sve Ljude / Čovek Koga Znam,88d28083-4380-4cb5-95a9-607b9efa77fb
1978,1978,Sundown Emotions,Sundown,8cbe6b85-3a4c-4177-bdd2-3ad8dedfd2db
1978,1978,Sunflower Unlimited,De Zonnebloem,3294a756-bdd2-4a10-994f-40e5ff2ad3b2
1978,1978,Sunshine,Take It to the Zoo,e8d79fee-dd0d-4378-b800-f4fce9f9789c
1978,1978,Supercharge,Think I'm Gonna Fall (In Love),1a49f228-c01d-4332-bdba-6770fe43bac3
1978,1978,Supermax,Love Machine (Part I & II),98d13947-8ddd-480f-aa22-2b69e9ecc5b1
1978,1978,Susana Estrada,Ya Me Voy De Tu Vida,3c141825-2df5-4cf1-99b8-328f24ec6f4a
1978,1978,Suzi Quatro,Don't Change My Luck,fafc7869-d695-4acb-abb1-525af0a7b5df
1978,1978,Suzi Quatro,If You Can't Give Me Love,5a9cc6b5-f354-4450-bfa0-c82ef220167f
1978,1978,Suzi Quatro,The Race Is On,11cbeefb-f9b2-448d-a31c-e2a3c4d60cea
1978,1978,Sweet,Love Is Like Oxygen,7a2cfa19-ef35-41c8-9e91-54e73ceffd14
1978,1978,Sweet Breeze,Summer in Malibu,fa506e30-0722-4153-869f-871b82e6b1fc
1978,1978,Sweet d’Buster,No More Cricket / Still Believe,9bd7f065-add4-4527-8711-3f24ec9a75de
1978,1978,Sweet People,Et Les Oiseaux Chantaient (... And the Birds Were Singing),94bdf20f-21cf-4bd7-84ec-c1a8b5cf4da4
1978,1978,Sweet Things,Tulips From Amsterdam,3470d4a2-097f-425c-93d3-417e4f3d6c24
1978,1978,Swell Maps,Dresden Style,0bcd6013-48a1-33cd-8ff2-e3ca97586afe
1978,1978,Switch,There'll Never Be,a763fbf6-c7a6-3f74-b87d-5fe0218d02cf
1978,1978,Sydkraft,Surfway,38744ce6-75c6-4de4-af2d-c59a2c4fa249
1978,1978,Sylvain Poons en Oetze Verschoor,De Zuiderzeeballade,9ca41ea1-eaee-453e-b95b-70f513bd504a
1978,1978,Sylvester,Dance (Disco Heat) / You Make Me Feel (Mighty Real),a198cd13-8cef-4892-9156-dd8c89f99de8
1978,1978,Sylvester,You Make Me Feel (Mighty Real),c4689413-2d7d-41f4-8cc4-1b4f66410861
1978,1978,Sylvia Vrethammar,Der Mann fürs Leben / Tingel - Tangel,51ab1f4a-4875-4a9b-a1e1-d318fcc58c45
1978,1978,Sylvia Vrethammar,Liebe machen (Muss nicht Liebe sein) / Mexikanische Nächte,c7592f30-4335-4802-bbad-64cb41757bdc
1978,1978,Sylvie Vartan,Disco Queen / Sidéré sidéral,ac6e55d7-ddb6-41d3-a9f6-6756b07790cf
1978,1978,Sylvie Vartan,Fantaisie,f1a73374-b506-4542-8416-0a16c4fb671b
1978,1978,Sylvie Vartan,Solitude,d1af3b22-b3a2-4ad6-9c33-9f2d028c06d8
1978,1978-05-27,Symbol 8,I Thought You Wanted to Dance,5665c035-fe1c-44f8-bc7d-a5f8f35b5158
1978,1978,Synthi & Gert,Sister Susie's Synthesizer,79d90a69-7040-44d5-94ba-bce00f58f09f
1978,1978,T.H.X.,Telstar,0619f9f6-8a8f-44f2-a9eb-aa963663d7f9
1978,1978,Tabasco Brand,Arhus Forest,f6112a0e-fac3-49d9-961f-cff2d03995a1
1978,1978,Taiska,Loitsukannel / Viistoista siis,08cfbb9e-604e-4d1d-8cdc-a351b5f8ec73
1978,1978,Take It Easy,Disco-Carnival-Medley,c9dbb4de-33f8-42d4-b506-89c0ac3a848a
1978,1978,Tala A.M.,Arabica,bcac0778-9f2b-4c6f-ae03-a3ea0cc379d4
1978,1978-06-28,Tala Am,I Know What You Want,ca79726f-522a-4004-9d08-534bf6a674cc
1978,1978,Talking Heads,Take Me to the River,c407f946-f07a-48c1-b76f-192ab6e80a25
1978,1978,Talking Heads,The Good Thing,e43cc28d-1796-4fd8-a146-1c93dc00b92b
1978,1978,Tammy Wynette,I’d Like to See Jesus (On the Midnight Special),e13e5fe6-be43-4736-b2c6-fe7524f40ab2
1978,1978,Tammy Wynette,Womanhood,1f749260-2327-48f7-afb4-55e26b112a2a
1978,1978-02,Tangerine Dream,Bent Cold Sidewalk / Rising Runner Missed by Endless Sender,52fd11a6-a73f-4ea6-ab20-785c5a171a79
1978,1978,Tanju Okan,Parkta Yatıyorum / Çocukluğum,cd9b375d-56b7-40a9-b0bf-392a8ffb3dfb
1978,1978,Tanz der Youth,"I'm Sorry, I'm Sorry",ccd37811-a63a-39b2-a393-5b9d9c667899
1978,1978,Tanzkapelle Peter Alexander,Heilbronner Weindorf / Gell do glotzsch,e67e018c-cc9f-44f3-9fcd-06ecfd38176a
1978,1978,Tapeworm,Break My Face,2d9ac4d1-d8ab-3b10-82c8-2e100221d8e6
1978,1978,Tavares,Slow Train to Paradise,89f38ee7-55a0-3fca-9706-729dbd7e058d
1978,1978,Taï Phong,Back Again,7289db97-13d9-4685-8873-7019705c16c2
1978,1978,Teach In,Dear John / Instrumental John,096d191d-5474-46b5-b948-2ab09267a6d4
1978,1978,Teachers Pet,Hooked On You,93585826-2335-47a0-b042-6d38dd1a0fc6
1978,1978,Teaser,What You Need Is Love / It's Gonna Be Allright,c458593e-f398-40b9-8c47-85ce758ce8fc
1978,1978,Ted Herold,Abendwind,56a09772-01ee-44cb-8218-d76368b66a8a
1978,1978,Teddy & the Tigers,Blue Moon of Kentucky,327e8116-00cc-48dc-91d1-1bf557bf8dfa
1978,1978-02-12,Teddy & the Tigers,Bop With Beaver Jeans,d06da099-6766-4ec8-9e6a-c0160ea577c0
1978,1978,Teddy Nelson & Flying Norwegians,Point of Departure / No Love Have I,f39748a6-5010-4723-b4db-5605cca877be
1978,1978,Teddy Pendergrass,Close the Door,36c22c3e-b0d4-40bd-a78f-78cb0b29086b
1978,1978,Teddy Pendergrass,Only You,0dd3d774-56fa-416a-9cf1-23c7d47a8913
1978,1978,Teenage Head,Tearin' Me Apart / Picture My Face,f5e1adf7-74a9-4fd8-8a61-7d4721d4cfcf
1978,1978-06,Television Personalities,"14th Floor / Oxford St., W1",e7c707c5-2ed3-3635-9a80-67b411901dd3
1978,1978-01-10,Tenderness,Gotta Keep on Trying,5acbc352-524d-496d-bb7b-99a8c6e1831d
1978,1978-07-17,Tenderness,Love Slipping Away,8d13004b-5880-4856-aadc-1b054121ff79
1978,1978,Tennessee Ernie Ford and The Jordanaires,Swing Wide Your Golden Gate,c43a6824-1d1d-40b1-ad96-d3640a999f69
1978,1978,Teresa Rabal,La Gallina Esdrújula,91fe1eae-4453-45cd-96e6-aa9404080ca9
1978,1978,Teri DeSario,The Stuff Dreams Are Made Of / Ain't Nothing Gonna Keep Me From You,b97810fa-6b0b-44c8-8246-d3a4743ceeb1
1978,1978,The Action,Get Back to Me / Any Day Now,429c7d63-b0d5-370d-a697-4b24f3b64252
1978,1978-01-20,The Adverts,No Time to Be 21,60ce9316-e267-3747-bf4d-4d088b15b88d
1978,1978-11-10,The Adverts,Television’s Over,85d122f6-866a-31af-909e-81c972820c20
1978,1978,The Aferton Project featuring Jill Kennedy,Nowhere / Beyond (second movement),4d27099c-fffe-4502-b413-b0c2b7c807b6
1978,1978-03,The Alley Cats,Nothing Means Nothing Anymore,134c37e5-b5d7-30ca-896d-681c328424f7
1978,1978,The Alternators,No Answers,00b74b17-eb32-4a8e-bf9b-4f90bab02b09
1978,1978,The Artattacks,I Am a Dalek,a537dee1-28e6-31b8-9626-f1488ce79e2e
1978,1978,The Atlantic Family,Everything Must Change,fe8d981e-29d0-4c39-b5ba-20650ebfe21f
1978,1978,The Barron Knights,A Taste of Aggro,fea95516-4324-446b-8d23-f7ac4505b138
1978,1978-11,The Bar‐Kays,Holy Ghost / Monster,e87d04aa-e7d8-4786-9809-6fb617fcc971
1978,1978,The Beach Boys,Peggy Sue,ca88e0cb-b360-483a-bc80-9448a0be6984
1978,1978-08-02,The Beatles,Sgt. Pepper’s Lonely Hearts Club Band / With a Little Help From My Friends,c26e10e9-c5ea-330d-a6c4-a64f18fedea4
1978,1978-03-31,The Bishops,I Take What I Want,5289ebc2-5d08-47b0-9a0c-a32c2643d85c
1978,1978,The Bleach Boys,Chloroform,e58a6e3e-7d58-32f9-a575-43d7c1fca24d
1978,1978,The Bleach Boys,Stocking Clad Nazi Death Squad Bitches,4e04aaa9-fdd5-31d3-913a-a6c67a790c19
1978,1978,The Blitzz,Go Now / You Got What You Want,28329d59-5f57-40ce-affa-05d9e892a9c2
1978,1978,The Blitzz,So Free / Degeneration,5dc24c05-ffd7-369a-9aa0-773e222551df
1978,1978,The Blitzz,You Got What You Want,4d70c1be-6acc-3416-9c79-99e205dbe1a9
1978,1978,The Blue Max,Dream Machine,c81dbbed-992b-44be-be43-7d4371167fe4
1978,1978,The Blue Max,Flying to Moscow,0fa91bde-0294-4cbe-8378-12e2c68f574e
1978,1978-06,The Boomtown Rats,Like Clockwork,1ddb20a8-8158-434a-a90c-dba2333976bc
1978,1978,The Boomtown Rats,Rat Trap,a5db8bf3-c299-4fdb-8da1-c1381b657468
1978,1978-03,The Boomtown Rats,She’s So Modern,b6b0e9cc-a78f-433c-97c6-357c61963d25
1978,1978,The Boyfriends,I Don't Want Nobody (I Want You),ca3f90ac-715d-34b1-af47-5be0583d991d
1978,1978,The Boyfriends,I'm in Love Today,c12c00dd-29fa-4ff2-83c3-117cb994c50f
1978,1978,The Boys,Brickfield Nights / Teacher's Pet,4ed13e37-5ae7-40e7-a7d0-b0734b98e05e
1978,1978-03,The Boys Next Door,These Boots Are Made for Walking,458e3bda-c0b7-37fe-a12a-50861ce02b35
1978,1978-11,The Bozos,Weekend Girl,d0a2bc07-e44d-4fbe-baa4-c347316f2415
1978,1978,The Brides of Funkenstein,Disco to Go,4b08163e-8322-45bc-82d6-6722afb30993
1978,1978,The Brothers,Mien grunnigerland,70d30db1-b039-44f4-b0fd-053c2017359d
1978,1978,The Brothers,Mijn pappie heeft een echte garage,7c7da3d1-3aec-4d4f-9723-6799c5914681
1978,1978,The Brothers,"Oh, oh wat mooi",8f2c913a-cd70-429a-aa70-91f88e243411
1978,1978-02,The Byrds,"Mr. Tambourine Man / Turn, Turn, Turn (To Everything There Is a Season)",8203bf59-72a8-4e1a-a6ff-9dcfde5ba604
1978,1978-04,The B‐52’s,Rock Lobster / 52 Girls,2ea453e0-b54a-40a1-9200-a7c689f39a04
1978,1978,The Carpettes,Small Wonder?,e7be9ac0-9d32-30d6-8223-9d6ce1c2059b
1978,1978,The Cars,Good Times Roll,4cbab7d0-d443-43bd-8739-859d4e9a0c2d
1978,1978,The Cars,Just What I Needed / I’m in Touch With Your World,f1c324f6-6f86-35f7-84a1-f38389e63ee0
1978,1978,The Cars,My Best Friend’s Girl,2e08ae0d-966b-39d8-8388-b0cf7e70affd
1978,1978,The Carvells,Skateboard Queen,c0524f8a-f3c7-46c5-aef0-94858afe49f2
1978,1978,The Child Molesters,(I'm the) Hillside Strangler,d4d5de1c-a236-3df3-9475-4fb39419f517
1978,1978-06-16,The Clash,(White Man) In Hammersmith Palais,5aa3df3a-394b-3f91-b7b4-651fd9d0820b
1978,1978-02-17,The Clash,Clash City Rockers,4bb4b3f5-8f3d-3e6a-bbab-61b472ff7344
1978,1978-11-24,The Clash,Tommy Gun,a94a8382-1214-3d6d-a391-926215f6576b
1978,1978,The Controllers,Neutron Bomb,860cb2e9-eeb6-4ee5-97b8-d81ab46ce625
1978,1978,The Counts,"Ooo Baby Baby / Get Up, Get Dancin'",2bbe340f-007d-4452-8763-c800b35f3a65
1978,1978,The Cramps,Human Fly,2f07590d-f6ff-4936-963e-60949d16ffbc
1978,1978,The Cramps,Surfin’ Bird,145bf2de-1e72-40c6-998d-6591bc41fb54
1978,1978-07,The Cravats,Gordon,65640bd6-ccef-3e9d-b2a8-11bf15585126
1978,1978,The Cuban Heels,Downtown,4ad51bbc-5edb-4b5c-aaf8-7ff7c084a1c4
1978,1978,The Cunts,Chemicals in the Mail,89158318-6e3f-3572-a13d-f7951abeca87
1978,1978-12-21,The Cure,Killing an Arab,171cf53e-effe-360a-9f2b-3f2ae52663b7
1978,1978,The Days,Tonight,057da8c5-4fd0-4d7e-a6e3-0eadb0aef254
1978,1978,The Defendants,Headmaster,3fb50bef-fdff-4c81-9713-a4a7a415345f
1978,1978-08,The Dickies,Eve of Destruction / Doggie Do,18a0a4ff-2652-3fdb-a535-59a600f5f4fe
1978,1978-11,The Dickies,Give It Back,4fab4c18-0859-352c-adad-a421acddda07
1978,1978-06,The Dickies,Paranoid,0515628e-8c90-3fac-a398-46af56a595f7
1978,1978,The Dickies,Paranoid / Hideous / You Drive Me Ape (You Big Gorilla),6a90d1ac-5da2-47d2-b5e2-b791c3a239de
1978,1978-12,The Dickies,Silent Night,c0bfc7e2-11fd-380e-b353-b84c72bd5146
1978,1978-02,The Dingoes,Smooth Sailing,37b13554-7f5f-4c9e-baff-37ff118445fc
1978,1978-08-11,The Diodes,Tired Of Waking Up Tired,d0a1b525-cf2f-46a8-8a04-040b59de87d6
1978,1978,The Dogs,Slash Your Face,ac8b94b2-4ba4-41a7-b1c9-cd587b8ba42b
1978,1978,The Dole,New Wave Love,75f1ce93-f953-4f9c-9880-d41a830cbdb1
1978,1978,The Doll,Don't Tango on My Heart,62868e1d-54ee-4b47-8e50-2799e4e57642
1978,1978,The Doobie Brothers,Minute by Minute / Sweet Feelin’,dc75fc07-a095-44cf-abc8-e25e4b0a6c5c
1978,1978,The Doobie Brothers,What a Fool Believes,1adfacb3-5b90-32c7-8c56-fcd1b1cfa8c8
1978,1978,The Doobie Brothers,What a Fool Believes / Minute by Minute,896002a4-c839-4a9b-b0c6-d26289be1fcf
1978,1978-07-21,The Dooleys,A Rose Has to Die,254e216e-e20d-4922-8008-3b8b0fb44252
1978,1978-04-28,The Dooleys,Don’t Take It Lyin’ Down / Forever,62c6a36e-1f3d-4f1e-9090-ec37c8982aa0
1978,1978-11,The Doors,The Mosquito / Riders on the Storm,acf99113-52e6-424e-b080-04ea9d33628f
1978,1978,The Dot Vaeth Group,White Collar Worker / Armed Robbery,d9d6e1e3-32bc-3282-988d-7f5f5d7e80f7
1978,1978,The Draytons Two,Play Dah Spouge,36a3c935-4a6c-4cd9-aec7-9f6f06b54f25
1978,1978,The Dreamers / Lewis Lymon & the Teenchords,Teenage Vows of Love / Dance Girl,6b0f8d46-4c36-4943-ae9a-f1fade50b19c
1978,1978,The Dyaks,Gutter Kids,f5955e99-bf48-4c10-b5f9-ebefbd31a768
1978,1978,The Edge,Macho Man,6a222dec-6413-4d1f-b45c-4eb44ff5de21
1978,1978,The Electric Eels,Cyclotron,44a3cfba-7fd2-3c0a-a78f-582e68c51b2a
1978,1978,The Enemy,I Need an Enemy,1b0d7ddf-026d-3f6c-89d7-34bd266d745f
1978,1978,The Exile,The Real People,5bd04d18-48b3-4a04-ab1b-832435d3b2cf
1978,1978-06,The Exits,The Fashion Plague,2ac0427c-c899-4ca7-b44b-4f0d31e52694
1978,1978-08-11,The Fall,Bingo‐Master’s Break‐Out!,2adf9357-c794-3568-913f-49fceee1d33f
1978,1978-11,The Fall,It's the New Thing!,d0e8e564-696c-3140-8f76-5e6ffb51e7d6
1978,1978-03-24,The Fast,Boys Will Be Boys,b18f5afd-75e8-4247-9447-adf39ba5c529
1978,1978,The Features,Drab City,7bf00484-e551-4740-8eab-ece0c68e769d
1978,1978,The Flash Cubes,Christi Girl,c9d221ff-3f1f-440f-bcf5-a39d443023fb
1978,1978,The Flying Lizards,Summertime Blues,ec353485-31cc-483a-878f-9bcb5642d8d7
1978,1978,The Flys,Fun City,a3acdad6-148e-3b15-a986-9815c146dc29
1978,1978,The Flys,Love and a Molotov Cocktail,0ec9a062-b70c-314c-bdc1-8b8db7516c86
1978,1978,The Furys,Say Goodbye to the Black Sheep,dd5a1dcf-8b0e-44f6-9b97-546a8c6367cc
1978,1978,The Goldwings,Blanket By The Riverside,1c33fc29-6d77-4e31-83cf-f728c7e60f19
1978,1978,The Goons,The Raspberry Song,d20bb05c-343e-4572-a1f6-9bfd0f783515
1978,1978,The Go‐Betweens,Lee Remick,d1d06650-a05b-3367-a13d-efa34a7929b9
1978,1978,The Grammacks,Pastime Paradise / Con Du Ka Haller,9fe4cb97-8276-4dc5-95ca-d91ed0aab8d1
1978,1978,The Great Disco Bouzouki Band,Giorgio / Greek Girls,0023b483-afd8-4dd1-80a3-fc2087679c47
1978,1978,The Heat,Instant Love,85b19d07-d0f9-4608-8ccb-c40f8b73419d
1978,1978-12,The Hobbs,Bop Around the Shop,2c4b04e6-6e3a-4daf-b7c1-64abea651399
1978,1978,The Hollywood Squares,Hillside Strangler!,ceaab2fe-5090-341d-8dcb-f2e1d9532a3b
1978,1978,The Homosexuals,Hearts in Exile,cef98674-125d-4d94-a4ee-c465b2f17aca
1978,1978-06-30,The Human League,Being Boiled / Circus of Death,bc00ead2-0412-346c-820a-ada4da1dadc3
1978,1978,The Incredible Kidda Band,Everybody Knows,3dbffd45-5cb1-449f-a531-27ee609b9225
1978,1978,The Independent Movement / The Warlord,Slippin' Away / The Ultimate Warlord,5d12489f-d18f-4c25-8a28-e5dc8f5f5b24
1978,1978-03-11,The Internationals,Boom Boom,a3731cde-4de6-4aff-84da-f9cb1f0a1166
1978,1978,The Isley Brothers,Take Me To The Next Phase,05948c5e-79a2-47bf-9510-f56f5965ee5c
1978,1978,The Isley Brothers,Take Me To The Next Phase / Tell Me When You Need It Again,187598da-caaf-4440-9be0-86afb89076b7
1978,1978,The Jacksons,Shake Your Body (Down to the Ground),08da3819-b739-4d3e-9f18-14df56cf6aaf
1978,1978-08-26,The Jam,David Watts / “A” Bomb in Wardour Street,3c937c5a-2058-38cc-8425-29d5d962e8f5
1978,1978-10-21,The Jam,Down in the Tube Station at Midnight,deb6015c-2b03-34ae-aef5-aefd98f6209b
1978,1978-03-11,The Jam,News of the World,0e3ba3f4-904c-350b-93da-50af289dd4d4
1978,1978,The Jermz,Power Cut,a61bbd7b-b1ef-356b-8fb9-92c11089c76d
1978,1978-12-18,The Jets,Lover Boy / Paper Girl,8310cb95-5272-491b-adbd-d926c1661065
1978,1978,The Jets,Rockabilly baby,6157cbd3-f4f2-44e0-b5d1-1535b5807bd2
1978,1978,The Jolt,What’cha Gonna Do About It,0c176b61-70be-48d2-b7c4-3bffe128cdab
1978,1978,The Jumping Jewels,Irish Washer Woman / Guitar Tango,571852cb-f450-4cd7-890b-386392a4b63f
1978,1978,The Kelly Family,Danny Boy,8c396a71-e701-4bd9-a952-2ddb333f2f45
1978,1978,The Kids,No Monarchy / Rock Over Belgium / The City Is Dead,264f5f0b-9eb4-4677-86d5-ed36c1d43a38
1978,1978,The Last,L.A. Explosion,c2bbae41-47b6-3a56-a2ac-a816eb21d2c8
1978,1978,The Last,She Don’t Know Why I’m Here,7723b7d5-4784-4087-8578-29650d1afe64
1978,1978,The Latin Brothers,A sol caliente / La mondonguera,c58ff366-b3a6-4723-99ab-bc9d829f6ba4
1978,1978,The Limit,Please Please Me,0aa11495-95ad-33c8-bde6-f62b937f426c
1978,1978,The Lords,Jezebel,b5a64a2c-7efa-4ec6-be10-2c5b7dc6d562
1978,1978,The Luchs Brothers,"Kill Me, I'm Rotten",f6194642-8f70-36ad-ab20-302bfdacb176
1978,1978,The Lurkers,Ain't Got a Clue,5cec1187-cdfe-3345-994a-ac4f224e083c
1978,1978-07,The Lurkers,I Don't Need to Tell Her,28cf9010-600f-4950-8342-dcaf3caaee29
1978,1978-12,The Lurkers,Just Thirteen,75e2f8cf-6e2e-3cd0-a972-052a7eccd890
1978,1978,The Lychees,Chinese Love,fc73d300-a121-4022-a6a5-f24e5dec2296
1978,1978,The Manhattan Transfer,On a Little Street in Singapore / Single Girl,f0e15087-65ad-47c1-b08a-39126e6d0043
1978,1978,The McCrarys,You / Looking Ahead,77747b2e-d996-465d-85a0-09a2f7ca30c0
1978,1978,The Meditations,Life Is Not Easy,cd86619a-be43-4244-8ac7-f43a265a2035
1978,1978,The Mekons,Never Been in a Riot,0b25d0d0-5856-40df-b442-b76aa2ea8f80
1978,1978,The Mekons,Where Were You? / I’ll Have to Dance Then (On My Own),0629d012-272c-3436-bef9-267a655376aa
1978,1978,The Mellow Lads,Babylon a Run Come,e592296a-9f42-4b7c-9362-aef6ea8c2a56
1978,1978,The Members,Solitary Confinement,5c34005f-d77b-441d-a294-83f5d63f7d63
1978,1978,The Miami featuring Charlie Chapman,I Like It Like That,6d4b758a-8e0a-4373-a00c-f69cf2a3f2ed
1978,1978,The Miami featuring Dessie O'Flaherty,Don't Put The Boy Down,a075d5bc-4913-4232-803a-e23c61d05925
1978,1978,The Mixers,Jouw hart is mijn veilige haven / M'n ouderlijk huis,650794e5-1c71-4b47-b2ce-dd0c2835cbbc
1978,1978-06-02,The Motors,Airport / Cold Love,9f429ca1-4b0a-43f0-b6af-a4d90d6d472b
1978,1978,The Motors,Forget About You / Picturama,3ad9d91f-1efd-4f23-998c-cd79c64a8cc5
1978,1978,The Motors,Sensation / The Day I Found a Fiver,dfc22b9a-7d0d-42f5-9ddf-cec2732952cf
1978,1978,The Music Line,The Motor Man,f75bbe7a-8e3c-4885-ac30-cf7978cca703
1978,1978,The Music Men,Lieve Monja /Etherpiraten van Nederland,75f7808c-17ba-4acf-9449-cf561e4610ef
1978,1978,The Mutants,Schoolteacher / Hard Time / Lady,5e5f71ed-6ee1-47f2-bb32-fd58b2aa1d1b
1978,1978,The Mutants,So American,b1857614-1826-33b9-afab-4b453796ceac
1978,1978,The New Dutch Organ Group,Holland Disco,cc197b52-a57a-46aa-a6cd-8373d0b57d2b
1978,1978,The New York Community Choir,I'll Keep My Light in My Window / Make Every Day Count,53b89d2f-ba1f-330d-af6f-e8b6be3c8b85
1978,1978,The News,She's So Square / The Kids Are Dancing,fedff2d2-3b2c-47e2-b708-c72de300c0d3
1978,1978-08,The Nips,All the Time in the World,b6011114-1bda-4b10-a0b4-47ff91b4382b
1978,1978,The Noise,Let's Have Some Fun,2b25e341-4368-3362-a509-a1ba99a6f07a
1978,1978-10,The Normal,Warm Leatherette / T.V.O.D.,aaf8ec6e-f1e7-312d-af91-8ca168a388f6
1978,1978,The Normals,Almost Ready / Hardcore,1855710f-4767-3db1-8f21-c6a0262f14bd
1978,1978,The Now,I'm Eating Off a Fashion Plate,fdb58c2e-797a-3e02-95c7-0507f011a13e
1978,1978,The Offs,Everyone's a Bigot,27e464ae-c8e9-3ad1-a01b-f2553ccd7c8e
1978,1978,The Offs,Johnny Too Bad,89660e9b-18c9-4d5c-ab14-c401311fd210
1978,1978,The Only Ones,Another Girl Another Planet,979a3256-c248-4d78-9f0a-5d5271a99d38
1978,1978,The Original Defosto Himself,Socorama,73e8949b-e3c7-4be1-891c-a52587ddcde3
1978,1978-03,The Outcasts,Justa Nother Teenage Rebel,eac2cd2f-75d1-4a6b-9257-991a831b5d8e
1978,1978,The Outcasts,You’re A Disease,ec813520-890d-413f-8e27-9167576e5024
1978,1978,The O’Jays,Brandy,ca9f9a77-26b5-4437-9ea2-dc3c428ed998
1978,1978-03-16,The O’Jays,Use Ta Be My Girl / This Time Baby,5db94f8b-d397-4a99-aabf-dfecb28697e7
1978,1978,The Paley Brothers,Tell Me Tonight,2a65ea53-649d-4ffc-ac9b-408f3594634f
1978,1978-05,The Paley Brothers,You’re the Best / Magic Power,77f6df10-842a-4d76-9f55-b01cf07b6347
1978,1978-10-13,The Paley Brothers & Ramones,Come On Let’s Go,f9182ef6-3354-47ab-940f-bae20e7ecb97
1978,1978,The Pathetix,Aleister Crowley,fbe7d33e-eee7-3903-a65a-20ac3bae7beb
1978,1978,The Piranhas,Coloured Music / Jilly,f3401e63-d449-3e94-910b-3632b9ef1933
1978,1978,The Pointer Sisters,Fire,12dba80d-0e94-4df3-8d49-43983912536e
1978,1978,The Police,Can’t Stand Losing You,b7e293d2-7109-3423-962f-aa43ad9f72a5
1978,1978-04-07,The Police,Roxanne,d09afa16-c145-308b-b6b1-cc23cfc65fd2
1978,1978-11,The Police,So Lonely,188d416a-59b7-4e65-b5ca-8499209d3208
1978,1978,The Pork Dukes,Telephone Masturbator,60613722-0b9f-426c-95fc-0d2d09330815
1978,1978,The Push,L-O-V-E U,c700cb38-9ab1-39c3-a6d7-c2527148515b
1978,1978,The Quick,Pretty Please / Somewhere Over the Rainbow,283460f9-b3bc-4a19-a6a2-716a46072575
1978,1978,The Raes,A Little Lovin’ (Keeps the Doctor Away) / To Love Somebody,0765e092-db81-4be9-b08c-fb8a43e14aa5
1978,1978,The Raes,Cara Mia,5d72123f-4d99-4abb-853c-3a9287e50038
1978,1978,The Raes,I've Got to Learn to Live Without You / Sweet Rock 'n Roll,1d9ffbda-e0e7-45ff-a163-1fa5c5a4f1c5
1978,1978,The Rakes,Geniet toch van het leven,c5d1d1d2-2a12-406d-99b4-284ce9fbcdc0
1978,1978,The Rapsodie’s,Wanneer een nachtuil gaat carnavallen,b298fb53-fa40-4ad3-a759-40ef912a3107
1978,1978,The Reasons,Hard Day at the Office,96ec8a8c-3ee7-4962-a23e-3432c25183fd
1978,1978,The Records,Starry Eyes,8c30e900-9041-4636-bf10-c2ee8f1e36af
1978,1978,The Red Krayola,Wives in Orbit,25305dea-40b8-4830-bbbf-c1111ebfcf8b
1978,1978,The Red Squares,Ottawa Today,a0c0dd5b-b954-3687-9245-f447bda80534
1978,1978,The Reducers,Limited Edition,edac9470-3d58-45a5-942e-93613caf78f8
1978,1978,The Reruns,Since You Gotta Cheat,828b22e6-798e-4404-8e9e-80302e98936f
1978,1978-12,The Residents,Santa Dog ’78,23bc03f7-499b-45e0-b617-ad07fc1a9ed2
1978,1978-11,The Rezillos,Destination Venus,b4971799-012d-3c0b-84fc-29301b31c109
1978,1978,The Rezillos,Top of the Pops,50c6f47a-e269-3a28-9d0e-2d881fe1c947
1978,1978,The Rhinestone All Stars,The Jiffy Mixer,1372fcea-319e-4f39-b612-b85805ea5d6f
1978,1978,The Rolling Stones,Beast of Burden / When the Whip Comes Down,397e2477-2899-4201-a926-7b9149e68cb0
1978,1978,The Rolling Stones,Before They Make Me Run,940a8022-f68b-49e1-b9be-3003ed4c751a
1978,1978,The Rolling Stones,Far Away Eyes,04df8e8b-8fbf-4d50-81ee-daed2b7ed278
1978,1978-09,The Rolling Stones,Jumpin' Jack Flash / My Girl,efdc471b-17c0-4fa9-98fa-5d0269ab10cb
1978,1978,The Rolling Stones,Let's Spend the Night Together / Out of Time,f48ae36b-e1d1-4890-a3da-fcfe8ce4d621
1978,1978-05-19,The Rolling Stones,Miss You,d98d4ec6-9893-3e23-8b3e-4a89e928d863
1978,1978,The Rolling Stones,Respectable,adc31303-27f2-3ae3-95bc-50faedae8edf
1978,1978,The Rolling Stones,Ruby Tuesday / Sympathy for the Devil,e9a7d584-d6a6-485f-9ed0-405da9e7de16
1978,1978-11-29,The Rolling Stones,Shattered / Everything Is Turning to Gold,fdd8df1f-5a7d-3436-b3aa-ab41fda146ac
1978,1978,The Rolling Stones / Lou Reed,Miss You / Gimmie Some Good Times,0a2b10b4-24f0-4824-a39c-960c2cedd398
1978,1978,The Rolling Stones / Stainless Steal,Miss You / Can - Can,e53cb58e-b9e6-41b9-bd57-b698fa5369b3
1978,1978,The Ronettes,Walking In The Rain / Paradise,238b4900-98a3-4266-af89-76a0fe738bcb
1978,1978,The Ronski Gang,Santa Claus Is Comin' to Town / Reindeer Twist,5f216982-c816-46a4-88e5-ad9f7f8e5180
1978,1978,The Rotters,Sit on My Face Stevie Nicks / Amputee,a4fdb528-f778-3bbc-b4df-17e052752c4e
1978,1978,The Rowdies,A.C.A.B.,f9a029e7-752a-4587-923f-01f06243b2fd
1978,1978,The Royal Rasses,Unconventional People,0a66a94f-ac75-3bdc-9338-f28711a647ca
1978,1978-06,The Rubettes,Goodbye Dolly Gray / Great Be the Nation,25c92a3a-42a9-4c7e-ac00-41bb2e05f4c9
1978,1978,The Rubettes,Little 69 / No No Cherie,40f3f181-0407-40e6-aa77-74b906807542
1978,1978,The Rubettes,Movin' / Goodbye Dolly Gray,2a56a8e1-a744-47ea-aa58-3d920b536733
1978,1978,The Rubettes,Movin' / San Andreas,ae72d668-9b94-43e6-8280-a268244269cc
1978,1978,The Rubettes,Ooh La La / Ladies of Laredo,368215ac-003f-4820-91ed-7af36f99d2ac
1978,1978-01,The Rubettes,Sometime in Oldchurch / Top of the World,762678d9-c623-4e51-be49-257897fb989f
1978,1978,The Rubinoos,Fall in Love,5dd0b39e-7734-49f5-b645-f08b75ed3385
1978,1978,The Rutles,I Must Be in Love,5a2d4272-f6f4-34b8-a983-a2472e40925e
1978,1978,The Rutles,I Must Be in Love / Doubleback Alley,65477bf3-01a7-432d-b0cf-ed10eb211b5b
1978,1978,The Rutles,Let’s Be Natural,52a0eaac-71b8-4d9e-bca7-887da96246b2
1978,1978,The Saints,Know Your Product,9b2bab2f-64d7-4eb4-b703-ae8c06ffe2ec
1978,1978,The Saints,Security,25c156c4-9a70-40e7-a253-15a01dcfcbb0
1978,1978,The Salsoul Orchestra,How High / My Numbers Up,560721b2-396c-42ef-b1c7-0ddf232ff535
1978,1978,The Salsoul Orchestra,The Little Drummer Boy / Christmas Time,cbd18ed8-91c4-4b22-b011-7834189ff9eb
1978,1978,The Shirkers,Drunk and Disorderly,b2cab31a-5005-39c1-b2e6-7e24f5402df0
1978,1978,The Skinnies,Kill the Beat,9a28e386-1312-3230-81dd-2d4670b779f6
1978,1978-05,The Soft Boys,(I Want to Be an) Anglepoise Lamp,cbdf265a-f4be-4323-9df7-182ab8abb43e
1978,1978-11-29,The Space Angels & John Tartaglia,"It’s Love, Love, Love",3f116344-aa02-4824-958b-a2a8aa6e65a6
1978,1978-08-19,The Stars,Jij bent nummer 1,24db63a4-7244-4d0a-860a-8d39d8df50be
1978,1978-04,The Steve Gibbons Band,Eddy Vortex,765deeaf-3f07-4904-ac9d-0e702cb4cb71
1978,1978,The Stranglers,5 Minutes,92e38c36-f194-3545-99a6-0a4c5f15ded2
1978,1978,The Stranglers,Nice ’n’ Sleazy,6194a3b7-e0bb-4027-b8ec-df1bbee37190
1978,1978,The Stranglers,Sverige,46451d7b-f096-4bda-bf2d-222ffa0095cb
1978,1978,The Stranglers,Walk On By / Old Codger / Tank,49d0ed40-43d4-3519-ac24-a387143ade8c
1978,1978,The Stylistics,The Lion Sleeps Tonight,e8fd3db9-8519-499f-b5ad-561fbcf7a3f8
1978,1978,The Subhumans,Death to the Sickoids,53c6cfcf-ed20-3e50-8d63-d7a77ccf662d
1978,1978,The Sunset Brothers,La Carapate,8cd80c48-8e54-47dc-8ed9-f4f26d1afea8
1978,1978,The Surfers,Windsurfin' / Nite at the Beach,56b4b887-d37c-4cbf-9182-81a02aded925
1978,1978,The Survivors,Baby Come Back,d8f619b9-d0f2-346f-b5ca-98926064a21a
1978,1978-03-31,The Sutherland Brothers,One More Night With You,010ea1ca-371e-456e-943a-8a9f54f994a9
1978,1978,The Swingers,Banansie Tingeling,9a68ea60-c5aa-4bf4-b6b6-f6ea398f3f7c
1978,1978,The Table,Sex Cells,3978ac2e-33df-4071-a474-fe0d8495c4c0
1978,1978-11,The Three Degrees,"Giving Up, Giving In",61ead9b5-2331-3bcb-b159-4adad5abe6e5
1978,1978,The Tights,Bad Hearts,ecf5d39d-7172-4907-9370-5327ff404889
1978,1978,The Tights,Howard Hughes,10133759-d9b7-4839-ae73-51f084bf3694
1978,1978-04,The Tubes,Show Me a Reason,96a68661-6229-4d89-8a86-aacdb8668309
1978,1978-01-03,The Twinkeyz,Aliens in Our Midst,0aa132a0-2889-4336-a9d3-a3aef59c3963
1978,1978,The Unwanted,Secret Police,fae167fd-69f9-3b74-bff8-e32db0a90546
1978,1978,The Users,Kicks in Style,c3aa110d-e958-395c-9d5f-e074588c9461
1978,1978,The Vibrators,Automatic Lover,3082a38e-0c37-345f-bac3-9885c3c958af
1978,1978-05,The Vibrators,Judy Says (Knock You in the Head),9134391c-2184-3070-a498-c4d0ea72805d
1978,1978-03-08,The Victims,Television Addict,9f9e0e51-9ee4-3af0-bbc8-cd1fa001f144
1978,1978,The Vipers,I've Got You,70cce0f1-d1b5-31d3-a456-106db989890b
1978,1978,The Visitors,Take It or Leave It,4f6f8028-a77e-4624-9a4f-9d8bab18684c
1978,1978,The Waitresses,"In ""Short Stack""",1ce8e618-cc8b-3a59-82a5-2f5710833a82
1978,1978-05,The Warlord,The Ultimate Warlord,6657e652-ecf8-41ea-b4a5-e8f2757d7aec
1978,1978,The Weasels,Beat Her With A Rake,a41ffb91-ee48-439b-9765-fc1b6f140f52
1978,1978-03,The Weirdos,We Got the Neutron Bomb,f5ae9eb7-b2f2-3635-bd23-af2753590af0
1978,1978,The Weltons,Call Me If You Feel The Need,15dd03e9-5ed9-4136-90f1-2de35b6d9529
1978,1978,The Who,Who Are You / Had Enough,5e07cd22-6acd-4621-9650-e0ba7688da38
1978,1978,The Wild Giraffes,Ensemble and Majorettes,2df5ff27-a1c7-4404-adf4-d4e37348062a
1978,1978,The Young Ones,Rock ’n’ Roll Radio,fa12d1c1-6ed2-4983-a7fa-d990f06a1610
1978,1978,The Zeros,Wild Weekend / Beat Your Heart Out,2517f259-98bc-4341-994f-05e4d828a07b
1978,1978-01-01,Thelma Houston,Love Masterpiece,b52202f2-1a85-4aed-a211-4f1809b3aaff
1978,1978,Thembi / Marianne Rosenberg,Disco Pata-Pata / Ich bin wie du,0ce3fb2c-921a-4e90-97fc-908c67d595b4
1978,1978,Theoretical Girls,U.S. Millie / You Got Me,64c5e4b6-8fa6-4542-83f8-572906dc4df9
1978,1978,Thierry Fervant,Ces Merveilleuses Pierres,66e3ea2e-135a-4244-b7fa-486b0ec60ed8
1978,1978,Thijs van der Molen,’t Ginneke vergit ik nie,31fb1a09-1aeb-4463-8cae-4998bce6a672
1978,1978-04,Thin Lizzy,Rosalie (Cowgirls' Song),28179d9b-3312-4239-a437-18a095ba6cb0
1978,1978,Third Stream,In A Galaxy Far Away / In Remembrance,c8b32845-6f67-4729-a619-ab85f02b7109
1978,1978-09-15,Third World,Now That We Found Love,7fbd09d0-4ca8-40d1-926d-607c904ed2b7
1978,1978,Thomas Leer,Private Plane / Internationa,ceb3cfbc-b88a-4f0a-bb2b-864655e247b3
1978,1978,Thomas Mapfumo & Pied Pipers,Pasi Pane Nhamo / Dindingwe,ef8af542-09bf-4c99-8d9f-c89e2659637a
1978,1978,Thomas Mapfumo & The Acid Band,Pamuromo Chete / Njiva,2c72e5a0-bcf6-4ac6-9d68-84236dfd65b8
1978,1978,Thorleifs,Önskar God Jul 1978 Och Gott Nytt År 1979,a5778393-3985-4e4d-a071-ec6c6e9580a3
1978,1978,Throbbing Gristle,United / Zyklon B Zombie,45716451-ef91-4b8c-9a02-daaa20a5cb54
1978,1978-05-08,Thunderboots,I Remember Lucy,adc73f4c-688b-4cea-98ad-bd7427da2cd9
1978,1978,Tierra Tejana,Dame una cachetada / Son tus perjúmenes mujer,42d08a46-e5fa-483f-90a9-57854d36dc54
1978,1978,Timothy & Sarah,Tre in amore / Timothy e Luca,ec35959f-faa6-4f9e-b341-bcffd197d84d
1978,1978,Tina Turner,Viva La Money,3571a574-ffcd-4be7-9ad6-581b188a1493
1978,1978,Tits,Daddy Is My Pusher / We're So Glad Elvis Is Dead,c6ad5872-5c75-3265-9597-490dde88c693
1978,1978,Tjaan Sardjoe,Létjel / Keha Tjelé Saathie,40b09a38-3f03-4b44-8b3c-b5b210d27f92
1978,1978-01,Tjot Idi & De Stipkes,Ik wil punk,d696b18d-bdc0-4c83-8e23-cebd73029726
1978,1978,Tjot-Idi,Snikballade,9f7f04af-a533-4ced-856c-ac394eacfbe8
1978,1978,Toby Beau,My Angel Baby,5e55c595-54ff-4689-8696-7dbc289733eb
1978,1978,Todd Rundgren,Can We Still Be Friends,abd940cd-7efb-4cd5-b7a7-9d240769c8ac
1978,1978,Toine,Prima Donna / No Woman,e146afc8-4741-4fb8-9243-a3f11e06700a
1978,1978,Tol Hansse,Big City,5cded949-36b3-4cc9-b799-1023116f4935
1978,1978,"Tom & Dick, Egbert Douwe","Bloody Mary / Kom uit de bedstee, m’n liefste",4fd52438-ff24-4091-8b6c-e43b90374b51
1978,1978,Tom Petty and the Heartbreakers,(She’s Gonna) Listen to Her Heart (It’s Gonna Tell Her What to Do),e2c01e07-cf71-48f1-88d5-9dbd4a18c938
1978,1978,Tom Petty and the Heartbreakers,I Need to Know,8ca549c3-768e-48c8-be95-fac3d9d11c6e
1978,1978,Tom Robinson Band,Too Good to Be True,04c2129b-cd13-4596-b8df-7df16fb780c9
1978,1978,Tom Robinson Band,Up Against the Wall,523b91cf-da44-4692-811d-ee07401986e4
1978,1978,Tom T. Hall,Salute to a Switchblade / The Year That Clayton Delaney Died,a3de589e-1c59-46de-8cfe-029f12db1bfa
1978,1978,Tom Waits,Somewhere,78588c81-c5ba-4780-934c-e43888fee631
1978,1978,Tomaž Domicelj / Prizma,Jamajka / Pogum,13a9ddf9-759b-4031-8eaa-0679159f99ff
1978,1978,Tomaž Pengov,Napisi padajo / Črna pega čez oči,1dfa420c-e236-4d03-9905-63b7bb3c411f
1978,1978,Ton van Kluyve,Laat 's wat van je horen,c9466f5e-1e5d-421e-8fee-747ae69b3866
1978,1978-01,Ton van Kluyve,Lekker flauwekullen,457fc2a6-8f17-454f-8fa5-7144f811ac7a
1978,1978,Ton van Kluyve En De Amsterdamse Lieverdjes,Harry de straatmuzikant,eba9e1e4-b97f-4883-bd59-5d259513e5f4
1978,1978-04,Tone Deaf and the Idiots,Why Does Politics Turn Men Into Toads?,5c7080fe-9d72-464e-8616-64316d17db53
1978,1978,Tonet,Quarta Specie,2f5dd312-e8d4-4285-a37a-41854d9325a5
1978,1978,Tonicha,Zumba na Caneca,0f1c9020-0eac-4b1d-8cda-18cb7d4342e7
1978,1978,Tonight,Drummer Man,215ac97a-a457-33c8-99ba-1e47e1e86055
1978,1978,Tonight,Jealousy Kills (Beware!),d0b925bc-f28f-46e5-b899-e1388bbfe41b
1978,1978,Tonight,Money (That's Your Problem),cc7d9c6b-f0f0-34dc-b683-56d513d227dc
1978,1978,Tonight,Wheels,b42520c1-aec7-3b2a-95c5-13240b6b5bcd
1978,1978,Tony & Linda,Yo te quiero,a7229378-c252-4964-96d1-b56fe736a00b
1978,1978,Tony Bell,Let's Have a Drink on Love,61443308-d3c6-4dfe-9a44-11d02106ef6e
1978,1978,Tony Bell,Trouble Tonight (I Can't See No Light),4a6888b8-5e90-4ebb-9c4b-ef9b5f9013ee
1978,1978,Tony Bizarro,Quando Você Voltar / Súplica Cearense,127e982a-c03e-4a97-baec-04447241ace6
1978,1978,Tony Conn,Rockin' With Jackie Lee (Cochran),bf9316bf-2fb7-4cdc-88da-6b18980860dd
1978,1978,Tony Holiday,Den Appetit kannst du dir holen... doch gegessen wird zu Haus,6fd3ffb5-6067-49c8-8765-18c586d65d0f
1978,1978-09,Tony Marshall,Auf der Straße nach Süden,a03f3c65-3e55-4dd3-9304-1633fb3e9140
1978,1978-03,Tony Marshall,Bora Bora,0edbcd58-3956-465d-b4b0-3123c7c797d1
1978,1978-10-24,Tony Sheridan + The Beat Brothers alias The Beatles,Roll over Beatles,dd0767b6-1661-47bd-85fd-2da3fddfa74c
1978,1978,Topaloff,Germaine,6971bdcb-e376-463e-afd7-d3bcd06355cb
1978,1978,Torfrock,Preßlufthammer B-B-Bernhard,b5ef5a1c-9bd3-3ff7-b091-80005be1f18b
1978,1978,Torfrock,"Volle Granate, Renate",765ab953-ea4e-4a55-bda7-75fe72110913
1978,1978,Toulouse,Funkysation,0b51db9c-1d51-4b58-ac5c-5b258c1aaec7
1978,1978,Traffic,Hole in My Shoe,78f7cd6b-476d-415b-ac77-db298c0a9071
1978,1978,Transvolta,Disco Computer,147e3aa1-08de-4d22-b71e-d4c7e2539d01
1978,1978,Trillion,"Give Me Your Money, Honey",0ee95d1c-cc03-46c9-8d44-5d917088dab2
1978,1978,Trinity,Ragtime Dance,6fc82d14-d727-412e-b072-cc1a9c2242a3
1978,1978,Tropical Ritmo Alegre,Sarita / La tortuguita,2837d1f0-585a-4a5c-b44e-4c05fed7a258
1978,1978,Troy Johnson,This Ain't the Way,8af206d1-d97d-4a83-8cc2-e77d7a4ed9f2
1978,1978-09,Truck Stop,Der Tramp,3eee78d1-bb56-42b2-91fc-cfdd10c6519a
1978,1978-03,Truck Stop,Ich möcht' so gern Dave Dudley hör'n,d283cf99-d9af-4c1e-9478-3d84e89f8995
1978,1978,Trude Herr,Ich ben dodurch / Conditorei,f3007183-7334-46f3-9287-db63bdccadf2
1978,1978-01-09,Trust,Prends pas ton flingue,90dea0f7-eb71-4f4c-a056-d74b7334b1f1
1978,1978-07,Tubeway Army,Bombers,88952ce7-71fb-493c-a6b9-b482b767c7fc
1978,1978-02-10,Tubeway Army,That’s Too Bad,b2441dcc-5cca-4ea8-bb79-6ee719cd0b8a
1978,1978,Tuxedo Moon,Joeboy...(Joeboy The Electronic Ghost),d221fc86-d301-41c5-819c-0afdfb22869e
1978,1978,Tuxedomoon,Joeboy..(Joeboy The Electric Ghost) / Pinheads On The Move,71616be8-4ce4-432d-a4ea-fb875d158950
1978,1978,Twente plat,"’n Prettig kerstfeest, ’n gelukkig nieuwjaar",4c374f1f-c9b1-466a-a7d5-f8ec980ffc8f
1978,1978,Two Man Sound,Que Tal America,ee9c4d03-b932-49ee-985d-8f2a141d8d3d
1978,1978,Tyrone Evans,Smile,32ac519c-a470-4a66-8969-a2274012d42f
1978,1978-01,Téléphone,Anna / Hygiaphone,39242aea-5194-48ce-bdff-c218625248af
1978,1978,Téléphone,Métro c'est trop / Prends ce que tu veux,2958c5ac-7db4-4070-8a88-507f4502a8df
1978,1978,T‐Connection,At Midnight,7fed2684-709c-4c33-9760-3a6a067fe9be
1978,1978,T‐Connection,At Midnight b/w Playin' Games,6f0734e1-4e76-4c39-bb1c-723b126d4806
1978,1978,Ubiquity,Midnight After Dark,4fa84131-d7a2-4c63-ad4b-88a9c2402888
1978,1978,Udo Jurgens & Judy Cheeks,On The Day You Leave,f7a519f0-a8e5-4239-a94d-fce323132ad7
1978,1978,Udo Jürgens,Buenos Dias Argentina / Er hält den Ball,c3c5885e-a293-4b7e-a922-e7e25546f14d
1978,1978,Udo Jürgens,Buenos Dias Argentina / Wayward Girl,bf293892-ccf4-4e34-8fde-5443242763c5
1978,1978,Udo Jürgens,Super Star,6af9590e-b066-4b42-911a-74cac275e615
1978,1978-02,Udo Jürgens & Judy Cheeks,Einmal wenn Du gehst,48f6b31c-667b-4405-84fa-d90dbf4d783e
1978,1978,Udo Jürgens und Die Fußball-Nationalmannschaft,Buenos dias Argentina / Can’t You See,6ed15cd9-8db6-4fb2-b1d8-160cd019c206
1978,1978,Udo Jürgens und Die Fußball-Nationalmannschaft,Der Mann mit der Mütze,583d2ce4-fb75-4067-8adf-b05a1d3ab463
1978,1978,Udo Jürgens Y Selección Alemana de Futbol,"Buenos Dias, Argentina / Chica Indómita",a2582177-d71a-497c-b6c4-78eda2bcbe0b
1978,1978,Udo Lindenberg und das Panikorchester,Reeperbahn (Penny Lane),08f80de4-faf5-4d53-8908-29c280dd5c52
1978,1978,Udo Lindenberg und das Panikorchester,Resus-negatief,8e4807cb-bf61-4434-a21d-b6c48074b8cd
1978,1978,UFO,Only You Can Rock Me,3ec27631-af5b-4136-a047-3f065b97abb8
1978,1978,UK,In The Dead Of Night,09a2ef26-3346-4be2-9f48-d5cff6fac1e5
1978,1978-09-22,UK Subs,C.I.D.,4a576015-4bb5-3895-a14a-c43d1664dd8c
1978,1978-11-20,Ulf Lundell,Bergets topp / Sista porten,709c3421-1bd5-3148-acd1-0c274ac3a342
1978,1978,Ulla Norden,Robinson,700b5c63-5933-47cd-bc5a-ae6dc6a02d03
1978,1978-11,Ulla Norden,Wir sind verrückt (wir beide),452745e0-acad-4b21-85d0-d00cd3410f5d
1978,1978,Ulli Bäer,Kumm Bäck Home,7bbb7105-8d53-4c70-811c-0f4628fb4774
1978,1978-10-20,Ultravox,Quiet Men,a2590fde-2e2f-41e9-9fa3-10ecb55c461e
1978,1978-08-04,Ultravox,Slow Motion,d1044fa8-2813-4ad1-832c-b158c6a852df
1978,1978,Umberto Tozzi,Tu / Perdendo Anna,8a656efa-969c-4acd-a908-007f8d3bd99f
1978,1978,Uncle Louie,Full-Tilt Boogie,58292991-0ff0-3622-a1d0-5f38c47f4e58
1978,1978,Union Joke,Wanna Have It All / Bus Rider,14493df1-3a99-4083-a034-84aef431e5e9
1978,1978,Urchin,She’s a Roller,449d19d7-8924-3b15-8738-968e18bfab47
1978,1978,Uriah Heep,Come Back to Me / Cheater,8d85e424-afb3-4af9-ab2e-8c0a10e86f1c
1978,1978-11,Uriah Heep,Come Back to Me / Love or Nothing,aacf72ff-250e-4c35-ab81-e5c42f0c078a
1978,1978,Uriah Heep,Love or Nothing,558cb33f-3873-4aa9-9889-25db7ae7f479
1978,1978,Uriah Heep,One More Night,2a7c78c3-bce9-4cbe-855e-62820269bb23
1978,1978,Urko,Zuretzat Galizia,d57bc76b-ee6d-4909-96d3-fc843fc409f9
1978,1978,USA-European Connection,Come Into My Heart / Good Loving,4b66e90a-6c8b-46e1-bd22-1df7d511c381
1978,1978,Ute Freudenberg & Gruppe Elefant,Wie weit ist es bis ans Ende dieser Welt / Gestern Abend war's,27fadcc9-78f3-474e-ac11-182a6f22de36
1978,1978,V2,Man in the Box,47aba520-7ed5-4c2c-9b39-3e72f87d3ffe
1978,1978,Vader Abraham,Als je weggaat / Nathalie,4c03000a-abb0-4975-8cba-90a1ac9a6e55
1978,1978,Vader Abraham,Bedankt piraten / Piraten galop,df583c5f-c728-482d-8d49-eada70a80bc6
1978,1978,Vader Abraham,Mary Rose / De wereld,d915fad9-360b-4290-b264-72e0d18e44c8
1978,1978,Vader Abraham,Smurfenbier / Wij zijn niet bang,58e9d01e-5f2c-4195-9c1e-0c2e5368ad90
1978,1978,Vader Abraham,"Was wird sein, fragt der Schlumpf",345c8a47-0859-4f74-9eca-26e4c5635f10
1978,1978,Vader Abraham met de De Smurfen,Nee daar trappen wij niet in / Dippety day,5df28b6d-1482-4cb7-a465-ea65c44bda49
1978,1978,Valentino,Evening in Calais,dfb6ff99-4456-467b-8a0d-64acce1e17fd
1978,1978,Valérie,A Whiter Shade of Pale,2f4c822b-eb86-4421-95a0-b8b4eff40afc
1978,1978,Van Halen,Ain’t Talkin’ ’Bout Love,989e2b94-e4e7-4f09-a7ec-86592f8b66db
1978,1978,Van Halen,Jamie's Cryin',f8f31882-1ec9-4af1-b0e1-0a5ed3535bd5
1978,1978,Van Halen,Runnin’ With the Devil,cc4cd300-735c-41ef-8822-f7df377def3d
1978,1978-01-28,Van Halen,You Really Got Me,23cb9aa3-73c0-470f-b5ba-e6484f6c7b77
1978,1978,Various Artists,Les chansons de Maya L'abeille,379a7cfb-54ab-395d-848f-24b8d74fc5b1
1978,1978,Various Artists,Shadow Dancing / Manhattan Skyline,7feb5ea4-e21b-41f8-ac83-35aea8d047a2
1978,1978,Various Artists,Souvenir d’Édith,de980fac-79ad-4d05-8943-cc380344eab6
1978,1978,Vatreni poljubac,Doktor Za Rock And Roll,05734791-1589-4e5d-a053-049844156951
1978,1978,Veltto Virtanen,Tässä seison / Voipas,3b580d9a-a8b5-422e-a5e5-647109407ca5
1978,1978,Venus Gang,Cosmic Daddy / Dies Irae,52fd2cca-c323-4cfe-8db5-8e9adc5d1a97
1978,1978,Veronica Unlimited,Gimme More,0ecde429-f25f-3377-bd3b-97813d718f0e
1978,1978,Veronika Fischer & Band,Sommer unter Freunden,8949db19-3771-41b1-938e-9712a7241844
1978,1978,Verónica Castro,"Adiós / Yo quisiera, señor locutor",e2437d61-0948-426c-9ab9-ec99eac9112e
1978,1978,Verónica Castro,Soy celosa / Amigo,05faeeee-c1ed-4049-9316-74fee5b234b9
1978,1978-06,Vice Creems,Won't You Be My Girl?,bde8b097-6d93-4ec5-b9b9-55bd0fb21202
1978,1978,Vicente Fernández,Los Mandados,892d1ffb-64e6-4311-951d-bdfb429e5b5e
1978,1978,Vicente Fernández,Para morir iguales,7255e4b2-4bbc-4b60-9fc1-e24ca5642280
1978,1978,Vicente Herrera y Los Únicos,Operadora ocho / Me voy pa'l salto,5bcd8cf2-4d66-41b7-aa17-bf4c251b0713
1978,1978,Vicky Leandros,Après toi / L'amour brillait dans tes yeux,be2a72f8-b34e-41be-8fc7-632608c5a5ac
1978,1978-02,Vicky Leandros,Bye Bye My Love,5252c761-f2cd-4628-9198-e41f308533bb
1978,1978,Vicky Leandros,Oh mi Mama / De ahora en adelante,35bbeb03-65bd-4f51-835c-f44c4c38982f
1978,1978,Vicky Leandros,Tu me has hecho sentir / Casa en venta,e1c19592-9490-4626-b212-ee48d0db8020
1978,1978,Vicky Leandros,Tu me has hecho sentir / De ahora en adelante,a3370736-780e-47a3-b1db-7de18b3b1622
1978,1978-07,Vicky Leandros,Wer weint denn schon um einen Mann,2ec9f4ec-f636-4d30-a3d3-190b9a42c4cc
1978,1978,Victim,Strange Thing by Night,ec079ed7-c5de-4397-a456-5532fe6dd935
1978,1978,Victor Hugo Ruír y Su Combo La Conquista,El negro José / El pajarito,eb2aba96-11e3-4123-a26a-237411d6dfd1
1978,1978,Victor y Fina,Lismosna de un hijo / No me castigues,0d29897f-8821-40e2-9f0b-00f69afc6649
1978,1978,Village People,I Am What I Am,42f909ec-a5d9-4cf4-be48-9d056da58a37
1978,1978,Village People,Macho Man / Key West,d3e1db35-5d3a-4701-b69e-74f6b0c088d4
1978,1978,Village People,Y.M.C.A.,0cbcc50a-7009-324a-b321-30316b29f75c
1978,1978,Virgie Williams And Washington Jamb Band,Your Love Is Wrecking My Mind / I Just Want To Bolo,25d62b9c-5ebf-44be-a28a-3efe5e275ca3
1978,1978-02-10,Viva La Musica,Fleur Betoko,6abb1794-3945-4363-873b-cb823af69224
1978,1978,Viva La Musica,Mwana Ngo,26648920-d9bb-4c79-94d7-f982c250b2f9
1978,1978,Viva La Musica,Signorina,170d096e-e8bb-4235-a16b-bc35caafa171
1978,1978-05-12,Viva La Musica,Zonga-Zonga,92ff3e80-6009-4a1b-a2a1-0cf9ebdc0353
1978,1978,Vivian Vindenes,Min Lasse / Dag ut - dag inn,1389438e-59de-4263-98e1-8fe23c2bd61c
1978,1978,Vladimir Cosma,La Raison d'État,2626b357-7975-44d0-91f6-13381111acaa
1978,1978,VOX,Live Your Life,ff901b03-7dff-4a42-b289-3edc626c22f4
1978,1978,Voyage,"Souvenirs / Tahiti, Tahiti",c3dfb34a-3737-4681-8e18-14e3d612358c
1978,1978,Véronique Sanson,Ma révérence,0779e994-4c15-46c8-b2ed-07a32dbf531a
1978,1978,Waldemar Kocoń / Violetta Villas,Dla mamy,f0e3fe17-ba02-4e00-99da-c608cbec7820
1978,1978,Wallenstein,Charline,fa31f426-1bfa-467b-bedd-cc52c5236383
1978,1978,Wally Gonzalez,"Las mujeres y las novelas / Si uno se va, otro me espera",993faa58-6189-4459-aa1a-9a53fea9df9c
1978,1978,Walter Egan,Magnet and Steel / Tunnel O' Love,3973d91d-c02a-4b05-a677-42811beabc15
1978,1978,Walter Foini,Una chica... una historia,81b4bb6a-0cce-4adb-84ce-bda4e59ade6d
1978,1978,Walter Foini,Una donna...una storia,a48d779d-d96c-4912-af2a-b671b9ba6486
1978,1978,Warm Jets,Sticky Jack,3e4836d5-81ac-4780-9c7e-583b4d5e0995
1978,1978,Warren Harry,1965 / Radio Show,d097d19e-ea11-47e0-8ebf-fd6ed0dee939
1978,1978,Warren Zevon,Werewolves of London,467a1766-c9c3-4c29-8b3c-b50b148547ff
1978,1978,Waterloo & Robinson,"Bye, Bye, Bye Little Butterfly / Regen",82f2f0dd-44c8-41c4-9929-c9dc5698a9fb
1978,1978,Waterloo & Robinson,Chocolata / Bonnie and Clyde,99220dcd-05a1-4392-9f31-b614497cdcee
1978,1978,Waterloo & Robinson,"Himmel, Donner, Arm und Zwirn",585a5b5a-f737-4bd6-bc3f-31ccd1716b1c
1978,1978,Waterloo & Robinson,Im Garten Eden,283655e7-0ade-41d6-ab40-ac457bbb0e24
1978,1978,Waterloo & Robinson,Unser kleines Team,ea5a7462-8ffb-4b10-a17c-90cbb5739e60
1978,1978,Waylon,Don’t You Think This Outlaw Bit’s Done Got Out of Hand,41c98c08-672a-4e1c-a349-e4c4305383d0
1978,1978-01,Waylon & Willie,Mammas Don't Let Your Babies Grow Up to Be Cowboys,0f33b7cf-1f53-44d1-9c89-f53ed8225b3f
1978,1978,Waylon Jennings,Gold Dust Woman,0f7d9d39-7015-4524-b17d-2156e9e298eb
1978,1978,Waylon Jennings,I've Always Been Crazy / I Never Said It Would Be Easy,6c242d58-c10c-4e96-b441-e783c678abec
1978,1978,Wayne Wade / Prince Pompado,Happy Go Lucky Girl / Jamaican Girl,4a714354-b865-44ea-8dcd-d57b22651faf
1978,1978,Wazmo Nariz,Tele-Tele-Telephone,bd5d9dc4-12f8-4322-9b61-d98013dfc446
1978,1978,Wazmo Nariz,Tele-Tele-Telephone,e9b89108-2c97-4c64-9ba4-9763b95afb08
1978,1978,Wednesday,Land of Milk and Honey,8559bd48-241c-4895-8637-36c5d51f441c
1978,1978,Wenche Myhre,"Laß mein Knie, Joe",9b49167c-d1c9-49ac-a8dc-e5f0a2e0f46c
1978,1978,Whirlwind,Hang Loose (I’ve Gotta Rock),f43e0b41-43d8-441d-9b87-b9145884f247
1978,1978,Whizz!!,Here Comes Super Man,3ddf42cb-9bb3-4a36-af2d-1656e569d47b
1978,1978,Wiebe van Walcheren,Nelly-D,a482816f-5c73-45ff-91fa-49fd0c60084c
1978,1978,Wiedjai Rambaran & Tjaan Sardjoe,Phagun,5941229f-e13e-46bd-9bcd-dd80d36aa0f6
1978,1978,Wilfried,Hey Big Brother / Yodel Funk,31efc60f-38b7-4b68-9cca-be9190551ba6
1978,1978,Wilfried,Johnny's Discothek,083eaaef-c489-4677-97a9-dd44d83fc152
1978,1978,Wilfried,Nights in the City,b8241f92-97ca-46ab-a287-9a59296499d3
1978,1978-05,Wilko Johnson Solid Senders,Walking on the Edge / Dr Dupree,86cceb28-37aa-4619-85c8-0361cd98226b
1978,1978,Willem Duyn,Ik dacht niet te kunnen leven,61dde774-69cc-404b-b17a-72fc0f6737d8
1978,1978,William Sheller,Fier et fou de vous,cbb651ac-1275-4bd1-b8b6-c141a2727f3c
1978,1978,William Sheller,J’me gênerais pas pour dire que j’t’aime encore / Les petites filles modèles,42095682-349d-4966-9ebf-2d021d4e75ce
1978,1978,Willie Alexander and the Boom Boom Band,You've Lost That Lovin' Feelin',9a0cbcf9-e9c8-4421-9bb3-109e057a298a
1978,1978,Willie Nelson,There'll Be No Teardrops Tonight / Blue Must Be the Color of the Blues,4aa7631b-4834-45b3-a810-600986c68d9e
1978,1978,Willio & Phillio,All Winter Long,990fc7c3-3a58-438f-993a-5ce4caa20ea3
1978,1978,Willy en Willeke Alberti,Kerstmis op zee / Kerst in een tehuis,604ed75a-6d9d-4c4e-a5db-eb7feaf42444
1978,1978,Willy Sommers,Als Lucy begint te swingen / Ik verveel me,56b26b95-fad2-41d4-b19f-5875861da0fc
1978,1978,Willy Sommers,Currywurst mit Pommes frites,79aa48ff-29a2-4b08-a1fc-331974d766d3
1978,1978,Wilson Williams,Sho You Rite,fb7ef1a0-5998-41be-bb93-f0015a62e9a7
1978,1978,Wim Kersten,Toch ben je oma / M’n kleinzoon,de7e9a19-307a-47c0-8044-0584ab7212f8
1978,1978-06-01,Winchester '75,Jonny,c8b714ab-4d61-4caf-9bea-4b0ba09101a8
1978,1978-06-16,Wings,I've Had Enough,cb9c53d7-8b97-4ec7-abf4-0c631a5ee266
1978,1978-08-26,Wings,London Town,e9689cbd-448a-442a-aaef-f9c91ef58e70
1978,1978-03-24,Wings,With a Little Luck,e87088dc-2aa7-4f6b-8d39-ab22cf2d0c76
1978,1978,Wir,Da schlug die Flamme,14b379cb-4d9c-4358-b032-ad44963d37da
1978,1978,Wire,Dot Dash,51286ded-512f-3195-a559-3e84ada1cc9c
1978,1978,Wire,Outdoor Miner,2f17cfb0-fb39-4b3d-aabf-fcaeaacb5d12
1978,1978,Wishbone Ash,You See Red,53554ca0-7449-4e7d-bc09-671aa909e5b2
1978,1978,Wolfgang,Neeneeneenee,945762bb-fe51-4efb-8a2d-aab3b4e92f86
1978,1978-06-17,Wolfgang Petry,Gianna (Liebe im Auto),68855e6f-3232-44ef-b0d3-a66284d66dbd
1978,1978-01-27,Wolfgang Petry,Ich trinke nie mehr Tequila,bf35a0c8-e723-4aeb-9dd4-12544bdfa0b7
1978,1978,Wondergap,Give Me One Last Chance,28044dcd-4950-4e18-b659-3970c66e2d5c
1978,1978,Wondergap,Too Wise,a7f5fba0-fa35-4df9-8ca6-174b27571a22
1978,1978,Woody Woodpecker,Woody Wood le Pivert - Ma Jolie Julie,67982f01-f463-4108-957b-2b173c203157
1978,1978,Worried Men Skiffle Group,Wandern durch den Wienerwald / Oberstleutnant,d3572fe4-7496-4284-be56-54346c79d089
1978,1978,Wreckless Eric,"Crying, Waiting, Hoping",53d0f5d2-2edb-4fe9-a41e-d2230dd875f6
1978,1978,Wreckless Eric,Reconnez Cherie,c0ff4d5f-d57e-3850-90c4-97002d48227a
1978,1978,Wreckless Eric,Take the Cash (K.A.S.H.),df23fcd0-b38c-3742-ad56-f4f04a80d80e
1978,1978,X,Adult Books,5e5fcc4f-5b57-4d82-a6b4-9264db84c38a
1978,1978,Xdreamysts,Right Way Home,c7d354a6-4627-3e5c-a4d1-6975043133e2
1978,1978-10-27,XTC,Are You Receiving Me?,8aa75356-003e-3a78-931d-09bd32625b26
1978,1978-01-06,XTC,Statue of Liberty,c01d3486-3fd8-3eca-bb55-74d467d79cdc
1978,1978-04-21,XTC,This Is Pop?,1a049efe-3560-3f5f-9556-8bbe4f4fc3d7
1978,1978-10-27,X‐Ray Spex,Germ-Free Adolescents,3117e697-fab0-3105-ae79-b5c9ddd8793a
1978,1978,X‐Ray Spex,Identity,35e1a195-299a-43f1-b2f4-0475b9d0dacc
1978,1978-03,X‐Ray Spex,The Day the World Turned Dayglo,f80450ec-a46c-45d8-8771-2002c17c3e7f
1978,1978-09,Yachts,Look Back in Love (Not in Anger),f4f753c0-5880-47af-959a-7b0c9010b193
1978,1978,Yachts,Yachting Types,497e204c-0135-45f2-8242-bb68af132c2d
1978,1978,Yaïr,Va de ville en ville / Mon église,b548e05d-ffd5-31e0-82a7-800ec940c98a
1978,1978,Yellow Dog,Gee Officer Krupke,6fe83bad-8ce3-48b0-9acc-2852e789021a
1978,1978-01,Yellow Dog,Just One More Night,088a01ca-d789-4b26-a0ed-cde35e7c1994
1978,1978,Yes,Don’t Kill the Whale,449e9b69-3211-4b89-9939-9d2bb075cae9
1978,1978,Yesca,Lost Due to Incompetence (Theme for a Big Green Van),75089553-3c6a-4948-9761-deaf4c88138c
1978,1978,Yves Duteil,Le Petit Pont de bois,c816d8b2-d3a1-43ec-b119-8e27c6546b93
1978,1978,Yves Duteil,Prendre un enfant,c8ee9852-7be3-46ed-88ad-7a00386afd89
1978,1978,Yves Duteil,Tarentelle / Les P'tites Casquettes,1bf12fb4-6613-45d0-98b7-f2370da3bed4
1978,1978,Yves Montand,Casse-têtes,59a8da47-6d66-4872-99c5-24a12364de20
1978,1978-03-03,Yvonne Curtis,No Charge,02a6a026-e8c5-49d7-98a0-61e1346b7528
1978,1978-05-01,Yvonne Curtis,What’s Your Name,50a5a3ab-a8ff-4b92-8901-1a7846e6999f
1978,1978,Yvonne Keeley & Steve Flanagan,We Got Love / Never Had Nobody Like You,795fdb12-acb1-4a57-a720-c170ed20d4c0
1978,1978,Yvonne Landers,Onder de schaduw / In de golven,69066054-b780-484a-aa92-df81f43d16e1
1978,1978,Zangeres Zonder Naam,Gewoon een lekker Hollands liedje / Alleen op de wereld,0193c4f8-7c4d-431a-8930-cd85ce42c331
1978,1978,Zanki,Jump Back,8bd917ec-e985-4b92-84d4-42b525126692
1978,1978,Zella Lehr,Play Me a Memory,70b70938-26fd-317b-ad36-e65b5de5c716
1978,1978,Zen / Q 65,Hair / The Life I Live,49c67ea0-a7b2-4516-94f8-e59ad345a056
1978,1978,Zeppo & The Zepp-Zepps,Ode to Johnny Rotten / I'm So Bored,91a68dbd-1583-41b3-a878-7a7b4930ceb5
1978,1978,Zizi Jeanmaire,Merde à l'amour,6fa28b29-8c0a-46de-9e7d-3d04aef476f6
1978,1978,Zlata Petković & Dejan Petković,Na Klupi Piše Volim Te / Vrag Bi Ga Znao,61b10587-a3b1-4fe8-8f52-69022024d059
1978,1978-03,Zlatko Manojlović,Tvoja pesma / U sumrak,e1fbbdce-7bc1-4114-9f24-7aed7e8282c5
1978,1978,Zon,Melody,7d2c1048-98d6-48fa-a479-8145fc174839
1978,1978,Zon,Talkin About,bae329e7-7b60-48fa-8db0-56958fb9eb8c
1978,1978,Zones,Sign of the Times,1141340b-148e-48ac-8566-081e1c67c854
1978,1978-02,Zones,Stuck With You,118b7f0e-ecee-4089-887d-763d5d844626
1978,1978,Zoom,La Bruja De Salem,b73b91ab-b765-424c-9385-b2d379343c66
1978,1978,Zoom,La Carta,8803e7b3-af49-4eb4-b3e1-37b74471d624
1978,1978,Álex Sosa y su Odisea 13,Llegó la salsa / El brujo Rossell,2428db7b-bc8a-4421-aa99-fa8d1eca03ae
1978,1978,Åke 'Kråkan' Nilsson,30-strecket (Första spiken i kistan),caabe2d1-18ec-4041-b6af-d877dc363dfd
1978,1978,Élisabeth Jérôme & Denis Pepin,À quoi ça sert l’amour / Les héros c’est du cinéma,160622b2-0717-4911-a434-7fc08d77722c
1978,1978,Čudežna polja / New Swing Quartet,Tokši smo pjebi / Bratje,c673799f-9f76-493d-bab6-cf4aa4763f33
1978,1978,Šaban Šaulić,Dođi Da Ostarimo Zajedno / Zbog Tebe Sam Postao Takav,c56882c7-1d25-4860-9acc-e5bf2b164e9f
1978,1978-04-09,Šaban Šaulić,Pozn‘o bih te međ‘ hiljadu žena,ebc362c3-8cb1-4810-9290-f34d9af29520
1978,1978,Βίκυ Λέανδρος,Τι Κάθεσαι Και Κλαις,88b14de5-dd90-4b31-bb95-85b5bca96fea
1978,1978,Γιάννης Μαρκόπουλος,Cri de femmes : musique du film de Jules Dassin,fb7e4f1d-4ed2-44db-a2e0-cde2c073ef88
1978,1978,Вахтанг Кикабидзе,Поет Буба Кикабидзе,23390a9f-bd49-4790-b3dd-c17393092c99
1978,1978,Весёлые ребята,Напиши мне письмо / Летние каникулы / Встреча / Кукла,5dda9b8f-be97-4800-845c-5d613b421774
1978,1978,Геннадий Белов,"Тополиная стража / Венец творения / Где ты, отзовись / Край отцовский",bd390bef-d012-49ad-bf11-52bc71565f44
1978,1978,Евгений Дога,Песни Евгения Доги,a0979467-b753-43d8-b758-36e1239249ab
1978,1978,Синяя птица,"Мамина пластинка / Нелётная погода / Горько / Здравствуй, песенка",30491246-d186-40c5-b656-38ff8b31c895
1978,1978,Синяя птица,Между мною и тобою / Это ошибка / Урок сольфеджио / Не узнаёшь,7e76b370-61af-43d2-b4c1-8c5ac1e8219b
1978,1978,Эдуард Успенский,Новые Приключения Колобка,42db5ae8-b4ca-4e43-9ee0-72d03bd45446
1978,1978,Ялла,Звезда Востока,7aec4d5a-79d9-4c95-b497-8d80a70a641e
1978,1978-01,אלכסנדרה,לאהוב אותך כרע / אל תפציר בי,a37e3086-849f-4494-a840-df01ebec6161
1978,1978,אריאל זילבר,ישראלים מצחיקים / ברוש,1576714e-e853-4b13-af54-0d94959bde23
1978,1978,אריק איינשטיין,סוסעץ,f479d5d1-b58f-470f-bce0-a4861ee8679d
1978,1978,אריק לביא,"יד ענוגה / שלום, הי שלום",98dcf452-e491-40f3-a61b-4b092860869a
1978,1978,דודו זכאי,הנה מתחילה עוד שנה,a7e63a2c-40b2-4351-ae30-d2d26601f3c0
1978,1978,דורי בן־זאב,עץ הלימון / עשרים ריחות לאורך השדרה,adef1b55-f517-4241-8d7d-ac4639e53a54
1978,1978,דיוויד ברוזה,יהיה טוב (שיר שלום מס׳ 349/א),6c306605-73b9-4137-9a27-37faab7de6a7
1978,1978,דני סנדרסון,יוסף מלך השטיחים,63df4d0a-6d72-41e4-b094-a7c68a7dff90
1978,1978,חוה אלברשטיין,התבהרות חלקית,b3cf803f-8726-4033-aef9-8d32668ee5dd
1978,1978-08,יהודית רביץ,אהבה יומיומית,a244ecda-73ed-4bb5-ab94-adb3b396e584
1978,1978,יזהר כהן ולהקתו,המנון דן,4b738dbb-11af-456f-a853-dc2505661c75
1978,1978,زياد الرحباني,أبو علي,c7eeaf14-d535-36dd-9dc0-5e8cd2789095
1978,1978-12-01,عائلة بندلي,Do you love me?,7a241c6a-5c0a-4c78-8b36-f4a9b609f245
1978,1978-08-01,あいあい,おもかげ列車,f8339da4-143d-46ab-8c2b-32cc960ee2e1
1978,1978-11-01,あいあい,クリスタル・ドール,26be58c3-a168-499d-8510-a2a3b8752ab2
1978,1978-04-01,あいあい,水芭蕉の旅,8e8da9d4-6051-452f-a8a1-c95f38f8b937
1978,1978-02-10,さだまさし,桃花源,ba34333b-823c-4439-9901-31d21c32a68b
1978,1978-08-10,さだまさし,檸檬,89698649-5fcf-4c15-80a2-b3fb8ba90983
1978,1978-01-21,みなみらんぼう,金魚鉢の中にアメリカが見えた,d9f2f7de-1871-4a63-a99b-da6c394536e5
1978,1978-07-20,オフコース,あなたのすべて,a868ffc7-9bbb-45b3-a1ca-a2d1c7750e01
1978,1978-04-05,オフコース,やさしさにさようなら,5f2d82f1-20c9-4c37-a76b-3f5c5a98686d
1978,1978-02-06,ケイト・ブッシュ,嘆きの天使 / 嵐ヶ丘,178db76e-ba64-49e1-9c52-fbd2369c9a23
1978,1978,ケイト・ブッシュ / サンディー・オニール,ハンマー・ホラー / ヘイ! キング・コング,f4f31267-b0dd-4ab4-80c8-ba7d349194ea
1978,1978-10-01,ゴダイゴ,ガンダーラ,f7c7c49c-36f4-48a3-bec5-09d978488b6f
1978,1978-12-25,ゴダイゴ,モンキー・マジック,149c5186-ad65-4fa4-abca-c1b0e53c3d7d
1978,1978-06-25,サザンオールスターズ,勝手にシンドバッド,cee244e9-3cd0-4627-9a7f-420da74437b6
1978,1978-11-25,サザンオールスターズ,気分しだいで責めないで,d0f26aa8-3c89-4f43-9797-7df4de0909e5
1978,1978,チープ・トリック,レベルポイント メインテーマ スピーク・ナウ,977b1bb1-955e-4ff8-a115-a618ee24bb69
1978,1978-05-10,テレサ・テン,東京夜景／手紙,67e249de-d94b-345c-9e37-3602155edae2
1978,1978-10-01,トライアングル,キャプテンZAP,d0046d53-e79e-4b98-9cf5-e41f1fb4fb8f
1978,1978,ビッキーズ,風はいたずら,d5942764-1820-4593-af73-52fd948b1481
1978,1978-12-05,ピンク・レディー,カメレオン・アーミー,1d01d01b-80be-3608-97ca-93b04a00cc33
1978,1978-03-25,ピンク・レディー,サウスポー,ff62967b-1dc7-3d38-aaa2-9762c7dea145
1978,1978-06-25,ピンク・レディー,モンスター,6e1c07e1-98c4-3eff-a16c-b9ad9cddb4f0
1978,1978-09-09,ピンク・レディー,透明人間,cb438ad0-5225-3817-aab0-d8413ca55c73
1978,1978,マーガレット・ポー,ラブ・ショック,4659b21a-e4f8-4bf7-ba56-a9c3c152285c
1978,1978-11,ミヤビひこ／志摩きよ美,流れの花／外は雨,0e47ca1a-3bac-497b-b9c2-edfd4bf95e6a
1978,1978,ラブ・ウィンクス,ふたりのシーズン,5a969193-2ac2-4e26-924c-0dea67def0ce
1978,1978,ラブ・ウィンクス,ジミーディーンみたいなあなた,4b72b12b-c9e7-40c4-a0d6-cc6782d6607d
1978,1978,ラブ・ウィンクス,ベイビー・ピンク・ラブ,9e0fb1f6-d087-4b3b-834a-3201c23d68fd
1978,1978-02-05,レイジー,赤頭巾ちゃん御用心,c6ff1abd-6596-49bf-a09b-9d845669bc4d
1978,1978-08-21,中島みゆき,おもいで河,9c56835b-649d-4e58-a4a4-bfa6e5e4dde8
1978,1978,中村晃子,じゃじゃ馬ならし,c74db16c-24b2-4c5c-8e37-a5641f437b92
1978,1978-11-01,中村雅俊,時代遅れの恋人たち,dc78ece0-c414-4cea-ae20-4469948f6fdf
1978,1978,中野知子,恋はBAN・BON,3f31f6ac-cf8d-4d99-9bef-1ad90f968e6b
1978,1978,久我直子,初めが肝心,5180ca09-a89e-4a0f-a804-4d5d8b7c4e21
1978,1978,久木田美弥,シンデレラなんかじゃない,f5de2e97-4a2e-4078-897f-436dbda594ca
1978,1978-03-20,五十嵐夕紀,第一印象,a5e9072c-b962-4639-ac78-b4da0503f9ef
1978,1978-03-21,五輪真弓,さよならだけは言わないで,a406fa10-f25a-4ef2-952d-06d5c7eb5ecf
1978,1978,伊藤咲子,つぶやきあつめ,555c72cf-06ef-4db6-bf97-2d19a94155e2
1978,1978,全キャン連スーパースペシャルバンド,3つのキャンディー,c0518c42-47b0-4766-a43c-25f8f88cde47
1978,1978-05-05,八神純子,さよならの言葉,923abdf6-616d-4b2d-b701-41a1934fd27b
1978,1978-09-05,八神純子,みずいろの雨,f32d8e63-ac88-4fa4-af1e-8a4f40174b8a
1978,1978-01-05,八神純子,思い出は美しすぎて,dbf1ee2f-f4d6-4e89-a979-11cccc3c819c
1978,1978-11-21,円広志,夢想花,ccc1bb5e-e740-4516-ba26-06ead5fb4e84
1978,1978-03-25,北島三郎,与作,4e1811c6-cdf1-4cd0-8bfc-234f943f0a6f
1978,1978,北野玲子,初恋景色,9fcfde49-e2ac-4e99-b62c-e87922c266a1
1978,1978-06-10,吉田拓郎,舞姫,7fc51022-a7d2-41cf-84a2-9ee0ecb8780e
1978,1978-09-05,坂本九,自由への旅立ち,d81c4e87-2df0-413f-85c6-abf5c028229b
1978,1978,堀川まゆみ,Daddy,f5f01e5b-a4cc-4a3f-8c02-854c778ea465
1978,1978-12,堀江美都子,夕焼けのふたり / アイツと私,e9398dca-0a35-4cef-83a4-c8f421609e2c
1978,1978,大場久美子,ディスコ・ドリーム,a716f875-721e-4fdb-b3d5-4ea60984e165
1978,1978,大橋純子,たそがれマイ・ラブ,804ae56b-ffc1-4f3c-a7ba-cbf60fb5155f
1978,1978-09-21,大貫妙子,じゃじゃ馬娘,42387eda-8b73-44a6-89f5-90b341112001
1978,1978-08-25,太川陽介,それはないよお嬢さん,7ecedded-c50e-4b72-b2be-a3ba63c2d72f
1978,1978,子門真人,ミスタードライバー 心のアルバム,9a39da3c-4050-411e-9352-d242be72260e
1978,1978,安西マリア,恋のスイング,794b37a8-da6f-43e5-86eb-75d2cd7109cc
1978,1978,小山セリノ,ツー・ツー・ツー,127f9fdc-9105-41c4-bd4a-d16918c610b2
1978,1978-04-25,小林泉美 & Flying Mimi Band,My Beach Samba ’78,66ac6bc2-89eb-422a-bae9-f0629c5c383d
1978,1978,小林泉美 & Flying Mimi Band,スプーンダンス（タイフーン’79）／カーニバル,6d7c805e-818a-4688-bf6b-9e3631892c8c
1978,1978-11-21,山口百恵,いい日旅立ち／スキャンダル（愛の日々）,77c1cfd5-8e97-3400-820b-3b400ae55eac
1978,1978-05-01,山口百恵,プレイバック part 2,3bb352fc-5dbc-4e5d-b585-ad1d111fd6e2
1978,1978-02-01,山口百恵,乙女座　宮,4cdc0701-6e91-4a79-9720-ed64bd00fc57
1978,1978-02,山本由香利,感傷旅行,42b22538-c7cb-44f5-8c30-17bc7a5379e2
1978,1978-05-05,岩崎宏美,あざやかな場面,c9cc41be-daae-44cd-9a6d-cbe579350a9b
1978,1978-11-05,岩崎宏美,さよならの挽歌,1ff614d6-08d8-4e42-a151-328b94a4cbbb
1978,1978-07-25,岩崎宏美,シンデレラ・ハネムーン,b4c4610a-baf0-4a32-8ca3-ca6a210273cf
1978,1978-02-05,岩崎宏美,二十才前,a8dc767a-3ef3-4d09-94b3-f626a5708df5
1978,1978,岩崎宏美,二十才前 / 思秋期,cc547260-cc87-4ca3-86bb-07b68b80c254
1978,1978-11-25,庄野真代,マスカレード,6af67d5a-472f-4960-8b76-f3d751eec337
1978,1978-07-10,庄野真代,モンテカルロで乾杯,1349ea17-7308-4b4e-b59e-54d01d6f7c5a
1978,1978-04-01,庄野真代,飛んでイスタンブール,051c21e3-7e55-4a1a-9fd5-69c739848bd0
1978,1978,早川由貴,乱気流,a3bb14cf-28b4-45fa-bd8d-71983e6bf532
1978,1978,有吉ジュン,誘惑のスロットマシン,0308a2d0-b4e1-4294-9850-df52e6cc8396
1978,1978,朝丘雪路,グッドバイ・マイ・ラブ,b2c2e070-9cf1-4987-a995-80440b7ea8d5
1978,1978-06-21,朝風まり,ザ・マジック,ac16f4b8-2281-456e-9ff9-16a307f94683
1978,1978,木の葉のこ,サーカス,057a276b-0fb4-46fb-a6b1-8ddd3af22fdd
1978,1978-09-21,木之内みどり,一匹狼,eaac7637-6a75-4a45-b613-1cd797d8a7d0
1978,1978-02-25,木之内みどり,横浜いれぶん,0a4be174-104b-4fb8-a65c-16d42c622eb3
1978,1978-06-25,木之内みどり,無鉄砲,5ae36159-3bb1-4aa1-882d-6ca8cf4015bc
1978,1978-11-05,杏里,オリビアを聴きながら,f5679aa1-fbe4-455a-8d67-8f171b210345
1978,1978-03-05,松任谷由実,ハルジョオン・ヒメジョオン,a52373b2-2065-4c3e-b88b-25676fac9651
1978,1978-07-20,松任谷由実,入江の午後3時,40d07b69-d99f-4a66-9570-af21e7f05a35
1978,1978-10-05,松任谷由実,埠頭を渡る風,2cf89440-4d6d-48f7-97df-f618989dc562
1978,1978,松本ちえこ,ワンダフル・ヒーロー,875c47f0-ff47-4fb0-8a70-101c816c6141
1978,1978,桂木 文,短編小説,467aed98-4a81-4fd0-88c5-fd90c7f0e28b
1978,1978,桑名晴子,さりげなく過ぎゆく時に / あこがれのSundown,117cb96d-6a69-4957-bb8d-eb18acd19f8e
1978,1978,桑名晴子,もっとイマジネーション,d6055084-1128-469c-a0a3-cdf3062b77b6
1978,1978-09-05,桜田淳子,20才になれば,a1269acc-670d-4883-ac3c-dac6f090d064
1978,1978-06-05,桜田淳子,リップスティック,de344df8-b8e7-4e19-b706-feb0cdeac535
1978,1978-12-25,桜田淳子,冬色の街,73f5b135-e236-4d9b-8a16-fba7d2d9d530
1978,1978-02-25,桜田淳子,追いかけてヨコハマ,1dd8e1dd-cd34-4a9c-a0ae-ace56b63b527
1978,1978-05-21,梶芽衣子,あかね雲／元町シャンソン,7be65d73-ebdd-47e1-88f3-2293e51148f5
1978,1978-12-05,森進一,きみよ荒野へ,0661945f-4f28-4226-8381-b637d73f6692
1978,1978-05-25,森進一,林檎抄,0b765791-399e-4318-9a67-e9ef92e4b09e
1978,1978-02-05,森進一,甘ったれ,5d9039c3-1802-4048-8020-cbb3838a0578
1978,1978-09-05,森進一,雪よおまえは,5585b5f2-d8f0-40de-8c75-6ebbf61a96ae
1978,1978-10-01,榊原郁恵,Do It BANG BANG,6ad091e4-863b-4507-8b2f-305324400270
1978,1978-11-01,榊原郁恵,あこがれ,42b41043-468e-4bef-8854-96825c20ebf6
1978,1978-01-01,榊原郁恵,いとしのロビン・フッドさま,f12c16ac-dc5d-4c51-a8ed-b48c1338ce32
1978,1978-04-01,榊原郁恵,めざめのカーニバル,9833f8b3-b55c-480c-bbcd-24ddc4e42569
1978,1978-07-01,榊原郁恵,夏のお嬢さん,618db987-c6fb-4b43-9aba-09a780220849
1978,1978,水谷良重,はいからさんのラブ・ソング,2a767eee-4db3-4dca-9552-45ee377e1b84
1978,1978-08-21,浜田省吾,涙あふれて,cdd223e0-8638-420d-9748-612ac5f65376
1978,1978-10-10,深町純 / バッハ・リヴォリューション & 平沢進,ロック&キーボード'79 シンセサイザー 附録レコード,1d304466-2885-4f9b-8e06-33282af3c3a8
1978,1978-07-10,渋谷哲平,Deep,a9e76dfb-bb8c-489d-97a6-287150327338
1978,1978-04-21,渡辺真知子,かもめが翔んだ日,38cabec0-3e84-498c-9b72-4ecbba02b7bc
1978,1978-08-21,渡辺真知子,ブルー,fffea751-3f57-439c-bc9f-808370d84059
1978,1978,片平なぎさ,渚の出来事,da113f44-ca5e-47af-b270-653f95e07f94
1978,1978-10-21,相本久美子,ヒロイン,578b3fe9-cb6d-4479-ab45-cb76f09a8f1d
1978,1978-05-21,相本久美子,涙のドライブ,7f8897b1-ca12-4128-871c-1c011ba855cf
1978,1978,真木理恵,ゆれて初恋,d4112e5b-9328-4448-b103-345e2f6b5fb5
1978,1978,石原祐,リップスティック・ジャングル,b291e32f-ea6a-4f02-9c16-0f3eb21a4c6a
1978,1978,石原祐,東京漂流,c6b9c523-3fb7-4376-a49b-ec8c7be42356
1978,1978,石原祐,薄荷煙草,55a1877b-dab5-4a19-b95a-b98014e67f95
1978,1978-09-05,石川ひとみ,くるみ割り人形,8cc31f5c-67c8-476b-acef-69d5f77a243e
1978,1978-05-25,石川ひとみ,右向け右,0cfeedf2-b6a1-4dbe-a336-3ada7501c452
1978,1978-06-25,石野真子,わたしの首領,025cbe51-0098-4f29-8203-a1933964b6a8
1978,1978-10-05,石野真子,失恋記念日,69bb3b70-6630-47c3-bdcb-a50d35384292
1978,1978-03-25,石野真子,狼なんか怖くない,81a39be1-6649-44b6-abc7-e32de2bef773
1978,1978-03-25,研ナオコ,かもめはかもめ,e4e19bc0-fbec-475e-b9ef-77ae8161ea17
1978,1978-10-21,研ナオコ,みにくいあひるの子,b5fd1f65-77a5-4aaa-9a1b-630513ffcf4d
1978,1978-07-10,研ナオコ,窓ガラス,c211f2fe-1414-4062-a8ba-7f362cd7c9aa
1978,1978,神田広美,ドンファン,5f9652de-b0aa-40e2-a27e-f838d30b8bae
1978,1978-02-21,神田広美,薔薇詩集,92c2c5ea-c358-4f85-8a31-a8410f6d84fe
1978,1978,秋ひとみ,アンカレッジ経由パリ行き,2ed2870b-bb48-4a6d-92c4-0554a6fa1c76
1978,1978-07,美樹克彦,恋する渚 (Summer Place),4e6a7cd9-214b-4a37-aa38-4fe724508dd8
1978,1978-05-10,荒木由美子,うつら・うつら,e9db240d-0f6f-48e6-9ca5-be6b8206e85e
1978,1978-01-25,荒木由美子,フラストレーション,f61a0709-e88b-43c7-8018-72a6d9f5040e
1978,1978-08-10,荒木由美子,横須賀レイニー・ブルー,77fe5510-c8f4-42e7-94f5-1c644bc8d07b
1978,1978-12-21,荒木由美子,魔術師の小夜曲,c344ea44-6dac-4630-bfc4-657d9e648383
1978,1978-05-25,西城秀樹,炎,7262d572-c0c1-486d-b3de-d941ac317dd4
1978,1978-03-21,郷ひろみ,バイブレーション (胸から胸へ),8db46028-eb75-4d7f-b7d6-b21fc13afcf2
1978,1978-05,野中小百合,娘たちの祭り,ee8ebd3e-0e5a-414a-85a4-5a8fa972a68a
1978,1978-02-23,野口五郎,22才からのメッセージ,c4e09996-24c9-4941-8b24-b7bf38744870
1978,1978-09-01,野口五郎,グッド・ラック,3b133dc8-9696-4b0c-b805-aad56c771a67
1978,1978-02-21,野口五郎,愛よ甦れ,b9d9fb7a-8d07-4e21-bcdc-07dd0fba6e52
1978,1978,野口五郎,指 / バイオレンス,0f6ab509-31eb-45ba-80b3-75237edb70de
1978,1978-05-10,野口五郎,泣き上手,d1c91766-deb8-4089-b734-026b3d6baf08
1978,1978-12-25,野口五郎,送春曲,6b648d2b-e554-4150-96c9-43b6f83a858c
1978,1978,鈴木ちえこ,かわいい貴方,f8583c00-4b7a-4f40-83d1-e482615066c6
1978,1978-10-05,長渕剛,巡恋歌,1a4816ce-5f61-489b-8fb5-1ff1ef5e9061
1978,1978-07-01,関田昇介,はいからさんが通る,70edc90e-1ae5-409c-921a-e7463270d934
1978,1978-02-01,香坂みゆき,まわれ恋の風車,bc7380bc-7c37-404b-9c24-3723ed812193
1978,1978-08-01,香坂みゆき,グッバイ・サマー,f543994e-966a-4452-aaa4-db3f022fbf69
1978,1978-05-01,香坂みゆき,危険な予感,8f58311c-6349-47f8-996f-e530343957a5
1978,1978-11-01,香坂みゆき,愛よおやすみ,62661a05-d879-49dc-acbb-4aab212cd10d
1978,1978,高田橋久子,ハートにタッチ,0b5438f2-37e6-4961-a6d2-8fb358bd35c5
1978,1978,高田橋久子,想い出の指輪,ae50f187-d96d-4433-9074-d3d2325c2266
1978,1978,高見知佳,シンデレラ,08979820-4890-46f2-bda6-a4b2a0c3ce7b
