jahr,erstveroeffentlichung,interpret,titel,mbid
1982,1982,"""D"" Train",Keep On,63344a13-1892-4748-b6e8-cc30439208f9
1982,1982,'Lectric Workers,Robot Is Systematic,94dbc296-3caa-3915-8401-ae92acd7bde9
1982,1982,'Lectric Workers featuring Funny Randon,The Garden,4f7f9043-37a1-44c3-b8f0-0930885b2626
1982,1982,'T Pleinsje,Bloete Kónt,e8743311-316c-4f61-97ab-a1287488879f
1982,1982-09-17,021,The Pop Song,4544ac6a-2538-4208-9e23-b0eb02326282
1982,1982,1. Futurologischer Congress,Rote Autos,47c8eb55-c581-4720-9a6b-9e5622a020bb
1982,1982,100% Manmade Fibre,Green for Go,8154b8c6-dc22-4d7f-8711-765354946bf1
1982,1982,1000 Ω,A.G.N.E.S. / Look Around,e59dcba9-ef5a-4da3-bdf7-e4eaaaff003a
1982,1982-07,10cc,Runaway,36f9551f-535a-4d88-8c0f-2c1cab6d1269
1982,1982-03,10cc,The Power of Love,e58086cd-1916-42ea-8572-57b64183edb1
1982,1982-10,10cc,We’ve Heard It All Before,150b360f-67b7-49a7-85e1-3fae3a6dcfc9
1982,1982,12°5,Y’a que l’amour / Manipulation,1db9fb1f-e90a-4c96-92d4-18c5dfe1297b
1982,1982,13th Chime,Cursed,5f9ba393-8c68-322f-88e0-b42a44a60694
1982,1982,13th Chime,Fire,69588892-f1a5-3da0-a791-cffcb3b0ac37
1982,1982,1919,Caged,25a1ebdb-82f6-3f45-ae58-072aa82a51c3
1982,1982,1919,Repulsion,a679e366-2876-4b8a-9e4a-e7a1cc8128d6
1982,1982,2 + 1 / Rey T. Jones,Kalkuta Nocą / Hey Tonight,ea71518e-245a-4a31-90e9-a63333a894f1
1982,1982,2 Belgen,Quand le film est triste,42581835-c696-4976-95a5-f2f0de2fbf24
1982,1982-12,2 Belgen,The Third From The Left In The Top Row / Fever,908d5357-e869-42bd-baf5-d26928d8c33a
1982,1982,2 Plus 1,Kalkuta Nocą / Obłędu Chcę,1dc8bbbd-383d-4955-ac95-eec9b7cb9261
1982,1982,2 plus 1,Station Neptune,719b764e-cdeb-44d3-b8ec-9a80fde8e2a5
1982,1982-11,220 Volt,Prisoner of War,06578d8b-48d3-4e0b-9476-4a82b3c07dd4
1982,1982,3 Swimmers,The Worker Works to Live,00b6eb2c-8070-41c5-a95c-6e8db70958fa
1982,1982,38 Special,Caught Up in You,ddca4d88-50d2-43a5-980b-68e676b6c5e6
1982,1982,38 Special,You Keep Runnin’ Away,78072e7a-409f-4560-9d47-bbc5b82daa82
1982,1982,38 Tonnes,Laisse moi vivre,124759d2-30e5-4c73-b877-c017fcbb16d8
1982,1982,39 Clocks,Aspetando Godo / New Crime Appeal,6480d99c-8cb0-44f6-8e76-d5d2fa14eae0
1982,1982,4 Out Of 5 Doctors,Never Say Die,e406adf4-df1a-4dd6-9654-44f0e422f1bb
1982,1982-06,400 Blows,Beat The Devil,1ba9bc3c-49fc-478d-adb9-71d732de9e35
1982,1982,4D,Fauve moderne,b331b540-453c-4487-a146-c703a8e53f31
1982,1982-08,52nd Street,Look Into My Eyes,cdfe4a0c-84cd-3ab5-9885-5501daef5649
1982,1982,5ème Dimension,Mon ami musicien,f34bb9f5-251e-457f-be34-ba956b881e5d
1982,1982,62½,Titta hit,b75b0979-02e5-4c79-a6cf-4db50dfeaaaa
1982,1982,74T7,Dream On / But Me,12bafebc-7ac5-4b24-b284-bc1e393bee62
1982,1982-02-09,8 Eyed Spy,Diddy Wah Diddy,3d384602-e8bf-44ba-8729-f9ddb43507bd
1982,1982,805,Young Boys,4a134ca8-a841-47bc-9db7-afafbb047a77
1982,1982,999,Wild Sun,edf2ca5d-5a6f-384e-b238-9282b46701d4
1982,1982,9th Creation,Mellow Music,bc5bcc04-b4cc-4a65-9b40-d2c1a6a04e9f
1982,1982,[unknown],La chanson de Nono,58006ba3-9ab6-464b-8b01-afbea17dca87
1982,1982,A Blaze Colour,Against the Dark Trees Beyond,c40d55ee-d478-3ffa-b4a1-97aca2d4d2bf
1982,1982-07,A Certain Ratio,Guess Who?,85f70dfa-47d4-4120-8094-f0d9af9e81bd
1982,1982-09,A Certain Ratio,Knife Slits Water,2ba95aca-119d-341d-97f3-2fe0f4446507
1982,1982,A Cha Cha at the Opera,A Cha Cha at the Opera,e863cf1b-8b18-3592-b250-b72b76fb225b
1982,1982-03,A Flock of Seagulls,I Ran,e35f309c-7d1b-307f-ab7c-0c4c240391c0
1982,1982-06,A Flock of Seagulls,Space Age Love Song,cf686488-2397-30e6-a200-0b3c0ce64b67
1982,1982,A Flock of Seagulls,Wishing (If I Had a Photograph of You),5163089f-de31-37cf-91c0-b8119f55f6d0
1982,1982,A-Stat,Livsgnistan,cdd50148-d197-4d8f-8af2-d8195b9dc730
1982,1982,A.D.'s,More Than Once,aef47c61-1b26-30ba-8dfe-f0908281b67d
1982,1982,A.P.O.,O Superman,633ed636-bf48-4bcf-b47c-05f80a514cb4
1982,1982,AA & the Doctors,Apocalypso / Terminal Majesty,a00403b8-53ae-40e5-94a3-c857d3fb7682
1982,1982,AA & the Doctors,Lady in Question / Out in the Backyard,272186a6-d050-4f4c-aea9-18d658675385
1982,1982,AA & the Doctors,Not the Trouble / Words Are Made to Lie,fb5c7518-a63c-43dc-85db-88e18273348f
1982,1982,Aaah...!,Slip Away / Duty Calls,a01fedb3-6eaa-406a-8f7a-44f78d8f92b6
1982,1982,Aart Schouten,Ben ik te veel,3b0bb487-161b-4357-9b0a-459547b47d89
1982,1982,Aart Schouten,De zwerver,f4548664-0f2a-4fe9-926c-835066a2810c
1982,1982-02-05,ABBA,Head Over Heels,d7ac4f41-ef8b-31de-ae13-b270c189a923
1982,1982,ABBA,Super Trouper / Lay All Your Love on Me,8157ee05-30f4-4842-8b48-bcae73ce1f53
1982,1982-10-19,ABBA,The Day Before You Came,307819fc-82ba-35d5-8c0a-8c0e19e6a724
1982,1982,ABBA,The Visitors (extended remix),b3bb54e6-a1b0-4b9c-993e-8bdeb47bdad2
1982,1982-12,ABBA,Under Attack,302f17b6-186d-3daf-b44a-58b369a2a4bd
1982,1982-04-26,ABBA,When All Is Said and Done / Soldiers,4cd4821b-764f-4a22-9735-f8adafce4ecd
1982,1982-08-27,ABC,All of My Heart,72a1fff1-aca2-492a-b926-3ba39430e903
1982,1982-02,ABC,Poison Arrow,f4e659ea-c205-357e-8944-846da76a5dc2
1982,1982-05,ABC,The Look of Love,98a2de43-9352-41da-9e80-94ef26050e6c
1982,1982,ABC,Valentine's Day,2687be5b-bd74-42c4-a56d-3ea5d872f77c
1982,1982,ABC 80,Svära & svika,d604b4ad-b39b-416c-9114-c2cf6b547310
1982,1982,ABKK,Sömnlös,ede7c6ed-7d91-4d9a-8445-b8bdb83a77e1
1982,1982,Abrasive Wheels,Burn 'em Down,0257ea58-77a0-3661-8314-f9f997670323
1982,1982,Absolute Beginners,Det låter som musik,a1c1ded9-94bd-4ee3-af29-22f169ebf540
1982,1982,AC/DC / Gino Soccio,For Those About to Rock / It's Alright,5998dc40-25f3-4bd4-98fa-8245ac54c3e4
1982,1982,Accept,Starlight,3cfa67c4-6bf9-495b-b0ef-a292ca774e51
1982,1982,Achim Reichel,Ich hab von dir geträumt,d604c0d7-554a-4499-b4e3-517d4b1777c6
1982,1982,Ad van Hoorn,15 jaren Hurry Up,46491ffa-3cee-40bd-a034-2fba1256bf26
1982,1982,Ad van Hoorn,Piraten puree,f5a0381b-d2d0-4e10-b1c5-2b10fa2a5fab
1982,1982,Ad van Hoorn,Truckers gebed,6bba8439-c20f-4e79-b560-16634d85cb63
1982,1982,Ad van Hoorn & Karin,Ieder gaat z’n weg,759b0b0a-bab2-46de-9849-06f902e055c7
1982,1982,Ad van Hoorn & Karin,In m’n D.C.10,a03f8919-71bf-4c05-9501-8cd3987628ee
1982,1982,Ad van Hoorn & Karin,Ze noemen ons piraten,6ab33897-0dc1-4b64-8c9b-450c1192eb66
1982,1982,Ad van Hoorn & Marina Koster,Weekend voor de deur,2662bb3d-28aa-4220-9a90-8c9cba510084
1982,1982,Ad Visser,Giddyap a Go Go,49aa3627-84e9-3b62-9a24-caa8dea47dab
1982,1982,Ad Visser,Nostalgia for Earth,a7d3dc53-5a22-4a29-a0ed-a447c4542f95
1982,1982,Adam and the Ants,Deutscher Girls,e84f6c62-74eb-3e67-a8c9-45f13c38b14e
1982,1982,Adam Ant,Friend or Foe,ae9f53eb-d5db-34f8-bd55-dbbc19da6715
1982,1982,Adam Ant,Goody Two Shoes,025fb962-d9c9-3813-beb9-57e2e57274a3
1982,1982,Adolfo Echeverría y su Orquesta,Cumbia del amanecer / Cumbia de las velas,4011009f-5aa8-428e-9a18-0b94b4ba9dcc
1982,1982,Adrian Gurvitz,Classic,d7786079-6b52-4c69-bf79-07f270c51ff7
1982,1982,Adrian Gurvitz,Clown,fe45f4f2-b1fd-4033-b568-bb63eace3a95
1982,1982,Adrian Gurvitz,Your Dream,bd29db4b-4f4a-4c31-9a1c-316f944c31b2
1982,1982,Adriano Barghetti,Il cha-cha-cha dei coltellacci,fa3e8b2c-7575-4c47-8267-4aefd2ede5bb
1982,1982,Advance,Take Me to the Top,5a25f5e3-b376-4031-bc9c-79ae04c20f7b
1982,1982,Aerial FX,Instant Feelings,1337979c-4be8-4d68-9432-a63a69d51a74
1982,1982,Afraid Of Mice,At The Club,a9e8af71-1449-43ba-b46e-46b99f2e2790
1982,1982,Afraid Of Mice,What About Me,6ad51426-b371-48f1-a575-21ec8dc46bb9
1982,1982-06-03,Afrika Bambaataa & The Soulsonic Force,Planet Rock,ef56f58a-8dfd-39ea-8a79-7f69d4fcd87c
1982,1982,After Dinner,After Dinner / Cymbals at Dawn,039008da-7f80-4e2a-9a95-c3d129c8315f
1982,1982,After the Fire,Der Kommissar,35fba65d-11db-4b7f-b642-c52a6ae7a4d5
1982,1982-01,Agent Orange,Everything Turns Grey,fe427c53-54a5-310e-a276-d0b1e90159c8
1982,1982,Agrimensor K,Principio y fin,c9b54d9c-04a2-4ee1-8164-b9f5b37716ac
1982,1982,Ail Symudiad,Lleisiau O'r Gorffennol,7aca488b-581f-45d0-986b-a97b0dff1540
1982,1982,Ail Symudiad / Angylion Stanli,Split,a84d6531-e846-4d54-8065-4c8077708473
1982,1982,Aileen Quinn,Tomorrow,51855062-441a-438a-b3d7-607e0e728808
1982,1982,Airbus,Le rock c'est ma vie,3ea028fb-5eef-456e-b431-c4b34d7d7a82
1982,1982,Al Bano & Romina Power,Che angelo sei (amore mio),32c606c9-3525-45ea-ae90-63bf3f4bd90f
1982,1982-05,Al Bano & Romina Power,Felicità,b31cc4ed-f615-4d31-bafb-b807570ff89e
1982,1982,Al Bano & Romina Power,"Tu, soltanto tu (mi hai fatto innamorare)",9c56d072-a258-49ab-acd6-56755d7c8b33
1982,1982,Al McCall,Hard Times,f7b676e6-dbb6-420f-9370-b07108da18d8
1982,1982,Alain Bashung,C'est comment qu’on freine / Trompé d'érection,7fe1e7d4-78bf-4a91-857f-d2c4d0160331
1982,1982-03,Alain Chamfort,"Chasseur d'ivoire / Amour, année zéro",9ccbad55-59a9-4a87-9a45-3ed9c04769bc
1982,1982,Alaska y los Pegamoides,Alaska y los Pegamoides,51dfc812-3155-4cfb-9934-8d5b6f1ff107
1982,1982,Alaska y los Pegamoides,Bailando,d5375aff-ebfd-4f7e-95d9-7992584e3803
1982,1982,Alaska y los Pegamoides,La línea se cortó,4861e341-80f7-4a9e-a091-e590fa8da024
1982,1982,Albania,Could This Be Love,af0a701d-ddf2-4b4c-88b4-787774f06039
1982,1982,Albert King / Rufus Thomas,Christmas Comes but Once a Year / I'll Be Your Santa Baby,f4d60251-80c5-49c9-9656-c55d0e7016a7
1982,1982,Aldo Donati / Spargo,E ti amo / So Funny,d56434ab-6390-44e6-82d2-320b544f1dae
1982,1982,Aldo Maccione,Plus beau que moi tu meurs,e105df3d-1557-4156-b43c-9daa3b78ad14
1982,1982,Aldo Maccione,Qu'est-ce que c'est que ce gars-là,5d6a615c-5fa4-4e9b-8854-68a4f5f86314
1982,1982,Aldo Nova,Fantasy,ce6c544b-e477-4aff-bd5c-7be2974fbcea
1982,1982,Alessandra Mussolini,Love Is Love,6e552374-9b35-4c54-9686-07f33dac78da
1982,1982-03-12,Alessandra Mussolini,Tokyo Fantasy,dfad27a2-9e26-40ce-a582-f95e093b15c3
1982,1982,Alex Goebel,Rag Doll,9f3a4ff6-0019-42a4-9fc8-7a16a8964086
1982,1982,Alexander Curly,I’ll Never Drink Again / Guus,e4194475-34ff-4f4e-86fb-1c584dc37e30
1982,1982,Alexander Curly,Jodeldodeldee,2461bb65-4629-4109-9530-c9fd55fbabfe
1982,1982,Alexander Goebel,Rock'n' Roll geschädigt / Rag Doll,0dd5b6db-6373-4ea1-b7f2-40558f89760b
1982,1982,Alexander Goebel,Rock'n'Roll geschädigt / Sie ist 18,1cf25f6d-2f8c-3894-88fb-c9a0e6753c34
1982,1982,Alexandra,Heidi,de2a32fc-cee1-498e-a6b4-8634da37dd1d
1982,1982,Alexei Sayle,'Ullo John! Gotta New Motor?,22cf550d-337c-3c4d-9fd7-270cba55a64a
1982,1982,Alexis Steele And Showband,Zomersproet / Alexis Tune,957d9da0-c41f-4f40-a7cc-1c6492ba26ea
1982,1982-06-21,Alfee,SUNSET SUMMER,ce81fdbb-4415-46e1-b9b1-383b20585aa2
1982,1982-11-21,ALFEE,別れの律動,41b877c5-c340-4e66-acf7-95a4922903f7
1982,1982-03-21,Alfee,泣かないで MY LOVE,f6a1f9e0-5eaf-405e-a0fa-fa5893d3973e
1982,1982,Alfredo Chen Singers / KMB,The Legend Of The Ninja / Silver Moon,0a38a693-25c8-4ebd-b1e8-265485798141
1982,1982,Alfredo Gutiérrez,Yo soy la cumbia / Los pescadores,7f099050-41b9-47bd-9bb2-b34170b11c7d
1982,1982,Alice,Messaggio,2a596377-c53c-465f-96fd-a39b4187b7e5
1982,1982,Alice Cooper,For Britain Only,edb65ee3-848d-4bdd-8d80-0cd36d6938c5
1982,1982,Alice Cooper,I Like Girls,e9c0e1ce-6d4e-4c4a-bbdf-85f2ceabe024
1982,1982-10-14,Alice Cooper,I’m the Future,c95465ca-1b83-4476-b108-9b0ffef9629f
1982,1982,Alice Dona et Raphaëlle,Nos p'tits problèmes,f8316d5f-cc49-402c-b178-0e904df630ef
1982,1982,Alice Elysee,Lolita,b349c349-2e1a-4ade-9fa3-2bbb604f2bd0
1982,1982,Alien / Barrabas,Video Games / Jeronimo,7ce409ab-b7a9-45f8-953a-619c6fb0131e
1982,1982,Aline & Ad,Moonlight Song,7c3f0498-e66a-4237-a9c8-347b7838ac63
1982,1982,Aline & Ad,Moonlight Song,98cb3ed3-4160-4e14-84bd-4f26da18679c
1982,1982,Allen Chaney,The Sound of Musak,19eed9db-9f4a-445c-8ff7-8460370f6c45
1982,1982,Allez Allez,Allez Allez / African Queen,d2f3da39-9302-4993-9fdc-e7b426a2f048
1982,1982,Allez Allez,Flesh & Blood,92ced20d-a8d7-4200-b313-4ef396bf9c02
1982,1982,Allez Allez,Valley of the Kings,00f70c60-0737-3c03-bcbf-4597ef31f133
1982,1982,Allicht,Welterusten,eedcae2e-77d7-4583-a861-ee079bdbc8bf
1982,1982,Allsound 80,Waarom / Vanaf de zee,d71a24df-a1e7-4b7d-a436-4b046674dcbc
1982,1982,Almodóvar & McNamara,Gran ganga / Suck It To Me,b8b6e598-7ba2-42d3-b292-edc4fc0bdefe
1982,1982,Alpha,Hanna hef ne grieze / Haak es in maak plezier,eb68b2dd-9242-4946-aed1-b0498cc62f9a
1982,1982-03,Alphonse Mouzon,Don't Want To Lose This Feeling,55e43175-80c6-4801-8b65-1d75461b94ab
1982,1982-05,Altered Images,Pinky Blue (3-Track Dance Mix),5964e7b7-bc19-4ff1-b27b-186ac2baf781
1982,1982-03,Altered Images,See Those Eyes,2d81fbef-3269-3e0d-afd1-f611f184ee8f
1982,1982,Alternative,In Nomine Patri,1d1a8841-7506-3ed4-831d-b9491e36412b
1982,1982,Alvin Stardust,I Want You Back in My Life Again,49be0f7e-f256-4952-ba4c-082f47d571ab
1982,1982,Amanda Lear,Fever,d1f97312-0ae6-36be-8b9c-c1d062c384ee
1982,1982,Amanda Lear,Incredibilmente donna,81bdbb7b-a7ac-3172-a9e8-8787bfc12091
1982,1982-07-06,America,You Can Do Magic,deeb7c3d-bfcb-4140-99ff-f7956731a457
1982,1982,American Gorilla,Forsaking All Others / Masters of War,de7494bb-51a9-3fd6-a4c7-0f162b24079a
1982,1982,Anamía,Préstame tu amor / Quiero tu amor,59c9918b-2c23-450f-ab30-abe952370134
1982,1982,Andre De Saint-Obin,La Voix Qui Rit,d2ee02ce-8bd7-436b-a078-12aec69d0f50
1982,1982-04,Andrea Jürgens,Playa Blanca,a4b67705-56b3-4a34-8ab2-eebc4c61bede
1982,1982,Andrea Jürgens,Puerto Rico,61076582-2c2f-4828-91d4-a837151437dd
1982,1982,Andreas Holm,Zum Geburtstag / Alles will ich mit dir teilen,6bfffa0d-2bf1-4642-a3c2-4bbfd119b613
1982,1982-07-02,André Cymone,Livin' in the New Wave,4b274194-7c2e-4b96-a54a-9efd1af2cf42
1982,1982,André Hazes,Met Kerst ben ik alleen,6e00c593-a6eb-46d5-870c-2da5ae6c6693
1982,1982,André van Duin,Als de zon schijnt / Zitten in de zon,f3b87277-f59a-4a0d-ab25-68abbd37b09a
1982,1982,André van Duin,Bim bam / Als je huilt,cab5af4a-503c-4d0e-a88b-4d23e0b3c37c
1982,1982,André van Duin,Zandzakken voor de deur,ce2958c8-8499-3262-a108-01b4c39baa62
1982,1982-04,Andy Borg,Adios Amor,79a3df27-8c00-4b09-ac3d-07036bbbbdaa
1982,1982-10,Andy Borg,Arrivederci Claire / Die berühmten drei Worte,7d7c2df7-1fa8-4104-96d2-5bd8ede814e1
1982,1982,Andy Nelson,Lady Angie,19f36c56-9a7f-48aa-9672-eaeff0b89d5f
1982,1982-02,Aneka,Ooh Shooby Doo Doo Lang (Long Version),ccff3130-7010-4c87-8b1c-922b5982d0d5
1982,1982,Angela Bofill,Too Tough (Long Version),705c9a8f-919f-407a-96f2-5d693f7f1236
1982,1982,Angelic Upstarts,Never Say Die,591a869c-fab9-4087-98bf-8a57e9bbbbea
1982,1982,Angelic Upstarts,Woman in Disguise,42a6454c-fbee-3a6b-90b4-c4c9f27f7e08
1982,1982-06,Angelique,Een beetje geld voor een beetje liefde,ad0e3319-172f-43d2-89f7-cab7dd32b8e3
1982,1982,Angelique,Hij was een Fransman / Zeg het met bloemen,39c6e94e-e576-4846-a202-98aa47e4019b
1982,1982,Angelo Lenatti,Ogni Giorno Di Più,420ad850-b98a-4c61-9478-9bf5ab4bab6d
1982,1982,Angie Peach,The Spell!,0fe04d92-e6cd-432c-bbec-e77b235fb1c7
1982,1982,Anibal Lopez y La Unica,No coman cuento,a8bae021-a849-42ea-8484-06fff9090d5e
1982,1982,Animal Nightlife,Love Is Just the Great Pretender,d0d68c54-8cb1-43da-aed7-15dce3e179cc
1982,1982,Anita,Route du soleil / Mijn allereerste liefde,1e8ef3ac-7d3e-47d3-a68a-2d9945cdff2b
1982,1982,Anita Meyer,Benjamin / Idaho,6c208a79-4c30-4a02-85a4-d12df54156e7
1982,1982,Anita Meyer,Idaho / If Living Is Without You,0e9e8787-a7f6-4ca1-be24-991b67ab38e0
1982,1982,Anita Meyer,The One That You Love / Restless,9916ebad-d57a-424a-8b56-436f806fb4f0
1982,1982,Anja en Sjan,Om daarna altijd samen te zijn / Mag ik nog even bij jou blijven,93207036-0cda-418e-af18-3df972af91d3
1982,1982,Anna Jansen,"Arie, oh, Arie",427c6b79-f9fd-46d5-bf96-05a35cfb8bb2
1982,1982,Annabel,Het Hutterslied / Marie,1b3ead81-0d75-4d89-87b2-c433337bb36d
1982,1982,Anne,Toe dans die laatste dans met mij,eb2df7cd-ba8a-42c3-8989-ad893ec3a91b
1982,1982,Anneke Drent,Kom weer naar mij / De story van Angelique,c48ff661-7c82-403f-9ac6-2cbda4e55fc4
1982,1982,Anneke Grönloh,Brandend zand / Paradiso,cee7b495-d556-4d67-bfbc-cb4947e43e61
1982,1982,Annette,Dans met mij / Orgelman,b48e5420-15af-49ba-8998-55e69b438461
1982,1982,Annie Cordy,Envoyez la musique ! / Oscar,f4cd82af-0b19-4dad-a367-8c4dc2ec1897
1982,1982,Annita & Ria,Vastelaovend In Remunj,87438bb2-e954-484d-8a3f-b8234b4e31e7
1982,1982,Anno-Nym,"NDT, NDW",a55ddf00-68fc-4742-856b-6deb6abf7711
1982,1982,Another,Paris Tribe / Johnny,61afba9a-df66-403c-af31-c8ee1f358fc9
1982,1982,Anti Establishment,Future Girl / No Trust,eb2cb636-1932-46c2-ae37-6bd4a06cfe64
1982,1982,Anti-Nowhere League,For You,bf387e3e-1ca8-427b-8a43-45da4bdf4297
1982,1982,Anti-Nowhere League,I Hate... People,03c36b32-09cd-3d93-9cc3-44b15b54a7bc
1982,1982,Anti-Nowhere League,Woman,1672f06f-758d-399e-afa1-0677c70b8072
1982,1982-11,Anti-Pasti,Caution in the Wind,3fc058f2-170f-4125-8324-b35894e5ddaa
1982,1982-05,Anti-Pasti,East to the West,b51509cd-21a7-423f-9ce2-46df0f68bf2a
1982,1982,Antisocial with Another Punk,To Many People,38f1d4ad-9e72-4106-833c-02edbf1ef74c
1982,1982,António Variações,Estou Além / Povo Que Lavas No Rio,cbfe0a67-c2a1-4933-9c4f-6c71463fb675
1982,1982,Anvil Chorus,Blondes in Black,3ca3eb50-8778-4b55-9747-5a84c439f473
1982,1982-07-09,Anyone's Daughter,Sonnenzeichen-Feuerzeichen,1dd23233-cffb-4b28-9d56-b9f4896799c0
1982,1982,Anōmy,TVC 15 / Lone Wolf,7659c67b-ecab-4cbb-84e6-0a3a70df82f9
1982,1982,Apartheid Not,Listen,5c206765-836f-4803-8014-3d3ca4e5e528
1982,1982,APB,Palace Filled With Love,46e8d143-3f08-4d78-8faa-da745ec08e07
1982,1982,Apocalypse,Stormchild,71640d32-9a8e-498d-91ea-dd6134748b57
1982,1982,Apocalypse,Teddy / Release!,04a47e92-b27b-400e-b953-0fbc7b48b8e7
1982,1982,Aptit,Han vågar inte,7a664bdb-2ece-4d2d-bbb5-8e90652d41f8
1982,1982,Aquapolis,Eldorado,8e3681e1-ece3-4e2c-88a9-924497ecc3ac
1982,1982,Arabelle,Le cœur à l'envers,773e8a8f-1c95-416a-8a00-ef3ceb806c41
1982,1982-03-21,Arabesque,Caballero,f7413cf9-a85c-4a6c-b7cd-7c5f7bb99d78
1982,1982,Arabesque,Jingle Jangle Joe,66028693-fae4-4734-916a-8364572aa6b5
1982,1982-11-21,Arabesque,Why No Reply,27ad3461-8cc0-43e6-b0e8-0e2f84bcbfe2
1982,1982-07-21,Arabesque,Young Fingers Get Burnt,b59ed293-1902-40c2-a2f2-7e0769ba6df1
1982,1982,Araxis,Space Ranger,5eea91ed-a423-441a-b8da-fb7c6ca70dc7
1982,1982,Arie Ribbens,Baanvrij / Pepita,79ea2bc6-ef7c-4fc1-9c86-11f966ba41fe
1982,1982,Aristakes,Don't Wanna Live Without You,6335b122-f197-474f-9498-da737a9d4f1d
1982,1982,Armand Zone,Stay Cool / Dare I,4fe41f24-e49b-4241-ab0e-8ee4858b34c2
1982,1982,Armando Hernández,Cumbia del Mameyal / Te caigo mal,55849572-c163-4ee8-9446-3e50c1e555a2
1982,1982,Arrow,Hot Hot Hot,fc7eedd1-685f-41e4-bd8f-520fa75d6287
1982,1982,Art School & The Mighty Motor Gang,Emotion Explosion,d9c50a85-2274-42ab-b660-4603d42f71ea
1982,1982,Arte Moderno,Ninette En New York,29dd1890-d155-4f1a-b748-07a227841be3
1982,1982,Asfalt,Får ikkje svar (På telefonen),cefa4135-8ffb-42b7-8604-fef4916f889d
1982,1982,Ashford & Simpson,Street Corner,6b30c311-0692-4772-b211-5e75a419513c
1982,1982,Asia,Heat of the Moment,9eafc1f2-b278-3fad-b572-fb62e7f82f87
1982,1982,Asia,Only Time Will Tell,1994182a-cb84-48cc-8752-e1b8df6b36d4
1982,1982,Asia,Sole Survivor,866ed927-3017-4637-ab3f-c30ecd95f8ef
1982,1982-04-29,Associates,Club Country,c26a9acd-8f77-3632-957a-435b5fba2b88
1982,1982,Astrid & Mirjam,"Oh, Marij / La Marina",731513fb-528f-4417-8a2b-551c84118007
1982,1982-06-14,Atari,Dig Dug,2787b588-3f81-47ba-8627-32438b9c633f
1982,1982-01,Atlantic Starr,Circles,3079c38b-ca81-48e1-9a18-7be66075c3b4
1982,1982,Atlantis / Armed Gang,Keep On Movin’ & Groovin’ / All I Want,50f69e03-8ec7-4bd6-948c-b801d8ba34b1
1982,1982,Atomic Rooster,End Of The Day,bff8b637-0137-4c57-93a0-efb22cc22df4
1982,1982,Attack,Dag och natt,56ff8e0d-bbe7-4507-b0df-3847282a68b3
1982,1982,Attack,Helt rätt,6061e2d0-f092-4114-ac5e-2ff3a358556b
1982,1982,Attack,Ooin' in the Moonlight,6573e53c-4dc2-4dfe-8060-108c0d4727a1
1982,1982,Attack,Tokyo,e15e479c-82d7-4efb-8712-cdafd21a64af
1982,1982-10-02,Attak,Murder in the Subway,c6e0192c-e4fe-35b3-b7ae-3826473297b5
1982,1982,Attentat,Fågel,c910ad9d-31d2-4ecc-8993-d5ffce2c3737
1982,1982,Aural Exciters,Chinese Rap,317ceed3-ac40-4ee2-a0d0-156311941276
1982,1982,Aurra,Checking You Out,a5971c10-8bef-4934-989a-f05c48d21727
1982,1982,Aurra,Such a Feeling,162d5f34-b0a3-34c3-9ccc-f088d2d4b1c1
1982,1982-08,Australian Crawl,Daughters of the Northern Coast,80cadafc-727a-47a8-8b77-6daf6f2860c1
1982,1982-11,Australian Crawl,Runaway Girls,68cd75de-8075-49a4-a7b8-01a90322d3fe
1982,1982-06,Australian Crawl,Shut Down,6aaa37a4-e234-4bfa-9838-b297aeb24348
1982,1982,Auto-Mod,Last Punk Hero,8a4ffae0-da3e-4b9a-aff4-f579bf86c6fe
1982,1982,Autopilot,Midnight Sun / George Goes Solo,fec27ed6-09d1-4f08-8d9f-0da861d8f341
1982,1982,Avalon,Can’t Find a Way (to Say Goodbye),90ddfb0a-7cb8-46c8-bd5a-7766ffd086c2
1982,1982,Avant Garde,Seven Days,7cace057-34f3-4fc4-aec6-a381e3070346
1982,1982,Avant Garde,Walking Back to Happiness,ff04fcc5-d5c3-48f2-8b3c-6e9e7ee4a37a
1982,1982,Avatar,Been thinkin’ about you,d21e6073-36d5-4a99-9539-b3de640f65e2
1982,1982,Axis-Sally,Flimsy Artist / Car-Crash,e8540198-2fa8-4342-b205-9a639bb0b655
1982,1982,Azra,"E, pa što / Sloboda",430143fc-f748-4e36-924f-340dc1e85fed
1982,1982,Azra,"Đoni, budi dobar",ce2a213c-e317-4a3e-84fa-2cff9c8ef5eb
1982,1982-09,Aztec Camera,Pillar to Post,8b215336-4b76-4d6d-b1e6-351c25e4d651
1982,1982-07-23,B. A. Robertson,Dot Dot Dot,b88af1d0-8a80-449a-b313-f82e82e08327
1982,1982,B. Rodgers,I Feel So Good,b6c180aa-d671-4d0c-8f49-18cb0a692a2b
1982,1982,B.M.W. Band,Holiday,421d168d-b51a-4a86-81c9-2dbe2f4b6392
1982,1982,B.T. (Brenda Taylor),You Can't Have Your Cake and Eat It Too,0db5c7c6-afef-4a14-b6f1-0cc9d4bf973b
1982,1982,Baard,Life in a Goldfish Bowl,cdf0e5bd-1c18-3b3c-876f-6044769dde01
1982,1982,Babe,Boomerang / S.O.S. (Trow Me a Line),d6ebd5c2-cf31-40a5-8713-1a77332a042f
1982,1982,Babe,Indian Habits (Hooka Heya) / One Touch Too Much,1f7ec436-f6b6-48e7-84b6-e84eb91b8609
1982,1982,Babe,Together in Love Again / S.O.S. Throw Me a Line,ffa180b1-5f3c-43b4-978c-d3dd095edfbc
1982,1982,Bad Brains,I Luv I Jah,e1149327-ac32-4551-92fe-7745e397c5b3
1982,1982,Bad Luck,Le motard,b5be9f31-f942-495b-b907-5145bdc9dc0d
1982,1982,Bad Manners,My Girl Lollipop,17569dcc-9127-392d-ac98-5df7e9e7d611
1982,1982,Balder,Kurfürstendamm,431b20ab-be40-4791-a508-32cd5a502c61
1982,1982,Balder,Schwarzfahrn,9ecd9378-1bee-4816-a9f8-6791c4bc6523
1982,1982,Bananarama,Cheers Then,510038a0-c8bc-30c7-8962-ab08d9599982
1982,1982,Bananarama,He's Got Tact,8aeb9339-066a-3cfb-81fe-8b8c1d913d46
1982,1982,Bananarama,It Aint What You Do,bd2fef08-8904-353b-ab0c-168213f57579
1982,1982,Bananarama,Shy Boy,ac16ea59-410f-31b5-913b-baf2df2e5321
1982,1982,Bananarama,Shy Boy / Really Sayin' Somethin,d7113834-0bc5-3793-8657-28e4427cf0c2
1982,1982,Bananarama & Fun Boy Three,Really Saying Something,10ebc45f-9fb1-3bfd-a960-9de9d03b13b9
1982,1982,Bananarama featuring Fun Boy Three,Really Sayin’ Somethin’ / Aie a Mwana,63d97fc0-0724-44b8-b5cd-2951a1140191
1982,1982-08,BAP,Kristallnaach,10bad833-b853-4911-a58f-68ca208086b7
1982,1982,Barbados,Je hebt me verlaten / Zeg me nog een keer,4a84fc40-6f51-423d-876e-6f20dd863b09
1982,1982,Barbados,’n Bosje rode rozen / Piratenzenders,5d871a8e-5fc4-4684-9be8-ba5f74683151
1982,1982,Barbara York,Tonight,46765b0b-f987-4d50-9563-084848e315b1
1982,1982,Barbi & the Kens / The Flirts,Just a Gigolo,6c9ffe35-e523-3dfc-b119-ee423cb1349f
1982,1982,Bardo,One Step Further,833de140-27a0-4c58-8210-15530c13d6fc
1982,1982,Bardo,Talking Out of Line,26ed513b-68b8-4bad-8459-9f2b55fafb92
1982,1982,Barrabás,The Lion (Don't Kill The Lion),4b623dbb-ecb7-4bc3-baad-5e8402513c4d
1982,1982,Barry Brown,Rasta Man/Woman of Dignity,9dd69caf-5030-47b4-87b7-058eea75ddd5
1982,1982,Barry Ford,Radio-Active,0ccfd84f-2c8d-4350-b9b6-d68bce814264
1982,1982,Barry Manilow,I Wanna Do It With You,72d461da-1af7-4273-890e-118dbf866825
1982,1982-02,Barry Manilow,If I Should Love Again,1f65532f-5b1d-440f-be76-2d1f1d7c7ee2
1982,1982-11,Barry Manilow,I’m Gonna Sit Right Down and Write Myself a Letter,d51ed390-149a-43df-a52e-014050c2c6c6
1982,1982-03-03,Barry Manilow,Let’s Hang On,1238d1eb-d8ff-3327-a2f3-04757a73e90e
1982,1982-11-03,Barry Manilow,Memory,044dd61e-c240-4cc4-a267-0777fc6d43d6
1982,1982-07-14,Barry Manilow,Oh Julie,4af1184d-9871-409d-9e9e-e9d6efefe7b3
1982,1982-04,Barry Manilow,Stay,f7b5ba02-c15c-40fd-9a84-0e0a85152ddd
1982,1982,Bartok,Insanity,527f1dc4-fc7d-44ff-a0e8-4a12b7f00d4c
1982,1982,Bashful Alley,Running Blind,7e695172-11ab-44d8-b3c1-2962c8616f30
1982,1982,Bassie & Adriaan,"Altijd blijven lachen / O, wat dom",3a2dd8b3-7eb9-46ca-8daa-3c64f13c2af9
1982,1982,Bassie & Adriaan,Onze auto rijdt op alcohol / Als we van de liefde konden leven,258324f6-9a31-4a50-a539-be30e49db93e
1982,1982-12-23,Bauhaus,A God in an Alcove,54c2b4c9-c9fd-479e-b8ed-06ea8e21d591
1982,1982-11,Bauhaus,Satori in Paris,2e250ebc-5377-343c-aad4-ae209f25c0ca
1982,1982-06-14,Bauhaus,Spirit,93302241-73fb-3fed-9da2-1c029872aade
1982,1982-10-05,Bauhaus,Ziggy Stardust,fb368411-27df-3360-9e90-89b121d2fd2e
1982,1982,BB Band,"Hallo, je spreekt met Karin / Rio de Janeiro",20880c83-f0aa-457d-b9d2-7d342eb07130
1982,1982,BB Band,"Rio de Janeiro / Hallo, je spreekt met Karin",77fb97a0-7f33-4cda-aeb2-f7bb6853fdb1
1982,1982,Beat Less,Dina ögon,daaa4c2c-e4d3-47d5-ac54-163a2069bdb6
1982,1982,Beau Geste,Le Damné,302d1fe6-62a0-4313-b31a-7f510d607f67
1982,1982,Beau Nasties,Between Open Doors / Hold It in My Arms,00dacfff-fa1d-47b2-b7d1-77c66c36a39c
1982,1982,Beex,Butch / Empty House,45002afe-d090-41a2-996a-6571566e7340
1982,1982,Began Began,Computer Wars,47908c42-9bd7-3c32-9d65-ae8a73fedef0
1982,1982,Began Began,Stay in Touch (Message to All the People),a1ea534a-9697-39ec-9678-539969522522
1982,1982-04,Behaviour Red,Ke Ke Ke Ke Ke Ya,90581c5b-68d5-4fbb-b517-3bc40824544e
1982,1982,Behemoth,Deathwings,5b70f88f-f7ab-4abd-9e13-19fcb2bc6992
1982,1982,Belaboris,Kuolleet peilit / Monsteribaari,17e10d64-a62f-479e-b918-ed8e697d3141
1982,1982,Belinda Metz,Trouble (At The End Of The Line),2cb56752-bcbe-4594-b87c-2d6a5e1263f0
1982,1982,Bella Bella,Telefon,dc18926d-6917-433c-ad9a-f4e0fe30b3dd
1982,1982,Ben Lansink,Leven zonder liefde / Lente voor ieder,d38ba1c1-80ea-4955-aa44-3a9d4907ee2b
1982,1982,Ben Steneker,Eyes Bright as the Morning Light / Little Brown Eyes,7e338635-195c-4908-a0d5-2b34428643ff
1982,1982,Bene Gesserit,Kidnapping,2fb9d799-9b2d-427e-abbb-1eed75acaa3e
1982,1982,Bennet & Bee,Put That Pretty Smile Upon Your Face / Finally Together,acb28631-1517-4b28-948f-9d9f58414d53
1982,1982,Bennet & Bee,Take It or Leave It / Here I Am Again,7ecbc410-41bd-4c34-8934-4cadbe1196c9
1982,1982,Bennie Jenkins,Downtown,eb9df121-e8bc-4270-873d-887145a4cb88
1982,1982,Beograd,Sanjaš li u Boji? / T.V.,66e8be14-098e-3ba4-b974-622c8c70c296
1982,1982,Berend Jan van Bruinhoudt,Mooi 'S-Gravenhage,16fe3471-62f5-4f1b-81a0-604cd7376899
1982,1982,Beres Hammond,Don’t Want to Lose You,05a0c319-a3c9-4fbc-99f9-11c6699654fc
1982,1982,Berlin,Sex (I'm A...),c500f436-57bb-3018-adf4-2ea632b15cd0
1982,1982,Berlin Express,The Russians Are Coming,e0e3d632-42b0-30a2-8f89-661f14f1dce9
1982,1982,Bernard Lavilliers,Troisième monde / La Complainte du progrès,d0167de5-fcc0-4ea0-a8ba-e37efb2f6de4
1982,1982-04-04,Bernd Clüver,Bilder können nicht reden,5272f447-b2e2-4393-a5ac-c6e27aaa0d1c
1982,1982-11-01,Bernd Clüver,Gefühle sind herzlos,d7d01785-b20f-4299-9b43-ad6a1ad4fde9
1982,1982-01-03,Bernd Clüver,Wenn ich dich berühr’,7b87768d-7875-4020-bc5b-a3af219de4af
1982,1982,Bernd Hill,Nou tabé,7a6cbe1b-c9ee-4ab3-baee-80cebc0b7722
1982,1982,Bernd Schütz,Du bist wie aus Mamor,4e5dd3bb-a222-4393-ba6e-d780f9096938
1982,1982,Bernd Schütz,"Komm, geh mit mir nach Kanada",bb163622-7550-4bd5-a85f-d21c09f8f438
1982,1982,Bernhard Brink,Du natürlich,0a166785-f501-41ca-acab-411c46278f4b
1982,1982,Bernhard Brink,Hé m'n schatje mag ik vragen,575187f6-b494-4071-b03c-33b3a009640d
1982,1982,Bernhard Brink,Ich komme zu dir zurück,34b19068-880c-4f82-bf6e-5424abe6ce37
1982,1982,Bernhard Brink,Say You Want Me,75d7d7cf-d10f-4fc6-b189-1523849182cb
1982,1982,Bernie Tormé and The Electric Gypsies,Shoorah Shoorah,f43ee71f-4089-4caa-984a-581846aafc52
1982,1982,Bernie’s Autobahn Band,Fußballfieber (Mann hat der’s gut) / Rio Pepe,21819083-500f-4366-a64c-c95a933d90f0
1982,1982,Berry Cup Blooze Band,Little CHUB Tub,70535661-d7e4-4994-b13e-af80e669dafb
1982,1982,Bert Baco,"Therese (er zit een punaise in de mayonaise) / Jan, geeft dat 2 x 3tje even an",e4bc3cfe-b984-404d-9cd3-f5e1ff1c4990
1982,1982,Bert Barten,Hold On You,a28f0169-0c09-41db-9f27-55fbdb872f56
1982,1982,Bert Tinge,De ster,27a697d1-4480-4deb-9322-d067e10bfa28
1982,1982,Bertie Higgins,Just Another Day in Paradise,61132229-1155-4622-ad18-57c9eafb8ef0
1982,1982,Bertina,Salvadorlied,38997571-3c63-414e-803f-5a1bf98666dc
1982,1982,Bertina & Geert Key,Wacht op mij / Eenmaal in je leven,1240d2e5-36e2-4c43-9ea8-c57b55d8f42a
1982,1982,Beto '75 / Los Duendecitos,La Cumbia de los pitufos / Pitufina,79b3395f-c92a-4e1b-9116-278623bfbd00
1982,1982,Betsie,Speel voor mij die country-song / Waarom,5e80d46a-035d-4308-b01f-1ed1cb8ac5eb
1982,1982,Bettina and The Moodbrothers,Een boeketje rozen / Heel de wereld,50c15016-1655-42bb-bad1-21f472dd8f5f
1982,1982,Bianca,De winter is gekomen,80d565af-548c-498d-99e0-d3a1d591646a
1982,1982,Bianca,Half in Love,48684bae-981e-404e-8a35-fb44f1476085
1982,1982,Bianca,Ik wil jou steeds bellen,e778ab4a-7f63-4247-9df0-80de2482d772
1982,1982,Bianca,Why Can’t We Live Together,f24d28ab-9d9d-4858-a912-fe1b725975c4
1982,1982,Bibi Flash,Le lion est mort ce soir,310bac5f-2c14-4b33-aed7-4323af2d65dc
1982,1982-09,Big Country,Harvest Home,897de4e3-2a3d-468b-a594-fb1fcd44abef
1982,1982,Big Muff,The Hero / Spelling The Words,07b65950-7f3a-4cf8-83df-ddcaf6fa53a8
1982,1982,Bill Anderson,Laid Off,c44303e2-0600-40c6-a59e-c21c74f4a50d
1982,1982,Bill Anderson,Southern Fried,f6b66103-d096-4289-ae41-2d5529076d54
1982,1982,Bill Baxter,Petit avec des grandes oreilles,97e989da-cd39-3f4a-8b62-86e1c5112bba
1982,1982,Bill Campbell,Nearest to My Heart,e708714f-2997-4fe4-9fd2-9bc18dbb3f35
1982,1982,Bill Conti,Theme From Dynasty / Theme From Falcon Crest,ba000061-32af-4a24-87a6-40a295963b3c
1982,1982,Bill Nelson,Eros Arriving,01977ea1-83bb-41dc-a154-306e0ac5249b
1982,1982,Bill Nelson,Flaming Desire,7894dc22-44b6-45a4-b816-2fc441a43266
1982,1982,Bill Nelson,Flaming Desire / Hope for the Heartbeat,e93edb08-dbbd-44a1-8733-6e570ff8bdd9
1982,1982,Bill Nelson,Touch and Glow,b3254179-955a-4a48-88cb-a8189eeda1b9
1982,1982,Bill van Dijk,Jij en ik,05623fc0-0fe6-420e-9081-a54373a8332c
1982,1982-03,Bill Wyman,A New Fashion,0d592211-c3e9-4c94-b1ed-17edb0380887
1982,1982,Billie Jo Spears,Apologizing Roses / We Could,9a916042-fcd7-4a5b-9c23-20af9dec7e4d
1982,1982,Billy Griffin,Hold Me Tighter in the Rain,927a331c-95f9-487e-b093-48bd564ceb66
1982,1982,Billy Idol,Dancing With Myself,9e3f28c3-53d9-44ef-9e66-7a813e07206f
1982,1982,Billy Idol,Hot in the City,71352c5c-bf5f-4843-bf17-ca789d44336a
1982,1982,Billy Idol,White Wedding,1797f9e0-cf88-4627-85e8-99b93d37561b
1982,1982-11,Billy Joel,Allentown,d9d353bb-ce2b-45eb-88f1-c75bf6dd9880
1982,1982,Billy Joel,Goodnight Saigon,1744d33a-2b03-4e8e-a048-be2675ad05ff
1982,1982,Billy Joel,Pressure,432a69cf-eb81-4b11-a0bb-a21288701ab8
1982,1982,Bintangs,Bayou Woman / Handmade High-Heeled Flesh-Coloured Boots,8ce1f356-5ff6-4ff1-a4f2-1227b60827cf
1982,1982,Bintangs,It's All in My Room / Nightfighter,759696a1-7ec8-4fe9-a501-38e72617d9b1
1982,1982,Bintangs,"Rosemary Nymphet / Sorry, Jim",d83e8a44-8b9f-445e-9aa3-d944947b65d0
1982,1982,Biss,"1, 2, 3, 4, For Who?",3f3e8091-91df-485f-9ce6-e7a36494d318
1982,1982,Black,More than the sun (1re version),28f29bc0-b29a-41db-9710-838327202f15
1982,1982,Black Out,Blackout,e85b00d2-21de-4810-bf6a-7971ba9c9b2a
1982,1982,Black Rose,No Point Runnin',8867fc5e-4bef-42fa-b052-dc4ab84ddc46
1982,1982-01,Black Sabbath,Turn Up the Night,bccf6134-b6ee-4dae-9415-28b9fec42066
1982,1982,Black Sheep,Eldorado,df437eed-b9ce-4136-ba45-f3daae84ab18
1982,1982,Black Stalin,'82,7cf8ce57-ee6c-4278-9ba4-29eb575c7b7e
1982,1982,Black Uhuru,Darkness,7384278b-dcfe-40df-be91-b6d6f3cb78fe
1982,1982,Black Uhuru,Mondays,92ad8cbe-8afc-4742-b8fc-7223d680329d
1982,1982,Black Veil,Take Me As I Am,86824a2f-6a1f-45e6-8a8f-4d34f02c61f8
1982,1982,Blackmail,Statusjakt,734a9c90-93d4-43be-a3b2-81fd590f7cb6
1982,1982,Blackway,New Life / Follow Me,c97adfca-52d7-39ec-a54e-d8fd76ae98d3
1982,1982,Blanchard,Marylou,fc135fa7-a468-42db-bb44-a18c8c4841eb
1982,1982-07-31,Blancmange,Feel Me,2697ca02-4271-38a4-850f-cc4bccee07c4
1982,1982-04-17,Blancmange,God's Kitchen,ee2e9765-e1e4-369c-aaa8-2674413de7f4
1982,1982,Blancmange,I've Seen the Word,d66e6417-77dc-4adb-a66f-b0abda33c705
1982,1982-10-30,Blancmange,Living on the Ceiling,5c9c70d6-3ffd-35f7-8e80-60a187e3a6f6
1982,1982,Blaupause / Mythen in Tüten,Blaupause / Mythen in Tüten,80fc642a-6c54-4ba3-b2cb-4c2caa946051
1982,1982,Bles Bridges,Gee my die veld en die sonskyn / Onbekende weermagman,5fd73487-10d2-4fba-a120-023438b13e58
1982,1982-03-06,Blitz,Never Surrender,bc57ca3f-6888-39a9-ad85-6a12dfdceb02
1982,1982,Blitz,Propaganda / Moscow,5d73cf1e-a4d6-4968-8131-3a6243a89c00
1982,1982-08-28,Blitz,Warriørs,cd267c7a-2896-3042-9b05-73dc4f99074d
1982,1982,Bloem,Eiland,48fa4cff-a10b-4cc2-8ef8-3402ce204988
1982,1982,Bloem,Ik blijf,94184cc1-560d-4c51-96db-7359efbb86d9
1982,1982,Bloem,Ik wil alleen bij jou zijn,a3b246b9-0154-4ecf-81a1-571480feffd2
1982,1982,Bloem,"Omdat (Parce que, Because)",3d4c52e2-f7ae-452b-82ef-6d4a55b17847
1982,1982-04,Blondie,Island of Lost Souls,16616805-f999-4225-9461-164a65af513a
1982,1982-07,Blondie,War Child,2d50af91-7ab1-4774-91c6-15d4397b8b9e
1982,1982,Blow Monkeys,Live Today Love Tomorrow,7883b67b-d1e3-46f2-9a72-8624da8d9b1a
1982,1982,Blue,Don't Wanna Make You Cry / Moonlight,2c1b4fc6-8ae4-4363-a803-569a612e9a5b
1982,1982,Blue Denim Band,Let’s Make a Memory Bull,838b8c73-049b-484f-a6c4-16dab9a3ac06
1982,1982,Blue Feather,Let's Funk Tonight,252a7e8b-91a3-4192-9c87-8f5db2ce4d30
1982,1982,Blue Rondo à la Turk,Klactoveesedstein,9603edaa-7900-46fd-93e8-040998438706
1982,1982,Blue Zoo,Cry Boy Cry,b20980b6-850a-4de6-9452-b81520baf544
1982,1982,Bluf,Wij gaan op zangles,b8079d3e-f433-4741-bb81-206d45f0baa3
1982,1982,Bläck Fööss,Schötzefess,8869ec37-d35a-445d-9a8f-62c137bc46a2
1982,1982,Blümchen Blau,Heimatlos,133e43ab-b063-4a0b-a1d6-091a40118a5c
1982,1982,Blümchen Blau,Janis / Mädchen,ff53be6a-06bd-4e6f-bcaa-db4cbcba7c2f
1982,1982,Bo Boss,Tequila,2a655111-f793-40ba-82d9-d25bfedb6d58
1982,1982,Boatnicks,Polka pose / Gekke Henkie,f067b93c-83e9-4023-8f75-bab6573e2148
1982,1982,Bob Barbeque & Willy Would-Be Plus Agaath,Schwere Wörter,2337f063-aa6e-41d0-bcf3-db6ebd8d9174
1982,1982,Bob Barbeque / Willy Would-Be & Agaath,Bla bla bla,38c19861-8a7b-4a03-ba90-9411b010c223
1982,1982,Bob Barbeque / Willy Would-Be & Agaath,Bla Bla Bla,cc8e7563-b22a-40c8-80a1-75af4f6e37b1
1982,1982,Bob Marley & The Wailers,Trench Town,cb7b2ba9-3508-4412-bccb-58461b4bed27
1982,1982,Bob Morelli,De Blinde Man,b119b25d-4f52-4ecb-82a1-eee0553f5641
1982,1982,Bob Salton,Starknight,f9e9b622-b3e6-4078-8586-1bd162d8bbae
1982,1982,Bob Seger,Shame on the Moon,3405c250-cd16-4de6-87d6-65723b8fd257
1982,1982-11-30,Bob Seger & the Silver Bullet Band,Shame on the Moon,a22563c9-ca95-48a9-95ff-ccff3a4d978b
1982,1982,Bobbejaan Schoepen,Mijn schimmel / Wat 'n leuke meid,4820f00f-9133-4078-bd22-9725b1ce2dd8
1982,1982,Bobby Bare,(I’m Not) A Candle in the Wind / Cold Day in Hell,3917563d-bd53-4c86-9ae1-0f6013d6096d
1982,1982,Bobby Bare,If You Ain’t Got Nothin’ (You Ain’t Got Nothin’ to Lose) / Golden Memories,6d708f03-3884-4bd1-9e21-8bba97fe2066
1982,1982,Bobby Bare,Praise the Lord and Send Me the Money / I’ve Been Rained on Too,a39807ac-cb97-4565-afdd-4ecfdd81ce5d
1982,1982,Bobby O,I'm So Hot for You / Still Hott 4 U,d8b4c87b-86c9-4e9b-9077-b7aa5f8ef63f
1982,1982,Bobby O,She Has a Way,5746d029-0cd0-3f68-adce-68f0807e9225
1982,1982,Bobby Prins,Mockin' Bird Hill,c30cacb4-3789-4917-b7e7-36e771bbab66
1982,1982,Bobby Ranger,"Sings Elvis Evergreens / Baby, When You Smile...",296e86af-0c1b-48b5-8a43-22066d5b8ed5
1982,1982,Bobby Tench,Chain Gang,a5dcacc6-f6fe-42f4-8d10-991f7c2e932a
1982,1982,Bolland,Cambodia Moon / To the Battleground,78027105-c446-4981-ba1b-0758f11cd5e7
1982,1982,Bolland,Heaven Can Wait / Long Day’s Journey Into the Night,4f64959a-6ce8-4887-ab20-fd49d99bbaeb
1982,1982,Bon Bon,De doordeweekse blues / My boyfriend's back in town,82bd7192-7ee4-47e6-9435-df7ef850e10f
1982,1982,Bon Bon,My Boyfriend's Back in Town,b93d92a4-d199-4f65-81e5-a60ee56cad09
1982,1982,Bon Rock & Cotton Candy,Junior Wants to Play,957869d1-7e97-491b-8dbd-32868dbf94f9
1982,1982-06,Boney M.,The Carnival Is Over / Going Back West,34d5fa83-a0f1-4717-93b1-1271de5b0269
1982,1982-11,Boney M.,Zion’s Daughter / White Christmas,97867520-8648-42e6-af25-e750b629f0c0
1982,1982-03-18,Bonnie Forman,All Night,5597b7d2-02d4-4d99-81cc-8ac38ff913ee
1982,1982,Bonnie Raitt,Baby Come Back,d0134f06-996f-411c-8bbb-744464553bd2
1982,1982-02,Bonnie Raitt,Keep This Heart in Mind,18449264-3eaf-431e-b4a6-bfd853bd0e17
1982,1982-04,Bonnie Raitt,Me and the Boys,5f58be50-07db-4979-a79a-a0aa94c7f93e
1982,1982,Bonnie St. Claire,Vreemdeling / Pierement,b349658a-2dc8-4115-acb9-afcc2277f1fb
1982,1982,Boogie and The Exmo Stars,Le Cock Est Morte (De Haan Is Dood),8a61e760-8e72-4820-baed-d711044d6ef4
1982,1982,Boots for Dancing,Ooh Bop Sh'Bam / Money,42a25e8a-0964-415d-8e1a-5a65e72f0df7
1982,1982,Bootsy’s Rubber Band,Body Slam!,46e63691-86fd-4237-8268-d0d902a2e820
1982,1982,Boudewijn de Groot,Calypso / Vertrek,561a8ee9-0e7e-48cd-98af-e6497050f2a5
1982,1982,Bounty Hunter,Destiny Express/Blood Money,b4f8f4d4-2c88-4b4f-98ac-7011263a9051
1982,1982,Bow Wow Wow,"Baby, Oh No",dc89aa3c-00b1-464b-b909-fe9143f74c00
1982,1982,Bow Wow Wow,Go Wild in the Country,1561c67c-a254-4fd5-b302-38918af440cc
1982,1982,Bow Wow Wow,I Want Candy,5b54396f-a72f-4239-a47d-8c26d4d82c31
1982,1982,Bow Wow Wow,See Jungle! (Jungle Boy) (re-mixed version),e15e5b7a-1cc6-4933-b451-6afd5d7e0784
1982,1982,Boyfriends,Boyfriend,fcec6d8a-f5c2-4657-9c0e-994196c10be8
1982,1982-09,Boys,Don't Say No,17a70003-31bd-4dd9-985c-e2d0857643d6
1982,1982,Boys Town Gang,Can't Take My Eyes Off You,e5028643-244a-3e23-8641-49c4e911e752
1982,1982,Boys Town Gang,"Signed, Sealed, Delivered",48a4dade-ff92-4ed4-accf-93685895581a
1982,1982,Brabant Trio,Als mijn pappie zich scheert,e0216145-9b43-4b06-ae1c-9359bc9049ab
1982,1982,Bradford & Bell,Good Rockin' Woman,caa0c2e8-2dc1-42af-8d16-366d27d02cb8
1982,1982,Bradley Band,California / High on the Mountains,4d9b1361-bad3-4d2b-8ca2-4ab7cb08efd1
1982,1982,Braque,Youpi Yop,4a49b711-2701-4c32-a77e-8ed473161edd
1982,1982,Brass Construction,Can You See The Light,9e5f026e-16c1-4fef-9c67-257a57a4a78a
1982,1982,Brat,Steal Your Heart Away,d6d09d99-4227-41b1-97ee-7461cccb0edb
1982,1982,Breslau,Spinne / Kampfmaschine,f269343f-1db9-46d3-8063-1805c2caa6fb
1982,1982-10,Brian Brain,Funky Zoo,3830d930-4493-46fa-a95d-be6370f4e03c
1982,1982-12,Brigitte Bardot,Toutes les bêtes sont à aimer / La Chasse,b6a9a356-4427-4d00-a714-d5e6e449fc17
1982,1982,Brilliant,That's What Good Friends Are For...,3819bb24-4c33-438d-8251-05d8687847cf
1982,1982,Brooklyn Express,Burning Hot,a6f7ee97-a4f0-4a5e-a661-45c454fd95bd
1982,1982-08-13,Brotherhood of Man,Cry Baby Cry / I Don't Need It,9443289c-e7ac-45e9-a121-78ab8d4f32fd
1982,1982-05-21,Brotherhood of Man,Lightning Flash / Heartbreaker,549c4fdd-645e-4115-8113-02b4b766e459
1982,1982,Bruce Springsteen,Atlantic City,ad843f40-210e-4845-a0f1-042dd69da1b2
1982,1982,Bruce Springsteen,From the Film: Dead End Street,c9a890f6-2394-46fd-b89a-0336b997517c
1982,1982,Bruce Springsteen,Hungry Heart / Fade Away,b97e4764-8d99-4872-ac2a-b8a8acd6f0ae
1982,1982,Bruce Springsteen,Open All Night,95f400a7-1889-45c6-a8c8-f93d17ee8cb6
1982,1982-10-22,Bruce Springsteen & The E Street Band,Bye Bye Johnny / Follow That Dream,81a21357-477f-484b-8f9d-476ba3ae65e8
1982,1982-10-22,Bruce Springsteen & The E Street Band,Jole Blon / Trapped,2ee5ec19-5e9b-4cf9-8f70-0c6c047f641c
1982,1982,Bruce Springstone,Live at Bedrock,c31e3c20-d8fa-440a-877d-d7286ad70c44
1982,1982,Bruni Pagan,Follow Me,ff88c31f-4af7-4b4b-bce4-ba7b3e8e64f0
1982,1982,Brygada Kryzys,Centrala,a67597cc-45a7-3e53-93de-95ed4298445e
1982,1982,Bucks Fizz,Are You Ready / Now Those Days Are Gone,b5195aff-bb93-483d-98d6-485601af2feb
1982,1982,Bucks Fizz,Easy Love / Takin’ Me Higher,e7cd43c8-4931-4524-83de-d8a88475238d
1982,1982-03-12,Bucks Fizz,My Camera Never Lies,2c08701e-becd-426e-80b6-cc5f20da18c4
1982,1982,Bucks Fizz,Now Those Days Are Gone / Takin' Me Higher,2b899d5f-1777-4eca-8e1d-f2c92a24e617
1982,1982,Bud Bergsma,Sile kring / Naar de zon,14b3455d-bc6b-4386-93e9-8c16d435cdfc
1982,1982,Buddy Holly and The Crickets,That'll Be the Day,b1a08630-41e7-30ff-819a-3c06e700e34a
1982,1982,Bueno,Jap dadel dip dadel doe,a92e3853-092b-4183-8b5c-c4bf7538e936
1982,1982,Bumble & the Beez,My Life,4bde208c-c449-4ec4-94bb-d9a064188aa8
1982,1982,Bumble & the Beez,The Room Above,fc899ad9-a243-4c76-bb2d-c8be5cb106bc
1982,1982,Bunny Wailer,Collie Man / Trouble on the Road,cfe2dccc-3343-4d74-896e-6e532aecfc5c
1982,1982,Busy Bee,Making Cash Money,8e284f41-5fbd-35ce-87f9-73eb4aa01c9a
1982,1982,Byron Con,Chakanoori Tango,18be6f00-7589-4030-9970-90a88076538e
1982,1982,BZN,Blue Eyes,685d6aa1-846e-4c7e-ae84-1329e017dc26
1982,1982,BZN,Put On Your Make‐Up,ca10f106-a348-4196-a55f-eac489ffa544
1982,1982,BZN,Twilight,d1e2d8ee-f275-4524-9e5c-2b1ee2fc59ee
1982,1982,B‐Movie,Nowhere Girl,0771e9be-6487-3972-b8dc-01c4758a2069
1982,1982,C.V. De Beerbieters,Mestreechteneer,6c1ef6b2-c6f4-4a44-a2a9-30cd958d9c7f
1982,1982,C.V.Q. Band,What Ever You Do,1a6bb634-1ec2-4dab-a2df-74f25b480f55
1982,1982-07-22,Cabaret Voltaire,Gut Level,480641b1-3dc4-3661-b9ea-dad5d7d1c197
1982,1982-04,Cabaret Voltaire / Tecnoville,Over and Over / Input Out,40fae7f7-37df-452d-a429-3a453c5a01cb
1982,1982,Calendar Crowd,Perfect Hideaway,8362c9e3-0e2c-4041-9efc-932da233a118
1982,1982,Camara,El frío en mis manos,036563f8-9c00-453a-9d5a-f806b6bf4d89
1982,1982,Camaro's Gang,Ali Shuffle,7f35350f-8d11-48e0-b166-b4cf71a8e715
1982,1982,Canned Heat,On The Road Again,5077caaa-46e0-4ee2-9c00-730b03af67ff
1982,1982,Capricorn,I Need Love,d899384a-f00e-4d0f-a964-bee3c2ecee56
1982,1982,Capsones,De diligence / The Rag,814c2442-7f1f-493a-bfc6-ee95413c65e8
1982,1982,Captain Sensible,Happy Talk,14ad6809-9ef9-3d94-96f2-e594bf550f98
1982,1982,Captain Sensible,Wot!,1bb29119-f00e-3cb8-b8ff-e1c92e7907f5
1982,1982-02-10,Carl Bean,Jellyroll,6c629072-60c7-4337-be21-853fdc670cfc
1982,1982,Carl Carlton,Baby I Need Your Loving / Everyone Can Be a Star,cc0f6f5c-510d-3272-9ba6-de95d749510d
1982,1982,Carl Carlton,I Think It's Gonna Be Alright / Fighting in the Name of Love,80e36b34-6242-3a96-a2f5-216493e49e2a
1982,1982,Carl Carlton,Sexy Lady / Let Me Love You Till the Morning Comes,96f150bf-8260-3ee1-93d0-e18995e83672
1982,1982,Carl Carlton,Swing That Sexy Thang / Just One Kiss,c1e09714-76e0-3a14-a76a-a6653f9f4085
1982,1982,Carlos Bona,"Encontro / Lero, Lero",36d189a4-c838-4b0e-bd76-33a2fa8dc0b7
1982,1982,Carlos Paião,Marcha Do Pião-Das-Nicas,067b6d1b-de83-4b14-9529-a90ec11aba6e
1982,1982,Carlsberg,Demonstration Time (No Nukes),5a8cab91-3ae5-4555-a0fe-e99c4767ced0
1982,1982-05-24,Carly Simon,Why,f2027002-2657-4407-b6fb-f515619d96a9
1982,1982,Carmen,Show Me the Love,f2091590-aab7-4614-ac31-a88c67afe169
1982,1982,Carnival,Lady Di,339e81c9-3e2f-43c8-a168-7fb544992147
1982,1982,Carol Douglas,You're Not So Hot,763e8674-ece6-4d89-ba2d-e1980a570997
1982,1982-09-13,Carol Williams,Can't Get Away (From Your Love),23dc5737-5878-4d61-bbe4-80ce37c86947
1982,1982,Carole King,Little Prince,e7cd8325-8f91-4f70-9efd-6b9e469ddeda
1982,1982-03,Carole King,One to One,f4cd4866-d892-4d0e-8fd1-7ff0996c9d20
1982,1982-04,Carole King,Read Between the Lines / Life Without Love,ba46044d-b9da-4869-8135-9c69fec5b2f8
1982,1982,Caroline,Nummer tien (Willem Kieft),14084bf1-2a6a-46ee-990a-c1655d63c27a
1982,1982,Caroline,Propeller Flip,3557559a-afa4-4599-8246-751e77e32ae4
1982,1982,Carrie & John,Als alles nu voorbij is,ce2d56bd-997a-4c60-bae1-01d06c8f7558
1982,1982,Carte de séjour,Carte de séjour,5ab6964b-ef6d-4c21-baf9-c95fd5274e33
1982,1982,Cashmere,Do It Anyway You Wanna,e4414e4f-c679-434d-bc38-09f8eee2acb0
1982,1982,Casino,Some People,431cf477-f07e-48c8-ab1c-1cb32c503331
1982,1982,Casta,Le fou rire,be33ec31-afa6-48b6-97c4-cc409ac86d47
1982,1982,Castellina Pasi,Lupin: Sigla della serie TV «Lupin III»,b0ff5144-f2c7-4fac-8ade-1a840d124237
1982,1982,Cat Wax Axe Co.,Waxwalk,9381b106-ac7b-442b-b9a0-cbf7f04aeefb
1982,1982,Cat's Combo,Skinnie Minnie Baby,a22c59b3-2236-471f-acf0-029bdaee1d5c
1982,1982,Catherine Ferry,"Bonjour, bonjour",258e518c-de58-4a36-bf9e-2133b2a8ea21
1982,1982,Catherine Ribeiro,"Amour, petite flamme",30de377d-466d-456a-a283-d1064b7318c0
1982,1982,Catherine Ribeiro,Guet-apens / Sans amarres,3ace9ac6-c3b2-4550-ac27-cb066ee167a9
1982,1982,Cathy Foy,Stay the Night / Never Say Never,d6e78b03-e9dd-4f2a-8fea-0f5814a04636
1982,1982,CaVa CaVa,Where’s Romeo?,8372f207-21fe-4572-ad34-d4c9519b7565
1982,1982,Caviar,Never Stop Loving You,258e87c8-1e38-4650-ad0a-f9ea4e30d421
1982,1982,Cees Draayer,Soms droom ik van ’n wit kerstfeest,d9be258b-9837-4288-ac06-b5784a6ac2ea
1982,1982,Central Line,You've Said Enough,5de33f1b-e27e-4726-99b9-972ea3be9afe
1982,1982,Century,Jack Daniel’s,acef464d-8f34-446b-b6ce-b3d00a52bf4b
1982,1982,Chagrin d’amour,Bonjour (V’là les nouvelles),37606a9f-7632-499a-aaa3-7f566f7f079e
1982,1982,Chaka Khan,Best in the West,7774770d-3f06-4b55-a8f5-66e64398348a
1982,1982,Chaka Khan,Got to Be There,4ff99795-5360-4e0b-b434-00efe353b160
1982,1982,Chaka Khan,Tearin’ It Up,a207a876-5df4-4878-9ff5-a92a83697a5f
1982,1982,Chantal Goya,Bouba,fcdd6ca8-ad6e-4274-8785-0d0ad549052e
1982,1982,Chaos De Luxe,Sie ist 16 Jahr',39afdcab-0a54-4c5e-b4c7-e79730c9401d
1982,1982,Chapter Three / Grand Groove Bunch,Smurf Trek / Smurf Groove,99617725-4dbd-493c-89a8-1cf9ddbbce3f
1982,1982,Charades,Gimme the Funk,9360f83d-fecb-3ddd-92a7-b83f3d476024
1982,1982-05,Charge,Fashion,eb0d313e-2d36-4b2f-a4be-1e947b55a174
1982,1982,Charged G.B.H.,Give Me Fire,8efa0ec3-6f1d-4066-b140-7f2c631cc158
1982,1982,Charged G.B.H.,No Survivors,ec6a575a-bdaa-3ead-afde-0ee68c8a2252
1982,1982,Charged G.B.H.,Sick Boy,3bd692b2-3866-4a73-99f4-80e9b511daef
1982,1982,Charles Aznavour,Une première danse / Comme nous,3df2d2b2-e1f4-4254-8dd5-ed6900c59f4c
1982,1982,Charles Aznavour & Les Compagnons de la Chanson,La Légende de Stenka Razine,2d40c377-2a34-440f-9a10-fac8ed418d3d
1982,1982,Charles Dumont,Les Chansons d'amour,b1df647a-3e4b-44e9-9c77-06f82d00bd4f
1982,1982,Charlie Calello Orchestra,"Sing, Sing, Sing",8fa59df3-85e3-45c8-8a17-1aa6dd6ce389
1982,1982-03,Charlie Hillson,Då kommer min ängel,b2db92c6-9386-4726-9180-0223e60a0ced
1982,1982,Charly Kriechbaum,Buttabrotpapier,43293b92-5b79-4cc7-bdd9-4055a379d4fc
1982,1982,Charly Kriechbaum,"Es is leiwand, wenn i dei Hand...",ab34395e-c83f-4a6b-bb0f-c99b583b3069
1982,1982,Charly Kriechbaum,Freiheit is…,ffc1c5af-bdd7-4cd4-9f1c-2403e1e15677
1982,1982-08,Charly Kriechbaum,Sie hat Beine bis ganz aufe,58e2223c-9403-4d0b-a590-b1d043c26aea
1982,1982,Charme,Georgy Porgy,8e4f124e-da3d-428c-af0b-0c6aaf055c57
1982,1982,Chas & Dave,Ain't No Pleasing You,7f3d3b73-df13-432e-b8d0-0014deddecce
1982,1982,Chateaux,Young Blood,e0ae7c66-fa9b-315b-b46c-fabfc1c33f6f
1982,1982,Cheap Trick,I Want You,296b6b6f-b416-4b70-8839-34d4b934a0b8
1982,1982,Cheap Trick,If You Want My Love,03e8219e-bccb-4f70-aa72-49266178fe73
1982,1982,Cheap Trick,If You Want My Love / She's Tight,28404aad-abec-40e8-99a6-014937a8fde3
1982,1982,Cheap Trick,Saturday at Midnight,9b31cf84-2f5a-4136-a550-b00da036102e
1982,1982,Cheap Trick,Saturday at Midnight,bd837aeb-dfbf-4305-b3df-064f0e1d0ad8
1982,1982,Cheap Trick,She’s Tight,88f3ffa7-b1c3-4cd3-8230-be76d8f071cc
1982,1982,Cheap Trick / Aldo Nova / Saxon,July 1982 Southwest Tour,7e2cb2a3-41df-476a-893e-04a6bf390ac4
1982,1982,Cheetah,Spend the Night,dd149a43-b537-47de-8f21-37556a518a5f
1982,1982,Chelli & Chelli / Riccardo Zara,Angie / L'Uomo Tigre,c5e29729-525f-4312-babb-fa0b869b03b2
1982,1982,Chelsea,Stand Out,72e670e1-9c0a-45f2-a726-f8d8f1eb3a0d
1982,1982,Chelsea,War Across the Nation,2850ab25-b38e-3dfc-824f-ec42bed2e66d
1982,1982,Chemise,She Can’t Love You,dc02f3a5-a2d3-4f64-a907-118f78af02da
1982,1982-05-06,Cher,Rudy,27b9291b-f087-41f6-a240-4a44b6cc106e
1982,1982,Cheri,Give It To Me Baby,c886ebe7-6db7-4125-91a8-f2e247951de8
1982,1982,Cheri,Murphy’s Law / Anything Is Possible,cece666c-ef18-4b1b-b81a-520705b0e50f
1982,1982,Cheryl Lynn with Luther Vandross,If This World Were Mine,7c2159c4-58a4-4537-9d70-d98ba7e8c046
1982,1982,Cheyenne,Ev'ry Time I See You,2454fdee-5cab-331a-a89a-93ddc0f0c0ab
1982,1982,Chic,Soup for One,fd717b2a-281d-38b3-b09e-4d6ebbde2bde
1982,1982-07,Chicago,Hard to Say I'm Sorry,fb0bcac1-b0a1-40cc-913b-e2d0b6cae853
1982,1982,Chicho Sánchez Ferlosio & Rosa Jiménez,Coplas retrógradas,2abc40fc-fab0-49d1-888f-493c2c9a5491
1982,1982,Chicken Charley,Lola’s saloon‐dance (Square‐Dance),3d125246-85f1-41c2-b0a0-e3ec6ca526d7
1982,1982,Chilly,"Oh, I Love You",bac17ba0-b159-4a84-ae61-6d1f4ba8e34d
1982,1982,Chilly,Secret Lies,a9cf27f5-1cb2-4518-a75a-1bc331e7629d
1982,1982,China Crisis,Christian,3274ff8b-2311-40ca-9b7a-6ba606c6b106
1982,1982,China Crisis,"No More Blue Horizons (Fool, Fool, Fool)",f619c381-8d07-4105-a983-2a77ca4f5220
1982,1982-05,China Crisis,Scream Down at Me,44369ef9-6809-4295-915b-1393114aecc8
1982,1982,Chips,Dag efter dag,cf88aa82-363c-4f33-9b44-0d3faa8220b8
1982,1982,Cho-Ko,Bought Myself a Red Ball / Tried & Cried,4e75dfd3-d80e-4788-9605-435909d89c50
1982,1982,Chocolate Milk,Who’s Getting It Now,42c52f6f-b5e5-48f4-a9e7-26a8b1106a5c
1982,1982,Chris & Cosey,October (Love Song),66517ac2-da0f-3e96-aef8-95138b10a22d
1982,1982-06,Chris and Cosey / Minimal Compact,Night Shift / The Wandering Song,303d19ee-8b16-4b22-8fd5-9092c65ff158
1982,1982,Chris Andrews,Pretty Belinda / Carol O.K.,b125968a-b954-4274-aa98-9a80c323d7a3
1982,1982,Chris Andrews,Yesterday Man / To Whom It Concerns,5444ef17-606e-4550-9cf1-8b7bbcec80e9
1982,1982,Chris Braun Band,Chic & elegant,4e462487-4ce7-4385-b20b-fd3b0a094f89
1982,1982,Chris Britton,One Nine for a Lady Breaker,fdd8ec5b-eeca-4b2e-80b0-c40f4ed66822
1982,1982,Chris de Burgh,Don’t Pay the Ferryman,dfae3cde-150a-43d6-bcf6-c6410e3d6f27
1982,1982,Chris Norman,Hey Baby,b05dabd4-56b1-493b-b0e8-7329ea18cbad
1982,1982,Chris Rea,Loving You,54c3263a-ba5b-4e04-93ff-05bddcf1c597
1982,1982-08,Chris Roberts,Mensch Mausi,5c5c3ec0-9f79-4691-a718-581d0d278540
1982,1982,Chris' Debuut,De toepet,08cf0e04-a35f-4a84-9c24-0f74945736bd
1982,1982,Christian Anders,Jenny komm heim,dfecd7d8-990f-4dd3-bee8-f7257bb18d35
1982,1982,Christian Anders,Wie leb' ich ohne dich,1c5a5694-95d6-4e3a-8036-311387d689b1
1982,1982,Christian Anders,Zusammen sind wir stark,7a0ce5af-f8cc-4656-b852-75c492c712d5
1982,1982,Christophe,Les Marionnettes / Oh mon amour !,dac0fc09-ff49-4262-b921-b1b6f6da410b
1982,1982,Chrome,Anorexic Sacrifice,0f59a152-4bbb-4f20-9e70-acffc1f18fb0
1982,1982,Chrome,Firebomb,7e6df346-df50-48b5-8339-49c1d068104c
1982,1982,Chrome Dinette,Robot Love / Can't Live Without You,1fced2b6-3ed0-4f2c-9ad5-5d6b058ddd9c
1982,1982,Chron Gen,Jet Boy Jet Girl,27d22865-0c86-488e-88db-1928675090e7
1982,1982,Chron Gen,Outlaw,7007d17b-37ab-4840-803d-74047e5a17a6
1982,1982,Chuzpe,Der Meister und Margerita,dcefba7c-6d42-4144-9c26-992fd8fb3728
1982,1982,Chuzpe,Vogue Girls,6651d806-36be-4ebe-90ff-7b1439fd8c9c
1982,1982,Chuzpe,Zu klug für diese Welt,0e6e30cd-6e5e-42cd-abc0-4f87bf42919a
1982,1982,Cindy,Young and in love,a3fe8916-054f-4e46-a1f9-864680406259
1982,1982,Cindy & Bert,Nach all den Jahren,87795e3c-55c5-40e8-aa8e-68aa7b0734cb
1982,1982,Cindy & The Saffrons,"Past, Present and Future",1343168e-fe5e-4284-aee0-f55301d9ebfe
1982,1982,Cindy Nelson,Move Me,14327d7e-e123-429a-9a80-8a697f5f2730
1982,1982,Ciska Peters,Sweetheart-mydarling-mijn schat / El amor el ingrediente lo mas importante de la vida,2288ead8-9d14-48d0-a927-f677883e1055
1982,1982,City,Kontra / Nur Rock'n'Roll,142247a3-ee95-4a44-bd92-323846b09da4
1982,1982,City News,Lookin Good,476c6619-044c-42b8-93e0-ac444c31b44b
1982,1982,Clannad,Theme From Harry’s Game,01d989d9-fe76-427f-921f-fc926c9a9336
1982,1982,Clarence Carter,I’m So Tired / Let’s Burn,a469fa22-cfbf-3721-ac61-11e17f1240e1
1982,1982,Clarence Carter,Love Me With a Feeling / Girl From Soweto,b8a3f34b-7a46-3b47-8c19-5cc5c3c2fe19
1982,1982,Classix Nouveaux,Because You're Young,23b61701-7e74-4095-9fda-5e2fec6ed419
1982,1982,Classix Nouveaux,Is It A Dream,86b9b524-7d31-4720-8ffa-b3d0416db0cf
1982,1982,Claude,Nüt …,9b2e8d58-8791-447f-85b9-2ade1ed92467
1982,1982-06,Claude Nougaro,Cadencé,43278377-e1c9-455a-83cf-2b863965a07f
1982,1982,Claudia Mori,Non succederà più / Un filo di pazzia,0f5db5aa-5a74-4c13-a3a2-eb796599f0f0
1982,1982,Claudia Mori / Diego Abatantuono,Non succederà più / Eccezzziunale… veramente,2b5aecc9-e72f-4336-9064-595914e6904d
1982,1982-06-09,Claudio Baglioni,Avrai,819108eb-939b-454b-936a-25ef033b759d
1982,1982,Claudio Cecchetto e la «Crazy Gang»,Fotostop,f2204b07-60a5-4cb2-bb1e-2d6aebe042c1
1982,1982,Claudja Barry,I Will Follow Him / Work Me Over,e5c6ee3b-b1d8-4144-ba3d-b8567c31b94e
1982,1982,Claudja Barry,Work Me Over,8f261056-b5c3-4e78-8f6d-d716babcc43e
1982,1982,Clausel,Let Me Love You,22cdaeb3-57ed-3b09-a76c-5b9c31e49fd4
1982,1982,Click Click,Run Me Down,9aba9ff7-e0cd-38a3-8121-4c342bdedf23
1982,1982,Cliff Richard,"Little Town / Love and a Helping Hand / You, Me and Jesus",a3bf7a1c-49d0-4778-8ca0-123215b06222
1982,1982,Clinch,"Hallo Vater / Nachts, wenn der Schienenpfleger kommt",93f785f6-c0d3-4501-994d-a70159d88e15
1982,1982,Clock DVA,High Holy Disco Mass,2c011a5b-6a7f-4619-a5df-c9709256d53a
1982,1982,Clocks,She Looks a Lot Like You,3b9f5896-3129-485c-9728-040f12aaeed5
1982,1982,Clox,Looking The Part,26b0fe93-2bf3-4e7d-8fd2-8af6d71b4660
1982,1982,Club de Rome,Subway,916c5dc4-5260-4ef0-bdc5-f4bf60543eb2
1982,1982,Co Cactus,Mijn Amsterdam / Zeg Het Met Bloemen,5d84b1d9-9027-41de-81d6-07830f2f1738
1982,1982,Co Cactus,Waarom lach je nooit meer,43623502-7d40-443d-a0d5-fb75c155e503
1982,1982,Cock Sparrer,England Belongs to Me,36439128-ef93-4df4-ba48-11520dcfb9f2
1982,1982,Coco Club,Als Ik Swingen Ga,d0a34279-9816-4e04-bcee-0c7a778cb19d
1982,1982,Code of Honor,What Are We Gonna Do?,f02cb1c6-d527-3b15-92d6-ec2ac4326156
1982,1982,Cold Crush Brothers,Weekend,aa10a42b-9eb4-3633-91a4-6c586cacec37
1982,1982,Colin Blunstone,Tracks of My Tears,3f62cd76-3fee-4e00-9bcd-3713cd29cb1e
1982,1982-05,Colin Newman,We Means We Starts / Not To,a93e83e9-0d43-421a-bb6c-11acc026bee1
1982,1982,Collage,Ed io canto per te,e823b212-daf5-40c9-a722-805d73848282
1982,1982-11,Colour Box,Breakdown,38e59844-961d-44e3-96af-e5f331623607
1982,1982,Columbus Circle,If You Read My Mind,d976eadb-8c32-4f07-be5b-a3907845849e
1982,1982,Combo Audio,Romanticide,0670d3d0-605b-4980-95a5-c97e48615c6d
1982,1982,Combo Colossale,Puppen weinen nicht,f5678376-47bf-4fee-a17c-fb0e4c2e381a
1982,1982,Comix,Touche pas mon sexe,89bcb4c6-558a-48fd-9708-bdcd83477f51
1982,1982,Commando M Pigg,Under min hud,25c315b1-d2af-4f1a-8a65-fe9c45816539
1982,1982,Commodores,Painted Picture / Reach High,73176329-068c-4c81-a6e1-d636e8ceac66
1982,1982,Connie Case,Get Down,cebbcee7-7387-4a9d-bc4d-126e261cbdc9
1982,1982,Conny & Jean,Felicita,79306425-3f35-305c-aca2-ddea3687f0f8
1982,1982,Conny Vandenbos,Ga nou maar / Allener dan alleen,79161bce-6961-4798-a135-2a8f38cc8cb5
1982,1982,Conny Vandenbos,Vrij als een vogel / Even samen,b23542cf-aa87-46d3-9e3e-1beab93b965a
1982,1982,Conny Vink,Hé wat doe je midden in de nacht in dit café / De zomerzon,b1e04fb0-0db3-42ad-9055-ec6605794a1f
1982,1982,Conny Vink,Wie ben jij / Toen kwam jij,7e3f0c44-a1dc-4ec5-a382-db23ee99c486
1982,1982,Conny Vink en De Smurfen,Smurfen televisie lied,381b5f48-53ea-49bc-bd72-f4ecd64ca5ba
1982,1982,Conroy Brown,Find Some Place to Go,69345896-6073-4e58-9fdc-fc59b8b58abf
1982,1982,Contact,Big Fun,f03c0c43-28fd-48e1-9769-ecd44870a86e
1982,1982,Container,What Can I Say,ea48c56e-90d7-4cfa-a0de-24e1f887db90
1982,1982,Conway & Temple,Love Lights (You Can Lay Your Head On My Shoulder),79289c10-cab8-4cb0-9166-1e816ec07887
1982,1982,Cook Da Books,Your Eyes / Rockin' At The Hop,98ad5cd6-e7a6-4f74-bf84-713d6b5f3cac
1982,1982,Corect Spelling,Love Me Today,a26b662a-bda1-419c-a05d-f46dd665ad63
1982,1982,Cornelio Reyna,Bodas de plata / Vengan más copas,045554eb-626e-4274-ace9-c1a27c901bd0
1982,1982,Corona,Volerai Volero,897b755f-3d07-4fe7-be44-b6c6cc99ce9f
1982,1982,Corrie van Gorp,Kokosnoten-Coco,e28195b5-89fe-3ac1-925a-e0e236f3ba70
1982,1982,Corry,Adios amor / Iedere zondagmorgen,32367797-71b7-486c-b4fe-0b5481eea1a5
1982,1982,Corry,De zon die gaat weer schijnen / Geef mij de laatste kus,9d92e194-ec4e-4704-9382-523c6e90e241
1982,1982,Corry,Het is allemaal gelogen / De zaterdagavond,52e680a1-78ce-43a8-92ab-0f7f08ae1ce9
1982,1982-11-29,Costa Cordalis,Dich berühren,92a7f2a5-997c-4ae7-8d49-874f3ab7a634
1982,1982-06-17,Costa Cordalis,Feuer verglüht mit der Zeit,a8c60dd6-08d4-4b34-a8f4-5929507092ec
1982,1982,Count Coolout,Touch the Rock (Rhythm Rap Rock Revival),3b78c509-8dd9-3b17-bfd1-eabe876a04c8
1982,1982,Cowboy Jan,De deurwaarder / Staphorst,4b1af554-5c3a-44a2-a13b-e252257feb05
1982,1982,Cowboy Jan,Ik ben een cowboy / In de saloon,617aae22-c000-40b4-bc07-95f4e23a8253
1982,1982,Craig Hundley,Mindscape,6235f9c1-70e1-4a86-942e-5dcf9c8b7980
1982,1982,Crash Crew,Breaking Bells (Take Me to the Mardi Gras),2c090564-17d9-40b0-9ff8-67a7fc9798f5
1982,1982,Crass,Sheep Farming in the Falklands,a47386eb-4d81-3166-bf0c-275e5370fad4
1982,1982,Crazy Daisy & The Vienna Stressmen,Itsy Bitsy Teenie Weenie... / Wien,ea0cc665-f1ab-4d74-8208-1fbca6db49eb
1982,1982,Crazy Daisy & The Vienna Stressmen,Stadt die du bist / E = mc² (Energiehysterie),bf609669-8436-4be5-a44c-159a4218168b
1982,1982,Crazy House,The First Time,039fab4b-5cba-4e5c-a98e-b735f27f9cb3
1982,1982,Creation Rebel,Love I Can Feel,ba35c906-2d94-4e2c-a85f-94753c0fb279
1982,1982,Creme Sheree,It's Your Kind of Loving,bebf3d94-0cf3-4afe-9b1e-7b3d89b8e9dd
1982,1982,Criaki,Je m'en vais,0e0b6a49-68d2-4db9-9808-de419657a82f
1982,1982,Crocodile Harris,Give Me The Good News,171ef537-e8cf-4bc8-90db-c7f5ff3b9ae7
1982,1982-09-18,"Crosby, Stills & Nash",Southern Cross,3adfd86d-ce84-4600-b1a9-248f726ba6e5
1982,1982,Crosstalk A/V,The Queue,3c417bbf-0f41-44e5-b523-dcbc667596b4
1982,1982,Crosstown Traffic,Tonight's the Night / She's So Special,13dc8de6-a761-4d26-9e93-ee91893b8ada
1982,1982,Cruella de Ville,Drunken Uncle John / Those Two Dreadful Children,a40a4732-a94e-4ef0-9e19-7313ece2fce7
1982,1982,Cruella De Ville,I'll Do The Talking,dbc7c1ef-529f-470d-a271-a7d4b8229e0f
1982,1982,Cry of the Innocent,The Haunting,f0c31b8f-b600-4940-9074-d741ba783236
1982,1982,Cult Maniax,American Dream,649311a3-8453-4445-a4e2-2c729fef1c09
1982,1982,Cult Maniax,Blitz,2e907d23-f44f-449a-8e50-4e218e1970ee
1982,1982-09-06,Culture Club,Do You Really Want to Hurt Me,3be21344-a604-3d81-b640-6cc542450093
1982,1982,Culture Club,I'll Tumble 4 Ya,731e9d7e-0a8e-3bd9-9421-fb6f6deba113
1982,1982-06,Culture Club,I'm Afraid of Me,8de73158-5289-3d33-89bd-caa698c4f0e6
1982,1982,Culture Club,Time (Clock of the Heart),3f892e30-2c93-3193-87e6-d2c10782ddc4
1982,1982-04,Culture Club,White Boy,e9a65c67-fb10-3d57-adbf-0947d5f6114f
1982,1982,Culture Club = カルチャー・クラブ,Mystery Boy (ミステリー・ボーイ),ff12b56c-de94-4ee3-8be1-a597abfbcec3
1982,1982,Cyrille,Rémi (On M'appelle Sans Famille),51706232-ae05-4866-93b2-c574e02d323d
1982,1982,Céline Dion,D'amour ou d'amitié,0692efe2-eedb-46e8-b4c2-7740aac7c785
1982,1982,C‐Bank,One More Shot,0c436f7f-9243-4d25-8ee9-a6dad15876af
1982,1982-06,Daddy Cool,Eagle Rock,7247bb7d-ea50-3325-912a-1aa9fd165f54
1982,1982,Dafydd Iwan ac Ar Log,Cerddwn Ymlaen,677fe578-e731-49b6-95bc-ddaa09092a9d
1982,1982,Dag Erik Pedersen,"Gatelangs / Han er verdensmester i trailersko, han har tanta si på vei til by'n",37f15152-fe03-467a-8b67-84e4cd88ada7
1982,1982-03,Daily Terror,Klartext,3c8202e2-623c-4f66-8d28-95fbf7c9b976
1982,1982,Dalek I Love You,Holiday in Disneyland,90c8b84f-49a8-303c-a3ef-3394a09d036f
1982,1982,Dalida,Confidences sur la fréquence,453b69af-b78f-4458-9d24-7af6aaa83d11
1982,1982,Dalida,Danza,3cf2bf9e-79bc-4873-8cb8-56396d54c82a
1982,1982,Dalida,La Chanson du Mundial,e92bfc2a-390d-4058-a9a7-f5c9283b8adc
1982,1982,Dalida,Si... la France / Jouez Bouzouki,373f2c85-be80-4a58-b0f1-01b5be489f94
1982,1982,Damien,Petit Copain De La Nuit,839d85da-b30c-4deb-af9f-272d67e04b69
1982,1982,Dan Fogelberg,Make Love Stay,efff1ba6-b546-46c8-a7be-fcbc432f00e4
1982,1982,Dan Fogelberg,Missing You,1e50222e-9508-3947-aad4-ca33d403aa7c
1982,1982,Dan Hill,It's A Long Road,88bafe18-8ea7-40b8-9a5c-dca2c2dafe82
1982,1982,Dan Hylander & Raj Montana Band,I Minnen,264f65ea-382a-4b1a-bd24-b93cb8f52199
1982,1982-05,Dandy Livingstone / Mint Machine,Sometimes When We Touch / Tuff Tuff System,b081367e-13aa-47ba-bff8-48d4c90543b4
1982,1982,Dangerous Birds,Alpha Romeo / Smile on Your Face,bc88bf8c-b2ba-490a-8a86-5e2b7579fb47
1982,1982,Daniel Balavoine,Soulève‐moi,ccf1c1e0-c7a8-43e2-bc52-870cac52ceaa
1982,1982,Daniel Balavoine,Vendeurs de larmes,060cb722-df81-4564-97b0-99c3aa238700
1982,1982,Daniel Balavoine,Vivre ou survivre,4e71ec3c-3b4b-4e5a-bcd0-ca69e395c2fe
1982,1982,Daniel Balavoine & Frida,Belle,ee0787df-ea21-478b-8cc2-b23d85862243
1982,1982,Danielle,Sam,0e4563db-3439-47e9-a4a4-6444671a5609
1982,1982,Danielle Messia,De la main gauche,6a5cbf03-ef99-47b4-a08d-d728504c52bb
1982,1982,Dario Farina / Spargo,Sei la sola che amo / Hip Hap Hop,77b3b1fc-9393-422a-b284-4d825c40b585
1982,1982,Darkness & Jive,Hooked on You,260ef25b-f25a-47e0-a6b8-693dd87dfd4d
1982,1982-03,Daryl Hall & John Oates,Did It in a Minute,1fb9929a-670f-4952-8ed4-dc8a2634c5d1
1982,1982-12,Daryl Hall + John Oates,One on One,61f93ea7-abe0-492e-9d20-7bb7c9fb7bea
1982,1982,Das Fluidum Sound Orchester,Krimistunde,1a6ae3fb-fca1-4228-a58a-b3ffaa53b899
1982,1982,Date-X,Brinnande liv,de947897-a8b7-432a-a8ca-939af01d40d8
1982,1982,Dave Daffodil,Jugglin' Jack / Rock a Bit,b58a228e-316b-4555-9b7c-d5c8c26e3162
1982,1982,Dave Daffodil & His Honey Sax,Samba-Gamba / Shipman-Shuffle,075a3ede-738f-47bb-a8e4-ddb651fffa24
1982,1982,Dave Lindholm,Pieni & hento ote,cd0697c6-4566-4338-9aaa-da3f98c9029b
1982,1982,Dave Phillips & The Hot Rod Gang,Tainted Love,10a52fb7-23a6-4a31-84fd-67a55313eb1f
1982,1982,David Bowie,Cat People (Putting Out Fire),6ce475e5-70a5-4ece-89be-ef3b14c64f3e
1982,1982,David Essex,Me and My Girl (Night‐Clubbing) / Sleeping With the Director,2f2030c3-92de-3282-a011-a71954039150
1982,1982,David Lee,Call My Name,60dd4d88-1bbe-4472-a244-c78b29a826b6
1982,1982,David Lindley,Brother John,67811229-13c1-44fd-90de-815ebd926703
1982,1982-07-09,David Mc Pherson,You Can't Stop!,01d3178a-c4fa-4bfd-83bb-d02df7f4e029
1982,1982,David McNeil,Prière de laisser mon cœur dans l’état ou vous l’avez trouvé en y entrant,1371ea84-8ab3-44f3-990b-8abdd3843190
1982,1982,David Pomeranz / Devinstated,Got to Believe in Magic / This Power of Ours,e0db7d67-4ae0-4df4-8761-a3ab5cbd9b6d
1982,1982-03-27,Davy Jones,"Sixteen Baby, You'll Soon Be Sixteen / Baby, Holdout",bd31e4ce-8872-44c6-b310-aaf6c92d7f1a
1982,1982-02,Dazz Band,Let It Whip / Everyday Love,3a16854e-4c6f-450d-b857-f75d84193515
1982,1982,De 2 Pinten,Zeg hèdde gij / Als ge gère kust,11f2d955-c474-4309-b83a-fe9a47e6574a
1982,1982,De Aal,Graag van harte goedemorgen / Mu sokken zijn gestolen,b6e4a479-d9d5-41c3-86ff-956b4d5b82dd
1982,1982,De Alpenzusjes,Blijf bij mij tot morgenvroeg / In Athene,ba2cc557-0b66-44dd-865f-7421fa0ff63b
1982,1982,De Alpenzusjes,Olé olé in Tirol / Wij zijn De Alpenzusjes,3d727059-c01d-493a-bda8-ef091402a488
1982,1982,De Apollo’s,De kusjes-rock / Apollo's Square Dance,ae2b0fc7-5e60-4e03-aedb-7d20020265a0
1982,1982,De Arizona’s,Eiland in de zon,59697450-e2e6-418d-a5a8-60ec86cc02bf
1982,1982,De Atlantico’s,Marian / Want jij alleen kan mij gelukkig maken,0e13c715-4d80-4ff7-a56a-c0b53ca03305
1982,1982,De Avonturiers,In de haven van Stavoren / De Weasterweg van Makkum,40486e0e-9dd8-45db-9d61-61ef92994b60
1982,1982,De Ballekus - De Klompkes,Bekijk ut ma’r balleke pils / Bekijk ut ma’r,42c94f5b-66aa-43fe-81f4-81bc1cd41f3f
1982,1982,De Bambino’s,Er staat 'n regenboog,1b6ca195-b4af-41e0-bac6-1709f9ddcb7d
1982,1982,De Beja’s,Het duiveltje / Witte vleugels,9fe743c1-bf98-43db-80d0-999b60213358
1982,1982,De Benjamins,Droomwals / Duizenden sterren,1720114c-ffae-438d-b7c3-ce8fc08f1a0a
1982,1982,De Benjamins,Monica Polka / Happy Guitar,7305cc29-b668-4355-8d99-226ab3b14085
1982,1982,De Beridi’s,De pinguindans / Oh oh Rosy,d9108865-163e-48be-bdc1-eea90379da3e
1982,1982,De Carsellis,Accordeon potpourri nr. 1,9241f425-9bce-484e-bd55-c40793149c80
1982,1982,De Dijk,Bloedend hart / Geldgebrek & rock & roll,76e0c953-f0ca-3a67-a9dd-762387f596f4
1982,1982,De Dijk,De stilte voor de storm / Koud en eenzaam,c943f963-0d0b-4942-b531-9ee3645ea35a
1982,1982,De Discozusjes,"Draai ’n plaat, lieve zendpiraat / Van harte beterschap",1bcfec50-85ab-4867-9347-d12e0ceb2032
1982,1982,De Electronica’s,De vogeltjesdans / De poesjesdans,9eddc48c-6bee-41cc-96fe-8c4fc9b04631
1982,1982,De Gantwerprappers,Zwarte kousen,274c96b1-5dff-4bab-859e-7c4ef6b2ff3e
1982,1982,"De Gema’s, Red Rockets",Hier is de stille genieter / Sha la la,013dc341-2904-4a90-b21c-ac446013ea07
1982,1982,De Germa’s,Wij zijn de dames van de frituur,edd540a0-4ab0-4c7a-b0db-0d165da63210
1982,1982,De Groningse Zusjes,De dochter van de boswachter,7cf069dc-6846-4063-9749-d2df9d098643
1982,1982,De Havenzangers,Het vissersmeisje,882ef5bb-179f-4b84-83a1-fb6120f7a668
1982,1982,De Johry’s,Als ik dansen ga met jou,0f05ee4d-063d-4aa9-a829-d899cb2566c1
1982,1982,De Keilers,De goudgele rakker,353886f8-daa0-49e7-8d7b-bb3500dc8fb8
1982,1982,De Keilers,Het zeemanskerstlied,26b8291f-8002-4a6a-b7c1-9f93125dfc81
1982,1982,De Kleine Piraat,Bella Renata / Een hart vol liefde,0921454a-f1ca-4931-9b34-1d3a404ecf2f
1982,1982,De Kleintjes Pils Band,De Santa Maria / Country Joe,a25b0e70-a2db-43b1-9179-072629f0bde3
1982,1982,"De Krisisbrekers, Ko en De Zakken",De optimisten-dans,7404d6aa-7551-4b9a-8710-4345ff0e4d1b
1982,1982,De Leidse Sleutelgaten,Het palenlied,eaf4b939-b572-4608-9d4c-4b803993ce6c
1982,1982,De Leidse Sleutelgaten,Kachel naast m'n bakkie,b5d852db-0352-47a4-a5be-8efa30286335
1982,1982,De Lenco’s,Jantje Modaal,4fc916c4-f021-448f-9f15-2f090ba65c16
1982,1982,De Lenco’s,R.C.L. Clublied,e4adcdd4-c93a-46b7-b757-0c2b94e79a80
1982,1982,De Lenco’s,Surfers doen ’t staande,7f568924-b4f1-4ab9-a3c8-32ca2865ce72
1982,1982,De Lunterse Zanger,Het piratencarnaval / Ik ga nog liever de lucht in,d0b6f418-4ab2-488b-9e68-74e0965d882a
1982,1982,De Marendo’s,Ja daar op Mallorca / Rosalie,76651e7e-8443-4198-8efe-82f358ba92ef
1982,1982,De Mario’s,In de bouw,fd6b0524-c2ef-4b3c-b0a9-977f31e20382
1982,1982,De Marlets,Da’s ’t een en ’t ander,9d2218b1-e3cb-4135-8bbb-f6c532dd43fe
1982,1982,De Marlets,Marieke doe open,3e45b35a-d151-4e6d-89a9-4a24ef1a8dd2
1982,1982,De Merano’s,De witte wolken / Lieve kind,bc9860c3-76d6-4d82-8eb5-67dd6fe22423
1982,1982,De Migra’s,De steile wand,31814735-d600-4e49-9dbc-fffbdcbda17f
1982,1982,De Moelando's,Populaire Feestmars,11194db7-a5c3-4795-a182-2a724d0d33e3
1982,1982,De Paloma’s,De goeie ouwe tijd,f0ef8eb2-25ae-44bd-84d2-708da19c4751
1982,1982,De Paloma’s,De goeie ouwe tijd,f897a0d5-d75e-4bcd-a843-2288f06c1716
1982,1982,De Paloma’s,Ups en Downs,a1c3139a-b838-4100-b3e3-0957e2a0bb11
1982,1982,De Pinguins,Michaela,e0bd563e-f718-4bf6-8ad7-40ee06eb366b
1982,1982,De Plattfööt,Disco up'n Dörp,d2400910-0e4d-4428-8c2c-90b4883ea449
1982,1982,De Raketten,Schatje kom terug,7f669e0c-dd4b-4d58-9000-6e6984003763
1982,1982,De Regento Stars,Misschien zijn wij beestjes,c4ac3159-49c6-44a0-ad79-3f891e18b13a
1982,1982,De Riari's,Denk aan mij m'n liefste,51f77c81-ed74-44ff-9c3e-a6aaaa6c85db
1982,1982,De Ridders van De Katteköp / Jan Petat,Mijn klekske / Ik zal nooit meer dronken wezen,b900f5e9-ac14-4fca-bc4d-5cc13068bb26
1982,1982,De Roffels,Het orgel speelt...,f466c28f-7c90-4343-bd24-65a99ca342a4
1982,1982,De Roffels,Jij hoort bij mij,934c7804-cb00-4c73-9c1a-e23c86ff202e
1982,1982,De Slijpers,"Popkarton / Oh, moet je eens voelen!",7561f2fd-d22e-4ee2-a59e-44965c2a22e8
1982,1982,De Snabbelaars,Dat kleine huis / Praten over vroeger,85fa077c-7381-43cb-af11-0623abee6099
1982,1982,De Snabbelaars,Je oudershuis / Bloemenliefde,f6d6b267-ec95-4752-a8f3-c89778142c33
1982,1982,De Snabbelaars,Zo is het leven,dab5b86f-7351-4bf2-ab79-4a63aae7005f
1982,1982,De Steile Wand,Heleen,85c48f8f-a0ed-4d46-a81c-805a1a25482d
1982,1982,De Storima’s,Ik wil nooit meer een ander,4b12bba5-4189-4fe6-8ce4-c49b37d61ae1
1982,1982,De Storima’s,Teenagermelodie,45dfd6cd-55c2-41a0-8ad0-60c72d929687
1982,1982,De Strangers,Handjes draaie / Awel awel wadoedena,7c18ed80-af46-4d2a-90cb-9184f512ee3e
1982,1982,De Strangers,"M’n pensioeng, m’n pensioeng / De gastarbeider",4881d108-78ac-450d-b95d-736877fb3ecd
1982,1982,De Strangers,Scottischeriekes / Charlestonneriekes,2d31f03f-25c3-436f-9707-5afc47b64fd0
1982,1982,De Strangers,Virginieke / De tijd van toen,dfc461b4-78d5-4ce9-89d5-d137d87da821
1982,1982,De Tamara’s,Don’t Let the Stars Get in Your Eyes / Loekie’s Polka,ae51a8cc-1632-41e1-b08a-60f7abb8aa7a
1982,1982,De Tamara’s,Lana Lee,b9fc0d22-912b-4d8e-8f8f-77ac82dc874b
1982,1982,De Tamara’s,When It’s Springtime in the Rockies,e891447c-9071-44a8-8afa-617849c7903c
1982,1982,De Tennisballen,Het melkhuisje / 15 - love,a873af13-04f9-44e4-879b-e03e7c8c5c95
1982,1982,De Tijdbrekers,Die oude melodie / Parelsnoer,72af66e5-9a4a-4007-84bd-ac8d5cf2aea4
1982,1982,De Turfjes,De Turf Show,eea27767-619b-4af9-be09-80538b44efc4
1982,1982,"De Vries En Company, Kees Van De Pol, Bloaskapel De Eendracht, Orkest Pit",Als je haar maar goed zit / Ik wil 'n kieltje,ad0ede78-cc3f-4616-bc9f-08e58afa97b2
1982,1982,De Willyjo’s,Ik ben het zat,b8728579-0416-4cc5-b0e7-d858be604e18
1982,1982,De Woefers,Het hondenlied,567d4071-a683-4d22-9751-6aab7bbadd65
1982,1982,De Wuko’s,"Bey bey, zwaai zwaai / Boerenkool",5740ac70-fa83-45c1-8dbc-ea3c41681747
1982,1982,De Wuko’s,Lieve olifant,d841ad2f-e94a-4040-9725-9237ec8ef1d8
1982,1982,De Wyko’s,Jij bent in mijn leven,691c03eb-045c-4599-8071-f83a7e1092fe
1982,1982,De Wyko’s Wijchen,Zijn oude rockgitaar / Hawaiian Punch,c9dbd0de-3c22-4f09-b7d8-3ea3d09650bb
1982,1982,De Zingende Buschauffeur,Hé beste mensen / Mijn hond,a96052ee-6396-4a4a-b5ae-cb0d5ba1c84d
1982,1982,De Zingende Buschauffeur,Mijn mooiste weg / Samen op vakantie,4a6b01c7-1aec-412a-887f-6a0848180517
1982,1982-07,Dead Kennedys,Bleed for Me,a52e522f-0be8-39d8-bd41-ad84567a597a
1982,1982-10,Dead Kennedys,Halloween,076256aa-f193-39aa-968c-01f9ba985a0c
1982,1982,Dead Livers,Star of the West / A Stud Like Me,38af78f6-09c5-48ec-87fd-47c0c776cec0
1982,1982,Dead Man's Shadow,Flower in the Gun,a5657300-44ad-45bc-bd5c-994ce899b086
1982,1982,Dead or Alive,The Stranger,683d0083-43bb-496e-821f-0dc5952f1ce9
1982,1982,Dead Wretched,Convicted / Infiltrator,5ff89a64-33bc-4b50-a2b6-9e3f6f4d7bb3
1982,1982,Death in June,State Laughter / Holy Water,71b0dd31-4050-3cf3-8b06-f81a5cfa0124
1982,1982,Debbie Trusty,Searchin' for Some Lovin',292f343b-d9cb-3ca3-bcfa-2f1e5461938f
1982,1982,Decadent,Self Atmosphere,90e90d82-1c87-4870-be10-f622166599e2
1982,1982,Decibelios,Paletas putrefactos,8205e0f2-f61a-3a68-b7c6-e84e9c2e704c
1982,1982,Dee D. Jackson,Shotgun,cbb8241e-f69a-45c1-a657-6ccdc569468a
1982,1982,Dee Minor and The Dischords,Money,4fe5c573-5976-4910-85c1-1d4e487a6343
1982,1982,Definitivos,Courtrai Tonight / Take Over,c30c200b-2ef9-4ce6-85cc-324879a9c872
1982,1982,Defunkt,Razor's Edge,e5e39e20-c736-3777-9bad-4311f23eb65c
1982,1982,Defuser,World Suicide And Freeze Please,421790d3-5622-4914-80ee-e47c4a43f796
1982,1982,Dekka Danse,A Key For Every Occasion,42b6f42b-4fe1-498b-8f07-917dbab6571a
1982,1982,Del Webb Explosion,One Way Love,a60e2c95-2510-4d26-8f7b-6b44345b1ba2
1982,1982-08-05,Delta 5,Powerlines / The Heart Is A Lonely Hunter,c8c691cc-b47e-4048-86e8-6f035be6cccc
1982,1982,Demis Roussos,Au nom de l'amitié,3776d615-b129-4eb2-a4fc-ba769e39173a
1982,1982,Demis Roussos,Follow Me,d6c9b9c6-1ae0-42b8-8015-9a3403056088
1982,1982,Demon,Have We Been Here Before?,5a8aa85c-2312-49b0-a98c-b3eba5fd907b
1982,1982,Denial,California Dreaming / The Weatherman,deb0196a-64f4-4ba4-8085-e1598e9c7ad7
1982,1982,Dennis und die wilde 13,"Schule, nein danke! / Christian",faeae097-4406-452c-b13f-008344f7e96d
1982,1982,Dennis Walks / Billy Boyo,Roast Fish & Cornbread / Wicked She Wicked,83cb22fa-f733-3335-8a04-1afc588b6b5a
1982,1982,Denny Laine,Running Round in Circles,75cc748c-c831-4381-add5-3dc63f41076a
1982,1982,Denroy Morgan,Happy Feeling,f1351064-0875-4076-9016-f6408494cd99
1982,1982,Deo,Ruhrgebiet,fde2e7d3-ba65-4dc4-8fbe-628353fccaac
1982,1982-08-16,Depeche Mode,Leave in Silence,af51de2d-f1fc-35dd-991c-cc93e121b147
1982,1982-01-29,Depeche Mode,See You,c8c8719e-7cc0-38dd-9c88-dfc16bdcb6ee
1982,1982-04-26,Depeche Mode,The Meaning of Love,c29eeedf-98c3-32e2-93c7-bd3fb45c1eb3
1982,1982-07,Derec Brown a’r Racaracwyr,Bois Y Band,a9e388cf-3cac-4ee6-9487-2e1bb310876f
1982,1982,Derek Taylor,A Salute to Jolson,ba452301-497b-4178-83f0-32f423010ccf
1982,1982,Dermot Morgan,A Taoiseach's Lament (Sally O'Brien),1481c763-f056-40be-a442-0f5ba25225fb
1982,1982-11,Derribos Arias,A flúor,fbaa5df7-ed9c-3cc0-bb4c-2c5c353d5683
1982,1982,Desmond Child,A Little Romance,c2a98d38-5933-4212-8ddd-b7774e009f84
1982,1982,Det Gylne Triangel,Maskindans,a91e0db2-14b2-4214-aeec-355b0226d33d
1982,1982,Detective,When The Curtain Falls,7bdd066b-daef-4256-a1c1-9744dff206c0
1982,1982,Deutsch Amerikanische Freundschaft,Kebab-Träume / Ein bißchen Krieg,60c0239e-18a2-37b1-b288-491b41dab8ad
1982,1982-02,Deutsch Amerikanische Freundschaft,Sex unter Wasser / Knochen auf Knochen,fcc12ffc-0ebe-4dc8-818a-c48d78ba3b20
1982,1982-09-03,Deutsch Amerikanische Freundschaft,Verlieb dich in mich / Ein bisschen Krieg,90263ea5-330d-4e95-860e-9d81c9e4462a
1982,1982,Deutsche Schäferhunde,Rosa Brille / Gasmasken / Mein Herz,6542f3d4-f687-41dc-a2ae-875bd0ac7aa8
1982,1982,Deutscher Kaiser,Tempo! Tempo!,e1ea887c-3a54-4079-8478-0bb72f1c64bb
1982,1982,DEVO,Jerkin’ Back ’n’ Forth,b23108ca-5adc-4156-a9e7-cbca35100e63
1982,1982,DEVO,Peek‐A‐Boo!,b0a603c7-08d9-46fc-b325-e1301b983c73
1982,1982,Devo,That’s Good / What I Must Do,56774dba-4734-4fcf-8eba-ad9596ecb13c
1982,1982-07,Dexys Midnight Runners & The Emerald Express,Come On Eileen,e1af5545-cbab-48d8-9b81-438fe5e9e195
1982,1982-03,Dexys Midnight Runners & The Emerald Express,The Celtic Soul Brothers,36f658c9-bc60-429b-88cc-4e685eb613e7
1982,1982,Dharma,Plastic Doll,69a71795-6250-410c-b000-9eff52f4acb6
1982,1982,Di Leva,The Single Man,32418580-0c91-4d69-89fe-bb1cda225a88
1982,1982,Di Quinto Rocco,Bonne fête maman,4e8798c4-3d6b-4535-a699-384cd43f26ed
1982,1982,Dialog,SOS,01763247-3554-4113-985a-775ad5c80f2b
1982,1982,Diamond Four,Oh mijn liefste,7b2e94ca-c180-43f7-ac81-c5fad95c8a17
1982,1982-05-19,Diamond Head,Call Me,849d212e-1e28-48de-aaea-739cb56fa286
1982,1982,Diana,Lieve oma / Als mammie jarig is,f2fadbeb-5065-4aaf-ac26-ca8659e71b5c
1982,1982,Diana Est,Tenax,12ab0c54-fca2-4630-b0e0-42c6ca954d49
1982,1982,Diana Ross,Muscles,ca7c3787-c258-434b-99be-d881e168239d
1982,1982,Dick Hageman,"Moeke, d’r staat een vrijer voor de deur",a79457ad-6a74-42ab-858e-e001ab565881
1982,1982,DiDi und die Herzschrittmacher,Wenn Dein Herz...,09171867-f06a-4b32-aa56-4c15e92e4d16
1982,1982,Die 3 Lauser,I wünsch dir was / Die Mutter,32854b56-124d-4d50-aa1e-a5ce5874c296
1982,1982,Die Beridi’s,Der Pinguintanz,839e5183-c356-41fe-8dac-167b8a49e657
1982,1982,Die Doraus & Die Marinas,Kleines Stubenmädchen,a6e7d833-7f26-47eb-b25d-2556cda86335
1982,1982,Die Heikrekels,Auf der grünen Heide / Liebe kann doch alles verzeihen,d69e537a-7991-442e-9860-3d6577b94948
1982,1982,Die Heikrekels,Träume / Was die Lippen mir verschweigen,8803d949-8bb2-494a-9991-183f6b377a60
1982,1982,Die Hornissen,Pale Blue Eyes,f1ea3eb1-cf64-45dc-ba90-c69fe2c7da98
1982,1982,Die Jupiters,Fred ist wieder da...,08c31a2a-e934-42b1-aa99-469407532eec
1982,1982-04,Die Krupps,Goldfinger,d3899c06-c778-4674-9fe8-bf3d58f3e22b
1982,1982-12-14,Die Toten Hosen,Reisefieber,54ef0f91-d9ae-3db5-9443-d35512f6b5af
1982,1982,Die Toten Hosen,Wir sind bereit,ddb51689-4716-3f84-8d8d-793b7bdab078
1982,1982,Die vergifteten Pfeile,Chaos ist mir lieber / Es geht mir gut,199230ee-bab9-468b-93da-4bff1ad09380
1982,1982,Die Zwei,Einsamkeit hat viele Namen / Wir bleiben hier,73966990-0ee9-492a-94fb-a8b0ca8da582
1982,1982,Diego Abatantuono,Eccezzziunale… veramente / Nunzia!,ca2d9738-cdb6-45c7-8cd5-c77ffe0fe055
1982,1982,Diestinct,Flyktförsök,bd930295-2f43-404a-8190-b31d7cf13b6e
1982,1982,Diestinct,Man får inte drömma sig för långt bort,3fe99642-75d0-41ed-b901-c1dbcf9f735c
1982,1982,Dieter Hallervorden,Bauernball im Hühnerstall,73f7a823-4b15-4d8c-a2bc-93305b2e9608
1982,1982,Dieter Hallervorden,Der Würger vom Finanzamt,58835213-1f4d-47dc-8efb-8a554dfd713b
1982,1982,Dieter Hallervorden,Gewußt wie...,d4f459ee-5c43-43c0-b129-346c06fcb0cc
1982,1982,Dingetje,Het drinklied,a2c9112d-3821-3653-ad47-406caf09f255
1982,1982,Dinosaur L,Go Bang! #5,993eb268-6043-4910-85e6-c7e5ffaca52b
1982,1982,Dionne Warwick,All the Love in the World,8ea60447-a975-419b-a25e-1b587f1ea290
1982,1982-09,Dionne Warwick,Heartbreaker,8c739ed7-75da-4ef1-8c53-57a0210f83fb
1982,1982,Dire Straits,Industrial Disease,052aa36f-815c-4b5d-8e13-ff19f9a12c44
1982,1982-08,Dire Straits,Private Investigations,ec0dfabb-1977-45b8-8d9a-f3876ede07d6
1982,1982,Dire Straits,Telegraph Road,422c8bf2-c6d5-4331-8b9f-2f5a981be94d
1982,1982,Direct Drive,Time’s Running Out,c221566f-abfb-4351-aff2-b90d7c896062
1982,1982-08-12,Direct Hits,Modesty Blaise,6f2ceff0-8a09-4a6d-afec-5239e63d4940
1982,1982,Discharge,State Violence State Control,9cb057c2-473d-34d3-a186-b1ab3b7883f9
1982,1982,Disco Connection,Rock Your Baby,51668e3b-07c0-4cc7-b721-60659c7ea3bc
1982,1982,"Disco Dave & The Force of The 5 MCs / The Boogie Boys feat. Kool Ski, Kid Delight & Disco Dave",High Power Rap / Rappin' Ain't No Thing,d55c0e91-59a0-46cf-8568-cc4c85662aa0
1982,1982-06-15,Disco Four,Country Rock and Rap,37a6f1c7-3d9d-4c96-be64-74337bd9ea21
1982,1982-12-16,Disco Four,We're at the Party,d2b81409-a819-4c92-a521-248561b7a7d8
1982,1982-07-15,Disco Four,Whip Rap,a82b9059-5a35-4f54-89dd-70ddb216ac34
1982,1982,Disco Henkie,De taxichauffeur,47008b4c-5a93-4288-9309-6a6e71afa2f2
1982,1982,Disco Henkie,De vrijgezel / Een krokodil in de lucht,7e6406ff-776d-4655-81a0-70b516b936e9
1982,1982,Dislocation Dance,Rosemary,2b6da108-dcb8-4134-ba14-44c1bfd8caac
1982,1982,Dislocation Dance,You'll Never Never Know,30ac437c-e370-4c8c-9af0-daf5fb9eaff8
1982,1982-08,Disrupters,Shelters for the Rich,37a40897-02ed-37fc-8723-a2677ce1a4a6
1982,1982,Divine,Shoot Your Shot,41924a41-0b43-39a3-b413-a34a33ce72be
1982,1982,Dizzi Heights,Christmas Rapping,61927c66-ad47-4263-8930-2bdc35d60089
1982,1982,Do Vissinga,Porto Vecchio,f289fe89-9016-4118-8c81-af2a919bee71
1982,1982,Docent Död,Låt tiden gå,5e337f7e-02cc-35e0-ae23-ec4e07936cc8
1982,1982,Docent Död,"Magi, magi, magi",39caf081-7f5e-44fa-ae30-84a8a859cd21
1982,1982,Doctor and the Medics,The Druids Are Here,10c236ab-d589-40f9-b445-1c303ac21081
1982,1982,Doe Maar,De bom,90f4f383-f50f-343c-9598-f2ba0a26fb62
1982,1982,Doe Maar,Doris Day,eabf5537-cdbe-4149-bfd6-9dcd9c488146
1982,1982,Doe Maar,Is dit alles,d8cdcad4-0fa3-4615-9b52-5375511bbfe6
1982,1982,Dog Detachment,Machines / Third World War,1a495208-95a7-4eee-b315-3cf676aab329
1982,1982,Dog Dog Dog,Take the Fever,0d9e86b3-b606-4f5b-878f-30f3c5f32e05
1982,1982,Dolette McDonald,(Xtra) Special,9f07ddff-43ab-4cb7-a16c-d49d39609761
1982,1982,Dollar,Give Me Back My Heart,ed331e03-daba-44bf-abed-bc00aa4b42e8
1982,1982,Dolly,I Will Always Love You / Do I Ever Cross Your Mind,e6b39b02-6bc3-4492-9c9f-08847d52a839
1982,1982,Dolly & Willie,Everything’s Beautiful in Its Own Way / Here Comes That Rainbow Again,2e86f4ad-4581-409c-bebb-a492e4d14ea4
1982,1982,Dolly Dots,6.4.3.2.9.,427f5b6c-091e-49fe-b54a-f1a276c44b2c
1982,1982,Dolly Dots,All the Roses,0afbc51c-46c6-4e5c-acd1-52162e3690b3
1982,1982,Dolly Dots,Do Wah Diddy Diddy,342f9bd4-ee09-4144-84f5-5c3e6e30699c
1982,1982,Dolly Dots,Do You Wanna Wanna,69bf1c8c-226f-490a-8d7e-b431d6fdfe00
1982,1982,Dolly Dots,Hitkrant presenteert De Dolly Dots,cca908e2-f97b-43f8-b39f-4c9258e10ddd
1982,1982,Dolly Dots,Oh! Oui,86547e8b-b14d-4f3d-8fc1-941511bac758
1982,1982,Dolly Mixture,Everything and More,c01025a5-6491-4362-bd30-7cc717a184ce
1982,1982,Dolly Parton,Hard Candy Christmas,f807e01d-68cb-462e-9824-d8e6f19349b0
1982,1982-10-11,Dolly Parton,Hard Candy Christmas / Me and Little Andy,e2b16f64-33ec-4bc9-a323-e9c61d676d44
1982,1982,Dolly Parton,Heartbreak Express / Act Like a Fool,5354d422-56f2-4cec-a5af-c9938d370af5
1982,1982,Dolly Parton,Single Women / Barbara on Your Mind,e8fc46c1-71fa-46a8-b80b-33c244896ac8
1982,1982,Dombrowsky,Hör ma (Sabine Sabine Sabine),bebccb0e-8e00-46db-8322-8642b0ffa201
1982,1982,Dominic Grant,Come Closer to Me,9b572e91-79d2-4538-a4d2-ab4b55354cdf
1982,1982,Dominic Grant,I Won't Let Me Down,8413894b-9408-4d65-aa86-18817383060f
1982,1982,Dominique Poulain,Le Village Dans Les Nuages,e61bde9d-9f44-4398-b3ef-a52f85681da5
1982,1982,Don Carlos / Wayne & Johnny,Dice Cup / Ackee Monkey,941446f8-a2c0-4148-bf89-f1d66ee0c801
1982,1982-10,Don Henley,Dirty Laundry,fa43a95b-c9c9-4355-8c0f-6a89ab62d79a
1982,1982,Don Ray,Simplify,bbc0311b-9014-4dad-bddf-7199791fb614
1982,1982,Don Williams,"Fool, Fool Heart / Mistakes",8fd377ae-48a4-475f-bccb-aea13c69c768
1982,1982,Don Williams,If Hollywood Don’t Need You / Help Yourselves to Each Other,912843a8-93d1-4219-bc19-49a1386ea4bd
1982,1982,Don Williams,Listen to the Radio / Only Love,fbf26a3c-5c84-4ed6-8c63-e710b387027c
1982,1982,Donald Fagen,I.G.Y.,dccbaef1-2d3f-3923-b3dd-172135a87f02
1982,1982,Donatella Rettore,M'è scoppiata la testa,55eee851-80e8-3d06-85db-5890549939b2
1982,1982,Donna Summer,Love Is in Control (Finger on the Trigger),6662ad7f-33f9-4143-ba9c-b7c0b1085a5d
1982,1982-12-11,Donna Summer,Protection,485941b1-e841-46d7-aae7-8af54989cb19
1982,1982,Donna Summer,State of Independence,a57dd96f-1e59-3e18-99ad-5e03dad168f3
1982,1982-12,Donna Summer,The Woman in Me,1349ac07-e383-41ed-b2e6-b7bf82d7b365
1982,1982,Donnie Iris,My Girl,b5f8066d-455a-4579-a271-543eab5c1d8e
1982,1982,Donnie Iris,Tough World,cb0b2d16-c85d-4b28-9ee6-be7a3e0af481
1982,1982,Doris D and the Pins,Jamaica,3958d578-3e17-4b09-b6e8-01ff4be3bad6
1982,1982,Dorothée,Enfin Récré A2,21654a7d-acbd-4fc0-939e-338d00f549e8
1982,1982,Dorothée,Hou ! La Menteuse,086fd816-dc48-3165-9ac7-d9b244ad3df1
1982,1982,Dorsal Atlântica,Demo 1982,3e094fa2-2b80-4cd7-b214-675c4f0e99ef
1982,1982,Dorus,Twee motten / Bij de marine,75970b17-ca84-4c0b-9f98-a33b6dc5cabb
1982,1982-03-25,Double Vision,Some Kind of Fox,6dd82f9c-c268-45b2-b5fb-d615b060234b
1982,1982,Doug Ashdown,A Fraser of a Day,b83da8b7-5b92-4ee8-b859-abced1d7bc92
1982,1982,Drahdiwaberl,Heavy Metal Single,0984c43a-71f8-41fd-819b-3987e1a6a93a
1982,1982,Drahdiwaberl,Supersheriff,7b058999-29dd-4d95-aff6-7377172bfb55
1982,1982,Drahdiwaberl + Lukas Resetarits / Drahdiwaberl + Jazz Gitti,Lonely,57ee610e-0494-4cf5-9314-11dfc71a7739
1982,1982,Dredd Foole and the Din,Songs In Heat,bc209e21-0dc7-484b-b03d-37751fda659f
1982,1982,Drie kleine kleuters met de Jonkers en de Joffers,De trappelzak-boogie,3d69a162-92eb-49e0-bf35-0e5468fbfe2c
1982,1982,Drinking Electricity,Good Times,02865b55-e849-3619-981a-10e75e5fbb6c
1982,1982,Drukwerk,Schijn ’n lichtje op mij / Lukas 12 vers 22,9489094d-e0ea-46e3-97e0-bd986d123469
1982,1982,Dschinghis Khan,Kaboutertjes,8eacecf7-46bf-43c4-89a6-97541b259532
1982,1982,Ducks in Formation,Darkness Falls,8a4ba032-2bfe-4b64-900a-17907ba3f316
1982,1982,Duo De Corona’s,De mijnramp,65569284-bbf3-4b05-ad6a-32d780e4c228
1982,1982,Duo De Koning,Maria / Die ene roos,860d86c3-23f0-43bd-b903-1e1b0ad6b5fc
1982,1982,Duo Depressiv,Das Lied von Willi Viertel (Ein Trinkerschicksal),91cee94f-8e5f-4504-96df-8c6718cb6e74
1982,1982,Duo Kobus Algra en Sybe Krol,Schepen verlaten de haven,214b3b66-5daf-4a01-9a97-643ef671287a
1982,1982-03,Duo Mess,Sonntag,3c67df52-a5b3-3788-90a2-2988bce1b757
1982,1982,Duo Met De Hoed,De Pi-Pa-Pot-Puree,afe1bbe8-e08c-4d08-8da8-80f37843b8e2
1982,1982,Duo Met De Hoed,De Pi-Pa-Pot-Puree,d47fd97b-89a3-4650-8f5e-f48f4049b605
1982,1982,Duo Onbekend,Amatrices / Radio Oranje,5b476ea9-3608-451d-98a5-9cb66ab31261
1982,1982,Duo Onbekend,Wat kan ons gebeuren? / De aarde is ’n speeltuin,3e8e8e7e-aad5-423e-9e14-efdfa22a6486
1982,1982,Duo Paradiso,Een indiaan als man,28a41960-957e-41e3-9410-e92f51108a8c
1982,1982,Duo Piet en Frans,Abends spät,a63b5d9d-bc9e-4bd3-ab55-e51e7e04010a
1982,1982-05-04,Duran Duran,Hungry Like the Wolf,653f84b9-5c18-3fe2-9fc5-9a64087c4874
1982,1982-11-01,Duran Duran,Rio,a6f58312-34d4-3e20-a606-83373183b4da
1982,1982-08-09,Duran Duran,Save a Prayer,4a81261e-448e-3502-8dee-b63568147ca7
1982,1982,Duran Duran / Rheingold,Hungry Like The Wolf / Triad Dimension,90647324-6679-4498-8b29-b2ce7fe555da
1982,1982,Dutch Boys,Boer Harms,181f14d3-4dcf-4285-9764-1929576f8c4d
1982,1982,Dweezil,My Mother Is a Space Cadet,abec027a-2854-4e47-a96f-f3cc3843981c
1982,1982,Décima Víctima,Detrás de la mirada,0edf935a-0c89-406d-8236-26061660e253
1982,1982-01-01,D‐Train,Keep On / Walk On By,06ad7257-a58e-4ef7-9da2-21578c0cfc33
1982,1982-03-01,D’llegance,Chanson D'llegance,95aa07ac-6b8f-41b6-b4c6-3b7da9801570
1982,1982,Eagle,Jumbie Donkey / Run the Puncheon,9f87be38-479d-44fb-8fe5-7073d8bcb703
1982,1982,Earforce,My Point Of You / Quicksand,c9ea237d-96ae-4a24-96b2-7325f3a3f106
1982,1982,"Earth, Wind & Fire",Fall in Love With Me,558456a2-023e-4ef6-ba69-cda7d681c5fd
1982,1982,East Side,Eenzame trucker,aa5d9cf8-43f5-4026-9b75-6b37d56c7240
1982,1982,East Side,Piratenplaten,298ec08c-7def-42b2-8ea7-f2ba5861ec65
1982,1982,Easy Action,Honcho Bongo,5e88bc76-78d5-430e-a0aa-2abca84f7c23
1982,1982,Easy Action,Om jag vore kung (över hela världen),dd9cbd24-ecd8-4600-ba53-06e837d36bcd
1982,1982-05-21,Echo and the Bunnymen,The Back of Love,ebea902f-d841-4092-809f-b5b26ff7ab1c
1982,1982,Eddie Murphy,Boogie In Your Butt,5e1585e1-66c6-42c8-a10a-e6bd02d33cbe
1982,1982,Eddie Rabbitt,"You and I / All My Life, All My Love",1d9aa109-48d1-44ac-978e-1ae53ca50bdf
1982,1982,Eddy Grant,Electric Avenue,5606c9f4-ff72-4db8-8374-ec8c4e6b7dc5
1982,1982,Eddy Grant,I Don’t Wanna Dance,32b7af17-b961-4164-8341-709ac7febefb
1982,1982,Eddy Hense,(Nooit vergeet ik meer) die nacht,6bd162ab-fcd9-4d65-9630-3e5a5055bf24
1982,1982,Eddy Hense,Alleen jouw liefde / Anita,46a60864-9171-46db-89db-10a97e081cda
1982,1982,Eddy Mitchell,La Dernière Séance,6996496b-2d47-4c1d-877a-7734a80a73e6
1982,1982,Eddy Mitchell,Le Cimetière des eléphants,e6d34523-0d0a-408a-91ea-911f910b09ef
1982,1982,Edith Massey,Big Girls Don't Cry / Punks Get Off the Grass,17421081-a723-34de-82e4-718f779b6bac
1982,1982,Edoardo Bennato,Nisida,6f79a627-4079-4974-ae68-9dbea49cc861
1982,1982,Edson Enriquez,Si Pudierea Ser / A Que Le Llamas Amor,71040558-c5ae-4922-8a25-f8c191b489ca
1982,1982,Edwards Voice,Falling From Another High Building,6e8ae388-b9d1-4770-9cf4-1ff5443f5fef
1982,1982,Edwin Birdsong,She's Wrapped Too Tight (She's A Button Buster),a069cd6d-8dea-464f-8070-a755c247c16a
1982,1982,Eek-a-mouse,For Hire And Removal / Lu-Be-Lu,a8a0e20d-397c-47a0-a473-f986ca55c63d
1982,1982,Eek‐A‐Mouse,Smuggling,a567c6cf-721c-40ab-b3cf-06694e6a91ed
1982,1982,Ego,Irresistable,c73fd7df-dd4c-46b8-b74d-13df67e10a27
1982,1982,Eini,"Jossakin, jos haluat",c4cb1fc6-8b5f-4499-a588-ca4742410730
1982,1982,Einstürzende Neubauten,Thirsty Animal,81c4e024-a847-3c0e-96b7-3251c58edb32
1982,1982,Ekovox,Soldat med brutet gevär,ff6f0fe2-bb8b-448e-a54d-8167f335163d
1982,1982,El Toro,Moederliefde,ac9ec598-e8ab-4c0a-91a9-93dd4a3118b5
1982,1982,Electra featuring Tara Butler,Feels Good (Carrots & Beets),e436d7b7-fbcf-44a6-b085-a0fd2204ae12
1982,1982,Electric Banana Band,Banankontakt av tredje graden,d9d400e1-2118-49cd-a2c8-788fa0745a69
1982,1982-02-18,Elektrik Funk,On a Journey (I Sing the Funk Electric),04bb591d-5c76-44c5-becf-c95c5b8aebd9
1982,1982,Elfi Graf,Himmel ohne Sterne,9ec09126-46d8-49b9-a91a-fc45668cd651
1982,1982,Elfie,Tom Sawyer,e03b4f21-cddf-46a0-ad15-6e660251df8a
1982,1982,Elke Best,Land der Phantasie,4f789bb6-039a-496f-9e63-ded837c60816
1982,1982,Ella,Loop voor mij part naar de maan,f9c637e8-f3ce-4d89-a81f-6850a5c6a24a
1982,1982,Ellen and The Moodmakers,In gedachten / Wat is er mooier,ba459eae-87a4-439e-bc5b-469d02f24313
1982,1982-03,Ellery Bop,Ringing,12ab7e22-953b-4996-80f2-9cfe9f4236ed
1982,1982-11,Ellery Bop,We Deny,d58f52a5-bc4d-45c4-9f49-817b834ef72e
1982,1982,Elli & Jacno,Je t'aime tant,ef088410-14f4-47be-ae03-90b6fd90e499
1982,1982-01-01,Ellie Stoop,Geef mij ’ns antwoord,3db2ddf8-ed70-4923-a70c-8d8eae4355f3
1982,1982,Ellie Warren,Primitive Love,cf2a7685-2097-4c76-948b-269410958810
1982,1982,Ellis,Doe dat dan niet,72e50808-0aaa-434e-bd6a-67c471fd0201
1982,1982,Ellis,Huilen is voor jou te laat,5599cd1b-d233-494d-b163-0c4b550dbb7c
1982,1982,Ellis & Ben,Lloret de Mar / Ik kan vergeven,5d10ef76-ce79-434c-a080-a9a8b6686a97
1982,1982,Eloy,Time to Turn / The Flash,5039ca13-c357-4c90-982a-760183eb3c93
1982,1982-03,Elton John,Blue Eyes,7680154b-dd88-486b-b555-3d34a7d64e80
1982,1982-03,Elton John,Empty Garden (Hey Hey Johnny),c88240dd-cbcc-4309-8121-bf70fbf5e634
1982,1982,Elvira and The Vi-Tones,3-D TV,e7fd2f55-e2c1-450c-bb2c-4b8d73deba48
1982,1982-09-10,Elvis Costello & The Attractions,From Head to Toe,531d1038-4047-4d2f-95b9-820328a5b3ac
1982,1982-04-02,Elvis Costello & The Attractions,I’m Your Toy,34e34c62-502e-4f73-bb1d-4eff6035ea26
1982,1982-07-23,Elvis Costello & The Attractions,Man Out of Time,8732baf5-ea7c-4beb-9e37-d4b17ae777ee
1982,1982-11,Elvis Costello & The Attractions,Party Party,66078f47-ccd1-47a9-bb32-0e19c2aeb9c6
1982,1982-06,Elvis Costello & The Attractions,You Little Fool,a89e3500-2405-4265-b513-02364900ede1
1982,1982,Elvis Presley,The Elvis Medley,709710da-28c4-4461-92e8-78048c148c57
1982,1982,Elvis Presley,The Sound of Your Cry,7c264ac7-0505-485d-a1e2-155b2b03a215
1982,1982-04-07,Elza Soares,"Som, amor, trabalho e progresso / Senta a pua",761a915b-1ce6-49e1-860e-929d92f6f47a
1982,1982,Emile,Oh señorita / Hé zomer,32c40a4d-0234-4297-9bfe-a3d3044ab893
1982,1982,Endgames,First‐Last‐For Everything,54278bec-fcfd-43c5-a334-8f10ba247154
1982,1982,Endgames,We Feel Good (Future's Looking Fine),3095eb58-3a22-34f1-ad93-6a434e44c5a1
1982,1982,English Boys,Kids,f7c59118-0924-4075-95f5-14b260f80930
1982,1982,Enrico Macias,Tous les soleils de l'amitié / L'Instituteur,c214f443-82e4-4c75-8cc7-312f33dfe3dd
1982,1982,Enrique y Ana,La canción del panda,84ca23df-4ce5-448e-9b27-0f4478c3ae42
1982,1982,Eolika,Noktirne,b09485b6-7a39-4ada-93ac-c7b50d84f001
1982,1982-05,Eppu Normaali,Murheellisten laulujen maa,fe09f877-44c7-411f-9197-b96877e36cbf
1982,1982,Eppu Normaali,Pannaan pannaan,286777e0-de76-4180-82f7-43504a87629b
1982,1982,Erazerhead,Shell Shock,0fca2850-027b-3869-a810-538ed8c8d77c
1982,1982,Erazerhead,Teenager in Love,cd513f8c-d7ec-4ccd-89ec-43009162ba32
1982,1982,Eric Clapton,Layla / Wonderful Tonight (live),bc8c8336-1994-4a50-8413-613c0dc9ca60
1982,1982,Eric Random & The Bedlamites,Subliminal Seduction / Bedlam A Go-Go,b5bdf6ea-5cd8-4e08-b128-9fc0ebfd3730
1982,1982,Eric Soling,Is er dan niemand die er iets aan doet,86a95e98-a6d8-4d91-b16c-40c0a068b07e
1982,1982,Erick V,J'ai Envie De T'Embrasser (Ce Soir Au Cinéma),2cffd2dc-93aa-45f5-b14e-d51e0296e321
1982,1982,Eros Ramazzotti,Ad un amico,48903a60-74a1-4fd0-8f7a-040d56136284
1982,1982-10,Erste Allgemeine Verunsicherung,Tanz Tanz Tanz,02fe3a2d-8964-4073-8d35-49acbc982f4c
1982,1982,Erste leiwande Meia Partie,Extase / Knödlsong,065e60d6-2b16-47fd-9b18-e2470eaecd34
1982,1982,Esmelin y su Combo Antioqueño,Berembembem / Tambores de chambacu,9a9f933f-9053-4294-ba57-417a38465cb8
1982,1982,Estrellas de Urabá,Oro verde / El llamador,92643532-9a9e-48bb-94a7-2bea9f29b2ed
1982,1982,Europeans,The Animal Song,3f78d43e-e324-45f7-804c-d47aa96bc43f
1982,1982-11,Eurythmics,Love Is a Stranger,0380e2c4-daea-4597-9891-ace5c99e81e9
1982,1982,Eurythmics,Sweet Dreams (Are Made of This),a934040c-9a74-34ce-8b42-0db87b493dae
1982,1982-06,Eurythmics,The Walk,f2e3ceef-b56e-4b92-b7da-e72e2d8135e5
1982,1982-03,Eurythmics,This Is the House,16783852-3189-408c-a890-e4af58f90613
1982,1982,Evelyn Smith,Lost in Love,4a85661b-3aaf-431d-9019-cde000c0d854
1982,1982,Evelyn “Champagne” King,Love Come Down,e1e43627-6354-4755-96b1-4b89e41c48ec
1982,1982-07,Everything but the Girl,Night and Day,f57c1386-2d3d-320d-8cd5-11b9c1acf6ca
1982,1982,Excalibur,Land of Fantasy / Sweet Little Girl,a74c2d3a-9d48-4106-b6ba-d0d74afa0241
1982,1982,Exit,Detroit Leanin / I Wanna Dance,cceb1c55-93cb-4f0b-ac62-2a2de4b5187d
1982,1982,Exodus,Together Forever,d7e122c3-7707-4587-a53f-115ea3b37efe
1982,1982,Expansives,Life With You ....,e94f4f19-b13c-445e-90fd-770b11c23bb8
1982,1982,Experienced Unlimited featuring Sugar Bear,Somebody’s Ringing That Doorbell (Express Yourself),53da6344-07cd-40ce-bda1-9937fe0811a3
1982,1982-08,Explainer,Lorraine,1a9924b0-2b50-45c0-b758-7069c5757c2b
1982,1982,Exposure,Lovers Rock,286908e1-437d-4d61-856c-0094dd4366d4
1982,1982,Exposure,Sound System,cf1dc49d-4406-4c93-97a3-af073132b7f2
1982,1982,Extra T’s,E.T. Boogie,4cba28f4-363a-48d9-812f-9f394ab5e42c
1982,1982,Extrabreit feat. Marianne Rosenberg,Her mit den Abenteuern / Duo Infernal,fe6d1bd0-7c6a-442c-b030-ff5365fce117
1982,1982,Extrabreit.,Kleptomanie,fb64905e-29cf-4581-b6df-1e2c4dc1b25d
1982,1982,Exude,Nu-Rock,c20209fe-9567-43d2-9b3d-b47c96f0462d
1982,1982-10-22,Eyeless in Gaza,Veil Like Calm / Taking Steps,a279a2cf-0f8b-4fe6-a2c6-b4c97478b00c
1982,1982,F.R. David,Play a Little Game,6bec7edd-2f52-478d-8763-93326cfd87dd
1982,1982-08-20,F.R. David,Words,79935a5d-d50a-42e5-b3ad-ccf5f93fbb18
1982,1982,Fab 5 Freddy / B‐Side,Change the Beat,ab41702f-0fb9-3375-81ca-35fe4ee780b4
1982,1982,Fabienne Thibeault,Secrétaire de star,608e5b54-8ae2-4b0f-a9ac-e30edc49f43a
1982,1982,Factual,Your Way,8efeb49c-323f-42a1-8a45-b1b2ce53ce53
1982,1982-12-01,Fad Gadget,For Whom the Bells Toll,cec2725c-caa0-43a0-9c1b-46e7349be23e
1982,1982-04-01,Fad Gadget,King of the Flies,cc4b8e1a-f924-4efd-b84a-1ab1b11d8253
1982,1982-08-01,Fad Gadget,Life on the Line,e7473cb6-6593-323b-af72-38055287a4e3
1982,1982-02-01,Fad Gadget,Saturday Night Special,3f1d7ea9-14aa-4b99-91f8-a55f9c15eddd
1982,1982,Fagner & Zico,Batuque de Praia,ae49978f-c656-4331-86d4-a091a69bddc9
1982,1982-10-05,Falco,Der Kommissar,36987647-2479-3aca-8259-6f225da028f6
1982,1982,False Prophets,Good Clean Fun,db07f56e-2978-3aee-a97a-29654364ed4b
1982,1982,Familia Real,Destruye / Depresión,41645e1d-d438-38a3-bf7c-04d81898f3a1
1982,1982,Family Fodder,Coral,29bf79b9-5ee8-4a77-b600-1e39129907aa
1982,1982,Family Fodder,The Big Dig,44135fbc-4789-4364-b419-674aaeed8b25
1982,1982,Fantasie,Liefde is net als snelverkeer,d4fd2c6f-8d8c-44cd-a54b-d56db672b315
1982,1982,Fantasie,Wij wachten op jou,9163e5bc-b4d1-4084-8190-5f09c2506562
1982,1982,Fantastique,Maria no mas,d85acbfe-436e-4185-adc4-5821285f627a
1982,1982,Farenheit 451,No va a suceder,ef602f0c-ccbc-42ba-9f47-a70b9770c969
1982,1982,Fashion,Love Shadow,05a035b1-07dc-333d-8eb1-f0bfa80aa549
1982,1982,Fat,Livin' Like an Outlaw / When Will I Meet You,6019b561-acee-4090-988d-931d37520169
1982,1982,Fat Larry’s Band,Act Like You Know,9052cd3e-75c3-43df-a64f-c409991001fd
1982,1982,Fat Larry’s Band,Zoom,9efe9d15-4e06-46c4-b1f5-62f38b46d895
1982,1982,Fatback Band,(Are You Ready) Do the Bus Stop,7b4f037e-4240-48f3-b789-a90541305763
1982,1982,Fearless Four,It’s Magic,c5c3e41f-5c0e-31c5-a4b3-c94afd3c053c
1982,1982,Fehlfarben,14 Tage,151fb781-685d-4ece-9f24-122a8361cd73
1982,1982,Fehlfarben,Es geht voran / Feuer an Bord,1c4dc151-f7dd-4f66-8be8-6cf9234e57b4
1982,1982,Felix and Jarvis,Flamethrower Rap,0702ba92-d027-4fbe-89d2-20084086fd7b
1982,1982-09,Felt,Trails of Colour Dissolve / My Face Is on Fire,1632bb5f-66f6-4095-a5da-dbf7746a9a4c
1982,1982-10-05,Fernando Echavarría & La Familia André,De oro,3c7cb97e-337b-4aed-9589-6d801749991e
1982,1982,Fernando Martinez con Chagrin d’amour,Todo el mundo hace lo que quiere (Chacun fait (c'qui lui plait)),67c514fb-90ad-42e6-9338-512e363b691c
1982,1982,Fiat Lux,Feels Like Winter Again,e45b79af-8ca2-434a-a708-513ceec22a63
1982,1982,Finesse,Feel It,58132fa9-8a88-493a-a63e-4457d82516a2
1982,1982,Fire-Orkest,Altijd vrolijk,1d60f708-6db1-4094-9873-5fc03049fd70
1982,1982,Fire-Orkest,De beste piraten - - popcorn,6fd8c837-1e96-4982-8da6-f26059abb0ec
1982,1982,Fireplays,Allein,ccd6b35a-5078-4674-99a2-39883e594312
1982,1982,Firlefanz,Du kannst mich mal...,b9495060-340e-451f-8bcc-e1edea167975
1982,1982,Five Letters,You Sky Me,faf5d449-59b7-4ed5-a7a9-63da418c6d59
1982,1982,Five Sinners,Magic / Precious Lies,dcb56eba-0827-49b4-b586-5ac1ee21845f
1982,1982,Flaco Jiménez,El pantalón blue jean / Los tres sabinos,54a58d4b-1206-4972-9715-0fd472e89535
1982,1982,Flash,Música electrónica / Esta vida,32195e2e-596f-49d0-9ced-47b174148577
1982,1982,Flash and the Pan,Waiting For A Train,dbc6b7b9-ee66-4930-9efb-c77e825c039a
1982,1982,Flash and the Pan,Waiting For A Train (Long Disco Version),610dfde3-8f52-4558-a0c3-3e66f76b2763
1982,1982,Flash and the Pan,Where Were You,f1ea9171-f3fe-472c-9276-beec11a8452e
1982,1982-08,Fleetwood Mac,Gypsy,423b46c4-9e51-4abc-917c-d612aa6612c7
1982,1982-06-08,Fleetwood Mac,Hold Me,87115e7e-b68a-3a31-ae23-475b5313de91
1982,1982,Fleetwood Mac,Love in Store,3de3eed5-7332-40b3-870a-dbbd097779a1
1982,1982,Flipper,Get Away,5ceadf90-17ff-4c8a-a26f-1357a6659c32
1982,1982,Flying Saucers,Rock With Me Baby,3d3c13c7-e506-4613-92e8-d8953963d69d
1982,1982,Flying Stars,Kermis / Margharita,da51b076-e7fa-47c2-94bc-b402ea04d98a
1982,1982,Flying Stars,Silver Lady,5fe90fa4-4eb0-4659-bce5-7fb639a74ea8
1982,1982,Flying Tigers,We're A Pair,342d72f0-0c3f-4726-849a-3d09c71c2748
1982,1982,Foetus Over Frisco,Custom Built for Capitalism,a9bab149-9995-446d-bb92-ffd3cca748b7
1982,1982-04-19,Fonda Rae,Over Like a Fat Rat,e59f5f60-2e73-344f-9ae2-23f31530231f
1982,1982,Forecast,Happy Days (Hip Hip Hooray),83ccae03-a561-4958-b611-306740728953
1982,1982-08,Foreign Press,Climbing,1043ff5e-a0f6-3fb2-b138-441e7b935178
1982,1982-02,Foreigner,Waiting for a Girl Like You / Feels Like the First Time,e56b60cb-9df4-4fe0-948d-b74517f50b44
1982,1982,Formatie Mix-Up,Sandy,2202ee94-43fc-4321-bfbf-b016a2f3019b
1982,1982,Forrest,Rock the Boat,950209c9-426a-4e2f-a869-de28d5496943
1982,1982-06-10,Forrrce,Keep on Dancin',3cd6a73f-644b-4172-9244-734aa2c935e1
1982,1982,Four Jets,Dag etter dag / Ung igjen,2d2f9c0a-517b-40cc-9473-3922b8713bba
1982,1982,Fox in Socks,Sound Patterns,ddebc490-448a-4997-9ab2-ca3cd386ed82
1982,1982,Fracture,A Sign,37a8f959-0182-44d9-a124-fc36f03e677d
1982,1982,Francis Lai / Michel Legrand,Extrait de la bande originale du film Les Uns et les Autres: Ballade pour ma mémoire / Serenade for Sarah,ea1dbe05-89d1-4f01-8abc-8f2d4675eaa0
1982,1982,Francis Lalanne,"Je veux t'aimer, j'veux pas mourir / Fais-moi l'amour, pas la guerre",9d1b647f-6d1a-4268-bf30-af4556040c4c
1982,1982,"Francis Thompson, David Marsden",Italian Man / Loving So Good,1cc53268-b9ca-4efc-9643-1af0cf793f2c
1982,1982-05,Franco Fanigliulo,La Liberté,abee6d66-04ca-49e5-9b1a-20f2678273d2
1982,1982,Frank & Brigitte / Mike & Brigitte,Felicity / Veel is 't niet,3282fc97-0cc2-4abe-8d30-17644098e43d
1982,1982,Frank Boeijen Groep,Fantasie / Liebling,e82dddb5-123b-40c9-a150-cba03cf41e33
1982,1982-12,Frank Boeijen Groep,Het antwoord (Alle Menschen werden Brüder) / Sneeuwblind,8357c3eb-59a0-46ec-9683-41960886d746
1982,1982-09,Frank Boeijen Groep,Zo mooi / Verrekijker,5bdc6a6d-4f00-41c9-a3a9-e896928820db
1982,1982,Frank Ifield,I’ll Remember You / Joanne,550ac66c-6924-4b41-b7e1-e0bcb485b25c
1982,1982,Frank Zander,Da Da Da,be597f34-dafc-436d-9579-9c828dde88d5
1982,1982-05,Frank Zander,"Da da da ich weiß Bescheid, du weißt Bescheid",ca48bdf9-8464-472b-b767-dab5bd3c198a
1982,1982-03,Frank Zander als Fred Sonnenschein & seine Freunde,Der Ohrwurm,e5030ff2-992c-497a-a6db-9cf599508b22
1982,1982,Frank Zander als Fred Sonnenschein & seine Freunde,Pack' die Badehose ein,96caf7ae-3f3d-42db-89ee-c3ce2949ec72
1982,1982,"Frank Zander und ""Herr"" Feldmann","Ach, du weißt ja nicht wie gut dir’s geht",864fb710-7d3b-4a6a-bbfc-84efb4a50fa6
1982,1982-07-05,Frank Zappa,Valley Girl,a69a20c0-f31d-3040-8713-ade150cd7422
1982,1982,Frankie Laine,A Woman in Love / Wheel of Fortune,611fcadf-f0c0-4815-a053-dcce3b48a789
1982,1982,Frankie Laine,Answer Me / Jezebel,3d1b0352-abe4-4452-a07d-f392329578f2
1982,1982,Frankie Valli,Can’t Take My Eyes Off You,0ef3ac89-c42a-320d-87e0-cb86de2ac826
1982,1982,Franky,Rosemarie,6350c61d-3ee3-43e4-b62b-2469484a7bde
1982,1982,Franky B. Band,Marie,1a730e75-e725-4042-afb9-8e4414ca2db9
1982,1982,Franky Boy,Palomita,28b84fa8-dd5f-4f90-9d63-d1230cf66730
1982,1982,Frans Kunst,Zigeunerkind,c2a0556c-15c5-4357-86d6-0c475cd22a38
1982,1982,Frans Mijts,Finish / Champion,aece668b-5f9c-472f-a166-23c1f01c8897
1982,1982,Frantix,Face Reality,095f60cd-4c1e-3876-a013-4dfd4af664ec
1982,1982,Franz K.,Dies ist auch mein Land,171985cf-95de-4edd-84fc-2ebdfb8bad2a
1982,1982,Franz K.,Wir haben Bock auf Rock,b31a331b-91bf-43bf-bffb-27bcfda292eb
1982,1982,François Thévenon,"En rocker, en crooner",ee63f4d4-7c43-4f84-b4c5-8201f675cf55
1982,1982,François Valéry,Oran Juin 62,40cb7fb6-dbbd-4895-9c10-0f717c6c4956
1982,1982,Françoise Hardy,Quelqu’un s’en va / Tirez pas sur l’ambulance,a9d345d7-e5aa-451c-928d-e5c8d1c2056d
1982,1982-01,Françoise Hardy,Tirez pas sur l’ambulance,96cd1012-e666-4c91-93e6-86cab19957a4
1982,1982,Frau G. Pazourek,Tarzano aus Milano,a2edcb70-2e58-499b-9409-d320d76ef709
1982,1982,Frazelle,Today Is the Day (You've Got to Love Somebody),7ef1206d-aef5-4a35-8e71-dd3a39b40b72
1982,1982,Freak Brothers feat. David Christie,Saddle Up,c60074f2-1aa1-47d7-9253-5c0d488f4d6b
1982,1982,Fred,All Rights Reserved,f0b82570-50dd-4000-8703-bcc124cb3932
1982,1982,Freddie James,Don't Turn Your Back On Love,c4bf1f93-a1fd-478a-baf5-5efaed8d9413
1982,1982,Freddie McGregor & Stranger Cole,How Can You Mend a Broken Heart / Black Son,4be80e2d-7dba-408c-acb9-e9a0aeedeb53
1982,1982,Freddy Quinn,Adios Maria / Da war ein Glanz in seinen Augen,593acb1e-754a-498d-9ba6-71551c804652
1982,1982-04-01,Freddy Quinn,"Wer dem Wind gehört / Wer verzeiht, bleibt nicht allein",91168d1f-9238-421a-92d0-51f20b7ccef0
1982,1982,Freddy Waterman,"Mensen, mensen",8a4631c7-2110-449f-8cc0-ffdb69bee7f8
1982,1982,Freddy’s,El tren,e309fcf5-ff58-43cf-8ac9-ab9950510ce5
1982,1982,Freddy’s,No se'as niña / Lágrimas del alma,7733b12f-b58d-4db2-b22e-ad34f9f57d2a
1982,1982,Frederick Fluweel,In een gouden medaillon / Ik zal geen traan meer om je laten,c9f27b2a-fc8a-4038-80c9-71dd0c8d97b3
1982,1982,Frederik,Tyttö kuin tiikeri / Kun rakastaa,a905e8c0-6b85-42a8-8fbb-2cea35c52c9c
1982,1982,Fredrik von Gerber,De e bara du / I dina ögon,2c9dd47c-59db-4da8-803f-c45d6818e7cf
1982,1982,Fredrik von Gerber,Ge mej tid / Nattjam,a10e9c1a-2434-4759-9f31-40544ec15807
1982,1982,Fredrik von Gerber,Innegay,f418ca4b-107b-4d63-9854-cf8cc70ae126
1982,1982,Freestyle,Ögon som glittrar,adf282ff-f133-4c9f-8c6c-ce7a585051e8
1982,1982,Fresh Air,De muzikant,47ca78dc-cf2d-4fa0-96dd-181d60de8475
1982,1982,Frida,I Know There's Something Going On / Threnody,0aa7cb39-15cb-3360-a8d5-ef152ef87950
1982,1982-11,Frida,To Turn The Stone,5cc7a952-11c9-48f5-ac78-9e957a1f013c
1982,1982,Friskt Vatten,Vårlåt / Köp död,a1bee55b-1593-44f6-ba5d-b0dbc5319d97
1982,1982,Frits Hubenaar,Die tango / Oude zeeman,1cf6f6eb-5ee3-4bac-85ed-025061ef4847
1982,1982,Frits Rademacher,Loeënde klokke / ’t Huikske,49a294fa-0b3f-44f9-883d-866bcdf2d40e
1982,1982,Frl. Menke,Hohe Berge,017fac42-2d6a-4f21-8197-3d855f0f90b5
1982,1982,Front 242,U-Men,0df16852-e8b1-38ed-a9a6-4c1e27bdb425
1982,1982,Frontline Orchestra,Don't Turn Your Back on Me,f2021d22-742f-4ba6-bb26-2c5e322961e8
1982,1982,Frozen Fire,Den mogna kvinnan,a5b63c9d-1dc0-465b-9f18-cac11348d7b7
1982,1982,Fruitcake,I Like The Way,ef825b98-75d5-42fc-ba7b-c78c31c06bf1
1982,1982,Fruitcake,I Like the Way / A Little Place in My Heart,dbaee671-8b7f-4d32-9d67-f798d7688001
1982,1982,Fruko y sus Tesos,Llueve que llueve / Me fascinas,e6cdb23b-866d-4fe8-b169-b09db927627c
1982,1982,Frédéric François,Adios Amor,cb49f7fd-339f-4788-bf0b-c517f57733a1
1982,1982,Full Moon,Cross Country Man / State Of The Artist,27cd2d7b-6590-4eca-8748-ca7072163a35
1982,1982-07,Fun Boy Three,Summertime,6efd4e41-88a2-4d14-b072-3ab8b6a42fa0
1982,1982,Fun Boy Three,The More I See (The Less I Believe),9f795783-263e-4e98-bc18-6aea206cc315
1982,1982,Fun Boy Three,The Telephone Always Rings,370914eb-65fa-4475-a4c6-5f55237c5c96
1982,1982,Funk Machine,Dance On The Groove (And Do The Funk),7726118d-04c3-4e1c-bdf7-fce2218a5602
1982,1982,Funkapolitan,Run Run Run,630472a6-7c13-42ec-bb26-1d51d7e6e8fa
1982,1982,Funky Four,Do You Want to Rock (Before I Let Go),8977ef6a-8283-3dd0-a93b-79940a24c4a0
1982,1982,Futura,Feelin' Hot,48fb3898-502f-41af-989f-b3de627b1722
1982,1982,Future Heroes,Antmania,ca7f7627-06ef-4bf0-ad21-dc2195bc8f5e
1982,1982,Future World Orchestra,Theme From E.T.,a91db613-92d1-4066-9835-174cbe7eb872
1982,1982-05-07,Füsun Önal,One Way Ticket,5200706f-122d-4b88-8df2-36985faf5c96
1982,1982-03,G. G. Anderson,Jim and Andy,331661e7-80e8-4b51-8423-1ae6ed844afa
1982,1982-10,G. G. Anderson,When Your Heart Is Cryin',af4dd872-d49c-4274-bba0-9b119b8b13d9
1982,1982-11,Gabinete Caligari,Obediencia,4f68ddd4-85b3-4beb-b30a-04b43f2acbcb
1982,1982,Gabinete Caligari,Olor a carne quemada,12c0e09d-6bbc-438e-a1cf-20f5316cef9b
1982,1982,Gaby Rückert,Guten Tag,5dbc6ed3-1775-4ad7-9e37-03eeea7f1757
1982,1982,Gail Davies,Round The Clock Lovin' / You Turn Me On I'm A Radio,670e0052-870b-4f21-9537-31b1b898bb7c
1982,1982,Galactic Nomads,Jupiter,c248c55c-a6f2-4715-a624-1300db390c7e
1982,1982,Galaxy,Head Over Heels,7888a195-4489-4e1c-bc23-6b70f78560e5
1982,1982,Galy Galiano,"Frío de ausencia / Yo seré, tú serás",a9f2d105-8e9d-41b4-b77d-848db4b579b1
1982,1982,Gang Bang,Softkalas,63ccd5aa-18a8-496b-ba0d-748fd662befc
1982,1982,Gang of Four,Call Me Up,66613433-e496-4a2c-a550-92d10b5cb5de
1982,1982,Gang of Four,I Love a Man in a Uniform,cd4cd4e2-102f-44c1-8253-d6571911834a
1982,1982,Gang of Four / Five or Six,Lord Make Me a Cowboy / Black Balloons Drop,811b96e5-7d9a-4bce-bdd4-d5b73ee622fe
1982,1982,Garnon Davies,Mor Unig Yw'r Nos,ecfc2cc6-c793-45a5-9874-546fc652fdaa
1982,1982,Gary Low,You Are a Danger,894be84e-e2a0-43d3-9fc0-c85be675f1f0
1982,1982-03-06,Gary Numan,Music for Chameleons,c8a6a0ac-aa9b-48dd-be21-51daa1f22dca
1982,1982-06,Gary Numan,We Take Mystery (to Bed),99528182-7650-441c-aa4c-c5a19b55c033
1982,1982-08-20,Gary Numan,White Boys and Heroes,234d9d30-bb73-476d-bab7-4662d016ad78
1982,1982,Gary Toms Empire,Sexy Lady,7a0a105d-71cf-4b99-b7ae-69a1cff697e2
1982,1982,Gary Young and The Rocking Emus,Rockabilly Heaven,6cdd0b52-0210-4579-9a49-99af9dfb1bd6
1982,1982-10,Gary's Gang,Knock Me Out,0f004514-dc4c-4b15-8af9-dd1c61e46324
1982,1982,Gate,Arabian,170a87ff-0028-48b2-85f5-01ce5081f16e
1982,1982,Gay Cat Park,I’m a Vocoder,2c899ea5-c612-4acb-acf7-3fbe70d423f3
1982,1982,Gazebo,Masterpiece,58db2b7e-4542-3ddb-bf18-5daa038eda7f
1982,1982-06-28,Gaznevada,(Black Dressed) White Wild Boys,729fd149-a0ec-463c-bf84-b4defc337af7
1982,1982-05-28,Gaznevada,Ragazzi Dello Spazio,eb6fd5df-9b23-4805-8c55-8579a85ed8d4
1982,1982,Gebroeders Brouwer,Il silenzio,c4db7c53-896d-4351-ab69-b2a392597c72
1982,1982,Geddes Axe,Sharpen Your Wits!,6b48a8a7-3934-4951-b28b-2969ada0e3cb
1982,1982,Geertje Spijkerman,Blauwe ogen en blond haar,f33ed666-a0e3-4344-9ab2-7535940f70dd
1982,1982,Geile Tiere,Geile Tiere / Ausbildung,5e602d1f-ef4a-4164-874f-0ca3e3df8799
1982,1982,Geke,Ik laat geen traan...,aeb5158c-c367-410d-b018-10c5ecae4f91
1982,1982,Gemma van Eck,For The First Time / It's Me Or Jane,f35f93c7-2e11-4c10-ae70-23dbd036dcfd
1982,1982,Genesis,Paperlate,fb5616c8-779e-4d52-9d6d-3a17861396d2
1982,1982,Genesis,Paperlate / You Might Recall,2b5f3270-522d-355c-80c7-f1320d2d3c32
1982,1982,Geno Jordan,You’re a Peachtree Freak on Peachtree Street,27423da2-cf9b-4465-a98b-749b1d58ba0f
1982,1982,Genocides,Is That Alright?,3a070c6b-564c-48a2-8a0d-4a7e9432b6af
1982,1982,Georg Danzer,Gib mir die Kraft,9df6cd5e-8a44-493e-9a72-b0a8833609cc
1982,1982,Georg Danzer,Mein Leben,2a028bf8-1ac4-4f1a-9ec7-9402b84882b1
1982,1982,Georg Danzer & Band,Jetzt oder nie,779bab6e-4dfa-4075-bf21-6d0839f1a0be
1982,1982,George Chakiris,Réveille-toi,8afbcd16-697c-433e-b7e5-ceb3382ef148
1982,1982,George Clinton,Atomic Dog,43cbe527-9db1-3122-8e70-e154f48405c4
1982,1982,George Clinton,Loopzilla,1a4e8d0e-35e0-4a17-84ce-9fdcdc9958cc
1982,1982,George Duke,Shine On,d2a7a356-6068-4000-a52b-422018321f56
1982,1982,George Harrison,I Really Love You,f8bf255e-7fe9-4398-aa9e-8c689dc46eda
1982,1982,George Harrison,Wake Up My Love,3ab40e0b-b671-4557-85f9-ba264fcef504
1982,1982,George Jones,Shine On (Shine All Your Sweet Love On Me) / Memories Of Mama,834172df-624c-4a75-9d57-379be1221e04
1982,1982,George Jones / Merle Haggard,C.C. Waterback,54b476cc-41c3-4085-ae60-baf5662bd0db
1982,1982,George Strait,Fool Hearted Memory,8a0e368d-b463-4bc9-85f3-d69640b0ef31
1982,1982-09-17,George Thorogood & the Destroyers,Bad to the Bone,bc2e2e4d-077a-4753-83c9-83b6b4fc4b61
1982,1982,Gerald Mallory,Lay It Down on Me,b08507bf-4078-4b2f-81cb-64b655a3a9c4
1982,1982,Geraldine,Have I Told You Lately That I Love You,4897833a-8eec-477a-beee-ebde4f44efb6
1982,1982,Gerard Schoonebeek,Rueben James,d21905e3-3af0-401e-a939-5f43330dfcb4
1982,1982,Gerd Christian,Denn ich bin nie zu Haus,71809d96-f09b-45a9-9999-8a43b2cd538a
1982,1982,Gerhard Schöne,Jule wäscht sich nie,586bff5b-009a-4275-ab94-3eef1300b561
1982,1982,Gerrie Boes,Zeg mooi meisje,e65b837c-6277-4ea8-a502-261b66722897
1982,1982,Gerrit Dekzijl,De ballade van opa,cf8b7e5a-d88a-4331-82d5-3a991caadafb
1982,1982,Gerrit Golf,Van je binke banke bonke,eedd38a2-d89b-4977-889d-e430dc703bbd
1982,1982,Gerrit Trip,Ik ben bang voor de bom / Vrijheid,a584b8f4-51e2-4024-99f2-d9c9bf4965ec
1982,1982,Gert,Zomerzon en het strand / Bloesem van Tahiti,f024e1d0-a5c0-496f-91a9-fea755624676
1982,1982,Gert Engels,He kijk toch niet zo kwaad,60f484c0-2129-468d-b9b8-a01985c662b7
1982,1982,Gert Engels,Maar voor jou besta ik niet,88ab1f3f-6249-4583-afd0-ce4dbeb40ecd
1982,1982,Getty,Madame / Weet je nog wel,587a66f2-6f2f-400f-b2d6-061f43c57090
1982,1982,Getty Kaspers,"Ik wil je liever niet meer zien / Voor jou, voor mij",6b8175f5-8083-45ed-bbfd-6bd03595ecf7
1982,1982,Gift of Dreams,Funkincise,4947ad0f-5504-49d6-9530-2310cd52ee36
1982,1982,Gigi Garner,Heartbreaker / All My Love,e844c50f-9195-40b7-95d6-e90dac3dd6d4
1982,1982,Gigi Hamilton,My Coo Ca Choo,24cf4801-09de-4c37-97f5-6c23b7dd7c9f
1982,1982-05,Gilbert Bécaud avec les Chœurs de Radio France,La Française,17353aac-5e0b-477f-916d-0b89a61e47ed
1982,1982,Gillan,Living for the City,15c38903-87c2-4df7-8cd0-4d0ece7f9d54
1982,1982,Gillan,Long Gone,b587530f-ffc8-4a2d-80b9-6b273d19effa
1982,1982,Gilles Langoureau,Un jour viendra couleur vodka orange,e2bd1824-c570-4182-986c-c45801093677
1982,1982,Gino Palatino,Vendetta A Parigi / Rififfi Sül La Strada,f162589c-0dfe-4008-bebf-58d212c2e27a
1982,1982,Gino Vannelli,The Longer You Wait,2206533b-283e-458d-8cb7-c39f1611be79
1982,1982,Girlfriend,Lay Your Love on the Line,ec0eb5a4-9fb3-4cb0-aee8-2a490b5e7210
1982,1982,Girls Can’t Help It,Baby Doll,aef45421-6c51-4a86-9089-85c221c6dfc2
1982,1982,Girlschool,Don't Call It Love,7302984d-b650-4192-9e65-5bcbc84d3172
1982,1982-06,Giuni Russo,Un'estate al mare / Bing Bang Being,1aed3cc9-c0ab-4cab-aeb8-ec37c84e4618
1982,1982,Giusto Pio,Legione straniera,36dc76b5-a5ba-4857-ae2e-439f08655b6c
1982,1982,Glamour,Jag Vill Dansa,e7308e41-aad6-49d7-937c-4211abf085a3
1982,1982,Glass,Let Me Feel Your Heartbeat,b0e02f8a-f632-410d-8e05-75627679be99
1982,1982,Gleaming Spires,How To Get Girls Thru Hypnotism,75176ffc-1bf9-48fc-b58d-5cc97fda07a9
1982,1982,Gleitzeit,Ich komme aus der DDR,5fe4174a-69a5-3a09-af0b-923b9234a49c
1982,1982,Glenn Shorrock,Angry Words,7871792d-984f-4435-b843-1db9a01dbfdc
1982,1982-10,Glenn Shorrock,Rock 'n' Roll Soldier,2f261ec3-32ec-4d59-9ec5-68f3e2ad58ad
1982,1982,Globetrotter Trio / Willem Sonnema,Ode aan de vrije vogel / De kraanmachinist,f2179f24-f213-4f4b-aa99-04a834a5506c
1982,1982,Globos,Tintarella Di Luna / Twisto Globo,ee03ce11-bbdf-4184-b93a-b35f8da69dae
1982,1982,GM49,Kötöde,537bc8b3-c464-4bc8-921b-0f452e4c860d
1982,1982,Go 2,I Like My Own Company,912d582d-2131-4676-8e57-2529f8f2fea1
1982,1982,Godert van Colmjon & Jan Lemaire,"Zuiderzee-ballade / Is het waar, opalief",cf5dbb87-2144-454a-a0ee-53f881123e99
1982,1982-10-01,Godley & Creme,Save a Mountain for Me,0938957f-7e1e-4ab7-83ec-55f63ed84c87
1982,1982-02,Godley & Creme,Snack Attack,1bd11e23-d0f7-4e01-b48d-da7462ea9fc9
1982,1982,Godot,Mannesmacht wird schwinden / N.Y.,83524099-ca53-4406-82b0-bf4bd9f2a40f
1982,1982,Golden Earring,The Devil Made Me Do It / Shadow Avenue,721583e5-01c4-4e6a-a5d8-7e9c2d91d705
1982,1982,Golden Earring,Twilight Zone,fd12addb-451d-465d-8168-a9962ceeb45c
1982,1982,Golden Earring,Twilight Zone / King Dark,322718e3-403b-49bc-be00-722805bbe01a
1982,1982,Gompie m.m.v. De Music Boys,Dat ene verschil,f9c5eb72-98e5-4cd9-85ad-331c4b85c77e
1982,1982,Gompy Dompy Band,Madame,d0f34f1d-2601-492e-b1d5-bf42d1fe89a0
1982,1982,Gonnie Baars,Als je goed om je heen kijkt / Geen centje pijn,af7c27d8-9be6-4fe1-860f-ffb8ef177bc3
1982,1982,Goombay Dance Band,Robinson Crusoe,731075ad-43f0-48c7-a2b9-d038d2821d40
1982,1982,Gotham City,Gotham City,9d02de1d-5be1-4b3c-bd3f-b7c0eb8d5cc3
1982,1982,Gottlieb Wendehals,Damenwahl,a7329507-e617-4286-a8e1-838e72326e1e
1982,1982,Gottlieb Wendehals,Der Ohrwurm,b678adec-a403-4967-8577-352884cd61bf
1982,1982,Gottlieb Wendehals,"Jap dadel dip, dadel dup dadel",3c6cd556-f3c8-4d63-a8a2-25c3e9b0b373
1982,1982,Gottlieb Wendehals,Polonäse mit Getöse (Von Kufstein bis nach Wien),0658af05-5960-4429-8257-5c2ea276eb5f
1982,1982,Grace Jones,Nipple to the Bottle,35a9e5cb-8c40-46c4-a73d-4d9e038c8677
1982,1982,Grace Jones,The Apple Stretching / Nipple To The Bottle,48bf25c9-6e94-47d8-b17c-9d23414c9c7f
1982,1982,Graffiti,Silent Talking,faa1b082-7f2f-463c-963e-f1174820af02
1982,1982,Graham Parker,Temporary Beauty,73bb68ec-3278-4e43-b717-e6d298ec2f7d
1982,1982,Gram Parsons and the Fallen Angels,Love Hurts / The New Soft Shoe,cf2c92b0-3c95-4ea3-a045-4bb181742835
1982,1982,Grand Jojo,Jules César,53dfd700-123a-4ebb-9897-b88d9a0ea1db
1982,1982,Grand Wizard Theodore & The Fantastic Romatic 5,"Can I Get a Soul Clapp ""Fresh Out the Pack""",355d3430-715a-3af0-98c9-f69db28dbc14
1982,1982,Grandmaster Flash,Flash to the Beat,2acb2797-08b5-3468-9fbe-77deb2f92376
1982,1982-10,Grandmaster Flash & The Furious Five,Scorpio,8352cda6-6b07-4087-a6ce-4dd3098c602b
1982,1982-07-01,Grandmaster Flash & The Furious Five,The Message,bed206ab-195f-4c85-8d2a-09e4f14d7697
1982,1982,Grandmixer D. ST. & The Infinity Rappers,Grandmixer Cuts It Up,4d23969f-1493-46e1-97e5-dcdb6047d041
1982,1982,Grauzone,Träume mit mir,9b195837-3e81-4625-8763-9688af7c2de9
1982,1982,Great Lakes Orchestra,This Is the Night for Loving / Didn’t I Tell You,0d92f249-0367-4b44-949d-943f8c836916
1982,1982-09-16,Greg Henderson,Dreamin',31b6b33a-b6f3-4976-84e3-62a4601992e1
1982,1982,Grobschnitt,Wir wollen leben,1e8df38a-0bf5-31e8-a01c-1ad719642cb1
1982,1982-05,Grosse Freiheit,Die Moschusfunktion,d6723280-2331-498e-9d87-89e272b0bd79
1982,1982,"Grover Washington, Jr. with special guest Patti LaBelle",The Best Is Yet to Come,b1dab27a-1289-4174-9599-ffcec65c69d2
1982,1982,Grupo Sabor,La negra ine' / Watusi de trompeta,54c9b101-ca95-4977-be04-ff1cad0a1873
1982,1982,Grupo Swing,Chica liberal / Bosque solitario,e8bb7899-d874-44a3-bd94-28b37cde6e9f
1982,1982,Gruppenbild,Tranquillity,731c9b30-f22c-4171-80fd-a4de7b5103ba
1982,1982,Guacharacos de Colombia,Mamá buena / Madrecita mia,0529fdbe-2fe1-42f4-b0ee-61f57cbf8735
1982,1982-01-01,Gualtiero Lami,Un'onda scivola,81d290cf-cd59-4f2e-af73-aa346e9050e6
1982,1982-04,Gunter Gabriel,Ich tanze nie mehr eng,a8cb793a-b436-457f-9340-203f99774af0
1982,1982-07,Gunter Gabriel,Komm nach Haus (Und wein' dich aus bei Daddy),0f7c63c8-1e04-4589-a233-96892b09b57e
1982,1982,Guru Deepak,Sahara Girl,32113963-86c0-42ce-90bf-d9fa24cf1a46
1982,1982,Guus,A.B.C.,c5b1bdb5-70c7-49c8-85a8-0d71a58e4491
1982,1982,Guy Béart,"C’est la merde (La Chanson ""Porte-bonheur"")",b6227666-20f6-4274-b96a-913e13dc6efc
1982,1982,Guy Marchand,Taxi de nuit,3048bbf7-196b-43f6-80ac-85daea8977b0
1982,1982,Gwen Guthrie,It Should Have Been You,576a6116-3794-4dca-a5ea-11b54df98d67
1982,1982,Gwen McCrae,Doin' It,4de55246-7c48-4e06-98d0-63aad2645291
1982,1982,Gwen McCrae,Keep the Fire Burning / Funky Sensation,3834191a-01f9-4f24-9f10-272a34296efc
1982,1982-12-07,Gyllene Tider,Flickan i en Cole Porter-sång,8908b497-a776-45db-b75b-c5f5b9218c56
1982,1982-02-15,Gyllene Tider,För dina bruna ögons skull,a5e73dfe-e868-4f71-ae16-5d65cb21df3a
1982,1982-06-18,Gyllene Tider,Sommartider,31c2fd4e-e655-4160-af49-7fdb36406736
1982,1982,Gypsi Fari,Can't Keep My Mind Off the Girls,de671f4a-c510-4042-b1e4-f34d31b08761
1982,1982,Gypsy,III World War / Explosive Hangover,4cba2a3a-ebf9-4452-b287-b3b3a67ade0a
1982,1982,Gérard Berliner,Louise,583dd30f-ae3d-48ab-8295-a0873d445ba1
1982,1982,Gérard Berliner,Voleur de maman,5a427d09-cce4-4c03-bfd5-1cc03bb30b97
1982,1982,Gérard Layani,Emeline,f9fcfd6a-f99e-4399-935e-4b94e20a4330
1982,1982,Gérard Lenorman,La Petite Valse / Chanson d'Innocence,c1d4135f-6b89-4663-9fc0-4673ca437c6f
1982,1982,Gérard Lenorman,On a volé la rose…,ff31146c-5ed1-4351-888e-213f96aa5359
1982,1982,Gérard Palaprat,S'aimer davantage,52f3c0ae-0c57-4006-ace3-45ab9efc0247
1982,1982,H2O,Håll i mej / Ingenting alls,017bc6b1-b8dc-43c8-a135-bca0a933a112
1982,1982,Hades,Deliver Us From Evil,31b7fb2c-fb69-4f68-8744-2c974f541b35
1982,1982-03,Haircut One Hundred,Fantastic Day,f20cd9ac-73d2-4e8d-9e25-6387b306efd8
1982,1982,Haircut One Hundred,Love Plus One,ee7e177d-25d9-3a27-a9e7-edf72a142b87
1982,1982,Haircut One Hundred,Nobody's Fool,8ec45914-2fd3-47a9-9aa5-cad9f37935d8
1982,1982,Halid Bešlić,Pjesma Samo O Njoj,842a09fd-a6f0-43fb-89a8-9f9f27cd746c
1982,1982,Hall & Oates,Maneater,9132d8bf-6dd8-30dd-bae2-fd7171391225
1982,1982-06-05,Hall + Oates,Family Man,195fad5e-cf73-3bd7-9ed0-5f710fc2b50f
1982,1982,Hallucination Company,Ich bin verrückt / Madhouse,f491b92d-9105-4b71-87b8-cab3ec127b48
1982,1982,Hallucination Company,Plastic Doll / Eine Vision,6a48d890-598d-490c-ba83-bef54dda5b9c
1982,1982,Hammer Damage,Keep My Eye on You,9d96f1b3-8f11-3a59-9196-edc7560d8645
1982,1982,Hank B. Memphis,I Love You Baby,3ca814a1-d0ec-4ffa-b53b-0bdc24e87422
1982,1982,Hank B. Memphis,"Jij daar, in de radio / Neem me toch mee",63d3af63-7e65-4e24-aeb3-4c6e63dc92cd
1982,1982,Hank B. Memphis,Oh Julie / Ga je mee schat,f0f386c2-7ce0-44cd-82ad-c8e225a95100
1982,1982-11,Hanne Haller,Du und ich,57f0a1e1-ba3a-407c-8900-a3d067b45b03
1982,1982-06,Hanne Haller,Ich halte durch,d975d9e9-a45b-4160-bc61-31c751842e7f
1982,1982-03,Hanne Haller,"Ja, ich lieb' dich",75a516d1-ec3a-4cd1-b13e-17c2edf9c189
1982,1982,Hannu Saari,Päälle vaan / Kai tuuli saa sut lähtemään,44cef848-79d6-4f36-9446-5d2c65c92042
1982,1982,Hanoi Rocks,Love's an Injection,baf4703d-adae-4e33-ad3b-80091e737cbe
1982,1982,Hanoi Rocks,Motorvatin',b273b6d3-3601-40a2-873b-400065be68a5
1982,1982-08-30,Hans Hartz,Die weißen Tauben sind müde,546482c6-8766-4838-a712-7972f0d431f1
1982,1982-05-11,Hans Hartz,Sturm,e41243de-0f55-42c6-806e-bc918f3cc1ee
1982,1982,Hans Klieber,You Belong to My Heart / I Want to Know a Little More,9f38a9f9-1f90-49b5-807b-dd5a6f445805
1982,1982,Hans Oldersma,Ik slaap wel op de grond,c48d39e2-a9e4-43e3-a5bf-9f7318141488
1982,1982,Hans Vermeulen,Hilde / Gooi op,47caee38-cd67-466e-beff-0b6b1f481ff3
1982,1982,Hansi Lang,Ich spiele Leben,08398567-5b3c-37f5-bef3-46d1c91dc948
1982,1982,Hansi Lang,Monte Video,e9c68f19-141e-4466-bca6-a67e51ccc56c
1982,1982,Harrie Werk & Het Regionaal Samenroapsel,"Vught, wôr zijn oe buurten en oe pleinen / De vriendenclub",c5c35dee-94a3-41d1-9f01-226a5b14b621
1982,1982,Harry Klorkestein,"O, o, Den Haag",847c1e99-cb2d-436a-a8ba-8e918be3d9c7
1982,1982,Hasse C,Sista kortet från Berlin,c4a0af70-d776-4ecf-872b-13d466a6f18e
1982,1982,Hassisen Kone,Hiljaa virtaa veri,b7767fa0-4a3a-4d9b-a91c-b793e92ff1b6
1982,1982-03,Hassisen Kone,Levottomat jalat,4d253a82-b53c-47d4-9b9a-a941fab0e5ea
1982,1982,Haustor,Moja prva ljubav / Pogled u BB,e9f7e6a7-9f69-3c4b-824d-3569b90a54ba
1982,1982,Haustor,Zima / Majmuni i mjesec / Capri,bae0f3dd-c49d-3306-8a02-68775b38a8b6
1982,1982-08,Hawkwind,Silver Machine / Psychedelic Warlords,028273fc-cfc0-4dbf-9838-6aded57be46b
1982,1982,Haysi Fantayzee,John Wayne Is Big Leggy,11c3993b-69da-4adb-a10b-74b1bb67ff8b
1982,1982,Haysi Fantayzee,Shiny Shiny,af44061a-136e-4b6c-b68d-6c1cedc00d24
1982,1982,Hazard,Bistro / Rože za Elzo,cdb03d99-d0ea-45f4-afd2-521bb44d06ca
1982,1982,Hazard,Najlepše žene tek dolaze / Treba biti jak,129eab72-c799-4270-997a-1b469c3fd49a
1982,1982,Hazel O’Connor,Calls the Tune,17583daf-8cac-3d88-aca6-29dc8594b2b1
1982,1982,Hazel O’Connor,Ennal's Point,feb8c014-8b46-442e-a984-3ff124138644
1982,1982,Hazel O’Connor,That's Life,b7cd2569-f023-4ad5-a0e8-8c676d2d1f4d
1982,1982,Headleaders,Voices,5b5627c1-3352-48dd-a07d-14d0d2fb5aa0
1982,1982,Heart,This Man Is Mine,93f31132-abbf-4c02-bc94-1b33f16b0967
1982,1982,Heartbreak,Min tjej viker ut sej i Fibban,74dbddef-85a8-4e97-9a92-377be676d2b3
1982,1982,Heartbreak,Rösten i radion,726b4787-a647-452a-80d8-0bff31c29a05
1982,1982,Heartbreak,The Backstreet Kids,282bc35a-ed2b-4b9c-b09f-5a749bd1757c
1982,1982,Heaven 17,Height of the Fighting (He-La-Hu),4759665e-2e90-446a-8cf8-6d59682542c0
1982,1982,Heaven 17,Let Me Go!,3d65c9c7-4fdc-4b24-98c0-ee756c76b229
1982,1982,Heaven 17,Let Me Go!,7a6c041b-5f06-4ae3-b953-c045b27039ce
1982,1982,Heavy Load,Take me away,8762673a-d2e6-4d8a-99be-eaa7ec28c098
1982,1982,Hector,Omassa kotona / Uni 8?,2cef574f-986e-4dd6-b84a-72565b9c21f4
1982,1982,Heino,"Liebling, du tust mir so gut",f7a218a8-6dfc-409e-8af9-dce955424a07
1982,1982-03,Heinz Rudolf Kunze,Die kommen immer wieder,8d6dfe6b-6c61-4b4f-ad67-bd3b7567eb88
1982,1982,Hela Huset Skakar,Frihet,2bc4ea65-24b9-4027-b4ee-991b0293b21a
1982,1982,Helen Shepherd,Dank U,a6a55a66-57d0-4784-87db-7c1154152006
1982,1982-04-06,Helga Feddersen,"'ne Schönheit, Chéri, war ich nie",a193842d-00d6-488f-847b-d6d1cd5250c7
1982,1982,Helga Feddersen,Katzen-Polka,916188fe-aebb-4f64-9797-f4216cd12156
1982,1982,Helga Hahnemann,Jetzt kommt dein Süßer,a37547e6-4c25-483b-8739-4104780b708c
1982,1982,Heli Deinboek,Der Blechtrottel / Output Blues,b502d176-140d-4f6e-9bde-30d7202f154d
1982,1982,Heli Deinboek,I bin da Willy,ed0bd15a-6a4d-41a1-ac12-ccbfb1e9bbae
1982,1982,Hellre än bra,Vad du sa,0b1bb08b-3cf2-41be-b06c-1234e9094e7f
1982,1982,Henjo Hekman and Little Paul Harmonica,Terug naar Terschelling,57775932-c92e-4989-9077-1d557e1ba9e2
1982,1982,Henk Bruinewoud,Daar in dat kleine cafe aan de Brinkstraat,bce6d42e-3c4d-4f4a-ba95-0e5aa2ef6bb5
1982,1982,Henk van Tilburg,Mooi Hawaii / Vergeven kan ik jou niet,6f3ecf94-0125-4b98-a949-8ea61c7c337e
1982,1982,Henk Wijngaard,Bak roest op 18 wielen / ’n Trekkie van m’n sjekkie,9327e867-3777-44ef-92b2-f97c0716c0fa
1982,1982,Henk Wijngaard,Truckcar-race / Daar op de snelweg,0283b5ea-780d-4658-b02c-bd5bad033d5d
1982,1982,Henri Salvador,Ami oh / L'Homme facile,768ac55a-ab35-4297-8544-6ea4cc3776bc
1982,1982,Henriette Coulouvrat,Miam Miam Goody Goody,d78b0ae0-3a19-4cd9-8fe6-471702e62738
1982,1982,Henry Zimmerle y su Conjunto,Amaneciendo te vas / Me muero por verte,f0f4daf4-7aab-46e5-a0b3-813c1734e809
1982,1982,Hepie & Hepie,Blijf bij je man / Rozen voor moeder,52ce54be-2cb1-4b12-b1a7-1b481f29af87
1982,1982,Hepie en Hepie,"Babe, ik wil van je houden / Van mij mag iedereen het weten",4cf5e331-ba1b-4daa-84a6-8b1c3abb4428
1982,1982,Herb Alpert,Fandango,c6702cf8-e147-4057-a1ce-264d1f8a5db5
1982,1982,Herbert Grönemeyer,Anna,ed38321f-4160-4238-9949-d54b16ec062a
1982,1982,Herbert Grönemeyer,Currywurst,5d51f35a-5320-4149-bcf5-2371f13d0904
1982,1982,Herbert Léonard,Ça donne envie d’aimer,36ad56fe-d9af-400a-aaa4-b7b36e6d583d
1982,1982,Herbert Léonard,Ça pleure pas un homme / Portrait d’une femme,e8dcc60c-61c0-4440-ae6b-9c54ee8705a3
1982,1982,Herbert Windisch,"Hast Lust, hast heut was vor",066fca8c-4f53-415e-aacb-65a4ff99f74f
1982,1982,Herley Johnson Jr.,Do It,7ca6d401-2102-44ce-853a-7be21bc6ea14
1982,1982,Herman Bultman,Poelepetêutje,10f30889-60ad-4cd6-9f53-3523a8adc50a
1982,1982,Herr Marmelad & hans skorpor,Vår bäste vän,ea58a62c-a212-433b-898c-8375c7427a9e
1982,1982,Hertz,Willy Ritschard / Der Pilot,743f8935-9acb-466e-bd61-d01bec14cb14
1982,1982,Hervé Cristiani,Salve Regina,d5df8d57-10a0-42f6-8c3d-e4d55a475770
1982,1982,Hervé Vilard,La Révolution / Marie,c6b08507-4dcf-4419-80ad-0966dbedc8ca
1982,1982,Heróis Do Mar,Amor,9f6292a4-b72e-458c-8aec-aab6ce8ec9bc
1982,1982,Het Cocktail Trio,Ik hou zo van ’n keukenmeid,73a00468-7565-387d-a8fa-2858eec2ac56
1982,1982,Het Fireorkest,Op weg,e3e865ce-cc53-4855-ab66-0d1010a0b3ae
1982,1982,Het Goede Doel,Gijzelaar,bfc3db5d-2146-4afa-b146-a86f577629ce
1982,1982,Het Heidecombo,Danny Doubleclutch,60a5bbbf-6056-4a4b-958d-6398c062f0ca
1982,1982,Het Moonlight Trio,M’n duivenplat / M’n oudershuis,883361bd-b78d-4399-8e96-99f32f2f3588
1982,1982,Het Paloma Trio,Don Pepito,40b9e4d4-4c09-4224-9516-4603c349e0f8
1982,1982,Het Poepy Trio,Koekoek / Hoog in de bergen,2498402d-b6b2-4ad9-8c71-261200b625b4
1982,1982-10,Hey! Elastica,Eat Your Heart Out,024568b6-de80-45fe-9fad-69553c1e5336
1982,1982,Hi Voltage,Somewhere Beyond / Let's Get Horny,ed3c46a7-ac62-3483-8db1-37ba8237c45e
1982,1982,High Inergy,He's A Pretender,725b50ec-7b1c-4a68-9ec2-a079e547e119
1982,1982,Highway,Crazy Love / Niemand weet,f47ab809-b4c0-44e2-8bda-86d5337e8a6a
1982,1982,Highway,"Kiddy Kiddy, Kiss Me / Mijn prinses",f370c6a1-7677-42cc-88c6-558528440eca
1982,1982,Highway,Rozen hebben doornen / Jij bracht de zon in mijn leven,f84c0c2c-96a1-43a3-b423-9aa1084318ae
1982,1982,Highway,Shake Hands / Brief van een moeder aan haar jongen,ef7e05d0-aa00-4234-93d2-1bcbea6be6bf
1982,1982,Highway,Shake Hands / Lonely Guitar,8cda0979-b21f-4dc0-8ad9-131019feb87d
1982,1982,Highway,Times / Speedin’ Home,448d3649-6a3d-4c5a-812f-939ccab66e68
1982,1982-10-21,Hi‐Fi Set,miss you,51cb6749-db80-4658-94bf-17ceabadfb37
1982,1982,Hoffmann & Hoffmann,Ich spür dich nicht mehr,38066f70-27ed-402c-8492-bcc7c9af03d9
1982,1982,Holly & Joey,I Got You Babe,224bc772-e533-4613-95b3-32c180b5d51e
1982,1982-04,Holocaust,Coming Through,2f2883ca-85d3-39c9-8630-16d9992d241e
1982,1982,Holy Toy,Soldier Toy,5022de7a-cedb-454f-8b08-320e1b27c05f
1982,1982,Hommy en Emmy,Bij een bloemenkraam / In de stille straten,0ae6138c-1d19-43d2-a169-d333dd10e6af
1982,1982,Hommy en Emmy,De pottenbakker,b59a99e8-c0b0-4731-881a-4965e880238d
1982,1982,Hommy en Emmy,Moeder ik ben gered / Hoor ’t moet des Herders stemme zijn,e0ac109f-3c07-43f5-87cf-229210f0a47f
1982,1982,Hommy en Emmy,Welk een vriend is onze Jesus,f4a1cf1c-d569-4c27-9e9f-6b40a823c33b
1982,1982,Honey Bane,Wish I Could Be Me,c27e270e-27d7-41dc-abb6-54a9a7ca0078
1982,1982,Horace Martin,I Can't Believe It,34b60d44-5718-4fd8-8f58-abfd0a24d959
1982,1982,Horst Niemer,Vergeten kan ik je niet,f4fdeef4-f79f-453d-8381-bdb16ce0cf76
1982,1982,Hot Chocolate,Are You Getting Enough Happiness,c6487dbd-74f2-4f34-8a5a-7b90f602d8a2
1982,1982,Hot Chocolate,Chances,17c96070-1dab-4b43-98ac-71142655a331
1982,1982,Hot Chocolate,Girl Crazy,ca7046b3-f7fd-4ffc-9a61-46d82693a2a8
1982,1982,Hot Chocolate,It Started With a Kiss,83ebe2d0-7c10-415e-b59b-4a1db87c25c3
1982,1982,Hot Club,The Dirt That She Walks in Is Sacred Ground to Me,b1dd32db-fc5c-44e9-b02c-b4de60f15153
1982,1982,Hotel Morphila Orchester,Dead in the Head,4d49f329-b471-4a9a-badb-e63c92eee114
1982,1982,Hotline,Fantasy,36c9a364-bc3f-4de4-9bbf-ef6ae2a7b4a8
1982,1982-03,Howard Carpendale,Ich will den Morgen mit dir erleben,e842aa14-2c79-415f-b7f4-ff3f504f4483
1982,1982-07,Howard Carpendale,Morgen früh wirst du geh'n,184f97bd-ea78-43c3-bf95-20fc5fc67f26
1982,1982,Howard Johnson,Keepin' Love New,e9fd2083-ec0e-48be-aa59-f366c6e93a3f
1982,1982,Howard Jones,Howard Jones?,710ae9d6-f01d-4aa5-935e-4ba3ceba29b5
1982,1982,Howard Morrison,How Great Thou Art,66ba8f29-58a9-4c27-9c77-e17848eb6ab0
1982,1982-10,Huang Chung,Dance - Hall Days,1bd4f9f5-42f3-40ca-9df2-770be5b1c577
1982,1982-10,Huang Chung,Dance Hall Days,3c7fa002-a85f-4e74-bb74-2730fca6828c
1982,1982-02,Hubert Kah,Rosemarie,cee1d4a9-04de-4070-9a6c-c726add0638f
1982,1982,Hubert Kah,Sternenhimmel,baa64ff8-e0e7-46dc-8d88-b7eb305c4f26
1982,1982,Hubert‐Félix Thiéfaine,Exit to Chatagoune-Goune / Autoroutes jeudi d'automne,89decff9-c49e-4526-8d6b-88c8907c419b
1982,1982,Hubert‐Félix Thiéfaine,Loreleï Sebasto Cha / 713 705.Cherche.Futur,60835038-ce80-43d9-bb51-275ee644e900
1982,1982,Hubert‐Félix Thiéfaine,Narcisse 81 / Mathématiques souterraines,152c43f0-612f-41b8-8509-bbce3196da1d
1982,1982-01-22,Huey Lewis and the News,Do You Believe in Love,cf0eed1d-d802-4569-bcea-c7ef8dbc08b8
1982,1982,Hugues Hamilton,Totalement fou d'elle,2ae362b0-3c6b-4e12-9863-1d52bedf9561
1982,1982,Hunters & Collectors,Talking to a Stranger,fad0664e-dabe-37af-b509-b8b293704bac
1982,1982,Hydra,Zo zijn de meisjes uit Nederland / Verliefd als nooit tevoren,11a1f94b-a32c-404f-a2ca-74683797efdf
1982,1982,Hát Või Quê Húóng,Ha't Vó'i Quê Húóng,92080442-12b0-447a-9c5d-388847895ba1
1982,1982,Höhner,Dat Hätz vun dr Welt,839bf05a-182b-42bb-a81f-5d1e37c3e711
1982,1982-05,Hüsker Dü,In a Free Land,aaf79265-83dc-32a5-9d2f-213f45084047
1982,1982-02,I cavalieri del re,Lady Oscar,72cabb43-12a3-45cd-9e20-9277a575073e
1982,1982,Ian Cussick,Don't Turn Your Back on the Man,bb987df0-9bc0-4964-95a0-5ff733287440
1982,1982,Ian Gomm,She'll Never Take the Place of You,6155b18f-6397-49e4-904f-edf6c34fd6e8
1982,1982,Ice Eyes,No Sex,07f72cba-6a61-43f5-b310-1ceb439d7622
1982,1982,Icehouse,Icehouse,cfe78c4a-5be0-4689-86c9-22bc003b7f9f
1982,1982,Ideal,Keine Heimat,669824e6-c7fa-40fd-8a1e-46cb97d10b31
1982,1982-03-25,Ideal,Monotonie,edad6774-8293-4bec-bc2c-5546da219dfd
1982,1982,Ideke,Ik hou van het leven,6da3b19e-12c9-4d48-9589-3c3505b7b849
1982,1982,Ideke,Liefste schat,73091e89-424e-43fe-975b-82372bf71b86
1982,1982,Idris Cheba,Le Misunderstanding,e1728ede-31ee-44f0-aa03-23773043c2b0
1982,1982,Idris Cheba,Si tu n'en veux pas je la remets dans ma culotte,8d1906a8-4721-4b43-b458-d2671b73ab41
1982,1982,Iggy Pop,Run Like a Villain,0a2913f2-fc3f-4132-b403-a4055dc9bffe
1982,1982,Ignatius Jones,Like A Ghost,5bbdd899-9c57-48aa-a5f1-21b6ade610e3
1982,1982,Ike Noble,Shake It Loose,61a595a4-b1f8-41d6-9e33-d64e2c8c79d4
1982,1982,Imagination,Flashback,bf86dc4d-ba09-42f7-a050-06dd2e43604b
1982,1982,Imagination,Follow Me,b4280c8d-1314-48fd-8602-335723026df9
1982,1982,Imagination,Just an Illusion,dc6c3d5c-7af3-48a4-9d18-565e0a8bc423
1982,1982,Imagination,Music and Lights,f51dfbee-8403-4092-a2af-442375c2e5fc
1982,1982-04,In Camera,Fin,6af00d0d-d116-47c2-9d66-6cf8a1734fcd
1982,1982,Ina-Maria Federowski,Haus ohne Kinder,494e1f17-3674-4e83-b3e4-6a483e1aff1d
1982,1982,Incandescent Luminaire,Famous Names / The Warning,b1de7721-1939-49f4-bb2d-1db2a1061588
1982,1982,Indeep,Last Night a D.J. Saved My Life,832c34e8-3a2e-3892-b114-48adfca6e9b8
1982,1982,Indigo,Get Up And Dance,cddbb6f8-48b7-4d80-9015-3f3c6ba1dd3f
1982,1982-02,Indochine,Dizzidence Politik,bf82589e-d6ae-412c-bffa-587c5c0a3722
1982,1982,Indochine,L’Aventurier,b3b0e0ac-3e55-4cb6-92de-ef0ff136089d
1982,1982,Inez Schell,"Mama, ik heb je tranen gezien",edd8b1ed-1b31-434b-bd91-fa61d9dba648
1982,1982,Infa Riot,The Winner,c7ab275d-94c4-49e1-94ea-34695235719b
1982,1982,Ingrid Kup,Life Goes On,3af8884b-9097-49df-bb7f-a7b981d714e7
1982,1982,Ingrid Kup,Tears in Your Eyes (Over Over-Blackout),c82015a7-f645-4079-99f2-150cb46959b6
1982,1982,Ingrid Peters,Berührungen (dann gehören sie zusammen),8a727768-26b4-4915-8217-45dd808469fa
1982,1982,Ingrid Peters,Einmal bleibst du hier,272f80e3-cdee-4ac6-b288-c876cdb2bb62
1982,1982,Inner City Unit,Bones Of Elvis,a89f8382-0813-401d-9539-a98b1cfe08f3
1982,1982,Inner Life,Moment of my Life,fdb648a8-0b4f-4344-9fa8-7b1cee8e18a9
1982,1982,Instant Agony,Think of England,b1f30eac-fb21-401d-8430-338e1a11ff6d
1982,1982,Insulinde,Mengapa,f887daf0-0c34-45c4-8297-8cee1aa1fb89
1982,1982,Interview,Salut les salauds,dc0c5a3a-6a14-46ec-9055-f15fd955c0d5
1982,1982,Interview,Salut les salauds (U.S. Re-Mix Version),1ed0cfc8-ed0b-47f0-b44b-0a3b00dc5607
1982,1982-04,Interzone,Armer Paul,507fad9f-8498-42d2-af59-055b215c34f8
1982,1982,Interzone,Aus Liebe,8baa4e0a-de11-4e76-baff-ecd286335f7e
1982,1982,Intimspray,Ferne,123df39c-e974-458e-a518-fc41e88d2404
1982,1982,INXS,Don’t Change,61cd30bf-a58f-4a98-90b7-07a36f4962ba
1982,1982-01,INXS,Night of Rebellion,05f9cc22-d087-40aa-a50b-76c84b7bb7a8
1982,1982-07,INXS,The One Thing,0c20b935-6b33-43f0-8a66-13124ce4d7ac
1982,1982,Ira,Nuori oon / On mun bailut,838798af-81ea-4482-9c7c-cfa796d37d62
1982,1982,Ireen Sheer,Erst wenn die Sonne nicht mehr scheint,268f04b2-7344-45b5-bf9c-06ded067789a
1982,1982,Ireen Sheer,Hätt' ich nur ein Wort gesagt,7cc296bd-15d5-4f06-a389-6358cc290b98
1982,1982-02-12,Iron Maiden,Run to the Hills,c3a20f7a-6cee-3d69-ae48-5295a86fd7e4
1982,1982-04-26,Iron Maiden,The Number of the Beast,6ca3b386-23e8-30d5-927d-bbdfea1c5257
1982,1982,Isis Norëia,Try It / The Star,fcb77739-8f0c-46ce-abd9-83e50d191a47
1982,1982,Isolation Ward,Lamina Christus,ba19133b-268c-4e56-ae0a-9f42a18af8a9
1982,1982,Ivan Heylen,De wilde boerendochter / De werkmens,2b8991d1-bc4c-4910-9751-c7efbaacfcc3
1982,1982,Ivone Silva,A bagaceira do Chiado,9feabf3b-e504-4b89-977b-8c8630ca52e1
1982,1982,Ixi,Detlev,dad98765-8820-44f4-a2d0-d031fbfff5a2
1982,1982,I’ll soon begone,Take Me Down,888efe35-88b0-4301-bfdf-3c8236aebdb9
1982,1982,J.T.J. Trio,Mijn zender in de ether / Cowboy-liedje,5ba16241-9f56-462f-8df1-f27c237c5802
1982,1982,Jack Gubbels,Crocus melodie,4389135f-2dcd-4fac-adf7-8170d8cf79c1
1982,1982,Jack Jersey,Puerto de Llansa (Lady Rose),e0602fdc-873d-41e3-b5af-abd1e7902bb4
1982,1982,Jack Jersey,Send a Little Bit of Love / Moon of Matara,43d65ecc-7b53-4ed1-9271-6e262d427ffd
1982,1982,Jack Jones,Lyin’ Eyes,05b8ed80-f318-409b-b0c5-3c949e0f5fe1
1982,1982-07-31,Jackson Browne,Somebody's Baby,d0a5bfab-42e6-4b3e-84a4-836b14dfadda
1982,1982,Jackson do Pandeiro,Cantiga do Sapo / Lampião,e8a301a3-45d5-4b01-8421-ad384241930b
1982,1982,Jacky van Dam,Ode aan de baggeraars / De baggeraars uit Holland,45c83ae9-01e6-43b3-8de5-bd19ddba3737
1982,1982,Jacques Herb,Liefdesavontuur,c7ace759-8a6d-4c49-9554-1f7b3452e36f
1982,1982,Jacques-Ivan Duchesne,Casino,8a24354c-f4e1-40a6-9771-178bb98256ae
1982,1982,Jade,I'm Gonna Get Your Love,1bae873f-7f16-4652-acf0-4ab79136fef4
1982,1982-09,Jaguar,Axe Crazy,b7e901df-57ff-467c-a326-490c99f90c12
1982,1982,Jah Shaka,Lion Youth,24a11a59-b858-4115-81e3-64b26c6bc935
1982,1982,Jah Wobble with Animal,"A Long, Long Way",ca2385fb-66a4-45dc-9259-46b1d1b08b7f
1982,1982,JaKKi,Got Me Burnin Up,9716b78a-74f9-4dc6-85f0-22eaeed5d3a0
1982,1982,James Brown & The Famous Flames,Night Train / Papa’s Got a Brand New Bag,6160df3c-3b37-4bb1-988c-76823a2fc929
1982,1982,James Horner,Theme of Star Trek II: The Wrath of Khan,c72c77b4-b876-4f84-bcd3-cce70c94c4ff
1982,1982,James Intveld & The Rockin' Shadows,My Heart Is Achin' for You / You're My Baby,65a1835b-560a-42b3-a627-32fddbc5e173
1982,1982,James Last,Bluebird / Empty Glasses,d142ebab-3178-436f-a8ce-f7e132d8d34c
1982,1982,James Last,Tender Images / Reach for a Star,fe87d287-8303-4b36-93d9-d799df4feea4
1982,1982,James Last & Horea Crishan,Paradiesvogel / Empty Glasses,05dc1e0b-9b80-4f9c-8034-f1778dbaf74f
1982,1982,Jamie Warren,World of a Child / Memphis Skyline,a9eca804-f78c-44a1-93d7-17324899b52f
1982,1982,Jan Boezeroen,De allerleste die smoakt ’t beste / Bij ons in Brabant,b4375d34-68b0-4824-9616-874629598815
1982,1982,Jan Boezeroen,"Wat kan ik er nou aan doen / Jammer voor jou, Marleen!",8b67d338-0f72-47f3-89d0-88ce0e280a04
1982,1982,Jan Hendrik Dolsma,Met een klein beetje mazzel,381af9fa-aa9b-4aaf-a4ae-6111f38ac19b
1982,1982,Jan Hendriks,Die avond in moskou,93b07c4e-8d60-47ba-a237-05508355b412
1982,1982,Jan Pasmans,Nu ben je weer alleen,188677b8-f3c3-4735-9431-67e90287bdb1
1982,1982,Jan Petat,"Friet, spek en bonen / Het kaffeetje",747d6446-363e-434e-b087-07b68c6e993b
1982,1982,Jan Petat,Ik ben met jou niet getrouwd,77d7be37-c93f-4c40-9795-4c8027594f67
1982,1982,Jan Rot,"Bobby, Roger & Eileen / Beautiful Sunny Day",89850911-b770-4c53-ba41-b3e91e3bdb4e
1982,1982,Jan Rot,Counting Sheep / For Eliza,2effeb9e-a59b-498b-a048-40bc72897507
1982,1982-11-26,Jan Rot,Koh-I-Noor / In My Hometown,b51cea00-afa5-49a1-b27b-29a460d6c87c
1982,1982,Jan Stappenbeld,Tingelingeling Een Nieuwe Ronde,7f4c5910-0c27-401d-92f7-1e5fcaec4b12
1982,1982,Jan van der Zande m.m.v. The Green Meadows,Jenny / Met jou naar het zuiden,9ab679cb-52eb-4b4b-9040-d242c4c4f4e7
1982,1982,Jan van der Zande m.m.v. The Green Meadows,Pete’s Melody / Sad and Lonely,4eb297bf-81d4-4983-83f7-f36893386edb
1982,1982,Jan van Dingstee,Help Me Lonely,01fb3950-abdf-4f50-9788-b52ed3478225
1982,1982,Jan Verhoeven,Het is nu voorbij / Nederland,2ee2de79-f2a9-4892-97e6-5404d581ce4d
1982,1982,Jan Verhoeven,Mijn kerstwens / Stille stille nacht,4b6f7275-11a7-45b3-90c7-49429efa33d4
1982,1982,Jane Bond & The Undercover Men,Hot Rod Lincoln,ab566c82-780b-4b4d-b882-64103c721b93
1982,1982,Janet Jackson,Come Give Your Love to Me,fd834bde-2f9e-4def-9475-33fd81732a73
1982,1982,Janet Jackson,Say You Do,80ed354b-704a-4f6a-b80d-0c3f133c5942
1982,1982,Janet Jackson,Young Love,90f3dd80-a3d0-4e5d-9191-7a7797cf846d
1982,1982,Janis Joplin,One Night Stand,385be331-f74c-401c-ad53-de5ecc9740fc
1982,1982,Janske,Klanken der bolero / In ’n woonwagen,f5f28b72-7c1b-4b31-947b-a607a619429b
1982,1982,Janske,"Waarom dans je met die ander / Ik kwam, ik zag, ik overwon",0b9628cd-57a0-4984-8834-4f9f445ee050
1982,1982-05-13,Japan,Cantonese Boy,10e78347-514c-417f-9eb2-72d84f6c1c75
1982,1982-01-07,Japan,European Son,33c9bdde-859b-4216-9fef-66b401ad37bf
1982,1982,Japan,Ghosts,34ed064c-9ad9-3c7b-8278-a449347d2412
1982,1982-07,Japan,I Second That Emotion,19c4f722-03e4-40d9-9112-fb99c7ed77bd
1982,1982-11-12,Japan,Nightporter,f08a24f2-9ad3-4142-8841-132732d8d9c0
1982,1982,Japop,Blodspengar,8d398a27-a350-4e79-8263-3251b8646701
1982,1982,Japop,Ritual,e1782bff-c12e-4d98-8195-62cc563c56dd
1982,1982-03-23,Jawoll,Taxi,4dcadc9f-5c3a-4840-ba31-c483ffeb0fb0
1982,1982,Jean Michel Jarre,Orient Express,27511e6f-b967-4d62-a99e-2b343c9d98c2
1982,1982,Jean Michel Jarre,Souvenir de Chine,9e69b7a6-8f24-4eeb-a6ad-2c3e0eab583b
1982,1982,Jean Robitaille,Bleu Blanc Rouge / Red White Blue,206f1d12-897a-4f23-a456-5f7349e0b6e3
1982,1982,Jean Schultheis,Générique Co-Co Boy,da4f6cac-13d3-4a84-92e4-91f156813545
1982,1982,Jean Schultheis,Je largue tout,ccdacbb8-2131-4e07-8d65-580a7b7f2482
1982,1982,Jean Schultheis,Je te cherche sans me trouver,640a2bd1-1ffc-4b35-9814-e1bf86fdd786
1982,1982,Jean-François Léon,Seul sans âme,397a260e-3e4d-47bc-8c68-a11bbe690670
1982,1982,Jean-Philippe Goude & Ramon Pipin,Elle voit des nains partout!,440bbaaa-839f-4b9b-835b-98c3d1e860bd
1982,1982,Jean-Pierre Jaubert,Arnold et Willy: Générique du feuilleton télévisé,9109da86-e7ff-4204-8e5f-1b92f1a8e369
1982,1982,Jean-Pierre Mader,Au bout de son voyage,9ca501c7-65d5-4495-b491-0f6f9510c7d5
1982,1982,Jean-Pierre Mader,Faux coupable / Organigramme,842c52e1-aec5-4b06-a581-5f393f06cb36
1982,1982,Jean-Pierre Savelli,Pas normal... Trop sentimental,70fbe3a6-4d53-414e-90fa-f736fec395c3
1982,1982,Jeanette,Als de Rozen Bloeien Gaan,6332c33c-4df5-4485-91ae-62579626b20d
1982,1982,Jeanette,El muchacho de los ojos tristes / Toda la noche oliendo a ti,6f05423f-04c1-4cb0-b5e0-4c1d7c5a3c10
1982,1982,Jeanette “Lady” Day,"Sexy, Sexy, Sexy",9875671a-7f8c-40f8-a2c6-9cc6095652fb
1982,1982,Jeanine,De kleine troubadour,d07c16f7-09d7-4f19-b720-d062ff87444e
1982,1982,Jeanine,Wanneer zal er vrede zijn?,e964da9e-bccb-481c-8ae7-80bfd87edd70
1982,1982,"Jeanne Pruett, Marty Robbins",Love Me / Safely in the Arms of Jesus,f0cb96ff-ccaa-48d3-a565-ce4c8b8a1527
1982,1982-09-27,Jean‐Jacques Goldman,Quand la musique est bonne,924fd0e6-f6fe-4ea8-a9ff-b122ac3bb171
1982,1982,Jean‐Luc Lahaye,Femme que j’aime,60beee04-d303-4f49-a3df-e99f26bbdbcd
1982,1982,Jeff Brunner,Non non non / Rentrée tardive,985b66b8-877c-4e34-9687-deb11b7ef8b0
1982,1982,Jenny Morris,Little by Little,a7360b42-d6db-47b4-91eb-76748d8cb27c
1982,1982,Jermaine Jackson,Let Me Tickle Your Fancy,963c8aa0-da96-4938-93c1-40b230b969e8
1982,1982,Jerry Dixie,Don't Let the Bad Time Get You Down !,d51f88a9-c93d-473d-8a9a-1cc7d91d0184
1982,1982,Jesse Green,Nice and Slow,d9e24267-5550-4a1c-b4dc-bfb1fe2d075b
1982,1982,Jim Penfold & The Hollywood Killers,Butterfly,4f5169b7-f11b-424e-b13f-532dc2e3820a
1982,1982,Jim Reeves,The Jim Reeves Medley / He’ll Have to Go,ffaf2091-9530-472e-a015-c107b89a03e2
1982,1982-09-17,Jimi Hendrix,Fire / Are You Experienced,932d34f2-f23b-4f27-873c-32e861295daa
1982,1982,Jimi Hendrix,Voodoo Chile (slight return),1688a77d-9d04-4277-85af-cade6a9b4dc8
1982,1982,Jimmi,E.T. Strutt / Maximilian Stroll,b9bfab81-6286-41b0-9faa-e7ae4fe561ba
1982,1982,Jimmy Bellmartin,Darlin’ You’re Not Alone,45e34f71-8651-4fa1-b193-d680328c9f52
1982,1982,Jimmy Cliff,Treat the Youths Right/Roots Radical,17907435-21cf-41d5-af41-4866d2816ae1
1982,1982-02,Jimmy Pursey,Alien Orphan,9e26114f-fd4d-4c63-b63a-8bab85153205
1982,1982,Jimmy Spicer,The Bubble Bunch,23555189-1073-3704-bff6-a5d1bb9ddd1a
1982,1982,Jimmy “Bo” Horne,Spank,11d8a6c3-ecca-4c34-a925-a1d5239ae495
1982,1982,Jo & Sjef,"Kleine Annabel / Ach pappielief, waarom huil je nou weer?",a5826443-c810-496a-9ed6-8db6c69c4b39
1982,1982,Jo Jo Zep,Taxi Mary /This Is Our Time,ad21a1a9-5eb6-303b-b02d-21585940dd35
1982,1982,Jo Kennedy / Paul Kelly and The Dots,Body and Soul / Rocking Institution,29ae5783-cc6e-3e76-a82b-25765d384fd0
1982,1982-05,Joachim Witt,Tri Tra Trullala (Herbergsvater),96557ad0-6299-4c38-9ff1-4157a0cdd52e
1982,1982-06,Joachim Witt,Tri Tra Trullala / Ich bin der deutsche Neger,c6179550-09ba-4097-9d27-c7f66fb46e61
1982,1982-12-13,Joachim Witt & Modern Romance,Tri Tra Trullala / Best Years Of Our Lives,3a3f5c1e-c78f-4f43-b498-898f3d39df82
1982,1982,Joachim Witt & Sammy Barbot,Vita Semplice / Tri-Tra-Trullala,07e72151-ca63-4849-8fe5-fa5fee18c47d
1982,1982,Joan Jett & the Blackhearts,Crimson and Clover,4f978610-8319-40db-96a0-9eaa1e22762a
1982,1982,Joan Jett & the Blackhearts,Do You Wanna Touch Me (Oh Yeah),da55f0dc-984e-4237-84b4-5fc8c818136d
1982,1982-01,Joan Jett and the Blackhearts,I Love Rock 'n' Roll,b1c69ba6-756e-4190-adf2-d1d4cb2c8867
1982,1982,Joan Jett and the Blackhearts,I Love Rock'n Roll / Love Is Pain,912615a3-92c2-42ef-bdd7-fd721788d490
1982,1982,Joanna Wyatt,Stupid Cupid,a1901b97-4a4b-491c-834d-a76c646dcff1
1982,1982,Jochie,Wat,5ed45c5d-2be9-48a8-854b-1a541a0b744a
1982,1982,Jodel Jerry,Rosalien uit blokhut nr. 10,62739758-e837-4bc2-94b4-b7645411cf93
1982,1982,Joe Arroyo y La Verdad,El coquero / Mundo cruel,b2e28538-3a3c-4874-b7db-6fb2e9be297a
1982,1982,Joe Cocker,Ruby Lee,38b36247-4b13-3850-b22f-8a5ed4e87b4a
1982,1982,Joe Cocker & Jennifer Warnes,Up Where We Belong / Sweet Li'l Woman,cbf534c0-16aa-4ce4-96c3-885a8c028fc3
1982,1982,Joe Coleman,Get It Off the Ground,a39ff9d1-e749-4882-a3a2-9dd12aa0fe38
1982,1982,Joe Crow,Compulsion,21672a7c-a9d8-38c2-8bff-01abf976688d
1982,1982,Joe Fagin,Younger Days,45e295c3-52ed-4d5a-ae24-dfbbdfc8dcfc
1982,1982,Joe Harris & Chrissy,Sharazan,96e676bd-c440-47b1-a725-c78cf0491668
1982,1982,Joe Jackson,Breaking Us in Two,c3938f3b-c5a2-4c3f-9652-be676ec80b5e
1982,1982,Joe Jackson,Real Men,317e2fca-4069-35d7-bf56-c44e142d1e77
1982,1982,Joe Jackson,Steppin' Out / Chinatown,d7380422-fd69-4981-b6e5-46c3ef2b2857
1982,1982-10,Joe Piscopo,I Love Rock 'n Roll,cf42585c-0165-4661-8d63-0e19617138bc
1982,1982,Joe Piscopo,I Love Rock 'n Roll (medley),83f8a0d5-20be-4c8a-83e6-d3dec4b52a4a
1982,1982,Joey Gilmore,Time to Get With It,3a0fa798-b3c8-4871-9064-068422e69992
1982,1982,Joey Melotti,Moonliner,8fcca214-c43f-4524-8558-8782fc9e124d
1982,1982,Johan & Henk,Naar huis gaan / Siene loat mie löss,32f35512-e91f-4b8a-a750-78a983ae67e3
1982,1982,Johan & Henk,Nelis,af1d2582-b63b-4124-8865-ac5e2af91984
1982,1982,Johan Teuben,Mijn vader is werkeloos / Klaas vaak,f71bca79-b9b2-4786-9b13-27ffdb7858db
1982,1982,John & Jack,Maybe Yes - Maybe No,5392ef2c-06b8-4765-92ae-007f60819f6b
1982,1982,John Bred,Huil niet om mij,0421e5f3-8662-4907-922c-748dfe72647a
1982,1982,John Cooper Clarke,Night People,2e5d2328-2762-4993-a214-bb8bd26af07a
1982,1982,John Cooper Clarke,The Day My Pad Went Mad,1a49b555-ae36-4e96-bc64-47d79f12a723
1982,1982,John Dark,Silhouette,55696bba-c3e0-4cc1-9d0a-3585c26e5313
1982,1982,John Dummer & Helen April,Blue Skies,ff310da3-4d9e-43ca-a306-02570c123d27
1982,1982-07-16,John Foxx,Endlessly,bcb9aab0-0351-488e-a6a8-9bb9fa3f012c
1982,1982,John Ireland,I Like,f4e4c793-1dc8-47bf-bfaa-d344d7883c60
1982,1982-11-15,John Lennon,Love,aa641679-5588-4ccb-92a5-f5d9cf055cbc
1982,1982,John Mellencamp,Hurts So Good,c4018318-2d54-4fea-aef8-19eebdbe2b35
1982,1982,John Mellencamp,Jack & Diane,0345da17-58e7-41d5-bd0f-9f7378a51b12
1982,1982,John Raver,Eighteen Years / Yesterday,62014b16-9be0-4fde-82b9-fff632a3a1f9
1982,1982,John Spencer,Lana / Do You Do You Love Me,faed0c02-14ac-4823-9823-a5f94ebec412
1982,1982-12,John Sykes,Please Don't Leave Me,c93759f1-d30d-3573-bc92-7b200b8bbba9
1982,1982,John Van Putten,From Here to Eternity,0f56db5f-2aea-4432-a874-0f102ba0161f
1982,1982-05,John Watts,Involuntary Movement,c28cabd0-f857-4ca8-869f-42f4039bfcce
1982,1982-03,John Watts,One Voice,33635a68-b755-4c73-9076-4504c5ddfa50
1982,1982-07,John Watts,Your Fault,11f560b9-0cdd-42ae-88a2-9f6c9cdf4fbc
1982,1982-07,John Williams,Theme From E.T. (The Extra-Terrestrial),000b10fc-da33-4257-8e49-2daad32c5d0a
1982,1982,John Williamson,Country Football,0de582ff-1918-46bd-99ca-da9f49bf9613
1982,1982,John Williamson,True Blue,f9ff7c1e-d167-4be2-a3ce-44f523b1ea01
1982,1982,John Williamson and Karen Johns,(You’ve Gotta Be) Fair Dinkum,690788c5-6078-4d3b-b29a-9ca62cbe6111
1982,1982,Johnnie Taylor,What About My Love / Reaganomics,bccc8e00-d04c-4ebd-b88e-030e899a978e
1982,1982,Johnny Blenco,Kriminal tango,eb033096-51ff-443d-830f-fca04bc3af02
1982,1982,Johnny Blenco / Rosita & Club 68,Tango’s om nooit te vergeten / Klokken van Las Palmas,10d501db-9901-4a28-9ced-3fed6eccf6a9
1982,1982,Johnny Blenco / Trio Piet Droomers,Je bent met goud niet te betalen / Blumen aus den Bergen,20330914-efa6-46d3-b96d-2c4d7665711f
1982,1982-03,Johnny Cash & Sorrell Booke,The General Lee / Duelin' Dukes,d11d4c17-8b9f-4cf8-ad0e-596ab26f2f13
1982,1982,Johnny Chester and Hotspur,Rough Around the Edges,d851f5fc-1205-4f3b-9de1-db330a1f4df8
1982,1982,Johnny en De Tigers,Marie Marie / Eenmaal,84a81f4c-4243-4526-8865-cb73d23ad859
1982,1982,Johnny Hallyday,Johnny Hallyday vous parle de sa collection,281d73b9-6a41-4fee-8509-667c7393b8ca
1982,1982-06-18,Johnny Hallyday,Mon Amérique à moi,af3a72fd-2084-440e-a914-fe5ed10ea55b
1982,1982,Johnny Hoes Met Het Telstar Koor En Orkest o.l.v. Jean Kraft,Op 'n slof en 'n ouwe voetbalschoen,f3919017-43b9-4aae-a19b-508ff2fd24f0
1982,1982,Johnny Lion,Sophietje / Jij laat me koud,0cda41a0-fc66-4c11-97a6-0f2cbd16d2c0
1982,1982,Johnny Masters,Zonder liefde,44fe2183-0996-4ec8-95a0-1c19102ac2af
1982,1982,Joke,Neem me mee,4dcc39e7-81fd-4074-bf6e-7e6e61608257
1982,1982,Jolanda and The Sunny Boys,Aan de Berkenlaan / Vroeger was er heide,0acca600-8151-466e-afe5-a6051b0439ef
1982,1982,Jon Anderson,Surrender,b1ac262a-2198-45e0-9ee4-8a3f95e26773
1982,1982-11,Jon English & Marcia Hines,Jokers and Queens,b7204b46-7a41-39e6-8017-f358df13a01e
1982,1982,Jona Lewie,I Think I'll Get My Haircut,f52c4824-6c31-424b-9f47-a5bd36119c83
1982,1982,Jonny Hill,Nur allzugern,1d25d42c-8c5d-444d-9d65-a92d6f2500c1
1982,1982,Jonny Hill,Und wieder zeigt dir einer einen Vogel,25262401-dcda-439d-b7ac-27fbe173214c
1982,1982,Joop Buys,De sergeant / Ave Maria,2e005fcb-7fcc-4aa7-bf0b-e804d3cf77ff
1982,1982,Jorge Cabrera con Su Tres y Su Conjunto,Mata que dios perdona / Oye ya,1aac4dc5-d62d-430b-9dc7-3c904341cc29
1982,1982-02,Josef K,The Farewell Single,e8ffcda1-cea2-4871-809f-75b7ddc8d0a1
1982,1982,Josie Cotton,"Bye, Bye Baby",2711e28a-e634-4e9b-9a5a-e9ef2d6a5e7a
1982,1982,José,The Good Times / Say No More,eabde791-6b38-4a6a-bd4a-5e7c4d9d3363
1982,1982,José Luis Fernández,Creo que estoy bien / Mira hacia el futuro,5ec355c3-e68d-4fd5-80f9-e4e16dbb10e5
1982,1982,José Luis Perales,Y ¿cómo es él?,4adfe742-a63c-495a-a764-438ec9485a8b
1982,1982,José Luis Rodríguez,El niño del tambor / Caminando,f391f1b2-7908-404a-8f71-315f0c518956
1982,1982,José Mário Branco,FMI,57dbfd0d-51ac-41d0-b89d-a6913fca2dab
1982,1982,Journey,Still They Ride,2b293164-9ba9-47e0-bbfc-5a8f1ca3f38c
1982,1982,Joy,I Need Your Love,88ff6c0f-71fa-4029-b530-00eb40d65463
1982,1982-10-01,Joyce Berry,People in Love,14805ee3-7c92-43c1-82d9-2c06f31b8037
1982,1982,Joël Fajerman,L'aventure des plantes,9d969db8-afe9-4744-b368-6d8b5de38c9d
1982,1982,Judas Priest,Chains,81ad1bd0-5e1f-426f-b491-3961b431c871
1982,1982,Judas Priest,You’ve Got Another Thing Comin’,fb86a11b-afe4-4787-a773-206dcc0606d5
1982,1982,Judy,’n beetje vrede,194a9a53-d0b3-4292-a55b-8503a816b709
1982,1982,"Judy Mowatt / Franklyn ""Bubbler"" Waul",Love on a Two‐Way Street,b534ce86-fd92-4c59-a599-c9d4682a3c1f
1982,1982,Judy Nylon,Carlotta,f1f9dfa9-b47f-4fe7-80f5-81fff16d9f81
1982,1982,Juice Leskinen Grand Slam,Do the Stönö / Kulttuuri saapui Ähtäriin,a0cb7e4f-74bd-463b-a488-0e3355cb04a7
1982,1982,Juliane Werding,Es geht auch ohne dich,095d3e83-4a20-4fc2-ae49-83d619320ea4
1982,1982,Julie Pietri,Et c'est comme si,33d9292b-be3b-4ccd-a927-e1bd06a75a73
1982,1982,Julien Clerc,Femmes… Je vous aime,669291d4-67a4-439d-9b99-158398fffd77
1982,1982,Julio Iglesias,Con la misma piedra,d371ffb8-98a3-4865-8adb-7cd69af5264c
1982,1982,Juluka,African Ideas,aa8a71f1-77a4-4916-a62c-19362d63ec75
1982,1982,Juluka,Scatterlings of Africa,72cceeb6-8639-4c71-92db-ff03842df2b1
1982,1982,Juluka,Umbaqanga Music,31980917-f9ad-4844-9dd5-ba289773c922
1982,1982,Juluka,Umfazi omdala,7cf507ac-8941-4d5a-8a02-6162d4cf019a
1982,1982,Juluka,Woza Friday,e7442c69-7cfa-4fc5-9695-42eccb542dcb
1982,1982,Just Four,Games of Life,d71bc5b0-8e2e-3441-9221-c82674f66f04
1982,1982,Just Four,Girls of the World,9906c162-07c8-3610-b08f-b24d9d2b99c9
1982,1982,Just Four / Grand Groove Bunch,Jam to Remember,ca1a6bde-6d12-3ea5-88e3-3d5fcbe15ad8
1982,1982,Justin Fashanu,Do It Cos You Like It,c1264259-aebe-4344-8a9f-7ecebd130dd3
1982,1982,Jérôme Soligny,Bye Bye Love,6e21b5f8-86ad-48e2-a26d-99a25ff34a40
1982,1982,Jürgen Marcus,Das Lied vom Glücklichsein,24982ad3-df03-4689-9c17-72d3a292c0b7
1982,1982,Jürgen Marcus,Ich würde gerne bei dir sein,27ef4e59-94dd-4baf-833f-66c457ab604c
1982,1982,Jürgen Renfordt,Ich bin bei dir,9b282b79-1559-481e-8cb5-4a595f873db0
1982,1982,Kadenza,Let's Do It,599e43e0-9860-4f03-b809-8ac687da5776
1982,1982,Kadenza,Let's Stay Together,de0d47b2-56f9-4b3d-aedb-1bc6eff59939
1982,1982,Kai Martin & Stick!,Paradoxal,ac1f62ca-8f81-4bf6-b03c-d533ce87154b
1982,1982,Kaito,Cara Feia,f0074465-2c9c-4097-919c-97045175a9f1
1982,1982,Kajagoogoo,Too Shy,82f0484b-17b4-4fa4-af49-0c6377e3dc9f
1982,1982,Kajagoogoo,Too Shy (Midnight mix),da412d35-699d-4d40-b09c-a79776e67917
1982,1982,Kake Randelin,Avaa hakas,117d01d1-d5df-446a-8a07-898450eaa0db
1982,1982,Kake Randelin,Tarja,51b570cc-5f0b-497b-bdeb-81118d98c927
1982,1982,Kallaloo,Star Child,03f6111b-c8a0-46bd-b6cb-c7755074a495
1982,1982,Kalle Baah,In Roots,136e24af-9de9-31f8-a5d6-cb49bc4882d3
1982,1982,Kameleon,The Golden “George Baker” Selection,79f7598c-1936-4cb3-ae35-06d6fcbd6ab7
1982,1982,Kanaaltje Q Band,"O, leo, olé, olé, olé",1ad0bdf6-1ece-47ba-958f-3c41beea58ec
1982,1982,Kapitän Nemo,(Sie sagte) Abracadabra,84635e31-b54e-4591-b805-2b440d452365
1982,1982-01,Karanteeni,Kuka valot sammutti,8f4822f8-0a29-4a3e-97b2-74b2c7b9d645
1982,1982,Karat,Jede Stunde / Falscher Glanz,bd27e934-ce1e-4b8c-afc7-8352ae2500f3
1982,1982-05,Karel Gott,Bílá,3a2ab967-72b0-47dd-a7ec-555ebf1fede7
1982,1982-01,Karel Gott,Bílé vánoce,925ef3d4-cd49-4e29-9198-c26011f45ca1
1982,1982,Karel Gott,Mám tě,36a1bad7-b0fd-40ab-a592-0de8f3755edc
1982,1982-02,Karel Gott,"Nestarej se, kamaráde",6b222577-0dc3-49e2-9629-8c90d74fbb44
1982,1982,Karel Gott,Oheň v sobě máš,1daa7e97-a017-4d6a-b0a7-f7924a89cab1
1982,1982,Karel Gott,Vera / Du bist da für mch,31267417-b8c2-43d2-875a-c6787b58e4df
1982,1982,Karel Gott,Vera / Wenn du nicht mehr weinst,e228f937-659c-459d-80d5-dd6eb20b63b0
1982,1982,Karel Kruijtnagel,Oh wat heb ik toch plezier,f73126d7-5fc9-47b2-a129-76dd2703626c
1982,1982,Kareltje de Grote,'t is weer carnaval,1e64c3a7-8257-4cd4-8baa-a81209954eb6
1982,1982,Karen Cheryl,Oh ! Chéri Chéri...,84d0b866-48f8-4fbd-aab4-3fbfd495166f
1982,1982-06-10,Karen Silver,Clean Up Woman,8c0458b6-a981-4a34-8402-ccf84c5de39c
1982,1982-03-09,Karen Silver,"Mirror, Mirror",8a423084-583c-43ae-bbf0-9cc7e11acca1
1982,1982,Karen Young,Deetour,c1b51a13-0b1d-4ce3-9d8b-ba4e8f655d99
1982,1982-09,Kari Peitsamo Revival,Jytäorkesteri tulee taas,4d8621b1-fa39-3859-847b-7f87c85a06ba
1982,1982-05,Kari Peitsamo Revival,Onnenpoika,a481f818-c8f5-30a7-81a0-48d88cfe6d65
1982,1982-02,Kari Peitsamo Revival,Sekamelska,4cedcdbb-5051-3da3-9704-1adf7fb74e51
1982,1982,Karin,Shakin’ Stevens,eb88ff24-35d2-44c8-a9dd-9256f6b71f12
1982,1982,Karin Jones,Under the Influence of Love,47dda771-868c-444c-b713-749646d7d0bf
1982,1982,Karina,Zigeunermeisje,183b276d-1b13-4ebf-8e2b-b208e5dd71bd
1982,1982,Karl Gott / Viele bunte Autos,Malaria,6fdec5e9-cbd2-4f07-9e48-8320d2c9be0f
1982,1982,Karla DeVito,Santa Claus Is Coming to My House,cc673ef0-fdaa-4758-bf00-2de5a31c0bdf
1982,1982,Kas Product,Pussy X / Never Come Back,673255c5-fb16-494d-b131-e4998ea8ea38
1982,1982,Kasso,Key West,d93e85ec-11f8-4258-a5bd-e1f77fe90a93
1982,1982,Kasso,Walkman,2f0085d3-17ad-45f4-b245-ff9522bb1eeb
1982,1982-11-01,Kate Bush,Suspended in Gaffa,c12a7ea4-a91d-4c2a-b806-54b75ee01288
1982,1982-07-27,Kate Bush,The Dreaming,2a97dc86-e972-37f0-a277-49388bb64e51
1982,1982-11-02,Kate Bush,There Goes a Tenner,9220f25f-5fcc-43de-85a0-1cbfe6adabe9
1982,1982,Katrin Lindner und Band,"Mensch, vergiß das nicht",3cb6644a-2658-4675-8791-8b1e8bc3c826
1982,1982,Katze,Till Mig,6f4ee86a-b805-4ef5-bf28-324778594ad0
1982,1982,KC & the Sunshine Band,Give It Up,c558584b-3431-4775-93da-cd1cfcb1a4a4
1982,1982,KC and the Sunshine Band,(You Said) You’d Gimme Some More,0f91a7eb-ade9-4bbe-8bae-959cf447c8ae
1982,1982,Kees,Die vakantie op hawaii / Noodlot,0abfdc33-9490-448c-a8e5-f887046a9edf
1982,1982,Kees Actueel,Discriminatie / De taxichauffeur,4daf6128-d146-441f-93bb-e80d8ec6207c
1982,1982,Kees Kopper,Kippie kippie tok tok,99906e6e-8505-4543-9b60-45a26a8b495e
1982,1982,Keesie,Brief aan Majorca / Vrijgezel,d1c5d7ef-01af-4692-b40e-9efb87a05211
1982,1982,Keesie En Fer,Doe Net Als Wij,97591060-4e5c-416a-875c-27da48a8a061
1982,1982,KeinMenscH!,Kein MenscH,e3bbaa1b-8013-4f54-9008-456b70c30cda
1982,1982,Keith Harris & Orville,Orville's Song,0044b9c3-275b-4a5b-838b-024909facf84
1982,1982,Ken Barrie,Postman Pat,06d2a654-5100-4228-b847-3d9c09d77db1
1982,1982,Ken Rhoads,Paper Boy / Mama Rock Me,4ff8f1d7-eae2-4775-8d6b-de74f9d9140f
1982,1982,Keni Burke,Risin' To The Top / Can't Get Enough (Do It All Night),228b7299-d0b9-48b2-ad5f-16e2316fc290
1982,1982,Kenny Loggins,Don't Fight It,5eda0f44-84b9-42c3-b44b-2df005d4a48c
1982,1982,Kenny Loggins,Heart to Heart,7dfe8fe8-b49b-4db5-a028-27e2931870b9
1982,1982,Kenny Rogers,A Love Song / The Fool in Me,f40985db-7e5a-4098-8b4b-18d89fd6b96c
1982,1982,Kenny Rogers,Love Will Turn You Around / I Want a Son,2cc0b7c8-6156-4222-96bb-9612a07a21a7
1982,1982-02,Kenny Rogers,The Long Arm of the Law / Make Me Wonder If I Ever Said Goodbye,5bc71355-3575-4218-b560-7da270866f49
1982,1982,Kent Martin,Meet Me In Altoona,4983239b-0f11-427c-9bfa-317acf93ba10
1982,1982,Kenteken Onbekend,Ik rij maar aan,43a32b82-7e29-470d-9962-4b86eaf1f2dd
1982,1982,Kerosin,Der Mod,f09f4b77-1917-4ca3-8ac4-0b5b935fd160
1982,1982-06,Kevin Borich Express,Getting So Excited / Theme X,a947ed45-cd42-47e5-aae0-90a163f13c76
1982,1982-02,Kevin Hewick,Ophelia's Drinking Song,e9e9a3e1-d653-32d3-998b-b7b64ff57c9c
1982,1982,Kevin Rowland & Dexys Midnight Runners,Jackie Wilson Said (I'm in Heaven When You Smile),8ae6ff37-3321-4cbf-9115-98a9e5120800
1982,1982,Key of Dreams,Africa,336b5b87-6aca-4245-a195-ddbf11bd7626
1982,1982,KGB,Take It auf die leichte Schulter / Rien nöö waa plüü,eeeb3b14-03af-4808-a094-cccdefd98684
1982,1982,Kid Creole & the Coconuts,"Annie, I’m Not Your Daddy",0bb5e5b5-6ddd-4213-8312-0fce06045162
1982,1982,Kid Creole and the Coconuts,Stool Pigeon,f347fd03-4787-4752-98da-93644fda9563
1982,1982,Kid Tater and The Cheaters,Wheels on Fire / You Oughta Know Better,f5beb158-223e-4df5-8c90-eea0400f5793
1982,1982,Kikki Amity,Never on a Monday,c5e56d83-4311-4241-a4ca-391271eead62
1982,1982-10,Killing Joke,Birds of a Feather,a960bed0-ff87-3e17-acf8-89cc77dc1835
1982,1982-06,Killing Joke,Chop‐Chop,1d2383ee-c49d-3cc4-8ca0-20f17163370a
1982,1982-03,Killing Joke,Empire Song,24066c8d-6307-3826-b2b8-c073d45bb759
1982,1982,Kim Carnes,Does It Make You Remember,f5ee3d29-6e6b-460d-84d3-decc02f453a9
1982,1982,Kim Carnes,Voyeur,84140aaf-f2e6-4bcd-84b7-08284eef14fa
1982,1982,Kim Harlow,Momenti Intimi Di Madame Claude,d4c2daf1-d86d-4139-87b6-f0705a3737c0
1982,1982,Kim Tolliver,Party Lights,cbf63085-6cf4-4a28-b048-ed4d13429fad
1982,1982,Kim Wilde,Child Come Away,c6817118-5557-4f1f-9319-85c433a1aa78
1982,1982,Kim Wilde,View From a Bridge,73a3f514-4f72-4996-acd4-677a0a722358
1982,1982,King Cotton,Stick to the Grind / Beyond Uranus,289d84aa-3a2a-4206-9d3e-4e6a85a2ecdd
1982,1982,King Kurt,Zulu Beat,8ebb4df3-9b32-42f5-b942-3ba551ff070e
1982,1982,KISS,Creatures of the Night,1b64dd9e-bf94-40c8-9d81-4d8ef865f044
1982,1982,KISS,Down on Your Knees,87d7c7d0-ebb9-4596-8c0c-de5fe5738d8e
1982,1982-10-13,KISS,I Love It Loud,1e974f2b-f24f-4a8a-9f82-9c778b3c709d
1982,1982,KISS,I’m a Legend Tonight,987edc9b-09b8-48a1-b2cc-097198251b2f
1982,1982,KISS,Killer,ecf91da2-1927-437f-bdae-5182c13a65e2
1982,1982,KISS,Nowhere to Run,fe689fef-53f6-4a96-b2f4-768121425846
1982,1982,KISS,The Oath,46775bf5-d8eb-4fab-b786-a90d950701ec
1982,1982,Kitaro,Theme of Radio House Ginga,b644aa8c-cbcc-49f0-b025-90a2e5e857e6
1982,1982,KitscHmobile,Stilleståndsstation,6d5d6f2d-7b8a-4662-89b7-890bd6abd277
1982,1982,Kitty,First Time,323e81e4-ff2c-4cec-9599-cdc7eae6d601
1982,1982,Kiz,Die Sennerin vom Königsee,8af87fa4-a1af-4141-9bc5-b3adf3b01edb
1982,1982-05,Klaus Doldinger's Passport,Ragtag and Bobtail,20f95fd8-a7ca-428c-8ba5-d8c24f945952
1982,1982,Klaus Nomi,Ding Dong,1d1fa961-1778-4002-be89-8903478c7573
1982,1982,Klaus Nomi,Lightning Strikes,06ac8bb9-5f49-4dfc-8a65-4f813b71ecfb
1982,1982,Klaus Nomi,Nomi Song / Cold Song,39be57e4-07fe-4ff1-88b3-aaec519b8818
1982,1982,Klaus Nomi,Simple Man,b4341303-a0b3-48d7-b021-109656707154
1982,1982,Klaus Prünster,Liebe mich wie ich bin,e5d623f4-b629-4243-8a9a-f3263b13f7d9
1982,1982,Klaus Prünster,Wunderwelt,c613ee5a-6b85-3a32-be77-9d1bf9bc7c24
1982,1982,Klavertje 4,Ik ben de vlinder van het platteland,ab48fc33-dab0-4cb8-9649-922213f70a76
1982,1982,Kleenex Aktiv,Weisse Rosen,4fda7ec4-614d-47b4-8e93-caea05aca937
1982,1982,Klein & M.B.O.,Dirty Talk,de82ed8a-8dd9-37fb-8b04-f5fd373a4e7a
1982,1982,Klymaxx,Wild Girls,72866814-7772-39bc-97c7-9df51b37ea15
1982,1982,Knut Kiesewetter,"Ein Stück Holz, das im Wasser treibt",44b6d813-2cba-40c3-b0fd-d6a84215bdf2
1982,1982,Kodomo Band,Summertime Blues,901a50b9-52ae-4e07-9ac5-7c2ac48ec10a
1982,1982-01-08,Komiko,Feel Alright,c664cc79-ba11-4e73-be7d-a7a64bcfd181
1982,1982,Kommo,Vi måste skjuta oss ut härifrån / Elda med lik,da2e9884-d8f1-4974-a317-67e52af32743
1982,1982-04,Koneć,Tanze,a8c5cc4a-b987-4c4b-9ece-bdacf90552bb
1982,1982,Kongas,Why Can't We Live Together,b4695868-8b35-47e4-a882-80bc3a9367a2
1982,1982,Kontaktlim,Kom igen,851c70e1-e104-4844-b199-d09bd6f8b05a
1982,1982,Kool & the Gang,"Ooh La, La, La (Let’s Go Dancing)",36963409-cf7b-49ea-8349-7f4ec71db06d
1982,1982,Kool Kyle (The Original Star Child),Getting Over,54034f7b-91bd-4801-a2ae-294af76b9e62
1982,1982,Koos Bloemsma,Harmonium Song / Another Night Alone,62abf932-4c21-41ba-b5b6-6d64d0fb5f86
1982,1982,Koto,Chinese Revenge,a3fdfec1-e4e4-3b6c-a1b5-0c46c7c74602
1982,1982,Koxo,Step By Step,65f53980-28ad-4162-9be7-d226f2791575
1982,1982,Koxo,Step By Step,6b95a28d-65cc-4207-a4e2-885ca11f5f04
1982,1982,Kraan,Wintruper Echo / Faust 2000,bd2a1df3-c7c8-4f08-bc78-0a3fb763959c
1982,1982-10-15,Kreamcicle,Hold On,af1ba6ff-635c-438a-908e-111d8d268199
1982,1982,Krisp,Sunlight,f94b1feb-f4be-4915-816a-9ff476fdc6a3
1982,1982,Kriwanek & Vincent,I bin für die bloß der Neger,b2348c6e-702b-49fa-ad60-842b04c10921
1982,1982,Krokus,American Woman,d13ebd56-bf79-432b-a8bb-8259316655e3
1982,1982,Krokus,Bad Boys Rag Dolls,111dd0ea-f714-4e02-bf53-dc5c4381923c
1982,1982,Krokus,Long Stick Goes Boom,45a9d372-847e-4156-840b-9b3b90e6a56f
1982,1982,Kuddel & Muddel,Kuddel Muddel,2c627304-e2be-4a70-9883-1cf8c071135b
1982,1982-04,Kupruileva Elefantti,Eläimellinen rytmi,4c56415b-22c6-3953-adb8-1be89cf4af84
1982,1982,Kurti Elsasser,Das Lied Der Kleinen Leute / Holiday,0efd0c3e-60ad-466a-840b-3d96b0d1a269
1982,1982,Kurtis Blow,Daydreamin' / Christmas Rappin',0006db55-56a3-4bf8-bb7d-a397f6426651
1982,1982,Kuster,All a Live,1c63a992-9ea9-4230-a235-2f05e19c4cd1
1982,1982,Kwartet Herman Lippinkhof,Moederliefde,36e3122a-114f-47fa-bf66-cd786d8b4a41
1982,1982,Kwik Bacchus Band,Zie ginds komt de stoomboot,afec153b-74b6-4f3f-a588-49f86cfe8dfc
1982,1982,Kylans Rockorkester,I Väntans Tider,c8a637c7-f690-4db6-a4a2-beff2455eccb
1982,1982,La bottega dell'arte / Trio,Nelle stelle nel vento / Da Da Da I Don't Love You You Don't Love Me Aha Aha Aha,e3e994b1-6e44-4aac-9262-150440130b83
1982,1982,La Compagnie Créole,C’est bon pour le moral,83c68ff7-7c01-466b-8b00-ba3158f90eff
1982,1982,La Fortunjeros,Ja / Zatvaram oči,78524e04-4174-4864-bafe-687cf2bf9218
1982,1982,La Mama,Chanson d'amour,260537e1-3990-4742-8745-a01a1a55d4ef
1982,1982,La Mode,La Mode,c67cc4a8-6a77-4c7f-9dae-aeaff284d51a
1982,1982,La Semilla de Carlos Moreno,Hello Baby Doll / Qué tal te va sin mí,fdc74477-a7bb-4e1b-ab0d-6c9027b0b247
1982,1982,La Soka,Ba mōi la soka,3fb0954c-f0bd-4ca9-a304-eb1cb42d78b5
1982,1982,Laboratorija,Devica 69,08c0d1b5-8d46-4ea7-a08b-6e0492dafa2d
1982,1982,Lace,Can’t Play Around,da8843df-f646-4588-bee9-216ef01df885
1982,1982,Laid Back vs. Funkstar De Luxe,Sunshine Reggae 2000,94975ded-5e5c-308a-9ef8-a8c0c418e375
1982,1982,Laila Helminen,Saletisti vannon sen / Hiljaa hyräillen,a7b2b29b-e779-4637-88e8-41b5e3d24d4b
1982,1982,Lamar Thomas,I Don't Wanna Go Through Love Again,d65cc5c0-7851-4bdc-8793-afc72a9d4839
1982,1982-05-31,Land of Giants,cannibal dolls/seven men,1b77e439-5461-31db-931c-5555c0eacdfb
1982,1982-05,Landscape,Eastern Girls,0197d283-e840-4fe7-a944-da2a074df215
1982,1982,Lane Brody,Over You / My Side Of The Bed,0c4c96b6-bced-482a-8780-87a986aa28b3
1982,1982,Lapland Duo,De walvis,cdda726a-9a76-407e-827e-805c484e068d
1982,1982,Larry & the Movers,Four For Ten,831b9a0c-2ef8-42d4-bdda-f7fa7fa6b9f0
1982,1982,Larry Graham,Don’t Stop When You’re Hot,6863250b-5134-4441-a220-e3f59f5b0c9b
1982,1982,Larry Graham,Sooner or Later,060096d4-ad81-418d-b1be-5033cfcaa69f
1982,1982,Laser,Through / No One After You,b3e984f5-c191-48aa-81e0-f535962d36a6
1982,1982,Lasse Stefanz,Oh Julie,404a0e7b-49f4-4fcb-a8c3-4d1fd829093b
1982,1982,Laura Branigan,All Night With Me,7297ee63-c9e1-43a8-b13a-c7b9c0e547aa
1982,1982,Laura Branigan,Gloria,ad909c73-4577-4d63-88ba-8d2d6f51b2f8
1982,1982,Laurel & Hardy,You're Nicked,fb38a329-00c4-4ff8-8e48-8ea0693d3690
1982,1982,Laurie Destal,Frivole de Nuit,ee8cb807-4449-40e6-ab65-0fe241ac8b42
1982,1982,LaVerne Brown,Words Are Impossible,a8f16c4a-ac0e-416f-a224-4723089efbc8
1982,1982,Le Club,Un fait divers et rien de plus,4a80baf0-61e3-4255-9e75-112716a78c71
1982,1982,Leano Morelli,Portami al sole,196acfb2-6509-4de1-818b-2e23b07d6c4d
1982,1982,Leasing Girls,Leasing Girls,597ff193-9789-4dbb-aee2-0bba15099c8b
1982,1982,Lee Majors,Unknown Stuntman,5389135a-949b-4c98-a6dc-9a208b22cc6b
1982,1982,Lee Towers,I Can See Clearly Now / Song for the Unknown Soldier - (Yes) I Was There,44983e95-c3d0-4c41-822b-e99927ecdaac
1982,1982,Lee Towers,Love Is All,1ddf1dba-43f9-4b91-b45f-290a33988a72
1982,1982,Leevi and the Leavings,En tahdo sinua enää / Kaukaisessa satamassa,118f8253-c44b-4bae-a592-81d63668adf9
1982,1982,Leevi and the Leavings,Rock On Rudy / Lainsuojattomat,1b00481a-2644-493d-86b8-a80e2c47120b
1982,1982,Legacy,Word Up,4e34ddb1-b5f3-43a2-b77f-a3670f896d75
1982,1982,Legion,Highway Lonely,56eabc6f-f941-4a5a-afee-84ebe65438c1
1982,1982,Leider keine Millionäre,Was zählt,8289c6b8-006f-4767-8f19-f3fc69bad9ed
1982,1982,Leider keine Millionäre,Wer nicht weggeht / Your Life Vest Is Under Your Seat,8f2935e1-61b2-46bc-9371-802276a2439e
1982,1982,Leisure Process,Love Cascade,d59c928c-559b-48bc-8d26-9eced4e57b01
1982,1982,Leisure Process International,A Way You'll Never Be,09bd2e11-fefa-4b51-9790-da26c4610be1
1982,1982,Lemelle,You Got Something Special,c9e78060-02c0-42a1-8100-e14dcaadb368
1982,1982,Lena Valaitis,Gemeinsam mit dir,71fface5-6cf0-405b-ba3c-c4df130fb3a4
1982,1982-08,Lena Valaitis,Gloria,5a22cced-d594-4c9e-ae37-519dd30f384a
1982,1982-06,Lena Valaitis und Die Fußball-Nationalmannschaft,Highland Oh Highland,50354986-4b5e-4bc5-96c0-e36fe7bdb977
1982,1982,Lene Lovich,Blue Hotel,ba2d3ed6-783b-45f9-9532-879033ff99b9
1982,1982,Lene Lovich,"It's You, Only You",0b1f3490-6d73-3c1b-ba35-9cd839413f68
1982,1982,Lene Lovich,"It's You, Only You (Mein Schmerz)",a2abb47c-8a5f-45be-8730-0870a1b3c33b
1982,1982,Lene Lovich,Maria,bedf1416-e605-3c83-8b6b-1eee92b45289
1982,1982,Lenny Mac Dowell,I Won't Let You Down,0b7205f6-ab67-4369-a63f-c14bcfd8d8d1
1982,1982-03,Lenny Zakatek,Say I Love You,73dec6c6-306f-45c7-82e1-e87d60fa2175
1982,1982,"Lenny, Bonnie, Dimitri, Shirley, Willem en Alexander",Een kind een kind / Jaren van je jeugd,4b9aaccc-c9d5-49eb-8843-d28cad5e3827
1982,1982,Leo van Helmond,Wat moet die vreemde kerel in m'n bed? / Oh wat 'n stoot,5a1e6846-ff88-4fc8-995c-c57f0beee28e
1982,1982,Leo van Helmond,Wie z’n vrouwtje liefheeft…,db12e89c-ed86-4789-a9fb-4acda9658d92
1982,1982,Les Alligators,Minuit Blues / J'suis un alligator,506ba5b6-e5cb-44ab-bab8-6b270dd51abe
1982,1982,Les Amis,Help mij door de nacht / Neem mij mee,e8b52388-7280-4b74-93ca-91f838c98b2a
1982,1982,Les Amis,Ik schrijf jouw naam,fa0c2622-8675-4b10-bde5-e47d64b38d0c
1982,1982,Les Calottes Rouges,Les Calottes Bougent/Au Ras Du Sol,0363cee7-184c-426a-8028-e3cc6cfd180d
1982,1982,Les Charlots,Chagrin d’labour,ba788b4b-e436-46e3-a89a-bfbaf3d3b65b
1982,1982,Les Compagnons de la Chanson,Ce n'est pas un adieu / Quand c'est une chanson d’amour,0e995184-278b-4671-92b7-61f7c29bb7fa
1982,1982,Les Forbans,Chante,2eba3d65-823e-4e33-833e-3a5f63de17e9
1982,1982,Les Forbans,Lève ton ful de là,322640a7-bf29-442b-bda6-87cfc5d46edd
1982,1982,Les Misérables,En 1789,52f34162-ae9d-3817-99f3-7bc97f06e7a2
1982,1982-11-18,Les Nordistes,Arras (Dallas),6e83f3c7-ad33-4706-9f23-8fccc31b38e8
1982,1982,Les petits écoliers chantants de Bondy,Belle Et Sébastien,6898e3c4-f631-44ae-b8c4-3f35f76d856c
1982,1982,Les Rita Mitsouko,Minuit Dansant...,225a1851-53eb-47e7-a017-1dbae24c8855
1982,1982,Lesley Duncan,Masters of War / Another Light Goes Out,1658cafb-6367-4d7c-b82d-b32bd7ebde4e
1982,1982,Lesley Jayne,Hot promises,2ac10012-1a50-4884-9fd7-8f57ff2f96d5
1982,1982,Lesley Jayne,Sailing away,690f00f1-f331-4adb-9e88-1e767f58e72e
1982,1982,Level 42,Are You Hearing (What I Hear)?,c7aa5d59-9f4a-431c-b32e-8efe23a65381
1982,1982,Level 42,Weave Your Spell,ded376ce-9a37-4d81-a26f-b9b5fd525eea
1982,1982,Lewis Collins,Take It Out on Time,f3aa0169-09bd-4a13-af47-efe4ccb0ae42
1982,1982,Lex en z'n vrienden,We komen allen in de hemel,eef5e55d-efc4-48bf-a9fe-b920ba0b1894
1982,1982,Liaison,Play It With Passion,3dc1f07e-40e1-433e-9f89-c0c4b5621cb9
1982,1982,Licence,Ännu en natt,c77f3370-6734-4f43-866d-179b1363f65a
1982,1982,Liesbeth,Jouw kussen bij kaarslicht,f1de11c0-2fca-488e-acde-4238fcdd28e3
1982,1982,Liesbeth List,Vanavond,b4a30357-985e-460a-9d34-2296ca7ccc85
1982,1982,Light Touch Band,Chi-c-a-g-o (It's My Chicago) / Sexy Lady,b4bfe128-6afb-4fc4-9d8f-db85d3af5636
1982,1982,Lilas,Les bonbons à l'anis,a7f85ddd-0c62-466f-9719-be9f2fa2b5b2
1982,1982,Lili Drop,T'oublier / Personne nous aura,546eac59-a136-4405-807c-7e470f6d1720
1982,1982,Lilian,Eens komt de tijd,5d04cbbc-c0eb-418a-aecb-cf6d1f170063
1982,1982,Lilian,Ik lag net in mijn bed,3adfac89-b357-4945-b9fb-d5cb35763dd5
1982,1982,Lilian,Met muziek / Mijn liefde voor jou,792113c0-f694-42c1-9544-188e66c9c5ce
1982,1982,Lilian,Motorclub,8ff44256-f0ab-405b-b263-2a9ea8298822
1982,1982,Liliane Gardin,"Jimmy, Mon Ami",4a260b82-6292-474e-b10c-71ee954c21db
1982,1982,Lillebjørn Nilsen,Tanta til Beate / Se alltid lyst på livet,455562e0-d110-44c1-b7b5-baa3bd736275
1982,1982,Limbo Race,Down and Backwards,22d7d24d-6a3b-48ed-ab5f-45a609fa7940
1982,1982,Lime,"Babe, We’re Gonna Love Tonite",94723402-e770-4cdb-b385-280b378ad60d
1982,1982,Lime,Come & Get Your Love,1ade376e-f336-4b48-b901-fe879bd76c19
1982,1982,Linda,Ga je gang maar,019ff46e-924c-4deb-971a-41483e402c3b
1982,1982,Linda De Suza,L'Etrangère,7d1d22fd-5d9d-4679-a106-32d7d3ce52fe
1982,1982,Linda de Suza,Si tu existes encore,d57ef28b-f1c3-4037-bc30-c0eefafb190b
1982,1982,Linda Susan Bauer,Playa Blanca,cdc48253-8759-4142-8b8f-98b3eb2b28e1
1982,1982,Linda Taylor,You And Me Just Started,05f8ec3a-51fd-45f4-b3a5-daaad494a90f
1982,1982,Line Renaud,Une poussière dans le coeur,d0a40a89-6d50-429a-9771-d39a6cea1335
1982,1982,Linette,Breng mij nog eenmaal naar huis / Ik dacht dat het liefde was,9f29dce9-efa5-4490-821c-c4c26d872259
1982,1982,Linn Van Hek,Intimacy,e4e20d99-926e-40fe-ace5-cf19c4ddc051
1982,1982,Linus & the Losers,Without You,91b12fd6-9b61-4216-908f-9bd7e7b20ca2
1982,1982,Linval Thompson / Shadowman and Toyan,Loving You / Sweet Talking,7bef4d79-44a3-496b-bb72-0fffaa1a253b
1982,1982,Linx,Plaything,771b32bc-4534-490b-9ccc-6c76561368eb
1982,1982,Lio,Mona Lisa,4900b492-b6de-4283-85fa-75ec01b264ec
1982,1982,Lionel Leroy,Dare Dare Motus,c495f5a6-8cf2-4f86-a0c7-9e185722b91c
1982,1982,Lionel Leroy,Goldorak,c0011f73-488d-4f8c-80d8-3f31d524daef
1982,1982,Lionel Leroy,Starsky Et Hutch,f25656ef-6e8f-4eef-9b27-c3e7265a1252
1982,1982-11,Lionel Richie,Truly,681e0d6f-3dac-4e52-ada0-18f1527f10f4
1982,1982,Lionel Richie,You Are / You Mean More to Me,a333d732-a311-4b24-be76-9669627036a8
1982,1982,Lisa,Jump Shout,255b847a-4d58-44f1-94dc-e218a96d6779
1982,1982,Lisa Stansfield,The Only Way,8044b8b4-7fd1-44cf-be87-d26b91ed3dc1
1982,1982,Lisandro Meza y su Conjunto,Lejanía / La vieja cachiporra,3d3333fc-cf79-4e11-b6cb-b5018d6631c1
1982,1982-06-25,little Army Rockers,ポ・ケ・バ・イ・ブ・ギ / THE MU KA DE ダンス,e62b42c7-5d78-4def-a2f2-df2355e99b24
1982,1982,Little Johnny Taylor / Mack Rice,Please Come Home for Christmas / Santa Claus Wants Some Lovin',15f80d70-48f8-4d10-9b2d-ad168006249b
1982,1982,Little Richard / Carl Perkins,Giants of Rock,5e211ad7-668e-488c-9e79-fae79785f546
1982,1982,Little River Band,Cool Change / Reminiscing,fb898ab8-7777-4d4f-a6df-2dd3d4f021cf
1982,1982,Little River Band,Down on the Border / No More Tears,3af00358-8983-4793-baad-bc5e17ed5cac
1982,1982,Little River Band,Happy Anniversary,f417b3da-eb99-4d5e-a0db-2dd3778db088
1982,1982,Little River Band,It's a Long Way There / The Other Guy,48d092e4-6117-4aa8-9d13-16b5d3b8f393
1982,1982-11,Little River Band,St. Louis / Easy Money,b08c4646-538a-4ea6-ac5f-e899e656e7b1
1982,1982,Little River Band,The Other Guy / Take It Easy on Me,ec805aab-6113-46e5-a85d-c3d1079840e2
1982,1982,Livin’ Sacrifice,Fuck Off / Rocker,3c85071b-cd88-452d-9521-86176de63617
1982,1982,Lizards,Pamaus,0609decc-8495-447d-8b74-20d2a1f5768e
1982,1982,Ljuba Lukić,"Ako Se Vrati Ona / Sve Mi Smeta, Što Na Tebe Seća",5def5606-3087-4062-83e9-1acd52f8eecf
1982,1982,Lolita Pop,Jorduppgång,b5ce000e-24f7-4f74-acba-5ad16a6a711e
1982,1982,London PX,Arnold Layne,26b22c18-5cbf-4dec-8b3f-6b27bb5a4efc
1982,1982,Look Back in Anger,Foxhunt,d4c94111-7268-413a-b8db-0e7f429bcd01
1982,1982-05,Loose Ends,In The Sky,b6e953e6-5a3b-4aac-8f2d-233d9ecd3582
1982,1982,Loose Ends,We've Arrived,48e0a53e-3942-41ec-840f-9a1e3a33516d
1982,1982,Los Aguilares,La última vez / La moneda marcada,1b540ba1-980b-44f0-9bdc-8676d9546bf6
1982,1982,Los Alegres 83,How Much Is That Doggie (In the Window) / Streetlight,f569f3e2-de8e-4386-879c-21bd50e7cd63
1982,1982,Los Cardenales de Zacatecas,"Adiós mi vida / Alcohol, bajara y muerte",97536e3a-bdb9-4ec9-a3c6-3acda23012d0
1982,1982,Los Casinos de Venezuela,Cuando yo diga / El Profesor rui rua,b464a161-69db-4c2b-a3e9-a53392f3c3bb
1982,1982,Los chicos de la bahía,Camino del Sur,ac24ef75-f120-4180-a340-dfb8a4bb9b46
1982,1982,Los Colores de Rubén Villarreal,El hijo del gato negro / Que me toquen las golondrinas,6ec30409-3ade-407d-a73a-c58623f1a60c
1982,1982,Los Colores de Rubén Villarreal,Te extraño te extraño / Mis botas rotas,09aa852d-7904-4c15-a975-b971f2fe6669
1982,1982,Los Colores de Rubén Villarreal,Tenías que ser tan cruel / Esa negra paloma,03d88b3a-cc40-443a-bc27-3ff20aa19737
1982,1982,Los Corraleros de Majagual,La medallita / Mi caprichito,d633bd75-ae68-4edf-ac4e-b3ef2c9b7563
1982,1982,Los Guarahuaco / Rodolfo y su Típica R.A.7,El pescador de Barú / Vanidad,7676c1f7-86af-4ea9-983a-bab0196bc6cc
1982,1982,Los Hijos de La Niña Luz,Cocodrilo Rock / El cuatrero,17250008-79e9-4c57-a834-4bd2ea9dba96
1982,1982,Los Kassino,"Navidad de los pobres / Las mujeres, hombre, las mujeres",29930653-2a1e-4370-8406-2f13a956e2cb
1982,1982,Los Kassino de Chucho Pinto,El galo viejo / Coquito quemado,8f22f916-2cce-4560-9f64-d41bb476342c
1982,1982,Los Kassino de Chucho Pinto,La cruda / La cucharita,91642889-4e6b-4af2-82fa-e132a6cf7d2e
1982,1982,Los Maraqueros,Nadie se salva de la rumba / Aprende a querer,9b2301a8-fb2d-42f9-91e5-ad4da42bb22f
1982,1982,Los Microwaves,I Can't Say / Silent Screamers,8b87c578-d327-4d61-9286-9015fd19673f
1982,1982,Los Onderdikos,Bloemkooltijd / Onderdijk,601ead36-d05e-48b8-a00e-53347f91cd4e
1982,1982,Los Pico Pico / Fruko y sus Tesos,La sabrosita / La historia del tambo,5bccb80a-c589-46dc-a53d-d2b93d790d34
1982,1982,Los Rayos,Dame luz verde / Contando billetes,23e5eeee-acc7-42a8-9417-ffc986f4c210
1982,1982,Los Seres Vacios,La Casa De La Imperfección,34d53c5d-e9d1-404d-930d-c66acb137801
1982,1982,Los Seres Vacíos,Los Seres Vacíos,188a383f-0d1d-4485-8625-3bb51011a209
1982,1982,Los Solistas,Los gustos de Victor Perez / Ron con Coca Cola,9349d119-eff6-4fef-a1dc-21eeae31658a
1982,1982,Los Solitarios,Debo esperar / Quinceañera,c1efcf33-97da-46d0-9b7c-0c7bb42cbb09
1982,1982,Los Ángeles Azules,Cumbia del acordeón / La reina de Colombia,58dfd407-2637-4fa7-8cba-3b530314ee22
1982,1982,Lou Miami & The Kozmetix,Fascist Lover,2f21a80c-b1fc-4b7c-af24-049b8e25c28b
1982,1982-05-01,Loudness,Burning Love,25567257-210d-4d73-aa4d-7feeafa1c079
1982,1982,Louise Fontaine,Gazou/Aujourd'hui,d1e65e8c-3db1-4e83-a8a6-8b963c48fe2c
1982,1982,Louise Tucker,Midnight Blue,c2ec805a-442d-3904-aba0-a92e2696a94b
1982,1982,Louise Tucker,Only For You,b4c728d9-dd31-47e4-bade-9fb3ca2913ec
1982,1982,Love & Kisses,Bap Bap,21c027ef-4a5d-4c6c-ba5d-b98cef307841
1982,1982,Lovebug Starski,You've Gotta Believe,f2116e7b-3b8a-33e1-9fba-f1510e7c9172
1982,1982,Lovely Previn,I'll Never Get Over You,b58454c1-ba11-4016-9b94-389e55c46d6b
1982,1982,Lovely Previn,The Wasted Love,e008477e-67e2-496c-8e10-7e03550bce9d
1982,1982,Loverde,Die Hard Lover / My World Is Empty (Without You),aa5c1d6d-6c12-46bc-9569-e9d399e2109f
1982,1982,Lowland Trio,Ajax kampioen,075435c0-b09b-4b6f-9b9d-ea9b256c7317
1982,1982,Lowland Trio,Het drama van de klok en de 73 mensen in het pas gerestaureerde kerkje te Lange Pange,e44788ea-a3a9-4ecf-ae7d-06a79b6687ba
1982,1982,Lowland Trio,"Oh Annie, nee echt ik kan nie",a77f3ee6-ed5d-486b-bf79-3bc6051e9965
1982,1982,Lowlife,Logic & Lust,62bc72f1-36b3-443a-b843-9d845454f861
1982,1982,Lucky en De Smalsmoelkikkers,Het nieuwste kabinet,45a2eecf-2a57-47dd-9fc5-c20bfcd817ed
1982,1982,Lusthansa,Nix Neues in Poona,ea587368-af30-46f3-a628-c05bb6578bb9
1982,1982,Luther Davis Group,You Can Be a Star / To Be Free,19e9f0a1-7cf4-42be-b8ac-cbf5be9e46a8
1982,1982,Luther Vandross,Bad Boy (Having a Party) Medley,129a7ddf-b015-40c1-a506-eff209aebd1e
1982,1982,Luther Vandross,Promise Me,b9349b99-5d0f-45ce-9f39-b9a2eb9a62f8
1982,1982,Luther Vandross,She Loves Me Back,ed6e321c-6db1-4b90-9af7-d5b8da94e6a6
1982,1982,Luther Vandross,Since I Lost My Baby,62389a23-d010-4b71-a3f0-a2b29d933c29
1982,1982,Luther Vandross,You're the Sweetest One,8cfc24bd-1b61-401a-a689-7cf7fbeffaaf
1982,1982,Luxus,Bent To Scale,701f41d3-ba32-43be-b975-a9fc85f16020
1982,1982-09,Lydia Lunch & Rowland S. Howard,Some Velvet Morning,4383ede4-4bec-3607-b88e-0708fe711b24
1982,1982,Lynn Anderson,Midnight Train to Georgia,42d1e14a-b9d6-441b-994f-fd9387506cfb
1982,1982,Lynn Anderson and Gary Morris,You’re Welcome to Tonight,96888ff8-d61d-4111-933a-f699693f6486
1982,1982,Lynn Ritchie,Love Is Bad for Your Health,ecdd81f8-f20e-466e-b58b-04b100ba92c0
1982,1982,Lynyrd Skynyrd,I've Been Your Fool,248248ed-3b8c-4c04-95e2-0ac762af914d
1982,1982,M.J. Wade,I'm Gonna Ball Baby,c03222e9-6aca-33bb-89b9-065f7f9ee312
1982,1982-10,MacKenzie Sings Orbidöig,Ice Cream Factory,9dd67659-d6b1-4184-8c86-e6b0afd8d39e
1982,1982,Madelon Waalkens,Papillon / Michelle,fd0cdb0d-69bb-40b7-b867-18c4c7f32621
1982,1982,Madleen Kane,Playing For Time,5182e240-93e3-4fdb-849d-7079bd6b3afd
1982,1982-07-24,Madness,Driving in My Car,f0b31cbe-3a5b-3fdc-b4b8-f25d7ab1fde1
1982,1982-04-30,Madness,House of Fun,c1d1a373-11b8-399c-80e6-ef15aaf4720d
1982,1982,Madness,Our House,3e5aa388-0eda-464c-86e5-8e673c41ff38
1982,1982-10-06,Madonna,Everybody,7a2abf6c-354d-35da-9e8f-a69b61c0ebee
1982,1982,Maffia Mr Huws,Gitar Yn Y To,f95d9979-d4de-40ea-aa61-b24efe315af4
1982,1982,Magjk,You Gotta Get Up,d40bea27-b3f2-41bb-ba2c-6cb09060dbf3
1982,1982,Magnum,Back to Earth,a929ccee-018c-4ecd-b1be-1ad38020c83c
1982,1982,Magnum,The Lights Burned Out,51b35028-dc03-4b5a-a96c-67d028380a5b
1982,1982,Mahogany Featuring Bernice Watkins,Ride On The Rhythm,a87da041-b8bc-41dd-af2e-46708c832027
1982,1982,Mainstreet,Rock 'n' Roll Revival,a09e09dc-93e7-42ba-b2fa-7ad5bf26c5eb
1982,1982,Maja Catrin Fritsche,Komm wieder nach Haus,ddc8c896-821c-4d1f-994e-d0a412f1d313
1982,1982-01-14,Malaria!,Your Turn to Run,0749c8e6-6a9d-48c8-82ee-2245bd6af864
1982,1982,Malcolm McLaren,Double Dutch,d20ccbaf-bf03-4042-b3ec-746760658c25
1982,1982,Malcolm McLaren & The World Famous Supreme Team,Buffalo Gals,d689c031-c063-3dca-b596-fe2d9879cdc1
1982,1982-07-10,MaMas Barn,Mammas barn,0f69c8c9-b789-3cc9-a55f-30d2b12cb013
1982,1982,Man Parrish,"Hip Hop, Be Bop (Don’t Stop)",8ffb079a-c720-4e9b-a125-c18832288c4f
1982,1982,Maneaters,Nine to Five,59235c08-df7b-4b80-ad18-2b1b0b8203d8
1982,1982,Manuelle,Fais le chien,cdcc26f1-150b-4019-ba2c-ef483e0d7b52
1982,1982,Marc & Helga,Een hutje op de heide,f6fb0863-43e5-4c16-8ba9-2435aab18c63
1982,1982-08,Marc Almond and Friends,Discipline,6b3877ff-c9f5-3146-aec3-16df9003581f
1982,1982-03,Marc and the Mambas,"Fun City / Sleaze (Take It, Shake It)",03711e8b-1b33-4f22-b5e1-35c4cc891a2d
1982,1982,Marc Dex,Als je eenzaam bent / Ik zal altijd op je wachten,0c772cd0-28b3-4ae7-9c46-05fc99cdc97c
1982,1982,Marc Winter,Onze club gaat nooit verloren,e9cfa997-73e1-42df-a704-03f41705c099
1982,1982,Marcel,Mijn pappie / Ave Maria,5f0f197a-d118-400c-a8f4-dda7f02e295a
1982,1982-09,Marcia Hines,Love Side,7ae3a4d5-f133-3996-aa69-b30c1937f768
1982,1982,Marcia Hines,Take It From the Boys,793a8366-0b2f-3d00-9043-9afa30bc09a0
1982,1982,Marco,Breda-baïon / Maurits-wals,e128d81b-248b-4ba2-859f-1b40166176f7
1982,1982,Marco,Ella / Rock You Baby,959272c9-495c-49f0-8c89-bb11463bec77
1982,1982,Marga En Roy,Honky Tonk Henky,bbb0e314-4fad-4098-9312-3f56c87cf73c
1982,1982,Mari Trini,Una estrella en mi jardín,035f215c-34dc-45c0-bcb9-24f7466cf9b7
1982,1982-01-29,Mari Wilson,Beat the Beat,9c76db3d-d433-444b-a95d-1d3f237a08d3
1982,1982,Mari Wilson,Just What I Always Wanted,93e2ccd2-fd47-4780-a6d0-3d15c13f9bec
1982,1982,Maria,Nemen En Geven,28459ce7-6b6e-4282-8075-64f1b989b122
1982,1982,Maria,Op een eiland met jouw,7fa0cfbd-6b78-440d-99f3-5d4a7bb7fb3f
1982,1982,Maria Sandrini,L'Arbre fleuri / La P'tite Culotte,422c2666-e758-47d0-acf4-b5f7df7eea29
1982,1982,Maria Verano,I’ll Tell You,e6545e97-17b3-44e2-9ece-b245d4f5b11a
1982,1982,Maria Verano,Whoop De Doo,5a11cae8-c399-4a0a-ab0b-d8995bdfe5fe
1982,1982,Mariachi Los Vargas de Arturo Mendoza,Secunda de la derrota de Damasco / Cumbia del eco,6b484c0e-9793-474a-b41f-c8721cdde3f4
1982,1982,Mariachi México de Pepe Villa,Negra yo soy / Cumbia de la zorra,07ee7a91-c3a2-4788-947e-eb46140f4528
1982,1982,Marian Weber,Samen in de zon,5b959996-50e3-4b0f-b265-d7e54972f35b
1982,1982,Marianne Faithfull,Broken English / Sister Morphine,87714082-5fb8-4fc3-bd49-7291a81bff1b
1982,1982,Marianne Rosenberg,Blue-Jeans-Kinder,bcd42bc2-2369-4770-b818-e9c27d86c28e
1982,1982,Marianne Rosenberg,Der Mann vom Kartell,922fb848-cb5c-4e66-9a73-2b927dd18699
1982,1982,Marianne Rosenberg,Ich sah deine Tränen,13270fc0-9a63-4dce-ae09-d13abd94dd0c
1982,1982,Marie Lord,La Porte Du Pardon / Aurore La Pie Du Village,27bba65e-d519-4877-8b5d-7dc945bec9a3
1982,1982,Marie Myriam,Sentimentale,23dea357-4e04-484c-a16a-a64a4d9acb0d
1982,1982,Marie Möör,Pretty Day,1b109773-79e6-4b56-8703-ab362c18e3d1
1982,1982,Marie-Louise,Paper Kite,a924050d-2997-4a11-ae10-53872afec281
1982,1982,Marie-Paule Belle,La Biaiseuse,5729c57c-86be-4fad-8e0a-4bd47eff724a
1982,1982,Marie-Paule Belle,"Paris, fais-toi faire un lifting !",2aceba92-b208-4546-a690-dd0f89b79d95
1982,1982,Marieke,Kom een beetje dichterbij / Engel van mij,137b2c7c-fb20-4f74-895e-ae2a713df21c
1982,1982,Marietje,Twee witte duiven / Vakantie gaat te snel voorbij,a652bceb-59d6-43f1-a04f-ec0104669112
1982,1982,Marijke Govers / Psalter,Er is hoop / De zaaier,339bb014-f115-47b2-bc5b-3fea04cb0349
1982,1982-10-25,Marillion,Market Square Heroes,e55991c7-0bf5-30cf-b9ee-880f65f7ebdf
1982,1982,Mariluz,Con Toda el Alma,8857f7ee-24d6-4600-9351-0f419dfa66b7
1982,1982,Mario Tilborghs,De hemel op aarde,a45e305c-831b-49ee-897c-729cfdefd418
1982,1982,Mariska Veres,Wake Up City / In the Name of Love,331a80fc-6dd1-4afe-835b-ecf2e76d0d30
1982,1982-10-21,Marius Müller‐Westernhagen,Ich hab keine Lust mehr im Regen zu steh'n,65dfc294-5ced-4518-b169-d02a5d76dea0
1982,1982,Marja Koski,Tänne jään / Colorado,ff56fb04-23c4-44fb-8f9d-d618c210ced1
1982,1982-10,Mark Stewart + Mafia,Jerusalem,c8066400-c332-4d90-83a1-3e6946acef33
1982,1982,Markkittos con La Sonora Sampuesana,Se me quema el monte / Dos amigos,f5136f04-2f61-48ad-b9e9-3499afa8be9e
1982,1982,Markku Johansson,Almost Together,7b34420b-0ef9-453b-be9f-8dcf0b6e0123
1982,1982-05,Markus,Ich will Spaß,944df7fa-20c1-4a89-8a68-0c8875a23f21
1982,1982,Marsha Raven,I Like Plastic / Angel 43,c466cbb0-42e3-40f6-aaf2-8c5061c390dc
1982,1982,Marshall Crenshaw,"Someday, Someway",2b2d2ed7-61ea-4f48-8dcc-14c3c64acb52
1982,1982,Martin,Mendocino,310db859-313a-410b-8476-479829e12d50
1982,1982,Martin Agterberg,Schiedam / Hot Wheels,b8024779-d52d-4e8c-8111-8f125da2f048
1982,1982,Martin B.,Pier stapte op zijn varken,8076f2c2-0604-4d9e-9a80-f0556e7028da
1982,1982,Martin Brem,In der Hölle gibt's ein Zimmer,f6c4ca41-77fb-430f-9157-763ea1212a4a
1982,1982,Martin Dupont,Your Passion,bb1cdd5b-46b3-3f28-bcd1-01a7c2649fc9
1982,1982,Martin Snijders,"Ja, we doen de polonaise! / Een, twee, drie, vier!",da69a90b-3caa-4c26-bff8-eabf2a8a616c
1982,1982,Martti Innanen,Korven äidin kehtolaulu / Helsinkiläisten laulu,b7079621-1b4f-4d7c-b69c-1b0735c86315
1982,1982,Marty Robbins,"Some Memories Just Won’t Die / Lover, Lover",9221cb2e-a110-4270-8a4b-ea14b6ae3b4c
1982,1982,Marty Robbins,That’s All She Wrote / Tie Your Dream to Mine,9bed7dff-9175-462a-b671-14e22d23eff6
1982,1982,"Marty Robbins, Johnny Gimble & The Texas Swing Band",Honkytonk Man / Shotgun Rag,173d9fe9-cdd7-483e-854a-c3defebd0e41
1982,1982-10,Marvin Gaye,(Sexual) Healing,facab9ec-89a8-34c8-a5d8-ff1ed56699a5
1982,1982,Marvin Gaye,My Love Is Waiting,ea4ea585-d84a-343f-a0bc-bfdab284ce32
1982,1982,Mary Lu Zahalan,Turn the Wheel,5abd3eb2-d5a6-4e72-9944-bea3220725ce
1982,1982-02,Mary Roos,Heiß und kalt,bd178103-e964-458c-aa45-a87f42ae4866
1982,1982-09,Mary Roos,Zeit,d7655d9d-3b8d-43e3-8fc8-9dcd6ab13b5f
1982,1982-07,Mary Roos & David Hanselmann,Es ist nie zu spät,59fd3e55-32e3-4bd0-bbaf-6d92e62ee0bc
1982,1982,Mary Roos & David Hanselmann,Lady,f5e3dae0-d1ba-4383-80db-74b8ba909297
1982,1982-02,Mary Roos und David Hanselmann,Lady,8b1cd674-25c8-4fcd-a08c-6ab2bd3b522f
1982,1982,Mary Scott,Take the First Train,4364155f-f278-4582-a402-8c692d5ca6d1
1982,1982,Massara C.A.S.T.,Volerai Volero,4a90d704-a4d9-4240-8408-89fc1b1122e6
1982,1982,Massimo Luca / Iron Maiden,L’internazionale / Run to the Hills,5973266f-b797-4f4b-9a39-4fe30023f981
1982,1982,Matchbox,24 Hours,5e5a08d9-b6fd-4138-8e45-f9b29665c54c
1982,1982,Matchez,Out to Lunch,9341ad67-02d9-47c0-8554-a8231d8e9908
1982,1982,Material,Ciquri / Detached,1b949577-8753-4952-8929-0a973a7164bb
1982,1982,Material,I'm the One / Don't Lose Control,a51c85a6-371d-4b1e-bfc1-b45b0ef96613
1982,1982,Mau Mau,Herzschlag,c5e68bd8-2523-40b2-8fde-6d1464029837
1982,1982,MaurenBrecher,Beutevogel,b8c12a50-0309-4956-98d3-6107f7b4b9de
1982,1982,Maximum Joy,White And Green Place,c94b53a0-ddaf-4836-87d5-adc68b4e9397
1982,1982,Maxine Singleton,Don't You Love It,d72ecc63-bbed-4fd6-9fbe-96a5865a878c
1982,1982,Maywood,Getaway,af3c9021-9842-4805-9d25-5fe866e6ca4d
1982,1982,Mañana,Vida mía,7b341f1c-0ff6-4fc4-a759-6eaa0e59ba98
1982,1982,Me First,Bounce Your Bones,00124bd6-e032-4939-ad43-f395255b905f
1982,1982-06-21,Mecano,Maquillaje,03eaf7ee-468f-44ea-990c-54286375ac99
1982,1982-03-22,Mecano,Me colé en una fiesta,9689275f-6d44-428a-b1a9-84bd98dbf848
1982,1982-11-22,Mecano,No me enseñen la lección,c1ad4f97-befe-493a-bf0b-fc63738c26af
1982,1982,Mecano,The Uninvited Guest,b47bc31a-da31-4b18-ab37-dd1472338488
1982,1982,Mekanik Destrüktiv Kohmandöh,Der Tag Schlägt Zu,85513254-e6a6-4a86-8f99-8a15bf9a3ad6
1982,1982,Mel Brooks,It’s Good to Be the King Rap,510ee223-9329-43b9-90fb-acca55566c1c
1982,1982,Melba Moore,Love’s Comin’ At Ya,f266bc7a-a283-47cd-a7ae-cc24ef249b2c
1982,1982,Melissa Manchester,Hey Ricky,b2949bf6-8a02-4433-adc7-0313cfc9bade
1982,1982,Melissa Manchester,You Should Hear How She Talks About You,ea46d01d-a3b7-44ea-9acf-1fb4e4d1ed8f
1982,1982-12,Melle Mel & Duke Bootee,Message II (Survival),6cf8f093-6fd3-383a-ba50-1a04b356803f
1982,1982,Men Without Hats,The Safety Dance,84eb81af-4d18-3d58-883f-2e3f7011068d
1982,1982,Mentally Ill,Sex Cells,cc3621ac-b200-45d8-8705-1b033716559c
1982,1982,MEO 245,Sin City,fb2a3a25-49ae-4040-be6c-b2d471946eb6
1982,1982,MEO 245,Summer Girl,f7ac6af8-4b19-4d61-8b44-e4fa4aa1e4bd
1982,1982,Merja Ranta,Tää onnea on,5a56d449-9fda-4ada-ac9a-49e6b3a7afa0
1982,1982,Merle Haggard,Goin Home for Christmas,5057f757-385a-44ed-aae2-9ec7abfcf17b
1982,1982,Merle Haggard,Going Where the Lonely Go,ac02f1d0-ea34-49bd-8a27-a5a9a632a276
1982,1982,Merle Haggard,Santa Claus and Popcorn,40ed1645-58f4-43d8-b15f-ee547289f243
1982,1982,Merle Haggard,You Take Me for Granted,ec1045ea-e852-45bb-b176-4f02ca92cd6f
1982,1982-11,Merle Haggard / George Jones,Yesterday’s Wine,bbd88867-9368-4686-92cc-964d1ea68758
1982,1982,Merle Haggard and Willie Nelson,Reasons to Quit,2c82cbd0-65aa-469e-9099-728169620067
1982,1982,Mia Martini,E non finisce mica il cielo,de5874b1-623b-4b89-ba99-471d8089a42e
1982,1982,Michael and Stormie Omartian,It Is Done / Praise His Name And See It Happen,67baf2c1-88df-4077-ae8b-da3e4864fa6d
1982,1982,Michael and Stormie Omartian,The Trumpet Of Jesus (Accompaniment Tape),fae2986d-d178-47fc-951d-1a7ff80250c0
1982,1982-08,Michael Franks,Comin' Home To You,4ee91089-2270-46cf-9cd2-332a08aac9bc
1982,1982,Michael Holm,Die Nacht hat 1000 Augen,b9d248b5-480d-4a82-a564-0e6bace686e4
1982,1982,Michael Holm,Fällt der Vorhang für uns zwei,a51a00c5-3704-43ff-ac1f-338a9bec8085
1982,1982,Michael Jackson,Billie Jean,d42503ec-54fd-3ac7-83ac-a5e37425509c
1982,1982,Michael Jackson,Someone in the Dark,3f16cecc-7bfe-4ffe-a1ff-41920d9ae514
1982,1982,Michael Jackson & Paul McCartney,The Girl Is Mine,11d34d7c-3a4c-489b-a079-dc6a600b1288
1982,1982,Michael McDonald,I Keep Forgettin’,afb63139-fbf1-402b-aca1-06f5038a70e5
1982,1982,Michael Moorcock's Deep Fix,Brothel in Rosenstrasse,14141ba5-5e27-4a05-a0ba-1433613be411
1982,1982,Michael Nyman,In Re Don Giovanni,f87f960d-6169-486e-9412-8bbcacd5fba5
1982,1982,Michael Schanze y La Seleccion Alemana de Football / Lena Valaitis y La Seleccion Alemana de Football,Olé España / Perú,ab37b302-3068-4f6e-8b01-bd88a0d20b5b
1982,1982,Michael Schanze y Lena Valaitis con la Seleccion Alemana de Futbol / The Sherman Brothers,Ole España / Vívelo Bailando,fb8d91dd-d981-465f-90e4-65c5906114a6
1982,1982,Michael Wilson,Groove It to Your Body,2d8e9fc7-66fe-4593-8ba3-632fdf3e2a15
1982,1982,Michaël Process,The Perfect Stranger (Computer Dating),d8148be6-9175-4623-8046-11b22426795d
1982,1982,Michel Berger,Maria Carmencita /Déjà je suis loin,8faea44e-462d-4ca6-93e3-201a1d1c370a
1982,1982,Michel Berger,Tout feu tout flamme,11962649-7d37-41aa-b68c-2fac1657bad0
1982,1982,Michel Jonasz,Lord Have Mercy,737d2de4-e99f-4cd8-aabf-d5d82ae27a38
1982,1982,Michel Legrand,Il était une fois… l’espace,2df7cb9b-a093-40c0-8b0d-008879728a4c
1982,1982,Michel Pagliaro,Quand on fait l’amour,74233e8d-55b7-4096-b4bb-45e5d6fe60be
1982,1982,Michel Pagliaro,Romantique / Cadillac,e3c9d2b0-3d9b-4ba2-8606-7ff9d7348f92
1982,1982,Michel Rorive,Voyage à Macao,5a5ddfd2-9371-4468-af8f-760b25c10d00
1982,1982,Michel Sardou,Afrique adieu,808fec60-ef50-43cf-8a79-3552ee645bc6
1982,1982,Michel Sardou,Musica / Les mamans qui s'en vont,6962541e-3076-48c7-b0c5-42e3e938134f
1982,1982,Michel Tito,Opa viert weer karnaval / Opa's tuba,f99bfb76-9b76-4736-aaca-d79408bccb7e
1982,1982,Michelle Guiú,Existes / Que me da,05f03b39-2654-4deb-827e-5c965e73b79a
1982,1982-03-05,Michelle Wallace,It’s Right,3adb4069-b8d8-40ac-a88b-855e0db84360
1982,1982,Michelle Wallace,Jazzy Rhythm / Rhythm,fd9dd077-70d6-4bb4-b225-f5c9d75acb06
1982,1982,Michèle Torr,À faire pleurer les femmes,c0ae3c9c-0449-4700-8af6-2ab540878714
1982,1982,Mickey Bliss,Video Lizards,1594936a-b839-42ce-bf17-521a327cb557
1982,1982,Microdisney,Hello Rascals,ecedc6e1-659e-4f96-9007-5e81d39b8b7b
1982,1982-06-12,Midge Ure,No Regrets,2a73b35d-ee4b-3687-bccb-6e0e8bf484a3
1982,1982,Mieke,Ga naar die ander / Moeder je mag nu niet huilen,1cba09af-6ddb-44f6-83a4-470be9c3a423
1982,1982,Mien Oostvogels,Als de wind huilt...,306ba51b-7dbb-4e2a-b7a4-e39bb1bcef7e
1982,1982,Mikado,Par hasard,f4d39418-202e-4d89-85a7-91f1784df40f
1982,1982,Mike and Brenda Sutton,Don't Let Go of Me (Grip My Hips and Move Me),bb704ab1-5c11-4a1a-8b40-2b17f6501042
1982,1982,Mike Anthony,Why Can't We Live Together,d37d153d-dc43-479c-82e0-a2ec64f88f90
1982,1982-02,Mike Holoway,Come Go With Me,9d0eccb0-4017-4639-8797-a8ae5719e82a
1982,1982,Mike Krüger,JR's Bruder,6f0c074e-bb8d-44db-a127-31c087e1b584
1982,1982,Mike Krüger,Wir müssen erst die Bohne durch die Mühle drehen!,dde8cbd7-81d9-4bc0-be9d-7eab7b18d809
1982,1982,Mike McCray,Bring Your Love Back,4e929ccb-5c2b-44ca-9dc3-11798bba2596
1982,1982,Mike Melvin,My Lovely Woman,75ef928c-9927-49ca-aa7a-fad2876f82f6
1982,1982,Mike Melvin,Rockin’ Girl / Dream Girl,43ab784e-1a0a-4591-b9d3-ac92ff6a5468
1982,1982-05-28,Mike Oldfield,Family Man,b5a83d68-db7c-35ef-a1aa-363cc9b61f17
1982,1982-02-18,Mike Oldfield,Five Miles Out,83fc6f95-4853-3658-85f4-1650af5720da
1982,1982-08-20,Mike Oldfield,Mistake,a582cc03-9cc7-310e-bcd7-039a094e9c08
1982,1982,Mike Post,Theme From Magnum P.I. / Gumbus Red,b0ac12f8-c93e-4f09-a3ab-da30641331fe
1982,1982,Mike Rutherford,Acting Very Strange,b52bbc5d-ea73-464f-bba7-78cb04503d87
1982,1982-08-19,Mike Rutherford,Halfway There,e7ebd40c-bbc7-303b-9489-c7e47f9121aa
1982,1982,Mike Rutherford,Maxine,dd351174-f3f3-4d6a-b946-a757ef4ddd16
1982,1982,Mikey Dread,Heavy Weight Style / Rub-A-Dub,cbe3cee2-1f1f-41f8-bc4e-0ac04fb765c4
1982,1982,Miles Davis,Jean - Pierre - Live Inedit / Fast Track,f0de3818-677c-42e1-b4a7-0ef5ac9ef306
1982,1982,Miles Davis,Jean Pierre,91e58f44-2227-4fea-8042-fa541cb8c8c5
1982,1982,Minisex,Du kleiner Spion,e517779e-f9da-4940-99e8-6b999fbe8e52
1982,1982,Minisex,Franz und Lola,cd186182-9a43-4912-8777-9172c608ff1b
1982,1982,Minisex,Ich fahre mit dem Auto,df5b5b7b-2f08-422c-bef3-16093ff84101
1982,1982-03,Ministry,Cold Life,ec9fba86-6565-3ffe-8c7c-82ae2ebed763
1982,1982,Mink,Atakatakatakata,fe59d2a8-3f1d-490b-ae17-852be15f61c3
1982,1982-09,Minny Pops,Secret Story / Island,b0e64e9f-fdc2-3c48-b366-6f0b74fb595a
1982,1982-04,Minny Pops,Time,05f6c2b2-3b2b-41e4-b22f-e5d3b8834a0b
1982,1982,Minor Classics,Sign Language,9d6017de-38d8-4cec-acdc-3f24180525cc
1982,1982-09,Minuteman,Voodoo Slaves,e0d106fb-410b-4229-8e84-92c1c5898943
1982,1982,Minx,Övergivna tårar,31a0fc6e-e923-4610-95bf-d961644ca3b3
1982,1982,Mirage,As From Now,f631ea62-4f36-4a6c-8d4e-199a4369699f
1982,1982,Mireille Mathieu,A Santa Maria / Trois milliards de gens sur terre,9acea810-2930-457a-9059-c4e651ff808e
1982,1982-01,Mireille Mathieu,Der Clochard / Nur du,8a430330-f493-411b-a0a4-d092fe259afd
1982,1982,Mireille Mathieu,Die Liebe zu dir / Was nun,872c3600-a293-4c86-93ab-aba68b0910d6
1982,1982,Mireille Mathieu,La paloma vendra / Solamente una vez,e1d66718-37cb-4c4d-9bf3-32e8daf99dd0
1982,1982,Mireille Mathieu,Nos souvenirs / Molière,67d3d16f-866a-4a2c-b166-e9161df07ae8
1982,1982,Mireille Mathieu,Où est l’amour / Adagio,6831beb7-7886-47ec-933a-e8fe0f9ca5bb
1982,1982,Mireille Mathieu,The Waltz of Goodbye / People,331c7563-7fe0-422b-b809-2556b799facd
1982,1982,Mireille Mathieu,Trois milliards de gens sur terre / Ma vie m’appartient,24a4320a-202e-49b3-8277-ed8a8d605f28
1982,1982,Mireille Mathieu,"Tu chanteras demain / Nous, comme des fous",c7336b5c-a43d-4a25-bbec-fd48e2c72fef
1982,1982-12,Mireille Mathieu,Vai colomba bianca / Tu es aus Liebe,de3cfd83-c6b4-47b3-a07f-411369d11981
1982,1982,Miro Miroe,Islands,e8dca8b4-ad84-4a1b-87d8-b1715b24e28f
1982,1982,Misguided,Bringing It Down,7173613c-6cd0-3f42-a71f-3436aaaf3cca
1982,1982,Miss Molly's Favourites,Liebe Liebe / Ich gehe aus mit dir,24253c1e-15c9-40b1-9fe0-9ad80656ae7e
1982,1982,Missing Persons,Destination Unknown,1fa00e2f-2d0f-4789-9404-e0ea8c8fb385
1982,1982,Missing Persons,Words,66018ebd-ed11-4e7c-a2ed-6a670280fc62
1982,1982,Mission of Burma,Trem Two / Okay/No Way,70ef4814-f22c-3185-a90d-8a4634f185f4
1982,1982,Missió,"Egyszer lent, egyszer fent",cd8b99b2-155c-4e1f-9770-9aef1f0fa731
1982,1982,Mobiles,Amour Amour / Skeleton Dance,297290df-2afc-4f14-99eb-7d8e654ef130
1982,1982,Mobiles,Drowning in Berlin,5d0bc50d-2ec9-3dc6-adde-b7ccc54f7ba7
1982,1982,Mobiles,Partners in Fiction,e19cfc1f-3cab-48c5-8bcc-5dd6c0d767a1
1982,1982,Mobiles,You’re Not Alone,8c340a0a-2e13-440e-86ff-646112076e7f
1982,1982,Mockba Music,In från kylan,c2742d0c-20f2-4635-be26-0f110dcd26b6
1982,1982,Mockba Music,Någon som du,9bad1d72-9d70-4e2c-b7e9-181d9330b2e1
1982,1982-10,Modern English,I Melt With You,2f3dfdb9-0557-45f2-824d-dbb6b06e5327
1982,1982-06,Modern English,Life in the Gladhouse,d438b816-13c6-404b-8a10-e2dd647440d8
1982,1982,Modern RomanceFeaturingJohn Du Prez,Cherry Pink And Apple Blossom White,e5d41ca9-ddf3-45f9-968e-585a5c31c0f2
1982,1982,Modernairs,Bend,43760668-0141-4c01-9db0-671889548d5f
1982,1982,Mofungo,El Salvador,a24fdbcc-331f-455f-b630-f961becf61f9
1982,1982,Mondie,Marie,2c72b0d6-8b83-4328-9fc3-7daa54dc2735
1982,1982,Monica Thornton,Give It Up,5155a690-5d2c-40e9-a0a2-61d1d8d83a8a
1982,1982,Monika Herz,Wir müßten mal reden,a4b3b9cf-0abc-4e24-b608-67c3b3cf881b
1982,1982,Monoplane,Exodus,fb60bb11-e8ed-48c2-91b1-1c2bcfd7cebe
1982,1982,Monopol,Gib Liebe Her,bdd54098-52d6-432e-beb4-36b55ae83512
1982,1982,Monsoon,Ever So Lonely,98c50784-ef00-3f8d-b5a8-47c67df4649a
1982,1982,Monsoon,Shakti (The Meaning of Within),4ab34bb9-751d-4f1f-8145-68da146981fc
1982,1982-10,Monsoon,Tomorrow Never Knows,0e4e12ff-1ba0-4eea-b74f-cc8a127eed0a
1982,1982,Monte Cazazza,Stairway To Hell / Sex Is No Emergency,adc4aa32-dfdc-41ea-a31d-de9d83309919
1982,1982,Moon Martin,Firing Line,b06055d6-f8ad-43a5-9881-cec64ee66d69
1982,1982,Mops,Månen,06333d96-9200-409d-bb63-5d89a032ea5e
1982,1982-04-03,Moraes Moreira,"Sangue, Swing e Cintura",96ae8999-e18b-4074-8543-b7f48507eb09
1982,1982-11,Morrissey Mullen,Bladerunner / I Pull The Strings,158d478c-94e6-4d23-92c8-8cf82ead8930
1982,1982,Morrissey Mullen,Come and Get Me / Life On The Wire (Version Two),af485e1a-5b28-4343-a22c-aa8749b4ce99
1982,1982,Morrissey Mullen,Life on the Wire / Brazil Nut,c9cdcc44-f6a0-4d5f-b192-ad17d77804ef
1982,1982,Mosfets,The Great War,dea6fa9a-54f4-4785-bc97-d8b0f7509cf4
1982,1982,Motörhead,Go to Hell / Iron Fist,65d44227-93ae-4d2e-8766-afb733be95a7
1982,1982-04-03,Motörhead,Iron Fist,e33ce0d3-75ec-491f-9854-d2f0970e68c9
1982,1982-05,Motörhead,Schallfolie Mai 82,ac5a6575-7f63-45f6-98fb-422b7ba29353
1982,1982,Moving Fingers,Double Vision / Single Vision,a294b91a-8d81-4f41-a3fc-e8182bcbb96b
1982,1982,Moving Parts,Wires,09bf88bd-386d-44b6-9eaa-06256edb888b
1982,1982,Moving Pictures,Winners,84347e66-b5cc-4ba9-817a-2c3b04e0f74d
1982,1982,Mr. Sweety G,We Want to Get Down,ccd0b866-e9b0-4073-8189-8fd1d972277c
1982,1982,Muck,Blacky,e93f81a3-c436-4fcf-9f23-c3d21b358cf1
1982,1982,Murder,Murder,6d4f96d2-386d-4003-a3c7-cf6a561b416a
1982,1982,Music For Pleasure,Light,239b804e-d05e-43a2-b5c4-ca5c70aaf3ac
1982,1982,Music For Pleasure,Switchback,83c6da05-21dd-48fe-90bc-5a0639298dcf
1982,1982-09-25,Musical Youth,Pass the Dutchie,be81864c-0957-4c0f-b704-82aec13920cd
1982,1982,Musical Youth,Youth of Today,a57d34b5-2b23-4a03-b6ce-1421d1f13a1a
1982,1982,Musta Paraati,Romanssi / Kädet,b404f484-664b-3e51-9749-2c6f09ecbf09
1982,1982,MyDolls,Imposter,50c05284-7fb6-3de7-8540-59effae6ff95
1982,1982,Månsken,Få se vad du går för,20f095c3-41d1-4428-8c9b-109839e829f9
1982,1982,Mörbyligan,Livet,f76d8102-a05a-4c40-9170-04a4fcc72ac8
1982,1982,Mýdlo,"Da da da, nechci tě víc / Po noční",7f873217-9d92-4cc2-a37f-f7d8da7b3b66
1982,1982,Nadja,Naja,908317a4-2cbf-4110-8396-f26ebf7348d4
1982,1982,Naggo Morris,Going Places / A True You Na Know,aa7ecc98-5587-487d-be14-88d891b4846a
1982,1982,Naked Eyes,Always Something There to Remind Me,7627c04c-17d0-361a-bb02-783c5c146b2e
1982,1982,Nana Mouskouri,Je n'ai pas peur de mourir avec toi,8399abe0-1f44-4ed7-99fb-783a92ca14ad
1982,1982,Nana Mouskouri,Je t'aime la vie,c1a1ac3b-09f5-4647-a834-2beaeaede67f
1982,1982,Nancy Dee,Gonna Getcha / Look Out Boy,6b458deb-02d2-4281-978c-04cca6e4b3c3
1982,1982,Nancy Martin,Can’t Believe,b0bf70ac-d1f2-30d3-9668-4bbc04882970
1982,1982,Nancy Sesay and The Melodaires,C'est Fab,c5ea12aa-175f-4187-ab72-4a45f0c56163
1982,1982,Natasha,Iko-Iko,99e05466-6f49-44ba-a9bc-8a702d20c18d
1982,1982,Native Hipsters,Tenderly Hurt Me,6b2d1e39-1cc2-4a94-9238-91847aec0789
1982,1982,Nausea,Vocal Expression,b4588b89-65d8-4649-8423-e7cf851f40fc
1982,1982,NBF,Blinkmannen,db4ecaf6-cd43-421d-bec4-57f0a5794815
1982,1982,Neil Diamond,I’m Alive / Lost Among the Stars,4ef24e21-5819-40dd-87c3-291d3fb17523
1982,1982,Neil Young,Sample and Hold,f5b2ed18-3dc0-36fc-a834-9f133d0fe16f
1982,1982,Nel & Ria,Sommermelodie,d6172057-494c-4b85-933f-82dca7603cf1
1982,1982,Nelly Wijsbek & Tony Bass,Duizenden sterren,09ecf00f-b400-4e8d-8f5a-9aed941bfe01
1982,1982,Nelson Henríquez,Mentirosa / Los desengaños,5de14733-59f6-485c-9294-9ebada7c887c
1982,1982,Nelson Henríquez,Mentirosa / Tu amor me está matando,73f345d2-db04-43e0-80dc-55a7cab7335c
1982,1982,Nena,Nur geträumt,dee64175-4fcd-3a4b-8e21-c109c9d48ef2
1982,1982,Neonbabies,Alibi,031b14e6-a173-4b50-b0fd-40b5a819768f
1982,1982,Neonbabies,Ich bin ein Mann,a19ec15b-054c-49fb-b781-b6dbf5b24bc4
1982,1982,Neue Heimat,Ich bau' dir ein Schloß,4b897f2b-9a77-4043-9197-efbc2c6b7dc9
1982,1982,Neuer Frühling,Abendlos / Liebesversuch,c5671172-90e2-46e0-8b0f-7e3ee5650247
1982,1982,Neumis Rock Circus,Touristen,bd88225f-6f20-4af8-b923-153d7a897f13
1982,1982,Nevia Preex,Fly Robin Fly,315c8bc0-e290-48d8-9061-198d28401054
1982,1982,New Adventures,Don't Want You / Don't Stop,563fd062-fc6c-4765-b34a-58dae71e1a30
1982,1982,New Adventures,Mamma Bay / I Scream,6ae150fa-f782-4c9c-91a6-639c781ba426
1982,1982,New Adventures,Sunny Island / I'm Down,78862145-b444-48a1-9d3a-e9c119291e76
1982,1982,New Eyes,Black Cat's Eyes,dd35e313-bbc2-4a47-9e2e-1e1cdd13029f
1982,1982,New Four,In Ommeren daar ligt de Roskam / Ommeren laat maar schommelen,b69ab371-ae90-4c2e-82d1-5ffd2ca49b33
1982,1982,New Four,Kom je vanavond / Jij bent nummer één,74b5aa45-e0c1-49e0-ad55-f2b080f206e9
1982,1982,New Four,Ouwe trouwe diesel / Jij wil koffie en brood,f9e11701-af3c-4bb1-9560-aec6b3a56795
1982,1982-12,New Order,Merry Xmas From the Haçienda and Factory Records,40470ab7-21dd-32d6-b69f-19fdbd883b77
1982,1982-05-10,New Order,Temptation,6d0bf975-459c-361a-9c6c-dc985ceae22f
1982,1982,New Paradise,Easy Life,546356b3-29cd-4558-a514-9cb231ebadbc
1982,1982-06-15,New Shiny Tthings,Changing Colors b/w Breadlines And Dissidence,3d9d6650-6f15-47b4-9226-daa66a18d674
1982,1982-01,Nexda / Richard Zijlstra & Stephen Emmer,[untitled] / Pedalenproza,13657fe4-7521-466b-9130-afddb032431b
1982,1982,Nick Lowe,Burning,702bacad-1668-4db6-9d1f-2ac0b06d89a7
1982,1982,Nick Lowe,My Heart Hurts,9405419c-3391-4e55-b485-7fd72db65dd5
1982,1982,Nick Lowe & His Noise to Go,My Heart Hurts,762a32f6-0784-4849-98e8-107e99a7ffb5
1982,1982,Nick Plytas & Anne Pigalle,Hot Sagas,2da9a9c0-585e-4f88-a47d-71cf765bfbda
1982,1982,Nickerbocker,(I bin a) Tiger,155ced9f-459d-486e-b98d-0a7f7822f8d8
1982,1982,Nickerbocker,Lustobjekt,e4626e4b-53da-33f9-88dc-8ad9f55a67d0
1982,1982,Nickerbocker,Puppe (Du bist a moderne Hex'),b7b6489c-df71-3b5e-9829-88114259163d
1982,1982,Nickerbocker & Biene,Hallo Klaus,728adda7-439f-3910-b8a2-f222671c92ba
1982,1982,Nicky Oliver,Devil Woman / Margie,94891308-ee0e-4d66-9c4d-74530e08dc22
1982,1982,Nicolas Peyrac,Quelle drôle de vie ma vie / Elle sortait d’un drôle de café,6a3bf500-dff7-4474-a2cd-824a6ca50e4d
1982,1982-05-09,Nicole,A Little Peace,8aed43fe-ff29-4ff2-a0a7-c319f1c233c5
1982,1982,Nicole,Butterfly / Where Have All My Heroes Gone,c9bfdf9d-6018-41cb-b66d-bcf3f0824307
1982,1982,Nicole,"Een beetje vrede / Thank You, Merci, Danke",70645647-21e6-4ef4-b812-ede95163caab
1982,1982,Nicole,Ein bißchen Frieden,f5a9cdb7-8b40-331c-9044-77a031117ffe
1982,1982-08,Nicole,Give Me More Time,baaa2d27-0a69-4b62-9d8a-22ac84d15162
1982,1982,Nicole,La paix sur terre,3358e569-4917-4521-8638-8442c063f56c
1982,1982,Nicole,Meine kleine Freiheit,004a4b48-887c-406b-92f8-d32bc9c8c5a7
1982,1982,Nicole,Meine kleine Freiheit,97e36f46-a455-4543-a2a2-04388f3deb3e
1982,1982,Nicole,Papillon / Hinterhofliebe,68fc315a-69b9-4e21-a957-4a85462b0708
1982,1982,Nicole,Papillon / Ma Petite Liberté,ef470527-7035-46fb-80b9-e44f8f70991e
1982,1982,Nicole,Papillon / Meine kleine Freiheit,b67188f6-b5d5-4c9f-87c5-084030caa9bf
1982,1982,Nicole,Papillon / Schoolliefde,718201c9-29a1-4ddf-be37-19683ba91f83
1982,1982,Nicole,Un poco de paz,7f83963b-9317-45af-baa6-ef267aad7292
1982,1982,Nicoletta,Fou d'amour,ce37162a-1845-44ef-86fa-574c81470c2f
1982,1982,Nicoletta,Terre d'enfance,7cd9f466-097a-46a0-b9f4-e9d6af7b9042
1982,1982,Nigger Kojak,Big Iron,18db2550-953b-4b45-8319-4e3f5ccb0d77
1982,1982,Night Bandit,Like A Thief In The Night,3e20e91f-5969-41c3-8cee-83f5b58e5548
1982,1982,Night People,We Love Bulldog Bobby,3d4a3341-7ab9-46de-a33f-7fbeecb55350
1982,1982,Nightdoctor,Pelican Dub,dbff00bb-d0ea-4091-8db7-36367ab51321
1982,1982,NIJO,Night Flight / Suigintoh,0a327063-41d0-460c-82fb-6cb926092387
1982,1982,Nikki Sudden,Channel Steamer,64f1684b-1820-4b22-b1e5-c8944265055e
1982,1982,Nils Lofgren,Trouble’s Back,fadd7967-bf99-3568-9a68-4fc178dceb2e
1982,1982,Nina Hagen,Smack Jack,1d9826b0-cbef-457c-9c6f-c36e4c6d9e54
1982,1982-10-07,Nino de Angelo,Sara' la nostalgia,240148f4-c9e7-4a06-9a15-2a012184141c
1982,1982-01-05,Nino de Angelo,Und ein Engel fliegt in die Nacht,75bf4113-0764-48ac-a05d-d598538a08d9
1982,1982-08-03,Nino de Angelo,Vielleicht (seit Jimmy zu den Sternen ging),9d08fb4a-ee17-4b52-b520-264236bb64c7
1982,1982,Nisa Soraya,Huone 105,04c6f968-a42f-4135-a67e-bcdc517fae0c
1982,1982,No Cover,200 Voices,9e3b8060-ed8b-4a74-8936-690efe1fe850
1982,1982,No Fixed Address,From My Eyes / We Have Survived,4aae2f12-db26-4155-9bde-2d9e1725d123
1982,1982,No Quarter,Time and Space,81a6e8c4-c601-44e5-a2ac-cb000f8656d4
1982,1982-09,No Tag,No Tag,2f20af8b-7c5f-425c-8e44-8cfde633a86d
1982,1982,Noarrndattln,Sepperl,8932fe93-5fb5-4d9e-9bde-96f557d52a66
1982,1982,Nocturnal Projections,Nocturnal Projections,21b17b75-6111-4ca5-b194-6a71f51bb5e3
1982,1982,Noel Williams,Music Street,068957f0-131a-4254-b7da-c12184160255
1982,1982,Noice,Du och jag,07af5ad7-7919-4d8c-a3c8-a29682dbc3d4
1982,1982,Noice,"Rött ljus, rött ljus",a8bd870c-09ac-4f1a-8168-4e8b337d8c9e
1982,1982,Nolen & Crossley,Salsa Boogie / Un Lugar En Mi Corazon,0dc12ac1-7707-4254-a045-1c5682eea5d7
1982,1982,NON,Rise,71c358eb-1104-3811-8e50-057c2cece545
1982,1982,Noodweer,Heleen / W.O. 1-2-3,6af6d2da-03e9-4020-be0a-f0ebcf0df419
1982,1982,Noordzeeduo / Berthina,Neem mij met je mee / Berouw komt na de zonde,86e438fd-621f-4567-8ed2-dff5283f3f4a
1982,1982,Noordzeeduo / Jan Petat,De Zuiderzee ballade / Ik ben ’n bakkertje,375123cf-428f-403d-b907-5c3293028de2
1982,1982,Nordwind,Angstträume / White Island,1c08eb16-7626-4f55-b2ed-6b15dc9066ee
1982,1982,Nordwind,Die Prophezeiung,44dd1ef5-6d1f-450a-af1e-4080583b51c4
1982,1982,Normaal,Dat kump der now van,f6178032-dda7-4ed2-90eb-19d8b9fef5c7
1982,1982,Normaal,Deurdonderen (live),1d99d9a0-4e48-4e15-b024-f84d6ad466de
1982,1982,Novalis,"Oft sagt man mehr, wenn man schweigt / Neumond",095253ea-9a39-4f87-9a3e-1d705c2ddc20
1982,1982,Nowherefast,No One With Nothing,90045273-17f9-47dd-af36-d0dad5fc4326
1982,1982,Nudge Squidfish,Marriage Vows / Dorothy 1.2.3....,39036ba0-f731-467e-b285-ecc741d8bd44
1982,1982,Nullzeit,Spiegelmensch / Dein Ganzes Leben,1eb756fa-d341-4922-9d17-b69b3a43a62f
1982,1982,Négligé,Watch That Yellow Line,8a3d2be2-6271-40ba-9199-d3cd4bd4b4fe
1982,1982,Odisea '79,He nacido para ti / Amor chiquito,d6628492-9bc5-40c2-a1bb-13087274a9b7
1982,1982,Odyssey,Inside Out / Love’s Alright,f3218db6-9298-4267-8621-a86365f69f32
1982,1982,Odyssey,Magic Touch / Happy People,193ad13d-9486-4f0e-9dd3-d6d433b69c5a
1982,1982,Oingo Boingo,Private Life,5178910e-84fc-4c7d-bd5a-d5895ce43e87
1982,1982-10,Olivia Newton‐John,Heart Attack,e3e67dd2-8222-48b5-a90b-d0c93e838e29
1982,1982,Olivia Newton‐John,Landslide,d4ace319-b0b2-4ca9-a119-5b2ee750c882
1982,1982,Olsen Brothers,"Marie, Marie",6151cd96-2838-4254-9cd9-b7ecd50ba1cb
1982,1982,Olympic,Blíženci,e8429cf2-fbf4-4655-808d-12f3e4b60fbf
1982,1982,Olympic,Dynamit / Slzy tvý mámy,736c50f6-925f-47ab-a649-7e961cffaa14
1982,1982,Olympic,Vzdálenosti (Země),1879e122-1bac-4512-ba42-1cd1c3bb4980
1982,1982,On the Rocks,Rockin' to Night,0daccb2a-a0b0-48b3-a185-13e7e054b3f6
1982,1982,On/Off,Paolo's/Jive / Phone/Again,e62bd91f-bbbf-4e5b-afa2-886310ae1f98
1982,1982,One Million Fuzztone Guitars,Mens Hearts,f57f0775-efcd-499a-9edd-e5910b65e9b5
1982,1982,One Way feat. Al Hudson,Cutie Pie / Who's Foolin' Who,465cc4f5-5d51-40ec-bef2-8688832cc8e9
1982,1982-09,One Way System,Give Us a Future,2c91d67c-70ec-30f0-bf2f-22492d5c9b9c
1982,1982,Opus,Best Thing / Follow Me,9e393adf-0e4d-4756-8a26-83e5b4f409b4
1982,1982,Opus,Eleven,e8d70874-5469-4a6d-ab78-d9c851c408c4
1982,1982,Opus,Flyin' High,b2a914c7-7259-4c04-9ba5-17a2ddd34d71
1982,1982-01,Orange Juice,Felicity,108691e4-0ab2-4707-a51d-283f7389f82e
1982,1982,Orange Juice,I Can’t Help Myself,8e09a6fc-3f7f-4e55-a3b7-967512298e7f
1982,1982,Orange Juice,Two Hearts Together / Hokoyo,4f75fc5b-2e33-462d-bc63-cef3a8a4ff9e
1982,1982,Orange Krush,Action,9bf87f40-8b90-38d4-b4ec-9216edbc6a23
1982,1982,Orbit feat. Carol Hall,The Beat Goes On,9b026052-f59f-48f2-a0f5-1e4a57ee4bb2
1982,1982-01-15,Orchestral Manoeuvres in the Dark,Maid of Orleans,5b810fbd-5713-34f8-8dcc-67d9ee573e15
1982,1982,Orchestral Manoeuvres in the Dark,She’s Leaving,f24425f9-eb17-441e-af21-2f4cfff1f02b
1982,1982,Orchestre Jazira,Love,66d8ab6f-7299-417c-8931-64b4cb05cce0
1982,1982,Orchestre Shama Shama De Mopero,L'amour du deuxième bureau,ecaddf77-3cf1-4be6-ba8e-a79403fc3941
1982,1982-11,Organ,Suajele mua vähän jostakin päin,76a3f8f4-06fd-4763-a05b-1883fcf1eb0e
1982,1982,Orquesta Libertad Latina,Juventude,d06b3e90-ffd0-43f3-8923-d5b6d6191004
1982,1982,Os Tincoãs,Os Tincoãs,6ed00549-543a-4674-bc99-fb9ed088637f
1982,1982,Oscar & Debbie,Dream On / Love Story,83dbed6f-629a-422d-9a88-01a4fbf8535b
1982,1982,Oscar Benton,I Believe in Love / Canon de Palchebel,58e944b5-3c69-4d29-82b0-2df97f6c7135
1982,1982,Oscar Benton,Josie / Tell It Like It Is,57670aa7-ba02-45f3-a6b3-16b5f689abb1
1982,1982,Otto Panini,Alle dagen feest,af49caef-677b-4345-9014-bac570271998
1982,1982,Our Daughter’s Wedding,Auto Music,b28dca51-1924-41e0-8af2-1b1e44dbc9fe
1982,1982,Our Daughter’s Wedding,Elevate Her,cde809cf-b8fb-425e-aa7e-0cb125d1602b
1982,1982,Oz,Second-Hand Lady,8b355f9e-b985-4fed-abad-4f23a2cd67d4
1982,1982,Ozzy Osbourne,Paranoid,b4919d04-9666-49c5-addc-aa9bcbf87ef2
1982,1982,Ozzy Osbourne,Symptom of the Universe,093f98b0-ae18-45af-b71b-88f6f70895da
1982,1982,P.V.P.,El coche de la plas,aabf8622-23fb-4ab2-b988-a144c69a0f49
1982,1982,P.V.P.,PVP,9e1fae6c-8e5b-4c68-9cd2-c6550d1acd25
1982,1982,Pa En De Baby,Da~da~da,d91ff8a8-a3d4-4011-952c-1a460ab85a49
1982,1982,Palais Schaumburg,Lupa,6834a460-fae5-40a4-bf36-c3b0468d56a6
1982,1982,Palais Schaumburg,Wir bauen eine neue Stadt,5e12886f-2da0-47aa-8ce3-17e08e90a37e
1982,1982-11,Palais Schaumburg / The Danse Society,Hockey / My Heart,0cc31cfd-9e4d-47f6-9eb5-8095c6e77fe3
1982,1982-05,Pallas,Arrive Alive,7dd7db19-d286-45bd-bbeb-926a1bfaa948
1982,1982,Pamela Stephenson,Unusual Treatment,e8bc33d7-88bf-4d80-8c05-058e2524052e
1982,1982,Panarama,I Believe in You,1984ed76-ab9e-499c-ac91-63a7c1171e57
1982,1982,Panarama,Video Fever / Dry Ice,ec03fb3d-e59b-46e7-b132-00fca8708547
1982,1982,Pankow,Inge Pawelczik,a423a0b4-1792-48ea-9f24-a41b4cb7eb1c
1982,1982-04,Panza Division,We'll Rock the World / Standing on the Outside,c9e8a0d1-0a9a-4f3c-8fe2-0c89c0f83af6
1982,1982,Paola,Peter Pan,40242e01-b62d-4a74-bd1b-55af8a30c655
1982,1982,Paola,Wenn du heimkommst,320463a1-7471-42ee-b3fb-47d1b1bdd31e
1982,1982,Paranoia,Deutscher Soul,177899af-a0f8-4f82-8806-ca0a53d199e1
1982,1982,Paranoia,Maria,fb171083-e4c3-4dab-a8a9-f10fd1798b50
1982,1982,Parni valjak,Moje Dnevne Paranoje,325e93a4-8849-46f9-88da-a21f14c58164
1982,1982,Pascal Davoz,Cinéma / Vidéo,82ef5ab7-325f-4642-9ed4-51a18478559e
1982,1982,Passion,Don’t Stop My Love,52733f99-c267-48a4-9de9-dca7b6c95561
1982,1982,Passion Polka,Obsessions,cb8c9cdb-e233-444f-b4f0-23342080428c
1982,1982-09,Passport,New Moon / Abakus,9d56d43c-e995-4508-a607-fcd0fa416151
1982,1982,Pastor López,Tienes que regresar / Porque me sigues,a53d2ec1-fed4-43ee-b9ac-7ad86e02e367
1982,1982,Pat Benatar,Shadows of the Night,e71e051e-80b1-4c7f-9f47-e19458087aac
1982,1982,Pat Metheny Group,Are You Going With Me?,1a04c124-b978-4fc2-a345-cf6879487a3d
1982,1982,Patrice Rushen,Forget Me Nots,f7f8e99a-221b-41e9-bf93-9dd14d89863b
1982,1982,Patricia & Boggy Lane,Angélique hoe moet dat nou? / Ik hou van disco,0d705d5f-02db-45a9-bb7e-a9f6a83a3883
1982,1982,Patricia Clerget,Décadence / L’Amour Rock Et Samba,aa864f8e-cb21-4cad-a50e-d2bf13b61119
1982,1982,Patricia Paay,Je bent niet hip / Wat moet ik doen,b9b7dd02-e1c2-4468-9afa-69e660675817
1982,1982,Patricia Paay,Queen for Tonight / King for Today,fcc0031a-637a-492b-bcf9-e1d11c0f6730
1982,1982,Patricia Paay,Tomorrow / Love of My Life,c5ea5346-ed8e-4a84-b129-9649401bfaee
1982,1982,Patrick Boothe,Never Knew Love Like This Before,f3b5207c-c101-4074-ab19-a673c5a182c0
1982,1982,Patrick Bruel,Vide,cd17515b-41b8-4aec-ac04-db735dd31ce6
1982,1982,Patrick Coutin,Danse,4f619686-2ded-4e67-925d-e6f6b63f4752
1982,1982,Patrick Cowley,Tech-No-Logical World,d4ddfa80-c9d4-415f-abd6-a82c0db0935f
1982,1982,Patrick Cowley featuring Sylvester,Do You Wanna Funk,9a900cfe-78c7-4d55-b183-9bbe8b1d9afb
1982,1982,Patrick Zabé,Il tape sur des bambous,e89edf80-0117-4d14-8f28-70ba857d4055
1982,1982,Patsy Cline / Jim Reeves,I Fall to Pieces / So Wrong,25f686cc-9c95-46f2-8dfe-b1b462fd399a
1982,1982,Patti Boulaye,That's My Man,20a05cb8-05a2-44cf-bd48-589a22ed3224
1982,1982,Patti Page,Tennessee Waltz / My Man Friday,707dd981-41cd-4f04-857b-9d2710b0005c
1982,1982,Patti Shaw,Somebody Pulled the Switch,2677edaa-dffa-468e-a134-d1bc4b2cee3b
1982,1982,Pattie Brooks,Dr. Ruth,54bb2b81-27ed-49da-893c-ebc893373627
1982,1982,Paul and Paula,Hey Paula / First Quarrel,d3b2ffc4-a78b-4a0c-bff3-cb7bdeb62012
1982,1982-02,Paul Davis,’65 Love Affair,f236f4a8-b852-484b-96e0-9c40c21fa6c6
1982,1982-05,Paul Haig,Running Away,b0b95ccb-56f7-4bc5-bd5b-0951fca27d0c
1982,1982-04,Paul Kelly and The Dots,Clean This House,14f51994-89ab-36f5-b1f2-26d2ee808a52
1982,1982-03-29,Paul McCartney,Ebony and Ivory,c16d1c75-c53b-4d33-8682-b8bb0a89f5cd
1982,1982-06-21,Paul McCartney,Take It Away,350a8026-235a-4ae1-baa1-475066d58a1b
1982,1982-06-21,Paul McCartney,Tug of War / I’ll Give You a Ring,91b88cbd-2dba-44cb-a583-543cd26acce1
1982,1982,Paul Parker,Right on Target,ec31fee4-6f5f-4cc8-adb2-2e3a2010a3ec
1982,1982,Paul Roland,Dr. Strange,44d86c14-d99c-4129-91e4-fbd5785b59b3
1982,1982,Paul Severs,Hij was ’n arme vissersknaap / Sylvain…,ca2f4457-451d-4e33-b1bd-75e40e7425cb
1982,1982,Paul Severs,"Waarom, ach waarom? / Ver van huis",34dadcd1-eb8a-4729-bd26-b58521ecad8e
1982,1982,Paul van Vliet,Vlaanderen,2a06d5eb-2ec5-4858-aebe-b856415ebd99
1982,1982,Pauline Black,Shoo‐Rah Shoo‐Rah,93e2dc8e-c92d-4d75-a476-ec8a8de9e4cc
1982,1982,Pave Maijanen,Ai ai ai,4edcc40d-4e36-4fae-99a2-7df1214dc350
1982,1982,Payola$,Eyes of a Stranger,611e1347-d66d-494e-98ee-a395b1e0e71f
1982,1982,Peech Boys,Don’t Make Me Wait,54b5b6fe-20f8-4b29-997d-8d28e9b2f04e
1982,1982,Peer de Schuymer,De oude zeekapitein,d9c39d28-3a2f-411b-a91f-df0b9be1b2aa
1982,1982,Peggy Healey Band,Nerd Love,ddd88152-2e5f-479b-943e-80c7966d135e
1982,1982,Pelle Miljoona OY,Tanssi Tämä Tanssi / Elämä On Salaisuus,4abeecd8-f5a7-495c-b664-df1cfe060534
1982,1982,Penny Arcade,Calling You / Midnight Train,6396e19f-ece8-487a-a376-a9be277ec801
1982,1982,Penny Arcade,Radio Station / Alright on the Night,a260b00e-7175-4532-9fe5-05dd52de34b4
1982,1982,Penny McLean,Wenn die Träume Flügel kriegen,40dd0083-2f15-4515-b958-c546b14004da
1982,1982,Penny McLean,Words,d67b8b9c-6cab-4d49-928c-12bfb68b675d
1982,1982,Perfekt Alibi,Inga fel,853dd0e8-1e61-4118-82b9-9d8ab89d2381
1982,1982,Perfekt Alibi,Maktens ansikte,015fab5b-c296-46e8-822f-35d7a877a947
1982,1982,Pete Shelley,Sides of Pete Shelley,7be716cf-dd3f-468a-9c3e-886b4ac299f0
1982,1982,Pete Townshend,"Face Dances, Part 2",8f59a58b-d4ef-455f-9d4f-870bf48064e0
1982,1982,Pete Townshend,Uniforms,a7253ef4-11ba-46d0-b5e3-17d5a054d32a
1982,1982,Pete Wyoming Bender,Ich habe diese Frau geliebt,06ceef32-0139-4154-9716-58c5cdc780b5
1982,1982,Peter Alexander,Immer auf die Kleinen / Ein Sänger im Himmel,45b416ad-9411-4371-bed4-3c077fe118df
1982,1982,Peter Alexander,Und sie sehnte sich so sehr nach Liebe / Was wär ich ohne dich,565313e3-a970-4d4f-be56-a9c26711cae2
1982,1982,Peter Alexander,Wie angelt man sich eine Frau,8dbf301a-9d1f-4f86-8769-fdf9cfce3374
1982,1982-01-23,Peter and the Test Tube Babies,Banned From the Pubs,c444c1db-ebc7-38ca-b888-85186bfeba22
1982,1982-07-31,Peter and the Test Tube Babies,Run Like Hell,6dad9bfd-fcf5-3b73-acb5-9d8212b387f6
1982,1982,Peter Cornelius,Bevor i geh’,3a38453d-b7bd-4585-afb2-41bff89bf955
1982,1982,Peter Cornelius,"Erde, Feuer, Wasser, Luft",ed3d2353-4101-425c-b73e-0021817c23ea
1982,1982,Peter Criss,Tears,505d882c-da09-402f-9b46-60104f824255
1982,1982,Peter Delis y su Orquesta,Solo con mi guitarra / Mini cumbia,cea8ada3-fc3f-4d30-a1e8-38e5e6b45d02
1982,1982,Peter Gabriel,I Have the Touch,e5bad6f3-3295-48a8-8d52-af43a00415f8
1982,1982-09,Peter Gabriel,Shock the Monkey,a453d912-7e3e-4b0d-84bc-068516489c44
1982,1982,"Peter Gordon, Lawrence Weiner",Deutsche Angst,30ac11ab-91e1-4759-8988-81e95f2318a6
1982,1982,Peter Hill,Dutch polka,bb8f0cf3-1cc5-4881-a425-ecb42bc94955
1982,1982,Peter Hofmann,The Sun Ain’t Gonna Shine Anymore,d8413ee9-7b0e-45ad-99e9-ca972c957746
1982,1982,Peter Kent,Take a Ride on the Peace Train,0d897e52-3a06-4db7-872e-0c722382b4ad
1982,1982,Peter Koelewijn en Zijn Rockets,Zolang de moter loopt / De jackpot,a357caa5-8d3d-43c3-8a94-b984d12328bb
1982,1982,Peter Maffay,Eiszeit,be19c010-f375-4730-8ded-2d6e67a2ec7f
1982,1982,Peter Maffay,Leben so wie ich es mag,bbb5934c-c9cc-4ba8-ba14-17b168808b96
1982,1982,Peter Maffay,Lieber Gott...,1392c1f6-228a-4423-948b-49d8c25245c7
1982,1982,Peter Orloff,Der Barbar,7bd8b010-11c9-4ff1-8dc9-6126bfe84dc9
1982,1982,Peter Orloff,Rock'n'Roll Lullaby,e6f4f1d9-9181-44cb-b9f3-c3e8a3271d53
1982,1982-01,Peter Power,From Face to Face,658f24cc-176c-4ae9-930b-9f77dfe4b6ed
1982,1982-11,Peter Schilling,Major Tom (Völlig losgelöst),87811378-5303-39f1-994a-b1f6d94e7357
1982,1982,Peter Silver,Ik voel me eenzaam en verlaten,6dbcb17e-dc6b-489b-84cb-9ae3900abd48
1982,1982,Petra Scott,Als Je Maar Gelukkig Bent,f48f0d64-ecf1-4244-990d-3b53895b4b1a
1982,1982-12-31,Phase 2,The Roxy,b75d6f8e-fc31-4366-a333-bca13075ee6d
1982,1982,Phase V,Party Down,214509e2-f738-4014-acb7-6f5fd49f21da
1982,1982,Phil Collins,Thru’ These Walls,b3c78bf6-c1ae-4a00-9d9b-4927f5ce951d
1982,1982,Phil Collins,You Can’t Hurry Love,fa078f7f-d777-47bf-9ef4-ce76fd0311b3
1982,1982,Phil Collins / Sting,The Secret Policeman's Concert,f1b01443-0bed-45f1-8542-1b86c767b9e3
1982,1982,Philip Jap,Save Us,a4d7ac4c-143a-4ee5-be71-6254f24a0d9a
1982,1982,Philip Jap,Total Erasure,13b29e4e-3a51-40cb-a68d-c73af3f5d3dc
1982,1982,Philip Lynott,Ode to Liberty,c7070d40-00ec-46e8-8b89-0e5e83d9f74a
1982,1982-12,Philip Lynott,Old Town,d45da009-8e1c-4d39-a472-446b6952b717
1982,1982-08,Philip Lynott,Together,644d2470-c040-411c-8a1a-51e040b209e5
1982,1982,Philippe Chatel,Yin Yang,560f1a46-2a7c-4f4d-8da3-863a0a2abdd9
1982,1982-03,Philippe Dauga,Si un autre te plait / J'en ai autant pour toi,5f892a9d-4a16-4d42-a05a-c032537b867c
1982,1982,Philippe Lavil,Gentleman,9e56a91b-ec10-462c-b88d-559eb739dcbc
1982,1982,Philippe Lavil,Il tape sur des bambous,5e4d1775-fae6-46d8-a407-45a395abd898
1982,1982-11-03,Philippe Sarde,Que les gros salaires lèvent le doigt !,c459faa2-397d-4e38-93fd-d89ec19cfb3c
1982,1982,Philippe Timsit,Pour elle,4709ab48-bbf4-4954-8971-07e56e1bfee7
1982,1982-01,Phillip & His Foetus Vibrations,"Tell Me, What Is the Bane of Your Life / Mother, I've Killed the Cat",9a82d694-448c-3392-a271-63bdbc87885c
1982,1982,Philomena Boys,From Amsterdam to New York City,e07e119b-c2ba-4942-b29e-8c471874875b
1982,1982,Pia Zadora,The Clapping Song,beab9a24-d0ce-4daf-a528-c2dbee520421
1982,1982,Pictures,Vilda drömmar,6cc2b92f-94ed-40b2-bdb3-8795371b6e18
1982,1982,Pieces of a Dream,Mt. Airy Groove,fa7e82cb-4c0a-4e15-bdbb-5aa5a3fa3010
1982,1982,Piefke und Pafke und die Jungs aus der Dunkelkammer,...und es geht ab,45721ad8-183d-492e-89e1-48661de33c55
1982,1982,Pierre Bachelet,Les Corons,05ee78c7-6652-48d6-b0ca-724cfc7b55aa
1982,1982,Pierre Bachelet,Écris-moi,7183127a-2427-413a-88bc-817e2339d437
1982,1982-05,Pierre Kartner,Vraag ’t aan de dieren / Auf Wiedersehn,41a84584-7635-4546-bb27-d60648ee1af0
1982,1982-12-24,Pierre Vassiliu,C'est chaud l'amour,cf4b8ba7-901c-44b0-bd8c-4688e7d7e34b
1982,1982-02,Pigbag,Getting Up,2f9de8fd-625e-4f95-aa92-3a7660fbfc62
1982,1982-07,Pigbag,The Big Bean,9953e3ed-70f9-382b-9370-0cc26fbd8e35
1982,1982,Pilou,Ça va,87150f8f-1530-430c-b17d-8e8557a97669
1982,1982,Pin Group,Go To Town,756561f9-1dcb-49bc-911a-984086a88523
1982,1982,Pink Champagne,Godnatt lilla mamma,ab3f242d-0711-49e6-818e-15d73cf82f92
1982,1982-07-20,Pink Floyd,The Wall: Music From the Film,4ca914d1-cca6-3856-9fe8-e6df9d097b3b
1982,1982,Pink Industry,Forty-Five,792f4e77-8223-3721-93ec-ca200c939ebc
1982,1982,Pink Project,Disco Project,5519def7-9c2c-4dca-81a5-75d25a4b4bb2
1982,1982,Pippo Franco,Che Fico!,6081ced6-3f10-478c-bd57-02c7bf5b8165
1982,1982,Piraten Henkie,Hilversum straks is 't voorbij / Heel m'n hart huilt om jou,d74faf0a-d6b0-43f9-9af2-a38cd67de476
1982,1982,Piraten Henkie,Ik betaal m'n huur niet meer / De Rio,f29fc0a0-82be-4be7-a47d-4e3205025d72
1982,1982,Pit et Rik,Les Titis au soleil,6e869b24-1670-40db-95a1-f3ddb9e9fbe9
1982,1982,Pit et Rik,Monsieur Bobard,90f49bef-673b-4293-8c68-f31a86ace802
1982,1982,Pit et Rik,Noël de la Cicrane,85ea0520-ba5a-47f4-8ae0-1026c8713d61
1982,1982,Pit et Rik,Rikiki Pouce Pouce,5248f050-92e6-444b-8c95-e4c10c3901c1
1982,1982,Pitch,What Am I Gonna Do for Fun / It’s a Quest,d9a0b40b-d2fc-4015-918a-167977afb6a7
1982,1982,Planet Patrol,Play at Your Own Risk,191dfafc-c3ff-4bc2-85b0-d21781e20bcd
1982,1982,Planning By Numbers,Living Neon,f4bedc02-c6cd-4109-9728-bdbd845eba03
1982,1982,Play,Chasing The Sun,d92917e1-4680-4e9e-a8e0-2df3cb86ac84
1982,1982-04,Play Dead,Propaganda,438786f2-59fd-4c6d-b465-34f185996fdd
1982,1982,Playback,Give’m Heaps / Red on the Bottom Line,4f6c0e2f-4c20-4b50-982e-d3aef9394b6f
1982,1982,Pleasure,Give It Up,920804f7-49c9-41e7-8a85-67082adc0794
1982,1982,Pleasure,Sending My Love,93d8ffc3-c6d7-4a48-b653-c6e5e5dcad0f
1982,1982,Pleasure,Sweetie,f1f5092c-06bf-4f46-9eac-43580ff3a702
1982,1982,Pleps,'k wis niet dat je kwaad werd,8bfd2aac-b2bd-47ad-94e8-46e6d411cce0
1982,1982,Pleps,"Bertus, kom naar buiten / Zat ik maar op hoog catharijne",354b6c8b-04df-4e98-85aa-6ba476e98aa8
1982,1982,Plunky and the Oneness of Juju,Every Way but Loose (New Re-Mixed version),65ed2b04-cfeb-4572-be45-482de03cb87c
1982,1982,Pluta Connexion,Passions,89f141ec-cb52-41a1-8e51-d62ad176bef7
1982,1982,Poeme Electronique,The Echoes Fade / V.O.I.C.E.,e8672b4e-5049-4174-a6fb-feae5a2e67d9
1982,1982,Pol Somville,Un lever de soleil a thuin,e93134bf-5237-4849-b15c-2137de5bce69
1982,1982,Polansky y el Ardor,Ataque preventivo de la U.R.S.S.,c9f5d026-7195-4212-90d3-7a4013baf34a
1982,1982,Polecats,Make A Circuit With Me,dcc15351-99a2-4bf0-a355-3e47015760ac
1982,1982,Polo,Le Commissaire,f6dacc2d-6068-4c45-8c52-a857c9e1d7cc
1982,1982,Pompeii 99,Ignorance Is The Control,c465fecf-ec15-4540-8a7e-504972c8c90b
1982,1982,Pop Concerto Orchestra,Eden Is a Magic World,521bad9a-b0c7-4fd1-9b73-d0c9ec0d51cb
1982,1982,Popeda,Kalteri blues / Onnellinen mies,c6a44df1-f56b-46e0-b16b-9579b9d2ace0
1982,1982-05-31,Popeda,Yö / Maailma palaa,313f2260-39b1-4485-b997-9307213c86b4
1982,1982,Popitos,D'Artacan y los tres mosqueperros,2e46430b-1bed-441a-a59c-9897f3d39a56
1982,1982,Poppas,Hook-Up Together,ecd9a93a-6908-444c-963c-e4181cdd1c45
1982,1982,Popular Voice,Home for the Summer,847c8f20-4788-473d-a557-3aa782fdbfc6
1982,1982,Port Salut,Upptaget Hos Mona,51f3c6f3-b847-43e5-9491-08e47df0667a
1982,1982,Porter Wagoner / Johnny Gimble & The Texas Swing Band,Turn the Pencil Over / Texas Moonbeam Waltz,0f40f40a-5a5b-4aa5-86b9-232d42ab30f3
1982,1982,Potpourri,Das Potpourri,f8baccc9-ecdd-4443-b156-6c132220bf52
1982,1982,Praying Mantis,Turn the Tables,546bcede-f006-3498-8ce1-e4751a6480b3
1982,1982,Pražský výběr,"Komu se nelení - tomu se ženění / Jó, já se mám…",3635c4d7-a5a5-4647-9fca-1839829468dd
1982,1982,Prefab Sprout,Lions in My Own Garden: Exit Someone / Radio Love,6fa066c3-d7fc-49e5-8706-18b27738d4de
1982,1982,Prelude,After the Goldrush,ba251816-0ba8-4a26-9339-bca49023ba83
1982,1982,Première Classe,Poupée flash,67f77825-a5a7-3708-98f0-160c07b030d8
1982,1982,President President,All Good Men,bf4a2ff7-4ef0-3ed2-9918-f8f5da35bcb3
1982,1982,Pressure,You Talk We Talk,24a37590-6dfe-3d33-bf5e-3992953b2fe3
1982,1982,Pretenders,Back on the Chain Gang,4c4dcd5a-80c1-400c-b24c-aa1851753cf3
1982,1982,Pretty Poison,No Tears,c12abedb-f123-425e-8a39-59eed58d3ec8
1982,1982-09-24,Prince,1999,e3717997-768a-3c3f-9d9d-add8cb139625
1982,1982-07-16,Prince,"Do Me, Baby",a018014e-d7f2-498b-93f3-24d92524a761
1982,1982-02-17,Prince,Let’s Work,9f29a1ee-72cc-34ec-b1b1-40d1c4c8475e
1982,1982,Prince,Little Red Corvette,61912d22-c73f-30ef-8e75-d0f908e970de
1982,1982,Prince Far I / Singers & Players,Virgin / Danger,26c3f2fc-e433-493a-a7b4-cbfd9dd0799f
1982,1982,Private Lives,Memory of Your Name,104b9b68-c92a-49b8-9823-374d358efb29
1982,1982,Problem,Vild mun,9f9a4d78-9bf7-3d15-a885-fbe5e8b75b89
1982,1982,Profil,Ich liebe dich,5fca5e96-858d-4f3c-97d3-621eff4fc0ce
1982,1982,Psychic TV,Just Drifting,7bf66cd1-b98a-42be-a728-501f7cc9d919
1982,1982,Psychic Youth,Step in Time,51c48c7e-bf21-494f-b6a0-d6257bcec779
1982,1982,Psychic Youth,The Future Now,a1b45049-8e9b-48bd-b283-5632d01f5783
1982,1982,Publikförakt AB,The Night of Horror,b05cbafb-18e8-4dbf-9d8c-d70ef4142d53
1982,1982,Puhdys,Hiroshima / Computerträume,7f9eadd5-842a-4608-8cb9-67c0e5fe981e
1982,1982,Puhdys,Jahreszeiten / TV-Show,4b2280a8-8af9-4881-883f-8c016cde3d83
1982,1982,Pulsallama,The Devil Lives in My Husband's Body,026c1c2d-4b61-4e6e-a614-88c88d1da80a
1982,1982,Pylon,Beep / Altitude,8f7c59bb-07ab-3f23-95c1-671b253f7c8c
1982,1982,Pär Rhunes,En lycka utan gräns,4046daba-1cfd-4425-a81b-5a8d91fbdca9
1982,1982,Päät,Soittakaa minulle taksi / Pienet kapulat,9d20a4c6-eb1b-43c4-92c8-0766d83862f9
1982,1982,Q,Playback / Music's Gone,6c2ad4f6-05b6-3ef9-a02b-aa63a8dab492
1982,1982,Q,The Voice of Q,5985a589-8594-4f91-bf58-04cf3c488b06
1982,1982,Q-Feel,Dancing in Heaven (Orbital Be-Bop),6c11784f-3dfb-445f-81e9-0c17071b28a0
1982,1982,Q-Feel,Go for It / Dancing in Heaven,4d36d1e8-536c-46e4-b063-a48658a9d125
1982,1982,Quadrant Six,Body Mechanic,0f26d8b0-e469-31c6-8a82-2a7cb3552076
1982,1982-08-09,Queen,Back Chat,e9b11b50-1bac-3c04-bd99-f386b7adebee
1982,1982-04-19,Queen,Body Language,838c97ab-3958-4381-9193-790c901e3a8e
1982,1982,Queen,Calling All Girls,66132eb9-726b-4c83-9bfa-2098f38f5f65
1982,1982-06-01,Queen,Las palabras de amor (The Words of Love),71eb99d0-5f97-4741-b04a-f9b4ddb62778
1982,1982-07-31,Queen,Staying Power,63a1b130-b187-31b4-b364-3e3f81a4e69d
1982,1982,Qui vive,Un poco del sol,00386585-ff7e-4044-a616-2b7487864f3e
1982,1982,Racey,Not Too Young to Get Married,72b5aed3-8ed7-46ff-a133-c21a57b85468
1982,1982,Radio Futura,Dance usted,d0ac4acd-e765-4df7-8935-20b7bc7efc05
1982,1982,Radio Futura,La estatua del jardín botánico,d3ef0434-82b0-4819-91e3-83c530664b07
1982,1982,Rain Parade,What She's Done to Your Mind / Kaleidoscope,410d4aed-d918-4c81-9bd1-bd1c44dce972
1982,1982,Rainbow,Stone Cold,97b3ded8-6c70-3815-86d6-a7bc73e310c0
1982,1982,Rainer Nawrath & Express,Mein Freund,9e22cb66-63bd-4426-b2b3-fa1b62db6224
1982,1982,Rainhard Fendrich,Es lebe der Sport,fe2b1f47-3aee-47e0-9c7c-893248ac90cb
1982,1982,Rainhard Fendrich,Feine Damen,823f09e7-b52f-496e-9eec-c62ac12572fb
1982,1982,Rainhard Fendrich,Oben ohne,30713f12-99dc-4d85-ba8f-20a4c76d1fd2
1982,1982,Ramblers,Talkin' About Love / Prisoner,6a1f577a-02ec-44e5-b2f6-09291bdf9123
1982,1982,Ran,影絵,f3a9fa6a-71db-4040-9b28-249a241b080b
1982,1982,Random Hold,Walking On The Edge,621786f6-d852-484e-be28-18733f63bcdb
1982,1982,Randy Newman,Short People / Baltimore (edit),20a11edf-eeaa-431f-a716-5e891ecc0e1c
1982,1982,Randy Newman and Paul Simon,The Blues,364959d9-bc06-4580-bded-0ed002a29916
1982,1982,Ranking Devon,Carlene / If You Were Here,e97793bf-8ee5-4f51-b31b-e205d25ab0db
1982,1982,Rappers Rapp Group,Rappers Rapp Theme,dc29d227-e030-4267-abdb-0347b8fae061
1982,1982,Rational Youth,City of Night,dd748c46-454f-3e33-8638-a4a2191c2be1
1982,1982-01,Rational Youth,Cité Phosphore,9785ad27-3769-33e6-991f-ef818490f2e3
1982,1982-11,Rational Youth,Saturdays in Silesia,67ef90d2-24e6-3600-aee1-a22eb5e37747
1982,1982,Rattle & Frost,Feelings of Love / You’ve Probably Noticed,cde6bd8a-8ad9-482b-baf8-4ee04a85196e
1982,1982,Raven,"Crash, Bang, Wallop",8f7ca7a3-30d5-43c0-982b-0ea04f7b8820
1982,1982,Ravyns / Don Felder,Raised on the Radio,1c6c9a89-28cd-4494-8ec7-ccdb4dfc2df5
1982,1982,Raw Silk,Do It to the Music,c261554e-58e3-332b-a89d-489afe4cb971
1982,1982,Ray Anthony,Dragnet / The Hokey Pokey,a0b9953e-554f-4661-a8e5-107a6ad1010f
1982,1982,Ray Franky,Oh Heideroosje,d25ab9ae-af3b-474d-b59c-47a7ecd39c8e
1982,1982,Ray Parker Jr.,Christmas Time Is Here,f0d64031-5432-499d-8a02-1e0cc5dc119e
1982,1982,Ray Parker Jr.,The Other Woman,7065ee3b-d6d5-42fe-952b-4d6e83435182
1982,1982,Real & Contemporaine,Real & Contemporaine,798a7c60-2cda-4274-9f9f-556f485e1850
1982,1982,Reality,Blind to the Truth,3ef63b43-a6a6-41b0-b576-c9138aa58632
1982,1982,Rebel,"Baby, Baby, Baby (Don't Listen to That Guy)",c62cb427-aa75-46d8-9def-9596de7a2ff2
1982,1982-09,Red Lorry Yellow Lorry,Beating My Head / I'm Still Waiting,5c8a7a18-bcff-495f-b519-0739a8b66cee
1982,1982,Reeperbahn,Dansar,d8deeeac-aff9-3335-93fd-dea521c5ee29
1982,1982,Reeperbahn,Marrakesh,79c72a0a-f428-3ccc-b3fa-e22a1afc9e3c
1982,1982,Reggae Team,Soldat ska,c0848268-9a1f-4a21-8b13-382713747dec
1982,1982,Reggie Griffin & Technofunk,Mirda Rock,1d60229c-a5f6-4f37-85c6-af7d53263166
1982,1982,Reginald,Maybe in Time,efb6e5be-46ce-4e7c-868e-bd2c3754d363
1982,1982,REIG,Disarm,2c3e2203-337e-32b9-bc3e-82864d968816
1982,1982,Rein de Vries,Patsy / Arm en rijk,d96f7788-debb-4113-aaa3-bfa76e15cd4b
1982,1982,Rein Gerlofs,Ik ben een trucker,285db3ed-d9b9-4f1f-855b-be3dd76921ee
1982,1982,Reincarnate,Take It or Leave It,a90f7409-71df-4bb2-9ffc-4f57382c69d1
1982,1982,Reinhard Mey,Das Leben ist...,f8d753c5-af50-4580-8d2b-535fc0b520ef
1982,1982-09,Relax,Ja mei! (Des derf doch net sei),5357b31d-d79f-4885-8cb5-3752d230a558
1982,1982-01,Relax,Radio hör'n,cb0adaf7-3322-40cb-a756-7097593061a0
1982,1982-05,Relax,Weil i di mog / Koana dahoam,4fb4c89c-631c-47cd-9507-c1f206019eeb
1982,1982-06,Relax,Weil i di mog / Radio hör'n,75c7f223-a25a-4515-8483-2df4ba4406d8
1982,1982,Remco,Radio de schaffelaar,42d43abd-0392-462b-92cd-02d1b872dfab
1982,1982,Remember,Oh Japie,4f3e7506-9c75-46c6-9165-27b01be01a70
1982,1982,Ren Woods,Get It Right,a42d8611-b96a-43c1-84ce-14d01ccd7190
1982,1982,Renee,High Time He Went,3654ffde-0ebc-3a66-a9dc-f5eba0b8a697
1982,1982,Rent Boys Inc.,Pictish / No Grat,2f87cc1d-6942-48b2-bdc8-a2e076e43ff5
1982,1982,Renzo,Aan de voet van de hoge blauwe bergen / Geef mij m'n bakkie,5e691480-f286-449c-950f-aa9a1d9fad75
1982,1982,Renzo,M'n vriend / Als je verliefd bent,aef89b5c-4076-453f-98c7-d1d05d43f8d5
1982,1982,René and His Alligators,Guitar Boogie / In the Mood,03787180-b826-4515-a3c2-b2a2af591650
1982,1982,René and His Alligators,Guitar Boogie / Laat m’n zonnebril zitten,23a1c9d5-7ad9-4a86-bcf0-fd1c1c81209d
1982,1982,Renée and Renato,Save Your Love,1471c078-623f-4b09-83d9-1ad9fbcdfb4c
1982,1982,Renée de Haan,Ik wil alleen zijn / Voor jou alleen,3845f0d9-8dda-45c1-bfe0-a871eb463582
1982,1982,REO Speedwagon,Keep the Fire Burnin',c0d2afd6-4161-42fd-8e32-c99f7496b315
1982,1982,Reunion,We hebben de zender aangezet / Welterusten lieve mensen,879dc537-e576-4068-90ec-1c14c7f79fdf
1982,1982-03,Rex Gildo,Wenn du mich brauchst / Leb',d6510506-448a-4197-96bf-7ae785e5924f
1982,1982-09,Rex Gildo,Wenn du nicht mehr da bist / Einander verstehn,ba6fa407-77f7-4a70-85eb-a99b57404408
1982,1982,Rheingold,Das steht Dir gut,96ceacf1-b0fd-447f-9882-a61e33bc8fc3
1982,1982,Rheingold,Fan Fan Fanatic,0cf26b39-69c3-4571-9b91-a1b283f5b0bf
1982,1982,Rheingold,Looks Good On You,fbdd1dde-8d28-4334-8d14-c7f4f4288dea
1982,1982,Rhoda with The Special A.K.A.,The Boiler,a5fb4f99-f3ac-44f7-bf26-8b748abcb17f
1982,1982,Ricchi e Poveri,Made in Italy,7f496924-9c68-4803-8f93-6339143553d2
1982,1982,Richard Cocciante,Vieille,0045db72-b762-48bd-8994-e82eaaae5fd9
1982,1982,Richard Dewitte,Spectreman,666f05c2-eb22-4142-ae2b-c172d634ca5b
1982,1982,Richard Gotainer,Le Mambo du décalco / La Ballade de l'obsédé,6ae680a0-d334-4cc3-9696-7e6b5236b45c
1982,1982,Richard Gotainer,"Youpi, c'est l'été",bd47b7db-af51-4b26-9ea3-b5fe32e2c539
1982,1982,Richard Sanderson,Your Eyes,95d7cf31-64c5-4bbc-9677-31d36aa413a9
1982,1982,Richie Scarlet,Eyes of an Angel,d71a1657-0d05-4d15-ba05-4a31d8255603
1982,1982,Richie West,I'm in Love With You,0aa18523-7f2e-46c8-b4cf-0cc9a62c8bab
1982,1982,Rick Demunck,Hart van steen / Lieve Janny de Bruin,3ae68b5f-c00b-45d6-b477-4b86017c7cfb
1982,1982,Rick James,Dance Wit’ Me,4ceee677-b9d2-434f-9498-8549bcb997ab
1982,1982-03,Rick Springfield,Don't Talk to Strangers,2674c06b-d998-41d0-ab7d-691380645db6
1982,1982,Ricky Skaggs,Heartbroke,5761ff42-a383-4034-a73f-dd01e58aac10
1982,1982,Rico and The Special AKA,Jungle Music,5b9162ce-946c-4936-a684-4fb117fc97aa
1982,1982,Rieky and The Funny Boys,Zoveel hou ik van jou / Waarom kom jij niet meer bij mij,0d692aa7-4d79-47e8-8100-b1b9374c1688
1982,1982,Rik L. Rik,Dominique,4905f11f-c9c3-4bf3-a800-5a789dff1228
1982,1982,Rika Jansen,Hoe komt die kersepit in de frambozenjam? / Dat is die heerlijke Jordaan,1e9bd99a-3965-410a-bf47-733d08d64bad
1982,1982,Rika Zaraï,"Sans pyjama, sans chemise, sans pantalon",df942512-469c-4f00-9ba3-870d7a478634
1982,1982,Rika Zaraï,Tout va très bien !,f620a86d-5160-4f20-ae5e-bb18608d735f
1982,1982,Rim and Kasa,Too Tough,64792b9a-7b08-41e5-b1ea-c10a89a44853
1982,1982,Ringo,L'Ange exterminateur (L'Antéchrist),06e2aac1-5dcc-4b59-9d99-78521a7f658e
1982,1982,Ringo,La Voix du magnétophone,97a9d39f-793c-44da-b84b-7e0305ebbdfa
1982,1982,Riny van der Lee,"Varkens, geiten, boerenkool / Zand, zand, zand",5e59a086-32b4-3f1a-bf7b-1f40f7d535fa
1982,1982,Riny Van Der Lee,We doen 't allemaal!,0159506d-2162-4498-9dda-9c23b68c05fd
1982,1982,Rip Rig + Panic,Storm the Reality Asylum,1c9400ae-26dc-42d8-a1ec-1d630c170844
1982,1982,Rise and Shine,Adios Maria / Arrivederci Claire,6560ea69-b344-4e2a-8307-720e3ff60220
1982,1982,Risqué,Starlight,0fd08f5a-f988-4a0d-85c2-7c7bc1cf084b
1982,1982,Risqué,The Girls Are Back in Town,7c9ca105-458a-4546-be03-c309aaca5ca1
1982,1982,Rita Mitsouko,Don't Forget the Night,58a4014d-1ba3-4538-9189-89093d7112b9
1982,1982,Ritual,Mind Disease,60e9a050-914d-4617-8e9b-9a8ce96a5b48
1982,1982,Rivers,Crazy Kong / Part Two,bbf90edb-6b09-4e64-b716-9ed735c999da
1982,1982,Road,Unchained Melody / Rio Manzanares,b7ccf9ad-1715-469c-8714-852fcbbc068f
1982,1982,Rob Baars,Maria waarom / Michiel de Ruyter,463ff19f-3c81-430f-9b17-dceaa6bab4f1
1982,1982,Rob Baars,Samen / De laatste trein,651d62d6-bb5a-44bf-9f8a-6cd693f2b36d
1982,1982,Rob Schallies,'t Is De Liefde Voor Elkander,2aabd9af-6327-436d-b9d2-5a9ce9f074c3
1982,1982,Robbie,Beste Bill / Marian,bf54e062-f36d-4ce9-962a-c806cdee9712
1982,1982,Robbie Patton,Orders From Headquarters,0a7b5755-8f56-4d56-9d7d-dee6931a30f9
1982,1982,Robbie Patton,Smiling Islands,9be40403-f04a-4ccb-9447-6882d79b3265
1982,1982,Robert Cogoi et Les Diables Rouges,Les Diables Rouges vont en Espagne,b703a9ba-45b5-4274-8946-de9381fc1a40
1982,1982,Robert Hazard,Escalator of Life,759728ce-f833-49b7-9bf6-96fc8024411a
1982,1982,Robert Long,Tolerant / Jeder Mensch ist einsam,ca6499f7-cce6-4cf1-a7db-23bf756142e1
1982,1982-09,Robert Plant,Burning Down One Side,bdfa2c67-234c-3088-9947-dcf6eea5a7c2
1982,1982-11,Robert Plant,Pledge Pin,395170f7-8233-3bc1-95d5-ea419d485105
1982,1982,Robert Sacchi,Jungle Queen,a6725d11-b2e7-49f4-afab-80f0dc17c353
1982,1982,Robert Sacchi / Valery Allington,Jungle Queen / Stop,63b63e84-ea4c-4588-8c73-dc8b2a2db16d
1982,1982,Robert Wyatt,Shipbuilding,ed078e43-b236-3cff-9ab1-9d5e17ac98a9
1982,1982,Roberto Blanco,Cantala Pepe,909ca7f0-c6d9-480f-895e-72cf12cc3dc0
1982,1982,Roberto Blanco,La Batida,aa8db2e1-ceda-4019-86cc-c799087edc0e
1982,1982,Roberto Blanco,Rock'n'Roll ist gut für die Figur,c4b49ce0-465c-40bd-a03f-f4434a0f0df8
1982,1982,Roberto Blanco & Die Mainzer Hofsänger,Karneval,64912d25-5821-452f-ac20-3de0230973ff
1982,1982,Roberto Soffici,Strano momento,9573d501-fa25-49a8-8b91-7b865d132db2
1982,1982,Robin Scott,Eureka-ka-ka!,5ad38703-cd35-400f-a34f-0b8603603626
1982,1982,Robyn Hitchcock,America,df12551d-586c-4064-8a0b-fa52f8f31593
1982,1982,Robyn Hitchcock,Nightride to Trinidad,2d1b421f-3f2d-4330-a010-227ab59ba69d
1982,1982,Rocazino,Elsk Mig I Nat / Kniven,d6c9de25-131a-406a-89bf-5a9edb868210
1982,1982,Rock Goddess,Heavy Metal Rock 'n' Roll,f787f245-f4e7-478f-9073-594ea4131062
1982,1982,Rockband Metropol,Und ich sehn’ mich nach dir,57c8cbac-c819-4093-9d97-f22048d61303
1982,1982,Rockers Revenge featuring Donnie Calvin,Walking On Sunshine ’82,9a705769-f6ba-4f11-b8e9-8614dcd179ea
1982,1982,Rockets,Atomic / Future Game,29fc6cc7-2add-4b20-8e98-75d87f526df0
1982,1982,Rockin' Ronny,Jozefien / Brand,be48f3ce-9fad-4019-a353-fbd5319c6d07
1982,1982,Rocky Sharpe & the Replays,Clap Your Hands,877fcc9b-822f-4591-805b-e28584546b68
1982,1982-11,Rocyn,"Sosej, Bîns a Chips",a22becd7-046a-4d6f-8e85-44ba4328ab86
1982,1982-10,Rod Stewart,Guess I'll Always Love You,b3dfc72f-3793-400a-8082-3660dffdd0ff
1982,1982,Roddy Radiation & The Tearjerkers,Desire / Western Song,65a0615e-468e-48a4-9841-0c081143a9db
1982,1982,Rodolfo y su Típica,La colegiala,402c41d3-566c-4318-ac08-bb5790a3b16e
1982,1982-07,Roland Kaiser,Manchmal möchte ich schon mit dir,42beeaaf-305d-4f4d-bba6-4425be287548
1982,1982-02,Roland Kaiser,Wohin gehst du,45c5939d-0573-4488-b8aa-777d42bf3f87
1982,1982,Roland Neudert,Jeder Tag mit dir,76662019-48e6-446b-a7ff-ab4a89926fbb
1982,1982,Roland Neudert / Orchester Martin Hoffmann,Der Papa wird's schon richten / Dance Little Bird,58618a7a-3a04-407f-a3a4-dba903c9ea6b
1982,1982,Rolls,Feladat / Mitől megy a villamos,32094fba-7abd-464f-bb2c-0009298fe840
1982,1982,Romanelli,Connecting Flight,30e03819-42a4-4a1b-9a57-17d62b0049ee
1982,1982-11,Romeo Void,Never Say Never,03622fe0-91b3-426f-9caa-f7e31ecccc25
1982,1982,Romeo Void,Never Say Never / Flashflood,ab5f22ae-f466-4305-ae2e-a568ef543d8e
1982,1982,Ronda Bogotá,La manda / Cumbia arenosa,8100e665-0c50-48a1-a97d-6dd21a7935fc
1982,1982,Roni Griffith,(The Best Part Of) Breakin' Up,9592790a-8ee6-4f70-97db-1f47048a07ba
1982,1982,Roni Griffith,Desire,9aebc415-7e89-4350-ac87-cbc988d8113e
1982,1982,Ronnie Hudson and the Street People,West Coast Poplock,0c070846-358a-39b5-be2c-e6bc44523268
1982,1982,Ronnie Jones / Claudja Barry,Video Games / The Two of Us,3b1e8071-29f8-41ff-ac62-5f6ad8df7ef9
1982,1982,Ronnie Tober,Olé España / Yvonne,b88303bf-71e0-4373-904c-cbea8125b936
1982,1982,Ronnie Urini & Die letzten Poeten,Niemand hilft mir,95db20dd-6374-4d83-84ea-c3837a0d0f29
1982,1982,Ronny,To Have And Have Not,b78034a9-5075-42c1-bea1-768c3483cca2
1982,1982,Ronny Arlando,Kleine krullebol,75bd5bfd-d579-4f6a-826a-de6307ca42c7
1982,1982,Ronny Arlando,Mathilde... als je wist wat ik wilde,ccf54afd-7db3-4d00-aa49-a1a842aa6e86
1982,1982,Ronny Arlando,’n Boeketje rode rozen,77315188-8608-440a-a82c-757a2042f106
1982,1982,Rosachrom,Kopf hoch,2db89e3f-a644-4397-b609-807385730dfd
1982,1982,Rose Laurens,Africa (Voodoo Master),8c2f1898-7758-3949-9140-6dba125b21de
1982,1982,Rot Guts,Forgotten in the Age / What Did You Do?,13caa268-a3b0-48eb-adbe-b3fb394d7e00
1982,1982,Rotterdamse Henkie,"Dat ben jij, rotterdam",6f5e9d12-7220-4455-b17d-0bed9b7ba87c
1982,1982,Rox,Hot Love in the City,c7aaddcd-c56d-46d9-a8b2-e36e75f0d16d
1982,1982-06,Roxy Music,Avalon,e2341e79-41af-4228-89da-4520e948bc13
1982,1982-03,Roxy Music,More Than This,afcef0d7-603a-3378-ac6a-fbd28a356e84
1982,1982-09,Roxy Music,Take a Chance With Me,666acf0f-9cea-49f3-aead-d15c72cafd63
1982,1982,Roy Ayers,Fast Money,43b68cbb-753c-48db-8254-a39729f90751
1982,1982-01,Roy Black,Blue / Da hab' ich Glück gehabt,a8dee129-f4a3-464f-bfda-0eb21d487693
1982,1982,Roy Orbison,"Oh, Pretty Woman / It's Over",9c8d5267-e976-4935-a596-d18456220bff
1982,1982,Roy Rayon,Dreadie,565a21d0-dd7a-4dcc-ab39-0089181d2ea8
1982,1982-04,Roy Wood,O.T.T. / Mystery Song,b74decf7-84a0-4932-9513-a3757c45b9cb
1982,1982,Rubberen Robbie,Het Slurvenlied / Als een kroket in zijn Kadet,0cf47bc6-75e0-4721-8a85-92e940731a8e
1982,1982,Rubberen Robbie,Ik ben met Katootje / De palingvissers,77d765c0-f537-32c8-a1eb-35b4ea537475
1982,1982,Rubberen Robbie,"Meneer Tarzan / Opa, ik zie tranen op uw wangen",754a1956-88e8-4fe4-b713-839d2b626baf
1982,1982,Rubberen Robbie,"Nee, je moet op vakantie gaan",a9821e67-b540-4752-958c-69c1967078e4
1982,1982,Rubberen Robbie,"O, wat is het toch fijn om bij de fanfare te zijn / Het voetballied",094466a7-c850-4ebe-b582-8f96bc6e8fc0
1982,1982,Rucki Zucki Palmencombo,Südseeträume,b22f2dc0-fcc1-3535-930d-76a0b7305aed
1982,1982,Ruddy Thomas & Susan Cadogan,(You Know How to Make Me) Feel So Good,fc4b1520-475e-445c-8b50-7ad42b3f0768
1982,1982,Rude Kids,När sommaren hittat till stan,4d431814-1ca9-490f-92fe-7398c858a702
1982,1982,Rude Kids,Palisades Park,18d67cbf-fb7e-4c87-86b9-bed57fab69e0
1982,1982,Rude Kids,Spådd i handen,58df9822-0be6-4f7d-a83e-60c67be24199
1982,1982,Rudi,Ja vesi nousee / Espanjalainen uni,a919ded0-7f75-4898-b8ce-b2ec9aa70b63
1982,1982,Rudi,Taivas saa odottaa / Viimeiset kiusaukset,21022cdb-b41e-486b-ace5-ce6cfd83461b
1982,1982,Runrig,Loch Lomond,2d4ce011-4738-465b-882c-148a39b90834
1982,1982,Rupert B.,Don't Let the Flame Go Out,3c6e6e64-52c6-4f39-b1b8-14f24e62c931
1982,1982,Rush,Countdown,0a5c5158-962d-452b-bc50-c0422ea9673e
1982,1982-08-02,Rush,New World Man,1e599072-d17e-4888-bff7-2df7043b14ff
1982,1982-01,Russ Abbot,A Day In The Life Of Vince Prince,286c0f06-6631-4f44-b62b-829e3eb1be5a
1982,1982,Ruth McKenny,Oh Rita,972090b0-d7d3-47e5-80df-d81d89862f18
1982,1982,Ruud v.d. Heyden / Eldorado Showband,Zeg zou'de nie willen / Tiroler best,20ada34e-06da-4da1-9444-09855b5d1c83
1982,1982-07-30,Ryuichi Sakamoto & David Sylvian,Bamboo Houses / Bamboo Music,0ba3e880-b120-4126-938c-991905a73e43
1982,1982,Régine,Super super Dupont / Retiens la vie,cf133440-0406-4c24-8670-e85db625dacc
1982,1982-11,Sad Lovers and Giants,Lost in a Moment,6df9fcb6-9377-4d3f-b77e-d2750ed8c9c3
1982,1982,Sady Rebbot et Raphaëlle Schacher,Papa Poule,4735da39-ef08-4bd3-af39-e227eeea447b
1982,1982,Saga,Wind Him Up,c7241062-2b74-4341-a749-beaa40a9963f
1982,1982,Sahara,Runnin' Around (In Circles),9c406719-db75-48da-96bf-a247355c297a
1982,1982,Saint Tropez,Femmes fatales,04c93740-2f8b-4dcf-bd28-3af551221b15
1982,1982,Sal Da Vinci,Hai fatto buca / E tira a campà...,1d61d28d-067d-4a9f-8fcb-0adf81491fe5
1982,1982,Sal Paradise,Slow Passion,3da0ba35-6760-4da7-84bb-e6cb026345eb
1982,1982-04-20,Salem,Cold As Steel / Reach To Eternity,081ccb99-4b1e-4696-b1a4-e153aaf5a19f
1982,1982,Salon Music / Lizard,モービル スーツ (Hunting On Paris / Sa Ka Ka),a670a665-ab66-41bc-8261-a20827aef6d6
1982,1982,Samm Culley Band,Walk,6a013dca-ec46-4faf-a250-80bacce8eb73
1982,1982,Sammy Hagar,Never Give Up,dbf65ed5-3267-4892-9941-64c915517b3a
1982,1982-11,Sammy Hagar,Your Love Is Driving Me Crazy,61b77afc-5301-4fb6-b6c8-6f7c27983d96
1982,1982,Sample And Hold,The Luxury Of Limitation,046122a0-3982-48a9-809c-c5952062ec3b
1982,1982-07,Samson,Losing My Grip,4a2e6984-04c5-4d73-b2f3-5d931c5f946d
1982,1982,Sandii & The Sunsetz,Alive,93787b9d-ea60-475e-b1ba-d2e028ced759
1982,1982,Sandii & The Sunsetz,Dreams of Immigrants,d04e3064-ce16-4556-af23-f9ab867b507c
1982,1982,Sandii & The Sunsetz,Open Sesame,96804621-76fe-4c95-be19-ee3387e276b5
1982,1982,Sandii And The Sunsetz,Heat Scale - Words And Dances,7647fbd6-377d-4a06-b298-6c78a52815fe
1982,1982,Sandy,Wees niet bang voor rock en roll,3fc3ae53-051f-456d-9268-e0af62c12fe4
1982,1982,Sandy Coast,Rainy Days / Giles,b3538890-a5ea-4b01-9361-a4ebfcf85f46
1982,1982,Sandy Kerr,Thug Rock,304272a1-2a46-43ab-8e9a-ee15258b64fc
1982,1982,Santino Rocchetti,Perché non provi a ritornare tu,2d354a9a-65e9-4686-80e0-2a0879df2a9a
1982,1982,Santino Rocchetti,Rodaggio d’amore,37ab02ed-87b2-4631-89a0-fd014b3de668
1982,1982,Saragossa Band,Dance With the Saragossa Band on 45,bcec7298-e190-3fe8-bdd8-fdfb97d5bb09
1982,1982,Sardine v,Sabotage / Sudan,be3441a1-4953-43a1-9f64-dc9499b38d9d
1982,1982,Sargeant & Malone,Moving Up,215ca0bf-9127-41e8-b23e-3fe545a379fd
1982,1982,Saskia & Serge,My “Flyer” and Me,f939e7e7-9ec9-47d1-bf70-d7c669b55bf7
1982,1982,Sass,Much Too Much,e629abd6-b8a5-4ea9-909c-9a4e1c212180
1982,1982,Satan,Kiss of Death / Heads Will Roll,5c22506e-d2b1-4c68-8ae4-e23fc8bc4ff1
1982,1982,Saten,Vas a Oir,61f89f67-f94d-43b7-bb9d-bfbce2266fe7
1982,1982,Saxon,Princess of the Night / Heavy Metal Thunder,00192951-515c-48e7-8eab-df484b3a656e
1982,1982-05-21,SAYAKA,天使と悪魔（ナンパされたい編）,5e7a6536-28b0-40f3-8244-8d68c7f20c35
1982,1982,Schelde Trio,De Zeeuwse stromen,e214f9af-41e7-45e4-8c14-2ad1211a1c58
1982,1982-05,Schleimer K / Die Partei,The Stag / Strahlsund,6574ac36-b8d2-4842-86b7-a8688945e761
1982,1982,Schön,So so,a7adc263-453d-4f9b-ad68-d643bf637fd4
1982,1982,Scientists,This is my happy hour,cc9eb6b0-176d-439a-b26f-6cf35f887e92
1982,1982,Scorpions,Can’t Live Without You,a85812f1-112b-4e3d-935d-7165b788d541
1982,1982,Scorpions,No One Like You,fa931cd9-22f3-40bf-949d-baa09f225b6d
1982,1982,Scorpions,When the Smoke Is Going Down / Now!,56613d72-7c49-4876-96d7-7ea222156df5
1982,1982,Scorpions,You Give Me All I Need,af4a99af-ceff-4074-a743-fbcd3b2414fc
1982,1982,Scorpions / Manuel Manù,No One Like You / Toccami Toccami,0b55d825-9de5-4088-85f8-26fac82ed702
1982,1982,Scotch Mist,Hoots Mon!,084dd350-f86d-4bfd-a80b-4a3c393c20cc
1982,1982-01,Screaming Dead,Valley of the Dead,55339f8d-ffb3-4951-8849-a4d81e888205
1982,1982,Scritti Politti,Faithless: Triple-Hep N’ Blue,0b67cc43-7a83-4371-9feb-6951490a8f2c
1982,1982,Se,Köyhän pikajuna / Pitkä marssi,4c7e70ef-1859-440a-86b6-c945e689b3b6
1982,1982,Se,Pienet lampaat / Missä on taksi joka ajaa ympyrää,9444d9ed-4d5e-4d99-993b-517ea612bc1a
1982,1982,Sea Level,Make You Feel Love Again,c6853845-ad7b-4c67-940b-ff7ce1fe1e0d
1982,1982-05-29,Search Party,Urban Foxes,63abc95d-0eca-410e-832b-a08a5055d8af
1982,1982,Section A,Time Stands Still,0b90063c-7a94-4be0-80de-8c7d154adf2c
1982,1982,Seditionaries,Wherewolf,9962b95b-7d6b-45c4-b6fa-bb7b93c72dea
1982,1982-01-01,Sekou Bunch,Can't Stop Lovin' You,4dc42810-e59d-3828-a007-23ad729e5e31
1982,1982-06,Self Service,Elle a des Yeux d'Ange,00197558-34b3-47d9-b423-7b9c8b680828
1982,1982,Sema,S. Minor Ghosts,00a56953-a61d-4f45-9f3d-ab5eb6ff0ebd
1982,1982-10-05,Semiha Yankı,Benim Hayatım,d31bf1e8-de24-481f-a542-0e28aecbf093
1982,1982-09-07,Semiha Yankı,Bir Gün Sana Geleceğim,61c08172-0fc8-4a29-91e9-6a0cbfb37c63
1982,1982-05-15,Semiha Yankı,İtirazım Var,6a5a87ae-7f70-406a-b87f-7fa64efec1ec
1982,1982-07-18,Semiha Yankı,Yaşamak Bu Değil,3dcc59da-362d-4435-92b4-1cbd906906ef
1982,1982,Serge,Da zedde gij nie zeker...,26b62b50-c86e-4fa5-bab8-6ab080ee86e4
1982,1982,Serge Franklin,Le Grand Pardon,5228816b-1c5f-4f6b-8381-90f652f51ff6
1982,1982,Set the Tone,Dance Sucker,4753d46a-d3b6-37ea-8f06-3b4cff2c679f
1982,1982,Seventh Son,Man in the Street / Immortal Hours,3977ed72-f7c5-46a0-9e06-566391569945
1982,1982,Sex Gang Children,Into the Abyss,40923c52-5b8a-3514-a3b9-bcb6ec9e3129
1982,1982-04-01,Seyyal Taner,Ele Güne Karşı,fb368aa5-ec95-4725-b27e-70f11e286386
1982,1982,Sgt. Arms,Walking on the Roof,e33fa079-8792-377b-8861-52d005d74e42
1982,1982,Shakatak,Night Birds,07bbe67a-9f80-4044-bfe1-0952c182efe9
1982,1982,Shalamar,I Can Make You Feel Good,bd1f923c-4145-4a19-83e2-58ce9fa3b852
1982,1982,Shambeko! Say Wah!,Remember,4817ddbf-bd3e-436b-853c-91d50840dc11
1982,1982-04-25,Shampoo,Tonight,b77cef0e-1583-4cfe-a528-f7b4a021e102
1982,1982,Shark Taboo,Crossfire / Dream Crumble,a31223fc-527c-462a-88a8-16780cc89f77
1982,1982,Sharon Brown,I Specialize In Love,22312553-0d8c-4e42-a48b-c6000fb051c9
1982,1982-02-10,Sharon Brown,I Specialize in Love,de5274b8-29cf-343c-a3c8-ed6314acf16f
1982,1982,Sharon Redd,Never Give You Up / Beat the Street,0525421f-b08a-46a7-8122-7237e73014ce
1982,1982,Sheena,Machinery,7f760b0b-879b-493f-b4a5-42d4e4ed5601
1982,1982,Sheriff,When I’m with You,4ff971e1-05ce-36ad-afdb-471156148721
1982,1982,Sheriff,You Remind Me,7493ff38-0781-482f-bab8-adb66c8efc1a
1982,1982,Shirley Bassey,All by Myself,df21a54d-a85e-46e4-956e-e1318acba514
1982,1982,Shiva,Rock Lives On,d4f3225a-70c0-4793-910f-ca970f704acf
1982,1982,Shock,Electrophonic Phunk,96333d63-a59f-43aa-9c0c-0bd9ba69dea9
1982,1982,Shoreline,Trijntje Buur,17b66366-92a0-47c8-94f0-ba0467b54bfb
1982,1982,Shriekback,My Spine Is the Bassline,af767001-ed83-3ef6-b1ea-6cc996585210
1982,1982,Shriekback,Sexthinkone,16a5cee1-2f52-4947-8317-49c91e876190
1982,1982,Shöx Lumania,Stranger / Falling Down,70fd05f3-1719-4e66-9baf-85a902c4e596
1982,1982,Side On,Magic,490d4c67-9c09-4f6b-a581-d235c63cb5fc
1982,1982,Silly,Die Gräfin,f72b6fef-0651-487f-ba1c-ef4c34939a77
1982,1982,Simon & Garfunkel,Late in the Evening,163fbba1-a888-4d50-9436-4ef274183826
1982,1982,Simon & Garfunkel,Mrs. Robinson,74f597fe-67bf-45d9-988e-0172c2f811ef
1982,1982,Simonetti / Pignatelli / Morante,Tenebre (extended version),1f70d8b0-ed00-42d5-be17-9216077309f7
1982,1982-08-16,Simple Minds,Glittering Prize,614cda7f-4ca3-4a68-8f26-4459b69bc532
1982,1982-01-29,Simple Minds,I Travel,62b4d76a-c89c-4be5-86d4-1bcc751380bf
1982,1982-03-29,Simple Minds,Promised You a Miracle,abf8a7be-9fc0-3f58-99a6-69c4839085fc
1982,1982-11-05,Simple Minds,Someone Somewhere (in Summertime),1368f382-be4e-3065-8ac7-28a2ad4dcac5
1982,1982-11-09,Sinnamon,He's Gonna Take You Home (To His House),87d13f1d-d5ac-407b-ac1f-a84dfa42132f
1982,1982-04-19,Sinnamon,Thanks to You,3d1b2d01-eef2-49c5-af30-155818284a7e
1982,1982-05-21,Siouxsie and the Banshees,Fireworks,c6da9628-f872-33dd-9aa6-8e492ee9bbea
1982,1982-11-26,Siouxsie and the Banshees,Melt!,2b9f789f-d41f-3899-9086-c8e51b619d91
1982,1982-10-01,Siouxsie and the Banshees,Slowdive,7fd7b6be-c59e-3f9e-8538-33a1f26f9797
1982,1982-02,Sir Horatio,Abracadubra / Sommadub,98b1dbc5-b618-4e7c-89e6-da5139714987
1982,1982,Sirocco,In de zomer,32b5c9e3-c3cd-40c8-8579-61cee814fd99
1982,1982-01-01,Sister Nancy,One Two,aa91229e-5f65-4010-857b-3531683009eb
1982,1982,Siw Inger,Malaga,8eeb0ca6-fd4c-4090-820c-8583a9ebd15f
1982,1982,Skat,Femme Fatale,1d8221ac-5c71-4373-b9a7-ab3a6616a1f1
1982,1982,Skyboys,She's a Young Girl,28933367-fb50-438d-b332-4b86e6fb276f
1982,1982,Slim,It's in the Mix,ce8c08b7-ebd0-4401-ba26-4d5854af976e
1982,1982,Slow Children,Vanessa Vacillating,5bc7ffe7-bece-44e5-8520-e404e340c636
1982,1982,Sly Cabell,Feelin' Fine,88a0cb0e-8086-4a89-9733-e7ca2ad7deea
1982,1982,Slyck,Talk to Me / Trust Me,06169389-8789-4e91-a8f0-16a8e7715cf8
1982,1982,Small World,Love Is Dead,288860cc-8d3d-45b4-95bd-72375db3fd03
1982,1982,Smart Remarks,Was It Something We Said…,38765d8c-bd6b-399f-8298-28b5084f79e4
1982,1982-02,Smokey Robinson,Tell Me Tomorrow,2436c49a-bad2-4014-b577-a85dec4d7bd2
1982,1982,Smoky Dawson,Once in a Lifetime,6677fcf3-49cb-494a-bf40-49e2782649d6
1982,1982,Sneaker,Don’t Let Me In / Looking for Someone Like You,c9b008c5-963c-4318-8756-7892adda4612
1982,1982,Snowy Red,I'm Hurt,cce61fa1-58aa-4ac4-8088-0aeb0e39f854
1982,1982-11,Snäp!,Elisabeth,2afbfc10-a287-40df-aae1-2a6e65c7f770
1982,1982,Snöstorm,Vill du va med mig / Rom och cola,c909815f-07b9-48c6-beaa-e8b2306fa042
1982,1982,So What,Fysiotherapie student,c8c613ae-6e6a-4336-b344-73c9d8a92613
1982,1982-02-05,Soft Cell,Say Hello Wave Goodbye,43a91c0a-6b57-3f1d-a8b8-5e4d9a8188f4
1982,1982-04,Soft Cell,Torch,61bf23e5-72c0-3056-9522-0836e6e495ac
1982,1982-08-11,Soft Cell,What!,83258525-03c0-4445-92ef-38b0bb160eaa
1982,1982-11-26,Soft Cell,Where the Heart Is,be15994f-9938-3c3b-98a4-59bc793cce12
1982,1982,Soft Drinks,Popstars in Their Pyjamas,a11e0332-6d9f-44ca-a54d-9a99d4225afc
1982,1982-02,Soft Verdict,At Home / Not at Home,eee074da-4db8-3434-9e3f-6259110b23dd
1982,1982,Soldier,Sheralee / Force,1c6e9279-d778-496d-b2d5-4ece13c15342
1982,1982,Solution,Down Hearted / Move On,22512577-eeeb-4ccb-8040-2dc70cd63807
1982,1982,Solution,Run Away / Evil Love,1bd436c9-669a-4cda-9635-afe694b0d56d
1982,1982,Someone and the Somebodies,Newvo / Ian,cdc1ff2c-0706-4542-9037-83da4deb8d98
1982,1982,Sonja,Laat de buzuki’s klinken / Zoek niet te vroeg verkering,878280d9-c9b3-4a60-a734-15ddcd2d83f2
1982,1982,Sonja,"Oh ho, ik voel me goed",cc5a8ed7-84bf-4f10-9e1b-c8dbd29a5fc9
1982,1982,Sonny Charles,Put It in a Magazine / The Week-End Father Song,aa8e2410-d134-415a-ab0a-69aad4f61c5e
1982,1982,Sonora Dinamita,La cumbia nació en Baru / Las velas encendidas,746ece0b-d6d7-4bb2-9619-b613888616a5
1982,1982,Sonora Sangre Negra,El negro Sebastian / El carpintero del pueblo,e1bbce5c-cb7f-479f-bf72-f0ad305bf34f
1982,1982,Sorta Qrackers Band,Dance Little Bird,46413803-7db4-4551-96da-511241692311
1982,1982-05-23,Sound Troupe,Can You Really See Me,788ddff7-4c82-475b-b604-0e038ef2d754
1982,1982,South Bronx,The Bottom Line,222aa724-d991-32c6-b6e7-fbb63ea622ad
1982,1982,Spandau Ballet,Instinction,0b865eb0-8984-469c-ab1a-7539ee615aa7
1982,1982,Spandau Ballet,Lifeline,285f7d8c-d937-4f80-9736-86a4c4372c70
1982,1982-01-25,Spandau Ballet,She Loved Like Diamond,cdd9ee83-4c14-4218-9e29-7fcf902eb752
1982,1982,Spargo,Goodbye / Shout It Out,f02bd865-d0b6-4a35-9f45-fe6f46e000d5
1982,1982,Spargo,Hey You / Go,0525be7b-b62f-487f-b1f0-c446de3a1f8f
1982,1982,Spargo,Hip Hap Hop / Special Love,300ba2e3-fb32-4906-abbe-79b71ba7e223
1982,1982,Spargo,So Funny / Don't You Know,f284d1aa-8f4b-4d8a-aab8-22ac20810c6d
1982,1982-06,Sparks,I Predict,1450255c-147d-4930-a5d7-fd1b82eff0f1
1982,1982-06-01,Sparque,Music Turns Me On,6689c110-6c46-4628-bd86-518c4a1b464e
1982,1982,Spastic Elastic,Ich kann nicht glücklich sein / Übermorgen im Schloß,6d286a8b-3ec2-406e-8ffd-a82e2f370293
1982,1982,Spaze-Ka-Dett,ET in America,184f82cd-41e6-4363-956a-ddf104c40a1e
1982,1982,Special Duties,Bullshit Crass,6e06d17b-eaeb-4269-bb66-fd0d83878076
1982,1982,Special Duties,Violent Society,0a78f354-54fc-4985-b1d3-a51b801745b7
1982,1982,Speed Queen,Haute tension,f12df106-810c-4336-ba00-b501e47577b6
1982,1982-12-14,Sphinx,Collision,c79b3e0a-9a11-4914-bffd-776f76841657
1982,1982-10,Spider Murphy Gang,Ich schau’ dich an,dfc90c8e-f80f-3371-831b-52ed0995b5e0
1982,1982-02,Spider Murphy Gang,Schickeria,743b98b3-5166-4c5a-bac3-f16110ae6059
1982,1982-06,Spider Murphy Gang,Wo bist du?,6f92f0e8-ae07-49d2-8ba8-ced0757074b3
1982,1982,Spion 13,Tusen och en natt,28d1ed39-6962-48ef-89b2-7b462de30434
1982,1982,Spitfire,Heavy Rock’n Roller,d696ab8d-166c-4333-934e-c3048282dc6c
1982,1982,Spizzenergi 2,Mega City: 3 / Work,bd5d39de-a364-376f-9808-5049163198cb
1982,1982,Splassh,Working,4e07185d-dc40-4d8c-b561-9077b9bc0b26
1982,1982,Spliff,Carbonara,d4472b37-e5db-44d2-bacf-461d2fd82ba6
1982,1982,Spliff,Das Blech,cbec74b9-dfec-445f-8270-31cb8d549540
1982,1982,Spliff,Heut’ Nacht,17169560-80a4-4048-8bac-093ed6877603
1982,1982-05,Split Enz,Six Months in a Leaky Boat,d51fb081-d415-4687-9232-1e584867acd4
1982,1982,Split Image,Now That We've Parted / Early Morning Rain,ea3e4b21-1d61-48b2-855f-69e185880576
1982,1982-03,Splitter,"Privatkabine 1,- DM / Sommer, Sonne, Heiße Höschen",4d60619e-aa66-4cb3-a77e-a7f2658ff7a5
1982,1982,Splodge,Mouth and Trousers,ef1dd681-74c0-40d1-885c-f4102e6b9507
1982,1982,Splodge,"Pathetique Excerpts From the Concept Album ""The Search for the Seven Golden Gussetts""... Ye Quest Starts Here!",ab360e15-a82c-4ad6-b78c-667254ce249c
1982,1982,Spoons,Nova Heart,f4d77b58-0b6e-4ab5-9472-0c72857bba9b
1982,1982,Spoons,Smiling in Winter,bc0d90b7-68be-4135-a52b-6c410b8390a6
1982,1982,Sprays Pals,Project A,9d5d9e42-372a-4b59-9e1c-de0bb3308770
1982,1982,Spöön Fazer,Sünset,e75234c7-86c5-453b-964e-b3df680655cc
1982,1982,Squeeze,Annie Get Your Gun,3bd4cd95-c84d-3de8-aa1f-94de8a277ea7
1982,1982,Squeeze,Black Coffee in Bed,fae0e3a3-e4f2-4aa2-a231-b542bff6804a
1982,1982,Squeeze,When the Hangover Strikes,49c7b4e9-57f9-301b-9da1-77f26b7ac75e
1982,1982,Stabat Stable,Gainsaid Facts,e5e474de-302e-49a6-ae5e-a26d8b79fb4f
1982,1982,Stacy Lattisaw,Don’t Throw It All Away,e285acbb-39b4-4c6b-9aa2-239f4f9dc18c
1982,1982,Stadion,Kan inte se,88469b27-0d0c-445c-b129-d98ab0098002
1982,1982,Stadion der Jugend,Väktare av mörkret,e5f70dea-d7f9-408c-8a95-fb1e5ea44bbe
1982,1982,Standart Oil,Die Liebe ist nur ein Spiel / Kind von Traurigkeit,f63660cb-4e2e-4bc7-a375-8683001c332b
1982,1982,Stars on 45,The Greatest Rock’n Roll Band in the World,edd82b6d-2509-4d8b-8d29-f42c634a74e1
1982,1982,Starshooter,Léo Song,d303c734-4534-4de0-b244-5059d3112c2a
1982,1982,Static,Voice on the Line,40bbfc5e-e439-493f-bec2-05ba0a7ff70a
1982,1982-10-22,Status Quo,Caroline (live at the N.E.C.),ddddf1c2-1f3e-4380-a290-e996546fda82
1982,1982,Steel City,Radio Girls / One Way Dream,f57752ec-364f-3dcb-a7d7-1cb9324bd482
1982,1982,Steel Pulse,Ravers / Rally Round / Find It… Quick! / Your House,c5cc68fc-bda1-46d8-b040-001a6e69ed04
1982,1982,Stefanie Werger,Die Nächste bin i,37cd507a-b0aa-4579-b87d-10684c78c9fd
1982,1982,Stefanie Werger,I wü di g'spürn / Hob mi gern,3bae463f-53d2-428d-b8a5-4ef6453b1574
1982,1982,Stephan,Wir wollen tanzen gehn,774dc208-bda0-4810-8390-22aff3e0c6d3
1982,1982,Stephanie Mills,Last Night,a89b28c9-19bb-4ef1-9360-cddf7adccc24
1982,1982,Stephen Emmer & Martha Ladly,Never Share,6217a4b8-9e20-41df-9003-3faacd0c1d35
1982,1982,Stereo,Cîntă Universul,eae09a1e-dabb-41f7-8ada-87026d0735f6
1982,1982,Stereo,Somewhere in the Night / Stereomania,ea88c6c4-1139-475c-84c9-6a29a0cf994a
1982,1982,Stevadors,Southside (Savannah Woman) / Misty,9c467f80-cc67-49bf-9902-efdcbf3004dd
1982,1982,Steve Crowther Band,My Machine,4df2ff16-f301-43e4-8521-6492f3e8a8db
1982,1982,Steve Earle & the Dukes,Pink & Black,ba5b1f65-95e6-401f-842e-709f6d5ff6b3
1982,1982,Steve Jerome,(I'm Into) Your Love,70fef4dd-183f-4f94-8b11-ffc0fcbd3ca0
1982,1982,Steve Kahn & Co.,Got to Have Your Lovin,9d502fbf-25bf-4e04-9481-b4cd828bdd2d
1982,1982-06-04,Steve Lindsey,She’s Locked My Life Up in Her Suitcase,f6b78ab9-f4dc-429d-943c-29fe8225cbf1
1982,1982-03,Steve Miller Band,Abracadabra,fab1349b-3def-4b87-a14a-69cbde445202
1982,1982,Steve Petters,Not Love on the Run,73369c60-8031-4f07-8258-1445468b1127
1982,1982,Steve Walsh,Edge of Night,49c23e48-7e2c-4f15-8007-bdaeb052ab0b
1982,1982,Steve Walsh,Life!,190c0c58-bb51-416b-a919-c7e10a01192e
1982,1982,Steve Wariner,Don’t Plan on Sleepin’ Tonight,8604ca2b-4e5d-4346-bda0-1c8911586903
1982,1982,Steve Warley,Tonight's the Night,eebbcc88-8fe1-490f-bcd6-1c26afa72dbb
1982,1982,Steve Winwood,Still in the Game,a3105bcf-1988-4710-9238-b5e8497813f1
1982,1982,Steve Young,The Contender,debe1ff4-3523-4e09-81db-1cc2ba3b995c
1982,1982,Stevie Lange,Don’t Want to Cry No More,34ec83c7-5e7a-4adb-8aa7-18d39dd15123
1982,1982-02-05,Stevie Nicks,Edge of Seventeen,42e90e30-91bd-4849-b79b-fb7d500b6ac4
1982,1982-06-25,Stevie Wonder,Do I Do,3596734c-f063-4abb-b0af-6612ab2e41ec
1982,1982,Stichting Vastenavend,Me gòòie n'onze nette n'uit,982532cd-a63f-4cb1-9678-2a776b3b1cfc
1982,1982,Stichting Vastenavend,Me gòòie n'onze nette n'uit,b0a1fb40-3d5a-498d-98a4-b44f3215c64e
1982,1982,Stiff Little Fingers,Bits of Kids,ad096df1-330b-4b1c-bca9-ba46e5b63081
1982,1982-04-01,Stiff Little Fingers,Talk Back,94062bb7-f693-44c3-94ec-939668dcdd29
1982,1982,Still Life,Away From This Town,982ddbaa-69ac-4c0e-8183-0d203063f960
1982,1982,Stilmord,Det spelar ingen roll rock'n'roll,d6a5aa39-b544-47d3-9752-33be4c674367
1982,1982,Stilmord,Förbjuden kärlek,0a974d01-b209-42fd-b021-1a6358be1fc0
1982,1982,Sting,Spread a Little Happiness / Only You,eec4e3da-4f91-433c-8f76-ab21d9b4de21
1982,1982,Sting / Dave Edmunds,Tutti Frutti / Run Rudolph Run,37241419-e6d1-4490-b68d-55a7f2d42af3
1982,1982,Stitch,Devil’s Deal,4b78855e-688c-4cbd-b861-6cba721fe549
1982,1982-01,Stockholm Monsters,Fairy Tales,25cb5359-0367-490f-9f78-1f475f1cf7bc
1982,1982-08,Stockholm Monsters,Happy Ever After,b94102a3-070a-30a8-bc1e-64dffe3829d3
1982,1982,Stolen Pets,Changes / No Time for Falling,13417c32-53c2-4db7-9971-4e448351d41f
1982,1982,Stone Hage,Uomo,24e61df3-bf48-4172-8146-471deadb6618
1982,1982,Stonehenge,Vienna,32e7ee3c-1056-4544-876a-f1fd99eedd80
1982,1982,Stram,Ik lus graag soep,57ced62c-c447-4551-8e0a-55e68febc03a
1982,1982,Stram,Wim-Bledon,6fc62bbc-00e0-494e-8a1f-cd17e88c3fda
1982,1982,Strange Cargo,Have a Nice Day,c09727c4-1d93-457f-b8d1-e263935a936e
1982,1982,Strani Cocktail,Between,9e075c33-f9b1-452a-ae0b-6c2c4eac95cc
1982,1982,Strani Cocktail,Humungus! / Venezuela Cha Cha,3fb8f466-823d-4326-9fe6-48635beb0b60
1982,1982,Strawberry Vocal Choir,Saturday Night At The Movies,cede5f40-10a1-4212-9abe-aa6185a32441
1982,1982,Strawberry Vocal Choir,Summer Is A Coming,b6e2e09c-b4ab-4873-a923-14b4ddfa6754
1982,1982,Stress,Fetzenlaberl,ca285d76-05de-4f31-98ba-213c4e3502ca
1982,1982,Stress & Wiener Wunder,High Noon in Favoriten / Wumm Zack!,f3c9cbca-9fad-41da-8f25-b71b48710eb6
1982,1982,Stu Stevens,Cowboy in Paris (Chacun Fait),a66c7ae1-60e1-4c27-9045-1c846bb3a815
1982,1982,Student Nurse,Recht Op Staan / Electronic Pop Smash,6395e6cd-26b2-41f0-9c32-b61f50fa7499
1982,1982,Stukas,El blues del pollito rojo,e738a378-d881-48a5-b7da-2ebbdb2958d0
1982,1982,Ståålfågel Space Corp.,Utan rymddräkt på Uranus,398f3879-64a9-4d24-9d4f-3c0cac2fbebe
1982,1982,Störfall,Summer in dr Schwyz / Heute bin ich offen,f5e50415-e71f-4e8c-96f2-9c03ca3903c6
1982,1982,Störfall Bänd,Tauchstation / Füdliblutt am Palmeschtrand,38888ef9-f96d-44a9-9bc7-a9105f8c5c06
1982,1982-02,Störung,Dreadful Dance,d0dd0b62-fa2b-442e-b943-97749a55b230
1982,1982,Sudden Sway,The Traffic Tax Scheme,981606ad-67a1-43a1-8df3-154f2605c9a4
1982,1982,Suede,Confidence / Jam With Suede,5f3a9e49-a332-452e-8b3d-3d81c5f8d6d1
1982,1982,Suede,Determination / Enough Is Enough,113e1584-3c37-45ec-a37a-b7d5dbb72ad8
1982,1982,Sugar,Misty Night,bde0721b-cd30-4abb-b779-3edafd14254e
1982,1982,Sugar,アバンチュールはルックスしだい,85f41a0a-bf15-4e62-9f23-147b9a5b38f5
1982,1982-11,Sugar,ウエディング・ベルⅡ,7db4c53d-c0ce-33ac-bf49-280e66ee1456
1982,1982,Sugar,私にほリカ人,6887816e-cf77-459f-9f1d-82dc0592b155
1982,1982,Sun,Slamm Dunk the Ffunk!,57969168-002d-4763-8355-1b1e226e95a6
1982,1982,Sun Yama,Subterranean Homesick Blues,66011670-bd83-47d4-b1e1-530992cca826
1982,1982-12-06,Sun-La-Shan,Catch,634a4b9d-1ee9-438a-a121-e5988c2dd3d5
1982,1982,Sunburst,Far Away Countries,d770be8c-2bfd-4ab1-b8bc-dbdd0f387f07
1982,1982,Sundance,Walk Right In,d19bffb9-8847-46ba-a003-9551b8a62dfa
1982,1982,Sunfire,Young Free And Single / Shake Your Body,88cef169-dd0a-438e-8474-2c4c9809cff0
1982,1982,Sunnyboys,You Need a Friend,4fa858bf-9157-4cc5-8541-897ff3d9f63e
1982,1982,Super 3,When You're Standing on the Top,64039620-edd4-3ea5-97cf-9b4e97e32c52
1982,1982,Super Group Orchestra,Ron-Dojy Mahavita Azy,77ae2d44-919e-493e-bd98-4c5114ecbc31
1982,1982,Super Sonic Seasick Band,Chases Out In The Night,7806cfa3-d121-482c-a5b7-a8ffbbcf18fe
1982,1982-04,Superobots & Rocking Horse,Babil Junior / Lalabel,bec6d37b-cddf-4cbd-9913-54e058e451e1
1982,1982,Supertramp,Crazy,526970f6-d5c4-4412-bf24-a5e0a42facf3
1982,1982-10,Supertramp,It’s Raining Again,cb2a79b1-af1f-4ec5-b9e1-eb87b665abb5
1982,1982,Supertramp,My Kind of Lady,d658beea-337b-4462-979c-943398db1409
1982,1982,Surplus Stock,Let's Kill Each Other,353896a2-7dfb-4c33-ad56-a21e4e7727c5
1982,1982,Surrender,Hold Tight,ced80b0a-5ebc-4033-8249-69278c7fc842
1982,1982,Surrender,It's All Been Done Before,d002e734-a8d5-4927-9115-0483751d3271
1982,1982,Surrender,Start Again,47e15789-a55c-4db5-a06c-3d322a75c0dc
1982,1982,Survivor,American Heartbeat,cd335468-04ff-40e3-b409-22d4df5f8783
1982,1982,Survivor,Eye of the Tiger,c0474f4e-6c19-4075-a3c3-05b20399b0bb
1982,1982,Suspect Device,The Image Has Cracked,fc9ad7e6-1794-3e29-8178-691984b141f1
1982,1982,Suzi Quatro,Heart of Stone,b670f294-2b46-4ddb-8e6e-88320f1814d1
1982,1982,Svetlana,Cours apres le temps,4b934f6c-e7e7-4b65-b760-9973fd6a273c
1982,1982,Sweet Heat,Come On,6e4a4cdc-e68f-465c-96a2-8754cf3d6897
1982,1982,Sweet Pea Atkinson,Don't Walk Away,3e443c3e-3ce7-402a-b38e-c487e37b9ba8
1982,1982,Sweetness,Get Yourself Together,c3a3cf41-d4ef-452e-9974-0ca17fe56738
1982,1982,Sweetness,If We Will Take The Time,f64240f4-aaac-4561-b056-8a83f49756e1
1982,1982,Swindled,Who Wants Guns?,29f5fe40-df39-39a7-ba8e-44439d89c21f
1982,1982,Sword,Call Out His Name / Run Away,86e7b4b7-a560-430e-9e6f-9a6e203c705d
1982,1982,Sylvester,Be With You,78ce99b8-4af0-486f-9cd1-f5b08c8d6654
1982,1982,Sylvia,De jongen met de mondharmonika / Geen tijd voor verdriet,18f368de-75fb-4ce6-a962-acde482a009e
1982,1982,Sylvia,It's Good to Be the Queen,51fa0e73-212d-48f5-ae39-8d246428c750
1982,1982,Sylvia Striplin,Keep Pushing,b83c8708-0c1f-41e4-9ba1-dabb88bc4f0e
1982,1982,Sylvie Vartan,La Sortie de secours,daa079b0-27bc-44c1-9116-36e57e2f03e0
1982,1982,Sylvie Vartan,Orient Express / Aimer,628a8b38-c176-40f6-aabb-5f93ad79b695
1982,1982,Sympathie,Het is zo fijn om muzikant te zijn,6c251376-abf7-4b30-8bc7-c853650abdcb
1982,1982,Syncopation,Marking Time,eeb79876-ea1c-42ce-8dff-5dc1f6d26052
1982,1982-10-09,Syntax,Like the World,56effcd1-ab9f-42f4-91ba-e4151603a978
1982,1982,Synthetic Dreams,Sulphate Suicide / Voices,479f5a86-c173-474e-80a2-cf3452532319
1982,1982,Syntoma,Syntoma,582de55d-62dd-4460-8412-7dd30b4eb92d
1982,1982,Súper Grupo Colombia,2a. cumbia con jazz / Maria Elena,39b8818c-5313-4b0b-9132-3bb61e33ffd5
1982,1982,Súper Grupo Colombia,Cumbia del volcan Chichonal / Cumbia del vagabundo,4a50661d-63d8-4719-999a-8e84ad95541d
1982,1982,Sœur Sourire,Dominique (version 1982),350d7993-541d-463d-b905-db1856ca791e
1982,1982,T C Curtis,Party Down / Party Down (Inst),6741ca55-a3d9-4961-b5c2-3dd56ce89f22
1982,1982,T'as Le Ticket,"Ticket chic, ticket choc",ba4b6115-8b8b-4c0d-81af-5290130bf29a
1982,1982,T-Ski Valley / Glen Adams & Finesse,Sexual Rapping,99aa6781-8eed-453a-827a-a426bf9fe12b
1982,1982,T-Ski Valley / Grand Groove Bunch,Never Let Go,8f8e53e5-ee40-4fe2-b664-5d187b41b3f6
1982,1982,Taco,Puttin' On The Ritz,4108bea8-e7d3-4553-bfa7-78faeeacbff5
1982,1982-02,Talk Talk,Mirror Man,224ef443-b906-4575-ac10-7e30a53e59ab
1982,1982-03,Talk Talk,Talk Talk,cc03340a-5485-4020-b426-d679c776c301
1982,1982-06,Talk Talk,Today,3078bc3d-c353-4309-918f-ab057936dff4
1982,1982,Talking Heads,Life During Wartime (live),517b0ac3-a868-476d-b7c4-009fc9803880
1982,1982,Tammy Wynette,A Good Night’s Love,f46e14e4-3a89-48e0-a0e9-42ab6320c67a
1982,1982,Tammy Wynette,Another Chance,df19757d-2459-4109-8d0a-681775b9ae7c
1982,1982,Tammy Wynette,I Just Heard a Heart Break (and I'm So Afraid It's Mine),a656fb47-5c11-48f9-9c8f-d75e8f261167
1982,1982,Tammy Wynette,You Still Get to Me in My Dreams,3ebc368d-3f7b-411e-aff7-46c5793935a3
1982,1982,Tangerine Dream,Das Mädchen auf der Treppe,372c619c-ce6a-4b85-82e9-31c003e6653c
1982,1982,Tank,Turn Your Head Around,9f09a26a-9e76-4874-8ff7-01eaee74a9a2
1982,1982,Tant Strul,Jagad / Dunkar varmt,0e6ac185-72d8-44e6-a0e2-097637fe1226
1982,1982,Tante Ali,Oma's klagen niet,db6e6ff4-4864-468c-ab4c-bf350285c095
1982,1982,Tante Ali,Tante catootje,cab64655-4a8d-4afd-9e76-e77712dcf141
1982,1982,Tante Ali,Wees lief voor elkaar / ’t winkeltje,e7fa9c16-9336-45f6-a11c-c53fae422f96
1982,1982,Tantra,Macumba / A Place Called Tarot,51f33def-13cb-392e-9f0b-d244fa3309c5
1982,1982,Tanya & Paulette Winley / Harlem Underground Band,I Believe in the Wheel of Fortune,cfb1499d-29d6-413c-8526-9ea9f4f3c433
1982,1982,Tanya Tucker,Cry / Feel Right,a5fe3276-bb5f-4a73-b4da-95b23fb7789f
1982,1982,Tarzan,Ze waren hem vergeten / Twee grote bruine laarzen,7da77794-9a21-4384-9783-d10d14a7a264
1982,1982,TBA,Love Across the Nation,87ec458b-fab0-4b9b-aa55-ec8a89ab6ff6
1982,1982-09-20,Tears for Fears,Mad World,2d3180ff-ab3e-39f9-9879-9acdb1a82741
1982,1982-03-29,Tears for Fears,Pale Shelter (You Don’t Give Me Love),31b1a5d9-8866-452b-88a2-d514222857ac
1982,1982,Ted Herold,Girls & Rock 'n' Roll,2a52324c-74f2-484f-b1bd-07bab7325ac7
1982,1982-07,Ted Herold,Ready Teddy,9bc96ad1-d810-4c42-8711-634bbc1252b6
1982,1982,Ted Rogers with The Young’uns,Dusty Bin,880eb870-3a1e-4800-a622-e5086d7c22e9
1982,1982,Teddy Pendergrass,Nine Times Out of Ten,24b5da92-0fb6-38ff-924d-cfb85d935280
1982,1982-01-15,Teena Marie,It Must Be Magic / Square Biz,afa09026-f4e1-404e-a9c4-f0ab9dd49865
1982,1982,Tek Houkes,Dokkumer lokaaltje / Breng mij terug,66d0421c-0bf7-426e-a4ee-4d7b2e89009f
1982,1982,Tek Houkes,Meisje ga je mee visschen / Daar waar ik speelde,0584747a-009d-4da2-9efa-c8894aeeb61a
1982,1982,Television Personalities,Biff Bang Pow!,9244483c-97ea-4548-b04b-61f7e0d16235
1982,1982,Telex,Sigmund Freud's Party,9b60354b-3b5a-49d6-bf87-d22147e2c101
1982,1982,Telstar,Kinderen van de zon,c33d321b-0958-4e34-b238-efa932a6d9c6
1982,1982,Tennessee Ernie Ford,Operator,96d158c7-fa0e-4390-ba76-fb89868d0126
1982,1982,Terror,År 2005,1eb61f6d-3c84-4e3d-9bdc-34df59965a29
1982,1982,Terry Crawford,Chocolate Candy / Gunfighter,e42945a1-ab4f-457b-9633-721c22468b24
1982,1982,Terry Gregory,I Never Knew The Devil’s Eyes Were Blue / I Need Another Lover (Like A Hole In The Heart),622b9a6f-15e7-47a8-8709-d385b11315ce
1982,1982,Terry Gregory,I’m Takin’ a Heart Break,7c741792-2828-42e4-9926-15305350f96b
1982,1982,Terry Gregory,You Don’t Own Me,bdcc031e-789a-48a8-aa1c-17210c317e84
1982,1982,Terry Hughes,Time To Turn / So Glad,72a58ae0-f98e-4be2-8fb8-4fad87aa316d
1982,1982,Testcard F,Bandwagon Tango,524a9bf6-0e6f-394e-9a40-200f3dff5bf1
1982,1982,Textones feat. Kathy Valentine & Carla Olson,Vacation,83c06da1-4143-4782-aed0-9507ce9cd070
1982,1982,That Hideous Strength,Vintage English Rock & Roll / Murder In My Heart For The Judge,bf2abed2-1713-4eba-9d47-9c94854f2238
1982,1982,The 3 Pieces,Iwishcan William,325911b7-bcb2-4eb1-99a7-6bd61073df95
1982,1982,The 4‐Skins,Low Life,ef579304-62e8-3668-9893-31aca2f481a7
1982,1982,The Ace Cats,Good Health to You / Abracadabra,190b82c4-7786-4267-862d-fbddf0bd9937
1982,1982,The Action,She's Got My Heart / Till I See You Again,a45099dc-2b49-37d9-82e1-928a0f07df55
1982,1982-11,The Adicts,Chinese Takeaway,4ca1718d-4489-4c3e-ac93-1bc2b68f05bd
1982,1982,The Adicts,Viva La Revolution,6792eb76-55b2-4158-bc87-0a0aecfbed6f
1982,1982,The Agents,Everybody's Gonna Be Happy,4f26468d-ae50-4d01-b18d-ce2fbb973475
1982,1982,The Airwave Orchestra,Four Score,7f949af7-e163-42dc-a65f-9378cd22fe4e
1982,1982-05,The Alan Parsons Project,Eye in the Sky,e863e211-8580-3b68-8a9e-b1dc4a80c2d9
1982,1982,The Alan Parsons Project,Sirius / Eye in the Sky / Mammagamma,d683c6c8-849a-4f21-a532-2c5954ac15d7
1982,1982,The Albanian World Cup Squad,Albaina! Albania! (Albanixey! Albanixey!),c5277b1d-1416-4eee-b44c-0021ccd38c23
1982,1982,The Alley Cats,Draai maar als ’n haan op ’n toren / In de saloon,e0a19850-7900-4517-b885-acb927f11ef5
1982,1982,The Allniters,Jingle Bells,d8034f08-2a2c-4ef2-9c60-db4d0fe9d7ef
1982,1982,The Allniters,You Shouldn't Stay Out Late,7b4ab540-b0fb-4afb-b890-2705d3bea4ed
1982,1982,The Amazing Stroopwafels,De andere kant / Weg restaurant,2094c264-5c9b-4e54-8320-eba95a090f2e
1982,1982,The Amazing Stroopwafels,De dievenwagen / You Really Make Feel So All Alone,1d5ff4aa-2b2c-4de4-8830-01c032b88a68
1982,1982,The Amazing Stroopwafels,Zo lang gewacht / De graaf van Hellevoetsluis,b8525715-71d9-4463-99a3-9c53ddf93831
1982,1982,The Androidss,Getting Jumpy,ed047d8c-2010-4d10-9db7-3273216da3bb
1982,1982-11,The Apollinaires,Envy the Love,7a18cee5-f37d-4678-b194-28f032ced2aa
1982,1982-06-10,The Apollinaires,The Feeling's Gone,2ce73f54-17c0-42c5-8759-cc49b1243b34
1982,1982,The Arrows,Beyond The Reef / Oldman,a76001d1-d491-4317-8363-1baf4fd90dba
1982,1982-07-23,The Associates,18 Carat Love Affair,127071bc-82e6-377e-a1d9-fe352bffebf7
1982,1982,The Associates,Party Fears Two,43d41839-40a1-3a93-93ca-7a34523a7618
1982,1982,The Bablers,Suddenly / Day by Day,7f8eb3be-8dba-4e8b-bba6-a2dffff02d8e
1982,1982,The Backs,Jerry Garcia's an Asshole,f0cdb626-ad5e-3a60-9db5-d8bcfa4de19b
1982,1982,The Band AKA,Grace,5cbdde53-b6bb-446d-8163-0edde18aa3b2
1982,1982,The Bank,Soulfinger / Dance the Night Away,f07cc3c4-b43d-4023-990b-9407bfa81a2d
1982,1982,The Bar‐Kays,Do It (Let Me See You Shake),d6f95922-ea13-4dc9-8201-52e1b87a0a1d
1982,1982-11-26,The Beat,I Confess,95dc3cd8-9504-43b3-a8dc-a608f99462f6
1982,1982,The Beat,Jeanette,27e57535-663d-4252-b610-529761263391
1982,1982-04-02,The Beat,Save It for Later,3a325f34-8f15-4a7c-8ce2-4f56042a052f
1982,1982-03-22,The Beatles,The Beatles’ Movie Medley,e9da841b-5eed-3867-89fa-c765ce50bf72
1982,1982,The Belle Stars,Iko Iko,ee16e26e-251b-4789-a9d1-4a8673d8006c
1982,1982,The Belle Stars,Iko Iko,f90b1fbf-80de-47ae-af5a-3f84ac67b671
1982,1982-07,The Belle Stars,The Clapping Song,a6903da2-debe-4d3e-87cd-fdc12b334d35
1982,1982,The Big Buik Brothers,’n glaasje rode wijn,995e8201-3462-4ef5-ac6e-2dffc41c984f
1982,1982-08,The Birthday Party,Dead Joe,33f85aae-73b0-3fa7-a249-db0abf3959d9
1982,1982,The Blasters,So Long Baby Goodbye,ac5e48b0-7e8c-4696-8934-8fe0abd8e636
1982,1982-04-02,The Bloods,Button Up,a617fbc7-4554-49f0-8a54-fbd4704827bf
1982,1982,The Bluebells / Del Amitri,Happy Birthday / What She Calls It,2786ac07-93da-4f00-9603-c6d462cebcb9
1982,1982,The Blush,A Look From Outside / Skipping,c93a9d62-c62a-439f-9af6-d329e0d1511d
1982,1982,The Boomtown Rats,Charmed Lives,312e7a05-6e02-4ac5-ad99-972c112728c8
1982,1982-03,The Boomtown Rats,House on Fire,8fc0f25e-f114-41ad-b131-e1eabf63b71f
1982,1982,The Bouncing Czechs,Looking for the Man,d927d910-2501-4487-a75d-763c6efce811
1982,1982,The Boys,Brudar brudar,cd62db88-fc2f-4543-bbe3-fcc600974229
1982,1982,The Boys,Här e' livet,52586969-f733-443c-9682-ba9c57ca6d8f
1982,1982,The Brat,Chalk Dust - The Umpire Strikes Back,d45e9988-fc81-4ef6-b23b-437f1296082b
1982,1982,The Brigades,Riot and Dance,7cb27131-9b49-42e5-b013-0e92cb4e1d38
1982,1982,The Brothers,Voorjaarsdroom,6f874103-c8bc-468a-a753-ac27131a918a
1982,1982,The B‐52’s,Loveland,432f8085-46b9-4b91-9a38-c731436999ee
1982,1982-04,The Cage featuring Nona Hendryx,Do What Ya Wanna Do,a32c440d-8817-4ffc-9fb0-a30e6ecdafaa
1982,1982,The Call,The Walls Came Down,659237c4-822a-42ad-842a-8aa1e4d3452d
1982,1982-03-08,The Cars,Since You’re Gone,a7ea505e-6d36-3935-8e99-1610e1d8a853
1982,1982,The Case,Ge mig en chans,3762952d-dacb-4626-b3a8-24e1c68714ec
1982,1982,The Case,Svara hallå!,da74b4a9-60e3-4056-ae7c-a1cec6e177ad
1982,1982-03,The Chameleons,In Shreds,17b76de1-870d-3c33-ad9b-83421864b467
1982,1982,The Chaplin Band,Il Veliero,70f06220-93d4-4b30-974e-5da2421f15b7
1982,1982,The Chaps,Rawhide,91b5b45d-67d8-41b2-8da3-3ab919bce0c7
1982,1982,The Charlie Daniels Band,Still in Saigon / Blowing Along With the Wind,7b6f1bdd-7fe9-4f34-8b6e-877ecd1e67bd
1982,1982,The Cheaters,Spirit in the Sky,e3eb4f9f-4111-3b14-9e68-dd7b31ab3a5f
1982,1982,The Chesterfield Kings,I'm Going Home,3b29ebeb-927d-46c4-8d39-6f2849cc81b7
1982,1982,The Chills,Rolling Moon,203ff105-650a-43ed-94b4-609eabc13ae4
1982,1982,The Chrome,The Same Journey,a09e819e-a313-4491-a5e2-7f36d15d5c65
1982,1982,The Church,The Unguarded Moment,0c2c482b-161d-4f8d-9d85-83837c7679de
1982,1982,The Citizens,No One / Xylophones,d760e0f5-d088-444f-9cd9-7a81fc1c5fef
1982,1982-04-23,The Clash,Know Your Rights,fee52f46-49de-3b05-a9d7-86a729006f6b
1982,1982-06-11,The Clash,Rock the Casbah,2d41304f-c1ed-318d-918d-0e335f51095e
1982,1982-09-17,The Clash,Should I Stay or Should I Go?,680a8e86-eae4-32e1-9ca1-9101bc325e8d
1982,1982-09-17,The Clash,Straight to Hell / Should I Stay or Should I Go?,ec144641-58fb-4fd7-a0f3-1014bad69382
1982,1982,The Clean,Getting Older,a73c2c07-b78d-3875-8842-2c084451424f
1982,1982,The Cold,Do the Dance,0044be5f-905c-3df7-a843-f6bc830f5fe5
1982,1982,The Corrosives,Breaking Point,1ef9374b-468e-371d-a894-321416bd30c0
1982,1982,The Cosy’s,Könige von der Autobahn,c431517b-b35b-492e-905b-185f160799d8
1982,1982,The Cosy’s,Zwarte.Piraat,83b1bd71-b167-4000-a21b-6c41ba4e866a
1982,1982,The Crackers,Be Smart / I’m Tired of You,56a3ec32-1f1a-4ecb-beff-b8189a3732ec
1982,1982,The Crackers,Sad Situation / Maria,d056ec82-9eb1-403d-b246-972ffc9c165f
1982,1982,The Cravats,Rub Me Out,128182d3-4c4f-31d3-8102-67ec26cc1f8e
1982,1982-02,The Cravats / A Flux in 3D,The Cravats / A Flux in 3D,435efdd6-dcd3-33d2-b787-03797e66e7f2
1982,1982,The Crocodiles,Back to School / Tricks,a7ad4037-b368-48dc-adce-da2f76887ca0
1982,1982,The Cruize,Strange Little Girl,a95a294a-22f7-440d-a0a6-a7fdd2bb9b0e
1982,1982,The Cunts,A Date With Disaster,67e0f431-81bf-3577-a890-dd4f1a89269b
1982,1982-07-12,The Cure,A Single,6f3ee6e8-241b-48fe-a78d-a9523f1cdb01
1982,1982-11-02,The Cure,Let’s Go to Bed,d5a23259-ebd9-397f-94fd-d7d2312ac539
1982,1982,The Cut,Dance On Glass / And They Move,c3b010fd-a51f-420b-9b86-ac287c2c59e3
1982,1982-09-17,The Damned,Dozen Girls,fdfd5d45-363e-4849-b971-772996e019ed
1982,1982-11-25,The Damned,Generals,dbb9043e-f43a-45df-b6ab-714f42d070f2
1982,1982-10,The Damned,Lively Arts,186f4dbe-ff66-4d68-af90-36ffcb787df2
1982,1982-06-18,The Damned,Lovely Money,4e39c0dd-bef2-3d0e-a7fe-fad34848c2f8
1982,1982-05,The Damned,Wait for the Blackout,0521236d-94ba-3e7a-a62c-69173865252e
1982,1982-04,The Danse Society,Womans Own / We're So Happy,f069ecdd-e348-42e8-8a36-72504b2378e5
1982,1982,The Dark,The Masque,0b2b5b87-1970-4430-bd1d-074e359087b8
1982,1982,The Dave Edmunds Band,Run Rudolph Run,d76bfeda-7600-431a-a513-3329733855a6
1982,1982,The Dave Morrison Band,Someone's in My Kitchen,8aec491f-f6ed-4aff-98ac-a01fa7dd66a6
1982,1982,The Days,Kalte Insel,eb390661-eea2-400e-ad1d-40af61dcecd3
1982,1982,The dB’s,Living a Lie,ce2edfc9-b436-4a87-9e9e-7f44d71193a5
1982,1982,The dB’s,Neverland,ff64320b-9441-4345-bb1c-63fc00fa6975
1982,1982,The Defects,Survival,7ae1faf2-c378-4072-9e6e-e3774a55ec7d
1982,1982,The Del-Byzanteens,Draft Riot,3e040197-46e0-4775-bf64-48bc22ae7dd5
1982,1982,The Drivers,Tears On Your Anorak,abc5ce94-dd8e-423f-84b9-ab945a4db2e3
1982,1982,The Dutch Boys,Eppo / Dutchy,fd329606-d2f5-4cbd-9818-c9bb406420f0
1982,1982,The Dutch Boys,Vrouw Harms / Schwarzwald melodie (Hoog in de bergen),838923fb-3213-41bb-94d4-e38faf76f4fb
1982,1982,The Earwigs,She’s So Naive / Here Come the Earwigs,5b1a9c88-83a4-433d-9596-a379b709dbcd
1982,1982,The Effigies,Bodybag,b6a0703c-c72b-42bd-aa76-2fa42a98a0cf
1982,1982,The Effigies,Remains Nonviewable,4f901458-bc22-3f2a-9c99-b979cf271638
1982,1982,The Electro Gnomes,The Electric Gnome Dance,86e3eb96-2e6c-4bb1-bfb1-c15c44ac99bf
1982,1982,The Enemy,Fallen Hero,ee031a78-50a7-498f-9c6e-ac782194fea3
1982,1982,The Enemy,Punk's Alive,f330454c-9bd7-48b2-93d0-f401f2ef6ba5
1982,1982,The Enid,And Then There Were None,98c318c3-de5c-4a93-abe0-9712c7fcfebd
1982,1982,The Expelled,Government Policy,ba62d9a1-afb5-3436-837c-c56ff225ec6d
1982,1982-04-29,The Exploited,Attack / Alternative,e01d45f6-6e60-395a-8851-44caa358b6bf
1982,1982-10-05,The Exploited,Computers Don't Blunder,cee16960-d6da-4251-83e0-93f9804ded36
1982,1982-12,The Exploited,Troops of Tomorrow,2c2f2029-382c-4ef7-9147-9e73ee8dae8c
1982,1982,The F Models,God Fearing Man,36c89778-fcc0-3dd0-ad7e-4028fe93e7eb
1982,1982-04,The Fall,"Look, Know / I’m Into C.B.",014155d9-7664-390a-8c65-e4cf9be83957
1982,1982-10,The Fall,Marquis Cha-Cha,d7beb048-5309-3105-9af2-60217a099583
1982,1982,The Fantastic Aleems featuring Leroy Burgess,Get Down Friday Nite,9bf35a01-c6ff-48d6-9e7c-e3ffb30189d8
1982,1982-04,The Farmer's Boys,I Think I Need Help,2d2a5f3b-f4a3-3e73-ba8f-7d372ed5f83a
1982,1982-11,The Farmer's Boys,More Than a Dream,354aab06-5788-371d-8a2d-398cfa478e9e
1982,1982-07,The Farmer's Boys,Whatever Is He Like?,f20a56a3-6717-33cd-a228-1a542e2d7618
1982,1982,The Fearless Four,Rockin’ It,91cd3f4f-2b97-3e20-a6b1-3f1eb978053e
1982,1982,The Firm,Arthur Daley 'e's Alright,ef41fe8f-10e7-36f5-95f1-3202ceb39ed4
1982,1982,The Fits,Think for Yourself,898c5361-7db4-46ec-bd62-99e187d88577
1982,1982,The Fixx,Red Skies,b3aab111-54ce-444e-afbf-2399ff68ef59
1982,1982,The Fleshtones,Shadow-Line,8d6c6f84-f7fe-3fb6-b6a8-e88b222b24f3
1982,1982,The Flirts,Jukebox (Don't Put Another Dime),ab3273bf-16cc-3515-bac8-4a3fc2bae793
1982,1982,The Flirts,Passion,429d2852-a99f-4ed3-a1fc-258b5da3d116
1982,1982,The Force,Close To A Headline,737fb1f5-59c3-496f-85f1-413d097c7e9d
1982,1982,The Force,Endless Sleep,3f6dc9e8-4559-449e-bfcf-e1c69464634b
1982,1982,The Francis Brothers,Glazen stad,1cb4fdb4-3f9a-41bd-86f8-f671c56e1a10
1982,1982,The Frantic Elevators,Holding Back the Years,09e724bf-dcdf-4bfe-98bf-a65d9228deef
1982,1982,The Frazz,Little Bit of Soul,e9dffb51-9cd1-42e4-aea6-d333a370db22
1982,1982,The French,The River Flows East,eaf29681-b83b-4d86-9c92-9fae708e0641
1982,1982,The Freshies,Fasten Your Seat Belts,1e82194c-b003-30e8-a6a2-e18fbbf6ea32
1982,1982,The Front,Aluminum Room,dc5a6654-1bd8-429c-a9c6-e8ea6e7519bd
1982,1982-01-29,The Fun Boy Three with Bananarama,T’Aint What You Do (It’s the Way That You Do It),71ac9a08-42e7-437a-b21f-92e7e6ea548d
1982,1982,The Gap Band,Early in the Morning,5356fe68-e257-41bb-8b04-d66bba3703e6
1982,1982,The Gap Band,Outstanding,28d997f8-13a2-4ef7-9b72-6e6441f666ad
1982,1982,The Gap Band,You Dropped a Bomb on Me,ad44b251-bc39-4bc8-8666-a3f075938183
1982,1982,The Gideons,Dance With Me / The National Team,9ff6211a-356a-4b11-8933-7a125baeb5cb
1982,1982,The Glass Museum,Going Towards Pleasure,688636e3-4c14-45b8-88a6-e3e6d3ece395
1982,1982,The Golden Calgarians,New Desperados,14716c20-091e-4d04-ab5e-0b975ddd7cf0
1982,1982-07,The Go‐Betweens,Hammer the Hammer,f3233a76-b6a7-41e2-966c-5cce2e0a1bec
1982,1982,The Go‐Go’s,Vacation,933cd7e1-e225-43f3-b635-3b5e5f84f103
1982,1982,The Go‐Go’s / Trix,Vacation / Casablanca,66103e28-90c5-4747-948b-27a61c130cc2
1982,1982-08,The Gun Club,Fire of Love,470d66ee-72db-46b3-b3f2-f5b748958588
1982,1982-06,The Gun Club,Ghost on the Highway,51ae0e61-2dcf-4c07-b2a2-dddc86572685
1982,1982,The Gymslips,48 Crash,cfac6068-17b5-4ae2-b878-47e09b643b24
1982,1982-03,The Happy Family,Puritans,a5df6c94-3912-3604-9274-f9287f1692bf
1982,1982,The Hearts,"Doe De Hucklebuck / Het Is Voorbij, 't Is Over",bf480885-0e9f-4576-9015-fa0d72b98559
1982,1982,The Henchmen,I Got a Right,74e22494-3d0d-4478-adc8-1d4dfb98aea9
1982,1982-06-14,The Hennessys,John Paul (Croeso),2086f86e-2eda-438d-92e0-735e1b9dd615
1982,1982,The Higsons,Conspiracy,7b0f618e-5c19-36a6-a08c-e1cc1357924c
1982,1982,The Higsons,Tear the Whole Thing Down,1aaaabde-d31f-3d83-803b-1110d5851ff6
1982,1982,The Hooters,All You Zombies (live),5ecd19ef-8288-4188-ba9b-60431de084ab
1982,1982-11-08,The Human League,Mirror Man,52bb4e09-eae1-3082-a70e-232e5aa392f9
1982,1982,The Human League,The Things That Dreams Are Made Of,935f9f69-e3df-35f2-9cac-98b8bffda7a7
1982,1982-10-11,The Icicle Works,Nirvana,c66d4b24-39b6-49b1-bdbe-380edd323e43
1982,1982,The Incredible Casuals,Picnic Ape,f9ff09eb-22ff-48c8-a4a3-df0d43a851e6
1982,1982,The Indians,Once I Get Over You,83df30d4-5e35-45e7-ba9c-a73b37a17f85
1982,1982,The Information,Husen på rad,c626b11b-bc4b-4f96-8738-994ef75f3d4f
1982,1982-05-29,The Insane,El Salvador,4a860b4a-8489-3814-a026-b721a8bb7da5
1982,1982,The Insane,Why Die,da1b8ac3-f413-4483-84b4-28960438bf3b
1982,1982,The Instigators,Hope She's Alright,da810dc6-f852-47b4-8053-45706d134828
1982,1982,The Isley Brothers,The Real Deal,ad06e852-8e1a-4992-af23-ed791d99e312
1982,1982-11-26,The Jam,Beat Surrender,b56ee095-82c1-3a3c-837b-636c1ca4f55a
1982,1982-07-03,The Jam,Just Who Is the 5 O’Clock Hero,03977ce6-4ea5-404e-932e-134dc2e1432b
1982,1982-09-10,The Jam,The Bitterest Pill (I Ever Had to Swallow),a768b934-64e6-3ea4-b3b4-a72441b10fb4
1982,1982-01-29,The Jam,Town Called Malice / Precious,62ce70b4-2a28-3bcd-972d-c842c2a5a2b5
1982,1982-12,The Jammers,Be Mine Tonight / What Have You Got To Lose / And You Know That,aea81084-3ea3-43d7-bcb1-6ccd4fb52118
1982,1982,The Joneses,Jonestown,5b06232d-ce81-49b3-9c51-3a0b62827cb2
1982,1982,The Jonzun Crew,Pack Jam (Look Out for the OVC),95fb120b-fb33-3de1-a34e-8917fccdd42e
1982,1982,The Jumping Jewels,Iris Washerwoman / Africa,358151e7-9752-4c69-aaad-f049376fe0fd
1982,1982,The Kanzlers,1/2 Sieben / Kriegstrauma,1e8b64ed-010e-4f85-b1c4-33650a5f4c3e
1982,1982-09,The Kids From Fame,Starmaker,483d26f8-d39f-4327-9c76-71a6b9e7465f
1982,1982,The Killjoys,This Is Not Love,09283de2-afab-497f-8f5d-7ecba86bacaf
1982,1982,The Kinks,Come Dancing,201b6e7f-31c3-46aa-b49d-947ebd03c0f6
1982,1982,The Lambrettas,Somebody to Love,61837606-882d-4efd-906a-5d387931f934
1982,1982,The Laughing Apple,Precious Feeling,7950f0e4-8495-4561-8e26-fcfc1f1353a6
1982,1982,The Limit,She's So Divine,8cad3f7a-1c84-4deb-9d63-15c27f661309
1982,1982-05,The Little Heroes,One Perfect Day,e0714a08-77b9-30f9-aa53-04ede81653a9
1982,1982-03-05,The Look,Real Live Heaven,e5c26bee-d3a5-4380-bbb3-327513b00cc3
1982,1982,The Lords of the New Church,Open Your Eyes / Girls Girls Girls,e30e1841-edf4-44f8-af3d-d2c806b889af
1982,1982,The Love Doctor,Moaning and Groaning / Open Leg Dance,b1becedf-e250-4d78-8a30-cac2a7f900fa
1982,1982,The Lucky Stars,Als de zon schijnt boven Drente / Ik zit hier in Veenhuizen,0f5edc26-e1a3-4289-af8c-4125b4162ec5
1982,1982,The Lucky Stars,’t Is Erica,6342b6ad-06f0-3b56-911a-5b9ba6300e4c
1982,1982,The Lurkers,Drag You Out,183b5504-e872-4096-ac51-772a465de29c
1982,1982,The Lurkers,This Dirty Town,d54532fe-b920-4423-9fd6-d73ee4980049
1982,1982,The Maisonettes,Heartache Avenue,e7c26ac0-5742-4c5d-8af6-9651d874155e
1982,1982,The March Violets,Grooving In Green,24cb187e-e422-472d-8a52-0823d1db4e2f
1982,1982,The March Violets,Religious as Hell,8700e28d-3823-4970-b5cc-c88344e88b34
1982,1982,The Masterdon Committee,Funkbox Party,bce5fadf-e99c-3faa-81ca-75508639437c
1982,1982,The Mekons / Gdansk,Guardian / A Word,ceb08164-f935-4b10-aff8-ed85612a70f6
1982,1982,The Melody Makers featuring David “Ziggy” Marley,What a Plot / Children Playing in the Street,7bc6deb7-4c2f-4e93-be4a-54b30ccbdcfa
1982,1982,The Members,Radio,1662edef-3af2-42d9-ada7-3d746a632117
1982,1982,The Membranes,Muscles,d8ced5fb-2b56-3cae-a437-28a37760bab6
1982,1982,The Meteors,Johnny Remember Me,ec8cc33b-6724-4008-9916-1cdbb8a2dc8f
1982,1982,The Meteors,Mutant Rock,fd32c330-8b51-3494-9c89-5dce7ab1d8d1
1982,1982,The Method Actors,Rang-A-Tang / Big Red Brain,e4a852e9-0d35-49e5-9fb2-4bc9068f2b85
1982,1982,The Millionaires,Fantasy Island,3a93519b-c4b8-4634-afb4-3b73cf06efe1
1982,1982,The Misanthropes,Northfield Girls / Soviet Girl,8e76055c-f4e8-4961-ba50-c1f5deec9985
1982,1982-10-21,THE MODS,LET'S GO GARAGE / のら猫ROCK,338b597d-46f5-4332-a666-20db1e110b8b
1982,1982-10,The Monochrome Set,Cast a Long Shadow,1079922f-a430-3abb-9bdf-288b8f4ea24d
1982,1982,The Monochrome Set,The Mating Game,52a753bc-6446-3a5a-bc76-013caaef7093
1982,1982,The Mood,Don't Stop,ea116299-1c8b-4f6f-85e5-b9f5fa08565b
1982,1982,The Mood,Paris Is One Day Away,9f3c5cf8-6987-4c0e-84d3-81ffb11a8058
1982,1982,The Mood,Passion In Dark Rooms,4d98b146-d60d-4d7d-ac28-441f4c6498db
1982,1982,The Moodmakers,Bruin in eigen tuin,fba4d832-e5c2-4e66-986e-21d019ed4974
1982,1982,The Moodmakers,Ik ben een huisman,661a40d1-b663-4b45-9ca6-414941ef1892
1982,1982,The Moodmakers,Ik doe aan de lijn,12ceb6ea-b0cd-4dd8-ad4e-bd6a6efe66c1
1982,1982,The Motels,Only the Lonely,aaff4cf2-3816-4954-8e11-b570f41a6755
1982,1982,The Motels,Take the L (Out of Lover),5d93c2d5-cc8c-4fb1-88ae-1bb7d0da163e
1982,1982,The Music Boys,Blank of zwart,192d0a58-51e0-41a2-b247-28969a87f8d9
1982,1982-02,The Names,Calcutta,6690a62d-1f5e-4be4-864f-bb66622ef9a4
1982,1982,The Names,The Astronaut,2a6f91db-c771-4407-98d0-6d72a385c426
1982,1982,The Naughtiest Girl Was a Monitor,Is All I Need?,2a953645-163c-4ba7-bda9-8d01c0a48ddd
1982,1982,The Neon Judgement,Factory Walk,c9979bdf-d459-3043-8113-2c0549daa86d
1982,1982,The Neon Judgement,TV Treated,087dfc53-1055-4bde-b64f-2989b0d7edc2
1982,1982,The New American Orchestra,Blade Runner,c55be8fd-dd2a-4003-9aea-cf6631e2423a
1982,1982-05-11,The New Jersey Connection,Love Don't Come Easy,c4b1fe09-ed60-4435-87e5-07497a0a1981
1982,1982,The Newtown Neurotics,Licensing Hours / No Sanctuary,0591ec59-f7a6-4ef3-ab3b-6726dc607430
1982,1982,The Nightingales,Paraffin Brain,d2c9d34f-bb0c-43ff-b544-0fd425b2c323
1982,1982-02-19,The Nightingales,Use Your Loaf,762e8ecf-5922-4c49-a460-47721155dd78
1982,1982,The Numbers,Working Girl,d4797026-3bda-4bb8-bac6-8f4910ea161c
1982,1982,The Nylons,Some People,28b8b3fc-afb8-4493-a5d4-121f30cc65b3
1982,1982,"The Original ""Doc"" Pittman & The Unforgettable Ink Spots",Somebody Got to Go / Stardust,700eb365-c838-498f-81a2-ca37d7c6d72c
1982,1982,The Orphans,Big Ronnie,0563cccc-41e0-4bc6-82c2-b69c5a26ca42
1982,1982,The Orphans,Hop Skip Jump,0aba2161-c684-4186-ae2a-e5b994386f21
1982,1982,The Outlets,Best Friends,3f972e6a-c5cb-44b7-9706-0eb6a8139f0b
1982,1982,The Outlets,Fresh Ground Round Beef / Messenger,3251bac5-75c6-4a01-acf8-350091f218b2
1982,1982,The Packman,I'm The Packman (Eat Everything I Can),49770cfa-73dd-47f7-9646-9511b17f05f8
1982,1982-11,The Pale Fountains,Thank You,1e5b122b-66d6-49c5-8d71-40d8eb470df9
1982,1982,The Paradise Birds,Haili-Hailo,a0dab6e6-9337-43d7-9e71-508cb0fd3c1b
1982,1982,The Paradise Birds,Hoe - bedoel - ie,7e6d41f1-3623-4d88-b52e-fe20856fdd2c
1982,1982-07-03,The Partisans,17 Years of Hell,ed659ca4-e8a1-3b28-a59e-e9fe4d3fa381
1982,1982,The Partners,Give It to Me All Night Long,2e66febe-dadd-42ee-8fa6-ae38d8ea57d2
1982,1982-10,The Passage,Wave,113f8c63-156d-367c-a056-3107a22ea4f9
1982,1982-04-23,The Passage,XOYO,ae518d06-4526-314f-a02d-b4a23d8b06cb
1982,1982-04-24,The Passage / Blancmange,Born Every Minute / Living On The Ceiling / Sad Day (Excerpt),67bc1073-4ce1-4e56-bd01-f11a8d17b97b
1982,1982,The Pastels,Been So Long / So Far Away,8fb42ab0-bb9f-4430-ad44-75136ccdfb63
1982,1982,The Pastels,Songs for Children,0a70f7c3-08fd-3b82-8cff-72abe6e2629d
1982,1982,The Pearls,Brabants meisje / Als jij drie zachte tikken op jouw venster hoort,09f4c232-a0d7-4631-8581-78a401fbbc38
1982,1982,The Pinkees,Danger Games,38a94051-5d7c-42a7-9101-52043d7a073f
1982,1982,The Pinkees,Gonna Be Lonely Again,19c7cb38-29ac-4c6e-867b-11bc96a7e98a
1982,1982,The Pinkees,Holding Me Tight,e3f04c52-a59d-424f-810e-895a8bcdfe5a
1982,1982,The Piranhas featuring Boring Bob Grover: The Man With the Golden Trumpet,Zambezi,bbbe7bb3-e597-442b-83dc-968e1d0c11bc
1982,1982,The Plastic Gangsters,Plastic Gangster,5e09af44-b7b6-4f80-b2c4-97374d9ddc1a
1982,1982-02-20,The Plimsouls,A Million Miles Away / I’ll Get Lucky,069c7abd-d6f5-4e8d-9bc4-8294530e1438
1982,1982-06,The Pointer Sisters,American Music,15f11af9-4f85-4235-89e5-7ce5c8977b4c
1982,1982,The Pointer Sisters,I’m So Excited,656d0b73-6ec1-485d-98fa-a610d3136819
1982,1982-10-21,The Police / Sting,I Burn for You / Only You,ee992652-a4c2-4720-ab53-821586e439ce
1982,1982,The Production Club,Excitement / Night,1c2701c6-5f6e-4e43-9741-4fd7b149a44d
1982,1982,The Psychedelic Furs,Danger,d74f1400-a20c-4f4d-ac44-6d1528c95485
1982,1982-06,The Psychedelic Furs,Love My Way,c7385af3-154c-3865-812f-8b118c6d159d
1982,1982-08,The Quick,Touch,2e7d4fd9-5222-4e06-8ba4-0890427bc6f0
1982,1982-07,The Raincoats,Running Away / No One's Little Girl,e2047dcf-d38a-37a1-8265-08297b2045d7
1982,1982,The Rangers / Jan Pasmans,Ronnie ronnie / Nu ben je weer alleen,7f88fe70-54d1-464e-bd62-2f4c0c1db2d6
1982,1982,The Rapsodies,Het is voorbij,8d382818-e7e2-4c7e-b44a-c12f15dbe02f
1982,1982,The Rattlers,What Keeps Your Heart Beatin'?,4bddadc4-1d3c-4599-a5d1-02f69307007d
1982,1982,The Red Comets,Ready Mix,4f82ff83-20dd-4532-b03a-785945c65eb3
1982,1982,The Redskins,Lev Bronstein,11e96b46-6b16-396f-a2b0-47ab9db9d0a1
1982,1982,The Reducers,Out of Step,3e7bc56c-c7ef-37d4-ab5a-f67788dde218
1982,1982-01,The Reflections,4 Countries,7761b667-dcd0-40f3-8688-e66d9b1217c3
1982,1982,The Reporters,Computer World,90fff299-b236-4e48-bd66-2984bb5aef72
1982,1982,The Revillos,Tell Him,45885f32-e06e-40fe-b41f-6c266d292430
1982,1982-10,The Ritchie Family,Alright On The Night,6bb91e60-8017-4798-bf04-8da3d917f618
1982,1982,The Rockolas feat. Mike Read,Let's Dance,c2fd97d3-719f-4eb5-868e-b448bd7a940a
1982,1982-08,The Rogers,Metal King,94307bb1-49d4-43ce-a922-8fe2d74964a3
1982,1982-08-03,The Rolling Stones,20 Flight Rock,f5c56539-e623-4bd3-a4ed-6289e7c5917b
1982,1982,The Rolling Stones,Brown Sugar / Tumbling Dice,949b5ea9-fb4f-4c6a-b01a-e60ff04dd267
1982,1982-06-01,The Rolling Stones,Going to a Go-Go (live) / Beast of Burden,adec7bdf-7093-3cb9-87c3-4f66a706b702
1982,1982,The Rolling Stones,Hang Fire / Neighbours,4259c3b1-7142-4d97-899c-1c34449db5b6
1982,1982,The Rolling Stones,Let's Spend the Night Together / Start Me Up,f2aa5b64-3d00-46c9-8670-3ab25e13377f
1982,1982,The Rolling Stones,Time Is on My Side / Twenty Flight Rock,b62e2a3e-a931-46fc-aeb7-2a15d24b9816
1982,1982,The Rolling Stones / Bob Dylan,What's It All About?,37d72d80-b0e0-4f36-a473-23c9c78f2a8c
1982,1982,The Ronski Gang,Restless Child,b8751070-d5a3-46b9-8bde-47d33b430c34
1982,1982-10-21,The Roosters,ニュールンベルグでささやいて,8e1421e0-40b4-45b4-9a8b-e68ca8256de7
1982,1982-04,The Rubettes,Don't Come Crying / Breakdown,6997fe81-d1c7-4253-b64f-b96baa656bc7
1982,1982,The Rubettes,Sugar Baby Love / I Can Do It,44d51022-c054-481a-ac60-e23d9a9afe6c
1982,1982,The S.O.S. Band,Groovin' (That's What We're Doin'),386d8319-2072-418e-a518-78c3a94a4a12
1982,1982,The Same,Down Town / Du-mă Casă,09a45348-f3a2-4534-b8aa-1df3c0bd46e4
1982,1982,The Shades Of Love,Keep In Touch (Body To Body),9de2f507-4c37-4088-a88d-303800783758
1982,1982,The Shakin' Pyramids,Pharaoh's Chant / Just One Time,33584944-202b-43a0-98dd-da678b0d0030
1982,1982,The Sines,Wishing My Life,858d6df6-91da-472e-91ba-5d22477e5578
1982,1982,The Singing Sheep,Baa-Baa Black Sheep,ec5a92e8-b93f-49a1-8cb4-38f2897a5e76
1982,1982-11-15,The Sisters of Mercy,Alice,e463eb9e-c2c6-3cfb-a04c-5b7e8797d021
1982,1982-04,The Sisters of Mercy,Body Electric,478da8f6-7d79-4dd7-9e66-9297ade219e0
1982,1982,The Skeptix,Routine Machine,43609237-1b27-44b0-875d-710c1d9c1b82
1982,1982,The Sneekers,It's All Over Bar the Shoutin',2e8c3459-f51e-46c2-b607-1fb7f2386cc9
1982,1982-05-28,The Sound,Hot House,fa87cf62-8ad0-4645-91e3-02255a50af4c
1982,1982-12,The Southern Death Cult,Moya,0c84fc0b-dd60-4646-a82b-f842f709ca84
1982,1982,The Sparkings,Moederliefde / Bootvluchtelingen,abe8528d-4847-4a34-b782-e1a27f3a2304
1982,1982,The Sparkings,Roos / Spaanse matador,29a5c363-bf2d-4e54-9584-1975509a6dd7
1982,1982-11-22,The Special A.K.A.,War Crimes,c00aa346-af56-448c-a9bf-09d95f36e699
1982,1982,The Spot,The Only Time,eba32f23-6e8f-4c0a-8a39-682dffa40d5a
1982,1982,The Spuds,Befehl Ist Befehl / Everybody Swings With Friends,90270097-6af0-450b-bd9b-3b6eb5b63578
1982,1982,The Stargazers,Hey Marie,64268c09-e121-4aa5-b0c0-6081563d48b2
1982,1982,The Stingrays,Radiator Rock,dd984e75-dc72-453b-b0b7-e21368ba5265
1982,1982-12-24,The Stranglers,European Female,1ec7dda0-ece1-4cb6-853e-e5bbe5b0ea4c
1982,1982-01,The Stranglers,Golden Brown,9eed78eb-ef0a-3599-9967-cc5f30635b8e
1982,1982,The Stranglers,La Folie,dff52e6b-cd34-49df-b2b5-b9550b2f06c3
1982,1982,The Stranglers,Midnight Summer Dream / Paradise,8dca78bc-f413-4e2e-80e0-2f5fbaa9144e
1982,1982-07-09,The Stranglers,Strange Little Girl,97d1154d-977c-37b9-abc8-d4873561151a
1982,1982,The Straps,Brixton,2192e6a6-1f55-4279-a110-d41baa89e41b
1982,1982,The Strikers,Contagious,38a7384f-8bd7-449a-b762-bf12880cd947
1982,1982,The Stripes,One Step Ahead,61cc0ab7-a9ea-47a4-a36c-3ccd81a7a42c
1982,1982,The Stupid Set + Enrico Serotti,Hear The Rumble,78be4af3-d123-4bcf-be82-fb39d8bd2370
1982,1982-04-12,The Suburbs,Music for Boys,c94fd466-a644-474e-981d-b41bdc4dca36
1982,1982-11-05,The Suburbs,Waiting,d588f324-095c-4ae4-bef3-539c27a5025f
1982,1982,The Sugarhill Gang,The Lover in You,a797651d-36ef-322e-9a3b-fc24f3be542c
1982,1982,The Sully's Band,Kom Terug,40626ff4-17fe-40c8-a43c-80a1a26666aa
1982,1982,The Sunlights,Anita,83551224-a2bc-453b-94f5-a8f7ad72af99
1982,1982,The Sunstreams,Sla je armen om m’n schouders / M’n oudershuis,5e712b7d-fbaf-4bbe-a2dd-8e387e15a6b8
1982,1982,The Swimming Pool Q's,Little Misfit / Stringray,a7642d49-6845-397f-a3ed-3be368f7a09a
1982,1982,The Swing Stars,Radio Witte Wolf,548dc6b9-5499-4bf4-83c6-2b4903a8e44d
1982,1982-09-03,The Swinging Laurels,Rodeo,0fef0cb3-6f9d-4616-acf8-d61534ced1b9
1982,1982,The Synthetics,Japanese Toys,29d06cc8-2a81-41b3-bc49-f88f7ab0edc6
1982,1982-05,The System,It's Passion,79c78727-9491-4993-b19a-12ed8a23045b
1982,1982,The Teardrop Explodes,Tiny Children,56469f4b-4893-45de-843d-b15477de7e30
1982,1982,The Tearjerkers,Fool,4fdf8178-b18a-41a3-9939-10740f03c5af
1982,1982,The Telegents,Seen It Before!,f2c3418f-d3ec-4b6e-a656-4b9d25c40af1
1982,1982,The Temptations featuring Rick James,Standing on the Top,7f86ba5d-179e-47d0-b775-3b7ed86c5572
1982,1982-10-08,The The,Uncertain Smile,c2d86b55-6805-4430-a6c7-1e7156c5d507
1982,1982-05,The Three Johns,English White Boy Engineer,847f20ed-8ba9-4c1f-9e16-b55f43340bbe
1982,1982,The Three Johns,Pink Headed Bug,0fa98452-29ac-4b13-a5ac-20efe7c64927
1982,1982-07-28,The Time,777-9311,0c64851a-307e-4933-8ef2-226f8eefe574
1982,1982-11,The Time,The Walk,0c439696-0dd3-4292-8a8d-bee606d3d348
1982,1982,The Times,Here Come the Holidays,746eaad2-3b2d-49ef-aa8c-5b96078f341f
1982,1982,The Times,I Helped Patrick McGoohan Escape,8bb6febe-4265-4ae8-8298-3b32440dcc44
1982,1982,The Times,Radio One,83fab8d8-0740-4165-88ab-10dba17a540a
1982,1982,The Tits,Adolph Knows,14181b1e-6016-4be5-826b-7c2ce49b46db
1982,1982-04-23,The Toy Dolls,Everybody Jitterbug,080ee765-3286-3e2e-9b53-6f4d4e9a13f4
1982,1982-11,The Toy Dolls,Nellie the Elephant,d7da293f-ec55-3825-a720-2823076e2b97
1982,1982,The Treacherous Three,Yes We Can-Can,33d10797-2549-4534-a49a-2f7d83a5d6cd
1982,1982,The Triffids,Spanish Blue,a9dd8480-eced-44dd-af3e-5366688e0795
1982,1982-02,The Tubes,Sports Fans,48edba15-3625-45c3-9d4a-d9216d4a2047
1982,1982-10,The Twins,Face to Face - Heart to Heart,cdc98483-c535-4b2b-b56b-cead165865cf
1982,1982-02,The Undertones,Beautiful Friend,03c0bb79-cf1a-4ad7-b77e-a70a925d0982
1982,1982-10,The Undertones,The Love Parade,8ccd77f7-e74c-4ea8-9a8e-39bb2c37468e
1982,1982,The Untouchables,Twist 'n' Shake,7a91a4e7-3119-4edf-9c1f-cd9be24ec479
1982,1982,The Varukers,I Don’t Wanna Be a Victim!,7d40c6f5-522c-476f-a7aa-040d1c7530e0
1982,1982,The Velvet Underground,Everything You’ve Ever Heard About…,b589886b-d33a-4815-8e6c-cb5c518fc998
1982,1982,The Vetos,It's Only Now,b85a29c3-24e5-4f73-831e-a7b1eda2bd55
1982,1982-11,The Vibrators,Baby Baby,e2effd47-0f75-3106-a781-52ed913110b6
1982,1982,The Wake,On Our Honeymoon,655c3fd5-88d5-4ac8-bae7-b79eb81fc669
1982,1982,The Waves,Brown Eyed Son,d1c1dc6a-47d5-4ed1-be12-88c12d69a294
1982,1982-09-10,The Weather Girls,It’s Raining Men,e348c726-9eec-3db9-ade4-3026af416e7d
1982,1982,The Weed,Media/Cancer,8159f448-e7dd-433b-85a3-cfedb59559d2
1982,1982,The Weltons,How Long,168cf19c-5da7-4fb1-a0cd-8850b920f7d2
1982,1982,The Whites,Hangin' Around / West Virginia Mem'ries,8c372d13-343b-4f74-9bb1-228f04b3ea27
1982,1982,The Who,Athena,ed6c5a01-43df-4ed5-9ba3-173e61c58e1d
1982,1982,The Who,Eminence Front,e15a7f5e-47cc-4799-abee-ce9d03076eab
1982,1982-03,The Wild Swans,Revolutionary Spirit,dc180ffe-8ddf-4cce-a396-faae91284c9b
1982,1982,The Willyjo’s,’t Is weer zover,d12ea4ce-996c-45eb-97ef-a1f4bf54a65d
1982,1982,The Xpozez,1000 Marching Feet,36825c27-be00-47cb-9df7-2d274d1e5093
1982,1982-08-28,Theatre of Hate,Eastworld,2c60c20a-2166-4d30-94da-f9e33124893f
1982,1982,Theatre of Hate,The Hop,83c7f20c-4501-422d-87d1-78f9530d7b75
1982,1982-09,Theatre of Hate / Puber Kristus,Poppies / The Gasstation,2c0471f2-5e71-4f1d-83f7-cfa025604d2d
1982,1982-05,Thee Milkshakes,Please Don't Tell My Baby / It's You,09a17ba9-4753-346d-9c5e-1006435f8499
1982,1982,Third World,Try Jah Love,faa51a39-bc76-45bc-9ab7-841b3873c9f1
1982,1982,Thirteen At Midnight,Climb Down,85665945-3f90-404a-8cd5-e8fa76de8cf2
1982,1982-07,Thomas Anders,Ich will nicht dein Leben,fada38f1-e9a8-4269-a6c7-f7067bf56102
1982,1982-03,Thomas Dolby,Radio Silence,0775b548-21bc-4dbc-a40d-4b68aaa88ed2
1982,1982,Thomas Dolby,She Blinded Me With Science,f6989e1d-0a1a-4f09-b40d-322909cc7902
1982,1982-07,Thomas Dolby,Windpower,e1164f60-3db6-4cd3-879f-5fb5c123d80a
1982,1982-11,Thomas Leer,All About You,4d16c0bb-6ab3-498d-aba6-85843bc35db7
1982,1982,Thomas Moore,Fallin' So In Love With You,f3ab2217-5187-4e42-8f22-977a1336af45
1982,1982,Thompson Twins,"In the Name of Love (12"" dance Extension)",b597b573-4333-4f80-949c-150c24daea22
1982,1982-10-08,Thompson Twins,Lies,0916d853-eb50-4899-a453-fd279cd8d3ed
1982,1982,Thompson Twins,Lies,94de97cf-cf0a-4a02-a324-6f6dead52925
1982,1982-05,Thompson Twins,Runaway,4d0806c1-d024-4013-9a61-a2083f7c45b1
1982,1982,Thor,Make My Dreams Come True / It's A New Way,a7b7f94e-2dd1-48c1-bdc1-7a78b37daa4a
1982,1982,Thorleifs,Älska mig ikväll,f96b90ce-1e42-453f-b851-118ddd8dca14
1982,1982,Those French Girls,Sorry Sorry,65a673ab-8193-4c99-9af0-999ead592987
1982,1982,Three Courgettes,The 3 Courgettes,95c28d12-90ca-48a6-af50-08ec4236a071
1982,1982-03,Ti-Tho,Traumtänzer,598f79f7-fee6-43f6-b047-f0d50151f850
1982,1982,Tiana & Oompie Koerier,Een flesje rode snoepjes,1088f96a-2e55-4bd2-b464-4d9c52cdf30f
1982,1982,Tight Fit,Fantasy Island,69c39bc7-bfcb-4e03-95d2-654830e2061b
1982,1982,Tight Fit,The Lion Sleeps Tonight,296456ff-5441-4ad0-8eb3-c97743dda2c8
1982,1982,Timeout,Provence,e1dcd01b-d1a7-48bb-b8ad-70436e813c9f
1982,1982,Tin Tin,Kiss Me,93ece55b-3b27-3919-b740-6442252f4a8a
1982,1982,Tina,De oude man en de zee,22ed65b3-a51a-476d-af16-48cd1d2ad46c
1982,1982,Tina,Het dorp in de bergen,777d8dfb-bbc3-4221-ba69-9f83712036f6
1982,1982,Tina Trucker,Ik ben een vrouw om te benijden,8ab45655-1fb0-47ce-9cfb-70885e841750
1982,1982,Tina Trucker,M’n Good Old Ducky,d5b00eb0-f7ed-4056-95eb-3771c62ecda1
1982,1982,Tineke,Playa Blanca,a3317b88-6887-4c39-a54a-2e1f99456ad1
1982,1982-05-13,Tiny Tim,Do Ya Think I’m Sexy?,02aaf11f-603c-4254-898f-04d4462cd96f
1982,1982,TNT,Cucarachas,8a3617a0-81e6-35ee-8d47-6bf0f54393ff
1982,1982-12,TNT,Harley-Davidson / USA,0dde5632-8651-4c9c-86f3-f7b6b9714ce5
1982,1982,TNT,Miragem,e9504b3b-c7ca-4e6a-bb40-bef422aa0d67
1982,1982,Toba,Moving Up,0aa31a2c-5b27-49d3-afb7-1b1411bfc3cc
1982,1982,Toby Torres y Su Conjunto,Yo me enamoré / Dos seras que se aman,4b5dff7e-9333-47e2-9596-0b7c9c4305d8
1982,1982,Tom Hooker,Talk With Your Body,7dae8b55-3ce9-4e54-a473-a37758000cfd
1982,1982,Tom Lazaros,I Get the Feeling From You,27a60d49-d351-4f0b-8466-2c82a33f22b8
1982,1982-08-27,Tom Lucy,"Paris, France",f91b7f28-4897-42cd-a73e-fb7ba0120a45
1982,1982,Tom Novembre,Je cherche mon scoubidou / Le Défilé des mois d'été,49878582-6ca8-4e65-88c4-b12062400df0
1982,1982,Tom Pettings Hertzattacken,Endlich im Radio,3a681ed1-281e-46f3-9b15-3b04ea6f678a
1982,1982,Tom Pettings Hertzattacken,Garage Sound No.1,7dba3666-02e6-49d1-819a-3e2869276a3b
1982,1982,Tom Pettings Hertzattacken,Natalie,7153640a-667c-4086-a7f3-cc8eeed549f7
1982,1982-12-21,Tom Petty and the Heartbreakers,Straight Into Darkness,515a4db2-f603-42ac-98cb-9efc88d538cb
1982,1982,Tom Petty and the Heartbreakers,You Got Lucky,1d3adef8-50c4-4ac3-b9de-ccf5e8273f8c
1982,1982,Tom Powell,Come to the Shaft,4af04ac7-dab6-4d7f-9fca-96449f2f6fd3
1982,1982,Tom T. Hall & Earl Scruggs,There Ain't No Country Music On This Jukebox,a6249018-2efd-4338-b5a6-39a28e2e9e8a
1982,1982,Tom Tom Club,Under the Boardwalk,d457172a-de0f-4e88-afe5-3f6877a36e63
1982,1982,Tom Verlaine,Days on the Mountain,fabe4e38-a9e0-459c-b5a6-11f097229804
1982,1982,Tomas Ledin & Agnetha Fältskog,Never Again,49f2acf6-94cd-3b87-9bf3-8f3c4fa5932e
1982,1982,Tommy Dean Piersol,I’ll Be Alright,348fbc5c-6c97-4970-8f25-b7f8fc50b7b6
1982,1982,Ton de Wit,Je moeder,de26a512-b7d1-4a4a-b883-2eb45c4e4d96
1982,1982,Ton de Wit,Je moeder / Kinderogen,5c716a09-d2fd-4104-9904-9ba4b957833b
1982,1982,Ton de Wit,Me opa,28facd4e-827b-45a7-84da-da4d33ac1b46
1982,1982,Tone Band,Tokyo Twist,23c736b2-f74d-4088-943e-e97cee826d39
1982,1982-09-24,Tones on Tail,There's Only One!,ece9a513-0529-3e4f-a0b3-dbec9288f8ff
1982,1982-11-11,Toney Lee,Reach Up,71980eae-75d5-4f1f-b839-3393d86f88e6
1982,1982,Toni Basil / Toto Coelo,Mickey / I Eat Cannibals,f8b89cd1-8f92-4f57-a415-2c8d868f219d
1982,1982,Tonic,Marylin en Jean,157915c4-4bfa-4c09-995a-454b1556b11b
1982,1982,Tonic,Pirates à Babord,4019183e-f202-4e13-afed-e4c5787524c6
1982,1982,Tonny & Bonny,"’n Beetje zon, ’n beetje regen",f2c4646d-8555-497b-a407-7153876493ee
1982,1982,Tony Ansell,Victory,47549b69-1f43-4b6b-9f81-1b83a36e5f2a
1982,1982,Tony Bass,Het is weer carnaval,93bfe1af-05bc-425c-996a-43b59dd06d11
1982,1982,Tony Light,Ga je mee naar buiten / Wanneer de rozen bloeien op de heide,ae927c78-5f61-46de-95b8-0a6c5c70a8cb
1982,1982,Tony Light,Ik hou van je Suzie / Bij ons op school doen we de rock ’n’ Roll,3ab2c976-0081-4115-bb85-22793bb8cf87
1982,1982,Tony Light,Neem mij toch zoals ik ben / Ik zoek een meisje,647f4216-1534-41c3-ae19-51222ee82b1a
1982,1982,Tony Light,"Oh, oh, Cobie ga je mee naar Nairobi / Be-bob-baby-blues",0109643a-97c9-4e29-b539-7877362aa079
1982,1982,Tony Lopez,Ik vertel jou / Espero que todo cambiara,3344e1c2-08e5-4cd7-8131-0fa5a2c4e755
1982,1982,Tony Marshall,In unserm Städtchen,f8ecb82e-15bf-40b6-b972-5ad251c7e090
1982,1982,Tony Marshall,Jim und Andy,e972c137-dccb-4b56-9d05-058d4e0878bc
1982,1982,Tony Marshall,Kilimandscharo,5df05a05-5b36-4b7d-9522-4448ffb8a956
1982,1982,Tony Marshall,Schöne Maid / Komm gib mir deine Hand,8ded29d5-587f-4a5a-9777-6370d79bd470
1982,1982,Tony Marshall und Marc Marshall,Vater und Sohn,a3ebd823-ed72-4e86-808d-7985edbe5daa
1982,1982,Tony Mc Kenzie,Ah-Chica,b185faad-13ef-47db-91fb-7333f56bbe0a
1982,1982,Tony Sherman,Ellovee-Ee,1b78b7d1-7b88-47af-be83-c3f81666cd03
1982,1982,Tony Wilson,Hangin’ Out in Space / Only What You Steal,6a2f8ea3-f652-4047-8d2d-e5e7abaf5dc8
1982,1982,Toontje Lager,Ben jij ook zo bang / In gedachten,e2a171e2-1101-467b-b04c-b9840db88655
1982,1982,Toontje Lager,"Net als in de film / De glimlach van een kind, deel II",d8eeb2e5-47b2-46ae-8c31-019a0f398a08
1982,1982-08,Top Rank,Erämaassa,aa111df4-4bce-4266-81e7-e1851145a809
1982,1982,Topper,No Strings Attached / Something Up Your Sleeve,d2991668-94bd-4c07-9657-98c454b3a2d9
1982,1982,Tornerose,En gang er nok for meg / Spøkelse,dbd27982-eb32-4c4b-8b16-15d1a41b2be0
1982,1982,Toronto,Your Daddy Don't Know,c16d6438-eb49-4eaa-9811-fbf65a92fd88
1982,1982,Torstein Bieler,Santa Monica / Telefon,e445a527-27c8-4654-a2e0-e591770534e3
1982,1982,Torstein Bieler,Telefon / Aldri mer,f33aa1fc-6e44-4041-8eb9-392062396587
1982,1982,Tortuga,Tip Tap Dancer,5850070a-448a-4c84-92f9-ea0b7aa69657
1982,1982,Toss,Est-ce qu'on s'cherche ou est-ce qu'on triche,22162a1c-c52d-40e0-a057-10091cb80d6b
1982,1982,Toto,Africa,5754545e-891d-4556-bc61-9643ade389c8
1982,1982,Toto,I Won’t Hold You Back,7725d9e9-1b46-4a7a-9937-2d241e3f65d0
1982,1982-04,Toto,Rosanna,b12996ec-279e-4499-9192-97ad120bb7a7
1982,1982,Toto Coelo,Dracula's Tango (Sucker for Your Love),8e7da127-2ca4-4db8-a831-f0b9006595d7
1982,1982-07,Toto Coelo,I Eat Cannibals,5bc01591-0dee-454f-9e66-7858db54e285
1982,1982,Touch,Keep On,952be542-e337-424d-ba2d-c6094a4ed029
1982,1982,Touchdown,Ease Your Mind,c899d83c-a42b-3943-bca5-9fc7a20993eb
1982,1982,Touché,Wrap It Up,f3625205-8786-4bfe-9146-1304ed60d132
1982,1982,Tower,Get Back / We Are (The Boys and Girls),2fc92a8b-349a-463f-9f06-5e75728c11f2
1982,1982,Tower,Goin’ Home,4a30ca9d-fdfc-496c-850a-0f2c3ad9faf1
1982,1982,Tower,Titan / Spaceman,0b9ccae0-c2d2-43e9-9be3-77b2704a4aea
1982,1982-08-01,Toyah,"Be Proud, Be Loud (Be Heard)",7d60fee3-e3dc-4742-ad03-eafdc9648901
1982,1982,Toyah,Brave New World,6e2b904f-fcfa-356e-89eb-208ee87909f4
1982,1982,Trace of Smoke,U.R.,fe8faece-2dfd-4eee-9d3c-c2033b15bbfc
1982,1982-12,Tracey Thorn,Plain Sailing,95e17ce6-eea8-3f6f-9052-2e1f359897d1
1982,1982,Trademark,It’s Your Chance / Why Can’t I Get Over You,7e3e1ece-9497-4499-b410-79d526aa3f55
1982,1982,Traks,Long Train Runnin',b4021ca4-3daf-4384-b84a-06c5fc174bec
1982,1982,Trance,Höga skor,ac910948-5317-4b82-aa2b-db11b3b6444d
1982,1982,Translator,Everywhere That I'm Not / Current Events,cf21da92-47ae-4544-9437-dc85292634e0
1982,1982,Trevor Herion,Kiss of No Return,ec25093d-0b72-493f-ad6f-4474fb94cece
1982,1982,Tribe 2,What I Like,44e47d79-50f2-4dc5-b33f-5b6bdfbcfe02
1982,1982,Trigger Finger and The Space Cadets,Video Freak,f9b6fba5-7cf9-4388-9557-aece11e453cc
1982,1982,Trijntje,"Zoveel sterren, zoveel kussen",bf7fee00-8abc-4981-a65e-c482d54b996c
1982,1982,Trilogy,Not Love,659642c1-d69d-4eff-903d-b61eb19ace01
1982,1982,Trio,Anna - Lassmichrein Lassmichraus,36a487d1-3341-47ed-a7b3-775e40daaab9
1982,1982,Trio,Anna - Letmein Letmeout,9ef45e1a-c381-4217-b727-c3348c0e67e3
1982,1982,Trio,Da da da ich lieb dich nicht du liebst mich nicht aha aha aha,2fe81a31-4e4f-4b39-a6bd-f1b072728f76
1982,1982,Trio / Bravo,Anna - Letmein Letmeout / Ruff Mix,5876109d-0391-4521-b174-26f92f8910a1
1982,1982,Trio / Rainbow,Da Da Da I Don’t Love You You Don’t Love Me Aha Aha Aha / Stone Cold,aca89d1b-8aaa-4ace-9244-d5966d0b0b8d
1982,1982,Trio Heesbeen,Kinderen / Ain’t That a Shame,082d2c15-52d2-4357-a03b-c535a158b349
1982,1982,Trio Life,De oude grijze wever / Tabe textiel,0a5b8f04-b928-4663-bd7a-4c365bc55d9b
1982,1982,Triumph,A World of Fantasy,9e89fa01-4e7a-4d2a-9c06-41cac45a2445
1982,1982,Trix,(So Close To) Heaven,730b443f-1206-42cd-815f-871d17b5e46d
1982,1982,Trix,Casablanca,039ce32e-8f19-4c2a-8281-f64e4f600b0f
1982,1982,Trix,Mr. Miracle,cfbe9ea3-ba3a-4eba-8e8e-0db2c7c30cc1
1982,1982,Trixie’s Big Red Motorbike,Invisible Boyfriend / A Splash of Red,203fa578-811a-43b1-b2f5-98cd800e90ff
1982,1982,Trophy,Slow Flight,d02b01fb-d663-41b0-83b4-5aaa91b75248
1982,1982,Trouble Funk,Let's Get Small,a03bbf82-b26a-4a30-bbfc-c7d36e712f37
1982,1982,Trouble Funk,Trouble Funk Express,04c8f834-38da-4479-ae79-5e0bfb7fac7f
1982,1982-07,Truck Stop,Country New Wave,6f4f294d-9827-4921-812e-ba5eb9826e30
1982,1982-10,Truck Stop,Das gibt's doch nur in Dallas,00dfa3f8-9a01-4749-8a21-1a3cf4f8fdff
1982,1982,Truck Stop,Die Frau mit dem Gurt / Ich pfeife auf die Autobahn,0d39c5c1-6564-4f6b-8f6b-65e110f08e23
1982,1982-02,Truck Stop,"Nein danke, ich rauch' nicht mehr",a96f307a-8188-4642-b9e6-aaae542087d3
1982,1982,True West,Lucifer Sam,18b3bf17-9b52-4329-bba8-88757194d100
1982,1982-03,Trümmerfrauen,Glasaugen,8b4241e1-97d2-461a-aecb-5db2175c8810
1982,1982,"Tschaikowsky; Chicago Symphony Orchestra, Daniel Barenboim",Ouverture 1812,ba4f2b96-d425-4f1e-ae82-cc132dce2508
1982,1982-10,Tuff Monks,After the Fireworks,baabaaee-e24e-3c9f-9c34-a88dba978fb0
1982,1982,Turning Point,Feel Allright / Easy Song,cbbdc671-1b1c-49f1-921e-db283ecd837e
1982,1982,Turning Point,You Win Again,f6a73d73-41d6-47a5-937e-c33e4db43a6e
1982,1982-10,Turo,Agent Orange,c4c0db2f-4740-45fa-8ee5-d47799eafa97
1982,1982-07,Tuxedomoon,Time to Lose / Blind,30ffc14d-9be8-4bd1-9245-caf909a3eac1
1982,1982,TV Babies,Jail Bait,5574d449-8f8e-4517-9ff4-74028a1b075e
1982,1982,TV21,All Join Hands,ccff6399-dff3-3281-89f4-21c8b162821a
1982,1982,Twinny,Twee harten in 'n boom,5750a329-ba88-4535-8c0c-a30251201f97
1982,1982,Twist Off With Hot Lips,Kalla Trend,688fbfb0-3466-48e5-9ffe-7401e5a77698
1982,1982,Twisted Nerve,Caught In Session,a6b17434-f20e-45e2-a426-532537d8f869
1982,1982,Two Two,Insufficient Data / Lunch In The Atmosphere,e676a2f6-560e-44b3-a2a5-accb7910ff99
1982,1982,Two Two,King Solomon’s Mines,f0f384c6-a69a-4cb8-8349-25cc372bd0ec
1982,1982,Two Two,Kwagayo,34d82c88-c4c2-4a8e-b122-01dc87b5450f
1982,1982-01,Tygers of Pan Tang,Do It Good,44322c96-a82f-4e4e-be78-50aa7ede0747
1982,1982-03-17,Tygers of Pan Tang,Lonely at the Top,c0e14db3-2027-4f16-93bd-9789b006d310
1982,1982-07-09,Tygers of Pan Tang,Love Potion No. 9,2aae0938-fb40-4392-a277-43a916df570f
1982,1982-10,Tygers of Pan Tang,Making Tracks,1e3f54d2-5ed4-4c06-b71a-e717bda98330
1982,1982-08,Tygers of Pan Tang,Paris by Air,91586454-227c-46d7-9c75-99d68e578a5a
1982,1982-06,Tygers of Pan Tang,Rendezvous,03a6d79f-f82a-4629-bab1-ab418c703304
1982,1982,Tyke & Tina Trucker,Cuddly Bear,9847ea12-1bbd-3c9b-a38d-17eb3f7c23cb
1982,1982,Tyrone Brunson,The Smurf,21045838-be00-412c-8fed-415d261efcf1
1982,1982-11,Téléphone,Cendrillon,ff85b92e-9610-48e3-9473-c0d234fed5e7
1982,1982-06,Téléphone,Ça (c’est vraiment toi),f6bb7d90-7002-4a1f-b0e4-ab21b0e083ef
1982,1982-03,U2,A Celebration,702b446a-cbd5-3621-8cd5-f70fdd1a82ba
1982,1982-08-30,U2,I Will Follow,7cea9d0b-1925-438f-a82a-954b5b83a544
1982,1982,U8,Fantasy for Dreamers,58667433-c8ab-3add-af76-cb4f520ae457
1982,1982,Udo Jürgens,5 Minuten vor 12,0e973900-9581-47cb-b93b-b1c3d2d56145
1982,1982,Udo Jürgens,Das wünsch' ich dir,2f9d479d-4f11-4bf3-b8fc-f39c57ba1582
1982,1982,Udo Jürgens,Die Glotze ...und das alles in Farbe,c0096a73-ab1f-4605-a799-1f41b86be482
1982,1982,Udo Jürgens,Walk Away,34c40961-e880-419a-a03b-e01f6ffadd5f
1982,1982,Udo Lindenberg,Bei uns in Spananien,a81b5110-0815-41d9-9c04-074421cc01e7
1982,1982-01,UFO,Let It Rain,2c9ab323-e95d-4e7b-8256-23fd77013e06
1982,1982-01,UK Subs,Countdown,58cf945c-ffb2-3fd6-b2ba-9bb45d80e06d
1982,1982-08,UK Subs,Shake Up the City,d81f3128-205c-3fe3-b49e-ca7136cb9d77
1982,1982,UKW,Ich will!,54e6448d-c588-3017-9c42-468bd635d31f
1982,1982-04,UKW,Sommersprossen,695d6b2a-3069-3765-9195-8b222d27077b
1982,1982,Ulla Norden,El Mundial (Die Weltmeisterschaft),e626a19c-68a2-4e22-b8b3-9067fec0ab66
1982,1982,Ulla Norden,"Wer liebt, der lebt länger",664ca072-60cb-499d-a897-adfd4da5f57a
1982,1982,Ulli Bäer,Okey-Doke,d98cd118-99b3-44d1-81d4-92cb0acfa2dc
1982,1982,Ulli Bäer,Schönes Madl,101137d7-9f53-4bc2-920b-bee8dd4dedab
1982,1982-11-10,Ultravox,Hymn,13c7ed85-f761-3b89-bf66-d580ab30ed9e
1982,1982-09-16,Ultravox,Reap the Wild Wind,41c8a5f4-4fc4-3b44-8afe-7dc499fa7065
1982,1982,Ultravox,We Came to Dance,0effcfa6-864c-4b6b-a0c6-b0799eb689d0
1982,1982,Umeå Small Band,Utanför,d7babf7c-51cd-4cc5-88d3-e7f3ef7d7e23
1982,1982,Umoja,Love Life / Brown Sugar,0d8b6f24-bda4-4091-a4b7-da79d2e3dfcb
1982,1982,Undead,It's Corruption,c54c8682-b01e-3b8c-9db3-eff6d2bcd027
1982,1982,Undead,Violent Visions,c0b81054-d60e-380e-babc-2933609e519e
1982,1982,Underjordiska Lyxorkestern,Kärleksön,8a2f0507-4d1c-4658-a34b-b9d1ea42969d
1982,1982,Undivided Roots,England Cold,6435d192-6a43-481b-a0fe-6216a1386065
1982,1982,Uniplux,Chi siamo noi? / U.X.,51265f76-7e4e-43a8-91a7-242df9151446
1982,1982,Univers Zero,Triomphe des mouches,98d449f5-6d90-4fd0-905e-074c6272eb68
1982,1982,Urban Blight,Magic Six VI / Becky,9af7f596-6ce9-4d6b-8a18-50b79f050d3d
1982,1982,Urban Dogs,New Barbarians,d1773375-7e75-453c-a024-8ecd82ae29e3
1982,1982,Urbations,The Whip / Skaffle,551296b4-fb27-48ad-b016-210e1987e47a
1982,1982,Uriah Heep,Abominog Junior,4161487b-e28e-4232-99c7-19a6d952fb45
1982,1982,Uriah Heep,On the Rebound / Too Scared to Run,776ffc07-eee0-462f-9d32-275a807c5dc8
1982,1982,Uriah Heep,That’s the Way That It Is / Chasing Shadows,c2795ff8-c481-489c-8f48-942db89402b2
1982,1982,Uriah Heep,That’s the Way That It Is / Hot Persuasion,59770d39-7416-4c36-88d2-05fc5b59d4ec
1982,1982,Uriah Heep,That’s the Way That It Is / On the Rebound,2d4ba5e4-f68a-4601-b948-7883a3ecda83
1982,1982,Uriah Heep,That’s the Way That It Is / Son of a Bitch,98069306-a696-43c0-add4-851b7d4ecc4a
1982,1982,Ute Freudenberg & Gruppe Elefant,Und wieder wird ein Mensch geboren,a5990222-9073-4246-a694-b510d3995aa8
1982,1982,UV PØP,Just a Game,8f8df90e-b32a-4ec2-bc18-cc83673b0516
1982,1982,Vader Abraham,"Ja, ja ik voel het al / We hebben allemaal een neus",2b805272-6e89-392c-84dd-b19c2c29c042
1982,1982,Vader Abraham,We hebben allemaal ’n neus / Toos en Willem,800e5aee-5018-3b1a-9ff6-f184f0457e76
1982,1982,Valerie Allington,Stop,3790c295-27af-42bc-8ee7-d115bfe072ed
1982,1982,Valhalla,Coming Home / Through With You,e7e6e19f-9650-3bad-80c0-640df97d63e2
1982,1982-05,Van Halen,Dancing in the Street,7d146828-2dc6-4083-9e4b-8c88c19b578a
1982,1982-01-18,Van Halen,Pretty Woman,2d21a9f8-328b-44ac-8eed-bc6ad6798f2c
1982,1982-08-23,Van Halen,Secrets,04efeec4-e5d1-4ab7-abb1-11c86c9d1df4
1982,1982,Vanatti,I've Got to Breakaway,9f79332e-b635-4c56-9bac-af50641eaf9e
1982,1982,Vandenberg,Burning Heart,695c9474-93fe-4a97-8928-d37bd6c9c717
1982,1982,Vandenberg,Burning Heart / Ready for You,c34b6240-0a2f-4d97-9a74-d26247ba775c
1982,1982,Vandenberg,Wait / Ready for You,a295b2e6-8ec9-4c2b-bfee-0abd2ee80ed1
1982,1982,Vanessa,Cheerio / My Music,30c98b47-8850-4b24-926a-5fa440d4e805
1982,1982,Vanessa,Dynamite / Don't Say a Word,c05154f9-4bbe-4072-84d5-8a8d4cb7a8d6
1982,1982-07-09,Vanity 6,He’s So Dull,dd4c5c61-d280-4d53-807c-c07e562361fe
1982,1982-09-24,Vanity 6,Nasty Girl,6e55e527-4a34-499f-bb1b-5bed5d7b0160
1982,1982,Vardis,Gary Glitter Pt. 1,24a1eddc-aa9b-444d-b6e7-e4261ef84872
1982,1982,Vardis,Power Under Foot,028c7a79-f88c-410b-b1b4-16bc9de7a0f8
1982,1982,Various Artists,1782–1982 : 200 St‐Henri se réjouit,3b6d1cac-b3d5-41fd-93f6-2ad519427809
1982,1982,Various Artists,4 Dal a Cha-Cha-Cha című Filmből,119fb6b9-0113-4576-a6e4-393b3a640f4b
1982,1982,Various Artists,Don't Go / Shake Your Body,91d577ad-cace-43b1-be31-93654520b619
1982,1982,Various Artists,"Flash It to the Beat / Fusion Beats, Volume 2",9f8bd727-eab3-46f0-a76f-b7b377641ddb
1982,1982,Various Artists,Happy Christmas From the Stars,48003b72-2580-4034-9550-3c497011b7c6
1982,1982,Various Artists,Les Maîtres du temps,e2922192-e164-46c6-9ccc-c956ae429444
1982,1982,Various Artists,Les Maîtres du temps,fb13e86c-76f4-4a57-826e-23cdd9308458
1982,1982,Various Artists,Plays With Marionettes / People With Chairs Up Their Noses,d4f9902b-efb6-3d8e-aeef-7222d51f86e6
1982,1982,Various Artists,Race With The Devil / Black Betty,605b5667-024b-46f5-b195-0006ab50e8ee
1982,1982-03,Various Artists,Talking Mythic Language / Love You for Your Uniform,8d4661ae-250f-40a1-8e4d-166d98b1a7d3
1982,1982-12,Various Artists,West Side Story / On Box Hill,66eb0318-e0b5-4813-b9bb-2b81fda1909c
1982,1982,Venigmas,Strangelove / Souls on Fire,47a8e263-9283-487a-a3f0-4665608c25a7
1982,1982-08-24,Venom,Bloodlust,53d249cf-096d-403e-b3cd-3b916a06f74a
1982,1982,Vera,Baby Won't You Dance With Me,b8991dd1-9baf-4d6b-840b-c8f5262c8909
1982,1982,Vera Cruz,The Drunkard / We Have After All...,4ec76bba-9c6e-4225-8569-c9e59b13b873
1982,1982,Vera Kaa,Schuld war nur der Bossa Nova / Ich will leben,5e6914c8-1802-464a-ae2b-31ef538163a0
1982,1982-06-25,Vera Lynn / The Victory Group,I Love This Land / The Victory Theme,7b1bfc27-cf2c-43ed-9ede-4b95676959a6
1982,1982,Verden Allen,Sweet Sweet Girl,474a4b17-fc8d-4c6e-a40b-17dc072c677d
1982,1982,Vernon And Gwynfor,Welcome! / Shall We Gather At The River?,53be0d4a-c3cb-477b-9127-7212b2351d5a
1982,1982,Veronika Fischer,... und doch bleibt ein Zaun ein Zaun,1c803752-cf44-4dc8-8f63-9802d2378ebd
1982,1982,Vesa‐Matti Loiri,Ukkolaan / Spain,799e8743-5830-45f5-91d6-d23df86feb77
1982,1982,Vice Squad,Out of Reach,01512b1b-f255-4aad-b30b-61933c99c31f
1982,1982,Vicious Pink Phenomena,My Private Tokyo,66c46363-15ec-4421-b1dd-d0fa0402806f
1982,1982,Vicky Leandros,Verloren zijn we niet,ce738c9e-4f87-456b-9723-ec0989c3bd0f
1982,1982-08,Vicky Leandros,Verlorenes Paradies,9d7ae8ea-eb1b-4449-9ad2-3f5325d3a12c
1982,1982-08-27,Vicky “D”,Mystery Lover,8bd1db2a-5b72-497d-a7b9-53769eef49e5
1982,1982,Videeo,Thang (Gimme Some Of That Thang),87a5c624-fd91-43bd-8213-81c4896767b6
1982,1982,Villa 21,I See No! / The Dream,2088a64e-c2cb-423f-a517-ab60a0615737
1982,1982,Viola,Denk nog eens eenmaal aan mij,e1e29090-912c-422f-a419-0b3e05a14ecf
1982,1982,Viola Valentino,Sola,49407d4e-6a29-4674-91a4-92bea4c37f2a
1982,1982,Viola Wills,Stormy Weather,0924ffd2-ed4e-4551-9fb4-fd698ecde7cc
1982,1982-04-17,Violators,Gangland... / The Fugitive,5ae1147c-5464-34ad-95e7-7f988a9d9098
1982,1982-12-04,Violators,Summer of '81,e6c30795-fd5b-3ec3-baa7-6fabba2b3b30
1982,1982,Virgin Prunes,Baby Turns Blue,506791f4-c189-4458-abd8-1874b9e99ba2
1982,1982,Virgin Prunes,Pagan Lovesong,9b7b5438-55ae-3a3f-9faa-12caf4d7a2d0
1982,1982,Virgin Prunes,The Faculties Of A Broken Heart,4bfa13d6-e19c-40fb-bd7f-02715f9945e2
1982,1982,Virgin VS,星空サイクリング,08663494-e519-4f85-968b-ae6edb7236b1
1982,1982-06-11,Visage,Night Train,d8003f51-59b0-4c2e-ba17-6918694fb176
1982,1982,Visage,Pleasure Boys (dance mix),53b9104f-ee6a-498c-a23a-55cfb6933183
1982,1982-01-04,Visage,The Damned Don’t Cry,b9b3a0d3-f067-4f20-8217-ee96a29e4091
1982,1982,Visible,Indicible Fréquence,681f568b-63fe-4be8-9609-f0c09b0eadf3
1982,1982,Vital Disorders,Zombie / Wargames,88e497e1-680f-3574-b317-51c589078416
1982,1982,Vitesse,Good Lookin’,9285391d-95ae-4e41-9d8f-ba0d68d64569
1982,1982,Vitesse,Rosalyn,dba4c344-25ab-4ea1-a75e-fac57fab246e
1982,1982,Vladimir Cosma / Guy Marchand,Bande originale du film Les Sous-doués en vacances,969498d2-d24d-48c5-80b2-65ec5d20702a
1982,1982-06-01,Vlugzout,Ik wil ook een gouwe plaat,2f2fc829-3bab-4b19-80e0-31ac2fb5f26d
1982,1982,Volumatix,Fitness,3c483979-950d-4616-8f4d-4f3acd86e666
1982,1982,Volunteers Fusion Band,Fooling You / Ain't No Perfect Love Affair,eef2c28e-3db8-4dc5-b112-5a50f57168f3
1982,1982,Vono,Vono,e2ea5ea6-cc63-4801-8324-530d625fe846
1982,1982,Voodoo Idols,We Dig Nixon,fd54d238-9867-3016-a000-731a0a63996d
1982,1982,Vulcano,Secret Lies,9cdd743c-4dcc-4db8-8c4e-37e085b124e3
1982,1982,Vulcano,Staying With It,657f548d-f7f8-4486-8add-6be3ef7fb0e4
1982,1982,Václav Neckář,Už Napadal Sníh / Štědrý Den,0de84df9-fed4-4302-80be-222b03d6ce01
1982,1982,Véronique & Davina,Gym Tonic,8b90d224-04c9-41a7-be23-e7eb7c462252
1982,1982,Véronique Jannot,J'ai fait l'amour avec la mer,30f94fa4-0b3b-43a6-9933-f90362a823f8
1982,1982,W.O. Band,Rostig kärlek,fbf07b76-7b82-47d5-80d3-a00312cb24db
1982,1982,Wah!,The Story of the Blues.,b63288eb-0a8d-3cf6-a5c8-2e42eead1af2
1982,1982,Wall of Voodoo,Mexican Radio,5ea1e1ff-4ddc-40a6-87e7-20861653f46c
1982,1982,Wall of Voodoo,Ring of Fire,11ff681d-a8e5-4246-9427-667545ae4b09
1982,1982,Wall of Voodoo,Two Songs by Wall of Voodoo,e95f4073-00f9-430c-a50d-7dbfc1de1745
1982,1982,Wallenstein,Tanzen,79a27e14-4d7a-4b4c-8a35-19e7f99ded89
1982,1982,Walter Foini,Canzone dedicata,0f1d0fef-4770-4060-997c-8ec58f6cb126
1982,1982,Waluliso und Blümchen Blau,Wir bauen ein Haus (Eine Botschaft an alle),ad04639b-0419-4e26-a906-b525831ce81e
1982,1982-07-12,Wanda,I Must Be Dreamin',182b2a80-dd56-4c19-a251-d6fb2aeffa7a
1982,1982,Wanexa,The Man From Colours,425c52df-d74b-463a-89e8-f2e61e8a606e
1982,1982,Wang Chung,China,8f5a42d6-7f44-30e3-a0c8-951b48d1fb83
1982,1982-03,War,You Got The Power,e5e41d09-2e6f-4f03-ba59-8dc127379f93
1982,1982,Warning,Why Can the Bodies Fly,cd9b8ed4-2cbb-347f-a65e-62ff10e2a2b0
1982,1982,Warp 9,Nunk,3f764e15-a966-48b5-87a0-74ecb4580e94
1982,1982,Warren Bacall,Lions and Tigers / Edge of the Night,f8617d91-79df-45e1-9cec-798a60c7a97f
1982,1982,Was (Not Was),Tell Me That I'm Dreaming / Out Come the Freaks (dub),c4a1c6e6-69cb-40b9-9d7d-509cb61af114
1982,1982-08-27,Wasted Youth,Reach Out,8ef2c128-2b46-4b9d-aeef-7d9b77f179f2
1982,1982-04-23,Wasted Youth,Wildlife,7d9ed005-f159-4d11-9b76-a393b8d19c60
1982,1982,Waterlanders,Iedereen doet (wat ie moet),8b8214b8-3047-41c2-accb-50b2404ac560
1982,1982,Waterloo,Im Land das Ewigkeit heißt,66c16dd7-99db-3087-82e3-28173b8c8119
1982,1982,Waterloo,Träum mit mir,5019d714-bb89-47cb-b0ec-a2bc2de65609
1982,1982,Watts Noÿs,Heart in Flames,29a3154c-de6f-3474-ae51-94a3c5d9f30d
1982,1982,Waylon,Women Do Know How to Carry On,ac389bf0-12ba-4ba2-8483-2ac97ff705d0
1982,1982,Waylon & Jessi,You Never Can Tell (C'Est La Vie),aeef6aed-1fb8-4373-a0d8-ca7c8cba4081
1982,1982,Waylon & Willie,"(Sittin' on) The Dock of the Bay / Luckenbach, Texas (Back to the Basics of Love)",d3475e4f-a7d8-4c7f-a5ad-71efb8c31d52
1982,1982,Waylon & Willie,Just to Satisfy You,9aba3d32-9980-471f-9ecf-5627bda3d662
1982,1982,Waylon Jennings / Corniche,Theme From the Dukes of Hazzards / Theme From Chips,92966b36-d075-41c1-b177-3070a4966103
1982,1982,Wayne Wade,Lady,6c8cb938-9f1b-4dc3-9e01-c196b49e067e
1982,1982,Weapon of Peace,Foul Play,0d83a22e-e102-4b96-a8ef-1394b8e88967
1982,1982,Weapon of Peace,Hit and Run,10d7c143-fed6-4fe4-b2e0-b5e1255c45bf
1982,1982,Wednesday,Custer’s Last Dream,3ba27295-0067-44ba-bfb4-11f5ea12e157
1982,1982,Weekend,Drumbeat for Baby / Weekend Off,7024174b-423b-3d31-8656-ccd7d904109d
1982,1982-07-02,Weekend,Past Meets Present / Midnight Slows,30f91529-4288-43d8-848b-5769d50dc144
1982,1982,Weekend,The View From Her Room,bd9a4fae-9d69-47a6-a6bb-b7159f3d5624
1982,1982,Weeks & Co.,Rock Your World,0661e849-234e-4b08-9c2d-58f372ade3bb
1982,1982,Wendy & Lemmy,Stand by Your Man,b6786e7d-4730-34b8-8b6f-875b53c60085
1982,1982,Wham!,Wham Rap (Enjoy What You Do),06223160-12c1-4941-bd4b-ab971563f490
1982,1982-09-09,Wham!,Young Guns (Go for It),40821e96-560b-4728-95c7-bfd134b6e409
1982,1982,White & Torch,Let's Forget,419acdc0-8998-48e3-84ad-ac7e374da43b
1982,1982,White & Torch,Parade,4fa17ca2-d51d-46c2-bbc0-9cc0c715734a
1982,1982,White & Torch,Who's Asking You?,7ce9cc61-bc7c-47dd-a8d7-75b34260efff
1982,1982,White Door,Kings of the Orient,21817298-b84b-48f4-9916-9875a7af0782
1982,1982,White Door,Way of the World,c26cd92f-1a6b-41cc-ae21-f519eb90f3fe
1982,1982,Whitesnake,Here I Go Again,bdfbaba8-32a2-4f78-ba52-1bb1f1f101dc
1982,1982,Whodini,Magic’s Wand,df5b5bf1-dd99-3264-b8c8-77c8e683bed8
1982,1982,Wide Boy Awake,Chicken Outlaw,577d2936-a3e4-3e32-8696-ed12287a2e64
1982,1982,Wiebe Van Walcheren,De Bresjes 17 / De Breskens 17,4218732d-338e-4af8-acf3-a757c958465d
1982,1982,Wilfried,Bu Hu Hu Hu Hu,5b2617a0-7c8e-450b-8440-a63cf4fb0947
1982,1982,Wilfried,Orange,5c55de8b-3767-4161-a76e-656789fa4dd6
1982,1982,Will Tura met De Rode Duivels,De Rode Duivels gaan naar Spanje,142acbff-e301-4905-8ccf-feb9da720f8e
1982,1982,Willeke Alberti,Het is nog niet voorbij / Tanja,ecc7b81e-1df4-428e-9c1e-72615d60f59c
1982,1982,Willeke Alberti,Maar vanavond / Het verhaal van de twee eiken,dc9d5e8b-ead5-478b-941e-4f73d8509e03
1982,1982,Willeke Alberti,Mijn hoofd weer op je schouder / Die wereld ken ik niet,f16d677a-a906-4dd5-8876-565338d974ef
1982,1982,Willem Duyn,It Hurts Too Much,a59ad203-f1b4-4f80-9524-7313ad606d26
1982,1982,Willem Duyn,Je zeurt te veel / Zonder jou,de50aad5-627d-45e4-bc5b-232a9868c590
1982,1982,Willem Duyn,Wat ’n rare man,a613fca8-ced0-4d98-b5cb-aec5bdb0f6dd
1982,1982,Willem Sonnema,De droom van een kraanmachinist / Ik heb m’n hart aan Lauwersoog verloren,a76e2f76-d76c-4485-b4a3-813cf9cc2c32
1982,1982,William Sheller,Rosanna Banana,918cdf0a-7ec4-4fbe-a405-162043726403
1982,1982,William W.,De Lorelei,97af53e2-c487-4f96-9358-336a5875f4b6
1982,1982,William W.,Donna Carmela Gonzalez,f75969f1-71df-4754-9736-314a2c04a535
1982,1982,Willie Hutch,In And Out / Brother's Gonna Work It Out,f340a6bd-d502-4289-9120-644824e37e0f
1982,1982,Willie Nelson and Merle Haggard,Pancho and Lefty,34146cb9-a8ab-458a-8ef9-a820ac9ac5ad
1982,1982,Willy en Willeke,Niemand laat zijn eigen kind alleen,d30abd1a-4784-41b7-bd6a-2fe8fb3498f7
1982,1982,Wilma,Die zwerver op straat,25d3b0b9-b8f5-436a-b94c-515b6d3b0fc3
1982,1982,Wilma Dias,La Massagiste,12b4e98f-9bab-4ddf-b549-db05087513c3
1982,1982,Wim Hooyer,We gaan een dagje naar zee,b1bb1928-b009-47b9-a4ef-9d012ef3aa73
1982,1982,Wim Sonneveld,Het dorp / Aan de Amsterdamse grachten,3d6db220-4c96-4bc3-80ac-3d96bd7db1e5
1982,1982,Wipers,Romeo / No Solution,5eadf4e3-c05b-4f4a-be6d-a65d228d73fe
1982,1982,Wolf,Head Contact,97d9a5f1-6e86-445e-9f50-2e3ec464e405
1982,1982-05-14,Wolfgang Petry,Der Himmel brennt,ef4db081-7e55-4dde-a2ac-7fcefacffd5a
1982,1982,Wolter Dassen,De lepelpolka / De wals van de specht,2fbc12aa-94b2-4777-87ab-c723798b45c2
1982,1982,Wordt Vervolgd,Ik ben verslaafd aan jou / Het werk is voor de domme,221793a1-ed37-4705-a51a-62879b957c42
1982,1982,Wout v.d. Lei,Rozenwals,4dbd5375-7576-49e3-a50e-78551b3b1dea
1982,1982,Wout van der Lei,Lentewals,37049f81-9f90-45c3-ab21-b004fbf809bb
1982,1982-05-10,wrinklemuzik,A Move to the Right,52a671b5-1cc2-495a-b524-f21837010983
1982,1982,Wuf Ticket,Ya Mama,229e1ad2-cae7-4daa-b44b-88c983b7ac41
1982,1982,Wulcan,Mysterier / Travellin',1f3b8445-ccab-4c81-ab27-dc1d01229bbe
1982,1982,Würm,We're Off / I'm Dead / Time Has Come Today,a3fddbf2-91c2-3729-9c8f-27ec071fbef2
1982,1982,X,Blue Spark,7d599a2d-85a8-4495-b30d-1f470304a8aa
1982,1982,X Models,Hemlighet,f1ce3135-553e-408d-9e10-8dbbaf03bc02
1982,1982,X-Beliebig,Leben ist Blut,fe28e185-0e22-4eeb-a8f6-b2832fb10421
1982,1982,X-Men,Satisfaction Guaranteed,ae269ca8-86aa-48d9-8b21-4c071f35735e
1982,1982,X-Taz,Sommarnattens drag,16897010-d3ba-44e9-b3a4-e0c32b035741
1982,1982,Xavier,Do It to the Max,5567decd-cb74-433d-be88-2e55c0efc1bd
1982,1982-05,Xmal Deutschland,Incubus Succubus,db81fd3b-5a8b-3b9b-a8cf-95bd9e4fd409
1982,1982-02-26,XTC,Ball and Chain,8d9c42d4-c629-4ee8-8284-308f75848937
1982,1982,XTC,Looking for Footprints,090c7882-58ef-4d72-84d3-d9c5aa12778e
1982,1982-05-14,XTC,No Thugs in Our House,7cb19dc3-5629-4359-a972-7e0799937559
1982,1982-01-08,XTC,Senses Working Overtime,6d8bd84e-e118-395a-a333-73722a69b32a
1982,1982-03,Xutos & Pontapés,Toca e Foge,352e430f-399c-3c2b-98e6-cb11c0fd9b25
1982,1982,Y Ficar,Byw Mewn Cwt Yng Ngwaelod Yr Ardd,952b9d14-5a0a-4803-956e-cd61af001788
1982,1982-05,Y Ficar,Cei Felinheli,414fb040-a6f2-40ea-84f4-1d987b17d7a7
1982,1982,Y Newyddion,Caerdydd / Arwyr,4fac8252-8057-409a-819b-c1b93aca617f
1982,1982-12,Y Tornedos,Môn Sŵn,600a1006-bc12-4ad8-b341-d80445d9d0ff
1982,1982,Y-Front,Den röda tråden,10769753-19b0-4c3c-bb90-1414efddcb06
1982,1982,Yann,Continent perdu (Continue Continue) / Je vous prie d’agréer,04262024-2f5f-3fda-9388-67f409ce76ed
1982,1982,Yann Andersen,She's Dancin' on TV,59c96d2f-9f84-4452-bbce-96728f7d2daa
1982,1982,Yarbrough & Peoples,Heartbeats,fbc2f47d-1ce3-40a4-baab-b47cad5e9920
1982,1982-07-02,Yazoo,Don’t Go,daca1594-6df2-3e98-bb24-708c624078f2
1982,1982-04-05,Yazoo,Only You,db4cc9c1-b5f3-330e-bf44-0db0bbfcb59e
1982,1982,Yazoo,Situation,a0e154d3-0e7c-410e-b854-b327c6050a80
1982,1982-11,Yazoo,The Other Side of Love,6ef55774-0310-3dda-890a-e966db1966ec
1982,1982,Yell-O-Yell,Shoot The Truth,e64e6d36-063e-4636-b576-b071d82355a0
1982,1982-03-09,Yello,Pinball Cha Cha,760e4fba-ec51-4063-986e-60552bc664d1
1982,1982-01,Yello,She's Got A Gun,cf6384fe-4b59-4fb7-992a-c4071c96d559
1982,1982,Yellow Man,Soldier Take Over,852cb621-5630-4cbb-a24c-e1bb2f12deb9
1982,1982,Young Steve and The Afternoon Boys,I'm Alright,e9f03814-a8fb-480f-830b-becc0736906e
1982,1982,Your Funeral,I Want To Be You,84c6086f-a4ce-4eb0-bdd5-7b8386a8ae51
1982,1982,Yvette Cason,Ca$h Play,b1fe718d-de71-41b5-8cd3-41e832617008
1982,1982,Yvonne,Moeder speelt weer bingo / Een boek zonder woorden,221af1c3-af8d-4338-89e2-c66e8ec1cf16
1982,1982,Yvonne,Niemand zal het ware weten,a5bf167f-e57e-4883-b261-f5ce2af9cc49
1982,1982,Yvonne & Leo,Onder jouw balustrade / Aan de kade staat ’n jongen,806be334-83e5-4d60-9ab2-fe2a1406d5a6
1982,1982,Yvonne Keeley,Dim the Light / Hand in Hand,8ec201b2-c877-486e-afc6-6aedb72f0dbc
1982,1982,Z.S.K.A.,Die Sucht,c34a398c-308d-41cd-95ba-d89104dca0b8
1982,1982,Z6,"You, Eugene and Me",73d29ada-71b3-4c7e-8c53-e766c82a9d08
1982,1982,Zaine Griff,Flowers,04941778-6e31-4801-bd33-6fa093adc024
1982,1982,Zana,Majstor Za Poljupce,af6987a5-469a-4436-b282-4c212a58fc8c
1982,1982,Zangeres Zonder Naam,Ach vaderlief... / Jaloezie,961b347d-fbac-4131-83a8-5b06abc77e26
1982,1982,Zangeres Zonder Naam,Denk toch heel goed na / Loop nooit voorbij dat huisje,fc28a9fd-cdb4-417b-a3f0-1adc03eeac29
1982,1982,Zangeres Zonder Naam,Vragende kinderogen / Alleen zijn is moeilijk te leren,de5c3044-fd8d-4e81-9932-ba0572107f6b
1982,1982,Zanti Misfitz,Kidz Songs,0e8fe317-d862-4eb6-acaf-181875dcc844
1982,1982,Zanti Misfitz,Laugh In,356d9acb-4a58-494a-b5de-7798275a06e4
1982,1982,Zanti Misfitz,Love Ends at 8...,cb752aeb-7f1b-4b34-9827-8655366ff9cf
1982,1982,Zarama,Nahiko,743729b4-d244-4bf9-bc0e-0e6de9ed5622
1982,1982,Zauber,Dentro me / Periferia,536308b1-e725-446a-95f2-dd68f0920496
1982,1982,ZaZa,Caprifischer,780fc67c-3463-4c9f-b3ac-bccc35a09436
1982,1982,ZaZa,Zauberstab,82733b8e-7bca-4c9e-b5c3-8774c7556a79
1982,1982,ZeitGeist,Es lebe die Lebendigkeit,98f3252d-0971-486b-8bd1-c5a62056a085
1982,1982,ZeitGeist,Leidenschaft,3e0048dc-4b03-4c96-9020-cc4bf49317cb
1982,1982,Zeitgeist,Over Again,ea1ccef2-7f18-4875-a871-16992976b899
1982,1982,Zeltinger,Der lachende Vagabund,3f1f4c11-08ce-4be5-8ce4-ca2cea574a86
1982,1982,Zeltinger,Knochen,44cb1fae-2b3c-40a5-991b-9f35bcd976cd
1982,1982,Zeltinger,Kölsche Junge / Blutsauger,ff9d95ef-893b-412b-b2ba-40c9e2a19915
1982,1982,Zerbrechlich,Am Strand von Italien,11e75027-1451-421c-83dd-c24ede3cccf9
1982,1982,Zero Zero,Irrenanstalt,35fb6ea1-348c-436d-b50c-fae8cb1bbd55
1982,1982,Zillertaler Schürzenjäger,I komm heute Nacht auf a Bussl zu dir,94756bac-2676-491c-baea-d061af59f5dd
1982,1982,Zimmerman,Russerne kommer / Den elektriske gitaren,f7f4cb9a-1e9e-4574-8657-89948f6439e9
1982,1982,Zoff,Total Banane,e1f2b82c-9f2e-4d7b-8ca6-472a15bb4715
1982,1982,Zone Zero,Heavy Metal,97858ddd-28e6-482b-b474-b2fa94606501
1982,1982-08,Zoo Boutique,Forgive and Forget / Happy Families,00e57cfe-ee69-403b-944a-9397da9d0963
1982,1982,Zooitje Ongeregeld / Ko Koster,Bij ons in nijmegen / Happy cha cha cha,1abbf256-6124-4a77-9802-c09548ed8afe
1982,1982-03,Zounds,Dancing,e47aef96-080d-3256-afee-405d96c5db5f
1982,1982-08,Zounds,More Trouble Coming Every Day,83fca867-604e-32e7-8319-69688614ca25
1982,1982,Zusjes Wouterse,La Koemba / Libertango,924927a5-24b8-42cb-ac65-b7c88f0d5721
1982,1982,Zäpo,Född kanomat,bb448520-fc7a-4346-8a41-15dcf97cd9de
1982,1982,Z’EV,Wipe Out,18688423-2aa4-4a72-a34f-35e5642be241
1982,1982,Élisabeth Wiener,Vies à Vies,3f8aec55-ff60-4dca-bbef-4d55770d8b5c
1982,1982,Élégance,"Vacances, j'oublie tout",cc4ff604-9cd4-49b8-8706-26fa72a51440
1982,1982,Étienne Daho,Le Grand Sommeil,f06e6a8c-51a6-4aaf-bda6-75157ad01fe5
1982,1982,ÖMÖ,Pumperl geht / Nur wenn's mir schlecht geht,38a2743e-7d27-448b-a90e-e891fc8d7f78
1982,1982,Øresus,Mannen i badekaret,674a376d-da4a-4f42-8c99-cbc9fdb20c8c
1982,1982,Ćazim Čolaković,Princeza / Ljubav,c9e09901-671c-4f2a-a0cf-1b9faa0e8041
1982,1982,Đorđe Balašević,Hej Čarobnjaci Svi Su Vam Đaci,62ebf95b-b00a-46d1-974d-387df58815a7
1982,1982,Θέμης Αδαμαντίδης,Η Νύχτα Μυρίζει Γιασεμί,4c3c9db9-81cd-4636-bd4c-00cbf8b7b4cd
1982,1982,Θέμης Αδαμαντίδης,Λίγο λίγο,40cc8458-e2a2-4734-a0b3-51686c5ad8b2
1982,1982,Θέμης Αδαμαντίδης,Πονάμε όσοι αγαπάμε,8d11cfb0-98d2-44ee-b34c-0cb88eb2295f
1982,1982,Алла Пугачёва,Миллион роз,5611a7a8-3d7a-4cfd-8648-d8181ce0307f
1982,1982,Алла Пугачёва,Я больше не ревную / Беда,12f39a63-93fa-437d-837a-290dbf47f109
1982,1982-07,Ансамбль «Синяя птица»,Во Дворце спорта в Лужниках,dc1cf7b8-9202-412d-957d-0672ac123eec
1982,1982,Валентина Толкунова,Давнее,d8a069a5-74a6-4125-afbb-63e97f649a71
1982,1982,Валентина Толкунова,Не судите меня,c423468d-1816-4a61-a516-91ebc6a8513d
1982,1982,Валерий Леонтьев,Муза,090a7e2c-da96-4242-b1f3-12846920013d
1982,1982,Валерий Леонтьев,Разноцветные ярмарки,b7ca424f-3853-4618-8eae-1de137520b9c
1982,1982,Валерий Леонтьев / София Ротару,"Спасибо, любовь / Бессонница",61a5cf60-e7da-4dc2-b0f8-c26ec1d562c4
1982,1982,Вахтанг Кикабидзе,Песни Алексея Экимяна,d0689bfc-49a9-4751-84fd-c1c2026c5365
1982,1982,Земляне,"Каскадёры / А жизнь идёт / Прости, Земля",fe81f39f-c343-4c56-b375-cf4827c20fe4
1982,1982,Машина времени,Ансамбль Машина Времени,2a43d49c-c976-4678-ae76-44b641468869
1982,1982,Оригинал,Сен Қайдан Биласан,cf4aafce-528d-4c19-babb-fca0bf567ccc
1982,1982,Роберт Рождественский / Владимир Степанов,Слово о песне / Звездный концерт,02a14393-ebb0-4e55-b16f-7d473209cf76
1982,1982,Симо Лазаров,Денят - Импресия,24abd1bc-f8e5-410f-b0cf-fbd8f5a7e41c
1982,1982,Тамара Гвердцители,"Цвети, земля моя",3065657d-2ae4-490d-84bb-83e1c92189e6
1982,1982,Юрий Антонов,Жизнь / Дорога к морю / Двадцать лет спустя,fe6f7cb0-1c66-4dd1-bab2-e85ce73d62c7
1982,1982,Юрий Антонов,Маки / Море / Вот как бывает,99f28c32-148a-437b-a4bb-dff24450dcf8
1982,1982,Юрий Антонов,Наша магистраль / Крыша дома твоего / Родные места,4fb2063d-a119-4f8f-ae6f-b2e32805fab0
1982,1982,Яак Йоала,Как жаль,aca31896-8107-4cec-9c90-afde4c0f3096
1982,1982,אילנית,עד עולם,2fbde743-bdfb-4442-aea7-362458a37aa1
1982,1982,אסתר שמיר,חבל דק,75c849ee-d7d7-411c-a6a5-49632f5db8dc
1982,1982,אריק איינשטיין,טרוף במה,1360bba4-d888-443e-b630-eb535d595098
1982,1982,אריק איינשטיין,יושב על הגדר,d763dde0-ee49-4ef5-a1b6-dff2b532d7ef
1982,1982-08,אריק איינשטיין,מבלי להפריע,05734f2c-37bb-45aa-a0bb-eaa8f71301c3
1982,1982,אריק סיני,דברים,10fa4ce7-0bae-4bfc-954b-37752b04c58e
1982,1982,אריק סיני,הביתה,c2edf13e-8bd8-4754-b592-f14a00912fde
1982,1982,אריק סיני,ערב מול הגלעד,0c8d1875-8013-475a-a92b-0a6985bb3527
1982,1982,דויד ברוזה,בלדה לנלסון,6ba39da3-c23c-4f7f-a551-2aa5fdf64838
1982,1982,דויד ברוזה,האשה שאיתי,65a1e3ad-f7c9-4ebd-bc23-4da67453fd89
1982,1982,דויד ברוזה,הולך איתך הלילה / דניאלה,71d6090c-e0ad-4615-93e6-32dfda2fd095
1982,1982,דויד ברוזה,החיים הם חומר טוב,82a57526-8aaf-4008-af23-25597a51fd8e
1982,1982,דויד ברוזה,"חיפה, חיפה",77df0322-7590-42b1-83b0-d2329245c6a7
1982,1982,דויד ברוזה,סיגליות,d54c564c-05a5-476b-ba23-b69f83551e4d
1982,1982-08,דורית ראובני,צעדים ומיתרים,fa35fe5f-5bc8-4abb-86a7-8fef6ce3e5ba
1982,1982,דן אלמגור ואלדד שרים,נולדתי בראש העין / כל הכבוד לבילויים,0e3eddb5-569c-449c-9388-9c330ede6399
1982,1982,דן אלמגור ואלדד שרים,שמונה נפשות בחדר / קרוב לירושלים,dc0790d4-a25b-4623-afa4-55127038c6a1
1982,1982,דן אלמגור ואלדד שרים,תימני נשאר תימני / מלך הקסטות,29e45b44-dff6-49a9-a132-3a5199b1c926
1982,1982,דני סנדרסון,גלשן,1fca2c03-852d-4a46-8dcd-0dd472e43a2d
1982,1982,הכל עובר חביבי,מכאן ועד מחר,3c1ad35c-e113-4e74-9876-647527a93551
1982,1982,חוה אלברשטיין,מנסה לשמור על קשר / עד סוף הקיץ,316fa6e4-5837-425e-a790-472f6be657bf
1982,1982-01,חוה אלברשטיין,קולות,483252aa-bc4d-41c8-a56d-f12d38a20f4d
1982,1982,חוה אלברשטיין,שבת בליבך,d0d6071c-70c9-4dcf-9f16-4e02454fa380
1982,1982,חווה אלברשטיין עם הפרברים,אני אשתגע / התרגעות,e9259654-38fa-467b-9f81-0c252e7d8943
1982,1982-03,יהודית רביץ,ארץ טרופית יפה / לא טוב היות האדם לבדו,baab27f4-fb3e-4c13-a458-8707168f9df7
1982,1982-10-23,باسكال صقر,Waad Ya Lebnan = وعد يا لبنان,a6d39de3-2f1b-4aee-a527-20b991211f32
1982,1982-07-21,あみん,待つわ,e3560755-18ea-3b6c-b777-c5bb883d5685
1982,1982-12-08,あみん,琥珀色の想い出,2464a3c6-8ab2-3dd4-9411-850230c1dc19
1982,1982-06-25,きゃんきゃん,あなたのサマーギャル,34fb3dfe-97db-31f8-93f4-0ce85c423efe
1982,1982-09-21,きゃんきゃん,涙のC・Cガール,f8431411-e423-3422-b4c8-1c86969d8d4d
1982,1982-09-01,つちやかおり,哀愁のオリエント急行,5b041728-2b39-474f-93d0-aa6d7097098d
1982,1982-12-21,つちやかおり,失恋散歩道,aa2a8d47-0aeb-420f-8344-ea94b6759210
1982,1982-06-21,つちやかおり,恋と涙の17才,3710a81a-5b7e-49fc-8c5a-44c595889190
1982,1982,とんねるず,ヤバシびっちな女デイト・ナイト,96a62ce2-3f99-40bc-b1fb-7149ee2f834b
1982,1982-11-25,なかやまて由希,抱擁,f4304fe2-3859-4e07-a15f-afb0c1b981fa
1982,1982-12,わらべ,めだかの兄弟,7432e71a-f913-3931-8146-3494fc26c609
1982,1982-06-21,アグネス・チャン,24時間のララバイ,9e30db9d-7f02-42e0-9e80-96f2529df774
1982,1982,インプル加工,バベルの塔 / 背後,1161e939-b3a8-4d1b-99fe-c4584adb108a
1982,1982-06-10,オフコース,YES-YES-YES,2471b41b-3b96-4671-b9d4-46d8f008ac68
1982,1982-02-01,オフコース,言葉にできない,e06ef7a7-ccc1-495e-91ca-980ac5569b54
1982,1982-12-05,ゲルニカ,銀輪は唄う,b3712a1a-4609-424b-9c1b-045345dee55c
1982,1982-10-05,サザンオールスターズ,Ya Ya (あの時代を忘れない),898dd72c-3090-414c-88c7-36ee1e7fe6cb
1982,1982-01-21,サザンオールスターズ,チャコの海岸物語,5c8ed556-0c89-49cf-8e8c-089fa275d985
1982,1982-05-21,サザンオールスターズ,匂艶(にじいろ) THE NIGHT CLUB,26fb4708-d120-4528-95c9-b393da100de8
1982,1982,ザ・スターリン,アレルギー,e1dce997-9d49-3be3-b01d-86dcd7853a60
1982,1982,ザ・スターリン,ロマンチスト,5d8c1200-aa6b-480e-8cf3-5dfb7d80db4d
1982,1982,シャワー,DO UP・愛ING,78024cc2-8dbb-45ac-9fd2-84d5ec564de7
1982,1982,シャワー,あっ！という間にビーチ・ラブ,17ebc8ac-99ba-4e21-8188-eed55a75d954
1982,1982,スターボー,ハートブレイク太陽族,ece7e41b-5b2a-42a6-b43a-dbfb0a7b0402
1982,1982-12-05,ソフトクリーム,熱帯魚のタキシード,491072ba-85cd-36cc-9d1c-63f16482b2a3
1982,1982-10-21,タンゴ・ヨーロッパ,きらいDAIきらい,14183f41-5b98-442d-a5ef-38140c20eaaf
1982,1982,ミミ萩原,セクシー・IN THE NIGHT,15035dc0-399d-4fda-a57f-3eada20e2328
1982,1982,ミルク パン,恋するシェリー,6c667a32-e279-4f20-8df7-9bb9505355db
1982,1982,ラジオっ娘,やったね MARIKO!,487c7fd4-e56c-45a8-8157-ab8620b52bea
1982,1982,ローズマリー・バトラー,汚れた英雄,adee7d6c-04e8-4e8b-b570-265531f1c794
1982,1982-07-21,一風堂,すみれ September Love,e7598b4f-a86b-44dd-992e-c849c8af0835
1982,1982,三井比佐子,デンジャラス・ゾーン(立入禁止),93a21af0-7345-39bc-a63d-d9354db62a38
1982,1982-06-01,三井比佐子,月曜日はシックシック,9f3a095b-7cf0-3b7e-bbf7-9b95c5e051af
1982,1982-05-21,三原順子,だって・フォーリンラブ・突然,34feb787-0eb8-4a5f-b7b0-81fdfc75958e
1982,1982-10-07,三原順子,ホンキでLove me Good!!,23bf005e-5107-432c-91aa-6a65c4a89736
1982,1982-01-21,三原順子,氷河期,9a5e41ad-4046-402c-b6a4-4d2e3647779e
1982,1982-09-21,三原順子,靴音 (Still Riverpool),ce9f1bf4-9f68-4525-be1a-c93c02ed104e
1982,1982-03-21,三田寛子,駈けてきた処女,06f78439-c879-4b7f-bfa0-eb12bf3cf068
1982,1982-09-21,中原めいこ,Go Away,564eeac2-487e-4781-9ef1-b8944437ddcd
1982,1982-04-21,中原めいこ,今夜だけDance・Dance・Dance,1a55f527-81a3-4e63-934f-d0f4fd14d1db
1982,1982,中島はるみ,気分を着替えて,494767c0-eaee-46b0-969c-390792724d6d
1982,1982-09-21,中島みゆき,横恋慕,e0aa634d-4ead-41e9-86e8-452bf864c0d2
1982,1982-04-05,中島みゆき,誘惑,b3000efb-b235-4241-96d6-273eecfb89a3
1982,1982-09-01,中村雅俊,恋人も濡れる街角,671d3624-a332-4dfe-927d-22624b0edb08
1982,1982-05-01,中森明菜,スローモーション,631fbd93-c8ea-44ff-a93a-843b571d761a
1982,1982-11-10,中森明菜,セカンド・ラブ,a828205f-a8ca-4a87-804e-3e304bf9f454
1982,1982-07-28,中森明菜,少女A,85004d57-960d-49a5-9c22-7211977532e4
1982,1982-09-22,五輪真弓,抱きしめて（愛は夢のように）,95db5dae-eb14-4801-a842-fd72dfc5b704
1982,1982-02-05,井上大輔,めぐりあい／ビギニング,a521c647-fe55-4657-9957-8dc2ba55f89f
1982,1982,伊藤かずえ,哀愁プロフィール,b19261dc-9794-4d91-9299-692c25fdcc40
1982,1982-10-05,伊藤さやか,アナタトOVER-HEATシタイ,c6849d2b-0b86-4ef4-aac3-8e55bf63b81f
1982,1982-10-05,伊藤さやか,恋の呪文はスキトキメキトキス / 恋のB級アクション,67810698-cc02-4485-9c61-da5526deb2b3
1982,1982-02-21,伊藤つかさ,夢見るSeason,7e54c923-509f-4aa8-8538-c047ab026eb5
1982,1982,伊藤つかさ,横浜メルヘン,f4c420a7-7e50-48f7-aead-31b3e5a3e861
1982,1982-12,佳山明生,氷雨,6dc801d0-2b22-4b44-a181-01375b4d7c95
1982,1982-12-01,優木美佳,N･U･S･U･T･T･O,9b391cfe-8d56-4405-a7b5-82b913999f65
1982,1982-10-21,八神純子,"Touch You, Tonight",b582eae6-4805-4e65-80e8-7f85f20e53a5
1982,1982-03-05,八神純子,サマー イン サマー 〜想い出は、素肌に焼いて〜,87c37818-eafb-4f8e-8623-0c5bae00fcfe
1982,1982,前野曜子,コブラ,abc10109-cdeb-4d7c-98af-9fb6d441036a
1982,1982-10-21,前野曜子,スペースコブラ,daba919b-879c-4e4d-88fc-85def8c81629
1982,1982-01-05,加茂晴美,ときめきトゥナイト,60219602-2b45-45db-9d56-f881876329c0
1982,1982,北原佐和子,スウィート・チェリーパイ,16251e99-c462-4e8b-8ad3-3ca07a4d918a
1982,1982-03-19,北原佐和子,マイ・ボーイフレンド,575cf0d7-9832-3c3a-a8c3-9a4921e76569
1982,1982,原マスミ,猫へ,2dae9dad-c8f3-406a-ae2c-8883542e7a7c
1982,1982-10-21,原田知世,ときめきのアクシデント,b78b96c0-11f7-4037-90aa-faae2b40870f
1982,1982-07-05,原田知世,悲しいくらいほんとの話,1005ff8d-e397-4c09-84e3-40d94d20365e
1982,1982-03-21,吉田拓郎,唇をかみしめて,630df25c-0409-410a-bc13-8148c61d55df
1982,1982,吉田美奈子,Town / Monster Stomp,02095e25-3dea-402d-81dc-9420972e46b8
1982,1982,坂上とし恵,黒い瞳,e5c7a8b4-2ee8-496e-8317-0bc375ae1a3c
1982,1982-02-21,坂口良子,まるで少年のように,072d18d9-6e29-4686-a936-232e557fc415
1982,1982-02-21,坂本九,親父,8f5d047e-0a17-4365-bd6f-7686b591f49d
1982,1982,堀ちえみ,とまどいの週末,31018ba3-93c7-449d-bccc-a13957ed98be
1982,1982,堀ちえみ,潮風の少女,3748367f-c6a4-4b19-93a4-8ce13cafc83b
1982,1982-08-01,大川栄策,さざんかの宿,b0ed851a-9957-4be6-8c13-633d5653efc5
1982,1982-05-21,大滝詠一,雨のウェンズデイ,1f8a6fc8-fa20-4d85-b99e-48a894b4c258
1982,1982-09-21,大貫妙子,ピーターラビットとわたし,a0975af5-122a-473a-9f02-fbeb387fb860
1982,1982-04,姫神せんせいしょん,春風祭 -遠野物語への旅-,e2921b82-f9ef-4704-95f7-68b63a07596c
1982,1982,寺島まゆみ,今夜だけ恋人,1fad5721-0c43-4cbd-be45-b68e7361db26
1982,1982,小山茉美,魔法のプリンセス ミンキーモモ,47a15ba5-ad05-471d-a011-c572126d6511
1982,1982-05,小島恵理,うれのこり,e81dd14c-17d0-49bf-83f7-4308ce8fec9f
1982,1982,小林泉美,FEELING FREE / COFFEE RUMBA,45d1dc78-818d-4555-a1d5-2096a0756607
1982,1982-12-01,小林泉美,"I, I, You & 愛／LOVE GAME",a5b51000-1745-4411-a01f-77660211a479
1982,1982,小柳ルミ子,みだれ髪,cfaedc99-1ec4-4f43-b962-e24e6bf53a24
1982,1982-09-21,小泉今日子,ひとり街角,112d32a0-64e5-467b-8703-99a41d6295cf
1982,1982-03-21,小泉今日子,私の16才,122aef14-336c-44a9-b382-cf6e9e1be882
1982,1982-07-05,小泉今日子,素敵なラブリーボーイ,ffbbc680-23ad-4cca-a392-23cfd175dbd3
1982,1982,山下久美子,赤道小町 ドキッ,fb38a22a-b420-477e-81cc-f654066b83ee
1982,1982-04-05,山下達郎,あまく危険な香り,0b35f584-907a-4ac8-8814-8d0080fe3b4f
1982,1982-06-21,山口美央子,夏,07c595cf-c092-43f1-939f-d1bcae827111
1982,1982-09-21,岩崎宏美,思い出さないで,085da9d0-48a2-496e-a7c3-a6b100864b53
1982,1982-02-05,岩崎宏美,檸檬,ab9742f2-885a-4e8b-bd81-8a6e6b76cdd7
1982,1982-05-21,岩崎宏美,聖母たちのララバイ,38b73591-90f2-31cc-913a-5cf567635884
1982,1982-04-21,岩崎良美,どきどき旅行,926ecf45-0d83-40a0-ade7-596f8ef8ae9f
1982,1982-07-21,岩崎良美,マルガリータ ガール / Vacance,3fb2a769-e359-42a7-88aa-65eb69fa47fd
1982,1982-10-05,岩崎良美,化粧なんて似合わない,48387a83-1fbe-4d47-bbe5-c5e83730879c
1982,1982-01-21,岩崎良美,愛してモナムール,283fbe86-4b55-40bd-84c0-c9b8152ba8e0
1982,1982,島田歌穂,恋は馬車にのって,00c702a1-aedc-4512-889c-14880f3b7688
1982,1982,島田真希,サンシャイン・ラブ（陽光の愛）,190406ab-dda4-4ce5-896d-04325d28d28e
1982,1982-05-21,川島恵,ザ・サンシャイン・ボーイズ,6db45594-545c-49e7-8d1e-be54eb9c5ffb
1982,1982-03-21,庄野真代,逃亡者,5c935c4c-e6d3-463e-8b1e-7c82e5c0cad0
1982,1982-02-14,忌野清志郎 & 坂本龍一,い・け・な・いルージュマジック,2c92eece-2edb-480b-a481-a26ffa1c4756
1982,1982,志穂美悦子,明日よ風に舞え,894c5736-0d38-44bb-8c2c-2feb8aa0f954
1982,1982,新井薫子,イニシャルは夏,6fe34927-7ed9-432a-938f-925668043f64
1982,1982,新井薫子,虹いろの瞳,1c222933-86be-40ca-9895-475353a4176d
1982,1982-12-05,日野美歌,氷雨,805ae554-7e53-4944-b038-916f3d299342
1982,1982-07-21,早見優,Love Light,589d6a96-49d4-404e-a1c3-e831ef839936
1982,1982-10-19,早見優,アンサーソングは哀愁,a17b6bf1-3302-419e-9785-60cb509b5e57
1982,1982-04-01,早見優,急いで!初恋,29b98005-ffc4-4077-903c-d9ad6809d3e9
1982,1982-10-25,木の実ナナ & 五木ひろし,居酒屋,95946674-35a3-4e0b-a694-fc32a3c9fb25
1982,1982-02-05,杏里,エスプレッソで眠れない,12cfffc5-e7c8-44ca-b67f-26cf21e97e02
1982,1982-04-21,杏里,思いきりアメリカン,d7e52abb-8e5e-4399-84ae-73793a16ba82
1982,1982-08-21,村田和人,Catching the Sun,d1c5ae09-b0a5-45b6-80ec-a01079e3c3ce
1982,1982-04-21,村田和人,電話しても,0405e640-bbd6-41b8-9492-5c6a1ac27822
1982,1982-02-21,松原みき,SEE-SAW LOVE(シーソー・ラブ),d5f29974-0dd2-4adf-98da-96de12ca4b08
1982,1982-09-21,松原みき,予言,b8265840-a74d-484e-ac10-e4cf74a172e7
1982,1982-10-21,松坂慶子、風間杜夫、平田満,蒲田行進曲,a48c88a3-d2a8-46a0-8c5e-ad70300d6a3e
1982,1982,松崎しげる / EVE,Daydream Romance / Stay…,328866e0-8b68-4121-bc17-259bba2f9a70
1982,1982-05-21,松本伊代,TVの国からキラキラ,fa4f8d7a-05da-48eb-a344-cc8ecfd0c85d
1982,1982-08-05,松本伊代,オトナじゃないの,b81bec3d-091b-43b7-83ff-7fb452754d9a
1982,1982-02-05,松本伊代,ラブ・ミー・テンダー,f75c36d5-bba3-40ca-aa01-e21730c291e4
1982,1982-11-05,松本伊代,抱きしめたい,5620190f-e5f1-4f2e-ad41-1cd90bea8f89
1982,1982-07-21,松田聖子,小麦色のマーメイド,a8b3d6c8-d9c4-4c40-a9f3-160b87a1da37
1982,1982-04-21,松田聖子,渚のバルコニー,16456517-457c-496d-9593-f28648cdb770
1982,1982-01-21,松田聖子,赤いスイートピー,dec2182c-86b4-48e5-9755-6164cb5cae63
1982,1982-10-21,松田聖子,野ばらのエチュード,09e16637-087c-4c0c-ae1c-0f095f53ee47
1982,1982,林紀恵,影踏みシティー,c13e6757-6abe-437b-9f44-7486fc895d5b
1982,1982-07-21,柏原よしえ,あの場所から,212e848c-48fa-4ac6-b85e-2da0101c2b65
1982,1982-07-10,柏原よしえ,しあわせ音頭,a7a5875b-9440-4c58-996a-af07288d3e22
1982,1982-02-05,柏原よしえ,恋人たちのキャフェテラス,3526a58e-67f1-4807-8ec1-60f5ea55107e
1982,1982-04-21,柏原よしえ,渚のシンデレラ,98d8e3cc-c6eb-4805-a16d-640ca0fe6f49
1982,1982-10-01,柏原芳恵,花梨,1895a545-41b3-4f93-9774-ee84ecc4c34f
1982,1982-08-05,桜田淳子,窓,d95752a6-b506-43cc-8a16-7e736cef1eb1
1982,1982-11-21,森進一,冬のリヴィエラ,db7d70a3-4476-4bb9-baad-e3775f046475
1982,1982-03-21,森進一,哀愁行路,f42cd2d4-0429-415c-a603-8d8716a441c8
1982,1982-07-21,森進一,男の真情,790316b3-6681-48f8-a252-13c1af6eaa92
1982,1982-04-01,榊原郁恵,つれてってピーター・パン 〜一夜の夢〜,eb7df9e9-280d-4f3e-b92a-955894fd2596
1982,1982-04-21,榊原郁恵,ひき潮,3cda5ff9-6dc1-4659-8041-29787e719c10
1982,1982-01-01,榊原郁恵,イエスタディ ドリーマー,9bc65626-39f3-4bac-9daa-1ba49602d7f0
1982,1982-07-01,榊原郁恵,愛と風のララバイ,e91121c7-864c-4fa0-b39f-ccbb7799e9f2
1982,1982-10-01,榊原郁恵,雨音に口づけを,2c6ec572-ba76-4bfc-9d08-4a31918c43d0
1982,1982,水谷絵津子,キラリ・涙,518f38da-f048-47dc-a29a-734a960e00ec
1982,1982,水野きみこ,夢見るアニー,5a077b75-df74-4805-a2db-4347417605a5
1982,1982,水野きみこ,私のモナミ,3e22aa58-bd45-4e15-bb92-f4eda095d3e9
1982,1982,河合夕子,タイトル・スーパー・マーケット,4ce55c64-b336-48f4-b38d-a2f08bd5a619
1982,1982,河合夕子,摩天楼サーカス,fee3865c-1d76-4445-9d25-a972635907da
1982,1982-12-01,河合奈保子,Invitation,333cbd7c-45b4-41a1-ab0c-4e83a023d1c4
1982,1982-09-01,河合奈保子,けんかをやめて,6a8d2760-90da-4a3b-ae83-e8af469d363d
1982,1982-06-10,河合奈保子,夏のヒロイン,c029bdef-b2bd-4a0a-a572-fc7c4d1020c4
1982,1982-03-10,河合奈保子,愛をください,f974dbd0-0c05-4a16-835a-17b053138375
1982,1982,泰葉,Blue Night Blue,95030a31-e7e3-45f7-868e-690030454f18
1982,1982-08,泰葉,水色のワンピース,0137ef69-9b96-43ed-8eed-ad14236d3eb8
1982,1982-09-01,浜田朱里,悲しみは駈け足でやってくる,881597bf-9fb4-498f-9d54-2bf300075544
1982,1982-02-25,浜田朱里,想い出のセレナーデ,1ffc9b75-adc1-41ce-beb0-973b81a34b30
1982,1982-02-25,浜田省吾,ON THE ROAD,05a81046-cae2-4042-931b-4b56073abd48
1982,1982-11-21,浜田省吾,マイホームタウン,5237415d-fb4a-4cfe-8128-c23ae8a972c3
1982,1982-08-25,渡辺徹,約束,89d5e88f-2046-486e-b50c-49ed349652c8
1982,1982,田中好子,カボシャール,827da34d-b841-4771-b31b-0aa37763e285
1982,1982,田中真弓 & 島津冴子,二人がヒーロー,b6fcc0c5-545d-432d-abc8-c4dc6fc0f173
1982,1982-06,甲斐智枝美,踊り子 ～つれてって・愛のSpain～,c48d0547-9016-412c-a640-93c780998187
1982,1982-06,畠山みどり,土俵 / 男の真情,f742528b-2ffa-4e89-84d0-113f89937bd7
1982,1982,白石まるみ,オリオン座のむこう,b420cf67-365b-49de-bbee-b0224ae4bf8b
1982,1982,白鳥順子,浮気なひと,0bc49b9d-7eea-43c6-b19e-8630d34e8da2
1982,1982-05-01,真鍋ちえみ,ねらわれた少女,09ac288e-958c-494f-9ea5-d2d217be3c89
1982,1982-10-01,真鍋ちえみ,ナイトトレイン・美少女,647c1e3f-54dd-48ad-9446-ee865b5090a6
1982,1982-08-01,真鍋ちえみ,ロマンティックしましょう,592ff676-e062-4398-a7bb-ace0e824996d
1982,1982,矢野顕子 / アルフィー・池田典代,ごめんなさい Oh Yeah / ごあいさつのうた,25a7009e-212a-4834-9bd8-9803508dfdd2
1982,1982-02-21,石川ひとみ,ひとりじめ,23edd4a9-412b-4f72-89fc-f726bcaf5f54
1982,1982-09-21,石川ひとみ,冬のかもめ,7e17d000-06f9-45fb-99dc-4684dfedbb27
1982,1982-05-21,石川ひとみ,君は輝いて 天使にみえた,c86d6ccc-8204-43e3-bd68-7bb273ca84d2
1982,1982-04-21,石川優子,フラミンゴ,5c2b6c1f-035f-463b-bf75-2a35e5af022e
1982,1982-08-21,石川優子,涙のソリティア,ed7da601-158b-4c4e-89cf-ffc8571e905b
1982,1982-07-21,石川秀美,ゆ・れ・て湘南,329ba31c-6d88-4fe3-a97c-5ae2ea2814a6
1982,1982-10-28,石川秀美,哀しみのブリザード,3996c176-162a-46d2-be6e-536bcf57ed2c
1982,1982-04-21,石川秀美,妖精時代,23609a12-d4ea-4a53-89fc-acfa9ed67f62
1982,1982-09-21,石野真子,明日になれば,f547172c-2e0a-4895-9b46-e7a96883867d
1982,1982-12-05,研ナオコ,ふられた気分,b0db10b2-7b42-43a3-ba45-80fc9f847a80
1982,1982-09-05,研ナオコ,夏をあきらめて,faa98b06-b4fd-4579-837f-37903cea5277
1982,1982-07-21,稲垣潤一,246:3AM,e7a7af75-7308-49cb-b604-60e32a4dc71c
1982,1982-01-21,稲垣潤一,雨のリグレット,04428629-68ea-4df6-a29f-20e4bcdeacd2
1982,1982-11-21,細野晴臣,三国志,936ae72c-5531-455c-a3c1-40804ebdc6f1
1982,1982,藤原誠,マクロス / ランナー,59995c3b-f9e8-437e-86de-fb482ea49e5a
1982,1982-04,藤本房子&竹田えり,パタリロ!,343d2d95-c98e-4ab1-a9b1-52e0a7110d52
1982,1982,豊島たづみ,燃えつきて、ディザイア,defefa04-a0a1-453a-9360-6800e58d25d7
1982,1982-05-25,野口五郎,ふるえて眠れ,93a5eb53-ed69-4627-a4e1-e34cf2f53fdc
1982,1982-08-01,野口五郎,舞,20c4fafe-7c56-4c9b-9cd1-c7912721637b
1982,1982,金沢明子,イエロー・サブマリン音頭,8af32660-352f-4a3e-abf6-313a539ba847
1982,1982-11,間宮貴子,LOVE TRIP,bb1b0fbe-378d-4e58-9de4-5e9d21a4f58b
1982,1982-08-25,香坂みゆき,レイラ,5a8cbcff-185e-479b-b4d2-cd51c80fd092
1982,1982-02-01,香坂みゆき,乾いた花,e64dcc60-0791-4024-843f-d14b0df55df0
1982,1982-09,高橋亜貴子,シーソーがとまる時,419c0d97-6382-4546-8de3-1e10431fbad5
1982,1982-09-10,高田みづえ,ガラスの花,69ae5d20-53a9-48c0-bc16-25ce50633958
1982,1982-03-10,高田みづえ,愛の終りに,c641fa0b-2851-44b7-8a52-00c1ce9724e3
1982,1982,鷗,東京・黄昏・下町あたり,70f5cc94-80d9-41ff-bf82-de345e22a0e1
1982,1982-11-21,麻倉未稀,SNOWBIRD,38bf280d-2c13-42bb-bae7-42f957ad095b
1982,1982-07-05,麻倉未稀,女嫌い,8522076a-6336-4aa1-9559-d8b594746665
1982,1982-01-18,麻倉未稀,黒いパンプス,c1d13a1f-a385-4be1-8865-63e6577cacf8
