jahr,erstveroeffentlichung,interpret,titel,mbid
1983,1983,"""D"" Train",Keep Giving Me Love,0a179b36-3ad2-4c67-b807-07c6fb93e6e7
1983,1983,091,Fuego en mi oficina,286d281a-8eaf-4d01-a35e-463e07bba459
1983,1983,091,Llamadas anónimas,fce8e2e6-da33-3ca9-b179-b9f4eb3e4b0e
1983,1983,1 Plus 1,My Girl,e11060f9-506a-4a6e-91fe-6694c1c04f20
1983,1983,1.F.C.,In die Ferne,6f2f914c-dadf-4fda-a84a-ee653bd0813d
1983,1983,10-Speed,Tour de France,78d5fbf9-b1f2-4513-8179-873aa16f45b4
1983,1983,1000 Mexicans,The Art of Love,2925c3f3-ec27-4936-a3ea-235a469b9f8f
1983,1983,1000 Ohm,I Think She Understood,0f2519ec-cb3d-4eba-87be-9d4711a16957
1983,1983-04,10cc,24 Hours,c9483f73-57e4-4b37-be4b-d6f516018311
1983,1983-08,10cc,Feel the Love (Oomachasaooma),afbd74f0-85c0-4dd4-86c0-7a68995bac74
1983,1983,10cc,Food for Thought,8b8d7289-b358-42b0-b96f-21413187f23e
1983,1983-10-01,1919,Cry Wolf,231510a0-5a3c-3c87-9333-af1379c0bf87
1983,1983,2 + 1 / Thompson Twins,XXI Wiek / We Are Detective,1cfc6313-fcc8-465e-b055-4866557c3bb5
1983,1983,2 plus 1,Krach,dd90d7bc-ef0f-4f9e-a79a-2589ed8a5e70
1983,1983,2 plus 1,Rocky Doctor,ed8b96e2-ae72-483a-b04e-6ba5dba0168c
1983,1983-09,220 Volt,Nightwinds,0a39c0c8-54e0-45cc-b258-377d4822d0c2
1983,1983,23 Skidoo,Coup,29a9e4da-800a-4c3e-ab98-d96b346f12c3
1983,1983,360°,Money / This Time Tomorrow,26c2df14-236b-40e7-8726-06d5a6f6c89b
1983,1983,38 Special,Back Where You Belong,68aadac5-6485-4f3c-bd0f-3177b4d63031
1983,1983,38 Special,If I’d Been the One,40694ac4-69eb-401c-8865-ce8c4b2ee6b9
1983,1983,38 Special,One Time for Old Times / Long Distance Affair,3da07ec4-7dc4-450d-93fe-9e31ae54f247
1983,1983,38 Special,Teacher Teacher,e6c0ffaa-789b-405e-9cca-285ea19173c2
1983,1983-01-19,4-D mode1,After Dinner Party,248e447a-afc6-4ef8-b3e4-0484b6c3c93f
1983,1983,4-D mode1,H-Funk II,9669ea51-b067-4674-a1cf-95701ed58177
1983,1983,4-D mode1,Kiss A Day Goodbye,efb9eede-284c-4dca-a8f9-bd45ce5929c6
1983,1983,4-D mode1,Life Plan,bf4f03e2-c606-4777-b094-b77db9880705
1983,1983,400 Blows,The Return of the Dog,8aa566c3-b346-4826-b027-d7e53c7b77ba
1983,1983-06,52nd Street,Cool as Ice,243dcba4-f2b1-44a2-8459-aae951031966
1983,1983,5ème Dimension,"Quand toi, tu danses",52b184a3-829d-4474-8f0c-af37761e6221
1983,1983,999,13th Floor Madness,f2124a95-85e9-4783-b173-766bb4f59ad1
1983,1983,A Flock of Seagulls,(It’s Not Me) Talking,c68d30fd-2969-3f67-bbf0-6a49c1fd9c57
1983,1983,A Flock of Seagulls,Nightmares,9edf9286-0f91-30a1-9828-90ea4356ec9f
1983,1983-03,A Flock of Seagulls,Talking (remix),8aaf696c-6914-4fbc-8104-9fd4056e3018
1983,1983,A Flock of Seagulls,Transfer Affection,5736ad1d-2396-343f-9a2b-8c869e433d8c
1983,1983,A Popular History of Signs,If She Was a Car,12ce45b1-f8a4-4285-8b43-9bf868311601
1983,1983,A. van Garde,Use Your Body,23183235-1e85-462e-8d09-2634e9c5dd18
1983,1983,A.B.'s,Deja Vu,f1564e75-11ff-372b-be8e-39bad191c5c4
1983,1983,Aaltje Oet Börk,Bij oes in Drenthe / Harfst,ad9cec0c-e256-4e71-8481-c6ebfc306ee3
1983,1983-11-04,ABBA,Thank You for the Music / Our Last Summer,4acf6e2c-86a9-45c6-be85-7b5ae951a293
1983,1983,ABC,S.O.S.,c0ed8aed-c113-41c2-8b5a-a342ae45c992
1983,1983-10,ABC,That Was Then but This Is Now,ed0e7fa2-fbe6-48d2-b074-3b81ef50000e
1983,1983,Abdurauf Olimov,Singles,c14809e0-de69-4c57-b4d8-f45b22864ce9
1983,1983,Abrasive Wheels,Banner of Hope,85fc0123-600c-3b5a-958c-0e22a8a8aa9a
1983,1983,Abrasive Wheels,Jailhouse Rock,0deb580c-c438-4061-910e-dd8d2c1635dc
1983,1983,AC/DC,Flick of the Switch,7b1217ed-1d54-420c-bcd5-5f36346c4f3b
1983,1983,AC/DC,Guns for Hire,3ff5b91a-074f-43c9-a558-0b895e85493b
1983,1983-09-26,AC/DC,Nervous Shakedown,7d755711-677e-468f-a7a9-5ce1258815be
1983,1983,Acapulco Gold,Unkraut vergeht nicht / Freu mich jedesmal,608ce155-b5cd-4c37-b430-7148d8a29f98
1983,1983,Accept,Fast as a Shark,7db92b4e-fc71-4942-bb18-a2f12bee56f1
1983,1983,Accept,Restless & Wild,3c7d6a32-4e3c-4a79-a14b-7526b5fd20d6
1983,1983,Accept,Restless & Wild / Fast as a Shark,24e382e8-a507-3343-a9d5-f5f6a84d7280
1983,1983,Accordeonette,Een meisje zoals jij,1f0601f4-fba9-473b-a017-da39c350780d
1983,1983,Achim Reichel,Boxer Kutte,c4194987-04e6-4cd1-b17c-022adc5c3c9a
1983,1983,Achim Reichel,Nachtexpress,7dc7cdb9-9d9e-4464-bccd-3b0cf944773b
1983,1983-07,ACR,I Need Someone Tonite,ef30e030-f2d6-4d35-bf09-11b81f55885c
1983,1983,Act,Ping Pong / Black Dove,7043d817-40f8-3250-a6cf-61039427f9c2
1983,1983,Active Force,Give Me Your Love,6093aa7c-5335-43a6-ba06-74bdd900be55
1983,1983,Ad & Aline,Alles komt terug,f06b0918-e19d-4bb6-81c9-a676eae99064
1983,1983,Ad & Karin,El Paradiso,09d79eb5-3b11-464b-a747-ac74eb42c604
1983,1983,Ad Astra,Give Me The Girl,992c6041-760f-43da-a78e-f6d2803b6847
1983,1983,Ad en Jacqueline,Als de bomen / In Zanzibar,93a6443f-c36a-446e-9583-b4796e54292e
1983,1983,Ad Snoeren,Ma Fleur D'Amour,f0ff38aa-44f6-4af6-a007-2f192ba1ef80
1983,1983,Ad van Hoorn,Close Your Eyes,11cb245d-45b7-4e4a-abc0-792bec9f83b4
1983,1983,Ad van Hoorn en Karin,Vrolijk kerstfeest,d1625f25-1058-4c0e-9561-f8f7b98cd367
1983,1983,Ad van Tilburg,Callow la vita / 'k Ben de koning te rijk,858b25bc-cc2a-45ab-8e31-5c766621e8f8
1983,1983,Ad Van Tilburg en De Snakes,Dat eiland in de zon / Nooit,66326d2c-e8d0-4167-a8ce-c829dd5bdd72
1983,1983-10-24,Adam Ant,Puss ’n Boots,255f4d0d-2e8e-3bdf-8455-d1a9deb15db2
1983,1983,Adam Ant,Strip,558d6633-a03d-3100-a5c3-429c579ab41c
1983,1983,Adele Bertei,Build Me a Bridge,8df5f725-5983-4de1-a487-ab3180ce071e
1983,1983,Adrenalin,I Don't Know When To Quit,661ec0dc-d314-46b5-aa53-495480df9640
1983,1983,Adrian Gurvitz,Corner of Love,2e148909-593a-4fbd-b643-419545ab140c
1983,1983,Adrian Gurvitz,Hello Mum,be91b5e0-316b-4a60-88b9-163179547f2f
1983,1983-01-01,Adriano Barghetti,Le minonne al carnevale,90682dd3-0829-4b59-b065-feaffca9ed4d
1983,1983,Affairs of the Heart,Waterloo Sunset,c746fcfa-7689-49ea-aa5b-e1d1b623cb7a
1983,1983,Affinity,Don't Go Away,5d957376-8296-460d-94aa-99c282baccdf
1983,1983,Afrika Bambaataa & Soulsonic Force,Looking for the Perfect Beat,fc2478d7-3d21-3072-ad00-34172bdb68ce
1983,1983,Afrika Bambaataa & Soulsonic Force,Renegades of Funk,44502b14-283f-4fd5-939a-3b1be42bac77
1983,1983,Afrosound,Cumbia de E.T. el extraterrestre / El regreso de E.T. el extraterrestre,4c72bf87-e667-432e-8fda-91b899544479
1983,1983-12,Age,Singapore / Sunset Dance,c07564c9-9ad5-427b-8c5c-7f1b00776f4c
1983,1983-10,Agnetha Fältskog,Can't Shake Loose,cc88b0be-d08e-46b6-92c0-2d436945ade3
1983,1983,Agnetha Fältskog,It's So Nice To Be Rich / P&B,bdeaebf9-cbbb-4345-abf4-d26c98cba540
1983,1983,Agnetha Fältskog,Man / Stay,090ba262-4363-42f8-a209-bf820e0ec706
1983,1983-04,Agnetha Fältskog,The Heat Is On,b3a858eb-411e-4fe2-9cb9-6bc000454545
1983,1983-07,Agnetha Fältskog,Wrap Your Arms Around Me,54c19a1f-3767-4eaa-bef8-e76a6c10c139
1983,1983,Ago,Stop Your Life / For You / Trying Over,d0836462-32b2-4d9b-87d7-6a5672def0b7
1983,1983,Agrimensor K,¿Juegas al escondite?,3f16ee61-a98c-4b58-bca2-9e65d20e5fc7
1983,1983,Aida Cooper,Stand Back,db5f4059-61ec-4d0a-8539-2ba6c21dc74d
1983,1983,Air Raid,Rock Force,28b8b087-42ac-460f-aa45-f187e4e3b05f
1983,1983-07,Air Supply,Making Love Out of Nothing at All,38a1716d-2e81-4376-90e2-619e39003eb7
1983,1983,Airbridge,Words and Pictures,6eb668e3-ad89-4845-b36f-b6224edc2b60
1983,1983,Al Campbell / Super Chick,Turn Me Loose / Roach Killer,6d6835f0-f417-435f-a35f-398fbbd51ff8
1983,1983,Al Jarreau,Boogie Down (Version Longue),9511b2db-92a9-4009-b1e8-d10ff188b69c
1983,1983-08-23,Al McCall,If You Ever Knew (How Beautiful You Are),0119d4f3-eca8-4d87-8aed-69aeebfc8f6f
1983,1983,Alain Bashung,What’s in a Bird / Hi!,896fb004-c878-4eb3-a564-02570a57bff5
1983,1983-05,Alain Chamfort,Bons baisers d'ici,e8f14857-e7b9-4e26-bfae-fbe6cd9366b0
1983,1983,Alain Delon & Shirley Bassey,Thought I'd Ring You,5f42f7d3-eecd-4bc8-954c-124c07ee6657
1983,1983,Alain Souchon,On avance / Sardine,562d9578-2623-4925-a743-e93737f70c65
1983,1983,Alain Souchon,Saute en l’air / Lennon kaput valse,083123a8-58b4-495d-8875-09ba135086f9
1983,1983,Alameda,Noche andaluza,e4a910f1-9132-4169-b338-d9f69b93bfff
1983,1983,Alaska y Dinarama,Crisis,509e68d7-36ac-49d2-b69f-f08418eb984a
1983,1983,Alaska y Dinarama,Deja de bailar,9faaadb9-7aa8-4893-a015-24ed1e2f0263
1983,1983,Alaska y Dinarama,Perlas ensangrentadas,ca63c6e0-8d9e-414f-ab96-a7589f654e85
1983,1983,Alaska y Dinarama,Rey del glam,d5c016ae-9264-4f69-901d-5bc4a20fac3c
1983,1983,Alberto Camerini,Computer Capriccio / Italian Kids,be81e0e7-4252-4818-bb03-38fb534f531c
1983,1983,Alex's Procussion,Come Here to Me / Funny Invitations,f996bc1a-cbbd-4247-b04a-ba65457f8de9
1983,1983,Alexander Curly,Karel de kever / Wat heeft ’t allemaal voor zin,b3551c47-a4e0-4fbe-9a89-6bd4bad53889
1983,1983,Alexander Robotnick,Problèmes d'amour,03a3e6c7-7589-40b8-a0f5-36a549518204
1983,1983,Alexandros,No Place To Run,cc0e587f-9274-4680-abd1-2abb1d93faac
1983,1983-06-21,ALFEE,メリーアン,3c81614e-b7e3-48dd-82c2-f6de312248a8
1983,1983-03-21,ALFEE,暁のパラダイス・ロード,eb699dd7-1d75-406c-bf2d-6ad37b1bf987
1983,1983,Alfred Martens,Hoe doet ie dat nou?,539f8ab7-fdd1-3b8c-9d55-5ede13c37e48
1983,1983,Alice Cooper,I Love America,fee91caf-36d8-4ffb-88fe-8c4fd65fb12d
1983,1983-08,Alien Sex Fiend,Ignore the Machine,d278c34f-15d1-3a76-bbe6-7391c0c59f83
1983,1983-11,Alien Sex Fiend,Lips Can't Go,3a2b0b84-fb63-3d8e-93d9-e95a887b7ac0
1983,1983,Aline & Ad,Alles komt terug,7adbffdc-c57a-4c7a-a2db-44bd2d6fdecc
1983,1983,Allen Ginsberg & Het Mondriaan Quartet / Niew Hip Stilen,September on Jessore Road / Grüss Aus Wien,fc91b88f-8375-428f-8dec-4de4e9db6c10
1983,1983,Almodóvar & McNamara,Satana S.A. / Voy a ser mamá,ce5d42f0-a4a6-4a35-8557-382fb20d53e7
1983,1983,Almodóvar & McNamara,Susan Get Down,ef333a13-e922-4011-abe1-9bcf8ccc5c45
1983,1983,Alpha Blondy,Rasta poué,19324413-efbe-4c61-aea3-af357a2e016e
1983,1983,Alphaville,La escalera,de555fc6-f3c3-44ed-95c8-13734842a1c8
1983,1983,Altar Ego,War,477a0d2d-f168-4a18-b2cb-7695550d5da1
1983,1983,Altered Images,Bring Me Closer,eac4af38-a655-3a15-bf30-d400d32686cd
1983,1983-03-14,Altered Images,Don't Talk to Me About Love,71f1c110-c114-305d-9b03-84ea6bd4453e
1983,1983,Altered Images,Love to Stay,3c7a868b-b4df-362d-baa7-0c4b3ba15712
1983,1983,Alvi & the Alviettes,I'll Go To / Mon amour,413a376e-c710-46ad-8cce-99a2f448dd11
1983,1983,Amanda Lear,Bewitched,6d6b1f00-ef63-3910-a9da-15c73831d765
1983,1983,Amanda Lear,Love Your Body,d2212e18-b0a5-3aac-8489-cfacd06f4e7e
1983,1983,Amanda Lear,No Regrets,8f4fa6eb-8267-3336-b9ac-475f0b8cbf3a
1983,1983,Amazulu,Cairo,ef15f9c9-b8fc-4b4c-944f-ccbdedd49ff7
1983,1983,Amebix,Winter,44a3462e-9234-3841-aa89-7e90ac99089f
1983,1983,Amnésie,Turas,1b6427a8-dfb8-46c3-bc43-97e3b853253f
1983,1983,Amos & Sara,Go Home Soldier,6d1c4611-9a27-46f8-9cea-3ef137efab7b
1983,1983,Amsterdamsche George,Jij alléén / Wat ik ook doe,eea2ce0d-bf8a-48ec-8071-3f0b92bc9bef
1983,1983,Amy,Mr. COOL,b81fbec0-dd61-3a3d-86d6-422f93c9f590
1983,1983-03-10,Amy,瞬間少女,0de1ad8e-5eda-38fd-ac55-6821bc59177e
1983,1983,Amy Bolton,Get Up and Get It,eaec86da-7325-4305-8587-8ff328830e20
1983,1983,Amy Holland,She's On Fire,e7df847e-0150-46dd-953d-68036ad13024
1983,1983,An Luu,Lolita Hiroshima,7eea71ef-8a4f-4da4-b088-51047ad94cbe
1983,1983-12-16,Anabas,Barricades,b3dd60ee-70dc-4550-a1f4-f62352618850
1983,1983,Anarchic System,Movie Star,2a3b6fc2-eaef-4bfc-b996-625ae595f497
1983,1983-11,And Also the Trees,Shantell,5eb93722-3246-4b38-a4ea-361df2f53c11
1983,1983,and the Native Hipsters and.......,Going Steady With Larry and Emma,6da30e4f-5491-4fe9-8d1b-d81902621c0b
1983,1983,Andrea Jürgens,Chéri je t’aime (Weil ich nur zu dir gehör’),94192667-fa9b-40d5-a2ad-e64d2e0cf3f2
1983,1983,Andrea Jürgens,Lebenskünstler,ea1504ea-2711-420a-8345-bb283fe414c4
1983,1983,Andrea Jürgens,Manuel Goodbye,ab03ca95-752a-49fa-ba23-a4bf443decc6
1983,1983,Andrea Jürgens,Wenn Corinna weint,7a730d09-a029-415d-a5c3-c26575d4851c
1983,1983,Andreas Haas,"Baby, I Love You",d09baa0a-8c89-4a9d-89ee-6e964099639c
1983,1983,Andreas Haas,Juliet,08b062b2-75e0-42c0-b4a3-1baca004d26f
1983,1983,André Hazes,Zo Heb Ik Het Nooit Bedoeld,b18cf6c2-d5dc-4d41-9103-427318dada8e
1983,1983,Andy,Adios Maria / Antwoord Me,dda8e1d8-d7ff-4471-9505-b3219c5c4d3d
1983,1983,Andy,Ik mis je / In the Still of the Night,a795a1d7-d257-4bff-b967-07cb96bd5cd0
1983,1983,Andy Borg,Arrivederci Claire / Angel's Music,ffd7577a-cde3-403b-84b7-d58a129170ed
1983,1983-04,Andy Borg,Weil wir uns lieben,84f81630-7a34-4c8d-8ddb-c11264c34123
1983,1983,Aneka,Heart To Beat,244f1203-2e2c-4899-9143-d43a69fa8cbb
1983,1983,Angelic Upstarts,Not Just a Name,6ca25f29-80a4-3b0f-a12a-4b62419fe754
1983,1983,Angelic Upstarts,Solidarity,38d03fd9-050d-3101-9a55-bb5ce9169335
1983,1983,Angelika Milster,Erinnerung,2a44caf7-c3f1-491a-83e2-59071219a3c0
1983,1983,Angelyne,My List,9d122b36-f45d-4269-8ca5-a2e381c67a44
1983,1983,Angie,Let’s Get On With It,fba9f40f-3a3a-4267-a4b4-3ef9a49bd2bc
1983,1983,Animal Nightlife,Native Boy,25298417-eb6b-4b76-80eb-0f2e933d8569
1983,1983,Anisette,Scratch au standard,0cb5cc23-5da4-4268-a770-568ac0ec787d
1983,1983,Anita,Leg het maar niet uit / Zomer,910d7e1d-f44d-4e2f-a677-ddf997d81386
1983,1983,Anita & Ed,Viva l’amore,0a2b4c96-1779-4b70-b019-a65f4bcf6f4b
1983,1983,Anita & Ed,Viva l’amore / Ons kleine huisje,4e68069a-8e8c-44f8-b28e-635cf3dd0767
1983,1983,Anita Leoné,Give It Up,ebe01aa9-6787-4869-81df-caf8c6e01034
1983,1983,Anita Meyer,Goodbye to Love,d205aba0-0177-4316-8418-3a6f3473b2a3
1983,1983,Anita Meyer,Sandy’s Song / Breakaway,49842250-1957-4818-8979-3683a6a37611
1983,1983,"Anita, Ad van Hoorn",Ik doe ’t / Ik ben…,0acc1bb2-12c5-4aa1-a9a3-0eb8acfdcfb6
1983,1983,Anja,Jij verloor,8f27bc27-c70a-415d-8e21-34d97a9110a3
1983,1983,Anja En Het Piratenorkest,Ik ben piraat en blijf paraat / Fire orkest (Instr.),7adc163c-2fde-432c-b244-db12946cf11f
1983,1983,Ann Casell,Every Day a Little Bit More / One Time Will Be the First Time,c3852f50-9a2c-410d-b151-a58f48916974
1983,1983,Annabas,Barricades,8fa754b2-7f70-4b60-b62e-256b6790ca80
1983,1983,Annabel,Blijf bij mij / M’n hakken,1ea24a83-84a0-4215-8fc5-0fca1c1d103d
1983,1983,Annabel,De Bloemenmand,5aed1d8c-d3d0-4e4c-a10a-810f3e068814
1983,1983,Annabel,De bloemenmand / Moeders angst,e24c53ee-c23f-44bd-98c0-ecf854356b42
1983,1983,Annabel Lamb,Riders on the Storm,481563ae-2a74-4fe0-a211-1c7051ef14c1
1983,1983,Anne Murray,Just Another Woman In Love / Heart Stealer,d85f2af4-00e7-4704-b8af-0c8ca9270bc0
1983,1983,Anneke,Regina,e161648f-cf8d-46d1-93b2-30afe7dfaada
1983,1983,Anneke Drent,De zorgen zijn voorbij / Je hebt me bedrogen,c277f204-ef2c-4715-83d1-f6e3f01eb49f
1983,1983,Anneke Drent,Het bloemenmeisje / Andy,ef6784f0-581f-4479-a810-fc9b54ae692f
1983,1983,Annette,Butterfly Ball (Liefde is alles) / Sterrebeeld,39be1d83-25b5-46d8-9105-aed8c950f9c8
1983,1983,Annette,Wij gaan hand in hand / Ik zeg nog steeds je naam,c1027bcb-7365-4bfe-9156-3f9d5a18b1cf
1983,1983,Annie,Altijd een traan / Ik hou van jou,9c35fab8-c87d-4a10-a849-9f2930ca33d5
1983,1983,Annie Hendricks,Stil verlangen,1d4eeb5a-62b9-4b1f-8a98-706014a59e93
1983,1983,Annie Hendriks,Teddybeer / Ik kom terug bij jou,84c7b4d8-e984-4f6b-8668-e3e87ec091dd
1983,1983,Antena,Be Pop,02e0cd77-f4d8-443a-ba92-ca3c1f58ecc5
1983,1983-11,Anthrax,Soldiers of Metal,6f9d3094-72c0-46de-9367-1c62f7ff29be
1983,1983,Anti-Matter,Infatuation,4ee4b467-2ac4-42ee-9311-850e03bea7e4
1983,1983,Antigoon,Tutterfrut,fe44937d-d548-4f91-9902-4ff65b10e58a
1983,1983,António Variações,É P'rá Amanhã,3e1cb496-16cc-4fb6-bb30-540ce5f3b743
1983,1983-01-14,Anyone’s Daughter,Viel zuviel,03f6e707-fdfe-4679-9ce6-bde320ca0889
1983,1983,Apartheid Not,Love Africa,f1db7995-219d-485e-9eb5-ae405775f54c
1983,1983,APB,One Day,933e76b0-4adc-4c7c-87a7-ae4a7361149c
1983,1983,"Ape, Beck & Brinkmann",Endlich ein Liebeslied / Regenbogenland,be39f7e4-ddf5-44b6-8529-c084c8e12728
1983,1983,Apes In Control!,Joined In The Dance / Funtimes,6210bdcf-9f3c-4046-a928-97796b6bdba8
1983,1983,Apollo,Les Mysterieuses Cites D'Or,854b6b4b-9218-46d3-ab94-5c99456e5c80
1983,1983,Arabesque,Dance Dance Dance,5011a9fa-9a6a-4c68-afb6-87f7f91ef1a6
1983,1983,Ard Eggens,Hallo Good Morning / Adios paradijs,948de75f-bf96-4ef2-be11-b5bfdc13ac62
1983,1983,Arejay,Don’t Make Me Wait Too Long for You / Kansas City Girl,c742519a-9a58-49fa-b34b-0db666defb4b
1983,1983,Aretha Franklin,Get It Right,3332c267-22c3-4d94-83df-a6fb17d6ed46
1983,1983,Ariane Carletti,Salut Yakari,e35bf61e-bbbd-4709-bdf6-062345d28e2f
1983,1983,Arie Ribbens,Akketdoe / De oorworm,2ef275a1-7090-4262-a03b-ca6c8a7b5f69
1983,1983,Arie Ribbens,Polonaise achteruit / Hier is wat loos,d81f6ad6-ee0e-303b-9403-afdfd47a338c
1983,1983,Armed Gang,Are You Ready,56fbfadb-e622-4a52-b962-8b75d50373b8
1983,1983,Armenta,I Wanna Be With You,e2fd59aa-4d3a-43cd-bb20-495f3244635d
1983,1983,Army of Love,Exodus,c8b36f0b-a78c-4279-bd16-c6f49c574439
1983,1983,Arne Jansen & Les Cigales,Als ’n meeuw in de wind / Miranda,d045b9a1-0b49-4f3f-909a-87d5960313e5
1983,1983,Arnie's Love,I'm Out of Your Life,907e6272-67b0-4035-a4d6-93408c8ca49e
1983,1983,Aroma di Amore,Gorilla dans de samba,025c86db-c09c-47ac-b2fb-eca22592c7eb
1983,1983,Art Interface,Secretaries From Heaven,149c1f75-8b5e-4c1e-987f-d1732b5d29e4
1983,1983-12,Art of Noise,Beat Box,bd874d71-8e2a-3084-99b0-ba0af2dbacd3
1983,1983,Art School & The Mighty Motor Gang,Lovin' You,f0535101-6e1d-48c0-9fab-1bd7802585db
1983,1983,Arthur Heymen,Can't Stand It All / But I Know,da9168eb-6e7f-48a2-98b6-94187756ccc2
1983,1983,Arthur Heymen,Mijn beste vriend / Kijk mij eens aan,7f3404ff-7c7b-4380-b746-044c5b60574d
1983,1983,Artist,Out on the Road Again,0f888b57-a5a7-4ea7-b2ba-803edc164a85
1983,1983,Aryan Disgrace,Faggot in the Family,eb9bc39f-ccff-369e-8fa1-5a6d035b667e
1983,1983,Asfalt,Et liv på vrangå / Onna ei større vinga,627ac337-3ce8-4bc5-b2ae-3c65941b815b
1983,1983,Asia,Don’t Cry,e8ca2c7a-a203-4428-9668-af9cbe9fe68d
1983,1983,Asia,The Heat Goes On,c83af7ff-4583-4ce7-aa26-cfc7075fb33f
1983,1983-10,Asia,The Smile Has Left Your Eyes,06be33d6-ef24-4cfc-9f33-9cf69049e018
1983,1983,Asso,Do It Again,79303878-7937-4afd-b58f-e7978d3e6eae
1983,1983-09,Atlantic Starr,Touch a Four Leaf Clover,56222856-3d60-4d51-8fd3-f91764ed2b8c
1983,1983,Audrey Landers,Little River,d947d8b7-0176-4a6b-ae0e-4a1f26917de8
1983,1983,Audrey Landers,Manuel Goodbye,b3153c64-1cdf-449f-bd4f-2935cc6a84cf
1983,1983,Aurra,Baby Love,2db2cdfa-ba5c-41e1-9edc-cf3f7bd54570
1983,1983,Austen Tayshus,Australiana,9b72d138-4bbe-4597-8401-eedd13eacf00
1983,1983-12,Australian Crawl,Louie Louie / Unpublished Critics,d94f2104-76c4-48aa-a8b7-8f49ad9d8524
1983,1983,Australian Crawl,Reckless,19e75dea-e819-4743-9715-46921be289e1
1983,1983,Australian Crawl,Reckless (Don't Be So),f428e59c-a314-4c8f-a571-1f2a6be77d2d
1983,1983,Auto-Mod,遠い声,93e2f645-4ff6-4e9f-a849-bc5ef1bf4e25
1983,1983,Avanti,Travelling Sunshine,8d36fab4-04ed-42f3-a625-63d0d35ce2f9
1983,1983,Avenger,Too Wild to Tame,4d6736cd-52f6-4f10-bd51-13d8056fe7bd
1983,1983,Avengers,Paint It Black / Thin White Line,278c9bbf-454d-4bfc-be21-8ff2a194947b
1983,1983,Avenue,Let's Give a Party,9ccdc88f-78c0-4dc4-9c0c-aa3ec1388cec
1983,1983,Awo Da,Trucks,5580b989-47a5-47a2-b627-ea5a6d9a7375
1983,1983,Axel Bauer,Cargo,422fb949-d7fb-45b7-ae08-20068aba08e8
1983,1983,Azra,Nemir i strast / Doviđenja na Vlaškom drumu,58c9942e-2702-48d0-b560-c7a7e34f3959
1983,1983-10,Aztec Camera,Oblivious,0bb5a121-3c1c-4005-869b-8b11d011f201
1983,1983-04,Aztec Camera,Walk Out to Winter,deab4e07-0982-36c5-ad93-02b4ddc543b2
1983,1983,Azul y Negro,No tengo tiempo (Con los dedos de una mano),862beb02-79e1-4de8-938a-fec2c4fe4aeb
1983,1983,Azul y Negro,The Night,5f0dcd9d-cc81-4343-9e95-348ee08d2b70
1983,1983,B Beat Girls,For the Same Man,2852e800-6dba-4afc-a72b-0b47c3c77bfe
1983,1983-03,B. A. Robertson,Now and Then,f77c293f-7099-48ca-83ef-735314b9357c
1983,1983,B. Rodgers,Tonight,c9d641ac-6678-474b-8965-d5a8b5024eb9
1983,1983,B. Rose,Hey D.J. (Give Me a Lot of Music),b095bc5c-a744-4496-9597-80d41876cac5
1983,1983,B.B. & Band,Hold Me Tight,9be81dd2-9174-4f19-bec6-6ba05835a9de
1983,1983,B.Rodgers,"Love You, My Love",8d74d11f-1d22-4983-98f8-6b9934455ea7
1983,1983,B.W.H.,Livin’ Up / Stop,fa732422-9321-3e9e-9d6f-ba984cc965f8
1983,1983,Babe,(Don’t You Ever) Shop Around / Boomerang,00987e68-394d-4478-9b2f-9712d6b2def7
1983,1983,Babe,Dolly the Doll / Last Kiss First Tears,a2bbe1ed-b856-420f-b53c-0435f3e3493f
1983,1983,Babe,Explosive / Shocking,e6c4e920-00a8-42ed-a65d-ffba944c3871
1983,1983,Babsi Balou,Hochsaison im Eissalon,6673eecc-ad8e-40c5-8b49-52d6678098c0
1983,1983,Baby’s Gang,Happy Song,cd6b4974-6731-4dee-8636-c6507354ea79
1983,1983,Badana,Badana,cb0ab649-3606-42c9-a319-ca81f93a3c79
1983,1983,Balder,Raus aus’m Wohnklo - rein in die Disco,579693a8-20f7-4731-ae3f-0b3595917ed0
1983,1983,Balder,Tanze mit mir in den Morgen,802cf7e0-f0d3-4639-8fdf-0585559e7f52
1983,1983,BAMFF,The Uncanny,61ab8e7c-b12c-4dde-b94e-86540fac0d42
1983,1983,Bananamen,The Crusher,e6a4cd2a-e513-499f-bd2d-247e3fbcfb1f
1983,1983,Bananarama,Cruel Summer,e71977c9-51b7-3335-aec1-34e8d39b94ec
1983,1983,Bananarama,Na Na Hey Hey Kiss Him Goodbye,bc420948-ca23-3d11-a625-dff8585a4394
1983,1983,Bandolero,Paris Latino,e37aed63-153c-3892-93d0-6184e449e7a5
1983,1983,Bandolero,Paris Latino + Tango Tango + El Bandido Caballero,60ef4c5a-aa50-4725-b2fd-056955709349
1983,1983-08-18,Bang Bang,Nur Wir Zwei,f749f993-cca8-4215-b104-2fda24f17e27
1983,1983-04-01,Bangles,The Real World,4ba224d6-163c-3d2b-858d-8dcfaad4388b
1983,1983,Baomus,De voetbalsupporter,6599be09-8218-4547-af59-6799539d7514
1983,1983-08,BAP,Nemm mich met,4aeef4b1-31c4-4e23-9c08-2afead830ce8
1983,1983,Barbados,Piratenzenders,30031a1d-ab7e-4e3a-8253-0167838bb6ef
1983,1983,Barbados,Putterlied / Zij kwam uit de polder,f91502ae-b0e5-4db5-b97b-8b37a289e0c1
1983,1983,Barbados,Zal ik jou een kusje geven / Door jou ben ik weer vrijgezel,70b26a2c-6294-4ded-a9ee-982fe5a42177
1983,1983,Barbara Mason,Another Man,ae739d7f-be46-4fdc-85cd-4ac2b8c2d10e
1983,1983,Barbara Norris,Strategy,dc181fb3-3209-4289-9364-abff4a6fb0a3
1983,1983,Bardo,Hang On to Your Heart,542c9fed-1897-41de-bc79-17fa2b979055
1983,1983,BAREK’AS,2200001 chômeur BAREK’AS,b3c81230-e252-4d86-aacc-4934fbcfa28e
1983,1983,Barrelhouse,A Love Like Yours / Bad Bad Loser,43f28f47-e869-420e-a694-6ac445d8d6bd
1983,1983,Barrelhouse,Sunday Morning / Teaching and Preaching,328d98b4-a115-492a-a76e-2b62ffe9d15c
1983,1983,Barrington Levy,On the Telephone,54f642fc-1e25-4c64-8a16-e62f6828b3c9
1983,1983,Barrington Levy,Prison Oval Rock,4c761554-b88c-47f5-9c88-934a983c5855
1983,1983-12-02,Barry Manilow,Copacabana (At the Copa) / Even Now,28e1a4d0-cea1-4335-8009-63e21eebef1d
1983,1983,Barry Manilow,I Wanna Do It With You / Memory,3f5775c7-6fe0-4237-9b22-0c5de088a9d3
1983,1983-12-02,Barry Manilow,I Write the Songs / Could It Be Magic,691c46be-aade-41c2-99f1-451f6bb4d251
1983,1983-12-02,Barry Manilow,Mandy / It’s a Miracle,1b848ce8-1241-419b-898a-b20076714d6a
1983,1983-11-04,Barry Manilow,Read ’em and Weep,2f0b88eb-758d-48cf-9dd2-cecd05431091
1983,1983-02-02,Barry Manilow,Some Kind of Friend,4aeb3471-e5e7-40f8-9ff6-70b69a7b0d20
1983,1983-12-02,Barry Manilow,Weekend in New England / Can’t Smile Without You,57241b9a-09e2-4337-b999-38e9b77ed165
1983,1983-08,Barry Manilow,You’re Lookin’ Hot Tonight,8ef6646f-1ebe-49a9-b6cb-45515042d7c8
1983,1983,Bart en Linda,Jij / Ik heb nooit spijt gehad,35ac1006-8b69-4931-8823-c6a4e0584529
1983,1983,Basking Sharks,Diamond Age,9c6eecb2-8aec-4a92-98b2-22dedfc1ee98
1983,1983,Battalion of Saints,Second Coming,81c70457-ddc1-3f1b-9a84-963dc9582786
1983,1983-01-15,Bauhaus,Lagartija Nick,8345793f-481b-3219-a003-cbbd77100f9f
1983,1983,Bauhaus,Sanity Assassin,1eafa5c6-2f0f-348f-b155-24f1b6a92103
1983,1983-04,Bauhaus,She’s in Parties,665d5cb7-ec79-3d46-9ed7-b75469cce4c4
1983,1983,Baumann,Strangers in the Night,4032fd55-7e25-4eed-8184-8f62cdde9afe
1983,1983,Beast,New Moone / Guardian,90846844-746f-4643-9369-0b5a41c321a5
1983,1983,Beautiful Ballet,Energy,6f716c39-dfc8-4a12-8fe5-8f9dcc0d780f
1983,1983,Beco's,Berkenwals / Becowals,c558ca83-5b5d-4ab4-8cf2-a981f17a0982
1983,1983,Bee Gees,The Woman In You (Extended Version) / Saturday Night Mix,aac5784a-52b5-4abb-ad95-d16967c818b4
1983,1983,Beige Neige,Don't Let Me Down,e93b3182-700d-4c9d-8061-3ecf02432181
1983,1983,Beige Neige,Stranger,4951e973-9983-400c-8046-233cf0585544
1983,1983,Belaboris,Odotus,e99a37ce-cc81-4764-9224-3738b4e87a41
1983,1983,Ben Erkens,"Auw mögk, hie blifs-te lache!",d1889e87-1388-46cc-bda0-f359fdf8dfa9
1983,1983,Ben Lansink & Jan Gerrits,Denk en zet Westerhaar,64513adb-495e-4185-9806-945b973c2a10
1983,1983,Ben Mol,Oh Susanne / Natascha,a759784d-160d-44be-b12a-fa44b2b8ba13
1983,1983,Ben Steneker,Take a Ride in the Country With Me / There Are No Winners in War,8a9e43ca-7317-412a-882f-c54fcfb5bb48
1983,1983,Ben Steneker,Then Came May / Gwendolyn,50ff3bde-814f-4bc3-91ae-8c21b764b64c
1983,1983-02,Ben Watt,Some Things Don’t Matter,4f1864a8-188d-4d14-bae8-e7f6ae389332
1983,1983-09-13,Benatar,Love Is a Battlefield,907a0c11-0991-3e6f-b359-1e3c3f0af83d
1983,1983,Benito,"Dromen, verliefdheid en wijn / Margarita, signorita",816c4281-18da-4e52-a3ac-23ed18e84089
1983,1983,Bennet & Bee,I Got You Babe / A Matter of Time,2b13671e-c1a4-44fb-9ffb-3c2b4de22678
1983,1983,Bennie Braxton,Come to Me / Blue Sky,f205d400-2b13-4fd4-9913-5e0575c0ed17
1983,1983,Bennie Vloedmans,Truckchauffeur,5b270f69-855c-4a56-8ee1-80bfe4f42367
1983,1983,Benny Neyman & Bonnie St. Claire,Comme un amour d'été / Les images de l'enfance,4a660e23-d196-4e20-a1ac-4403f3f6de1a
1983,1983,Benny Neyman en Bonnie St. Claire,Verder valt ’t wel mee / Liefde no. 4,d018bfe1-b537-4177-b8ec-8707814f2dda
1983,1983,Berit,Sinä olet hän,226d75b3-fa38-4f51-9ef6-6ae482cc96eb
1983,1983,Berlin,Masquarade,21da4b4c-7017-4340-bede-6268ae9e17dc
1983,1983,Berluc,Gradaus,c88719cc-c222-4182-9c94-122f585bdc32
1983,1983,Bernard Lavilliers,Idées noires,a58c367a-c1bf-4b02-a143-2f0761710d22
1983,1983,Bernard Lavilliers,New York juillet / Le Clan mongol,9ccd7a2c-e2c2-4fad-8520-c578999b9663
1983,1983,Bernard Menez,Jolie poupée,bafbb479-b593-438c-835c-21a9f34938cb
1983,1983-08-30,Bernd Clüver,Ein leeres Boot,eeb75b0a-38c2-4f5e-831b-8b9f91664716
1983,1983-03-31,Bernd Clüver,Mit 17,566754e3-4ca0-40a8-9bdb-32524d3f7b04
1983,1983,Bernd Schütz,Nur für dich (reiß ich die Mauern ein),a5a0f0ee-06ae-4cb1-a694-6de732a5ff8d
1983,1983-03,Bernhard Brink,Dafür leb ich,5f054f3f-5371-452c-903d-4d42cfe89015
1983,1983,Bernhard Brink,Geh' oder bleib',cdd65ede-d925-4c1c-9131-3bf16f8cb1d1
1983,1983-09,Bernhard Brink,Ich kämpfe um dich,28e8353e-a63d-4cfd-b19e-38d82757a6c0
1983,1983,Bernthöler,My Suitor,12345a38-5263-33e9-b14b-6d6ca63af4a7
1983,1983,Bernward Büker,40 Tage Wüste,6add7e3d-8a6e-4c2c-8c81-7afdeaf63360
1983,1983,Bert Tinge,Hoe kon dit ons gebeuren / Mijn hele leven,23658a6b-5650-4aba-b793-8ba58da36f40
1983,1983,Bertina,Geef me je hand,e36d2c81-86f9-429a-9198-360cd185ed39
1983,1983,Bertje,Radio de zeehond,6c8f27b5-dd24-4950-b268-cfcd2d74153d
1983,1983,Bertje Beenen,Dat kan niet doorgaan zo / Opel Kadett,d0b6ed1b-e18f-4703-9b36-5742fce1d68f
1983,1983,Bertje Beenen,In de discotheek / Tranen van verdriet,9c683f74-ecb9-453c-be58-75854feaf979
1983,1983,Bertín Osborne,Fedeltà (Siempre asi),591869f4-e5da-4433-bde9-265a94652649
1983,1983,Bette Midler,Beast of Burden,1e9da2a9-e0df-4542-a3e5-2a9bba670b89
1983,1983,Bettina and The Moodbrothers,Wie stuurde mij rode rozen / Jij bracht vreugde in mijn leven,32a56874-e543-4ba7-b94f-2a38c23f0248
1983,1983,Bettina Wegner,Stille ist's,b8ad5b55-ad8c-422a-9246-ae1269617f82
1983,1983,Betty Wels,Ongemerkt / Even samen,12a7ae18-806f-490f-ade5-b7088281eee0
1983,1983,Beverley Skeete,If the Feeling Is Right,874cc213-7f45-42e5-9612-e391d377a875
1983,1983,Bezerra da Silva,Pagode Na Casa Do Gago,a8f2232f-0aa6-42ad-b642-e9f22e65e0f3
1983,1983,Bianca,L'amour,fd5f66ea-30de-47d9-b86d-f8bb5c9fdb51
1983,1983,Bianca,When You Awaken,11daa953-380e-438a-87cc-41d7fabc8f2a
1983,1983,Bibi Flash,Histoire D'1 Soir,b249062d-8c2c-48fe-9cd4-14ac60283c5a
1983,1983,Big Alice,I miss you (Lost in Pain),a82a0ae0-43bc-44b6-b92d-bd7ba5094237
1983,1983,Big Ben Tribe,Heroes,0435d312-919b-4649-9ffd-2ff6da6f2cd5
1983,1983-08-26,Big Country,Chance,7785b42f-c838-4b69-bebd-05a1fd7c0769
1983,1983-02-18,Big Country,Fields of Fire,8b1d83a4-33f6-4568-8e5d-ddc251d333de
1983,1983-05-20,Big Country,In a Big Country,646a06e7-590b-4e0b-a506-2f5cb51a4732
1983,1983,Big Tony,Bubble Up,5f7a21c0-6108-42df-b026-1c062446adf3
1983,1983,Bileams åsna,Saab turbo,964e6513-10c2-4ccd-a2f2-182e151666dc
1983,1983,Bilgeri,Late Again,e148a5e0-264c-4c5d-90a2-5a505c5351d6
1983,1983,Bill Anderson,I Love You Drops / Still,0149e8ca-8ecd-4fbf-afaf-ce9136ead35b
1983,1983-10,Bill Anderson,I Wonder If God Likes Country Music,943e198a-eaf8-4832-a715-a4a4c9d33b5e
1983,1983,Bill Anderson,Son of the South,e0503a28-c65a-4512-8db5-017f5d4d1762
1983,1983,Bill Anderson,Thank You Darling,a5a7df44-30ea-48c7-9fa1-0effffe631f1
1983,1983,Bill Banfield,I'm Won,571c49ae-fc42-4e17-86ab-2f7bfb7d5ffa
1983,1983,Bill Baxter,Tarzan chez ses parents,6fc809ea-5bf0-4b47-b423-fccb2d1ed62e
1983,1983,Bill Baxter,Vichy fraise,90abc334-b2b2-46a2-8ce0-509b38727350
1983,1983,Bill Fredericks,Too Busy Thinking About My Baby,5487207d-1629-4f5e-aabd-0f92c2502a77
1983,1983,Bill Nelson’s Red Noise,Bill Nelson’s Red Noise,2ed732db-516b-4f49-b5eb-f2743f402c7e
1983,1983,Billie Jo Spears,Midnight Love / Midnight Blue,f1668912-07f3-46c9-b504-d83cf64f0337
1983,1983,Billie Jo Spears,We Just Came Apart at the Dreams / Can't Change My Heart,ec47d14e-9e75-412d-97b7-3868b0080f9b
1983,1983,Billo's Caracas Boys / Andy Montañez,Pasito tún tún / Mango del monte,e221c125-0487-4f67-a594-5ff9799aa799
1983,1983,Billy Connolly,You Take My Photograph (I Break Your Face),2ed0f169-dd1b-4242-8ba8-31c844721610
1983,1983,Billy Idol,Rebel Yell,9f78a45b-ab97-4609-8b17-7980253ed3d5
1983,1983-12,Billy Joel,An Innocent Man,4b1f5346-fcae-456b-ad53-1edf24eeb184
1983,1983,Billy Joel,Keeping the Faith,a906c573-1102-4032-9597-e54fb47fdea5
1983,1983-07,Billy Joel,Tell Her About It,518c355c-a904-3c45-9889-863b6a61710a
1983,1983-09,Billy Joel,Uptown Girl,c1c63495-9abf-301c-8ea0-f98f9031e673
1983,1983,Billy Rankin,Baby Come Back,14f00237-1983-4375-ab5e-42c08e1bbeb1
1983,1983-12-01,Billy Squier,Christmas Is A Time To Say I Love You / White Christmas,3ff0c3c1-e6d9-4194-b0df-aaf599f4654a
1983,1983,Billy Walker,Wakin’ Up to Sunshine,3f97caa8-1765-429f-abc4-4f9061322c0d
1983,1983,Binnenste Buiten,Rijden,8918025a-1f60-41b9-8e8d-9637176b2db1
1983,1983,Bintangs,"I Wanna Be Your Cigarette / Old Cats, Young Rats",22c15437-7301-49b4-949b-ce750e567b29
1983,1983,Birch and Hallam,What You Say,a6ce1c49-513d-4006-ba1f-2735bc3ed075
1983,1983,Bizzy & Co.,Take a Chance,3a8f54fc-8616-4c20-82b0-56baa346eb70
1983,1983-02-23,Black Gold,C’mon Stop,cf7fb701-a5df-434a-9b34-19e367f3af14
1983,1983,Black Inferno,Black Inferno,fea42136-abca-4a61-a2dd-51ae76e9171e
1983,1983,Black Uhuru,What Is Life?,13a9e670-8677-415e-a2fd-5d91d15102a7
1983,1983,Blanc De Blanc,Blanc De Blanc,62bd5656-60f6-4e51-b930-7fa891123ad9
1983,1983,Blanchard,Anachronique,b030ea37-2791-4ff0-89e7-fe7aaf6b6bde
1983,1983,Blanchard,Papous,738d94a2-e115-4cbf-ae29-1d2e081fbf64
1983,1983-04-07,Blancmange,Blind Vision,9be8c457-a2d0-3cf5-95a0-b1df3e9b286b
1983,1983-11,Blancmange,"That’s Love, That It Is",40743add-b3c6-3859-86ed-6896da9d5e19
1983,1983-02-19,Blancmange,Waves,8a2677e1-8e0f-3fc5-8dc8-8216a31d2bd3
1983,1983,Bleu Nuit,Un an sans toi,ec85c406-288b-489d-99c1-16bbc0df1cdc
1983,1983,Blind Petition,Highway Devils / Oh No!,a5ebffff-4da9-45a9-8891-1c44eea20912
1983,1983,Blitz,Help! (Lieveling help),7c780b77-d5e6-4e30-a804-bcae4ad2dcb1
1983,1983,Blitz,New Age,5d2a4a7d-74c3-45a1-a87d-714d3f38b6a6
1983,1983,Blitz,Solar,1e8dce66-fcef-4c5f-8f02-ff23f6bf9773
1983,1983-04-30,Blitz,Telecommunication,c0f638e1-9810-4d59-b62a-cf6a0f9d1ed4
1983,1983,Bloem,Hollandse jongens,5a0bd905-9535-47c8-b20c-02fcc45786ef
1983,1983,Blood & Roses,Love Under Will,de0337f9-a1e5-40fa-ba84-ece646a317ff
1983,1983,Blowin Free,Forgive Me,98749b4c-dcfd-4e57-ae4c-5243bb67e7ff
1983,1983-03,Blue Feather,Let It Out,76ebf91d-7252-400d-b7b6-67ecb189c93c
1983,1983,Blue Gas,Shadows From Nowhere,3f2a7889-73e8-4e00-ba76-30b54fbcf18b
1983,1983,Blue Rondo à la Turk,Change,ebe7e57d-3a67-482d-8ff2-5ef8e5d8413b
1983,1983,Blue Rondo à la Turk,Slipping Into Daylight,4f5ee8e8-f510-4425-9e3c-c69ac0fd9150
1983,1983,Blue Zoo,Somewhere in the World There’s a Cowboy Smiling,b504fbec-97d8-44b0-bf7c-e67a2bef8e5e
1983,1983,Blueprint,Ritespot,54e6e4ed-8840-495a-a94d-995646c77399
1983,1983,Blümchen Blau,Weihnachtsmann,8c87d28b-4af6-4199-bc2d-22d5c1e965dd
1983,1983,Bo de Groot,"Was vorbei ist, ist vorbei",7784d346-dcf2-4e28-8df7-da9eba62606b
1983,1983,Boamus,De voetbalsupporters,327c5f4c-8e8c-4713-abb2-7c071a4426d6
1983,1983,Bob Marley & The Wailers,Buffalo Soldier,53415b3b-c904-4847-9a66-75d1276c6caf
1983,1983,Bob Marley & The Wailers,Trenchtown,00a9b783-893a-46ca-94c2-f5d3101e44b4
1983,1983,Bob Veenstra & Opoe Martje,Het oude dorpje / Als de zon schijnt is er schaduw,5df08ff5-6b35-420e-9700-8bd643f90448
1983,1983,"Bobby ""O""",I Cry for You,30cf95c0-c1d6-4cbc-bbf7-fcb50a4939ca
1983,1983,Bobby Bare,Diet Song / Stacey Brown Got Two,c1338b3c-9d7c-4ead-a22c-1c6159d61b9c
1983,1983,Bobby Bare,The Jogger / The Gravy Train,0ad8bb59-3ef0-4c1a-8e52-2bcceaddc83e
1983,1983,Bobby Freeman,(I Do the) Shimmy Shimmy / You Don't Understand Me,502c833d-73e5-4cbc-a7c3-9b9b0d960653
1983,1983,Bobby Klein,Jode Bobby / Cowboy Johnny,b3523014-ce8e-4606-941f-befd51608e65
1983,1983,Bobby Prins,Sancta Maria / Ik zoek naar ’n dorp,3a5aca76-8f84-4d50-98ad-42a4e3b478e0
1983,1983,Bobby Setter,Fats Domino Medley,464caa8e-b880-46b8-a6d0-8816be496ca3
1983,1983,Bohannon,Let's Start the Dance III,56f41bd1-69f3-434b-9623-99870a216e1e
1983,1983,Bon Bon,Doe's wat met je lijf,318ffbb5-e0be-445c-b642-a31d05d4e44c
1983,1983,Bon Bon,Nostalgia di noi,713d3fdc-7adb-430e-89c5-d2aa046cf5e1
1983,1983-09,Boney M.,Jambo - Hakuna Matata (No Problems),ad371e39-8051-4041-b788-afaf09cc38e7
1983,1983,Bonkie,Ode aan de vrouwen,e1e85694-60b4-435e-ad9e-79dc46d20087
1983,1983,Bonnie,Ons eigen geluk,a9b74881-e635-48c9-a062-2a72b27adfab
1983,1983,Bonnie St. Claire,Kwart voor één / Voorgoed voorbij,c3085fc0-ace4-472f-a58b-eb51e29505a8
1983,1983,Bonnie St. Claire,Sla je arm om me heen,7eeb346b-8ce8-48a8-a73a-3d24f8228cac
1983,1983,Bonnie Tyler,Faster Than the Speed of Night,80965f73-e448-4966-9ff1-b28a912f61b2
1983,1983,Bonnie Tyler,Have You Ever Seen the Rain / It's a Jungle Out There,44dde10a-db5c-4331-bbb0-f790a7d4edfe
1983,1983,Bonnie Tyler,Have You Ever Seen the Rain? / Getting So Exciting,9b09f37c-4a4b-4129-b10b-773078ed6e64
1983,1983,Bonnie Tyler,Have You Ever Seen the Rain? / Tears,b6ee6a49-4c22-4846-b82d-f8e0459aa381
1983,1983,Bonnie Tyler,Have You Ever Seen the Rain? / Time,fc4bf85c-526f-4e9c-bf88-eff06d7958c9
1983,1983,Bonnie Tyler,Straight From the Heart / First Love,ad38dd6a-461b-430f-8fe5-fd1c025cf8d2
1983,1983,Bonnie Tyler,Take Me Back,d8eb2d66-e6ed-4846-a04a-a4dc0a2b8172
1983,1983,Bonnie Tyler,Total Eclipse of the Heart,713e5bb8-1afd-4230-87f9-f7fa482e1f1f
1983,1983-02-11,Bonnie Tyler,Total Eclipse of the Heart / Take Me Back,6367338c-0ee6-4158-bbcc-5ec76388f5a7
1983,1983,Boogaloo,Dancing Queen of Mykonos,df711b32-6d42-4b20-8796-b92ffc254f76
1983,1983,Booker Newberry III,Love Town / Doin' What Comes Naturally,6bee1622-039a-4cc8-ac62-6adb404415d3
1983,1983,Boris Parker,Thinkin of You (Ha! Uhu! Uhu! Ha! Ha!),401dffa0-8cd2-4f19-9276-b3d71a9d5e79
1983,1983-07-05,Bourgeoisie,The Galloping Redeemer,5f8d94bb-f9db-4496-a95e-c08f38f6b0ec
1983,1983-07,BOW WOW,絆 FOREVER,d8187f5d-241f-4f0a-be54-48092d0e398b
1983,1983,Bow Wow Wow,Do You Wanna Hold Me?,54cd6e1e-1353-4259-acde-4884da41d5f7
1983,1983,Bow Wow Wow,"Love, Peace and Harmony",a199ba72-c0f5-4559-9ba0-16fc66c648fa
1983,1983,Box Of Fish,Erosion,30cf7078-79cc-49a9-8e24-c337007eb9ee
1983,1983,Boy,Overhaul / Not Old Enough,7b9d6d28-34d4-456d-bda0-d1e8704c2da0
1983,1983-03,Boys,Lonely Dreamers,8dde8955-b94c-42ab-adac-cdfec7d95b7a
1983,1983-10,Boys Brigade,The Passion Of Love,5b79c4a5-9142-4137-8235-2d642d453790
1983,1983,Boytronic,You,26703a7f-7039-398d-a498-aca543db940c
1983,1983,Brainfever,Capture the Night,e349fc43-8719-422d-872c-81f14cb7d01d
1983,1983,Brand Image,Are You Loving?,44dc197f-056e-4a7e-b809-33389a836c25
1983,1983,Branduardi,Cercando l'oro,836c295f-f6b7-4823-bfc8-d10cc5e60ba8
1983,1983,Break Machine,Street Dance,4c3e022f-e74f-4016-a864-3d2f27081467
1983,1983,Breeding Ground,Reunion,71c3ecfd-0716-4831-a5b9-d5d1267797f0
1983,1983-01-01,Brenda & The Big Dudes,Weekend Special (Remixes),db608ab2-2fce-4cff-87e2-e055ba758d45
1983,1983,Brian & Zan,Pump Your Body,5346d56e-fc1f-4f8f-96b8-0dd08b861401
1983,1983,Brian & Zan,Schemin' on You,6bb00592-15e9-3fe8-bd82-e85610765815
1983,1983,Brian Jaye,Sit Back Sally,48f5624b-335c-44a8-a770-1cd9fd64312d
1983,1983-10-24,Brian May + Friends,Star Fleet,9f0fcd57-df15-4172-9911-af304f1bf0bb
1983,1983,Brigitte Fontaine & Higelin,Cet enfant que je t’avais fait,23a923e5-2011-4327-937e-6e3e2f714ffc
1983,1983,Brilliant,Colours,54d86e57-d8dd-45dc-ab29-589847d752c4
1983,1983,Broadway,Iedereen moet ’t met minder doen,42b63e47-1801-43f4-a9cb-89529a4bb290
1983,1983,Broadway,Wie heeft er voor mij een baan?,121cee87-f86e-4d1f-b1ed-2a5902f95160
1983,1983,Broken Bones,Decapitated,f4097252-fd70-4003-8494-c0b5d6e1ec4e
1983,1983,Brook Benton,Blue Decorations / Child,621b9d38-caff-43a6-aa0e-8cec51dabadf
1983,1983,Brotherhood of Man,When the Kissing Stops / Too Late the Hero,e556affe-8a47-47bf-9a30-48ea069b1532
1983,1983,Bruce Foxton,Freak,bf247319-cc98-41fd-9fe3-1614aaf5b96e
1983,1983,Bruce Foxton,This Is the Way,ad95b448-ba02-47b5-bf62-01ed683d42e0
1983,1983-05-27,Bryan Adams,Cuts Like a Knife,880f98c8-01e2-4f61-813a-7e25d0ab2243
1983,1983,Bryan Adams,Straight From the Heart,55efa746-9264-46e4-9790-9d787ac3fc60
1983,1983,Bryan Dalmini,Tonight Is Right,34c72c7d-40e3-4661-883f-bb2074d7e613
1983,1983,Bryvan Stage,Wayout!,d10cf401-aadd-4017-a6ca-b546185006c1
1983,1983,Buba & the Shop Assistants,Something to Do,868c7eec-0b89-31d4-852d-109fae9f667b
1983,1983-09,Bucks Fizz,London Town,abdcf19b-0f6d-4a64-a984-067dedd00434
1983,1983,Bucks Fizz,When We Were Young,3b52b7bf-b8d5-4f93-8353-0ab363552af0
1983,1983,Buick KBT,Walk in the Garden / The Bells,56037d39-673d-4c26-aa1a-cdcf7c89516d
1983,1983,Bullamakanka,Dr Who Is Gonna Fix It,458eac6e-789f-46b8-914b-7f3aaadb8598
1983,1983,Bullet,I'm Billie Jean,69167b5e-6996-4211-8b10-6fb2e4d16a26
1983,1983,Burning Vision,Heavy Metal Battle,ffb5a062-518a-4eb3-8d13-68d1546def08
1983,1983,Buzy,Adrian,9a5951bb-3699-4e4b-8e14-3960790501b4
1983,1983,BZN,Just an Illusion,19b71093-758a-42f4-a05c-a1e1e6e5ef84
1983,1983,BZN,Le légionnaire,a720de8c-9590-4d9c-9838-e69dbe5ff8db
1983,1983,C. Orchestra,Baby Love,ef72587a-476e-4f05-821b-5a33dd00a067
1983,1983,C.O.D.,In the Bottle,2b416839-06a0-4101-8a8c-9e59033eee0e
1983,1983-07,Cabaret Voltaire,Crackdown / Just Fascination,938ac844-2876-3127-8cc7-2d3e2814271c
1983,1983-02,Cabaret Voltaire,Fools Game / Gut Level,7bd8c081-7310-302f-893b-19acc11f8660
1983,1983-07,Cabaret Voltaire,Just Fascination,ace98dc2-4ea6-3425-9d56-dfbad62eeae9
1983,1983-09,Cabaret Voltaire,The Dream Ticket,acafa071-ef0a-3f92-a259-35b58fc04cbb
1983,1983-05,Cabaret Voltaire,Yashar,ac3e1b3c-128c-3ab0-af54-236af7bf3156
1983,1983,Cahit Oben,En Büyük Şaban,8aecf21f-9950-41b4-bce9-2a0d88aa9908
1983,1983,Calimeros,Du bist wie die Sterne so schön,85fc8d6c-5201-479e-9c90-06f53df9a123
1983,1983,Calimeros Band,Kreta,b657c6c9-7e21-4b6f-ac12-2b45f874907c
1983,1983,Camaro's Gang,Move A Little Closer,6d4f0ad5-6276-4fba-b0c2-a72a998f3b2c
1983,1983,Camilla Motor,Der Zauberer,7894c6f2-da43-4d4f-a273-42e20066b509
1983,1983,Caméra Obscura,Destitution,c81bf3f7-87a8-497e-a596-004a23c718f8
1983,1983,CAN,Moonshake,0f7f7036-2752-42f6-8170-1b59e1934091
1983,1983,Candela,She Said,ab09fc72-656a-4bc3-b815-0512f0565478
1983,1983,Cannonball Adderley,Alison's Uncle,da8c2a94-c22a-3a81-8a69-c5bbf15333a7
1983,1983,Capsones,Mambo Italiano / Funky Machine,10e94a6b-693c-4a5d-b3ee-37a151b1fe31
1983,1983,Captain Rapp,Bad Times (I Can't Stand It),83c7c04e-6e6b-343d-a41d-5edfdfaa8842
1983,1983,Captain Rock,Return of Captain Rock,03a15ed5-142a-3bda-9afb-5efc79325879
1983,1983,Caramba,Fedora (I'll Be Your Dawg),e80737df-3e06-4e12-ac6d-b80059b95111
1983,1983,Caravan,You and Me Tonight,0bf0a73d-5aac-4607-96d8-df590efaa5bc
1983,1983,Carcrash International,"The Title Track From ""The Whip""",7077f647-64e9-4923-a47d-5d303bcdf2cb
1983,1983,Caren and Connection,I’m a Woman,9f32b94f-ea95-4ff6-8846-9ce2a7b41c61
1983,1983,Carl & Pearl Butler,Don’t Let Me Cross Over,0edb94f3-5d93-410d-9a0a-6d20d6b2ccc0
1983,1983,Carl Myrén,Jag flyttar in hos mig,f5fd3597-b472-4488-8f68-bec8f5c2ae7c
1983,1983,Carl Wilson,Givin' You Up,10516883-c4f1-4248-90e7-6b32d6ed317c
1983,1983,Carl Wilson,What You Do to Me,6586d353-bbb0-497e-a282-b98ac0fd2035
1983,1983,Carla,Als straks de zon gaat schijnen,80be568e-807d-4414-8783-b90a794af528
1983,1983,Carla,Hoe kom ik in een discotheek,ce35bc40-2db7-46d2-951c-3a649317c82c
1983,1983,Carlos,Fanfan la fanfare,c1d6ff52-8e61-4b91-a48c-914b9f80e583
1983,1983,Carlos,Papayou,8118f948-3d6e-4e2a-9ecd-134f10e260d0
1983,1983,Carlos Bona,Serpente / Fruta bonita,bc18f7f4-7d01-41ca-a70c-2210d86f45c1
1983,1983,Carlos Paião,O Foguete,f57b55bb-c819-4e26-a8cf-71637a9aa4ad
1983,1983,Carlsberg,Anyone Who Had a Heart,f32a511a-bbe7-4489-bdd5-f846d9d27e3f
1983,1983,Carly Simon,Hello Big Man,ca807c96-c448-4403-aeae-d76f3a9795fe
1983,1983-08-24,Carly Simon,You Know What to Do,c8fd393d-b44f-4f15-951f-0de2e4c72ecb
1983,1983,Carmelo La Bionda & Michelangelo la Bionda,Cane e gatto,4f987b2c-37c8-4fdb-94a3-eb5f88642d9d
1983,1983,Carol Campbell / Les Cliff,Between Me & You,28ac2342-4075-43b0-a17c-e561086e9dc0
1983,1983,Carol Douglas,I Got Your Body / Got Ya Where I Want Ya,8b4c74b0-fecf-45db-9f78-317af6dc61e9
1983,1983,Carol Kane,I Don’t Believe,b0801cb6-8d33-4b05-83ae-33680f55d788
1983,1983-03-08,Carol Williams,You've Reached the Bottom Line,fb81ef3a-9d83-457c-8ffd-4de91fa59c37
1983,1983-03,Carola,Främling,2881b629-2540-469d-bf32-2fbeccfca2bb
1983,1983,Carola,Love Isn’t Love,83a8b208-57da-474d-adcf-f6dad7726d8f
1983,1983-09-22,Carole King,Crying in the Rain / Sacred Heart of Stone,d777df32-53f1-4607-93ec-7825f629b74e
1983,1983,Carole King,Speeding Time,5103ccc8-55c9-4cf3-b80f-cd3c49c070e2
1983,1983,Caroline,'t is te gek om weer verliefd te zijn,853243e8-99d0-4b40-adb5-8e6c77622741
1983,1983,Caroline Cler,Alice au pays des merveilles,e3677b18-90f6-40a7-9c86-f61b1f575c17
1983,1983,Carroll Thompson,Honis I Do,3b8ebf20-8776-486f-94bb-8872707b3493
1983,1983,Casablanca,Wonderful Train,59c2c00f-6f23-4aa0-9055-ca7d1119bd24
1983,1983,Casco,Cybernetic Love,e9b1eb33-a9e2-4ac1-b2f0-bebadbe8d4e3
1983,1983,Casco,Livin' Up / Stop,6f9e2323-6560-4a8e-9bd4-6dae99179f75
1983,1983,Casino,Turn On,d793c252-904b-4de6-8be9-5127dff5959e
1983,1983,Cat Gang,Locomotive Breath,8dc46304-41a3-4f4d-8baf-60ec4d17b47d
1983,1983,Catherine Lara,T'es pas drôle / Sales gosses,da0cbbe4-59d5-4393-8942-0be24c790abb
1983,1983,Catherine Ribeiro,Jour de fête,a30986b9-ae57-4432-872d-5421ff4f57fa
1983,1983,CaVa CaVa,Brother Bright,849e9fb9-7d55-4fe5-b69b-99bfb45c1a51
1983,1983,CaVa CaVa,Burning Boy,3e394e2b-7edc-49e5-a5b6-c0032f228e62
1983,1983,Cecilio Alva,El Rompecabeza / No Me Digan Nada,7725f71b-f38a-4851-8243-67f936e0d2e5
1983,1983,Cee Farrow,Should I Love You,74c620dc-7450-41ca-95af-61638f28cb36
1983,1983,Cees & Marjan,Het lied der liefde / In Manuel's taveerne,0c2d7f18-1e48-4875-830c-236460e19f90
1983,1983,Cees Draaier,Bloemen beppie,29e680fa-c88c-4a61-b8a4-e053be761d74
1983,1983,Cellophane,Gimme Love,88008508-d8f5-4885-9c52-c9cdfa8d37dc
1983,1983,Central Line,Nature Boy,ddf1bac5-5f32-4ad2-92d9-0a5bc0b05194
1983,1983,Cerrone,Cycle’s Woman,f716696f-5530-4708-adad-a1620532e507
1983,1983,Cerrone,Freak Connection,8f2ed4c9-a8c2-4ff2-be54-b1342c818d9d
1983,1983,Cerrone,Where Are You Now,979b98a7-4545-4ec7-8b0c-6eacc78653f1
1983,1983,CH3,I'll Take My Chances / How Come?,93823ada-d49b-4154-9ee6-b57238a94efd
1983,1983-03-22,Chainmale,Freakout,85f33fdd-80b2-493f-8071-54192503f48d
1983,1983,Chantage,It’s Only Money,57f97cbe-444e-4be5-b5a6-ebd7f77adb74
1983,1983,Chaos,Chaos,7225ca01-d916-4dcb-a299-f8731ef43214
1983,1983,Charade feat. Jessica,Got to Get to You,7a12ce0b-2aee-45e5-8f5b-c6214954e678
1983,1983,Charged G.B.H.,Catch 23 / Hellhole,4d14f78f-7015-4743-88a8-f4f718c6fd6d
1983,1983,Charles Aznavour,La Salle et la Terrasse,8769a2c2-a0ac-4164-bba0-03cf3234501e
1983,1983,Charles Aznavour,Trèfle à quatre feuilles,57894477-a09e-43fc-bc9d-2c84ef0b7ba2
1983,1983,Charlie,Spacer Woman,ba677a25-4445-32e6-89d4-6d6e1ca527d8
1983,1983,Charlie Bandy,I Better Go Home,d55af674-ad7b-46d5-9c65-f678da648957
1983,1983,Charlotte,Als je voor ’t eerst in de ogen van ’n jongen kijkt / Ik zou de hele wereld kopen,7d9b9ac2-d6f8-48b4-af88-b05127672e1f
1983,1983,Charlotte,Hoofdprijs in de Loterij / Cupido,58a62f56-d467-460d-a241-f5ab18a80634
1983,1983,Charlotte,Stupid Cupid / Ik ben verliefd,9f6e84e5-ef61-44e3-86d9-3dd54903b632
1983,1983,Charly Kriechbaum,Es war verkehrt / Kane wird eam kriagn,48beba61-8716-4092-9a7b-0a85e232061a
1983,1983,Charly Kriechbaum,I sitz im Beis'l,1f62f4fd-b0e5-43ac-83d1-f06930eb3997
1983,1983,Charlélie Couture,Local Rock / Tu es loin,f2cbc427-4f0e-4e06-8988-d64229690243
1983,1983-08,Cheap Trick,Dancing the Night Away,994946b2-233d-479f-981e-121a8d952765
1983,1983-10,Cheap Trick,I Can't Take It,5b6e1e2f-118f-4467-babb-7c6abde56125
1983,1983,Cheap Trick,Next Position Please,f7f60c65-e6bd-48ae-969b-4899135f6c78
1983,1983-02,Cheap Trick,Spring Break,3fed2eb5-0830-4254-8507-00a54f24ecda
1983,1983,Cheaps,Moliendo Café,4ac01d36-d203-45ca-a9ff-1879bc44ec05
1983,1983,Checker Kabb,By My Side,381c59b6-c270-438a-b909-acaf4545b995
1983,1983-12,Cheryl Lynn,Encore,dacebbb5-4c30-407d-b73e-4adbb45bc79b
1983,1983,Chi Coltrane,I’m Gonna Make You Love Me,165bc6af-1205-4420-8d6d-992f1664835d
1983,1983,Chic,You Are Beautiful,be15b2a9-00b9-4e71-ab22-5fddcfd0fbfd
1983,1983,Chicken Charley / Het Kermisduo,Vanessa’s B.H. (Vanessa’s Square Dance) / Wiener Mars,40314e69-80ab-4ea1-ac00-f327aabb2cdb
1983,1983,Chico Johnson,Loop De Loop (With The Peppermint Hoop),4f95d1de-56c8-4ca8-a15c-fd8ed811007e
1983,1983-09,Chilly,Goo Goo Eyes,e21297bf-2a13-4753-b94d-0fbaf019c1e7
1983,1983,China Crisis,Tragedy and Mystery,7536f7aa-1f3c-4047-89af-45ab8eb23846
1983,1983,China Crisis,Wishful Thinking,cab74a44-6bb0-471a-825c-e216f276a56b
1983,1983-10,China Crisis,Working with Fire and Steel,d98954b3-9669-417f-95c4-1b9817c9e077
1983,1983,China Town,Bette Davis Eyes,367f53b0-2801-4913-92e2-3e7fdc42793a
1983,1983,Chris,San Francisco Night,f7aa1443-5c30-461b-a303-68409f325e83
1983,1983,Chris Braun Band,Ich will nicht weinen,d3fff2f0-b155-4adb-804c-22ca16181b1d
1983,1983,Chris Debuut,Ik loop met molentjes / Houdt 'm vast katharina,65e88d70-3485-4613-b503-13308fa3e9f6
1983,1983,Chris Evans,Bouc Boogie / Rockabilly (Tout Le Monde S'éclate),ace44615-d99b-4d1a-8c18-21e4165e7437
1983,1983,Chris Owen,What's Up,a429e8d5-0992-426e-bb30-cffb1660cc57
1983,1983,Chris Rea,I Can Hear Your Heart Beat,f6fe81f0-c884-43fe-998f-7054771824e0
1983,1983,Chris Rea,I Can Hear Your Heartbeat,26835909-b4d1-4a06-98b6-20aab21c2c63
1983,1983,Chris Roberts,Bella Bella Bianca (Am Canale Grande),04612fd0-87f7-4bee-a868-512c9a613b5d
1983,1983-01,Chris Roberts,Ich bin an deiner Seite,6cd9b381-f4b8-4638-9261-14b4e51532ea
1983,1983,Chris Sievey,Camouflage,ab74b606-8f5a-47ca-b0e9-08bd45ab05ed
1983,1983,Christian,Abbracciami amore Miom,4f380070-684e-49f8-8dc2-e407e7e50da5
1983,1983,Christian Anders,Gespensterstadt,3c41453a-df94-4005-b26d-137083238a13
1983,1983,Christian Chevallier,Vous,f70672e5-433a-4e78-9bdf-7eee0540362b
1983,1983,Christian Kneisel,Nähe Und Distanz,b560c54f-b975-46e1-9b1e-0c3c55a50652
1983,1983,Christophe,Mon amie jalousie,f09dd36b-00bd-4099-bef6-20be46270287
1983,1983,Christophe,Succès Fou,74782787-8fd9-44ba-a6d0-2a3c2a6f3f6e
1983,1983-01-06,Christopher Cross,All Right,f44f0e5b-7d90-40d9-acc5-62003a96a1b6
1983,1983,Christopher Laird,Two Steps Backwards / Best of All,26b6d9eb-175e-49b9-a5a0-687319d7716e
1983,1983,Chronic Sick,Reagan Bands,2c3abc64-8096-49a9-bafa-a65dcd4ff825
1983,1983,Chuck Edwards,Ooh La La La,151d6b2b-ae52-48d5-9343-b1a4e6b92d5a
1983,1983,Chwarter i Un,Philistiaid,ef0c5ab3-17c5-4d82-a95a-1f7acbfde0e1
1983,1983,Chérèze,Madame l'amour,5a0d2c92-8cea-4271-a27b-48d5c6c246e7
1983,1983,Cindy & The Saffrons,Terry,93bf9df3-440f-4e1b-98e0-ddfa781dc66f
1983,1983,Cindy Nelson,Chemistry,16c526e2-d04d-4c19-87ee-e62544cbc812
1983,1983-05-07,Cindy Wood,ゴルゴ13｜プレイ・フォー・ユー,f59c3e6f-3118-4ead-b5bc-ceee195f61f6
1983,1983,Ciska Peters & Aristakes,Kom in mijn armen / Jupiter,416aff49-d2ea-4208-b4c7-4e47d0c9e442
1983,1983,City,Unter der Haut / Kontra,34b8efc4-5e96-4921-a73a-71b75bd47312
1983,1983,City,Unter der Haut / Sisyphus,3ad6edf6-7d8b-4da8-b91e-90056c5ae963
1983,1983,City Center,Profondo rosso,285f8ad5-c295-44ff-a3d2-bb3d4b6c6aef
1983,1983,Clair Obscur,Santa Maria / Toundra,57c9de2f-2347-3338-a2b6-72c74581ff29
1983,1983,Clarence Clemons & The Red Bank Rockers,A Woman’s Got the Power,5d6fc8c3-2874-4ac2-9cad-ee52f0c3c93d
1983,1983,Clarence Jackson,Do It All Over Again / Wrap It Up,f02f1b68-d0e0-3d67-bb58-bb4673874787
1983,1983-01-20,Class Action featuring Chris Wiltshire,Weekend,daf8da87-65c6-320a-b19a-6e7bd62538ac
1983,1983,Classix Nouveaux,Es un sueño / Porque eres joven,a6a00f8e-2718-4142-a979-d440eba432c4
1983,1983,Classix Nouveaux,Forever and a Day,02fd5eb0-8531-4a78-bbfd-2bebf811841e
1983,1983-11-07,Classix Nouveaux,Never Never Comes,b46e8e88-9cff-4910-9b04-174ee1a15e52
1983,1983,Claude Barzotti,Le Rital,35747cdd-d0d8-4306-8e77-fcff28a4b95e
1983,1983,Claudio Baglioni,Présages / Les vieux,91dffd76-5a82-4015-b888-ab95f7393360
1983,1983,Claudio Baglioni,Via / Buona fortuna,5dabd8a4-03d5-4009-9331-c14390f3d086
1983,1983,Claudio Simonetti,I Love The Piano / Jamaican Style,8b27b1c8-50ce-4c69-8e1f-2269b62b3eda
1983,1983,Cliff Benson,Jij bent van mij,16611a8a-868c-4575-8e57-6c267ed21c6e
1983,1983,Cliff Richard with London Philharmonic Orchestra,True Love Ways,9469c42e-55c0-4b8a-9830-0032a321fa01
1983,1983,Clock DVA,Breakdown,c449b952-0a33-4b9e-aab1-5ca2dff21064
1983,1983,Clock DVA,Resistance,698a0935-9aa5-487e-a208-8461f1382af6
1983,1983,Clovis en De Landra Zusjes,Jij hebt mij verlaten,d5cc9693-08d7-41b6-ba8d-f7022d03338b
1983,1983,Clown,Κλόουν / Λευκά κελιά,708b52e7-d331-4882-a523-aeed0f424cf5
1983,1983,Club House,Do It Again (medley with Billie Jean),39640262-b841-47da-a1e4-67fdd0328fd9
1983,1983,Coati Mundi,Oh! That Love Decision,49686c7a-b8c0-4e54-9c2b-199acd59b9e2
1983,1983-02,Cobra,Ferie,022c57fe-3688-4b29-9412-6d37036efa40
1983,1983,Cock van der Palm,Mira / Leila,f601efab-159f-4e7e-8de0-0ec56d4f0e37
1983,1983,Cock van der Palm,"Vragende ogen, lokkende lippen (Kriminal-Tango) / Een zomer lang",7b44b871-364f-48c7-b74f-ba61dbf7aeee
1983,1983,Cockroach,Get Back,9517449f-d86f-4bd5-8d4b-fb6c1b076ace
1983,1983,Coco Bill,Billie Jean,2c3f9369-3d2c-4286-aaa1-eb25e0481719
1983,1983,Coco Girls,Coco Girl,ed3667e2-31d4-4dd5-9fed-5faeeb2dff04
1983,1983,Cold Crush Brothers,Punk Rock Rap,64d8a13f-48b3-3d07-9bf5-6b3d9777fa67
1983,1983,Cold War,The Machinist,50a2a334-96d0-4e78-a6a2-175e1b0825ef
1983,1983,Colin Blunstone,Touch,1920e3d0-dae8-4272-a207-3839cc3cff0f
1983,1983,Colinda,Colinda / Als ik later groot zal zijn,b7d1c5d9-ffd5-45a4-b6e9-4ad8ffea3055
1983,1983,Collage,Get in Touch With Me,33796abe-1d1c-40cd-b08f-1236dbcd0575
1983,1983,Colors,Am I Gonna Be the One,ee9a0a8f-c620-4ceb-8ca7-6c1fce703f23
1983,1983,Comateens,Get Off My Case,29d221a8-3978-443c-a262-a7cc291c3c09
1983,1983,Comateens,The Late Mistake,77aafaf6-9bc1-4683-ad24-4650831af892
1983,1983,Combo del Caribe de César Pompeyo,Busco un amor / Negrita Caridad,7cae5cb2-6e84-4af1-a7cf-fae4b201d43c
1983,1983,Commando M Pigg,Mot mina läppar,bbaa5229-d4eb-401f-9327-af97557c1e74
1983,1983-02-23,Company of State,Company of State,cb69fc65-39c9-402c-81db-ac489dc1813b
1983,1983,Congress,Neptune / Real Hot,6ad8cf8d-d0c0-4a38-8412-883af4eb9024
1983,1983,Conjunto Madrigal,"Me dices que si, despues que no / Donde estabas cuando te necesite",ebf9f58e-6f6e-41db-bc4b-3b1fe4601eae
1983,1983,Conny Vandenbos,Je gaat er uit / Hedenmorgen negen uur,bb424131-8886-4b51-b5d7-fda6a6740b9b
1983,1983,Conny Vandenbos,Leven bij het leven / Zou ik het weer zo doen,300a6095-a0b3-4b7d-804a-0aa8dbf365b3
1983,1983,Conny Vandenbos,Net als vroeger / Zevende hemel,d2d42a7e-e5e3-4228-911c-1e501c0a667d
1983,1983,Conny Vink en De Smurfen,Gargamel,8ce9bcdb-61d7-4a4f-949e-927995b9b9ff
1983,1983-08,Cora,Istanbul (da sah ich deine braunen Augen),486e278f-6779-41ab-8d30-af0e3a5a011b
1983,1983,Corey Hart,Sunglasses at Night,440094ab-d63c-4210-8c1f-0c33f008819b
1983,1983,Corey Hart,Sunglasses at Night,795335d0-f8df-4b4a-a287-fc7862276096
1983,1983,Corinne Hermès,Si la vie est cadeau,6f288f26-3226-4c7d-9408-a78faa61c75c
1983,1983-01-15,Corrado,Carletto,98126051-0916-4f0e-b869-418bbe364250
1983,1983,Corry,Jij bent voor mij de man / Maar straks is het over,14de7e16-6b94-4694-9703-46ade3d98069
1983,1983,Corry,"Waarom mocht dit niet lang duren / Zonder liefde, zonder toekomst, zonder hoop",032b8708-253d-4f86-bcdb-842c01037cf3
1983,1983,Cosa Rosa,Rosa auf Hawaii,9d4fb6f2-c00f-4507-a688-825a77fffd09
1983,1983-10-07,Costa Cordalis,Du hast ja Tränen in den Augen,620f9eb2-ff15-4121-890f-02c74a0422a1
1983,1983-04-12,Costa Cordalis,Ich mag dich,91f33e83-4e10-42b4-99f0-4949239835dc
1983,1983,Country Trio,Onder de klamboe,5f20c310-b9a8-4729-84f9-3cd881997699
1983,1983,Cpt. Neφos,Cadillac Dreams / Enjoying,9e036078-d879-424b-ac09-dea14fe5c198
1983,1983,Crash Crew,On the Radio,a6a30e5b-dd4f-43d0-9fe9-61cf62c7b25d
1983,1983,Crash Crew,We Are Known as Emcees (We Turn Party’s Out),fa1b3fd8-55ec-4df0-acdc-359dd506c801
1983,1983,Crass,Who Dunnit?,4008971e-b18b-368f-aeeb-599009049fc6
1983,1983,Criaki,Elle disait / Lola,e3bd33a2-1bcd-45d8-af83-7b8826d43501
1983,1983,Crocodile Tears,Listen To You/World Away,4358ba07-d5b4-447c-894f-9e06cf12e0d6
1983,1983-09,Crown Heights Affair,Rock the World !!!,4ea54569-634e-436c-b263-7f706e5df274
1983,1983,Crown of Thorns,Kingdom Come,7d2629e3-7184-45b9-bbb2-dd5c9efb3bca
1983,1983,Cruella de Ville,Gypsy Girl,77246466-de52-3829-a6ec-b14cef883a64
1983,1983,Crysalis,I Never Dance,d2bd7375-9a8f-4db3-9704-d02608693c75
1983,1983,Cuba Gooding,Happiness Is Just Around the Bend,8c382cce-c357-491a-a2e3-f19c26a9c178
1983,1983,Cuco Valoy y Los Virtuosos,"Yolanda / Valle arriba, mare abajo",20e7d05f-6735-45be-90f4-516ce006d06e
1983,1983-04-01,Culture Club,Church of the Poison Mind,ec1be534-1522-32d8-a51d-02ce73449f33
1983,1983-09,Culture Club,Karma Chameleon,3a69a8e6-3172-30e8-af80-329e0d8d53ef
1983,1983,Culture Club,Miss Me Blind / Colour by Numbers,2a7e17d7-4853-323e-9244-3e081514341d
1983,1983,Culture Club,Victims,04279410-d7ab-3476-85bd-17880ab0c29a
1983,1983,Curtis Anderson,Running Away From Love,b6d59376-60bf-4d7e-8042-0f9979687c22
1983,1983,Curtis Hairston,Summertime,570abc68-4a38-4d99-87d5-10f6b48eddfd
1983,1983,Cut Master D.C.,That's Life,c6c69b90-8d34-40ba-87b2-795a0bbf9fa7
1983,1983,Cutting Edge,Lonesome Cowboy,da48b679-fa23-3fed-8da6-abc3eb3e2cc5
1983,1983,Cybotron,Clear,27234f7b-d32a-3769-97ab-84296dc98773
1983,1983,Cyndi Lauper,Girls Just Want to Have Fun,5e53792e-0298-3fc1-8371-14b4916beb8e
1983,1983,Cyndi Lauper,Time After Time,8fa54146-2b50-486b-9b74-ec82dd7c0fea
1983,1983-09-23,Cynic,Suicide,97695ae7-3087-4f42-b539-bb6dbf8d52d5
1983,1983-03-15,Cyril Alexy,"Une chanson, un souvenir",73204fe8-57c7-4b15-bb46-fa2be90ed045
1983,1983-04-05,Côr Meibion Pendyrus Male Choir,Myfanwy / Stenka Razin,82882db6-fb08-47a3-965a-6419ff41c9cb
1983,1983,C‐Bank,Get Wet,fda8931f-2560-4994-a4cd-314becefbf28
1983,1983-02,D'Boys,"Mi Smo D'Boys / Crne Oči, Plava Ljubav",92b7e214-3e87-4195-8fe3-c53f8e8f0565
1983,1983,D-Train,Music,3e839c63-2f15-40c0-9ec1-caba4f16b6e9
1983,1983,D. Greenfield & J.J. Burnel,Rain & Dole & Tea,4069aa51-b920-4a42-b29c-63032e81a1bb
1983,1983,D.O.A.,General Strike,05947273-82bb-443f-a4e3-ce5d16df4155
1983,1983,D.O.A.,Right To Be Wild,631cd2b5-e3ae-4a4f-ae05-811053120cd0
1983,1983-12-31,D.ST,Crazy Cuts,8b49a263-ce6c-46b6-91a6-8066b846096c
1983,1983,Da Vinci,Xau Xau De Xangai,c0165bf9-386b-4251-9bd8-7cbc909d98ab
1983,1983-02,Dag Vag,Samma sång / 7 lyckliga elefanter,39cd41a4-2a5f-44c0-96f3-80a05307c483
1983,1983,Dalek I Love You,Horrorscope,d0d70a6d-12be-45f0-aed9-1022fd71fc4c
1983,1983,Dalida,Femme,4dea1f92-3c23-48af-8812-4e2a05a1939a
1983,1983,Dalida,Les P'tits Mots / Mourir sur scène,b61c538a-ea77-4be9-83af-f71d3a3ff88f
1983,1983,Damian,Adios - My Love,03f7202b-141a-4023-97de-d6891bf3a35e
1983,1983,Damien,Le Noël Des Mamans,eb1fc943-5183-4dcb-8660-10819e7f417e
1983,1983,Dan Hylander & Raj Montana Band,"Vykort, Vykort",53d9fd45-8ca5-4142-a343-94a07aea4078
1983,1983,Dan Nilsson,Nobody's Perfect,55605866-c1d1-4c51-b5de-4289d6c67003
1983,1983-09,Dana Gillespie,Move Your Body Close to Me,281a435a-f0e6-472a-8f78-4694021c0b16
1983,1983,Dangers,Trime a ton tour / Ne reste pas chez toi,0135a976-8baf-408e-9fb4-f68b6e05c629
1983,1983,Daniel,Julie,fa7741d3-16c8-4754-b6c5-f298a25fbd32
1983,1983,Daniel Balavoine,Les Petits Lolos / Frappe avec la tête,ebd704ab-a770-40a3-b03d-2fa0e86409fb
1983,1983,Daniel Balavoine,Pour la femme veuve qui s’éveille,d3dfdbb9-5e3f-4d33-a933-7c5912654eb8
1983,1983,Daniel Guichard,Le Gitan,f939dc10-2a1b-4509-9de7-c70403704411
1983,1983,Daniel Guichard,Le Nez au mur / J'aimerais,b7a9fa29-5976-44fa-a8b5-012be08db753
1983,1983,Danielle,Starlight Melody,d53caecd-4d7e-4f3f-8e4f-b5c50ba14148
1983,1983,Danielle Messia,Il voyage en solitaire,501c3a66-b898-49a4-aced-f33a7ae2b322
1983,1983,Danny,Oh mon amour / Bouzoukies klinken in de nacht,41c6ebce-5afb-4115-9304-d8967057d03b
1983,1983,Danny Cardo,"Jij bent veel te mooi / Marie, ik dans de hele nacht alleen met jou",8790e1c6-d8f6-456c-9f93-570d4c504e90
1983,1983,Danny Fabry,It's a Sin to Miss a Kiss From You,54f93e18-0b56-40e0-adef-fd5716087eb9
1983,1983,Danse De Partement 1,Besserwisser,cb441cf4-fe6d-490f-9874-6566d5cc4be7
1983,1983,Darkness & Jive,Furnace / Guys 'n' Dolls,0c350dfc-5884-46b3-b6a2-0b0f756fe6cb
1983,1983-12,Daryl Hall & John Oates,Jingle Bell Rock From Daryl / Jingle Bell Rock From John,d127c8ed-4075-4aab-8c3f-2263437ef61b
1983,1983-10-29,Daryl Hall + John Oates,Say It Isn’t So,b87d8e31-ed8a-3ca1-9803-d43d1ff44ea0
1983,1983,Data,Living Inside Me,53e216e5-3cd1-4d71-8487-6dceb9c2ccad
1983,1983,Dave Ball,Sincerity,05ce77d5-1dab-46b8-83bb-24f842ce9f96
1983,1983-09,Dave Brock,Social Alliance,95911fb6-0342-43de-9c78-2a2b145d541c
1983,1983,Dave Daffodil,On Parade / Samba Train,8518d5e9-9dcb-4959-b5a4-39b76bcb44a7
1983,1983,Dave Stewart & Barbara Gaskin,Leipzig,9643d1b3-12f3-4ce9-9b54-10b33c8d5290
1983,1983,David Bowie,China Girl,14902a82-cc7d-4f34-889d-fc2ab9325dda
1983,1983,David Bowie,Let’s Dance,c67a3d62-a596-35c8-b1e6-44d56c4430ef
1983,1983-10-21,David Bowie,Modern Love,6ce1ffbb-7347-3821-b2f8-18322010ad3e
1983,1983,David Bowie,White Light/White Heat,06ab2286-025c-3867-bd22-66dabc684b45
1983,1983,David Bowie,Without You / Criminal World,1d8e7758-0ddb-4ad0-9270-073f713921e3
1983,1983,David Bowie / Little River Band,China Girl / We Two,fa66d5a0-a989-4637-b642-1e13e008413b
1983,1983,David Essex,Tahiti,f44a7ce5-4c88-3eac-8599-bc8b511bd2fe
1983,1983,David Fenton,Fresh Air,4630ed60-f920-40f2-9f2b-3cf32d4cd50d
1983,1983,David Grant,Stop and Go,7933c5c0-cf82-431b-8d14-69b33ad5ae02
1983,1983,David Joseph,You Can’t Hide (Your Love From Me),1557f1df-3827-313c-a5a9-1cc967fb84ff
1983,1983,David Knopfler,Madonna's Daughter,12b0c7b1-37ad-4a60-b2ef-28f36a5f85ae
1983,1983,David Knopfler,Soul Kissing,64726ccf-612f-4560-b98b-fb0f3b1395e9
1983,1983,David Koning,Jij bent m’n beste vriend,e965182b-2e20-4c4b-aab0-0a627401300b
1983,1983,David Koven,Charlie Turquoise,691418da-a6bb-4efe-b7ff-d3455b49a5ec
1983,1983,Dayton,The Sound Of Music,4bce930a-be70-4e30-afe0-592124c376bf
1983,1983,Dayton,The Sound Of Music,831f8f0e-476d-4063-96ab-9a2dc8e04c7a
1983,1983,Dayton,The Sound of Music / Fast Lane,4e04ef44-7730-4827-9feb-9102424ee054
1983,1983,De Aal,Er ligt een boer in het Noordzee-Kanaal,6d450704-45f2-4e71-a455-71a36326de1d
1983,1983,De Adera’s,Motorboy / Buitenkansje,4c9f5cf5-0ed7-47f4-871c-c75d7da93874
1983,1983,De Alpenzusjes,Kerstklokken luiden / Kestfeest in Ierland,6dbff97f-6d38-4479-b714-d043eede21c5
1983,1983,De Alpenzusjes,"Nieuwe liefde doet oude liefde vergeten / Buona notte, mijn Angelino",1bc8870d-29b0-42ef-b4b5-0022a10ee5f9
1983,1983,De Anko’s,Samen fietsen / Moedertje slaapt,366ea2d8-2fdb-43a2-944f-be2bd66ca3b6
1983,1983,De Apollo’s,Oh Mama Mia / Apollo's Disco,1d89b9a8-983d-4ef0-8349-9647471ae5a2
1983,1983,De Ariba’s,Ik kan van geen ander houden / Middellandse Zee,fdbab287-039f-4bfc-a911-5c7bba876ba2
1983,1983,De Atlantico’s,"Marian, kom weer thuis / Anuschka",3ff69f1d-818c-4e2c-ae7e-d96d0546c1d3
1983,1983,De Ballekus,La‐la‐la‐la tra‐la‐la‐la (Over and Out) / Gloria,0ce11e69-742c-48af-a31c-72e9103cbfc9
1983,1983,De Beco’s,Berkenwals,9d016a5a-f307-4e7c-a9f9-6ed4651fb126
1983,1983,De Beco’s,Coco’s wals,864ecd76-e202-4bf3-825e-b44495a7709d
1983,1983,De Blanc,"Hush ""Cállate""",a1c8c591-d337-43c7-85e0-c2ebe186fa70
1983,1983,De Blueberries,De alleenstaande / Mooie signorita,d8f1ffc6-ed1c-42e8-a223-12b600fa2e9c
1983,1983,De Bläck Fööss,Achterbahn,04e1d5e7-0fad-472a-9d7b-b60e3a91cb5d
1983,1983,De De,S & M (Sexy Music),3b9908e8-e857-42fe-a774-83ca677d71c3
1983,1983,De Deurzakkers,Waar is de steek van de keizer,cb12bee0-1659-3e09-9fa3-1e99f76f8e74
1983,1983,De Deurzakkers,We gaan er tegenaan,90651da3-ead7-38b2-83ff-48176ec9d16e
1983,1983,De Dijk,Nooit meer Tarzan / Liefje liefje,95002c40-287c-4e2d-8383-4079f41f71e2
1983,1983,De Dijk,Slow motion / Zure mannen,7a32059c-ca8c-3ffa-ac79-7e700b509eac
1983,1983,De Dijk,Zo dichtbij / Juninummer blz. 4,86e74ec2-6620-4a14-be13-232979d240db
1983,1983,De Dorpsgasten,De grote stad,79bc850f-c68b-49b7-9480-d86fe91066d4
1983,1983,De Drijvers,Vergeet mij niet / Als een werkman,39874207-d9b0-490d-9177-5a09a71c7e8a
1983,1983,"De Foepers, St. Annakapel",Klompengat '83,6f084a9e-b6c2-4f7e-8559-70ed71a2903e
1983,1983,De Granado's,Anja,9fabf6b2-11f6-4629-8885-575896a0ac15
1983,1983,De Havenzangers,Olé en Marie doet niet mee / Jajem en meisjes,3f8d53e8-8dec-43cd-9247-8595d4f6ac9e
1983,1983,De Havenzangers,’s Nachts na tweeën,6926d527-3f60-4280-a1ea-de1fefbfcd70
1983,1983,De Hejo’s,In dit bed...,798eeebc-21e5-495e-a463-c9c478352292
1983,1983,De Hollandse Zusjes,Groeten van uit Nederland,123ef986-64cc-4c75-830d-3d59a11c75f9
1983,1983,De Jantjes,Zijn beste vriend,43eda2ca-2846-4431-992a-e83df0608c3e
1983,1983,De Kleine Piraat,Maria Elena / Olé ole Saint Tropez,435a164d-5b6a-4aa4-95f8-f39e196f42d8
1983,1983,De Kleintjes Pils,Sombrero (Grote hoed) / Vakantie,f58d1ab1-8b38-4756-bd93-ffc0f305ae1a
1983,1983,De Leidse Sleutelgaten,Allemaal deuken,a774f1bc-1ecd-3182-a150-5babcc8db3f9
1983,1983,De Leidse Sleutelgaten,Joke stop met koken,cb82e985-715b-4c25-906f-89abf797c121
1983,1983,De Lenco’s,’t Stamcafeetje,3a8e8f24-e668-493c-8df0-bd1cb08e062a
1983,1983,De Limbra Zusjes,De verloren zoon / Zolang er dagen zijn,57754c85-6f14-4c2e-a5f6-d4b7e2f78137
1983,1983,De Limbra Zusjes,Het oude jagershuis / Twee dorpjes verder,aad96142-da12-4522-90dc-d6c4ae5ffc16
1983,1983,De Lupkes,Niet Lullen Maar Glazen Vullen,8c0f3692-431f-451c-a160-a7aea60165ed
1983,1983,De Marendo’s,Mijn hart huilt om jou / Rode rozen en liefde,0fb23ab1-dfc1-4459-b414-fd71e9630d27
1983,1983,De Melodica's,Ik ben verliefd,e1f981cc-e7a4-41e7-8075-4613a258c2e7
1983,1983,De Merano’s,Vrijgezellen / Signorita ole,c78ff28d-2d4b-4146-9e66-342d30a1152a
1983,1983,De Migra’s,Op herhaling,4e21748d-a854-4b60-868f-b887ad6afc9c
1983,1983,De Migra’s,"Troela, oh troela",3e369c19-12f1-4ae9-b9e2-7779538c838a
1983,1983,"De Mosselmannekes, De Lenco’s",Blijf van m’n lijf!!! (Het feministen‐lied) / Ieder huisje heeft zijn kruisje,bea01c48-e3b4-48ca-ab74-ca0e5d9a3460
1983,1983,De Music Boys,Bloemenmeisje,fa318016-88ef-4fbe-bf8a-777f87a60e36
1983,1983,De Paloma’s,How Do You Do / Als jij naar me lacht,9accbe7a-7d8b-4b0e-9ac1-2609f537b1be
1983,1983,De Pedro's / Jan Petat,Doe niet alsof / 'n mieters mooie meid,290af4b7-0c5a-4299-a71d-3c32902eef3a
1983,1983,De Pepkes m.m.v. De Peeënstekers / De Bosjesmannen m.m.v. De Peeënstekers,De peeësamba / De peeëland,8929ed8a-84b8-4b93-a1a2-c797133efa12
1983,1983,De Pioniers,Hillybilly Country Lilly,bc2e5074-62e0-452f-a31f-07994fdad017
1983,1983,De Plattfööt,Remmi Demmi,79d8d9dd-d7aa-485f-bf97-39e6ab7833b4
1983,1983,De Rijnland Band,Bye Bye adieu Goodbye,daa44586-434f-4957-8fe3-c6c080bcf806
1983,1983,De Rijnsons,'t staat als 'n paaltje boven water,d777934c-37f1-4184-9ca5-9f3a02edafbd
1983,1983,De Rio,Ga niet meer bij mij vandaan,2ebd7a85-5cde-40e6-b122-2f7360e65893
1983,1983,De Rio,"Waarom, waarom / Ode aan de Roosendaal",eb2157d8-aba9-4e88-9b7f-0662a4d58308
1983,1983,De Roffels,Als de soldaten...,3244372f-623a-4f9d-9484-83cbe8dd9944
1983,1983,De Roffels,Het spinnewiel,2016fe3e-894f-45a6-9f2b-e02b90e4fe46
1983,1983,De Roffels,Vrede,d46e670b-ad5a-47eb-80a4-769a6f020210
1983,1983,De Rondo’s,Vrije radio,17e551b4-b60f-41c3-8707-23f55c54fca0
1983,1983,De Slotsteekrakers,"Carnaval in het noorden / Mooie meid, ben jij je vriendje kwijt",aaf5cefc-7fc6-4f98-ae95-b7a206333d33
1983,1983,De Steile Wand,De kantoorklerk,046f6b9f-d59d-4452-9ef9-be49946015ba
1983,1983,De Steile Wand,Marja / ’t Knagen,ac698dfa-c095-4900-be41-9d69c72bb695
1983,1983,De Storima’s,Antje,60513328-7d00-4989-8f82-d00aa54bedf0
1983,1983,De Strangers,Al da d'haar... Krijde cadeau,e9831d19-c24d-4be7-815b-0e6100d1171e
1983,1983,De Strangers,De Jummenastic-Aerobic,61c3bd87-5446-4d25-a325-34ebfca60227
1983,1983,De Strangers,Lot oew' eige vraa toch nooit alleen / Hipipapar,d48c8646-ef09-4de9-b44f-d9b7cb9f3fe5
1983,1983,De Strangers,Strangers' Rokken on 45,040e187b-ec9f-4ae3-9cb4-adf4274d2947
1983,1983,De Strangers,’n Italiaanse / Zatlap,62ab2533-c9ce-4031-8a73-29823d0d313f
1983,1983,De Tamara’s,Face to Face,d33c5865-88ce-4714-bed3-ef01e73ff607
1983,1983,De Tamara’s,Fine Fine Fine,b3d36baa-a8c4-44af-b746-67b5b1439079
1983,1983,De Trekvogels,Kleine schooier / Kleine witte duif,ab4d2ecb-9edd-4ec0-8312-3e4f79e93103
1983,1983,De Twee Pinten,Jou laat ik nooit meer lopen / Houwdoejoedoedel,6ce4f160-051e-46ad-8615-1e00b7cc0b5b
1983,1983,De Twentino's,Bonanza,abe5ae60-f7bc-4fe3-91ab-7494305e1444
1983,1983,De Vrijbuiters,Waar is ’t kindje dan?,215173a6-47eb-4a01-93e2-d6c0c8f1eaba
1983,1983,De Wiko’s,Het is nu voorbij / Dromen zijn bedrog,86e8606f-59ea-4651-8f8e-3cd47ddca456
1983,1983,De Zangeres Zonder Naam,Ik zal altijd van je houden / Waarom ging jij naar die ander,8e325a1f-621a-402f-ac02-975893ae2db5
1983,1983,De Zangeres Zonder Naam,Werkeloos / Een moeder van een zeeman,af57df68-4899-4ca3-824a-017d5ea2de7e
1983,1983,De Zingende Amateur,Twee blauwe ogen en haren zo blond,6b8717e2-1664-43d2-83e9-ea6e0d66e7d8
1983,1983,De Zingende Tarzan,Het veenlied / Edelweiss,cdaf0532-e947-4951-a48a-8cac67baf142
1983,1983,De Zingende Zendamateur / Frans Miller,Zilverster / Libanon,d40bde1d-9254-4334-92b1-6859490bc92b
1983,1983,De Zuipers,Ober / Kom zet je zorgen,5efa4f3a-57f6-4929-bc8b-52fdfbaffe7a
1983,1983,Dead Man’s Shadow,Another Year / One Man's Crusade,135cc3e3-2b8c-4857-a36b-baa003dfdcd8
1983,1983,Dead or Alive,I'd Do Anything (megamix),d8d09c9b-d8fb-448d-af33-e29a1f1cfe86
1983,1983-04-22,Dead or Alive,Misty Circles,0d796f8f-aa49-4e7a-8fff-efeb030180a7
1983,1983,Dead or Alive,What I Want,49321e48-d9e9-4662-ab5f-d94962e7010d
1983,1983,Dear Enemy,Computer One,36c30b42-0440-37fe-9230-e024bd3bba9e
1983,1983,Death Cult,Gods Zoo,c14cdc90-9ae1-3946-8010-e129209c4351
1983,1983-11,Death SS,Evil Metal,d3b3f09b-cf89-33d5-a85d-fc676c9a465f
1983,1983,Debbie Deb,When I Hear Music,c338025a-e04f-4d80-b86a-4876cafa8739
1983,1983,Debbie Harry,"Rush, Rush",aed5ac82-0c27-4f4e-8925-a82ee748d26b
1983,1983,Debbie Peters,She Don't Love You Like I Love You,f083d1c8-8ee9-491b-b136-28592fbe0616
1983,1983,Debby Dobbins,Can't Help This Feelin',72c2012a-012d-4a3c-9a3d-902a7b92f29d
1983,1983,Deborah Kinley,Guerrilla,08b31950-5535-4898-a674-4343275774c5
1983,1983,Debra Hurd,"Hug Me, Squeeze Me",0068da7a-2abc-4ed8-96b7-748183463817
1983,1983,Decadance,On And On (Fears Keep On),bcc6407d-a483-4085-ab4e-4e405cd532d9
1983,1983,Decca Wade,If It Wasn't for Rita,7473b5d0-a9f9-4611-93ff-521c1b4f8908
1983,1983,Dee Coley,Never Had a Love Like Yours,42fd722a-e658-401b-98ec-838ea9378740
1983,1983,Deele,Body Talk,15996dfe-2916-481b-8cbc-ae61786944b9
1983,1983,Def Leppard,Foolin’,16b58c84-ee98-4d96-b7a9-186f6120949a
1983,1983-02-03,Def Leppard,Photograph,c0fbff68-6f70-4e54-b88c-9a58ee944c00
1983,1983-05-20,Def Leppard,Rock of Ages,bf2a0dae-c899-404c-a216-1a654e44fe5d
1983,1983-11-25,Def Leppard,Too Late for Love,507b3142-0e5c-3bb7-b43e-54f91766b052
1983,1983,Del Amitri,Sense Sickness,4b7308f8-697c-4d03-893c-33122d7b5ad5
1983,1983,Del Webb Explosion,Gardening as Finer Art / Too Late the Hero,c95f934e-a22e-4671-82aa-962b0109885d
1983,1983,Demian Pink,The Fair,4ca97bef-67b4-485f-84fd-1278610d3364
1983,1983,Demis Roussos,Jay,d633ae61-2b68-43fb-8b67-8b5fd3f7a04c
1983,1983,Demon,The Plague,8e9d6102-c84f-43ba-8395-cd31c40f22fa
1983,1983,Den Harrow,To Meet Me,0f159286-f120-4f91-85d4-3b8f7b5a5354
1983,1983,Denis Desrouvres,J’ai un peu oublié,7c9d8268-9ed7-4e50-8e5a-85e2beeb50c6
1983,1983,Dennie Christian & Roy Black,Schlagerfestival,f1ef66ac-2ac5-4bd2-9d79-1f56eb29f6ba
1983,1983,Dennis Doekhi,Stop the War,0274e6f0-d16b-4ce5-b6e6-16e249a27bf6
1983,1983,Dennis Waterman and George Cole,What Are We Gonna Get 'Er Indoors?,794f1a66-228c-4752-bb74-dbf516a141dd
1983,1983,Denny Walley,Who Do / Tiny Tattoo,5f0af53a-4af7-34c5-9388-4117d1bb190b
1983,1983-07-11,Depeche Mode,Everything Counts,480d70ef-b80f-35d6-98e6-4e1186fe1922
1983,1983-01-31,Depeche Mode,Get the Balance Right!,040c5aa8-7cab-327f-820e-b86c96711a61
1983,1983-09-19,Depeche Mode,Love in Itself,6f10e79b-5820-3ea6-9fd9-0f2016a58a1c
1983,1983-01-31,Depeche Mode / Indeep,Get the Balance Right! / D.J. Delight,0661f174-cd39-40b4-98f4-2ef970f732cf
1983,1983,Der Plan,Gummitwist,5709a71d-4346-48d1-833e-a9f4b3bd14d8
1983,1983-06,Derribos Arias,Aprenda alemán en 7 días,e8bc8ccc-ad58-4428-8c27-b16f21e96651
1983,1983,Desechables,La Oración,8861cdc6-0b73-480c-bc62-069925cd3374
1983,1983,Destiny in Time Band,You Bring Out the Best in Me,1e66ab3a-32b6-4976-8492-3f9120a054b2
1983,1983,Destructors,Forces of Law,ac0397b0-6f5b-3e63-8b6b-cb3473b42be5
1983,1983,Detention,Dead Rock 'n Rollers,439fc6cf-f194-43cb-8480-37e7564918ae
1983,1983,Deux,Felicita / Game and Performance,6adfafc9-949a-4042-898e-0a6dbaa2e6b1
1983,1983,DEVO,Theme From Doctor Detroit,5a0c54a8-1c23-4c55-8bf6-e92f0c1b7f4a
1983,1983,DFX2,Maureen,134fbb61-7a07-4fc1-bc61-ae26579907f4
1983,1983,Dia en De Troubadours,Johnny m’n truckchauffeur,8a706f09-1027-4019-a81c-709ca133a0f6
1983,1983-08-14,Diamond Head,Makin' Music,5ae56aa1-a3d4-4158-bbbd-7b67d929f0b0
1983,1983-07-06,Diamond Head,Out of Phase,13f1f5c7-6437-45c1-86c1-00a8ca1e1c42
1983,1983-05-30,Diamond Head,Sucking My Love,c0858bcb-745e-4e26-b74b-6c0f4e348862
1983,1983,Diana,Ollie B. Bommel,d5eaaf89-d5ff-4869-b64e-ff9e1ce197e5
1983,1983,Diana Est,Le Louvre,c159fc5a-950a-47c3-8469-57b9667e8518
1983,1983,Diana Ross,Pieces of Ice,87956d0d-898f-40e4-b014-d78d18335f85
1983,1983,Dick Camu,Bedankt lieve driesje,c530f623-0a0f-41b7-ac1b-bad25e02d95f
1983,1983,Dick Rivers,Les yeux d’une femme,a30db9cd-6fb5-4585-a30b-02c6bbf7ffd7
1983,1983,Die Doraus & Die Marinas,Die Welt ist schlecht,f71433a0-5cdd-319b-b26b-4e502fe72bbb
1983,1983,Die Toten Hosen,Bommerlunder,2d8a691b-5036-397e-89bf-583bd0d0c3bd
1983,1983,Die Toten Hosen,Hip Hop Bommi Bop,441c7d08-b499-30f8-9c7a-f38d845ab9ab
1983,1983,Die Toten Hosen,Schöne Bescherung,dff75166-e680-3c22-8c31-38d457a8e7ca
1983,1983,Die Zimmermänner,Anja,1d8b4e3d-0e91-47ff-8787-6a5ffc0952e3
1983,1983,Dieda,Der 3. Breitengrad,614c0f5d-4d90-40a5-823d-f3bb5291b9c6
1983,1983,Diego,Walk In The Night,45d75940-a816-4b23-8dd5-6c4669e8dca0
1983,1983,Dieter Hallervorden,Die geheimen Tagebücher von E.T.,d85660a5-1057-4d07-b106-eaf64dee37ea
1983,1983,Digital Emotion,Don't Stop,fc74a8cc-69f0-42c7-9532-b4dc4cadcc52
1983,1983,Digital Emotion,Get Up Action,e35b3bfb-774a-3735-a4d6-6133e30d67e0
1983,1983,Digital Emotion,Go Go Yellow Screen / Humanity,9035cffb-a109-3652-a624-cfc563ad0004
1983,1983-03-15,Dimples D,Sucker DJ's (I Will Survive),c4f77fff-5215-309b-b398-460f597978f6
1983,1983,Din Din,Recordando el Rock,8cbf2c2a-aa54-4716-bb71-fce8b0d4340c
1983,1983,Dinah Rodd & The Drains,Somebodys in My Drain,c3d5fe51-65ee-48a5-974c-cac67cc08fed
1983,1983-08-05,Dio,Holy Diver,e75afbe1-9a2b-45a4-9d1c-81a966a4ed43
1983,1983-10-21,Dio,Rainbow in the Dark,034622fc-430b-38b4-858a-9e3f695e879c
1983,1983,Dionne Warwick,Got a Date,8cf497b9-3329-4683-b2f4-de3cde1205ac
1983,1983,Dionne Warwick,Take the Short Way Home,5d4bdddb-b223-47e2-b152-43aa43802675
1983,1983,Dionne Warwick and Luther Vandross,How Many Times Can We Say Goodbye,6f62dabf-6cf1-4906-b7d4-d955e03a628b
1983,1983,Discharge,The Price of Silence,0e6b0cbe-f518-33e7-a092-925634ffa713
1983,1983,Disco Connection,Born to Be Alive,74c59fe2-b9e0-4dc0-990f-0abd48438c20
1983,1983,Disfida,Back To Reality,433460d0-9b3b-4ed0-b727-fa8c0f765773
1983,1983-10,Disrupters,Bomb Heaven,d770f721-b23e-3f4f-a554-7a10ad0ac8fa
1983,1983,Dito's,Wat 'n herrie op de prairie,38c36986-60f5-4e42-96c0-14ba3563362a
1983,1983,Divine,Native Love Step by Step,61d042d0-cf04-41d5-b4d6-9c6421e2668a
1983,1983,Divine,Shake It Up,e3017ada-4a8c-3082-a929-cd3b991dd81e
1983,1983,DJ Divine,Get Into the Mix,b675ca04-341d-4d30-887a-1af5f1367ab6
1983,1983-04-26,DNA,"Rock & Roll, Pt.2",73b5be08-1544-48d4-9133-6cf993b3e1d6
1983,1983,Doc. Faust,A Whiter Shade of Pale,ca643a34-2acd-4e72-ac7c-9209709c1d7c
1983,1983,Doctor’s Cat,Feel the Drive,368ef9f2-1fa0-3059-a5fe-f65e6892ad34
1983,1983,Doctor’s Cat,Watch Out!,5e4c0b2c-1eb0-44de-b664-f59e134ef568
1983,1983,Doe Maar,1 nacht alleen,e6a2457d-972b-4005-9fb0-94802696096c
1983,1983,Dog Detachment,Straitjacket / A Drowning Man,c80205df-2124-4c9b-b6db-a4c982185329
1983,1983,Doktor-Phil,Tusindben,4259336f-fc59-4bb6-82c7-2122e748f984
1983,1983,Dolby's Cube,Get Out of My Mix,40d17718-c41b-3c79-9cad-189b073eed92
1983,1983,Dolce Vita,Photographie,7a740e61-1899-420b-95f6-5398a7d585e8
1983,1983,Dolly Dots,Don’t Give Up,5522323b-9970-40a4-aed6-01e70c29be4a
1983,1983,Dolly Dots,Love Me Just a Little Bit More (Totally Hooked on You) / He’s Sexy,ec6367e1-33e9-4bcf-9456-2499bd7dc8a4
1983,1983,Dolly Dots,Money Lover (Bite the Dust) / Sick of Your Games,cad81cbd-1ded-4353-acbd-bdcee3e17147
1983,1983,Dolly Dots,She’s a Liar (Special remix),97f42ede-806c-428f-a48e-9b119dfd0f72
1983,1983,Dolly Mixture,Remember This,8c33e537-4077-49ce-9064-97dab13908b0
1983,1983,Dolly Parton,Potential New Boyfriend,2c159b33-8549-44c3-b823-3eec3a7c7469
1983,1983,Dolly Parton,Potential New Boyfriend / One of Those Days,94f50c69-2924-46a6-abcb-37d9b9373533
1983,1983,Dolly Parton,Save the Last Dance for Me / Elusive Butterfly,86e69bce-fc29-462a-9603-4e44a4fe3864
1983,1983-11,Dolly Parton,You Are / Jealous Heart,af3b9b24-182e-41fe-af1c-530acf71e9ff
1983,1983,Dolly Parton / Eddy Arnold,Just Because I’m a Woman / What’s He Doing in My World,68ce574f-5264-4325-822c-00b7fc3d8049
1983,1983,Dominic,Build Me Up Buttercup,93381fda-3683-40e3-bedb-ab90db4f9909
1983,1983,Dominique Dimey,Imaginer l'amour,e410c463-81d2-4b55-a8b9-5c6c3d6f563d
1983,1983,Don Blackman,You Ain't Hip / Deaf Hook-Up Connection,6993a6e1-6c22-4c4e-8526-c64b06a2fc28
1983,1983,Don Felder,Bad Girls,03224cd3-bb7a-482f-bdff-3828e7d788df
1983,1983,Don Felder,Who Tonight,8667ec0b-ff76-4735-9757-575ff8560f58
1983,1983,Don Williams,I Recall a Gypsy Woman / You’re My Best Friend,666a93d4-4958-4914-9670-9625b43db738
1983,1983,Don Williams,Love Is on a Roll / I’ll Take Your Love Anytime,58b63497-0d91-4bd8-957f-494d1a0a5489
1983,1983,Don Williams,Nobody but You / If Love Gets There Before I Do,6e13ab4b-cbcc-4d09-8b0c-8ab58f15da89
1983,1983,Don Williams,Stay Young / Pressure Makes Diamonds,5cc7f769-da64-4a39-865d-f11b277801db
1983,1983,Don Williams,The Story of My Life / I’m Still Looking for You,5faad5e5-5f7e-44cc-be24-f6cabf216c9b
1983,1983,Donna Destri,Rebel Rebel 83 / Little Boy,e2586886-44f7-4192-b2dc-a6f6f2f809ad
1983,1983,Donna Summer,He’s a Rebel,8063c758-dea0-4676-83c2-40e839b1a6d3
1983,1983,Donna Summer,Love Has a Mind of Its Own,6dcabfe5-fa28-4aec-bc0d-51ae79b22910
1983,1983,Donna Summer,"People, People",11cc4385-2fcc-4080-8772-aa93402211e5
1983,1983-06,Donna Summer,She Works Hard for the Money,1ca1e7b9-83f9-4410-ad9c-a217f9998bfe
1983,1983,Donna Summer,"Stop, Look & Listen",7319b8e5-8234-4fce-a868-d8aaac4ee8c9
1983,1983,Donna Summer,Unconditional Love,8bebae5b-48e4-4513-8999-a0804f82d003
1983,1983,Donnie Iris,Do You Compute?,76f7b3b0-4b10-456d-8ac3-c97a63ef44d9
1983,1983,Donnie Iris,She's So European,4c92cb09-10cc-4b84-b9ea-6d942cfec161
1983,1983,Donnie Iris,This Time It Must Be Love,914a041c-db7a-446c-adb6-598f57c6942f
1983,1983,Donovan,Lady of the Stars,985f6dc3-eadf-4dc0-b422-f54bdb348c47
1983,1983,Dori Ghezzi,Margherita Non Lo Sa,a99969fe-ce66-4947-8416-4d6d5af96473
1983,1983,Doris Duránd / El Afrocombo de Pete Vicentini,Gozando y volando / Cuando crezca la noche,b3dcfed7-35f9-413a-bf14-87269c2a1071
1983,1983,Dormannu,Powdered Lover,9ab3aa38-7052-4284-a7bc-681e47715e7f
1983,1983,Dorothée,Les Schtroumpfs,6ac54cdc-ca82-4ea4-9ee0-08986ee83ac9
1983,1983,Dorothée,Pour faire une chanson,5578df29-9652-41d6-a1bb-0037a6d1c012
1983,1983-01-01,Double,Naningo,7b3fa760-2fdf-4ad8-a99c-5e30e6d8fcb5
1983,1983,Double D Formation,Bon Vivant / Let Me Try Again,c3982959-fbed-476b-a0c7-b073835fc75d
1983,1983,Double Feature,It's Your Life,14cade31-b382-4fa1-8b66-390bdc31f72c
1983,1983,Double Image,S.O.S. / Night Pulse,086c26a1-f02d-4d4d-b3d0-fef960bcac38
1983,1983,Doug Ashdown,The World for the Right Kind of Man,f0e521e7-4f73-4a88-b63b-0eca1d73b2b7
1983,1983,Doug Sahm & Augie Meyers,I'm Not a Fool Anymore,8f7fad60-d360-4816-886a-887bb1c9698d
1983,1983-06,Dr Technical and the Machines,Zones / Processed,9e77568a-37a5-4258-a3f4-53db327ad510
1983,1983,Dr. Gruuf,Wos? / Leiwand!,3ee843fd-10f6-4460-8fa7-1c88e975a9d0
1983,1983,Dr. Hook & the Medicine Show,Sylvia’s Mother / Ballad of Lucy Jordan,ed7e1435-f1e6-47e9-9375-70cf5bed0da5
1983,1983,Dr. John Blair,Respect,aa4d1c94-8e88-4615-b9e2-229c28fa0f6b
1983,1983,Dr. No,Nice,b4a59eaa-8dc6-4e24-a556-ed60e1ef0c34
1983,1983,Dragon,Rain / It's Too Late,5df92744-5b56-3a2e-9d60-16550278cb07
1983,1983,Drahdiwaberl,Plöschberger,b4199a2d-5a33-485b-a894-8d7861c50a40
1983,1983,Drahdiwaberl mit Falco,Die Galeere,ee415bb2-9d5d-40ba-9d4f-e9416318552d
1983,1983-05,Driveshaft,Hot Love / Keep Outta My Way,609a7593-1217-45d1-acdc-4dceff55a986
1983,1983,Drs. P en Casey and the Pressure Group,Een miljoen / Blues voor Sorbijn,c22690cb-5647-4c85-bd6e-c40aade12e3f
1983,1983,Drukwerk,Marianneke / Tegen beter weten in,ed31441c-d5d1-4519-8b90-a29cd1dcf1a4
1983,1983,Dschinghis Khan,Himalaja,7f293c9f-9d5e-4caf-b67c-440e2ede2eff
1983,1983-03-01,Duet Emmo,Or So It Seems,d900bc30-66af-4670-9aa0-6ad22a98e47d
1983,1983,Duke Lake,Do You,d3df106b-5399-4071-b1d3-e2055aa7a409
1983,1983,Dulce Venganza,Quiero Matar A Una Chica,78819187-84ef-4031-82a8-70bb52bed812
1983,1983,Dunja Rajter,Padam padam,eb0ae282-665d-4f54-9faf-cacfb31e5b60
1983,1983,Duo + 1,Hartentroef,774c8943-e51b-48e8-b674-4c2ac700e9f3
1983,1983,Duo Onbekend,De klokkenluider / Jij bent voor mij...,9e78717e-d2df-43a4-b84e-de6d24aa84a1
1983,1983,Duo Paradiso,Kom vergeet je zorgen,cdf7ce9e-1245-4e64-87aa-1663cdc52656
1983,1983,Duo Spats,'n Leuke Spetter,591caa67-3483-4303-b97e-483e4fbe59a5
1983,1983-03-26,Duran Duran,Is There Something I Should Know?,4ef9d5b0-9f29-48a6-9a40-59c450632f1b
1983,1983-10-17,Duran Duran,Union of the Snake,d1d6379d-27c2-4c45-8e88-f2b76b2bf563
1983,1983-06,Durutti Column,I Get Along Without You Very Well / Prayer,f79bcb30-ddd3-46ac-bcbb-0beaba19373d
1983,1983,Dutch Boys,America en Oude Pekela,813ab4ba-3ede-4bd6-b477-403df1b8bfb9
1983,1983,Dušan Uršič,Jožkoti in njihovi nasledniki ali na napakah se učimo,5e00fdb4-e8b3-4660-ade7-98399bfb8c29
1983,1983,Dvanajsto nadstropje,Pesem bolečine / Poljubi me v slovo,5ecf6db3-128d-4bda-8d75-89c747f1286c
1983,1983,Décima Víctima,Un lugar en el pasado,b1d986fb-9a5b-4a4c-a34a-3c83c78c9819
1983,1983,DÖF,Codo ... düse im Sauseschritt,f8f869b3-79fe-4a40-ae49-5eac7de320f2
1983,1983,DÖF,Cojdoj - The Flying Schissel,4ae43c3e-e375-4efa-a99d-3dcdef67f97e
1983,1983,DÖF,Taxi,31a434c2-d589-4f56-96f6-e8d6e42cda7e
1983,1983,Earlene Bentley,The Boys Come to Town,80c07165-7a3e-4b71-a2d9-e5177c1607d1
1983,1983-11,"Earth, Wind & Fire",Magnetic,c09f2054-209f-432f-aec9-d53fec42c040
1983,1983-04,"Earth, Wind & Fire",Side by Side,c6ab5104-3a59-43ec-95d0-46bdf08813ca
1983,1983-06,"Earth, Wind & Fire",Spread Your Love,baa93f97-ae29-423f-8fbf-55813e6303e6
1983,1983,Eartha Kitt,Where Is My Man,3974d494-32d6-3403-b788-9288251edd11
1983,1983,Eartha Kitt,Where Is My Man (Hot Tracks Megamix),4be71ad4-f613-4aac-bc31-a681e903f42f
1983,1983,East Side,Waarom,ef7a36e8-731f-43fd-9995-0cb20738d309
1983,1983-09-03,Ebn-Ozn,AEIOU Sometimes Y,190a9ad0-bcd7-466a-8eb2-a8ec5093581a
1983,1983-07-08,Echo & the Bunnymen,Never Stop,b2a390d2-5a8c-3c7c-83f9-c31354be6052
1983,1983-01-14,Echo & the Bunnymen,The Cutter,66c8c063-a6a3-37d2-b37d-14454951f05b
1983,1983,Echo & the Bunnymen,The Killing Moon,55cf69e7-fc63-31ef-a7d7-b0c88a4f39cf
1983,1983,Eddie & The Monsters,What Ever Happened To Eddie?,dc739290-dee0-47f0-9815-f1afdafc2108
1983,1983,Eddy Guerra con los mismos de siempre,Atarrayando / La muerte dé la bahía,4bfbc9df-4001-4daf-b3c3-1bdea6fe66f0
1983,1983,Eddy Hense,Twiedeliedie,978a5a5a-0346-476b-b932-8944986d095f
1983,1983,Eddy Hoogland,Naar de disco / Werkeloos,4029b880-9e5f-46bf-ba61-cc42de453bc1
1983,1983,Eddy Mitchell,L'amour est vraiment fort,077d61c8-0886-405c-80f8-4b526cdd8fb3
1983,1983,Eddy Trauba & M.M. Greco,Maccaroni Radio,275a938c-f72f-41e7-b6ce-83ce1fa764d4
1983,1983,Eddy Warco,Ik ben zo ziek als ’n hond / ’k Heb de mot in m’n lijf,c4fddfb1-6655-4954-89a4-77e671f8c5aa
1983,1983,Edgar Winter,Frankenstein 1984,b6fc72a3-81a8-4189-a4cd-abf792d98424
1983,1983,Eduardo,Ons dorpje,fa9e9d6c-2dc3-41db-9bef-2197217c0d4e
1983,1983,Eek‐A‐Mouse,Peeni-Walli,63ba28ed-36ea-4651-b6b2-295b1b972a68
1983,1983,Effect,Fantiserar,314ff6e2-fa0e-4d74-81e2-179e0d337ef0
1983,1983,Eighty One,Medley Twist '83,256d2ab0-1513-4b90-95a7-8ff661786471
1983,1983,El Aviador Dro,Amor industrial,6af7cd6d-d6b7-4b65-aeab-91bd63472d12
1983,1983,El Chato,La Chunga,f544e5e6-2c3e-4c86-b966-22e5030e47f9
1983,1983,El Conjunto de Short People,Perdido perdido / De mi trabajo a mi casa,ee8e201a-d3f6-4564-9725-07ad798fc880
1983,1983,El Grupo Playa Azul,Que linda / Nadando,de112e25-db0d-4a35-a8bb-ad873575228a
1983,1983,El Super Katacumba,Soledad y Carmela / Se que me quieres,5316f067-bd65-413a-9872-59c45ce8bada
1983,1983,Electra,Are You Automatic,c93da383-0f93-4948-9125-f6a487c5e8f9
1983,1983,Electric Banana Band,Zvampen,df2ff0aa-e574-46fe-a802-82fdf6a55304
1983,1983,Electric Guitars,Wolfman Tap,ad6ae8b7-fc11-438a-93c3-4bd0248766b8
1983,1983,Electric Light Orchestra,Four Little Diamonds,c3c6deae-d4de-4bd3-9325-c2cf1ae959a3
1983,1983,Electric Light Orchestra,Rock ’n’ Roll Is King,94f2d54b-cf30-39bf-840c-2a98aab4aa3b
1983,1983,Electric Light Orchestra,Secret Messages,359cad21-cf63-48f9-ada7-54a700aab9c8
1983,1983,Electric Mind,Can We Go,8edf340f-ae5c-4bb0-8c3a-a1809316ab8a
1983,1983,Electric Smoke,Freak It Out,a56b51cc-3ca2-4b3e-befc-6395ee31293b
1983,1983-12-06,Electric Theatre,Ballet Dancer,cf8acd7d-c78b-4a7f-aa81-cccfde8ae293
1983,1983,Electro Phonique,Danse Electronique,9c8d265a-dddd-46f1-b27b-d555a834c2bb
1983,1983,Elephant Talk,Ask / Burning Halo,7686b813-bc72-47ac-b47d-bf39a0bbb1ea
1983,1983,Elfie,"Tom Sawyer, c'est l'Amérique",27c1f2cb-754a-489c-8b49-cbcd5366037a
1983,1983,Eliffant,Tywyllwch,b2f70023-5dae-4e6b-81a4-7af0fa5b647e
1983,1983,Elli & Jacno,Le Téléphone,1ec7a4d0-7b2a-4f81-adc4-5319da8ae76d
1983,1983,Ellis,Norman,06b0773b-fca2-4ded-8b19-899cf9bedfdb
1983,1983,Ellis,Waarom krijg ik geen gehoor,a7e6575e-a7cc-472e-8eda-a00445ff1c92
1983,1983,Elly,Barcarole in de nacht / Speel zigeuner,af1b8765-6e58-4f1b-a21b-75dddf5b15eb
1983,1983,Eloy,Fools / Heartbeat,1a1c5d67-b27a-4c09-98fc-f5dd8ae544ac
1983,1983,Elton John,Cold as Christmas (in the Middle of the Year),51018155-831e-3875-a4f9-f9b6f6d6159f
1983,1983-04,Elton John,I Guess That's Why They Call It The Blues,127f534a-5b2c-4b35-9cb0-fd3a27b7e3e7
1983,1983,Elton John,I'm Still Standing,b679c8bd-a4e6-48aa-b152-3cb9e6321292
1983,1983,Elton John,I’m Still Standing,fbfe148d-e099-4ae9-ba0f-d3baa46ee29f
1983,1983-10,Elton John,Kiss The Bride,97489ed0-dfd2-413b-9f80-6b72c8e4bfcc
1983,1983,Elvis Costello & The Attractions,Everyday I Write the Book,1d85330b-02e1-48a5-83b4-7ce41c90898a
1983,1983,Elvis Costello & The Attractions,Let Them All Talk,d8700c1f-c0a8-3217-a619-269bb081bacb
1983,1983,Elvis Presley,I Was the One / Wear My Ring Around Your Neck,5652f485-2f2f-4414-95b3-9383cd029ff1
1983,1983,Elvis Presley,Little Sister,33eef2ab-3341-4f16-8ffc-b9db0b5a31c4
1983,1983,Elżbieta Mielczarek,Blues,56179207-04ba-454c-9de0-8745365ec62e
1983,1983,Emile Ford & the Checkmates,What Do You Want to Make Those Eyes at Me For / Slow Boat to China,c18e376b-db6d-4172-ae66-0c7b56f7dd94
1983,1983,Emmalee,Bobby,01d355e1-b93a-4b3d-877e-512ca0cd2eb7
1983,1983,Emmalee,Bobby,8b0a9e46-e9fc-4235-b6a9-d3e078db6f7c
1983,1983,Endgames,Love Cares,c693c377-b9b9-4dba-90ec-ae4c89838d8d
1983,1983,Endgames,Miracle in My Heart,09e4fb35-e942-4815-9ab3-90b82c11770d
1983,1983,Endgames,Waiting for Another Chance,e782c87a-c994-4333-a9c6-0e63b33615ce
1983,1983,Endgames,Waiting For Another Chance / Desire,dc041ca8-40f0-4045-a3eb-dc9f26ece8d9
1983,1983,Enrico Macias,Un homme comme toi / Deux ailes et trois plumes,778653e9-a4de-4957-b2f6-2ce1507c3449
1983,1983,Enrico Ruggeri,Polvere,65bdba03-281b-4416-800a-448d6e07c045
1983,1983,Enrique y Ana,Dónde estás ETE,91e61264-a62a-4a89-bfeb-6a8e45e3b57b
1983,1983,Enrique y Ana,El Continental,b97f7541-43d5-4dec-b1ac-d0b4456c42b5
1983,1983,Enrique y Ana,Se enamora,faf8e26d-5346-4c7c-b531-05e33a458668
1983,1983,Enrique y Ana,Si quieres ser campeón,05e52654-2db7-49d1-9211-4dcc923d6bf7
1983,1983,Erazerhead,Werewolf,04d1f42b-2760-471f-a5df-a0f7f396c9e6
1983,1983,Eric Beekes,Stom / Kater,bb5a0042-a542-40f1-accf-a95aeae46933
1983,1983,Eric Soling,Nathalie,a19ac53f-2aeb-47e1-a6ac-60147ad57ceb
1983,1983,Eroc,Küß mich - Ich bin die Feuerwehr,f77bbb6f-f160-42f8-a705-33e899a1303b
1983,1983,Errol Lafleur,Boogie Nights,5b7052a4-49b5-4c46-9023-910e383537e0
1983,1983,Erste Allgemeine Verunsicherung,Afrika: Ist der Massa gut bei Kassa,cae22f70-47b0-3623-8149-2095883effd2
1983,1983,Erste Allgemeine Verunsicherung,Alp-Rapp,c9795eaf-7106-4431-bc8a-6636c77e9721
1983,1983,Erste Allgemeine Verunsicherung,Der Alpen-Rap,6b817ebd-cea1-33d6-82b5-a6b59c20a930
1983,1983,Eryr Wen,Siop Dillad Bala,aab6f34d-85b5-4ed5-8c57-c9456c0f0272
1983,1983,Esavù,Sia-Sioù (Breakin’ Up),2de1db54-5986-41a8-bc40-5857e4acb661
1983,1983,Esavù,Spelling Love,b8417f21-2fb8-436a-8747-6648d4c5f094
1983,1983,Escape From New York,Save Our Love,cc518f62-d2f8-4545-8bc6-da192ada510e
1983,1983,Esgrima,Todos locos,eb747bab-dc3c-47a3-ba37-cf554a5983c8
1983,1983,European Toys,I Am Creator,393a7e12-c629-42b8-852d-70311448078a
1983,1983,Europeans,A+E+I+O+U,cbd9b1f6-1482-40b3-9f82-ff6f0f1e8c6b
1983,1983,Europeans,Recognition,b724d090-460e-4121-b830-b79a2424f7ce
1983,1983,Eurythmics,Here Comes the Rain Again,676b91d5-48c4-4b2d-9bf7-68f9f064a4b2
1983,1983,Eurythmics,Right by Your Side,ca204c45-efa4-4084-ab0d-c45e8d99feed
1983,1983,Eurythmics,Who’s That Girl?,602c9384-64b6-4a38-967d-5c91674dfaa9
1983,1983,Eva-Maria Pieckert,Um die Erde zu behalten,85b8aebb-09b1-443d-8c67-e0224fc07d00
1983,1983,Evo,Din Don,66c2398f-d1f7-4ac2-a4a9-45a8cd96d33d
1983,1983,Exotic Birds,No Communication,0a931c40-0c4b-3161-a05c-34ca26444a1a
1983,1983,Exotic Birds,Who Knows Why / Dance the Night Away,1c53a5e0-13b7-3d22-981c-ac7fc4b1ebad
1983,1983,Exotica Maximus,Paint It Black / Western Fields,6c7da0b6-337f-4a7c-be3d-2720547c4c35
1983,1983,Exotica Maximus,Younger Now,980794eb-ddc6-460b-82fd-dacc27551b9d
1983,1983,Express,Ich fürchte mich,a62516e0-0e62-420c-aa3f-310613d5d5bd
1983,1983-05,Eyeless in Gaza,New Risen,5833d667-9cae-4c8e-804f-7e0e6e7deb30
1983,1983,Eyeless in Gaza,Sun Bursts In,d6293d4f-c114-3502-b202-8266ad262ace
1983,1983,F.R. David,I Need You,1cecd0a0-303b-41c2-a86a-ae248fbc24e6
1983,1983-10,Fad Gadget,I Discover Love,22961c7e-af02-3ebe-a217-68ad9d940b80
1983,1983-02,Fad Gadget / Mecano,Untitled / March of the Iron Workers,8978d3af-ad15-42c0-9bb2-8304e8980721
1983,1983,Fahrenheit,Mysterier,4086ae95-839a-4383-b1ed-3ad88b05d0e7
1983,1983,Faith. No Man.,Quiet in Heaven / Song of Liberty,5bd11d6b-4c43-3a45-a781-23854f76e375
1983,1983,Fake,Donna Rouge,446e539c-8709-4a56-9e33-768a97e0f255
1983,1983,Falco,On the Run (specially remixed version),94885bb7-b234-4ad4-8c31-15edb6d0c5f0
1983,1983,Familie van Zanten,Samen pootje baaie,955e9c33-074a-4cc2-94c5-75cf39731953
1983,1983,Family,En lin' det is ein plaetske / Truttebol,378b5a5d-3614-4475-80f9-80be2a01443e
1983,1983,Family,Goodmorning Summertime / When I Left You,8de27032-54f7-48b8-9932-a870a52e46fa
1983,1983-03,Family 5,Traum von übermorgen / Viererbande 83,d1d8e43e-ec6f-4de9-9108-ecd1342f746c
1983,1983,Fanclub,Fan Dance,c78baafa-d751-40f6-a747-401282a7e0fa
1983,1983,Fancy,Reach for the Sky,1abf4654-24a8-491e-afb8-f21caece7a6b
1983,1983,Fantasie,Goodbye Sunshine (Keep On Smiling),68bee50f-96f7-499b-ad4f-95c70db5d884
1983,1983,Fantasie,Zonder geluk vaart niemand wel,b27daa4e-086c-47c8-aef4-a09cda3ef98f
1983,1983-05,Fantastic Something,If She Doesn't Smile (It'll Rain),bf332cef-c66f-45eb-ada8-598e260c4873
1983,1983,Fantasy Three,It's Your Rock,88d26cea-fbf9-3922-adc2-960e1ed14da4
1983,1983,Fashion,Eye Talk,6ceb7c0c-e73e-40e5-978e-674fbd4008be
1983,1983,Fast Radio,Under My Thumb,e81dc750-5711-478e-948e-2b75b837e547
1983,1983,Fat Larry’s Band,Straight From The Heart,68f532f5-1567-4ae1-837a-955bf5e77fb6
1983,1983,Fatback,Is This the Future?,e7d8da66-3e40-405d-9daa-093ef3caed7e
1983,1983,Faxe,Time for Changes,402b439d-4734-4e82-a027-c37bef8cd0e5
1983,1983,Fearless 4,Something New,8a890324-c683-4f7b-a065-8807a0b13318
1983,1983,Fehlfarben,Agenten in Raucherkinos,3f1ae094-2a33-49b0-8e94-d878ece14dba
1983,1983,Fehlfarben,Magnificent Obsession,d0e7e749-0309-4d83-be40-776543d67307
1983,1983,Fehlfarben,Tag und Nacht / Can Hieronymus Merkin Ever Forget Mercy Hummpe and Find True Happiness?,42a51d7e-62c2-4e71-8182-061056a6a508
1983,1983,Fehlfarben,Tag und Nacht / Dollars und Deutschmarks,f6aa70a5-2411-458f-b849-454a0ca34caa
1983,1983,Felli,Diamond in the Night,dc822005-5694-4721-84f9-1dc66d94efde
1983,1983,Felony,Pied Piper,a1f49e3e-774f-40b6-a4fc-b87edecb8542
1983,1983-06,Felt,Penelope Tree,1250cd73-2c4e-30b3-808c-f50c4b01ecd4
1983,1983,Fenix,Kom till mig / Blå blå är haven,6d310206-5adc-4ff5-96a2-0259cc71f2f5
1983,1983,Fiat Lux,Photography,7d4620a7-db40-45c9-9f1d-4440a9c2566d
1983,1983,Fiat Lux,Secrets,eb13496a-5909-4acc-ae40-6088eb696779
1983,1983,Fiction Factory,(Feels Like) Heaven,7b1f4086-6b8b-372d-9ba1-0c8e1df4347c
1983,1983,Fiction Factory,Ghost of Love,6795dd66-91c4-4ee7-a92e-303e264c1e32
1983,1983,Fighters,Dancing Nights,6733b939-6852-4838-b4b2-5d2461f464aa
1983,1983,Filomène,Le temps de Croque-Vacances,024431bf-e718-47cf-890b-d8f72cc09ae8
1983,1983,Final Academy,Night Café,ef326740-dd38-4300-8f6f-6865380ec067
1983,1983,Finesse,Together,68b4d942-4ba9-4db6-b49e-8bbf7b59590b
1983,1983,First Choice,Let No Man Put Asunder,98c5adf8-ec70-3676-b0f0-6f75f852a63d
1983,1983,First Choice,The First Choice Medley (A Special remixed Disconet version),9f6ff10b-54f8-49a0-a347-8ef6fc78b72d
1983,1983,Five Letters,Alone,071741f7-b7dc-4a71-b262-22444b4e4ed1
1983,1983,Flaco Jiménez,Aquel que parrandea / Carolina,24ea9ab9-2d8f-46d2-b40c-3336f76902f9
1983,1983,Flaco Jiménez,El bingo / Lenny Lee,dde7864d-208b-41df-a8f4-b980a57ec2c3
1983,1983-12-01,Flashback with Billy Aylesworth,Nuclear Blues,7be481d6-176c-4555-925d-46459cdf8fa3
1983,1983,Flatsch!,Badekapp / Tannenbaum Peep Show,3defe98e-da38-4606-8ccd-b832597277f1
1983,1983,Fleetwood Mac,Can’t Go Back,f7a6ed80-cefc-4e8d-8c49-556448db8fcb
1983,1983,Flexx,Love Theme From Flexxy-Ball (You'll Never Change No More),4f1875af-6b4c-4fc1-9564-ad48a8748f6b
1983,1983,Florian Haidt,Das tu' ich so gerne für dich,d5d7210a-ad80-4f63-8e52-0f4daa01dbc2
1983,1983,Flowers of the Past,The Fuhrer,4ad274f0-3901-435d-bf6e-00bcca4caa39
1983,1983,Flowertree,Ode aan de piraten moeder / Mooi Amersfoort,45b30138-18c3-4b23-a06b-19fcdfc4e840
1983,1983,Floy Joy,Answer Through Me!,2a709f3e-a350-4f15-b3a0-b168341d7f49
1983,1983,Fontana Mix,Catwalk,1aa121d9-5b12-459c-88a9-7d635ac51617
1983,1983,Foreign Press,The Great Divide,72004294-8d1e-3e65-b012-d21d7dd41a85
1983,1983,Four Jets,20 år / 20 Years,78afe64a-a22f-49e2-b59e-07c428b15f10
1983,1983,Four Tak,Zorgen om Maria,db7540bc-02b0-4bae-a98c-5bd919956fef
1983,1983,Fox the Fox,Precious Little Diamond,9aad0893-d34d-3a4d-b3b8-78ad323535de
1983,1983,France Joli,Blue Eyed Technology,76068cd7-7f6e-4cf8-b770-38737fc16a35
1983,1983,France Joli,Dumb Blonde,354b90ab-e0db-4c4a-b977-60b9490c2591
1983,1983,Francesca Solleville,Marie‐Jo,f13d2ab9-5d77-4ec2-b190-f35220f7a501
1983,1983,Francine Aliona,Barbie Danse Super-danse (Aerobic Pour Les Jeunes),535943f0-334a-4c0d-b68d-dc5497af4495
1983,1983,Francis Cabrel,La Fille qui m'accompagne,91c9f360-f8ef-424d-a660-ccea3897aeee
1983,1983,Franck Fernandel,Bilan positif (40 ans) / L'Amour interdit,3af37003-4124-4a37-ab6a-a87f42833fdd
1983,1983,Frank & Mirella,De vissers van San Juan,d33d9a32-10e1-4e89-a9f7-9082be8105a6
1983,1983,Frank & Mirella,In ’t diepst van je hart / Alle hens aan dek,fc6c32f4-3632-4e27-800f-3add70eceac3
1983,1983,Frank & Mirella,Manuel,f4c70004-96de-4c77-ab73-ae5f70cc84ff
1983,1983-09,Frank Boeijen Groep,Doe iets / Macho,103c6175-eb61-47b3-a656-47a8c6573375
1983,1983-04,Frank Boeijen Groep,Linda / Nachtportier,88c2bba2-f87b-4c6e-bb96-d9437305aad8
1983,1983,Frank Duval,Give Me Your Love / Ogon,e548f742-43c6-44fb-b913-c67ccfaf304f
1983,1983,Frank Duval,Ways,5439927d-f2b1-4091-be93-2580209f6382
1983,1983,Frank Evans,Release Me / Love Me Tonight,2bd20883-8bb8-4c5e-8cfd-d79203c8f2c0
1983,1983,Frank Ford,Jetzt oder nie,b10c4485-ec2a-40f8-b134-2c37c9de2454
1983,1983,Frank Lee,Mieters klein ventje,80b2017f-5f38-40ef-8454-ed45e5ed2ea7
1983,1983,Frank Stallone,Far From Over / Waking Up,17bc0139-bb07-427f-ae18-1cc9491f08a0
1983,1983,Frank Zander,Aerobiegsam,fb34f8e6-1863-4e22-9cf8-8d2768f0f6ce
1983,1983-10,Frank Zander,"Hurra, hurra, wir leben",ef2e2aff-19bb-4482-9c15-0e2437e4aef3
1983,1983,Frank Zappa,My Name Is Fritz,77ab89a5-c5b4-4b85-9d1b-85fef002ba54
1983,1983,Frankie Avalon,You’re a Miracle,c39a72c4-09cc-411b-822a-8034d6f87369
1983,1983-10-24,Frankie Goes to Hollywood,Relax,cc8e8460-b5f8-3fb1-a8a3-6b79d3490c27
1983,1983,Frankie Laine,High Noon / Moonlight Gambler,1b26eaa4-93dc-4a71-933e-1f94d70c2bd3
1983,1983,Frans en Marsha,Almaria,d6fd1d7f-1135-4c92-9f40-feb80936923d
1983,1983,Frans Kunst,Niemand,41f615e7-e1b3-4ec9-b228-1545e10067c7
1983,1983,Frans Nieuwenhuis,Kris kras de Veluwe,c79f8d69-e70b-4d58-8250-9a196a1f3dfb
1983,1983,Frantix,My Dad's a Fuckin' Alcoholic,2754eada-7bfc-332e-8269-9e9bf974265c
1983,1983,Franz K.,Der Politiker,3727e147-8893-4c1b-afc1-38ceadcd5827
1983,1983,Franz K.,Es ist schon hart,f1f55263-0fa6-4f4a-8917-bcf5073e6c12
1983,1983,Franz K.,Heilsarmee,3dd7ef21-2649-4b97-8161-0a74d92f33fa
1983,1983,François Valéry,Elle danse Marie,3a739413-04d8-4744-98ef-72b9bb272827
1983,1983,François Valéry,Joy,8f90a5ca-cd05-40b0-add3-be2874964e14
1983,1983-12,Fred Sonnenschein & seine Freunde,Alles Gute zum Geburtstag,0bb8db52-4c97-4f29-b4ec-efb47116c6f5
1983,1983,Fred Welser,Herzklopf'n,04779e2d-4839-4d89-89b6-69268efd4545
1983,1983,Fred ‘August’ Campbell & The Spur of the Moment Band,Lost Horizons / The I-95 Asshole Song,a45d4129-ea07-4129-b00c-9141f7eb9d89
1983,1983,Freddy,"Junge, komm bald wieder / Der Junge von St. Pauli",1beee938-7bd2-4cc9-ad64-45af1290b96e
1983,1983,Freddy Casby,Stars Over the Country,83e8be1c-0de2-44ef-9473-b12cfea793ee
1983,1983,Freddy Quinn,"Die Nacht von Casablanca / Ich weiß, daß wir uns einmal wiedersehen",08af868a-1bc3-4748-9f2b-903906ed8cd7
1983,1983-01-03,Freddy Quinn,Weil ich dich wirklich liebe / ...und darum bin ich heute wieder hier,e511eb23-f73f-4176-9938-084a2f72749c
1983,1983,Freddy Quinn / Dave Dudley,Sankt Niklas war ein Seemann / Reverend Nicholas,7292033f-3140-41f2-b226-f1b2debe8d50
1983,1983,Frederik,Roadstar / Jos ollaan yhdessä viimeisen kerran,da751cd8-c491-4cb1-a398-cb2e925d4624
1983,1983,Freeez,I.O.U.,c93a610d-0444-4874-a64f-ffdfb6f06e7c
1983,1983,Freeez,Love's Gonna Get You / No Need For Greed,06545520-924c-4014-9822-30a5e51fc6cc
1983,1983,Freeez,Pop Goes My Love,04044b5c-a453-4356-aa3b-095d702bb6fe
1983,1983,Freeez feat. John Rocca,I.O.U.,0b4f09dd-353d-3585-802e-93708e7a4e8b
1983,1983,Freestyle,Musiken gör mig vild,5fe4e05d-10f2-474b-9b3d-df05917f69b1
1983,1983,Freestyle,The Magic of Love,35c78e3f-dc7f-4979-8960-617003f70138
1983,1983,Fresh 3 MC’s,Fresh,5f891639-6078-3cca-b9d3-9731bc99507d
1983,1983,Freur,Doot-Doot / Runaway,b9c16f4e-11a0-4abe-bf78-ad024e84e1b5
1983,1983,Frida,Here We'll Stay / Strangers,3c61f8c7-dd90-4ae9-a3b7-685377cef073
1983,1983-01,Frida,Tell Me It's Over,2c62cbc9-d7f6-412d-a732-a1513545f0fb
1983,1983,Frida & B. A. Robertson,Time,0a50d2c6-adc0-4b12-a429-a1fe2831a029
1983,1983,Friends Again,Honey at the Core,22f02c2d-cd4e-4e81-9ab8-ce5d60228eba
1983,1983-10-14,Friends Again,State of Art,7d1d29ee-eb8e-4672-98fa-42c48592868e
1983,1983,Friends Again,Sunkissed,2aca5ebb-2e4a-4e6a-948d-df6443c47eaa
1983,1983,Frits Hubenaar,M’n laatste kwartje,76b2742e-1d19-439b-bbee-a8aa8f96a8ff
1983,1983,Frl. Menke,Tretboot in Seenot,d7389c72-968e-3fba-a72b-4b1b001f1bec
1983,1983,Frontier Scouts,When Daddy Blows His Top / Out of Your Shell,bd07028d-6b4b-4dc9-a633-f14de9a05a4f
1983,1983,Frédéric Zeitoun,Ces matins,cae91c5e-e886-47dd-a2e6-2fb6399d396b
1983,1983,Fun Boy Three,Our Lips Are Sealed,4c0b6bff-36c8-4d22-ab57-6d2626460c26
1983,1983,Fun Boy Three,The Tunnel of Love,da9f39b4-77f0-4154-b5d9-8a82aa9f33a5
1983,1983,Fun Fun,Happy Station,a0006b2b-5f2f-48a4-bb7c-dd0a6751bad8
1983,1983,Fun Fun,Happy Station,ef578821-1d1b-48da-b4d7-4e7202d12869
1983,1983,Fun Fun,Happy Station (scratch version),0d380c54-09e0-4a05-886e-1788040cd0d1
1983,1983,Funky Four,Feel It (The Mexican),337cfea4-fabd-4d05-8b80-4959b281d435
1983,1983,Future State,Future State,1a0ab1a2-fa1c-4f77-abbf-e96e957989a0
1983,1983,Fähnlein Fieselschweif,Böser kleiner Ritter,48416573-0468-439c-9763-5f530a77fa35
1983,1983,G-Force,Feel The Force,993a2a12-0946-406c-89cc-6b67c82456a7
1983,1983-01,G. G. Anderson,I'm Alive,7e30dfe6-7d1f-4969-a26a-fa2987008d94
1983,1983-05,G. G. Anderson,Memories of Lucia,61166314-72ae-4d63-aa07-7dce4b67ca36
1983,1983-09,G. G. Anderson,San Fernando,625ac43b-59e7-4ed9-8797-b826ca8627c2
1983,1983,G.A.N.G.,Incantations,ca2061a4-4a62-4370-ac7c-f73b12e36afb
1983,1983,G.L.O.B.E & Whiz Kid,Play That Beat Mr. D.J.,e5c13dc1-a05e-3c90-b067-f6e1054cb74f
1983,1983,Gail Davies,You're A Hard Dog (To Keep Under The Porch) / The Boy in You Is Showing,e4a69beb-132a-4694-9f41-9265bdaecc54
1983,1983,Galaxy featuring Phil Fearon,Dancing Tight,d709008e-2036-4588-9ddc-876fe641e13d
1983,1983,Galaxy featuring Phil Fearon,Wait Until Tonight (My Love),ab120348-09e3-4f34-933b-f57851bd60b5
1983,1983,Game Theory,Dead Center,4fb71494-dd1c-4c9c-8f53-c2029088bb28
1983,1983,Gang of 4,Is It Love (extended dance remix),a81cd09f-1118-45bb-817b-60e1d9ef173a
1983,1983,Gardening By Moonlight,Diction And Fiction,9c99f2c2-1d77-4be8-9886-a3a2a59c2714
1983,1983-09,Gardening By Moonlight,Whistling In The Dark,8db26f5a-4368-4e02-b51d-ea0de676c660
1983,1983,Gary Byrd & The G.B. Experience,The Crown,8b92cc56-8b0e-3682-b371-4fe6296919d9
1983,1983,Gary Davenport,Sarra,6008a9a5-f864-4118-9391-3b3cc42b9987
1983,1983,Gary Low,"Forever, Tonight and All My Life",e18aa516-05ca-442d-9511-63ad5bfbd9b0
1983,1983,Gary Low,I Want You,0864e2e4-2723-3d35-8d1a-1a91b9400a02
1983,1983,Gary Lux,Brochene Flügel / Bleib wie du bist,de7587fd-d773-40ff-9b83-6ed2776232cd
1983,1983,Gary Lux,Herz in Not,287d6d64-d942-4731-8bca-cc187a125045
1983,1983,Gary Lux,So viel Liebe,dbaed29e-e7fe-48bf-85ee-c4eaa68d531e
1983,1983-10-14,Gary Numan,Sister Surprise,c65b4a07-9c1d-4524-8373-b7b2dfb511b3
1983,1983-08-26,Gary Numan,Warriors,939e5352-54b7-4a6a-951f-5ab6b4faadf2
1983,1983,Gary Portnoy,Theme from Cheers (Where Everybody Knows Your Name),b6f1e57b-efd2-4308-9c16-693e63f5b744
1983,1983,Gary Private,Waiting For You,34e3435d-a404-477b-b932-e441f3f1a79d
1983,1983,Gary’s Gang,Makin’ Music,150ad061-56e4-4bc4-afd7-a1e1e6e91257
1983,1983,Gaston Mandeville,Bye‐Bye,0e71fc5d-42b6-4c1f-b58a-dcff35b5fa26
1983,1983,Gaston Mandeville,Le$ Dollar$,77f3b9e2-4a74-4d90-a4fb-c678395e2249
1983,1983,Gazebo,I Like Chopin,2a8df5e5-2518-45a5-bf10-ce2580cc9bae
1983,1983,Gazebo,Love in Your Eyes,004dbe4d-7b40-4586-84a4-194dabcbd183
1983,1983,Gazebo,Lunatic,93d574a0-c8b0-4903-a434-28548c9bb033
1983,1983-01-01,Gaznevada,I.C. Love Affair,255ae9d5-ccbc-4f25-b252-8ec2ad2f3f29
1983,1983,Gazuzu,Go Go Gorilla,1d54f237-c7d3-4b48-ae01-88af1c9cd522
1983,1983,Geert Bouwknegt,M’n Twenteland / Bis bald aufwiederseh’n,674a73be-381c-4220-8979-89c686e6915b
1983,1983,Geert De Visser & The Truckstars,Chauffeur,7b257932-dd1b-401d-8a8c-e3e87ba6bdf2
1983,1983,Geert ten Napel / 'T Letste Ogenblik,"Annet, annette / De put",e8dab684-e86b-4112-9109-6eb4c1599af3
1983,1983,Geertje Spijkerman,Adios mon amour,d80878da-0819-447f-bc9b-a473448d56d8
1983,1983,Geertje Spijkerman,Ik ben een heel klein beetje verliefd,196025b8-6d6a-44a8-b09c-64808fe30886
1983,1983,Geier Sturzflug,Besuchen Sie Europa (solange es noch steht),4f54e696-3a32-4442-8460-4731c7e89086
1983,1983,Geier Sturzflug,Besuchen Sie Europa (solange es noch steht),95d3f4a4-24a9-46a2-96e2-1ae45c793d99
1983,1983-01-24,Geier Sturzflug,Bruttosozialprodukt,6f3cd560-aafb-4903-afc5-055d028c63c5
1983,1983,Gemma van Eck,For You,ad32443b-b980-453f-aa46-8ff30c46f5dc
1983,1983,Gene Loves Jezebel,Bruises,4ca91ed7-3015-3f0e-8865-319a13b860ed
1983,1983,Gene Loves Jezebel,Screaming,9729f8d0-8dd5-4474-83f6-18fc9f135787
1983,1983,Gene October,Suffering in the Land,cecc5b1e-0b64-4668-9f94-9e7890990964
1983,1983,Genesaret,Tro Och Tvivel / Säg Ja Till Livet,fcc6d89f-65ae-499b-872f-2202358a7ccd
1983,1983,Genesis,Firth of Fifth (live),df8da962-d95c-423a-9e70-31fbd045edfa
1983,1983,Genesis,Home by the Sea,0471ed27-c36c-46de-a7d9-840b2d1aa97b
1983,1983,Genesis,Illegal Alien,17818cd9-c4e3-4d6d-a22f-d000bb62fcce
1983,1983-08-22,Genesis,Mama,f7593b95-a38d-3ba7-80f9-2a144ca715a5
1983,1983-10-31,Genesis,That’s All,df774c87-ab49-493e-8c77-a602e241cec8
1983,1983,Gentle Persuasion,Please Mr. Postman / I Believe in You,5e6f227b-3e12-4faf-b8ac-a87df35298da
1983,1983,Georg Danzer,Es ist so schön ein Schwein zu sein,0a5312e6-cc0c-4d4a-8e92-1ff39a588c86
1983,1983,Georg Danzer,Zombieball,20e998a4-853d-46d2-8eba-7821e42fcf5a
1983,1983,Georg Danzer & Band,Atlantis,f0b18584-e65d-48cf-bf9b-16833d2b9edc
1983,1983,George Benson,Inside Love (So Personal),ba64eedc-43df-48d1-b89e-3ec3ec631928
1983,1983,George en Trudel,Johotralala,7d87d2b2-a5af-410f-ab49-bae9a0ab25eb
1983,1983,George Kranz,Din Daa Daa,8d979563-102a-3248-a078-2754c6034118
1983,1983-01-13,George Strait,Amarillo by Morning,a269a67a-33ef-4246-902e-5abb0cd5e212
1983,1983,George Thorogood & the Destroyers,Rock and Roll Christmas / New Year’s Eve Party,abaee6c2-6617-4b2d-8637-2bf33a1a486a
1983,1983,Georgette,'t Viswuuf,157859fb-25ef-4a2a-a1c4-c885f3f4fefc
1983,1983,Ger Crama,Wat moet ik toch doen,41f2988e-b5f2-41a8-afba-43195fb369b1
1983,1983,German Hofmann Orchester und Bruce Low,Die Abschiedsmelodie,6905778b-0d1a-400e-b4a6-44e71d36a17c
1983,1983,Gerrie Evers,De wereld is leeg zonder jou,676bf11f-1f15-44a3-839a-1599c42f4247
1983,1983,Gerrie Evers,En toen kwam uitgerekend jij,d9b56e3d-25c9-4f65-beb7-b726d6fbf614
1983,1983,Gerrit Golf,De buurvrouw,407b0878-d5ff-4dce-b4c0-425da7104a6b
1983,1983,Gerry & Diana,De kermisroos,df67a3df-e7f2-42bb-83bc-c1ea3730be24
1983,1983,Gert,"Dicht bij mij / O, kom toch bij me",b9cbe63e-a857-4031-af6c-31f5571fcc85
1983,1983,Gert,Het leven met jou / Espanjola,85b4c06d-8868-4744-bcda-551220bf96f2
1983,1983,Gert & Lydia,Op de dag... / Zilverdraden tussen 't goud,93809766-50bc-4451-b2c1-5f9f5a8d15a7
1983,1983,Gert Hollander,Ik breng deze ode aan piraten,5d873a3f-4cb5-4239-9a19-b06f3009932e
1983,1983,Gert Siebum,Haileli hailo / Panten's tune,0692ce7c-cfc6-4d04-b1b5-430073a1ed60
1983,1983,Giak,Inside You,94414830-400e-4528-804f-4a2f15987c2f
1983,1983-01-01,Gianluca Cucchiar,Sulle ali di un gabbiano,4586a339-0f94-4521-a335-15b4ccea2dd2
1983,1983,Gianni Morandi & Amii Stewart,Grazie perché,9ae354cd-7010-477c-8751-5cc5376e94c6
1983,1983-04,Gigi Garner,Reflections of My Life / Heart,28758b36-6316-456f-9007-7d0faa90ef93
1983,1983,Gigolette,Games Females Play,c009cc59-bc70-47fe-a5a1-51231caed893
1983,1983,Gilbert Bécaud,Desperado,39b58ba0-e3db-4714-bc00-ddb2c76b2524
1983,1983,Gilbert Bécaud,Désirée / Power to Love,fe0702be-4506-44da-a7e9-1d16e22dbf68
1983,1983,Gilbert Montagné,On va s’aimer,fd9da9d7-5b9c-4dac-bd57-450279342ab5
1983,1983,"Gilion van Lierop, José Van Dooren","Vae zeenge, dânse, spreenge / Waat haadje gedachtj",11668d17-a5e3-49da-b93f-896b4205335f
1983,1983,Gill Martin,Vertel je vriend / Als de klokken luiden,09a21a49-754b-41bc-b1a3-ca2adf520a65
1983,1983,Giorgia Lauda,Mit Dir Allein / Sto Bruciando Fermati,6e71d3c4-0e15-48f8-9fb3-96032b02ee04
1983,1983,Girl Talk,Can the Rhythm,e90c3d5a-9bd7-457e-bbbc-7a6b35d19028
1983,1983,Girls Can’t Help It,Rhythm of the Jungle,b8939f0b-102f-48c9-8264-3d3a907c5b95
1983,1983,Girlschool,1-2-3-4 Rock and Roll,395c36e7-c976-464f-97a8-63771c7fef6e
1983,1983,Girlschool,20th Century Boy,8271cf2b-dd43-48d9-93f2-0083a8b712d5
1983,1983,Girly,Working Girl (One Way Love Affair),2960a9de-c793-4c8b-8692-7b58748e042c
1983,1983,Gitte Haenning,Lampenfieber,b94b7ef2-b966-4854-a8d2-44072b48a5f0
1983,1983,Glass Museum,Daytripper,3de22331-611b-45eb-abb9-b56b7432fda1
1983,1983,Glass Museum,Future,5203a81b-29df-407e-9c83-e9d729af1824
1983,1983,Glenda McLeod,No Stranger to Love,f15a7c57-1233-437a-a34b-88c12375b7a4
1983,1983,Glenn Shorrock,Don't Girls Get Lonely,690972c8-1fc2-44ea-a2a9-1451557b4b23
1983,1983,Glenn Shorrock,We're Coming to Get You,7769f3fe-e2c0-4456-b0f9-79055a2f18b0
1983,1983,Globos,The Beat Goes On,96cc9445-b378-4aa1-835a-d1f1e25b99f9
1983,1983,Gloria Gaynor,I Am What I Am,d73300b1-25eb-4d0b-bea8-ec2eafbb116e
1983,1983,Go 2,Man Out of the Jungle,8f10e5f6-1387-4320-8f53-f533212bf6dd
1983,1983,Go Graal Blues Band,Casablanca/ Wild Beat Blues,e4e3a652-0670-44a3-937e-5a6857221f65
1983,1983,Go Graal Blues Band,Lonely,71e7e784-321a-4c4a-8e63-83e4188d1b4b
1983,1983-03-04,Goldie Alexander,Knocking Down Love,96c439e4-5dfb-4da3-9f31-64f6fa073ab4
1983,1983,Gompy,Door Een Ander (Zit Ik In De Cel),030f6db2-26d8-4b44-b4a1-a13db119803a
1983,1983,Gompy Dompy Band,"In de story, weekend of privé (The cover of the rolling stone)",31672945-e413-4104-9a64-9e825a12927e
1983,1983,Gonda,Jongen dit gaat veel te snel,b498f127-086d-42cb-af0d-42cb3a520e62
1983,1983,Gonda,Kijk in m'n ogen,645082a0-82c4-452f-978b-3dbbd186df5b
1983,1983,Gonzo,I Need and I Love,aad2ec2e-55bc-4a17-b16a-33478644e0b3
1983,1983,Gothic Girls,Outrage,8e3f0641-ea5d-34e2-a4e9-b0f028c6f32f
1983,1983,Gottlieb Wendehals,Hände hoch (Und dann winke winke),0d87d3f9-7541-42bf-9984-90523f589cb5
1983,1983,Gottlieb Wendehals,Mutig sind wir zum TÜV gefahren,c1fc6875-a261-4024-a6df-01926eae8df6
1983,1983,Gottlieb Wendehals,"Schick, schick, bumm, bumm 1A",adb3ca7f-bb13-4569-bcfe-012aeb83c3b9
1983,1983,Grace Jones,Living My Life,42f56e19-8175-3a8f-a3d3-fd40d878b9bf
1983,1983,Graham Parker,Life Gets Better,cf2dfa3d-256a-4f72-9005-f1541bee79ed
1983,1983-04,Grand Master Flash & The Furious Five,"New York, New York",bfc98c43-2050-48b3-82ef-79b1417100e9
1983,1983-10,Grandmaster & Melle Mel,White Lines (Don’t Don’t Do It),1221ec4e-199f-33f1-9bbd-a7f4a1a95be5
1983,1983,Grannens Förflutna,Strategi Gul / Utvandring,396b1612-2c16-47c4-bd5e-402e7ec4988d
1983,1983,Grave,Screaming From the Grave / Dreamer,2fa0e9c3-ba44-32e4-9aa9-19f1a7e1066d
1983,1983,Greg Hawkes,Jet Lag,98a234c3-326b-48bd-8394-f443d47a5580
1983,1983,Greg Kihn Band,Jeopardy,c605ea78-38e4-41df-87c7-bfa65a1c4f32
1983,1983,Grupo Bahía Tropical,Todo se paga / El hombre enamorado,12e690d8-f343-4a5e-85eb-20af1ae83314
1983,1983,Gruppo Italiano,Tropicana,7e609496-2c5c-44a9-a893-e2903d027718
1983,1983-01-01,Gualtiero Lami,Che grande idea,e194883e-8749-4214-bb4d-c899108fa682
1983,1983-01-01,Gualtiero Lami,Viareggio un'anima,ea7c8ac8-0757-4ab1-9a5c-1c1ea50b80b9
1983,1983,Gunter Gabriel,Mein Laster ist mein Laster,c887fa20-dfba-4aca-9616-fe59ca5b086b
1983,1983,Guy Bonnet,Vivre,7fa099eb-e5b4-4398-b778-657fe9dcd1a9
1983,1983,Guy Marchand,Au Flamingo,173c3048-3fe0-4bc7-bff6-28da49d76d0e
1983,1983,Guy Winter,Fly With Me,9656b68b-0638-4ea6-9ffa-193bfea469f9
1983,1983-11-30,Gyllene Tider,Teaser Japanese,9dd9858d-e2c9-486b-ac79-8f555ad888b4
1983,1983,Gänsehaut,Karl der Käfer,e301599a-df9d-4809-91aa-42fdab3941d9
1983,1983,Gérard Jugnot,Je suis miné,2e9789f6-2cf6-42b9-8c89-3d380185051e
1983,1983,Gérard Lenorman,Un bon petit diable,b9a327a6-fe78-42f2-8636-623f0e2c3e10
1983,1983,Gérard Lenorman,Vive les vacances,913e55dd-abc6-4aff-99bb-3cda52517fed
1983,1983,G’Race,Manhattan,0e9e09ab-27f1-42de-8ba2-93620a0bff8c
1983,1983,Haircut One Hundred,Prime Time,3a907ffb-8556-3c03-814b-6003e1bf3468
1983,1983,Hall & Oates,Adult Education / Maneater,a707d0cc-c281-3d6c-be6f-d34e640072db
1983,1983,"Hana Zagorová, Karel Gott",Spěchám / April,b38f29fa-5652-4739-8845-13af10903e77
1983,1983,Hank B. Memphis,Ollie B. Bommel,7a089214-f15a-452f-89ae-2f37a0798431
1983,1983,Hank Boomgaard,Oh Tina Trucker,0f7a5bc3-c047-487a-bf63-4f44786c8fe9
1983,1983-04,Hanne Haller,Die Nacht der Wölfe,d2844efd-fc73-4ae3-b406-577a1c67d75a
1983,1983-10,Hanne Haller,Engel fallen nicht vom Himmel,71bc7161-0a66-48d6-ac5a-00d50c5dc7c0
1983,1983,Hanoi Rocks,Malibu Beach Nightmare,c872005b-80ea-47e1-b9f0-15392920933e
1983,1983,Hanoi Rocks,Until I Get You,de186a4d-c828-4ffe-856d-5723adad51ac
1983,1983,Hans Blake,Sega Flame,d6016b1c-bc54-3ad0-b935-579a0f2ca91e
1983,1983,Hans de Booy,Annabel / Dominique,60008ac6-587f-40c5-b979-fa6e78230b86
1983,1983,Hans Donker,Moeder je had gelijk,2fc1ec33-4118-488c-b0bd-6794e9dafae4
1983,1983-07-02,Hans Hartz,95 Tage,dce3ac30-043f-4447-b480-e3c1925debbd
1983,1983-02-21,Hans Hartz,Nur Steine leben lang,2ac34b71-a680-4a29-a46e-de60213a67ba
1983,1983-05-28,Hans Hartz,The White Doves Are Tired,354b4c0f-eb68-47af-baac-2e417d7cf6d9
1983,1983-01,"Hans Peters Jr., Kinderkoor Lidy Peters, Rita Hendriks, Irene Poorter",Alles is zo koud / De sneeuwpoppen,fe5c51a9-a554-43f4-b4cd-bae91c545ff7
1983,1983,Hans Vermeulen,Wat dan? / Je leeft maar één keer,3f14ecf4-31d5-452f-a008-4708915af36a
1983,1983,Happy Days,Rio De Janeiro,09e7c5e1-4172-40fc-b4bc-10a404c3c345
1983,1983,"Harari, Pat Shange",Boogie Through the Night (Sipho Masube) / Dance (dub),36f74014-cb41-44c2-a9e1-3b6c0124c445
1983,1983,Harry Hoogers,Mallorca / Liefde,0e589081-a91b-4292-b7ad-8a0a29114060
1983,1983,Harry Lime,Tonight,31d6973f-7b7f-4701-8163-ce8f6c142a2a
1983,1983,Harry Tops,Bluumke uit kempenland,881bf760-9c40-4dca-893e-dc0bb251d67b
1983,1983,Harry Werk & Willem van Brabant,You are my chocolaatje / Jij bent die ene,5dc58b37-dfe9-42c0-9050-de1d3a9cb0d1
1983,1983,Hashim,Al-Naafiysh (The Soul) (1990 remix),b76d8b15-827d-336a-a918-933c434eb5cd
1983,1983,Hasse C.,Midnatt,769f879a-d282-4ae3-b2d8-d4df9fd9f800
1983,1983,Hasse C. & Otitis,Alla e' här!,37f5bac6-4e3c-4004-9044-c16f7a29a7e7
1983,1983,Hasse Carlsson,Emanuelle adjö,c9efb439-9bc7-4eca-8340-5caadd435f59
1983,1983-10,Hawkwind,Motorway City,6c0c8fcf-f969-402b-9fb8-535f759e96f6
1983,1983,Haywoode,A Time Like This,02fe61af-25d1-3a25-8602-adcbf512882f
1983,1983,Haywoode,Single Handed/Slow Burn,65bbc5c5-315f-3709-b92b-196c92c410ca
1983,1983-05-27,Hazell Dean,Searchin’ (I Gotta Find a Man),526700c1-0919-4fd3-9e3a-c4e96b9bec7c
1983,1983-10,Heart,Allies,18f33c5a-7d4f-4406-bd13-98f891975cc7
1983,1983,Heart,How Can I Refuse,04851f04-9dee-4dd6-86c1-23ce61a155c0
1983,1983,Heart Attack,Keep Your Distance,aaacd775-464d-4311-8aff-341ac800ccfd
1983,1983,Heartbreak,Popmusik,74284e75-7b6d-4dc0-93a5-7858a87226b4
1983,1983,Heartbreak / Quint,Min tjej viker ut sej i Fibban / Vill va’ fri,7f3a0995-5dd0-424f-b860-a1850aab6630
1983,1983,Heather Parisi,Ceralacca,5d2a1ca2-f421-4165-98dd-77284d5d7de8
1983,1983,Heather Parisi,Radiostelle,a00135e9-6f9b-4aad-ab6f-0f92d6523c2f
1983,1983-06,Heaven 17,Come Live With Me,1e58269d-467e-3f4a-a121-32ee4b13624e
1983,1983,Heaven 17,Crushed by the Wheels of Industry,a3e94ef3-6317-3ed4-b402-38e5e143a60b
1983,1983-04-08,Heaven 17,Temptation,9607b54d-a745-38b7-9db8-d58986c2b2e3
1983,1983,Heaven 17,We Live So Fast,cffa4bdb-d317-4904-9bfb-fe9df2bdc775
1983,1983,Hector,Kainot pojat / Krokotiili pois niilistä,ba8ef78e-3183-4673-aa82-7605c4aa609e
1983,1983,Heino,Smoky,fc709a93-e49d-4f7f-9364-a0318e4a51db
1983,1983,Heino,Sonnenschein - Glücklichsein,4a5ed733-f15b-4ad8-9d4d-fe63055c7273
1983,1983,Heino,Traumschiff nach Hawaii / Die schwarze Galeere,88b3c288-acd0-479a-9cc9-3b368cb79081
1983,1983-01-27,Heinz Rudolf Kunze,Auf der Durchreise,c42f42eb-43c0-4280-9b16-842f86a87ead
1983,1983-10,Heinz Rudolf Kunze,Sicherheitsdienst,3465acec-3bef-44e2-bf7d-c6a6ca8e9ecf
1983,1983,Heinzl Winzig,Wo ist der Papa? / Everywhere,bdf2309a-ea3b-485a-980c-d4711c41afce
1983,1983,Helden,Holding On,50318cd7-eea7-445b-80a3-8ed294bdf3b7
1983,1983,Helen Reddy,Imagination,669795ef-925b-466d-a2ce-ba682791089a
1983,1983,Helena Vondráčková & Karel Gott,S láskou / Sladké mámení,55e06fc4-c546-48f3-8a51-0917747dff56
1983,1983,Helga Feddersen & Olli Maier,Ich zähl' jede Stunde ohne dich,63c9829d-360d-48c9-ad46-7f95fbfa825b
1983,1983,Helmut Frey,Nachts hör’ ich dich manchmal weinen,5a49a1d0-852b-4944-8373-77735e6076b0
1983,1983,Helmut Frey,Wenn du fast zu atmen vergißt,1e4e67bd-8ab9-425d-94e9-8513145d807a
1983,1983,Henk Martinie,De Olle Grieze,6c4de85c-b0e9-478b-95a5-37c790bb69ff
1983,1983,"Henk Van Ulsen, Conny Vink, Linda de Vos, Sacco Van Der Made, Cor Witsche, Clous van Mechelen",Kom en kijk in Harderwijk,9f994a50-af05-46c5-bfe0-c79bb4e4b727
1983,1983,Henk Wijngaard,Blij dat ik rij / Tussen Rome en Turijn,ed7c5f3d-6e24-4382-aaf2-c39aa15077ac
1983,1983,Henk Wijngaard,Ik reed kilometers,69166e51-3e84-40cb-aac2-e8fc075884da
1983,1983,Henk Wijngaard,Nachtrijders / Kilometer-vreters,ec296aab-b029-4aa7-9f94-51dca5d16735
1983,1983,Henk Wijngaard,"Scania, King of the Road / Blij dat ik Scania rij",5873c043-9fe6-400c-87c4-ec94d670ef55
1983,1983,Henk Wijngaard,Wie niet weg is wordt gezien / Met dertig tonnen vracht,48ecdc88-6ade-434e-aed8-b985e210b436
1983,1983,Henk Wijngaard,Willie de zwerver / Trucker olé,33725656-4f5f-456e-85dd-bbf8f1750e24
1983,1983,Henri Seroka,Les Chansons De Gaston,4c2dae62-85da-4915-a9ed-938072418ef9
1983,1983,Hepie en Hepie,Ik neem het terug / Op weg naar huis,a6ea8681-773f-49c2-a7b2-3b490cae2e24
1983,1983,Herbert Grönemeyer,Etwas Warmes,b4246b95-08a9-4b88-817d-6820f173286c
1983,1983,Herbert Grönemeyer,Kaufen,ec4964c6-7737-4811-9fc6-8662634f37d2
1983,1983,Herbert Grönemeyer,"Musik nur, wenn sie laut ist",d95b78a1-6c56-400d-b7db-d67ca6e6a3fd
1983,1983,Herbert Windisch,Baba & Tschau (I brauch a andere Frau),1d74bd2d-c903-4831-9136-be08eb3822dd
1983,1983,Herbie Hancock,Rockit,f94dfb76-f66f-3447-bfc9-1cc69693ce70
1983,1983,Herman van Veen,Die Bombe fällt nie,a861d11f-a34a-4025-9f18-3d71b6f409e9
1983,1983,Hermanas Barocio,El casado / La encerrada,3b8b5603-dc5e-4bba-81f0-306f916e7e9e
1983,1983,Hermanos Mier,Hermanos Mier,c3ecfc7d-6662-416d-ab02-b3ed203f0bf6
1983,1983,Hervé Vilard,Méditerranéenne / Ma musique,edac78cb-52a9-4d8d-a015-93a4d267f37b
1983,1983,Herwig Mitteregger,Kalt wie'n Stein,976aeeba-4aed-4eca-9f97-12e1ff571aa8
1983,1983,Herwig Mitteregger,So oder so,1b313987-a762-431c-9e93-3849f79263b2
1983,1983,Heróis Do Mar,Paixão,0b4fcd82-83a5-4569-b44e-0b92c9ae0129
1983,1983,Het Beest,Zwemmen / Jetje,8adf3a81-2fa8-4a94-8a2f-6bb67faad774
1983,1983-01-01,Het Fireorkest,Ik ken een rivier,e61ed246-0d21-471f-979a-3d6f40bec0d5
1983,1983,Het Imca Trio,Ik wil met jou m'n leven delen,f2b19231-eff1-4176-a624-01c8c72edd7e
1983,1983,Het Sneeuwbaltrio,Natasja,a01d54f6-65ec-4f34-9212-e91c2cd140ca
1983,1983-10,Hey! Elastica,Party Games,e3ced817-7254-43a1-a177-1ea9f1b98fd5
1983,1983-03,Hey! Elastica,Suck a Little Honey,7055b9d2-a2b0-4d2f-baa8-9c74c198b2a1
1983,1983,High Resolution,Sweepin’ Off,98c31ece-524b-4464-8d03-f81c634e3d23
1983,1983,Highway,Blame It on the Bossa Nova / Oh Boy,6b2dc81f-391f-4400-ab0d-a8b197ef9b21
1983,1983,Highway,Hey Little Lady / Lucinda,e8c92d89-01d1-4243-83b7-c489b2df054f
1983,1983,Highway,Sugar Sugar Baby / Meisje ik wil met je vrijen,02a99711-ae36-4eac-8737-f4d16f03bc09
1983,1983,Highway,Voor Sonja doe ik alles / I’ve Had It,d5a6ffd9-9ec7-4324-94f1-5d868d4efad0
1983,1983-11-11,Hij en De Hullies,Jeremias / Tussen de boontjes en de kaaien,86d09833-c671-459f-be59-3f2c4438b24b
1983,1983,Hilde Kor,"Wijn, wijn, glühweinerwijn / Mijn Alpenland",571f77b1-acab-4ebc-bda4-179c0c463af5
1983,1983,Hilliena,Waar jij nu ook bent,00e2f60b-aea8-45e9-b2bb-91d7fb7e3b94
1983,1983,Hipnosis,Pulstar / End Title (Blade Runner),34f3edba-4a58-3cdd-82b5-b59e66b391d1
1983,1983,Hiroshima,Soldier of the World,3fdbf0ac-eddb-440a-a582-fc168512a6fd
1983,1983,Hi‐Fi Set,ラブストーリーはこれから,657aaf6c-26c5-47de-8531-9cbe5ad04158
1983,1983,Hi‐Fi Set,心離れるころ,dcf69343-0585-429a-9a6a-3eeddbd3e7f8
1983,1983,Hoffmann & Hoffmann,Rücksicht,f404689c-4de5-4046-9240-fe6f431ecf55
1983,1983,Holding Pattern,Mercenary,c577872b-13f0-4403-9c96-91c8dd7a58ea
1983,1983,Hollandse Nieuwe,Zalt Bommel,a6e086aa-a4c7-4891-bd88-a58750d23068
1983,1983,Holy Toy,Meeting II,eed2880e-43e1-480c-af8c-8910f9a44674
1983,1983,Hombres G,Lollipop presenta a los Hombres G,83f50865-3450-4f0a-9610-b036749a9613
1983,1983,Hommy Klein,Jij en ik / ’t Is een wonder,451f8fb0-f62d-4e26-b583-67d274787766
1983,1983,Honey Bane,Dizzy Dreamers,9c732273-14a4-4a61-8cdd-443514c04e30
1983,1983,Hoodoo Gurus,My Girl,2a6ed6ad-6de1-40d2-bac4-53ded5c80489
1983,1983,Hot Chocolate,I'm Sorry,fd384585-7756-4aa4-85fc-fdb0f052b236
1983,1983,Hot Chocolate,Tears on the Telephone,ffed6a8a-65bf-3364-aa1c-3c5a4dfabf42
1983,1983,Hot Chocolate,What Kinda Boy You’re Lookin’ For (Girl),8bd56bf4-d539-319d-a324-270d9f4c9ba4
1983,1983,Hot Club,It Ain't Me Girl,132ea231-70d5-468b-ac0f-cd07052e648d
1983,1983,Hot Ice,Theme From Friday the 13th Part 3,6d11c3c9-15f0-4dd7-a759-dacfc2030e8a
1983,1983,Hot Soul Singers,Game of Love,86100756-97f4-4513-bb60-4b53f5292ff5
1983,1983,Hot Streak,Body Work,346171b5-5f85-3944-8e6e-cf6a910728e4
1983,1983,Hotel Morphila Orchester,Sex in der Stadt / Liebe ist katastrofal,0ace330f-6fe4-41e2-ace5-12c9c2a211aa
1983,1983,Hotel Noir,Lagartija Nick,ef59986d-9995-4cee-a184-96902cece381
1983,1983,Howard Devoto,Cold Imagination,59e77138-e818-4f89-81f9-dc2ea5e61542
1983,1983,Howard Devoto,Rainy Season,9dd3fba6-7e6c-4d74-a510-a2b223913ad8
1983,1983,Howard Jones,Always Asking Questions,c32e95bb-585f-4dc4-a3d2-e06b57be6809
1983,1983-09-17,Howard Jones,New Song,2b11c558-db19-4a0e-865a-4dca6392f452
1983,1983-11-26,Howard Jones,What Is Love?,c0e2bfbc-fe73-326e-987f-1e134d0ded6b
1983,1983,Hubert Kah,Einmal nur mit Erika... (dieser Welt entfliehn),8c3346b8-5455-4e9e-940b-e1aa5fd6c7f6
1983,1983,Hubert‐Félix Thiéfaine,Enfermé dans les cabinets (avec la fille mineure des 80 chasseurs) / Les Dingues et les Paumés,e118e329-9b3c-45bf-b6bb-65a60f710868
1983,1983,Huey Lewis and the News,I Want a New Drug,19a43986-34ef-4e12-b126-7db6b302de8e
1983,1983,Hugues Aufray,"Bye, Bye Tahiti",56fedea9-dc95-42bb-bd90-4a686916c238
1983,1983,Hulk Hogan,一番,540019db-5183-4704-9221-a116ff56c892
1983,1983,Hunting Game,Rules,47d47889-89b7-4d01-a8fc-7ba8fa993a73
1983,1983,Hunting Lodge,Night From Night,4754aaf4-9ebb-4a58-9544-82669f82c512
1983,1983,Hurrah!,Hip-Hip / Flowers,df267a59-d20c-4842-8f58-3254c11eac70
1983,1983-12,Hurrah!,The Sun Shines Here / I'll Be Your Surprise,93e29498-42c9-46dc-b98f-bb8d1ab5abc3
1983,1983,Höhner,Die voll Woch,bd964ea5-e7eb-4c0b-8f13-0ff7da5c75d3
1983,1983,H₂O,I Dream to Sleep,c88be6dc-ed35-4ed0-ae54-89ada27b5028
1983,1983,H₂O,Just Outside of Heaven,c41d1793-ac22-4e94-a3b2-6a65c762a6fc
1983,1983,I.R.T. (Interboro Rhythm Team),Watch the Closing Doors,f72cd015-062c-37e9-bf69-96c42413d891
1983,1983,I.S.9,Röda hjärtans extas,47220ea1-9a6d-4084-beef-0ecddd4be1b8
1983,1983,Ian Anderson,Fly by Night,14a6fb85-24d8-4cc2-bad4-01608036cd56
1983,1983-09,Ian Cussick,I Read Your Letter,a025e9c6-b3f7-4fe5-98c6-54e06fad7d40
1983,1983-04,Ian Cussick,The Meaning,26f223db-52d4-4212-b53b-9181c6676f95
1983,1983,Ian Elliott,Fake All Your Dreams / Little Sister,805302d4-99c6-4b98-bba6-f1ea3a731d78
1983,1983,Ian Gomm,I'm in a Heartache,734cc3d8-342d-4816-8352-24f85494ffe6
1983,1983,Iauwata,Yesterme Yesteryou Yesterday,188cd1ab-7ce6-4864-a520-8c965d911277
1983,1983,IC,Young Girl's Eyes,98a80192-50cf-4fb7-b730-20dfbfc52880
1983,1983,Ice Nine,Another Love Affair / For Some Strange Reason,6c4504c8-165a-4cc3-8f8d-b6f1253c25e6
1983,1983,Ice the Falling Rain,Lifes Illusion,8356618f-ea87-40a8-8a0e-2713622ff3c7
1983,1983,Ice “T”,The Coldest Rap / Cold Wind‐Madness,4625e19f-607f-3735-8624-2e238abd2736
1983,1983,Icehouse,Hey Little Girl,d9cac9f3-1095-4ec7-b6ba-a7872a3a2b4f
1983,1983,Ich,Ma vie dans un bocal / Flash Back Renaissance,cd944ba3-78fa-48d5-843f-a953a592eb11
1983,1983,Ick und Waperupp,Sommer 64 / Winter 68,8294ac7c-8689-4d21-b71c-880a26187d10
1983,1983,Ignatius Jones,Whispering Your Name,76edf708-463c-48c6-8076-e151edb27648
1983,1983,Ilkka Salo,Julie,89f3556d-91fb-4e1d-9f83-52e99d04701d
1983,1983,Image,You're My Only Desire,757033fe-1585-4587-b493-e7d5ee0cd407
1983,1983-10,Images In Vogue,Lust For Love,4e672335-a25a-4d0f-9ab3-e27b1e6b7edd
1983,1983,Imagination,Changes,02fa9f30-2794-4f8e-965a-b77bfe8312db
1983,1983,Imagination,New Dimension,fafcd0b0-7984-41dc-b99b-417a996d737c
1983,1983,Imperiet,"Alltid rött, alltid rätt",cbbc1c6e-ebe5-45c1-a317-b3d89adab727
1983,1983,Impuls,Vrede,953be77b-57c2-4dc5-ac2c-a4b2aab750d3
1983,1983-12-05,Indeep,The Record Keeps Spinning,b1b66b6f-47f0-4483-9bcf-070031067e29
1983,1983,Indeep,When Boys Talk,efd38ed1-cbe7-446b-a01b-d3f098d3c967
1983,1983,India,Stay With Me,ffa4fd96-5d54-46ce-ad79-1309a5ece8b1
1983,1983,Indians in Moscow,Big Wheel,74d90340-0f90-4501-b52e-98d965460912
1983,1983-03-23,Indians in Moscow,I Wish I Had,29a64ff1-e44e-4265-9513-9d92516d401c
1983,1983,Indians in Moscow,Jack Pelter and His Sex‐Change Chicken,a1495965-0ed8-4c91-b225-760bb2a43f1d
1983,1983,Indians in Moscow,Miranda,be962319-810e-4e8a-b727-494cfe1853d1
1983,1983,Indians in Moscow,Naughty Miranda,e1f31321-c868-4f50-a970-0c05bc7c77e4
1983,1983,Indochine,Miss Paramount,e07a6a1f-b9e4-460e-af78-a47f6fc0b57d
1983,1983,Industry,Industry,de260f9e-5c81-4b6d-86b3-8d0bcb896dfd
1983,1983,Industry,State Of The Nation,68311ad6-6a19-44ee-890f-a5c7985b22c3
1983,1983,Industry,Still of the Night,2341ad5b-f620-48bf-9809-ae70084f629a
1983,1983,Inez Schell,Ietie,135e3473-cc14-4c05-ab73-0e31c61e5f3b
1983,1983,Inga Rumpf,Wilde Ehe,a8035327-9880-4ee5-bc72-5bcbb000cca8
1983,1983,Ingrid,Ik heb me vergist / He he we gaan naar de discotheek,beabc633-73aa-4100-a9ba-bbad9dce1f08
1983,1983-07,Ingrid Peters,Afrika,e9ba357f-1d8e-4a13-a4ee-62e945956ce3
1983,1983,Ingrid Peters,Viva les nanas,a6e84e45-587a-4656-ae30-4bd6a6671c86
1983,1983-03,Ingrid Peters & July Paul,Viva la mamma,860b0922-e995-4735-927d-d4a2fc58fbcd
1983,1983,Ingrid Willemse,Hier heb je m’n hart,69bc7da4-fdc8-4344-8a3e-f114fc282e34
1983,1983,Inka & Sunshine,Bene bene bene,f4f919c5-5a43-4150-84ae-9fde6cf73433
1983,1983,Inner Life,No Way,2c9b688b-d59e-4f89-9073-75920b7c64ab
1983,1983,Innocence In Danger,Violate The Video,5babf323-41ab-443a-91fa-78a65d550295
1983,1983,Instant Agony,Fashion Parade,a0afc9a9-64eb-4e6a-9ae6-c21f521338f1
1983,1983,Instant Agony,No Sign of Life!,ef06b0e9-d18b-47a9-8358-940a44c9009c
1983,1983,Intaferon,Get Out of London,1f6e2b86-8088-4bcd-842f-a58104967ab9
1983,1983,Intaferon,Steamhammer Sam,58bae622-ed71-4cb3-8562-88ade8208cba
1983,1983,INXS,Original Sin,98aa44a2-d6a2-41d7-b6f8-566208051efe
1983,1983-02-25,INXS,To Look at You,98fcfa4b-788d-4959-8374-27a0eb4f5d4c
1983,1983,Ipso Facto,Mannequin,358651d1-8da1-4345-b1f5-a8229318e122
1983,1983,Ira!,IRA,4c2d0db7-f230-3af2-b185-3e54eb585778
1983,1983-08-17,Ireen Sheer,Ich hab' Gefühle,05383027-a3db-4d72-a666-14adbb5f7008
1983,1983,Irene Cara,Breakdance,a290b835-abc8-4838-84dc-5985da0c444f
1983,1983,Irene Cara,Flashdance… What a Feeling,7733267b-6697-4276-bcf2-328d7a95788a
1983,1983,Irene Cara,Why Me?,cdae1007-9a94-4a5a-a444-f48ee47d2c06
1983,1983,Iron Maiden,Cross-Eyed Mary,a064285a-a0c0-4eb6-83b3-e5fa4c87246c
1983,1983-04-11,Iron Maiden,Flight of Icarus,e5634a0b-1f3a-3f60-b62a-a30a968c2340
1983,1983,Iron Maiden,The Trooper,bb34505d-7640-3841-ae87-c1a02e323dce
1983,1983,Irvin Lee,Stranger,b0d83424-5dce-4d40-9859-7acb85b823b0
1983,1983,Isabelle Adjani,Beau oui comme Bowie / Ohio,42c349c4-da9a-4452-b31d-e137a5afaeda
1983,1983,Isabelle Adjani,Pull marine,e33e7b5f-a439-3833-ad2e-781c46f0bce3
1983,1983,Isadora,Scacco Matto,30173786-e1bd-44ef-ae72-3bd42b97e955
1983,1983,Ism,I Think I Love You,9f00923c-566e-3032-be55-2c10e150dea5
1983,1983,Ivano Fossati,La musica che gira intorno / I ragazzi cattivi,a9c75ca4-a4c5-4e39-a412-51d91ec1f211
1983,1983,Ivica Šerfezi,Die Tränen in deinem Gesicht,901c0f07-637a-40ab-8b35-7db2a48934d7
1983,1983,Ivo Fabijan,"A Ča Piješ Kad Ti Škodi / Otvori, Marija, Vrata",a51c9318-e2a7-4cdb-9978-7a5655a94f00
1983,1983,Ivor Cutler & Linda Hirst,Women of the World,2e8d2f66-e5bf-3d4f-9e12-0c8a1c0b0af5
1983,1983,Ixi,Der Knutschfleck,000c20a7-0ca4-315d-bdaa-a584a6e6060a
1983,1983,Ixi,Handkuss (Warum denn immer so direkt),8c86c9ba-0fc7-453e-b626-2b44171dfd0b
1983,1983,Izzy Royal,Coronation Street,3edea880-90e1-3c90-b6ca-456379860447
1983,1983,I’m Dead,Second Identity,f41b5172-2c91-4ef4-bfb0-17f08bfeec77
1983,1983,J. Walter Negro & Nicky Tesco,Cost of Living,5bfdcf6a-fb1e-4124-ad39-86b48d43ac07
1983,1983,J.B.'s All Stars,One Minute Every Hour,66e45248-7d51-4bb5-85ea-4c08e74bbd04
1983,1983,J.R. Williams,Comment ça va ?,2f2654cc-8196-4f8b-b797-c03666e9a1fd
1983,1983,J.T.,I Love Music,e02645c7-8012-3dfa-bd40-67bd76c3d920
1983,1983,J.T.J. Trio,De slijpers zijn weer verdwenen,25f53e7c-cdcc-4076-9893-f0a9f6585a2b
1983,1983,Jabba’s Palace Band,Lapti Nek,4541a0b2-a777-4833-ab99-65341ca96af7
1983,1983,Jack & Jill,You,cee296c2-859e-4a6f-9255-71ea24f27717
1983,1983,Jack Jersey,63784 / Keep It in the Middle,964ec2a5-d299-4004-b1ce-69d3ba326846
1983,1983,Jack Jersey,Santa Lucia / Get Your Fun,cd4dc65f-f59a-44c9-a788-6f08be09a9f7
1983,1983,Jack Jersey,Voodoo Hits Me / Keep It in the Middle,301e1fe2-e304-4a2f-9a44-db4c37355714
1983,1983,Jack McDuff,I Want to Live / Killer Joe,05ddb3be-9627-4dac-adae-cd1b3da0fe6a
1983,1983,Jack Tragic And The Unfortunates,I Kill Hippies,579ef4c9-ea13-468f-ac2e-e918d34a3e9f
1983,1983,Jackie Talon,Rêve heureux,21e40f94-fc33-4d2f-9325-64c93cb813f5
1983,1983-06,Jackson Browne,Lawyers in Love,a9fbb496-4ac9-474d-8ae8-d01335c0e4ea
1983,1983-09,Jackson Browne,Tender Is the Night,a32105d8-bf5a-414d-989e-5dd2228f50ad
1983,1983,Jacky van Dam,"Hand in hand, kameraden / Japie de portier",0aed4a13-0f72-4714-a515-f91995182379
1983,1983,Jacqueline,Hawaii tattoo,709f3776-aecc-4846-8a15-28acbc53aaf9
1983,1983,Jacques Cardona,Bang Bang Lucky Luke (Générique original du dessin animé),f50b96f9-b6dc-42cd-8aef-1033e3f29a46
1983,1983,Jacques Herb,Vergeet me / Slaap je al?,f875ef24-bae2-4ad2-8254-62c516f66f16
1983,1983,Jacques Higelin,Lobotomie / Autonomie,9769edfa-7d90-4fed-b5db-0c3bc625de6c
1983,1983,Jacques Loussier,Les poneys sauvages,3ac58374-80f6-4c10-8022-b563f3116e5d
1983,1983,Jag Panzer,Death Row,4e2b154b-f040-44d9-bfed-21e6caab5d80
1983,1983,Jago,I'm Going to Go,1d8292a7-f5ef-38b9-9cf9-1c20dc84c394
1983,1983,Jaime Roos,"Nunca, nunca, nunca - Ella allá Nº2",6a80549b-4b53-4403-ad66-eae68d90fdff
1983,1983,Jairo,Venceremos,fd011722-0de8-4d99-a1d5-7b5617b5d19a
1983,1983,Jakie Quartz,Dernière fois / Amour exil,566a9c28-5573-4832-80bb-c30618b6cca7
1983,1983,Jakie Quartz,Mise au point,cc54af0c-b219-4954-9b28-6dc581fb8321
1983,1983-03-15,Jamaica Girls,Need Somebody New,24892b9d-3ccf-41b3-be09-2346018399fa
1983,1983,Jambon Street,Epatite Virale,b127d915-003e-4b94-a53e-653c5dde4101
1983,1983-09,James,Jimone,f446172b-8587-4ab6-b44d-0a56eb9c6307
1983,1983,James Brown,Bring It On… Bring It On,6b0d6775-c174-3c93-83c5-b3fed0197470
1983,1983,James Ingram,It’s Your Night,0dc0d56c-8312-4d64-ac8f-1d10518e501a
1983,1983,James Ingram,Party Animal,06d1f669-bbe2-4020-ad49-680f2b073ce1
1983,1983,James Ingram,She Loves Me (The Best That I Can Be),67be2854-7f65-4257-b736-659b4dd6ac69
1983,1983,James Ingram,There’s No Easy Way,15bccdc1-f238-47d9-aa58-501a36b551e6
1983,1983-03-11,James Ingram,Yah Mo B There,8b887f6c-58e5-4eda-9208-7efac9818674
1983,1983,James Last,Erinnerung / Unvergessen,efe33776-5bfe-48ac-9bdc-5dc7662ac4b3
1983,1983,James Last,Weekend (Weekend-Törn) / Beachrunner (Beachronner),a91dcb73-f66b-4262-ab56-ed1485504d11
1983,1983,James Last und die Hamburger Alsterspatzen,Komm mit ins Land der Lieder / Wenn ich ein Vöglein wär',b93fda36-c5eb-460a-855e-38d6afb42629
1983,1983,Jamgot,Soul Girl,8b7e33f5-e994-4a7b-99b6-42798754c2c3
1983,1983,Jamie Warren,We Care About Us,c23b97db-1032-4763-88e4-70e2fbfd934e
1983,1983,Jan & Zwaan,Het jagerslied / De bootreis,6f5e13a8-1063-43ce-91cd-66096f0d689b
1983,1983,Jan & Zwaan,Het oude jagershuis / De bootreis,002167db-8f15-4b0a-abb3-a99a39e4475a
1983,1983,Jan Boezeroen,"Iedereen zegt, dat ik drink / Alleen voor jou",7f693c83-baf7-4565-bc86-9b258c8f77db
1983,1983,Jan Boezeroen,M’n sjarretelleke / Ach gut,3e31ce8a-4d68-4174-87c8-e88550a5d26a
1983,1983,Jan en Z’n Harry’s,Geniet van het leven,ff10de79-df30-4297-b6fb-3323aa81cf77
1983,1983,Jan Hendrik Dolsma,Rijden / Grabbelton,bd5ade69-7b94-4e2c-83c2-73686b54cf87
1983,1983,Jan Hendriks,Kalinka,3225de19-e2af-49ad-bca4-526d4d62ce77
1983,1983,Jan Neckář & Eva Hurychová,Souhvězdí Lásky / Já Přijdu,1b31936b-a528-4280-91ee-be1d9feeb208
1983,1983,Jan Petat,Het kannibalenlied,98364081-2167-4672-aaef-2e0cec963565
1983,1983,Jan Petat,"Marie, die vrijt, met ’n pastoor",694ad0be-7c40-44b9-8997-2b7668cc0fb3
1983,1983,Jan Rot featuring The Demonettes,25 Kisses / You Don’t Have to Tell Me How I Gotta Play the Blues,4530a71a-519e-476f-b5fb-cb08b9b67c79
1983,1983,Jan Spiegelaar,In Honoloeloe,1a94eb9a-6724-45d2-a569-dfe9b2f5f4ae
1983,1983,Jan van der Zande m.m.v. The Green Meadows,Julliette / Jackelien,d0ad7006-2dfa-42ff-9b0f-64cd1a9bb12c
1983,1983,Jan Verhoeven,De blauwe zee / Kleine Juanita,7490e0b0-8e86-40bd-bf04-b971521bc7ca
1983,1983-05,Jane,It's a Fine Day,ec630f6b-5962-4faf-b404-5ed35b6f79bd
1983,1983,Jane and Barton,I Want to Be With You,33bf3f60-50fe-4d31-94ab-190e9efffb40
1983,1983,Jane Birkin,Fuir le bonheur de peur qu'il ne se sauve,5961be71-c88b-44a2-aa43-348f86118fbe
1983,1983,Janet Jackson,Don't Mess Up This Good Thing,f26d9e81-396b-4c99-8819-3e1a7bf10ea7
1983,1983,Janie Jones & The Lash,House of the Ju‐Ju Queen,189b82a8-4d9b-4554-825d-85eb58565b77
1983,1983,Janny en Fré,Annie,e769abf2-1060-4963-ad0e-0fa942d0954f
1983,1983,Janny Logan,Sky Jumper,b6c61af1-21a9-4696-bffa-52221cfa15a4
1983,1983-02,Japan,All Tomorrows Parties,84d6ffd9-46b4-4c39-aae8-c4811dc38881
1983,1983,Japop,Ett romerskt hjärta,ae86a74b-32fc-42d5-85b9-db16838244c9
1983,1983,Japop,Ett romerskt hjärta,fb5e8977-636c-3ddb-aa19-9ab2ad091501
1983,1983-03,Jarreau,Boogie Down,d8099555-4392-4106-9367-75aa2bf2e1ae
1983,1983-06,Jawoll,Rendezvous - Ich hab' dich seit langem nicht gesehen,a5ecf11f-d030-47ab-8415-f2a6138a3dfa
1983,1983,Jazzy Dee,Get On Up,2c6db167-7f14-4eab-a9a4-e72ae34761ba
1983,1983,Jean Louis Levant,Say,965d0256-852e-4714-89fd-0b17d445d556
1983,1983,Jean Néplin,Un homme dangereux,d12f1cf3-b7ec-4233-a434-4605947b96ba
1983,1983,Jean Schultheis,"Moi, je t'aimais",b300bfe9-99d1-4cee-8c47-190d1a1e0652
1983,1983,Jean-François Roulot,Démoniaque,b64f52b9-266f-4437-936a-f5eb434b1f63
1983,1983,Jean-Philippe Goude & Alain Ranval,Rock and Torah,a877c8e0-a0aa-4586-882c-724ece29ca24
1983,1983,Jean-Pierre Huser,La Vis / Mon toi et moi,b032b78c-5ea3-4b50-9350-543ad98286ca
1983,1983,Jean-Pierre Savelli,X-OR,be2618d1-d55a-4773-a046-c3c6d7dd858c
1983,1983,Jeancy,U Turn Me On,93541122-8104-4d54-9198-a3c8fa1e3df0
1983,1983-08-04,Jeanette,Con Que Derecho,c0de3463-6ba4-4130-b8c8-85986d30022e
1983,1983,Jeanine,Flamengo Love,4d57a6bf-664f-4816-85a4-e3748bf02228
1983,1983,Jeanine,Land van zon,d090058e-12fb-4cde-9f2c-90e006eaeb2d
1983,1983,Jean‐Jacques Debout,Les Trois Mousquetaires (Bande Originale Du Feuilleton TV),80cfdf89-83be-408e-b319-ee3bb0937d09
1983,1983,Jean‐Jacques Goldman,Au bout de mes rêves,adbd928a-be0f-4735-a397-ece41d60fac0
1983,1983,Jean‐Jacques Goldman,Comme toi,cc837d4a-a77e-4626-83ed-4649c5b0d836
1983,1983,Jean‐Luc Lahaye,Appelle moi Brando… / Le droit d’aimer,24d9ad59-de4c-4b90-8ad5-a12911eb0154
1983,1983,Jean‐Luc Lahaye,Decibelle,821ef049-40fa-45ee-abfe-c02fdc0e79f6
1983,1983,Jefferson Ink.,Girl You Turn Me On,0993e49a-4965-4022-b88a-31c04669386e
1983,1983,Jefferson Ink.,You Should Be Dancin’,b59979ef-6f01-4fbe-b80d-b16a3f6f76d3
1983,1983,Jeffrey Osborne,Plane Love,24648ec5-7d21-4a42-8507-599c6bf2abc6
1983,1983,Jeffrey Osborne,Stay With Me Tonight,1aaafc9b-a8ff-4981-b07f-7a109d17c437
1983,1983,Jennifer Rush,Come Give Me Your Hand,34dcf578-0359-4c8e-862a-da385ba32d60
1983,1983,Jennifer Rush,Into My Dreams,5c276cef-4eac-43af-9133-17f13c931325
1983,1983,Jenny Burton,Remember What You Like,5bc3488b-014e-4924-ac5e-ae47c8d9f198
1983,1983,Jermaine Stewart,The Word Is Out,458c8f4f-37f2-469f-9a55-36cb1a5143d9
1983,1983,Jesse Garon et l'Âge d'Or,C'est lundi / Boy Bop Boogie,3c20864f-288c-4cfb-b0ab-e381be327f2f
1983,1983,Jim Basnight and The Moberlys,I Want To Be Yours / Cinderella,7dd1dcaa-5867-4892-8c6d-f946a39ec5e8
1983,1983,Jim Penfold & The Hollywood Killers,No Joke,b6673679-ff84-403a-b7a5-106d86f725da
1983,1983,Jim Reeves,The Image of Me / I Won’t Come in While He’s There,a5acb1df-6820-416d-91ae-babedf71cdf7
1983,1983,Jimmy Castor,It's Just Begun,61b65885-18b8-4734-b129-7c35ca32801c
1983,1983,Jimmy Cliff,Reggae Night,f670c4aa-9338-3035-a72d-61823a5d3c63
1983,1983,Jimmy Cliff,Treat The Youths Right (Special Mix),ce6b02bb-bcb1-45c9-b58f-23bee214b512
1983,1983,Jimmy Spicer,Money (Dollar Bill Y'all),550e1a8d-bf12-3319-8c79-77978ea1fb8f
1983,1983,Jimmy the Hoover,Kill Me Kwik,02aae24c-abab-3c24-8249-d8dfa48a88d8
1983,1983,Jimmy the Hoover,Tantalise (Wo Wo Ee Yeh Yeh),d4d16077-7958-3d15-b3d5-87e787f9c233
1983,1983,JJ's Powerhouse,Running for the Line,c8a9774f-b28c-4023-97b3-1af3f4ebc828
1983,1983,Jo en Sjef,Ach moeder,0084a4d9-2bad-42c2-b9b2-dbd6f322e6d4
1983,1983,Jo Hoogendoorn,De man kwam thuis,60197db4-aaa5-4456-8a1f-4d0b5f766a4f
1983,1983,Jo Hoogendoorn,Ik kan nie slapen op een ander,6112145b-8326-4df8-a08f-9d9c09df88b8
1983,1983,Jo Junk & Hotdogs,Fikkie,02ead050-70f1-48ed-bbf3-c87f70c61577
1983,1983,Jo Junk En Z'n Hot-dogs,De benen van marlene,ce560048-4963-4f3f-8c10-e38f8a441e93
1983,1983,Jo Lebb,Faut qu’ça passe ou qu’ça casse,38732d5c-e15f-4464-8e6f-a43e8c098ec7
1983,1983,Jo Sévilor et ses Royal Cônes,Mon Teppaz est naze,1ccd672c-0a77-4551-a8de-6783ba1f258e
1983,1983,Joachim Witt,Einmal werd’ ich ganz berühmt,504211ad-feeb-4477-ac34-d33c884f4665
1983,1983-11-10,Joachim Witt,Hörner in der Nacht,65f9b9c0-3999-4539-aa87-3a67e0e63b34
1983,1983,Joachim Witt,Ich fahr' nach Afrika,7aa67cac-77ea-4b19-aa72-00cc85b27203
1983,1983-09-15,Joachim Witt,Märchenblau,74bcdd81-7ba9-48a6-86c0-1318dc9b715d
1983,1983,Joachim Witt,Tri Tra Trullala,f1b4b77d-8966-48b3-b6de-75e9c3e8b2f0
1983,1983,Joan Baez,For The Children of The Eighties,09856634-f0a8-4474-b970-2a7948d27554
1983,1983,JoBoxers,Just Got Lucky / Forget Me Love,7ff65756-04ae-4bc7-bb32-add1283accb2
1983,1983,Jodel Jerry,Sweet Cindy-Lou,6a7167ec-f934-4550-b45a-2c0666529bd2
1983,1983,Jody J.,Les Americains,1a6c8f1c-4159-4b1c-9f62-03692873d707
1983,1983,Joe Cain and The Red Parrot Orchestra,Perez Prado-Tito Puente Latin Medley,95e75f05-b2cb-4a02-bf1a-4ec0fcc26237
1983,1983,Joe Fagin,Breakin' Away / That's Living Alright,92276aff-6b1b-4ada-a98f-49e7072ecf38
1983,1983,Joe Harris,Drink rode wijn / Maria Magdalena,580a7105-ce45-4250-a234-15c5278994c4
1983,1983,Joe Jackson,Cosmopolitan,a440d16c-9d68-48ec-86ed-9fdb48ddc3a6
1983,1983,Joe Jackson,Memphis,72214f23-5c55-4464-9146-959aa0a31158
1983,1983,Joe Jackson,Steppin’ Out / T.V. Age,5392683a-201a-4809-b9fa-19f43d91a67e
1983,1983,Joe Yellow,Lover to Lover,326d83df-8abc-44be-b80d-5bf72a76eea3
1983,1983,Joekie en De Twinkle Lights,Hete tranen,7c353824-a4a7-43fa-8143-db9d7fe17865
1983,1983,Joey Albert,Joey Albert,4c16b6f9-f333-4711-a3ce-8ce4a458f236
1983,1983,Johan & Henk,Blijf even stilstaan,40e2cc8e-7e4f-4187-b093-3e806f7f20a3
1983,1983,Johan & Henk,In dat cafeetje op Ameland,fd33c612-e7c7-4f77-a899-bdc9500fd3e3
1983,1983,Johan Dylyan,Another Dream Is Over / October Rose,c0df1037-8fc7-473a-be77-7869cb9fd361
1983,1983,John Borne,Jij bent mijn zomerzon,95e39208-6ba4-4068-bcc2-799906c068c0
1983,1983,John Bred,Zeilen op de zee,cc3ac28d-8287-4205-a823-472cef2e013d
1983,1983,John Carpenter,The End (Assault on Precinct 13),be94625a-1421-3d1d-be6e-dcc03cc5e453
1983,1983,John Cougar Mellencamp,Pink Houses,f5db2a6e-be7e-4635-9608-40fa2c4c9b50
1983,1983,John David,On the Mountain,5565af01-ee7b-4977-9182-a55696b9c278
1983,1983,John Du Prez,Oh My Papa,ae83c4cd-3396-4699-a722-d3844fb5cbeb
1983,1983,"John Duncan, Cosey Fanni-Tutti & Chris Carter",国歌,ebffadee-066d-43f1-979b-c9ab360e6e72
1983,1983-06-17,John Foxx,Endlessly,199bc2a3-d847-4b9d-aa04-39537b2b006d
1983,1983-10,John Foxx,Like a Miracle,034347af-a082-4cc3-8af4-757d24a2090d
1983,1983-09-05,John Foxx,Your Dress,ef820afb-1096-45c6-b9ad-b1305f8811a3
1983,1983,John Hermans,Hé hé wa dachie / Zie je het niet meer zitten,1ef21ec7-fa71-4987-9551-ec483491fc9b
1983,1983,John Holt,Police in Helicopter / Youths Pon the Corner,8376bccd-790c-4d74-88c9-52c2c914130f
1983,1983,John Ireland,She Speaks to Me / Neutron,99142c92-7a86-402c-8db9-ccc979b6adbf
1983,1983,John Lion,Alleen in Dallas,bfc8770c-b59b-4097-843c-4faf10bba734
1983,1983,John Lion,Brandende liefde,e0dbc7b0-f2df-41f2-8f54-67598c5c0cd5
1983,1983,John Lion,Meisje,8cf3d803-f4e3-4470-b0fc-b10783b1c35e
1983,1983,John Miles,The Right to Sing,f7e81dc6-6adc-38c8-8189-3480947bd452
1983,1983,John Milner,I Feel Free,bee74dd7-d040-4053-b36c-e6ca623491a8
1983,1983,John Spencer,"Johnny, vergeet me niet / Jij alleen",251dbcd2-0726-466a-ac25-174b4f8bfa41
1983,1983,John Spencer,Pretty Woman / Oh Marianne,3dc2217e-8c6b-4e65-b03f-f40212454128
1983,1983,John Spencer,"’n Steelgitaar, ’n glaasje wijn / Diana",b12e442c-6d14-466c-9ef2-fd998dcc7d4e
1983,1983,John Terra,Laat me vrij zijn,3d89f79a-2846-48c1-b07c-5a5fc2a537ce
1983,1983-02,John Watts,I Smelt Roses (In The Underground),1d4d0c37-cacc-4b0c-93f7-502bcb946e3b
1983,1983-03,John Watts,Mayday Mayday,40d37773-bc5a-4301-b3e1-ee0f3ca18057
1983,1983,John Williams,Lapti Nek: From the original Soundtrack Recording of Star Wars: Return of the Jedi,d82e3a72-b4c1-4adc-89e9-d8f1b838e3d9
1983,1983,John Williamson,Lillee and McEnroe,4a37f849-48e8-43af-be98-6a578c286950
1983,1983,John Williamson,The Buddies Song (Have a Go),6fc6980c-c4a1-430f-ad56-89f42c8c70da
1983,1983,John Williamson,"The Vasectomy Song (Blow Into This Bag, Please Sir)",52772ed8-db59-4a64-a18e-19623da2a87f
1983,1983,Johnny & the Roccos,Apron Strings,3c79dd28-8e77-4802-b5c3-7d833901874a
1983,1983,Johnny Blenco,Eenmaal zal ik je weer ontmoeten!!,9623f934-da5b-4903-8be7-fc5a0fe5f4c4
1983,1983,Johnny Blenco,Heidewitska… Meneer kap’laan,8ce73d3c-ef09-4a62-86d6-04261840350e
1983,1983,Johnny Blenco,Jij bent met goud niet te betalen,aa25fd7a-ecdf-4087-957a-02b98d16bd58
1983,1983,Johnny Chester,My Sweet Janie,c4a7da5f-b29d-41fb-83db-76b4f2489606
1983,1983,Johnny Chester,When My Blue Moon Turns to Gold Again,bb312521-8609-4c92-9b9f-c802063cac45
1983,1983,Johnny Chester and Hotspur,Country Girl,ad99038e-127a-4733-849f-a5d9a98d8e46
1983,1983,Johnny Duhan,El Salvador / It Can Happen to You,fe6cb45b-5398-4910-82a9-a7818650a8cc
1983,1983,Johnny Dynell,Jam Hot,af8179a6-67f4-4306-b773-ae577e18a96e
1983,1983,Johnny DynellandNew York 88,Johnny Dynell,c02247a0-ff5e-4b1c-a175-5465137834b9
1983,1983,Johnny en Geke,Na 25 jaren / Bajesklant,e7673c5d-a365-4404-99aa-5ee2d0c5bc5b
1983,1983,Johnny Hallyday,J’ai épousé une ombre,24130175-5f83-4de2-a5ac-399830889fc1
1983,1983,Johnson and Youngblood,The Funk Is in the Music,0fd865c9-b528-49a7-9688-4ccc0d521f5b
1983,1983,Johnson en Johnson,Wie van de drie / Eveline,1cb8218d-8483-4a1f-8345-7bab6d61d8c5
1983,1983,Johny Fostier,Je Voudrais Devenir Berger,9a1476ac-f09e-485c-84cb-d39041d74801
1983,1983,Joke,Waarom niets zeggen,3eb0151e-3903-4490-b827-35bcb40d6c48
1983,1983,Jolanda,"Hé, ga je mee naar buiten / Jij",adf2403e-5860-483e-91c4-d5e7b9418fe9
1983,1983,Jolanda,Liefde-vriendschap zonneschijn,2e94b486-c708-4d12-8d4c-935165e6fa06
1983,1983,Jolanda,Santiago,cccdb02c-4c86-4501-a4aa-a53ff9f6bc78
1983,1983,Jon and Vangelis,And When the Night Comes,50d6632d-7a83-3bea-ada6-1abbc9ab28b6
1983,1983,Jon and Vangelis,He Is Sailing (Full Length Version) / Song Is ...,ed30fe2f-1441-47e5-9d78-f6dd6d2d2d4b
1983,1983,Jon and Vangelis,Polonaise,67940881-57c7-4e18-9367-e0c86f439010
1983,1983,Jon Gorr,It’s No Lie,d01f7ad2-01c4-400b-b59b-59f88dc69867
1983,1983,Jonas,Splish Splash,1c1691cb-a27c-4720-b4da-8349f39e68b7
1983,1983,Jonna,Minttu sekä Ville / Leija,985556c9-0b5e-4dee-a290-bdb42868e998
1983,1983,Jonny Hill,Das Mädchen mit den erloschenen Augen,08b5ddf8-3d09-4c96-a374-79ee05a5078b
1983,1983,Jonny Hill,"Kinder, alte Hunde und junger herber Wein",0070733d-47ed-440e-b775-95ec0359464c
1983,1983,Jonny Hill,Lichter auf den Hügeln,845815bb-1bd1-4f60-a2f4-813067796de3
1983,1983-10,Jools Holland,Crazy Over You,c49b2ad9-111a-4c3b-97f3-582434e1ce28
1983,1983-11,Joolz,Denise,a6f3d927-2f28-47f3-b4e8-268fc7f8d50c
1983,1983,Josj van Berkel,Nek aan nek,577e8fa1-f60f-4ee0-b323-5603fb6cfae3
1983,1983,Josje,Rode rozen / Antonio,6c5a78b2-8651-42f0-9896-58eae2bc1a9f
1983,1983,José,"Hey Now, Whatcha Gonna Do",5888546d-9688-4571-8628-3ad79afe6198
1983,1983,José,I Can Hear Music / A Reason for Fallin’ in Love,341dadf7-db90-4e7e-935e-99d97ccb618e
1983,1983,José & Ron Brandsteder,"So Long, Marianne",5dd1dbdc-03ac-42ca-9d8b-be89a0ca9200
1983,1983,Journey,After the Fall,9793bd39-eecf-44b6-986b-7fd49cec4169
1983,1983,Journey,Faithfully,fbac2967-cd1e-4f46-a946-9d4fbaff7ee4
1983,1983,Journey,Send Her My Love,92d3414b-3c7c-48b3-9c5a-2e6dc82876f5
1983,1983-01-05,Journey,Separate Ways (Worlds Apart),5c49b301-6bed-4e85-b85b-ff86a17cdf73
1983,1983,Joy Fleming,Nicht 'mal bis 3 zählen kannst du Zwerg,3a6ba435-b5c6-4676-9ad5-5120ee80b33a
1983,1983,Joy Mack,Thoughts of Love / Eternal Light,5bd1aedd-b6fc-4bdc-a5fa-96beeec3a4ad
1983,1983,Joy Michael,Dancin’,a394f8bd-f9df-44d3-872c-6739ab8b5954
1983,1983,Joël Prévost,Vanillia,db4c6722-3c22-4f9c-9b7f-213f9577e557
1983,1983,Juan Tovar y Los Pobres,Al llegar a la estación / Añoranza perdida,6accb36c-8705-4740-981f-f9c520f0b108
1983,1983,Juaneco y su Combo / Combo Palacio,La cumbia de los cuervos / Primer amor,03f279cb-c217-40af-8456-41f9af44834c
1983,1983,Judas Priest,Freewheel Burning,7ce6418f-1f86-49a6-a13b-69f0ab241248
1983,1983,Judas Priest,The Hellion,a122fae0-10e3-4b30-96dd-87c5a94baf75
1983,1983,Judas Priest,Tyrant,e2fc8a62-af80-456f-88e7-4a91ba730a11
1983,1983-08,Judie Tzuke,Jeannie No,f974a3c1-2dfe-4eea-bf50-c87d8cacad38
1983,1983,Juice Leskinen Grand Slam,Eesti (On My Mind) / Kun rumba loppuu,5d068f1b-5f22-473d-a33d-769729349ff2
1983,1983,Juice Leskinen Grand Slam,"Nenästä verta, sielusta kultaa / Jalkahiki-Viki",3b0ef55e-a1d2-4406-bbdd-aa1b5bcb1bd5
1983,1983,Jules de Corte,Liedjes van Jules de Corte,6cac4272-6051-4419-83cb-9c81a72bb3a4
1983,1983,Jules Shear,Whispering Your Name,8dd7ab22-1710-40a4-acd2-a2876976e3c5
1983,1983,Jules Tropicana,Jane Remembers,cbc2325f-784c-4271-9d4f-4f57b4dcd69c
1983,1983,Jules Tropicana,Jules Tropicana,b5c351c2-448e-4e35-a110-86edfeaef717
1983,1983,Julia and Company,Breaking Down (Sugar Samba),6a9dbd88-23d8-4a66-b70f-cd75fc26288f
1983,1983,Julian Dawson,Listen To My Heartbeat,efaaa1f6-6029-466b-a431-31de06393336
1983,1983-07,Juliane Werding,Nacht voll Schatten,e7b82b8f-1bb8-4e93-a82d-e33d284c01c9
1983,1983-11-09,Julie Brown,I Like 'em Big and Stupid,8c483e39-a893-4ad8-97e3-1e9b9d49456b
1983,1983,Julien Clerc,Cœur de rocker,4121f9bc-16ed-36d6-8875-b5f303ad97f1
1983,1983,Juliet Jonesin Sydän,Surkea tarina,6095c30c-5607-3aa1-aae9-00595a5fd707
1983,1983,Julio Iglesias,Amor,0dc60301-d474-42a0-b98c-56c9ef39f41a
1983,1983,Julius Brown,Party,dc3730f8-2e14-4668-88fe-37ad2545cb21
1983,1983,Juluka,December African Rain,38807b80-c9be-45ae-a684-2ffaff1b82b2
1983,1983,Juluka,Impi,c1fcfdfd-491c-4545-afc9-87c0bdc8bd77
1983,1983,Juluka,Simple Things,fa9a0295-a246-4d02-a93f-b19fb3a33e31
1983,1983,Jussi Halme,Funny Funk,609eee12-e008-482f-ba26-1bb9ed71e23e
1983,1983,Jörg Hindemith,"Bitte, bitte, Hanni",2f7349cb-697d-484a-8321-63eba33724b2
1983,1983,Jürgen Drews,Liebe im All,abad90d6-924b-48b2-9a57-17a0f7169bf1
1983,1983,Jürgen Marcus,Die Sterne lügen nicht,9ef78995-37de-4f1a-b5c0-fe89087fbe9a
1983,1983,Jürgen Renfordt,No Amigo no,d5a2eec6-3f3c-42a4-887e-752fc32ead82
1983,1983,K-9 Corp. feat. Pretty C / George Clinton,Dog Talk / Man's Best Friend,272564f0-de15-46eb-a81a-e11dfae0d14f
1983,1983,K.C. Mountain En Ellen Jean,Dicht bij elkaar (Together we're strong),fb758d5a-772b-4b10-add1-b48c30a5a388
1983,1983-11,Kabbala,Yen-Nbo-Ose / Yo Yo Dance,2f9ec01d-7f84-4a1f-b988-40eb50edc8cf
1983,1983,Kadanz,Intimiteit / Ik stop,3903535c-d75c-4daa-9815-eb950c7df09d
1983,1983,Kadanz,Wat jij me gaf / Jou versieren,02490471-3c9a-414e-8e52-cc283f108a86
1983,1983,Kadanz,Zo jong / Hete nacht in Rome,7ac83845-7203-4d75-9b5e-d4b2a8a5eb60
1983,1983,Kadanz!,In het donker,8ca0450e-39a5-4903-bff8-cac9d84cad85
1983,1983,Kaija Kokkola,Muodikkaat kasvot / Pelihalli,b57bfe4f-8e31-44b2-a081-16583b7bcb16
1983,1983,Kajagoogoo,Big Apple,ce0e2e7e-4494-4543-9803-13751560c39c
1983,1983-07,Kajagoogoo,Hang On Now,1f9bc57f-f314-32fb-a3fc-843a6ce7a380
1983,1983,Kajagoogoo,Ooh to Be Ah (The Construction mix),d3e82439-e7a2-4449-b1f6-beceefc04e4d
1983,1983,Kameleon,Rood is de wijn,f6410195-867c-4d57-9221-855a2eca803f
1983,1983,Kano,Another Life,2c8532b1-adb0-3917-add0-1e48b2bcd027
1983,1983,Kano,I Need Love / Ikeya Seki,ac96a819-bcda-47c3-aece-b338bcf703be
1983,1983,Kano,Queen Of Witches / China Star,f047e9d9-3228-4323-9697-1ad3f4088409
1983,1983,Karat,Kalter Rauch / Flipper,e9231f9a-098e-4fde-a114-a775e0359eec
1983,1983,Karat,Und ich liebe Dich,1a6b6dd8-2509-4109-8fd2-40746de837c8
1983,1983,Karel Gott,"Ich bin der Adler, du der Wind / Ich bin ein Teil von dir",a5f63dec-c7eb-4ceb-926d-10d9aa6d1712
1983,1983,Karel Gott,"Nun bist du da / Was mich hält, ist deine Hand",dbeeaca1-9993-4615-b13c-0e1e8d0c3ccf
1983,1983,Karel Gott,Plnoletá / Jak já se vracím rád,8d821b82-30c0-4a5e-8d4c-ec4fac0cd48c
1983,1983,Karen Cheryl,"Pense À Moi, Quand Même",58be76ee-dbcc-4c4d-ad2a-45dda9b065e5
1983,1983,Karen Cheryl,Vive Les Hommes,42de5ba9-184a-4cc7-8bc5-ce0589e9306e
1983,1983,Karen Young,Hot for You,ecc0773f-888d-4ff9-8afb-fd453c390cd0
1983,1983-03,Kari Peitsamo Revival,Rock and Roll,adc48ac4-51bb-33cd-9264-4b755417d2e5
1983,1983-06,Kari Peitsamo Revival,Rokaten ympäri maailman,51a345d2-1a3c-3e11-85ab-869d9f9c7df9
1983,1983,Karim Kacel,Banlieue,727819ba-666a-4fa0-b38d-20df4e877200
1983,1983,Karin,Zo dichtbij,6bc8e1e0-f176-4ea5-8227-4368f27aff4a
1983,1983,Karina,Eerst gedaan en dan gedacht,3ccfbdea-e02c-4b1b-98e3-422968ba4c0f
1983,1983,Karina,"Kleiner Teddybär / Bye, Bye Little Lady",5063bf1a-8a0a-46d3-ba62-007b75c3ac3c
1983,1983,Karl Hodina,I brauch' di zum red'n,e645b0f7-f592-49c3-a027-659e7cdf733e
1983,1983-06,Kate Bush,Ne t’enfuis pas,83346b15-599a-4113-be23-384e8b3ee8c1
1983,1983,Kate Bush,Night of the Swallow,5e0e7d47-17b1-4a4a-897e-ffbe51e76688
1983,1983,Kate Garner,Love Me Like a Rocket,cb2751d2-f8d8-4ad5-b07b-55ea9aeb5942
1983,1983,Kate Kestrel,S.O.S.,898f1bce-4f28-4498-b699-347d9b39a0e9
1983,1983,Katie Kissoon,You're The One (You're My Number One),0d55706b-d8e5-4b64-aa70-344c4ee33aa0
1983,1983,Katri Helena,Kirje sulle / Unen erämaa,88ad0986-7e57-4365-87d1-f86ed603807a
1983,1983,KC and the Sunshine Band / Saxon,Give It Up / Nightmare,381ba404-79de-4ae5-9e20-5ea5a18b2af7
1983,1983,Kees,Nooit Meer / Zwarte Zigeuner,5ddb743c-ad32-4d3c-aa0b-58f33f173f6e
1983,1983,Kees Aktueel,Wat jij wil / Emancipatie,9a4dc3cc-5d20-4428-968a-a8c7058e8a93
1983,1983,Keks,Henriette,b8570b3c-7cb1-4aee-b429-141029119e71
1983,1983-02-10,Kelly Page,Morning Music,77d5fcb8-c9b3-41db-bac6-ad7c8e819d7c
1983,1983,Kenny Everett,Snot Rap,7bc9c33f-cf95-419d-a122-d65f7a3291da
1983,1983,Kenny Lynch,Half the Day's Gone and We Haven't Earned a Penny,64913579-061a-3173-a916-7430e0c913e5
1983,1983,Kenny Rogers,All My Life / Farther I Go,3fe826db-1e89-43db-afef-a4796551cc22
1983,1983,Kenny Rogers,Bad Enough / Farther I Go,bbcfc27f-637a-4424-bf23-6f8a7e950c34
1983,1983,Kenny Rogers,Buried Treasure,02325a89-2132-4746-a301-2c1393cb08b9
1983,1983,Kenny Rogers,Evening Star / Midsummer Nights,5f9bb7c9-20aa-45c8-a274-c7ed3ef549c6
1983,1983-09,Kenny Rogers,Eyes That See in the Dark / Buried Treasure,a4d26eaf-9ffd-42f8-8255-242811a23aff
1983,1983,Kenny Rogers,"Goodbye Marie / Abraham, Martin and John",1d4b9526-3076-4688-9880-c20be1d6104c
1983,1983,Kenny Rogers,Islands in the Stream / Midsummer Nights,44405039-ba67-4cce-ba05-e191e8d18a1b
1983,1983,Kenny Rogers,Scarlet Fever / What I Learned From Loving You,44601bd3-4c05-4474-86da-b80e0cf60163
1983,1983,Kenny Rogers,This Woman / Buried Treasure,149c5c53-5aa4-48ad-926f-6b080e9b7658
1983,1983,Kenny Rogers,You and I / I Will Always Love You,28f8a6cc-474e-4b88-bdbd-fa7818d58777
1983,1983,Kenny Rogers,You Were a Good Friend / I Don’t Need You,d64baf09-2025-4cc0-ac65-28776d3450ea
1983,1983,Kenny Rogers & Dolly Parton,Islands in the Stream / I Will Always Love You,40f098d9-1974-4f43-92b8-c5c178e49772
1983,1983,Kenny Rogers & Sheena Easton,We’ve Got Tonight / You Are So Beautiful,c7259a75-92ec-3c2a-9a30-c35e03502591
1983,1983,Kensi-Kensu,Casanova,98a8308f-1803-4f9b-a0c8-719adcfae5e3
1983,1983,Kenteken Onbekend,"Bye bye, zwaai, zwaai",d68a9457-8432-4dcf-9419-14cd250f34ed
1983,1983,Kermesse,Mrs Moon,917bbb0a-6002-4163-b2cf-629d006593f9
1983,1983,Kevie Kev,All Night Long (Waterbed),6972d60e-19f9-4951-b632-3008a3a82384
1983,1983-05,Kevin Hewick,Feathering the Nest,9a70ad54-db70-40a2-aa71-88ed74d22632
1983,1983,Kevin Hewick & The Sound,This Cover Keeps Reality Unreal,721c31c0-a80a-4b7f-a1ea-a43f12cd437f
1983,1983,Key-West,Wanna Groove,19b8b710-a41d-4aed-9604-a41288eb1af3
1983,1983-07-01,Khartomb,Swahili Lullaby/Teekon Warriors,62128be9-08e2-4d48-b465-6f8941f1ac2f
1983,1983,Kick Down,De oude zigeuner / De kick down tango,f30d41ec-7798-4bd6-a718-265c10c4b61a
1983,1983,Kid Creole and the Coconuts,The Lifeboat Party,df70867a-6d4f-467a-a89f-714e53fbd7d6
1983,1983,Kids From Fox,Nico en Antoinette,2fc68240-4b86-4b75-ada8-dd3946e07bf4
1983,1983-06,Killing Joke,Let's All Go (to the Fire Dances),6553bae7-de90-31b2-aed9-5610ca8e622c
1983,1983-10,Killing Joke,Me or You?,f06ba21a-ae97-399c-bb11-d7a91e635b6e
1983,1983,Kim Carnes,Invisible Hands,296e2daa-e998-4fb6-bc15-02a9449e7876
1983,1983,Kim Wilde,Dancing in the Dark,40ed5b50-1bc5-4191-bab7-285371004f85
1983,1983,Kim Wilde,House of Salome,814dc118-199c-4043-8449-44b8c5c15bea
1983,1983-07,Kim Wilde,Love Blonde,b3588e44-675b-4d5b-b864-68729d1ec16e
1983,1983,King Kurt,Destination Zululand,3f3554b8-da35-3b52-ae09-3a50d51054f7
1983,1983-12,King of Culture,Know How,667ba887-9a46-4212-97f8-54f6182ed2a1
1983,1983,Kinky Foxx,So Different,da8d5ac9-2f9c-41b4-97fe-3e28c0d36d63
1983,1983,Kirlian Camera,Communicate,5f9e6c92-2ec2-31d0-b6bf-27ff350a0836
1983,1983,Kirsti Sparboe & Gianni Ciriani,"Kjære, kom tilbake",b7e6c138-a884-44b8-aeb4-48e5707d3b3e
1983,1983-09-18,KISS,Lick It Up,6caaacbf-2616-4c49-bbea-74156aaebf70
1983,1983,Kiss Mich,Disco Woopy / Age,4a645ff6-96c3-48c0-8f78-67fe449b2d1b
1983,1983,Kissing the Pink,The Last Film,7b4837d0-634e-3e23-8123-226adbe97758
1983,1983,Kit Hain,Fire In His Eyes,d064a48c-230f-47b9-b454-5547af90803c
1983,1983,Kit Hain,Perfect Timing,18ca6b06-2c23-4aee-8d35-be90f617f299
1983,1983,Kit Hain,Slow Moves,9b0038c1-f696-4495-9ea4-e259f513a6be
1983,1983,Kitty Grant,Glad to Know You,1f4c3d9c-171c-442a-a482-fd23f9868002
1983,1983,Kitty Haywood,Givin It Up,27ccd6c0-18ca-40b6-a11e-612b2cb15d43
1983,1983,Kiz,Reisefieber,1a941efb-40ce-4dec-b41b-f42bacfdac0a
1983,1983,Klapto,Mister Game,a7239ba6-d7af-3e5d-abc9-dae3d714d799
1983,1983-04-13,Klassique,Somebody's Loving You,12446837-73f4-4224-9131-c49539eeb782
1983,1983,Klaus & Klaus,Da steht ein Pferd auf'm Flur,b3b28655-369f-4415-9f8c-912515b853dd
1983,1983-05,Klaus Doldinger,The Point / Skyscape,451576d3-e61c-4211-90c7-e4d92b3a69e2
1983,1983,Klaus Lage,Mit meinen Augen,da1ef157-3a47-46fe-828a-91eb848e1b73
1983,1983,Klaus Mitffoch,Jezu jak się cieszę / O głowie,785eb085-4378-410a-bc87-234793d27c4c
1983,1983,Klaus Nomi,Cold Song - Bande originale du film À nos amours,0c62006c-624e-4372-a85e-4a08854afc94
1983,1983,Klique,Stop Doggin' Me Around / Honey (I Want To Be Your Lover),ab5b5fa6-6218-4502-be28-847b5291e63b
1983,1983,Knots,Het bajes lied / Tommie de rat,a2934751-a739-43b4-a329-48d14049c571
1983,1983,Knutsen & Ludvigsen,Godmorgen Norge / Eg ve te Bergen,6f068bb0-bfb6-4451-9e77-f6818eab36d9
1983,1983,Koma Band / Trio,Cavrones (Du tu vu nda') / Boom Boom,494191ad-3bd5-4f77-8851-7d5283d27d4f
1983,1983,Kool & the Gang,(When You Say You Love Somebody) In The Heart,4e9ac8fe-b03f-4058-a4bf-7634c8783834
1983,1983,Kool & the Gang,Joanna,4378fa4f-a0d8-4f30-a023-91e581274b7d
1983,1983,Kool & the Gang,"Straight Ahead / Hi De Ho, Hi De Ho",aa8d6550-8229-4747-9532-c96dc2c3dd8c
1983,1983,Kool & the Gang,Tonight,a3900f4f-3075-4ba4-ae7a-412cac3f6524
1983,1983,Koto,Japanese War Game,efd79243-5104-4a6e-9d0c-c05e831239ce
1983,1983,Kraftwerk,Spacelab,35d766b6-bf96-4047-9faa-0aaf6d4d4a36
1983,1983,Kraftwerk,Tour de France,decb77fa-c1b7-3441-9827-4b527441f38d
1983,1983,Kreamcicle featuring Paula Anderson,No News Is News,a98cabe3-ebef-4db7-9ebd-5a84da7405fb
1983,1983-09,Kristina Bach,Donna Maria,c18c9558-487f-454a-a750-bc76f98d72e6
1983,1983,Krokus,Eat the Rich,74d7d113-e3db-4b88-85a4-52f668d475c5
1983,1983,Krokus,Screaming in the Night,31d5af5d-5066-4713-aaab-026371122e56
1983,1983,Krokus,Stayed Awake All Night,a40b4af0-6992-45bf-9b76-811a97488e11
1983,1983,Kronstadt Uprising,The Unknown Revolution,2ade438c-33b4-3ce7-9780-c7e32c6f786d
1983,1983,Kuddel & Muddel,Aero-bück Dich mal,6c8ce8a1-0a4a-4d86-9afe-c4e51c84210b
1983,1983-09,KUKL,Söngull,6678ad92-9a7d-3830-ad21-b3b6e1628767
1983,1983,Kul de Mandril,Jamón de mono,36a14413-51c2-4a01-922a-bc075d6f1660
1983,1983,Kumma Heppu & Lopunajan Voidellut,Älä itke / Syyskuu,5a72d04e-50c0-40c4-8b26-413a28ce229c
1983,1983-01,Kupruileva Elefantti,"Jee, mikä sekunti",de5ba0a1-7947-3f22-aa68-9c549fd08e22
1983,1983,Kuro,Fire,4a8c3207-9912-4294-a2b4-d53cee60a1ad
1983,1983,Kuruki,Just a Cat,3e4ad18a-cc9a-4081-a39b-7a8eb4f639a9
1983,1983,Köttgrottorna,Pendeltåg,fe5a5067-61fd-4f55-8417-b7e51bb3da10
1983,1983,L.A.,The Doctor / She’s on the Ball,f1aa3240-6cc6-48ff-a78d-8b4d85b68bac
1983,1983,L4,Jakie to życie bywa wspaniałe,dc4d8422-fc83-4f10-9156-8ace2469c0ef
1983,1983,La Crosse,En Diamant,68c1e906-ee09-4bee-9217-2b5c01a179df
1983,1983,La Inmensa,El regreso del cafetero,be3cf761-b38b-40f8-9538-c0ca66b0c939
1983,1983,La Mode,El eterno femenino / Mi dulce geisha,e8d5ee79-6011-48b5-8224-b0136458fc79
1983,1983,La Mode,Intenciones / Negro y amarillo / Asuntos exteriores,46eb8087-71d2-4944-8172-387a8114b6cf
1983,1983,La Tromba,Sábalo mayero / La zafra,b7fcb507-9239-4175-b4b2-99e9f65e132a
1983,1983,La Tropa Tropical,Ay Matea / La botella,a57774f6-276f-415f-a8ea-ae594324e739
1983,1983,Lace,Linda / Good Morning,3ac91421-48cb-4b14-b5d8-f903109f2d9d
1983,1983,Ladies Choice,American Man,e87d504a-b44a-4f0b-94b3-559e69232a0b
1983,1983-09-05,Ladysmith Black Mambazo,Wozani,c161b525-2de9-4ca8-8e4b-ee8416b36cc1
1983,1983,Laid Back,High Society Girl,7332dd9f-d5cf-4fc7-8330-bdffb89ac97e
1983,1983,Laid Back,Sunshine Reggae,0b20140f-ace9-468d-b61d-82108c0ef0a2
1983,1983,Laid Back,Sunshine Reggae / White Horse,415a87ec-fd33-34de-bdc0-d97fe66a9c63
1983,1983-06-29,Laki Pingvini,Šizika,cbe76180-8d49-44b7-b624-52082f868548
1983,1983,Lama,Ajatuksen loppu,9bd84d4f-c788-3937-a2b6-382e45f22a67
1983,1983,Lama,Love On The Rocks • 1993,2aa4f356-2773-438c-a166-b38ae12a723c
1983,1983,Lambchops,Bus Stop,9abcfce6-686f-4428-a4ea-0f1ab6247053
1983,1983,Landscape III,"So Good, So Pure, So Kind",1b3daeb3-1ecd-4669-b699-b524ade7f8ba
1983,1983,Landscape III,You Know How to Hurt Me,04b56c47-484c-4b0c-be2c-364a8471692a
1983,1983,Lani Hall,Never Say Never Again (The Original Motion Picture Title Song),0d1fe9b9-b723-41e3-af29-e57a748b5344
1983,1983,Laroche Valmont,L’amur… tujurs l’amur,8a98defc-19bb-43b8-a941-4cadac2f7dda
1983,1983,Las Emes,Su Majestad la cumbia / Francisco el hombre,ad1f4c82-cf04-4585-b7c1-68cd7900d9d0
1983,1983,Laser,Holding You / Crazy People,ec6bbe06-8a68-47e2-b10d-68a2fb2ddf53
1983,1983,Lasse Stefanz,"Marie, Marie",0f2d8f7b-990b-4a8d-bb47-03041814eae5
1983,1983,Last Rites,We Don't Care,2a7b1279-63b6-4376-87e2-0260710a61b7
1983,1983,Laura Branigan,Deep in the Dark,6ea477f3-6606-4c60-ae74-787a2f5ec404
1983,1983,Laura Branigan,How Am I Supposed to Live Without You,a9b51f7d-291f-4a5f-8039-839977310d9e
1983,1983,Laura Branigan,Solitaire,bef66495-59df-4f3a-b329-7199b94b57ae
1983,1983,Laura Branigan,Solitaire / Gloria,9a0869a5-0ed7-49a7-a8ff-6aa37dbb1654
1983,1983,Laurel & Hardy,clunk click,0064347e-0d88-44d1-9771-60a438e2ebf4
1983,1983-10,Laurent Voulzy,Liebe,3e24a4ed-a98e-4706-a869-de63b1e7ddce
1983,1983,Lavias,Do You Wanna Dance,8927556e-6c6d-4451-abf5-b85f59713b3d
1983,1983,Le Camomilla,Body,58d28cbd-7539-4a59-bf1b-c4f685f3b9ad
1983,1983,Le Masque,Trouvailles pour comediens,d17e2384-91eb-4b44-9cb2-83bce997886b
1983,1983,Le Show,Super D.J.,8c51f7af-3f46-4c95-ba92-c2717a880744
1983,1983,Lea,Dress for Success,5bbd7d65-1d43-4080-b991-7ab372782af6
1983,1983,Ledernacken,Amok!,eee83a01-f73e-468c-9f2b-e1dc45c71165
1983,1983,Lee Aaron,I Like My Rock Hard,aa4ebee1-af2d-4693-a6c1-24321ee38bfc
1983,1983-01,Lee Kernaghan,Cheaters,a9d0fcff-0bd3-4db5-9516-c57e5485504b
1983,1983,Lee Kosmin,Stop the Clock,62f94ff2-9c23-4fef-b355-6a1ec00f8b5a
1983,1983,Lee Kosmin,What's It to You,ece52acc-c4d9-4b68-bacf-fe10865f4aab
1983,1983,Lee Towers,I Believe in Music / Be No Fool,059413c3-64f6-48a6-99eb-faff09d07ec2
1983,1983,Lee Towers,If You Know What I Mean / You Never Done It Like That,c6993fe3-90eb-4bdb-bdce-2c100927f886
1983,1983,Leevi and the Leavings,Jos taivaalta sataisi rahaa,606af1e9-9d57-4953-b07d-119be72cde60
1983,1983,Leevi and the Leavings,Kyllikki / Jos taivaalta sataisi rahaa,a07b9c45-f132-4e3c-99ad-e63bb73adfe3
1983,1983,Leisure Process,Anxiety (Neurotica Mix),1da4ae84-3bde-4bdb-a6bb-6cf83eeecf58
1983,1983,Leisure Process,"Anxiety 7""",6d0f9120-4cad-438e-afe5-710f9a8c2f10
1983,1983,Leisure Process,Cashflow,3ef3c9d3-93b6-45f0-8852-269b7582cc62
1983,1983,Lena Valaitis,So sind meine Träume,9c1afd61-da7f-4a8c-a837-65c6752862bc
1983,1983,Lena Valaitis,Worte wie Sterne,30d06266-8de4-40d3-8148-85cfeb4b7fd0
1983,1983,Leo van Helmond,Ik heb liever ’n buik van ’t bier,d70b1e14-acef-407a-a807-0cdb43281ac5
1983,1983-05-14,Leon Haywood,I'm Out To Catch,f66087ec-b939-4220-9fc5-823e68a4aa73
1983,1983,Leon Sylvers III,World Champion,d07074c4-406e-44ed-85d8-a8df8137076e
1983,1983,Leroy Burgess,Heartbreaker,c92ba26c-b677-340c-a660-0eb2684148da
1983,1983,Les Ablettes,Tu verras,3e6ada41-5107-4f89-8602-83a38d3604d5
1983,1983,Les Alligators,Ça cogne,fde016ef-42a6-41b0-94f1-fead722f7aa1
1983,1983,Les Amis,Als het om liefde gaat,f36e28a0-7975-4d7f-a46b-b86b6c1a02ef
1983,1983,Les Charlots,C’est trop… c’est trop !,ec758f2e-5d12-47e4-aed0-9de26ab4b100
1983,1983,Les Charlots,L'Apérobic,b1dbc81a-f04f-41f5-8ec8-76aecbfee668
1983,1983-01-01,Let's Active,Every Word Means No,74a89a06-5b6b-428e-a105-1d137062dd32
1983,1983-01-01,Let's Active,Make Up With Me,ba00da5d-2849-43f0-af3a-5feb507ed676
1983,1983-01-01,Let's Active,Room With A View,437da05e-5ae6-4b4b-aaf5-35d2ad94d9d9
1983,1983-01-15,Level 42,The Chinese Way,03de60c1-293c-46e1-8805-96f79beae0cc
1983,1983,Lew Kirton,Don't Give Up Your Dream (Hang On In There),bf053dac-9e18-42a3-9315-aca9d743f792
1983,1983,Lew Kirton,Talk To Me,7ecc94de-1e90-4ee2-9cc8-c7a7e180e520
1983,1983,Lex,Fourteen Days,5e6c2b38-5a34-4c75-8fad-829114d2dda3
1983,1983,Libanne,Time Out,4c521505-ad01-413d-8299-2431d36899f8
1983,1983,LIBIDO,LIBIDO,fc20ab20-f556-42ac-9d6b-14a8163e4c95
1983,1983,Liesbeth,Krijg je van ’n jongen rode rozen,c8803014-2544-42fd-a0ed-93967707b10c
1983,1983,Liesbeth,"Nee, nee, dat doe ik niet",5633e568-90f5-43af-a0e0-6a83645b46d5
1983,1983,Ligotage,Crime and Passion,28184851-a0dd-3cf8-b56e-59b6a4749c4d
1983,1983,Liisa Tavi,Kuu / Niin kauan kuin hymyilen,68022abc-a45c-492c-9f2c-bdfa65b4ac6c
1983,1983,Lilian,Als er liefde bestaat,9e0442d9-07be-43e8-bd29-d226d9a08b43
1983,1983,LiLiPUT,You Did It / The Jatz,68e9bd62-19d8-360d-83af-fb57af72fb72
1983,1983,Limahl,Only for Love,3f23758c-dd7b-4f9e-8dd9-4747a3d2d64b
1983,1983,Limbo Race,Ina’s Song,32fbe67c-a483-4d38-854d-6ad8d980fdf3
1983,1983,Lime,Guilty,a72bbc33-67ab-4988-a45a-f4bb9eb88fee
1983,1983,Lime,On the Grid,3ca8bd88-b540-461f-8556-400c34729873
1983,1983,Linda,Veel te laat,caf85e73-028c-45f4-986e-94e31fa61dfe
1983,1983,Linda & The Music Lovers,Met een glimlach,34ddaf31-61b5-4051-ab18-d54e24be80f7
1983,1983,Linda Keel,Paris by Night,09daf380-ba52-456d-9b14-815a4f814503
1983,1983,Linda Snoeij,"Bye Bye Love / He, he, ho",d1905025-b90d-41e9-90c2-66836db8d911
1983,1983,Lindsay Butler / Col Hardy,Tex Morton Medley / Black & White Tangle,71802ce7-99d8-4898-9fac-14a73141c93e
1983,1983-06-24,Lindsey Buckingham,Holiday Road,922b991f-8c2b-4430-a777-b1c180aa5105
1983,1983,Line Renaud,Américaine ou parisienne / Loulou,c57b4c55-f138-4528-8f8f-e2041928ed7f
1983,1983,Linette,Deze zomer zal ’t zijn / Op de kermis,4ee86d0d-14da-4797-bd4c-f897c50dd1e5
1983,1983,Linette,Vergeef me toch die misstap,8c0127e4-8d57-42e9-961a-de921d1add70
1983,1983,Lio,Zip a Doo Wah,65810bba-ae7b-4584-bea6-6fd1492982e5
1983,1983,Lionel Leroy,Monsieur Merlin,be90601c-33ea-4b6a-85a8-96e337a27c60
1983,1983,Lionel Richie,All Night Long (All Night),1c93cb07-b758-494b-baca-0bb611bde17e
1983,1983,Lionel Richie,Hello,05d55ad3-1a09-428e-b5d3-c03181023235
1983,1983,Lionel Richie,My Love / Round and Round,c946ddca-132d-4482-8a79-43f39d9eaf1c
1983,1983,Lionel Richie,Penny Lover,167eb1d7-1bc8-421a-b65f-979fdf19f38b
1983,1983-12,Lionel Richie,Running With the Night,ef6fb299-6f61-4531-b58b-70d71cb30f1e
1983,1983,Lionel Richie,Stuck on You,057ba48a-0f32-4bce-a3e7-2e7b54e9467a
1983,1983,Lippi,Aufstehn / Erna kommt,58650ec1-9d99-4e21-8e06-88ffa96a93c0
1983,1983,"Lipps, Inc.",Addicted to the Night,7a69dcbb-7d81-4c25-8344-4d0c9e566e20
1983,1983,Liquid Gold,What's She Got,c3d82358-81ed-44bf-8f45-7a820563fbf4
1983,1983,Lisa,Rocket to Your Heart,1e9b2115-4034-4d35-8039-1697c694cb75
1983,1983,Lisa Boray,Tonight,8137af0d-c6a2-4314-b792-34c1d9f0bd91
1983,1983,Lisa Stansfield,I Got a Feeling,799abd74-1e2f-4df7-bb14-797ba5ddc2a4
1983,1983,Lisa Stansfield,Listen to Your Heart,d2763450-cb7b-415e-9567-3cbf51a30784
1983,1983-04-05,Lissabon,Video,3e35a381-0392-499c-8a98-fced295faaf6
1983,1983-06,Litfiba,Luna / La preda,e750aa29-e10a-31b6-946c-6211a877d9e4
1983,1983,Little Joe,Splish Splash / Little Queenie,0fb0d6a1-bebb-4671-85b0-e42b4178680d
1983,1983-09,Little Richard,Chicken Little Baby / Oh Why?,dd3ba22a-1091-466f-936d-d67e6dbaf05c
1983,1983,Little River Band,We Two / Mr. Socialite,82999e0c-6263-4f12-a731-162be3647ee9
1983,1983,Little River Band,You're Driving Me Out of My Mind / Falling,399532d5-e6e5-433c-a75e-740d2d5c4dc8
1983,1983,Ljupka,Split '83,65e64f69-a69a-4ed6-8253-8ec96b7db09c
1983,1983,Ljupka & Ivica,"Gitarre, Gitarre",3fe35718-23fa-4bdc-a9a1-d2972b8ef7d5
1983,1983,Lloyd Allen,I Keep Looking At You,0fd3b937-f6c2-467f-9804-6b8c425886ea
1983,1983,Lloyd Cole and the Commotions,Down at the Mission,1a2135af-5a7f-4743-a0ec-8aaf62279782
1983,1983,Lodewijck van Avezaath,"Verrek! Zeg kerel, ben jij ’t / Waardeloos",17ff813b-c78c-4405-8061-7bdc4172c8b6
1983,1983,"Lola, Opus",Weekend Holiday / Flyin’ High,5d292405-abfa-429f-8798-5e3ed14bcbc0
1983,1983,Lombard,"Adriatyk, Ocean Gorący",01ea3562-c1c8-4546-9ecc-5fbe6fa688e5
1983,1983,Loni Gamble,Could It Be Love,e443ca62-b615-4a78-8d0d-a26ca1ae8c03
1983,1983,Lonzo,Der Dschungel ruft,f6307208-b8b3-4ff2-b125-ea0cfb8e5207
1983,1983,Lonzo,Die Bremer Stadtmusikanten,ec8f0dcf-c35f-4a51-bedc-3c77f9c8263b
1983,1983,Loose Joints,Tell You (Today),11bba72a-eb99-48fa-834e-11103be024bd
1983,1983,Loquillo y Los Trogloditas,Pacífico / Todos los chicos en la playa,8ecdaa64-472b-4893-893f-05632d9c3052
1983,1983,Loquillo y Los Trogloditas,Vaqueros del espacio / Hawai 5-0,08a483d5-2278-46a1-a149-5c4a11a32f09
1983,1983,Loredana Bertè,Il mare d'inverno,453b30cd-e91a-4a96-b00a-2a3605ce8dbf
1983,1983,Los Angeles T.F.,Magical Body,fed861e1-5d3f-4c27-9701-a74767cfe585
1983,1983,Los Broncos de Reynosa,Figura doblada / Ranchito chiquito,bc2e8b25-2056-484e-b9ac-1a730b2188b2
1983,1983,Los Continentales,Poco a poco,b8277467-c43c-432c-9628-a6145d898af0
1983,1983,Los Fantasmas del Valle,El chuco le dice al ruco / La suavecita,184af5f1-b060-4fa9-a977-6c2ccaa70495
1983,1983,Los Formales de Cali Carranza,Como el sol a media noche / Quedate conmigo,c69bab94-6349-49fd-a307-ece59bf11123
1983,1983,Los Formales de Cali Carranza,Mientras piensas / Y como es él,aa012583-b2d2-4318-88e2-d606498f3795
1983,1983,Los Hermanos Jiménez,Vestida de color de rosa / Falsa ilusión,0535e131-3d1e-4ab8-87d7-acd9b05bd7ec
1983,1983,Los Iracundos,Apróntate a vivir,ec4a94fb-ce12-4c29-b60c-239e954dad6f
1983,1983,Los Monaguillosh,Prisma de ágatas,139b2b50-842f-40d0-b08b-dc64d91b6108
1983,1983,Los Onderdikos,Geniese / De knie,1763db3b-61b3-44b0-b6a2-95967a01141f
1983,1983,Los Paisanos de Chalito Johnson,"Pues si, y que / Tú me perteneces",07fb0c95-8667-4298-8b50-1896df399691
1983,1983,Los Pobres de Juan Tovar,Morenita / No me sé rogar,34492004-eadb-4e64-b37e-f907b35746ae
1983,1983,Los Seres Vacios,Luna Nueva,ed1f2a7b-f683-41ea-bb92-2675442f3a8d
1983,1983,Los Seres Vacíos,Los Seres Vacíos,6057948c-c4f7-44d9-92bf-13ab7e03a6a0
1983,1983,Los Solistas,El marañon / Mi país,04d9ad2f-a73e-49b2-8d8e-22fb01df85c2
1983,1983,Los Solitarios de Sonora,Promesas falsas / Chiquilla cariñosa,bef57aa0-2e60-4d98-92d6-efd49d13c478
1983,1983-01-21,Loudness,Geraldine,f26aa528-f1bd-4f1e-b87a-4d08c4a6801c
1983,1983-09-23,Loudness,Road Racer,c46e98af-b7e8-4eef-ad95-8e2c5645ba6c
1983,1983,Louis Chédid,Le Chacha de l'insécurité,79b17442-6ea0-4544-95cb-3f8a1bbaa733
1983,1983,Louis Chédid,Les absents ont toujours tort,ae77ca34-beac-4eab-ad8f-c7b2ce6797c1
1983,1983,Louise Freeman,Aa Ee Oo Uu / Mirage,18da9d46-acb1-4760-a668-4c3be5609c7d
1983,1983-08-06,Love Club,Hot Summer Nights,c5bd3155-eafe-4518-a95a-a239718d832a
1983,1983,Lowland Trio,Ja de beuk er in... (Bruttosozialprodukt),ee071997-2163-424d-978d-b91daeaa624e
1983,1983,Lucky Pierre,Cool Summer Night / Chilly Willy,93183b61-077f-4c2f-b46c-f29badc7dfd3
1983,1983,Lucky Trio,Veeg je tranen maar weg,4002f6c7-e50b-4c22-8300-5adae1c88255
1983,1983,Ludwig Hirsch,"Gel', du magst mi",22edb357-7233-4571-8044-1a06ef699166
1983,1983,Ludwig Hirsch,Häng net auf,eb280fa5-b8c0-4878-aacf-bb859a0f1816
1983,1983,Lumbago,Grønt lys / Vann og brød,bfb7d9d1-5bf9-4ca3-9577-b4f4fc4a42c1
1983,1983,Lusthansa,Gib mir deine Hitze,26fa3700-aaf8-49c6-be0b-3cc83c1c283d
1983,1983,Lustt,Pillow Talk,f876349f-c6bd-497f-b508-9f64f4a62985
1983,1983-11,Luther Vandross,I'll Let You Slide,ae1a07b1-d520-49a6-94e7-da8b054227a4
1983,1983,Luther Vandross,Make Me a Believer,a64cea41-aef3-44c8-939d-655cd554f74e
1983,1983,Lydia Murdock,Superstar,cd71986e-a96d-33ee-af2c-81e7213a8668
1983,1983,Lynn Anderson,You Can’t Lose What You Never Had,b2f5b665-a20b-4f42-8286-244b5d96a1bf
1983,1983,Lynsey de Paul,Air On A Heart String,28a4b609-20a5-48ad-80b1-181b9c84dba9
1983,1983,Lyres,Help You Ann,3c820e1c-45a9-49db-9ffe-c74f30ec55f4
1983,1983,Líneas Aéreas,Landschaften,44478d63-d284-413b-9d91-6e2f20935d65
1983,1983,M.D.M.C.,How About It,ea50e9ea-cb81-33c4-a5de-9cbdb7a16964
1983,1983,Made for TV,So Afraid of the Russians / Unknown Soldier,07ca86a5-7f26-3304-b398-77a33b7960a9
1983,1983,Madness,The Sun and the Rain,8fbf2922-3e92-3a31-84f3-595b62eb28e6
1983,1983,Madness,Wings of a Dove,ea12687b-7efd-34f7-b09b-138597dad136
1983,1983-03-09,Madonna,Burning Up / Physical Attraction,3df3ca6c-b503-4778-8a74-6617a1395e91
1983,1983-09-07,Madonna,Holiday,6196a519-764e-462c-a656-57bda2f9cc80
1983,1983-08,Madonna,Lucky Star,7ace25e5-f7ee-40bd-bab9-ac8462e6101c
1983,1983,Magazine,Adivinhão / Casa Da Mãe,fcb1fff6-ac42-42c3-9bfc-fae96b606a56
1983,1983,Magazine,Sou Boy,93fe7b65-2803-4d21-89a6-a0853d06f8ab
1983,1983,Magda Layna,When Will I See You Again,267f1d7d-3437-40a1-b7d4-adb3d8a0d706
1983,1983,Magic Boys,Een gouden ring / Vroeger was er heide,f7871c04-2560-4c13-b4b0-41487c1d670a
1983,1983,Magnum,Public Memory #1 B/w Your Way,c0c63c68-1138-423e-92b1-afea28236083
1983,1983,Mainframe,Radio (Will Bring Me Home),5bb4d0d4-eb68-459f-af32-4b8df64b2e14
1983,1983-10,Mainframe,Talk to Me,7c1b3837-4b61-35ff-8630-4f6048edca06
1983,1983,Mainstreet,Give Me Your Love Tonight,86f14c9a-c05b-4264-8958-dc4185b32f46
1983,1983,Maja Catrin Fritsche,Freundliches Wort,fabf1ac4-8fae-419e-b7b9-4beadb623b07
1983,1983,Major Accident,Fight to Win,fd871a95-da53-4e94-ae87-3f756cd19252
1983,1983,Major Accident,Leaders of Tomorrow,d10d1f0a-5b8d-4435-bcd1-84ace0b9ea75
1983,1983-02,Major Accident,Mr. Nobody,3ca5a5fd-a88d-35d5-99d1-9e4687a72e24
1983,1983,Makaface,Cry Wolf,0b07c817-0b0d-465e-8c2a-cfc465bc67d8
1983,1983,Malcolm & The Bad Girls,Shoot Me,7a868a1e-0f8a-46e5-b5d4-3f1d6c2081c3
1983,1983,Malcolm Tent,Airplay / U.S.A.,e96b9b08-18f3-4bba-8c26-9cef2efef075
1983,1983,Malcolm X,No Sell Out,9980f581-ff65-4d8f-af24-505f86dafb75
1983,1983,Malsy,Telefon-Terror-Tony,8f086f7e-3126-4755-9fe8-057e4c3af97a
1983,1983,Manchester United F.C.,"Glory, Glory, Man. United",761065bf-0743-4e97-b160-38c307ccb6d4
1983,1983,Manfred Mann’s Earth Band,Third World Service,09c8d353-d853-4ef4-af9d-09f2f3efaeb3
1983,1983,Manfred Maurenbrecher,Dietrich,1e192592-9f87-4f9c-af70-525b07290e52
1983,1983,MANNEQUIN NEUROSE,マネキンノイローゼ,a2288c2c-c8d2-4b29-9922-631da8d48784
1983,1983,Manowar,Defender,0c77dbd2-5219-3ca9-b3c1-ac8777016eb2
1983,1983,Mantus & Omega 88,Boogie to the Bop,075e86f9-da42-47e8-885b-b8a1d70d53e5
1983,1983,Manuel González,La millonaria / Cumbia de Los Halcones,5c1500b2-d530-4565-8929-000a4a7dd4b7
1983,1983,Marc & Dave,De beroemde vier woorden / Ik heb geen geheimen,796ab81a-e54d-43a2-a2f6-c98e30e0278b
1983,1983,Marc and the Mambas,Black Heart,3a6d9e8d-3b13-427a-8b3a-0bf0deaffdc0
1983,1983-11,Marc and the Mambas,Torment,0c82e8c2-db54-4bf0-8397-c1d1cc1d6a47
1983,1983,Marc Dex,Waar ga je heen man / Memories of the Wind,7aa64630-b6f0-4e0a-a81f-5826bd2902e7
1983,1983,Marc Dex,Waar moet ik heen zonder jou / Hier klopt het geluk aan de deur,d8ef82dc-ea19-4cb6-a571-1f6f67a6ca4d
1983,1983,Marc Lavoine,Je n’sais même plus de quoi j’ai l’air,593957a7-02e4-4b4f-864e-193396e3f9a9
1983,1983,Marc Lavoine,Pour une biguine avec toi,ef59e189-89ef-4ce8-9ef8-9a89abf3625b
1983,1983,Marc Morlock,Hopsa,00b80361-45c1-42c7-a15a-426386a5a43b
1983,1983,Marcia Griffiths,Electric Boogie,a00b7c23-adba-32f1-9704-367020a8f244
1983,1983-03,Marcia Hines,Heart Like a Radio,fc98f654-13c6-3a3f-a41d-62137b86363a
1983,1983-11,Marcia Hines,Shadow In The Night,3aebf980-fdbc-3cbb-bfc9-70db267f4f88
1983,1983,Marcos Valle,Estrelar / Fogo Do Sol,65802969-7d73-4de2-949e-b5cc4ab1ab54
1983,1983,Marek Biliński,Dom W Dolinie Mgieł / Ucieczka Z Tropiku,40ca6d3d-a23d-43a6-93d3-37a33ed20577
1983,1983,Margriet Eshuijs Band,Go On Back To Barbados,3d3f4cd1-60ca-4811-94a7-0368c29d7e36
1983,1983,Maria,Doe maar wat je niet kunt laten,fd28670f-fd25-4545-96e8-ed87a336a9d4
1983,1983,Maria,Laat de bus maar de bus,2253362b-148e-44ce-9937-4fa3b803e6fe
1983,1983,Maria Verano,Cool It,ae2c786e-cb17-4112-a985-7544840188a3
1983,1983,Marian Weber,Het duivenvrouwtje / Oh mon amour,bfde41c1-cc77-431b-8c86-ee8814f61b50
1983,1983,Marian Weber,Lekker troeleke / Ciao ciao mama mia,25586d76-8664-4e58-a1e4-1b67c98a8ad4
1983,1983,Marianne Faithfull,Running for Our Lives,97c3df24-1f1f-4de5-9279-4fe4bc1e212a
1983,1983,Marianne Rosenberg,Einsamkeit,c57253a6-77ae-4e9a-a68a-883269a0cb54
1983,1983,Marie,Tchaou et Grodo,b250a8b7-9e8e-4b47-baae-a3cd8dc2ecc1
1983,1983,Marie Léonor,Les Jardins de Tokyo,0f43b33b-57d6-4068-90d0-8be4c776b934
1983,1983,Marie Myriam,Alors,ba31f9b5-39b4-4997-b506-0934521df04f
1983,1983,Marie Myriam,Nils Holgersson,09cc639e-da51-47cd-aefa-10a19328fd1c
1983,1983,"Marie Myriam, Isabelle Ganz, Catherine Lafond, Séverine Morisot & Thierry Bourdon",Candy infirmière,1feba29e-7093-403e-9e38-243967626159
1983,1983,Marie-Paule Belle,J’ai la clef,79a2637f-723f-41bd-8b2f-2ed90352da2a
1983,1983,Marie-Paule Belle,La Vie facile,cf541739-e357-4015-b45c-a55974e08a34
1983,1983,Marieke,Wat moet ik nu met Kerstmis / Nog eens net als toen,98ebe539-76e5-4f08-8c73-446a65985b93
1983,1983,Marietje,Eens gaan we naar de maan,c9db3dee-ad7a-4514-baf0-8b54d370ae76
1983,1983,Marietje,Mama,758544b2-8a07-48f5-8b70-03d24d503fb1
1983,1983-06-06,Marillion,Garden Party,bab427cb-ee74-3b0d-8c7f-acd45056cb9b
1983,1983-01-31,Marillion,He Knows You Know,983850c0-8938-3c06-b273-0f3df37ad0c7
1983,1983,Marilyn,Calling Your Name,3f21386b-7443-4185-b258-b8ef721f280b
1983,1983,Marilyn,Calling Your Name,74e812ca-a279-39d8-8409-c48a16f9253e
1983,1983,Marina Arcangeli,Sporcati,05645afc-0087-4249-8100-f1ae6877862d
1983,1983-01,Marine Girls,You Must Be Mad,81ab415e-402a-3f08-a86e-42d21a4bbad9
1983,1983,Mario,Zeg me,2f44ded2-99c8-46d1-a65c-2f7184c089ac
1983,1983,Mario Bernold & Band,Gemeindelied,dc1c4142-0492-444f-8171-3fec41db62b6
1983,1983,Mario Pintor,Mi éxito / Qué tal viejo amor,1677b28e-5b0a-461d-837c-04161bd5b7f6
1983,1983,Marius Müller‐Westernhagen,Jetzt komm' wir,05e3435d-6c69-4369-982e-7a3fb1b62412
1983,1983-07-10,Mark A. Mitchell,How Can I?,69560a80-4a57-4c95-8dea-39ad1273cc78
1983,1983,Mark Holden,Who Do You Love?,49e0a02b-53d3-41ed-a2d2-7945d45b39a1
1983,1983,Mark Knopfler,Going Home: Theme of the Local Hero,338bd8fb-bdd7-3b4e-8c14-5fabc3f4ca32
1983,1983,Markus,Kleine Taschenlampe brenn',d260535d-070c-412d-ada9-9529ff0e9990
1983,1983,Marleen,Jij Bent Zo Lief,64e5512e-e270-486a-a607-44a7d1c35b19
1983,1983-04,Marshall Crenshaw,Whenever You're on My Mind,7cf17bb1-8c3c-3649-8d52-53d209b16ba4
1983,1983,Martha and the Muffins/M + M,Danseparc (Everyday It's Tomorrow),7f9b3b13-ea84-4423-9ae6-317934fa573c
1983,1983,Martin,"Ai, ai, ai, ai, m'n geld is op",977b7be6-73ae-47ef-bb0f-3718ec15dbb8
1983,1983,Martin,Hello hello hoe is 't er mee,af97bf4a-5e6c-4adc-81b3-39ba21d85439
1983,1983,Martin,Julie,3d53a88b-b84b-4a3c-b063-75305fcca16c
1983,1983,Martin,Tijd komt en gaat voorbij,73581bcb-f49f-44b1-a51f-91ee0cc739e9
1983,1983,Martin Agterberg,Behind the Mountains / Hot Wheels,ce054095-bd64-47a4-a187-b8aacb9588b2
1983,1983,Martin Harvey,Maggie Will Always Be Around / Vote Conservative,7617f720-4229-4318-90a5-645bb0317c4b
1983,1983,Martine Chevrier,Star,f1ce7c63-081b-4232-9899-0885ac4cdea4
1983,1983,Martine Clémenceau,Puisque quelqu'un m’attend,7da697ed-e790-4619-a72a-73914c9a440b
1983,1983,Marty Robbins,Change of Heart,e3ffdb5f-efe3-4175-9f5b-8dcd0a41c6a0
1983,1983,Marty Robbins,What If I Said I Love You / Baby That’s Love,bcdbb6dd-c84e-4ca5-873d-5cd2bd15f9bc
1983,1983-02,Marvin Gaye,What’s Going On,ef15d15b-85e5-45b1-b143-493d71374281
1983,1983,Mary Jane Girls,All Night Long / Musical Love,513f7701-9976-43be-8535-7038c185daa4
1983,1983,Marzio Dance,Rap-O-Hush,0efd7c8f-91ca-49b9-991e-bdef92921a42
1983,1983,Masquerade,Guardian Angel,fb990c56-9cb1-42b5-a973-6422feb381cb
1983,1983,Master Genius,Let's Break,1eb21d5e-a44d-4027-8f52-9293991b4343
1983,1983,Masturbation,Masturbation,b88a73e2-362c-455d-b8a8-0eddf33fe26e
1983,1983,Material,For a Few Dollars More,5c7f8cf0-7b51-43d1-ba2c-8181ee51fe3c
1983,1983,Material,Memories / Take a Chance,9339407b-cafb-43a0-8de1-2917d27f7653
1983,1983,Material,Time Out,8f0db264-797f-4f8c-b6c5-b333357a0525
1983,1983,Matt Bianco,Get Out of Your Lazy Bed,9a4d10ab-4dcc-4ca8-8e05-68ecc500aa5e
1983,1983,Matt Fretton,It's So High,3944cc1e-886b-35d5-b64c-903292377fc4
1983,1983,Matthew Wilder,Break My Stride,7f8b648a-9b49-418a-8645-c90387ec0e2e
1983,1983,Matthew Wilder,Break My Stride (Remix / Club Version),6e2ca4f2-3c53-4f06-ad2a-67d1668b72cf
1983,1983,Matthew Wilder,The Kid's American,f07c5cf7-52c1-47dd-8317-669228189aa6
1983,1983,Maurenbrecher,Bingerbrück,80d5e0e9-9bfe-42ba-a551-600ee23deb89
1983,1983,Maurenbrecher,Mammi Mutti Muschi,fc8e78b9-8e49-4930-a246-927969cbb3ae
1983,1983,Maurice McGee,Do I Do,9c9264a0-82d6-449c-8691-413a0006104e
1983,1983,Maurits Santen,Dieuwertje,dafb18b3-4231-4c40-86b6-9d5705a28fe6
1983,1983,Mavi Yolcular,Heyamola,4e35c971-92a2-30db-b981-e755ba8a0682
1983,1983-07,Max Werner,Roadrunner,d6b25f3c-fe7e-4b9b-bae7-b4e22bbbc7b3
1983,1983,Maxime Le Forestier,Les Jours meilleurs,01c291ad-2290-4c21-a75e-cd2e2a125230
1983,1983,Maxine Singleton,You Can't Run From Love,daaa1a97-df71-4bb8-99fa-a58a6cff55eb
1983,1983,Maywood,Colour My Rainbow,2dc50690-44d6-4db7-9cfa-80fc9cb367ad
1983,1983,Maywood,Show Me the Way to Paradise,f5480df1-4dee-498a-b95c-4778d2a439fd
1983,1983,MCB,Can't Fight The Feelin',bb45cd63-1262-4e2b-8184-63479eb87609
1983,1983-07-29,McKenzie & Gardiner,From Time,0f1b8700-0d75-4a52-8aaa-f773bc72efab
1983,1983-05-16,Mecano,Barco a Venus,b59bdf31-3c33-4442-889c-d344987f7d15
1983,1983-11-14,Mecano,El amante de fuego,c6783fc4-e07a-4b3f-bec6-f956bdd7bbe8
1983,1983-07-25,Mecano,La fiesta nacional,d465b16f-4988-4c7f-9aea-8d4c827dbcb2
1983,1983,Meco,Ewok Celebration,7f80b93f-4244-3419-9035-ee39e38fdbc6
1983,1983,Meek Rabbit,Sweetheart In England,a9565f00-7a38-4b37-bdc9-8b4a83e52b5d
1983,1983,Meester Vos,"Fietsen, fietsen / Kamperen",38500ac6-bb79-4e9d-990e-1082881074ea
1983,1983,Mel Brooks,"To Be or Not to Be (The Hitler Rap), Parts 1 & 2",d1142606-c6f6-444b-956f-08ceafc9be1a
1983,1983,Melchior,E.T. + Elliott,b03bf109-6b37-4c67-883c-6e0be70070d5
1983,1983,Melchior en De Smikkel Muizen,Kaas Kalypso / Mickey Mouse,4765ef37-1fbd-4110-8a69-57d6fff70d36
1983,1983,Melissa Manchester,City Nights,ce6e2acb-9a7c-472c-8c7f-e4a19a144bd1
1983,1983,Melissa Manchester,I Don’t Care What the People Say,ce810c06-6921-4fee-8c61-462c4f51acfe
1983,1983,Melissa Manchester,My Boyfriend’s Back,c32e498a-83f6-4376-8961-04e150495bd5
1983,1983-01,Melissa Manchester,Nice Girls,98c3b0a5-2c20-480f-94d4-6c4fad6d1c5c
1983,1983,Melissa Manchester,No One Can Love You More Than Me,10d4f903-7934-4c79-843a-5e8ed968eb5f
1983,1983,Memo Argote y Su Grupo Majestad,Así son las samarias / Cumbia de pescadores,da809dfe-5a80-4e33-838f-ea47a6275ff5
1983,1983,Men at Work,Dr. Heckyll & Mr. Jive,cdb8af0c-27e2-4b0e-a98d-3a02c483a5b9
1983,1983,Men At Work,Overkill,bd78a515-0a03-4c2d-b542-ae1f53fa7b8d
1983,1983,Men Without Hats,I Got the Message,3e081dba-18bc-3a50-80c9-8fc96fffbac9
1983,1983,Men Without Hats,Living in China,bc382d9c-8604-3309-90fc-dd3bc859c87a
1983,1983,Menage,"Memory (Theme from the Broadway Musical ""Cats"")",2403c489-9153-498b-8836-7d6e295b31de
1983,1983,Menstrual Cycles,Retirement Home,5f51e9b1-6827-4f83-824d-546fd1a51ed3
1983,1983-12,Mercyful Fate,Black Masses,61bb7df4-30be-3d28-af18-5b1b6cc20907
1983,1983,Merle Haggard,Broken Friend,549ba403-2bce-419e-8e54-92563b0e6c61
1983,1983,Merle Haggard,It’s All in the Game,69a552f8-fe98-4f51-acab-9574f0e59638
1983,1983,Merle Haggard,Someday When Things Are Good,842113c5-4f4b-4c41-8056-5e3791fa28e2
1983,1983,Merle Haggard,That’s the Way Love Goes,50432dcf-43bd-4423-a567-c41a44d97376
1983,1983,Merle Haggard,What Am I Gonna Do (With the Rest of My Life),cecdf11d-5ac6-4f5e-98a4-ef024d2ff42e
1983,1983,Merle Haggard & Leona Williams,It’s Cold In California,9ba72a5a-e7d0-4264-9c82-22c43eaddf26
1983,1983,"Merle Haggard, Leona Williams",We’re Strangers Again,847d39c7-631d-4cd4-bfa6-2183300a3fc7
1983,1983-03,Metallica,KUSF,4de2a35b-cacb-39b2-ab44-c4aa78283949
1983,1983-03-16,Metallica,Megaforce Demo,319738f0-4056-3983-b7a4-3bd3efa7bb3e
1983,1983-08-08,Metallica,Whiplash,9ca93f9b-0d8c-4b2d-9d54-ba3364abb1ea
1983,1983,Metro Decay,Σκιές / Κειμήλια,2a0092d2-2140-48fa-8c1d-f7c4a027731a
1983,1983,Mezzoforte,Garden Party,5dafa554-c09f-34c5-bea3-c5662d030ccc
1983,1983,Mia Martini / Bonnie Tyler,Bambolina / Total Eclipse of the Heart,0f55ba92-90ae-4e81-a606-ff9757a9066f
1983,1983,Michael Cretu,Zeitlose Reise,6f62e956-eef5-473b-a574-b6777c105198
1983,1983-02-15,Michael Heart,Some Girls,86eede54-8273-4ade-b9a5-31ee20f2a477
1983,1983,Michael Jackson,9 Singles Pack,aab6218c-5a42-4962-b470-972f2288fde2
1983,1983-02-01,Michael Jackson,Beat It,df354d5a-7144-49ba-8b20-bee877183cdd
1983,1983,Michael Jackson,Happy,e8b8d5f2-06e1-4a35-b51a-886ed410864c
1983,1983,Michael Jackson,Human Nature,1d98c85d-3bd0-48c5-822c-ff17c663c16b
1983,1983-10,Michael Jackson,P.Y.T. (Pretty Young Thing),2a3eedae-c375-4da3-b102-eb5601830ad9
1983,1983,Michael Jackson,Thriller,3a7817b5-22cb-32c3-a31b-2c8309fbf92e
1983,1983,Michael Jackson,Wanna Be Startin’ Somethin’,fbc3a639-e96b-4371-9523-1b2491ab381e
1983,1983,Michael Palmer,Don't Smoke The Seed (Smoke The Weed),25584e88-26d1-4be0-ae7f-4adcd8b9fa3d
1983,1983,Michael Sembello,Automatic Man,7c58bd98-5ef0-48d3-a1aa-76a8948d8caf
1983,1983-05,Michael Sembello,Maniac,24bf8d6c-4854-3657-a098-d86885ebc358
1983,1983,Michael Wycoff,Tell Me Love,64ff2c9d-ade2-4aef-b592-bc61ee7a0340
1983,1983,Michel Barouille,Le tour du monde en 80 jours,bf24a7d5-3c96-492f-bf79-1dfe33219f12
1983,1983,Michel Berger,Les Princes des villes,626c8f03-ff26-406c-b1cc-66b5439e2fa3
1983,1983,Michel Berger,Voyou,926b93bf-85e1-4a55-b380-f503fe784416
1983,1983,Michel Fugain,Le Cœur au sud,7df9f6ba-7b67-43e2-94db-0983d11fe562
1983,1983,Michel Jonasz,En attendant Jonasz,e6a7e62c-b547-4390-80f6-fce1b6a77ffc
1983,1983,Michel Jonasz,Lucille,0c4f79a0-b5f0-4c23-ae75-62623f8ca301
1983,1983,Michel Jonasz,Une seule journée passée sans elle,5fc1c647-348e-4bd0-af7b-f2f4d218b3b7
1983,1983,Michel Sardou,Les Années 30 / Il était là (Le Fauteuil),3c8e7f9c-ea94-493e-9800-1cf9f72acd6f
1983,1983,Michel Sardou,Vladimir Ilitch,48341915-606e-4d5c-98ae-fcaf73f6b786
1983,1983,Michèle Torr,Adieu,feb629dd-1bb8-4b1a-a96b-4ef21bd2f4ed
1983,1983,Michèle Torr,Midnight Blue en Irlande,20f8aa6b-4de0-4776-8ea0-cea479f1f10f
1983,1983,Mick Karn,Sensitive,8f1f3e76-a30b-43e7-8c93-a3cc1f838ce1
1983,1983,Mick Ness,De Ark I Tot IX,6856af5a-6925-4370-b9e1-00c8a724c757
1983,1983,Micky Milan,Les Ailes du rêve,e1ec9f37-3068-405f-a860-fa92790af634
1983,1983-03-21,Microdisney,Pink Skinned Man,57982e55-30a1-4962-8184-e6b8ba1bc8c5
1983,1983,Mid Air,Ease Out,1773a191-c745-49fc-9823-610f4a04c125
1983,1983-07-08,Midge Ure & Mick Karn,After a Fashion,36997b4e-4e86-3e7f-a99f-a6b4bcaa3031
1983,1983,Midnight Express,Dial Love / Danger Zone,c18b091e-0025-47e2-aba3-b94a8e5fdecd
1983,1983,Midnight Oil,Power and the Passion,0c472437-5951-3f11-a0f6-b90de8c70441
1983,1983,Midnight Star,Freak-A-Zoid,ee5803f1-e564-43f1-a3e4-462b64e19f06
1983,1983,Midnight Star,Freak-A-Zoid / No Parking (on the Dance Floor),0f0f1b34-2e4f-4eee-9b4c-fcf31f7e8f3f
1983,1983,Mieke,Edith Piaf / Zo zal het altijd zijn,a714de13-dbf6-4bc9-ac87-ff3d296229ce
1983,1983,Mieke,"Zonder liefde, zonder toekomst, zonder hoop / Een echte moeder",5c6f4b6a-dc3e-465d-8de7-c58c5cb61817
1983,1983,Mien Oostvogels,De telefoon,334d7917-ebbd-4f8c-bea7-b44117c51d5b
1983,1983,Mien Oostvogels,En z’n blauwwitte pet,981a1028-f224-4ea9-83d8-12627c526835
1983,1983,Mike Cannon,Voices In The Dark,9e046dc7-1918-4bc9-95e6-4aa67b78d714
1983,1983,Mike Krüger,Bodo mit dem Bagger,95e4849a-2166-4be0-a894-61d3c0dd4e6e
1983,1983,Mike Krüger,Ö3 Verkehrsdienst,01ccfa82-c921-45a5-87b2-82f5e155f845
1983,1983,Mike Love,Jingle Bell Rock,7c2b33ef-6740-4bcb-ac76-b20c7d11b473
1983,1983,Mike Mareen,Cecilia,e2573c2f-bb52-4227-b400-9c957dfa4b60
1983,1983-05-06,Mike Oldfield,Moonlight Shadow,fe56e783-a50e-31a4-8739-e27954a57359
1983,1983-09,Mike Oldfield and Roger Chapman,Shadow on the Wall,6a0fec36-ca08-3ee9-bac1-b01a5a596850
1983,1983,Mike Runnels,Whose Your Latest?,75e1f71e-b08c-3456-9df5-228b8132064b
1983,1983,Mike Rutherford,Hideaway,675a5cfb-a370-418e-a43f-6c488e27bc2d
1983,1983,Mikko Alatalo,Maailmanlopun meininki,e2bf1992-da71-4915-a22e-3850d9b5ff12
1983,1983,Miles Davis,Star on Cicely / It Gets Better,995daff1-b2df-41c2-a7b0-ead53831a79e
1983,1983-11,Millions Of Dolls,Silent Voices,ba4e055b-ea99-44ed-9c9d-469f20e1c767
1983,1983,Minimal Man,Two Little Skeletons / Tired Death,9ba1a836-b143-4150-b7ec-c0cbaef459d1
1983,1983,Minisex,Das Alibi,17b16643-8d7d-4655-a4da-b83c8d1ead24
1983,1983,Minisex,Heiße Spur,966080c8-69be-4b19-97ae-1970bb3f6e7b
1983,1983,Ministry,I Wanted to Tell Her,2e9d4cde-5a50-3b81-9daa-a377759895a4
1983,1983,Ministry,Revenge,d4d8ffba-8277-38de-b5a0-6401bb141e66
1983,1983-05,Ministry,Work for Love,9f563f8e-0470-32ce-9aae-446f7f66c65e
1983,1983,Minoru Fushimi,Hakodate Lady,63433288-fc71-4d8b-9499-3369ed6e58b9
1983,1983-02-21,MIO,ダンバイン とぶ,06512ee2-7c6b-463e-a965-c35b774c57ce
1983,1983-05-31,Miquel Brown,"So Many Men, So Little Time",cd2275aa-3a44-4b20-8dd1-f9b7d8c26537
1983,1983,Mirage,Woman,e82568fb-f87d-47d4-bd85-85656af3d12e
1983,1983,Mireille Mathieu,Eternellement amoureuse / Ces instants de ma vie,24808854-c5ce-4d24-80db-f143fde82bbf
1983,1983,Mireille Mathieu,Je veux l'aimer / Vivre sans amour,9d190d1a-4226-464e-9007-8d1eb7fd0d1b
1983,1983-12,Mireille Mathieu,Nur für dich / Vor uns liegt ein langer Weg,115f2893-209f-4073-9a13-40b4b461eb1b
1983,1983,Mireille Mathieu & Patrick Duffy,Together We’re Strong / Something’s Going On,4fd8ab96-09c7-462f-beaa-04c69882f7f1
1983,1983,Miro Miroe,Ready Steady,66a488b3-88f6-48c2-8fd7-c9f31f137633
1983,1983,Misfit,Trotzdem Mog I di,756ba4cd-5179-4a13-b04d-b10975039daa
1983,1983,Miss Kimberly,D.J. Girl / My Boyfriend Is A Communist,f7ac4c2b-c7ba-40a7-a9f4-06b833585bf6
1983,1983,Misty Lane,Energy,59ad0192-cc43-49c3-b3b4-a273a452f8c9
1983,1983,MLD,Perpetual Motion,280d1e45-c223-4801-950a-a97198935f69
1983,1983,Mo & The Gangsters in Love,"Liebe, Brot Und Tausend Küsse",3911915b-9c67-492d-8add-4a7c0b2a70c5
1983,1983,Mo & The Gangsters in Love,Mir Geht Es Gut,fd5cf938-a294-4300-b540-23b428427a37
1983,1983,Mobiles,Fear,506d79e9-091d-4748-bb5d-bf2e44e23411
1983,1983,Mockba Music,Exil,86dfb882-3ad5-413b-9ff4-f90ac8f8e539
1983,1983,Modern Clix,What's In Store,aaa7489a-8432-450c-9714-bcf8626d441b
1983,1983-09,Modern English,Someone's Calling,f8bcdba3-1dd0-45c9-b049-8c1043c3feb5
1983,1983,Modern Mannequins,Possibilities / The Story,b16938de-dbd9-488d-8b5b-bb2247d85a8f
1983,1983,Modern Rocketry,(I'm Not Your) Steppin' Stone,6a235979-c7a6-46d6-a957-8e4c64e001fa
1983,1983,Modern Romance,Don't Stop That Crazy Rhythm,2dfedce1-3301-4f2e-bfa7-4828fd1b78b8
1983,1983,Mona Carita,Mikä fiilis / Ai ai ai,1825616d-1a29-4d41-9a10-644aad630ec8
1983,1983,Mona Carita,Vastaa jo please / Gloria,8ed2a016-0a9b-45dc-b185-df571037b19d
1983,1983,Mona Carita & Ilkka Salo / Mona Carita,Se ikuista on / Me emme laske viiteen,c15b2dda-32f3-437c-a3b4-770119a64383
1983,1983-08,Mona Mur,Casablanca - Nur Phantasie,d44b0737-eb87-43c6-afbd-ae02c461f7c2
1983,1983,Monica West,S.C.H.E.I.D.I.N.G.,91e21d03-e9be-4569-9ac9-68c8790f695c
1983,1983,Monika Hauff & Klaus-Dieter Henkler,"Paule, pack den Pinsel aus / Morgen",f39b2248-9afe-466e-b69a-93f2521f1f80
1983,1983,Monique A.,Ik ben angelique / Soms,a1a6d268-440f-4975-bd21-8695a96dc8b7
1983,1983,Montana Sextet,Who Needs Enemies (With a Friend Like You),ee2f6b5a-0aa3-4ff7-9bbc-d5085a1949fe
1983,1983,Mopo Mogo,Moi Je M'en Fous Ich Bin Allein,a3c38235-7160-40d9-8d58-0f1103c5a234
1983,1983,Mops,Lisa & Sluggo,ca435a4d-f133-4a11-93b1-9dfbc745624c
1983,1983,Mordbuben AG,Auf & davon,b61095cb-77e6-443a-be12-1f80e5549d84
1983,1983,Morgan Fisher,Un Homme et Une Femme,7a1ca567-79a2-4b8c-9e6b-1439222b79f2
1983,1983,Morrissey Mullen,Do I Do / Why Does It Always Happen to Me?,502e63b4-3b74-4238-a326-71477b4d97dd
1983,1983,Morrissey Mullen,So So Fine / Ol' Sax and Captain Axe,5b0ec3f1-9722-4ebd-b902-70d6e6869bc5
1983,1983,Morrissey.Mullen,Mr.Sax and Captain Axe / It's About Time,b0c4087c-5b12-459d-8d55-24e1c904b8ba
1983,1983,Motor Boys Motor,Vim and Vinegar,9b7421d4-866b-4f14-bf0c-7fc8c49d8136
1983,1983,Motörhead,I Got Mine,518900aa-a054-3550-8597-13306cd3e3c1
1983,1983,Motörhead,One Track Mind,aa792bc1-9240-482a-84f2-54181a7642f0
1983,1983,Motörhead,Shine,f8e166a5-c02e-3486-b90c-7d53898b3295
1983,1983,Moulin Rouge,My Baby Holds the Key,10df8964-76cc-469e-a522-a15ae47caefe
1983,1983,Moving Pictures,Back to the Streets,28d1b654-1f5f-460d-b377-5f7d6842eaa1
1983,1983,Moving Pictures,Where They Belong,33434023-2010-498c-b63a-15433f88d36c
1983,1983,Mr. Flagio,Take a Chance,ba848508-edec-323f-8b56-1f3cbfadd267
1983,1983,Mr. Master,A Dog in the Night,11200c45-3a23-4625-aa55-82c5da443e63
1983,1983,Mtume,Green Light,d272fbbb-2459-4d0e-a1cf-b0ca3db314c1
1983,1983,Mtume,Juicy Fruit,893c2f54-6fdd-4062-985e-a329092da518
1983,1983,Mud,Lipstick on Your Collar,fb660df8-9f2e-4c18-8a9b-4e3b1f78a338
1983,1983,Music For Pleasure,Dark Crash,79eaf9ac-13a7-4777-a4f1-885c6dca8503
1983,1983,Music For Pleasure,Time,8d1630f3-220d-4fff-8e07-e5a11c489d75
1983,1983-04,Musical Youth,"Heartbreaker (Special 12"" Club Version)",5a390895-ca0f-46de-8564-754136a6d4c5
1983,1983,Musical Youth,Never Gonna Give You Up,cf1470c6-9aab-43b2-bb67-0d1d39c3483b
1983,1983,Musta Paraati,Johtaja / Jää,844ef346-7991-3904-9e68-f966f1b9dcae
1983,1983,Mustang,Kasteleintje / Neem ook eens je vrouwtje mee,f46bb468-d85f-4652-955a-a1b0f591578a
1983,1983,Mutabaruka,Hard Times / Love Theme in Dub,00d7db18-33fc-3f51-bb7e-24cb5746e952
1983,1983,Mutiny,In the Pocket,2ffc3ae5-a5aa-3c5f-9c5f-f335c528b17d
1983,1983-04-21,My Mine,Hypnotic Tango,a39d7f34-d410-3b22-9d1d-d67efbc788d5
1983,1983,Mycle Brandy,Invisible Man / Square Me,0a35d076-a07d-4c3b-a07b-7c591c87e2e0
1983,1983,Mötley Crüe,Looks That Kill,ee39ae9c-5feb-4c3e-8d5b-dd52624f95b2
1983,1983-04-22,Münchener Freiheit,Ich steh’ auf Licht,78b6d90d-92f3-416c-820b-dabf2c28abd2
1983,1983,N.O.I.A.,Stranger in a Strange Land,18bbc216-4be3-4c69-9fce-2a6fa69176e3
1983,1983,N.O.I.A.,The Rule To Survive (Looking For Love),4370abdd-7514-488c-a5f9-d44374efe1e4
1983,1983,n.y.c. Peech Boys,Dance Sister (Biofeedback),f76c6c69-e70f-4abf-8120-7647502e5050
1983,1983,Nadagen,Kult,dec50437-d008-4b32-9cc5-db1347bda62b
1983,1983,Nadia Cassini,Get Ready / Too Late,bb0f48ac-6063-4eee-bb07-afe63a720cd2
1983,1983-06-28,Nagy Feró és a Bikini,Kicsinál szódát / A zenekar üzenete,cb1f9b1f-aa95-4f75-a766-21a78e24fac7
1983,1983,Naked Eyes,"Promises, Promises",1196c1e9-b977-49da-bc25-4a0fa1d71064
1983,1983,Nana Mouskouri,Chanter la vie,0209de11-d2f9-479e-b7f5-860d31890738
1983,1983,Nanard,P.N.B. (Produit National Brut),159f3ac5-c01b-42cc-8309-3ede74e9dada
1983,1983,Nancy Lee,Zeg Me Dat Jij Van Me Houdt,09d5697d-7ff2-4cba-847f-f4c655023fe0
1983,1983,Nanja,Ik mis je zo,b517f431-b660-4081-9606-02c013102f90
1983,1983,Napelao con Los Rivales,Muñeca -Esquiva- / Que se repita la cumbia,80713264-fafa-4566-9904-63af64010280
1983,1983,Nasmak / Twice a Man,Toy-Line / Balloons,1992b663-891a-42e2-bcd9-df19894f46dc
1983,1983,Natalie Casey,Chick Chick Chicken,b7312362-fee6-40b1-8698-da7b80c21d2c
1983,1983-04-15,Natasha King,AM-FM : On Ice,f3676240-9ebd-4d7a-882f-d64d382d681e
1983,1983,Nathalie,My Love Won't Let You Down,42f40609-154d-322a-834c-9c0fe9096c1e
1983,1983,Nathalie Simard,C’est mon idole Michael Jackson,437c9004-9bef-469b-9a6e-d1300e38b226
1983,1983,Nathan Caffee,Love in the First Degree / Hot Love,9af060d2-fc61-4df1-81ee-c9a3b0db5c85
1983,1983,Nattsvart,Vargarna / Drakens öga,ac65314e-dfe5-4883-8204-6e88429e4323
1983,1983,Natural Ites & The Realistics,Picture on the Wall,570aecf0-a317-4d42-885d-7c69464062d2
1983,1983,Natural Touch,Gimme Good Loving,6201f3d0-e772-3a8e-a9fa-186abf581eb1
1983,1983,Neats,Caraboo / Harbour Lights,2a00c72d-d2d8-4e00-8b1d-146562d0268b
1983,1983,Necros,Conquest for Death,d5ee13cc-bd84-3874-aa01-bf6edb3cc9b8
1983,1983,Nederlandse fietscross vereniging flying jumpers,'s zondags trekken wij eruit,9fa70e49-3ce7-4e29-a973-d5715b9fc3b8
1983,1983-03-01,Negros S.A.,"Sabana, sabana / El Dr. Livingstone, supongo",43f1134b-515a-4fc2-9262-6b8b387ea573
1983,1983,Neil Young & The Shocking Pinks,Wonderin’,a119a0d6-5cae-48bf-bfa3-ee87f81fc701
1983,1983,Nena,99 Luftballons,5f046368-b7c8-3f4b-9c85-ef2cc5b11af7
1983,1983,Nena,?,4dfab89c-134a-4aa5-8296-454af52de045
1983,1983,Nena,Irgendwie · irgendwo · irgendwann,73af499e-cf31-46c9-a732-1782682404dc
1983,1983,Nena,Leuchturm/Kino,0eea144f-1151-4c40-a8d2-533cfcd95d8c
1983,1983,Neonbabies,Eiskalte Engel,d5fea0ab-92a4-4287-bd1e-9d2c971201f7
1983,1983,Neonbabies,Horizont ohne Ende,a816c4ca-ede8-4d77-9ee5-2033148cafb7
1983,1983,Neumis Rock Circus,True Love,fbe4304b-8870-4560-9efc-a8282f58024b
1983,1983,New Adventures,Brujo / Jukebox,54a7c3f1-cebd-46da-8ac2-97dd4f9dc1a8
1983,1983,New Adventures,Rag Fever / Power Injektion,9de1ee40-3d0a-48c0-ace3-509f6518eb9b
1983,1983,New Adventures,Rockets All Over the World / Can't Go for Less,523d11cc-a37c-4ee0-89cf-c83968124761
1983,1983,New Edition,Candy Girl,1fdbaf0b-7cf9-4ae7-93b9-3f8ca6ecc18e
1983,1983,New Edition,Popcorn Love,fba892fb-6138-4e3b-8376-c6eb588fbe22
1983,1983,New Four,Ik heb jou niet meer nodig / Kom heel dicht bij mij,aacf7ee7-7c00-4c7f-9086-4a1eb89f791c
1983,1983,New Four,Ursula / Samen,6401bef5-dc41-43d3-86fa-cb5248c45dcc
1983,1983-03,New Model Army,Bittersweet,1a4333db-8c83-43c6-9ce4-fa534c77a3be
1983,1983-11,New Model Army,Great Expectations,dc4b6207-db10-4a59-8213-690a1f9bdbce
1983,1983-03-07,New Order,Blue Monday,262a92d6-a644-363d-94c2-fe2745799aec
1983,1983-08-22,New Order,Confusion,99edc9a6-bd42-318b-8e69-ccd7d6163f25
1983,1983-04,New Race,Crying Sun / Gotta Keep Movin',eaaa7f10-22d5-4b7e-8d36-803998fe13d3
1983,1983,Newcleus,Jam on Revenge (The Wikki-Wikki Song),77b0010d-3622-40ed-9027-3b557c4c690d
1983,1983,Newtrament,London Bridge Is Falling Down,207cc00b-a77c-4505-8a1e-3a09094c429f
1983,1983,Nexus,Stand Up,ec80e096-569a-41b4-b111-bb3b4547d735
1983,1983,Nick Fury,Amor Secreto,79bafa7f-dab3-432e-9ba6-a18a9f3f7589
1983,1983,Nick Haward,Grey Day,895e3589-000b-4fe5-9eaf-8a3a1f970d75
1983,1983,Nick Heyward,Blue Hat for a Blue Day,82e3f270-1f32-3290-84fa-a574f41dc180
1983,1983,Nick Heyward,Take That Situation,c98d3908-839c-30bd-8bb5-de4c5f7e67fd
1983,1983-03,Nick Heyward,Whistle Down The Wind,eb866f72-2bb1-472f-b8d7-32a6b7ac49f7
1983,1983,Nick Lowe,Ragin’ Eyes,a4e83c90-62c7-43ec-8e6d-4d0c74aca64b
1983,1983,Nickerbocker,Belmondo,8c00e98b-a38c-4567-bb70-2516a6e7ddf3
1983,1983,Nickerbocker,Schifoan (...schöna ois fliagn),067b1c3d-97fb-4fe3-a458-d37382e708a3
1983,1983-08-29,Nickerbocker & Biene,Hokuspokus,21464383-d8b6-4afd-95bc-7f7cc2342001
1983,1983,Nickerbocker / Wolfgang Lindner-Big Band,Wien - Ein guter Platz zum Leben,d12474a5-211f-4cdd-becf-8abcbf859ef5
1983,1983,Nicki,"Servus, mach's guat",2b3eff48-5a84-49b5-8cc6-1f8be5be594d
1983,1983-06,Nico,Heroes,9deceead-4096-44b1-89fc-8a71cc1e8446
1983,1983,Nicole,Die Tijd Is Nu Zolang Geleden,f1451114-7e9b-45e4-ae35-4bf2ae536e28
1983,1983,Nicole,Ich hab' dich doch lieb,308c7c24-0c4a-450e-a5a8-b05658cc4e9b
1983,1983,Nicole,Ik hou toch van jou / Ich hab' dich doch lieb,5d93752d-4839-464a-9325-88e0b887f175
1983,1983,Nicole,So viele Lieder sind in mir,a1b531e6-b9f0-492f-83ef-b101cc1deeaf
1983,1983,Nicole,Wenn die Blumen weinen könnten,2cd74422-3e9e-4fb8-99a3-6d638d741482
1983,1983,Night Ranger,Young Girl In Love,3c69e6b3-349a-4d95-9f83-bdbfafb9b55d
1983,1983,Nik Kershaw,I Won’t Let the Sun Go Down on Me,bac7be0d-f067-303b-82a2-c065c93ba50d
1983,1983,Niko,Am weißen Strand von Helgoland,39eb7e0a-cd9e-4ca2-9be8-5187539430cf
1983,1983,Nils Landgren,"Get Serious, Get a Job! / Sex Machine",680f42c3-7b97-46eb-ae7d-bc0253a45208
1983,1983-10,Nils Lofgren,Across the Tracks,de977945-b96a-4856-8cab-74662d8d9823
1983,1983,Nils Lofgren,Wonderland,6b959946-46d9-48c8-a01a-f85f6aff147a
1983,1983,Nina Hagen,"New York, New York",8a55bc12-1af4-4c7a-a5ec-accc648fd21d
1983,1983,Nina Hagen,"Zarah (Ich weiß, es wird einmal ein Wunder gescheh’n)",be6a1a65-35ea-4635-b7fd-9f42fd3cb018
1983,1983,Nina Shaw,I Believed in You,9668f4a1-922b-4f1f-9c48-53b3db6bb439
1983,1983-11,Nino de Angelo,East of Eden,93440333-331a-4e1d-bd0e-b42cbecef7b4
1983,1983-08,Nino de Angelo,"Engel und Teufel, Luisa",803e757d-43a1-4da2-b600-55d0660da580
1983,1983-03,Nino de Angelo,Ich sterbe nicht nochmal,9ebde4f1-bfd7-4e74-9ace-d0626d5e305a
1983,1983-11,Nino de Angelo,Jenseits von Eden,2b8adf22-373e-4928-8bcf-ae88827a581a
1983,1983-11-04,Nits,Sketches Of Spain,508d7f0f-3d75-4793-9340-add7da27da7b
1983,1983,NO 55,Kopf oder Zahl / Das wars...,79c02600-bc46-41b1-98d4-49636b9dae19
1983,1983,No Bros,Hey You,422f390c-33a7-4565-96da-057e7db18a7e
1983,1983,No Trend,No Trend,afb266d5-d4e7-3bdb-bf15-5e3e22026415
1983,1983,Noa Noa,Harry 'o,a8d5da77-893d-49f7-bcf5-8c3b0de63ab6
1983,1983,Noise Abroad,Vent That Spleen,dc02b215-62b9-487d-b505-573abdb0a356
1983,1983,Non Stop Dancers,The Independent Single,d92eb1de-5a58-43fa-89f2-22cdc23d9e57
1983,1983,Nona Hendryx,B-Boys,5c89740c-391a-48d9-a225-f6ab2afd7f02
1983,1983,Nona Hendryx,Keep It Confidential,9dc823ec-2ed6-42bd-8f18-d557cd835cad
1983,1983,Noodweer,In de disco / Kom bij ons,05b5a89b-3170-4cad-88d1-387e6d843aef
1983,1983,Noodweer,Liefde / De toekomst laat me koud,a5b75fc4-0e3c-4af9-92e3-56c1562398de
1983,1983,Noodweer,Rotterdam bijvoorbeeld / In de disco,c15b0770-d480-4b9c-8dd4-1a96e74944b7
1983,1983,Noppes,'t Blauwe meer / Noppes,ff493a0a-b4db-427c-ace7-c8c56dcb605c
1983,1983,Norm Norman,You're a Zombie / Who Are You?,0b448cbd-0d4c-4122-a014-075b15942aae
1983,1983,Northy Davies,"De d.J. Redde mij vannacht (Last night, the d.J. Saved my life)",71d1ce56-3ffa-48e3-aaa3-9a8dc543c0c9
1983,1983,Nubile,Nubile,098d1703-a48b-4678-95cc-e89a7bc8f239
1983,1983,Nukketeatteri,Toinen näytös,7bac1ebb-9b3e-3015-9127-d5170f6989e9
1983,1983,Nullset,Askyalater,2de0f45f-cebc-4bc2-abad-78d4ff9f282a
1983,1983,NV,It’s Alright,6185b03c-1a37-4645-b72e-1d468807f23b
1983,1983-05-10,Nükhet Duru,Ne Oldu Bize / Al Gönlümü Diyar Diyar Sürükle,4e1dd98d-b83a-427e-9742-c85858d34c58
1983,1983,Oberkampf,La Marseillaise,ad4270de-899f-4a5c-963e-37aef0bc8b6f
1983,1983-04,Oberkampf,Linda,f277a464-bd93-4a87-a5b3-ce9bb1858d1f
1983,1983,Offspring,Get It Right,e68779eb-63a4-417c-b4cd-997eafbe5dac
1983,1983,Oh Romeo,These Memories,15164759-3906-49d8-97e8-b042b96c876b
1983,1983,Oh Romeo,Try It (I'm In Love With A Married Man) / Lookin' Out,41bc6e32-4e32-4162-8d35-a48aed2cdf56
1983,1983,Ohama,Julie Is A TV Set,10bcf901-3710-4a9f-a1ac-b38fe3ca13dd
1983,1983,Oingo Boingo,Wake Up (It's 1984),77942621-a86a-46bd-b18b-fdd17134020f
1983,1983,Oliver Cheatham,Get Down Saturday Night,84361bef-e98c-3df8-8f68-6a7b43326698
1983,1983,Olivia & Alexanders,Viens avec moi,12b6ad47-dc22-4f4c-8c9c-1acb906f0689
1983,1983,Olivia Newton-John,Twist of Fate,5296dbd2-033e-48ae-bdc6-aceed056a54a
1983,1983,Olivia Newton‐John,Tied-Up,7740ee9d-8438-444c-9431-822970375e9d
1983,1983,Olympic,Láska trojdenní,003d762f-2c1f-4a22-b810-429da15b1b08
1983,1983,Olympic,Nikdo nejsme akorát,b1300291-68c9-4fc1-b445-dc12661ff36b
1983,1983,Olympic Orchestra / The Horizon Orchestra,Reilly / Canon In ‘D’,7c2609e7-1549-4d37-91ba-b9b0f86c0227
1983,1983,Olé Olé,Conspiración / El ritmo es el escándalo,f263b7f7-96f1-49eb-8a66-1950826a27f6
1983,1983,Olé Olé,Dame,7ed8522d-8c53-4692-9b29-4ff44fe81aad
1983,1983,Olé Olé,No controles,5c69f414-82e6-4720-adf9-8e7514e3d1d2
1983,1983,Omaatje van de kouwe vloer,In utrecht ben ik geboren,b85aa04f-688e-4a8a-9d97-c598de9f200c
1983,1983,Omer and The New Sound,Die warme tranen in je ogen,2a37c0db-b481-4726-a89c-3048192e1763
1983,1983,One Two Three,Another Knife in My Back,87aa2fdd-c2a7-4ccf-aa5d-15cd408741c7
1983,1983,One Way,Shine on Me,ed57a8f2-4791-4775-b300-cc0df3751cc7
1983,1983-07,One Way System,Cum on Feel the Noize,c8d93f08-8f64-3bce-a5be-fbfd88d97c5a
1983,1983-01,One Way System,Jerusalem,3a52e082-a72c-37cd-b855-564ef41e1325
1983,1983,One Way System,This Is the Age,97493e15-fdb2-302c-a262-fb4430f19826
1983,1983,One•Two•Three,Falling in Love With Myself,50db2659-196a-48ed-8555-cde451de36a9
1983,1983,Onna,Onna,2f11e692-a8be-4e2b-b3a0-323e1633694c
1983,1983,Optimal,Er war magnetisch und hypnotisch und erotisch und katholisch auch,ea5666f4-6576-49dd-b0d3-7d830400a216
1983,1983,Opus,Angie,3c7f4b82-3ef1-4da4-8ff4-6457e21454e8
1983,1983,Opus,The Opusition / Again and Again,dde5f592-6233-4cd1-b750-dfdaff6f25e7
1983,1983-05,Orange Juice,Flesh of My Flesh,03452ecf-b598-4cc8-bd31-93208a6222ea
1983,1983-02,Orange Juice,Rip It Up,d44e91de-c944-4499-ab57-a6ca2c671bbe
1983,1983-02-11,Orchestral Manoeuvres in the Dark,Genetic Engineering,9175c4c8-eb56-4a59-b7b1-44c40fa0677d
1983,1983,Orchestral Manoeuvres in the Dark,Genetic Engineering / Telegraph,92df1add-647b-431a-9f61-d7a578d0214d
1983,1983-04-01,Orchestral Manoeuvres in the Dark,Telegraph,cf279d9e-e8d1-41f7-9661-d5bba1d5fcfe
1983,1983,Ornella Vanoni,Questa Notte C'è,3d4a2dba-6be0-4272-986e-61cea5792157
1983,1983,Orphée,Eurydice,6380ee1f-56a5-4e6a-8330-0651b1a0a039
1983,1983,Orphée,Son of the Light,48e9f2c6-b248-458b-b0ba-e2d0d920b5ed
1983,1983,Orquesta Kachende,Hoy ya ves / Poema,113bd519-e8ba-47b5-8fbf-eb593ee6475b
1983,1983,Orquesta La Variedad,Ten con ten / El chinchorro,5d7af147-e348-474b-aa29-b20bb9ecfcf7
1983,1983,Orquesta Los Cinco Ases / Sonora Los Dinámicos,Por cuanto me lo da / Enamorado,8c504bc9-9cdb-4497-8109-bdb081f114dd
1983,1983,Oscar & Debbie,Walk Right Back,35ab4183-e25e-406c-a7c0-5b41341973ab
1983,1983,Oscar Benton,Not the Same Dreams Anymore / I'm Not a Hero,8afaf88a-85d1-4fab-9613-1819c0f9a037
1983,1983,Oscar Benton,Saint Louis Blues / I'm Not a Hero,1f5a860b-9046-487f-b51f-04c05c7b5cfa
1983,1983,Other Voices,Other Voices,e3ad2bb8-7fab-41f4-8a05-d5d44056e129
1983,1983,Output,Move for Me,6796348d-2410-4dd4-b49c-888a4bb273e0
1983,1983,Oxx Band,He He Gerrit,538137c6-ee5a-4146-9158-b9fe123ea6b9
1983,1983-12-10,Ozzy Osbourne,Bark at the Moon,53e22794-1097-39fe-955c-64a8c2786b1f
1983,1983-05-16,O’Gar,Playback Fantasy,46f091d2-2577-4fb4-9ef5-f1c46683e3f6
1983,1983,P-Funk All Stars,Hydraulic Pump,a39cd27e-18cc-4711-992b-4e0daa9ad8b1
1983,1983-08-25,P-MODEL,Index P-0,e62ed690-359b-4915-80ee-0fdc2db8f992
1983,1983-10-25,P-MODEL,Solid Air Dance Version,9500324b-833a-488b-89d9-9e1a0f09a412
1983,1983,P. A. Box,Sorry,acbd98c2-e5e0-42a4-9714-bc2cb47a3c87
1983,1983,P. Funk All-Stars,Generator Pop / Hydraulic Pump,306a34a5-5e4a-4f29-99e2-3618b2a575a4
1983,1983-09,P. Lion,Happy Children,3f487215-8020-4d21-a5d5-ca3ff5767cfb
1983,1983,Pacino,Scusami,55457337-89cf-40ed-9254-0dcd7f41418f
1983,1983,Paco D'Alcatraz,Granchio / Mutande,dd3365f6-45d1-45cc-92a7-db4798a48785
1983,1983-05,Pages with 喜多郎,CARAVAN,c5dfba28-46bb-335b-8c91-73c9d5b40588
1983,1983-05-17,Palais Schaumburg,Hockey,83408c6d-f59d-4915-b4c5-b830f16cb541
1983,1983-04-23,Pallas,Paris Is Burning,648f5bf7-e97d-40cd-bdfb-a19b98a2f8b2
1983,1983,Pamala Stanley,Coming Out of Hiding,84eda291-873e-4035-9309-01facae81a7d
1983,1983,Panarama,In This World,980ad6d3-308f-40ac-bdf4-49264d8a9004
1983,1983,Panchito Chávez y Su Ola Celeste,Patito lloron / 10 de Mayo,c20dfa5c-8baf-4049-aa8a-e78b1b3fff82
1983,1983,Pang Pang,Trust Me Baby,4cb88cfa-1009-499a-bc35-1fd41fc7eae4
1983,1983,Pankow,Die wundersame Geschichte von Gabi,7a8fa87f-8081-43ae-858c-1acdbb14b89f
1983,1983,Paper Tigers,Broken Toys / Unidentified Youth,32c8f680-f079-4e6b-a084-52291328a4be
1983,1983,Parade Ground,Moan on the Sly,876749dc-a1eb-4ed9-9e1d-7158a384cabc
1983,1983-08,Paradise,One Mind Two Hearts,a604193d-77bf-4472-9c3b-00330ca82ef6
1983,1983,Paradise,Sheila / Elected Boy,2ec1a9f0-f2e6-4a95-ba30-9846e912f21d
1983,1983,Paranoia,Paranoia,1c22c5f2-94ee-4606-bee2-7f22bb632cfb
1983,1983,Parkas Pop,Semester i Polen,aabc912e-62d6-4716-b721-aa5b7aa051a4
1983,1983,Parker McGee,Living To The Beat,20f5abe7-ff08-4533-b7eb-a4f9bd92c4a0
1983,1983,Partner Eins,Warum Müssen Autos Fahren?,c94a08ed-3be8-44af-959c-c34834bb3661
1983,1983,Parálisis Permanente,Nacidos para dominar,5da5014e-7c41-3f66-a5c8-4e036525e576
1983,1983-03-31,Pas De Deux & Big Band,Rendez-Vous,875f86b8-70cd-441b-8e5a-d73f34f1f63b
1983,1983-05,Pas de Deux / Mark Stewart and The Maffia,Cardiocleptomanie / Learning to Cope With Cowardice,6252e2e2-d3b4-45a4-8196-c771073b9c2f
1983,1983,Pasi & Mysiini,Marokko,51473c63-0520-49f4-b136-5baf8a3bf47a
1983,1983,Passion Puppets,Like Dust,3e1f90e1-06f9-33ba-bb99-0696f4f8196f
1983,1983,Passport,Man in the Mirror (Special dance mix),76213216-8d1f-4d02-b14f-bdfe57bb7f64
1983,1983,Passport,Man in the Mirror / Glass Culture,f0487951-ab48-48b6-b455-966db4d99991
1983,1983-01,Passport,Night Delighter / Ball the Jack,40c85bd7-c136-490e-a2fb-55614f2b766b
1983,1983,Pastor López,Mala mala / Presumida,1b3449d3-708f-4968-a994-80d6fea54c88
1983,1983,Pastor López / José Mangual Jr.,Sorbito de champagne / Increible,bf4b4e1c-61e2-4221-997d-a3b1671b550a
1983,1983-01-19,Pat Benatar,Little Too Late,be1728e8-39e2-4406-b14b-5d3168da3150
1983,1983-04-23,Pat Benatar,Looking for a Stranger,d06b0dc2-eb96-4922-8cc3-ed19a8f303f3
1983,1983,Pat Wilson,Bop Girl,d760c64e-7db8-4541-a595-86d167ae454b
1983,1983,Patricia,Zeg dank je wel met rode rozen,d3caf0a9-79af-4096-ac4d-deb8fad645c1
1983,1983,Patricia Clerget,Shangaï / Féline,cc27ea6e-f43a-4f34-a631-1bf8f498a3f4
1983,1983,Patricia Paay,Solitaire / For Once and for All,4a5625b7-f5d2-462c-9c9c-2583fbafe744
1983,1983,Patrick Bruel,Marre de cette nana-là !,3153762c-fb99-49f9-a7c4-a473a1d9e4c2
1983,1983,Patrick Coutin,Rends-moi mon cœur... gamine,1605258f-f4e9-4712-a159-be378343b1fa
1983,1983,Patrick Cowley,Mind Warp,7bf0ed3d-c7c5-47f4-a2df-28e1e7c55194
1983,1983,Patrick MacNee & Honor Blackman,Kinky Boots,89476de8-01d7-3bda-87f5-3565c7de34ba
1983,1983,Patrick Simmons,So Wrong,3914711d-70b6-359a-99a4-c31abd504a85
1983,1983,Patrick Sébastien,Les Pubs,e49dd9d7-7763-405d-8085-ae327572be80
1983,1983,Patrick Zabé,C'est bon pour le moral,15a93886-eaa4-4952-968b-9e22b6a8335a
1983,1983,Patrizia Pellegrino,Scusa ma ti amo / Il mondo da una nuvola,005aba75-962a-4c1a-8c6b-a4d3378dc642
1983,1983,Patti Austin,It’s Gonna Be Special / Solero,c9764ddb-5d46-42b7-ac29-67c7aa031981
1983,1983,Patti Page,Barbara’s Daughter,bf0c5684-6af6-4307-93af-3b98651ad31b
1983,1983,Patti Page,I Went to Your Wedding / Mockin’ Bird Hill,f3897a9e-3aaa-44b3-87da-31ccec40f2cd
1983,1983,Patti Smith,Because the Night,6c19b327-660a-3001-a911-3a6bd2d79b19
1983,1983,Patty Brard,You Stole A Little Piece Of My Heart,618da34b-a234-41e5-9b5f-6614058256a7
1983,1983,Paul & Linda McCartney,Eat At Home / Smile Away,fdc6dc76-87ed-4fcc-95ff-70f7bc9f40b3
1983,1983,Paul Coxx und Die Panzerknacker,Der Hammer / Das Hämmerchen,5d54973d-481e-40a2-b374-76930d996751
1983,1983-10,Paul Haig,Justice,a468977b-a704-4a4e-88d5-3fd55c6e9f26
1983,1983-12-05,Paul McCartney,Pipes of Peace,465f24b3-30cf-425b-b351-dc4abc760bac
1983,1983-10-03,Paul McCartney & Michael Jackson,Say Say Say,9f331029-840f-46f8-8c80-bd01def11224
1983,1983,Paul Préboist,I love vachement you,2540089b-bc17-4684-b4bc-63906c3ae7ed
1983,1983,Paul Severs,"Hallo, mevrouw / Rosie",1554ab6d-0145-4fd3-b820-c51c407bad54
1983,1983,Paul Severs,Pour une nuit près de toi / La nuit tu caches tes larmes,e73fc23e-514c-47ff-b016-67212f44dcba
1983,1983,Paul Severs,’s Nachts hoor ik je dikwijls wenen / Als je gaat…,bdf0e46a-d7f2-4f66-8d74-7a96c22d08af
1983,1983,Paul Vreeburg,Omda’k je mag,79666570-d8b1-4dce-ade4-bc8e46e8c4e1
1983,1983-08,Paul Young,Come Back and Stay,4fecc252-f6b2-49b6-90e7-d136b0045f65
1983,1983-11,Paul Young,Love of the Common People,62ce0fdf-0f98-456a-9ee3-24767a5f8246
1983,1983-05,Paul Young,Wherever I Lay My Hat (That’s My Home),648ad945-7a34-3c6c-b70e-3cb4f7f3acb5
1983,1983,Peanuts,Annelies,e297777c-84a3-4c97-aca4-af452e9bc23a
1983,1983,Pedro Barroso,Ai Consta,861a194e-bf22-4ed1-8284-a9e27618bfd1
1983,1983,Pelle Miljoona / Musica Fidei,Mona ja palavan rakkauden aika,26753774-ae6d-4c3b-9abf-0df23b643723
1983,1983,Penguin,What Sweet In Goat Mouth,05e3c83b-c996-43c2-8553-711abeac3171
1983,1983-06-28,Per Gessle,Om du har lust,9718cbf6-3d21-4705-a0c6-55369c3ee154
1983,1983,Perfect,Zamieniam się w psa,a97827a3-0a5e-4138-98eb-1861e6771592
1983,1983-08-12,Perfect Crime,Brave EP,679c83a4-14cf-443e-a5b8-5f4926ee073b
1983,1983,Perfect Strangers,Fascination / Just Because I Know You / Run To You,5218f63a-a4bf-48ac-b472-638be8849145
1983,1983,Perfect Strangers,The Love That Turned Away / Fifteen Minutes,66f63e51-bb0e-4c9f-b91f-0ec614058622
1983,1983,Persian Risk,Ridin' High,f109fa0b-fd09-444b-80d3-cb547dcf0b8d
1983,1983,Pete Shelley,No One Like You,4e2417b4-efa8-4574-bc6c-109ea64ce082
1983,1983,Pete Shelley,Telephone Operator,590d9635-8990-4180-9dab-a36a97a9f381
1983,1983,Pete Townshend,Bargain,4be2421c-3603-4ae6-8e96-e2f988e64e12
1983,1983,Pete Wyoming Bender,Lichter in der Menge,6397259f-6217-4b4a-9ffd-b6d306bd48de
1983,1983,Pete Wyoming Bender,Mut zum Gefühl,4040a74b-84b0-4c87-8fc6-983faabc6f88
1983,1983,"Pete York - ""Wolfhound"" Wolfgang Schmid - Lenny Mac Dowell",Rat-Rap (Der Rattenfänger von Hameln) / Collapso Calypso,fc6fced3-4b0f-4399-87a8-c5c9b0a2ff3c
1983,1983,Peter Alexander,Bist du einsam heut’ Nacht / Schenk’ mir ein Bild von dir,74daa613-35fd-4c21-a1a6-ae5128e44b5e
1983,1983-06,Peter Alexander,Liebst du mich / Bleib wie du bist,8983e85e-b8eb-4b58-a7c5-03cd458a8d96
1983,1983,Peter Alexander,Rosamunde / Aus Böhmen kommt die Musik,88c36ff3-389b-46d2-b22b-7631531b936e
1983,1983,Peter Alexander,Unser altes Haus / Die goldenen Jahre,5cadfba8-cca5-4cb5-b753-8fd6742b9052
1983,1983,Peter and the Test Tube Babies,The Jinx,287aa736-1220-32d6-bf91-71690273174f
1983,1983,Peter and the Test Tube Babies,Zombie Creeping Flesh,a692349d-67ff-3500-a5a6-355345a57467
1983,1983,Peter Cornelius,Es wird immer sei’ wie’s immer war,40fdecf6-9695-4495-899d-0c962622a613
1983,1983,Peter Cornelius,Weihnacht 2001,c144f56c-85ac-4813-9a4b-57626d5d0835
1983,1983,Peter Gabriel,Milgram’s 37,246791e4-4dd8-4bd3-a322-a5ca7ff089db
1983,1983,Peter Godwin,Baby’s in the Mountains,ae7869dd-9296-4e60-a88d-9f907367c729
1983,1983,Peter Godwin,The Art of Love,a5ea5a43-3d7c-4a39-897c-24ef433c8870
1983,1983,Peter Hofmann,You’ve Lost That Lovin’ Feelin’ / Fairytales,ac845314-9400-48ef-8285-58a9ef20644c
1983,1983,Peter Joosten,Ik ben zo eenzaam zonder jou,237acc94-2e36-407b-98ed-5a7f16363510
1983,1983,Peter Koelewijn & Zijn Rockets,De tijger is los / Bonnie,8a2f8877-112e-4098-968c-f969f8af73a7
1983,1983,Peter Koelewijn en Zijn Rockets,Een hete zomer / Teddy was een rocker,034b48c5-75a6-4fc0-a912-97300e22a81e
1983,1983,Peter Koelewijn en Zijn Rockets,Ik ben geen jo-jo / Prima Donna,4d91678f-ffa5-41f9-b232-ba25490c2dfa
1983,1983,Peter Koelewijn en Zijn Rockets,Ik weet dat ik je nu al mis / Nimmer een klimmer,224ff8f5-85e9-4ab7-af7a-dd4f6a8e467e
1983,1983,Peter Koelewijn en Zijn Rockets,Kom van dat dak af / Angeline,aa5c38e7-68ba-4c15-bcb9-427c21a14828
1983,1983,Peter Koelewijn en Zijn Rockets,Speel die dans / Marijke,010b364b-ede5-4971-980a-98cd50891b7b
1983,1983,Peter Koolen,Iemand als jij,b17ceba0-074d-4888-8f8d-6f866bd0ef5e
1983,1983,Peter Maffay,Nessaja,e33b006c-a0b1-4934-9b07-f13962ca8985
1983,1983,Peter Pan & De Picnics,Kaatje ging eens water halen,a684c5b1-056c-4541-ad0a-6c59ee33bb79
1983,1983-04-21,Peter Schilling,Die Wüste lebt (Alarmsignal…),df84976a-cfae-4851-9303-296261347434
1983,1983-08,Peter Schilling,Fehler im System,947f733f-1cb5-4694-9db7-4662607c4235
1983,1983,Peter Schilling,Major Tom (Coming Home),4211b16e-441a-42ae-a71f-28e178d3e442
1983,1983,Peter Schilling / Lydia Murdock,Major Tom (Coming Home) / Super Star,d34c22d1-5216-4d31-96c3-38ac9722ecf2
1983,1983,Peter Schreiber,Het leed van menig kind / Trein,d3b7bc6e-f76f-4ee8-9ab6-850fc2fb8582
1983,1983,Peter Sebastian,Ein schneeweißes Schiff,68aa0018-b8dc-4c2f-ba4d-e2ceda5f038e
1983,1983,Peter Tschernig,Mein erstes selbstverdientes Geld,eccf4af3-6a51-43e0-b06f-eba898d148a8
1983,1983,Petra,Rood is de kleur van de liefde,d204f1ef-d472-40fd-b8d9-0207be7e6aff
1983,1983,Petra & Sjoerd,Pappie wat zul je me geven,68a6788b-7c1b-4388-8e58-6463aae30eb7
1983,1983,Petra Zieger & Smokings,Der Himmel schweigt,183bec0e-4c69-402c-899c-5a284298900d
1983,1983,Ph.D.,I Didn’t Know,d82c828f-4d8d-3842-b06d-fed3f12d435e
1983,1983,Phaidia,Phaidia,ee40594b-009f-4509-9192-3b432c459800
1983,1983-03,Phil Collins,Don’t Let Him Steal Your Heart Away,a975335d-e69e-42d4-8434-ca8880ab5599
1983,1983-04,Phil Collins,I Cannot Believe It’s True,e513a816-fc5a-48d5-8026-a4c6b0714296
1983,1983-02-12,Phil Collins,I Don’t Care Anymore,b4f9d3f8-64ac-4fc4-96ea-03d33c278ead
1983,1983-05,Phil Collins,Why Can’t It Wait ’Til Morning,30ffd692-9abc-4067-b301-4c5df1762e21
1983,1983,Phil Collins / Peter Schilling,You Can't Hurry Love / Major Tom (Völlig losgelöst),84f13d27-0799-4f19-b4b2-c106434119e7
1983,1983,Phil Jones,This Mirror,914ea2a1-f05b-47ae-ad96-2df42f14f1c9
1983,1983,Phil Judd,Dream'n'Away,cd742758-88ba-4293-bf03-ead32e716681
1983,1983,Phil Thornalley,So This Is Love,9e7d4c67-3002-48ad-a12d-c1204603f2ae
1983,1983,Philadelphia,T.S.O.P.,e304fa56-7d37-4add-acb8-5a1d8676c8b8
1983,1983,Philip Chevron,The Captains and the Kings,d1690425-0ce1-4733-8fb4-e398fc1aee45
1983,1983,Philippe Cataldo,J’aurai l’air de quoi…,237265be-40f4-43d3-a824-2828042c40f8
1983,1983,Philippe Dauga,T'as vu la gueule du mec,9bdda165-853d-459e-b54b-120166621a4b
1983,1983,Philippe Lavil,Sauvage / Visa pour un créole,2d5786b4-7961-44e3-bbaf-5cc35cd4ff7d
1983,1983,Philippe Timsit,J'avais rêvé...,a67c540f-9f56-4a2f-b677-48f0f676c68c
1983,1983,Phillippe Geluk,"Yakari, Les castors et le pélican",81a2e090-7e36-4dca-9c54-52f41a755b78
1983,1983,Phillippe Geluk,"Yakari, Petit Tonnerre et Grand Aigle",63dbfd57-f280-4b9b-8176-caad1b9993fe
1983,1983,Photo-Fit,Another Alias / Over Again,04df7138-45e9-496b-8551-f758801bcb90
1983,1983,Piefke und Pafke und die Jungs aus der Dunkelkammer,Auf in die Galaxien...,ed798574-c516-4c7e-b791-af5832c2f9a3
1983,1983,Pierre Bachelet,Souvenez-vous / Donne-moi la main,5d7d7bb5-84e9-4bdc-abff-58c053060946
1983,1983,Pierre Desproges,"Ça, ça fait mal à l’ouvrier",bd33a97b-5167-4df2-9d31-a2382f22bf57
1983,1983,Pierre En De Buddy's,Liselotje,0afae46e-59b9-4a96-8d26-d8ac863acccb
1983,1983,Pierre Minot,Shahan Sharjah,ffffe2fc-4172-488c-bf43-0870a2832784
1983,1983,Pierre Perret,Comment c’est la Chine ?,1d011c56-be59-4e8f-8e53-d15e42361d2e
1983,1983,Pierre Richard,Madame Sardine,328ff682-c9b5-45a8-a5e2-8e538cf6594b
1983,1983-04,Pigbag,Hit the ‘O’ Deck,1444cd14-f01d-4f28-b492-911532d048a4
1983,1983,Pin Ups,A Middle-Aged Housewife Eatin' an Avocado Even Though She Should Be Cookin' Chickenlegs for Her Bodybuilder Husband / A Man Who Ate Strawberry Jelly and Became a Vee-Vee,14e2bb45-6347-4403-b417-eec8eef2cf63
1983,1983,Pineapples feat. Douglas Roop,Come On Closer,d0f2f456-1583-36d5-90df-6c768d053138
1983,1983,Pink Champagne,Den sista cigaretten,4e4904ca-0ce8-4522-9755-efaec5b0f9f6
1983,1983-05,Pink Floyd,Not Now John,fd2e9b40-0550-45a8-aa6d-120c866db3a9
1983,1983,Pink Floyd,Selections From the Final Cut,49545871-c378-4112-9829-dcf1d7184362
1983,1983,Pink Umbrellas,Raspberry Rainbow,36c75ba7-281d-3f39-b770-397592574dc9
1983,1983,Pisa,Als ik maar niet meer op m'n poef hoef,5a345cc1-7481-3062-beef-c92cd3a79004
1983,1983,Planet P Project,Why Me?,2540db9e-18d4-4c98-89f9-7333501c5098
1983,1983,Planet P Project,Why Me? (Extended Mix),75fb50f7-34ea-4794-ba97-90154c243ca7
1983,1983,Planet Patrol,Cheap Thrills,a91e9837-0f55-4528-81bf-ecf598bb711b
1983,1983,Plasma,Mammas pojkar,2548308a-83ec-43be-9304-1b8cef393415
1983,1983-11,Platinum Blonde,Doesn't Really Matter,5771dafe-9f7d-4737-8523-b05946ae7f07
1983,1983,Play,You Don't Look The Same,a33c7743-ae05-480c-be8b-ebcee2a01ab4
1983,1983-09,Play Dead,Shine,b4fb4e4c-9294-47ee-bf37-c2b21f1b917c
1983,1983-11,Playgroup,Going Overdrawn / Forty Winks,f242a951-7697-33d6-a553-b27dac0a76ee
1983,1983,Pleasure,Buena,404e6e90-aee5-46df-9942-5453e870b566
1983,1983,Pleasure,Little By Little,082ea2bb-98fc-4035-9b4f-f32101ce997d
1983,1983,Pleasure Hounds,Bombs In The Tundra,149f2b87-d96d-4f20-b974-8f06db3f9bed
1983,1983,Pleps,Jochie jochie,e242f87d-ceaf-452b-a9ea-8758e2b008f3
1983,1983,Pleps,Wijfie dat ken je niet maken / Op een ouwe fiets moet je’t lere,4367ca1f-2640-4cf5-84cf-a7b273bb2f5e
1983,1983,Plustwo,Melody / Stop Fantasy,3567a35e-1d69-4dad-a145-654b117765fa
1983,1983-12,Pointer Sisters,Automatic,33121475-93db-495b-afa3-402fda3c02b8
1983,1983,Pointer Sisters,Jump (for My Love),2b5fc5fd-98c0-4d54-b234-2315bc99de20
1983,1983,Poison Girls,Are You Happy Now...,9dc2a19e-e7e8-467b-aec7-c7fcba3999bb
1983,1983,Poison Girls,One Good Reason,6148b3bf-7037-485d-b2ae-5f0e50a4bba1
1983,1983,Popeda,Delilah,ba02cd37-9b84-4026-9758-801445ebe0cf
1983,1983,Popular Science,Out of This World,79bb27b9-2874-4eed-839c-93a29c5c61b5
1983,1983,Popular Voice,Temptation,c60f8dae-0979-45af-a2d3-529bc7f71abe
1983,1983,Portable Patrol,Cop bop,32269c3c-8dad-445e-94d2-cc5ea8be47be
1983,1983,Porter Wagoner,"That Was Then, This Is Now / Bottom of the Fifth",6a935cc6-dfdc-4afd-90ad-a54ea4c4bada
1983,1983,Porter Wagoner,This Cowboy’s Hat / She Don’t Have a Licence to Drive Me Up a Wall,8590a169-3e10-420e-8084-7da07b882da0
1983,1983,Portion Control,Raise the Pulse,214bc0e4-540a-3606-b64a-12771a858ff2
1983,1983,Powerman,Lost Tribe,d418053d-c572-407c-b1e5-962feb722e85
1983,1983-10,Prefab Sprout,The Devil Has All the Best Tunes / Walk On,bd32c614-cec2-4141-a5ec-974f6387d419
1983,1983,Pressure,Pressure,4dff360f-a808-32b7-9424-876500b53580
1983,1983,Pressure Drop,Daddy Buy Me a Rifle,c767bf28-d112-34af-a3bf-898425e73225
1983,1983,Pressure Drop,From Here to Eternity,1be0c3c8-9cf9-33fb-8836-b46b504732f2
1983,1983,Prestige,Cheating,bfb88aa0-db96-404b-b0ca-8fb5e90038bb
1983,1983,Pretenders,2000 Miles,89e3058a-9938-4c13-b0ae-97da04ea2df4
1983,1983,Prima Voice,Kings and Queens,2ce3031f-fe01-4da3-8dd8-2a67f1834946
1983,1983,Primero Segunda,Necesito ingresar de inmediato,cd6f3230-d572-497c-9d76-b0fab32fab27
1983,1983-08,Prince,Automatic,7469e949-cc6c-41ca-aa12-9d9c20fcb3da
1983,1983-01,Prince,Dance Music Sex Romance,5c4f3f66-d719-4776-ada1-eec3a6d0e5c9
1983,1983-08-17,Prince,Delirious,ec355477-0709-37ef-b256-660f4eae6e1f
1983,1983-11-16,Prince,Let’s Pretend We’re Married,f4f636fd-9e98-33ac-bdd9-50d912dc7add
1983,1983,Prince Charles & The City Beat Band,In the Streets,a5888560-d3f7-4fb9-ac31-65d94b756966
1983,1983,Prisma,Con las alas rotas / En sólo dos días,b6577a7d-ee2d-45a7-875a-9c3eb6a1ceaf
1983,1983,Prisma,Ya me pegó el amor / No te vayas,a9e9aa7f-ed5d-440a-a128-38c56fe2d304
1983,1983,Private Lives,Private Lives,0bab45e7-32fb-45f7-b4aa-460b53e70484
1983,1983,Profil,Leb wohl mein Schatz,39959f26-cc6e-4e3c-88a7-62956c13d694
1983,1983,Project Future,Ray-Gun-Omics,5c9a50c1-e584-45be-a8d0-3f1cdf3be5ae
1983,1983,Prototype,Video Kids / Communique,7c625745-dcaf-4674-a44c-3864116d3ada
1983,1983,Public Disturbance,S+M,c62c63bb-19ba-408d-bae7-c5d1710b99fb
1983,1983-09-05,Public Image Ltd.,This Is Not a Love Song,8fd30b80-1e8e-37be-aa85-47a02b2ae106
1983,1983,Puhdys,Sehnsucht / Computer-Mann,6856f9eb-0ba5-4e96-b422-cf53352dfe3d
1983,1983-09-19,Pulp,Everybody’s Problem,1cb01023-012e-327b-b26b-f974c0ec0855
1983,1983-05-02,Pulp,My Lighthouse,3f8a49d5-ecc3-3ffa-bcbb-aa4d3f781777
1983,1983-03-11,Pulsallama,Oui-Oui (A Canadian in Paris),6b1996be-d7f0-4e72-b26b-6cddc8247424
1983,1983,Pumpkin,King of the Beat,15bbc088-b0ce-4c74-93e4-a1a0a6417a4b
1983,1983,Pure Gold,Forever / Hand Jive,bd4a3358-0ab1-4f5b-ba0d-adf72273f22d
1983,1983,Pure Gold,"Shake, Shake Baby (Shake It Tonight)",f606232a-682a-4f6c-b42e-4cc9325b729f
1983,1983,Pure Gold,Sweet Summertime / Enchanted,9abd3b8d-c80c-46a3-801e-98814dc3a6c5
1983,1983,Pussycat,Lovers Of A Kind,b9944d2a-ef29-4a97-a1e9-bfbb32290897
1983,1983,Pyramid Plus,Comin' at Ya,bc2c77bb-3551-4ca9-a3e1-7ee75324f12c
1983,1983,Pzazz,The Switch,ed1bf378-f7ee-4a9d-b0d1-1afb507aad51
1983,1983,Pātea Māori Club,Poi-E,f2086cec-9daf-4127-8203-00b7565b1120
1983,1983-12,QED,Everywhere I Go,8d06dfb4-025e-43dd-8c41-3732a2a41139
1983,1983,Quadrascope,Baby Won't Phone,e4f49f95-133e-4cfe-bc2c-6f2ee542a0b0
1983,1983-08,Quando Quango,Love Tempo,7186e792-67d0-4d9a-96c7-7ab8c4980621
1983,1983-11,Quando Quango,Love Tempo (remix),00457531-f3c9-3aeb-8403-bcd06273f37b
1983,1983,Quarterflash,Take Me To Heart,385cf0ff-5f00-4726-993b-c36d57d126ce
1983,1983,Quiet Riot,Bang Your Head (Metal Health),b1dfea32-59ee-4349-a722-188bba2c4d50
1983,1983,Quiet Riot,Cum on Feel the Noize,ae8ee940-42cd-3e5c-b879-66e98ac1b096
1983,1983,Quincis,Springtime,0c844487-6c6f-4c68-88d4-1cc93f3aa27d
1983,1983,R.B. Hudmon,Searching for Your Love,630afe3f-8fb7-4f52-a348-ad3f0db1568f
1983,1983,R.E.M.,Computer Communication,90950cf9-d232-43aa-8847-b5c0c30b3997
1983,1983-11-14,R.E.M.,Talk About the Passion,a95a10d4-81d9-359f-a258-b4dbd4c19a8f
1983,1983,Rabies,Buzzing Sound,e4954f24-b183-4350-8157-56f3b9c56383
1983,1983,Radavique,Verhalen,95108bcc-7c4d-4287-a8db-2dae0a780229
1983,1983,Radiänce featuring Andrea Stone,You're My Number 1,36d467c6-c2f2-4324-a696-90dd135ba2a2
1983,1983,Raffaella Carrà,Fatalità,dd969a27-b8d2-4781-be4f-8f5c502724cb
1983,1983,Rainbow,Can’t Let You Go,c4073065-c481-3755-862b-0dc38497c65f
1983,1983,Rainbow,Street of Dreams,cf3ece10-fdc1-39f2-b640-31ce8aae0d9a
1983,1983,Rainhard Fendrich,Erobict Sierobict,39d198fb-d490-43f4-a9a7-c7ee880120d0
1983,1983,Rainhard Fendrich,Weus'd a Herz hast wia a Bergwerk,d7b0e917-fff9-4c3e-9878-82ad699e87da
1983,1983,Ramblers,Leather and Lace,401dbd07-e956-4403-8ea4-3ece5d082be8
1983,1983,Rammellzee vs. K‐Rob,Beat Bop,bb4e0a58-2ed6-487b-b52d-e0548b1fc171
1983,1983,Ramones,Time Has Come Today,1d084771-898b-4e2d-b5f3-a835938b780e
1983,1983,Random Voices,Dear Mr. President,e8e73045-23c8-4487-a93c-dc5841e090b1
1983,1983,Randy Newman,I Love L.A.,7ed99174-942f-4d68-9ce5-f8541ef32ad9
1983,1983,Randy Newman,I'm Different,508254b3-3944-4620-a2f7-7e881d24b407
1983,1983,Randy Newman,Political Science / Memo to My Son,fc260292-4395-4209-bd9a-49a2e9d30bc1
1983,1983,Rank Z'Heroes,Ich Werde Es Tun,0f70c12c-cb78-42f0-924b-a2f6bde9bd5f
1983,1983,Rapazes de Vida Fácil,Adriana na Piscina,710ffe3b-d607-4948-970f-06b6712b2548
1983,1983,Rational Youth,City of Night,afb934ed-9be1-3eae-b5ae-0780049539ca
1983,1983-08,Rational Youth,In Your Eyes,fab3cb7c-9e56-34bf-93f9-dce8275418ad
1983,1983,Ratje & De Witte Muizen,Ode Aan De Rat,eee8dd23-13c0-4fd6-a449-2cc06cf09445
1983,1983,Ratt,You Think You're Tough,218b8238-5ae6-4aca-be56-05721de09ec8
1983,1983-08,Raven + Udo,Born to Be Wild,efa71c2d-ad50-4542-ae48-3a4a32518783
1983,1983,Raw Silk,Just in Time,e056e78e-d3a6-480e-a25a-49a2d39d44bc
1983,1983,Real Life,Catch Me I’m Falling,6ce42c79-8329-4f3d-8b45-6fca00257923
1983,1983,Real Life,Send Me an Angel,0bf851a1-9a34-441d-b002-4b6a08f57b36
1983,1983,Real to Reel,Can You Treat Me Like She Does?,99a0b872-18bb-4403-85b8-bfbbba6e1424
1983,1983-02-26,Red Alert,City Invasion,223e5c0c-75e4-36ef-b049-d67851f74385
1983,1983,Red Box,Chenko,0db0006a-45a9-4c1e-bb44-c067b99f8f88
1983,1983,Red Catholic Orthodox Jewish Chorus,Various Religion Marsh,f73f1fda-b936-4497-bce1-80c746f2ab55
1983,1983-11,Red Guitars,Fact!,054adf49-980d-45c0-bc49-539134931e8b
1983,1983-06-24,Red Guitars,Good Technology,8067b260-6273-47cd-aca3-7b73e275b215
1983,1983-10-28,Red Lorry Yellow Lorry,He's Read,1f295c9a-facb-4057-82b1-ae0fc7ddc52f
1983,1983-04,Red Lorry Yellow Lorry,Take It All,4e5d3fc2-7672-4425-b190-6190d5ef3b92
1983,1983,Red Rockers,China,f4c6394b-49ca-403f-ae71-64008f797d10
1983,1983-03,Redgum,I Was Only 19,744632aa-070b-4cfc-b13c-a8459ad4e530
1983,1983,Reflex,Dina nya kläder / Diod,6da8a585-3263-45e2-9129-cc88509d3abb
1983,1983,Reflex,Sjaan / Als Ik Jou Zie,c063e69c-22d4-4209-9c4e-da475f956bd3
1983,1983,Reform,Аз Те Търся,2e18eb0c-afac-4324-92ac-8888eb196c17
1983,1983,Regento Stars met Tinus Plotseling,’t Is prut zei de boer,b5941899-e505-4fc1-ade8-e29f59192224
1983,1983,Regina,M'n kleine vriend / Een jongen uit ons dorpje,f295dcba-7443-4a55-a903-cd221ceef7d0
1983,1983,Regina & De Betuwe Boys,"Ik voel me radio piraat / Rijn, lek en linge melodie",1110cb4e-d264-4813-841a-20b6e2b756d0
1983,1983,Regina Thoss,Es gibt sie nicht mehr,fae05a13-c485-44d3-9fdd-3509aa38a2b0
1983,1983,Regrets,Je ne veux pas rentrer chez moi seule,d39cfb11-0401-4a13-9ee1-715d09f5a721
1983,1983,Reinhard Mey,Hilf mir,369ab735-a8a5-42a4-b167-d0bc0a4c9e13
1983,1983,Reinhard Mey,Was in der Zeitung steht,1f60cf75-8ab7-4159-b489-f20923f54cf9
1983,1983,Reinhard Mey,Über den Wolken / Ikarus,52952815-4dfe-4d32-89e9-5e9bb3d2f7d4
1983,1983-12,Relax,Marie,a04d563b-72ef-4d26-abbd-ef44dcd444e5
1983,1983,Relax,Vui zvui G'fui,0a802285-7424-43c2-9528-21061bf668a1
1983,1983,Remco,Hé jij daar in de ether / Piraten feest,63f665c4-cd0d-4529-91d1-c03f10b2d0be
1983,1983,Renaud,Dès que le vent soufflera,f6306ff5-d191-47ca-baa6-085db3714eb6
1983,1983,Renee Geyer and Glenn Shorrock,Goin' Back,7f9b4ca0-b7ea-4523-8093-c3d5cda2ba45
1983,1983,Renze Jan,Rosanje / 3 Spaanse scheepjes,64575698-f996-4c6a-9a9c-88721d7f7829
1983,1983,René,Alles wil ik geven,58d19854-3c73-4905-9de7-ac902dfafaae
1983,1983,Renée de Haan,Het is geweest / Ik kan ’t leven weer aan,a43803f8-2f40-4784-a984-5bd269b66b70
1983,1983,Renée de Haan,Vergeet mij niet / Ik wil alleen zijn,034afb51-736b-4a9a-8f09-71fadc7e7f6b
1983,1983,Reportage,Madly in Love,200a4890-205a-4e62-9fe0-30e1a7e0698f
1983,1983-01,Republika,Kombinat / Gadające głowy,d6616c49-84fd-448d-ba65-1596b814b3fb
1983,1983,Restless,Edge on You,23589bb3-0f9a-4025-8fba-ad487f473839
1983,1983,Revier-Express,Johnny Maier,654edc45-4feb-4aa5-9251-3c26fbc0c669
1983,1983-12,Rex Gildo,Und plötzlich ist es wieder da / Nachtflug,c68a0a21-e305-4239-9cd3-b1c778ee408d
1983,1983-05,Rex Gildo,Und sie hieß Julie / Morgen kann alles anders sein,faa723ca-8fad-413b-938b-32e6955c22b2
1983,1983,Re‐Flex,Hitline,9990158d-3ab5-4c35-8286-d357767483f5
1983,1983,Re‐Flex,Hurt (Emotional mix),0899e479-0f24-4ecc-a597-bf4b506c61a0
1983,1983,Re‐Flex,The Politics of Dancing,b274f2c9-087d-4fae-934c-6a08696cad80
1983,1983,Rheingold,Via Satellit,d1a7d540-cdd1-41fd-867c-2c1890b215f9
1983,1983,Rhetta Hughes,Angel Man (G.A.),b344a4fe-c896-4825-9176-b1e04fb0ee5d
1983,1983,Rianne,Disco dansen / Op het perron van hoek van holland,bd6752ea-51a1-4894-84e7-f8616cd06d03
1983,1983,Ricardo Osorio,El año que viene / Una primavera más sin ti,3e43a91a-825c-4fff-be1f-8f120fd8c44a
1983,1983,Riccardo Cocciante,"S'enfuir pour s'enfuir / Sur la terre, elle et moi",7980639c-4740-34fc-8ed6-de7603b03af3
1983,1983,Ricchi e Poveri,Cosa sei,e952df56-b57c-440b-97bf-174858f93e00
1983,1983,Ricchi e Poveri,Mamma Maria,16b60450-50b6-4796-a7fc-9728921a518e
1983,1983,Ricet Barrier,La Chanson du wagon / Les Plaisirs gratuits,bddfb2a9-2310-435c-a14d-3dc458eb0991
1983,1983,Richard & Martin,Zilvergrijze haren,e2c06a22-3e76-42de-ab31-5d48f5799e78
1983,1983,Richard Cocciante,Poupée mécanique,14f7dea0-3e75-4069-9707-9822c5536604
1983,1983,Richard Harvey,The Theme From Terrahawks,982639ea-ed61-4b2c-9fba-6502501ab9d1
1983,1983,Richard Rigan,Stark war ich nur neben dir,c5600fe4-1668-4b67-8ef9-536d28ecc5ce
1983,1983,Richie,Trying It On,3dfde3f2-bd2e-4f1c-9e1d-0346cf99ca4c
1983,1983,Richie Scotti,The Break / Breaker,13dee0a1-ddf9-4440-9fa1-779045b44615
1983,1983,Rick Duval,Susie Darling,f4651441-7a4b-405a-b3bb-452af946d155
1983,1983,Rick James,Cold Blooded,3646dfa5-e43c-4bc4-a4dc-8cfad878d15c
1983,1983,Rick James + Friend,Ebony Eyes,6bf1897f-16cb-4802-ae56-c6ea3f289d02
1983,1983,Rick Springfield,Human Touch,3fd4da96-11cd-4ebc-aa75-8ac2b491a0c9
1983,1983,Rickey G. & The Everloving Five,To the Max,7fb7f139-999b-4ea4-8c86-cdd5c44a7bbf
1983,1983,Ricky Clark,Laat Me Doen,dc4c29b5-0797-4ca0-82f7-24a6913333ff
1983,1983,Ricky Davids and The Pearls,Vanavond / Neon Girls,5ffd30ce-a75a-4531-be63-e66b394c22e1
1983,1983,Ricky Gianco,Old Night Flight,7de2cb0d-c593-4339-b898-d3f1f387c07a
1983,1983,Ricky Star,Diana,7fcb0f02-227c-4ada-9903-813d61b57714
1983,1983,Ricky Star,Wanda,0695d8db-d900-4ab9-a53f-c553abf63295
1983,1983,Ricky Valance,Tell Laura I Love Her,d7bb7298-296a-4660-b44b-5f09602db196
1983,1983,Ricky Valance / Bobby Angelo,Tell Laura I Love Her / Baby Sittin’,bd8d2eff-de11-4902-8d81-0d84fc2deb37
1983,1983-01-01,Riff,Pantalla Del Mundo Nuevo (En Vivo En B.A.Rock),1ad3f277-5742-49a3-8735-ade7300a50a4
1983,1983,Righeira,No tengo dinero,cbf547a3-9b6a-487a-86c2-6e08ba546cd9
1983,1983,Righeira,Tanzen mit Righeira,859b0cb3-b3e2-4315-ad33-100ffdc8874f
1983,1983-05-02,Righeira,Vamos a la playa,edcbc8d4-781c-45ac-9da7-30762c3d002d
1983,1983,Rigo y Modesto y el Grupo Formula,Para que’ sepas / Corrido de Los Bravos,78426150-49d0-4bfc-ab5c-91189672a7d4
1983,1983,Rim and the Believers,I’m Not Going to Let You Go / Peace of Mind,182f6d19-e273-4942-9dde-5fb0f555483d
1983,1983,Ringo,J'ai toujours besoin d'amour,83689038-e7e0-42b2-9b38-10631accb806
1983,1983,Riot Squad S.A.,Polarisation Time,ba615e48-7863-4c17-8f5a-aa97787ed03e
1983,1983,Rip Rig & Panic,Beat the Beast,e8cd6d19-ec1c-4aea-9b09-1a0d89fa9119
1983,1983,Rip Rig + Panic,Do the Tightrope,f17f9875-3845-43b0-9b19-da35ba4e9d05
1983,1983,Rita & The Meatballs,Het wachten is op magere Hein / Schouder aan schouder,aa7c8c9a-aa84-4f3e-90cb-d592281b71c0
1983,1983,Rita Coolidge,All Time High (The Theme Song From Octopussy),84ed83d6-72ef-49d1-a799-ae44ea4792b3
1983,1983,Rita Corita,Aerobic Dance / Vakantie op Balcona,a6b031ca-0423-4c69-bdc9-6b76a84130a7
1983,1983,Rita Duval,Als ik je weerzie,52468031-6126-4d40-a461-564c01d95682
1983,1983,Rob van Holland,Van steen tot steen,4f41e07c-d9ec-42c6-85c2-a8a2f875527d
1983,1983,Robert Bauer,Teenage Diplomat,204e7d8d-7fc5-4ba8-ba83-41ae41cc4cbf
1983,1983,Robert Görl,Mit dir,08e170b7-04a5-461f-9dbd-db6074f9541b
1983,1983-02-12,Robert John,Bread and Butter,a8200d0b-046b-42b5-8a8c-448323c06ada
1983,1983,Robert Long,Heeft een kind een toekomst / Het heet hier Holland,01eaf5ea-1eb8-43d6-9241-740768472f5b
1983,1983,Robert Marlow,I Just Want to Dance,a8d3fe9c-1249-4077-9f21-15d1b67bf437
1983,1983-07-11,Robert Marlow,The Face of Dorian Gray,a1aa45bb-181a-4602-9419-2e5d60db3aa4
1983,1983,Robert Palmer,You Are in My System,54327868-e06b-4137-a4a7-27d79204916b
1983,1983-06,Robert Plant,Big Log,c422e634-915c-3ccd-8527-cd38e29482fc
1983,1983-11,Robert Plant,In the Mood,636198fb-f907-3811-9da8-af8d47c2f314
1983,1983-09,Robert Schröder,Skywalker / Space Detective,76ea5434-22d5-48c3-bb57-9af5a44cc354
1983,1983,Roberto Blanco,Der Clap Clap Song,b41983e3-42a2-405f-859d-40c2a62fa1db
1983,1983,Roberto Blanco,Zuviel Pinacolada,2374c02a-fecc-410a-a000-a961a04eb5ba
1983,1983,Roberto Onofri And Dee Jay Program Band,Living With Passing,6266ced8-2745-4b55-8f07-d1acc0b094f0
1983,1983,Roberto Vecchioni,Hotel degli assassini,0d8d8494-d84c-48d0-9b9b-510ed847135d
1983,1983,Robin And The Rednecks,Zwartemarkt mythe,fcd5dab4-b2b7-47be-8555-f6a386c0f8d5
1983,1983,Robson Jorge & Lincoln Olivetti,Mariá,779c8312-12a4-4d40-aaae-7514e0551094
1983,1983,Rock Master Scott & The Dynamic 3,It's Life (You Gotta Think Twice),103a52d7-8969-4ea2-9885-5af7df2866bf
1983,1983,Rockstones,Be My Queen / Don't Make Me Cry,313f8d57-4260-45d9-9595-7f9855656a24
1983,1983-12-14,Rockwell,Somebody’s Watching Me,1601537f-26fc-3711-afeb-b1bc18115074
1983,1983,Rocky Sharpe & the Replays,If You Wanna Be Happy,9825c94d-f012-46aa-89b0-c4fc4826e5cd
1983,1983,Rod Stewart,Baby Jane,efe8b711-98ad-4e63-b1a3-36e87e1aafb7
1983,1983,Rodgau Monotones,"Ei Gude, wie?",765bc656-a0ed-4b54-b9fa-6deb10fc9a15
1983,1983,Rodgers & Hammerstein; Louis Clark conducting the Royal Philharmonic Orchestra,Hooked on Rodgers & Hammerstein,77462887-5f02-40c4-afd1-917f8709a30b
1983,1983,Rodney Dangerfield,Rappin' Rodney,649f9f94-c003-475f-bcd8-e78dcc31763a
1983,1983,Rodolfo con La Sonora Dinamita,El tizón / La niña Nory,4f27473f-d940-44cf-a4ab-41b828e125e0
1983,1983,Roelinda,Zij vroeg aan het water,d6d04a0d-ac2b-4083-9f9e-70596ae7f0f1
1983,1983,Rofo,Flashlight On A Disconight,7eec082d-0870-4dae-9855-b6ed0bbd49a9
1983,1983-11,Rohan,Mil o Fastiau,34c073db-7989-4ece-97f0-3c286883d21a
1983,1983,Roland & Bluesworkshop,Chain Gang / Workin' Class White Boy,b45d75d2-c79b-48c9-8468-48f966d35f65
1983,1983,Roland & Bluesworkshop,Mailtrain,9237bd89-f37d-431a-9ad1-2f89008b2e64
1983,1983,Roland Carlsson,Blå sirener,f605226f-98ec-420d-a4d3-691e6a05b2fa
1983,1983-07,Roland Kaiser,Die Gefühle sind frei,a075b708-ed80-4645-bb65-53fbb9827603
1983,1983-04,Roland Kaiser,Ich will dich,e3690bcd-af4d-4657-86e2-ecab55a8c9ac
1983,1983,Roland Neudert,Dreimal täglich eine...,81897aff-f317-4c64-8ea6-01a7248c3ed0
1983,1983,Roland Neudert,Hallo Rosalie,3a1853cf-9b44-42a8-8170-cf64ff5db547
1983,1983,Roland Rat Superstar,Rat Rapping,db494711-8f03-4aaf-9973-9c78fbcc2bef
1983,1983-06-01,Rolands Gosskör,Pigs Part One,74c61be8-27ce-4c90-8301-ccbc9114a9bc
1983,1983,Roman Holliday,Motormania,ef328879-986a-4b08-9c4d-0f2587d11611
1983,1983,Romantic Noise,The Sound,1ccaadc0-c63d-417b-a369-5799360799e8
1983,1983,Ron,Hai capito o no?,5de46197-6375-4b35-ac5a-dbc40c5b3b5a
1983,1983,Ron Richardson,Ooh Wee Babe,50da6fa1-6e95-4bfb-8d8d-ef475ccce643
1983,1983,Ronald,"Oh, oh, oh, wie heeft de po / Geef me nog 'n smakkert",cb495d10-44d7-4db6-aea8-47f3a56b361f
1983,1983,Ronnie Tober,"Zomer, zon en witte stranden / Ik moet nu gaan",3f5ea807-d139-4644-83ad-653099b6328d
1983,1983,Ronny,Trek 's an me rits,73d415c4-9acb-4931-84bf-69d778c91064
1983,1983,Ronny Arlando,Geef hem ’n pint,a2a13acc-c4b1-422d-b7e6-53aa85fb9a01
1983,1983,Ronny Arlando,Leg je hoofd op m’n schouder / Oude liefde roest niet,4bcacbca-105d-4fb6-85f9-7742bb1ca60d
1983,1983,Ronny Arlando,"Oh moe, ik ben zo moe",43c5333e-f106-4519-a381-cc0f47ec0e68
1983,1983,Rosa Maria,O Passo do Jacaré / Azul da Cor do Mar,036dc30d-8fb7-439e-b942-8ee9367cda1d
1983,1983,Rose Laurens,Mamy Yoko,92b80ff1-d4db-4adc-bf0a-0eeefcccf8fb
1983,1983,Rose Laurens,Vivre,271230b4-a615-41ce-b6e5-f8d6751cefa8
1983,1983-07-30,Rose of Victory,Suffragette City,efca3328-e8ce-34d4-b0e9-c78e7b3de802
1983,1983,Ross Allen,In the Morning Light / The Road of Life Again,5e72d9e0-c404-3dba-893a-2615f408b642
1983,1983,Roy Black,Ganz in weiß / Schön ist es auf der Welt zu sein,d5a3da7e-3ba3-425e-bbed-2fe1262a6a3f
1983,1983-05,Roy Black,Wilde Kirschen blühen früh / Du gehörst an meine Seite,ce22683b-7016-4678-8632-c170430b5852
1983,1983-03-27,Royal Cash,Radio Activity,fe2d189c-04a3-38a9-9dfa-d66f3d06fb93
1983,1983,Rubber Band,Judy Beauty,429e912b-1085-4251-831d-b62aa88169ed
1983,1983,Rubberen Robbie,'n Beetje verziekt (De Hazes Medley),6f3fdb2f-f8a4-3bb3-a2f1-108aed7286d8
1983,1983,Rubberen Robbie,"Ze kunne nou wel zegge / Arie, hebbie weer gezope",f67436fc-26b4-4719-a5b7-ce4a6a106d19
1983,1983,Ruby Turner,Every Soul,577e5a9d-16d8-42a8-a919-ffe5b4be9c6f
1983,1983,Rucki Zucki Palmencombo,I kann di net vergessn!,dc2a96cc-2341-49a3-bf04-50f81794ff5a
1983,1983,Rucki Zucki Palmencombo,Mann im Mond / Da Papa is net do...,d29b109a-d79f-439a-ac33-138baec92415
1983,1983,Rudi Van Dalm and His Teardrops,Tussen ons twee,ffa10a11-e30c-4496-b669-898ce40b908b
1983,1983,Rudy Grant,Everyday People,f68460d6-2f69-4fe1-b947-c7fec378883f
1983,1983,Rufus & Chaka Khan,Ain’t Nobody,d274eb1e-a2d8-3f1c-8e06-a07419d2e6de
1983,1983,Ruins,Fit Of Nerves / Stroll Of Girls,eb25ea8d-b5da-4cd8-ae33-a240eca8e050
1983,1983,Rundfunk,105 Jive,3dc16b2e-c628-4cac-b6f2-1f9adb8987ff
1983,1983,Run‐D.M.C.,It's Like That,1dceb4fe-070e-438f-9ddd-1d1501c92049
1983,1983,Rupert B.,No Way to Be in Love,b770c1a7-a30e-443d-b04f-4e2a8eaf412e
1983,1983,Ruts DC,Weak Heart,2bde2509-96ae-4c8c-aca9-febf7d443402
1983,1983,Ryan Paris,Dolce Vita,6fe94ef1-3f76-383e-928d-6f94f70561a1
1983,1983,Rymdimperiet,Felrättsnetthelträttsnett,0eb2b3c3-22f1-42f0-89be-60fce3d0d1a7
1983,1983,Ryuichi Sakamoto & David Sylvian,Forbidden Colours,b988c943-1fac-3291-8462-7c8d2cad031f
1983,1983,Råttorna,15 min kvar,4dbd1d9f-5c4a-48f0-af2b-e3f8cb31b271
1983,1983,Régine,Reine de la nuit,75569e8a-2196-47ed-88dd-4c7c636c3286
1983,1983,Rövarna,Vill inte se,82b42bc9-e8bb-4925-a69b-fe8a6042dd10
1983,1983,S.F.X.,Rockin' With My Radio,1aa3ca5b-c498-4200-93ac-f7d18b73fd21
1983,1983-02,Sabre,Miracle Man / On the Loose,082c1e23-18f7-3617-94a2-cbc3a33d3475
1983,1983,Sabrina Lory,Destination nulle part,8b2878c1-ea6e-4c34-a53e-cc1a6170848d
1983,1983,Sacha,Een man van eer,38e769e7-fad2-48b5-8163-d065fe3a662d
1983,1983,Sad Lovers and Giants,Man of Straw,14fe22c8-a692-4b24-b4c1-01e0872db8fe
1983,1983-08,Saga,The Flyer,f30d2bd6-ee51-4735-8f4b-ddf27644caf6
1983,1983,Sahara Band,Habibi,3793c6e3-a438-4577-acce-91301cb9ef2e
1983,1983,Salvation,Girlsoul / Evelyn,d5c65100-30d5-43e4-8363-0fda287d3794
1983,1983,Samoa Park,Tubular Affair,fbd5c251-050e-38fb-b799-8c26104777df
1983,1983,Samson,Red Skies,d8d39450-3de9-404b-b5c6-4edd625186a1
1983,1983,Sarah Brightman,Him,4f1946a6-9102-4a12-8810-eae55a468cf9
1983,1983,Sarah Brightman,Rhythm of the Rain,f1067c21-3852-4916-a011-a477bb8b75e6
1983,1983,Sarena Lark,Zeit,40aeaee1-af89-42cb-a2c5-eeddfdda8bd2
1983,1983,Saskia,88 luchtballonnen,b029fb46-d712-4b7f-8827-27f5dd114daa
1983,1983,Saskia & Serge,The Country Disco Train,5929d32f-928e-4874-831d-0cffb7566175
1983,1983,Saskia & Serge,Toulouse-Lautrec,305ba34d-939e-49a3-88a5-a6b5638a3bf6
1983,1983,Savage,Don’t Cry Tonight,bddfd2fd-c287-3055-b375-34a8e7478565
1983,1983,Savage Republic,Film Noir,74c06adf-492d-4772-8033-528649987741
1983,1983-07,Saxon,Nightmare,a22d9de5-05c6-45d9-9931-3f3b8c48244b
1983,1983,Saxon,Power and the Glory,1e8de1c1-60bb-4675-814b-13be2b9a2870
1983,1983,Saxon,Warrior,52ef52fa-b618-4cdb-8c82-f6b2b98ed3aa
1983,1983,Sceptre,Sceptre,f1a94fbd-b3fc-4cc2-bfd3-fcee53ddd0d0
1983,1983,Schelde Trio,Wij zijn voor elkander geboren,2d02e2ab-935a-4023-8a8a-d2d8502b22fa
1983,1983,Schelde Trio,Zierikzee,3dad926a-4c9d-44c0-892f-765e68710061
1983,1983,Schmutz,Straight From The Heart,57c646e8-e192-4bee-994f-8b01b3f0814a
1983,1983,Schrott nach 8,Zuppa Romana,0ca6c5b9-60fb-4b5c-a64c-7b69f906780b
1983,1983,Schön,Langeweile,c75f45f2-a843-422e-b2ac-580fdb31c270
1983,1983,Scialpi,"Rocking Rolling - Halló, Halló",b1b0f963-4abd-4127-a25c-c7b8dcd1c9a1
1983,1983,Scoop,Say You Go,4e859d49-3a4d-47f0-a7e1-439b5c0658d7
1983,1983,Scotch,Penguins’ Invasion,98ff16e3-ebec-44c3-bd90-bd6e2483c0d3
1983,1983,Scraping Foetus Off the Wheel,Anxiety Attack,4bc5ae21-ea43-4e0d-8d3c-5147c87dbd5b
1983,1983,Sean Taylor,Come Back to Me,611bdec9-7bea-44c0-8b61-8375eea9c966
1983,1983,Search Party,All Around The World,9e3377ad-37c4-40b3-b187-9c85542cbff5
1983,1983,Secession,Betrayal,d06b3082-647b-4302-8ace-0823eea7d921
1983,1983,Secret Service,"Jo-Anne, Jo-Anne",49160a12-8d97-499a-b30d-01a6f306f45d
1983,1983,Secrets 2000,Never Say It's Over Now,ed0eb687-5416-4e73-a98f-87fa3521c010
1983,1983,Section 25,Back to Wonder,df1fe790-6812-4cfd-8fe6-c88d18c71aca
1983,1983,Sensation,Autumn,1e832266-00a1-4f00-868f-eaacd889e797
1983,1983,Sensation,It's a Lie,017d0d35-2f0e-4e02-b4a9-11e6fa758d69
1983,1983-07-01,Seona Dancing,Bitter Heart,f49b5315-3dec-39be-b8d1-bac618a2a4e8
1983,1983-10,Seona Dancing,More to Lose,c62d5336-7b86-4a66-b87c-c300eb8589b9
1983,1983,Serenaders,Hot Love,f5a41099-f92f-42fd-a853-50ae50e13843
1983,1983,Serious Drinking,Hangover,fffdcbf1-5075-3a84-99a0-0f20b50c9e2b
1983,1983,Set the Tone,Rap Your Love,5c47349c-c7d5-36d9-ab20-3a245cd50cef
1983,1983,Sex Gang Children,Mauritia Mayer,dd6b7e85-f5cf-3a22-bec5-23b1bfa58c29
1983,1983,Sex Gang Children,Sebastiane,90ba845d-11d4-3e32-beed-9a6a1cc28f86
1983,1983,sh,深き森から,f495d070-7c92-4425-abb1-13c694537270
1983,1983,Shadowboys,Waiting for Tomorrow,968b8a24-0c92-4738-b9f8-7e772f0ef064
1983,1983,Shakin’ Stevens & Bonnie Tyler,A Rockin' Good Way / Why Do You Treat Me This Way?,c755e16a-790c-4f53-8662-1b881147ecd0
1983,1983,Shalamar,Dead Giveaway,96a7c64c-c53a-434f-afe8-5b81b6d107e1
1983,1983-08-25,Shannon,Let the Music Play,f2bf1970-3647-43f7-99c8-6ead7821f632
1983,1983-11,Shara Nelson & The Circuit,Aiming At Your Heart,9d5c4e8a-9052-43d5-b091-7c1ec90f9c5a
1983,1983,Sharks,Holiday,afb3528c-7d48-4489-8983-b1cfa19958ba
1983,1983-11-23,Sharon Brown,You Got Me Where I Want To Be,c560fe7e-7f89-4362-81c6-819e626fc53f
1983,1983,Sharon Redd,Love How You Feel,272426bb-dba6-41fe-a88f-1c4998998c82
1983,1983,Sharon Redd,Love How You Feel / You Got My Love,f05fd1b4-6b1a-4a46-87f9-0208303f8330
1983,1983,Sharon Redd,You're a Winner / Activate,63df315b-6b12-44aa-8b50-92f0e0401f1e
1983,1983,Sheena Easton,Telefone (Long Distance Love Affair),4ba63cdf-fd66-437d-8355-50e04d1fd6bb
1983,1983,Sherwin Linton,Rock-A-Billy / I Forgot To Remember To Forget,d94752f7-1e03-4c91-a7a3-3c6fb6a3b3fd
1983,1983,Shirley Lites,Heat You Up (Melt You Down),b5961044-3cd8-4b79-ba9a-294248a14833
1983,1983,Shirley Ross,If You Leave Me Now,e35b1bd9-eb01-4711-afd5-18e5cd7be30b
1983,1983,Shriekback,Lined Up,ea843e34-2580-4b30-9a95-13295e916803
1983,1983,Shriekback,Lined Up / My Spine (Is the Bassline),d1086d2e-00cd-4191-83a0-1c2862e38328
1983,1983,Shriekback,Working on the Ground,e754d91d-cdaa-4e47-9085-4bf7a033445b
1983,1983,Shuki Levy & Haim Saban,"Ulysse 31, Revient...",f636ce58-c2f0-46a9-aa79-7aad454d19f9
1983,1983,Sidewinders,Put the Blame on Me,1de5b1e4-4f1e-43f0-a8a9-4f2128a02628
1983,1983,Sieben Slips,Trummorna kallar,515feeac-15a1-401a-be09-20adde128d17
1983,1983,SIF Record's,Öst och väst,eca812e6-d0aa-4a4e-a4a2-fe843227443b
1983,1983,Silent Running,When the 12th of Never Comes,1a746312-0cbb-43ba-aa8d-fd2abc5a27b6
1983,1983,Silhouette,"Boys, Boys, Boys",c30378a0-7dfc-4e82-88e5-df2573fbda7c
1983,1983,Silly,Mont Klamott,3dc034d9-baf4-4f4c-832c-87318aa965b9
1983,1983,Silmät,Haudattu,3f14f1ab-f418-33ef-8e27-6452f4e1a8ed
1983,1983,Simon Townshend,So Real,9e9ade2f-07f8-4bbd-b652-2e107703eb52
1983,1983-04,Simple Minds,I Travel,61d27d18-24e0-467c-8b80-b8d1049587d3
1983,1983-03-01,Simple Minds,New Gold Dream (81-82-83-84),7bbf7ab0-9833-4a94-941b-55e6138338a0
1983,1983-11-14,Simple Minds,Waterfront,1b9ad872-0040-3a18-9a2b-cbdbd0d7bc57
1983,1983,Singing Fools,The Bum Rap / Fire My Love,df83a6ff-c8fc-443f-b80b-26b3ce1f653a
1983,1983,Siniestro Total,No somos de Monforte,428a0914-bde6-4ef1-b205-7806bd707cc6
1983,1983,Siniestro Total,Sexo chungo / Me pica un huevo,3b40b376-f0aa-4a1f-9a7d-76ae4e2eb8d0
1983,1983,Sinitta,I Could Be,af11fd52-56fe-4032-b9a4-443efd611ab4
1983,1983-05-13,Sinnamon,I Need You Now,938e8bea-781c-39b3-8b32-bbed1a4bb9bf
1983,1983-09-23,Siouxsie and the Banshees,Dear Prudence,ad5f6625-af6e-3302-b995-52b9038fcc4d
1983,1983,Sirenas del Caribe,Siempre seras / Lo que te queda,14916f5d-1967-4f14-a500-b809849bddb6
1983,1983-12,Sissy Spacek,If I Can Just Get Through the Night,eeda4549-452b-4d05-b0ac-641782b9a178
1983,1983,Sissy Spacek,If You Could Only See Me Now / Have I Told You Lately That I Love You,909c7f1b-cb1c-4a86-a1c8-72fd231f97d1
1983,1983,Sissy Spacek,Lonely but Only for You,79b4c265-860b-4110-b5b2-cb217942c2de
1983,1983,Siw Inger,Geh mit mir durch die Nacht,3d6135cc-ba92-4a38-a152-ff8de6d30683
1983,1983,Siw Inger,Weil du dich nur liebst,d06f7273-f684-4c78-9112-12549c1f226b
1983,1983,Siw Malmkvist och Umberto Marcato,Dröm om mej,416ed694-b0c3-4499-96e3-da93f4fdd28c
1983,1983,Skeletal Family,Trees,93be5deb-32a7-4147-b7e3-68ef5944a9d2
1983,1983,Skrap,The Bum Rap,57c8609c-0176-445b-8462-e8aa7648fdaf
1983,1983,Sky Creackers,You Should Be Dancing,bac41a67-ebff-4729-9237-49bfb1f1e972
1983,1983,Skyy,Bad Boy,2efb1707-e1e8-4210-ae67-450686084eb8
1983,1983,Skyy,Show Me the Way,df0935ac-ba1b-4dc2-8848-909c1b0e3a55
1983,1983,Slade,My Oh My,68ec95be-2cc0-47c8-beb8-30d0247a9396
1983,1983,Slim Dusty & Gordon Parsons,Pub With No Beer,59d41253-a157-4b3d-82d5-d91ac7bcf105
1983,1983,Slingshot,Do It Again (medley with Billie Jean),009b83c0-b930-4feb-a1e4-9db609809b09
1983,1983,Slingshot,You Shook Me All Night Long,81f3ce4c-8d84-4dc8-bbc9-b563efdf8970
1983,1983,Slobobans undergång,I varje tid,c5cf4a58-fb96-4b73-a7fd-3b418a1f9087
1983,1983,Small Band,På väg,2786dea3-30f5-4dc2-87f5-3f7ca8314bba
1983,1983,Small Faces,All or Nothing / My Mind’s Eye,d31c9f3d-ae4b-4e89-8ddf-48f76e2c3dbd
1983,1983,Small World,First Impressions,6771de2d-f264-4490-b0bb-fb1f9669b903
1983,1983,Smog / Pokolgép,Ki mit tud? 1983,2dbfd037-acab-4938-90f1-b9bd036935d7
1983,1983,Smoky Dawson,Fire Fightin’ Man,db6d6038-2172-4013-85d1-574871d69452
1983,1983,Smoky Dawson,The Fierce Red Steer,9b15afff-e239-4d30-8f04-49b44ac9bbd8
1983,1983,Smoky Dawson,The Out-House Down the Back,b9c78f05-f55a-4f2c-9820-cdf778fac0f3
1983,1983,Snowy White,Bird of Paradise,3b7ace80-23dd-47ae-b7e2-96710cd3b6a0
1983,1983,So What?,Ik zou het overdoen,edc35710-2c08-43f6-a587-fcf23586baae
1983,1983,So What?,Jij & Zij,1ccf178c-b8e1-4d13-bbda-8a26b63a6894
1983,1983,Sobrecarga,Ojos del Desierto,973b7622-45a7-4822-b865-2a91342112b5
1983,1983,Sobrecarga,Viajando Hacia el Este,a565a252-19a9-4f97-abc1-68d3f97d0b1e
1983,1983,Social Distortion,Another State of Mind,69946b6b-5267-4812-8676-94095ff7d4ce
1983,1983,Soft as Ghosts,Mystified,5dfa7e18-aa49-495b-a4b7-f342b15a4d97
1983,1983,Soft Cell,Heat,4abadcc9-bce4-4130-8325-f18e3eaabe98
1983,1983-02-25,Soft Cell,Numbers,f370c7ed-7764-3325-8c54-8e1f7d32fe52
1983,1983-09,Soft Cell,Soul Inside,e83dfd1d-37d1-310d-95fa-4d6fd152ea4d
1983,1983,Solid State,Recalling You,15947403-dcbe-48f1-b518-26265199f28e
1983,1983,Solution,Bad Breaks / Move On,d003c006-88b9-40f2-b4ae-2004bd89f639
1983,1983,Solution,It's Only Just Begun / It's Only Just Begun,c0f946a9-76fb-4306-8aca-f165bdb32726
1983,1983,Sombras,Ga met me mee,c55ee783-fa0f-434b-bb40-63f0137269d3
1983,1983,Some Bizarre,Don't Be Afraid,2ce4b225-5b5d-4b01-bfe7-f05a03ba195d
1983,1983,Sonja,L’amour (is een spel voor jou),1459cd80-2f7c-4a37-ba82-6ec308645a74
1983,1983,Sound Of Steel,S.O.S. Jam / Raboe,fd4954a0-e749-480e-925f-2da6f13eb9a9
1983,1983,Sounds of JHS 126 Brooklyn,Chill Pill,e36a91aa-7610-4101-976a-6cfd05d7810a
1983,1983,Soupir,Métal,c8f3bbf9-5348-4783-a3be-7bb37baf5235
1983,1983,South Bronx Movement,You've Got the Power to Get High on Yourself,40a06bec-ab97-4529-9381-03664e4eb426
1983,1983,Sovjet War,It Became a Problem / Guns for Fun,f4b285ae-2548-4b8c-a3c0-e63fc70402eb
1983,1983,Spandau Ballet,Communication,33292f96-1b6d-41f2-9ead-0d45182177f6
1983,1983,Spandau Ballet,Gold,55d7e959-aebf-4c4a-b793-6a80b17a0e39
1983,1983,Spandau Ballet,Gold (special extended remix),97d6a08b-88e6-4bb6-800f-44e03eb8cf73
1983,1983,Spandau Ballet,True,f38de188-3c27-4c80-8b4c-7c4bace5f5d9
1983,1983,Spargo,Do You Like Me / Are You Serious?,ce25b564-4738-4585-ab6f-b2b340b0a01e
1983,1983,Spargo,Estás seguro? / Grítalo,b2df8115-4532-42fa-ae4e-9d58871192f2
1983,1983,Spargo,Groovy People / Goodbye,b3724f55-bd08-494f-a23c-c4440f612385
1983,1983,Spargo,Love and True Love / Special Love,86cfb358-e23b-4989-969e-423529f41536
1983,1983-07,Sparks,All You Ever Think About Is Sex,eacc6949-e43a-41ec-bf26-95c4a0d29392
1983,1983,Sparks,Cool Places,c5b0e5a4-e091-4f9d-b049-80e6b82427a0
1983,1983,Sparks,I Wish I Looked a Little Better,c8869bde-a16e-416a-a59d-339c597c7000
1983,1983,Spear of Destiny,Flying Scotsman,f8d51290-d8e0-48ae-aed9-0ded1b2b4960
1983,1983,Spear of Destiny,Prisoner Of Love,5b8c81b2-f64a-4d7f-a763-8cd1b1cb62d3
1983,1983,Spear of Destiny,The Wheel,dbe73609-a51e-4265-8aa2-90d2ded8124e
1983,1983,Special Duties,Punk Rocker / Too Much Talking,43d03a77-93ff-483f-987c-76b18924a55d
1983,1983,Specimen,Returning (From a Journey),445d7911-355f-3abd-9eee-92e85985bb6f
1983,1983,Specimen,Sharp Teeth,97b0d88d-9c01-4580-9fe5-8b53a4bf3c37
1983,1983,Specimen,The Beauty of Poisin,087211a7-a844-3d91-8bfe-7acfe68c295d
1983,1983-07-10,Spence,Get It On,3b6a175b-c60a-3bed-bace-9cf750d3b58a
1983,1983,Spence,Get It On,d215698d-ad7a-4993-af17-f27a4e6144f4
1983,1983,Sphinx,Bad Girl,ae4e9add-55f3-45a8-b862-035a9f2640d5
1983,1983,Spice,Lady Has to Lay a Man Tonight / Tell Me How You Feel,e17690ef-d97f-4f25-9406-76d4c54139f8
1983,1983-08,Spider Murphy Gang,Mir san a bayrische Band,918c64ee-a2d2-4147-a708-f227043c721c
1983,1983,Spion 13,Fantomer,a2fc3df5-87bc-3efb-9931-42ff44929c56
1983,1983,Spirit,Technique,d2220e69-cf1a-419c-ac9c-522aaa0580ea
1983,1983,SPK,Metal Dance / Will to Power,fffa9f16-7b58-300d-960e-73ddd1f57fac
1983,1983,Spliff,Augen zu,03908022-0510-4aa4-a6a6-9344a3bc8a12
1983,1983,Spliff,Herzlichen Glückwunsch,69ea5a59-2c19-4aa9-ab1b-fe3071bc5db8
1983,1983-03-28,Split Enz,Next Exit,cc3eeeaf-24a5-4b36-83bd-860e4b7bf036
1983,1983,Spoonie Gee,The Big Beat,9cf24b27-fe10-3ab1-9475-32c112055b3c
1983,1983,Sport of Kings,Parade,6e3287d9-b512-4bc4-ad84-6effbbc7ffa1
1983,1983,Spryng & Maribelle,Love Is... / Happiness,2e82c5b1-6da2-4479-b989-c0bc49bb6e35
1983,1983,Squires,Hold Me,bbbc64f3-ff08-4e9a-8030-9fa1910378fb
1983,1983,SSQ,Big Electronic Beat,4118a3a9-eac8-45be-9c8d-8814bade20bb
1983,1983,Stacye Branché,Precious and Special,a6fb1a6d-9abc-3936-9b84-aea5572f9fa5
1983,1983,Stafke Fabri,D’n Antwaarpsen Twist,b4479c8d-4f96-4651-8fe4-793b8409498a
1983,1983,Stafke Fabri,La Bamba oep z’n Antwaarps,6a389516-c0ee-4c6b-94a1-bcbc89c75df3
1983,1983,Stafke Fabri,Rock ’n Roll oep z’n Antwaarps,16da2f36-6977-4b58-909b-7a256f320be8
1983,1983,Stafke Fabri,"Zegemars “Rood en Wit, liefdevolle kleuren”",58517c05-38fc-4034-a5f1-f24195f2210a
1983,1983,Stage,Dreamin On The Top,57cf523a-9492-4473-a894-809cea095b14
1983,1983,Stainless Steel,The Warrior / The Axe,3549bbf7-f583-492e-a792-a847b7653ea0
1983,1983-09,Stan Bush,Fire in My Heart,1f0733d8-f1a2-4966-8526-8f20ff7c9893
1983,1983,Standby,Boys & Girls,f907c280-82ed-4bfa-9a01-2dcbb85fb29a
1983,1983,Standing Waves,Vertigo,30ed3c87-ce45-3092-90f5-953cb3f8a830
1983,1983,Stanvaste Singers,Jepi Wan Anoe,7350ba8b-d730-4131-a65e-3d0de1aed3f6
1983,1983,Star Inc,Magic Fly,4be6acf6-fd60-43c9-ae9a-cc5c6efdf6b8
1983,1983,Stargo,Capsicum,c958cb8c-1fda-4cd0-8c12-15110b366389
1983,1983,Starpoint,Don't Be So Serious,ba20b991-2fb5-41a8-b231-79cef6985b57
1983,1983,State of Emergency,Men of Action,7a97a1fd-df92-450d-ab56-4b0d27c7a463
1983,1983,Status IV,Lovin' You,50283f73-b134-4d3e-939b-74b0052618de
1983,1983,Status IV,You Ain't Really Down,016f8af7-d400-4c86-89a0-e1a51753ce2f
1983,1983,Steel Breeze,Temptation Eyes,e40c18e4-e876-4d5f-9efc-6f998c77faa9
1983,1983,Stefan Weisser,Editeditions & Contexts,cde9c011-c26e-4eec-bfc4-86a5b51cc9e7
1983,1983,Stefanie Werger,I bring kan' Hillybilly z'samm',edd09eca-3bcb-458c-843f-3c1e5215b65d
1983,1983,Stefano Pulga,Love Taker / Desideri Pensieri,2cf0d9ad-1197-4ca4-a586-e69ce69b8967
1983,1983,Steinwolke,Katharine Katharine,e84eca27-5f0b-4638-8e39-0a4c83183927
1983,1983,Stephan,"Meine Träume, deine Träume",6e817b41-ba69-4572-9571-b446b01f9a96
1983,1983,Stephan Eicher,Sweetheart,efd2fba3-36b2-449d-8d09-c86031f0a423
1983,1983,Stephanie Mills,Pilot Error,67e546df-11dd-48b3-a533-d978b25880da
1983,1983,Stephanie Mills,You Can't Run From My Love,510c7d54-e81a-4b17-a28d-e30d40f6792e
1983,1983,Stephanie Winslow,Kiss Me Darling,a43a22fb-0fe6-439d-8db2-f15d10af1cec
1983,1983,Stepping Razor,Latin Tears (Uncle Sam is Coming),4a15904d-d45f-4453-a8b0-f58ef4d85565
1983,1983,Stereo,No More,491c8df2-c2bb-4d2c-bf4c-2e6662811481
1983,1983,Stereo Fun Inc.,Got You Where I Want You Babe,5960301b-74c7-4f1b-9d2c-06b4d4520e38
1983,1983,Steve Earle & the Dukes,Nothin' But You,d77d3543-decc-4284-8b8c-772ef38fe315
1983,1983,Steve Hackett,Cell 151,cd82c81b-ecc6-4ffa-8876-905afc62dead
1983,1983-05,Steve Harvey,Something Special,2829664d-4871-4f54-931b-5a41ce847f3e
1983,1983-02-04,Steve Shelto,Don't You Give Your Love Away,86add138-42ff-4261-8722-41bfb56e53c7
1983,1983,Steve Walsh,Letters of Love,42cc2d2c-232f-4166-8d73-43d4c741c242
1983,1983,Steve Winwood,Your Silence Is Your Song,e54cbf3a-d244-4a02-a8db-2ed3f7dd64f4
1983,1983,Stevie Nicks,Stand Back,3482bad6-7fa4-3c5f-a659-ad5fbc0060ea
1983,1983,Stichting Vastenavend,Da samme 'n sport worre,cfdfa1b6-fc5a-46cc-b1bf-de53a761fbce
1983,1983,Stichting Vastenavend,Da samme'n sport worre....!!!,7860a0eb-f22c-46c6-a597-f65218122c3b
1983,1983-02-04,Stiff Little Fingers,The Price of Admission,bee2c652-9da0-47ba-ae4b-602fba63e41d
1983,1983,Stone & Charden,Carmen,ab39208f-cd23-4bc6-8b3d-7a4ba3a0b502
1983,1983,Stone & Charden,Mon père qui chantait,39eaf53a-2bed-4efb-ad6f-e5d301548d77
1983,1983,Stone City Band,Ladies Choice,51b9f36b-83c3-4d0d-863b-aa2f3cd17eba
1983,1983,Strafe für Rebellion,Strafe Für Rebellion,f1f184db-a921-4a39-b3ac-448ac4fa9b4a
1983,1983,Strange Tenants,Hard Times,8f24f68f-08c9-4894-afdf-90e63088c653
1983,1983,Strani Cocktail,American Intellectuals / Doctor Mambo / Dario Rap,dc2ce526-4ed4-4c38-857a-28865adb936c
1983,1983-07,Strawberry Switchblade,Trees and Flowers,42c617ff-f1b3-3dbf-b4b3-eb9e56dbf109
1983,1983-07,Stray Cats,(She's) Sexy + 17,e5cb79dc-317d-4554-8840-92c0701c4a3a
1983,1983,Street Angels,Dressing Up!,83a577c2-e6d4-48d6-9c24-12beac2b2d0a
1983,1983,Streetlife,Act on Instinct,a5265e71-6f34-4e24-bf5f-ede92cc70950
1983,1983,Stress,Prüfungsangst,38fc9799-6aed-4675-b6cf-6ba68a847fe2
1983,1983,Strike One,Can’t Touch Me Anymore,1356b72a-5167-4d7f-828f-b223262df538
1983,1983,Stuart a Marc Burrows,Carol Nadolig,3a98de74-8fc7-4076-b343-9eef8914954a
1983,1983,Stunt Kites,Leanora,fbd8bfcf-4a8f-4834-adb8-bb1615f49920
1983,1983,Stupid Set,Don't Be Cold (In The Summer Of Love),47530fda-9593-4336-9bee-699c8ce46ce5
1983,1983,Style,Playboy en détresse,e3026a42-3c03-4c94-92e2-7ea09b3fe516
1983,1983,Stylóo,Pretty Face,78c9ed89-34a4-48ed-96e9-4dce1dd6c48e
1983,1983,Styx,Don't Let It End / (A.D. 1928) Rockin' the Paradise,fafc5813-cab3-4de7-92b7-128c7066c784
1983,1983,Styx,Mr. Roboto,044c6c59-b711-449c-8d8a-50f399ce7151
1983,1983,Styx,Mr. Roboto,14c7918e-8dcc-3fac-a144-6c8946c0a226
1983,1983,Sub Kids,Kids of Glory,696847bd-157b-4427-b8d8-5a69dc840f25
1983,1983,Sudeten Creche,Kindergarten,68640ce5-0629-48a1-a5ba-1c98fdcc9ead
1983,1983,Sue et les salamandres,"Rock du Klebs / Fais-moi mal, Johnny",70f428a8-b5f8-42f4-86b0-79fc38b731ac
1983,1983,Sugar,キスがいっぱい,1b13d7a0-8d3f-4dca-bf51-0dd06f32c214
1983,1983,Sugar,タマゴ,aca35873-0774-4dfe-bb87-1c8e2363c996
1983,1983,"Sugar Minott & Lover D., Jerry Johnson, Hasan Bakr",Hi Hello,c3dfcdee-54da-456d-ba4c-008493293ded
1983,1983,Sugarhill Gang,Be A Winner,22fb78e8-ea1d-4809-913e-e3e83486e856
1983,1983-06-17,Sullema,Sullema homens cadê vocês/Quero ter você,11642ac7-52bb-47d5-855b-61cdea980765
1983,1983,Sunnyboys,Show Me Some Discipline,6fe47005-1904-4f46-9a18-94d0f211510e
1983,1983,Sunrise,Hier is 'Tie dan!,2714900c-c885-4ab4-bc04-c94ca1700623
1983,1983,Supertramp,Don’t Leave Me Now,7503880f-f529-4f64-8df0-04eacc4dac23
1983,1983,Supertramp,School,4651e72f-2dbd-4105-9c41-92261f08313e
1983,1983,Surface,Falling In Love,e60847a3-e4fb-487b-90d6-efc48ed76496
1983,1983,Survival,Motion,392a55a1-09c7-4c4a-bdfa-b65f9c8c0dff
1983,1983-08,Survivor,Caught in the Game,7d62969e-e335-4e72-9635-8875f54089ea
1983,1983,Susan Stevens,Boogie Walk,3f9d3974-3652-486f-b4a6-8739d7954c25
1983,1983,Susan Stevens,Get To You,0a7f4460-5dc3-4ceb-8b9b-bb35b3f14d37
1983,1983,Susan Stevens,I Love Everything You Do,4fa8d0e6-6931-4e6a-aad1-1c9b01ad3340
1983,1983,Susan Stevens,Love School,b713d0b4-8b55-448a-8f2c-f6cd2d4ed84e
1983,1983,Susan Stevens,This Is Love,b17c2442-cfd5-4f48-9931-44b785ae4f01
1983,1983,Suzan Trio,Ik ben een meisje uit ’t noorden / De kinderboerderij,915c45cb-1490-485c-b1ee-29ffe5337817
1983,1983-02,Suzi Quatro,Main Attraction,5a115efb-90fa-4252-9f81-7b4b6e0b8e13
1983,1983,Svart Klovn,Knust Knekt / Macho Manifest,66dc12b6-5362-455b-9d5a-e17bd8149ee8
1983,1983,Swallow Tongue,Got to Be There,8290b2a6-3e1c-43c9-8909-2e985927d132
1983,1983,Swans Way,Soul Train,02db4872-b8b0-414d-b09c-4f7a2a0bc4be
1983,1983,Sweet G,Games People Play,15d2924c-a84a-3b45-a1ad-83f102bf98cc
1983,1983,Sweet Heat,"Do You Like It, Like I Do",c4e356ba-f9c1-4ecc-9349-97a314b96988
1983,1983,Sweet Heat,The Best Of You,c0b1d5c1-99d8-4686-a447-6301b3b37157
1983,1983,Sweetness,Just Another Heart,24946aec-1e15-4ac4-8a65-5b2a452e6f15
1983,1983,Sweetness,Last Night A D.J. Saved My Life,6d637ab8-6d00-42cb-9541-b68166043eb4
1983,1983,Sweetness,Memory,9e7056d6-9f1c-4ad9-93c2-8ff4bc2e6903
1983,1983,Sword,I've Been Trying,8210683a-ae82-4e5a-bec1-af05ac2051c2
1983,1983,Sybiel & Wiel,Jij hebt me pijn gedaan,a7d9359a-f009-4762-8e7d-b114c52997e2
1983,1983,Sybiel & Wiel,Zonder jou,e4e07e03-4407-4b31-b172-b8c39f7aaf65
1983,1983,Sylvain Sylvain,Out With the Wrong Woman,f2ba751a-4842-43ca-98d5-05ca24cba069
1983,1983,Sylvester,Band Of Gold,55e76b45-b0d4-4b60-b1aa-8a464dd17434
1983,1983,Sylvester,Don't Stop / Hard Up,bb1005c7-d826-4b42-80d8-96e55145a81e
1983,1983,Sylvester With Patrick Cowley / Patrick Cowley,Do You Wanna Funk / Mind Warp,91e6e900-f1bf-47a5-9a8e-eda3f643c889
1983,1983,Sylvia,Anuschka / Lieve Johnny,0e7823c2-72ab-4131-a524-e9e014d36708
1983,1983,Sylvia,Dans op de akkoorden / Droom,f2cf5137-ff20-43f6-b143-52d76fd7f0b1
1983,1983,Sylvia Vrethammar,Ricardo / Ich kann aus meiner Haut nicht raus,85e4eed0-4e89-49f4-a3a7-05f2b855db21
1983,1983,Sylvie Vartan,Danse ta vie / Déprime,06bfef88-44d5-447c-aa95-74f78f853c61
1983,1983,Symeron,Tonight (I'm Gonna Have You),debc74b0-6024-4319-9393-70d7925dd592
1983,1983,Synergy,Project 5,07ad16ea-2fa2-4d14-b8e6-00f83f45d731
1983,1983,Syyskuu,Susi / Dracula,dc185623-a9cd-33f4-95e7-5adbac436834
1983,1983,Sérgio Mendes,Never Gonna Let You Go,c17cd09c-169b-3acf-b7a3-aef2c28dc576
1983,1983,Súper Grupo Colombia,La mona / Cumbia de mi cabaña,b4ac2545-8b46-468a-9b6e-863f24f7f885
1983,1983,T.B.A.,It’s A Family Affair,355f8fae-20ff-4ceb-94aa-f0f3ceab4939
1983,1983,T.C. Curtis,Bump & Slide,2ff1e952-dc0d-4cea-afb6-768d31b98bce
1983,1983,T.G. Sheppard,Slow Burn / First Things First,f4f64754-cd30-4bc3-b032-b7eee2d3ccb6
1983,1983,T.O.C. Band,Hand It Over,4cf431c8-970a-4635-9b93-e75fa57b7c93
1983,1983,Taco,Puttin’ on the Ritz / Cheek to Cheek,f057542a-ded2-4a79-a8e4-3f018ae29712
1983,1983,Taka Boom,Ride Like The Wind,ec669a54-8b4b-41b3-9625-ec3f0220a891
1983,1983,Take It Easy,Op de Bibelebonse Bergen,552e7b85-e6fe-4a27-9b3b-352d6f144df5
1983,1983-03,Talk Talk,My Foolish Friend,ff00fe4b-c76d-4e9d-82bb-10d4af0ad6a1
1983,1983,Talking Heads,Burning Down the House,52f81d27-4ad4-4085-a5d7-0e6cad9af74a
1983,1983,Talking Heads,Slippery People,4f447f17-03d7-4192-b24d-3f2a7d7b3a12
1983,1983,Talking Heads,This Must Be the Place (Naive Melody),e801e77a-e40c-417e-bf09-84966211f5c5
1983,1983,Tam,Vol.1,f0816402-da35-440a-a992-3cee74d4d658
1983,1983,Tammy Wynette,Still in the Ring,c0a3b83a-b7c4-4bc8-a38d-a5428100c002
1983,1983,Tammy Wynette,Unwed Fathers,5c01231f-5cce-44d2-8ebb-5160fbaecef2
1983,1983,Tana Schanzara,"Doch zum Glück gibts sowat nur in Dallas (Mensch, wenn ich Sue Ellen wär)",e5309e22-04b8-41f2-914d-ce913fa2ee60
1983,1983,Tandem,Gerry Kneteman,92d58526-e179-4e40-bee3-c9886151178a
1983,1983,Tangerine Dream,Cinnamon Road / Hyperborea,c1be0adf-416a-4604-9904-79a10202caf6
1983,1983,Tangerine Dream,Daydream / Moorland,86a9774a-8217-4476-9467-241cfcba8f9b
1983,1983,Tania Maria,Come With Me / Lost in Amazonia,f051e4d9-e22c-4b1a-9f41-4a2448c8b903
1983,1983,Tant Strul,Romeo och diskerskan / Den knivskurne,349abd75-e15d-4c17-b065-d7188d66873a
1983,1983-10-26,Tao,"Hello, Vifam",fee195bc-5ea4-465c-bac6-8bc4029e6853
1983,1983,Tapps,My Forbidden Lover,14c83915-18a2-4311-9fb7-b25cc79b4e03
1983,1983,Tatiana,Nederland oké,c2a70f45-ad2a-41a8-b618-30e27ab7da84
1983,1983,Tauchen-Prokopetz,Codo,059b40c6-1f82-4d9c-987b-b2a68439a6f7
1983,1983,Tavaramarkkinat,Kesytöntä kesää,41a7a440-fe53-4a48-aab0-eb278fd9947f
1983,1983,Taxi,To Miami,7697ac7c-98c1-437f-80c6-7c1f1c1d7652
1983,1983,Teai Benet,2:00 Love,4cffb602-5cdd-4853-bcb5-c878db4c0315
1983,1983-01-24,Tears for Fears,Change,734a44c8-b891-4711-bd96-eb57d2c73995
1983,1983-04-18,Tears for Fears,Pale Shelter,3214bc06-ff4b-4674-a859-b1867b7c4428
1983,1983-11-28,Tears for Fears,The Way You Are,28042434-9163-33a6-86f6-edd51499a0f0
1983,1983,Ted and the Tall Tops,Christmas in the Congo / Christmas Party,1c7d1029-ce30-41b8-b6b2-bb387eee4b09
1983,1983,Ted Baryson,I Wanna Get Close to You,d8ac7438-9696-4923-bd06-42a3e6d1f538
1983,1983,Ted Baryson,W. Love (You and Me),2dbdd553-7030-455b-83d5-b8d7209c22d2
1983,1983,Ted Herold,Gemeinsam sind wir stärker,f78d9174-8f19-42bc-9f35-c9531b62bf8d
1983,1983,Ted Herold,Rock 'n' Roll Is King,388f4e07-eab9-4ab3-9afd-338888a07f99
1983,1983,Teena Marie,Dear Lover / Playboy,b34e9c49-3cc5-41f1-83ca-3412f24683fa
1983,1983,Teena Marie,Fix It (vocal version) / Fix It (instrumental),d35134e1-2188-4659-8695-eb668c31d248
1983,1983,Teena Marie,Midnight Magnet / Midnight Magnet (instrumental version),187dee20-8b89-4055-8a58-52fffba2e022
1983,1983,Tek Houkes,Jopie Slim en Dikkie Bigmans / De jongen van de bakker,7217ef92-b651-4c88-9cad-48eb48bf34f9
1983,1983,Television Personalities,A Sense of Belonging,f2f55f06-8cac-41a6-88ef-eb0b6db58c27
1983,1983,Terri Wells,You Make It Heaven,4b3e54e4-395a-43b1-aa97-f1fbf98ec523
1983,1983,Terry Burrus & Transe,Love Rockin’ / Love Rockin’ (dub version),75bae5ed-1e8a-4815-a97f-ec283d3ebc67
1983,1983,Test Dept.,Compulsion,3930f7a9-c5c5-3278-895b-7d967619a8c4
1983,1983,The 4‐Skins,Norman,56c61e1d-8cdd-47b6-981a-74a6d35fcc10
1983,1983,The Ace Cats,Heut Nacht / Ich will Rock'n'Roll,73d7ba93-a76f-4c21-836b-586ebd0cfef4
1983,1983-05,The Adicts,Bad Boy,ddd690c9-b4d7-47fb-805d-a3a85c1cc42d
1983,1983-09-12,The Alarm,Sixty Eight Guns,51c3950e-959c-331b-aca1-90343bba0cdd
1983,1983-04-01,The Alarm,The Stand,5e7d4bc7-662f-32d0-a69c-43334d650aff
1983,1983,The Allies,Emma Peel,7115b520-b1bb-33d6-8aef-c784ac905b86
1983,1983,The Allniters,Hold On,9b7e6660-18f0-403e-b5de-15544b8b82c8
1983,1983,The Allniters,Love and Affection,a819715c-6299-41a3-9f05-4db1097f24fd
1983,1983,The Allniters,Montego Bay,de82d2da-c27f-4ab1-bac6-3c272c012837
1983,1983,The Amazing Stroopwafels,Hawaii blues / De dakpan,78e0b231-02e4-45c9-905a-15e3ae5d09db
1983,1983,The Angels,Dance With Us,7244c129-4705-47e5-8a30-e9a623bf77ee
1983,1983-07,The Angels,Live Lady Live,c4cafca6-78bf-463f-a79f-eee1cfda7b47
1983,1983,The Apollinaires,Put People First,6e236f7b-d5dc-41c6-9fc7-90b087683f04
1983,1983,The Artists Mean,Love You,ddabbf76-2c7f-4da7-a11d-12cba75540eb
1983,1983,The Assembly,Never Never,ac371352-4f2d-366b-a2bb-e8c4ffad74fc
1983,1983,The B-Boys,Rock the House / Cuttin' Herbie,d746c89c-38e3-34fa-9c67-81832fbda880
1983,1983,The B-Boys,"Two, Three, Break",75538045-b244-36f5-94a8-d98a7735cede
1983,1983,The Band AKA,Joy,eb36609a-c4fb-46ef-aa64-edfbda89879f
1983,1983,The Beat,Can’t Get Used to Losing You (1983 remix version),13c1ff9f-1207-4f42-b15a-1b94f3d55f4a
1983,1983,The Belle Stars,Indian Summer / Sun Sun Sun,64fc9d24-8cdb-4ee9-aeb5-7b1b5c15b47d
1983,1983,The Belle Stars,Sign Of The Times,83db5a61-9d49-458f-b663-875713bb35b7
1983,1983,The Belle Stars,Sweet Memory,6dac008b-11a7-39c0-94ca-1cc8419159f9
1983,1983,The Belle Stars,The Entertainer,05c30798-a1d0-33c7-a065-4e2cef90a916
1983,1983,The Bic,Musica Pop,871f8bb1-c101-4fe7-9cfb-795d7d40005b
1983,1983,The Blasters,Barefoot Rock,a1057ce2-5c1b-4150-886d-672ec8f87b32
1983,1983,The Blasters,Red Rose,069f6ce0-8736-40ae-ba24-59ecd1f5d5b8
1983,1983,The Blue Denim Band,Spunk in the Funk,5f8fd89e-3e53-4c1e-9b1f-0b2aa886143f
1983,1983,The Blue Mist,Rozanna / The Missing End,6b2d518d-024b-4105-9055-5b7a7bf520c0
1983,1983,The Body Electric,Imagination,7a57e05a-2702-4529-9b7d-ec865a1a199f
1983,1983,The Box,Old Style Drop Down,5eac990c-3255-31c4-881a-d12c805b4b5d
1983,1983,The Boys,Värme,36ad8cdf-a7b4-4806-8c68-5cec2a6b6caf
1983,1983,The Breeze,Love Me / Breeze Rap,aa7d8bd2-9e1a-44c4-beef-66acfcacb113
1983,1983,The Brigades,Janis Would Say,8cb82db7-c831-4a7e-856d-3a0578a686dd
1983,1983,The Brilliant Corners,She’s Got Fever,3a488aba-0e8d-4bc1-8644-4d1fc1252ba5
1983,1983,The Broads,I Got Rhythm,5008cd8f-71f5-4658-bf22-7b63c209b4d5
1983,1983,The Broads,Sing - Sing - Sing,53cfe7fe-645c-4c30-8b68-24e45240edb5
1983,1983,The Buffrey's,Ome sjaak / Bier,db0c05d5-cb2a-46af-8523-4f33296c0fa9
1983,1983,The Catch,25 Years,7bcb9353-c1ea-39a5-8e63-b91616190233
1983,1983-01,The Cats,La Diligence / El Paso,9c118af3-9bf6-4c7a-bb7d-f8c9ee7c0f4a
1983,1983,The Chameleons,A Person Isn't Safe Anywhere These Days,3ff7643d-c452-4a78-96e0-7dcaa53960f5
1983,1983-01,The Chameleons,Up the Down Escalator,7b318eb5-74e9-4324-99f2-e8e6fc00d2d8
1983,1983,The Chi‐Lites,Changing For You,b32c3d24-2d60-4abc-90a2-1469fc892047
1983,1983,The Coconuts,Did You Have to Love Me Like You Did?,8eb5cfd5-c851-4448-949c-e79f6dd4966e
1983,1983,The Coconuts,If I Only Had a Brain,86b06e40-24be-483b-a1b2-74f967d28340
1983,1983,The Coconuts / Iron Maiden,Did You Have to Love Me Like You Did / Flight of Icarus,1f506af5-2335-48bb-a59e-c1e03be947c5
1983,1983,The Cramps,I Ain’t Nuthin’ but a Gorehound,725216a4-77b3-49da-90c1-7fb5d4b6a711
1983,1983,The Creatures,Believe in Yourself,c33a5a52-f1a6-4f35-8078-cbe272a618ec
1983,1983,The Creatures,Believe in Yourself (remix),34728590-e418-481a-aebc-439f18818d3d
1983,1983,The Creatures,Miss the Girl,3406dd73-7865-4923-a0dc-1ee642cf6fcb
1983,1983-07,The Creatures,Right Now,8d82d934-4f9a-4605-8921-b5251aed3652
1983,1983,The Cunts,Open Your Mind,339e766e-2e3c-304c-980a-d3b901fb226a
1983,1983,The Cure,Lament,12faf3ff-22ec-4424-b937-bf2bb72d4599
1983,1983-10-18,The Cure,The Lovecats,c8a6e616-55fc-316c-8606-855356ae4f27
1983,1983-07-05,The Cure,The Walk,d8cc6e30-a9cf-3965-90da-188e0bd7128c
1983,1983-10-25,The Danse Society,Heaven Is Waiting,0765ed8b-ee6d-4baa-93c7-b136526b8f67
1983,1983-02-25,The Danse Society,Somewhere,61a76565-02e7-443e-bc84-f6367f729021
1983,1983-08-19,The Danse Society,Wake Up,c82a9f6e-2c05-4b4b-b895-2cc170fa6af8
1983,1983,The Defects,Suspicious Minds,a02d7a95-406f-464f-8a23-7460442b2e6e
1983,1983,The Diamonds,Heatwave,810a1d28-7e23-45a0-826d-7cebbf491496
1983,1983,The Diamonds,Utrecht,e8382001-97ad-44bf-a9ca-3252e4b3ccc1
1983,1983,The Dickies,Unsafe Sex Vol. 1,eb683250-42f8-4700-bc6b-2452e1bcb245
1983,1983,The Dickies,Unsafe Sex Vol. 2,a2d2120b-83ba-4880-bf8a-518bb3c373f3
1983,1983,The Doobie Brothers,You Belong to Me / South City Midnight Lady,98d98923-94eb-4055-8ed5-cc7c8d3da7fd
1983,1983,The Doors,Gloria,11dc47e4-fbd1-4e7a-89e8-4582c6f751d0
1983,1983,The Drivers,Stolen Treasure,83a09183-951f-4804-8ea5-0ab81224b1cb
1983,1983,The Drivers,Tears On Your Anorak / One Kiss,7630d788-289e-469f-8bbc-6db883acdfea
1983,1983,The Drivers,Things,45ce6044-30f7-4b8c-bafc-bd1ecee58760
1983,1983,The Dubliners,Button Pusher,16f40d61-7530-464a-b195-361ab91247bb
1983,1983,The Dukes,Lekker Stappen In 't Weekend,520047c8-3b7c-42b1-a6a9-ff752ab5a823
1983,1983,The Dutch Boys,"""Ik Proat Plat"" / Boerenboogie",e68178cc-0e27-40c8-998d-d67e9e3bb0d2
1983,1983,The Dutch Boys,Mien zwien / Boer Harms wordt millionair,23a9dbad-2f33-4875-a51a-9524098a24a4
1983,1983,The Edge,Death to A.O.R.,478fac41-8028-3959-b94f-a4ab02f52ad1
1983,1983,The End,Holocaust Hop,4572cc74-b3f1-30ed-beeb-7a6d7029ac1b
1983,1983,The Enemy,Last Rites,25b5b8b2-4de6-315f-af38-cd003c571fb6
1983,1983,The Escalators,Something's Missing,cb14755b-fdbf-4e93-9420-d288644b2c18
1983,1983,The Escalators,The Munsters Theme,f7ad2541-3a9f-41de-88c7-3b1c7abc8a12
1983,1983,The Expression,With Closed Eyes,fafc1197-7fa3-3e70-9a5f-065a8b527e3c
1983,1983,The Fabulous Wealthy Tarts,The Last Time,60f9934e-3117-4411-b3ea-c33c3d0bc70b
1983,1983-10,The Fall,Kicker Conspiracy,af5dcf93-691b-3310-8555-2e7a6e21d06f
1983,1983-06,The Fall,The Man Whose Head Expanded,03eaf762-80cf-3f05-811d-5f694309cfa5
1983,1983,The Family,Give Me 50 Cents / A Never Ending Song of Love,34641e73-e094-4b3b-b3d1-5004bb8f3f0f
1983,1983,The Fantastic Shakers,Call Collect / Smile,939d2901-b9fd-49d2-b9ec-ea2c43a80111
1983,1983,The Fantastic Shakers,Myrtle Beach Days / A Beautiful Morning,bb974501-34c7-4b04-9561-658e87c660d2
1983,1983,The Fantastic Shakers,She’s Got My Number / High on Love,90bc5355-0912-440b-8c89-6b545c46b1ee
1983,1983-07,The Farmer's Boys,For You,3cd15f9a-2766-3cb2-b909-1bddf54cff0d
1983,1983-04,The Farmer's Boys,Muck It Out,8e8a436e-82e4-30cf-b064-44671f464a47
1983,1983,The Fatback Band,I Found Lovin’,9e289168-b04b-4916-8977-986feb9bbde3
1983,1983,The Fearless Four,Problems of the World,30ea55fd-a676-3061-b429-39814ab6fe60
1983,1983-08-18,The Fixx,One Thing Leads to Another,a20572d3-0579-40f5-9c38-62e15fbc20f4
1983,1983-05-12,The Fixx,Saved by Zero,205fbe30-1de8-451c-93b4-136d8840c372
1983,1983,The Flirtations,Earthquake,6b93941e-fbb3-4b45-80f5-a172211d1b6d
1983,1983,The Flirts,Calling All Boys,c16ad0c7-c172-46c3-8291-1b0527eeb531
1983,1983,The Flirts,Danger,ff334b2e-c180-4dda-85c1-d12bbb9c9abb
1983,1983,The Flirts,On the Beach,3a48e3ef-078f-4799-a7c0-ea28249c9086
1983,1983,The Flirts,We Just Want to Dance,ce2229b8-6e46-4337-a18a-d938644c99a7
1983,1983-11,The Flying Pickets,Only You,290411c0-aeae-46a4-b9bd-5e8e6780db95
1983,1983,The Fraggles,Fraggle Rock,8b7f5b12-1f83-4f72-bd1b-e6eae1dbc555
1983,1983,The Funk Masters,It's Over,55c22aa6-ce8d-4020-966e-8b9427879657
1983,1983,The Gap Band,Party Train / Shake a Leg,c819a4ca-d492-4133-b0f7-f14c2e72d8a5
1983,1983,The Genocides,Honey. This Ain't No Romance...,a1add565-a1f9-4b62-8879-393393afc27c
1983,1983-08-09,The Glove,Like an Animal,d1934cfb-0a49-47ea-b6c1-e1af0685b549
1983,1983-11-15,The Glove,Punish Me With Kisses,8fe38e67-ae64-3c82-a6c2-8e938696cfbc
1983,1983-02,The Go‐Betweens,Cattle and Cane,50629a5d-d8fd-4207-8ead-691d460da59a
1983,1983,The Go‐Betweens,Man O’Sand to Girl O’Sea,128c1468-d8d8-4b0c-b2b4-b26dcc4cc3ec
1983,1983,The Group,Technology,865781a5-cba0-4136-8cf0-efa234ce9d6d
1983,1983,The Gymslips,Big Sister,73378466-a3de-445f-acc1-d612a998807f
1983,1983,The Gymslips,Robot Man,aecabcf7-8904-4531-bb45-26ef075acc0c
1983,1983,The Hearts,Doe de gordijnen dicht,2ef4a902-95c0-4dcc-a6cb-34f886d6fd16
1983,1983,The Henchmen,Do the Maelstrom,70eaa597-16fb-43fb-8c37-84320ab4da47
1983,1983,The Higsons,Push Out the Boat,860ced00-a735-408d-879e-250964c6dbfc
1983,1983-02-07,The Higsons,Run Me Down,e7fa1bd6-409f-31b4-85f9-13e6370d472c
1983,1983-04-11,The Human League,(Keep Feeling) Fascination,3fb143eb-6fac-4689-a97b-52c55b567757
1983,1983,The Icicle Works,Birds Fly (Whisper to a Scream),b4754c44-76c4-4805-a3f6-fd33d0f42b6d
1983,1983-11-04,The Icicle Works,Love Is a Wonderful Colour,7c39c3a7-126a-4078-91c3-2f3be19a67ed
1983,1983,The Impolight,Oh Baby Oh,d38318e3-b400-4040-a43b-11b03dea3f16
1983,1983-05-27,The Imposter,Pills and Soap,5c824968-b498-4b24-9731-21db28208a89
1983,1983,The Information,Just du,819f19c6-3d83-44c6-8aa6-4f176cdc097c
1983,1983,The Ink Spots,"The World on Fire (I Don't Want to Set...) / We Three (My Echo, My Shadow, and Me)",c19de1e9-1441-4216-a620-5fc8b92c5627
1983,1983,The Isley Brothers,Between the Sheets,d559ba4a-b698-4568-9236-99fa50410326
1983,1983,The Jazz Butcher,Southern Mark Smith,06def04c-244f-46d8-a01b-c8b132d3ed4c
1983,1983,The Jodelles,My Boy,535532ef-a7b6-44f5-9c62-5088a767eabb
1983,1983,The Johnnys,I Think You're Cute,6d0a4d2f-01e4-4050-9e6c-8a7ffb784d59
1983,1983,The Jonzun Crew,Space Cowboy,9fd1a7c1-beb6-48d6-a9b2-19449f108c73
1983,1983,The Jonzun Crew,Space Is the Place,f8627e5e-bbc4-4e99-a58f-5f8e40e6e712
1983,1983,The Jonzun Crew,We Are the Jonzun Crew,fc5854c2-3b12-4c8a-ab9d-c0e59b404079
1983,1983-11,The Judds,Had A Dream (For The Heart) / Don't You Hear Jerusalem Moan,22005116-d18b-4941-9c14-10f86258d3c1
1983,1983,The Kamikaze Sex Pilots,Dark Knight of the Soul,61c07e75-d89a-4bac-9ac0-b67060f87baa
1983,1983-06,The Kids From Fame,Body Language,8f869d2d-c6bd-4c7d-aabb-1bc76c036929
1983,1983-02-01,The Leather Nun,Prime Mover,ff944889-fdd6-4aa1-ac07-314ee93256dc
1983,1983-08,The Legend,'73 In '83,53bb0e33-33d7-4c8c-8da8-3ffa400559b8
1983,1983-10,The Look,Drumming Up Love,c13436e7-e470-4529-9f92-cf76b3f542c6
1983,1983,The Lords of the New Church,Dance With Me,b74d24a8-5bc6-4a6b-bd9d-e0193e72df90
1983,1983,The Lords of the New Church,Live for Today,e3f589df-9aaa-459c-a836-face3d7d826a
1983,1983,The Lotus Eaters,The First Picture Of You,defd34c4-a7ca-4c02-a3bf-165c1e97aff9
1983,1983,The Lotus Eaters,You Don't Need Someone New,ebcf09a1-3391-324e-80b6-a01379e18b48
1983,1983,The Lurkers,Frankenstein Again,5b8ef144-4466-445e-8220-c13884a59e85
1983,1983,The Main T Possee,Fickle Public Speakin',932538a6-589b-49f7-b010-2c8b9dc6ade4
1983,1983,The Manhattan Transfer feat. Frankie Valli,American Pop,4a4678c5-ec3e-46f0-b133-fd8777c4c1ea
1983,1983,The Mario’s,Alleen zijn,b0cb3636-7e12-487c-8065-550f9f501ca7
1983,1983,The Members,Going West,d5b7311d-6271-458f-8b06-d156ac1513fd
1983,1983,The Merton Parkas,Flat 19,1b94f646-78f0-4f23-bb3f-4132ba15d7c2
1983,1983,The Mess,Dancin' With Eyes Closed,228f2b60-a23e-4986-9a90-dfb54050e75a
1983,1983,The Miami,Dont Let It Get Under Your Skin,efb89c20-6714-4294-92ec-b90a40c20f1a
1983,1983,The Miamis,Vamos A La Playa!,ae440804-d113-4dc7-a013-088ec5ffb72c
1983,1983,The Mob,Step Forward,692775a1-13d1-3af3-855f-5af469f54cf5
1983,1983,The Mob,The Mirror Breaks,48ca8a9b-9092-3deb-8449-cffce63d032a
1983,1983-09-21,THE MODS,激しい雨が / TWO PUNKS,09794407-48fb-4ab7-bb6a-1cb3ffe5f6b0
1983,1983-03,The Monochrome Set,The Jet Set Junta,95b08a15-e98d-3083-952b-b5cc3587866d
1983,1983,The Moodmakers,Moedermijn,0ff1431c-c820-448a-8feb-1028aa242705
1983,1983,The Moodmakers,Wie o wie,6d522051-40bf-480b-88a0-2dc46c9a4ef6
1983,1983,The Narcs,Look the Other Way,f3b14e56-e7db-4fe8-8619-d5ea357a5ec7
1983,1983,The Neon Judgement,Cockerill-Sombre,203e5cfb-d07b-426d-8f76-bca0eae91cc3
1983,1983,The New Flamingos,In the Pink,a4e2cacf-9328-4b00-8a76-6ebfde6522c7
1983,1983,The Newtown Neurotics,Blitzkrieg Bop,4477ca6d-90d8-4a46-a54a-27c971122a2d
1983,1983-02,The Nightingales,Urban Ospreys,ca8dec82-86b7-49e4-8515-09cb7495989f
1983,1983-01,The Only Ones,Silent Night / Baby’s Got a Gun,6493a548-58cb-4bc2-9114-3f4f598095db
1983,1983,The Oppressed,Victims / Work Together,a7082dbb-92be-4661-b887-7039756e607e
1983,1983,The Outcasts,Nowhere Left to Run,d308eafc-3ed6-3512-b6bb-cb24b9e3b835
1983,1983-04,The O’Jays,Love Train / Backstabbers,95c124df-a27a-445a-b595-d72ff13352d1
1983,1983,The O’Jays,Put Our Heads Together / Nice and Easy,6db02d32-b426-402c-9fe3-5a9e19bb059a
1983,1983,The Parachute Club,Rise Up,4ab5d21d-13b3-488f-8024-2bd9bfed28fc
1983,1983,The Partisans,Blind Ambition,96948b65-4495-4da3-959f-d451391a0b05
1983,1983-03,The Passage,Sharp Tongue,c6368557-653e-32cd-a5ff-08a16f509f2d
1983,1983-04,The Pastels,I Wonder Why,5ee3db66-6dcd-4d69-8316-61c26afb911d
1983,1983,The Picknicks,I’m Alone / Too Hard to Believe,a41bcf2d-af3a-466b-a6cb-fc197c8da359
1983,1983,The Pinkees,I’ll Be There,2297fc4b-ebae-434d-9bd1-84be8727cad5
1983,1983,The Piranhas,Easy Come Easy Go,f697cc11-c16c-471a-a98a-e1970caef072
1983,1983-09-21,The Plimsouls,Oldest Story in the World / Hobo,371eb3c8-0347-43a9-8535-b8f67fa8f35a
1983,1983-05-20,The Police,Every Breath You Take,8c102670-f3d4-45e9-be3b-72c96ef69c88
1983,1983,The Police,Every Breath You Take (backing track) / Roxanne (backing track),e671ae83-ed2e-468e-a2c1-ebcabb802b9b
1983,1983,The Police,Next To You,19700d58-aaf3-4f34-b991-7c6162c720ba
1983,1983-10,The Police,Synchronicity II,ebae0d3d-a690-4ad6-be3e-9aacfa98e308
1983,1983-07-01,The Police,Wrapped Around Your Finger,f191fc41-b189-44d6-acb4-6fd277d6845c
1983,1983,The Pool,Dance It Down,1200ae31-6010-458b-9436-deb9ac95cab4
1983,1983-11,The Pretenders,Middle of the Road,12408b1b-d3d5-4b68-874d-f5ea09c5308e
1983,1983,The Pretenders,Show Me,fc6c3487-4230-4265-b48c-6f25e0e4d74a
1983,1983,The Prime Movers,Chances,213a5215-45ab-47c6-bb7b-24b699b671cc
1983,1983,The Puppets,The Way of Life,91171b08-c0ff-44f8-8e25-8d5138b45e8f
1983,1983,The Radars,Banana Boat Song,8d9e24fd-259d-4697-963d-a9cfbd7e41bf
1983,1983,The Radars,That Lucky Old Sun,23b0b3e1-2e10-426d-ab0f-bb01f6b0fddd
1983,1983-11,The Raincoats,Animal Rhapsody,826c2a08-85ea-4383-9f58-33959b03ca6a
1983,1983,The Rake,Street Justice,66595c8b-b827-3fb2-87fb-68ad0ff5f1ff
1983,1983,The Rapsodies,Die kleine merel,467cc752-eeb8-4180-b199-08bd5d9a6378
1983,1983,The Rapsodies,Kijk eens heel goed om je heen,6c5d1abf-097f-455f-a12f-a0fea1b853f8
1983,1983,The Rapsodie’s,Ik heb je vrijheid terug gegeven,96b9b758-4d24-4feb-957b-23c871f9ab02
1983,1983,The Rapsodie’s,Ik zal wachten,9e5bd039-34a2-43ba-b654-831ddd479fb6
1983,1983,The Red Rockets,Kleine blonde Marian,51192ffc-03b0-4a89-ac24-ab1d17ccbd72
1983,1983-08-08,The Redskins,Lean on Me!,3d399514-52b4-32ad-8d44-d49c59bcd8f4
1983,1983,The Reno Brothers,Claudette / Wat moet ik doen,8ccd9c09-775c-48f5-84d9-4797498cae6b
1983,1983,The Revillos,Bitten by a Love Bug,1f571a4e-66cc-40fd-9e88-7ba909ecae6b
1983,1983,The Revillos,Do the Mutilation,8ed43ff7-f153-4b5c-8d26-99ab28a0f4dd
1983,1983,The Rock Steady Crew,(Hey You) The Rock Steady Crew,0615d234-d358-4860-adf2-e625683eac74
1983,1983,The Rolling Stones,As Tears Go By / Money,135f3aaa-8fab-4194-a26d-600a7631f6e2
1983,1983,The Rolling Stones,EP 2: Drift Away,bdc808d5-b07d-4d08-8f3f-e61895c34b61
1983,1983,The Rolling Stones,Paint It Black / Let's Spend the Night Together,fb977727-8b41-48f6-a953-9b808d27bd06
1983,1983-06,The Rolling Stones,Rolling Stones - Le Film,bf966b36-99bc-445d-9c23-57b98b397f77
1983,1983,The Rolling Stones,The Last Time / Get Off of My Cloud,43370bff-7619-4f07-bafd-68e14fc3f2b4
1983,1983,The Rolling Stones,The Rolling Stones 20th Anniversary Collector's Kit,33945ad1-b86e-4de1-ac43-bd5bfd54ff5d
1983,1983-12-02,The Rolling Stones,Too Much Blood,c05090e8-482e-47ef-b0ab-277112332a2f
1983,1983,The Rolling Stones,Too Much Blood / Undercover,f6811af9-45ff-4115-bf60-d787c2ba2a84
1983,1983,The Rolling Stones,Under My Thumb,568f3731-35da-48c6-8b98-bbd4e38b1edf
1983,1983-10,The Rolling Stones,Undercover of the Night,1fc2f74c-3c85-3a00-bd9b-b28d470615b3
1983,1983,The Romantics,One in a Million,e4a9aca7-ed93-44c4-bfbf-923af97b3be5
1983,1983,The Romantics,Talking in Your Sleep (special remix),546be6e2-8fc6-478e-94a5-a82d2599e391
1983,1983,The Ronettes,"Baby, I Love You / (The Best Part of) Breakin’ Up",013bc095-c394-4a25-a3db-6f4865e1eb21
1983,1983,The Ronettes,Do I Love You? / Chapel Of Love,701b33bd-70cd-431c-83a7-f755ab5d7e1b
1983,1983,The Ronettes,Walking in the Rain / Born to Be Together,2d2a2a26-c181-4903-ba7c-2fa2e8026ff4
1983,1983-07-01,The Roosters,C.M.C,735648c7-547a-4a62-a642-91de39ff3f0f
1983,1983,The Rotor,"Wrong Rights / Rights, Wrong",98cb2c1b-e7ce-428c-bbdc-2a89df36bcef
1983,1983,The Rubinoos,If I Had You Back,e4b828e6-0968-4904-a70b-62d2245c77a2
1983,1983-05,The Ruts,Stepping Bondage,34b572e8-f74a-4d74-919a-dd25df70cafc
1983,1983,The S.O.S. Band,Just Be Good to Me,7814ea76-bc8d-4882-b359-fbee965c93be
1983,1983,The Salsoul Orchestra,Ooh I Love It (Love Break),8e622989-941a-4ff4-a61e-882524551460
1983,1983,The Scabs,Matchbox Car,1751c798-1d88-4a49-945b-54b37971fca0
1983,1983,The Schemers,I Want Some Fun,fe00ae04-21e3-4bf6-8ed2-df3d2257b0fc
1983,1983,The Scrabbles,Once Upon a Time… The Scrabbles Beat,1f3ff037-b3db-46e0-94eb-c08d53ca5dec
1983,1983-04,The Shirelles,Will You Love Me Tomorrow / Soldier Boy,5446bf6b-e9ac-44f1-a46f-5607581977c6
1983,1983,The Shorts,Comment ça va,3b287c46-550b-4889-a489-f7fe29cdce47
1983,1983,The Sinister Ducks,The March of the Sinister Ducks,4d156169-7b97-3758-880a-511a6f5dd028
1983,1983,The Sisters of Mercy,Anaconda / Phantom,fc77df14-95ce-47ef-b919-6d7647e8c664
1983,1983,The Sisters of Mercy,Temple of Love,e2d487e5-eb52-38c4-9471-44ab57580f9f
1983,1983-09-12,The Slickee Boys,When I Go to the Beach / Invisible People,25d394bd-e8bd-4c3d-9fa7-13cbd6d59679
1983,1983-05-13,The Smiths,Hand in Glove,90df90fa-365b-3215-93d3-b33245e7b8a3
1983,1983-10-28,The Smiths,This Charming Man,16d80b1e-b179-4e9a-9b70-814d5011bc33
1983,1983-11,The Soft Boys,He’s a Reptile / Song No. 4,6fbc5f67-79f0-3f16-bc83-0b028ed35448
1983,1983,The Sound / Ensemble Pittoresque,Mining for Heart / Tetra Kilo,7438127b-5414-46f3-ad3e-ea7d7e7b1d63
1983,1983,The Special A.K.A.,Racist Friend / Bright Lights,48343b5c-763c-4908-9e00-827535bc8b90
1983,1983,The Stevens Bros.,Smoke and Fire / Love Crazy,1151a990-91ef-4938-b201-f4b8da36855e
1983,1983,The Strand,You Saw Me Swimming (The Dolphin Song),6a33f65a-14a9-4c5d-82e5-f0031569922f
1983,1983-02,The Stranglers,Midnight Summer Dream,c69c1d13-5fcf-3bcb-8225-3ac858065b2e
1983,1983-08-06,The Stranglers,Paradise,32661410-c7a7-3aed-b0f5-ddd7dc0c2c5b
1983,1983-11,The Style Council,A Solid Bond in Your Heart,2c4ad78c-fb5d-4e80-9f4f-7d57ede3ce79
1983,1983-08-16,The Style Council,Long Hot Summer,8b8bb13f-46cf-4537-ba21-8430a31d38af
1983,1983,The Style Council,Long Hot Summer (Don’t Matter What I Do),b872cf12-67fd-40c7-ba50-5f2d3bdd206d
1983,1983-05-21,The Style Council,Money‐Go‐Round,2b0978a9-4b7a-4465-869a-3de64efe856e
1983,1983-03,The Style Council,Speak Like a Child,2d5a88c8-de51-4e81-b026-b95b8a168dfd
1983,1983,The Suburbs,Love Is the Law,826ebe30-3310-4bfc-8c38-88c5f8b4f32f
1983,1983,The Suede Crocodiles,Stop the Rain,947f8be1-5201-4341-9d1c-975216113858
1983,1983,The Sugarhill Gang,The Word Is Out,93e91526-fb72-4922-88f1-8027a0f3f419
1983,1983,The Sunstreams,"Moesje, weet je wat ik droomde / Verliefd op ’n soldaat",0193c6e3-cb08-420b-b105-cf07b98b162c
1983,1983-03,The Swinging Laurels,Lonely Boy,77883102-8b89-4fa5-b125-11b3f4712fb4
1983,1983,The Teardrop Explodes,You Disappear From View,66278944-0475-4571-a97c-0add72f08298
1983,1983,The Technos,Foreign Land,dbfdda70-7e51-4f17-9930-0870e844caef
1983,1983,The Tempest,Lady Left This / Attic,e009cabd-b874-47cf-bce6-5d40e19e3da4
1983,1983,The Tempest,Montezuma,91ee4cc5-13c5-38e5-a0dd-4a57b0fae90d
1983,1983,The Temptations & Four Tops,Medley,49972ff9-5566-4dfe-a2e3-5e8e82725e8b
1983,1983-02,The The,Perfect,b534e5ba-6fda-4023-bc9c-85ccc6c118b8
1983,1983-09,The The,This Is the Day,7af3adc6-dcde-4e63-b6db-eda99f0fbf34
1983,1983,The The / The Sines,Dumb as Death’s Head / Johnathon,bc40fa66-0f8b-4899-9767-fcfd857ac9c8
1983,1983,The Thought,I Had Too Much To Dream Last Night,4a948c8b-b312-40d1-9e69-b8c50c57195b
1983,1983,The Thoughts,Wait a Long Time for You,34565d30-5918-4e25-a2cb-08e96d4a4d75
1983,1983,The Three Johns,A.W.O.L.,95a93180-37c6-37b5-b32a-4781cc27968f
1983,1983,The Three Stooges,Christmas Time With the Three Stooges,547b88ab-1798-4142-afc2-f98bdfaeea16
1983,1983,The Three Wise Men,Thanks for Christmas,f0969c6a-ede8-450e-aa6c-f46ae18471f2
1983,1983-03,The Time,Gigolos Get Lonely Too,da2538c5-9b62-4b69-a9e2-01431cac2986
1983,1983,The Tom Tom Club,The Man With the 4‐Way Hips,f02a423f-13a4-4715-a20f-646e56eac809
1983,1983-09,The Toy Dolls,Alfie From The Bronx,b4fe9949-9c9c-483b-986b-008930fd7681
1983,1983-08,The Toy Dolls,Cheerio & Toodle’Pip,54fdb32c-53b0-3b6b-955b-cb368f4d8c78
1983,1983,The Trammps,Up on the Hill (Mt. U),a46207d2-71ba-4c3f-98fc-fef0d59d611d
1983,1983,The Treacherous Three,Action,7c9af32e-29ea-4068-9ad5-56b5dd4b9db2
1983,1983-03,The Tubes,She’s a Beauty,bfc70c66-134f-45b7-8be1-f30e8b6672a2
1983,1983-09,The Tubes,The Monkey Time,73fa528a-789d-4dfc-8a98-04f62ad67f3d
1983,1983-07,The Tubes,Tip of My Tongue,5ca72759-a2d1-4934-87b1-a55dfac46280
1983,1983-10,The Twins,Ballet Dancer,220061e9-ed12-46ae-9dbe-c5016461dc29
1983,1983,The Twins,Not the Loving Kind,505796fb-1694-4607-94ba-4f7bf7c14152
1983,1983,The Undead,Verbal Abuse,9f96ced8-c083-4ed3-9e1d-321ee3542e2c
1983,1983-04,The Undertones,Chain of Love,dc61e311-cfc1-4f09-914c-80e861880de4
1983,1983-02,The Undertones,Got to Have You Back,3ccfdaff-04e5-46d0-8dc5-51cd3da8c8a0
1983,1983-11,The Undertones,Teenage Kicks,ecdc1044-8914-3c70-8188-c8dafea6c50f
1983,1983,The Unknown Cases,Masimba Bele,d6f48740-5562-4a11-bfc8-0fc50149292f
1983,1983,The Varukers,Die for Your Government,9c72bf03-2646-3a5e-9931-b5d27cab1606
1983,1983,The Verlaines,Death and the Maiden,97f51ecb-bd1e-49f9-9217-a0f83f510750
1983,1983,The Very Things,The Gong Man,366004e7-9e80-3eb6-b8f9-f1f57a5ad4ad
1983,1983,The Vetos,Not Tonight,9dd399b5-b8c4-4fcc-a520-b876b6186c5d
1983,1983-05,The Vibrators,Guilty!,cef50708-4635-3019-968a-be5d4b49375b
1983,1983,The Vibrators,MX America / Shadow Love,08495d46-12d9-4f16-80a0-07537dd14b1a
1983,1983,The Voices,Beauty Is the Beast,4db7fc01-0f8f-416f-afc3-5027eefdb04d
1983,1983,The Waitresses,Bread and Butter,e4a2eea4-7bd0-43dc-ad16-004c260cb9c8
1983,1983-10,The Wake,Something Outside,618c0e29-91f9-4a08-b0f9-2a52db5fcc91
1983,1983,The Walkers,"Oh, Lonesome Me / Jack O’ Diamond",4b7c733d-3efe-4594-8e68-d18f3069c2ed
1983,1983,The Wallets,Twas the Night Before Christmas,3528dffa-c4a2-40cf-a410-8b9fc62e50d3
1983,1983,The Waterboys,A Girl Called Johnny,64f12d97-6267-42c8-bbc6-b3d3c690dba7
1983,1983,The Waterboys,December,82cf6d90-936f-45c9-8fb3-98b5aea3de74
1983,1983,The Weather Girls,Dear Santa (Bring Me A Man This Christmas),a24b9310-4e3f-4e9e-9efb-71f5041d0705
1983,1983,The Willyjo’s,Jij bent niet meer van mij,20d7d7be-1d02-413b-8719-5f80876910d9
1983,1983,The Xpozez,(Be My) New York Doll,2c026e7a-5b5d-3aee-b604-636718501cce
1983,1983,The Zamora’s,Clublied / Voetbal in Valthe,a444b410-ca69-4768-b247-aa47baef8204
1983,1983,Thea,In ieders leven komt wel eens regen / Jij,74b537b4-3309-42ef-9a69-4cc0be86c146
1983,1983,Thea,Poni / Ga maar je gang,f914d6bf-4067-484d-b457-2fc4acb09f17
1983,1983,Theatre of Sheep,A Quiet Crusade,b9b3c6e8-fb70-42ab-bcb4-0c97d341490e
1983,1983,They Must Be Russians,Chains,0098706e-fc51-4632-9954-9d3cf988a77d
1983,1983,Thierry Pastor,Magic Music,e4ffd807-1f66-49ca-8dc2-1d5c50144cff
1983,1983-02,Thin Lizzy,Cold Sweat,d5eb6e9f-8abb-4b51-84c1-cbe07cfb0781
1983,1983,Thin Lizzy,Thunder and Lightning,cd9a33be-0239-4821-9855-359be018f843
1983,1983,Thirteen At Midnight,Skin Deep,aeb51cc6-ac91-4368-8f5a-1a5ef4ae9a24
1983,1983-09-01,This Mortal Coil,Sixteen Days / Gathering Dust,d72e0b0c-530f-3148-9f40-668f549d62ba
1983,1983-09,This Mortal Coil,Song to the Siren,5cd14ebf-b92c-461b-a0df-11e0c2b415c6
1983,1983-02,Thomas Anders,Was macht das schon,57336c2f-73f8-41d3-989a-cce2d0822392
1983,1983-06,Thomas Anders,Wovon träumst Du denn (in seinen Armen),87cd6640-7516-4e80-ac3a-2981e2a79bd3
1983,1983,Thomas Heinz Graber,Cabavari-Melody / Dr Wäbstübler,ef1873c7-4603-4f1e-827b-132cbb0f6e73
1983,1983-11-11,Thompson Twins,Hold Me Now,bb8427a8-dbf6-4c1a-8b9d-eef03d7c378d
1983,1983-01-21,Thompson Twins,Love on Your Side,66824508-afbd-44fa-b71f-427ff0cbb16a
1983,1983-07-08,Thompson Twins,Watching,2ec70bb5-1b6d-3c47-93d7-3ca6179ed04b
1983,1983-04,Thompson Twins,We Are Detective,95b94b23-5d7d-42f3-b442-cb1939d078ec
1983,1983,Thorleifs,Du Sköna Jord,5731dc8a-d6a1-4090-8b67-2ba8b04156b4
1983,1983-07,Those Attractive Magnets,Nightlife,1b23cbe8-adce-4661-9754-4cc6fb9aff53
1983,1983,Ti-Tho,Elefantenjäger,b570afb8-78b9-42fe-8dae-fd5a50f26b23
1983,1983,Tia,Als een vlinder,512f68b8-94b0-487a-b8c5-080470cf4f06
1983,1983,Tia,De winter is voorbij,29ec4a0d-4dcd-4daa-9359-969c5bf3eb90
1983,1983,Tiana & Oompie Koerier,Lieve Jan,9df09208-2291-4a2b-88b6-53b9a45611b9
1983,1983,Tiana & Oompie Koerier,Wat zal morgen zijn,b414ef8b-d812-474d-9548-0fd064cc1b87
1983,1983,Tilt,Arkade Funk,293b670d-4ee3-4e57-8c46-8aa5c86e66f0
1983,1983,Tim Finn,Fraction Too Much Friction,367f04ee-a7db-4c46-bdb6-ed0c00f72b68
1983,1983,Time,Shaker Shake,36347c19-2207-46c5-8145-8a251e351e67
1983,1983,Time Bandits,I’m Only Shooting Love,e13c2031-6c71-4c1f-90b4-c322410376ad
1983,1983,Time Zone,The Wildstyle,78b83fd5-4cd5-461e-98f6-16a32876dcf3
1983,1983,Time Zone,The Wildstyle,f108d4af-ef61-4277-9c66-6873618b49c6
1983,1983,Timo & Jonna,Leija,c06f3d15-53d3-4c7d-95c0-9d28ef486332
1983,1983,Tina,Taktgefühl / Urlaub auf dem Meeresgrund,ce171b07-a347-4d99-8754-8b0bad83b84f
1983,1983,Tina Trucker,Hoe zal het thuis gaan,67d5603f-6ecb-4d24-a73d-4147d00632b8
1983,1983-03,Tina Trucker,Lady Trucker is mijn naam,c51385e2-26b5-44d7-86b8-e22272eb88b1
1983,1983,Tina Trucker,Ware liefde kan niet stuk,8ad0eacf-0efc-4252-b403-f254e6893c6e
1983,1983,Tina Turner,Let’s Stay Together,69343b71-08a4-46a4-a78e-c73d3a68692e
1983,1983,Tineke Schouten,"Zzzwiet, zwiet honniebie / Ik zie ze vliegen",ce09d15c-9cea-4b27-af07-bb07850162c1
1983,1983,Tiny & Pierre,Zonneschijn in St. Tropez / Alleen de maan...,4b2c9931-d10d-487d-bb4f-ed08b4ebeedb
1983,1983,Tirami Su,Für eine Nacht,9d3e9fbd-6d49-457c-8fa9-989540e935f6
1983,1983,Tiziana Rivale,Sarà quel che sarà,61e2ad7b-70b8-4a38-9796-9ded768ceb7c
1983,1983,Toast,It’s Just an Illusion,09a82f37-f88c-4d42-a5fd-737b7d49fbf9
1983,1983,Todd Action,Dance,98479b8c-02d0-4d65-9b36-c6896a9cd706
1983,1983,Tokyo Blade,2nd Cut,543bdc57-8e54-44cc-b8b8-64339376fbed
1983,1983-10,Tokyo Blade,Powergame,2f2d4b7b-5160-43ac-ab9e-e5cc6bbb0cea
1983,1983,Tom Astor,Geistertruck 2,00933f50-f8ee-48ad-9d2a-612d2d7b6eb4
1983,1983,Tom Browne,Rockin' Radio,e5b56388-6c02-472b-af95-b6f429ce4fff
1983,1983,Tom Novembre,Parcours santé,937f142c-4efb-4648-9edf-96b4490c3646
1983,1983,Tom Pettings Hertzattacken,Alles oder nichts,af803360-547f-4a02-9d60-77d7a6e8b1bb
1983,1983,Tom Pettings Hertzattacken,Bis zum Himalaya,ca41a348-604c-4e90-8a0e-611ebd6bdb4b
1983,1983,Tom Pettings Hertzattacken,Televisionen,4b2b998e-f01c-4f72-9152-eac8824774d9
1983,1983,Tom Petty and the Heartbreakers,Change of Heart,fe6a3d61-323b-43e0-b552-f0de1cedb6d7
1983,1983-11,Tom Robinson,Listen to the Radio (Atmospherics),fc830c45-fcb8-4df9-9698-69aa68036ee6
1983,1983,Tom Robinson,War Baby,87efcca9-eadc-365c-804e-5f24d53e0f74
1983,1983,Tom Tom Club,The Pleasure of Love,f1a3cd34-2123-4eb3-ad5c-59c74cc62983
1983,1983,Tom Wopat,(Til) I Kissed You / The Luckiest Man in the World,7838c1af-3f41-42c9-accd-bf31f695e882
1983,1983,Tomboy,Why,0b2a8f50-d115-4090-b6df-8b1c47956d27
1983,1983,Tommi Stumpff,Contergan Punk,5c745552-2141-4e6c-adff-d485ff5fe2f5
1983,1983,Tommy Gold,Ulé Tamouré,f490c798-b343-44de-ab56-d000e31c45b6
1983,1983,Tommy Steiner,Das Märchen von Rhodos,a3317b72-53f5-4b0d-bf50-b4b861a59118
1983,1983,Tommy Steiner,Die Fischer von San Juan,10d98819-37f7-4adc-b64c-0e76cb26bece
1983,1983,Ton de Wit,"Een piraat mag niet huilen / Tonnie, tonnie, nog 'n keer",1103f106-2f5c-4ebd-978e-8bf3a3faf357
1983,1983,Ton de Wit,"Een piraat mag niet huilen / Tonnie, Tonnie, nog een keer",91ff6f5f-bb6f-45db-a162-37f6a5e35f79
1983,1983,Ton de Wit,Zingt voor het 2 jaar bestaan radio gilly boy utrecht,0a526469-e0eb-4e5e-9e25-7eb26c27bbb5
1983,1983,Ton van der Wiel Band,Helemaal Alleen,dc4abeb6-d887-4ebe-b17c-10e3c31dae51
1983,1983-05-06,Tones on Tail,Burning Skies,cf4b112a-2184-4f12-a5bc-c9204dd5a0a4
1983,1983-06-01,Toney Lee,Love So Deep,656e5819-8d42-44b0-bd7f-9b6429aeab89
1983,1983,Tongi,He’s on the Run / On the Run,92ce37fd-b185-442d-8e0c-2b1d1f014e52
1983,1983,Toni Basil,Over My Head,6e1ba2b6-6756-4f0b-a884-f77561e68e51
1983,1983,Toni Basil,Shoppin’ From A to Z,50b3401b-b8ab-4881-8986-39bdd3980fcf
1983,1983,Toni Basil,Street Beat,701948bf-8911-4247-bbfb-8ff333576ea8
1983,1983,Tony,Alone,61fc5b81-12bb-421b-8d5d-e0316e7e0219
1983,1983,Tony,Free Like a Bird,90cb30c2-3fe4-4897-95c9-566f36a86fe8
1983,1983,Tony,Song of Love,4176c102-e8fa-4e8c-be4f-ee2edf9c96ee
1983,1983-09-07,Tony Adderly,I Ain't Mad at You,6e935db5-5394-4dc5-913a-ceec862921a9
1983,1983,Tony Banks,And the Wheels Keep Turning,9c9507b3-76cc-4d41-869f-e34c8a9920cf
1983,1983,Tony Banks,This Is Love,5c4db50f-b849-4406-8253-634618ac516b
1983,1983,Tony Blake,Santa Madona,2817922e-40e9-4c60-b203-4176ae937fb2
1983,1983,Tony Brutus,Water Pistol,fa0486bc-f5d1-4755-84eb-df50f5aca0af
1983,1983,Tony Caso,All The Love In My Heart,c9e3bec0-2487-4561-beab-0a7a99d07e44
1983,1983,Tony Esposito,Je-Nà / Pagaia,0026190e-ed99-4866-a47e-8ffa48a31a73
1983,1983,Tony Kola,Where Did the Weekend Go?,b68e9552-543f-47bf-bce1-e01a70f6cb7a
1983,1983,Tony Labriola,Coco’,1d4b3d07-04ed-48dc-9615-8fbd33611a9d
1983,1983,Tony Light,Ben je alles vergeten / Moest dat zo wezen,441bee31-739e-48d3-aad8-eb42b9517da2
1983,1983,Tony Light,Christientje / Doe de groeten aan Nicoletta,d72c4045-e43d-4316-bece-7d584710f98f
1983,1983,Tony Marshall,Ach laß mich doch in deinem Wald der Oberförster sein,59145daa-5341-4514-994f-4e8fa34c08ff
1983,1983,Tony Marshall,Flieg Katamaran,1a90c836-192e-4f42-beb1-793c7a395f3b
1983,1983,Tony Todd,You’re Breaking My Heart,6b931921-02d8-4fff-b350-3c93fe070391
1983,1983,Tools You Can Trust,Working and Shopping,aba68a5d-ff02-49e3-8521-cddf089baa54
1983,1983,Toon & de Rijoco’s,Ik heb iets voor de vrouwen,42bb3067-11fd-4675-9350-ee7c904b29bb
1983,1983,Toon en De Rijoco’s,Je zei niet eens het spijt me,3bb73fb9-83c8-4b32-b458-9d19dfd21ae6
1983,1983,Toontje Lager,Stiekem gedanst / Amigo,d3d3b4d2-2137-4114-9f3a-3e15d97f31bf
1983,1983,Toontje Lager,Vroeg of laat / Fijn na de dood,bf69c33e-1758-495b-b6a0-9eecf5b48150
1983,1983,Toontje Lager,Zoveel te doen / De deur staat altijd op een kier,62f03b91-f25d-4b57-9b31-d9aeb94c29d5
1983,1983,Top Rank,Liikutaan (kohti elämän portteja),2d0ab934-e240-41f8-9f17-d385301aaa61
1983,1983,Topo,"Ba Ba Go, Go",d886c292-1040-4d78-bb52-1245f1318dbf
1983,1983,Tor Santamaría,No Todo Me Da Igual,c23e1e1b-fcc2-4b5d-834c-5afdee303638
1983,1983,Torch,Build Me Up Buttercup,975c0854-e3c9-424f-a25d-6303bd7fb92f
1983,1983,Torch Song,Prepare to Energize,ec2daf97-9346-4169-a0dd-a1d2a0a8d61c
1983,1983,Tori,Elämää juoksuhaudoissa,97c09290-bd15-4e8f-b8b2-84c38d23eb44
1983,1983,Total Contrast,Be With You Tonight,986e745e-9bbe-4b49-a58b-0160bf5e9c97
1983,1983,Tout Sweet,Another Man Is Twice as Nice,0b747226-c3e8-48ba-a90d-9cba18aa38d1
1983,1983,Tower,Hey Amigo,563ec761-e209-406c-9eb4-0f843adcc3e0
1983,1983,Toy,Lovers,be392515-dfac-4ebc-a9b6-d348ef96ae7d
1983,1983,Toyah,Rebel Run,43c931a9-6605-3cab-b96d-2434879ad4e7
1983,1983,Tracey Ullman,Breakaway / Dancing in the Dark,43148052-28f3-4807-a8a9-9e25158703fc
1983,1983,Tracey Ullman,Move Over Darling,679bea82-2993-46fd-b00c-845bc83b4130
1983,1983,Tracey Ullman,"Oh, What a Night",2f149a4c-54ef-4fd5-af8c-c197a8ed90a3
1983,1983,Tracey Ullman,They Don't Know,659e60ff-8001-412b-ba31-4f434adfaa82
1983,1983,Tracey Ullman,They Don’t Know,dd6d2aca-7b71-4ab7-a887-88f900359061
1983,1983,Tracie,Give It Some Emotion,cbc9c16d-3c03-31cb-b5a4-7c1f174a9272
1983,1983,Tracie,The House That Jack Built,2cac7eab-423b-4118-9389-0e695c707f1b
1983,1983,Tracy Weber,One Step at a Time,a1169224-af45-40da-8612-6f04792cf159
1983,1983,Traeskø,Cubacumba,13a3681d-211a-4618-b230-0d50ebc07b8d
1983,1983,Traks,Get Ready,3e82afa7-7efb-44e3-88f3-25aea6fd66cf
1983,1983,Trans‐X,Message on the Radio,707a45e4-16b7-4d89-8210-a9b8b75523f8
1983,1983,Travel Sex,Sexiness,90f9c125-3fbe-4207-9e02-cae5d4de62dc
1983,1983,Trevor Herion,Dreamtime,37afe1b0-d4a4-47d4-bbcc-3d0d1f207b16
1983,1983,Trevor Herion,Fallen Angel,5c95f267-916c-4bc3-b0a2-c4bd531a3052
1983,1983,Trevor Herion,Love Chains,c2319c68-f23f-4b08-96cd-f3292e62306a
1983,1983,Trial,Trial,ca9175d6-7a83-3cf6-a02a-0666a725b942
1983,1983-06,Trio,Boom Boom,aa5ec220-afb1-4571-a0b7-79873a37642b
1983,1983,Trio,Bum Bum,7c18b21e-4b06-4ad4-98ab-d7948d66e81d
1983,1983,Trio,Herz ist Trumpf (Dann rufst du an…),226e0a57-6197-47bb-aea3-a360aa87992a
1983,1983,Trio,Nasty,f6cb19b1-be26-466e-87fb-11eb9695a623
1983,1983,Trio,Turaluraluralu – ich mach BuBu was machst du,866132b4-0403-3833-ae40-58abd17c3e54
1983,1983-11-11,Trio,Tutti Frutti,18c342b5-0d94-4ab6-bc39-9cea710486f2
1983,1983,Trio Celesta,Een paar uur tederheid,a4fbff5c-752d-4849-ac30-c44e12e4a514
1983,1983,Tripod Jimmie,No Autumn Leaves / Spike The Dike,4304f02e-9a06-4d73-8036-c8615eb66e98
1983,1983,Trixie’s Big Red Motorbike,Norman and Narcissus,9948b2bf-c4c8-37cd-8024-0efc08e4ec76
1983,1983,Truck Stop,Hillybilly Country Lilly,275519dc-3a16-46af-af22-d8478faab80e
1983,1983,Truck Stop,Vater und Sohn,27ef6d12-ba6c-4a69-8568-c9527297658e
1983,1983,Trucking Angel’s,Zo is ’t leven van een truckchauffeur,17516500-a17e-4f76-b0c7-f8c19ed04bda
1983,1983,Trudy,Wintertijd,bdfe3ff9-87b4-48ed-9a0b-33113bf3a558
1983,1983,Trust,Idéal,5aacff4c-7a06-44a3-b1db-1ec6393038ac
1983,1983,Tski Valley,Cut It Up,62740c44-562a-48b9-87d4-d6eb0900a7f5
1983,1983,Tuijamaria,Pac-man-kuume / On sydän syrjällään,a57ffb8a-1a2b-476c-b984-f6f39bc88054
1983,1983,Tumppi & Problems?,Mun tie,8398c26a-13ff-49fc-b37e-b0ce83c0e48e
1983,1983,Turkey Bones & the Wild Dogs,Goldfish,c86845ac-2507-3b5e-8986-59fdcdc742f0
1983,1983,Turning Point,1984: Nineteen Eighty Four,0abba704-d1f5-36f2-be07-92a88f276d30
1983,1983,Turning Point,Midnight Special Part 2,77d1baa6-cefc-47bd-9fb4-ceda7e84fc15
1983,1983,Tuxedomoon,Short Stories,dd2bce09-f709-4890-9b40-a0aa8a606212
1983,1983,Twice,(Ich Hab' A...) Stinkwut,91b9e2e2-a494-4032-b53f-1234d9e52e65
1983,1983,Twilight 22,Electric Kingdom,659dace8-d314-4803-9001-d7d5a8a79441
1983,1983,Twinny,"Mama, mag ik gaan dansen",356be538-d0e0-47cf-8ec9-323ee7062166
1983,1983,Twist Off With Hot Lips,Spader Ess,e1eb19a6-98ed-4e34-aee7-405430cfe2db
1983,1983,Twisted Nerve,Eyes You Can Drown In,38cce4bb-dbca-42c9-a57b-f3aeca17a701
1983,1983,Twisted Nerve,Five Minutes Of Fame,c4f6c9b2-5cef-4382-8f50-843bd1e47983
1983,1983,Twisted Sister,I Am (I'm Me),d1464df6-0f9a-419d-9c80-0566bb695b5e
1983,1983,Twisted Sister,The Kids Are Back,c79c9932-d926-46ce-a902-a9e758724d9c
1983,1983,Twisted Sister,You Can't Stop Rock ’n’ Roll,25881559-62f4-489e-8b09-71c4efdf17d2
1983,1983,Two Way,All Dressed Up,2d94a2b1-0ad8-4cfc-8742-30005b754d1a
1983,1983,Two Way,Face in the Window,6e287e7f-997c-4487-84bb-83f2ecf78ac3
1983,1983,Tyrant,Hold Back the Lightning,a6253e82-670a-422d-98f4-d41e9f090438
1983,1983,Tyro (An Ego's Act),Tyro (An Ego's Act),91fa2fc0-8bde-473c-bf1b-88f3ba663ce6
1983,1983,U LYX,Through the Door,af8de458-8b3b-4c76-b79d-e425949fd396
1983,1983-10,U2,I Will Follow,f00b394c-0389-43a3-b986-ebdd4a130447
1983,1983-01,U2,New Year’s Day,7bf5193d-182a-3ee0-8e8e-61b671ac209d
1983,1983-03,U2,Sunday Bloody Sunday,233b8b10-3d6c-36af-b652-4b268b1d02f1
1983,1983-03,U2,Two Hearts Beat as One,01118076-1e0c-37c3-b6f7-708b80dd66fe
1983,1983-08,U2,“40” / Two Hearts Beat as One,abcbfca9-76e1-4a44-9668-b4b5a2dc8347
1983,1983-08-08,UB40,Red Red Wine,dd1ee46e-4784-4ac8-9b43-e1a1613eff47
1983,1983,Ubangi,The Little Cat & the Dirty Dog,2a750ea6-709f-4c84-82b5-737113a8b864
1983,1983,Udo Jürgens,Die Sonne und du,91efe004-c767-48ef-9106-f23d0846ceed
1983,1983,Udo Jürgens,Lust am Leben,307b11eb-fe2b-4c88-86b1-e5e2fbf053ee
1983,1983-02-02,Udo Lindenberg,Sonderzug nach Pankow,0612eeba-be1c-4b69-8736-28c1f39ffd81
1983,1983,Udo Lindenberg und das Panikorchester,Du knallst in mein Leben,26e96eda-fbda-479d-a313-7db710cc0671
1983,1983,Udo Lindenberg und das Panikorchester,Odyssee,a0cffb15-d01d-452f-90e9-ae3d878201e7
1983,1983-03-04,UFO,When It’s Time to Rock,16f5b76e-8e14-43a4-9e65-d7caf437c7e0
1983,1983,UK Players,Love's Gonna Get You,1ef6af0e-e8d9-4162-ad9e-a01aac147194
1983,1983-06,UK Subs,Another Typical City Involved in Another Typical Daydream,a3c4f662-fe1b-37f3-bbde-bfc67f1beb78
1983,1983,UKW,Hey Matrosen,7524fc48-e73f-45f4-b952-a9adf1490ac4
1983,1983,Ulla Norden,Zillertal,ca4e22df-708a-4c74-8ff8-4d22576ec8cf
1983,1983,Ulli Bäer,"Heast Oida (Alles was uns umbringt, macht uns hart)",db3341ed-d9eb-3a57-93cb-3d0d50c5b3aa
1983,1983,Ulli Bäer,Ohr'n auf (Laß mi net allein),02ab49c3-cab2-4fd6-8d7d-aacd97531a0b
1983,1983,Ulli Bäer,Verkrampf di net,c60c8ca2-9dcd-444b-ac0f-366147984e46
1983,1983-03-11,Ultravox,Visions in Blue,78bb369e-700b-3667-8075-316ee77d9b67
1983,1983,Umoja,Oneness / Feel the Fire,6a9d2b51-4d80-4184-ae52-cee483ac4678
1983,1983,Un Departement,Je serai clément en tant que dictateur,d0b0ee8e-a56e-4fd6-a3f5-d3fdcbd08c36
1983,1983-12,Uncle Jamms Army,Dial-A-Freak,b7c35ac3-f184-4ac8-9a16-fb059d74c3e7
1983,1983,Under Two Flags,Lest We Forget,ed973752-5584-4b2e-8d52-5218a69f6f21
1983,1983,Unicef,Käkimassaa,accbb667-4a9b-4e4f-ac90-a34890585b5f
1983,1983-07-15,Unique,What I Got Is What You Need,913527ca-88a8-4623-89a2-a0146433cd5a
1983,1983,United Balls,Ein Lied geht um die Welt,d5e674e8-4b67-4a95-b783-f069796a6d76
1983,1983,United Balls,Gänseblümchen,3d361d61-4acb-4461-8602-e778f6c06c99
1983,1983,Upfront,Infatuation,966f773b-fae5-424c-9322-2f21b57bd494
1983,1983,Urban Blight,A Nite Out,22acfe2d-af18-48ee-95d4-cb5bfde388e4
1983,1983,Urban Dogs,Limo Life,d23e6419-4ccf-4712-b622-b09c22f54cb0
1983,1983,Uriah Heep,Lonely Nights,2ed69c68-f4a8-43e3-becf-3b6d89ae0b6a
1983,1983,Uriah Heep,Stay on Top,b813170a-7567-401d-8cec-85693e3bd62a
1983,1983,Urth,Lapti Nek Overture (From Return Of The Jedi),fdfb6775-b92d-4252-8261-25576476234a
1983,1983,Used Goods,Runaround,05cbf39f-f18c-3f9b-82c8-56f415e86502
1983,1983,Ute Freudenberg & Elefant,Schwarze Flocken,a64bb0de-010b-4fa9-879f-c5ca1dec6fab
1983,1983,Vader Abraham,De fanfare / Als we gaan...,4af685d6-86f5-4b7e-a8fc-be7d06cbda42
1983,1983,Vader Abraham,Je zit op rozen / De vlinder,f6c09d24-4748-40da-973f-9881a4008e2b
1983,1983,Vader Abraham,Nu gaan we met z'n allen naar Parijs / Wij zijn de jongens van Oranje,62d27bc4-a3b7-4108-bc05-2dcec998978d
1983,1983,Valeria Lynch,"Corazón herido / Donde haya música (suonare, suonare)",733bcdbb-cccf-4519-bbbb-b38ffcf0e7d8
1983,1983,Valley Gazelle,Brasilian Boys,baa95e7c-dc69-4b14-864d-f238b8927474
1983,1983,Valsj Plat,Et probleem van deeze tied,bb174724-7664-4e1a-9474-11b429beb306
1983,1983,Valsj Plat,Maak dich eweg! (Get off my cloud),05c69030-6e67-42bb-a25d-07e670f9913d
1983,1983,Valérie Lagrange,La Folie,84e32e9c-1a7c-4454-82ec-8ac76c8dcd32
1983,1983,Van Halen,Jump,83ec8c1b-0443-4555-8f1a-54ac7df8a353
1983,1983-02,Van Morrison,Cry for Home,e3d56d51-1393-49df-ad4b-62fdcdcc3543
1983,1983,Van Onderen,De Russen,1a5f43d3-1bbe-45b6-a2c1-f76c917a9003
1983,1983,Van Otterdyke,She's Gone,7d1e6379-06a8-4b74-acc1-f5ac4e3e9058
1983,1983,Van Otterdyke,You,ae00cd3b-3a04-4c2e-b149-23639682bfe3
1983,1983,Vandenberg,Friday Night / This Is War,fee32fc2-23c4-428d-b7bb-2edcb3f16537
1983,1983,Vandenberg,Waiting for the Night / This Is War,90c095ae-312c-41f4-8afa-a8989902d20d
1983,1983,Vanessa,Hocus Pocus / Tell You What,faa6a6fa-693c-4f49-b9bf-12c8c869dde2
1983,1983,Vanessa,La Di Da,f015f944-9b13-41b6-be1a-53dacf820566
1983,1983,Vanessa,Obsession / Bitch,3953d69f-b0df-4623-87ce-5478dd3e2ab8
1983,1983-01,Vanity 6,Bite the Beat,b5cc2e2e-599f-4dd1-93a6-2cab42e66997
1983,1983-03-09,Vanity 6,Drive Me Wild,1e33e186-c32a-4de8-b405-346c2d3a8406
1983,1983,Various Artists,Salut Les Mickey,62889862-bfd7-498f-a05e-9a3ac31d93d5
1983,1983,Various Artists,Téléchat,a40079bb-2132-46fc-b068-64036bb3368f
1983,1983-01,Various Artists,Who's Fooling Who / Speak No Evil,16412640-c692-4a41-bb17-54e7bd4fb444
1983,1983-05-10,Various Artists,機甲創世記モスピーダ,8ecd8e57-c03e-46eb-ba7a-558b3a7260fb
1983,1983,Vartan / Sardou,La Première Fois qu’on s’aimera,4a667a77-c56d-4579-83c4-d8a4f8abcae2
1983,1983,Vaughan Mason & Butch Dayo,Party on the Corner,d97d60ac-cab5-413a-b7ae-fb6f245e247e
1983,1983,Vault,Hell of a Block,6e981718-6070-4cc5-b271-9ba5fed2f652
1983,1983,Velveteen,Wild Rain,aa23dde3-05cb-48b6-a189-2071bf1660be
1983,1983,Vendetta,I Gotta See Jane,f2efe7c5-57a0-4a46-9c68-954d6f857472
1983,1983,Vendetta,I've Got You in My Sight Tonight,f310cb5d-2093-40e1-8a66-2e7c371d424b
1983,1983,Vendetta,So Do I,7b66cd0c-338b-4f1c-8ab0-5db875cb2583
1983,1983-08,Venom,Die Hard,41e3cf36-9b5b-49e0-8ab1-dad909e00285
1983,1983,Verbeke,Descends de ta planète,de31a58b-2530-4a60-b15b-382ce2463aa4
1983,1983,Verden Allen with Overend Watts & Dale Griffin,About Tomorrow,128dec48-c7c4-48cb-9b81-139ade535dce
1983,1983-07,Veronika Fischer,Am Abend vor dem Sturm,a98b1a4b-825e-42ea-90bb-b00d02bd3140
1983,1983-03,Veronika Fischer,Unendlich weit,59180f6a-db28-40d0-aafe-0cfe849fac7a
1983,1983,Via Afrika,Hey Boy,22417058-e18a-43fb-af49-30d5ae7414a1
1983,1983,Via Afrika,Via Afrika,e795f989-003a-4994-9d9a-9a3d55304022
1983,1983,Via Afrika,Vice in Bombay,ec612a78-f9bd-422e-892a-be9ec9a421d8
1983,1983,Via Marconi,Serious Dancing,970dfaa4-d160-4e93-b9e4-2a651313ca84
1983,1983,Via Vagabond,Hip Today,37d9cec3-eb44-47d9-bbd8-a9016ca1b3c0
1983,1983,Vice Squad,Black Sheep,9791da3d-a98f-3710-b788-d82e853211c8
1983,1983,Vicio Latino,"¿Qué me pasa, qué me pasa?",ce3d7843-f96d-4a67-88b4-1db4fe95c14d
1983,1983,Vicious Pink Phenomena,Je t'aime (moi non plus),05b32c28-21fb-4930-9577-6799f283ff38
1983,1983,Vicious Visions,I Beat You,d799873b-d6a8-4b9a-9633-d093f4d2c4ec
1983,1983,Vicki Sue Robinson,To Sir With Love,7179a546-6c9f-44a8-8409-cdd8aad6b59b
1983,1983-09,Vicky Leandros,Grüsse an Sarah,23b0086c-df8d-4126-a0d6-9e92f1b6464b
1983,1983,Vicky Leandros,Maria mit dem gelben Kleid,3377a995-9141-4170-a329-6e030bef93e2
1983,1983,Vicky Leandros,Ver van het leven,94cbfd22-a3eb-4ef8-b3ce-aabc514af815
1983,1983,Victor Hugo Ruíz y Su Combo La Conquista,El leque leque / Mi adorada,266de513-7624-40d1-b839-86de64800feb
1983,1983,Victor Tavares / T. V. Sounds Orchestra,Show Me,c5e0e101-1d42-4696-9169-88e45e3a6789
1983,1983,Victor Willis,Physical,b5d67db3-2f31-4a56-92bc-4b6347929cff
1983,1983,Victoria Shaw,Break My Heart,5c20eb47-111a-4c70-9288-3b182eb96f33
1983,1983,Victrola,Maritime Tatami,b23d94da-7e93-488f-8155-6efdd739a6b3
1983,1983,Video Club,Lost Time,5f73495e-1dbc-4e29-a6cf-ccb3d405ebc8
1983,1983,Videosex,Moja mala / Kako bih volio da si tu,e96ec262-365f-4994-879f-0899065341bf
1983,1983,Villa 21,Move,ba8cf55c-53b7-4d80-bc7e-650f8e927795
1983,1983-12,Vincent Taylor,Changing For You,ad46169c-b415-4f4f-aedb-7c6c0d6ab672
1983,1983,Viola,Elke vogel zingt z'n eigen lied / Johnny,79e00b7c-604b-44f8-b8c3-a1f655361c7f
1983,1983,Viola Renea,セイレイ舞踏,47a2c8a3-a8c3-40b1-9d75-43ecbb346f9f
1983,1983,Violators,Life on the Red Line,37039a2c-4cba-4c7b-8475-742305e2ea0f
1983,1983,Violent Femmes,Ugly,88f06c0a-a296-35f7-b58d-ca9e60b5c3c7
1983,1983,Vision,Love Dance (Club Mix),6cfc3451-f4de-4cf6-9ca4-9bc8751fe7d1
1983,1983,Visual,The Music Got Me,86dd21e9-3454-4d7e-bdfd-6a80b8af20e7
1983,1983,Vital Sines,Nothing But Time,002c7f36-0736-430a-b113-e8a8437067eb
1983,1983,Vitesse,Julia,bd1326fd-4edc-4c78-9797-1ac5dd0bab92
1983,1983,Vivian Reed / Philippe Sarde,Loving Him Loving You,973e1f5e-538a-4862-b2c6-e15687107541
1983,1983,Vivien Vee,Destiny,fcb2c43b-e94d-42ca-a5e1-c6f63e260365
1983,1983,Vivien Vee,Higher,7e5d7cd4-3c50-43db-8a76-800e84d4f0d2
1983,1983,Vladimir Cosma,Tout le monde peut se tromper,bd7502ba-f676-40e9-9a77-dfedfc53e253
1983,1983-05-05,VOF de Kunst,Suzanne,a6718ec0-85ef-4e9d-94a0-a9bbb3aa4399
1983,1983,Vogue,Sahara,2b189ef8-7a9d-4b94-891c-c037c57cae26
1983,1983,Volker Rosin & der Fan-Chor des FC Gohfeld,FC Gohfeld - Das ist unsere Fussballwelt,e0769c0e-24ad-48f7-99aa-f59dc378edee
1983,1983,Volker's Musikspiele,Ich bin ein Roboter,60e69b4f-4d34-4864-b509-cb6cfbe345c5
1983,1983,Vulcano,Als je doet wat je wilt,b991a262-0812-4df6-b195-20513eb8e00b
1983,1983,Vulcano,Als je haar maar goed zit,e725ff75-5f52-40c1-b4dc-d0659bafe2e4
1983,1983,Vulcano,Een beetje van dit,fbeececb-6896-457b-b679-6ba418b404d7
1983,1983,Vulpess,Me gusta ser una zorra,10846a63-30b2-3e1d-87a9-227b70a3e3b0
1983,1983,Véronique Béliveau,C'est Un Reveur,2a08e2ab-199b-4eb5-bffc-c156947714e7
1983,1983,Véronique Béliveau,Je Suis Fidèle,4925af3d-a53d-4aea-b067-b43dd66e150d
1983,1983,Véronique Béliveau,That Boy,42c731b9-678f-4b93-a17c-8b50541d88ac
1983,1983,Véronique Jannot,C'est trop facile de dire je t'aime,c91eacf3-90d1-4a38-9dc1-c381c962efee
1983,1983,Vídeo,La noche no es para mí,d8ef39ef-f4b8-482e-b66c-67b2403e4f29
1983,1983,Věra Špinarová,A Co Teď? / Každá Se Jednou Vdá,9188d504-4d5b-4a19-a65d-3238274ead16
1983,1983,Wah!,Hope (I Wish You'd Believe Me),b18b8d21-9177-4a2c-bc4f-5bf966d631a8
1983,1983,Wally Warning,Promises,a2304bfc-78dd-4774-8cc6-799ae1636cab
1983,1983,Walter Gruber,Neger am Schi (Mogo Mogo),a97009ae-15fd-4ac6-9b31-df344b7715cb
1983,1983,Wang Chung,Dance Hall Days (remix),32b68aa2-b53e-43bb-b059-ab3ae5f19e65
1983,1983,Wang Chung,Don’t Be My Enemy,d157fdc6-444f-4344-824a-9aa02d0ea8b5
1983,1983,Warp 9,Beat Wave,6ba633a4-73d5-476f-8673-42ef5695d2a9
1983,1983,Warp 9,Light Years Away,75e8cda9-cb3e-43b2-988d-ff51b2e3079c
1983,1983,Warp 9,Master of the Mix,931364b3-d5c5-4b25-8a4c-92385046bfe4
1983,1983,Warrior Kids,Adolescent / Forces de l'ordre,9182c0b4-437b-4ed8-926f-ceb17737326c
1983,1983,Warum Joe,Le goût de l'effort,34b6f4ac-97c5-4647-86cf-43308b807c55
1983,1983,Waterfront Home,Take A Chance (On Me),b106f5f1-3faf-4cc2-93a4-3023ab36101f
1983,1983,Waterlanders,Beter dan... (Zomaar wat),71b71e19-a986-4275-aa39-6a1c70ed0fa4
1983,1983,Waterloo,Freiheit,30209e6d-7781-3b98-b597-30bdb97a5e07
1983,1983,Waterloo,Tod eines Traums,2f72f5c6-329f-401e-939c-192334efacd0
1983,1983,Waylon Jennings,Breakin’ Down (new mix),b5e7f0d8-c5ae-460a-9631-c8af69361097
1983,1983,Waylon Jennings,Good Hearted Woman,6f246921-62ff-447c-ba31-5e07fec26240
1983,1983,Waylon Jennings,I May Be Used (But Baby I Ain’t Used Up),12af8a4f-43ba-4bac-9514-8aa7819e1d28
1983,1983,Waylon Jennings,It's Only Rock 'n' Roll,594f2686-c826-404f-adf0-2eb8158bf664
1983,1983,Waylon Jennings,Lucille (You Won't Do Your Daddy's Will) / Medley of Hits,553c6c39-0286-4069-9142-8d2c6e64621e
1983,1983,Waylon Jennings & Jerry Reed,"Hold On, I'm Comin'",083b3b88-96bd-49d2-9026-ed9d1ab78251
1983,1983,"Waylon Jennings with Hank Williams, Jr.",The Conversation,1e29377c-3edc-4773-aabb-d8ec046d4b69
1983,1983,Wayne Raney,"If You've Got the Money, I've Got the Time / Why Don't You Haul Off and Love Me",984fb22e-ea55-444d-b01e-f3c5bda6185c
1983,1983,WC,Polis polis,1f98f675-01db-4e4e-8f6d-3fe863bdca2f
1983,1983,Weapon of Peace,Standing on the Edge / Nature's Course,74041ab1-f8e9-461d-8883-a6bf133650d2
1983,1983,Wellblech Untergrund,Woher wohin / Sie ist allein,acd43885-eeb5-4ba1-8ec1-93dcc7a29e90
1983,1983,Wencke Myhre,In San Marino,8cd37d54-c49c-45ab-8465-1dd248e3807b
1983,1983,West Phillips,(I'm Just a) Sucker for a Pretty Face,c2a8d23f-8a4e-436b-8d81-a4998b7b9c33
1983,1983,Westend,Hurricane,d8d5bd23-58b6-3018-977d-1eacaae931ce
1983,1983-02-01,Westernhagen,Hollywood,c3debe1c-2d72-4393-8cc2-a636ec47bea7
1983,1983-10-01,Westernhagen,Lass uns leben,d0229bd7-806e-4d6d-bf29-1801dd25b1e1
1983,1983,Wet,That's the Game,e488ad85-ce6c-4534-85fd-abdd353404c6
1983,1983,Wham!,Bad Boys,fa210ac5-e9e8-486e-aab5-01f2ca9c0075
1983,1983-11,Wham!,Club Fantastic,de535336-b16b-3ae3-8792-1a9469e94677
1983,1983-07,Wham!,Club Tropicana,7685ac7f-752d-3bc9-9e1e-2233a11c6716
1983,1983,Wham! U.K.,Wham! U.K. Mega Mix,6c33c3dc-87e6-4936-8d29-9784ac7851ef
1983,1983,White Door,Jerusalem,d1213461-d4ec-440b-ac10-35c597cc9472
1983,1983,White Door,Love Breakdown,7d97f472-9d77-412f-9153-4d14c3e116df
1983,1983,White Door,Windows,8a34ab0b-d82b-48c6-9cc7-612542ed0f89
1983,1983-08,Whitesnake,Guilty Of Love,32e447dd-67fb-4690-a991-585b86ceb499
1983,1983,Whodini,Nasty Lady,dfd53452-d107-3703-b9f2-b131d5427934
1983,1983,Whodini,Rap Machine,9333b220-3979-4004-8240-b2941368af96
1983,1983,Whodini,The Haunted House of Rock,a65a9d91-4011-353f-bc20-994924d7f83b
1983,1983,Whodini,Yours for a Night,7eb67f51-fe08-343b-9613-41fc8e27b4be
1983,1983,Wicked Witch,X Rated / Erratic Behaviour,908d436f-864d-4385-a3a8-02e46822a4f8
1983,1983,Wide Boy Awake,Bona Venture,41d91f06-d33a-3840-a7f3-26d9a7d50b5e
1983,1983,Wil Dijkstra,Je zit voor paal kees,1de35724-355b-443a-84b8-548eb26d2545
1983,1983,Wil Dijkstra,Truus harms / Ik drink prik,b9390cb7-a7ff-4f5e-b60e-32f75f93d6e5
1983,1983,Wild Willy Barrett,Old Joe Clarke,a447e1d3-65d0-3385-92ca-189d61749827
1983,1983,Wild Willy Barrett,Rapping on a Mountain,5e37a884-3354-3795-8625-e34f50ba9289
1983,1983,Wilfried,Lass mi bei dir sein,24a46c6b-4b45-4ec2-a0e2-f8240d22e3de
1983,1983,Wilfried,Mir san alle froh (Alles leiwand),9238a5fa-52cf-4443-9c58-fbaf618f4c5f
1983,1983,Wilfried,Wudu,fd4203fc-2eaa-4483-b966-1149515a77c3
1983,1983,Will Powers,Adventures in Success,eb3d3933-34e9-438d-b804-2d219a40da32
1983,1983-08,Will Powers,Kissing With Confidence,0c02f509-38f7-4658-8ec8-1dce44ed6041
1983,1983,Will Powers,Smile,1939b8bf-87b5-419b-9843-c3bacb923eb8
1983,1983,Will Tura,Ave Maria,c1f5a160-03f2-45ea-abd4-8f65b8603e47
1983,1983,Will Tura,De Waarheid / De Computer,fe3ffebc-ab41-4b21-a52e-74233048ffe5
1983,1983,Willem Duyn,Ik neem de eerste trein naar Zandvoort,b95d7e7b-e5ed-4213-89e6-235c69fdc683
1983,1983,Willem Duyn,Ik word ziek van aerobic / Zwemmen,d05d6fe3-eacb-494c-bcd6-72f7bfc5971b
1983,1983,William Leymergie,Pac-Man,e61b8b85-215d-459d-8614-c35fb19c5705
1983,1983,William Onyeabor,Good Name,97d07375-87c7-496b-9608-a6072044a893
1983,1983,William Sheller,Les filles de l'aurore,8b9a8532-c49a-4666-b37a-eade5bb40ee1
1983,1983,Willie Nelson and Brenda Lee / Dolly Parton and Brenda Lee,You’re Gonna Love Yourself (in the Morning) / What Do You Think About Lovin’,95ea9f66-d088-44bd-9bf6-a30e68bc0a98
1983,1983,Willy and The Melody Boys,Als zilveren sterren,c88ed74d-4148-4a70-bc4a-0f01eae96e13
1983,1983,Willy en Willeke,"Lachen, beetje huilen / Die wereld ken ik niet",f4acba23-fab2-4141-a46e-065b78467b29
1983,1983,Willy Jackson,Lady Silverstar & Toronto,24fa0e0e-ade4-4a41-a6bc-3f518b8e3b77
1983,1983,Willy Nelson,Als je wist hoezeer ik je mis,679731b5-8c0b-411d-bd99-226bcb9f3460
1983,1983,Wilma,"Geloof, hoop en liefde",e2b7df83-5fef-43e7-898d-086104dc3063
1983,1983,Wilma,Weet je wat ik graag wil weten,7c791857-4c95-431d-a191-f930303b85e3
1983,1983,Wind,Born to Be Alive / Luxury,b9494ef6-28e7-474b-b84c-c683b412a678
1983,1983,Winters Reign,I Close My Eyes,431daa58-911c-45e1-850a-d20e3da0fa84
1983,1983,Wipe-Outs,Zonder jou,95b9ca2d-9a8a-42ad-a7ba-824333475ec2
1983,1983,Wire,Crazy About Love,8cfa567d-51ba-4c19-82a2-8b261edd2911
1983,1983,Wire Train,Chamber of Hellos,92e82990-2b16-46d2-bc62-bd39c2db88c4
1983,1983,Wish,Automatic Lover,cb85f427-427f-4f5e-8438-53aebf5013b2
1983,1983,Wish Key,Orient Express,75e3e293-5574-4270-b5e1-bb79db7e319d
1983,1983,Witchfinder General,Music,0f5a3c90-ce89-3f38-baf4-f368dc1cc443
1983,1983,Witchfynde,I'd Rather Go Wild,d71eb340-7fbf-409e-8ffd-1a3d855e14ed
1983,1983,Wol Vo,Heartbeats,5c2c27ea-f780-4ace-ba88-b0dd27ebd9fc
1983,1983,Wolfgang Ambros,Der letzte Tanz,f8831a95-8be6-45f3-9621-d1e4bb16ad50
1983,1983,Wolfgang Ambros,Sei net bled,dfbebabb-e2e4-4ce0-afe0-e9aff37902fe
1983,1983-08,Wolfgang Ambros & André Heller,Für immer jung,c8c3c239-2769-33de-9361-145ca24d9078
1983,1983-12-28,Wolfgang Petry,Gnadenlos,d556afe9-5ad1-41bc-810a-025222892b72
1983,1983-04-01,Wolfgang Petry,Wahnsinn,ea1e78be-f830-41bd-a23a-43b7ce6c71cf
1983,1983,Wolle Kriwanek Band,Easy Rider,b34966ca-f352-47bb-9dd1-c29ec9c1aa02
1983,1983,Wolle Kriwanek Band,Frauen in Uniform,b594efc0-fa51-4704-9e51-74c6c36eac7f
1983,1983,Wolter Dassen,De vijf boekaniers / De musketiers,a793adc5-c264-48b8-a407-5dd55f5413b3
1983,1983,Womack & Womack,Baby I’m Scared of You,0047842f-39b1-4851-a3e7-eb4610690d63
1983,1983-12-01,World Premiere,Share the Night,3203bf3a-6aaf-4ab0-8354-5685a94312a6
1983,1983,World War XXIV,Azaria,6eaf1ce2-c2d3-4761-8fc4-178619fcbed5
1983,1983,Wow,Bring On The Men,b33b73ce-5ff8-4882-a446-854cfee26f9d
1983,1983,Wuf Ticket,The Key,4ffcba0b-ed98-488f-a621-6c590d8ff9db
1983,1983,WYX,"Lie, Lie, Lie",e7b4762c-d2a4-3947-8b27-e27396a0e6f5
1983,1983,X,Breathless,ef0d5420-c8c3-489f-844f-827740114ca1
1983,1983,X,The New World,e38dec19-38d7-4fd0-9996-59a5ad2773a5
1983,1983,X,"True Love, Part II",afef9879-7cb4-4a9e-813e-b4d056929769
1983,1983,X Models,Mitt liv,b6b86afa-6984-4e7d-950c-75f85f719dc0
1983,1983-09-19,X-Ray Connection,Replay,85383ba6-450c-4e21-91ff-9102b5654d03
1983,1983,Xero,Oh Baby!,858e9368-1d8c-389c-adfc-1e62a3baa9a8
1983,1983-09,Xmal Deutschland,Incubus Succubus II,43a4880b-739c-3166-abeb-7e42f79e08d7
1983,1983-04-22,XTC,Great Fire,81c318a2-9746-4ef9-835c-dfef152f44fe
1983,1983-09-19,XTC,Love on a Farmboy’s Wages,b7be4077-7f5c-4670-9775-23a63d54cc4e
1983,1983,XTC,Wonderland,b300d8ec-ffd6-4b05-8833-a81d19f15786
1983,1983,Xēna,On the Upside,9fe8b67b-30ba-4256-bf56-868ae4fe5c05
1983,1983-03,Y Diawled,Noson y Blaidd / Dewch Gyda Ni,7f0f77a0-ebf2-4b33-bde1-41ec7df38289
1983,1983,Y Diawled,S.O.S.,99c2e2ba-3f98-44a5-9b84-28182cc46ab7
1983,1983,Yahama's,"Oh, Bernadette",88f51ff5-a684-494c-89d0-989b7c39e2a3
1983,1983-04,Yazoo,Nobody’s Diary,3e510011-6821-3ab6-83d1-c77bd7a4ad30
1983,1983-08-10,Yazoo,Walk Away from Love,4ec353f3-338f-463e-bf00-cf7c571fff1f
1983,1983-05-31,Yello,I Love You: Extended Dance Version for Ladies & Gents,6e7ab782-637c-458b-8514-c2808eaa699f
1983,1983-08-09,Yello,Let Me Cry,447ce5f0-20be-3287-8a1a-054625639fad
1983,1983-10,Yello,Lost Again,8ef2d76c-4dab-45d3-b08d-0cbdad9f96dc
1983,1983-04-19,Yello,You Gotta Say Yes to Another Excess,88a43c19-91dc-4119-9170-e8bab83fdece
1983,1983-03-25,Yellow Magic Orchestra,君に、胸キュン。,52b020ba-20eb-460c-9275-fabd49b5585d
1983,1983,Yellow Man,Sensemilla,b3039e5d-c606-44ad-9384-eff3861da9d2
1983,1983-10,Yes,Owner of a Lonely Heart,584cd621-854f-4911-aa8d-817e99a35b95
1983,1983,Yoni,Ik wil alles,64b4d42d-5f58-4c4f-bf84-bdbb5a22ee94
1983,1983,You Suck!,You Suck!,0acff46c-b2ac-499c-8d20-dc0bdd700f51
1983,1983,Yvonne,"Liefde, vriendschap en vrede",1dba4e6e-70f2-4926-9410-9d2d43962c15
1983,1983,Yvonne Archer,Ain’t Nobody / Checking Out the Way I Feel,e635e535-bc3b-4e63-b306-216d31b3c615
1983,1983,Yö,Likaiset legendat I,0dad49d5-2fe3-4704-b141-f119f2ba73b6
1983,1983,Yö,Särkynyt enkeli,2fb6dba7-bda4-4b2e-87f0-b1c275ff3320
1983,1983,Z Factor,(I Like to Do It in) Fast Cars,77c1fed5-e159-48cf-9dcd-c1da393a66e7
1983,1983,Z. Zwiker und die Noarrndattln,U-Bahn,fcb07eab-6213-4274-a71f-350cb4d9cb63
1983,1983,Za Za,Tango D'Elite,5179683e-1d46-41bc-a878-8ef7bdd39501
1983,1983-10-17,Zana,Jabuke I Vino,a4be3db7-403a-439b-91fe-9295704123d1
1983,1983,Zangeres Zonder Naam,Wraak / Twee zwarte paarden,1e45717e-0c7f-4108-94c5-adfb81f2338a
1983,1983,Zapp,"Heartbreaker (Part I, Part II)",528027e0-33f3-4d2c-be24-71f5e550b5ef
1983,1983-05,Zazu,Fool's Game,b17702f1-4b9e-4bae-a908-a52f4abb0989
1983,1983,Zed,Plastic Love,69daf1cf-d4c1-455a-b220-2f32532bdeac
1983,1983,ZeitGeist,Aus der neuen LP Gib mir Zeit!,f8183fb4-d2c8-4a0f-884a-b173349d4665
1983,1983,ZeitGeist,Der Kapitän,44039980-01c0-47a4-8840-a74a1a234c64
1983,1983,ZeitGeist,Nicht nur für eine Nacht,7563e916-4bce-4b5b-bc2e-8af3b22b5587
1983,1983,Zeltinger,Urlaub in Hongkong,a12b4c28-cd8a-4ea9-8478-a14fec5faf72
1983,1983,Zeltinger,Zeltinger wird Präsident,879ea65e-7cca-49a3-8f8d-83a36c0d2afa
1983,1983,Zena Dejonay,I've Got to Find a Way,aa185bbb-a352-4b12-9f80-520c8ab2db38
1983,1983,Zero Zero,Kino,415eab0f-2a54-414d-87e9-8ff841bb06e1
1983,1983,Zillertaler Schürzenjäger,Ich habe Dir zu danken,5ed83f05-a9fc-4acf-ad8c-2b74c5c89bf6
1983,1983,Zillertaler Schürzenjäger,Ohne Jodeln geht die Zenzi nicht gern Schlafen,2ccfebe8-5010-4fc5-a815-5becab6a72a1
1983,1983,Zoff,Hundertmark,25596a00-86be-48ac-8f9e-435155c0c166
1983,1983,Zoff,Sauerland / Geschichten mit Bild,3ed73929-d9e0-4af9-9cb6-7d2ad1859b35
1983,1983,Zon 6,Som en tiger,9702c4d0-04d8-48b6-a873-629b3ff21512
1983,1983,Zu Zu Sharks,Love Tumbles Down,e401ae00-e5ca-36ae-a345-719e87c5e064
1983,1983,Zyklon B,Independence & Anarchy,d3b2d157-d3e7-4011-be9e-cc5d139413e4
1983,1983-04,ZZ Top,Gimme All Your Lovin’,16853f63-0aba-4ba1-b3fd-7454041046d0
1983,1983,ZZ Top,Legs / Sharp Dressed Man,a442ba60-e38e-457b-ba38-28b482947ce8
1983,1983,ZZ Top,Legs / TV Dinners,71a52184-af81-4599-b7f8-8603edd850fb
1983,1983-11,ZZ Top,Sharp Dressed Man / I Got the Six,c9e55983-65d2-3368-ac02-f5abb4294301
1983,1983,ZZ Top,T.V. Dinners,357973b6-4b6b-44cf-b51f-6db5f9382bfb
1983,1983,Zzzang Tumb,Dans,f848ad86-c3e2-4597-bd9c-74a490a510be
1983,1983,Zzzang Tumb,En gång till,22a38c49-efba-4279-a8c1-b0dcfbc50ab5
1983,1983,Zzzang Tumb,Swedish Model Home,e2fc4586-274c-4251-bd01-6daaced5828c
1983,1983,Élisabeth Anaïs,Antoine de Vaillon,d0a47fed-d403-4372-ad9d-9702e7c23253
1983,1983,Élégance,Jamais de risque,07d957f3-58b9-4d23-91ac-c624aa79c2aa
1983,1983,Émilie Bonnet,J’essaierai d’oublier,aee713f3-46b9-43fa-aea9-87abf2fc5a99
1983,1983,Étant Donnés,Plutôt l'exil du cinq doré,7aaecea6-26d3-4a31-b900-6cf330319971
1983,1983,Étienne Daho,Sortir Ce Soir,35773d36-2e54-4e43-95bc-c7c9c8107806
1983,1983,éVoid,Shadows,c3a87287-e5bf-4926-adb9-137fd2422534
1983,1983,éVoid,Taximan,0fcc2043-ba17-484e-9272-f46d1ad53ef2
1983,1983,Óscar Athié,Fotografía,70d995d3-5b05-478c-b433-0bf75d770c2b
1983,1983,Übergang,So ein Wahnsinn,d344580c-2890-4e71-9970-7d008836f5f6
1983,1983,Śmierć Kliniczna,Nienormalny świat,89757cb9-1385-3dd8-b9f2-5c864ff28740
1983,1983,Χωρίς Περιδέραιο,Άνωση / Το χρώμα και το σχήμα,b203687b-050e-439d-8a2c-babd7ec0eb81
1983,1983,Алла Пугачёва,Ты на свете есть,797ed386-5f62-45a6-94b5-8449bdf957f4
1983,1983,Алла Пугачёва,Цыганский хор,bc264a3d-3438-463d-a1d8-3c80221e94c9
1983,1983,Ансамбль «Фестиваль»,Листья жгут / Темнеет пепел / Любить / Сивка-Бурка,0132b1cb-ce11-4096-857a-7c4acc434201
1983,1983,Вахтанг Кикабидзе,Вахтанг Кикабидзе Поет Песни А. Морозова,fb84d570-556e-402b-8fa1-9b9310e176cb
1983,1983,"Квартет ""Явір""",Українські народні пісні,7893b328-a868-4867-8936-ed47fb83e255
1983,1983,Симо Лазаров,Електронна Музика,17091a4b-eeee-4587-b4d9-6e353d01d78b
1983,1983,Синяя птица,Подорожник / Когда с тобой любовь / Задумчивая грусть / Три аккорда,52a3f989-d818-4482-9c70-f4f76483c57f
1983,1983,Синяя птица,Цветные звуки,e211777a-713c-4576-b788-d4b2f2d51977
1983,1983,Ялла,Песни Фарруха Закирова,4f53087f-e437-4c72-88e1-c5759b845f46
1983,1983,אילנית,תצלום ישן,10740528-783a-4290-b16e-bb785f68d58f
1983,1983,איציק מאַנגער ודובי זלצר,המגילה 83: מתוך פס הקול המקורי,1ff000ff-ea5c-49c1-8bed-1d45cdf0a177
1983,1983,אסתר שמיר,דבר איתי / חץ בתוך הלב,a7b69964-d532-4393-8e93-943474f59678
1983,1983,אפרים שמיר,חבר בחברת עצמי,f384629a-0ace-4366-ad9a-8d4b0ff136d7
1983,1983-04,אפרים שמיר,רוקד לקול הבנות,6d73f610-1a55-42bb-8c84-70d48ddf8072
1983,1983-06,אריאל זילבר,בחברה להגנת הטבע,8a5707f3-508b-4d7c-93f8-e1354c26491f
1983,1983-08,אריאל זילבר,הנה אנו המיואשים,f08c6a61-ae5b-435e-a327-4bde6988d94a
1983,1983,אריק איינשטיין,יד אחת עושה את זה,ec3c141f-7de2-44ad-a8e9-82410634f851
1983,1983,אריק איינשטיין,פנים טובות בתוך החשיכה,aaefa361-3457-4d79-8c3f-1b0a16875cb6
1983,1983-08,אריק איינשטיין,שביר,e7dee2d2-33ca-42a4-a457-1190fde14968
1983,1983,אריק איינשטיין,תל־אביב גדות הירקון 1983,0d11767e-b7fa-4d4b-85d7-591c0c5749eb
1983,1983,אריק סיני,ילד ירוק,ddb768a2-803b-4f2c-ab55-dfae68ec13ce
1983,1983,אריק סיני,מירנדה,87bdec90-bb4f-404f-8db7-ded50080a9cf
1983,1983,גידי גוב,טוב שבאת,dcf58324-8a05-4834-9d17-7f5e74de1e16
1983,1983,גידי גוב,כלים שלובים,8bb0a478-e680-4920-82af-05faea256002
1983,1983,גידי גוב,שטח ההפקר,58c16d5c-0761-4c91-8070-2cdac78a772c
1983,1983,גידי גוב – יוני רכטר,גן סגור–1983 • שיר נבואי קוסמי עליז,6adabd3d-5327-4c7e-bfbb-7c9e5d67a2f6
1983,1983,גלי עטרי,הייתי אומרת,6823f1d8-e64e-45cc-a5a6-279b3cd71e81
1983,1983,גלי עטרי,ממריאה ברוח,f1cb3f71-13d5-47f8-a27e-483c52f1c175
1983,1983,גלי עטרי,עוד יום,400020dc-9eaf-4a2c-9d20-ac1691bd9f5c
1983,1983,דויד ברוזה,כמו שאת,09d6344c-1399-40d2-8b41-8aca816c1e53
1983,1983,דויד ברוזה,מגיע לו,9112e1ee-19f2-491c-950c-3404a7681ab1
1983,1983-08,דורי בן זאב,תיירים: שיר הנושא מתוך הסרט החדש עובדים על העולים,c082083d-ac52-4a3e-9a35-86c719461624
1983,1983,הכל עובר חביבי,לילה בכרך,a400626d-a2dc-4c29-ace9-a30b1ad01a1e
1983,1983,חוה אלברשטיין,בגלל הלילה,816efb2e-dfa1-4f38-b4c0-d6c80e2a861c
1983,1983,חוה אלברשטיין,זה שנולד ליד הים,c0f37aa0-2d37-418d-a877-b01804a7720b
1983,1983,חוה אלברשטיין,פנאי,6cb04568-525a-40c1-aa9d-7ac11f712186
1983,1983,יהודית רביץ,בוא לריו,4a822119-d7f8-4ac8-a979-ad7b34fef0a0
1983,1983,יהודית רביץ,טאז׳ מאהאל / יום האינדיאנים,a3a60a81-4a54-4de4-aade-84e5d0fe95f3
1983,1983,מוטי המר,רקמה אנושית אחת,28c06279-a97f-4fdf-8b3a-74e9d7a06d35
1983,1983,باسكال صقر = Pascale Sakr,وطني / أرضك الكرامة = Watani / Ardak El Karame,96366264-9016-4bc3-971d-0fc53bdcae9e
1983,1983-05-03,“Weird Al” Yankovic,Ricky,862e5acc-efaa-4469-a314-01a75d033d89
1983,1983-11-01,あみん,おやすみ,f23b0ac9-e270-3d7b-8ee6-188c145a4c52
1983,1983-04-06,あみん,心こめて　愛をこめて,6ec9bafb-d63a-3d23-8dbd-47d758666080
1983,1983-10-21,いいとも青年隊,だったらツイスト,3a2e4e09-54ad-46fa-8bdd-63eda54e3f8e
1983,1983-06-21,いいとも青年隊,恋の爆弾ストリート,1a5b4222-7c66-4d6e-be50-43c45f2a1653
1983,1983,おだこうへい,夏のレンガ通り,afba1c7a-2f84-4d28-a258-3c0bc794ad0c
1983,1983,かとうゆかり,熱風半球,90b056d8-f909-4df5-baa0-27f228aefb53
1983,1983-06-21,きゃんきゃん,なに？お巡りさんが・・・・・,9a8455cf-9853-3d5e-a5b4-a5cc3122364f
1983,1983-01-21,きゃんきゃん,迷うルージュの色,f90068cb-a3bd-303a-9f64-63581bc7eaff
1983,1983-09-21,つちやかおり,September Rainに消されて,67792401-fe81-4aa5-b6c9-6c465db60361
1983,1983-05-21,つちやかおり,あ・し・た何色,1066c094-fa02-4740-b0bc-e60209bd4dbe
1983,1983-03-01,つちやかおり,秘密じゃないけど秘密,0de44e6e-4a30-4a11-8312-f97db7f1189a
1983,1983-12-21,わらべ,もしも明日が…。,eb8100c8-a7ad-3f73-a5e3-a114f939ea7a
1983,1983,アラ ・プガチョワ,百万本のバラ,3bb52337-602f-41e2-a98d-6c69f084b404
1983,1983,コシミハル,L'Amour Toujours,4e725dc1-d1e0-4423-ae1c-07d36aecf821
1983,1983-07-05,サザンオールスターズ,EMANON,62148190-4ab4-47f5-a0ae-672e2a89d466
1983,1983-03-05,サザンオールスターズ,ボディ・スペシャルII,7217245d-82b7-42a5-8906-f84189ac8ae7
1983,1983-11-05,サザンオールスターズ,東京シャッフル,954a68a7-2a4a-453d-8e46-39395aef1558
1983,1983-06-01,スターボー,Summer Love,2a26d50b-1cbe-4906-bde8-c6af33cd7472
1983,1983,スターボー,たんぽぽ畑でつかまえて,5fd1afc0-517b-4dfb-b30b-730ff12248b1
1983,1983-05-21,ソフトクリーム,すっぱい失敗,489a7342-6294-39fb-ad6c-f07ffcc7d541
1983,1983-08-21,ソフトクリーム,スキよ！ダイスキ君,6da005e3-a31b-36db-9989-4629808b0666
1983,1983-09-28,タンゴ・ヨーロッパ,ダンスホールで待ちわびて,4399f8a5-b109-41e1-b679-f64ed2a29ca4
1983,1983-02-21,タンゴ・ヨーロッパ,恋した女のイマジネーション,280c4bbe-0e07-4777-995d-a1f0a6dc61b0
1983,1983-08-21,デューク・エイセス / 坂本九,夢みる小ねこ / 馬のシッポ ぶたのシッポ,d52df652-3d64-43fe-a9cb-7715747c2c6c
1983,1983,ナチコ,あなたの背中／知らない街で,5ba2a039-e683-4ea7-b4ea-13004f38d8f6
1983,1983,パル,黄金のコンドル／それぞれのユートピア,1b082046-14bf-4230-894a-64f6dc6c803b
1983,1983-07-25,リサ,私の恋は自由型 / Mr. Sunshine,9d975943-7074-4f76-8924-9fc6387b72fa
1983,1983-02-21,三原順子,ミスティー・ヒロイン,bec0c529-3a27-4854-acf5-7d5c4dc00940
1983,1983-05-21,三原順子,悲・GEORGE,57a38bb5-add6-47f7-9920-2fe794584630
1983,1983-09-01,三原順子,気まぐれSTING,f1c45827-9143-4095-8b75-f61b75269b5c
1983,1983,三田寛子,初恋,09fa9e43-adc2-4c3c-9141-961ed5dc258c
1983,1983,三田寛子,野菊いちりん,a5b862ba-4760-4010-9197-896eb4de29cf
1983,1983-03-21,中原めいこ,Friday Magic,8e06f58c-8909-4eae-acf5-121ffe510e6a
1983,1983-11-21,中原めいこ,スコーピオン,6a3040c3-272b-4cae-aec4-d0a55184586c
1983,1983-07-21,中原めいこ,月夜に気をつけて!,4d446abe-46f5-4bc1-928d-a04153f1139a
1983,1983,中山美紀,Just Now,fca0616d-46c6-401f-a3bf-3090b688b9bd
1983,1983-10-21,中島みゆき,あの娘,482e59ec-d898-4508-9593-4e36ca65a28b
1983,1983-02-23,中森明菜,½の神話,8e468532-cb5e-40a9-8a3d-322a054c7981
1983,1983-06-01,中森明菜,トワイライト –夕暮れ便り–,5755c5d0-555d-4d29-9016-05ee8fb3f25f
1983,1983-09-07,中森明菜,禁区,27c1ddda-1947-4969-acf4-5e67b86a98b6
1983,1983,久保田蘭,くやしいけれど愛してる,3ba944c1-6f63-4638-b7c2-967401738e50
1983,1983-10-01,井上鑑,アドリアン・ブルー,0a9a50ff-17d5-4325-b618-67f7438e0d1e
1983,1983,亜蘭知子,Body To Body,250cac4d-deed-4ea9-a30a-0b527ac24761
1983,1983,伊丹哲也 & Side By Side,Stormy Night,49c81c88-62da-4da8-b08b-c77c794d027c
1983,1983-08-25,伊武雅刀,子供達を責めないで,4e00a4bd-6514-468a-a293-054369eed9d9
1983,1983-06-21,伊藤さやか,nanpa No.1,c95dc652-69b2-49fa-a845-0a2c885327b3
1983,1983-09-21,伊藤さやか,恋はFeel So Lightで!,ad9e2fcc-ff88-4352-baa8-0b2b58ec0e65
1983,1983-02-21,伊藤さやか,理由なき反抗,1ce71787-48b4-4d49-897a-f296746dccb1
1983,1983-12-16,伊藤さやか,素敵にジングルベル,e7e74d83-b304-444b-bddb-c0809c1e5470
1983,1983,伊藤咲子 / 中原めいこ,76/45 for VIP,b4b5111a-a1e1-438e-b2bd-de2f38245418
1983,1983-02-25,伊藤麻衣子,微熱かナ,e883efe3-33db-329e-8f60-c42912b58f8e
1983,1983-08-05,八神純子,NATURALLY,8b2bd58c-31a0-438e-b48f-f87c82bd06cf
1983,1983-02-05,八神純子,ラブ・シュープリーム 〜至上の愛〜,280beef7-cdba-4c7b-bd87-f7bda398b8a9
1983,1983-07-21,八神純子,恋のスマッシュ・ヒット,563ab908-8ad5-4212-ac19-337eb5ea9c74
1983,1983-11-21,八神純子,黄昏のBAY CITY,f3cf61a3-9542-4b94-ada3-44e5435b6d28
1983,1983,加藤有紀,謎はと・か・な・い・で,0e736055-28c4-489d-8b5b-24667a6868c6
1983,1983-07-25,原田知世,ダンデライオン〜遅咲きのたんぽぽ,680e02c9-2926-49d5-af20-c6918a4ad286
1983,1983-04-21,原田知世,時をかける少女,ac1ee38b-2c17-4655-9c37-ef957474f8c5
1983,1983-09-01,原真祐美,"Bye, Bye, September",28a456b3-639b-4e43-b326-6dba778d4bf6
1983,1983-06-21,原真祐美,恋人なんて,5dba8452-436c-4752-8a8c-e710af307672
1983,1983-03-21,原真祐美,決心,2a3e28e7-5583-4996-be53-c4e0c2b7f3a2
1983,1983-11-05,吉田拓郎,I’m in love,48792fba-43f6-47b6-a7f0-f8ff6de01f07
1983,1983-05-21,吉田拓郎,あいつの部屋には男がいる,ff4f31d4-96e3-46e8-83cc-b7aabe41a85a
1983,1983-06-21,吹田明日香,バ・ケー・ショ・ン,f78505b0-a3b5-49cd-9c25-107a19b6c6b4
1983,1983-09-28,吹田明日香,聖書,b994b8f8-9579-45af-ad5b-974c1dee280d
1983,1983,坂上とし恵,ラスト・キッス,16dd7e07-ab44-47b1-aa61-20d0501d7f52
1983,1983-11-21,坂本九,ぶっちぎりNO文句,4068322f-f045-4d28-bddb-791bb9df6a0d
1983,1983,坂本龍一,Riot In Lagos,e03b73f1-27fc-4f60-954b-4fa8fc4316c6
1983,1983-06-10,大沢逸美,キリキリ舞い,d6d05bbf-4c8b-43f7-b033-e1cf90cff512
1983,1983-02-21,大沢逸美,ジェームス・ディーンみたいな女の子,af8681b2-1596-45f1-a056-30ba08cee738
1983,1983-08-05,大貫妙子,夏に恋する女たち,92d59a1b-40f8-4941-8bcf-01f6729a67fa
1983,1983-09-25,太田貴子,BIN♥KANルージュ,a367dae6-6cc6-4966-9644-164142ff2af8
1983,1983-07-25,太田貴子,デリケートに好きして,8b5cd196-27c7-4f5c-bf28-83cad8a6c045
1983,1983,奇形児,奇形児,ed916c57-6070-4843-bac8-4f29a35661aa
1983,1983-11-25,安全地帯,ワインレッドの心 / We're alive,4d5a2a96-7a23-4e99-9c5a-411dd8b5895f
1983,1983-07-21,安田純子,50 moons,ae8c664e-7f7b-4069-9d35-944d61f9c6c9
1983,1983-02-21,宮原巻由子,花明り,d1b0be6a-77fb-4368-b70d-bf6862b34cbf
1983,1983,宮原巻由子,鳥の詩,39b00a97-0264-4620-8217-4b74162dea15
1983,1983-11-21,富田靖子,オレンジ色の絵葉書,bb49f642-09f8-4895-9bff-8929164b594d
1983,1983,小出広美,小出広美,f554a8e5-eeea-4a73-adca-efdbedcb25ab
1983,1983,小出広美,心はプリズム,551b4de7-91c5-4596-bc1a-2454bb54a447
1983,1983-07-10,小林泉美,Dancing Star／夢はLove me more,f9d27d9f-3f3a-418d-8168-cddee66bbd20
1983,1983-05-05,小泉今日子,まっ赤な女の子,36266bc4-0a9c-40f5-95ec-c25ed035215d
1983,1983-07-21,小泉今日子,半分少女,efbce17f-cbd9-42fb-999e-048a7f5ea146
1983,1983-02-05,小泉今日子,春風の誘惑,5270ed6c-fe31-4b1b-b369-f78eacb865fe
1983,1983-11-01,小泉今日子,艶姿ナミダ娘,cc96f6c6-db29-4b25-8f9b-bfe5b8ea57ca
1983,1983-12-01,尾崎豊,15の夜,a998cd2e-9d5f-4431-a0ca-c5fd8ac5eeae
1983,1983-12-14,山下達郎,Christmas Eve,f3db16bf-ab2f-3422-805b-dde98738f6b5
1983,1983-09-28,山下達郎,スプリンクラー,ba5c4f71-c569-4828-a903-c2dca84bb750
1983,1983,山下達郎,高気圧ガール／DARLIN',8304eed6-fba9-4646-9aaf-d5b0dfcbcf02
1983,1983-07-05,山口美央子,さても天晴 夢桜／夕顔〜あはれ〜,c850aee7-9ca5-4214-b093-6b8a2522920b
1983,1983-02-05,山口美央子,恋は春感／月姫 (Moon‐Light Princess),04f36e45-898a-4942-a3fe-95ec2ce0d3fc
1983,1983,山本達彦,My Marine Marilyn,58b03669-50d4-4859-8cfa-d603a68c0cbd
1983,1983-02,"山村美智子, ハッピー・ブッシュメン",Be Smiling,e7271bc9-45c4-464c-afcb-7937465365ee
1983,1983-03-09,岩井小百合,ドキドキHeartのバースデイ・パーティ,714b70ef-40ad-37be-b192-36db4c36d93f
1983,1983-01-12,岩井小百合,ドリーム・ドリーム・ドリーム,d37701ac-76e9-3a8d-9908-b27f64feffeb
1983,1983-07-13,岩井小百合,恋あなたし・だ・い,0d54e61f-e6f8-3c00-a403-f33264b62ddc
1983,1983,岩井小百合,水色のラブ・レター,637b60bb-17e4-3ae7-bafc-abee9494f31c
1983,1983-08-21,岩崎宏美,家路,7d5dfe02-e300-4b98-860b-63e237d6e7b8
1983,1983-06-05,岩崎宏美,真珠のピリオド,198e14e0-e0ea-4e13-8ec7-b9c47f8ee8f6
1983,1983-03-21,岩崎宏美,素敵な気持ち,7f0712f9-ea63-444e-8624-81f323c49071
1983,1983-10-21,岩崎良美,オシャレにKiss me,1c6d1b83-774a-4fb7-821c-0e586003ab53
1983,1983-04-21,岩崎良美,ラストダンスには早過ぎる,02a20a1c-8c07-4b2f-aceb-ae8a6e608f63
1983,1983-01-21,岩崎良美,恋ほど素敵なショーはない,28ea747c-092b-46ca-ae40-0826c97af7c1
1983,1983-07-21,岩崎良美,月の浜辺,95c82e0e-0970-4563-8544-50513d2083ed
1983,1983,川島なお美,Ash Wednesday,3e58c6a5-10e5-4ad1-8445-b06fee2673e9
1983,1983-04-21,平江由美,魅せられて東京,930ac4b0-1c02-4acc-bc53-df60c369bb9d
1983,1983-10-21,庄野真代,お・ん・な 無限大,97e3fb18-4bfa-4433-958d-a83bef2cc5c4
1983,1983-05-21,庄野真代,そして・蜃気楼,af9be3c2-65a7-4c79-9bc5-3e4b6c3886ea
1983,1983-07-21,庄野真代,スロウ・ボートでチャイナへ,d254e4c8-99b3-4743-96ff-51ef28cb871d
1983,1983,徳丸純子,恋はシーソーゲーム,f5a55677-fce9-4958-9335-664ddb6a2f3f
1983,1983-08-21,愛田悦子,まわり道,f425a22e-3345-45d3-939e-0181fc26ec03
1983,1983-05-05,愛田洋子,雨が好き,f18c0ebf-b2de-4378-86e5-20c9bc70affb
1983,1983,愛田洋子…+1,過ぎた日のLove Song,01960037-b35f-4794-822c-5903d4cd9450
1983,1983,斉藤ゆう子,僕も男だ〜学校編／僕も男だ〜OL編,51ecbd3d-61f7-40b5-a32a-c28d45d363a2
1983,1983-01-21,早見優,あの頃にもう一度,a6ed8f49-b9a3-4e25-b148-daa37441603c
1983,1983-09-21,早見優,ラッキィ・リップス,e0b887e6-4514-45a5-8ac7-4a3f65216953
1983,1983-04-01,早見優,夏色のナンシー,e2ce811f-5b3c-49c6-ab26-39e6438b1be9
1983,1983-12-21,早見優,抱いて マイ・ラブ,f3e73f2f-a14f-40fe-9757-a03117067574
1983,1983-07-01,早見優,渚のライオン,fad9f60f-190f-431c-9608-85d411d34b76
1983,1983-05,有頂天,有頂天,4741a000-d8ff-4259-b6e4-893c93a26e79
1983,1983-10-21,杉山清貴 & オメガトライブ,ASPHALT LADY,862443fe-476a-4678-837e-d9134219fa2d
1983,1983-04-21,杉山清貴 & オメガトライブ,SUMMER SUSPICION,f4c32966-e2d1-4a1f-8a7d-6d9c12673374
1983,1983-08-05,杏里,CAT’S EYE,bce7644f-1856-4a15-b1b0-df2a55b8a59b
1983,1983-06-05,杏里,Lady Sunshine,4b6559d2-5b03-42c4-95d7-614ffd1d411b
1983,1983-11-05,杏里,悲しみがとまらない,bde746da-c68b-4c7b-8579-ccdcb582c45e
1983,1983-08-25,村下孝蔵,踊り子,3fb1cb54-b555-49fc-811a-0142d23f896b
1983,1983-03-25,村田和人,一本の音楽,dca44342-bc1e-40c8-8c1b-3334461a3f4e
1983,1983,村田有美,PIGTAIL,bbaa8873-8894-4bc7-8065-5a707a3e0a63
1983,1983-04-05,松原みき,Paradise Beach,de13b78f-2a86-47f3-9d09-5c577355f157
1983,1983-09-21,松原みき,Sweet サレンダー,440d494c-b1cc-43f2-83bf-337008acbe0d
1983,1983,松尾ジーナ,月影のメロディー,9554319f-a599-4ff7-9f51-43e5fcc65ed4
1983,1983-03-21,松尾久美子,メモワール,704e6913-9c90-45e6-9ea7-150ea7fc207b
1983,1983-03-03,松本伊代,チャイニーズ・キッス,f46e9215-9aa0-451c-8b32-ed6bb3c8010e
1983,1983-06-01,松本伊代,太陽がいっぱい,a8d53f9e-8e73-4403-9936-7fe483adea8d
1983,1983-08-25,松本伊代,恋のバイオリズム,d166c932-b48a-4e37-8d45-d3e700859164
1983,1983-11-23,松本伊代,時に愛は,8cd7ff5d-75e4-4c30-b5a6-1c9adb0e377e
1983,1983,松本明子,キャラメル・ラブ,b362cef0-265f-4157-9222-c245c73f1981
1983,1983,松武秀樹,眠れる夜,5b71f156-1dde-4faf-b4dd-8986fb2551f1
1983,1983-08-01,松田聖子,ガラスの林檎 / SWEET MEMORIES,62f31c02-3a4f-431e-b736-a433dfdb9d52
1983,1983-04-27,松田聖子,天国のキッス,db52a8c2-6c47-4d57-ad08-402bf1dc879a
1983,1983-10-28,松田聖子,瞳はダイアモンド / 蒼いフォトグラフ,a22f399f-6466-4ce5-bec8-af2cd81fcdd6
1983,1983-02-03,松田聖子,秘密の花園,936fcced-4e58-43a3-89eb-fde46bbf56e7
1983,1983-04-13,柏原芳恵,ちょっとなら媚薬,6745d357-4390-4668-897e-13c5dcae4f1a
1983,1983-12-01,柏原芳恵,カム・フラージュ,564ca2c9-5a71-4251-be16-5c360e4ead80
1983,1983-09-21,柏原芳恵,タイニー・メモリー,5522d8e2-9841-4ebe-bcb3-de9681493265
1983,1983-06-29,柏原芳恵,夏模様,23a024e2-b272-42e6-b9d1-e153a1a5dadd
1983,1983-01-11,柏原芳恵,春なのに,fe67c364-5eb3-4cc3-b24d-7828e76fe9bc
1983,1983-09-05,桜田淳子,眉月夜,36247870-8b13-41ad-8b75-4de5a33b815c
1983,1983-05-05,森尾由美,お・ね・が・い,fad153c5-b581-4716-8e0f-f5d33f0cca41
1983,1983-08-05,森尾由美,ごめんなさい・愛してる,2cd20948-d368-4a65-9531-e3666605d511
1983,1983-10,森尾由美,天気予報は I Luv U,f283215a-23cb-40fe-9346-eb46aa7d04c1
1983,1983-10-05,森進一,モロッコ,c885f48e-a99f-4a97-abfc-2d403ecb3273
1983,1983-10-05,森進一,冬桜,d1fbf08a-5ee3-46aa-b7e4-ca325dd9939a
1983,1983-04-21,森進一,紐育物語,4f86447f-df91-4056-b099-dbd27fa4538d
1983,1983-05-21,榊原郁恵,ガラス色の午後,e97d9ee6-e5a4-4d73-9b83-eaa51a42a1d2
1983,1983-09-01,榊原郁恵,愛のシルエット / 悲しきクラクション,8610272a-4d19-4b6e-a2e6-573b4e977bfa
1983,1983-02-21,榊原郁恵,親友,b5bc4655-998d-4df4-bb44-8c9387a51193
1983,1983-05-21,榎本明美,夏いろの風,67f77315-7d14-4b03-adbc-bc5922dbbd30
1983,1983,横田ひとみ,ローレライ,c5689c69-06fa-4165-9652-5224e0bc4fa5
1983,1983,檀雄司,Town & Country,ee85a586-31bf-4094-970d-a6d2639645e0
1983,1983,武田久美子,シャワー・ホリデー,0391f8c6-554e-4003-ba12-1a4019c3996d
1983,1983,武田久美子,噂になってもいい,173c289b-05c3-488c-b139-3a1a58392ecb
1983,1983,水谷圭,Bad-Boyに気をつけろ！,99274a42-bece-4f3a-a3b8-8bec40741310
1983,1983,水谷圭,スロータッチ,d86a7946-18e0-4878-a0b8-42430307e1f4
1983,1983,水野きみこ,神よ何てお礼を言えばいいのか分らない,944f999c-d2cd-4895-aa3e-a5a75b6e4d17
1983,1983-11-21,沖田浩之,冬のライオン / 燃えてヒーロー,7ff2ed17-035a-428d-a6a3-b38418915821
1983,1983,河合夕子,赤色エアロビクス,d8ab78db-d6ba-4dc8-a717-e72010a04435
1983,1983-09-14,河合奈保子,UNバランス,40b75a9f-0b69-4ac6-ac1e-1b4846bac1fa
1983,1983-06-01,河合奈保子,エスカレーション,1e23148c-6ca2-46c0-a6fa-e4107ab40948
1983,1983-03-01,河合奈保子,ストロー・タッチの恋,47be0bae-a131-408e-8f88-1be573bb04ce
1983,1983-12-01,河合奈保子,疑問符,da40db33-1fd0-44fb-aac1-0639c7224d7a
1983,1983,河合美智子,わたし・多感な頃,cd2e5764-39c3-44dc-9bb7-a3e1cc07d77a
1983,1983,河合美智子,サマー・ホリデー,5a76d611-d670-405f-bc47-425ed283ddca
1983,1983,浅沼友紀子,憧れはオクターブハイの空へ,48457bff-ba21-4dd0-8278-7f32372d8650
1983,1983-04-01,浜田朱里,夏の指定席,9f04f36e-9c6b-4c8b-9bc5-effc2d5636e8
1983,1983-08-10,濱田金吾,Gatsby Woman,4492489c-0c78-496a-b8a0-1af26aaf3a4a
1983,1983-11-21,琴風豪規,東京たずね人,679d7de6-7130-4223-afd0-d300cd72bedd
1983,1983-06-21,石川ひとみ,にわか雨,bd518997-cf6d-43af-8e04-e93461d90284
1983,1983-02-21,石川ひとみ,パープル ミステリー,26ee390d-3ffd-4370-ab7c-83f9ce124bcc
1983,1983-09-21,石川ひとみ,恋,b82b0bf8-55d9-49b6-9351-6a607bdfd278
1983,1983,石川優子,デスティニー,dd408d35-4d40-48d7-9109-450b8e12def9
1983,1983-05-21,石川優子,誘惑のプレリュード,b4df6ede-6153-4c16-a9c2-4c5161d02c74
1983,1983-03-21,石川秀美,Hey! ミスター・ポリスマン,6860c400-ead0-476b-8540-a2ab0014c5fc
1983,1983-11-22,石川秀美,スターダスト・トレイン,cf1d3c3c-0cc9-4bba-9704-5f8694c178cb
1983,1983-09-01,石川秀美,バイ・バイ・サマー,c9b9d3ff-2412-4d6d-80b9-907f0d1a0ec4
1983,1983-06-21,石川秀美,恋はサマー・フィーリング,1987f79a-7b6b-4863-93ce-23eb10be5aba
1983,1983-01-01,石川秀美,涙のペーパームーン,2c06ea2b-2ba9-444c-9d7d-2b99b2809a37
1983,1983-04-21,研ナオコ,Lonely Way,f23e6757-2df5-40f6-9616-82931c24eb6b
1983,1983-08-05,研ナオコ,愛、どうじゃ。恋、どうじゃ。,b19901c1-8465-4cd7-98ec-b1982d3d18b3
1983,1983-11-05,研ナオコ,泣かせて,2ae17eef-2fb0-4823-ad55-27e8ee2ee9b0
1983,1983-10,花井その子,COSMIC★LOVE,0b838316-50f7-41c5-848b-be289dda8123
1983,1983,菊池陽子,ねがわくば...Kiス,093e4002-b636-4ca3-9a54-0ef5e304a238
1983,1983-05-21,葛城ユキ,ボヘミアン,bdb71482-9502-4ed8-aa05-2ff9ccdacce1
1983,1983,薬師丸ひろ子,すこしだけやさしく,b32e6286-ed09-4b4e-8986-0f4d18e1d9e9
1983,1983-05-25,薬師丸ひろ子,探偵物語,07bd3b80-0e38-3a1d-a584-16d6911dd744
1983,1983,西松一博 by ARAGON,飛翔〈NEVER END〉 / BLOODBATH HIGHWAY,dfa32920-c4f5-4a65-93e1-d0dc7f8a5a44
1983,1983,西田恭平,さよなら Tokyo Girl,c7c5938c-e6f8-4e45-a1cc-3c5eff41adae
1983,1983-10-21,角松敏生,Do You Wanna Dance,82d200f7-0cb5-4488-a6af-263f38fc7cc5
1983,1983-04-21,角松敏生,スカイ・ハイ (Take You To The Sky High),12de7b4f-b300-4dcb-bc03-ddda9dbbe778
1983,1983-01-25,野口五郎,19:00の街,33ed808e-db3e-44c8-a1b8-cb56526d2dc6
1983,1983-10-10,野口五郎,今夜はつれづれ,5ff5f44e-3449-41bf-b1e5-fb0c01ebbac3
1983,1983-05-25,野口五郎,過ぎ去れば夢は優しい,3162bb31-7a88-490f-b144-03b59786255e
1983,1983,野本直美,友よ,4bfa22e6-c8f4-48ec-85be-7906be6ed1e2
1983,1983,非常階段,A Tribute to Icchie,64ae73bd-eea5-435e-863e-5557fee72c88
1983,1983-11-05,飯島真理,きっと言える,cc2d656f-a841-4a17-aa22-8a43170f0435
1983,1983-04-05,飯島真理,夢色のスプーン,8792148d-7671-4309-ab5a-e27316d40368
1983,1983-05-01,香坂みゆき,ル・ジタン,a2f77867-2625-47e5-be26-b1129b9be27f
1983,1983-11-01,香坂みゆき,東京が好き,64934eb6-4395-447f-b71d-cf29c5f0e66f
1983,1983-05-05,高田みづえ,そんなヒロシに騙されて,5a5e17d7-d812-4b28-bb9e-685c85e2f372
1983,1983-02-01,高田みづえ,通りすぎた風,d7ecd2f8-4f7a-4b55-b1ab-208ff6544db6
1983,1983-08-25,高見恭子,べじたぶる,49af4ba2-8910-46da-be29-9987d88d9dab
1983,1983,鷗,夜空にホーホー,86d9b702-65f1-4c50-b0d5-87947d682547
1983,1983,鷗,甲南町民の歌,64b4dbd8-10c9-4988-8e22-d9f04ff51ab7
1983,1983-11-05,麻倉未稀,それだけの旅,dfc562f8-62b3-45bd-8e95-9d8752ace8e6
1983,1983-07-21,麻倉未稀,ホワット・ア・フィーリング～フラッシュダンス,27ccb181-271b-4c62-bc80-f2b3961f39ae
1983,1983-11-21,麻倉未稀,黄昏ダンシング,9306f808-b40c-4970-aafe-407000a0118e
1983,1983,麻見和也,涙のFriday Night,fe082a49-b289-4fff-8c95-ce0f56818764
1983,1983,黒住憲五,Juggler,29734326-057c-4c84-9cec-cba98141aa8a
1983,1983-03-21,黒住憲五,白い夏,37c10579-be34-459d-b3ba-216ee81bf934
