jahr,erstveroeffentlichung,interpret,titel,mbid
1984,1984,!Action Pact!,Cocktail Credibility,8b294d93-e2c1-41c3-b4c4-040382dd0777
1984,1984,"""Pretty"" Tony",Computer Language,cbacac82-4bd8-4d6e-916d-e0c3d13189de
1984,1984,'t Lef,Dansen met verdriet / Lilian,b90d9be6-0c6e-4c6d-8690-a4c75f35227f
1984,1984,091,Ella está detrás de la puerta,0793f3d5-8e67-38fa-b0f6-627fc841c14f
1984,1984,091,Lágrimas en el paraíso,00170946-806e-3860-a06e-56f8a662607c
1984,1984-02-24,"10,000 Maniacs",My Mother The War,93bbb5d8-092e-4391-86af-05e059a3d2a6
1984,1984,1000 Mexicans,The Last Pop Song,a58b9c59-8c36-45c2-abb5-db30b0fd3e48
1984,1984,1000 Mexicans,Under Construction,47dd2d2a-967b-481b-a8fa-3378b8f1add0
1984,1984,1000 Ohm,The Claim,f63ab8a1-7fa4-4527-82d8-2e4c3dc0d37d
1984,1984,2 Belgen,Opération coup de poing,c8f14f76-80de-49cb-bc72-d7d95abe8996
1984,1984,2 plus 1,Wielki mały człowiek,1085be83-006e-444f-865b-18cc42167971
1984,1984,220 Gesangssolisten unseres Landes,Alt wie die Welt,8d0f7046-9ff1-4e34-9d1d-68b559e14c0e
1984,1984-11,220 Volt,Heavy Christmas,83765007-77fa-4cd5-82fc-03fe1357b39f
1984,1984,23 Skidoo,Language,7b880adb-2c5e-3d10-96ca-a37421dcdb0c
1984,1984,3 Heren,Afwas / Stil,4e0b4404-4530-49c5-946c-9c003088c4fa
1984,1984,3D,Break the Fix(Ation),1d053605-d65f-4371-b387-9396df30034a
1984,1984,3D,Nearer,73850ec9-93c0-4d50-a803-39cbc5e6e2e2
1984,1984,3D (A Fish In Sea),Break the Fix(ation),06f4e715-077f-4baa-9493-dae259498e01
1984,1984,3D (A Fish In Sea),Nearer,df2e484b-ec40-4f06-bbee-b72df5c5e9d4
1984,1984,4-D mode0,蟹道楽,eecbffb9-0cb0-4ed3-9a7c-b225a32c15e7
1984,1984-03-23,4-D mode1,F-1,3a3b1073-b62c-4db4-93a0-bde6ebc0e7a3
1984,1984,4-D mode2,春嵐,27f60af9-b33f-4727-bfab-f98d173dc8a1
1984,1984-12-24,4-D mode2,雪鳥,68e352ed-037c-4841-af59-6cec95d2a9f8
1984,1984,400 Blows,Declaration of Intent,199d88ca-343b-47ee-b36c-5b2a5319fdb2
1984,1984,400 Blows,Groove Jumping,1ef22555-531a-4ac3-aa28-e75865e2b0c8
1984,1984,400 Blows,Pressure,547f0b9f-c907-48a5-9ca3-12262bd184fd
1984,1984,45 Grave,Partytime / School's Out,480b1f69-b3eb-30a3-baa7-19a8a3be195c
1984,1984,501's,We Are Invincible,15ba30d2-03f3-403a-8491-4904eec3e691
1984,1984-10,52nd Street,Can't Afford,93a4b677-c9af-35ed-a011-83ad138c6f5e
1984,1984,84 Ahead,Get on Up,19112146-8f46-4152-846e-fb1e61864394
1984,1984,A Bigger Splash,I Don't Believe a Word,faf01300-6a8d-3f80-9d91-5259492a9f3a
1984,1984-12,A Certain Ratio,Brazilia,6549e187-9ce0-494b-b9d0-ef50d490c1d0
1984,1984-12,A Certain Ratio,Life's a Scream,2c94afd4-8636-452c-a014-5623171a9e41
1984,1984,A Drop in the Gray,All the Same / Fall and Cry,c27d9ddd-1292-4a58-a886-16d724c7eab6
1984,1984,A Flock of Seagulls,Never Again (The Dancer),9eb4c70f-2df1-3fb4-9ca0-31d6ac51ef99
1984,1984,A Flock of Seagulls,"The More You Live, the More You Love",c19a5625-dfc6-37e8-a710-cc0d587eba5b
1984,1984,A Popular History of Signs,Body & Soul,e04e3681-c2a0-4823-8dd5-d8bd985e293c
1984,1984,A Popular History of Signs,Ladderjack,9c9844bb-6812-47df-9de1-aa33fa7d93d7
1984,1984-04,A Primary Industry,At Gunpoint / Perversion,5f6647cb-c98a-4057-9cf1-564cdf6a6259
1984,1984,A Reprisal,Child,8870acdc-e321-44fc-9e77-abd40f3d1b94
1984,1984,A' O' K',Style,b8bd45d6-65f5-4422-83ae-129c4954c873
1984,1984,A.G.F.,Loved by You,3f4cd198-f4ba-49a5-a2f8-11832d25019d
1984,1984,A.I.M.,So Evil (Close To The Edge),01f2ad97-bd46-4c8a-89bb-a9b56ef93449
1984,1984,A.I.M.,Thailand Seeds,40da4fdc-2bfc-4bb2-ade4-a2695a490f04
1984,1984,Aaah...!,Input:Output,ee037b04-2eee-4cf5-8232-217827b595bc
1984,1984-11,ABC,How to Be a Millionaire,0a4df673-6b25-4ccd-888b-369849cc8aec
1984,1984,ABC,How to Be a Zillionaire (Wall St. mix),4a2c49aa-09a7-4da9-bfe1-794a76f667a4
1984,1984,Abrasive Wheels,The Prisoner,ce6805ed-de08-47a6-bf6a-7bd10dcaf98a
1984,1984-08,Abwärts,Olympia,2a3de74e-cca8-4724-af5a-af1e91fa8092
1984,1984,Academy,On the Beach,d50efc2e-235a-4daf-b87a-11fe603b8bb0
1984,1984,Academy,Stranded,16d0fe0d-5438-4e0b-bed8-c1d2c0f8b72c
1984,1984,Accept,Balls to the Wall,d75fdd13-5bc0-46c0-bae0-310d927ec63f
1984,1984,Accept,Love Child,cec510d2-0dc9-4ff8-a79b-86de2965a2e3
1984,1984,"Accordeon Vereniging “Scala”, W. Nelissen",Het licht tegemoet,81c2e6d8-3bfe-4582-9cff-abcf5f3a36ef
1984,1984,Achyl Flock,Petite fille arc-en-ciel / Voyage en 1 ére flippe,67dcfed5-5d84-4f54-ae44-eb9b53abe129
1984,1984,Acid Drops,Surfin' Prostitute Beat,9b24eedc-baa2-4a8c-89db-5ed5da3a727c
1984,1984,Ad & Ellie,Toen op die avond,025709be-d7e3-4874-859b-003bf0623b01
1984,1984,Ad & Ellie,Toen op die avond / 't Was zo mooi,b03f49c0-355f-408e-953a-1a5e0b8eb742
1984,1984,Ad & Jacqueline,Elke keer op zondag,b7b1de29-fb72-48e7-9cdf-9696e5c29af3
1984,1984,Ad de Laat,De monikaspulder / Den dungen... vaneijgus,64a4da50-d221-49ea-8d43-b5f261dd7669
1984,1984-03,Ad Infinitum,Telstar,62d73ea0-622e-4a49-bb6e-b98af3939077
1984,1984,Ad Snoeren,Ma Fleur D'amour,9d8f1815-f4b2-4921-85fc-4345822f3809
1984,1984,Ad van Hoorn,Eloisa,a92721ec-0834-4338-bfb3-cb8bd423cd4f
1984,1984,Ad van Hoorn,Nog bedankt voor die fijne jaren,efadddeb-99b6-46d8-8db1-593a5e9cee0d
1984,1984,Ad van Hoorn en Karin,De weg naar Santa Cruz,610fb8d0-3164-4a9f-a63e-c1ded646a0ed
1984,1984,Ad van Hoorn en Karin,"Ik heb een droom / Baby, ba-bye",0f61c5df-992f-4843-a600-0bdf274bea2e
1984,1984,Ad van Hoorn en Karin,Vrij als een vogel,40025caa-b2e1-4b15-9d04-018a6783f0a2
1984,1984,Adalberto Santiago,"Debut y despedida / Si tú no, la otra",fad2b47e-ef29-4db5-ac3c-e54222bff11b
1984,1984,Adam Ant,Apollo 9,e498bcce-9e3a-4031-85e5-c458b729b361
1984,1984,Adam Ant / Bonnie Tyler,Puss in Boots / Total Eclipse of the Heart,d4c1a0c4-b839-4479-89b4-d8e97486841a
1984,1984,ADN’ Ckrystall,In-Edit,8db357ef-8b6c-4d38-af57-d455e74ada91
1984,1984,Adolfo Pacheco y su Compadre Ramón / Antologia Vallenata,Morena / Tiempos idos,956e5570-dcb7-4d0d-9dba-f3480e50aa1b
1984,1984,Adrenalin,Faraway Eyes,bea4ee89-15f6-4d9f-bed9-3e5325fbf238
1984,1984-08,Afrika Bambaataa & James Brown,Unity,756812aa-fae5-38fd-9b0e-0267c6d47857
1984,1984,Afrika Bambaataa & Soulsonic Force with Shango,Frantic Situation,613095f3-db57-4414-8e25-00603cb49fb6
1984,1984,After All,Callow La Vita / Don't Leave Tonight,ce60e2cb-bec0-4046-b665-2adbcabef171
1984,1984,Age,Water Suite,0872c2cd-0d7d-4050-87d0-0d34df09552e
1984,1984,Agents Aren't Aeroplanes,The Upstroke,2744e189-8388-4c63-8f76-5b8661b69fd6
1984,1984,Ago,Electric Cucaracha,b0fa2eae-b49a-4a5b-bb61-3eea8b4ed94f
1984,1984,Ail Symudiad,Bedlam,bde90de8-5ffa-4880-8814-d079ce57142b
1984,1984,Air 89,Cherchez l'amour fou,6a5994c7-a62a-4a01-ba65-b9491c3a7c17
1984,1984,Airbus,I Follow You,95771e6b-f22d-4093-9f90-e2938fc7bd17
1984,1984,Akut Skjut,Leva i smyg,90e0cc70-02f5-4099-90c8-01f54e571488
1984,1984,Al Bano & Romina Power,Canzone blu,7e0f7f4d-3faa-4b05-aed9-a7eafc11bb18
1984,1984,Al Bano & Romina Power,Ci sarà,7dc06d5b-9da6-46c2-bfce-daadd9308350
1984,1984-12-04,Al Corley,Over Me,2508b42d-2613-4310-b986-0c968b06b4a9
1984,1984,Al Corley,Square Rooms,96133605-a4dd-4fbc-8866-825d08c77939
1984,1984,Al Corley / Tears for Fears,Square Rooms / Shout,73fe4d2d-217e-474e-9e64-4a405a8f2866
1984,1984,Al Di Meola,Sequencer (special 12″ mixes),9072ac55-3aca-4f63-958b-0a433e1d56e2
1984,1984,Al McCall,Lock It Up,a53dab20-f6da-4f56-b932-7607fd628b54
1984,1984,Alain,Les Maîtres de l'Univers,63ce0eb9-01a9-471e-b613-c4dafd153367
1984,1984,Alain Bashung,S.O.S. Amor / Les Européennes,1e461bc6-a0bf-492a-9936-3c5fde69a495
1984,1984,Alain Bashung,Élégance,4ea9770a-3c99-4477-a663-929d17e236b8
1984,1984,Alain Gillot-Pétré et le groupe Sud-Pacific,Fréquence Météo,23754cf3-2531-452f-99de-555621d055ed
1984,1984,Alain Markusfeld,Les Rêves De Calypso,319ff500-9a9a-406c-ab93-c5641a00888b
1984,1984,Alain Souchon,Banale Song,0bdc9ac4-7a9f-4bce-87b0-30ab45953b5f
1984,1984,Alan Thicke,Thicke of the Night,48bd1991-1c5a-44a9-80a3-b4a1ead2829f
1984,1984,Alan Woerner,Perfect Girl / Perfect Boy,5b710dec-7c61-4119-9433-ddba98a3f3aa
1984,1984,Alan Woerner,Warten (bis irgendwas passiert),117dcb38-42f4-4628-9b56-cf792d00e10e
1984,1984,Alaska y Dinarama,Cómo pudiste hacerme esto a mí,4fff059b-104d-4107-a5e7-4a42c316b6db
1984,1984,Albert One,Turbo Diesel,25b316ba-c9ac-430c-a738-480a001f72b0
1984,1984,Alberto Camerini,La Bottega Del Caffè / Pizza break,858da269-b907-4e27-ab4d-d3110066a057
1984,1984,Aldo Tagliapietra,Dance Story / Nella notte,7a082424-0e60-4696-8e07-533f2e385259
1984,1984-09-10,Alec Khaoli with Umoja,Red Hot,07d438bc-f925-49af-bb11-2efb83c54656
1984,1984,Aleem feat. Leroy Burgess,Get Loose,9e21c1e5-ef84-4750-9f8e-db09d5694968
1984,1984,Aleem featuring Leroy Burgess,Release Yourself,7d6036aa-5047-47c5-99d4-c632b55465f8
1984,1984,Alegres de Terán,Amor de mis amores / Concha querida,1290d1e5-acfe-4548-b68b-ab352c5815be
1984,1984,Alex & The City Crew,"Say What, Say Who",89e09619-2b38-4c51-9d63-99607c52a744
1984,1984,Alex Rehak,Märchen '85,0324bdd1-a24e-4be4-820a-bd4b6b6f7e72
1984,1984,Alex's Pro,Make It Easy / I'm Burnin,18a05acd-4fb7-46d8-b9fb-b82dd4fbaadc
1984,1984,Alexander Curly,Ik ben niet verliefd,4dbfbbfc-a064-4709-a051-c5c7e82ed78e
1984,1984,Alexandra,"Mein Freund, der Baum",6d45fd8f-8105-45d2-ad34-413d4613b0e3
1984,1984,Alexandre Sterling,Simplement un peu d’amour,7f94aaab-6ac4-4a3f-9435-c39c238aff3b
1984,1984-05-21,ALFEE,STARSHIP—光を求めて—,177b23a7-cccc-4a9d-8080-96955ce81020
1984,1984-10-17,ALFEE,恋人達のペイヴメント,edadd599-212a-41f7-99bd-30cce4e5ce43
1984,1984-01-21,ALFEE,星空のディスタンス,28a6aa97-11f3-44ee-a348-a7f823b03dd7
1984,1984,Alfredo Barrantes,La envidia / Muchacha de las orillas,78164af9-e3f7-4d9d-a28e-af89a308d764
1984,1984-04,Alice & Franco Battiato,I treni di Tozeur / Le biciclette di Forlì,2a3e6296-448c-4815-9e43-fafb798f2245
1984,1984,Alicia Myers,"You Get the Best From Me (Say, Say, Say)",d4f7d029-8d77-4e2a-a583-10c4a52c6fda
1984,1984-08,Alien Sex Fiend,Dead and Buried,87080baa-a4dc-3bf2-9647-1c3547944d32
1984,1984-08,Alien Sex Fiend,E.S.T. (Trip to the Moon),53a8626e-87b4-35d7-a5bb-2eef06150591
1984,1984-03,Alien Sex Fiend,R.I.P. (Blue Crumb Truck),6d8306de-5075-304a-86b9-b5b35fa13df6
1984,1984,Alisha,All Night Passion,323366e5-eba8-4ef8-82c4-8fe7ae2101c4
1984,1984,Alison Moyet,All Cried Out,fca46dfb-aed1-4a46-9651-cab4c357e7ad
1984,1984,Alison Moyet,Invisible,bef06352-0eed-4a25-8eda-060d4b313a33
1984,1984,Alison Moyet,Love Resurrection,a242b638-7b18-4fb7-a3f3-cff0955c794a
1984,1984,Allen Dee,Inny Miny Miney Moo,9bb35239-61ac-4969-abc0-e2a1f03f7dab
1984,1984,Almost Alone,Blue City,d38fdf85-f32a-4848-bc2f-e666f8081452
1984,1984,Alone Again Or,Drum the Beat,c1059e45-f938-43c9-9a32-023a1b1fae65
1984,1984-01,Alphaville,Big in Japan,73e336f6-6e57-337c-96de-515e890ddde2
1984,1984-09,Alphaville,Forever Young,d5732764-0617-4118-bbb4-bff988a9067e
1984,1984-05-17,Alphaville,Sounds Like a Melody,636af752-54f3-43d4-85d7-a0a172b7d59c
1984,1984,Alphonse Mouzon,Our Love Is Hot,3411055a-cae8-49a7-8e2f-df5c31c97a60
1984,1984,Alternating Boxes,Dogtown,4dc41194-0243-485a-9685-396bf0910869
1984,1984-03-01,Alternative Radio,Valley Of Evergreen,7af9cf3a-973e-43ef-a5df-7e504b62bfe9
1984,1984,Altomare & Co.,How Long the Way,5438f981-a25c-4d87-844e-ddd75c2071b0
1984,1984,Amanda Lear,Assassino,31684d2c-0f47-3182-be1f-fe75645bfcec
1984,1984,Amanda Lear,Ritmo Salsa,e9079964-e2c5-33df-8be5-ed90d30bde4c
1984,1984-01,Ambros - Fendrich,'s Naserl,1d317472-b7be-48a0-a384-4ffdaef4def9
1984,1984,American Comedy Network,Breaking Up Is Hard On You,1ea8c28e-7652-4a4c-a02a-5c09d5a716d9
1984,1984,Amii Stewart,Friends,2cdae4ee-1247-4665-bf2b-2d887d6205fc
1984,1984,Amin‐Peck,Running Straight / My Frames,fd1fa8f1-0787-454a-80bd-642a395320b6
1984,1984,Ammy Joldersma,"Heimwee / Orchideeën, witte anjers, rode rozen",15fb6266-8258-4898-bcd8-8c66e3e37d4b
1984,1984,Ammy Joldersma,Le barrage disco hit / Hela hola,5c3f5a59-08dd-46bd-9f6b-f78ce66f8dd1
1984,1984,Amsterdamsche George,Cafeetje op de hoek bij mij / De zomer is voorbij,2616cd0e-db37-4252-8505-f85d1fdf0b2f
1984,1984,Amsterdamsche George,Helena / Ik wil je,5faf6a97-5907-46c4-9d7e-3906936642d3
1984,1984,Andi Sex Gang,Les Amants d’un jour,2406bd20-6d2f-38a8-9bda-f182bdbcc1ae
1984,1984,Andrea Jürgens,Chinatown ist in New York,6e679411-eccf-4d06-b433-be4c6ae9db16
1984,1984,Andrea Jürgens,"Spanien ist schön (Olé, olé)",39a245dc-3438-479d-9973-4b3b445620ea
1984,1984,Andreas Dorau & Holger Hiller,Guten Morgen Hose,228af499-a4dd-4b93-a9b3-8ae18fd0f826
1984,1984,Andy,Magdalena / Antwoord me,bc3f5d0f-8ee4-4846-a765-c9cf49857315
1984,1984,Andy,Merry Christmas / Gone Girl,6ebf2124-9559-458a-8bb7-8dddfd838705
1984,1984-06,Andy Borg,Barcarole vom Abschied,8905824f-22c1-40f0-bea3-519d72249985
1984,1984-03,Andy Borg,"Ich will nicht wissen, wie du heißt",3ec62da3-42a6-46ee-a037-a72657a47f4a
1984,1984-12,Andy Borg,Lang schon ging die Sonne unter,fe63bfd0-1be4-48aa-bbba-efe086e81e45
1984,1984,Andy Fraser,Do You Love Me,e819faff-43be-44ba-8ed8-f76c435a8c76
1984,1984,Andy Fraser,Fine Fine Line,a84e7940-1d19-4186-ba2e-d1f7280f7bdf
1984,1984,Andy Luotto,Everybody's Breakin',38587ac2-6e91-4963-8fe7-cab232d61ea5
1984,1984,Andy Paul,Anna-Mari-Elena,71895538-4796-4cd0-b078-012bbf105326
1984,1984,Andy Summers,2010 / To Hal And Back,cc17ed74-fca6-4972-8512-88e46202d846
1984,1984-01,Aneka,"Rose, Rose I Love You",34ccbcb4-f1a5-45c2-bd28-25461fa1dda0
1984,1984,Angela,Fantasy,a1fa6bfe-74f7-417b-80f7-a2de458517fa
1984,1984,Angelic Upstarts,Machine Gun Kelly,2ece21e4-39fb-4b8b-8a01-ca3d78d1904a
1984,1984,Angie,Clouds,a8fae81b-8bd5-4e1b-af4d-ee24c34c3fdd
1984,1984,Angie,Lady‐Angie,24b35e89-274c-4b4f-82b2-0a58d6bedce2
1984,1984,Angie and the Affections,That Boy / Bottom Line,8edfdfe5-9644-4d6f-9f1d-4b460a4f2af6
1984,1984,Angie Care,Your Mind,d6f6cf9d-9985-44c6-b94b-5061513c4c14
1984,1984,Anhrefn,Dim Heddwch / Priodas Hapus,4794ca2d-2688-4a42-94d5-310e380a2958
1984,1984,Anibal Lopez y La Unica,Pancho Malandro / Jamás impedirás,3dc0d0b4-7e6a-4d5c-8040-2ffc75abc1f4
1984,1984,Anibal Lopez y La Unica,Y volveré / Bailemos,2e2087db-fb92-430b-8b41-2fef40ec04a8
1984,1984,Animal Dance,Fake / Sterile Mecca,306c1ee5-313d-4350-8b1c-c864b6750823
1984,1984,Animal Farm,Model Soldier,45284c23-9dc4-44c0-80c3-eab0bd1f0c04
1984,1984,Animal Nightlife,Mr Solitaire,bca4b431-f8eb-4292-acc5-2c18cf9eb7c7
1984,1984,Animotion,Let Him Go,224c54fd-9467-4d42-9d70-0aaa40e83cb0
1984,1984,Animotion,Let Him Go,d6507a60-06c4-4524-9216-cd88b2384516
1984,1984,Animotion,Obsession,3f848825-0d16-45e5-af37-9c2a63e84a02
1984,1984,Anita,Amoureuse,d167915c-ebd8-4550-b610-7714d6c9d763
1984,1984,Anita,Einfach weg,272bdbb0-6ea6-4abb-9c5f-3409ae9e5a17
1984,1984,Anita & Ed,Dat kleine kind uit de derde wereld / Dominika,a37f5742-dd1a-4911-92a9-e85913e89603
1984,1984,Anita Meyer,Blame It on Love / Rescue Me,4a840da4-1735-4c51-8064-4f9249b020db
1984,1984,Anita Meyer,Heart of Stone / Don’t Stop Turning Daydreams,dff16685-38ae-4d87-b5f8-e3225255bf09
1984,1984,Anita Meyer,This Ain’t a Life to Be Lived / Taking a Chance With You,c7110dcf-5ddb-40d7-88bf-738977addfa4
1984,1984,Anita Van Toren,Etherpiraat niet huilen / I want to carry your name,4745d181-674e-42cb-8a5e-76c8d4547b9a
1984,1984,Anita van Toren,Kleine Moniek,e66a909c-b038-4885-b474-5e3a38a12a92
1984,1984,Anja Niskanen,Syy on rakkauden / Ollaan hiljaa vain,ade5b213-1ab3-4f5d-ab5f-cf2fdb0c8180
1984,1984,Ann Lanster,On s'ennuie chic chic,760b7bfa-6d04-46c8-ac7f-880c544abeeb
1984,1984,Annabel,Ik lust geen slaai / Alle dagen zonneschijn,588b0ced-661c-4c3d-97fc-2b2837b16993
1984,1984,Annabel,Met weemoed denk ik (Aan die mooie rode rozen) / Jaloezie,2c677bf6-cc9e-4379-8de0-b54aa71b095e
1984,1984,Anne Clark,Our Darkness,211a0f51-4ade-4c06-a5ed-ade24db78a8c
1984,1984,Anne Clark,Sleeper in Metropolis,9c72841d-67da-3bbd-a586-c3ebeb32b5e9
1984,1984,Anne Haigis,Wer fragt nach mir,334447f8-29dc-4811-9ed5-33e07179a156
1984,1984-08-27,Anne Murray with Dave Loggins,Nobody Loves Me Like You Do,170c0518-1009-4a98-8792-6aa3f382e834
1984,1984,Anneke Drent,Bruidsboeket / Zomaar 'n liedje,bc4c8b8b-05a1-4cc3-8e5c-9edad3eeb66a
1984,1984,Anneke Drent,Voor mij is er één dat ben jij / Jollie Jaqueline,54a52ce2-fa42-4674-bbb3-5f820c91caa5
1984,1984,Annette,Alleen jij / Uren kan ik dromen,8196c4a7-04ad-483b-ade5-2aba724db552
1984,1984,Annette,Een plaat van The Beatles,1f1cfb08-1f69-43fb-ab6d-97facf88ae3b
1984,1984,Annica Boller,...And They Played Our Song,569e0666-3a77-4825-96ee-ed76e556c4de
1984,1984,Annica Boller,Saint-Paul De Vence,cd54da83-b78d-4292-bae7-5d900c7a1099
1984,1984,Annick Thoumazeau,Autant d'amoureux que d'étoiles,ca52b6e2-3b53-4797-b2bf-31f18c1fbd00
1984,1984,Annie Hendriks,M’n hart is vol van rock & roll,21290be6-dda7-46ab-b6a3-b6733a512d80
1984,1984,Anorexic Dread,Tracey's Burning,61769c6c-eb7a-4d39-b83f-3298fc9cc453
1984,1984,Answering Service,Call Me Mr. Telephone,82a77413-824b-4bec-a0ea-95d06c8ba9a1
1984,1984,Antena,Life Is Too Short,d24fc6f6-25ef-4560-9326-164cb39fd5fe
1984,1984,Anthony Berry,Diana Dance,220ae7fc-512b-4ae5-9a72-db5820d8d0e9
1984,1984,Anti-Nowhere League,Out on the Wasteland,1b350ae6-9190-4931-815e-e233290af7dd
1984,1984,Antibiøtik,Les Révoltés Du Bounty,764fa558-ea9c-4775-86a8-740ddc1060d2
1984,1984,APB,Danceability,159f7622-78c6-4730-aa0c-19c162d75a6b
1984,1984,APB,What Kind of Girl (Are You)?,2dc17d35-9afc-448d-8b9a-fe7ead0a0899
1984,1984,Apocalypse,Illusion / La Gaffe,4791d0a5-149c-47eb-8b3f-6de4c3ff8e76
1984,1984,Apocalypse,People,8f8c4c2d-267d-48ee-96a7-f18b0a883292
1984,1984,Apollonia 6,Sex Shooter,4cf0a64d-9e89-4d65-8678-5099008a64e0
1984,1984,April Showers,Abandon Ship,5c3dee79-1750-386b-b59b-4b661be306c3
1984,1984,Après Guerre,self-titled,8ec93ae5-1408-4ec3-84dd-ce55d7a9eb51
1984,1984-02,Arabesque,Heart On Fire,741ea87e-b0d2-46b5-b809-23d8942eab02
1984,1984,Arabian Prince,Strange Life,6238b362-3302-4cd9-85e4-117d188dd532
1984,1984,Ariane Carletti,Quand on a la chance,b25bfdf9-8c01-46df-ace7-dd9633cab38d
1984,1984,Arie Ribbens,Lang leve de lol / Een tafel van 10 meter,36faeed4-ae45-3931-9e68-d2813c4ef40e
1984,1984,Arie Ribbens,Reggae te gek hé,f29cd1f6-357e-3819-a589-747673d6797b
1984,1984,Arie Ribbens,Spring maar achterop / Kermis in de kelder,e5b7d891-01ec-4f7b-8f7e-906486b3bf9d
1984,1984,Armand,Liever een Rus / Nog steeds te min,d12dea25-4323-49c7-8436-6cc12671941a
1984,1984,Armored Saint,Can U Deliver,5399b74a-7323-47e4-a81d-be884fe8b2d3
1984,1984,Armored Saint,March of the Saint,a0d22d00-86a8-4edd-867b-2321cd074f21
1984,1984,Arne Jansen,Honeymoon in Trinidad / Als de ware liefde lacht,dcc70449-426b-4f9e-8798-d32c67cafa7a
1984,1984,Arne Jansen & Les Cigales,Meisjes met rode haren / Zeven brieven,7ca4f2c4-aa59-4c8f-8b37-f048a8a63924
1984,1984,Arnie,Don't Tell Me (You Love Me) / Hot Blooded,b08c5136-df0f-4059-ae07-998717fba3b7
1984,1984,Arnie,The Dreamer / Out in the Streets,ef376893-5537-4661-a7d5-de9b285289c8
1984,1984-01,Arno Steffen,Supergut (ne)?!,4be08f08-3d18-4d9d-abbc-db5b5b908bfc
1984,1984-07,Art Garfunkel,Bright Eyes / Kehaar’s Theme,d766827e-4658-4f61-b98d-7f7de88ad063
1984,1984,Art Interface,Wardance,013de298-d3d3-4199-8c9e-61edd9322b9f
1984,1984-05,Art of Noise,Close (to the Edit),7760e5a8-cbfa-3759-bb0c-ed697f5b90b2
1984,1984,Art of Parties,Last Time / Central Room,870513d3-c1e1-4089-9300-64d4c431aa09
1984,1984,Artery,A Big Machine,8747c33c-eceb-4a65-9c45-cf48ab08766f
1984,1984,Arthur Baker,Breaker's Revenge,7f547bb3-16df-376b-946f-70908fb49257
1984,1984,Arthur Heymen,Een vers bakkie koffie,c5065b13-3b0d-44da-85a1-167deb5b9389
1984,1984,Ashes & Casablanca,Fascination / We Are Eromantics,12d20bd7-e4e7-4953-bdf3-cf9ba82dc082
1984,1984,Ashford & Simpson,Outta the World,72682bb8-799d-44b7-abb8-91acfd243464
1984,1984-11-09,Ashford & Simpson,Solid,610823b1-3026-4161-a2e2-02324e70ca80
1984,1984,Astrid Nijgh,Ik wil niemand anders / Spijt maakt er geen einde aan,b8bfbbc0-24da-4fab-9139-dbd4e94d0329
1984,1984,Astrid Nijgh,Io amo lui amo te / Ik wil niemand anders,08ced979-d8c7-4ace-bf5f-07ff59234a11
1984,1984,Attaché-Case,Les Crabes,597d75d8-15a7-42f2-bfce-559aa0d20b0a
1984,1984,Audrey Landers & Camilo Sesto,Mi amor,d563c200-b404-4668-ab91-d5946f969c1a
1984,1984,Ausgang,Solid Glass Spine / Strip Me Down,1eeeac3e-672a-4301-949c-dba6e708e7ae
1984,1984,Austen Tayshus,Phantom Shuffle,27347f27-145a-4fc3-b641-ed9517ee1a08
1984,1984-12,Australian Crawl,Santa Claus Is Back in Town,c33d0641-b673-4137-a0a5-dbdd9ce53333
1984,1984,Auto-Mod,Sadistic Dream,a99daeb2-b947-484c-94ca-6569e52da489
1984,1984,Autograph,Turn Up the Radio,6f1f3c6e-8e5a-4cd1-ae0d-8df4116c91c5
1984,1984,Autumn,Computer Touch / Come Walk With Me,f75cf031-d418-3550-9d22-5e84bad774d1
1984,1984,Avalanche,Heaven Tonight,c59ad027-0da6-4714-8a8b-8151090a5607
1984,1984,Avenida 29,It's Pizza Time,3eac4b3b-358f-4143-9132-1721cb735a9d
1984,1984,Awesome Foursome,Funky Breakdown,883d5273-fc6d-40a0-a4f0-9cf99f0c8c02
1984,1984,Axel Bauer,Phantasmes,eef9da7c-8c0b-4e85-8a02-3522ddfcb47c
1984,1984,Axewitch,3-Track Maxi,bc9429dd-b059-4610-8d92-6d2db8a7fdc3
1984,1984,Axis,Foxy Lady,9ae63240-1b63-4bda-bb7a-5a7bca2e1f15
1984,1984,Ayawaska,Musiques d'expression sud-américaine,48837f13-7870-423b-9b83-afb6e9666d33
1984,1984,Azoto,Exalt - Exalt / Anytime or Place,29e5291d-1684-4b22-b4c7-0392cfb920f2
1984,1984,Azra,Flash / Klinček stoji pod oblokom,8c2b855f-c049-4ff3-b1dc-cd56235754ca
1984,1984,Azra,Mon ami / Duboko u tebi,1c247e0b-feac-487c-95a8-f50aa7f4ab82
1984,1984-08,Aztec Camera,All I Need Is Everything,05fd48cc-2cee-39ca-907b-9be27abdb094
1984,1984-10-19,a‐ha,Take On Me,d8aadff5-81d2-3490-b865-ca77e64ad0c1
1984,1984,B. Blase,Shake It Now,1e1b9885-6cd9-4824-ada0-9afe1cde5f7d
1984,1984,B. Danny,You Turn Me On,8410a71b-ef2f-4877-9a1f-5bb95469ba43
1984,1984,B.R.U.T.,Give Me the Night,e31da37b-a9c4-4efd-9c6c-ff8baadab8fc
1984,1984,Babe,Minnie the Moocher / Daddy Was a Rocker,baf1678d-34ab-4195-a2c7-cb58400c378a
1984,1984,Babe,Tommy (Is a Winner) / Butter and Cheese,00a02bc3-cf20-4ae2-a661-20a49384181e
1984,1984,Babe,Wanna Do (What Mamma Said) / Again and Again,e03e6f8c-c0dc-417c-b251-7f1616b84d72
1984,1984,Baby Consuelo,Esperando Você / A Força do Afoxé,eef406aa-cf95-4150-b2dc-53df5dc5958a
1984,1984,Baby’s Gang,Challenger / Happy Birthday (To My Mammy),01fe9496-c54c-4f8d-8128-2cb4b42c0092
1984,1984-11,Bad Boys Blue,L.O.V.E. In My Car,ac24296e-b329-44da-8d54-6a933fe67092
1984,1984,Balance,Mushroom Song / Fiction,4f3f5ebd-1dfe-4153-8cbc-a70d7bfe5618
1984,1984,Balder,Erna kommt,e7506a75-3a03-4c29-bf58-c70b0b26852b
1984,1984,Baltimora,Tarzan Boy,4bb73781-c2ec-4a4a-bd17-3efa53d524eb
1984,1984,Bananarama,Hot Line to Heaven,6f7b5655-668c-3db7-9821-9c85e63fc51d
1984,1984-02,Bananarama,Robert De Niro’s Waiting…,dc9888e6-d15b-395d-9215-ca7877aafebf
1984,1984-05-14,Bananarama,Rough Justice,b1790dc4-a2b0-3f0c-b17b-7322152e72d8
1984,1984,Bananarama,The Wild Life,1f9c7d7a-c6e2-396a-8790-7a1e36e4e1c1
1984,1984,Band Aid,A Tour in Italy,7665a1d6-11de-40be-96de-b8b877006645
1984,1984-12-03,Band Aid,Do They Know It’s Christmas?,438aeae6-da46-375c-b69d-1510d136e017
1984,1984,Band Of Gold,In Love Again,c6c84401-a92d-40fb-baed-af85917822e5
1984,1984,Band Of Gold,Love Songs Are Back Again,c5d74479-e4eb-484e-90ca-9f5798696748
1984,1984-06-04,Bangles,Hero Takes a Fall / Where Were You When I Needed You,8788270f-2b90-4ba8-bed8-94711d2e5744
1984,1984,Bank Robbers,Jenny,746c853e-2a18-4382-ac0e-f771762655c6
1984,1984-08,BAP,"Alexandra, nit nur do",2dd801cf-419a-4005-b042-b25a476e9d46
1984,1984-05,BAP,Drei Wünsch frei,d30dba45-0f29-45ea-ad9b-2404917467ba
1984,1984-10,Bar-Kays,Sexomatic,5855574a-179c-4ea1-8652-a4e2b0da2576
1984,1984,Barbados,"Oh, Isabella / Angela",b40340c4-a061-44b9-a597-73fae6aac58d
1984,1984,Barbados,Radio 2000 Wals / De allerleste,c13d4561-5265-4b1e-81b1-cdbde7f5d36b
1984,1984,Barbara Fowler,Come and Get My Lovin',d2f241da-bb78-466e-9aff-34763364f72d
1984,1984,Barbra Streisand,Emotion,af2174fc-1847-4a61-9adf-f5b7784ec304
1984,1984,Barbra Streisand,Left in the Dark,f30fd68b-76d8-4da2-bf96-f56bf73f2458
1984,1984-07,Barbra Streisand,Love Theme from ‘A Star Is Born’ (Evergreen) / I Believe in Love,44791da7-86f9-42d5-aaa5-45b5283cdb12
1984,1984-12-15,Barbra Streisand & Kim Carnes,"Make No Mistake, He's Mine",f3725c1f-094d-46bd-af14-a331ef86922b
1984,1984,Baroque Bordello,Today,8eb54d72-a436-4caa-802a-74c013bdaa9d
1984,1984,Barrington Levy,Pon your Toe,7a83fcf7-32df-43d6-9492-1b5ec5404d4b
1984,1984,Barrington Levy,Under Mi Sensi / Sensi Mix / Under Mi Sensi (High Grade mix),8aaca9bc-2eff-4203-afee-38d49d1959cb
1984,1984,Barry Gibb,Fine Line,35a3822f-aa5c-433e-a605-7a4f4aded04f
1984,1984,Barry Gibb,Shine Shine,9a95e5a5-9a8c-43e5-9d71-5b7759eb8a5e
1984,1984-10-31,Barry Manilow,When October Goes,ec045819-7787-4e7b-a808-a76fc03b33ca
1984,1984,Barry Mason,Together,6fec95b7-5dda-451e-8aab-9fa3a3a86d6e
1984,1984,Barton and Harry,Mulch,b301988e-40fc-4b0f-8d36-88e61c67e3df
1984,1984,Basic,Face In The Night,4bc1a95b-ab68-4af0-8a49-6d9bff74a363
1984,1984,BAWS,Like Let's Have a Ball!,7d866e90-da27-32cb-ba8d-fd8e8435ffce
1984,1984,Bazooka,Alive,510d83be-da28-42c1-81fb-268d9eb3b76e
1984,1984,Be Wild,Dizzy (Love Me Tonight) / Gasoline,6fd07623-596c-43b6-ab18-eb4b22c16b44
1984,1984,Bearz,Darwin,be2773ba-59b2-42c7-bf68-7d48671a76d8
1984,1984,Beasts of Bourbon,Psycho,f9f3ef04-cbc0-470e-8b8f-891a5370dba8
1984,1984,Beat Happening,Our Secret / What’s Important,00cbf76d-7d8b-47c0-887c-582561fa4ec9
1984,1984,Beatmaster,Lipservice,3ab96fa9-4cae-31cc-96dc-ca2f53275d15
1984,1984,Beatriz Adriana,Arrepentida y sola / Cuando regreses,8c704ca4-9672-4869-97f2-129423ca7733
1984,1984,Beaulah Hashe,Good Time,c6fd394f-2b02-4444-bb91-2698814893e9
1984,1984-12,Belaboris,Rakkauden jälkeen,8add8ad6-31bc-4bda-be3d-5c7512168ef4
1984,1984,Belfegore,All That I Wanted,63412af6-5286-4e7d-86f5-bb3e8cc873eb
1984,1984-05,Belfegore,Belfegore In Roma,3af389f6-bce9-410e-8b11-4beb51ece9dc
1984,1984,Belgazou,Petite Fille,8cb7730c-2f2f-42f0-89a7-d22bf1194a2c
1984,1984,Belgazou & Mandeville,Il me faut sa peau (si tu me touches),008a68d0-0f1a-4557-bbf1-89ff25cd245b
1984,1984,Belouis Some,Target Practice,0907e3b2-a86d-4f0b-903e-bb1f81ad8e02
1984,1984,Bengal Tigers,Cheat On,582ba7f8-8721-4f70-95d6-132d080561b7
1984,1984,Bennet & Bee,Do It... / Brandnew Lover,002828c0-c85c-4dde-9d7f-cb61b275b686
1984,1984,Bennet & Bee,Everybody Feel the Heat / A Matter of Time,d8e80f5f-b1ba-404c-a1ed-62769fdddf17
1984,1984,Benny Neyman,De optimist / In de nacht,615e0513-0873-42f7-82ca-1687b78a2af5
1984,1984,Beppo Küster,Absolute Stille,d30c6f67-b8ad-4905-bdbe-299d00246802
1984,1984,Berlin,No More Words,696850e1-b6af-42f0-8089-9ccbfe193d8f
1984,1984,Berlin,No More Words / Dancing in Berlin,04bf5eae-ecfe-49ca-bb94-d18f6bcc591c
1984,1984,Berlin,Now Its My Turn,767bed4b-e9a1-4e80-aad6-41f05bf57d36
1984,1984,Berlin,Now Its My Turn Remix,cb602a5d-8571-4050-9f9e-58817ffbcb75
1984,1984,Berluc,Die Erde lebt,a6b9954e-3fa7-4c15-92aa-d9bbffa8d9ed
1984,1984,Bernard Lavilliers,Le Bal / La Fleur du mal,bb34d21f-43ac-4e0d-a7cb-53cb173a32e9
1984,1984,Bernard Menez,Le petit ane,cf8ec362-d2f1-46ad-ae4e-08c207fc1a0c
1984,1984,Bernd Clüver,Ein Stück von meinem Himmel,941fc7de-04d6-4bc7-ad84-b0c5600eede0
1984,1984,Bernd Clüver,Sandy River,0d9afb09-7763-4658-bc4f-bc6fda9b541e
1984,1984-03,Bernhard Brink,Liebe ist,db984db2-6fa9-4f53-82b7-4014dafaf386
1984,1984-10,Bernhard Brink,Willkommen im Dschungel,1a2927c0-e460-442e-8127-6e68a2b7a63d
1984,1984,Bernie Tormé,My Baby Loves A Vampire,0f49f6eb-0398-4b47-82dd-66fc757775df
1984,1984,Bernie’s Autobahn Band,Gesellschaftsspiele / Der Bagger,7ef93188-a2c4-4020-adee-356f5214cc1a
1984,1984,Bernie’s Autobahn Band,Zombies / Nur ein Film,aa67fd27-746e-451b-a8f8-eef9b5d8d6cd
1984,1984,Bert Barten,Wie Ben Jij?,f730c551-1cfa-4a63-a6f9-65aa738e74e3
1984,1984,Bert Tinge,Niets meer te zeggen,21dbeb48-86c9-4a77-9c46-387e2d13d310
1984,1984,Bertina,Waarom alleen,18cb9bd5-52d7-4fc7-8e1c-5e5846b15cd6
1984,1984,Bertina,Wees eens lief,24573ee8-91d5-470a-a24a-d47453fd50e4
1984,1984,Beto '75,Cumbia andaluza / Mi amigo Chico Che,4dcc27b2-dd5f-4530-be02-294e23cb184d
1984,1984,Betty Troupe,Reflejos,99ea3103-bf28-4f7b-b790-65bafb78d76a
1984,1984,Between the Sheets,Late Night Radio,0fbd17ea-afb2-42ee-a41a-6b374d58e004
1984,1984,Beulah and the Groovers,Mama Kossa,0b8e8086-ae97-475c-b939-dbe35e21aa4c
1984,1984,Bianca,La Fourmi,f7428be7-0f21-4874-8d42-cf85ba39de73
1984,1984,Bianca,Nacht in californie,0a0af0da-f510-4fca-adf6-dd027f6a9235
1984,1984,Bianca,Telkens weer...,244b3fe5-a8d8-4ced-9418-c4509442d72b
1984,1984,Bianca Morales & Jokke Seppälä,Dancing in the Darkness / You're My Alibi,65895334-2906-4921-a517-909ba9f20292
1984,1984,Bibi Flash,Vie privée,b8880221-da90-43f2-a38a-7c18ac5f6506
1984,1984,Biene,(Du bist der) Antityp,6354d70a-0025-49cd-82ff-bfb693ccb96f
1984,1984-06,Biff Bang Pow!,There Must Be a Better Life,22953468-c7e6-40d7-983e-172735b20291
1984,1984,Big Ben Tribe,Tarzan Loves the Summer Nights,0c5783b5-e2c4-44e5-9175-ec499d54480c
1984,1984-09-21,Big Country,East of Eden,76759ff3-e17d-470c-b8ee-d40359d8863d
1984,1984-11-16,Big Country,Where the Rose Is Sown,f97eecce-4d3a-411e-8178-c16703eba2f4
1984,1984-01-13,Big Country,Wonderland,7c155e02-2e2c-35e5-9959-010b418f5613
1984,1984,Big Outdoor Type,Call You On Sundays,33a03664-a8c2-4306-bf00-e5b1e58f10a8
1984,1984,Bilgeri & Judith,She's a Breakdancer (Body to Body),89040379-bf28-3797-9515-24cc800f17e9
1984,1984,Bill Anderson,Speculation,a1ca3520-3457-4b0d-be41-6d62b7089a56
1984,1984,Bill Anderson,Wino the Clown,caa73c97-c0c5-4027-b4ad-66b4df99f29c
1984,1984,Bill Anderson,Your Eyes,3a86e20b-7a3a-44ee-b575-b91ddcc5e7fe
1984,1984,Bill Fredericks,You'll Never Find Another Love Like Mine,57a72f12-7c55-4aca-9fe8-95cb57332c93
1984,1984,Bill Nelson,Hard Facts From the Fiction Department,509e2d7e-6950-4854-97f7-64c3620abb73
1984,1984,Bill Parsons / Link Wray & His Raymen,The All American Boy / Rumble,3ce8939f-5195-4a2a-bd63-8ae46a6e355c
1984,1984,Billie Jo Spears,Why Don't We Go Dancing / Wrong Road Again,aac5ac5f-a1d6-41cc-abe1-1f2930435263
1984,1984,Billy,Au temps des surprises-parties,470e7c26-09fe-4453-b6e9-8631b0d12d73
1984,1984,Billy,Bye Bye,282b7dc1-9671-4a0d-8829-263248a0c790
1984,1984,Billy,Tous les samedis soir,7f457c9c-468d-46b8-8ba2-2dd5107fab61
1984,1984,Billy Bragg,St. Swithin’s Day,d662942d-bcf4-48c3-9bdb-b72f4511f618
1984,1984,Billy Bremner,Shatterproof,4746275e-9cf5-45b3-8c99-1448e0a7ab7f
1984,1984-11-07,Billy Idol,Catch My Fall,f30d44c3-75f9-443d-b78d-dde53a94a9be
1984,1984-06-21,Billy Idol,Eyes Without a Face,5ea3da9c-5b03-45e6-894e-30edc0770d61
1984,1984,Billy Idol,Flesh for Fantasy,ba27010b-35e1-456b-b19e-3bc6552cfb69
1984,1984-03,Billy Joel,The Longest Time,c4a9efc4-9c43-4998-81ed-ff64db5d06d2
1984,1984,Billy Ocean,Caribbean Queen (No More Love on the Run),8b2da46e-186c-4161-aea4-ae5c7f6981e3
1984,1984,Billy Ocean,European Queen (No More Love on the Run),d7182ab2-dff1-4a4d-95a4-be79299e38f2
1984,1984,Billy Ocean,Love Is Forever,ac70a363-5d9e-4992-9d27-8ea6b0d0974d
1984,1984,Billy Ocean,Loverboy,01452fce-4f36-47f4-b931-46bde26407cb
1984,1984,Billy Ocean,Mystery Lady / If I Should Lose You,5a568354-36b2-4b53-ba21-ed618eb59c29
1984,1984,Billy Williams & Invaders,Space Invaders,d9aa67dc-d841-45d2-8d7a-93035e9b43de
1984,1984,Billy y Belly,Me dicen tonto / Nena,93bf9d5d-4702-4cf2-b6d4-1178a3683c60
1984,1984,Black,Hey Presto,96444a8f-5d67-4b75-a42a-366c79edd96b
1984,1984,Black,More Than The Sun,df8e45f5-d4ed-48af-a05d-3015e4536cbc
1984,1984,Black Fantasy,Evil Places,2f8b189a-9594-439b-94a3-9f5d26277dc6
1984,1984,Black Lace,Agadoo,9a536bea-d685-44b8-bf1f-40468e0ea08c
1984,1984,Black Mamba,Vicious,fec8810e-5ba6-4b34-a320-a33156468b11
1984,1984,Blackout,Is There Anything / All I Needed,e1646bd8-c1f0-4cdf-ad03-bd08202c4fb2
1984,1984,Blade Runner,Back Street Lady,54a7f904-29ee-4676-a75a-b926edbe2d3f
1984,1984,Blanchard,"Gabriel le pyromane (Y'a pas l'feu, tout va bien)",44b91221-4ac0-441c-901f-3e12e021ebda
1984,1984-04,Blancmange,Don't Tell Me,22a4e5f9-d55d-345e-acfa-5f2bb0613235
1984,1984,Blancmange,The Day Before You Came,c530bf8e-9905-3d8b-b884-eb205af9f599
1984,1984,Blats,Sentimental,66c7f460-fa93-41e5-a2ee-b108d3a00acc
1984,1984,Blind Petition,Feelin High / Down to the Ground,7559346a-833b-40fb-8358-249f93feec77
1984,1984,Blitz,Neem me mee,3aa1dcdc-d361-4d91-96a0-2065190fc8fd
1984,1984,Blitz,You Are My Lady,e10923b7-ee70-410a-8582-d4b4021342dd
1984,1984,Blue,I Wanna Go To New York,1b3f7a38-f24c-45d8-b8fb-597047043028
1984,1984,Blue in Heaven,Across My Heart,da1eb9c8-987f-435a-bd26-ebbe7427f3b5
1984,1984,Blue in Heaven,Julie Cries,49f26b75-16c0-47cb-91c4-7c7db304c5e1
1984,1984,Blue Russell,I Wanna Fly Away,2972c3fd-0290-4b72-8643-a626b0825b27
1984,1984,Blue Section Two,Strange Fascination,a2a4e798-d9cd-4541-befa-e9ba6be67575
1984,1984,Blue Vision,Visions,23a48747-1ccf-4893-93c7-a2b849be65e1
1984,1984,Blueass Bluesband,You Drive Me Insane,29fdc94b-6e57-4776-9f04-35c4940f5096
1984,1984,Blut + Eisen,Fleisch rollt,c015ba2a-6d5d-43af-97b9-a32d58b8558d
1984,1984,Bläck Fööss,Katrin,6a7b9c49-ea6a-4084-bbfd-60f2a0b57a60
1984,1984-07,Bob Dylan,Lay Lady Lay / I Threw It All Away,65b61934-4bcc-4a82-80fe-59006cac66e4
1984,1984,Bob Marley & The Wailers,One Love / People Get Ready,04d7c4d4-f503-4cc9-a756-8c84bcfac56c
1984,1984,Bob Wills & His Texas Playboys,San Antonio Rose / Steel Guitar Rag,ee209b38-8a60-4110-9601-7822d1e305dd
1984,1984,Bobbejaan Schoepen,Bobbejaan’s bier polonaise,dc4f8bd9-796a-420f-b799-3612fd59699a
1984,1984-06-09,"Bobby ""Boris"" Pickett",Monster Rap,adc29ee2-52bf-4c40-83f0-c918bef2c097
1984,1984,Bobby Freeman,C'mon and Swim / S-W-I-M,58271e41-999d-48f4-82d4-fd6fa5f3a8a8
1984,1984,Bobby J.,Number One,6e5f984f-05aa-4145-ac81-3ef6888ccc3d
1984,1984,Bobby Jimmy and the Critters,Knuckle Draggers,f9228492-872a-3a85-bdc8-93b94fcb9a2a
1984,1984,Bobby Jimmy and the Critters,We Like Ugly Women,98066a6d-be51-3176-9cdc-bd61fb92a3cd
1984,1984,Bobby Klein,Een Drent in Tirol / In ’t kroegje van Mien,9947edf6-f748-4caa-a6c3-c48077b661f8
1984,1984-01,Bobby Nunn,Don't Knock It (Until You Try It) B/W Private Party,a815d405-b958-45b7-b5a4-bdd836b8cf52
1984,1984,Bobby O,Reputation,0f347c0b-c52a-4e3f-8cbc-39ee87488f4f
1984,1984,Bobby Womack and Patti LaBelle,It Takes a Lot of Strength to Say Goodbye,fd6a7c36-bb90-4b34-86e2-53fed8b8de70
1984,1984,Boere Van De Leutige Ploeg,Eddut of kreddut?,ed302063-c870-40d6-8e2a-7de92c9adc1f
1984,1984,Bolland,Ten American Girls / Night of the Shooting Stars,24e515d0-a24b-4881-8700-33e4f0a92e51
1984,1984,Bolland & Bolland,Imagination / Night of the Shooting Stars,7b924634-cfa8-4583-a3f7-872f3a097d9f
1984,1984-02,Bon Jovi,Runaway,eb17a826-bd98-4449-963b-3cb1b4976b9f
1984,1984,Bon Jovi,She Don’t Know Me,647ef9d5-6aba-4a0b-a75d-cf23b6cd39cc
1984,1984,Bone Orchard,Jack,b23b73a8-d440-4161-820e-3d202a35cc29
1984,1984-10,Boney M.,Happy Song,37c0050a-e75c-4877-abfa-b8662cd4558c
1984,1984-07,Boney M.,Kalimba de luna,eaa55b9d-d975-4191-9629-5436baab80a7
1984,1984-09,Boney M.,Kalimba De Luna (Special Extended U.S. Club Mix),76260b2e-8135-40b5-b62b-9bfff1ec050f
1984,1984-03,Boney M.,Somewhere in the World / Exodus (Noah's Ark 2001) / Wild Planet,dd2f2d1b-127c-4112-a580-725f51a9b3ca
1984,1984,Bonnie & José,Cassandra / Ik blijf wachten,70a45b94-9200-49d9-b63b-c169f269873c
1984,1984,Bonnie Pointer,The Beast In Me / Tight Blue Jeans,1ee3fd45-aa7c-4ce7-8119-60c19319af47
1984,1984-02,Bonnie Tyler,Getting So Excited,ea3a9ca0-9285-4b09-a41f-2a0926fd7195
1984,1984-10,Bonnie Tyler,Here She Comes,b7c629a9-a856-4254-84a0-470c8c95ad8d
1984,1984,Bonnie Tyler,Holding Out for a Hero,444584bf-3be2-4a3f-ac0a-7327f7e242e5
1984,1984-07-21,Bonnie Tyler,It's a Jungle Out There,ffbfd921-d0fc-4dec-b85e-c1bbd2e4834a
1984,1984,Bonnie Tyler,Tears,dedcca23-f822-494b-91ce-1d637c12654b
1984,1984,Bonnie Tyler / Adam Ant,Here She Comes / What’s Going On,0b167319-4f60-408b-abd6-536d1500589e
1984,1984,Bonnie Tyler / Deniece Williams,Let's Hear It for the Boy / Holding Out for a Hero,7e710e61-98d6-4d29-b841-b77d33d7a27c
1984,1984,Bonnie Tyler / Jon Anderson,Here She Comes / Cage of Freedom,80532f46-1f00-4f76-8c68-de115fe662f8
1984,1984,Bonzo Goes to Washington,5 Minutes,d492254c-e14b-49b0-afea-abb977d84b9e
1984,1984,Boudewijn de Groot,Nooit meer terug,85911e97-3043-4afe-8025-f123e7dc582c
1984,1984,Boulevard,Rainy Day in London,4b332720-cafb-42a3-a479-d3b55cd4c9ee
1984,1984-02-06,Bourgie Bourgie,Breaking Point,6e6b8f83-ba01-4a9c-a165-5de58804c58e
1984,1984-05-14,Bourgie Bourgie,Careless,f8506a11-660b-42d2-90b6-45d4730870e7
1984,1984,Box Of Toys,Precious Is The Pearl,6a7f5751-7777-4aee-ae70-5b3568a8c585
1984,1984-01,Boys Brigade,Melody,8e08584a-e56e-4852-a386-6149c60246d1
1984,1984,Boytronic,Diamonds and Loving Arms,268d170d-1c50-3f1b-bb41-f654bee89eb9
1984,1984,Boytronic,Man in a Uniform,da7caff9-73a8-361a-b48f-50bfcfaf7252
1984,1984,Brave Hendrik,Hup! Zei m’n simmetje,326c0219-bd34-4571-9ed0-da1eb6437e6a
1984,1984,Break Dancers,That's All Folks,ec0f16d7-78fb-4533-a4d7-005d92565dff
1984,1984,Break Machine,Are You Ready,f1fa95f0-fe25-321a-80ec-e84176673363
1984,1984,Break Machine,Break Dance Party,5311ae74-2135-457a-8c9f-d82e239cd677
1984,1984,Breedbekkickers,Hou kontakt,31967d77-856e-4994-b9ee-3231261f32ba
1984,1984,Brenda & Ronnie,It All Adds Up,56538590-7e75-4286-a593-48619a599cec
1984,1984,Brenda & The Big Dudes,Gimme Gimme Your Love,369ba157-869c-40df-9941-c4d66d3fc403
1984,1984,Brenda & The Big Dudes,I've Got Feelings / You Just Need Someone,bea55639-48c2-4b0f-ba57-62a4d3be11de
1984,1984,Brenda & The Big Dudes,Mirror Mirror,1bad2713-a934-42d8-9aea-e6445c5ccf66
1984,1984,Brenda Frassie / Brenda & The Big Dudes,Fun Dancer,10506d07-4b9a-4930-88db-04ca5b60c547
1984,1984,Brian Dalmini,Can You Tell Me,b9523188-d744-4784-81a8-ce0c73c525fb
1984,1984,Bright Blue,Window on the World,b8598a70-a87e-47ef-a5de-0498b3f9b689
1984,1984,Brigitte Fontaine / Areski,Les Filles d’aujourd'hui / La Dérive,f83943f3-680c-496c-aa6d-c8864011e570
1984,1984,Brigitte Stefan & Meridian,Allein,270a5f02-f20a-43e5-808c-91284449c9cd
1984,1984,Brigitte Tuna,Mijn Geluk,b79e65be-dcae-4b26-8c48-36c0bab0558a
1984,1984-04-17,Brilliant,Soul Murder,04b0a028-2a50-4d22-a4f1-8e516c273215
1984,1984,Bring Philip,Comforts,a68bf78a-fdab-42d8-9880-d65ae5e00e8f
1984,1984,Broadcast,Where Are You Now,8d6b24f1-1d21-4d06-9efc-dfe2a5b5ca35
1984,1984-06,Brodyr (Y Ffin),Lleisiau Mewn Anialwch / Draws Donnau,b77d5604-dacd-4261-b47e-ec47defe32e9
1984,1984,Broken Bones,Crucifix,531cb3c3-720a-49e7-8adc-386a740a04bf
1984,1984,Broken Glass,Style of the Street,49738bea-6b51-4f89-8365-734665b77df9
1984,1984,Broken Silence,Nightstalking,d229a07c-19cf-4718-9ccd-a4fd80825110
1984,1984-03-01,Broken Talent,Blood Slut,685efdaf-f93f-3d87-a20d-e2fa796a60cc
1984,1984,Bronski Beat,It Ain’t Necessarily So,be0cd735-c531-473f-9afa-bc5085291573
1984,1984,Bronski Beat,Smalltown Boy,a974d2df-773b-3e43-8ee8-7c24956e5f36
1984,1984,Bronski Beat,Why?,02597841-0738-40e6-9305-f9cbb25f3073
1984,1984,Bronski Beat,"Why? (12"" Version)",9adfe750-c5b5-4a3f-a7f3-4445e40ba78b
1984,1984,Bronz / Motörhead,Taken by Storm / In Their Own Words,ef07a67d-4b4c-4df8-987f-44f7390cd479
1984,1984-10,Bruce Springsteen,Born in the U.S.A.,386bf6e7-d85f-48f0-98fb-f6224b2efaed
1984,1984,Bruce Springsteen,Cover Me,d5797f1d-4699-4bba-a185-6c4db312dfa3
1984,1984-05-09,Bruce Springsteen,Dancing in the Dark,0c97cd77-f9c9-3efd-9471-a64b9de50070
1984,1984,Bruce Springsteen,Sugarland,c32cab25-da41-409c-bee5-aa6498112197
1984,1984,Bruce Springsteen / Bonnie Tyler,Dancing in the Dark / Holding Out for a Hero,f3c1b495-20fb-4b7d-95ca-36a9836bab63
1984,1984,Bryan Adams,Reggae Christmas,5b8ca4e3-146c-495f-8f43-1d99be3626a9
1984,1984,Bryan Adams,Run to You,15bddd2b-c72a-3c00-a8ee-1e93ed00f15b
1984,1984,Bryan Ross,Let's Go (Why Don't You Try),778d6eac-47cc-4ade-846a-b8bc8d651f19
1984,1984-10,Bucks Fizz,Golden Days,dc46fb55-6499-48af-8fac-11a70fefb3b1
1984,1984-08,Bucks Fizz,Talking in Your Sleep,e845ecc5-eb65-4e8f-a45e-6fd4a6830dce
1984,1984,Bulldozer,Fallen Angel,c735ec4f-7e87-33ec-847d-3a43e3e9fb09
1984,1984,Bunny Wailer,Peace Talks / Rockers,063ed74f-e82d-43f4-8763-c7345a96a17d
1984,1984,Burning Image,Final Conflict,8dd0de32-fc19-42eb-b2a0-f844305d969b
1984,1984,Burton Cummings,Be Bop a Lula / Creepin' Peepin' Baby Blues,b0c782c1-9168-349b-8795-168ae6e5e0da
1984,1984,Butch Cassidy’s Funk Bunch,On a DJ’s Birthday,61c7b8ce-f2a2-4c60-b007-2945c9651d5f
1984,1984,Butterfield 8,I Just Came to Dance / Matter of Fact,6620a4d5-268a-4373-9dbf-927ec2fa1d73
1984,1984,Butthole Surfers,The Waco Kid - Live '84 Detroit,5ef2f3ff-5f77-4797-91e5-febdfd22d799
1984,1984-03-26,BZN,If I Say the Words,a93f7b5d-677d-412c-a0e7-10f3704bcfb2
1984,1984-09-11,BZN,La saison Française,1a3ae5b1-70d3-45fc-894d-1177b7a527db
1984,1984,Börker Trio en De Kevers,"Hanna, kom je buiten spelen / Ik drink nooit weer",3fc16b88-0a20-47b6-8c43-43d355c1c01a
1984,1984,Bürlitz,Sleep Softly Mary,e244a023-ad66-4d02-9554-07da2cc80dfa
1984,1984-01,B‐Movie,A Letter From Afar,b2c5bc39-81a5-3e59-a55d-21a470f1c0bb
1984,1984,C-Band,Midnight Man,9727032b-0a17-4b87-a4e9-31c9776b8823
1984,1984,C. Jérôme,P’tit Bonhomme,bd2ec7c7-04b7-4ea9-b3bf-371b3d2bf6a6
1984,1984,C.O.D.,Uphill (Peace Of Mind),b15c7351-6e67-4071-8991-a4363994c087
1984,1984,Cabaret Voltaire,James Brown,d2878f42-7364-348e-ac0f-c2710e529d51
1984,1984,Cabaret Voltaire,Sensoria,10132b10-7fe2-33cf-86ed-8cae49a52406
1984,1984,Café Society,Relight My Fire,61686171-5f4d-449f-bf8d-e90d7207bf28
1984,1984,Café Society,Somebody To Love,c2ae6fbc-98f8-488f-99b9-c46cd3a6cbd0
1984,1984,Caiman Super All-Stars,Francisco Guayabal / Alto songo,726803f7-4493-4e94-b475-dcb49aebcad6
1984,1984,Caliban,Digital Reggae / Open Mind,2d7db62d-7632-43be-b7fb-f6f26a66ab4c
1984,1984,Calimeros,"Lass ihn doch geh'n, Angelina",c81e6dc3-f02e-47cc-9ee8-836b78c4c5ec
1984,1984,Camomilla,Buenas Noches,c95be695-6dee-4186-b5da-7275a63a092b
1984,1984-12,Canton,Please Don't Stay,993bbae0-e857-4038-827a-1afc52a45f9d
1984,1984,Canton,Sleepwalking,1b15f81c-5ce1-4273-8ddc-6ffc852ec996
1984,1984,Cantus‐Chor / Helga Hahnemann,Frühling in Berlin / Hier an der Spree,238b0204-7381-475b-9481-591342cfb2a3
1984,1984,Captain Rapp / M.C. Fosty & Lovin’ C. / Arcade Gang featuring Rich Cason,When Doves Cry Rapp / When Doves Cry Syndrome,99a471d7-e461-4a50-804c-562f8e6c0923
1984,1984,Captain Rock,Capt. Rock to the Future Shock,93064ad4-ecf6-315a-8f89-daed72fb9ea8
1984,1984,Captain Rock,Cosmic Blast,bc1127b7-cc96-395c-b717-da4744568150
1984,1984,Captain Sensible,Glad It's All Over / Damned on 45,f999736e-12a7-32c5-9cb7-b79a6caf5577
1984,1984,Captain Sensible,There Are More Snakes Than Ladders,40eb64b7-07ac-4526-a665-3c44777dbb1f
1984,1984-07,Captain Sensible,There Are More Snakes Than Ladders,f360400d-ba2b-4c26-ba34-9c8d8dd39a78
1984,1984,Carcrash International,All Passion Spent,b2309a12-4316-48bc-8b4e-390b457ea3a3
1984,1984,Carinthia Express,Glocknerhof Polka / Gitarrenwalzer,9b2caf38-02b2-4539-9153-b1437802f33a
1984,1984,Carl Carlton,Everlasting Love / Smokin' Room,e27d6c93-fd5f-3f6d-8d39-b7e8d6b545c5
1984,1984,Carl Douglas,Stir a Little Sweetness,c05ea668-4b9c-47d4-9c0b-8cd5af062c25
1984,1984,Carl Perkins,Blue Suede Shoes / Born to Boogie,521f40a0-43e5-44c3-80b5-627af476cf7b
1984,1984,Carl Perkins,Boppin’ the Blues / Matchbox,1f962d94-b710-4c1a-8bd2-b668591d01f9
1984,1984,Carlo Conti,"It's Okay, It's All Right",2e70cadf-5733-483b-8ca9-89a201c98b0a
1984,1984-02-09,Carlos Dafé,Um Estranho No Ninho / Deixa Pra Lá,2d781340-1c8a-4180-b879-bb60f9ca2b79
1984,1984,Carlos Guzmán y Los Fabulosos Cuatro,Cuando eras mía / Para qué te conocí,cee7b364-c02b-4dba-8820-b4c1a4b8ee1f
1984,1984,Carlos Paião,Cinderela,6ccc2f51-7ed5-4dd5-b782-4a3854869cc6
1984,1984,Carlos Perez,Las manos quietas,32203e24-4eb3-4fdc-ade3-e6ddf08a66dc
1984,1984-05-03,Carlos Perón,Frigorex,57957446-68e6-4b10-a5dd-520c7bd96a2a
1984,1984,Carlton Livingston,100 Weight of Collie Weed / Soundman Clash,cc94c6d3-93a9-456e-886b-6883c20c2f2a
1984,1984,Carmen,Time to Move,9315c087-e234-48b0-99b3-af09ead8616c
1984,1984,Carnivore,Carnivore,ba58b20f-d272-4186-9f28-34cf0fd937fc
1984,1984,Carol Jiani,Touch and Go Lover,694389af-1eb6-466e-a256-a1ebe8082519
1984,1984,Carol Lynn Townes,99½,c47e96c8-935d-4c7d-895a-a1ad6f039fc2
1984,1984,Carol Lynn Townes,Believe in the Beat,a80fc5ab-71bd-4307-ac03-2cc07976b18e
1984,1984,Carol Rich,Tokyo Boy,97f6acc8-64e0-4281-91a6-439455f7b6eb
1984,1984,Carol Shinnete with The Concrete Band,Cyanide Love / Love Is You,80377ddc-4c56-4dd7-b558-11620bfc57a0
1984,1984,Carola,Ik had het moeten weten,b802f78a-b37f-4d81-9c78-a47e2b063ed5
1984,1984,Caroline,Liefde blijft geven en nemen,4b23b94b-9ac3-45b2-8a6e-05eeaf77702b
1984,1984,Caroline,Stuur mij geen rozen meer,842f6db3-6acb-48ff-ab28-4fd725b6ab72
1984,1984,Carrano,Mutation,dc126413-6f37-4707-bae5-573f5124a7c0
1984,1984,Cartoon feat. G. G. Anderson,Blue Monday,53259b9c-91f1-45a2-aded-d1aa85fb1145
1984,1984,Casablanca,Don't Ask Me Why,61e6919e-1fdc-43a0-aa06-57fb68e87bf9
1984,1984,Casino,Pâté impérial / Contrebande blouse,acc7429f-baa0-4212-b368-58c4e7ce7b07
1984,1984,Cat Miller,Ready or Not,ebefb485-5411-40e4-b7ea-140eaabb61d9
1984,1984,Catherine Lara,Dernière séquence (en extérieur nuit) / Haut les mains,beacc77d-de21-43b5-a5ee-9b2f46b0607b
1984,1984,Catherine Lara,Famélique / Fatale,94689759-222a-4304-b19b-f64540611eb4
1984,1984,Catherine Lara,Flamenrock / Espionne,05a80700-5d8f-4eeb-9ee6-e35063e362c9
1984,1984,Catherine Lara,La Rockeuse de diamants,f0827772-c3b1-47b8-b730-d342c06d9921
1984,1984,Cees & The Skyliners,"Jij bent ’t helemaal, van onder tot boven / Je moet ’t ijzer smeden als ’t heet is!",b773dc5f-e7c3-4c46-9558-f545034655a6
1984,1984,Cellophane,Music Colours,f02e22b4-8477-4268-b079-2a3ac054e82e
1984,1984,Cem Karaca,Beim Kaffee,994f1ac0-2ac6-4477-a782-88272719fa37
1984,1984,Cerrone,Club Underworld,7b318f91-0dd7-41e5-98e5-a01cc926285d
1984,1984,Chagrin d’amour,Monte Carlo,32ca7cb5-2215-4911-9622-666728bdb415
1984,1984,Chaka Khan,I Feel for You,0808d155-a75f-4b6b-9d21-0497dad8466f
1984,1984,Chaka Khan,This Is My Night,74f6a5ee-020b-4f83-90b9-9909022082f5
1984,1984,Chaka Khan,Through the Fire,bd4f6f8e-8c3f-47e3-b68d-d86bbd8318d3
1984,1984,Chakk,Out of the Flesh,f9a07075-f3c8-496e-ac80-715d1abe0515
1984,1984,Champion featuring Alex Machin,I'd Lie to You for Your Love (And That's the Truth),a69426ef-8480-496b-8d1d-074c7fd71487
1984,1984,Change,Change of Heart,27c769c6-9793-474d-a83b-461d4d22e36a
1984,1984,Chaos,Tribal Warfare,898767ec-5ab0-3e72-a0af-8c7f81df13f9
1984,1984,Chapell Band,Over Again,8627f603-b8bf-41cc-8f34-a04eb0562b2d
1984,1984,Chardon Square,65 Film Show / Moving Bright Colors,c1c553bd-2112-4c3e-bccb-964912228ff2
1984,1984,Charged G.B.H.,Do What You Do,4cee45c1-1196-4896-a06b-835182f28160
1984,1984,Charlene Tilton,C’est la vie,126d9e50-697a-45ed-8e01-4d9cd00ecf6c
1984,1984,Charles Callet,Zanzibar / Trop petit mon ami,fe15a659-23e8-4b34-ba81-04109fcd0a31
1984,1984,Charles de Goal,Technicolor,ef460812-4259-4d08-8c4b-a9fb09fa8d3c
1984,1984,Charlie Bandy,Love You Right Out of My Mind,58231224-6be1-4c39-854f-cded742fb82d
1984,1984,Charlie Bandy,Tenamock Georgia,d816796f-28e8-4452-92d7-91ce87518e54
1984,1984,Charlie Quintal & Talk of the Town,I Can't Get Used to Being Without You / Garbage Man Song,f4f7168e-eada-488c-983f-a1f620eeb4bb
1984,1984,Charlotte,Zomertijd is kusjestijd / Ik heb ’n zwak,7ee3de86-3235-48c5-93be-3d03b25c86c4
1984,1984,Charlotte & Gainsbourg,Lemon Incest,1ae48f7d-5abb-4f17-b876-2a3fe5eb3117
1984,1984,Charly García,Nos siguen pegando abajo,a94fcf43-d488-4ba2-90fc-aff6b8aa1bd8
1984,1984,Charly Kriechbaum,Nur an Kaffee...,311c9f5c-1a5f-48f8-87f3-2d682ab8bf3f
1984,1984,Chase,Amore mio,40fb6e15-9357-4c09-8c8e-787ff15320cb
1984,1984,Chaser,Raiders,517fbb99-ac09-4e75-825e-7fd0cbb0996e
1984,1984,Chateau,Feelings,c0e54dac-c736-411c-b052-eba64051aa99
1984,1984-02,Cheap Trick,Up the Creek,8cebcc70-d05d-46bd-a835-a01077f9d268
1984,1984,Ched,Titanic,1a52cd6c-0a7d-4ebd-bde1-d340838c5d26
1984,1984,Cherrelle,Fragile... Handle With Care,4e5efc2d-4680-4b2c-9024-2dd59f17e4a9
1984,1984,Cherrelle,I Didn’t Mean to Turn You On,dca50342-adda-4a73-bb7d-df49c517ec35
1984,1984,Chicago,Along Comes A Woman,12d063f3-cc50-4910-95ad-fe5b33be83c5
1984,1984,Chicago,Along Comes A Woman (Dance Remix),595cb9f6-7b8c-4480-9d61-0aa7d511d748
1984,1984,Chicago,Hard Habit to Break,cb3c5f66-8e77-4820-acf5-ec97248d5db7
1984,1984-07,Chicago,If You Leave Me Now / 25 or 6 to 4,f14e15d9-acc6-4940-82db-4981a2ac9ada
1984,1984,Chicago,Stay The Night,21d54c9b-a60f-4d52-924a-7f217822dd35
1984,1984,Chicago,Stay the Night,a6154297-92bb-4026-a24e-7c80f0c00ecf
1984,1984,Chicago,Stay The Night,d1d2c0f5-2de8-41ec-9a2f-30e35b2a80eb
1984,1984-10-31,Chicago,You’re the Inspiration,a7f517fc-a7fa-481e-a668-3ba007bf87fe
1984,1984,Chicken Charley,De kippen-square (Kuukelekuu... Zei de haan...),c12b7972-5070-4868-a3ea-28b9d7a8f834
1984,1984,"Chicken Charley, Theo & De Afzwaaiers",De koeien-square (Jan Doedel en z'n koe!!!),7c351116-0ac4-4a6f-a1d2-bfb52599532e
1984,1984,Chico Johnson,Do The Hula Hoop,bdebc01a-6b03-4da7-86f6-0c4bb473a9ef
1984,1984,Chico Johnson,Miss Thing / Who Do You Think You Are,08a66ed0-ba1f-4736-aa87-7033fe6aa810
1984,1984,Children's Hour,Ya! Ya! Ya!,95981af5-8fd7-4a4d-8cef-d47cb510ee4b
1984,1984,Chin Chin,We Don't Wanna Be Prisoners,10f95925-41f7-43d8-92c4-88bd870c9bee
1984,1984,China Crisis,Hanna Hanna,97aec4ba-4bb2-4e46-8672-89be1beda09b
1984,1984,Chocolate Buttermilk Band,Freaking,3b5344f2-b84e-4d32-827a-f2c499ac16c4
1984,1984,Chris & Cosey,Hammer House,6aaa07b0-c282-4e1b-a669-7d1c78efef34
1984,1984,Chris Bovasso Group,Sexy Games / Love You Tonight,bb847d15-6ff4-4c20-b3cd-c53c8f8d093c
1984,1984,Chris de Burgh,High on Emotion,4f5719a6-5efa-4fef-971b-3fc3c4d1a145
1984,1984,Chris De Burgh,Man On The Line,98e9c461-024c-4492-9926-4632ff444ae7
1984,1984,Chris de Burgh,The Head and the Heart,4cbe78e6-54e3-4d80-b3cb-3745eb3e8939
1984,1984,Chris Debuut,Alle mensen willen kussen,64983bd1-33bb-419f-93ef-c953173f0e2b
1984,1984,Chris Lang,Old Calipso Tune,b04ded7c-6083-49bc-8a13-c95a2d1c8b9a
1984,1984,Chris Luis,The Heart Of The City,882bc1c1-902d-40c6-9da4-12631d090890
1984,1984,Chris Norman,Love Is a Battlefield,6280564c-25e7-4e3e-b5d3-b34520f20e22
1984,1984,Chris Norman,My Girl and Me,aa819454-b8ec-48b7-922c-7325b93a8259
1984,1984,Chris Owen,Keep On,e176b9ed-0b14-415a-b3dd-ebed3f9a0504
1984,1984,Chris Owen,Never Gonna Love Again / Aldrig Mer,999133fd-5c9f-4c5c-8518-541d695b839c
1984,1984,Chris Rea,Touché d'amour,845f60aa-1506-416b-9131-c271b9711efd
1984,1984,Chris Roberts,Fantasia,4cdd5c98-b21e-47fc-b3fb-c337a7314d09
1984,1984,Chris Roberts,Lieb' mich,785d9d14-787f-4acc-9fb2-a11ed3bf5fd0
1984,1984,Chris Thompson,Bye Bye Love,1fc3c25b-04a9-4a22-83d8-1852f693735a
1984,1984,Chris “The Glove” Taylor / Dave Storrs / Karlos Z. / Victor Flores,Itchiban Scratch,c2b03097-5101-4940-b0d9-0282d073fe49
1984,1984,Christian Anders,Ciao amore ciao,c63772d2-9b6e-4213-9ec7-83a60ac7f386
1984,1984,Christian Anders,Geh nicht vorbei / Nie mehr allein,60368306-75ab-4035-ab95-ae550e15f917
1984,1984,Christmas,(The Ballad of) The Invisible Girl,70d3cdf0-1a15-4aed-ba46-ed989add5d16
1984,1984,Christophe,Dernier Baiser (Besame Mucho),8d423646-a9ac-45af-ad13-1d629d6572bd
1984,1984,Christophe,J’l’ai pas touchée,a3855aef-2b64-4a78-9b2d-4849aa9a6ecf
1984,1984,Chumbawamba,Common Ground,72389c6a-19a9-4954-b8b5-8007fd52e985
1984,1984,Chuzpe,Der Spezial-Agent,b0b494ea-bdcf-4b40-96fe-3b36b5b45222
1984,1984,Chérèze,Guerrier de l’amour,ef7bfd22-82fc-4c31-a619-35f0d2048853
1984,1984,CINDY,Chance On Love,4f143f1e-2ac4-43d2-af23-ca22438e9140
1984,1984,Cindy Mizelle,This Could Be The Night,57879e49-e524-44ae-8994-84a005c60ccf
1984,1984,Cindy Nelson,How Sweet It Is,c9461784-c908-46a0-9aaa-7ac232c6d26b
1984,1984,Cindy's Company,Katzenaugen,cb5de5e6-a641-43c1-a038-584438151848
1984,1984,Circuit,Release the Tension,08f5c239-f66e-4ca3-89cc-136df379d9d5
1984,1984,Circuit 7,Modern Story,091137c5-6336-4111-a44c-433f0f56772d
1984,1984,Circuit 7,Video Boys,bdf823f3-d507-4741-978c-33f8638ce8c4
1984,1984,Ciska Peters,Bouzouki’s klinken door de nacht / De nachten met jou,634d8abe-a46f-4748-aee6-28bc8fac5f4a
1984,1984,Ciska Peters,Huil maar niet kleine meid / Ciao amore,ae7bd054-601c-43a8-8cd0-9efade09af6b
1984,1984,City,Mir wird kalt dabei / Neongott,4a6f6083-6a23-4303-890b-83f9deb25613
1984,1984,City-O’,Rose of Tokyo,0e34963f-e5ea-472f-829a-1ffddc6e8af4
1984,1984,Claire Lextray,Appelle ça le désir,5c9e77e0-0480-4799-ab5c-4c4da87c4d9e
1984,1984,Clandestine featuring Ned Sublette,Radio Rhythm (S-I-G-N-A-L S-M-A-R-T),fe3d68fa-a820-4fb3-885b-6e79fa473e22
1984,1984,Clark Datchler,Things Can't Get Any Worse,29320668-6938-402b-a0c5-3617c921f201
1984,1984,Claudine Chirac,Alle Meine Entelein,29520160-92f7-46bb-a439-c9f5f537f67a
1984,1984,Claus Vandrey,Finistere,69cb11a6-3008-436d-9ce1-b28a96a4a7f1
1984,1984,Clay Pedrini,New Dream,b60100ab-bb88-44a5-9291-a8c98efb2b81
1984,1984,Clio,Eyes,fce0b9e6-2bfb-4f09-9286-5117f93a7f95
1984,1984,Clive Stevens + Brainchild,Mystery Man,b1dd0747-9a57-403c-8460-51e371681620
1984,1984,Clox Italia,Ageing Agent,28a5c4a1-4b84-4b4a-9556-ad8e19bb2213
1984,1984,Club Privé,Club Privé,acb63524-c58d-4d80-9011-79635d9cafd4
1984,1984,Coco Bill,Evita,e09c6889-51f5-4e4f-99f1-13d113b27e57
1984,1984,Coco Girls,Cocoricocoboy,2b7190ca-0dcc-4623-a20b-e8c50aa8ea04
1984,1984-04,Cocteau Twins,Pearly-Dewdrops’ Drops,7bb1eb6f-bf96-324c-8fa8-c4848f8c9071
1984,1984,Cold Crush Brothers,"Fresh, Wild, Fly and Bold",708b367d-bde0-38bd-b2d1-2404c40a0baa
1984,1984,Colinda,Don Diego,5efd6584-629a-4898-b8e6-8fbf971492c7
1984,1984,Colinda,Lieve moeder / In m’n dagboek,4909d243-deea-4e51-8ac4-8b8ad7ac7486
1984,1984,Collage,Quanto ti amo,1346aa1c-4287-487b-9136-d92e8d2b7ea7
1984,1984-06,Colourbox,Punch,0c403e14-7150-4da4-b35e-29ceeefdd731
1984,1984-03,Colourbox,Say You,bec0c6eb-b4b2-42fc-ab23-b80db07aef81
1984,1984,Coloured Stone,Black Boy,c1d3f3a9-fe0d-474d-a928-65e42567c610
1984,1984,Commando M Pigg,Lyser,473d9198-5535-46e0-a413-f9bcb45ff108
1984,1984,Commando M Pigg,Phantom Flyer,200874df-b479-4801-83bf-0b514614d353
1984,1984,Commodores,Nightshift,756e4aae-d6b1-4517-82a1-4501aa98af4c
1984,1984,Complotto,Sherlock Holmes,2a9914a4-b804-456c-9e0a-a04fc29450d3
1984,1984-01,Conflict,The Serenade is Dead,9edc1342-cdca-350f-b9c3-32c10da7ce83
1984,1984,Conny,Waar ben je...?,1baf9a3c-305b-4d5d-b936-2f3c87f07d75
1984,1984,Conny Oomen,Die momenten met jou,6d1b3a5a-1383-43e0-8003-73552b5ef42a
1984,1984,Conny Vandenbos,"Johnny / Nee, ik ben niet bang",568658c3-c26b-4704-9fe4-5467d7a5abf7
1984,1984,Conny Vandenbos,Toereloereloereloe / Voorbij,1e773fe9-054c-4f07-9e3b-32092728a28c
1984,1984,Conny Vink,Hoera! Arie is jarig,b884818d-735d-470c-8904-b3b2cee12c8c
1984,1984,Conspirators,She’s Gone,d213c3af-3598-49e1-8976-e742809fcb8a
1984,1984-07-01,Cookie Dingler,Femme libérée,42364eea-13ab-4748-acce-186e565d38fc
1984,1984,Corinne Lesage,Comme une éclipse dans le cœur,0b5850ea-2748-45ea-8ba7-64b7a7f7423b
1984,1984,Corrie & Henk & De Four Tak,Ik leg m’n hart in jouw hand / Jij maakte mij verdrietig,cd7cc611-8ce3-4482-bf4a-a715e9eb3271
1984,1984,Corry,Ik hou van het leven / Valentino,5bb18ec8-2ac2-4bb4-9258-8aa4a7a3731e
1984,1984,Corry,Waar moet ik heen zonder jou / Verdwijn uit m’n leven,6a7efc50-2903-4d8c-844a-5a3094277bff
1984,1984,Corynne Charby,Ma génération,5492e05a-4a58-4bc3-a657-613c8af0fc36
1984,1984,Corynne Charby,À cause de toi,2fdf6a7c-8aa1-4196-abfa-7d41e883a554
1984,1984,Cosa Rosa,Gefühle,3f33da12-70e8-4b84-b404-8b67ca19f2b2
1984,1984,Cosi & Relax,"Oh, i woaß net (ob des guat geht)",0be6bcbd-03d4-44a0-9dec-c246930d4817
1984,1984,Costa Cordalis,Lava und Eis,2d181e70-038c-4ee8-a36d-0fd49243fc47
1984,1984,Costa Cordalis,Oldies Original Hit Version - Du hast ja Tränen in den Augen,c3a1cf2b-3c9f-485d-9cf7-b1ca91d92ebc
1984,1984,Coyote McCloud & Clara Peller,Where's the Beef?,111a1b2c-4078-338c-b6e6-c09464182bc6
1984,1984,Crass,You’re Already Dead,29e7649c-8799-3933-b249-5e9e7522c0e5
1984,1984,Cretins / Blut + Eisen,Dachau Disco,7e902320-5012-4d3a-80c3-d09e435f49b9
1984,1984,Cris Bonny,"Poupée de cire, poupée de son",f3d4a3a2-6f44-4a47-8ddc-3cfdbcfdef61
1984,1984-04,Crispy Ambulance,Sexus,64a2ea45-eebf-4037-8795-31dbd86b6678
1984,1984,Cristal de Rocas,Cumbia mine / Iluminame el sendero,e612b3b9-dbbf-4cea-a700-add5f7599d2c
1984,1984,Cruella De Ville,Hong Kong Swing,6d86bdfd-7564-4294-9edf-efdc266ded1f
1984,1984,Cruella De Ville,I'll Do The Talking,8c3ec835-b8c6-4efc-83f7-9ad92fb4059b
1984,1984,Cruisin' Gang,Chinatown,46c656be-5d63-4538-9a7c-4401efff6b72
1984,1984,Cruisin’ Gang,Tap Dancing / Chinatown,4428a569-a90e-4678-96cd-b3f026c8fb5a
1984,1984,Crystal Ball,Never Give Up,73906836-a5d1-4157-acb3-a93caa944bc8
1984,1984-04,Culture Club,It's a Miracle/Miss Me Blind,e760e9a0-0fde-3c73-b9f4-01833a8462a0
1984,1984-11-19,Culture Club,The Medal Song / Don’t Go Down That Street,e9abde8e-985d-3f73-9194-cb2a4b9773a1
1984,1984,Culture Club,The War Song,937fe7a5-784a-3f77-9b7d-cbf6630fa334
1984,1984,Current 93 / Nurse With Wound,No Hiding From the Blackbird / Burial of the Stoned Sardine,ec23c5c2-9a20-3f7d-be96-358d6f01da1d
1984,1984,Curtis Anderson,The Hardest Part,e1615621-81e9-4601-b868-697632c85424
1984,1984,Cyber People,Polaris,fa2b2e87-17bc-47b9-89c7-313891747f3a
1984,1984,Cybotron,Techno City,640b0298-450f-4c66-86a7-82e81255b3e9
1984,1984,Cyndi Lauper,All Through the Night,2a3b9612-a214-428a-a023-27781f7af8fc
1984,1984,Cyndi Lauper,Money Changes Everything,50b2f7f7-5f7b-4d39-b828-b989427df997
1984,1984-07-02,Cyndi Lauper,She Bop,58c6c58a-b448-3cbd-a5fd-fb401593eafc
1984,1984,Cérémonies,Le Goût du saké,587cc297-9e24-4816-87f2-a666791a528d
1984,1984,César Castro,Soñar de tambores / Volvió la tabaquera,6ebda7cd-bd8f-41c0-bd6c-7b4a1e69be92
1984,1984-07-21,Côr Meibion Dyffryn Tywi,Evening Prayer,4100b70a-d30a-40a5-9753-29b84f635fb7
1984,1984,D'Bora,No Sense,0af95d85-079d-45d3-bb62-0cc935b0ae64
1984,1984-03-21,D'Boys,Jugoslovenka / Florida (Mala Moja Ne Plači),d1a50da0-506b-4858-8195-c60385ffd692
1984,1984-01-01,D.J. Chuck Chill Out,"Hip Hop on Wax, Volume 1",f783d5ab-680b-41b1-b85a-b3ac21e9a18e
1984,1984,D.J. Red Alert,"Hip Hop on Wax, Volume 2",91b6d7ec-cf0d-41f5-a329-37451d5b11fb
1984,1984,D.J. Ventura Mr. Backer,Blancanieves (I'll Change the Tale for You),41404e8d-16e3-4d4f-947c-1611fddc3848
1984,1984-12-31,D.ST,Mean Machine,f367864f-8cca-440d-8383-2c98ab513066
1984,1984-12-31,D.ST,Megamix II: Why Is It Fresh?,7e3aa8b9-7d19-3737-99d6-f8d8b1ae4a5c
1984,1984,Da Vinci,Anjo Azul,8db2432d-94dd-4477-8297-2e5f9f570fea
1984,1984,Daimyô,Electric Dance,8ca99f5f-0fd8-4ba2-919a-2f399153efce
1984,1984,Daisy Chain,No Time to Stop Believing in Love,14c45b0d-3698-4f99-840a-0216c2318636
1984,1984,Dalbello,Gonna Get Close To You,3e76b676-42e2-4916-90bc-f5397438882f
1984,1984,Dalida,Kalimba de Luna,1cbb37fb-107b-449f-8653-04edea37dcb9
1984,1984,Dalida,L’Innamorata / Soleil,e08fe179-47f6-4bb1-a8ba-3b4af7056e8b
1984,1984,Dalida,Pour te dire je t'aime (I Just Called To Say I Love You) / Kalimba de Luna,65a8bf0d-3265-4760-813e-bb31d6404a71
1984,1984,Dalis Car,The Judgement Is the Mirror,5bec68be-720e-4186-bf54-bb72165259fa
1984,1984,Dallazz,Ella,c08101f2-c006-4d4c-bc18-fa55ba6800be
1984,1984,Damien,"Viens Maman, On Va Danser",35dd9b01-8768-4f4e-a9ce-80dc4cd6da19
1984,1984,Dan Hartman,I Can Dream About You,d6f13948-1896-4bf4-8eee-0bfd856b360a
1984,1984,Dan Hartman,Second Nature,f976b3f5-deaa-441a-aeb0-1acb7a0a41b0
1984,1984,Dan Hartman,We Are the Young,da44775f-2c35-4be1-aa41-bfb765712580
1984,1984,Daniel Balavoine,Dieu que c’est beau,d4144302-ded6-4455-a7c1-79b609d9f7f2
1984,1984,Daniel Facérias,Remember Me,9989c801-dc21-4059-aaf4-281563333643
1984,1984,Daniel Guichard,"Quelqu'un, quelque part",a1239438-ef12-49d0-8cd7-122070bad879
1984,1984,Daniel Lavoie,Ils s'aiment,56415852-1365-4355-87e2-948d35695a56
1984,1984,Daniel Sofer & The Unknown DJ,One Hundred Speakers,6623eb11-cf83-3963-8e68-9274a9088829
1984,1984,Daniela Simmons,Si l'amour,4105dd6c-081c-4d7c-b396-5727097eb290
1984,1984,Danielle,Michael,15a8b479-1578-4251-8aa7-527d285018ac
1984,1984,Dann,Un enfant / Soyons optimistes,b274d317-808a-49fb-9a35-4dac4c426c03
1984,1984,Danny de Munk,"Ik voel me zo verdomd alleen / Hé, stinkerd",2205bc70-5879-4ad9-80b3-6b5159909017
1984,1984,Danny de Munk,Mijn stad / Vergeet nu maar je zorgen,69ccb3ab-b1b3-4d9a-bac3-a58050170272
1984,1984,Danny Elfman,Gratitude,8810c2ab-652d-4006-88b8-ab1ac8da0cb4
1984,1984,Danny Fabry,A Little Tiny Kiss,38b24534-fe5f-46d0-8d7d-424ed0d459fd
1984,1984,Danny Keith,Keep On Music,65602f87-c3ec-4f5d-8807-88a5f56e1abb
1984,1984,Danny Keith,Love Me Again,427fd473-990d-4f63-ae94-15f3cfc31c3e
1984,1984,Danny Mirror & Danielle,What's the Way of the World,5b7dff95-8568-4f7c-9d82-d4420f6906d3
1984,1984,Dansdepartementet,Wankers,63dbc4f5-20f2-4b49-8abc-1cb8ebef2c65
1984,1984,Daryl Hall & John Oates,Adult Education,92d842df-29c7-4314-8b15-5281247b24ab
1984,1984,Daryl Hall John Oates,Out of Touch,3f20ca14-53ed-4bd7-bf03-a4718d275f48
1984,1984,Data,Blow,817b1df2-ab40-448d-8525-3611493406b3
1984,1984,Data,Neka Ti Se Dese Prave Stvari / Ne Zovi To Ljubavlju,7ebcd559-3fde-414c-8822-cec20705ac5f
1984,1984,Data 3,Heartful of Soul / Who’s That?,ab6ee05f-9d7e-4b68-9c50-40c6b8817343
1984,1984,Dave Daffodil,Swingy / Turn Up,3eaaed08-33b0-49a6-9c8a-86a28ef28a12
1984,1984,Dave Phillips,Next Stop,68905d32-b144-4b6e-b26f-fa6b3c699f2f
1984,1984,Dave Stewart & Barbara Gaskin,I’m in a Different World,11eff5a8-5446-433a-8c4f-444e0dcd73ce
1984,1984-05,David Austin,Turn To Gold,f419857a-e21b-4e42-ae4f-8452a45d1fd9
1984,1984,David Bowie,1984,60de2879-8656-4e93-9164-d67370e41e06
1984,1984-08-31,David Bowie,Blue Jean,29899ee6-3b5d-4483-831d-bd40e3e1fdd3
1984,1984,David Bowie,Loving the Alien,3b6150ba-efce-47df-a5f7-9575dd93bca3
1984,1984,David Bowie,Tonight,05af9f7c-8922-4fcf-9e47-6d91b3cef05e
1984,1984,David Gilmour,Blue Light,2d9d51ee-0058-499e-aee4-12b537545d5c
1984,1984-02-26,David Grant,Organize / Wrap Yourself Around Me,384bab90-3e2c-4b83-99e9-c2c43d98ee97
1984,1984,David J,I Can't Shake This Shadow of Fear,691c300d-460c-4fbb-9dbd-ac6db8dbfd1d
1984,1984-12-19,David Lee Roth,California Girls,bc49f9a3-bc2e-4a05-9518-0b7b21e55f4a
1984,1984,David McNeil,L’enfer est dans le sac,2f3c33ff-70b0-4bcc-a68a-1dae42a93b77
1984,1984-10,David Sylvian,Pulling Punches,ec0fd14e-bfde-4b6a-b4d6-c2018bf34b61
1984,1984-06,David Sylvian,Red Guitar,886eaa56-cd9c-43ea-af96-c938289a09d5
1984,1984-08,David Sylvian,The Ink in the Well,7e1dfa5b-c02c-4b32-b3e0-cf5174889600
1984,1984,Davy DMX,One for the Treble (Fresh),e47e2c72-f134-42ae-88b6-0dcded95145f
1984,1984,Dazibao,Dah Kin,31dfdb07-0db4-4ef2-846b-414f33ef93f8
1984,1984,Dazz Band,Let It All Blow,5fa174e3-5a54-44a4-9615-f89d31d1e89f
1984,1984-06,DCL Locomotive,King Midas In Reverse,f2d09988-35fe-4d3d-8623-7c262122fa3b
1984,1984,De Adera’s,Geef mij jouw hand,8ec91dc3-f9f1-432f-9b9d-ac6d8a5851ea
1984,1984,De Alpenzusjes,Alááf olé toréro / Ik doe het nooit meer,c15610bb-4b2f-45aa-afc5-ec8229ac3d0f
1984,1984,De Alpenzusjes,Tiroler mars-potpourri,c350c742-d9ce-4150-bc1c-c7b359b2383b
1984,1984,De Baanbrekers,Samen in ’n truck / Er zat ’n tijger in de tank …,8eaa9c8c-c461-41e7-8a99-3d2492d71ae8
1984,1984,De Bahronnen,Ik heb een kater in m’n kop / Oh lala,7108a43b-e5e7-472c-a21f-9b799ad3a467
1984,1984,De Banne Boys,In de banne / Mijn leven,652c948b-8ddb-4ee5-afe5-1442c50f8986
1984,1984,De Bedoeling,Je weet maar nooit (hoe een koe een haas vangt) / Marian,34c62c52-5350-4adc-b9ca-81f15eab9248
1984,1984,De Beja’s,Nuevo laredo / Paard met witte manen,34be2441-b3ea-45a4-b28b-d065d2e48254
1984,1984,De Beridi’s,Ritsen maar... / Drinken maar...,078c9903-87d9-46e4-a59f-b15c71af9151
1984,1984,De Bläck Fööss,Huusmeister Kaczmarek / Katrin,57a741ca-9562-4e4a-a5e0-ee29463a786b
1984,1984,De Bläck Fööss,Huusmeister Kaczmarek / Sporthall,7654c84e-3c78-4397-80ae-9bbdebf012d3
1984,1984,De Desperando's,Blijf toch bij mij,0984a6f7-0343-4c1f-8e22-5783a9f40772
1984,1984,De Desperando's,Blijf toch bij mij,791bd985-a087-4763-958e-2bdd4fa391e8
1984,1984,De Desperando's,De lang vervlogen tijden,23c19356-242a-47c7-b962-26f634d26a4f
1984,1984,De Dijk,Elke keer / Elke dag een nieuwe hoed,7088ce97-f9bd-3c3a-a653-9a886c2c7333
1984,1984,De Drekskaters,Rok en rool duit ut gans / Haej tila,dd8e4195-5ae5-4588-b507-45624101cddd
1984,1984,De Four Tak,Rosemarie / Kus me nog eenmaal,3aab1cec-ded2-42f3-b2b7-348526121c59
1984,1984,De Four Tak,’n Bruidsboeket / Maar toch zijn we elkander trouw gebleven,4cdc28b0-be47-4642-9f8f-02764e78af20
1984,1984,De Havenzangers,De country-dans,5cbd3f9b-0c6e-4ab3-840b-d0cc3dc2c737
1984,1984,De Höhner,En Villa an der Ville!,7efa2f50-65db-4571-97e5-5ac1c20d4d05
1984,1984,De Höhner,Huhzicksreis (Mer födere die Duve op däm Markusplatz),ef7d0101-31c2-4bac-8fb3-7ad7522706ac
1984,1984,De Johan Willem Friso Kapel o.l.v. Kapitein-Direkteur Gert Jansen,100 jaar Ripperdakazerne,9bcf06e2-2f87-4abf-ad27-70b5b913c14a
1984,1984,De Klokkestoelers,Dromenland / De oude visser,74936bfd-9a4a-480e-b6ae-718d8291809b
1984,1984,De Klokkestoelers,Kindervraag / De flierefluiter,f447fb77-0f8a-4b08-88b6-92131dfd090a
1984,1984,De Leidse Sleutelgaten,Bezoekt u toch Europa,57a8ec89-a6bb-4b6f-a12e-11dbb05a664c
1984,1984,De Leidse Sleutelgaten,Gaan we met z’n allen naar de haaien,8df52517-6ec3-400b-9ec1-e5f1eeb09101
1984,1984,De Leidse Sleutelgaten,Ik ben de zoon van mijnheer pastoor,8665ff20-481c-43ff-b4f7-202b7f514308
1984,1984,De Migra’s,Had ik ’t maar geweten,051a079c-1490-45d8-b5f7-5e330c730da5
1984,1984,De Migra’s,Ik droom van Brabant,35afec49-d635-44ca-9169-5b216848ee95
1984,1984,De Mosselmannekes / De Pedro's,We gaan nog niet naar huis!! / La-maar komme!!,6b261bdf-74c5-48c6-af98-cd074c909019
1984,1984,De Raspers,Toverwoorden,32c5db7b-c7cc-455d-b8b8-91901b238de7
1984,1984,De Rijnsons,Wie gaat er mee,5fb62443-a69e-49f7-9637-c91ea499f61a
1984,1984,De Rio,Afscheid van zee,07dd5efb-c10c-4bf8-a772-cc2a56f74f9f
1984,1984,De Riwi’s,Is er ’n kans,7a1726a0-2c24-4b0d-825d-8c06977229a8
1984,1984,De Roffels,Feest in de bergen,104f422b-ef0a-4bfd-b5d8-12ea41d4efbc
1984,1984,De Roffels,Nederland bloemenland,08357ca5-3a17-490c-9ff1-117147fadccb
1984,1984,De Roffels,Oh Little Boy,5b850f17-cf63-4b08-b0b8-41a8ca699274
1984,1984,De Schuimkragen,"Likkie hier, likkie daar",6281358f-587d-4b8a-a977-93cfbfc46777
1984,1984,De Steile Wand,Debora,c9b2bc55-19cf-4647-a065-6aeac69973cd
1984,1984,De Storima’s,Een brief ver over zee,2201b578-1725-4af9-80b1-ee7d3626b231
1984,1984,De Strangers,Dikke Lou,c948f38f-179d-4115-9fb2-8d6b63f2442d
1984,1984,De Strangers,Wa d'n griet,fcc00af7-6c0b-4a1b-aacd-5bfbacd3a750
1984,1984,De Strangers,’t Bouwcentrum,d71c0b91-0b7e-4ecf-b75d-0aeef9eb1426
1984,1984,De Sunland Four,Steeds In Mijn Herinnering,2139d29c-6e1d-4434-8171-0df44c34f5b8
1984,1984,De Tamara’s,I’m Ready,9aae51fb-504a-4865-9038-143239f7f7c1
1984,1984,De Vrijbuiters,Als piraat ben ik geboren,e758fa4d-fbcd-47ee-806d-2ed2c7684eca
1984,1984,De Vrijbuiters,Mariëlla,aaf8bfb7-818c-4a0d-b7b5-06cd44d75501
1984,1984,De Wiko’s,Maar dat is nog niet alles / Adieu Goodbye,06dd051f-0bf0-4bb7-95de-01e30ed3ba14
1984,1984,De Zingende Buschauffeur,Ik ben verliefd / Een Chinees,0d682d9e-e0bf-4fc5-b8bb-b94d451e91cd
1984,1984,De-De-Mo,'Cause I Need You 'Cause I Love You,18f85209-bb95-4b10-ba1c-4357a93c3e77
1984,1984-11,Dead or Alive,You Spin Me Round (Like a Record),9ac6bd47-eaf6-343b-90ad-ecfc33b81ac0
1984,1984,Dead Or Alive / Merle Haggard,That’s the Way (I Like It),bc4dca51-9f5e-45d4-b764-abb994803f68
1984,1984,Dean Ray,In La La (dance version),a0787aae-a3d8-4529-9312-85a675cfa2a1
1984,1984,Dear Enemy,New Hero,242d0ed0-5864-3ca7-99a4-4ff169833d27
1984,1984-06,Death in June,She Said Destroy,01a64d8f-6196-3e3d-8246-adc93c45d066
1984,1984,Debbie,Everybody Join Hands,7e1b2450-9326-406b-ad85-9a90fc30579e
1984,1984,Debbie,Souvenirs del sol,854417f4-a335-452a-b227-db009caf50ce
1984,1984,Debbie Deb,Lookout Weekend,e3bd45e3-d170-4d32-9af4-2ae08fa0aa54
1984,1984,Debby Dobbins,Only Love,e6ff4b1c-678d-45d6-85a4-02560b27179e
1984,1984,Deborah Haslam,Let Me Trouble,180416cb-88fd-463b-81a6-750e68d6d8d8
1984,1984,Deborah Kinley,Surprise,514d710a-5287-4e6c-9c8e-9c0a430f4e4d
1984,1984,Dee C. Lee,Selina Wow Wow,6f322e67-d711-4fc9-93cf-d535da9ef932
1984,1984,Deep Purple,Hallelujah / Emmaretta,99ca82e5-617c-4b42-a913-de006663d1d7
1984,1984,Deep Purple,Knocking at Your Back Door / Son of Alerik,05fc103a-583a-4048-80e2-eb09330ad296
1984,1984,Deep Purple,Knocking at Your Back Door / Wasted Sunsets,3d429e4f-a308-4f8a-aadb-8e2f81af252a
1984,1984,Deep Purple,Nobody’s Home / Under the Gun,3e862f75-90f3-4d64-ba31-806c866963bc
1984,1984,Deep Purple,Perfect Strangers,c5a0badc-d0aa-41ab-b06c-9ff3dfbb5394
1984,1984,Deep Purple,Wasted Sunsets,340ddc2e-395a-433e-bedd-2a7de344499b
1984,1984,Def Leppard,Bringin’ On the Heartbreak (remix) / Me & My Wine (remix),e93cefb9-aabd-440b-b127-125f2764430b
1984,1984-02-20,Dekka Danse,Immagnetized,c3e968ed-210d-460e-bc9a-f0949c84d708
1984,1984,Dekka Danse,Soul Separation,32ba636f-3cfb-4afe-81b5-7f5293a7fe93
1984,1984,Demon,Wonderland,892350ee-a45f-4892-bc3d-ff5406aac3bf
1984,1984,Den Harrow,A Taste of Love,55d82b93-5559-4b40-a0b3-9d4d2055d121
1984,1984-10,Den Harrow,Mad Desire,8a46ad0a-1cd1-4d77-bd5f-77bac50bdfda
1984,1984-07,Deniece Williams,Free / That’s What Friends Are For,fa23c7fc-0780-4de5-90c7-14d3ae415c41
1984,1984,Deniece Williams,Let’s Hear It for the Boy,2434a7bd-fd35-4519-81cf-97201f84e016
1984,1984,Denis & Denis,Program Tvog Kompjutera / Noć,c7d98f66-c5c1-43bd-89c3-e36db4eb1b23
1984,1984,Denise LaSalle,"Right Place, Right Time",4c78d59a-8ff2-4d15-8d4e-a60e990803be
1984,1984,Dennie Christian & Mieke,Zaterdagavond / Samen lachen samen huilen,8a6cdb46-7f87-4d9f-95e9-5929b4c84c22
1984,1984,Dennis Doekhi,Eet smakelijk,874f95c4-172b-4134-a78c-09daba4963a3
1984,1984-03,Dennis Edwards,Don’t Look Any Further,fd0cb113-2fe7-4925-b66a-5768579f5267
1984,1984,Denroy Morgan,Everybody Wants to Be Somebody Else,57e4d574-2f8e-4f94-ae41-dc5b7a27ab5d
1984,1984,Dens Dens,Life Got No Sense (Without Love) / Meaning Of Words,394eb7c7-919a-4906-b3bf-2004783660fa
1984,1984,Deodato,S.O.S. Fire in the Sky,c6d563ad-e4c1-4989-9639-bf0e8a923467
1984,1984-10-29,Depeche Mode,Blasphemous Rumours / Somebody,5992c710-81cd-3de0-a040-5a3e4b93c3ab
1984,1984-08-20,Depeche Mode,Master and Servant,b247f64f-3cf9-3f59-aadf-11822a3ec10f
1984,1984-03-12,Depeche Mode,People Are People,1c1262b4-b9a4-38d5-82d8-e664af0d94ce
1984,1984,Der wilde Pinguin,Viel zu nah,14c1d532-c6ef-4e97-9b99-8ec9fc9af237
1984,1984-06,Derribos Arias,Disco Pocho,5ec1a77e-d037-387a-b95b-333e9cf07753
1984,1984,Desolation Angels,Valhalla / Boadicea,4b39632c-dda5-3c6e-b2a1-355fcdfe5f1d
1984,1984-09,Deviation Social,Tempus Purgatio Part 7,a5ebf905-cd70-4835-a8bb-43aace08a35c
1984,1984,Dhuo,Walkin',08f993df-9947-461b-b71c-d45d6bc56ca2
1984,1984,Dia en De Troubadours,Ik ben dol op jou / Truckershondje,d9054bae-57b6-4a7a-b467-9436572d0a47
1984,1984,Dialog,Doch der Falke fliegt,04b0a21a-86c7-4b7d-a0b8-3dc48c189026
1984,1984,Diamond Four,"Zij is een brunette / Oh, rosemary",e44b886e-7629-41fe-bab1-67fbfd54fe31
1984,1984-01-01,Diana,Ik zing zomaar een liedje,a0550625-8125-4fa0-bd54-77b2a6d10448
1984,1984,Diana Est,Diamanti / Pekino,bfc21d0d-09ee-42fb-b6c8-932ae1a4a276
1984,1984,Diana Ross,Missing You,ef6f34bc-32c6-4a52-8018-c3f7b6914b5e
1984,1984,Diana Ross,Swept Away,9160f39e-5151-4b7f-8805-9704c39bdd75
1984,1984,Dick Rivers,Nice baie des anges,6d1f19a2-914e-4e22-bbcd-1acc21fb4ca7
1984,1984,Dick van Altena,De Betuwe / 't Is bijna 12 uur,c2f07fb3-1fcb-4fac-8c08-6882b99f4c4f
1984,1984,Dick van Altena,"Half 'n jongen, half 'n man / Lisa",c1ee19cb-e10b-428f-9ea2-ba26ca5844e1
1984,1984,Dick van Altena,Roosje / Mona,7a909eac-25e9-4e2a-91b2-518bcadad526
1984,1984,Dicks,Peace?,07c2e4fc-2a8a-37ef-847b-a6948fd98e07
1984,1984,Die angefahrenen Schulkinder,Konny Mc Love / Karl das Schulkind,71d2c7b2-79ed-4700-92e3-822b614c9917
1984,1984,Die Coco Band,Pinguin,fefd99fc-7344-4e6e-993e-7c3ec56ce56a
1984,1984,Die Form,Heart of the Monster,8470ad59-2f36-3778-95e9-d0881628bae5
1984,1984,Die Imi's,Mit Der KVB Zum Klingelpütz,b73f0166-dc37-45b5-b1e5-bb8936e57246
1984,1984,Die Toten Hosen,Liebesspieler / John Peel Session,466ea57e-d962-3a9a-bdf2-df5d045eeec5
1984,1984,Die Toten Hosen mit Kurt Raab,Kriminal-Tango,d23dac73-bf4f-4d8a-8e24-c48781f41df2
1984,1984,Die Toten Hosen mit Kurt Raab,Kriminaltango,8c7f402d-a093-3a9a-b918-5ac7c045708f
1984,1984,Die Tödliche Doris,Naturkatastrophen,8db31ff9-84a6-4e25-aa0e-a5c14ab47a93
1984,1984,Die Woody's,Fichtl's Lied,6ce5cf3a-3ecd-4636-b56e-2bf1d999409d
1984,1984,Die Zwei,Grapsch!,b509228b-d541-466b-a9ca-cef21077aa50
1984,1984,Die Ärzte,Paul,bda8d34f-7746-3784-8ac4-2f23ee0f6141
1984,1984-10,Died Pretty,Mirror Blues,105ab2ef-be67-44f4-be1f-d96093ad5b40
1984,1984-04,Died Pretty,Out of the Unknown / World Without,dfba2611-447d-483d-9b70-640665ed6475
1984,1984,Dientje Vaartjes,Johnny,b5e3ca7d-d27c-4831-9869-f6b890d64ee3
1984,1984,Dieter Hallervorden,Birne-Song,23aa0a27-42e0-46d8-9e27-61ed5fd8b912
1984,1984,Dieter Hallervorden / Harold's Band,Didi - Der Doppelgänger,f3f632c3-5b32-4771-ba3d-6e8def048399
1984,1984,Digette,Fred From Jupiter,9fd26ef3-0c6c-4665-b9bb-cf98e9b5a459
1984,1984,Digital Game,I'm Your Boogie Man,ed3e0227-437d-348b-99a0-ad5afa66576c
1984,1984,Dingo,Autiotalo,c871556d-4d62-37c0-83ff-2c6a5a1bca3e
1984,1984,Dingo,Levoton Tuhkimo,884836aa-5863-43dd-b17e-89e91e33158f
1984,1984,Dingo,Pistoolisankari,a0401820-7e8f-4a02-8fcd-9f2eb1c486b4
1984,1984,Dingo,Sinä ja minä,50923587-2e7a-4893-ac7a-e76a23881745
1984,1984,Dino LIZI,Reviens / Laissez-les s'aimer,2e2fafbf-c6b7-4a55-a7f3-476b363a9ffe
1984,1984-12-05,Dio,Mystery,a4df292f-af7f-3c7a-87a5-a4083c82c959
1984,1984,Dio,The Last In Line,b9e0be13-a88e-4d4a-a31a-f21c9c669915
1984,1984-08-01,Dio,We Rock,a5c2e547-1007-3f7f-9ac9-bb167019846f
1984,1984,Dire Straits,Love Over Gold / Solid Rock,a5d060ae-1e72-44e6-ae1a-2de887e1dd76
1984,1984,Dire Straits,Two Young Lovers / Expresso Love,5adb8f58-60c0-45ed-8205-3b3334ae68c6
1984,1984,Direct Drive,Anything?,0e39970e-dcea-4806-bba3-d89a54d393e2
1984,1984,Disappointed a Few People,Fuck With Christ,248c8ff6-0b8f-4c0f-aaa0-88e38b716c84
1984,1984,Disband,The Working Song,884377a3-cc9b-40c1-a96b-401c88631b0d
1984,1984,Discharge,The More I See,0161d51d-aeb9-37d2-9b5b-5280c0b77968
1984,1984,Disco 3,Fat Boys,5f61d495-5154-4007-9561-06e12b9fb631
1984,1984,Disco Volante,No Motion,b0523999-f959-4447-a3eb-a85d35759a31
1984,1984,Divine,I’m So Beautiful,907c3aef-4b78-3b25-b65b-6d0c1148c9fa
1984,1984,Divine,You Think You’re a Man,1ce8d485-64af-4aaf-8d0c-30cdce98736c
1984,1984,Divine Sounds,Changes / Do or Die Bed Sty,dbc2084c-5561-362d-87ff-5fc9ce43767a
1984,1984,Divine Sounds,What People Do for Money,79690e4e-24e1-3731-9c22-0eefeeb041b9
1984,1984,Divlji Anđeli,Totalni Kontakt,4a52beb4-336c-4f08-81db-aa32467bff24
1984,1984,Dizzy Gillespie,You're No. 1-In My Book / Closer to the Source,9df6d0a5-758e-409e-adee-0cc6a2d0ff28
1984,1984,Di’Anno,Heartuser / Road Rat,65c980aa-8564-429e-9858-f0e10c657944
1984,1984,Doctor’s Cat,Gee Wiz / Crash,9dbc098d-3289-48c3-9f35-92d0ac88600d
1984,1984,Doe Maar,Belle Hélène,a25375b2-3030-3310-8bfe-52846ea07957
1984,1984,Doe Maar,Macho,6b8d3b9d-88b1-444e-baa2-9124f20f5707
1984,1984,Dog Detachment,Young Days / Civilised Zombie,b77657a0-7a53-4dae-bb69-7eecec71fa25
1984,1984,Dogs,Spécial Interview,6277004d-ebcf-4996-bfbf-aa2687a419fb
1984,1984,Dolf Brouwers,Ga nooit weg zonder te groeten,83f2969f-9be5-42ab-a7d6-b20f0636b2ab
1984,1984,Dollie De Luxe,Lenge Leve Livet,0ee0051f-a90f-4131-b183-d53989f15ba2
1984,1984,Dollie de Luxe,Queen Of The Night / Satisfaction,3972556e-18fd-4d95-bd01-2e5abff29946
1984,1984,Dolly Dots,Give the Girl a Break,3701112c-fe64-4205-8a05-da3bcfe3f431
1984,1984,Dolly Dots,Trick of the Eye (Special remix),122c14b6-fc43-4dfb-b2f3-9114067ab15c
1984,1984,Dolly Parton,Downtown / The Great Pretender,a5d2f417-fccf-47d7-a6dc-24db5529dc73
1984,1984,Dolly Parton,God Won’t Get You / Sweet Lovin’ Friend,05e5026d-1f14-4ba9-a4ca-c7a737516d3f
1984,1984,Dolly Parton,She Don’t Love You / The Great Pretender,92c9b88e-075d-4ef1-bc3f-79fb0a81a35c
1984,1984,Dolly Parton,Tennessee Homesick Blues / Butterflies,4d55d4fd-691e-4eb3-90cc-8f7d94311b60
1984,1984,Dolly Parton,What a Heartache / Butterflies,cbfadd6d-003e-4f57-b69d-b61ced368d53
1984,1984,Dolly Parton / Kenny Rogers,Medley: Winter Wonderland / Sleigh Ride,e6d748aa-714e-4a98-9871-ad0b4a5e691a
1984,1984,Domina,You Got My Soul,645947e7-60cb-4f42-8752-0ca7eafdd6eb
1984,1984,Dominatrix,The Dominatrix Sleeps Tonight,3e39e223-b049-3fc2-95f4-0d16e992c2dd
1984,1984,Don Henley,Sunset Grill,feaf37d0-6cb9-4840-9b0d-165df2eb7bf7
1984,1984-10-29,Don Henley,The Boys of Summer,095bd175-b401-3cea-b0c8-b3da16286d46
1984,1984,Don Williams,It’s Time for Love / I’ll Never Need Another You,d914abb3-7e5c-44e6-a8cc-9a8553029953
1984,1984,Don Williams,Maggie’s Dream / Leavin’,1462f4e8-87ef-455b-bdc9-f0d7a0482a24
1984,1984,Don Williams,That’s the Thing About Love / I’m Still Looking for You,535a6884-ea81-4098-887c-d8b065418454
1984,1984,Don Williams,Walkin’ a Broken Heart / True Blue Hearts,aa05978d-d5f2-499a-b5e5-8264a299e931
1984,1984,Donald D.,Don's Groove,11e5fddb-4b4a-4b8c-86ce-95ac4dedb12f
1984,1984,Donna Laser Orchestra,Vega Synthauri,7e88e2b8-c239-486e-ad06-2de63b5bc01c
1984,1984,Donna Summer,Supernatural Love,2d36919e-d9c4-43a0-9aff-04703c90f8da
1984,1984,Donna Summer,There Goes My Baby,6172c8d2-0dcc-40a4-93c9-e82833cec2fd
1984,1984,Dorian Williams,"Stacked To The ""T""",57139391-b0a8-409f-b3ad-9ef0990c425e
1984,1984,Doris D. and the Pins,Men Like Big Girls,eca0b207-36e3-4aa6-b9bb-772bee98a5c0
1984,1984,Dormannu,Degenerate,13bbd6fe-4303-4afc-bc68-285b530491a6
1984,1984,Dormannu,The Dread,9dcefed8-a5a3-4e32-9b60-b5ad59c20286
1984,1984,Dorothy Moore,Just Another Broken Heart,6f8ecd3e-5a8f-4dbd-94dd-32c1ea7d5109
1984,1984,Dorothée,Bonjour Dorothée,3d82db7c-537b-4b0d-a444-ffc653aa495b
1984,1984,Dorothée,Les Petits Ewoks,0d355c88-4596-47a9-adc9-776ffcd42fd2
1984,1984,Dorothée,Qu'il est bête !,7fa12d3f-03ff-4ff3-8321-9a32b1cfa957
1984,1984,Dorothée,V'Là Les Schtroumpfs,e86d70a6-de5f-4e51-9f8c-70bed35d95c8
1984,1984,Double Entente,Sleeping Dogs Lie,930f43c4-2afc-4c5c-ac28-2af0c7ef9d81
1984,1984,Double-You,Bonte koe polka,ee54b5b9-68ef-4498-a0ef-7979e2423345
1984,1984-10-30,Douchka,"Mickey, Donald et Moi...",86c05d20-d990-423a-b1d8-0388e1f91a35
1984,1984,Doug E. Fresh,Just Having Fun,c0157c13-2f06-47ba-b6a7-183854a66d83
1984,1984,Doug E. Fresh,The Original Human Beat Box,df76c8fa-9c83-4bc4-abf6-c3eb1c81a134
1984,1984,Dr. Calculus,Programme 7,382e6639-6db4-4506-99fb-878daa471c52
1984,1984,Dr. Jeckyll & Mr. Hyde,Fast Life / A.M. P.M.,de364830-b14f-3468-9e5b-24deada566cd
1984,1984,Dr. John,Jet-Set,5e2e44d5-9973-3ed8-a033-cfb21ca2b8d1
1984,1984,Dr. Otto and His Patients,The Beef,8a9a479e-7fe2-4e6c-aa32-e1d51222c468
1984,1984,Drafi Deutscher,"Marmor, Stein und Eisen bricht",1f21c7ee-9deb-44c0-aa86-263ae2a660b6
1984,1984,Dragon,Rain,90377c9d-2b9d-4713-b0eb-ce38553d7fa2
1984,1984,Dropbears,Proud / West That I Want,3f4cce72-e8bf-367b-a04d-912c22c4ef0f
1984,1984,Du-Du-A,Romance / Irie,8bcccdd1-b5ea-41ec-8097-37f86590669e
1984,1984-03,Dub7,Gavel Groove,857f1f58-874d-4f73-af05-69daaf37c923
1984,1984,Dubbel Dutch,Darling je Taime,333196e7-187a-4c50-a54d-95845c1c5875
1984,1984,Duke Lake,"Satisfaction, Love & Passion",8cb19f9b-0e49-42aa-895c-690a0fa07adc
1984,1984,Duo Brasjen,Mendocino / Ik ben Jenny uit Nieuwleusen,cc7edfa1-a931-4c9e-9067-e96a6e53b451
1984,1984,"Duo Hartendam, The New Fratelli's, Jeanke Meyntz","Doe höbs ein pan oet / Sjeng, doe höbs sjoon sjènk...",04661134-64e5-463a-843a-6039ace0ae04
1984,1984,Duo Onbekend,Achter dat boerderijtje / Niemand kan ons toch scheiden,ef388a63-a7f3-4a35-8184-96c40bf4c313
1984,1984,Duo Onbekend,Ons pastoorke / Het hutje aan de zee,a5c681eb-b90e-4ff3-90fa-29aee94ac3c4
1984,1984-01-14,Duran Duran,New Moon on Monday,eb1dcc3c-2560-4f11-9a97-1aa5b0cbf365
1984,1984-04-28,Duran Duran,The Reflex,32528e45-6f98-36b2-b476-e52fe36f0878
1984,1984-10,Duran Duran,The Wild Boys,29cdf0b5-d77e-3a2f-9e5d-70fac4c80b46
1984,1984,Dutch Boys,Kouvanjou,a2593487-e2a8-4c5a-986c-17582e5cf145
1984,1984-01,DÖF,Love Me,44d25341-dc17-48bb-8aca-ac89f16df483
1984,1984,DÖF,Uh-Uh-Uh Mir bleibt die Luft weg,6f3948ef-ef78-3b0f-a042-cd03d6ef4dc4
1984,1984,Earl Flint,People Hold On,80070f22-dbe6-4f0d-a765-375886136a9a
1984,1984,Eartha Kitt,I Love Men,07cccd1d-0e00-45ce-b27c-aab2b9b19bc5
1984,1984,East Bay Ray,Trouble in Town / Poison Heart,2644c654-bb05-4e15-8cfa-4dd3cf08ce47
1984,1984,East Of Java,Burning Sun,9b30724e-e9b7-4cb5-98ce-4bc286a8c2d6
1984,1984,Ebn-Ozn,Stop Stop Give It Up,0e990f82-4189-4731-bd76-c2e0a86c3934
1984,1984-07-06,Echo & the Bunnymen,Seven Seas,5ebd0b8f-c4f5-3a65-8dbc-188cd62e8081
1984,1984-04-13,Echo & the Bunnymen,Silver,ddf2bd00-f439-4ec6-b22d-bafa5f34cd80
1984,1984,Echo Minott / Cocoa Tea,Sweet Dreams (Are Made of This) / Bam-Bam,045896bd-45ad-48be-9f81-0eb8edd865b5
1984,1984,"Ed ""Moose"" Savage",Crawfish With a Vengeance / The Roach Under the Pillow,dbbdbd68-007c-49b2-98f2-ea92c45ff718
1984,1984,Eddie “Lockjaw” Davis / Jack McDuff,In the Kitchen (Part One) / Rock Candy,6957febe-8879-4b98-bae5-d46f4d4bd8a6
1984,1984,Eddy Grant,Romancing the Stone,67d6ec33-de19-46fa-957e-6e25a671db2a
1984,1984,Eddy Hense,Nooit vergeet ik meer die nacht / Alleen jouw liefde (Santa Maria),760f2582-b83c-4b12-a00b-eb824e9a00a1
1984,1984,Eddy Mitchell,Comme quand j'étais môme,00ce0511-1592-4461-b9a0-aaf4aac3d1dd
1984,1984,Eddy Mitchell,Palais des Sports 1984,d203bba1-60bc-44af-9491-6cbef57ec6fa
1984,1984,Edwina,Dark Glasses,39eea6ff-3105-4c1b-9554-42094e850d36
1984,1984,Effe Plat,Gein gezeik,7f0bf7be-9bff-4b17-bbf0-e2746b2d6fc1
1984,1984,El Combo Candela,La guagua / Magdalena,2fde6986-4437-4850-b0b7-c3440572a2a9
1984,1984,El Último Sueño,El silencio de los cisnes,bf0f5c9c-564d-40ad-90be-a306ecfc1eb5
1984,1984,Ela,Pershing Queen,5ed2a8bf-cd36-41d9-8682-37504ee5e0eb
1984,1984,electra,Vier Milliarden in einem Boot,6ad042b2-651a-41e1-9d23-296ec72d3e30
1984,1984,Electric Ananas,Le Pas Tropical,49216d36-ec52-48ba-841c-1e0e0224d34b
1984,1984,Electric Banana Band,Pelikanen / Den närsynte igelkotten Torsten,aba98b07-7a4d-4f48-ac0b-70bbf964cf79
1984,1984,Electric Boogies,Break Mandrake,2eaae7b8-a329-4931-a7df-d033649c891e
1984,1984,Electric Theatre,The Clown,30ef1504-3cf0-4d73-ae0b-fc3439ffc176
1984,1984,Ella Mental,Pressure (I'm Getting Stronger),d42c3273-0901-4069-96a6-2001a1329bf3
1984,1984,Ella Mental,See Yourself (Clowns),6379ccd9-1ada-4d5f-a81d-4182d006029e
1984,1984,Ella Mental,Wet Washing,a16a009d-f030-4fad-88e5-a2d18b9d4f73
1984,1984,Ellen en The Moodmakers,Playa Blanca / Latin American Party,315dfc64-cdff-497e-984f-c2d172b14346
1984,1984,Elli & Jacno,Chica Chica Bongo,b0aaa76f-84c5-4b4b-aab4-6ac482137b82
1984,1984,Elli & Jacno,Les Nuits de la pleine lune,ff7c1e0f-53dc-4549-abfd-14d679584ec6
1984,1984,Elliott,Again I Lift You to My Heart Again / Devil and the Deep Blue Sea,814489af-1bfb-4b7c-9276-ef308eeadf33
1984,1984,Ellis,James,b8c36e9c-e99b-40ea-ba94-31c3d7748c19
1984,1984,Eloy,The Stranger (Sorry),19ef0644-1e6b-4473-99fa-d3e5560b5cc9
1984,1984,Elton John,Passengers,3255d9c7-07e0-40c8-b79a-daa45741d86c
1984,1984-05-01,Elton John,Sad Songs (Say So Much),b771ac55-e259-43d7-bf30-ec87ddf87fc1
1984,1984-09-01,Elton John,Who Wears These Shoes,fbefb9e1-6ba9-4e0a-b67b-df493808a142
1984,1984-06,Elvis Costello & The Attractions,I Wanna Be Loved,ab09bf6e-cb66-4180-ac97-2f9679919681
1984,1984-08,Elvis Costello & The Attractions,The Only Flame in Town,54ba7bce-1656-4c69-973f-37433a06f2bc
1984,1984,Elvis Presley,"Baby, Let's Play House / Hound Dog",8f934825-117a-4d56-9516-dbf4881c6f45
1984,1984,Elvis Presley,Blue Suede Shoes,809b53f3-83ee-4567-9d6f-b459359d145a
1984,1984,Elvis Presley,"I Want You, I Need You, I Love You / Love Me",fbd7ca99-0c0f-4740-acba-462c1cbf91f0
1984,1984,Elvis Presley,In the Ghetto / If I Can Dream,659992db-53a4-4211-90d0-77d95abc3c0a
1984,1984,Elvis Presley,The Last Farewell,50b03338-72a2-4a13-87f1-cca70c4ae776
1984,1984,Elysium,Summer House,101f5fe3-5a3b-4ab8-9766-2ab3a53e7189
1984,1984,End,En förlorad vän,da3cb0e8-23d3-4012-a649-2354a558f846
1984,1984,Endgames,Desire,017812b8-6ec2-4af9-ae3e-b407a618fbc7
1984,1984,Ennio Morricone,Il était une fois en Amérique (Extraits de la bande originale du film) - Cockeye's Song,a623ed12-5209-471a-8fa5-c189bdc03dd7
1984,1984,Enno,In der letzten Stunde des Tages / Karawane,8d52e26e-1146-448f-9c44-fec63a3119bb
1984,1984,Enrico Ruggeri,Nuovo swing,5531b12e-5471-459b-8e8a-3538821c3b9a
1984,1984,Enzo Enzo,Blanche Neige,b1248283-88dd-48f4-8640-8460d393b7c3
1984,1984,Erazerhead,It's Summertime Now!,b3160b98-3d43-4677-b8de-23701380da6f
1984,1984,Eric,Who's Your Boyfriend,3ff986ec-c1af-40fe-bb13-e4da2d68bc9e
1984,1984,Eric Carmen,I Wanna Hear It From Your Lips,2502a77f-beaa-44c0-8f86-f6a5571a7a5f
1984,1984,Eric Carmen,I Wanna Hear It From Your Lips / Spotlight,b9ac5990-d366-4200-a641-0969f62eabe6
1984,1984,Eric Donaldson / Roy Rayon,Proud to Be Jamaican / Meck We Do It Again,4b96c622-6768-4976-80b8-d3de2032f591
1984,1984-08,Eric Random And The Bedlamites,Mad As Mankind,e1d96b42-b9bb-41f3-929a-edc78f1a5219
1984,1984,Erik Marijsse,"Ik bel jou, m’n schat, ik mis je (I Just Called to Say I Love You)",44554caf-9dbd-4227-92a2-6510125703b2
1984,1984,Erik Marijsse,Itsy Bitsy Teenie Weenie Yellow Polka Monokini,1b3c67d9-a05e-44a2-8f03-8bdcc7351d09
1984,1984,"Ernie Isley, Chris Jasper, Marvin Isley",Look The Other Way,ba39d680-3d95-4e4c-8c64-abe31480e2d2
1984,1984,Eros Ramazzotti,Terra promessa,7d11738b-7f16-3aee-83bb-46ee80947559
1984,1984,Erste Allgemeine Verunsicherung,Die Braut und der Matrose,6fd001dd-14a6-4360-ba13-7f4ac7008ca6
1984,1984,Erste Allgemeine Verunsicherung,Go Karli Go,3a2d531f-3311-48b1-9a85-ad979dde96be
1984,1984,Erste Allgemeine Verunsicherung,Liebelei,a25e1788-5c68-474b-a61c-9bff4d0b5308
1984,1984,Erste Allgemeine Verunsicherung,Schweine-Funk,254db8f8-7556-4e99-b55f-e48e2bd68145
1984,1984,Eryr Wen,Hwre,9a33075d-4bbf-4074-b15c-170b29e7a76f
1984,1984,Escape,Devil’s Girl / Nightfighters,e79ad681-e6f5-4cf5-9f11-992c80a48d71
1984,1984,Escape From New York,Fire in My Heart,edaada95-39f1-488a-b604-ece30635fc38
1984,1984,Eternal Triangle,Nothing but a Friend,1e885f08-a213-4706-8b96-3441ee99b185
1984,1984,Eternal Triangle,Only in the Night,0bfa3ecc-c446-4a7a-bb1d-eb71e1890dc4
1984,1984,Eugene Wilde,Gotta Get You Home Tonight,c62f44f1-85a6-4104-bfee-bbc3e3619d24
1984,1984,Europe,Lyin’ Eyes,ec3745cf-7f39-4fb4-b9b7-b3378dc57ac4
1984,1984,European Toys,Korea,9ceffa63-bfcc-41fb-a245-ef09668da736
1984,1984,Europeans,Listen,0bb63c7c-a298-31c8-a29f-38ad66ef2ef0
1984,1984,Eurythmics,Sexcrime (Nineteen Eighty‐Four),8f04a081-0de6-3843-9a19-9f7f3766b323
1984,1984,Eve-Lynn Sunday,Dreams,5df54c79-7f26-4503-af24-064cf51aad14
1984,1984,"Evelyn ""Champagne"" King",Out of Control,09be4b84-54e5-4c1b-acee-0846258d2a76
1984,1984-05,Evelyn Thomas,High Energy,fd1cba77-3211-4e70-9525-7562933903ad
1984,1984,Evelyn “Champagne” King,Just For the Night,984fa671-686f-4584-8a8f-67667fb16259
1984,1984,Everything but the Girl,Each & Every One,ea01f948-4ac1-4951-b3f4-1aff4921c9a7
1984,1984,Everything but the Girl,Mine,8ec74d5b-e2cf-40d1-a3d6-8ade27153152
1984,1984,Everything but the Girl,Native Land,0e6309d0-62aa-3ab7-a496-36dd6c3d1b35
1984,1984,Ex Pistols,Land of Hope and Glory,7f21592e-0cdd-3126-9d7c-e713f688a621
1984,1984,Executive Slacks,Our Lady,32e006f6-9e24-4a61-9c63-7d37d4d4b8f6
1984,1984,Exit-Stance,Crime Against Humanity,cc1422a5-faf8-3903-9226-996a2a5f8aaf
1984,1984,Exit-Stance,Esthetics,e343516c-648e-47dc-8095-8d4fc112d5be
1984,1984,Expendables,The Flower,7a60f6a9-323a-4e38-bdb8-cc8c5219e306
1984,1984,Exude,Boys Just Want to Have Sex,007b5c09-b361-490f-b1f6-0e6802b56d67
1984,1984,Fabio Vanni,Lei balla sola,ef45db56-9aca-4bc1-a222-4626fa834554
1984,1984,Fabrizio De André,Crêuza de mä,d2da25e3-ce3d-4127-b8f3-eb3792afb82b
1984,1984,Face to Face,10-9-8,7b143ae6-e8cd-490f-9f07-f4a9107f20d3
1984,1984,Face to Face,Under The Gun,9cfef757-9c66-40ab-8782-01d0cfc502cb
1984,1984-01,Fad Gadget,Collapsing New People,099823aa-4c09-3578-8e2d-95ecc59bb403
1984,1984-04-01,Fad Gadget,One Man’s Meat,068d7d2a-41c4-4848-82e7-0eb7b5823171
1984,1984,Fahrenheit,Vi har sprängt,77481c21-79e6-4c39-81dd-f73f2a18c54c
1984,1984,Fake,Frogs In Spain,90a1a3c5-5733-4249-bb38-2fd3914acd2b
1984,1984,Fake,Right,dd34d47e-71f2-4ab1-8600-b8bff28f1ac0
1984,1984,Falco,Junge Roemer,b24f518d-fc46-41c0-9b8b-881e38e20edc
1984,1984,Fallen Angels,Amphetamine Blue,6e50a159-0a74-4c50-b992-1970da9759ff
1984,1984,Fallen Angels,Inner Planet Love,5864b211-d9b9-4b45-977a-b81603e8c4c0
1984,1984,Family,Vasteloavendj det zeen daag vol plezeer / Veer zeen jonge van Tru en Sjang,1c6b2de1-8ea7-4bcf-9854-a8552e4144c2
1984,1984-04,Family 5,Tagein - Tagaus,558824e5-5348-405d-8e0d-808a78e8f1a6
1984,1984,Fancy,Chinese Eyes,65f64f3b-3b18-4957-91a8-4d07fc9263f8
1984,1984,Fancy,Fancy,f1b76a8a-846a-47cc-acbd-94b46dfa7164
1984,1984,Fancy,Get Lost Tonight,948e5893-21a8-4a43-90cc-9bbc689d0a4d
1984,1984,Fancy,Slice Me Nice,69e4116c-501a-4ff5-9e40-0ecb286386aa
1984,1984,Fantasie,Een lied voor iedereen,d41f0777-2938-48e7-a6f7-17eaaad94187
1984,1984,Fantasie,Zeg niet nee,c1feda05-5521-4bf4-b052-8468db56d392
1984,1984-12-21,Fastbacks,Every Day Is Saturday,9cde378c-2ac7-4168-93de-24f4da4544c9
1984,1984,Fausto,Guerra Do Mirandum,94c128f2-f4ae-4a6c-9b78-a28adfe742c2
1984,1984,Feargal Sharkey,Listen to Your Father,ce5bf473-b60c-4f34-8c04-3b5fca1d00c7
1984,1984,Feelabeelia,Feel It,abbd19de-50f6-48c7-b9fe-4e400a6fb6dc
1984,1984,Feelabeelia,Reach Out,8a8e3a77-b01f-4600-8446-f70c49ec1825
1984,1984,Feelabeelia,Sugar Don't Bite / Feel It,05865bb9-2bca-470f-85e4-14091442f446
1984,1984,Felix de Luxe,Eddie ist wieder da,31284ec4-c3b3-4559-a1fe-6987e4fa117b
1984,1984,Felli,Greatest Mind,06f9360c-bf5c-4db6-9322-7ffd6ee4005a
1984,1984-03,Felt,Mexican Bandits,7a25c792-7b43-3408-9faa-118bd1a50dcf
1984,1984-07,Felt,Sunlight Bathed the Golden Glow,bee838c9-6e5d-4d5f-9209-88bfbd0c81fd
1984,1984,Fezzz!,Willst du eine Banane?,b83d0418-f35d-4c1b-a6df-158ec9b89514
1984,1984,Fiat Lux,Blue Emotion,16e18de8-afdf-4495-b841-1884d37122f1
1984,1984,Fiat Lux,House of Thorns,d531ca46-aede-3f8a-85d3-7f3838407647
1984,1984,Fiat Lux,Solitary Lovers / Three's Company,37231a01-57e8-4899-bc7a-ba2bbf149c97
1984,1984,Fiction Factory,All or Nothing,3543139c-4bd7-4978-92f7-6e71b576ccd3
1984,1984,Fifth Column,"Boy, Girl",6acec868-e50d-45f6-930b-1109c349e46a
1984,1984,File 13,Taste So Good,dde258b7-7e8e-4538-b228-c77662be05e0
1984,1984,Finesse,Dance People / Love Song,e5645b71-2833-4081-bce3-fc6f9c57234e
1984,1984,Finesse / Sugahh,The Wizard / 1982 Budweiser “Showdown” Winner,d49d5234-38e2-469e-a1f6-5b58d02180e9
1984,1984,Fire Inc.,Tonight Is What It Means to Be Young,f2d9b0fd-70a0-4694-b40f-0815422b435a
1984,1984,Fire Water,Twilight / To the point,ac9c5b03-a2ee-4ca9-9fb9-9a1be57f136f
1984,1984,Five Star,Crazy,ac420c25-ab79-4263-9b7c-1a5f5e35b36d
1984,1984,Five Star,Hide and Seek,c79438fb-2f2e-4c4c-85a5-18d471cefe41
1984,1984,Flaco Jiménez,La movidita / Traigo un recuerdo,a6bf316e-8b33-4265-8ecd-ab32c73958d5
1984,1984,Flamingos,Shining,f6a563d4-1ff3-44c9-b96a-a3958775c249
1984,1984,Flatsch!,Ich wär so gern mal Michael Jackson / Sei mal'n bissi lieb,a4dcb482-c55e-4c00-8725-f46ddf3ab1e9
1984,1984-07,Fleetwood Mac,Albatross / Man of the World,fcd147ca-5a86-45fe-a993-ab3f3addacce
1984,1984,Flesh for Lulu,Restless,9ebb7ec5-e79f-4949-8b8e-afc62767f2f5
1984,1984-05,Flesh for Lulu,Subterraneans,5ab26ef6-d5ba-4aaa-be89-09920d8df0f4
1984,1984,Flexi Cowboys,Sexy Movie,e2c66024-bd9a-41df-90e2-307a95a1973a
1984,1984,Floy Joy,Burn Down a Rhythm,faab4eec-acb3-4183-9308-4da74d557fc1
1984,1984,Floy Joy,Until You Come Back to Me,9ff0f055-b421-4487-af74-9e00a523df2b
1984,1984,Fockewulf 190,Gitano,7bf049db-2799-4ba9-a942-7de6cf9874d8
1984,1984-10,Foetus Art Terrorism,Calamity Crush,ed5eaa61-8bb0-3de5-b896-9b3b45b1ae1e
1984,1984,Foetus Über Frisco,Finely Honed Machine,e94ed31c-dbff-3a47-a727-da4117277bdd
1984,1984-11-13,Foreigner,I Want to Know What Love Is,41b530de-5654-486b-bdc6-f9f2177f2f46
1984,1984,Foreigner,Reaction to Action,f4b056b5-4788-4ec8-a323-1e4f7a1b6c20
1984,1984,Foreigner,That Was Yesterday,ab61f590-f818-4c74-95e9-512817f13538
1984,1984,Forrest,She's So Divine,fe752f33-bfdf-424f-91b3-e0395275decc
1984,1984,Four Jets,Jeg liker det,73fd127d-5123-4c60-92a6-d3c431d24199
1984,1984,Fragglene,Kom og syng en sang,8ca65068-bd24-4213-8e35-cefef8f63dd2
1984,1984,France Gall,Débranche !,ace79631-dda5-4a03-9d5f-b81b4dec53ee
1984,1984,Francie Davies,Don't Run Away,7e828321-09e4-4a05-a07b-cd7d7fb8301e
1984,1984,Francis Perrin,Happy Anniversary,0d9b9e83-4011-4f75-8cd6-bd0512550364
1984,1984,Franck Fernandel,"César, Fanny, Vincent et Fernand",c2de5f8d-e9dc-4deb-b3b0-39809a1241f9
1984,1984,Franck Olivier,Albator 84,1d4867b0-e6aa-4c97-b223-a7d36a68f10e
1984,1984,Frank & Mirella,"Stille liefde, stil verdriet",e27ae370-72c4-41ed-bd7c-bee337332e1b
1984,1984,Frank & Mirella,Wat ik zou willen,1e00a840-5acd-4f27-87a1-37d324da1c97
1984,1984-03,Frank Boeijen Groep,1.000.000 sterren / Het antwoord,d3e90579-40b2-4872-8a60-4c6eecf439ff
1984,1984-12,Frank Boeijen Groep,Crime passionel / De kooi,7d2eb44f-d646-4b60-a1a9-b8e9ce14a6ee
1984,1984-06,Frank Boeijen Groep,Kontakt / Macho,dfe21155-e7d0-4ad0-b661-845a3a39cf92
1984,1984-01,Frank Boeijen Groep,Zwart wit / Kamer voor twee,2ace038a-02ab-4419-858b-c09b4fc1379f
1984,1984,Frank Dana,I Remember,4a348782-ac7b-4a9f-b026-f31eb3517f3f
1984,1984,Frank Duval,Living Like a Cry,1a7fb921-e2dc-44bd-92e1-c646073a319a
1984,1984-10,Frank Duval featuring Peter Bischof,What a Day,ebd457d4-7e33-4d6c-a73c-d7dcd1b33fe6
1984,1984,Frank en Mirella m.m.v. De Grebbemuzikanten,Brandweer Rhenen 60 jaar!,a15bd4a5-788a-4a04-be3e-a6b6ffc4a2a8
1984,1984,Frank Evans,Hallo Aline / Hello Darling,0533b276-ec1f-42b7-b484-456177e41f6d
1984,1984,Frank Schöbel,Wenn ein Stern verlischt / Heb die Scherben mit mir auf,2b18a45d-4174-4f36-b53c-ab607526df81
1984,1984,Frank Zander,Barbara und Hans-Peter,0c04dede-3635-435c-8383-e6713f04f58a
1984,1984-02,Frank Zander als Fred Sonnenschein,Bum Da Da Bum Da Da,c79cdce8-9824-479d-89f5-2f3009ab01c0
1984,1984,Frank Zappa,True Glove,4f8a3c5f-d638-46e6-ac52-28d074781ad5
1984,1984,Frankenstein,Back from the Grave Tour 84!,daf30c45-be57-45be-b968-5e369b75a64a
1984,1984-11-19,Frankie Goes to Hollywood,The Power of Love,8e32398f-3dfc-383b-86dc-203eb5964b84
1984,1984-06-04,Frankie Goes to Hollywood,Two Tribes,aca23b12-799c-31d6-a7e4-f01d26dc8cdc
1984,1984,Frankie Laine,Take Me Back to LA / We'll Be Together Again,fdef51b6-d0a3-45e8-9860-a67604d53789
1984,1984,Frankie Paul,Pass the Tu-Sheng Peng / War Is in the Dance,2cc468f9-5d47-49e0-ae20-e589fa87a835
1984,1984,Franklin & Kristel,Als de regen op je valt (When the Rain Begins to Fall),d7bf84f9-fc03-4f38-a18c-0f624634d2a7
1984,1984,Franky Paul,On the Bench,d6ba4a46-d9d4-4fc7-b875-7a6f1291b36d
1984,1984,Frans en Marsha,"Wonderful, merveilleux, wunderbar",4535d2ca-ffa8-4281-bc57-c4604aefb7af
1984,1984,Franz K.,Rock'n'Roll im Bundestag,9cc8e3b9-587c-497e-8fb5-f15fefcf6a6f
1984,1984-05,François Béranger,Tout le monde s’aime,ec7df7f9-0198-4550-85b3-b29bb2c14585
1984,1984,François Corbier,Nous les 1000 pattes,7c878665-3a56-44d9-ae4c-2f6bb8f57685
1984,1984,François Pirette,Sans Rancune,c48ed13f-7940-4c4a-9d71-812de1203283
1984,1984,Fred Schneider & The Shake Society,Monster,88595a36-ecf3-4e77-b831-d7901fe1fb5d
1984,1984,Freda',Livsviktigt,de651027-33a2-4283-8b83-f70e3f74da09
1984,1984-09-10,Freddie Mercury,Love Kills,df82fde8-f26d-34a6-9258-29ab777c2c8d
1984,1984,Freddie Mercury / Bonnie Tyler,Amor que mata / Aqui viene ella,7f265ca5-d96a-431b-8ae5-0a2c302aa9c3
1984,1984,Freddie “Fingers” Lee,Tom Dooley,200d22b9-2041-478d-82c7-5553a8e8e673
1984,1984,Freddy Casby,Waltzing in the Country,daf6a304-224d-4a32-8cff-9ef80328eb8f
1984,1984,Freddy Quinn,Blumen des Lebens / Venedig bei Nacht,c4250bcc-cf94-49ac-a13c-0f020ed299d9
1984,1984,Freddy Quinn,Große Freiheit Nr. 7 / Einsamkeit,0dbe1d34-d10a-4da4-b9b8-9b67bb8d4148
1984,1984,Freddy Quinn,Manchmal bei Nacht / Worauf wartest du,d761d65a-8ccc-49e7-8e80-3acee0d0abe1
1984,1984,Frederick “M.C. Count” Linton,I'm Somebody Else's Guy,6833f7b2-6599-383e-b75b-3a97bb75df40
1984,1984,Fredi Fender & Eva Caroselli,Prima la Musica,90ab224c-5656-459b-865d-ad888e7f7fa0
1984,1984,Freeze Frame,Foxhole,d48f7109-7f08-42c8-90ef-011b0ec74342
1984,1984,Fresh Air,Een kleine...,9dec66c4-5e77-4c2b-919e-b7814d346259
1984,1984-03-30,Fresh Band,Come Back Lover,5df80de3-1767-46bf-a1ff-bb684248070f
1984,1984,Fresh Face,Huevo Dancing,87611925-8b78-4e1a-b406-c5f07bf9d6b4
1984,1984,Freur,The Devil and Darkness,9d42be46-50c0-4fe3-9074-ca5ccb2a1a0c
1984,1984,Frida,Come To Me (I Am Woman),bf3d8970-cddf-43f4-8991-2ccde30f8781
1984,1984,Frida,Heart Of The Country,b4b09f7e-e187-4e3b-8a52-6b95a57aa84d
1984,1984,Frida,Shine,ca02adb7-9909-4724-9a6e-033a7d23dd70
1984,1984,Frida,Twist In The Dark,e22b61d0-29e8-48b2-ac1c-928bfac53e81
1984,1984-10,Friends Again,South of Love,a7297641-517b-460b-b5c3-0966a5e81d2e
1984,1984,Fritz Brause,That's Terrific / Half Past Midnight,71904767-66b8-405b-b328-aa2e85d0b20a
1984,1984,Front 242,Live in Chicago,da233da6-1040-4235-86d2-614c0f3742e5
1984,1984,Frédéric François,Mon cœur te dit je t'aime,142045dd-c726-4703-8476-62135a7d2ec7
1984,1984,Frédéric François,On s'embrasse on oublie tout / Petite femme,2d1e9971-b1cc-4a76-a9cb-7f17bb07ef01
1984,1984,Fun Fun,Color My Love,c98fdd91-bd60-4625-b71a-78180fda7da8
1984,1984,Funk Deluxe,This Time,9eb03c7d-fd46-4df2-a392-9b6e364d69f4
1984,1984,G Spot,Idle Worship,8a04b14d-be24-486a-bab7-5f5d413041f2
1984,1984-07,G. G. Anderson,Am weißen Strand von San Angelo,286b4cea-ed92-457c-9cf2-d2479cd1a2b3
1984,1984-03,G. G. Anderson,Hungriges Herz,f9d44256-d3fb-4fe4-8d74-58a7c306e496
1984,1984,G. G. Anderson,Rain,9517256c-4e2d-450e-ad90-70fe85923625
1984,1984,G.E.S.,Liebe ist nicht Liebelei,4167f4ff-de13-4ab6-894e-c78fa2115c9b
1984,1984,G.I. Orange,Fight Away the Lover,38b2568c-ac1a-4cae-a2d0-cefe9e8ff9f9
1984,1984,G.J. Lunghi,Acapulco Nights,035a8235-d5fb-497d-a597-bacd881e5a34
1984,1984-01-01,Galaxy Band,Gosh,1dc6dc09-5610-4513-bd41-54b9ea4205d6
1984,1984,Gang Bang,Trans,3590ea37-33fa-4a12-8246-d854ce76dd76
1984,1984-03,Gang Green,Sold Out,5a3e3ba6-0e1e-3f98-9ace-978ae230398a
1984,1984,Gang of Four,"Is It Love (live, 1984-05: The Palace, Hollywood, Los Angeles, CA, USA)",7f511737-8b4c-4645-a3cb-e11979720839
1984,1984,Garden of Delight,22 Faces,b10c1822-bdba-424d-b586-f53d8997d335
1984,1984,Garden of Delight,Blessed Minutes,dc710eb8-2632-4c2e-8ccd-4fdc3df3b4f2
1984,1984-12-01,Gary Glitter,Another Rock and Roll Christmas,c64f56e4-ec94-493f-86bd-a3677b837fdb
1984,1984,Gary Glitter,Dance Me Up,8312d25a-347d-44c5-87e2-9508837a4c4b
1984,1984,Gary Low,Where I Am / Play The Game,fd9fca63-845f-4956-9c12-bc22b523be51
1984,1984,Gary Lux,Bald,1be0c376-ea25-46d5-bb16-f6e821fac088
1984,1984,Gary Lux,Unsichtbare Augen,eb231615-d470-4699-8b6a-edd9729d04e7
1984,1984,Gary Lux,Weekend,cd319b72-fd33-4c40-a839-d3c3a2cd678a
1984,1984,Gary Moore,Empty Rooms,ea3ee3cd-8ea7-4484-b6a8-bf5e442627f9
1984,1984,Gary Moore,Shapes of Things,7b2bcf23-1a4f-4a70-8210-a5e12caf458b
1984,1984-10-26,Gary Numan,Berserker,ca55a5da-ac86-45f3-b89b-6922850c8848
1984,1984-12-21,Gary Numan,My Dying Machine,13b62bdf-0edc-470c-8e70-390a4e6baa3c
1984,1984,Gary Stewart,Red Georgia Clay / Leaona,4fdb6a3d-2b2e-41c4-95cf-b77024e27a7d
1984,1984,Gary Taylor,Just Gets Better With Time,2da737a6-bb31-4193-8f33-35b12e041d51
1984,1984-05,Gary’s Gang,Runaway,6d7f6205-3a4c-41f0-8232-56cde024eeb9
1984,1984,Gaston Bros,Kontakt,323024f3-2dca-4696-8059-76dd32a0261d
1984,1984,Gatsby,Love Sign,8bac56b7-827d-4a09-99ef-3a1351a0a0c1
1984,1984,Gazebo,Telephone Mama,4f096174-1525-40ca-a66f-e5689f9eda62
1984,1984,Gaznevada,Ticket to Los Angeles,e98644f1-5662-40a6-a430-12335311561c
1984,1984,Gee Rampley,Radio Style,589a0ed7-4913-442c-9065-04c077afabb7
1984,1984,Geertje Spijkerman,Rock en roll is mijn idool,f406a3ae-5765-4b5f-8f15-f298bd8d8b0f
1984,1984,Geier Sturzflug,Alle Amis singen Olala,fe721a25-ca65-49cd-9721-6cdb3f465096
1984,1984,Geier Sturzflug,Einsamkeit,74ad8664-90f6-44d6-bc2c-a0a5eac44f72
1984,1984-02-06,Geier Sturzflug,Pure Lust am Leben,ae53571d-728c-4a28-a21f-c52121e0a7ef
1984,1984,Gemma van Eck,Why Don't You Do What's Right,8a13c3d7-ab34-445d-a250-1265c661dc9f
1984,1984,Gene Loves Jezebel,Influenza (Relapse),4162defd-2a9f-3994-9d8c-03cab259b35f
1984,1984-05-24,Gene Loves Jezebel,Shame,f5276702-8939-396f-af87-bd216f548c53
1984,1984,Gene October,Don't Quit / Burning Sounds,fe831900-b103-4005-af21-4345670108cf
1984,1984,Gene Ramone,Romantic Face,947ae243-fec8-45f2-9583-bed58d773510
1984,1984,General Public,Tenderness,a4e02ad9-2871-4e5e-ae81-b8598db37e48
1984,1984,Georg Danzer,Weiße Pferde,3c9a16f8-30cf-408e-8884-0468ced4dc3d
1984,1984,George Aaron,She's a Devil,a8a932e3-4af3-4bb1-8606-d8a7102b09ea
1984,1984,George Benson,20/20,30caef3a-b856-4a82-863b-99c679f64ddb
1984,1984,George Dare,Runnin' Rebel Fever,b8ff9c2a-1f30-4051-bdfc-0f363a2ca82a
1984,1984,George Jones,The Best of George Jones,3429c0a7-a01f-4ce0-b5bb-596da9ea531b
1984,1984-07-24,George Michael,Careless Whisper,91d9ccb1-0c30-3413-8b66-9c2e9a2d86a8
1984,1984,George Rivas and The Rivas Band,Tú no sabes que te quiero / No me hagas sufrir,a6b8bd5a-5c28-4d51-9717-7ff9f5433b9f
1984,1984,George Smilovici,I'm Tuff,99a3224b-b89c-466b-903b-5fbc490ec2e7
1984,1984,George Strait,The Cowboy Rides Away,ea09eb8d-2136-4749-92b1-9a6347e822c0
1984,1984,George Strait,The Fireman / What Did You Expect Me to Do,49dfa251-7cbc-4dc3-a65b-902ba83a7f2b
1984,1984-07,Georgie Fame / Fame & Price,The Balled of Bonnie & Clyde / Rosetta,14fb8668-244e-4394-8698-c43c09ec6094
1984,1984,Gerard Kenny,The Other Woman The Other Man,41fb786f-e110-4f0b-bf56-8f4a7139b1d9
1984,1984,Gerard Schoonebeek,Altijd in mijn hart,502c4edb-079e-4d36-bb74-3b47447f6535
1984,1984,Gerd Christian,Steh mir bei,dabb6183-c8e7-46ac-84c7-3eabefec074b
1984,1984,Gert Hollander,Waar kan ik je vinden,f4189085-4efc-458b-b924-4af2eb6b1a35
1984,1984,Gert Hollander,Woeste orkanen,b97f0596-51dd-4e9c-81c7-a20093bb95b3
1984,1984,Getting the Fear,Last Salute,c778a838-c22a-4070-aa20-0b05c29e175f
1984,1984,Ghecko,Firelight,0a89625d-ceaf-46fd-833d-8c7f6b91d0ee
1984,1984,Giampiero & Giancarlo Bigazzi Present Mon Bijou,Just a Lover,a3592943-a79f-489b-a85b-f80d2cdcd21d
1984,1984,Gianni Togni,Giulia / Ti voglio dire,08e6b05e-fffb-457b-92ae-30f34a1133ca
1984,1984,Gigi Flag,Nymphomaniac,fc05badf-671a-41d4-82aa-874056d5cc6a
1984,1984,Gil Scott‐Heron,Re-Ron,ee64d02c-31f6-4f6f-9c9b-ad68aedba6d3
1984,1984,Gilbert Bécaud,"On attend, on attend",b4313731-d07e-4a7c-8d19-509ee8216e17
1984,1984,Gilbert Montagné,Les sunlights des tropiques,8f9244ed-74a8-4b23-a4c7-8b1481b4495c
1984,1984,Gill Kane,Where is the Love,b064ba3b-c18f-4da0-800b-e9e11e3fe16c
1984,1984,Gilles Langoureau,Aujourd’hui (je ne vais pas travailler),55d0eeb8-38b7-4dd5-8316-d043cf817d6a
1984,1984-02-16,Gim-Mix ft. Danielle Deneuve,Le Parisien,27cf1647-cd19-46a2-bcb6-28f777cce32b
1984,1984,Ginger Morris,Wish I Could Say,61f80f06-a9a6-4826-9eca-cc154997447e
1984,1984,Gino Vannelli,Black Cars (dance mix),097efd89-e47b-44fd-8b33-c6d5f35002e4
1984,1984,Giorgio Moroder,The Duel,8de03208-172d-489c-85f8-72c802da038d
1984,1984,Giorgio Moroder & Paul Engemann,American Dream,d213fc7e-a165-499f-8b95-cf7a89da609c
1984,1984,Giorgio Moroder feat. Paul Engemann,Reach Out,249d362b-987d-4b61-a539-e0e051c18b5f
1984,1984-11,Giorgio Moroder with Helen Terry,Now You're Mine,3ef8ca40-b143-4430-8d73-5bdde0a0fd59
1984,1984-09-10,Giorgio Moroder with Philip Oakey,Together in Electric Dreams,32df8ee7-251a-3448-9eca-43858e618ca4
1984,1984,Girly,Trouble,3a5d0b29-a4cf-44d6-b20d-6a92dec53f89
1984,1984,Gitte Hænning,Liebe - nein danke!,aafa8d09-438c-456c-87f4-7748fb3e61ca
1984,1984,Gitti + Gary,Kumm hoit mi,2ecc4462-317f-40cc-986d-b36ee8426b5d
1984,1984,Giuffria,Call to the Heart,c4e91163-ce93-4e56-99b4-b21886789d62
1984,1984,Giuffria,Do Me Right,17bfa873-0863-4b3b-bf39-21b3b397dde4
1984,1984,Giuffria,Lonely in Love,06859ff5-e766-44df-8243-59b94dc46880
1984,1984,Giusto Pio,Auto-Motion (Otomoscion) 1&2,ed8d11ca-04de-41c7-ab0e-d5be679c9ef7
1984,1984,Gladys Santos,Mal agradecido / Guaba,530b5182-eec6-4aa9-992a-c54c2afb35ad
1984,1984,Glass Museum,A Friend Departed,6d23297f-c2fd-4958-a61e-ac3baa9f54bb
1984,1984,Glenn Frey,Sexy Girl,9c8d56ec-ffb9-4f84-a3cc-a794566c1f0c
1984,1984,Glenn Frey,Smuggler's Blues,d6678f88-3bbe-43a7-99c3-64764ed2b892
1984,1984,Glenn Frey,The Heat Is On,1a72ad32-548f-41e1-ac3e-89c1df5eb223
1984,1984-07,Gloria Gaynor,I Will Survive / Never Can Say Goodbye,d72511e2-a8fa-4e42-b5c1-5cd538836e62
1984,1984,Gnags,Zigurrat / Hunden gennem byen,0a665b96-55db-4d21-9e35-6be96a1bbaf1
1984,1984,Go Graal Blues Band,Dirty Brown City,5253479c-4a9f-4e90-b1d9-dbc6883e48f7
1984,1984,Gold,Plus près des étoiles,9889f3c2-3726-4193-86eb-22d28a05d06e
1984,1984,Golden Earring,Clear Night Moonlight / Fist in Glove,f48fd680-261e-4182-9865-24ed49bbe13c
1984,1984,Golden Earring,N.E.W.S. / It’s Over Now,c4c7f79f-b74e-4c25-a84f-7b893f083843
1984,1984,Golden Earring,Something Heavy Going Down / I’ll Make It All Up to You,47dd77c5-bbb0-4d4d-a9e9-4a3cacb366ce
1984,1984,Golden Earring,When the Lady Smiles / Orwell’s Year,2900c78b-ec58-4dcd-b989-e38994b3bd1e
1984,1984,Golpes Bajos,Colecciono moscas / A Santa Compaña,5cbb22b8-c2d5-49cf-9b02-d07083515450
1984,1984,Golpes Bajos,Fiesta de los maniquíes,60b0bed4-253b-44a7-8aa7-c455e5125d22
1984,1984,Gothic Girls,Glass Baby,78ad0ea0-c351-3399-a6b9-d2fec7cf5e0b
1984,1984,Gottlieb Wendehals,"Wer mich heut' kriegt, der hat viel Spass (Ich geh' heut' für'n Zehner weg)",d0b58c34-fff5-4b46-8c5f-4dc85354af18
1984,1984,Gowan,A Criminal Mind,f0625f37-12b6-4edc-aae1-68b1abd7ece2
1984,1984,Gradje,Sla je armen om me heen,139d0404-22f6-4a37-b4dc-98ab420db7ad
1984,1984,Grand Cru,Eight's,56436cca-aae2-4739-836e-b76e0941a4f1
1984,1984,Grandmaster Melle Mel,Jesse,c7931f69-b5c2-464f-aa21-9f19d222584b
1984,1984-05,Grandmaster Melle Mel & The Furious Five,Beat Street / Internationally Known,80c0b960-a7b1-3417-8235-4e9e7df7690f
1984,1984-09,Grandmaster Melle Mel & The Furious Five,We Don’t Work for Free,2060ed6e-00ed-4e96-8a8f-e1f3c5cbdc08
1984,1984,Grandmaster Melle Mel & The Furious Five with Mr. Ness & Cowboy,Internationally Known,f5c02d25-21ae-41cb-b49a-9cda4cc09acf
1984,1984,Grant Mitchell & Applejack,I'm Sorry / Mostest Girl,0cc87f32-ed79-4335-8ee3-b77201109ab6
1984,1984,Grant Mitchell & Applejack,Let's Forget About Love / Everlasting Love,1f4340d3-b7c0-4570-bd14-ba91e2380191
1984,1984,Grave Digger,Shoot Her Down,fc86ad9f-73ed-4a93-bb70-e304f1face3b
1984,1984,Great Outdoors,The Rhythm In Me (Is Working In 3D),74516665-4a7c-44c9-a3b0-dcf46b771f5d
1984,1984,Great White,Substitute,814d1acb-0674-4905-871a-a0e081f8d98f
1984,1984,Green River,"...Dude, Party!",80991e44-344c-4d37-b3f6-923fd94ee383
1984,1984,Greg Hawkes,Twenty Seven Shirts,39cc1139-f222-4041-81df-dd727fabf473
1984,1984,Greg Henderson feat. Rome Jefferies,Never Too Late (To Find a Love),a6f5d4b1-29c5-41fd-a803-105c60da0e84
1984,1984,Gregg Brown,Baby Talk,a1fb31b8-a11f-4c40-84fc-6ab4594f33f4
1984,1984,Gregg Wackson,You'll Fly So High,9bd30452-9d26-48a9-a2ca-11029eab60bb
1984,1984,Grobschnitt,Wie der Wind,f99d90c3-b04e-3053-8678-786118f613b8
1984,1984,Grupo Pyramide,Margarita Jam / Jam Down,5d4a8de0-0001-46ed-9fa7-fb3e3ebdbdd1
1984,1984,Gruppo Italiano,Anni ruggenti,cb25ae2f-8519-4edb-88be-91bf2a972044
1984,1984,Guignolos,Papy Computer,9d751e67-a2e2-4177-b128-e6f5d2e03adb
1984,1984,Gunnar Nu,Rap Nu,21ae6f80-cb60-4ab3-8f55-178287497fde
1984,1984,Gunter Gabriel,"Emma, Emma",c799507d-5f29-49e4-8678-6e3cb9059ef0
1984,1984,"Guus Geluk, Johnny Blenco",Zie‐de‐gij‐me‐gere?? / ’t Is maar ’n vraag,c9e833d2-48cd-4397-bf8e-63db42bfc9b1
1984,1984,Gwendolyn,Come to Me,b565d93d-88a9-4174-8b9e-c98f5a87ddff
1984,1984,Gänsehaut,Autos,6dd4c962-f208-4f3c-b2b6-f1acb72cbd40
1984,1984,Gérard Lenorman,Amoureux encore,ceae5e5c-8602-4d76-8f2a-b8d494116855
1984,1984,G‐Schmitt,Holy Celebration,a589b917-1f5f-4201-838b-1baecd6487c7
1984,1984,G‐Schmitt,No.6,4d40c252-4256-46a4-9ecc-522e6be266c2
1984,1984,G’Race,Dr. Rhythm,bda8ddd0-1ecf-4fdc-ad6d-bc08ae5ac9f4
1984,1984,G’Race,Jay‐O‐Dee,483a2f26-14c2-4fa3-bd7c-423a562d185d
1984,1984,H+N,Gegen Einsamkeit,7705b4fe-963b-4b28-8c80-c84573183e9e
1984,1984,H. Thoma,Samen Verder / Inleveren,389fc094-fd20-4a3e-9d08-1606ed322bec
1984,1984,Hagelwätter Blues Band,Pfuus-Blues / De gross Chlapf,a42cbda1-55bc-4734-9c31-0ea14e92ecd9
1984,1984,Haindling,Lang scho nimmer g'sehn,ec5bfff2-f13e-4f4d-b741-7fb8001f9ddc
1984,1984-12-15,Hall & Oates,Method of Modern Love,5f40ae43-c5a6-42c7-896b-b6bce271f847
1984,1984,"Hank Williams, Jr.",All My Rowdy Friends are Coming Over Tonight,3f5b28fd-9bce-45c2-87c7-6b8e0bb40f12
1984,1984,Hanne Haller,So Long und Good-Bye,3f957a2f-3078-48c8-a5e2-b79537a71d9c
1984,1984-06,Hanner Dwsin,Ysbryd Y Nos / O Dan Y Dŵr,54c17711-93b7-457b-a496-0bde144d8dfb
1984,1984,Hannu Saari,Palkkapäivämiljonääri / Mene vain,61f7964b-210c-47fa-a56a-a02d0b501082
1984,1984,Hanoi Rocks,Don't You Ever Leave Me,2c6d98a7-4d4d-4ca6-891a-38420e941877
1984,1984,Hanoi Rocks,Underwater World,029d6f9b-acfb-4d7c-a64b-3144b50fef5f
1984,1984,Hanoi Rocks,Up Around the Bend,78631ada-eab5-4af2-8b0b-7bf56da961a9
1984,1984,Hans Dujmic,Jubel bis zum Abschied (Du hast ein Telefon),fdb2abaa-75fb-4351-9d6e-e37751388fd8
1984,1984,Hans Edler,Bronett,c9d73d18-27c0-4620-a6c4-37eae10e0778
1984,1984,Hans Hartz,Ich lebe noch,4ab2b565-11b3-4e05-9c1e-800a9ce1f81d
1984,1984-10-07,Hans Hartz,Musik aus der Ferne... Dacapos im Wind,80024128-f45f-417a-b2a2-504b01c619da
1984,1984,Hans Hartz,Vor meinem Fenster steht ein Baum,8a0675d3-13b9-436e-a261-e709be9cced5
1984,1984-04,"Hans Peters Jr., Kinderkoor Lidy Peters, Thera Coppens, Irene Poorter",Kom maar...'t is lente! / Kleine geboortekaartjes,9ee05203-4bab-41a4-8e7d-b1b35bd35b8c
1984,1984,Hans Sanders,Waarom zwijgen?,f96c922a-6a8e-46b6-91cb-bd0c73e23874
1984,1984,Hansi Dujmic,Zu müde,8d2aa9c1-4faf-4828-83b9-871cfc87a5bd
1984,1984,Hansi Lang,Josefine,2b03f5ac-dcdb-4d39-a099-3177abb81057
1984,1984,Happy World,Happy World,13e5427c-e8b8-4cf6-b166-3433bd08753c
1984,1984,Hard Corps,Dirty,3fe5cc65-fdb4-3caf-bc34-d8e40fdd46e8
1984,1984,Harlequin Four's,Set It Off,3ab9c3f7-869d-4c44-b395-629fcc8671d8
1984,1984,Harma,Laat mij niet wachten,3c1e9101-277a-40ce-94e3-a6f299571fd7
1984,1984,Harmony Four,Tingel Tangel Mann,3b5417f0-6825-4df2-bf72-a368e0ab8f4d
1984,1984,Harold Faltermeyer,Axel F,c0ee278b-4362-3ebb-a337-b7e190eb0fa4
1984,1984,Harold Faltermeyer,Axel F (The M & M Mix),0862ff9e-c32f-47aa-b370-156868074195
1984,1984,Harri Nuutinen,Tumma ja tulinen / Niin hyvä olla,38cca46e-c17a-4dda-8cd0-9f6188e6d378
1984,1984,Harumi Shimada,Yakō Shōnen,521eae95-2137-4230-a71d-dcdc598cb983
1984,1984,Hasse Andersson & Siw Malmkvist,Käre John,7b671786-39f3-4d21-a411-aabde68148fd
1984,1984,Haywoode,I Can't Let You Go,3e38adbe-e889-35bc-b4fa-41edeb0854d5
1984,1984,Hazel O’Connor,Don't Touch Me,0fc619f7-d077-33fa-b6b1-c493b10df58a
1984,1984,Hazell Dean,Jealous Love / Evergreen,16ce7f4b-0855-4f9f-b1ac-82060a9f9409
1984,1984-07-16,Hazell Dean,Whatever I Do (Wherever I Go),2d6eafa1-c231-4c0d-bd89-813d3b6ed904
1984,1984,Heather Parisi,Crilù,2f8edbc8-67cc-4ca9-ac15-de7f88ba3514
1984,1984-07,Heatwave,Boogie Nights / Always and Forever,b8f45c04-5a39-40cb-8b2d-98202d54bae2
1984,1984,Heaven 17,Sunset Now,01c665bd-c3e9-4434-a565-9455149001b9
1984,1984,Heavy Pettin’,Love Times Love,279f3c11-e208-43ea-becb-3cb65ef1c8ff
1984,1984,Hedone,Sensible,1de46a35-af0f-4f13-86fc-c6a13e9cb673
1984,1984,Heino & Hannelore,Halt dich fit - wander mit,15c68774-39b8-4862-b0c3-a4ccc0c0f215
1984,1984,Heino & Hannelore,Ich will dich nie mehr weinen seh'n,40cfd467-8c6b-4e8b-9ccf-a91bd317aae1
1984,1984,Heinz Rudolf Kunze,Lola,d7d4be00-8ce6-4a4b-865f-1dece496c999
1984,1984,Helen & the Horns,Footsteps at My Door,aa618351-961a-4721-8f9d-cf76625c1f59
1984,1984,Helen & the Horns,Surrey With the Fringe on Top,b7a3687c-01bf-468b-aada-488f68d12319
1984,1984,Helen and the Horns,Freight Train,60003224-96c8-4f4e-a188-541dd890d60d
1984,1984,Helen Terry,Stuttering,bd2db05f-dbf0-428c-afa2-48f4f51bf557
1984,1984,Helena Lemkovitch,"Les filles nous on veut du fun (version Française de ""Girls Just Want to Have Fun"")",aca1a36c-9356-4556-bb2d-c9bf1e14374c
1984,1984,Helga Feddersen,Herr Schulze,eb4379f5-bc51-4f36-a14a-c0f46af176e2
1984,1984,Hellwitch,Nosferatu,2af3aea0-a7ca-462f-bbc2-b2c88113b11a
1984,1984,Helmut Frey,Doch nachts gehörst du mir,d7c90b98-db96-4c8f-bccf-0fe3b02fa9ce
1984,1984,Helmut Frey,Hier ist einer zuviel,845b69f5-6318-44a5-976f-eb4d24bcf838
1984,1984,Henk Wijngaard,Wat ’n baan / Ik hoef niet meer ver te rijden,29b059f8-660f-40d4-a10d-43213785c14f
1984,1984,Henk Wijngaard,Weg van de snelweg / ’t Leven is voor hem ’n hel,9a8e9a7a-70e0-4dc5-92a9-93fefebab44f
1984,1984,Henk Wijngaard & Ben Steneker / De Telstar Boys,Aan elke vrouw waar ’k eens van hield / Lied voor verliefden,b98d7e65-7125-4647-9580-02cafa501370
1984,1984,Henny Alter,Alle leuke meisjes (gaan verloren) / Alleen is maar alleen,00cad723-ee76-495e-b50b-984ca04c1a1c
1984,1984,Henry Bratter,Allo… Mme Leroy…,2bcbb950-ebc6-4a9e-a2df-abd5a139702c
1984,1984,Hepie & Hepie,Jij was van mij / Kom ’ns even,525ed377-39b8-4578-b6ac-150e9462c9be
1984,1984,Hepie & Hepie,Leer je kinderen / Loop niet voorbij,c73f8450-3077-46e3-8c6f-d083b7973e3d
1984,1984,Herb Alpert & the Tijuana Brass,Bullish (Monster Funk mix),63b03177-54ec-4d7c-9aed-28cfbc54f77a
1984,1984,Herbert Grönemeyer,Alkohol *,88774d4a-d9da-403c-bdb6-b122a17e7b0a
1984,1984-06-04,Herbert Grönemeyer,Männer,f581c91b-44c7-4302-a43e-72728727ee86
1984,1984,Herman En René,Waar blijft de tijd,81c7afd1-b87f-418e-9e36-d2eb83e6060b
1984,1984-08-02,Herman Holtzhausen,Trans-Karoo,c0b3c963-8748-42de-b77a-aa99c105ac92
1984,1984,Herman’s Hermits,I'm Into Something Good / Silhouettes,a874a347-1612-43fa-8760-be09d8c2c823
1984,1984,Herrey’s,Diggi Loo / Diggi Ley,85d92718-3d0a-42df-8f55-63c716036cf5
1984,1984,Hertzainak,Eh Txo! - Sigarillos Amarillos,05ed8543-1b93-473d-bde8-8cee6cc1e478
1984,1984,Hervé Vilard,T’es pas Dietrich / Adieu et vive l’amour,39677f8a-928a-43dc-87eb-68420da9f627
1984,1984,Hessel,Apocalyptic,2b906833-5440-40e4-a330-029215e9aefd
1984,1984,Het Börker Trio,"Ouwe taaie / Oh, heerlijke dromen",b1723cf7-fe7c-4b66-a038-98198dcc57eb
1984,1984,Het Globetrotter Trio,Rijexamen / Nienoord clublied,f8b895f3-e88b-4589-a85c-16683adc34f3
1984,1984,Het Legato Team,Tussen Nijkerk en Ermelo,345419b4-76d6-4167-ac88-3242f73d5d28
1984,1984,Het Maasland-Duo / Johnny Blenco,Nou... Tot ziens!... (Het afscheidslied!...),08c8e895-16b0-4f65-8569-f14a14805c91
1984,1984,Het Radi Ensemble,Kom weer naar m’n eiland / Ole we dansen de mambo,916a4132-6524-40ce-be0f-8969b45e4c66
1984,1984,Hexenhaus,Ikiyö / Katakombi,d259be6b-72d2-49f6-a5a7-307dbc992505
1984,1984-01,Hey! Elastica,This Town,9e65fe32-2edf-35dd-bc1d-701a6b1ae38d
1984,1984-11-22,High Fidelity Three,B Boys Breakdance,f7678627-fc28-46b6-9371-a4e066101b43
1984,1984,Highland Queen,Call of the Hell,36085f1f-51e9-38d3-9b9e-b26e2b9c68f5
1984,1984,Highway,Bene bene / Karin,01d370c4-2554-4d4f-ab83-374f7394678b
1984,1984,Highway,Corriamo / Ik ben zo alleen,59bd1b17-f486-44a7-997b-4dcd032a0f4c
1984,1984,"Hilde Heltberg, Jonas Fjeld & Jonas Fjeld Band",Why Don't You Love Me Tonight / You Can't Run Away From Love,50dcead0-a1ef-4aa4-892d-3b23588e17f5
1984,1984,Hipnosis,Astrodance / Argonauts,fce99e06-7e98-448c-90c6-76f17adc40bb
1984,1984,Hippies With Haircuts,Eye on You / Freedom in an Unfree World,419aa3ee-8a3a-47af-b7a5-8596567a4c8a
1984,1984,Hiroshima,Rock'n Roll Priest / Touch Me,7e5cee98-5579-4e5f-a40a-df175626e6fc
1984,1984,Hit Parade,Plastic Culture,5e9fc825-99f4-36f3-81ad-3a02eb364391
1984,1984,Hi‐Fi Set,星化粧ハレー,594921b7-ac4a-4089-a49d-ce1f9b5dfb23
1984,1984,Hi‐Fi Set,素直になりたい,e8524905-ef11-4575-b5aa-be70e7f4f115
1984,1984,Hi‐Tension,You Make Me Happy,aa7e3093-bedf-493f-834d-ba87bee60d54
1984,1984,Hohokam,King,042735ac-1e07-4912-8487-71ce8acae018
1984,1984,Holger Biege,Schuld sind die andern,916b09f5-5da8-4ff3-a053-8141c18583ca
1984,1984,Holger Czukay / Les Vampyrettes,The Photo Song / Biomutanten,8fd9054c-a243-455c-87db-67f6f757f917
1984,1984,Holger Hiller,Jonny,a3d474f1-ce7f-4612-8685-6eee7dc2fe0f
1984,1984,Hollywood,Hollywood's Message,30741b47-2f0d-4f5d-ab9a-6a0d830d6750
1984,1984,Hommy & Emmy,Bomen zullen altijd bloeien / Daar is de zon,094a46a2-01a6-49ab-8cea-979cb3f9a174
1984,1984,Hommy & Emmy,Rozen zo rood / Klein meisje,ba8d5c17-e089-417c-9373-4541c1a2eb12
1984,1984,Hommy en Douwe,Doppelter korn polka / Der kleine Waltzer,12eca073-0e8e-4334-b167-9ce15a746714
1984,1984,Hommy en Emmy,Kleine Janneman,fa4b5c52-bff9-4961-adbf-fae02152f56c
1984,1984,Hommy en Emmy,Tussen het riet / Welk een vriend,924b7401-ffdc-4a8b-b28d-b03e03605987
1984,1984,Hoodoo Gurus,I Want You Back,d08b5830-024f-4a1f-9f0f-c7109f9c1eb0
1984,1984,Hoorah Boys Hoorah,Is This What You Promised Me?,be78e278-eca9-4e8c-ad9f-a746d8f87b97
1984,1984,Horace Andy / Tad’s All Star,Eternal Love / Eternal Dub,6f94d2b3-7e05-420b-8c1b-f36fd1d6b9df
1984,1984,Horace Ferguson,Great Stone,ee400ae5-7bae-453b-bdd7-47132b8acdf5
1984,1984,Hot Chocolate,I Gave You My Heart (Didn't I),80d99236-98d4-314b-a669-5252062fc2eb
1984,1984,Hot Stuff,Madness / Live It Up,5f2a9434-0502-4804-be0d-5b0fab9d374c
1984,1984,Hot Tamales,Para qué me enamoré / Ya te reemplace,f2b58059-8eb4-4001-b9f8-20a20ce5840d
1984,1984,Hotline / Malibu,Ecstacy / Pleasure,d72ac137-6852-4291-a6dc-92259c1a7783
1984,1984-06,Howard Carpendale,Es war nichts los heut’ Nacht,7d06c29b-2f59-490a-9873-81e4817eb689
1984,1984,Howard Carpendale,Hello Again,f9fc823c-f46e-420e-844b-61087f09899f
1984,1984-09,Howard Carpendale,Samstag Nacht,775d2747-e38b-4022-822d-6c3aeabb94cf
1984,1984-02-02,Howard Jones,Hide & Seek,c1297e34-c742-47d2-a49c-8c0f8b3d2529
1984,1984-08-11,Howard Jones,Like to Get to Know You Well,bb918510-e610-422c-ad6a-660924c23779
1984,1984,Howard Jones,Pearl In The Shell,2baae73a-0b09-4e87-aa1f-ccf6da3b1132
1984,1984,Howard Jones,Pearl in the Shell,f121b680-1485-4fbf-a355-c71c86674dd5
1984,1984,Hubert Kah,Engel 07,fa59dcc1-20bf-45bf-8abe-342ece3a42e4
1984,1984,Hubert‐Félix Thiéfaine,Stalag-tilt / Whiskeuses images again,59af2239-a611-4e68-9e2c-0ae93dfc8d15
1984,1984,Huey Lewis and the News,If This Is It,396ec57f-9b3f-4f16-85d1-02ad60b78758
1984,1984,Huey Lewis and the News,The Heart of Rock & Roll,0d15d2d1-f342-4e7f-a6bd-d9090425dd4e
1984,1984,Hugh Masekela,Don’t Go Lose It Baby,35c1c183-932e-4fe3-8d09-995dcaf3c05b
1984,1984,Hugues Aufray,Dieu que c'est dur d'être modeste,fd6c6ad9-e4da-4284-bf38-7b61ff396229
1984,1984,Hugues Aufray,Petit homme,ebd14e8c-a548-4236-b3e0-7b5ac63435fd
1984,1984,Hula,Fever Car,4a90a1f6-c1ca-486d-a700-49f054527cf2
1984,1984,Hurrah!,Gloria,8546371e-e8e3-4b8b-9a17-a00236dc490f
1984,1984,Hurrah!,Who'd Have Thought,d62997bc-5a76-43a9-96d0-ad496ff15f12
1984,1984,Hydra,Laat er geen gras over groeien / Allemaal flauwekul,f531093a-af7b-4183-b84e-acb5791c3f3e
1984,1984,Hypno-Gogo,In Your Eyes/Flashing,b236b680-bcd7-45b1-a55f-fd7b27a9188b
1984,1984-12,Hüsker Dü,Celebrated Summer,55ddf706-baf2-425d-b0ca-e513da85c550
1984,1984-04,Hüsker Dü,Eight Miles High,04643f4e-69af-3583-a6bb-8f98044a249c
1984,1984-12-17,H₂O,You Take My Breath Away,3eb0bc62-c2c8-4f99-93c4-4fcedf5e595e
1984,1984,I Start Counting,Letters to a Friend,3f96d034-435c-4713-86dc-824956faa2b1
1984,1984-07-20,I.R.T.,Made in the U.S.A. (American XTC),31272db3-fd5d-4fd5-9094-2a9d7c41d543
1984,1984,Iam Siam,Talk To Me (I Can Hear You Now),14393edb-9c87-492a-b6ec-85a805eb76eb
1984,1984,Ian Darby,Break City / Taking the Waterfront by Force,8cdddbb9-26f4-4956-a7db-d677fe486a2a
1984,1984-12-07,Ian McCulloch,September Song,151e9cb2-6689-4e44-90e7-d58820196f2a
1984,1984,Ibo,Was macht schon die eine Nacht,53626eb8-4e5c-4d17-86d2-ceb47eb46972
1984,1984,Icehouse,Taking The Town,a4b89c28-730b-4770-82d0-b781435ffa41
1984,1984,"Ice‐T, The Glove & Dave Storrs",Reckless / Tibetan Jam,caa65234-c03e-3700-83a3-0ae81afc3929
1984,1984,Ice‐“T”,The Hottest Beat / The Coldest Rap,ac5e5797-1688-4068-bd78-acc8bcd21416
1984,1984,Ich + Du,Versuche,55734eb3-8534-4716-8c34-71999d06c696
1984,1984-04,Idle Eyes,Tokyo Rose,c307e6ba-1075-4cdf-a7cb-9cba3729c980
1984,1984-06,Idol Rich,Blaze of Love,25dd12d0-b9cf-30c4-9b5d-e9a3873e72b3
1984,1984,Ihre Kinder,Kalenderblatt / Aussteiger Blues,3979884e-eb95-4b03-8aae-a026fa391a81
1984,1984-02,Ikari,No Perspective,c057eb63-929c-4998-8739-427ec82df1f4
1984,1984,Illustrated Man,Head Over Heels,78009aa9-d695-4e29-a3ef-41784c33b16d
1984,1984-11,Image,Hot Stuff,24f88571-fb87-43a0-bfa6-c8ddc1bf35e7
1984,1984-03,Images In Vogue,Just Like You,85048842-6dbf-41e7-bef7-781035df46e2
1984,1984,Immaculate Fools,Immaculate Fools,d98d20b0-e1ce-4b66-9863-0c7c781f5679
1984,1984,Imperial Brothers,We Come to Rock,ef3d33b8-f42a-3a98-8c8c-47738520caf7
1984,1984-06-01,Imperiet,Du ska va president,fb209f3f-44a5-3b00-9648-b3de40c97d5d
1984,1984-12-01,Imperiet,Fred,d0e20525-9c3b-3f68-a130-bfca696526f2
1984,1984,In Excelsis,Creeps in the Trees,6aa383f3-80e1-4d95-b022-c113128ebe64
1984,1984,In Hill House,Sanctuary,4b4bc5e8-3a2b-462b-a548-a8e36999f37e
1984,1984,In Parallel,Reduced to Tears,29907fc5-f33c-4bd3-a92f-1a73adda8514
1984,1984,In the Nursery,Witness (to a scream),a46a4075-fd47-4377-baf1-023e780c5a86
1984,1984,In Tua Nua,Take My Hand,fdc91b27-8e78-4f29-953f-522b6525437b
1984,1984,Inbase,Christine,499b065c-c492-4d01-a722-1f1d8888e6e5
1984,1984,Indigo,America,3c1a61bd-efdf-44bb-b860-be500a645dc5
1984,1984,Indigo,Children of the Past,c5410325-15f0-4147-9b69-3a16b024daef
1984,1984,Indochine,Kao Bang,6535a2a1-b555-458e-87c2-7cb5a7645015
1984,1984,Information Society,Running,06451cdc-e82d-3883-bce2-71352a56755f
1984,1984,Ingram,When You're Hot You're Hot,25afde65-1436-4a3c-aa79-25b5a5474c57
1984,1984,Ingram,With You,51d9de33-467a-413a-96c5-7cc08e023011
1984,1984,Ingrid Peters,Lösch' das Feuer,3e33d46d-4236-4fe7-9f7a-fe13a14e9f44
1984,1984,Ingrid Peters,Schwarz & weiss,0ab292ee-27f6-4b5f-8585-52a1ef224678
1984,1984,Ingrid Peters,Tango,83c1180f-023b-4dca-a357-e63037b024aa
1984,1984,Innocence In Danger,Innocence In Danger,3c82b8fe-6597-46fb-9742-b80478829beb
1984,1984,Instant Agony,Nicely Does It!!,10a17e05-1957-4377-801d-bf219d51e550
1984,1984,Intaferon,Baby Pain,12f44d73-cea3-3037-a46c-ac8ee0e8a7b7
1984,1984,International Music System,Dancing Therapy,f58f1a6e-9124-4111-9145-8df62b24df2c
1984,1984,Interzone,"Ich & mein Freund, die Katze / Neuer Tag",528aa252-1089-4538-8c74-002e1718095e
1984,1984,INXS,Burn for You,59c18e64-5d2c-40e4-93d1-456181308552
1984,1984-12,INXS,Dancing on the Jetty,b1933ecb-0c63-49f1-bdc4-ff733a23617d
1984,1984,INXS,I Send a Message,350b8dd0-c284-465d-a22e-f8793600b6ae
1984,1984,INXS,Original Sin,2f7b10b1-7a50-4f10-929d-476a1f96bab9
1984,1984,Ipso Facto,Noir Dior / Craving,d324bfc5-cf40-465b-91fb-b2a955e013b7
1984,1984-12-31,IQ,The Legendary IQ Free Record,4e530a8f-251a-4f28-93ed-3039ae86cde3
1984,1984,Ireen Sheer,State of Emergency,4fdae511-635a-349d-ac7a-fa20922d71f9
1984,1984,Irene Cara,The Dream,356e7116-d11e-432f-8555-d14fad3f2695
1984,1984,Iron Curtain,Terror Story / Anorexija,cefcb9c3-c274-389c-b037-569f5b6ed55f
1984,1984-08-06,Iron Maiden,2 Minutes to Midnight,62eefb49-bac4-305b-91a1-ad40594f19d0
1984,1984-10-22,Iron Maiden,Aces High,2c8810fd-b841-3051-aed2-b18371c58460
1984,1984,Iron Maiden,Flash of the Blade,4e9ba179-710c-4b93-a5a4-2070f2e37ee3
1984,1984,Iron Maiden,Losfer Words (Big ’Orra),f87d6e7c-ba8d-494e-abea-0f06f96306f9
1984,1984,Iron Maiden,Where Eagles Dare,fff462b7-0ec3-4392-8d20-972e0fceb96b
1984,1984,Isabel Varell,Verträumt,e59e28c9-402a-4a8f-8eb2-f43aa256431c
1984,1984,Itch,Take Me To Your Leader,a90d62d3-ba93-4d5f-8b96-008f5de85b0b
1984,1984,Iván,Fotonovela,c87961ad-2c36-3399-9cfb-0ee035d3f123
1984,1984,Ixi,Etagenbett,dac06608-00e3-47dc-9ef9-be302919790e
1984,1984,I’m Dead / Epidemic,Page After Page / Necrolatry,ffa0166f-94e4-4488-841e-2a8d9220931e
1984,1984,J. Melen a V. Sodoma,Údolí Vran (David's Song) / V Zoologické Zahradě,94f784c9-c8b8-4625-9cbe-8679e9029abd
1984,1984,Jaap Buys,"Dans maar, feest maar / Chianti lied",98ac99cd-b2ab-4da9-a678-ac40ef0f1d8c
1984,1984,Jacek Skubikowski,Piromania / Exit,7a282bbd-e399-4441-b057-e10c3e48514b
1984,1984,Jack Jersey,Tears / Only a Fool,d3d41fe7-0f59-459f-a45e-f6a63286dad6
1984,1984,Jack Sass Band,Save My Life,30244ead-b08d-4ccc-89ff-a09265b7051c
1984,1984-01,Jackson Browne,For a Rocker,ba5f5514-e953-4b91-9454-c497ffa1ac27
1984,1984-06,Jacksons,State of Shock,4cfbc90b-2f88-4f30-a0c4-e75ed98e1d21
1984,1984-08,Jacksons,Torture,b238a2a6-2471-42f1-8370-64560b32da19
1984,1984,Jacky Cleever,When the Sun Comes Up,fd84982a-9313-4c59-a7c4-7e0daebb6c65
1984,1984,Jacques Dutronc,Merde in France,909b6195-b44b-4602-9c7e-357b74b2ec1d
1984,1984,"Jah Wobble, Ollie Marland & Polly Eltes",Voodoo,c2597062-f592-4cbc-a67a-9b90bc68494e
1984,1984,Jah Wobble’s Invaders of the Heart,Invaders of the Heart,ee5f038b-d52c-40fe-9369-b0f553937b64
1984,1984,Jakata,Hell Is On The Run,494a8f1d-6610-4ca8-ba5b-d0ecb99cc1fb
1984,1984,Jakie Quartz,Histoire sans paroles,b3ee69e9-6d6b-4745-96a8-a6de49280698
1984,1984,Jakie Quartz,Mal de vivre,96dd8832-a860-4a84-9783-162a4315d71b
1984,1984,James Cobbin,Caught In The Middle / It's Music,9fbe3b68-9380-48ec-8744-7f3ac1e27d01
1984,1984,James Last,Orange Blossom Special / Chicken Reel / Turkey in the Straw,2bcb1c94-0c8a-488f-bfb0-be771b22e88e
1984,1984,James Last,Paradise / The Seduction,2a41c6ea-22bd-44ff-ab0b-3f613a755537
1984,1984,James Last,Paradiso / Helgoland,19dd475f-95ae-4247-9999-19c3b79d02a6
1984,1984,Jamie Warren,Take Me Home Mississippi / I Got Me,ada40601-63fb-49c5-86be-1e93ca0571af
1984,1984,Jan & Zwaan,Zomer in Tirol,e596fea6-fe2e-42a5-abbd-f0df5c63dab1
1984,1984,Jan Petat & De D.J.'s,"Twisten hier, twisten daar, twisten overal!...",3e1c8ee7-301d-4631-adbe-77e96cf73849
1984,1984,Jan Petat & De D.J.’s,Welkom allemaal!!!,4a2dd559-eede-4d62-af91-0fe91088908a
1984,1984,Jan Petat / Johnny Accordi,Was ik maar vrijgezel / Schneewalzer,945cfc9d-2a7b-429d-8566-daa657c0f6aa
1984,1984,"Jan Petat, De Marlets",Papa is geweldig!! (Het lied voor alle vaders!!),b616c8ff-1d12-429e-9aca-d759ecdf9e2f
1984,1984,Jan Rot,Blue Eyes / Bitter Is the Taste,cfd106b1-6ac1-4acf-91cd-b2b9a7b0863a
1984,1984,Jan Rot,Ooh Wee (My Baby's Gone) / Good Things Turn Out Wrong,9ad79c6e-74a3-472c-a378-48cb028500b0
1984,1984,Jan Rot,Tenderness / Blues for Aleksander,14875264-5b54-451a-a4b3-abefc0b3a294
1984,1984,Jan Verhoeven,Al jouw verdriet / Ik verscheurde je foto,5f0badca-5535-46cd-b12a-cb64d54ddfd6
1984,1984,Jane Hill,Radio,975af82c-9e7f-4081-ae8a-435dd742f54e
1984,1984-08-13,Janet Jackson,Don't Stand Another Chance,2c609b03-eb9d-42ca-963d-bcc04adec32c
1984,1984-10-23,Janet Jackson,Fast Girls,dac507d8-baf9-42cb-bc32-bc5c47c6ce6c
1984,1984,Janet Jackson & Cliff Richard,Two to the Power of Love / Rock ’n’ Roll,9f2d7ece-b36d-4f1b-b7c4-4a66d4a8d116
1984,1984,Janet Kay,Eternally Grateful,80b5796f-f541-42d2-b8c2-981a9afef642
1984,1984,Jannie en Fré,Meisje met je blauwe ogen,f8851770-729a-48d4-9729-456415da71d3
1984,1984,Janny en Fré,Santa Monica,ec099517-6c24-4745-9e1b-fea7f73196c0
1984,1984,Janny Lammers,Waarom loop jij mij voorbij,427c9e9a-e762-4d79-a4ac-9c6846e7defb
1984,1984,Janske,Ik kan niet zonder jou / Chanson d’amour,cf35f51d-3ed2-4f76-8797-edffd559c000
1984,1984,Jarvon Jol,The Dustcollector,7b565474-5b0d-4464-85f9-438441976d7d
1984,1984,Jawoll,Ich bin verrückt nach Dir,d428ea83-dc7e-4f55-b464-d3636d2648da
1984,1984,Jay Novelle,If This Ain’t Love,3c915a76-d395-485c-8590-372c69c1a573
1984,1984,Jaye Williams / Semi‐Automatic,Let Me Be the One,ea41b3ca-439e-42a9-bb21-b6a553ed2eb8
1984,1984,JB's All Stars,Backfield in Motion,8662cc44-adf1-4528-a639-3a0d05291a21
1984,1984,JB's Allstars,Ready Willing and Able,cc657ae2-aae5-4fd2-94d0-2815bd816791
1984,1984,JB's Allstars,Sign on the Dotted Line,c9660985-a10e-4d12-8482-52a2fb978073
1984,1984-11,Jean Michel Jarre,Zoolook,e533e219-1fb1-4aa1-85b7-296feaf28728
1984,1984,Jean Rich,No Arms Can Ever Hold You,82e79340-3e9a-482e-be48-fa5b800253b8
1984,1984,Jean Schultheis,Tequila bar,afd74b59-9826-45bb-8d8a-1589ee453a99
1984,1984,Jean-Baptiste Mondino,La Danse Des Mots,fb90f7ca-c4ce-4c62-88fe-f5009c987eb6
1984,1984,Jean-François Léon,Voyage à vol d’oiseau,122016ef-a316-4b89-9ee9-ae669de0bf41
1984,1984,Jean-Michel Gascuel,Le chien aux yeux jaunes,45d505b0-a877-4d0e-a0c9-e5e5373ebaa7
1984,1984,Jean-Pierre Descombes,Super 20 heures,f1c91ec9-2266-47e9-9f95-01704dd75b14
1984,1984,Jean-Pierre Mader,Disparue,10f12338-61a2-4186-af1d-88690c82057f
1984,1984-11-05,Jeanette,Amiga mía,d7b134a2-e3ad-46d2-8aff-79d4b65a9fa5
1984,1984,Jeanne Mas,Into the Night (English Re-mix),4e50b1d1-d3cb-4f1f-8ed9-03b81906ee51
1984,1984,Jeanne Mas,Toute première fois,6277a2f9-5bb6-43ae-a78b-60c7c3dec587
1984,1984,Jean‐Jacques Goldman,Encore un matin,fcc9731a-ce85-43e6-946a-57fe6a8823ac
1984,1984-03,Jean‐Jacques Goldman,Envole-moi,7cff34d5-dd19-4328-95c7-02bdb9bba461
1984,1984,Jean‐Luc Lahaye,Papa chanteur,d8cbbd7a-deff-4f60-b5f4-071674bcb32e
1984,1984,Jean‐Luc Lahaye,Peur,06cc34e3-012b-4c3c-960c-01cf29e0d952
1984,1984,Jean‐Luc Lahaye,Pleure pas,3e8db98a-983d-42e9-968f-67811c613569
1984,1984,Jean‐Luc Lahaye,Plus jamais,32d239ea-29d1-4011-a143-3f528efa8f03
1984,1984,Jeff Lynne,Video!,d9e17679-6070-41f8-878f-2fc6abfac77b
1984,1984,Jeff Tyzik,Jammin In Manhattan,98529635-1dbf-4bb3-88e2-0d50e8698bdb
1984,1984,Jeffrey Osborne,The Borderlines,480218e2-b06e-4787-a604-e38298a4de9c
1984,1984,Jellybean,Sidewalk Talk,a3519632-16d3-4f2e-91c7-af793be07b1d
1984,1984,Jellybean,The Mexican,fd1c0498-98fe-4e9d-b790-7294818ae915
1984,1984,Jennifer Clay,Tell Me Why,cc195264-7a8e-4a0a-9fc1-85df86fd92ed
1984,1984,Jennifer Rush,25 Lovers,fabd3fcb-06e3-4ba8-8d10-f75639e6c854
1984,1984,Jennifer Rush,Ring Of Ice,674aefa0-76b8-40fe-bb69-a8948b3d57b0
1984,1984,Jennifer Rush,The Power of Love,4397459d-bf00-331b-85c7-78fb676c6232
1984,1984,Jermaine Jackson,Dynamite,e31c37c9-b9b2-4aa7-a5cf-5aac9d3c95f4
1984,1984,"Jermaine Jackson, Pia Zadora",When the Rain Begins to Fall,a0d4c777-89b1-4cb2-815b-fa08cbee8cda
1984,1984,Jerry Deewood,"She Said, I Said",748a840d-3ba7-476a-ad07-9fd9bb9eb050
1984,1984,Jerry Moon,Over and Over,16edc893-f78f-4a17-804a-e46e2f40d089
1984,1984,Jesse (The Body) Ventura,The Body Rules / Showdown With Mr. V.,aaa46966-cd2b-4c34-8db0-5d60f61759d8
1984,1984,Jesse Garon,Lucky Dom Dom,c56ba031-7b89-3a6b-8168-45e0a20bf556
1984,1984,Jesse Garon,Nous deux,c978cd4b-a17c-3ec6-816e-13ec2b34f240
1984,1984,Jesse Rae,(It’s Just) The Dog in Me / Be Yourself,ad13fbca-c184-4dd1-b84e-9b5a41e3f462
1984,1984,Jessie,Kaarsen en rode wijn,d8a9c4ee-149b-4542-a9e9-5fac4f72d982
1984,1984,Jesus Couldn't Drum,"Even Roses Have Thorns / Everyday Occurrences, Parts 1-5",ead1ba0e-885e-4945-86b8-3b7a64f8af5d
1984,1984,Jet Set,Love Break,8cd1dbbc-2d53-441b-af70-47eb63728354
1984,1984,Jetzt …,Acht Stunden sind kein Tag / Meine stille Generation,78a7c63d-87ee-44d9-997c-1dc1360e80c9
1984,1984,JFK & the Cuban Crisis,The Ballad of Jackie O,74f29ee6-8bf2-4ac0-a31e-6539368f4acc
1984,1984,Jim Basnight,I Want To Be Yours,c7405850-568e-4412-80ed-3bae9dda66de
1984,1984,Jimmy Buffett,Come Monday / Margaritaville,0537ad1d-da98-4f3a-a39d-cc833e227199
1984,1984,Jimmy Ruffin,Young Heart (Hang On) / Hold On to My Love,9bc29bef-dd4e-49bb-adc1-1884c8bd147b
1984,1984,Jimmy Ruffin & Jackson Moore,I’m Gonna Love You Forever,a146fb49-08ea-427b-b2a5-5a5822fab012
1984,1984-11,Joachim Witt,Das Supergesicht,24ffd879-7aa4-460d-90e7-86204881a49b
1984,1984-02,Joachim Witt,Wieder bin ich nicht geflogen,f8fe3d10-a86c-4f3e-90ea-a8516a448b68
1984,1984,Joanne,Een beetje rock / A little rock,1dccca9a-3521-408f-8ab7-0af84469f190
1984,1984-03-07,Jocelyn Brown,Megamix,4cc6eff0-bb31-4b73-a686-ec5936e09255
1984,1984,Jocelyn Brown,Somebody Else’s Guy,626fe39c-8a73-4b21-8e8e-8ebe0619b4b8
1984,1984,Jodel Jerry,Blonde Rose uit Colorado,7d8bda49-0293-45b4-b509-d7a64cfec791
1984,1984,Jodel Jerry,Ik ben ’n cowboy met pech in ’t leven,283dde16-c081-4568-ae77-d3b1d758f127
1984,1984,Jody,Where the Boys Are,dabd738a-b69d-42ec-bf6a-73ef44c7bcd1
1984,1984,Joe Car,Dancing Dode,a40a79d4-e4ef-4402-9e70-7c8c922901b3
1984,1984,Joe Jackson,Happy Ending,a8dd11aa-8b24-489a-9509-3574106f4301
1984,1984,Joe Jackson,You Can’t Get What You Want (Till You Know What You Want),10ab8c5b-4df4-476a-8f30-90a212e5ee9b
1984,1984,Joey G.,Radio Ears,d563a475-b314-482f-919f-aa1af0a13c48
1984,1984,Johan,Juke - Tuke - Juk,ff057906-b7f2-41df-8dde-9dee3d8ae159
1984,1984,Johannes Kleppevik,Tar du med ei helsing / North Atlantic Ocean,0cac34e0-be7e-484b-a579-6330ea14e64f
1984,1984,John & Andrew McCoy,What a Night,c8d79c34-a6df-4c31-b4de-0150b6f43e7f
1984,1984,John Bred,Het vissersmeisje,07b41464-c9a0-4511-b200-5eae410a02d3
1984,1984,John Bred,Waarom ging je heen...?,67d2e867-1c8c-46ce-a377-b24706ae66ac
1984,1984,John en Belita,Jij Was Nog Een Kleine Jongen / De Klok Gaat Niet Terug,3ea586ce-4134-4436-bc96-438ff8f28672
1984,1984,John Farnham,Justice for One,9f5f944f-4521-472c-86dc-36131d44f9b4
1984,1984,John Farnham,Nothing's Gonna Stand in Our Way,c0d01185-6b1c-4bba-96b9-77d2457a073c
1984,1984,John Fogerty,The Old Man Down the Road,9492f818-5a4b-4096-b638-485e29c5c69d
1984,1984,John John,Hey Hey Girl,6123f35b-2e15-4ec1-99c7-f84483aff9f0
1984,1984-09,John Kennedy,Forget / The End of the Affair,d392cf41-1213-41de-8cf3-1b507fecf06d
1984,1984,John Lamers,Crazy Love / Waarom krijg ik geen gehoor?,d6fcd79d-3326-4873-a43c-fae30117df76
1984,1984-03-09,John Lennon,Borrowed Time,ecdae4b2-87c7-4454-8b11-d0a58c75ba8b
1984,1984-10-05,John Lennon,Every Man Has a Woman Who Loves Him,2529efa8-cc32-4e50-9e0e-28dfee75ae77
1984,1984-03-15,John Lennon,I'm Stepping Out,8b11b5dc-5755-44f6-8cf1-b20954dec7f0
1984,1984-01-05,John Lennon,Nobody Told Me,50d1189b-aef3-436d-ad77-69ad054fc0fb
1984,1984,John Parr,Naughty Naughty,7fd52c64-14ac-41d2-bf0e-307a3b2abb26
1984,1984,John Rocca,I Want It to Be Real,cda85eb4-c8d8-41e4-bb60-a0007cb13683
1984,1984,John Rocca,Once Upon A Time,06b2069c-b7ee-49a3-8349-0e97b03202e2
1984,1984,"John Small & John Small, Jr With Barry Ware",Seven Drunken Nights,1a96379a-2af4-4da9-9bce-7b4d892d6155
1984,1984,John Spencer,Een meisje voor altijd / Bijna zeventien,6dd05946-dd6e-3ec5-b0fc-376afe02ecf4
1984,1984,John Spencer,Sugar Baby Love / Geef ’ns antwoord,f77a1005-93b0-45e9-a876-953a4598ad62
1984,1984,John Spencer en Lyda,Telefoonbaby / Voor jou,b2f49a20-3411-4e45-b968-fb4a7fa2ee94
1984,1984-06-23,John Waite,Missing You,bf48d7ec-2789-4b63-b916-09b83c9bc6a2
1984,1984-05,John Williams,Anything Goes,c5bd52bd-5b30-4957-ae93-d644641f2770
1984,1984,John Williamson,Dad’s Flowers,1f4979ef-632f-455b-82d3-f73c51bc53e9
1984,1984,John Williamson,I’m Fair Dinkum,700e69b8-ec22-4796-8636-fab6480b8af6
1984,1984,John Williamson,Queen in the Sport of Kings,1cb005e4-976d-4119-b535-f38db9e63806
1984,1984,Johnny,Ne tuez pas la liberté / Rien à personne,40499ea4-26eb-4612-94db-bb2bbdf9c6e1
1984,1984,Johnny Blenco / Jan Petat,Alleen de gedachte / De feestelijke mars,e9183293-9d53-460a-a1e9-45c04c7492d8
1984,1984-07,Johnny Bristol,Hang On in There Baby / Memories Don’t Leave Like People Do,1e8ec4b8-0dbb-4f6b-a3ef-39c264a843d9
1984,1984-06,Johnny Cash,The Chicken in Black,70a132ec-c387-48f1-b8a4-f0de99c0471a
1984,1984-12,Johnny Cash,They Killed Him / The Three Bells,580b8f4f-5426-46e9-b6bf-92ac612211b0
1984,1984,Johnny Chester,(’Til) I Kissed You,60a61938-ab59-4de4-a2be-decdaa63646c
1984,1984,Johnny Chester,Let’s Make Tomorrow’s Memories Tonight,f04ebb7b-9905-443f-92ca-06d5cdecba9e
1984,1984,Johnny Lion,Marijke / Bekijk ’t,ee2941a4-f8a2-4faa-8d4b-d51bf17b06ab
1984,1984,Johnny Mels,Ik wil niet weten hoe je heet / De wilde jaren zijn voorbij,3726f30f-bfe9-4b17-955f-0069da88e0fb
1984,1984,Johnny Mels en Rise and Shine,Kom weer bij mij / Monika,05668fa7-9913-4748-bb69-3d6d501e710a
1984,1984,Johnny Osbourne / Wayne Smith,In the Area / Saying Goodbye,d02f31a9-7a59-4d59-8080-a0de374b70a8
1984,1984,Johnny Summer,Op Eens Is Het Zomer,6d00b04a-04fa-4eb8-9686-9456fab2dce1
1984,1984,Johnny Thunders & The Heartbreakers,Get Off the Phone,c090699f-e04a-4168-9982-aacc5d8f6aed
1984,1984,Johnny Warman,Beat Patrol,8ebd88bb-96ff-43b5-8c4a-7cb7f9dc624f
1984,1984,Jolo,Last Call,97f1e615-7463-4128-bf5c-7b34d82832b7
1984,1984,Jon Secada,Love With A Smile / Wishes,e7ddd8f3-9a6d-4e00-93d8-112c946d6bd9
1984,1984,Jonas Fjeld Band,Goodbye Sixteen / Sitting on the Rooftop,17166b6f-86a8-4ba6-9145-adb30f32db6a
1984,1984,Jonathan Coleman,Busy Bleeding,2a64dc1b-61cd-4f00-9fe0-43e69eb21063
1984,1984,Jonna,Oltiin kerran vähän kahdestaan / Kulta polkee fillarillain,f74181ee-d0ad-40d2-ab75-1cd498c995fd
1984,1984,Jonzun Crew,Lovin',c00ed363-ed6a-438b-9fe9-fc0c2bf2f66f
1984,1984,Jonzun Crew Featuring Michael Jonzun,Time Is Running Out,5d490534-cc43-4c4c-a37b-9bb0f70d3aa7
1984,1984-06,Jools Holland,Black Beauty,54a32c95-0803-4a50-b9b1-ba1050827c86
1984,1984-07,Joolz,The Kiss,038277ca-6c1e-47c6-8128-4cd40d313235
1984,1984,Jos Jansen,Een vergissing,9cb2e9f2-1c97-466c-8e0d-045e969a1f54
1984,1984,Josef Melen a Dagmar Herzánová,"Né, Pětku Né (No Milk Today) / Školo, Ahoj",ef22c604-be5f-4f1a-aa4b-3d5c87bf826f
1984,1984,Josiane Balasko,La Dernier Twist (chanson du film “La Smala”),d7160e5a-7495-41cc-b636-1380c5a7050e
1984,1984,Josje,Twee kleine Italianen / Mooie uren,120b5ead-1cdf-434b-a1a4-b68740477186
1984,1984,Josué,Dile que vuelva / Cruzando el Río Bravo,c4497e90-ee77-4a2b-96ff-352b57f20473
1984,1984,José,Time Goes By / Lonely Without You,6ee01d54-a398-4415-a471-e9b4229ce7bd
1984,1984,Joy Fleming,Dance Tonight,e95b9a15-92d5-453b-8a35-7d587897b36a
1984,1984,Joy Fleming,Helden werden auch mal älter,0810e945-a8e7-4d31-9c25-ba6b75643650
1984,1984,Joy Fleming,Wie ein Felsen,728330e7-af83-4563-8e77-3c600ccc2124
1984,1984-07-21,Judas Priest,Green Manalishi (With the Two Pronged Crown),6df29ec2-930e-4323-bbf9-9ebb62226285
1984,1984,Judas Priest,Love Bites,8e3ccba4-57d4-48cb-a52e-637142724e26
1984,1984,Judas Priest,Some Heads Are Gonna Roll,1f964c16-5e2b-4177-aaa0-eefc8812602b
1984,1984,Juicy,Beat Street Strut,adec9ed7-743c-4d75-b2a5-3706ceed0dad
1984,1984,Jules Shear,When Love Surges,84234d4c-aa93-4914-bde7-9ae9ddec2046
1984,1984,Jules Tropicana,Welcome,e26327f8-ff51-4f49-8f97-f8d4899e6b12
1984,1984,Julian Cope,The Greatness and Perfection of Love,cdea5429-56fa-4667-b49e-5d89f3cf962d
1984,1984,Julian Lennon,Too Late For Goodbyes,7bcdd8d6-040f-46d8-984a-79ed014f0c8c
1984,1984,Julian Lennon,Valotte,9f2a834e-edbc-499d-b1ca-c83353345c7d
1984,1984,Juliane Werding,Drei Jahre lang,2074f800-cfd4-46b6-a506-4ebea03c7558
1984,1984-01,Juliane Werding,Geh nicht in die Stadt (heut Nacht),97b1f19c-b967-442c-a48b-8c47c71428af
1984,1984-05,Juliane Werding,Sonne auf der Haut,5d133e08-d6b0-446a-a06f-e5be65ac87fb
1984,1984,Julien Clerc,La Fille aux bas nylon,4a6bddcf-0d54-463e-89b5-8e7ef933934e
1984,1984,Julien Clerc,Mélissa,9982a39a-ec63-4c04-8715-2496167e0057
1984,1984-08,Juliet Jonesin Sydän,Tulipunaruusut,1750aeba-e80b-3363-b296-11149e71916e
1984,1984-06-12,Julio Iglesias & Diana Ross,All Of You,20b18ddb-8559-4e06-b28d-74bade5c3427
1984,1984,Julio Iglesias & Willie Nelson,To All the Girls I’ve Loved Before,e19fc1f1-1a83-4c2a-9355-ebc19f7cce1a
1984,1984,JULLAN,BECAUSE of LOVE,7c1cb4fb-86db-4471-b947-495275deff01
1984,1984,JULLAN,Imaginary Doll,022d8f2e-c3a8-47c3-81e9-65805b265d93
1984,1984,Juluka,Fever,c3d67c75-7fb3-42b6-a570-402424119aef
1984,1984,June Kingston,Say You,b4fd8867-cfdb-48a9-a02b-06c1dce142f7
1984,1984,Juno,Sympathy,28ef04b9-1390-41e9-87a8-a48ea4fb1d0a
1984,1984,Justin Hayward,Forever Autumn,1a0a6c33-9786-3a67-a886-764105a9f765
1984,1984,Jörg Hindemith,Heut kommt Marie zurück,926c24c9-586f-4642-9dfe-e39239e31fbc
1984,1984,Jörg Hindemith,Rock'n' Roll-Party,bf46dd25-4554-4536-8e50-91f2ff2cba4c
1984,1984,Jürgen Drews,Ich spür deinen Herzschlag,af4d9e07-7b09-48c4-8b30-fc260422570b
1984,1984-10,Jürgen Drews,Und bei Nacht stehn wir in Flammen (acht Stunden unter Strom),54fcbeb7-36c8-4161-ac61-2329afb4f374
1984,1984,Jürgen Marcus,Ich lieb dich mehr,e6c70c77-bb5b-41cc-adb9-1fdde4966ede
1984,1984,Jürgen Renfordt,Tanz auf dem Vulkan,187584a2-75a4-4bdf-a022-645265add20f
1984,1984,Jürgen Renfordt & Denise,Kein Wort zuviel,fcaf00fd-630b-4c9a-8806-d977306c3b15
1984,1984,Jürgen Walter,Clown sein,188f45e6-f84d-40db-bf0c-1e2b3ac9bd6a
1984,1984,K-Ram,Ménage à trois,d6daf739-9c7f-4946-97d0-40062fecf6db
1984,1984,Kadanz,Failliet gaan we toch / Als toen,204df2c1-ac87-49db-9f92-edaf4be850aa
1984,1984,Kadanz,Gouden bergen,81d7a654-0588-4c49-9f0f-3a3ffae9fade
1984,1984,Kadanz,Nachttrein / Iedereen rijdt door rood,48ae85f3-cfe8-4f1d-b866-014e46292220
1984,1984-05,Kai Martin & Stick!,Dans är synd,458a1b27-7cbd-4274-963f-c96a3b2cb5c0
1984,1984,Kaija Kokkola,Velho / Kolmen jälkeen aamulla,a913d959-6e63-4d8b-b0d9-c8327a03890e
1984,1984,Kairo,Rakkaani myy bensaa,ffb58e54-a7a0-46ba-9ded-0a315acd1632
1984,1984,Kaja,Turn Your Back On Me,538d76c8-c6e5-423e-b251-418196f8c6b3
1984,1984,Kajagoogoo,The Lion's Mouth,75a884bd-05b5-4a35-ba7f-e6597df91a23
1984,1984,Kajagoogoo,The Lion's Mouth (The Beast Mix),fdb37945-2976-4447-b07e-0d910109d5ec
1984,1984,Kajagoogoo,Turn Your Back on Me,626b37d6-62e9-4013-85fc-59289416415d
1984,1984,Kaline,Mon Coeur Dérive,68589254-50c4-4bd7-892e-7be6699eb80e
1984,1984,Karat,Booster - The Most Popular Of Karat,c69a2d62-d2a5-41fe-80c6-40cc2bd1e384
1984,1984,Karat,Kalter Rauch / Unterwegs nach Haus,48677aea-89eb-4dd7-9a72-eadb05384ad8
1984,1984,Karel Gott,Geh' nicht vorbei / Du bist bei mir heut' Nacht,b8c2d34d-0744-4369-b936-82d579eeca6d
1984,1984,Karel Gott,Hinter der Sonne / Einmal schweigt der Wind,49bacf8f-9db9-4f56-aff6-29832d5e5be7
1984,1984,Karel Gott,Myriam / Gefühle,fdd9e756-165b-41a7-a525-ad103d06317a
1984,1984,Karel Gott,To musím zvládnout sám / E 14,e4b839d2-9094-4ef9-bda8-6a1d1895774d
1984,1984,Karel Gott,Věčný laik / Vstávej,15a10443-e337-455e-ab9c-ca235e3aa34a
1984,1984,Karel Gott,Zůzi,ac434564-d3fb-42d8-ab5d-7241051e8dac
1984,1984,Karel Gott & Darina Rolincová,Zvonky štěstí / Moje druhé já,537d9065-2165-402c-a5ff-1e138a3fc12d
1984,1984,"Karel Gott, Helena Vondráčková, Petra Zámečniková","Dingi-Lingi, Ding-Dong / Zvon lásky",5bde78c8-1cc5-4188-87a7-39f812e963d0
1984,1984,"Karel Gott, Jitka Zelenková","Svět stál / Oh, Baby, Baby",37376956-a8be-47e8-a77a-2c0f01fb6684
1984,1984,Karen Cheryl,Feeling,762992c9-95b8-4181-9cd0-11c6c4cd41e2
1984,1984,Karim Kacel,Fais de la musique,f66b6c50-8515-4314-8874-6ca833afffee
1984,1984,Karla Bonoff,Somebody's Eyes,5e1e56b0-cf85-4373-a511-61a5687b51a7
1984,1984,Kasso,I Love The Piano,dbf0253a-ea7d-4402-93ad-3dddceb2218f
1984,1984,Katie Kissoon,I Need A Man In My Life,f8a4e38f-a900-4e5e-8351-ad834bf3ce43
1984,1984,Katrina and the Waves,Plastic Man,eb664da3-ec0a-4646-802a-24c421f5cfbe
1984,1984,Kees,Elk uur,d2df4719-815b-4e0c-b6fa-51150102067d
1984,1984,Kees Aktueel,"Hé, kasteleintje, geef mij nog maar 'n kleintje / Bingo is in",9d07d53e-6593-40b8-9d3c-07f6aac026c4
1984,1984,Kees Verlee,Tommy,fa89c156-03dc-4ffa-b861-aad7753107a6
1984,1984,Keesie,Zolang er sterren aan de hemel stralen / De clochard,9fe3fcac-f297-4ac7-b7e0-8c4e7af34836
1984,1984,Keine Ahnung,Plastik,88c06b39-f3c7-306d-82f3-e86f61a962cf
1984,1984,Kelli,You Just Need to Love Somebody,3a48b8ef-a8f5-49c6-a21d-daf69cb11d25
1984,1984,Kelly,Breakout,46617997-d19f-4631-be5b-880faa0c3ffd
1984,1984,Kelly Moore,S.O.S. (Love to the Rescue),14dff7f9-106e-4c59-a05b-c705b92216fb
1984,1984,Ken Laszlo,Hey Hey Guy,5bd13475-e408-4c72-a8b8-5d713050e8b8
1984,1984,Kenny & Dolly,Christmas Without You / White Christmas,a642a7e3-d10a-4572-b59a-0a8d1c8e8db9
1984,1984,Kenny Loggins,Footloose,069ffcf4-310d-49e0-b11e-9ce764536b20
1984,1984,Kenny Rogers,Crazy / The Stranger,5b31d81b-fae0-4892-8b02-9b0ef6e5522b
1984,1984,Kenny Rogers,Ruby Don’t Take Your Love to Town / Lucille,b45ca181-df03-4309-a42e-298a11cb0a88
1984,1984,Kenny Rogers,"Ruby, Don’t Take Your Love to Town / Reuben James",0f901a41-fb00-4c49-925e-c5eba82f275b
1984,1984,Kenny Rogers,The Christmas Song,6d1ea9e3-56cf-43cb-aff7-5702c83b63ee
1984,1984,Kenny Rogers,This Woman,2dca9ebd-be9a-4390-9757-b06a5b47f4e4
1984,1984,Kenny Rogers,This Woman / Eyes That See in the Dark,a3db4b09-c1b0-41ce-aa26-2eb7f15c7b80
1984,1984,Kenny Rogers,This Woman / What About Me?,bbe41830-6804-450d-843f-e1879b6f783d
1984,1984,Kenny Rogers,What About Me / Heart to Heart,d0d3732d-de14-4993-a003-98868d7bccce
1984,1984,Kenny Rogers & Dolly Parton,The Greatest Gift of All,f125bea8-39fb-49f0-9b90-aed3aac1713f
1984,1984,Kenny Rogers & Dolly Parton,The Greatest Gift of All / White Christmas,6c6d69d2-44c6-4838-88d4-0f67b369e497
1984,1984-10,Kenny Rogers & Kim Carnes & James Ingram,What About Me? / The Rest of Last Night,401d30bc-91c4-4bea-b8cf-ca3bbf5c4fed
1984,1984,Kenny Rogers and Dolly Parton,I Believe in Santa Claus / Christmas Without You,8360f802-73de-4fdf-9510-bd54001353ff
1984,1984,Kevin the Gerbil,Summer Holiday,73f07837-b3dc-4a6b-8622-230d00ecafd8
1984,1984,Key,Illusion,ee850798-ad32-4a2d-b309-61da5c04a8c3
1984,1984,Key-West,Got To Win,14e0bca4-f523-4583-97fa-e1f7b0237159
1984,1984,Key‐Matic,Breakin' in Space,24f729c8-61b6-3f99-b4f1-7140c4bde338
1984,1984,KGB,Es war nix,48a8445a-e45a-467a-93df-db5b756d93aa
1984,1984,KGB,Ich denk' nur an dich!,c3454fc0-7fe1-4c66-aec2-233743a3f939
1984,1984,KGB,"Motorboot / Ei, Ei, Ei",8f73919f-6f4b-4a6d-8c8a-7b55c31125cb
1984,1984,Kid Creole and the Coconuts,My Male Curiosity,7833cce5-5dd9-4467-97b8-6c3151e9c28e
1984,1984,Kid Frost,Rough Cut,11cbb608-ffe2-474b-aed1-0204a9bc027a
1984,1984,Kilkenny Cats,Attractive Figure / Of Talk,871b7471-d515-4f0e-9dfd-7a56889cb089
1984,1984,Killer Pussy,Moist Towelette,978d1f00-ed46-45f8-a12d-9ff613285a21
1984,1984,Killing Joke,A New Day,3ba7d1a2-1aac-37f5-b031-7eaccbfc1f9f
1984,1984-04,Killing Joke,Eighties,6375a024-a23a-3185-9665-9f28a67c6ab6
1984,1984-07,Killroy,Killroy Is Here!,5e35afc5-563b-4581-bc94-19216520ab91
1984,1984,Kim & Callahan,Cadillac / Feelings Gone,488ffa0b-2a86-4ba1-ab9b-b2318d1a2c22
1984,1984,Kim Fields,"He Loves Me, He Loves Me Not",16b9e480-3baa-46c3-9897-e836409be8dc
1984,1984,Kim Mitchell,Go For Soda / Caroline,d53432f8-48d2-4973-92cd-1d6985637bd7
1984,1984,Kim Wilde,Bitter Is Better,4f257b78-d097-4ca6-8063-b6aeffc8431e
1984,1984,Kim Wilde,Rage to Love,62c1e32f-e15c-424d-b92c-50c15449eff3
1984,1984,Kim Wilde,The Second Time,5f9834a6-a87b-415e-9e1b-a43d9253b114
1984,1984,Kim Wilde,The Touch,c85bde12-1b0f-4047-81b3-8e7d4858e4cc
1984,1984,Kimmy,Paint It Black,ddba3e19-6356-4ee3-abbc-9a162f482064
1984,1984,King,Love & Pride,300c804d-e4ac-3098-8d34-85c2fa5c634b
1984,1984,King,Soul On My Boots,783fe207-8781-40f2-932a-71eacc1c68cc
1984,1984,King,Won't You Hold My Hand Now,aac7eaed-ddb0-4831-a6d3-bb4d35e1143d
1984,1984-02,King Crimson,Sleepless,c3054950-ed47-4d98-9aab-197668e44256
1984,1984,King Kurt,Mack the Knife,868bc277-d232-30d1-8d53-732ac8d4a96a
1984,1984,Kingdoms,Heartland,0775dbd4-d375-4f0d-83e7-d29369ea425e
1984,1984,Kirlian Camera,Edges,b285c723-5c2b-3521-9e4c-e44621f05b1d
1984,1984-12,Kirsty MacColl,A New England,84396fda-9e44-3df0-b6a2-ca95e79d9571
1984,1984-01-21,KISS,All Hell’s Breakin’ Loose,033f3f21-7b75-4ed8-b2ae-40296fbc03e8
1984,1984-09-19,KISS,Heaven’s on Fire,7b22576a-33c5-40e3-b1b3-74f586a9a15d
1984,1984,KISS,Thrills in the Night,a4877be1-bdbb-4455-aafe-33b4b68c7a67
1984,1984,Kiz,Wo sind meine Alpen,7b182ced-5c70-4a56-83dd-6f89812c9205
1984,1984,Klapto,Queen of the Night,d99282e3-69ca-4943-853e-a7954e7b683f
1984,1984,Klaus & Klaus,An der Nordseeküste,a9fb7290-313b-4794-a05b-e64c54679bf7
1984,1984,Klaus & Klaus,Viva la Mexico,95f539a1-0cd9-4d38-a82e-29e483a24786
1984,1984,Klaus Brendel,Fiesta in Acapulco / Party Romance,12443dee-0ed5-4961-9572-b8740374d6c7
1984,1984,Klaus Lage Band,1000 und 1 Nacht (Zoom!),69217f76-1a80-4d98-a937-65ecb86312e6
1984,1984,Klinte Jones,In the Heat (of the Night),6a3d5a60-4187-4ab3-bd2a-71f64d3e8162
1984,1984,Klymaxx,The Men All Pause,51398df6-2814-4234-99a5-75a70d0152d9
1984,1984,Knights of the Turntables,Fresh Mess,ab585d63-c2a7-4de9-a558-eca995cddcb8
1984,1984,"Kodály, Alfvén, Enescu; Baltimore Symphony Orchestra, Sergiu Comissiona","Háry János Suite / Swedish Rhapsody No. 1, Op. 9 ""Midsommarvaka"" / Romanian Rhapsody No. 2, Op. 11",1f26d54b-5c21-4fe0-9fda-c35a0b21e3b8
1984,1984,Kolmas Nainen,Olen sekaisin / Mennä vai no? / Etsikää Asseri,9ebd7b02-6131-43f2-8352-be4d1a11c822
1984,1984,Kool & the Gang,Cherish,8002ef1e-680f-4772-a5c0-7f60fec8f789
1984,1984,Kool & the Gang,Emergency,5c447f52-6c2d-4c13-818d-3e8220c3bd22
1984,1984,Kool & the Gang,Fresh,154a4cf4-ac60-3325-901c-8e7d0c5fd8b9
1984,1984-11-24,Kool & the Gang,Fresh (remix),3327e1d1-f236-4a15-a947-4b85beac74ae
1984,1984-11,Kool & the Gang,Misled,cb04f567-dcc2-43f8-b23e-1e228f51b69c
1984,1984,Koos Alberts,Gisteren heeft zij me verlaten / Laat mij alleen,45b77add-5b86-4e39-9182-4e363379e74e
1984,1984,Koos Alberts,Ik verlang zo naar jou / Iets van gevoel,2ed6d58e-b31c-4f4e-a988-ecd4260632dc
1984,1984,Koos Alberts,Ik verscheurde je foto / Ameland,173da6ae-c669-483b-b099-1dcdd3f01372
1984,1984,Koos Alberts,Kerstmis in de Jordaan / Waarom ben ik met Kerstmis zo alleen,e4a83e5f-883d-4be8-8f8f-19e600b702c9
1984,1984,Koos de Boer,Het boeren abc!!,c7a631f8-f5c9-422f-9f5a-a011a55ed7f7
1984,1984,Kottan's Kapelle,I geh nie ins Bett,2d94e43f-4029-4a2b-a84b-994d6bbd7471
1984,1984,Kottan's Kapelle,Jellinek (Cadillac),827c5146-4a74-4dc6-b7fd-69b2ccf0e796
1984,1984,Kottan's Kapelle,Wo bleibt der Detektiv,09255bf6-4b0f-495c-bed0-f3d75aa389a8
1984,1984,Kottan's Kapelle & Hans Krankl,Rostige Flügel,ca48c706-2fed-4a88-93d1-faf71f23c98b
1984,1984,Kreamsicle,Playgirl,34a8ef7d-e14d-4031-bc1b-7524df3e3079
1984,1984,Kristel,Die melodie / Hier is wat liefde,f33bce38-f037-4960-9b0a-91a6ab9fae13
1984,1984-07,Kristina Bach,Heißer Sand,19e0a594-89fe-4e4e-a0ce-8c18250ce126
1984,1984,Krokus,Ballroom Blitz,985516aa-4294-42cf-b9e7-63951036933b
1984,1984,Krokus,Midnite Maniac,8f329b98-5dae-468d-af6f-5de9dfe3b8d9
1984,1984,Krokus,Our Love,d284b002-f7a0-4074-a9e2-f90c95309b64
1984,1984,Krootchey,Qu’est‐ce qu’il a (D’plus que moi ce négro là ?),14ccc828-cb8f-4e97-8009-3090aa28e6bb
1984,1984,Kråkan,Jag ska tända en eld,ec05182d-849f-4b29-b4e3-2ae23f59acad
1984,1984,Kröösa-Maja Rockers,Rebellerna / Hemma på min video,caa250fa-856e-4df2-870c-1c3aacc6de60
1984,1984,Kudos,How Can This Be Love,17cc66ef-cc05-4135-9bb7-3b936bad8db7
1984,1984,Kurti Elsasser,Du Hast Geweint / Festival Der Liebe,edc57bfd-d957-4e40-be15-8b37a46846f7
1984,1984,L En B Band,Back Out,ab9a39a4-09a5-4f2c-8eab-0ef785188106
1984,1984,L.S.D.,Destroy,f57ed995-c648-4156-9509-53859c3c3585
1984,1984,La Marque Jeune,Les Dalton,ad818d3b-3a1c-4e6e-a7de-6160eb36d457
1984,1984,La Mode,En cualquier fiesta,0348e0d9-561b-40e7-b9b4-98c73d454dc7
1984,1984,La Mode,Por amor al arte,070838a2-0dbe-41f1-86fb-eb5a9d3fc580
1984,1984,La Sonora Dinamita,Lamento marino / El esclavo aquel,0039eadf-79ca-4244-a5b4-60a3bcaa3e43
1984,1984,La Union / Peter Schilling,Lobo-hombre en Paris / Terra Titanic (English version),bdeb4208-0d7f-47ca-ab32-be616624386a
1984,1984,La Unión,Lobo‐hombre en París,869f030e-1edc-44d7-9139-0a01dad03cb2
1984,1984,Lady Lily,Patrik Pacard,d5ec96c6-72cd-4826-9115-a6dff0e35f24
1984,1984,Laga-Laga,Je bent zoals ik dacht,c9d5a478-f119-4209-b68c-ce7537d11106
1984,1984-02,Laibach,Boji / Sila / Brat Moj,1b2daf1c-de09-34ae-a4c8-11fcf753c25b
1984,1984,Laibach,Panorama / Decree,1b42375a-2201-3bbe-958e-25fc161de0f8
1984,1984,Lake,Dreams in the Night,46e28662-bc1a-46ce-af1d-4c60d0c84830
1984,1984,Lakeside,Outrageous (Remix),bc891489-a5ef-4ab8-942c-53a6749f7acb
1984,1984,Lancelot,Far Away / Miss You,7e97f209-5d9a-4a5f-9ad6-0e743fad1711
1984,1984,Language,Goodbye Indian Summer,35438b34-7fec-4f8b-b3a3-9c62bb175771
1984,1984,Lani Hall a duo con Camilo Sesto,Corazón encadenado,0272305a-fbc2-4d9f-88da-875d73ae945e
1984,1984,Laroche Valmont,"T'as le look, coco",8917952d-50f0-4d20-9748-c7188c93ce93
1984,1984,Larry Wallis,Leather Forever,025489e5-210d-4c0b-bd01-8661108dc2af
1984,1984,Larry Wu,Let Me Show You,e0bedeae-0b13-424e-b39e-27667d05bfad
1984,1984,Larsen,Requiem / El Payaso,ccd0049d-35ad-4f71-9fc8-ea37c4916e8e
1984,1984,Las Chicas De Nueva York,La cebolla / El piripipi,7dcb178b-2f43-47ee-a4fb-015bd9e47cc2
1984,1984,Last Rights,Chunks / So Ends Our Night,6be0698e-82c9-3374-9e0b-1b82252ff165
1984,1984,Last Stand / Noonday Underground,Scum Guns / Injun Joe,39beabfd-5d3b-48a2-ac47-fa7d6bf8133f
1984,1984,Latin Electrica,The-Special-Latin-Non-Stop-Disco-Mix,c14487f1-eb75-4cdd-a4fd-4234116ebb61
1984,1984,LaToya Jackson,Heart Don't Lie,faeaed41-0558-4e6e-a299-1e47d922b2df
1984,1984-11,Laura Branigan,Satisfaction,ae1ccc9b-22f3-4b27-ae7a-c6e59713208f
1984,1984,Laura Branigan,Self Control,7e836549-1631-43ea-8b26-7df7cb4183c4
1984,1984-08,Laura Branigan,The Lucky One,e3ab6350-3cac-4e9e-a58b-7d2c75d9adc6
1984,1984,Laura Branigan,Ti Amo,5f013edc-a0d7-4892-84c2-80b0695d3203
1984,1984,Laura Branigan,With Every Beat of My Heart,b7f79e66-bda7-449f-8a81-d10de35b0b72
1984,1984,Laura Pallas,Emergency!,76c1095f-7c8c-4e6f-b84c-9ea86f29f938
1984,1984,Laura Pallas,Hands Off,09264008-e178-4c7b-8853-2e542e474556
1984,1984,Laurențiu Cazan,Uită Tristețea,a818fef0-ead5-4fbd-8bcc-1188be267582
1984,1984,Lavabos Iturriaga,Imágenes del ruido,486e9440-0cf9-4f93-8307-992c7841af01
1984,1984-07,Lavolta Lakota,Prayer,05ba8b3b-54b1-4fa1-a88c-7ab4c2a42700
1984,1984,Le Grand Orchestre du Splendid,La Chanson D'Astérix,8e1d0e1c-18a5-472c-b74b-444453838b2b
1984,1984,Leader Band,You're My Everything,adcd8504-fb61-4e76-a8b7-ae36c72cc092
1984,1984,Ledernacken,Ich Will Dich Essen (I Want to Eat You),5c72ae69-9df0-4f90-ae4a-b868517084ec
1984,1984,Lee Aaron,Metal Queen,c5d70b1b-a1a1-4a3f-bd0b-9e6f4fd49c76
1984,1984,Lee Aaron,We Will Be Rockin',a3984464-1890-3385-b6e9-7292236fb3d4
1984,1984,Lee Towers,Let’s Get the World / Be No Fool,466e47de-fd65-422a-8329-89630a0ad3e6
1984,1984,Lee Towers,Little Lovin’ / Brush Those Tears,e4b66f93-5b28-4f78-a82d-8ae78ea15b37
1984,1984,Legion,Nice Guys Finish Last,a7051bbd-1ea7-4877-aed8-e341ba9eb0fa
1984,1984,Legion,Only Yesterday,9f3ce963-6419-4971-a4a0-051fa97f3669
1984,1984,Leitmotiv,In Camera / Morne Libido,1b1f9603-5d49-38b4-b996-57ce8ae94b2b
1984,1984,Leitmotiv,Philosophy / Helle stimme Ruhe,11908693-59ea-3a35-b7b8-e629cd8037cc
1984,1984-04,Leitmotiv,Silent Run,46b754a3-7069-4166-a4ef-bf0ccd6ed2f5
1984,1984,Lena Valaitis,Farewell (Jeder Sommer geht einmal zu Ende),29c41ca6-bad6-4ddf-9198-8f61b309415b
1984,1984,Lena Valaitis & Costa Cordalis,Wenn der Regen auf uns fällt,56387288-f107-4447-ab30-2b79f9cd9bcd
1984,1984,Leonard Cohen,Dance Me to the End of Love,577a9dbd-eda8-4321-abab-555b9075e46b
1984,1984,Leonard Cohen,Hallelujah,0ae9da82-b82d-44da-8ce4-60fb371b0fd6
1984,1984,Leroi Brothers,Ain't I'm A Dog,15aa7f3b-6f7c-49d6-a003-3e61d0190a8c
1984,1984,Les Amis,Ik zoek de zon,c5bca572-ba37-41b1-9b16-06cc62cbabb4
1984,1984,Les Amis,Vaarwel,e003b091-995d-4a65-9dbe-34fedca899a0
1984,1984,Les Baroques,Such A Cad / I Know,7a2882a3-a041-48f5-bf8f-77e601616021
1984,1984,Les Calamités,Pas la peine,37acefe4-9f24-4877-a7fb-2a3ad539d864
1984,1984,Les Calamités,Toutes les nuits,dc8e517c-300f-407e-92c5-265c4698e7aa
1984,1984,Les Charlots,Vamos a trabajar / Ça boogie woogait,991ec57f-99ce-4e8c-a9d4-2e6e98d5899b
1984,1984,Les Charlots,Yodoloï,741873ab-6c12-4e3d-af24-6f08cc9e1add
1984,1984,Les Fleurs D'Hiver,Fleurs D'Hiver / Association In White,b25f0898-f375-4c36-a610-a727a3879fad
1984,1984,Les Forbans,Flip-Flap,2b1b0e98-ba18-4a81-95aa-96c1e4ac6e78
1984,1984,Les Forbans,Tape des mains,7aa9e9a2-7eee-407a-8f95-90829d2c2cf4
1984,1984,Les petites canailles,Les Petites Canailles,f3f7c1c2-7b55-4254-a5f6-f523af1192c8
1984,1984,Les Rita Mitsouko,Marcia Baila,e374e2c6-cb01-4b13-b4a3-ac111ce729de
1984,1984,Les Schtroumpfs,Le Bébé Schtroumpf,63e890ea-27b1-4eb4-b146-daf29e404544
1984,1984,Lester Mc.Cartney,Never Before,ab9aac26-5e56-445e-85d4-93b766ec6510
1984,1984-01-01,Let's Active,Crows On A Phone Line,86246657-ac40-4d80-a3df-c725c8eff44c
1984,1984-01-01,Let's Active,Easy Does,c73e900c-7b2f-4539-994a-b913222bab52
1984,1984-01-01,Let's Active,Ring True,0d72c5f1-57f9-4e10-99c2-2cf75404e116
1984,1984,Let’s Dance,Não tenho dinheiro / Dance com a gente,5d44f175-4abf-4728-b523-705864af11ef
1984,1984,Level 42,Hot Water,8205011d-1835-4e8c-8910-3df96988dceb
1984,1984,Liaison,Only Heaven Knows,f490f8ec-43bd-431f-a16f-c4cff1a54ad9
1984,1984,Liberté? / A State of Mind,Don't Vote... Subvert Flexi,8b98d04d-a7f5-43aa-9ff5-53a510f9e0b9
1984,1984,Licence & Gigi Hamilton,Ge mej dina tankar,56d1369c-d784-41e6-ba2d-0002033f5e75
1984,1984,Liesbeth,Het was ’n moeder’s kind,d2a6b6da-a586-49a8-b421-4180403f4983
1984,1984-06,Life,Tell Me,34fc3aa6-47bf-3076-9dc2-97adb7370e4b
1984,1984,Lift,Sag mir alles was du weißt,fe2f1ece-6117-47a9-9bc1-68993c2092e0
1984,1984,"Lightnin’ Rod, Jimi Hendrix & Buddy Miles",Doriella du Fontaine,2bae5477-0bab-30bf-a31e-aba4916a56ba
1984,1984,Lilian,Alle mooie dingen,3a089717-e3d6-471a-801d-34877ab5479a
1984,1984,Lilian,Rock a Billy Baby,28770402-d1c5-45d5-a54d-f02f91116908
1984,1984,Lillo Thomas,Settle Down,fa287d96-b3c0-4769-8c2a-ea08488bbb44
1984,1984,Lily & the Gigolos,Listen to the Radio / Let It Be Now,95099df5-b08f-46dd-977d-4706b4af188f
1984,1984,Limahl,Tar Beach,fc969237-6863-42c2-93f0-3d7fa9db826e
1984,1984-10-01,Limahl,The NeverEnding Story,ab74d46c-acd7-321b-91ae-1f5287e99889
1984,1984,Limahl,Too Much Trouble,7b413c54-bd76-421f-9826-2ad55d312061
1984,1984,Lime,I Don't Wanna Lose You,9d523bda-abe1-4096-a412-dc39a9ddae4e
1984,1984,Lime Spiders,Slave Girl,d9789c9e-183a-3586-b554-8b4ffb397b74
1984,1984,Linda Leida y La Bahía,Ojos malos / Quiereme un poquitico,d2d4855c-1d28-43fe-8fad-6eaa6c6d6f16
1984,1984,Linda Lewis,Class/Style / You Turned My Bitter Into Sweet,daac63ad-fb95-41a5-9f83-5f39b07a70b0
1984,1984-09-17,Linda Martin,Terminal 3,c0c074c6-db4e-4a87-ba24-a6d0c65b856b
1984,1984,Linda Sharrock,Ghost in the House,e5ac75a6-5246-4cd7-b5c7-be64ca57bf7f
1984,1984,Linda Snoeij,"Marmer breekt / He, he, zie je niet",63a3cac4-96cb-4dda-9a4b-d29def82be81
1984,1984,Lindsey Buckingham,Go Insane,a4a47246-7b4c-4ee5-8fab-f4ac5b50328f
1984,1984-10,Lindsey Buckingham,Slow Dancing,c2bf6e8d-3442-4718-8a88-fc47b3aa5261
1984,1984,Lindy Bergmann / Goodbye Mr. McKenzie,Locked Inside Your Prison / Death of a Salesman,9944748f-1762-4a6a-a7a5-6697f57b79f0
1984,1984,Line Line,Vision,15a68a71-7015-4382-b567-61989982f1a4
1984,1984,Lio & Jacky,Tétèoù ?,0607eb87-bd2c-4604-a399-621e2d3aafbf
1984,1984,Liquid Gold,Turn the Tables,dfcdc51d-b2e5-4341-b78f-2c18487b8e95
1984,1984,Liquid Liquid,Dig We Must,1b554ba6-1da3-3f26-9c37-88dfb675edf4
1984,1984,Lisa Lagoda,Love Is a Crime,b9e78c02-96d6-4e99-b37b-8ae57a4deca4
1984,1984,Lisa Lee,I'm Taken by You / Goner,2757acb6-69f7-4cf1-b15a-ccc4e4a7a600
1984,1984,Lisa Lisa & Cult Jam with Full Force,I Wonder If I Take You Home,b5eddbf6-e9a7-425a-9be9-8564915a2cc6
1984,1984,Lisa Warrington,I Like the Way You Do It / Don’t Ask Me Why,4bacc656-808a-4091-b6fc-cbcf97a4df2d
1984,1984,Lisandro Meza y Banda Los Hijos de La Niña Luz,"Tu cumbia, yo tu mapale / Cuna de cumbia",0b5905ab-b6e1-44c6-84c5-d149592dd71e
1984,1984-04,Lita Ford,Gotta Let Go,108a15cd-09d7-4c63-a01b-11f85a1e5dc4
1984,1984,Little Bob Story,Too Young to Love Me,e4d76f80-a9b2-4d77-bda0-db641d1a4dfb
1984,1984,Little Jack Jingle,Toledo Girl,53b5e30a-516d-4749-947c-11171e58b460
1984,1984,Little John / Shadowman,You Can Do Anything / Come Me Just A Come,0d41e985-f7ff-4985-b771-f079d9624386
1984,1984,Little Richard,Little Richard's Specialty Hits - Volume One,410bdbc0-d2bd-431e-8200-cb08331e775b
1984,1984,Little Richard,Little Richard's Specialty Hits - Volume Two,af72ef7f-f3d2-44a1-9336-d96459f44108
1984,1984,Little Steven,Out of the Darkness,9039a1fe-789d-4a35-960c-dcaed98101f1
1984,1984,"Liz Anderson, Mary Lou Baker",Maybe You’ll See Santa Claus,76246112-0532-481b-bf6d-0fbb6e4ff581
1984,1984,Lloyd Cole and the Commotions,Forest Fire,96476636-5d75-424d-b151-06be4c7facb0
1984,1984,Lloyd Cole and the Commotions,Perfect Skin,ffc7cb73-13f3-3a7e-8109-0f8000be2042
1984,1984,Lloyd Cole and the Commotions,Rattlesnakes = Serpiente De Cascabel,969d9e60-a349-410e-a1af-b4d45d5ad9a1
1984,1984,Lodewijck van Avezaath,In de kantine (Kassa ping) / Een oud 2 C.V.’tje,e7eceed7-9b82-43ce-ada0-7baed55bfb7a
1984,1984,Lodewyck van Avezaath,Dan voel je je lullig / Hockey doen we met ’n stokkie,73589ac6-57a7-4aa4-a98f-db242ec2fb89
1984,1984,Loleatta Holloway,Crash Goes Love,b3fc15b6-a5e9-3588-9dde-4eb395bb1666
1984,1984-08,Lone Rager,Metal Rap,d3955427-6738-419c-818e-9130a9ddb56b
1984,1984-05,Lonely Hearts,Ambition,380ed5a5-9912-4685-9ea1-c07bc2e1da39
1984,1984,Longpig,Why Do People Find Each Other Strange?,458d3813-f2a9-3018-b481-17596152fb64
1984,1984,Lonnie Liston Smith,Say You Love Me,d2a3e4aa-06f7-49ce-82fd-677dbee9e001
1984,1984,Loopside,Starman,eeb3c280-3bfd-4e09-bab6-adc1ece32418
1984,1984,Loose Ends,Choose Me (Rescue Me),2618cd40-d7ce-45cc-bfba-d44faff45cbd
1984,1984,Loose Ends,Emergency (Dial 999),a65120d5-c597-40c7-9498-7d23ee0460b3
1984,1984,Loose Ends,Tell Me What You Want,4fe5bef6-59e2-4772-9112-ac137bfa1460
1984,1984,Lorraine McKane,Let the Night Take the Blame,629d6b4f-b5a9-4fd4-a16e-312cb94d795d
1984,1984,Los Angeles T.F.,Let Your Body (dance),739d4868-91ae-4f00-be9f-03788c2032d2
1984,1984,Los Angeles T.F.,Night Time Party,18396e4b-96f0-4927-8322-14668ef0a442
1984,1984,Los Broncos de Reynosa,El Jorongo / Ignacio Parra,482dc3fb-5c13-40ad-b4da-1dfb67b0f6fd
1984,1984,Los Broncos de Reynosa,La muerte cruzó el Río Bravo / Lindo pensamiento,e2835e86-558d-4edc-bc3c-23bc43ce4e40
1984,1984,Los Casinos de Venezuela,Swing con son / Que se me caigan los dientes,a5e149d5-8467-482b-923d-210d71093098
1984,1984,Los Cassettis,Wunderbar - Paris,30088573-bd7a-405c-af97-8a5bf8888266
1984,1984,Los Clipper's / Los Originales,El platanero / El velerito,507273cf-6d8f-4378-83a2-8198f4bed86a
1984,1984,Los Colores de Rubén Villarreal,Adiós amor / Es el,32f30efa-9e24-4683-b598-b67516730e35
1984,1984,Los Colores de Rubén Villarreal,Golondrina / Vaquerita,54946a45-b5e9-4fbc-af56-92ba7867ab85
1984,1984,Los Forasteros,No me culpes / Tu recuerdo y yo,0c010ccc-2860-44f4-957b-3600600ed444
1984,1984,Los Freddy’s,Y me enamoraré / Perder la vida,cd7a44e8-2ab4-4a7b-a7ba-7f749d933ff5
1984,1984,Los Llaneritos De Guamuchi,La Jardinera / De rodillas,105fe0a2-5ed4-4cb0-a5f3-03588c2c3e7e
1984,1984,Los Lobos,Don't Worry Baby / Will The Wolf Survive?,a79ba935-d0e8-41bb-b847-cc26e3c6b62a
1984,1984,Los Lobos,Will the Wolf Survive?,4d46c112-2dea-4ddb-a2f0-b2e913a25ed1
1984,1984,Los Olímpicos,Sufre infiel / Dímelo,843f9205-1659-45d6-bbaf-7a947b7074a9
1984,1984,Los Onderdikos,Oôs west-friesland,b462087b-e224-4b96-856b-4452103fc5c1
1984,1984,Los Originales de Óscar Ramos,Amor de temporada / Tierrita del tampeon,b81f2d26-f2c2-494e-985a-ac01e822745e
1984,1984,Los Plebeyos,El Pipiripau,0032b1cb-0236-42de-b81c-13ecd72e5194
1984,1984,Los Profesionales / Combo Tamarindo,Atrevida / Luz de luna,b74a24bd-16df-4fe7-b3d0-0b82c90d7650
1984,1984,Los Sheekanos de Juan Guerrero,Sweet Candy Baby / Sufre sin llorar,0c1a7cd9-18b2-4cdd-8c36-648c998fbdde
1984,1984,Los Solistas / Los Universales de Maracaibo,Tus besos me hacen daño / Mosaico extranjero,c4f6dea7-5cc0-4364-9d3a-6d6f232de029
1984,1984,Los Vagos de Nuevo León,Te envío ésta carta / Brindis de amor,8e673216-c814-4433-9adb-c2ccaac00976
1984,1984,Lou & Denise,Under The Coconut Tree,738eb16c-c2df-49a9-8a0a-811fb0fe91ca
1984,1984,Lou Reed,"I Love You, Suzanne",8099188c-2515-40fa-b6c6-c79351fd95ae
1984,1984,Lou Reed,My Red Joystick,bd7bf529-f574-457e-b1ff-8132358054d3
1984,1984-12-01,Loudness,Crazy Night,fd9c7a85-922e-42c8-8de0-256395851f84
1984,1984,Louie Ramírez - Ray de la Paz y su Orquesta,Lluvia / Yo soy aquel,62e739e2-9415-4942-bfd4-0fdafd2f1fd8
1984,1984,Louis Armstrong,What a Wonderful World / Hello! Dolly,cc55385a-c6a4-4eba-867d-151a2680a23e
1984,1984,Louis Chédid,Pinot Simple-Flic,d0781b7a-a3d9-4b78-8dce-28d85c4c3c9d
1984,1984,Lovables,It's Beautiful,5b6873eb-1636-41ad-b9c6-a480cbb34beb
1984,1984,Love,Alone Again Or,dd466694-03ef-383f-aca8-68c732a4c51b
1984,1984,Lovebug Starski,Do the Right Thing,2e1feaf9-8c52-38f0-bd93-bb606241cd32
1984,1984,Low Profile,Elephunk in My Soup,5246e271-3222-490b-b3aa-7c4dfc97098d
1984,1984,LRB,Playing to Win / Through Her Eyes,e9c00d16-f563-472e-8f54-7674f6a001d1
1984,1984,Luba,Let It Go,9b2d3804-b0e0-4c9b-a8ae-e2770ee52705
1984,1984,Luc Van Acker with Anna Domino,Zanna,dc76b6be-aab2-4b03-a5bf-8addeaa303d7
1984,1984,Lucid Beausonge,1984,d8bb95f6-9308-47f6-83b3-6862313af81b
1984,1984,Lucien David,Close to Me,3b204c22-4d3d-4560-983f-51fad432d16b
1984,1984,Lucky Pierre,Communiqué,43c280bb-acb1-4523-8ec5-2d3deae97ba7
1984,1984,Lucky Pierre,Muchacha Latina Today / Birdman,b6b6700f-52b9-4636-b497-2dbdb537dad3
1984,1984,Lucy González / Calixto Ochoa y su Conjunto,Soy valiente / El Africano,6cb17810-98f2-4f20-aa43-fc77d2f733a1
1984,1984,Ludwig Hirsch,"Marmor, Stein und Eisen bricht",a2e63b9b-af43-42a8-8ee9-c7ee4cccc023
1984,1984,Ludwig Hirsch,Tante Marie,33a86e17-96b3-47f0-8e8b-832ca0bdfbb4
1984,1984,"Ludwig van Beethoven; Wiener Philharmoniker , Wilhelm Furtwängler",Symphony No.1 & Symphony No.4,ba567aa4-fa1c-4373-998d-8c3b5804a9d7
1984,1984,Luna,Tú De Qué Vas,6dbb6c4b-ee46-4f60-bcd4-507ffe366f0f
1984,1984,Luna Park Ensemble,可愛い私のドッペルゲンガー,b5c4f30f-bc7c-4531-8fe4-77171b047adc
1984,1984,Lune de Miel,Paradise mi amor,24f6fb30-4563-4023-92f4-7b31edb54685
1984,1984,Lusthansa,Kingston auf Jamaika,04c822b2-7670-4707-bb71-b7398e1695e9
1984,1984,Luther Vandross,Never Too Much / Superstar (Don't You Remember...),097c2c8c-7329-476d-98b0-03f514848605
1984,1984,Luther Vandross,Superstar / Until You Come Back to Me (That’s What I’m Gonna Do),2e11312b-a551-4ec2-8df7-4febfaeef1b7
1984,1984,Lutz Wollersen,O Sole Mio,8c56f8b7-ac05-4f4a-82f5-b80e3a553faf
1984,1984,Lutz Wollersen,Wenn Engel Trauer Tragen,933d8781-8bbd-4bba-ad0c-541f5224fd31
1984,1984,Lynn Anderson,Heart of the Matter,338aea0e-e90b-4a5f-944c-621b563e5d7e
1984,1984,M + M,Cooling the Medium,24adb521-b286-41f3-8c1c-d2dce6512978
1984,1984,M + M (a/k/a Martha and the Muffins),Black Stations/White Stations,2bdff0b0-711b-4a48-a7a5-4ca52aa2334b
1984,1984-09-21,M.A.D.,Sunfeast,1dbdb055-69e9-4ff2-8dca-28b76b585554
1984,1984,M.C. Fosty and Lovin’ C / Arcade Gang featuring Rich Cason,Radio Activity Rapp / Radio Activity Syndrome,a8d9c521-0fe6-4ad3-98f6-5e749bcd76ac
1984,1984,Machinations,No Say In It,b77e991b-b5a3-4fc0-b3d9-69decbe69064
1984,1984,Madam X,High in High School,fb0dd9fe-e38f-4719-85e6-b27d2ec85560
1984,1984,Madness,Michael Caine,d25a3338-9e42-4583-866c-f39e2a82b9da
1984,1984,Madness,One Better Day,94a6c9f6-f3b1-4d1a-9b0d-03bd8a8bf7fa
1984,1984,Madness,The Sun and the Rain,d952a051-1517-4efb-abbc-d38ece6ea146
1984,1984-05-21,Madonna,Borderline,de175894-77c5-4e9a-b158-3927c64b8be0
1984,1984-11-05,Madonna,Like a Virgin,b6dce9d9-5dec-3a88-856b-1f9b7c241957
1984,1984,Madonna,Like A Virgin & Other Big Hits!,c8c9c522-f764-4ea4-ac97-94c464245957
1984,1984,Magazine,Tic Tic Nervoso,18053092-f5e0-4484-862d-5d99ab323210
1984,1984,Magazine 60,Don Quichotte,4981ada9-61e0-4b6e-9400-fd123e248a59
1984,1984,Maggie Lee,Runaround,9036e8d5-6059-46ba-ac23-94a667bbd9b4
1984,1984,Maggie Reilly,As Tears Go By,e2ca037d-4204-48cb-be69-97ff0865e1c8
1984,1984,Magnum,Video Girl / Second Chance,413c2bbf-fef5-4587-8cc3-d8c093389508
1984,1984-04-01,Magnum Bonum,Over and Out,3a357b03-2ed5-4a27-a9dc-2b3b7ec3d981
1984,1984,Magnum Force,Cool Out,dca1baea-3675-42b8-a8ae-4e57ae386b58
1984,1984,Magnétique Bleu,Virgin Boy,c21837ff-c459-43fb-ab40-2e92640cdd7a
1984,1984,Mai Tai,Am I Losing You Forever,c05fc3d3-55da-46a1-960a-a1a2d6d45d54
1984,1984,Mai Tai,Am I Losing You Forever,c8ab98bc-77b8-43a9-8e1f-c9bea6a17d05
1984,1984,Mai Tai,Body and Soul,d019fc14-b9ae-4f14-9605-6d00cad41bcf
1984,1984,Main Line,Somebody’s Watching Me,446fe53b-8729-4e50-b482-5c9ac4d829f2
1984,1984,Major Accident,Respectable,2cea1704-b401-40bc-aece-244f50068358
1984,1984,Major Dundee Band,"She Loves Me Easy / My Rifle, My Pony and Me",aff60af4-5a27-4181-96c0-54015f454993
1984,1984-10-21,MAKE‐UP,Fox On The Run,a7985f25-dc05-4f24-9e65-fabe11188734
1984,1984,Malcolm McLaren,Carmen,406e28e9-4998-495e-9dcf-50c38d5314a0
1984,1984,Malcolm McLaren,Madam Butterfly,0631a5b3-b9cc-4c1f-be83-72f48bc847a1
1984,1984,Man Parrish,Boogie Down (Bronx),974d25dd-1d6d-3c7e-848c-5d15dc243c36
1984,1984,Manero,Queen of the Video,3244e80a-9f8c-4ec3-9923-7c44ce22a4ff
1984,1984,Manfred Mann’s Earth Band,Runner,b3e4cd47-9e6a-3b03-965a-2e040713c46e
1984,1984,Mango Groove featuring Big Voice Jack,Dance Some More (Supper Dub) / Mango Groove,b98662e5-a8a5-4e6f-bf28-f61d5873928c
1984,1984,Mangolino,Kom uit die bananenboom,07f73521-0cf5-3b7e-a760-588c3ba1712e
1984,1984,Mangolino,Meneertje kom dansen / Meneertje come Dancing,890b131f-a37f-470c-ade8-e0934cc9b7ad
1984,1984-09,Manowar,All Men Play on 10,7876178a-bdbd-49d6-9973-1381ec8b3c01
1984,1984,Manu Dibango,Abele Dance,edb531f9-4aa0-44a0-b9f3-5d79b9140e8c
1984,1984,"Manuel González, Su Organo y Ritmos",Colombia tierra hermana / La niña triste,87fabc38-dbcb-4b20-9a8b-b97b5a097f31
1984,1984,Manuela,Second Wind / C'est la vie,0567e5e8-75b7-4ccf-999d-aaaea2427259
1984,1984,Manuela,Und der Wind / C'est la vie,22ff1010-7996-49c8-8a39-56733be280f6
1984,1984,Marc & Dave,'t Was op 'n donderdag aan de Franse Rivièra / Op 'n dag,1ab73b99-dfb0-4159-bb5d-b8de165159fc
1984,1984-11,Marc Almond,Tenderness Is a Weakness,5d36cb2b-bc74-4e27-8068-76607173499d
1984,1984-05,Marc Almond,The Boy Who Came Back,1b4106b6-8524-48c7-adaf-508111ec4496
1984,1984-08,Marc Almond,You Have,36020b3c-1c9c-4c13-a1b7-12302b5b1b76
1984,1984,Marc Dex,"Johnny, ga door",c7c5d817-fdc4-4507-b58c-1511a75968bb
1984,1984-09,Marc Riley with The Creepers,Shadow Figure,4c84a4e9-342e-43ce-990f-31e6e9bf0219
1984,1984,Marc Seberg,L'Éclaircie,e6679178-50a5-4d71-98b8-bf145c56731b
1984,1984,Marcel Fobert & Folie Club,Rapfolie,59513050-a5f7-4268-a9f0-5960bf09c30a
1984,1984-03,Marcel King,Reach for Love,94dc4e99-9f0e-3dd0-b1d1-bc94d0b8718b
1984,1984,Marcia Griffiths,Children Of Israel,ca17583b-a0a8-4f17-8def-187e568eb26c
1984,1984,Marcos Valle,Bicicleta / Beta Menina,3fbb95a1-0aa1-4de9-a5be-985e187211dd
1984,1984,Maria,Iedere zoen,62b96869-e571-4a16-bb32-9b1576e21865
1984,1984,Maria & John,Nu Is Het Te Laat,8c429936-91e1-48a0-8d6c-1cdedaf168cb
1984,1984,Maria Verano,Waar ben je bang voor,d145f4e2-14e5-48bb-b482-b87e41a1f244
1984,1984,Maria Vidal,Body Rock,1cd69beb-7c76-4554-b4eb-86d15c9bdf75
1984,1984,Marian Weber,Alles gaat voorbij / In de zon,173d2f7c-c1db-4075-8376-737d6828825d
1984,1984,Marianne Rosenberg,Heute Nacht,b6acc1ab-1702-4dc5-9be6-239dcd555246
1984,1984,Maribelle,Ik hou van jou / Maar vanavond,2aab0167-3ed4-41c1-af81-35b62115badf
1984,1984,Maribelle & Spryng,Heel even nog / Ik heb je niets misdaan,4ed4da55-c7c4-41b2-afa5-a0c84e0fd1b7
1984,1984,Marie Dauphin,Récré A2 : Nouveau générique,cb432448-fd66-4fa0-8ad2-e4784b561e2d
1984,1984-10-02,Marie Fredriksson,Het vind,1cce99f1-bd69-3357-b6c7-5f940ffcbbdb
1984,1984-05-14,Marie Fredriksson,Ännu doftar kärlek,d1201d9a-91d7-3b0f-95e1-8d4bfbcb71f9
1984,1984,Marietje,Bloemen brengen altijd zonneschijn,e0b575c2-1f51-40c6-bb1d-094f92681e4d
1984,1984,Marijn Van Duin,Irene / Meibruidslied,fcfe4bb3-1380-4064-9905-be0f9d5f79da
1984,1984-04-30,Marillion,Assassing,842dd2e6-4014-39a4-9f48-cca2b8a31462
1984,1984-01-30,Marillion,Punch and Judy,bc7e7c5d-6478-3c0d-b2b0-e958429fbf84
1984,1984-11-02,Marilyn,Cry And Be Free,fc3d4648-0ade-4797-b19b-f0e57c14d2a8
1984,1984,Marilyn,Gigi,0c034603-63c7-4101-a117-26da0653fa34
1984,1984,Marilyn,You Don't Love Me,8b7f95f9-1702-41a3-bdfa-51c6d1c8e442
1984,1984,Mario Pintor,Sigue adelante / Antes de que me abandones,00dbcd3c-f870-4e58-8552-2b68bcfd457f
1984,1984,Mariëtte,Denk je altijd nog aan haar,9ffcdfb1-bfc3-4750-8cfc-75ef8fe27ef1
1984,1984,Marja Koski,Tahdon miehen / Vie minut tangoon,b1e36ce6-5dd6-4cc9-acfe-3fc1ca5c05f8
1984,1984,Marjolène Morin,Touch Me (Chanson thème du film “La Femme de l’hôtel”),233b9b47-86cd-48b7-990e-ea5a7d332dda
1984,1984,Mark Gray,Sometimes When We Touch,4fff077f-8ecc-4ee8-88e5-7e2622465afa
1984,1984-07-27,Mark Knopfler,Comfort and Joy,0bac86f8-59e5-4320-b5dc-3aa3c82f8ff0
1984,1984,Marseille,Walking on a High Wire,ef3ed93c-fb45-38f2-be45-20ebe0cda0cb
1984,1984,Martin Agterberg,Après les cols / Moonglow Avenue,1001e5d0-9f3b-4b85-8bd0-d8ebf8afff0e
1984,1984,Martin Agterberg,Overture Rijnmond / Quick Lunch,4ee79cce-0ed1-4fb2-b104-370a72d6815e
1984,1984,Martin Human,Upside Down And Backwards,8e8be47c-87bd-4df6-a505-6be807124052
1984,1984,Martin Mixo,Lust Still Burning,c2759729-369c-4844-88d8-823fbf100869
1984,1984,Martin Roode,Ik ben ’n Hollands jochie / Teddybeer,4c30ca41-6bf2-4232-87bd-1b00f93935fd
1984,1984,Martin Seidl,Pudelwohl im Swimmingpool,73322864-f247-40a1-a480-135028bd55f7
1984,1984,Martine Clémenceau,Cosmonaute,86cbbcf9-a956-48ce-ab23-c3f05df46bfb
1984,1984,Mary,Een hond aan een paaltje,24250a16-e226-423c-aaed-ba0470543fd4
1984,1984,Mary Hopkin,Goodbye / Those Were the Days,4d9fbc54-cd73-4fdf-b248-93c65b801729
1984,1984-10,Mary Jane Girls,In My House,ac5bbbfd-e397-4712-95d4-4e6135492eaa
1984,1984,Mary Roos,Aufrecht geh'n,f8b4c897-967f-4abb-835d-55d4dec1b437
1984,1984,Mary Roos,Du blues et du bleu,8fcdb56f-21f6-4f8b-aa0a-8491ce0cace2
1984,1984,Mary Roos,Hart auf hart,89a9a479-5a9e-4976-bd80-e4bbd8e0c40b
1984,1984,Mary Roos,I'll Walk Tall,fe62117b-0d7a-4aae-8e09-7ac21f310a93
1984,1984,María Conchita Alonso,Acaríciame / Eres tan real,ed4a5dc7-13ab-4f4c-8497-83e716ce1f3a
1984,1984,Mascara,San José,3e36df24-b628-4e0a-80ab-398398ae6750
1984,1984,Masi Luoma ja Luojanluomat,Kuubalainen serenadi / Onhan päivä vielä huomennakin,efc05f6f-afe4-479e-b61b-084f217f4efb
1984,1984,Master K.,Quand Le DJ Parle,2ffab9f3-20fc-4c63-ade8-9c1455719dc1
1984,1984,Master O.C. & Krazy Eddie,Masters of the Scratch,8fe4748c-5c81-3434-82cd-3524c0ff2288
1984,1984,Matt Bianco,Sneaking Out The Back Door,c0d13a6f-784e-4466-9c88-f398c4ea2d18
1984,1984,Matt Finish,Always Another,02338b12-dd42-4277-96a8-73aed734c507
1984,1984,Matthew Wilder,Bouncin' Off The Walls,6c96ff58-e0ea-4830-af17-297da939fd62
1984,1984,Matti Pellonpää ystävineen,Keke Rosberg formula rock,b0afc015-7384-4e49-ab4f-409caf3ae40e
1984,1984,Maurice McGee,Gravity,1dccf2fe-71fd-4f46-aeec-a659f940787d
1984,1984,Max en Betsy Anders,"Zwaluw, ach zwaluw",240346d9-78a8-4068-9482-6534c8b7c26b
1984,1984,Max Him,No Escape,5f618e00-b777-47f6-8577-28b9104ef0cd
1984,1984,Max Rozenwater en de Bierbuiken,Ho La Di Jee,3c4f98ac-4ddb-451d-ab20-9cbef1ab4ca1
1984,1984,McVay,Boys Go Dancing,6ac57d58-c7bb-436e-96c2-a5231c10671f
1984,1984,MDC,Millions of Dead Children,7815b390-b630-34f3-8006-e488504b6aa0
1984,1984,Meadow,Het Kleine Café Aan De Haven,061bb5b4-0ff8-4e5e-9394-7ed95d39c046
1984,1984-10-08,Mecano,Busco algo barato,8210296a-35f9-4787-947b-06cfc3494e29
1984,1984-05-28,Mecano,Japón,1bd4f306-c845-4818-abb8-6ccdda5db907
1984,1984-12-10,Mecano,No pintamos nada,58686079-6922-43c3-848e-45d707c39f0b
1984,1984,Meiju Suvas ja Kake Randelin,Unessa on mahdollisuus / Tule kanssani kammarin seslonkiin,d7237b42-c0e1-450c-b645-e09dcc984a45
1984,1984,Melchior,Droom / Oma is jarig,66403813-29f2-4f77-bf68-dc6ad0c1ce57
1984,1984,Melchior,"He, he, B.A.",c3be0ba7-e579-45cd-a980-52169327cdc6
1984,1984,Melissa Manchester,Thief of Hearts,73ef072b-2d16-4acd-bbac-5bbcb4735599
1984,1984,Men Without Hats,Where Do the Boys Go?,aa3eb6a1-925a-40ff-b27a-14c0cd0a8355
1984,1984-10-25,Mental as Anything,Apocalypso (Wiping the Smile Off Santa’s Face) / Wouldn’t Try to Explain,f4228caa-de52-4981-894e-9d9e666cbaac
1984,1984,Menudo,Like a Cannonball,772d01cf-321b-4203-975c-3dcc8384dbf4
1984,1984,Merle Haggard,A Place to Fall Apart,9b17edd3-4a15-46be-b6a6-96ccdafe435f
1984,1984,Merle Haggard,Let’s Chase Each Other Around The Room,2520cd41-49df-40ef-8e4b-358948a7b653
1984,1984,Merle Haggard,Natural High,9e411acf-0904-4f9e-b767-37be147bdfcb
1984,1984,"Merle Haggard, Leona Williams",It's Cold In California,ee077edb-5a24-4e50-9e6e-ba049bf4e3ea
1984,1984,Merv Griffon,Think!,b72aa9f2-ee56-4129-8536-cd32b3b192d1
1984,1984,Merva Grier / Gregory Isaacs,Feeling Like a Million / I Am Coming Home,dea67396-1675-3527-a083-5465de7240ca
1984,1984-11-23,Metallica,Creeping Death,6a968491-b9a7-3cf1-88f6-f7d6d3daa95a
1984,1984-02-20,Metallica,Jump in the Fire,297372db-7e22-4cf9-91f6-14e54c11378d
1984,1984,Metrô,Beat Acelerado,183ba4ab-626f-3576-81fb-96614a0b725f
1984,1984,Mezzoforte,Take Off,b55546cc-73ea-4ce7-b32a-069d02c88fd3
1984,1984,Miami Sound Machine,Comunicación,b4202c89-04e5-445f-9895-a2d066f782bf
1984,1984-08-09,Miami Sound Machine,Dr. Beat,17d98034-e4bc-47cb-8a5e-06c2cc83d242
1984,1984,Miami Sound Machine,Dr. Beat,e8cf9ecd-2158-4a88-b949-d9ec5a32a73e
1984,1984,Miami Sound Machine,I Need a Man,65f102be-3e52-43f9-9b4e-9645753ada84
1984,1984,Miami Sound Machine,Prisoner of Love,cbd8f006-4480-4d46-a42e-e9187840ecff
1984,1984,Michael Cretu,Schwarzer Engel,a8a47d3b-f307-4eb5-8915-b259396dbd56
1984,1984,Michael Des Barres & Holly Knight,Obsession,2bb0adbc-7073-4613-a671-dda06d12ea91
1984,1984,Michael Holm,Einsamkeit danach,14bd7a29-5396-4172-aff3-d887e2848f59
1984,1984,Michael Jackson,Farewell My Summer Love,46201c1a-8a5c-49a2-a993-b0b60167051f
1984,1984,Michael Jackson,Girl You’re So Together,d8f102b6-7079-42ff-a061-695fc4e121a2
1984,1984-01,Michael Jackson,Thriller / Can't Get Outta The Rain,8fefd177-915a-4898-a328-84c4ba9fb95f
1984,1984,Michael Jackson,Wanna Be Startin’ Somethin’ / Beat It,f818ef70-a976-4095-9d2d-7a7f5ace8643
1984,1984,Michael Palmer,Robbery,5d61920d-c8ce-41d4-8604-70554b239cd9
1984,1984,Michael Paul,Reggae Music,e6142c67-1826-4c42-916b-3314c8832d58
1984,1984,Michael Ravin,Oochi coochi,3675b91d-436f-434f-a063-1752d1c2de09
1984,1984,Michael Sembello,Gremlins...Mega Madness,dda766a3-11b5-4603-815e-6d9d9d284a8a
1984,1984,Michel Delpech,Loin d’ici,417413fe-ab02-4124-b5ac-427a318601ed
1984,1984,Michel Galabru,L'Arbre de soleil,bd95d9ab-f862-40e1-9504-8e83e3e07d17
1984,1984,Michel Jonasz,Ray Charles,7713fd52-cab5-4ea2-81cc-8f74fff1a689
1984,1984,Michel Polnareff,Viens te faire chahuter,279c7c6d-af86-44a7-ad29-6feacfdd0982
1984,1984,Michel Sardou,Délire d'amour,9632b04f-d9d8-451d-b2bd-355edfc527df
1984,1984,Michel Sardou,Les Deux Écoles,47505afc-9e2f-4f77-8797-fe419939a9a5
1984,1984,Michel Sardou,Si l'on revient moins riches / L'An mil,f38c09dc-43fd-47cb-859a-f4c56b5b7fd2
1984,1984,"Michèle Brousse, Roland Giraud avec la participation de Maurice Risch","Dîtes, ça vous dirait... avec moi ?",d5d53e3b-db76-46e9-a67f-b049b755f1ac
1984,1984,Michèle Torr,"Donne-moi la main, donne-moi l'amour",811fc7e2-f535-4019-8241-bf5b036d8d73
1984,1984,Michèle Torr,Pas bien dans sa vie,16113da7-33d5-4f57-8dff-ba86e65d089a
1984,1984,Micky Slick,Hardcore,26dcb3f7-5a2c-4f01-b916-81f230a84223
1984,1984-05-18,Microdisney,Dolly,59c47da0-5768-4313-8f71-81e93d83bfcd
1984,1984,Middle Ages,Stop Your Lies,6c280ea3-87cc-4687-b0cb-449341bd8686
1984,1984,Midnight Star,Body Snatchers,dc3c15cf-4c12-4be8-b09c-aa9ad763c037
1984,1984,Midnight Star,Operator,a0bf4bf5-3626-4593-a7df-911e0d9a77e5
1984,1984,Midnite Sun,Friends / Knee Deep in Love,23bbbfc0-9817-4346-9762-263b4826f9dd
1984,1984,Midway,Set It Out,b39e9c24-bfaa-4e4c-adec-111bc786f8f6
1984,1984,Mien,Meen je 't echt... / Het mooiste in 't leven,dbbd9523-c747-460d-85be-b05be3c5b6df
1984,1984,Mien Oostvogels,Op ’n flat,bcc76afb-6cda-4ac4-9457-8adf177f0e75
1984,1984-11-21,Mikado,Un naufrage en hiver,11aa61bf-a9a7-4ae5-b770-05dca26b41c4
1984,1984,Mike Batt,I Feel Like Buddy Holly,a98a435c-b882-470e-91c1-09ed369462c6
1984,1984,Mike Cannon,Stay,3ad81c39-c310-42e8-8f31-6028eb86a78d
1984,1984,Mike Francis,Let Me In,49326bae-2314-45b8-b811-3c2dc82b952b
1984,1984,Mike Krüger,120 Schweine nach Beirut,7d20d6fb-de04-4b8e-8f0b-f64fe2f273a9
1984,1984,Mike Krüger,Fliegt ein Jumbo nach Hawaii,a10069da-5fe5-42c3-a0c1-fde823586e0c
1984,1984,Mike Krüger,Jenseits vom Tresen,2c1fff8d-8ed2-4601-8d3b-819e2b06c4aa
1984,1984,Mike Mareen,Dancing in the Dark,8b026e7b-6bf6-45e6-8f4c-087a33fd1ca7
1984,1984,Mike Melvin,Kom terug,6a3d80e4-bd30-4db6-8e91-19383194b6ab
1984,1984,Mike Melvin,Zo’n leuke meid als jij,39caa6f3-ddbd-435a-9db8-59cc56c79105
1984,1984-01-03,Mike Oldfield,Crime of Passion,015c6b14-2004-348a-b538-b693e364e054
1984,1984-06-16,Mike Oldfield,To France,7f875dd3-22b1-3035-a9f5-fecc48556fe3
1984,1984-09-01,Mike Oldfield,Tricks of the Light,3f919c38-b207-359a-8960-9bb5ef90200f
1984,1984-11-26,Mike Oldfield,Étude,b80a659c-2a7f-30a5-87fc-68fc167397aa
1984,1984-09,Mike Post,Original Titelmelodie Aus Der TV-Serie Magnum,2b3e454a-73ce-476a-90d5-202ae9567cf1
1984,1984,Mike Post,The A Team,ceec0440-4fe2-4c48-b82b-262b6e979eba
1984,1984,Mike Rogers,Just A Story,f027350a-81f5-4a27-b2a6-348c32c91f1f
1984,1984,Mike Theodore,Hellfire,f0b2653e-02d4-4254-a2be-ff1644d6414d
1984,1984,Mike Vincent,Ik mis je (I Just Called to Say I Love You),031ad2dd-16ce-423d-a629-e35a3d9c919b
1984,1984,Mike Vincent,Itsy Bitsy Teenie Weenie Yellow Polka Monokini,9d7e2b04-4c03-4a61-a144-85a82b43e101
1984,1984,Mike Vincent,Oh Valeria,e82106eb-3b34-491a-b2d4-d1541983f7b0
1984,1984,Mikko Alatalo,Santeri soikoon,431262d1-36e5-43cc-b9d2-f2097d088003
1984,1984,Miko Mission,How Old Are You ?,1c6f9902-bab6-4fd0-9edb-14dbcd7ebee0
1984,1984,Miko Mission,The World Is You,e85b7b54-4323-4c7b-b631-da60c849c280
1984,1984,Miles Davis,Decoy / Code M.D.,2034ac5e-dc88-41e8-97f0-26bb538eef75
1984,1984,Miles F' X--P--Rience,(Do You Wanna Have) Funn In The Sun,32faa83d-0b85-4830-9134-2d138a8c16ac
1984,1984,Milly En De Mooks,Ik zie je nu met andere ogen,f7cc70c3-f539-474e-945d-7a02803ddd90
1984,1984,Mingo Saldivar y sus Tremendos 4 Espadas,Reina de mis amores / Las pelonas,f830c7ca-a1ed-48e3-85aa-930092186a2a
1984,1984,Minisex,Eismeer,e4f6b515-1896-403b-a377-6660d1542b41
1984,1984,Minisex,Millionen zählen nicht,e7baffd9-3de1-4234-bb7b-7d0f6390e73b
1984,1984,Minisex,Rudi gib acht,cd39d545-c954-4a36-bcc0-804294d3aa11
1984,1984,Mink DeVille,Demasiado corazon,b8bf7009-9046-48b2-9c89-0b63d2dcb6bd
1984,1984,MIO,エルガイム –Time for L‐GAIM–,3f1c11e0-975b-464f-bb94-03d495460105
1984,1984,Mirage,Get Down,c42eaef4-6078-4494-a08c-79409ac8e6f8
1984,1984,Mireille Mathieu,Allo / Petersbourg,d300487b-5f98-4c62-94ca-6060a275d24b
1984,1984,Mireille Mathieu,Chanter / Blue Paradise,435855e3-39d9-4913-8bac-4f293e251905
1984,1984,Mireille Mathieu,Mon amour / Wir sind alle Kinder Gottes,0cc818c4-b37e-476f-909e-c529f4a2e042
1984,1984-03,Mireille Mathieu,On est bien / Va sans moi,92442398-2532-4151-851f-5862ad62a6ed
1984,1984,Mireille Mathieu,Zurück zur Zärtlichkeit / Man muss auch mal verlieren können,6a4f9a24-ebdb-418b-b3d5-9dc2fe3f148d
1984,1984,Mireille Mathieu & Peter Alexander,Good-Bye My Love / Nur Träume sterben nie,6d72637d-7950-4986-9039-5be016e4ac0a
1984,1984,Misdruk,De fysiotherapeut,4741d3f1-579d-486f-93a7-2c125c4c469c
1984,1984,Misfit,Rendezvous,b26b70a4-8388-4c50-a858-20df16e8b30a
1984,1984-05,Misfits,"Die, Die My Darling",9f837ad7-dcf3-3b11-9baa-69b11ea027a0
1984,1984,Miss,Hip Hop,8f806639-3c6d-48fe-ad3f-73a3adce0e08
1984,1984,Missiles,Otto-Matic the Computer for President,82fcf2d9-5889-4f2b-a13a-b1f6b3bbba07
1984,1984-11-05,Mobiles,Lost Without Your Love,0616547e-01ec-4cba-9ab2-4eef74c4f683
1984,1984,Models,J.R. Robot,869a8d7b-f500-4354-915b-cd4a2da000fc
1984,1984,Modern Art,Dreams To Live,6bc2c703-6630-4359-ad91-7d60e52cded5
1984,1984,Modern Clix,Spring 84,8d67f147-6c91-4e0d-9247-04dd5fbe799a
1984,1984-01,Modern English,Chapter 12,1338f2c8-03c2-4806-925e-ac27206e9c05
1984,1984,Modern Soul Band,Ideale,6bd7b5ac-6f33-4408-9d21-ce10c7ad93b9
1984,1984-10-29,Modern Talking,"You’re My Heart, You’re My Soul",64b88fe0-130e-49d7-afc2-6f4b658f7f6b
1984,1984,Moe Bandy,Woman Your Love,31993d6b-2689-4422-ba26-461b70b19b26
1984,1984,Mojo Sect,In This Dream,4478c6d6-7578-3319-b15b-c58232b6c9d3
1984,1984,Mona Raye,I’ve Been Watching You,448b5e0d-b582-4735-98bb-097125a886da
1984,1984,Mondo Boffo,I Wanna Be a Marine / Tell Me a Secret,14996e38-8248-497b-9636-351baf5837e6
1984,1984,Monica West,Regenboogmantel,0edd664d-3ab5-43f5-a3cf-d593778dc25a
1984,1984,Monika & Oscar Benton,All I Ever Need Is You / Everybody Is Telling Me,4903e2b6-a2f7-4334-8067-e1700ea68d12
1984,1984,Monika Hauff & Klaus-Dieter Henkler,Bumsvallera / Sommernacht und roter Wein,4cfaa2c6-0834-47a0-82df-88c183b6dd9b
1984,1984,Monika Herz,Heut' sah ich sie wieder,69397d58-21a1-4bc0-95e9-5bd17339105b
1984,1984,Mono Band,Ghost Town,28370288-ae57-4367-a090-627a9a403422
1984,1984,Mono Band,Mr. Crusoe,de2fc0a6-3e27-438a-8a7a-40873c9c636b
1984,1984-06,Monochrome World,Monochrome World,b67a40c7-a308-4662-9ec9-af8f123f626e
1984,1984,Moondata,Let The Moonshine In,2deb1661-dd4f-4c07-841d-b5e091c38336
1984,1984,Mordbuben AG,Verbotene Früchte,e3eb3d1d-da01-47a2-ad82-898ce0a694c4
1984,1984,Morris Albert,Feelings,c163ae6a-fc23-41de-a42a-035063a93ea8
1984,1984,Morrissey Mullen,One Step (club mix) / One Step,7b6c5cdc-d528-4bbe-b830-65485cff52c9
1984,1984,Moser Moser,El Parasol,4755dc6c-e4de-41e9-9283-5ff0674a8e8d
1984,1984-07,Mott the Hoople,All the Young Dudes / Honaloochie Boogie,6da4fba1-e4f6-4b7e-972c-f5833bfb3822
1984,1984-08,Motörhead,Killed by Death,61408201-591f-3011-ad81-b3e020391cda
1984,1984,Moving Pictures,Never,bdab7a6e-dc6a-4aaa-a7be-9dc460e4d859
1984,1984,Mr. Flagio,Get the Night,7f906e05-2ab2-467a-92a7-deb1ba5d5304
1984,1984,Mr. T,Mr. T's Commandment,c8445b99-4c33-4296-875c-c2299ac36289
1984,1984,Muck & Evelin,Ich bin viel zu brav,46987702-b7bd-40d7-b1f8-29f00fff4a43
1984,1984,Murray Head,One Night in Bangkok,f41a9661-6164-3c64-bdcf-5f5795b197b7
1984,1984,Music For Pleasure,Disconnection,3cfb7d00-8dc6-4b9e-ba2c-ca527a57b4c7
1984,1984,Music Service,Another Song,73f02ca7-0cef-4728-88e2-a0b0f8fba0a5
1984,1984,Musta Paraati,Myrsky nousee / Punainen salama,8d04f02e-0344-4827-85cc-10539c74e12d
1984,1984,Mustang,Wie gaat er mee varen / Lekker bakkie koffie,8b541e6f-1401-440d-83fe-72687a33afd5
1984,1984,My Mine,Zorro,b31b993b-52b7-46b9-a92e-70cfc8131739
1984,1984,My Pierrot Dolls,End Of An Era,201d96cf-aeea-4f3d-9439-ac5aea599794
1984,1984,Mya & the Mirror,Hesitation,e47a2007-753a-4827-8255-08b5b58222bc
1984,1984-03,Mylène Farmer,Maman a tort,81daa0d8-40b7-4929-adb4-68a166a90b6a
1984,1984,Mylène Farmer,My Mum Is Wrong,17c159bb-5333-439d-ada7-80074615a471
1984,1984,Mötley Crüe,Helter Skelter,f53f33e4-9221-4b40-a87f-c1f9e8e1762a
1984,1984-04-30,Mötley Crüe,Too Young to Fall in Love (remix),dd3c4afc-2b6a-476d-9836-2013d1844fbf
1984,1984,Mýdlo,Dieta / Půjdu Zas Spát Sám,dab87b64-9338-489a-a37d-597bc4da0a04
1984,1984,N.O.I.A.,Do You Wanna Dance?,686df31b-ce2e-4415-9ca9-fc362e9457e9
1984,1984,N.O.I.A.,True Love,d2a18138-6089-4c4e-82b9-3913052775df
1984,1984,N.O.W. (Neoterics Of Wisdom),Special,8b901cee-341a-44bc-a547-ff09815326d1
1984,1984,Nacash Latino,Sensuela,041a7343-48b6-4d2f-9ff3-ff10ea79a2b4
1984,1984,Nacha Pop,Una Décima De Segundo,f415b3be-ed70-4b72-9175-4e5e13ea4475
1984,1984,Nacht und Nebel,Beats of Love (original version),d0fbfb32-f354-4bde-a92b-46420802394e
1984,1984,Nadia Cassini,I Like Boys / Obsessed,1d20a667-1630-420e-a7ff-9d7cf26e282a
1984,1984,Naked Eyes,(What) in the Name of Love,694d5baa-53c7-45c5-9661-6b16d00f4555
1984,1984,Naked Lunch,Make Believe / Breathe,0b837b4b-372b-4fe4-abfd-de943edd3ce1
1984,1984,Naked Lunch,You Tie Me Down / Laugh Your Mind Away,d2e53e75-6c33-40a7-8d57-a84818cae664
1984,1984,Naked Raygun,Flammable Solid,0790bc55-95e2-49cb-b522-fb3bd9e30f12
1984,1984,Nana Mouskouri,Aimer quand même,82dfbfe4-fe8a-419c-a76e-6c605a680aff
1984,1984,Nana Mouskouri,Chiquitita,10bbadb7-f049-4a45-b426-273a475743ba
1984,1984,Nana Mouskouri,L'amour en héritage,d19c129b-6c2d-4566-8560-cee33a6e1dcd
1984,1984,Nancy Dee,Little Things / Money,6c5df582-01ed-4b84-86b5-d8ac7764fc6a
1984,1984,Nancy Lee,Zeg Me Wat Je Bedoelt / Als Ik 70 Geworden Ben,144e3e36-832d-42ba-a6e3-98e43a754389
1984,1984-04-04,Natasha King,On Ice,876f8325-47a2-4335-9def-2629f03b4871
1984,1984,National Pastime,Lunacy,4f5433a9-fcc4-4df4-9c44-7b9753493a33
1984,1984,Nayobe,Please Don’t Go,9e7898be-46b0-40f9-ad67-673fea9c4fcb
1984,1984,Needle in the Groove,Full Moon Passion,28683968-48b3-4222-8c6f-e8e5b2b87cd0
1984,1984-06-25,Neil,Hole in My Shoe,964af262-bca6-3d6d-8bda-3bf976bdbd77
1984,1984-12-03,Neil,My White Bicycle,56a067f9-488c-3346-bb8c-51df7202e16d
1984,1984,Neil Brighton & The Marauders,A break In The Rush,2595f76d-9443-4ebf-8caa-591be6484b32
1984,1984,Nemesy & Marco Carluccio,I Wanna Dance,55db2ff8-08ab-40e4-9893-b575f1ae1778
1984,1984,Nena,"Irgendwie · Irgendwo · Irgendwann (Special 12"" Dance-Mix)",b9418f00-563b-4091-9e3d-43ce0a35bbb7
1984,1984,Nena,Lass mich dein Pirat sein,ee0ff730-a472-4419-8f7c-31f64a9f874e
1984,1984,Nena,Rette mich,123e8eca-a70f-4125-a095-171343a49cd6
1984,1984,Neon,Dark Age,39b8e5f6-a84f-4a4f-9383-ba6401f92a7e
1984,1984,Neurox,A Raving Night / Romantic,c42c2313-82be-490c-894b-7f5b75ea89fb
1984,1984-06-06,Nev Barker,Do You? b/w Good Things,ac7952fc-2af7-4b5b-8af4-69635c7f060b
1984,1984,New Edition,Cool It Now,ffa5ddd5-3e45-4c8a-88de-b39f834fb7cb
1984,1984,New Edition,Kinda Girls We Like,c3d287dc-277f-4546-816d-5462003e60e7
1984,1984,New Edition,Lost in Love,bbaed084-6a6e-46c6-861d-dda675d7673d
1984,1984,New Edition,Mr. Telephone Man,97746f1c-3c16-4950-baa6-897dda229d14
1984,1984,New Forces,Night Life,02c4a360-79ea-492c-83da-7e4115c2a27f
1984,1984,New Four,In ons stamcafé / Waarom,bb19e59e-5024-43d7-97de-82a5ef72bcc5
1984,1984,New Four,Wakookdoe / Ik probeer ’t telkens weer,3e22a70c-689f-4a79-9461-f0e47055e101
1984,1984,New Four,Wat ’n mooie meiden / Ik weet ’n heel mooi plekje,0a84bfd7-a08a-4fad-acd8-295566936c35
1984,1984-10,New Model Army,The Price,45c97796-b2f6-4b05-bbe6-be5b4e888e8e
1984,1984-05,New Order,Murder,25a9d963-fbf3-3528-a5c7-0a03bf027bca
1984,1984-04,New Order,Thieves Like Us,42da3caf-588d-35c3-8edc-62811d632dd7
1984,1984,New Sin,Old Man / Sometimes,06ffb58a-3b00-462e-9a4c-23dda86855e4
1984,1984-11,Newcleus,Automan,e2180ab1-defe-42b5-ab68-ef42c6cbfed4
1984,1984,Newcleus,Computer Age (Push The Button),0d9f127f-433f-4d33-94ce-cdede1fe31cc
1984,1984,Newcleus,Jam on It,6563ab06-7958-32e9-a418-386710a3e88f
1984,1984,Nick Carr,Jane,ff4a6eb5-26a6-4a04-a5f4-a4a02e093e28
1984,1984-06,Nick Cave featuring the Bad Seeds,In the Ghetto,91ca29b7-93f8-4d1b-89c2-782b49dd8d71
1984,1984,Nick Heyward,Warning Sign,cd78df50-a9b2-4b9f-b65f-3e1d56f5c9e1
1984,1984,Nick Heyward,Warning Sign (Bullet To Your Head) (U.S. Remix),51d15d3c-5534-41b8-99c8-ae74ee3a742e
1984,1984,Nick Lowe,Half a Boy and Half a Man,174f9ff7-a459-4401-80a7-df331be3156c
1984,1984,Nick Lowe,L.A.F.S.,0de824fd-86b5-4f6b-a9d2-d917d86d432f
1984,1984,Nicki,So a Wunder,0f04cc96-c898-4976-8825-0013da2f25f4
1984,1984,Nicki,Weil i immer no an Engerl glaub,b19ca9a7-9937-46c8-b750-1cefd2c96679
1984,1984,Nicky Siano,Tiger Stripes / Move,91c89031-28f9-418b-b363-0e710c6aad91
1984,1984,Nico en 't Huwelijk,M'n meisje,abc84cdd-365e-48db-9407-1612ef0cf3b4
1984,1984,Nicole,Une fleur ça pleure,d0572ec9-2481-4082-8862-251c9e528a56
1984,1984,Night Ranger,Sister Christian,885a93ed-b5e7-4674-8f91-1d139d266dec
1984,1984,Night Ranger,When You Close Your Eyes,973ba0df-cbfd-4d34-a7c1-6b16faa06ee4
1984,1984,Nightbirds,Hot Massage,10c50e37-f0f7-4b54-b044-c94fabe033f5
1984,1984,Nik Kershaw,Dancing Girls,1d3e886a-6a83-4048-86d1-6062b36c89b5
1984,1984,Nik Kershaw,The Riddle,8277767f-45f3-447b-a19e-c4e3be8247f3
1984,1984,Nik Kershaw,Wide Boy,18235d54-bf34-4ecd-a3a3-6ac72ff0e200
1984,1984,Nik Kershaw,Wouldn’t It Be Good,6577e245-5db6-3433-9ffc-55836b2694b1
1984,1984,Nike,It's All Nike,2b028ca1-7648-490e-8344-0a460723d3ae
1984,1984,Niki Daly,Is It An Ism Or Is It Art,ec5754df-753a-419d-b1da-fb6074bb51ee
1984,1984,Niki Roman,Good for Me,a360617d-bca3-4d23-acda-031adb268329
1984,1984,Niko,Aan't warme witte Noordzeestrand,1000aa46-6bdb-4b32-add7-7fe7ac18989e
1984,1984,Niko,Hey Ho Hey - Ich bin der König,ee0a3680-3081-4095-a918-edd3745565d3
1984,1984,Nils Landgren,Right On! / There Is a Time,a72da01d-12ec-4ded-9989-25d720cd77bd
1984,1984,Nils Landgren,Streetfighter / The Hit,e28bbf2d-bc7c-4018-98c0-356930c6c5ee
1984,1984,Nils Landgren,Time After Time / Street Jazz,93c90822-6f45-4897-992c-97320646645b
1984,1984,Nils Lofgren,Silent Night,cc0e1337-5200-4812-a746-97e01c0cdb13
1984,1984-03-04,Nino de Angelo,Atemlos,e9165fae-66e4-4ea0-b554-9f130ddf9d28
1984,1984-11,Nino de Angelo,Giganti,99a79114-bb0b-4fdf-81ff-ed708dbf9ac9
1984,1984-06,Nino de Angelo,Guardian Angel / Hot and Cold,db288395-dadd-4f38-b32d-6290bbbf28c1
1984,1984-06,Nino de Angelo,Guardian Angel / Young Blood,3d562493-90a6-4dff-aaf5-4dfb0c9c9c56
1984,1984,Nino de Angelo,La valle dell'Eden,a61c3304-23dc-4722-be70-382e5a0b4480
1984,1984-04,Nino de Angelo,Unchained Love,eb279f7d-1cef-4f79-9be2-fbe122436146
1984,1984-10-04,Nino de Angelo,Wir sind Giganten,4bd47ea4-b1ba-46ce-a586-34aa19415ddf
1984,1984,Nisa Soraya,Mister Moonlight / The Queen of the Night,628a26f9-fd7f-4ee5-a6ff-89f5f9476c93
1984,1984,Nita & De Arancia’s,Laten we altijd bij elkaar blijven,6b698e1c-2377-41c6-85b7-7638b49d6395
1984,1984,Nite Lite,Baby Don't You Know,f1ca264d-0839-4d41-ae45-b747942165d1
1984,1984,Noam,Agence Tous Risques,4122be4a-accb-4b30-b0b0-b3149ac8052d
1984,1984-04-05,NOBODY,I’M NOBODY,002e528e-eb37-4dd8-8e13-f223bbd230d6
1984,1984,Noise of Art,Into Trouble With the Noise of Art,a7dec3c2-4059-3ef2-968e-f6723f97612c
1984,1984,Noisy Neighbors,Touch So Sweet,73ad777a-fad2-42fe-866d-5674840ea04c
1984,1984,Nolan Thomas,Yo Little Brother,71601f3d-1fde-4254-9556-fc43b5dbc65b
1984,1984,Nolan Thomas,Yo! Little Brother,820682d5-3218-4ae0-b351-79e9d2be924b
1984,1984,Non Stop Dancers,Shake This City,d4e0fb30-6d67-4fbc-afa2-812b33733b3b
1984,1984,None of the Above,Feel Like a Dog / Not Tonight,8f646017-fee0-4a33-9d99-1a39fa805b3a
1984,1984,Noodweer,Diepzee / De parachutist,baec5df1-d489-42c1-b2a3-2eda25a92764
1984,1984,Noodweer,Grijze muizen / Schervengeluk,16d1fdbe-541d-4270-aa5e-4a7bb9419f6a
1984,1984,Noodweer,Mijn hart klopt voor jou / Ze schreeuwen,4c430b03-4cc8-4a24-b78f-ea76f1d0e670
1984,1984,Nordwind,Der Friesenrap,a371dbd8-874e-459f-87cd-1d51bfa990e0
1984,1984,"Not Drowning, Waving",Hunting for Nuggets,a000978c-683b-3709-a061-517f07af56c5
1984,1984-02,"Not Drowning, Waving",Moving Around,bbee3fa4-4f7e-3599-9e2d-23f8522d8bd4
1984,1984,Novalis,Bumerang / Über Stock und Stein (instrumental),477a5095-de61-4d25-8089-aa209946d7d9
1984,1984,Novecento,Movin' On,6d9b18f1-9101-4f0d-aeb8-735c84048389
1984,1984,Novecento,The Only One,acd941fb-3d86-43fc-bdff-8845d62248bb
1984,1984,NRG,Sort,da3cfbb3-bd5d-3486-a8d9-a3a66fbb2210
1984,1984,Nuance featuring Vikki Love,Loveride,c3738cbf-5e16-4c56-a716-f8dcc259aa30
1984,1984,Nuance featuring Vikki Love,Take a Chance,c8d6a9fe-ccd0-4331-8ac8-21c6c4342012
1984,1984,Nubile,Spyral Totem Toler Than East Poll,5cff451d-f6c0-47de-b61f-0b968bb69549
1984,1984,Nuestra Orquesta La Salsa Mayor,Si El Amor Fuera Eterno - La Empalizá,d325b277-80fb-4a37-89e8-e5acd52a1c87
1984,1984,Nuit Des Stars,Nuit Des Stars,cb37edea-7849-4461-9dd0-48aad470cdce
1984,1984-08-09,Numero Uno,Tora Tora Tora,0b102189-fc72-43f2-8ae5-55ef3cefdb15
1984,1984-04,Nyam Nyam,Fate/Hate,48e73e38-dee9-464b-a2c8-b05797d304b6
1984,1984,Nysse,Jag vill ha mycke’ pengar,931cfc10-a0b6-4e36-a97e-20e45ff14af6
1984,1984,O'Hara,Touch Me Baby,f56cad18-038a-470b-9b36-114664038114
1984,1984,O-D-A Yuichiro,Game Is Over / Dream Hunter,03a1ce4d-e2d8-41c4-9543-284eeb24c34a
1984,1984,"O. Stanford, J. Vaughn / C. Bryant",Angel Eyes / So In Love,7ec97753-d067-423e-b876-f1b9dede402d
1984,1984,Oak Ridge Boys,Make My Life With You,38cdc61c-bc34-484f-9369-814d7a6e04a7
1984,1984,Offenders,I Hate Myself,1423c70b-37a6-3731-a999-4f8ba9b33468
1984,1984,Offspring,Nota Sad Song,76d21dd7-2df7-4bf0-8009-c372932a65c2
1984,1984,Oh Romeo,Call My Number,71264ff7-86ae-4766-ab0c-f21ea272336c
1984,1984,Oh Romeo,Once Is Not Enough,1321a016-7e77-4a6c-95e6-c57d31a2ce58
1984,1984,Oh Romeo,Only A Memory,31c92f37-9030-42cf-9bff-0ee0f95a86a5
1984,1984,Oingo Boingo,Bachelor Party,3fc59495-7b14-4ec7-b9b1-31a20ab4ee69
1984,1984,Olav Tofte,En natt til / Drømmeland,0ebfd44c-2e26-42ff-ac6c-0831e03f6c6b
1984,1984,Olivia Adriaco,Excusez-moi si j'ai besoin d'amour,38aa343e-aa2b-4438-9c25-a0d0b24c16e6
1984,1984,Olivia Newton‐John,Livin' In Desperate Times / Twist Of Fate,ce77cce9-c17e-4406-ab7c-5a850dc35a33
1984,1984,Ollie & Jerry,Breakin’… There’s No Stopping Us,29fb35e0-0fac-4cb4-bab7-4bfafaa8e8f2
1984,1984,Ollie & Jerry,Electric Boogaloo,38a300c8-9aa9-4951-b515-5caf392b0c4c
1984,1984,Olympic,Už je po...,7d67a79e-4147-478c-b5e2-e39e97605e26
1984,1984,"Olympic, Jan Pacák",Bon Soir Mademoiselle Paris • Strejček Jonatán,43b0e818-bbc9-4c08-9111-6cd01b51f42c
1984,1984,Olé Olé,Adrenalina,363af296-200d-45ae-91cc-36e4dc8c215e
1984,1984,Olé Olé,Voy a mil / Gente corriente,536a6161-182c-4804-8449-b4c2a4f7b757
1984,1984,Omega Tribe,It's a Hard Life,d21665e2-abc7-3abe-b2d4-d25b17ccd258
1984,1984,One by One,Broken In Rhyme,901c8134-86b2-4c69-8606-a4321f0adc48
1984,1984,One Second Zero,Money Talked,57b2bef5-9b9a-4f8f-8b25-7ce305f4cacd
1984,1984,One Two,No Song To Sing,7fc89a50-3e67-443c-8e64-8398f472be00
1984,1984,One Way,Mr. Groove / Lady You Are,f0c58f9b-b43c-40d7-a3ae-949bc54b65b5
1984,1984,"One, Two",Dance All Days,89c6af0c-a997-4489-8919-26f35d54e672
1984,1984-09-24,Ony,Give It To Them,13473236-6a16-4af3-b6af-4c61b41413f6
1984,1984,"Oompie Koerier, Tiana",Haveloze schooier,aa4272a3-c4d5-4247-8db2-3d751adaa562
1984,1984,Op. 8,Butterfly,13a50698-5926-4df7-9be0-060ef1b9db43
1984,1984,Opus,Live Is Life,c64c0ede-0430-3e24-a9e4-4d92db0cfad0
1984,1984,Opus,Positive,72eac531-bf78-4f66-a7f7-f4cdac1d07c5
1984,1984-02,Orange Juice,Bridge,d3dbc488-cb38-4a88-952d-ac3fcd3ddc45
1984,1984-10,Orange Juice,Lean Period,4dfbac3a-9e7c-465d-864d-686d47cbf02b
1984,1984-04,Orange Juice,What Presence?!,124ae25c-da0a-462d-822b-3a191faf2b79
1984,1984-04-02,Orchestral Manoeuvres in the Dark,Locomotion,168d0f83-fb4b-3140-abf5-99bd1d65af02
1984,1984-10-29,Orchestral Manoeuvres in the Dark,Never Turn Away,8a25398f-2afb-44e4-8931-42edb792edc5
1984,1984-06-04,Orchestral Manoeuvres in the Dark,Talking Loud and Clear,5a5aff3b-4188-3348-ac63-31ac43131c9f
1984,1984-08-28,Orchestral Manoeuvres in the Dark,Tesla Girls,73adb645-4b27-4079-a8b1-b13513310d78
1984,1984,Orchestre Jazira,Love / Sakabo,95cc34a0-9b13-4249-aef4-2e16d892b035
1984,1984,Orson Welles,I Know What It Is to Be Young,55106b55-6d6c-3046-95a3-3ba9435d4531
1984,1984,Os Resentidos / Siniestro Total,Surfin' CCCP,8a47789c-2e42-4fee-93af-c09110cc9ec6
1984,1984,Oscar Benton,If You Go Away / Prisoner of Love,63a3b8a2-3d02-48e7-917c-85c76f90f8b4
1984,1984,OT0,Mr Schumaker,d4952bcd-f0c6-4277-bfe1-900b7c281e51
1984,1984,Other People,Have a Nice Day,a4e0a501-730f-4a15-8a68-440cd1becbbd
1984,1984,Otis Clay,A Nickel and a Nail / Messin’ With My Mind,b7e29d87-4c50-3852-ac5e-3c39fb960f3e
1984,1984,Out,Tough Enough,09ab6266-20eb-45fe-a947-1a4112ef77a6
1984,1984,Outer Circle,My Mona Lisa,4190dc56-d46e-4465-93d4-466c39806509
1984,1984-05-21,Ozzy Osbourne,So Tired,abaad627-01af-4c6b-8226-098f0ed503f6
1984,1984,O’Bryan,Breakin' Together,442fd2a5-797e-4859-983f-0ffd77c51bf0
1984,1984,O’Bryan,Lovelite,cac4824d-01fe-41ca-a2c9-43c2552ea21e
1984,1984,O’Chi Brown,A Whiter Shade of Pale / If I'm Crying,94540ef1-33b1-4451-8915-99f4d0f713aa
1984,1984,P. A. Box,Don't Run Away,7b10c164-14eb-434e-83fa-43e7389a790a
1984,1984,P. Lion,Dream,2cdc4568-e2c8-4f85-a213-6b82bc663ffd
1984,1984,P.H.O.B.O.S.,Car Crash,a89b62ab-a9da-4eab-abab-9bc998a68314
1984,1984,P.M.,Himlen brinner,06c81957-d8c7-4a20-84cf-01616e3791f5
1984,1984,P.P. Arnold,Electric Dreams,e066713c-7a0f-43a3-b629-96a1388975ac
1984,1984,Paciscopi,Love's Harmony,514aca37-5069-4435-96e3-a2c8ea2196fb
1984,1984,Palais Schaumburg,Beat of 2,5c9c5da9-c78f-45c4-90b8-f64421fa2d34
1984,1984,Palais Schaumburg,Easy Go,51d8d9b5-4ba8-46f6-a875-0ae52b9263b0
1984,1984,Pale Cocoon,黄金時代,4a1b4a19-dd01-4468-b759-493f95baa210
1984,1984-01,Pallas,Eyes in the Night (Arrive Alive),91dfcd6c-2dc6-4804-a65d-6a4fee2881f1
1984,1984,Pallas,Eyes In The Night / Shock Treatment,63cfbc74-a343-454f-8363-4d83dbed3138
1984,1984-03,Pallas,Shock Treatment,46c6de15-f769-4f01-8482-b6e8e7f37b58
1984,1984,Panarama,Burn Me,bdae92ac-7475-4d6a-a48a-7356562a711e
1984,1984-03,Paola,Engel brauchen Liebe,16f95d7c-3e89-4950-8948-edbccd03948a
1984,1984,Papa Levi,My God My King,a9351782-5acc-34a2-9b62-2304ff75d1df
1984,1984,Papa's Hausband,Walking in the Rain / Splish Splash,140bff71-d63a-43b5-ab1b-8f71e1735a38
1984,1984,Paparazzi,Don't Stay All Night,18887c8e-ce82-42b8-a045-475cc14e49db
1984,1984,Papi Nokwe,Abazali,c3d5e742-832a-4cfd-a07a-21e27b6470a8
1984,1984,Papi Nokwe,You Are Everything,cdfbeef6-bcdc-4b04-9812-6fd5a740d90f
1984,1984,Parade Ground,Man in a Trance,66ba0f31-9582-41eb-88ae-5b8de218589d
1984,1984,Paranoia,Dead Man's Dreams,3e8e5230-1d07-49e9-806c-1d3655b0b312
1984,1984,Paso Doble,Computerliebe,bb9d94fd-d19b-34f4-8806-2b1e48494c13
1984,1984,Passion Puppets,Beyond the Pale,f9daabca-08ce-349c-a964-27f69138fed1
1984,1984,Pastor López y su Combo,Si yo muero / Triste y alegre,b338425a-055c-4f8a-9c59-200fde96e00c
1984,1984,Pat Benatar,Ooh Ooh Song,28b8e31d-248f-4826-a984-223d44e7700f
1984,1984,Pat Benatar,Painted Desert,179a15cc-760f-426c-9b73-08265b4ab7dc
1984,1984,Pat Benatar,Temporary Heroes,65e474f3-f9eb-4d92-8ba5-defa1b0e1022
1984,1984-10-16,Pat Benatar,We Belong,f7f8e087-6733-44fe-8c2c-3c614dc75e9d
1984,1984,Patrice Rushen,Feels So Real (Won’t Let Go),735260c0-825e-4acb-80af-7db736112244
1984,1984,Patrice Rushen,Number One,5918e246-2802-4d26-86c1-9d9b822d0782
1984,1984,Patricia,Ik wil de wereld zien,d2946dc2-aafb-43ee-b170-dc80c06c4645
1984,1984,Patrick Coutin,Louise,78af711e-1fdd-4138-835b-06784db79d95
1984,1984,Patrizia Saronni,Perchè Dovrei,18633a33-f508-4a0e-a8c3-2a0fedc80e7b
1984,1984,Patti Austin,It's Gonna Be Special,68ce564a-c4f0-4493-9a8e-3c8b5af7ef65
1984,1984,Patti Austin,Rhythm of the Street / It’s Gonna Be Special (special dance remixes),055e4fcc-5fe9-4493-84e6-47138e97064a
1984,1984,Patti Austin,Shoot the Moon / Rhythm of the Street,9f200534-efeb-4fda-b396-4db9a6dc3187
1984,1984,Patti LaBelle,If Only You Knew,b36075b8-aa15-4d08-8413-b069b4f7ff28
1984,1984,Patty Pravo,Per una bambola,47ce1ec5-b2e8-4bf2-b227-cf4868e00f4d
1984,1984,Paul & Jony,Zweven als een nachtegaal (On the Wings of a Nightingale),811a2d3d-e332-432b-b580-cb7d55296f18
1984,1984,Paul Blake & The Blood Fire Posse,Every Posse Get Flat,52e76a7e-d317-4327-9cf4-9e7e859fce1c
1984,1984,Paul Blake and The Blood Fire Possé,Rub A Dub Soldier,a0b098aa-5730-4b14-a168-b7459358c9d2
1984,1984,Paul Coxx & Panzerknacker,Heartache Party,c81f3efe-274e-4471-a668-00047cdc06ae
1984,1984,Paul Francis-Gray,You Are the One / Would You Hold It Against Me,b32129d7-dcc4-4d65-813c-c97aefb1162b
1984,1984,Paul Hardcastle,Eat Your Heart Out,3f199f3c-859e-4059-91c2-8ff4301bac37
1984,1984,Paul Hardcastle,Rain Forest,4b0f3fc5-e1ce-4444-b501-082889d4e79e
1984,1984,Paul McCartney,No More Lonely Nights,25a88762-ded8-4628-92be-05baf0d98dde
1984,1984,Paul McCartney and The Frog Chorus,We All Stand Together,034359bb-a500-3541-bcec-dacc8b682231
1984,1984,Paul Parker,Desire,e975c1a5-332c-44c7-8c5a-e47fd63d7998
1984,1984,Paul Quinn and Edwyn Collins,Pale Blue Eyes,9cef4bf2-c93d-44e6-9f40-3f52f20a5426
1984,1984,Paul Rein,Min i natt,b4a9501e-16ce-49c6-b33e-a23b889d50da
1984,1984,Paul Rein,Sex,c42e3092-e0b0-4fb1-b26c-3857a2974021
1984,1984,Paul Severs,Anna Marie Helena / Oh Oh I Love You So,768b2340-b1c5-4e5b-ac9a-e87473196cbe
1984,1984,Paul Severs,Ik wens je ’n hel hier op aarde / Zeg is dat niet wondermooi,dc4f63ff-4430-4585-a15a-2485e130de87
1984,1984,Paul Sharada,Dancing All the Night,638ee365-bdfc-46aa-a272-2d001efed7db
1984,1984,Paul Vreeburg,Stap in m’n bootje,9f851154-f74b-4db9-9b99-54fe8c2094cc
1984,1984,Paul Vreeburg,Stap in m’n bootje,b5b242e8-9c56-468c-8ab2-c27c8b046ab9
1984,1984,Paul Young,Everything Must Change,19dedc1c-5e95-3b8f-9e01-c48bac4bb889
1984,1984-09,Paul Young,I’m Gonna Tear Your Playhouse Down,d184b862-0e5c-45b4-9e37-41eff77f575f
1984,1984,Paul Young,Love Will Tear Us Apart,2fa4c7eb-4f5c-4f7b-8838-84ea3cd48348
1984,1984,Pauline Murray and the Storm,Holocaust,88ea5a8c-dcd5-48b3-a02f-b54fbb90821c
1984,1984,Peabo Bryson,"Music From The Original Motion Picture Soundtrack ""D. C. Cab""",9de101c3-bfee-466d-8c57-92ef2cc2508f
1984,1984,Pedro en De Boomstêmpkes,'t is weer tijd voor carnaval,2031ab77-3890-47b5-b85b-87dd04cfb5e4
1984,1984,Pekka Helin,Se eikö ollutkaan niin,afab0f97-de56-4c74-972d-bd1c9e52975a
1984,1984,Persian Flowers,Somebody Elses's Sin,e343077f-c9d1-4444-b889-f3f37929a337
1984,1984,Personal Column,Strictly Confidential,1e8bbf55-5fc6-4b84-a8bc-da7b4c29a79c
1984,1984,Pet Shop Boys,One More Chance,a00bfed7-7047-4162-9119-3ae4b5c90918
1984,1984-04,Pet Shop Boys,West End / Sunglasses,01ebfa9c-7d94-369a-a118-d737b5cea926
1984,1984-04-09,Pet Shop Boys,West End Girls,e9259e2e-2710-46db-a9f0-e8187ad1c2f8
1984,1984,Pete Wyoming Bender,Du bist nicht wie die anderen,40ce84f5-71e5-4c48-9aec-932bfe62ca7b
1984,1984,Pete Wyoming Bender / Dicky Tarrach,Rock Diamond Vol. 6,c8002a46-013c-492c-91d8-12f184195330
1984,1984,Peter Albada,Mijn Rosalien van Sorento / Dans nog eenmaal met mij,550efc50-2309-484d-9b21-0ddeadc4ee49
1984,1984,Peter Broesder,Truckers Carnaval,84c7c58c-7c13-46cf-8e69-d07d98e24a19
1984,1984,Peter Brown,(Love Is Just) The Game,40031202-a64b-4847-9a14-cbf275a176e4
1984,1984,Peter Brown,They Only Come Out at Night,cc698896-ac0c-49fe-9e2c-d56d3e93d09a
1984,1984,Peter Cornelius,Du wirst mi nimmer ändern,adc85f14-cc28-42b4-9c0b-f198683b83e6
1984,1984,Peter et Sloane,"Besoin de rien, envie de toi",88125550-808b-43dd-bbc2-a2f27d7699f2
1984,1984,Peter Gabriel,Walk Through the Fire,e0785ee7-2fb9-4d9e-9846-ed5d895bf6f6
1984,1984,Peter Koelewijn,De hond mist je / Het gaat nooit over,c12d0087-7cd3-46e4-a24c-b863491fd5ed
1984,1984,Peter Koelewijn,De sprong in het duister / Klop ’t af,bc5a6264-8dd1-4d36-b39d-f4852053602f
1984,1984,Peter Koelewijn & Marga Bult,"Als het anker het houdt wint het schip van de storm / Schat, ik hou alleen van jou",ec538c11-005e-4fc8-9cbb-64e0133c3e08
1984,1984,Peter Maffay,Baum des Lebens,98780f5f-adb3-4002-a799-d0351b54b37f
1984,1984,Peter Maffay,Karneval der Nacht,eb4a73ec-6235-4fd0-ae54-611be82a88ac
1984,1984,Peter Maffay,War ein Land,b9af2c3d-2e83-4d11-8e52-cb85b62d01ea
1984,1984,Peter Mars,Missing You Love,c21874c8-a9dc-4604-ad91-ed1862bc8d34
1984,1984,Peter Nagy & Indigo / Júlia Hečková & Knockaut,Kristínka iba spí / Spútaná láskou,a784c2cc-549c-4940-9c2c-307545373635
1984,1984,Peter Orloff,Ein Mädchen für immer,6fd08bff-3540-4c14-8f1f-650b77b34709
1984,1984,Peter Schilling,Hitze der Nacht,2bb9ab0d-27ef-4469-8517-b588a2ef51ab
1984,1984-04-19,Peter Schilling,Terra Titanic,1ec35de2-1a62-4364-b5ba-930313aa8d32
1984,1984,Peter Schilling,The Noah Plan,f06ea7c2-cb7f-437c-bcf2-89f36a1a5076
1984,1984,Peter Wolf,I Need You Tonight,3c1a685d-5ff3-4163-8ccd-9d6835e20ff6
1984,1984,Peter Wolf,Light's Out,488de8e2-675a-4610-bb09-6496face21f2
1984,1984,Peter Wolf,Oo-Ee-Diddley-Bop!,0a37c53c-40ea-4a4e-999d-6d09b5e109fb
1984,1984,Peter Yellen & the Breakers,"Theme From The Movie ""Fall Break""",3f1f881a-f600-411a-be0b-0db9524cc8b4
1984,1984,Petit Cheval,Magical Touch,a34d14c2-19e1-4934-acda-4285bb566e2f
1984,1984,Petra,Puerto Rico,b140a427-605e-4b90-9694-d9e0276ae9bb
1984,1984,Phaidia,Phaidia,c72e8c53-56a7-4fbe-b189-00fc414d73ba
1984,1984-12-31,Phauss & Firework,The Gallery of Water,1a19cf8c-f54e-490d-a0fb-0301dc99b6eb
1984,1984,Phil Collins,Against All Odds (Take a Look at Me Now),105d24b5-7790-43ed-aa6c-a030ea123626
1984,1984,Phil Grant,Hey Girl,cbf0ae3f-142f-40d9-b465-3f200fd6beb8
1984,1984,Phil Trainer,Casablanca,6d5a13e8-f87c-4196-b28d-890b53291350
1984,1984-11,Philip Bailey duet with Phil Collins,Easy Lover,e8c675f2-1c49-47e4-84aa-c32644c4f75e
1984,1984-11,Philip Bailey duet with Phil Collins / Philip Bailey,Easy Lover (extended dance remix) b/w Woman,f18215c8-e086-451c-85e7-43ef8f426c29
1984,1984,Philippe Cataldo,Laisse-là,e63c5557-2e97-4f2f-b267-32f22254421c
1984,1984,Philippe Eidel,Canal+ Le Disque (Musique Originale Du Générique),487aed76-13a5-4868-acea-506035dff443
1984,1984,Philippe Laurent,Système clair,ff143875-de9e-493a-af51-8aa65ea4eaa7
1984,1984,Philippe Lavil,Jamaïcaine,4f3ff49a-1b01-4076-8329-f29b9b3e7fc2
1984,1984,Philippe Timsit,Lisa Lisa,46488273-4a3f-4fd8-8091-adfa43623f81
1984,1984,Pia Zadora,Let’s Dance Tonight,569f035e-4e4d-4c76-94db-92101b0a4241
1984,1984,Pierre En De Buddy's,Tiro Liro,bad14d10-3e4e-45ab-af31-de449b7455c3
1984,1984-11,Pierre Kartner,Musica / Als ik later eens trouw,a815c987-1431-4fbd-8035-aecf1cac6fa3
1984,1984,Pierre Rapsat,Animal,6fc4c08e-a72d-40df-9591-59fe3ab87e91
1984,1984,Pilot,You Are the One,862e07f5-b7ff-4817-9cc5-976d13a2c230
1984,1984,Pink and Black,Sometimes I Feel...,f4b0b8cb-4112-4680-86b7-716d59c7dd7e
1984,1984-06-21,Pink Lady,不思議ＬＯＶＥ,2af611c2-1ea0-3297-b299-97ae1ee80181
1984,1984,Pino Lattuca,La Tucamania / Do Dance,423404cc-859d-4e72-bfd1-a05a09286da0
1984,1984,Pisa,De gewone man,e76a75cf-4f1d-33ba-b238-9ed484cc79c7
1984,1984,Pit et Rik,La Galère,78b88d82-fe90-4887-a333-57680469d467
1984,1984,Pit et Rik,Totolitoto,59739a1d-f049-4058-bc0b-e44c0d31d326
1984,1984,"Placido Domingo, Mireille Mathieu, Emmanuel",Les contes de Cri-Cri,fa542c85-bb1e-4f75-97cb-fa00a9bf6aff
1984,1984,Plague of Fools,Fools All Day,9d1befe1-5ae3-441d-987f-c267149d6686
1984,1984-04,Plaisir Solitaire,Guerre Perpétuelle / Les Armées de Demain,c8a1c7a4-1c8e-4942-8454-6e9ec881b67a
1984,1984,Plankton,Con i ti a moi / Musik,ba69cc08-90ce-4ff7-84c5-65e238e982e8
1984,1984,Plankton,Sophia verloren,74cda33d-24c3-4cbe-abaa-8141a0004dc4
1984,1984-10,Platinum Blonde,Not in Love,4fbf7bbf-f3a1-4d3f-b9fd-88ca611a4f8d
1984,1984-06-20,Platinum Blonde,"Sad, Sad Rain",91e64c2f-e837-4bf6-93c2-b301747480bf
1984,1984-04,Platinum Blonde,Standing in the Dark,a0a4e9f4-2293-4a75-b8cf-768ff59baf3a
1984,1984,Play,In My Mind,cb63f9e5-0131-407d-96c6-0ff282292cd0
1984,1984,Play Dead,Break / Blood Stains,8a6360f8-c1da-43ae-a14c-ff88e1dc2147
1984,1984,Play Dead,Conspiracy,86f98a3f-ae11-425b-8813-5b44df28ffc4
1984,1984,Play Dead,Isabel / Solace,f6dd11cc-dd8a-4d93-b884-195ff56d3a45
1984,1984-10,Play Dead,Propaganda (Nineteen Eighty Four Mix),a0318cb3-3976-4360-a88b-afe3d7d6c221
1984,1984,Pleasure,Buck Owens Medley,4bd6263c-172e-4cd5-9f7f-87efef44c1ae
1984,1984,Pleasure and the Beast,Dr. Sex,a25c47fd-4bd7-4484-8443-52943fde2f73
1984,1984,Pleasure Zone,All The Kings Horses,101edfbf-14da-4dc5-8b7e-f1f1d6ffa525
1984,1984,Pluche & Plastic,Que Pando Sé,dfb115d9-049e-4e29-9ec1-3b157d340c02
1984,1984,Pluche & Plastic,Uit de maat,7fa68906-a4e4-405a-9525-7e989ef3c628
1984,1984,Plume Latraverse,Parade de modes / La Descente aux enfers,8288dfa3-1f00-4ed3-a07b-f2d366be3147
1984,1984,Pointer Sisters,Neutron Dance,00300e3a-b960-4840-a45a-b80dcc359ec1
1984,1984,Poison Girls,I'm Not a Real Woman,a6e75a2d-f18a-42a4-84f4-d26841383d0e
1984,1984,Poor Howard,Maybe Tomorrow (I Can’t Stay),68dbf348-a393-4496-ad05-d8c7031337fb
1984,1984,Popeck,La Danse du Schmok,ca9bb9ca-5d53-4d41-9dc5-44e4ad84863f
1984,1984-04-30,Popeda,Matkalla Alabamaan,e88be001-0001-4f15-ae02-0440738902ab
1984,1984,Popeda,Sukset (vaikeata tämä hiihtäminen),20a3cc8d-e780-4be9-b7ce-864df2bf36fd
1984,1984,Popeda / Sielun Veljet,Matkalla alabamaan / Aina nälkä,1cb47ba1-4f43-46f8-b52e-26231f8c4e21
1984,1984,Porter Wagoner,Happy Birthday Jesus / Johnnys’ Christmas Tree,3ee1cf42-8259-4b42-beb4-40dd02d3128e
1984,1984,Portion Control,Go-Talk,6902eb97-e1fb-3ab9-bb39-066b852dddab
1984,1984,Portion Control,Rough Justice,555daf9f-3c04-30ae-96aa-be4505773d0f
1984,1984,Portray Heads,Elaborate Dummy,f8b242df-17ec-4521-95c5-09ee262c2147
1984,1984,Post-Scriptum,Chagrin d'oignon,70a99ea3-bd24-4724-b4c6-26bd3e2953ff
1984,1984,Power to Dream,Bodies Gone,85d2fc19-bb6f-4a99-b90c-ac678389555e
1984,1984,Power to Dream,The Faith Healer,351e83c7-8fd1-4ed1-a993-072bfd39f6ba
1984,1984-03,Prefab Sprout,Couldn’t Bear to Be Special,0231eada-3cc2-434f-bffe-4da7bd127aae
1984,1984-01,Prefab Sprout,Don’t Sing,1e2421c1-2600-44f3-b7e0-82897ce0dcc1
1984,1984-10,Prefab Sprout,When Love Breaks Down,4b6f8bed-92d3-42ec-9350-ab99c520c10b
1984,1984,Presence,Help Me Mama,3e2dc6fb-ec9a-4406-b927-b44b94346991
1984,1984,Pretty Poison,Nightime,18b13daf-72f6-4ec0-9c02-326528cdd482
1984,1984,Pretty Tony,Fix It in the Mix,440fa569-0635-4f55-a31e-306105b81187
1984,1984,Prima Voice,Kings & Queens,6641e194-499e-4ab9-9af9-3723b95c55af
1984,1984,Primadonna,Flashing on the Floor,af703aa5-0b56-4278-96a6-999d41bccf31
1984,1984-11-28,Prince and The Revolution,I Would Die 4 U,a5e580d8-f700-44dd-9f87-e8bec3431e25
1984,1984-07-18,Prince and The Revolution,Let’s Go Crazy,34fec263-4a8a-36ae-998f-563dafb0f233
1984,1984-09-10,Prince and The Revolution,Purple Rain,d230d994-b6ab-31a0-b3e7-c6ede8307a95
1984,1984,Prince and The Revolution,Syndicate,d911a8cc-d4cb-43d6-b32a-4c961b8f5734
1984,1984,Prince and The Revolution,Take Me With U,8ff97f13-e782-435d-bdf5-dd08ab96423a
1984,1984-05-16,Prince and The Revolution,When Doves Cry,d4b156ad-fd60-3e9b-8ca7-a9e472770f5b
1984,1984,Prince Bagga,Con-Man,33e18a3d-f598-4f8b-b7a4-53c7d89678e5
1984,1984,Prisma,Hijo de la mala vida / Y me dejas ir,f6852caf-754f-4fb4-b37c-bec0f170473a
1984,1984,Private Lives,Living in a World (Turned Upside Down),e4aace05-e0b9-4e62-b14b-63404137751c
1984,1984,Private View,Fashion Changeling / Walls,75588eca-2b21-4b38-ae91-c5f1c5ded797
1984,1984,Proof Of Energy featuring Hansie Ravesteijn,Energy Tonight,ce5c3a70-ffec-4c2d-96b4-8efa3c867f55
1984,1984-02-27,Propaganda,Dr. Mabuse,34196fa7-53df-45c6-87a2-aef7f4c09da6
1984,1984,Pseudo Echo,A Beat For You,35850388-61d3-4eed-9a53-8ca5f47c1d54
1984,1984,Pseudo Echo,Stranger In Me,776d63a8-2126-477d-8a0c-41784d3477a9
1984,1984,Psychic TV,Unclean,5815ad64-5d04-4bf9-845c-083ee320210c
1984,1984,Psyyke,Temppeli / Neondertal,a198080c-4cdc-4c14-8a32-fef4e7c4037f
1984,1984,Puhdys,Ich will nicht vergessen / Die Wärme der Nacht,a1495d8e-435d-4a17-aafb-140c305fcd01
1984,1984,Puhdys,Rockerrente / Das Buch,4483c9f5-0f0c-4ac7-b869-cd480bd45b03
1984,1984-04-19,Pumpkin and the Profile All‐Stars,Here Comes That Beat!,13f106ca-10be-37c6-8e4c-ac74686b5610
1984,1984,Pupo,Un Amore Grande / La Mia Anima,e6c36075-5c7b-4a38-a403-deb6dcf8e4de
1984,1984,Purple Schulz und die Neue Heimat,Sehnsucht,95ab8f03-537f-4be9-8108-1d9981a1968d
1984,1984,Q-Feel,Heroes Never Die,c5d6c428-4349-4daa-b9ed-14808ddcbe55
1984,1984-08,QED,Solo and More,85cc0a90-380a-4b78-a609-0524c28a41da
1984,1984-03,QED,This One,43a0acab-e4e7-4119-a176-6d91efc2eceb
1984,1984-06,Quando Quango,2 From Quando,5fad6579-cc8e-3f72-aa25-c91b1ea321ff
1984,1984-06,Quando Quango,Atom Rock,18a328da-0e16-320e-976c-d12d47559b86
1984,1984,Quasimodo,Down and Out / You Want It,5aae9784-4eef-46df-80d3-dfac6c6fb6a8
1984,1984,Queen,Excerpts From Their New Album “The Works”,0c37f4f1-ec12-41ad-a1dc-2325500cf0ea
1984,1984-09-10,Queen,Hammer to Fall,3de9d0f5-d636-455c-8a76-2a3ae30d394b
1984,1984-04-02,Queen,I Want to Break Free,67bc1e01-4da1-33f2-810b-cf25eea3b450
1984,1984-07-06,Queen,It’s a Hard Life,b551809a-e3a6-3cc7-8639-704fc3aacafa
1984,1984,Queen,Killer Queen / You’re My Best Friend,178f6e5d-b1f4-4ff8-b830-02823a79270f
1984,1984-01-23,Queen,Radio Ga Ga,efd551e7-19c4-34e8-b073-d22c423130c3
1984,1984-11-26,Queen,Thank God It’s Christmas,1a6d4bac-3b6c-47cd-93af-767de4b6efd3
1984,1984-11-27,Queen,The Miracle,b3d2bd3e-0698-3b9a-ad65-754457cd7898
1984,1984-09,Queensrÿche,Take Hold of the Flame,f17c876d-a484-4e3b-aaf6-94969f3c2e77
1984,1984,Quiet Riot,Bad Boy,4106cbe9-42a5-47c8-82a9-ac4a615612f5
1984,1984,Quiet Riot,Mama Weer All Crazee Now,24e4164c-d55f-4610-b359-a1f8885a037c
1984,1984,Quiet Riot,Winners Take All,8d787579-baea-4a7e-aa20-b19d14702116
1984,1984-06-18,R.E.M.,(Don’t Go Back to) Rockville,90d157fa-de05-435c-8b3c-a8af443db2dd
1984,1984-03-26,R.E.M.,S. Central Rain (I’m Sorry),787a2f5e-04e9-3468-912e-4fb3061577d6
1984,1984,R.J.'s Latest Arrival,Shackles,c29c4f29-ad17-4ef4-9884-c54ab62edd0f
1984,1984,Radio Band,Radio Rap,23f75f91-a5c0-4795-8af0-0ef97f038635
1984,1984,Radio Futura,Escuela de calor,5d848bb2-4415-4323-9835-626ef20b6992
1984,1984,Radio Futura,Semilla negra,0ce1edcf-61d9-4631-be31-7224e6d3cba3
1984,1984,Raf,Self Control,cc8546c5-a2d9-479f-be6d-9a982d55cf31
1984,1984,Raggio di Luna (Moon Ray),Comanchero,6ac534c9-7edd-40e3-9d4d-8d2aa4dd5ba3
1984,1984,Raindancer,Nasty Habits,efc17e8b-e24f-40a9-a86d-e33c25b6cbf4
1984,1984,Rainhard Fendrich,Auf und davon,176be9cb-e96a-418a-a2f8-6156b951a0bb
1984,1984,Rainhard Fendrich,Coconuts,bf0a7573-4473-41b8-9001-7e8b0add1612
1984,1984,Rainhard Fendrich,Ich bin ein Negerant Madam,49ff5926-6818-4f34-a2c2-caa6e5ff30d0
1984,1984,Ralph MacDonald,Universal Rhythm,9dc78ddd-a21a-418b-801f-6c17e24bcf79
1984,1984-07,Ram Jam / The American Ram Jam Band,Black Betty / Keep Your Hands on the Wheel,7582e940-f92d-4318-857a-f7bbd4597c91
1984,1984,Ramming Speed,When You Walk In The Room,0218d549-34c6-41c3-bb88-7ca1bdb080ff
1984,1984,Randy Newman,The Natural,d3d6aab5-9e7c-44e7-b670-6689e9845ed6
1984,1984,Randy Remet,Randy Remet in Paris,fcb39946-4eb2-482f-b4d2-24852ed795be
1984,1984,Randy Uchida Group,Deathly Fighter,dcf12eaf-1756-33f1-8922-90edeb7125cc
1984,1984,Randy Wiper,I’d Like to Know,5b7d08b9-3e25-408d-aad0-e97a1a820598
1984,1984,Ranko,Happy World,dbdb30e8-13a3-4dbb-b1dc-3213d13fe163
1984,1984,Rataplan,Foxy De Vos,a22f7f21-b491-47a5-8fad-6df2cfb7eae2
1984,1984,Ratata,Någonting,d775f49e-cb48-4f65-97a8-5b427b030410
1984,1984,Ratt,Lack of Communication,c12ea441-cf6a-4260-b220-9c57d846fcf8
1984,1984,Ratt,Round and Round / The Morning After,22feba23-503f-4dff-a715-450cf403f47f
1984,1984,Ratt,Round and Round / You Think You're Tough,aacc5320-e1c7-4805-8873-90d1af1f83b3
1984,1984,Ratt,U Got It,14f358c9-7ab8-4a27-bf70-1552c35d86b1
1984,1984,Ratt,Wanted Man,e79fc1c9-cc51-4132-9498-6a58bf251161
1984,1984,Rattle & Frost,Give a Little,11ac0424-2e19-4641-b323-e2bc44cd4861
1984,1984,Ray Allen & Paul Faber,Happy Music,97bf61a2-7b45-43fc-979f-8261d376aec6
1984,1984,Ray Charles,Seven Spanish Angels / It Ain’t Gonna Worry My Mind,20188858-2802-41f4-9238-1db8a6db8fdc
1984,1984,Ray Charles with Hank Williams Jr.,Two Old Cats Like Us,cbac7ae1-1076-4fa0-8f88-edcd48bd2616
1984,1984,Ray Cuestas y sus Palacios,Emigrante / Campesina,7a15862a-1bee-4192-a9d5-200e994bf960
1984,1984,Ray Cuestas y sus Palacios,La enfermera / Cumbia para ti,51a1f01d-9df4-4617-9581-3f8f7f6b3602
1984,1984,Ray Parker Jr.,Ghostbusters,21c78ab8-a692-396f-bc1a-1befad7cd825
1984,1984,Ray Parker Jr.,Ghostbusters (Searchin' for the Spirit),c8934be4-f164-4d20-a90d-055fe5605403
1984,1984,Ray Parker Jr.,Jamie / Christmas Time Is Here,464ad38d-609a-434c-abbc-53cc5f297250
1984,1984,Ray Stevens,It's Me Again Margaret,9f79117d-1593-4f60-b8ce-3dcacd9b2d54
1984,1984,Ray Stevens,Mississippi Squirrel Revival,ab4c1f54-4df3-414b-aa4e-becfe5a75f1d
1984,1984,Real Life,Always (Special Dance Mix - Raunchy Version),bab17782-5e80-4139-9fb8-0ba9b5b88752
1984,1984-04,Real to Reel,Love Me Like This,679c41b9-5a06-47fc-bee7-b667959d8c8c
1984,1984,Reality,Who Killed the Golden Goose?,b327104e-024f-3fc0-b2b9-fb533d5d10fd
1984,1984,Rebbie Jackson,Centipede,268d00a1-300b-42a7-be09-292a4eae70cb
1984,1984,Red Dress,Money Dream / I Like to Eat My Mouses Raw,4e20644e-9c91-4a57-9ce1-33e43d452856
1984,1984-08-21,Red Guitars,Marimba Jive,ac47a40f-cfa4-497f-b44b-9c307e098077
1984,1984-06-22,Red Guitars,Steeltown,58ec0a2f-7073-4748-a89b-dfced7693ab0
1984,1984-08-10,Red Hot Chili Peppers,Get Up and Jump / Baby Appeal,45fb6ee0-62b5-46ab-921a-f57ee4924846
1984,1984-10,Red Lorry Yellow Lorry,Hollow Eyes,d6a31174-bd25-4e0b-b5d7-e4cdbd83795b
1984,1984-06-25,Red Lorry Yellow Lorry,Monkeys on Juice,0571372b-258d-4af9-a47f-86f0b2c7ebba
1984,1984,Redskins,Keep On Keepin On!,38833964-5a74-44bd-b6c9-72d554f77495
1984,1984,Reeds,The game,c91c20c5-4dbb-4b8b-be8d-9f70428a5ce8
1984,1984,Regina Rogers,Disco Delight / I Will Survive,ab2761e6-87b7-45ca-8443-b0371d0447f0
1984,1984,Regrets,Tout le monde s’amuse,b3864792-4f7d-4405-8477-a35427906df4
1984,1984,Reinhard Mey,Frohe Weihnacht,23bd68a8-297a-4ccd-980f-4c718a54119e
1984,1984,Reinhard Mey,Rundfunkwerbung-Blues,9ae8fb2a-be85-4824-bb1f-fdf11e72885a
1984,1984,Relax,Ein weißes Blatt'l Papier,9f877418-c34e-4264-8d89-4f6dc6db0b1e
1984,1984,Relax,Herbie auf Hawaii,a13b6e6a-631b-4357-b164-175b096248f0
1984,1984,Relax,Oh Rosita,39075eb6-6169-4206-8a61-ab9b02f0f752
1984,1984,Remo,Wir sind jung,a42a07f6-6d70-4ef6-8bc7-9b3ff1dd793c
1984,1984,Renaud,Doudou s'en fout,a97e7030-dc71-4e63-9362-9994a7d8ea90
1984,1984,Renaud,En cloque / Ma chanson leur a pas plu...,1fd79f28-81c3-4237-b7da-a63cb421af1e
1984,1984,Renaud,Morgane de toi,e17d26b8-8152-407b-995d-efc24c7aa53b
1984,1984,René,Als je me zoekt,ec6422ea-1f8b-46e3-8154-590aa619f513
1984,1984,René Froger,My Hitparade,c0009e91-553d-4801-b7a8-8213fc567b39
1984,1984,René Ulehake,De laatste nacht,b4a47f1d-1f65-4820-ab22-da2ce4924c59
1984,1984,René van Wijk,Vlaanderen Dit Kan Toch Niet,484d62f7-0cc3-45f4-884f-383a3df246f3
1984,1984,Renée de Haan,Je zette alles op het spel / Hé ben jij ook alleen,ef3b3c10-fe71-4a65-b9bb-701a8f758510
1984,1984,REO Speedwagon,Can't Fight This Feeling,6ceea404-6610-467d-b92b-1372d59945ae
1984,1984,Rex Gildo,Dir fehlt Liebe / Und das Bett ist leer,f6954da7-ef72-4e7b-af6a-2e2bf3222bb7
1984,1984,Rex Gildo,Rendezvous auf Spanisch / Das Spiel der Liebe,3c5c1d42-482d-4648-8f74-ee283af6591f
1984,1984,Rex Gildo,Speedy Gonzales / Maddalena,300d03ae-7622-4e04-a170-06fa07805ca8
1984,1984,Rezerwat,Modlitwa O Więź,f7502017-af20-4f2f-affa-bdeb545e140c
1984,1984,Re‐Flex,Couldn’t Stand a Day / What You Deserve,273c0683-31fa-4cd6-b09d-54ce65dc5f38
1984,1984,Re‐Flex,Praying to the Beat,1bc36759-fcdf-4bc9-9153-b98e4bb62474
1984,1984,Rheingold,Computerbeat,ad30e813-1c04-4e48-b99a-626dcf46d141
1984,1984,Rhythm Talk,Citystreet,c5461405-34f0-4dab-b755-6373ff825ce8
1984,1984,Ricardo & De Calypso's,Tahiti,fa41d0ca-cc07-4f2b-b30d-acbc697efb53
1984,1984,Riccardo Cioni,Ole'-Oh / Garage,63d29bec-f16c-4417-862e-462e22e1d1a2
1984,1984,Riccardo Cocciante,Sincerità,f5f4a655-9810-4fa1-9847-d2799cadff13
1984,1984,Rich David,California O.K.,f50b9867-b4ac-401f-a2b3-59c0a0fb6c5a
1984,1984,"Richard Addinsell, Henry Litolff",Addinsell: Warsaw Concerto / Litolff: Scherzo,9ab83cdc-5c34-431d-ad29-cd2f90615573
1984,1984,Richard Benson,Animal Zoo,64a2c15f-48ac-3b80-b6e8-8828c41e6cd4
1984,1984,Richard Benson,Renegade,bcc6ca97-85dc-3cc1-b87c-8a093bff9e39
1984,1984,Richard Berry,Jalousie,46bda241-7575-418e-a75d-6ef411a63735
1984,1984,Richard Berry,Visiteur,312c0257-2949-4727-97cc-0f1902fee5ca
1984,1984-12,Richie McIdol,The Skye Boat Song / Stand Up,530f3b8e-835f-4d6a-95a7-048c15e6797c
1984,1984,Rick Springfield,Bop 'Til You Drop,7e0988d4-ee4b-48c9-87b6-b6f3581e3915
1984,1984,Rick Springfield,Bop 'Til You Drop / Taxi Dancing,e164b56a-cbe0-444e-b9c4-42c1040d4765
1984,1984,Rickey & the Frog,Funky Street,5b4eed3c-e66b-45b6-884d-f98c2baf0725
1984,1984,Ricky Star,Eerst wil je dit,b4ae6153-0a8f-4b98-b15a-38394f88038a
1984,1984,Rieky,In het gras aan de waterkant,2dcadada-562a-42ba-bd7e-736e64f75aaf
1984,1984,Rights of the Accused,Innocence,dae8e778-3d1b-4698-8c51-421c21c546de
1984,1984,Rika Jansen,Me wiegje was een stijfselkissie,b56a6512-0f65-4452-b024-ecc4804b3136
1984,1984-03-11,Rikki,Bad Money,9fd51c98-d9fa-4506-b7b2-766b912a35b8
1984,1984,Riot Squad,Theres No Solution,2137d07f-4fab-3214-a190-cad894356e94
1984,1984,Rita Mitsouko,Restez avec moi,d4177d68-104a-4f5c-9b9c-c9d0a8064dbd
1984,1984,Rita Young,East to West Coast to Coast,b9d22979-eda1-423b-b038-4042d1317f64
1984,1984,Rite de Passage,Put Your Money Where Your Mouth Is,764ced38-ef93-47ca-a6f3-9c460ec9af73
1984,1984,Rive Gauche,Friends are Friends,9d2e35f2-b971-4003-815f-c72bd6635751
1984,1984,Robby Tauber,Ich muß immer an dich denken,ad318df1-1513-4559-aedf-9f9c14e368c4
1984,1984,Robert Marlow,Claudette,637dba02-c233-4755-a966-a8fa8aabe22d
1984,1984,Robert Park,Hunger for Love,e2f20866-cf5c-4e7d-9cc8-76d43e7eab55
1984,1984,Robert Schroeder,Black Out / Galactic Floor,c3027a93-14ea-403a-9adb-4b4d9c543a58
1984,1984,Roberto Blanco,Por tu amor,d82b4c7c-93c9-49d2-b142-83cb599999f3
1984,1984,Roberto Jacketti & the Scooters,Preaching,e233f54b-dfee-4023-9945-15462ea4dc0a
1984,1984,Roberto Jacketti & the Scooters / Willem Duyn & De Los Vast Band,Los Vast Single,2b1a61c5-e9a5-4dbd-939e-118fb86faf20
1984,1984,Roberto Q & The Boppers,Not a Hippie Anymore,e3e0cb01-2425-4336-a1e3-c16169eb1151
1984,1984,Roberto Sandrini,Occhi Su Di Me (Eyes Without A Face),488d0497-db6d-4bab-89fc-d79d626c7265
1984,1984,Roberto Soffici,Mai più,b3afff93-2005-4782-adf7-a99c2ad6484a
1984,1984,Robey,One Night in Bangkok,6962e78a-a47f-420f-be01-5ab8721505dd
1984,1984,Robin Gibb,Boys Do Fall In Love,93760b07-7905-451c-95e1-b582e99289f8
1984,1984,Robin Gibb,Boys Do Fall in Love,ee865c23-c376-4c15-b356-1e4e6b48b755
1984,1984,Robin Gibb,Secret Agent / Robot,47e886bd-953f-40d3-988f-055aaba3e30b
1984,1984,Robody,Dr. Youwzy,4b0308a7-9941-4aea-99e6-641968fad3bf
1984,1984,Rocco Granata,Buona notte bambino / Irena,076f742e-cc77-4f47-b614-7ccfef0dbbed
1984,1984,Rocco Granata,Marina / Manuela,3b5c44e5-68f5-49b6-8aae-f415d6492fc5
1984,1984,Rocco Granata,Zomersproetjes / Daar gaat mijn grootpapa,ca540c25-2f7b-483e-9b69-f29bad6cec23
1984,1984,Rock Goddess,I Didn’t Know I Loved You (Till I Saw You Rock and Roll),54a50f96-a077-4e25-9dd6-dded26cc80a2
1984,1984,Rock Master Scott & The Dynamic Three,Request Line,6526947f-3da2-3978-891d-f01eb153f8f3
1984,1984,Rockwell,Obscene Phone Caller,bfdb5152-400a-4194-81a6-6806fe3f5f68
1984,1984,Rod Stewart,Infatuation,c6cf392a-5dbc-42da-934a-b88d6f629105
1984,1984,Rod Stewart,Some Guys Have All the Luck,11cd62b6-a4c8-4e9b-8a62-9fadd0935907
1984,1984,Rodgau Monotones,Die Hesse komme,2eedb80b-9b27-429f-b5e8-f479390d3720
1984,1984,Rodney C. Riley,"A Little Bit More / Hey, Captain",13ce1937-80eb-475d-a480-1cc32a2bd329
1984,1984-06,Roger Daltrey,Parting Should Be Painless,a1a0ad53-1417-4176-834e-28a733f90842
1984,1984,Roger Daltrey,Walking in My Sleep,8d47b527-9bca-4d10-adb9-074149ccf1f2
1984,1984,Roger Hodgson,Had a Dream,2282e7a1-782b-4c1e-8eee-b2af643a0ea7
1984,1984,Roger Hodgson,In Jeopardy,3937cb03-3332-42f3-9a51-05bdbf494e0e
1984,1984-11,Roger Taylor,Beautiful Dreams,68c147d8-8b4d-439b-9633-16b00829b04c
1984,1984-06-04,Roger Taylor,Man on Fire,57e71a00-6243-3ee0-962b-e15824effccf
1984,1984-07-30,Roger Taylor,Strange Frontier,1310842d-40f8-45b3-b2d7-b8f669d4dbc7
1984,1984,Roger Waters,The Pros and Cons of Hitch Hiking,6d22e854-9615-4da8-90f5-a0fa7ad5f0b6
1984,1984,Roky Erickson,Don't Slander Me / Starry Eyes,65aa4f0c-94c2-3b07-a496-665688f67f76
1984,1984,Roland Kaiser,Es kann der Frömmste nicht in Frieden leben,f505cfdc-fc5c-4e1d-a423-dc51197becb0
1984,1984-07,Roland Kaiser,Joana,8f40cdd4-21b4-4837-a135-dc9fb170f3c3
1984,1984,Roland Kaiser,Santa Maria / Sieben Fässer Wein,60fa8c1d-e49a-44af-aadb-b69ef43093f4
1984,1984-08-15,Rolands Gosskör,Genom barriären,c59402bc-e213-4f9d-bbe9-d33c22d57866
1984,1984,Romeo Void,A Girl in Trouble (Is a Temporary Thing),dffc9586-a846-4208-ac0e-057cbdc89c0a
1984,1984,Romeo Void,Say No,de5d5322-a2b0-4f73-ac19-8329e23dde55
1984,1984,Ron,Joe Temerario,ed003290-16a6-4edf-b449-7960cf2d38f7
1984,1984,Ron Tas,"Oh, denk aan mij / 't Leven is zo mooi in Mexico",ddfe0ee1-6da3-4ae9-bd70-bd8a66b9e771
1984,1984,Ronnie Urini & Die letzen Poeten,Der dunkle Prinz erzählt Geschichten aus 1001 Nacht,904a239d-3da7-4dad-9aa7-40b117f979e0
1984,1984,Ronny Arlando,Trouw...,e0020c96-3566-4324-bb50-0130ad92039f
1984,1984,Ronny Arlando,’t Is zo stil om me heen,808aae6b-dc36-4815-a9a0-3084c31f4efe
1984,1984,Ronny Coutteure,Le roi du smurf,8aae52a6-c239-4b65-ba80-397ba167da30
1984,1984,Room 101,Tokyo Nights,2d8bacfc-29df-408f-9114-a16088794cbe
1984,1984,Rose,Magic Carillon,5f8e9865-5d0b-40e9-9f82-105a625fecca
1984,1984,Rose Laurens,Danse moi,21e0b7ea-e095-4c5d-8bf5-b96270ffbfd3
1984,1984-04,Rose Laurens,Night Sky,4fcc821e-f680-4ab6-8c0d-7ec44e4286eb
1984,1984,Rose Royce,Magic Touch,b7bf24ce-0725-40a3-a155-9cd809135a05
1984,1984,Roxanne Shanté,Roxanne’s Revenge,2f57d93f-9b62-345b-8b69-9ee3b03e2855
1984,1984,Roxanne with UTFO,The Real Roxanne,3895fc30-3790-48a0-8785-e3a99148d9e8
1984,1984,Roy Rayon,Foot Loose,cb9e81ab-01f5-45a8-a337-a057604a31e6
1984,1984,Rubella Ballet,42°F,0a83deda-cecf-326f-bdcf-62b80c7eddc4
1984,1984,Rubén Vela y su Conjunto,Por ti soy feliz / Mire amigo,386903b4-f2f1-4672-8511-e044b105fb2c
1984,1984,Rudy Grant,Get Ready Get Right,865846d3-3bdb-484f-8995-ff587e1ac8cf
1984,1984-01,Rue D’La Lune,21 Heures 60,50dd9ba5-6bbe-4004-9d7a-62c5b25267aa
1984,1984,Ruins,Fire,20a7d7d8-4bbd-4a89-8090-6c7961031a93
1984,1984,Runrig,Dance Called America,2987d90a-45b1-436e-b299-582929eeaed0
1984,1984,Runrig,Skye,1736e822-fe31-4edf-92eb-d4ec8359052c
1984,1984-03,Run‐D.M.C.,Rock Box,d479d3a1-43ba-4a8c-bd67-a2b5f55aec95
1984,1984-12,Russ Abbot,Atmosphere,035e4e41-4ed2-42f8-a63a-10d05fc6aaf9
1984,1984,Ruth McKenny,That Tiger in My Body / When You Get Lonely Too,0d16dd7f-3c0b-4e79-ace9-67d9d70409dd
1984,1984,Ruud Gullit,Not The Dancing Kind,2ac35102-24b3-44b0-b281-f291327b00d5
1984,1984,Ruud van der Heyden,Sientje / Er zijn nog acht wachtenden voor u,4a062c89-609e-4917-9b7d-8059947ef8f5
1984,1984,Ryan Paris,Fall in Love,c9a0b2ea-7cc4-450a-aa9d-6bd0edc4748e
1984,1984,Råttorna,Serenad i C-dur,006cec24-ca97-49cf-96f6-aca525a5e6e0
1984,1984,Régine,Radio musique,bc7d8aa0-966c-4e0c-86da-45b73c93c079
1984,1984,S.B. 1 New Sin,Try To Telephone,1b812451-f00c-4247-a03c-48460b5c0cde
1984,1984,S.C.O.R.T.A.,Pertini Dance,cdc04963-6ad5-4265-82ef-4c6e33840ba1
1984,1984,S.T.S.,Irgendwann bleib i dann dort,360d29e6-e0c2-4098-bd86-afb40f1eb8d2
1984,1984-11,S.T.S.,Überdosis G'fühl,bd60074c-5d4b-446e-97ce-82134615bbdd
1984,1984,Sacha,Eenzame nachten,c411c47b-6ab9-4a41-859e-cce65fa14cad
1984,1984,Sacha,Wat ik wil voel ik bij jou alleen,4d749f57-c6a2-47f1-8009-0a6627c47d79
1984,1984,Sade,Hang On to Your Love (12″ version),7c3768fe-66cd-47bd-a173-ff34d6de40b9
1984,1984-02-25,Sade,Smooth Operator,118da644-3ebc-4e89-a1c8-a1807c31162d
1984,1984,Sade,When Am I Going to Make a Living,f4678bca-83d7-478d-92b3-63fec4d26973
1984,1984,Sade,Your Love Is King,09c766a0-8f13-4745-8840-6d3a6a5ee09c
1984,1984,Sadie Sads,Angora,a0a1e897-8d82-4d3d-94bf-3054f53fc7bd
1984,1984,Saigon,Gothic Bop,0229bc96-c206-469b-83c2-e1112db5e6f4
1984,1984-02,Saitenwind,BAP (Lott ons bloß in Ruh!),c21886d2-0b41-49d0-abec-f7be99fc93a5
1984,1984,Sal Wood,Heat the Beat,44603600-475e-4b28-a168-c9e9d937e40a
1984,1984,Sale Affaire,"Hey Max, pas de panique",b48c98a8-04f3-40b5-8b6e-19355970c7a6
1984,1984,Salem 66,Across the Sea / Ponly Song,3a756a10-b9a3-4baf-96d7-5ec104601e19
1984,1984,Sally Patience,The Triangle Man / Buried In My Boots,ffce1559-139e-45f2-8b12-99a712ea2b44
1984,1984,Salvador Huerta,Valgame Dios / Veneno,4b8c785d-3ce6-4180-8c86-80ba3773c2a9
1984,1984,Salvy & Giuly,Stop the World,2679a313-4273-4d3d-bc2f-3aa575deeb65
1984,1984,Sam Harris,Sugar Don't Bite,b953f097-1ca0-49d5-af9b-9f99101d730a
1984,1984,Sammy Barbot,Let the Music Play,8702acbf-4118-4689-8589-c6ed734b472a
1984,1984,Sammy Hagar,I Can't Drive 55,6d2f8967-b424-4103-b035-a560f4ae49cc
1984,1984,Samson,Are You Ready,37d57766-126a-4812-bcb1-0e3f46bb1b7c
1984,1984,Samson,The Fight Goes On,9b626c06-b80d-4d36-8a21-7949d8515ffe
1984,1984,Samuel del Real y su Orquesta,Ella no baila sola / Para comer y bailar,dffe3c46-1bd9-4a1b-92df-54659dd4698b
1984,1984-04-09,Sandie Shaw,Hand in Glove,c10979fa-2fbf-38d0-8f96-b0f42cab10c0
1984,1984-04,Sandra,Japan ist weit,731088f0-26df-34f3-b162-f66ee19feda1
1984,1984,Sandra de Sá,Enredo do Meu Samba / Musa,98284876-8ad1-4812-aadb-a47c03446886
1984,1984,Sandra Reid,Feels So Good,41dec08e-f504-4272-801f-8f8b817e291f
1984,1984,Sandro Giacobbe,Portami a ballare,b0b87f58-b777-4192-9a24-41932a947df8
1984,1984,Sandy Kerr,(I’m) Billy Jean,40aebc7c-6ced-4c6b-a812-a483afba2d35
1984,1984,Sandy Marton,People From Ibiza (Ibiza Remix),d90cfa6f-ca61-4d5a-b530-23bdc384879b
1984,1984-07,Santana,She’s Not There / Samba pa ti,94187026-916f-4179-9f73-f428f6ba6277
1984,1984,Saracen,We Have Arrived,11aa1f93-49df-4bde-9d6c-e610d1ebe478
1984,1984,Sarah Mandiano,Ombre chinoise,35979ff7-60c1-4674-b6fb-34de6f2ce3ac
1984,1984,Saskia & Serge,I Know,37671817-e3bb-455b-bb13-abc69c813a47
1984,1984-01-11,Satellite,In The Year 2000,f283a975-48b6-40c6-8b55-9f23072ebc3c
1984,1984,Sator Codex,Howling / Middle East Mix,3cb37cd7-864f-46e5-be60-26888628509b
1984,1984,Savage,Only You / Turn Around,df367ed7-8e57-4647-9a32-61b85cbc694a
1984,1984,Savage Progress,Heart Begin to Beat / Dark Town,965de704-7f09-401a-8522-0b04cb08d303
1984,1984,Savage Progress,My Soul Unwraps Tonight,9f7c2112-4b4b-4e58-ac0d-3c4e537cd6cf
1984,1984,Saxon,Bad Boys,5d564acb-1923-498a-ba65-fd0e78340f77
1984,1984,Saxon,Do It All for You,c542a1de-acaf-4d1c-8ce4-80d241574e7e
1984,1984,Saxon,Just Let Me Rock,71d891dd-6d3d-4312-a08a-226294ec825d
1984,1984,Saxon,Sailing to America,b21ca129-0517-4b2b-af1c-f29745723eff
1984,1984-09-22,Scandal featuring Patty Smyth,Beat of a Heart,4b0cd337-9c33-4f88-80c5-be8a345aa1f3
1984,1984-06,Scandal Featuring Patty Smyth,The Warrior,0b161045-e16c-4835-a44a-2200ba307e87
1984,1984,Scarab,Poltergeist / Hell on Wheels,ee9e3ee8-3522-4c82-90b3-0f98d14d988e
1984,1984,Scary Thieves,Tell Me Girl,c23a90cc-beff-492f-99b7-775b7430d8d4
1984,1984,Scheer Music,Falling Back In Love,6c83f6f2-4ccc-4f47-9037-2e2e26c1a729
1984,1984,Schelde Trio,Vaarwel isabel,cdd65c4a-97f9-47e6-9758-94b0349d2bf9
1984,1984,Schmutz,Love Games,b941772f-1bd5-4973-8624-4f663a5e83a7
1984,1984,Schoolly D,Gangster Boogie / Maniac,2189f499-cf16-4650-830a-5c6832078c6d
1984,1984,Schroeder,Halt dich an deiner Liebe fest,b5bb6a21-98c4-4eee-ac80-29b94daf94a2
1984,1984,Scirocco,Scirocco,68ecabf8-7af3-4b6f-8907-92abc3e74458
1984,1984,Scorpions,Bad Boys Running Wild,42443cba-1e6d-41af-ba1b-c5f1483f0be7
1984,1984,Scorpions,Bad Boys Running Wild / I’m Leaving You,5e82efa9-e174-4785-a3e7-51f8a5cde823
1984,1984,Scorpions,Big City Nights / Bad Boys Running Wild,7ba90fc0-926c-464b-91f5-831235db352b
1984,1984,Scorpions,I’m Leaving You,99a7cbe8-5b15-48bd-b18d-6c5d41a09bbb
1984,1984,Scorpions,I’m Leaving You / Loving You Sunday Morning,9dc107e7-7146-4943-a26d-ff092b95215f
1984,1984,Scorpions,Rock You Like a Hurricane / Coming Home,f15d67b9-2e20-4358-a7e3-28ebec25ddbf
1984,1984,Scorpions,Still Loving You,3bdafa78-d9ee-4e49-95de-3e19810e0f16
1984,1984,Scotch,Delirio Mind,9835ea16-b422-4644-9cbd-2a428b9b7f9c
1984,1984,Scotch,Disco Band,d34ff90b-9743-4d3d-89c9-eacb209e5c2f
1984,1984,Scott Walker,Track Three,e9377647-700a-483f-9173-cb5f1efc28e8
1984,1984,Scraptown,Viva Sahara,2f3886d9-e018-44e3-bcb4-16bcf2724ca8
1984,1984-02-11,Screaming Dead,Paint It Black,f6907fb6-14be-4d23-86ac-7eda1bcebdcb
1984,1984,Scritti Politti,Absolute,82759859-97ad-4766-8a17-7d02eb11fb78
1984,1984-11,Scritti Politti,Hypnotise,7c99d5a7-b122-4f89-a086-058b8f4f1304
1984,1984,Scritti Politti,Hypnotize,a698cca0-959e-41a2-baf2-444b69066313
1984,1984,Scritti Politti,Wood Beez (Pray Like Aretha Franklin),4073973d-c43c-4520-a067-e5d56116c016
1984,1984,Scritti Politti,Wood Beez / Absolute,1e393367-8625-4eb9-b056-7c70401cccc2
1984,1984,Secession,Fire Island,9e24db2b-5de8-462d-b0a1-e4d1984dda75
1984,1984,Secession,Touch,edeefad1-ef4b-47ab-8637-73dad7d41159
1984,1984,Secret Camera,Voice Of Your Heart,5aafb17f-ec4c-4bb4-900f-67d69e13072f
1984,1984,Secret Service,Do It,65db48a2-308e-4a76-a8a6-e0f1d636b031
1984,1984,Secret Service,How I Want You,96160a00-141f-4d96-99b6-a2a4d0d5bcc7
1984,1984-06,Section 25,Looking From a Hilltop,9d24e018-b561-3794-a146-f84c0397f5d0
1984,1984,Sector 27,Excalibur,67edc26a-62fc-4db2-a3e5-11aabead630d
1984,1984,See This House,The Project,14315bcb-25fb-4f85-8645-d9e75b11b4f4
1984,1984,Sensation,Born to Dance,00dc346b-ace9-4765-9ecf-ba8814018eb2
1984,1984,Sensitive,Driving,008e0580-a4ae-480a-ac74-d65e03ad5f74
1984,1984,Sensus,All of a Sudden,4af2d16c-d301-44e3-9f2d-e5449b4cd166
1984,1984,Sensus,Sensus,12a66ae7-051c-4236-b184-55e235715d3e
1984,1984,Serious Intention,You Don't Know (Limited Edition Special Remix),a9a33da2-d34e-4e0d-b72c-bffcd7acb28e
1984,1984,Serious Posse,I Don't Believe It (Dance Step),fb6a017b-ed65-45a8-91b4-38ec0b07fd46
1984,1984,Seven,Stranger Than Fiction,c6af1a38-8a98-4490-852b-1e5b07ace922
1984,1984,Seventh Son,Sound and Fury / Metal to the Moon,a7505c5a-ce63-44a3-af5f-427df4ba2ae7
1984,1984-03-01,Severed Heads,Dead Eyes Opened,aba3da71-5fb7-48f5-bd17-cda4b59419cd
1984,1984,Sex Gang Children,Dieche,87663efa-05c0-3a5d-a58f-fe4fb874ce91
1984,1984,Sexbeat,Pump,f3d14846-34d3-4399-9f38-687bc3c6685d
1984,1984,Shadow Talk,You Could Be Mine,74f1a6fe-d3aa-4ded-8eb8-4362c0829cfe
1984,1984,Shadowman,Many In My Life,090c6b72-2998-4a22-80a4-b8bd17c79e8b
1984,1984,Shai Gould,I'm Ready for Love,f4aebbe9-170e-4613-bb27-9d1745a5b80d
1984,1984-06,Shakatak,Down on the Street,f208326f-fc55-4f1c-ae71-185f773e87d3
1984,1984,Shalamar,Dancing in the Sheets,15cf45b0-8669-4233-b676-faf69617172b
1984,1984,Shalamar,Deadline U.S.A.,81f8fb66-e529-46dc-b870-af0372b9f8d9
1984,1984,Shalamar,Don't Get Stopped In Beverly Hills,a2423350-1664-4905-971b-3e7991615f86
1984,1984-03-08,Shannon,Give Me Tonight,14055eb3-e7e7-4a02-8db7-9f9289eb1ce8
1984,1984-05-21,Shannon,My Heart’s Divided,85cbf733-3e92-4c1e-9545-43c2b37bf011
1984,1984-07,Shannon,Sweet Somebody,98c846f0-2cea-4dcf-b69e-2b5425a522fb
1984,1984,Shark Taboo,Troineann Siad,620bbcb3-f5ed-4400-ac06-735aa9df0de3
1984,1984,Shark Vegas,You Hurt Me,4929d2f0-8d64-4055-a4ee-6fff803890af
1984,1984,She Male,I Wanna Discover You,ab68da64-121f-4ffb-af61-d30d51538fa4
1984,1984-11,Sheena Easton,Strut,ab37f584-3659-44f0-a34c-441850335743
1984,1984,Sheena Easton,Swear,c47c54cd-ad55-4fda-9da9-04ebc1e09a5a
1984,1984,Sheila E.,Noon Rendezvous,41b079b1-0a01-414e-aeda-ca00defb4a2c
1984,1984-10-12,Sheila E.,The Belle of St. Mark,c271fa80-55b7-3efb-9bdc-0dd59c0268e8
1984,1984-05-02,Sheila E.,The Glamorous Life,07a15824-4ac1-4bf9-a058-2d8a63e2efca
1984,1984,Shelly Brien,In The Night Time (Step Out And Dance),680a5d38-6d8f-425c-8176-a401b1c2ad2d
1984,1984,Sheryl Lee Ralph,In the Evening,f91672a6-dbe3-4ea9-a7bd-c36c00a636da
1984,1984,Shinehead,Billie Jean / Mama Used to Say,a6d36d57-dabd-32dd-8b73-ac0e618c2033
1984,1984,Shinobu,Ceramic Love,2c07c704-bf70-40f9-bd57-94a20cb8e1ca
1984,1984,Shoreline,Marita,db5c843b-cf6a-400e-be12-d2be587565d6
1984,1984,Shoreline,Take a Chance / In the Night,1ae586ce-114b-46ad-941b-7eb02e35cf3b
1984,1984,Shriekback,Hand on My Heart,7884742f-b265-48fb-a1ff-c2926f0d33c9
1984,1984,Shriekback,Mercy Dash (Ready for This),2848d7f8-589f-4fb1-ac71-8315e66fa495
1984,1984,Sidney,Hip Hop,7f6ad405-798b-4c93-9ce8-51009bb8dc5c
1984,1984,Sidney,Let's Break (smurf) [Featuring Black White N'Co],3b85d9e4-148b-422e-b61f-e23429df354c
1984,1984,Silent Running,Emotional Warfare,6d53e080-9847-47c1-9a6a-a1b10016ce98
1984,1984,Silent Running,Young Hearts,5ce65a85-862a-4747-b9d6-85c466500f2a
1984,1984,Silje,One of These Mornings / My Funny Valentine,0f0feada-2900-4085-8120-afcdd311e55f
1984,1984,Silly,Die Ferne,ae1d2c4b-7adc-487d-9219-bed46a895812
1984,1984,Silueta Pálida,El paso del tiempo,45e2d29e-856a-4d4c-9f34-7f073eb2f267
1984,1984,Silvertop,Zomerliefde,e705033c-1dd8-476b-976d-462afec03ac4
1984,1984-07,Simon & Garfunkel,Bridge Over Troubled Water / Keep the Customer Satisfied,8cb7bffb-f8e1-46ec-90a2-84f7942da997
1984,1984-02,Simon Townshend,I'm the Answer,ef607ab6-c413-4a27-93d6-873025a19e42
1984,1984-01-16,Simple Minds,Speed Your Love to Me,19d6b8fd-bf5a-4199-b64a-cb74d4af4f5b
1984,1984-03-18,Simple Minds,Up on the Catwalk,c06299d5-2f1d-465f-b0ed-81d826a054b8
1984,1984,Sin,On the Run,2e141652-5a3d-4b60-a12d-d71341d85fb9
1984,1984,Siniestro Total,Tipi dulce Tipi,76237fba-a33e-4b4c-bd83-c958ba7d3b2b
1984,1984,Sinnamon,Thin Line,8fa6fedd-c890-4a34-a9e6-c1e4cffc161d
1984,1984-05-25,Siouxsie and the Banshees,Dazzle,eee98a70-1324-3c76-aeb3-673c536af86c
1984,1984,Siouxsie and the Banshees,Overground,fefd84b5-3397-4d90-9ee0-46d0ec5e39e1
1984,1984-03-16,Siouxsie and the Banshees,Swimming Horses,9abeaa69-30de-431d-9320-d53d03e0a4d9
1984,1984-07,Siren,Metro-Mercenary,3f3b9cf1-3694-459b-89db-37928711a3ad
1984,1984,Sirenas del Caribe,Velitas de papel / Mi canción,1e90c9a1-b89c-4cf5-975a-13f85f8b837b
1984,1984,Sissi’s Garden Trio,Wil je mij nog éénmaal vergeven / Dagen en nachten,2c788b4e-1e54-4806-b247-3e383046ed05
1984,1984,Sissy,Queen of Discoteque,16463dad-3fc0-38c2-8b3a-7a1eb86e36f1
1984,1984,Sister Sledge,Lost in Music,c24a9b1a-6d16-4150-808f-f1144ed10d19
1984,1984,Sister Sledge,We Are Family (Long Version) (1984 Mix By Bernard Edwards),dfaefbb6-6aff-48c9-90c8-a9924b4b6fc7
1984,1984,Siw Inger,"Leben, lieben, lachen",4dd74b06-8359-49b6-a2de-2d3632c86102
1984,1984,Siw Malmkvist,Der Wein ist gut,8234fdef-9eae-4aa4-93af-cec1df45a6da
1984,1984,Six Sed Red,Shake It Right,c69fe919-2277-44b2-963d-44972f5b6e14
1984,1984,Six Was Nine,Drop Dead Beautiful,f639ea5b-5608-41c0-ac4f-0c7183ad1cee
1984,1984,Sixten Redlös,Ni ska få ångra,3ac66c32-c3cd-475e-a007-2d3d1eeca682
1984,1984-09-14,Size,El diablo en el cuerpo,974c170c-0ea2-4a8b-88c6-d298e7cda102
1984,1984,Sizzle,Keep On Tryin',02f74daa-82da-4fef-a583-3d283cc4bd77
1984,1984,Sjon & Cor,Natasja,28a1ccfa-cf8b-419d-bc9b-406a924428e7
1984,1984,Skeletal Family,She Cries Alone,7b64a63e-959b-49a7-bc93-921cdcd9f3a3
1984,1984,Skeletal Family,So Sure,3b85e4a8-b16a-4f57-b7a9-d69b37e32b7d
1984,1984,Skrewdriver,Invasion,c5e6b7da-f2b0-4714-90f0-027ccc464ddf
1984,1984,Skrewdriver,Voice of Britain,47426f43-cae6-4bc9-8d32-84aadae8a3f8
1984,1984,Slade,Run Runaway,60060e50-8232-413b-b3ab-13321f8b3e20
1984,1984,Sledgehammer,In the Queue,9844c1e7-bfd3-49d7-a648-a15494f27f1f
1984,1984,Slim,Good to Go,d7fcce41-49d5-4099-8efe-81e5be4f41d6
1984,1984-03,Slinky Gym School feat. Rammellzee,Crazy Sneaker,fb4cae38-29d8-4862-a4b7-ebc0f09a2a7a
1984,1984,Slobobans undergång,Stål och styrka,723d78c8-157c-425f-afcc-fef8ab6d3598
1984,1984,Smack,Loca de mi,461804bc-5cdd-4f75-a4d6-edfd8bb50d19
1984,1984,Smiley Culture / The Reprobates,Police Officer,031119c9-5099-4203-8083-e64c9c5a4925
1984,1984,Snowy Red,The Long Run / Psychoscratch,7f3996f7-02a5-4796-aeb3-9f0fa5a50b57
1984,1984,So What?,Man Overboord,06e58b1c-6d35-419c-9751-6a2961fb9b8f
1984,1984-02-17,Soft Cell,Down in the Subway,f0e81d56-240e-34b0-98e0-fbe2d0fb80cf
1984,1984,Soif De La Vie Feat. Rosay Wortham,Goddess Of Love,45c0fb53-0404-4c94-ab98-19b7587aa9bd
1984,1984,Solid State,It's An Obsession,8bfebb77-d198-433a-8d30-57bf81af1527
1984,1984,Sonic Architecture,M-M-M-Manhattan,c04eca08-5f3f-4798-9047-137a5db44cfb
1984,1984-12,Sonic Youth,Death Valley ’69,efbfd77c-06a9-3e7c-9188-26dd723698c0
1984,1984,Sonja,Als je van me houdt,51ba04e8-04c4-4029-9896-f39e7e1200bf
1984,1984,Sonja,Manus,b31f4259-8cac-4cc6-b04d-6399f49a6a20
1984,1984,Sophie Carle,100 % d’amour,085e3e6a-da30-42f4-b482-a4a4e090bf09
1984,1984,Sophie Favier,Aujourd'hui Plus Qu'Hier,a6dcd5cf-c289-4d06-a1af-5ed957820395
1984,1984,Sound On Sound,Macho / Depression,4662cfb7-85f3-4172-8ac0-727469756c4b
1984,1984,Sounds of JHS 126 Brooklyn featuring The Educational Crew,The Mind Is a Terrible Thing to Waste,dfba218c-4e30-4133-861e-965381d0ece2
1984,1984,Spandau Ballet,Highly Re-Strung,b7e968f0-ed50-4ddf-a533-88a376c9e8d8
1984,1984,Spandau Ballet,Highly Strung,977d918d-0102-4ee6-9cae-abd9f9efb77f
1984,1984-08,Spandau Ballet,I’ll Fly for You,75a6f4c5-2b60-4baf-a26c-9d4cb5810706
1984,1984,Spandau Ballet,Only When You Leave,8050705e-5693-496d-9799-6e8c051b399a
1984,1984,Spandau Ballet,Round and Round,01b45ac9-61ac-4573-a26b-f8032eed9212
1984,1984,Spanish Crash,Life Is Now,500becda-45d4-443d-a8fd-186362e43457
1984,1984,Spargo,I'm in Love / Help Me,5f907788-0477-4d1c-80b2-10cc308bb0cc
1984,1984,Spargo,Lady,65ccf883-6a05-4acf-8cd4-273cbb5a7760
1984,1984,Spargo,Oh No! / Closer,9277f0a5-a78b-44f9-814c-b16a5dc0b846
1984,1984-06,Sparks,With All My Might,9341d4a5-1322-4c10-8cd2-2746066833ff
1984,1984,Sparque,Take Some Time,015ff2eb-6f59-4c51-ab6f-5e938e902395
1984,1984,Spats,Perdonna Me,07c0fdc7-5952-4cf4-8d72-6476a2c1302d
1984,1984,Spear of Destiny,Liberator,9b111c81-6087-4aec-911e-08afc5697ca4
1984,1984,Special Occasion,Flyin’ to Santa Barbara,e117bfec-7721-4b55-802b-636f81e5c467
1984,1984,Spectrum City,Lies,c025a1da-46b9-4396-8947-018de64f4fe3
1984,1984,Speedo,No Chance at All / Kickin' on Nightlife,e0becd6b-03c9-4426-9407-594f780ae55c
1984,1984,Spence,Do You Want My Love,0276029e-7a97-4acf-8cf5-a63819ebc72e
1984,1984-05,Spider Murphy Gang,Oh! Oh! I mog di so!,b4ceb647-f349-4143-9a4c-fe5df8a5d5e5
1984,1984-01,Spider Murphy Gang,Pfüati Gott Elisabeth,5cffc9e0-990c-495b-926e-0d727ef32e9d
1984,1984-10,Spider Murphy Gang,Sch‐Bum (’s Leb’n is wiar a Traum),c76450f3-de31-40d4-b803-8a2876a0c2c9
1984,1984,Spitting Image,Da Do Run Ron,513bcc9f-d9ab-4271-abe1-a42443390cb2
1984,1984,SPK,Junk Funk,90253543-f3d6-3a4f-bdfb-ff9cc9fdcd15
1984,1984,Spliff,Labyrinth,7d68700d-8c61-484b-a958-244e33891855
1984,1984,Spliff,Radio,032dfb2a-16d0-4022-b77a-f3b5951a2bc7
1984,1984,Spliff,Telefon‐Terror,ebdd7475-04d7-3b34-b7f5-646633d751f9
1984,1984,Split Level,Girl / In the Future,43cdd86e-046c-48b1-8749-faf1111a2388
1984,1984,Splitsing,Paspoort / Informatie,fe78e08a-d890-421a-8dff-caef8bbe4351
1984,1984,Spoons,Tell No Lies,ad1d872a-7e03-4b21-8ff1-6e2bb16637aa
1984,1984,Spın̈al Tap,Christmas With the Devil,4e99bdc5-c8d7-4b30-a1c0-fed72942e35d
1984,1984,SSQ,Synthicide,723d2621-fa7f-3121-9bd7-298d1b25de65
1984,1984,Stafke Fabri,D’n Antwaarpsen Cha‐Cha‐Cha,7bf585e5-439d-420c-b988-7f0b56d43689
1984,1984,Stage,Voodoo Dance,fa149aa7-5f54-4ac5-9b75-3a1db5c236da
1984,1984-06,Stan Bush,Time Isn’t Changing You,a00260b2-6a4f-4f30-83d6-fd1fceeb54b0
1984,1984,Startled Insects,Startled Insects,3664560d-9ffd-4f12-8ee3-e47076ed5ca6
1984,1984-10-19,Status Quo,The Wanderer,518ad278-4aad-40c3-a3bc-21820720c10d
1984,1984,Steel Breeze,Easy Way Out/No More Promises,0ada8924-6f47-460d-8bdc-dc5d16ded420
1984,1984,Stefanie Werger,"Sag, es wird später",b5616c09-289a-40bc-bd90-31fc8dd57050
1984,1984,Stefanie Werger,Sche' und zoat,dc40e2dc-73ea-47f0-8942-7c4948b8b323
1984,1984,Stefano Pulga,Come Back / Alone Again,6b788a00-7105-4c8e-bb01-d67d8d9e92c5
1984,1984,Stefano Pulga,Take Me Higher,74ce957c-6bf3-473d-8701-1f19bffd4af8
1984,1984,Stein Ove Berg,Turaluraluralu / Unger,c8b50844-f2e9-4712-908e-6e9c478321b1
1984,1984,Steinwolke,Zugvögel,eafc1dff-b288-43bb-b58d-988f0ef091fb
1984,1984,Stella,De gokker / Een keer te veel,10f01ef6-0516-4d52-8113-3f6ddb9ee745
1984,1984,Stella,Liefste / Weer ging ’n vriendschap kapot,a5dcbb97-79cb-400c-8a15-c2e3d0b6871d
1984,1984,Stella Parton and Kim Vassy / Sylvester Stallone with Dolly Parton,Goin’ Back to Heaven / Stay Out of My Bedroom,a2bd3556-695c-4e51-af66-6506cf92a4f2
1984,1984,Step By Step,Give It Away,42915940-4439-443e-9870-3f7788cd58b8
1984,1984,Stepford Husbands,Why Aren't You There / Yeah,85635e5b-8191-46d3-8ff4-ce57738d7547
1984,1984,Stephan & Nina,Feuerwerk / Fireworks,3065fbc6-aa09-430d-87e7-b1eb64387605
1984,1984,Stephan & Nina,Fuegos artificiales,9c1fe759-f29d-4e24-a513-59d24c68034c
1984,1984,Stephanie Lawrence,Only He Has the Power to Move Me,1cd2af8a-ad6f-4e73-9681-52ad2d27459d
1984,1984,Stephanie Mills,The Medicine Song,1b54c690-0b4c-478a-981d-e4201a6a7d2c
1984,1984-03-31,Stephen Bishop,Unfaithfully Yours (One Love),ab21e622-13f6-4bbc-bfdf-5c877b5c7707
1984,1984,Stephen Head,Switch On Fellini,7d8b28e4-ccee-41d0-bc8b-5ff38590d149
1984,1984,Stern-Combo Meißen,Wir sind die Sonne,425baf1f-9244-45a2-8d24-9d8154a48627
1984,1984,Steve Allen,Letter From My Heart,4d135111-ae70-4a78-84d3-3374f609061b
1984,1984,Steve Drayton,Stop Playin' With My Love,14c01209-8ec7-4ae1-ac4b-9265c36699a1
1984,1984,Steve Hackett,A Doll That’s Made in Japan,652a29ce-3ab4-4ac4-82d1-152ee8440e6c
1984,1984,Steve Haggerty featuring Laslo Elek,Barbados,7e9620b0-463e-4082-81a0-735327d6bc72
1984,1984,Steve Ignorant,Take Your Elbows Off the Table,40361b7a-124b-3cd1-b5e5-8a3d2dace21c
1984,1984,Steve Levine,Believin' It All,c58e704d-553e-3595-8c97-cf5c92ee6a60
1984,1984,Steve Miller Band,Shangri-La,828cc92f-9995-4367-9b2b-1e1df17696ac
1984,1984,Steve Perry,Oh Sherrie,05c2c884-a0e5-42b3-8c4d-3e03118352a9
1984,1984,Steve Taylor,Meltdown Remixes,c4f5f117-2b79-4cda-9bd3-4002aaaed166
1984,1984-11-26,Steve Wright,The Gay Cavalieros (The Story So Far…),b6597840-eeae-4ded-ae2b-813fe4bb4c69
1984,1984,Stevie Wonder,Don't Drive Drunk,92d0ec27-688e-45ef-a2f3-c4492b16deef
1984,1984-08-01,Stevie Wonder,I Just Called to Say I Love You,75cea4d6-48ae-48dc-8f54-6502c4bb4d42
1984,1984,Stevie Wonder,Love Light in Flight,22c99b95-aba1-49e9-85dc-e3e6ae343f86
1984,1984,Stichting Vastenavend,Al staat de zeekant nog zo dròòg,28e40c79-a75e-47b2-a862-bd7f0d891c20
1984,1984,Stichting Vastenavend,Al staat de Zeekant nog zo dròòg...,63cd17d2-16b4-4051-86d5-eb42d399e586
1984,1984-06,Stockholm Monsters,All at Once / National Pastime,121b4a09-3f2a-3478-85bf-92d5550050e9
1984,1984,Stoney's Aphrodite,Down At Rockszana's,aab85f66-88ed-4d42-bac2-e7fda3f21808
1984,1984-07,Stoppok,Stell' Dir vor es gibt Arbeit und keiner geht hin!,80a823cc-e462-4bf3-ab4d-209715e2b006
1984,1984-01-21,STR!X,Hoshi no Stranger,7848601c-9a3a-47d7-ad0d-f7042d5ae9a5
1984,1984,Strafe,Set It Off,594062e3-01e8-3e8c-830a-9312e4cc3d87
1984,1984,Straight Flush,Dancing in the Sunlight,ff42fc3d-9dd1-47c8-91aa-026c79d38a77
1984,1984,Strange Arrangement,Into the Light / Shoot ’em Down,c4ecd3f5-a67b-4b03-9c28-e90703d13640
1984,1984,Strange Relations,Party,43ae081d-6899-424d-8d46-0ff247273b63
1984,1984,Strange Tenants,I Work at My Machine,0ea714e3-a5c9-491b-81a8-821dbc1359db
1984,1984,Strawberry Switchblade,Since Yesterday,5ae8f065-a974-3037-8532-401410d44700
1984,1984,Stroke,Tokyo Amazon,1f93ae56-8fcc-4b8f-9001-8544e42aa130
1984,1984,STS,Fürstenfeld,f1c63aaf-37b1-396a-8d86-9d0a83417eb1
1984,1984-03,Stuart a Mark Burrows,Gethsemane,4facf551-832e-4a5d-b31c-b07ceb85925f
1984,1984,Style,Who Needs Tomorrow,b6d48926-41e3-4d4d-a698-91ebd088c88f
1984,1984,Sue Wright,I Believe In You,12f2b7fc-18b4-4878-97c2-b753a3a52bf3
1984,1984,Sugarhill Gang,Livin' In The Fast Lane,3fa897c5-267f-4cb8-9a8f-b24e1c3fc7ca
1984,1984,Suicide,Suicide,7db62a99-2e4d-4b8c-b8f6-e6f23450f744
1984,1984,Suicide,Warning for the World Punks,50f9c996-3d46-4322-ba3c-5dcd49d4ebfc
1984,1984-04,Suicide Commando,No More,cf514e3c-3692-4b51-861e-c4119f0f567f
1984,1984,Sun Sect,She's Hot,a5f9c1e4-fc93-49f0-a923-0f645c9aff8c
1984,1984,Sunglasses After Dark,Morbid Silence,6058b24b-e267-3399-b41f-8bc2e9009977
1984,1984,Sunnyboys,Comes as No Surprise / Bottom of My Heart,649b08d1-16db-41e6-8f18-07176cf0fa97
1984,1984,SUNSET CLUB,GET LADY WHEN A MOONLIGHT / 最後の夜は 踊らせて,e394ad4e-4cdf-482b-8598-77cc24acb26d
1984,1984,Superfeucht,Erdbeeren,6a928319-0452-40d4-9a8a-d9724043956d
1984,1984,Superfeucht,Wenn die Katze aus dem Haus ist,9053934f-b8ca-4a42-b6bd-b8ed12f05e75
1984,1984,Superfunk,Come Back,efcdd44d-4c01-3bd4-9922-0f2588b80cdc
1984,1984,Susanne Lanefelt,Gymp Dance,9523a3dd-e7d1-43d4-b738-8f02b5041767
1984,1984,Suzi Quatro,Can the Can / Devil Gate Drive,316919f8-0b38-4c6c-994f-6b6e8c9fcd3c
1984,1984,Suzi Quatro,I Go Wild,56fa6b6a-58d8-4f82-8fe6-8b893f1fbb13
1984,1984,Sweet Savage,Straight Through the Heart,74ca938b-7189-3b16-a38f-639d9795f656
1984,1984,Swingmen,Swingmen / It Ain't All Love,bcab007a-3609-42b6-9151-5e2bd95afa89
1984,1984,Sydney,Hip Hop,27c63bd8-e424-4d77-b55a-2f9f2e2f8554
1984,1984,Sylvester,Rock the Box,97b46182-8afa-4b3d-bb9c-646cb86144d6
1984,1984,Sylvester,Too Late,323e34ab-1c47-4e04-b502-91f21ae3ac12
1984,1984,Symeron feat. Kaila,Money in the Bank,d06443ca-72df-4a36-a1c9-bc783ae71c9d
1984,1984,Syndicate,Golden Key,c2cc95a8-0892-451b-a391-0a9cd93cd46b
1984,1984,Syntoma,Lost In Space,2bd57865-073f-4e42-88d5-e085fc7f6e2f
1984,1984,Syren,Higher Love,6651a67a-9953-43a9-a7fa-6a758c7bb161
1984,1984,Sérgio Mendes,Olympia,6277b167-026a-4163-a27d-bd03989d8c61
1984,1984,T La Rock & Jazzy Jay,It’s Yours,3cfacddf-a4ac-3fb8-9c29-fdaf1c429212
1984,1984-03,T.C. Curtis,Dance to the Beat,a0e95402-aa67-4725-9661-fa1e5fc69c1f
1984,1984,T.P.O.,HOSIMARUアッ！,78eac371-c47f-47e1-a2e6-f00388cfae42
1984,1984-07-16,Talk Talk,Dum Dum Girl,236bbac6-2fbc-41ac-88bd-54013c333eb1
1984,1984-01-03,Talk Talk,It’s My Life,b72a89ed-e0ce-4124-9513-91c54cd086c3
1984,1984,Talk Talk,It’s My Life (US Mix),57692e1d-0beb-45bb-bf69-64e364cdaa3b
1984,1984-03,Talk Talk,Such a Shame,c98b523c-382e-4239-813b-83f98fc44f92
1984,1984,Talk Talk,Such a Shame / It’s My Life (New American Mixes),d5cc5f2c-8192-4330-87c5-09ec0bc18b44
1984,1984-03,Talk Talk,The Talk Talk Demos,f9afb1dc-d8fc-4448-ad25-efe21ff68c8c
1984,1984,Talking Heads,Girlfriend Is Better,b5755267-a3d6-480e-bb71-5267705b936d
1984,1984,Talking Heads,Once in a Lifetime / This Must Be the Place (Naïve Melody),46c39230-0c71-4777-b85d-72009e12b976
1984,1984,Tam Boy Ide,Bootleg,6f249219-01a1-4b18-9ad4-09bc2e9c656a
1984,1984,Tammie Lee / Final Selection Orchestra,Sky High / Night More Night,af0f11cb-ed13-409a-b9cf-08ab3992fa75
1984,1984,Tammy Wynette,Lonely Heart,ed8c5055-ac97-44e6-9fa8-8463790b62b8
1984,1984,Tammy Wynette & Mark Gray,Sometimes When We Touch,8ac1e2c0-c69e-48c8-be44-151ec5615c08
1984,1984,Tangerine Dream,Love on a Real Train / Guido the Killer Pimp,acd40103-6e1d-4844-81f2-f628c43af52b
1984,1984-11,Tangerine Dream,Warsaw in the Sun,7260de47-c939-49e4-864d-c004c9540283
1984,1984,Tango,Nunca Volverás A Bañarte En Mi Piscina,fe330bd7-5fef-40d1-9970-564303e990bc
1984,1984,Tant Strul,Svarta diamant / Som den söndan,e5c4fe98-0465-4061-aed1-3a6256ec05db
1984,1984,Tapps,Runaway (With My Love),b5a22b4e-5ccc-4f3a-99e1-5fef9b23650a
1984,1984,Tara Butler,Up Against the Wall,c9d6c935-54a0-45e6-9ee2-5cb065128212
1984,1984,Tatch,Listen To The Radio (Tonight),c17edb30-cf90-41d1-a4f5-8a36594ab0db
1984,1984,Tavaramarkkinat,Kaupungin yksiöt,2373f011-b7e1-42e0-aa4c-99c8d8e311dd
1984,1984,Taxi,"Amnesty International, We Need You / Russian Fights, American Fights",64ab9351-9e36-4389-916a-27fb774f7958
1984,1984,Taxi Girl,"Nous sommes jeunes, nous sommes fiers",f71173ad-6a10-482c-b425-62d339594d1f
1984,1984,Taxi Girl,Paris,2d6f1c4c-1fb0-4eef-b435-d5db3926eb40
1984,1984,Tea for Two,Time And Love,46317c6d-9355-4f8a-8d43-67766defc3e4
1984,1984,Tears for Fears,Mothers Talk,31fee66a-3988-4099-aa9f-e03eca6e4f57
1984,1984-11-23,Tears for Fears,Shout,ad1367ec-e061-33a6-ad5b-356edc679a91
1984,1984,Ted Baryson,Alone In The City,64d9d6cc-bad1-4ea2-8fd1-93b4eee17bde
1984,1984,Ted Herold,Computer Rock'n'Roll,44136cdc-2e45-4c93-83af-bbda67f0056f
1984,1984,Ted Herold,"Lady, Lady, Lady",f05b15cc-a285-47dc-81a9-0f1f072e28e6
1984,1984-05-24,Teddy Pendergrass & Whitney Houston,Hold Me,7deb37df-6960-4dad-9087-485b9afa5936
1984,1984,Teena Marie,Fix It / Cassanova Brown,0f846fb8-fd8b-4e29-94fb-97f96263abdd
1984,1984,Teena Marie,Jammin,eea88919-f98a-4976-b548-b441e7aa1e2e
1984,1984,Teena Marie,Lovergirl,f2189b60-f16b-4e05-b00f-ee456b520bc8
1984,1984,Teena Marie,Lovergirl / Alibi,373305d5-bf3e-4e89-bb99-eb48389f475f
1984,1984,Tek Houkes,Loesje / Kees de orgelman,c6616264-1b47-4af3-8cf0-16fa6456df92
1984,1984,Temper,No Favors,fc50ffd8-3637-35b2-b66f-eb5fb64c3b1c
1984,1984,Ten Inch Men,My Arms Are Open Wide,374285db-a14c-4f2c-b94a-39a48befb91b
1984,1984,Tenderloinz,Where's The Beef?,5af820f7-5265-4068-857d-d3aef52f2436
1984,1984,Teodo'r,Love Message,66f40632-e8d0-4e1e-8932-b1f5e0c5eeb5
1984,1984,Teresa Thompson,What Would You Like for Christmas / Santa Claus Has to Come Before It's Christmas,d9597d3f-fc8c-4a1a-9666-5239b0189776
1984,1984,Terry Gregory,Cowgirl In A Coupe deVille,7b81191c-feaa-485c-a13f-4aa92a1d0ac6
1984,1984,Terry Hughes & The Backyard Party / 171,Hey Leo / Your Fool,0ba97094-ba64-49fb-8196-c087914be01e
1984,1984,Testcard F,Third Stroke,f66a0c7f-57d3-3d04-b5a8-74c060aeee7f
1984,1984,Teuni,Ik trouw in het wit,6fa03038-db2a-4fad-b04c-1bfc5a49c0f4
1984,1984-06,The 12th Man,It's Just Not Cricket,d5eb98c2-0a9e-465b-bdbd-aba946e18913
1984,1984,The 3 Rockies,Stop Wasting Your Time (You Could Be Wasting Mine),6b481017-fe68-4404-8093-666c02d866be
1984,1984,The Ace Cats,Linda / Es geht ab,99d83085-bc0c-49d9-9cfd-671de765fb45
1984,1984,The Ace Cats,Rockabella / Stadtpark,dffa70db-8393-4396-b8f8-e51d757f3ec2
1984,1984-05,The Action,Hey Sha-Lo-Ney,0bfa40e1-6704-4eb6-8df6-260ebe2271ee
1984,1984,The Action Transfers,If I Lose It,2708c3bc-f187-40d3-be24-2df3d4697bda
1984,1984,The Action Transfers,The Light (Oh Baby),2868d803-f401-46bb-8884-6b4e18d8b7da
1984,1984,The Actor,Romanza Della Discotheca / Simpel Pop,c0a235b5-7cec-467d-8166-924a42005bce
1984,1984,The Adventures,Another Silent Day... (Extended Re-Mix),4b72b475-7234-41ad-8a88-b96fb07af6f7
1984,1984,The Adventures,Send My Heart,85d66bc8-1a89-360d-b18f-2bb8169cb28b
1984,1984,The Adventures,Send My Heart (Extended Re-Mix),a37181f6-9133-462e-a6af-e464d7ef15e1
1984,1984,The Alan Parsons Project,Don’t Answer Me,ed52a1d4-9627-4d61-a6a5-bf3a0ba40d21
1984,1984,The Alan Parsons Project,Prime Time,16ea40ec-e43b-4461-af28-899c93f9abed
1984,1984-10,The Alarm,The Chant Has Just Begun,efb08392-4f3a-3f49-9ef0-5d57a68e7c66
1984,1984-01-03,The Alarm,Where Were You Hiding When the Storm Broke?,c152428d-7df3-4c26-9776-a8324fa0bdf9
1984,1984,The Allniters,I Saw You First,6efad250-6adf-4d40-8de0-4d52db6b2d50
1984,1984,The Allniters,Screaming Dreaming,0c7f7c4b-c991-45ca-bdae-42f08a89214c
1984,1984,The Almighty Strut,Undercover,6eb14053-dd12-4f07-a68a-1b37f34c31de
1984,1984,The Amazing Stroopwafels,Eindelijk vrij! / Jan Masaryk,a060eb5f-21db-4227-8024-8f9c6bfaceb5
1984,1984,The Amazing Stroopwafels,Water / De eerste vlucht,ac179342-a584-4223-961e-c146a6bb0602
1984,1984,The Amazing Stroopwafels,Willem wordt wakker / Ik ga naar Frankrijk,7af893b0-aa1b-49dc-b0fe-50ac3933554a
1984,1984,The And,Marshmallow In A Keyhole / Holiday Girl,eff46df0-11b7-441d-8ef9-3cca8a5fc4e4
1984,1984,The Arcadians,With All Our Loving,66f8d74a-4ec9-4f8b-a127-835a3ec3ed4e
1984,1984,The Armoury Show,We Can Be Brave Again,fd190d6b-25ec-32f9-a13f-7dfef8cad9e7
1984,1984-08-20,The Arms of Someone New,The Holy Dance,da31575a-306b-31a1-8714-e274ad16964e
1984,1984-05-11,The Associates,Those First Impressions,0a3f2928-0716-404c-b1a5-b9b8c5cc9dd2
1984,1984,The Associates,Waiting for the Loveboat,06a40354-3a7e-4d30-a45f-86325c1b1e24
1984,1984,The Beat Box Boys / Ian Darby,Einstein / Break City,2ce68f6e-47d5-4e4d-bb37-5911d433556f
1984,1984,The Blasters / Maria McKee,One Bad Stud / Never Be You,d15c2590-201b-49ee-96c5-e6106fe07b25
1984,1984,The Blow Monkeys,Atomic Lullaby,2433c0e4-18e5-479e-a7c0-fc63ae1cd383
1984,1984,The Blow Monkeys,Go Public,9a7e9052-1271-4c94-96f5-37335e8a4327
1984,1984-06,The Blow Monkeys,The Man From Russia,1b5d1d21-da17-449a-aea5-f0274950fa9f
1984,1984,The Blow Monkeys,Wildflower,f066189c-8180-4cbd-b5ef-6ad98b0522fd
1984,1984,The Blue Mist,It's Only Make Believe / Elijah (What Have We Done),8a003924-fa0d-4e3c-8d1c-7e8759f11f2c
1984,1984,The Blue Nile,Stay,ecd72200-4eb0-49bc-8044-21c632bc73e0
1984,1984,The Blue Nile,Tinseltown In The Rain,852b1fb4-03f0-4056-82e6-e14b7bfef2a0
1984,1984,The Boogie Man,Jika Jika,e79d6559-09d8-4b4f-8141-f365aa21a9ed
1984,1984,The Boomtown Rats,Dave,437a7b1e-8430-4d0c-b9f6-2dfbb362fb7f
1984,1984,The Box,Dancing On The Grave,2d40f472-81b0-4abc-8aa7-c23f431eb635
1984,1984,The Box,Muscle In,5a934316-6a1b-3ea8-b94e-a2ea3f4c6d1d
1984,1984,The Box,Muscle Mix,986be748-5817-3fdc-90c7-d031decc3b8a
1984,1984,The Breakout Crew,Breakout Theme,fd8671fb-ea0a-4451-a9d2-89c92aaba177
1984,1984,The Bridge,Love Dance,a9296aba-d8b5-4d78-83bb-8a9d4ea16b0e
1984,1984,The Brilliant Corners,Big Hip,7916dd92-5434-489f-a00b-b3b8e36d0751
1984,1984,The Buffrey's,De raad van elf / M'n vader heeft een stijve nek,e6e32d6f-25c6-4e5b-8aa3-d31a98dce9d6
1984,1984,The Bus Boys,Cleanin' Up The Town,ca80fc6d-3646-48dd-83b3-770be77873cf
1984,1984-07,The Byrds,Mr. Tambourine Man / All I Really Want to Do,a95b7d8f-b97c-462e-81b4-8095c857ed61
1984,1984,The Cars,Drive,831a0de5-208d-47b5-ae70-d86aa9eb70a4
1984,1984,The Cars,Hello Again,39c85db7-5482-302c-86b9-6dce4f70b821
1984,1984,The Cars,Magic / I Refuse,2b1d068d-5c28-44b7-8e98-b64663b25543
1984,1984,The Catch,On the Road Again,a1776e2d-8490-485c-9cba-82df95315da3
1984,1984,The Celibate Rifles,Pretty Pictures,31cd3bd8-109f-4d32-b935-8e06e26a4628
1984,1984,The Chesterfield Kings,She Told Me Lies / I’ve Gotta Way With Girls,58d5321f-c752-4c2d-9027-6eca87ec532d
1984,1984,The Chills,Doledrums / Hidden Bay,c0a01c05-343a-4fd5-bbfe-c667699cc460
1984,1984,The Chills,Pink Frost / Purple Girl,70aa95db-9145-4568-b455-1ae9dbc44ab6
1984,1984,The Chosen Brothers,There You Are,f585736f-a6ef-4608-8597-8d3e99a2fe08
1984,1984,The Clintons,Girl Next Door,e2b77253-a916-4528-bb06-663eb227ddab
1984,1984,The Cockroaches,See You in Spain,5fd6b2b7-7ae1-48f7-a115-3e93590cc856
1984,1984,The Colour Field,Take,331e5955-f58b-441e-9dd7-c411ef7d878e
1984,1984,The Colour Field,The Colourfield,0f22e4c9-db75-43ff-a04c-7be7c6af4b45
1984,1984,The Comsat Angels,Day One,e7812a95-7995-448a-86a4-3d7ab14edb4c
1984,1984-01-06,The Comsat Angels,Independence Day,6b92897a-d2bf-4b37-966c-19ef6fe8d4e2
1984,1984,The Cool Notes,I Forgot,ede6bc19-e8cc-448b-8e15-27dbb707e893
1984,1984,The Cool Notes,My Tune (Re-Mix),3b58b12e-1ece-4007-a099-68bd0ce2cbe7
1984,1984-08,The Cool Notes,You're Never Too Young,ddd5453e-18e8-451b-b38b-94375b40704c
1984,1984,The Council Collective,Soul Deep,841152d3-c3f7-4cae-9ca1-ab4ad8807271
1984,1984,The Crackers,What Did I Do? / Tell Me All the Time,245ceaeb-87ef-48d8-a842-6e14d972770c
1984,1984,The Creation,Making Time,1399fb13-b1fa-44ee-a487-6f872289e4af
1984,1984,The Creations,Kinky Girl,d7cd6f16-71e6-48ce-8bb3-5dc6c08d168a
1984,1984,The Creatures,Maybe One Day,2f30eb7b-f832-4b50-92e2-d2a91679aa29
1984,1984-06,The Cry,Take It Round Again,6819b8e5-4546-460f-b46c-988876679a39
1984,1984-04,The Cry,The Way You Move,26d92356-1d32-4ccb-9f7c-50cb76577e81
1984,1984,The Cult,Go West (Crazy Spinning Circles),06afd42f-0d3d-4bb1-a74d-a8694a142ffc
1984,1984-12-14,The Cult,Ressurection Joe,4172c201-deac-4f02-82ed-12bfe17b75ac
1984,1984-04-04,The Cult,Spiritwalker,7af423b4-5c14-456f-ad2e-f6682d3a2729
1984,1984,The Cunts,Apocalyptic Breakfast,65c01a9a-5f8c-366e-bff4-233a307a0ca0
1984,1984,The Cure,Excerpt: The Cure Live,2306f8f7-3740-4d7f-b64d-6cefeb3eff2f
1984,1984-03,The Cure,The Caterpillar,9e7eb686-a2af-3fd1-af95-c0fe8f904f1c
1984,1984-05,The Damned,Thanks for the Night,bde362d3-1a64-4dfe-98a3-8b2fb43f3fac
1984,1984-04-30,The Danse Society,2000 Light Years From Home,2645fad5-76ec-4c52-92ab-552c7f610ebf
1984,1984,The Desperate Edge,Frustration / Tremelo,c9de3955-2e5f-41b7-b693-1a3e4118240c
1984,1984,The Diamonds,Ik ben tevree,62a80273-161b-488b-ac5d-2e366fb4593a
1984,1984,The Dogs D’Amour,How Do You Fall in Love?,81d51fd4-ba3a-4a58-a01f-64d7e9309cc1
1984,1984-07,The Drifters,Kissin' in the Back Row of the Movies / You're More Than a Number in My Little Red Book,313bfa93-1be6-46f2-8dfb-71ef5fbea0ee
1984,1984,The Dutch Boys,"Geert mien Belgisch peerd / Hooi, stro en gras",42083605-0270-4b23-82ee-d1e64ebbc308
1984,1984,The Dutch Boys,"Mesjeu, hef joe ain simmer fraai",0d0514be-b521-424c-bb91-955e5dc4f73c
1984,1984,The Dynamic Hepnotics,Soul Kind Of Feeling,12d4ea4e-c4b5-44a3-8da1-6beab6885f87
1984,1984,The Earons,Land of Hunger,732b0804-4460-4b64-89d8-7d627ef1b662
1984,1984,The Enemy,Last but Not Least,9c65ff1f-5448-48f4-9d9d-22d522011899
1984,1984-11-16,The Enemy Within,Strike,ff9b98de-751e-4424-91f2-934a659e7fc3
1984,1984-11-16,The Enemy Within,Support The Miners,a4a31e03-1b2d-49a7-9e6d-a3000c03b24f
1984,1984,The Everly Brothers,The Story of Me,c084ae29-ecd6-4d0a-805a-a520a3161bca
1984,1984,The Ex / Awara,Enough Is Enough / Love,2eefa489-e17d-47af-8953-7a277ca8ff82
1984,1984,The Exmo Stars & Boogie,Telefôn' Mi Koe Mi Koenoe,6049ffcb-e3e0-49ee-9a2f-f00ef5713b4e
1984,1984-08-24,The Fall,C.R.E.E.P. / Pat-Trip Dispenser,ea39cbf7-e88f-4e54-8637-e8f7cd055ee3
1984,1984-10-12,The Fall,No Bulbs,ebb5947e-0925-4340-911f-8bf698483ac6
1984,1984-06-08,The Fall,Oh! Brother,75bc1831-e2c8-4090-a869-04bcbd0d2cb2
1984,1984,The Family Ness,You'll Never Find A Nessie In The Zoo,0aa1015e-9c15-470c-b619-aa31600842d4
1984,1984-04,The Farmer's Boys,Apparently...,e4f6aa73-46f4-348f-b17c-367474e3019e
1984,1984,The Farmer's Boys,In the Country,c34372ac-2028-3c76-8328-229970265da2
1984,1984,The Farmer's Boys,Phew Wow,c8ff1f04-f144-33a7-aba6-072484ac1307
1984,1984,The Fashion,Future Girl,55ad9bc9-7f6d-4fc3-aa81-38140c2395b3
1984,1984,The Fast,At the Gym,207fd89a-27cc-4687-af33-a68ebf887f08
1984,1984,The Fezoops,Key to Your Heart,4be2e502-37d8-4ff6-8923-d126de60f05f
1984,1984,The Fits,Action,32e49c57-182e-4c51-b10a-262165d17669
1984,1984,The Fits / Peter and the Test Tube Babies,Pressed for Cash,f1fbacbf-c8f2-3c27-a002-fde7f826474a
1984,1984-08-01,The Fixx,Are We Are Selves,935beaf1-c956-4fe0-9a16-97bc2412863b
1984,1984,The Fixx,"Less Cities, More Moving People",c62917a2-2ca6-447a-a08f-8b59fa529ff1
1984,1984,The Fleshtones,American Beat ‘84’,afbf0da8-54fc-4e2a-bdba-400a1fb5760a
1984,1984,The Flies,All Hung Up,9e0c472b-ff75-4421-acd8-84ad833edead
1984,1984,The Flirts,Helpless (You Took My Love),34188635-63f5-42e7-985d-d66c6c3c7abd
1984,1984,The Flirts,Helpless (You Took My Love) (Club Version),eb15581e-9934-4993-bd22-fe93cc1a8434
1984,1984,The Flowerpot Men,Jo’s So Mean,e3b9a6af-22c7-4ad4-8470-89ce1cce5cb8
1984,1984,The Flying Lizards,Dizzy Miss Lizzie,0c975a53-3abd-4fab-b2de-d57a25b12b5b
1984,1984,The Flying Lizards,Sex Machine,a7876a8d-b266-4919-9828-c5ac1faacc0d
1984,1984,The Forester Sisters,(That's What You Do) When You're In Love / Yankee Don't Go Home,56b4b306-8417-4cc3-b2ce-e0ae08320b25
1984,1984,"The Furious Five featuring Cowboy, Melle Mel & Scorpio",Step Off,13d51c6f-3134-3d31-a372-b3bef0c52e75
1984,1984,The Fuzztones,The Fuzztones,e975b752-6dbb-3b92-a18c-f76685b2c6ab
1984,1984,The Gems / Tangerine Dream,Flashpoint / Going West,68f493db-a511-4fab-9a98-cd7bde22f570
1984,1984,The Girls,S-E-S-E-X,14244213-3a8d-378e-898e-7013a8eb7a66
1984,1984,The Go‐Betweens,Bachelor Kisses,90a1596e-4f60-4841-8c31-0039b11d8c18
1984,1984,The Go‐Betweens,Part Company,52770b65-b5bf-4cf5-9c8b-f75f7a1ccfdb
1984,1984,The Go‐Go’s,Head Over Heels / Good for Gone,32903259-f9ee-4ca0-8877-662e7c219976
1984,1984,The Group,American,c45ee209-93ff-469d-80b8-9ee35ff7c599
1984,1984,The Group,Victims Of Circumstance,5e411ad4-c570-4e22-9445-8534621ecbc9
1984,1984,The Honeydrippers,Sea of Love,f34858aa-4a91-44f2-84f3-38c6b2678da6
1984,1984,The Hooters,Hanging on a Heartbeat,2d4b27da-0b11-494f-8aba-068636fc83c0
1984,1984,The Human League,I’m Coming Back,f466e3a1-4fe7-48f7-976a-2463aba33961
1984,1984-06-18,The Human League,Life on Your Own,7aaa66df-e98c-4577-9182-e23a13953cd8
1984,1984-11-05,The Human League,Louise,f7b0f8c5-5a34-4b81-989b-5964745259ef
1984,1984-04-23,The Human League,The Lebanon,813cc3d3-0017-421c-8704-fef8d6626db9
1984,1984-09-24,The Icicle Works,Hollow Horse,811da263-fbce-4f48-bb63-53ea64d793b6
1984,1984-04,The Imposter,Peace in Our Time,74b5d583-aadd-4eb8-b4bd-a72a3c28effb
1984,1984,The Introverts,The Girl on Page Three,7fa1f7ab-38d0-4c2c-bb44-ddea3f90cd76
1984,1984,The J. Geils Band,Concealed Weapons (extended dance mix),29eb41bb-9219-4fe5-ab75-d0a3f3b91d9a
1984,1984,The Jacksons,Body,e83c3f3f-b408-4142-8e7e-8e9d5e590289
1984,1984-03,The Jasmine Minks,Think!,8bbfbbae-76a0-45e6-a42d-0bb18c99825b
1984,1984-08,The Jasmine Minks,Where The Traffic Goes,97609593-e404-49fe-84e2-82ebca51ead8
1984,1984-03,The Jazz Butcher,Marnie,bfeb640c-0f27-4022-9a36-8ecf6f9e20d9
1984,1984,The Jazz Butcher,Roadrunner,df8a9974-c2be-4e7f-9ca5-8dfe73267cdf
1984,1984,The Jazz Butcher,Zombie Love,e115ab47-6a86-4d63-9394-5993c7d4a6c4
1984,1984-11-09,The Jesus and Mary Chain,Upside Down,23310402-e5c5-496f-8d78-904805bd4f16
1984,1984,The Jets,Party Doll,b86a9ce2-9268-4360-8377-2440a4694538
1984,1984,The Juggernauts,Come Throw Yourself Under The Monstrous Wheels Of The Rock And Roll Bandwagon As It Approaches Destruction,9ac62428-42b7-40ad-90a1-3767a5efb67f
1984,1984-09,The June Brides,Every Conversation,677ddbdc-484c-4b1a-9c5d-41acf5e3e42c
1984,1984-03-28,The June Brides,In the Rain / Sunday to Saturday,829f8c90-cfa5-476d-8cda-6837110b1d33
1984,1984,The Kane Gang,Closest Thing to Heaven,41f2a208-718c-4763-93c6-4e4c20f3bdc6
1984,1984,The Kelly Family,Didelidei,77e783c4-a85f-4acb-a565-90aacd9086b7
1984,1984,The Kelly Family,Old McDonald Had a Farm / Amazing Grace,094b9847-c2a6-4d18-bd33-78a26d094db9
1984,1984,The Kelly Family,Une famille c’est une chanson,4c18c1ea-3d5d-4d64-a264-3696f6541af0
1984,1984,The Keytones,White Christmas,32c1b1d3-17ed-4eeb-b0e2-446505ab5a45
1984,1984,The Kinks,Lola / Sunny Afternoon,c148b813-aa56-44af-89bc-fdf7869b12ff
1984,1984,The Law Lords International,Livingstone Rap!!,4dd820d0-5a89-4607-8918-434cccfb646d
1984,1984,The Limit,Say Yeah,b93368c7-5ee0-4d18-9193-60028109b3f6
1984,1984,The Lipstick Killers,Sockman,c2129cd7-b6db-4825-b2cc-0516e14eb87a
1984,1984,The Living Daylights,Heart Of Gold,97eb4d3b-47d3-4d80-abe5-6d2ae6828657
1984,1984,The Lords,Poor Boy,41462da0-84dd-4b9b-9d29-4eb367d41304
1984,1984,The Lords,Poor Boys,fefab169-f5b0-4d7e-9bc8-33eaeea82cc8
1984,1984,The Lords of the New Church,"""M""-Style",3b039dce-4e3b-4586-9fdd-6866f1d6dc75
1984,1984,The Lovin' Spoonful,Summer In The City / Nashville Cats,bbcd6657-ad49-4d5c-81ec-90926a67b8aa
1984,1984,The Lucky Band,La Chanson de Lucky Luke,26111b85-8209-43ad-9cff-b2cdbb33afb7
1984,1984,The Lurkers,Let's Dance Now (No Time to Be Strangers),aaf4b0a0-5977-4ffc-9c7c-a9b4b9441c93
1984,1984-06,The Mamas & the Papas,Monday Monday / California Dreamin’,57d2ecc4-d7cf-4812-8afc-8c8854a23b16
1984,1984,The Maniacs,Saturday Night,9a5c4505-47b8-45b3-b7a7-43f7b48f1ffd
1984,1984,The Marble Staircase,Still Dreaming,c10b739d-a93b-4e28-96a4-16a6ae4d77de
1984,1984,The Membranes,Spike Milligan's Tape Recorder,4d842d8e-7780-4f18-98f5-1343776951e7
1984,1984,The Memories,Stairway to Heaven,eaa0e9fa-97bb-499b-84bc-fb4f082a33eb
1984,1984,The Men They Couldn’t Hang,The Green Fields of France,836981ce-dec2-4725-afc4-a5eaf1751584
1984,1984,The Meteors,I'm Just a Dog,0d040344-fd52-41fe-8e88-12c43cc5e130
1984,1984,The Miami,A+B+C,e19fccc7-0e3d-41e4-ac75-fab27ab3caf6
1984,1984,The Models,Fool to Try / It Isn’t Over,4582ebd1-37ef-45d1-9afb-5ed14ea425f2
1984,1984-02-01,THE MODS,バラッドをお前に / POGO DANCING,71db9fe6-4e9c-48dc-979c-1d672ca03913
1984,1984,The Monochrome Set,Jacob’s Ladder,3580bc5a-8ac4-466a-bbeb-e74c6086ebdd
1984,1984-12-21,The Monsters Orchestra,Untitled / Godzilla,5a94da9e-5027-477d-8018-20c393e7a9b3
1984,1984,The Mood,I Don't Need Your Love Now,a92d14ec-8b4c-4c13-b370-40aeb648beca
1984,1984,The Moodists,Enough Legs to Live On,f5386ca0-2843-49bc-9a99-9ceba25e5981
1984,1984,The Moonlights,Slobberlied,c7a83a06-796c-4bc5-b33c-dc6cf490e6d5
1984,1984,The Moonlightstars,Hier in de kamer is het warm,b583b788-b712-41f6-9b86-3650f8a28839
1984,1984,The Nails,88 Lines About 44 Women,edcf36de-3b27-4529-a399-9862f3d12649
1984,1984,The Narcs,Lazy Susan,1adefead-b186-47e0-9762-59712042f9ec
1984,1984,The Narcs,Missing in Action,f26546f5-a139-4f35-946d-1b0f7c01c14d
1984,1984,The Narcs,You Took Me (Heart and Soul),252b7ab2-3110-4870-b2b2-a4725b6abac0
1984,1984,The Neurotics,Suzi,2e2a4084-1814-4b80-825e-49db803f48d1
1984,1984,The New Blockaders & Organum,Pulp,078b0bdd-e4c2-47f5-aa3a-673c1ab8d652
1984,1984,The New Company,Tomorrow,d6909095-8fe1-42d4-b412-c0e522d08dcf
1984,1984,The New York Models,Fashion,7b7712ac-f2a2-4bb5-9f18-f8cfd5c7d8a7
1984,1984,The Numbers,Forever Young / The Runaround,bf709882-26ea-303d-9434-8f997cfdc5e7
1984,1984,The O'Kanes,Can't Stop My Heart From Loving You / Bluegrass Blues,914a572f-5e9a-43be-b4d8-40336fe636d3
1984,1984,The Odd,The Last Time I Saw You,18aa2f44-0ece-4ad1-8d0d-dc32a0b5f9e8
1984,1984,The Outta Place,We're Outta Place,af27a1bd-f1c3-42f5-991f-dd80f5cbe0c5
1984,1984,The Pandoras,Hot Generation,0baaa839-bb58-41c2-8359-fbdf414771cf
1984,1984-09,The Parameters,Pig City,084913e3-fa24-4f0c-bfb6-8a15b0de7fac
1984,1984,The Parking Meters,Cross My Heart,053e8967-47d4-4315-9e25-73b80f304d44
1984,1984-09-13,The Pastels,Million Tears,85c92262-30ed-3bf1-859b-2f6efd786a7d
1984,1984-05,The Pogues,Dark Streets of London,a5bb04a0-a591-457f-b6ca-a76814d54b14
1984,1984-10,The Pogues,The Boys From the County Hell,81f54c7b-a108-399c-9f75-503ba92b61e1
1984,1984,The Pogues,Waxie's Dargle,a0ea0dfa-6269-4bcd-8b3b-2ebddd6282d0
1984,1984,The Police,King of Pain,5bf28bae-8c43-4499-8b47-d6173648a779
1984,1984,The Politicians,Down in Baghdad,d0c8bdaf-e40d-4bc6-b4ba-e1ab5c7406b9
1984,1984,The Pookah Makes 3,Take It Back,28d811f2-4a4e-4043-802b-1ddeb9305ea9
1984,1984,The Poppyfields,Alien & Candy,39bab7d5-2438-4bdf-9087-82ddbfc8c1c6
1984,1984,The Pretenders,Thin Line Between Love and Hate,271730ea-c53b-4330-b5d5-398ade278816
1984,1984,The Promise,"Away, Away",ff1dd025-7110-4e66-9f4c-5557b8438ecc
1984,1984,The Psychedelic Furs,Heartbeat / My Time,5c870765-4669-42f4-bfbe-d2b7561a76b2
1984,1984,The Psychedelic Furs,Heaven,bbd50966-09b5-30f5-99e8-88261a8c15fb
1984,1984,The Psychedelic Furs,The Ghost in You,ea907c23-3f9f-4d1d-ba85-97ada59b9d55
1984,1984,The Queen Annes,I Thought of You,73a02e1a-dc95-43e6-954b-825d819cf891
1984,1984,The Rappin' Duke,Rappin' Duke,cdffee44-ce72-35a4-a253-a6aaf3f9f956
1984,1984,The Rapsodies,Doe je tranen nu weg,41ebfdd3-106e-4b98-bb1f-a5f906459282
1984,1984,The Rapsodie’s,Je hebt het beloofd / Carolien,2000c241-42a8-4742-a46f-0a358ab94eff
1984,1984,The Raunch Hands,Stomp It,cb7f11f2-29a2-4891-90ae-ef5693018fc8
1984,1984,The Real Impossibles,Burned,24a56e67-60aa-4b79-8b08-24e8de9009f9
1984,1984-09,The Real Thing,We Got Love,55288525-4639-4b43-8804-22062c7f36d1
1984,1984,The Real Thing,We Got Love,c1181c4a-459c-4a1b-95a8-065c52101ceb
1984,1984,The Redskins,Keep On Keeping On!,3e599124-640f-4e5b-9b16-9e936662e016
1984,1984,The Reflections,Searching,f0c7d4c6-d5c9-4bd6-a968-f1c03991e56b
1984,1984-08-24,The Replacements,I Will Dare,0d089514-d30c-4ed2-b8da-7e61520f742b
1984,1984,The Residents,Safety Is a Cootie Wootie,0f8bab00-ef84-4a5a-9915-234319ce6936
1984,1984,The Residents,This Is a Man’s Man’s Man’s World,783b4567-ae3f-4ff2-abf8-bf3e0945769e
1984,1984,The Revillos,Midnight,49c0734c-c97a-4e42-9729-3d226b6e6b86
1984,1984-02,The Revolving Paint Dream,Flowers in the Sky,d423f3cb-718a-4c41-8e22-f5eace2f6478
1984,1984,The Rok Tots,Situation Kid / Suicide Weekend,20858848-10b7-49f7-b307-e6e82db8e059
1984,1984-07,The Rolling Stones,Miss You / Too Tough,53fd3908-78e1-4a0c-8dba-a3ca10a5efb9
1984,1984,The Rolling Stones,Schoolboy Blues,2bb4fa6f-4b35-4c0e-bbc7-8fe65f92bbf8
1984,1984-01-30,The Rolling Stones,She Was Hot,a1b560e0-8e71-3026-8846-469b04380326
1984,1984,The Ronettes,Be My Baby / So Young,bc06d3f4-3054-4c82-b0db-8902cf6e627d
1984,1984,The Ronski Gang,"Baby, Baby",0d93b87d-0339-44bb-a58d-eab685cc6756
1984,1984-04,The Room,New Dreams for Old,c7bf1a9e-981a-40bc-af9a-3c5041ff7d97
1984,1984,The Roosters,SAD SONG (WINTER VERSION)／HEART'S EDGE (REMIX),7236bbae-6db0-4857-9e3b-a1bd02538d41
1984,1984,The S-Haters,Solitary Habit,3ccbdf81-fa53-4b32-b9df-ee838c6f761d
1984,1984,The S.O.S. Band,Just The Way You Like It,f09b4071-ef10-4d09-a03a-479a53f80dcc
1984,1984,The S.O.S. Band,Weekend Girl,0b7d0535-8806-4129-bb8b-bda9f98c2769
1984,1984,The Safony's,Night Express,85cd3ede-c107-43d9-8b9b-8ed058fcbdda
1984,1984,The Schemers,Time Machine,6391ac4a-4bca-40b3-bfc4-e3e53414e3d2
1984,1984,The Second Coming,Incest,dd0444b0-8ccf-444e-b460-6e17bc64b907
1984,1984,The Shillelagh Sisters,Give Me My Freedom,0d7714bf-26ab-4e22-9e4a-bbbc55e98565
1984,1984,The Shower Scene From Psycho,Cara-Lyn,d48bfd1d-a709-4f5e-9a98-1a8e5a9caab6
1984,1984,The Sid Presley Experience,Cold Turkey,4d3ac660-08a6-430d-9149-b0b6acb78832
1984,1984,The Sid Presley Experience,Hup Two Three Four…,a1e3968b-7b52-450d-a3bd-594f490fbf5d
1984,1984,The Silver Tears,The Silver Tears,3297984e-2991-443f-8031-408af3f23f9f
1984,1984-06-04,The Sisters of Mercy,Body and Soul,a407f2c7-dcb7-3215-b930-ff2a07a6c407
1984,1984,The Sisters of Mercy,Walk Away,caafb70f-d71b-49fa-a0da-1001a67ab62b
1984,1984,The Skeptix / The Insane,Vendetta / Berlin Wall,0276da79-b7a2-47d9-8250-3cbaffdaa3cf
1984,1984-05-25,The Smiths,Heaven Knows I’m Miserable Now,7911bec3-8ef7-320e-aea1-4e16d9c62ad4
1984,1984,The Smiths,How Soon is Now?,49945a24-096a-3e99-aa1b-5226e39b44af
1984,1984-02,The Smiths,Still Ill,c3ecaf4d-d994-3ca1-b804-620690fb8f38
1984,1984-01-16,The Smiths,What Difference Does It Make?,dd877f79-acef-3320-b4f8-587c52fc3def
1984,1984-08-20,The Smiths,"William, It Was Really Nothing",1f5c65c1-52f8-3bfc-8171-bd951350e5e0
1984,1984-11,The Sound,One Thousand Reasons,336a8d09-f64f-4ffd-92b6-969e6b83bfd2
1984,1984,The Source,The Ghetto,a05ad8b4-5247-4d5b-a28e-99f4836febc3
1984,1984,The Special A.K.A.,Nelson Mandela,01a0f73c-efa5-4c3f-91db-78e46f99da40
1984,1984,The Special A.K.A.,What I Like Most About You Is Your Girlfriend,918a1f5c-8a2a-4ce2-81ec-bdeebd4d588f
1984,1984-11-21,THE SQUARE,Overnight Sensation,db62d1c2-93d6-4fe2-aaad-63ca2534f313
1984,1984-04-01,THE SQUARE,Travelers,f4229959-0f39-4b80-9843-399fa491c1a3
1984,1984,The Staple Singers,Slippery People,459d3642-7157-4056-aa49-1c5ef9d8113d
1984,1984,The Star Club,Ha,12a857bd-daf9-3ba3-97e9-49a3abb29ab1
1984,1984,The Star Club,The Bible,a60f4426-0ae1-3195-8660-d0869f9c6def
1984,1984,The Star Club,あの娘にひとめぼれ,20133e98-1079-3cdb-8b24-9bc7c2f110d1
1984,1984-11,The Star Sisters,Godzilla / Drivin' With My Baby (Tru' The Valley),f946b296-ac89-4af9-8e15-d319aecdce9f
1984,1984,The Stranglers,No Mercy,df212146-306b-445f-aea1-61a567ef196f
1984,1984,The Stranglers,Skin Deep,4e35ecd2-d453-3a6d-a720-662a8b9413a0
1984,1984-05-19,The Style Council,Groovin’,8cd464cf-4fd2-43c0-8b93-034fd093be53
1984,1984-03,The Style Council,My Ever Changing Moods,ba30adc0-fd11-4ccd-bc3e-03b54187ef00
1984,1984-10,The Style Council,Shout to the Top,b93e226a-af77-4b7d-a95d-76b318911912
1984,1984,The Style Council,You’re the Best Thing,b552976e-6716-40ca-95f8-75b4f8340d4c
1984,1984,The Sunstreams,Afscheidsbrief / Jongens in Indië,62942496-4da7-4405-aec0-6c241b18e601
1984,1984,The Sunstreams,De legionair / Dat kleine dorpje,15f204d6-1774-4dc3-85ac-71430ed87012
1984,1984,The Sunstreams,Joekoehoe / Met vastenavond,f8c89462-1069-495f-9dd2-2dc1e96bee46
1984,1984,The Sweet,It's... The Sweet Mix,78c192a1-fdd7-36cb-916a-a9d5a1d5dba0
1984,1984,The Sweet,The Sixteens,15a8906c-0411-316d-8525-5fd458b79552
1984,1984,The Swinging Laurels,Zoom (Take The Test),a4512b61-381f-44ba-abda-d830e86107da
1984,1984,The Tallahassee Hiccups,"Feelin’ Single, Seeing Double",3a97cb3d-67a4-47b7-b9ef-928f8d44280f
1984,1984,The Technos,Spirit Of The Thing / Visions Of The Night,9c4c6042-5976-4c8d-88e0-54caacc2294f
1984,1984-11-06,The Temptations,Treat Her Like a Lady,4f2c287c-b5b7-4bee-ba03-9c6cf5858625
1984,1984,The Thought,Every Single Day (Goodmorning Mr. Grey),291e780d-b5cb-4bb2-ae30-06a61d23bd53
1984,1984,The Three Johns,Do the Square Thing,66513f39-d217-30f8-b148-0ea4d151e95d
1984,1984-05-30,The Time,Ice Cream Castles,bf521e8c-2e12-44e7-b9ef-d56102350280
1984,1984-10,The Time,Jungle Love,ce66cea7-f08d-4773-9357-867bd7e03509
1984,1984,The Time,The Bird,c1f0be8e-4505-472c-bff8-47d7fb85baf4
1984,1984,The Times,Blue Fire,b6edadd3-bfcd-4edc-9026-38662fd9fd8f
1984,1984,The Times,Boys Brigade,75ef9804-a8bd-413c-aaf8-a3e1c4ff0785
1984,1984-06,The Toy Dolls,We’re Mad,357ad55f-2c28-447d-b88b-9281f5bbed28
1984,1984,The Trammps,Move,41561e44-0743-4219-9f1b-871e023ba30c
1984,1984,The Trammps,Move,73969527-7691-4f98-b912-2ba5a592ccf4
1984,1984,The Treacherous Three / Luther,Santa's Rap / At Christmas Time,801b6266-6f75-4dcf-9d77-48d8b3e38591
1984,1984-07,The Tremeloes,Silence Is Golden / Even the Bad Times Are Good,326cc831-440a-4e05-862a-0dbba0ac98bf
1984,1984,The Tribe,Angel Of The Junkheap,dd167c05-4ef1-49c5-bdc8-d759c7c08691
1984,1984,The Triffids,Beautiful Waste,17ad43da-25bc-43a4-becb-be06e9d92e61
1984,1984,The Triple Threat Three,Scratch Motion,94c503ef-7bd6-38ce-b80c-17c0fdb72612
1984,1984,The Trudy,The Invisible Man,39249b3f-f32c-42a6-8391-443c1f823df1
1984,1984-03,The Twins,Love System (Re-Recorded Dance Version),3e680812-e35f-4697-aae2-d37cc0f1ce9c
1984,1984,The Unknown DJ,808 Beats (Eight Hundred and Eight Beats),6d78b9a1-f374-4f4f-93b9-a60c1005beb1
1984,1984,The Varukers,No Hope of a Future,5393971f-7132-374a-97be-9058ae2bdefd
1984,1984,The Veil,Manikin,e38472df-eb9d-4ad7-be96-e75087bdaa38
1984,1984,The VHB,Beethoven's Fifth (Street) Symphony,953d2f9f-7f9f-40b5-9c54-7a4516a0a3e4
1984,1984,The Vipers,Never Alone / Left Your Hold on Me,dc315bdc-a33f-47cc-8691-a6a453286676
1984,1984,The Voyagers,Distant Planet,59f379d2-e51c-4151-abc4-8afbd6f09a38
1984,1984,The Wee Cherubs,Dreaming,c55c1179-d39d-4c75-a2b2-31260912c3a6
1984,1984,The Who,Twist & Shout,ab87781e-b1ed-47ac-b1da-86e9bf8eacce
1984,1984,The Willyjo’s,M’n Marie,6a1d8593-e415-4d83-9db8-e1eb2c030ed6
1984,1984-08,The Wolfgang Press,Scarecrow,8c9a1190-5ab7-3e6f-84ab-5a05284dd773
1984,1984,The Woodentops,Plenty,04a723ad-7aaa-4019-a291-11ba2e63b7ee
1984,1984,The World's Famous Supreme Team,Hey DJ,d210f262-6d10-4cd9-9ee1-38e6a60f3730
1984,1984,Thee Milkshakes,Brand New Cadillac,fb01ca5d-d177-4be7-bd53-d2c994e91e5a
1984,1984,Thelma Houston,I’d Rather Spend the Bad Times With You Than Spend the Good Times With Someone New,d089eb1c-2d30-4a57-a563-bfc5040ecfb8
1984,1984,Thelma Houston,You Used to Hold Me So Tight,1cc11289-3168-423d-977e-f15a87ef8338
1984,1984,Theo Koetsier,Al Die Nachten,e117996d-39b9-4fb5-a5eb-9c0940410b4b
1984,1984,Thierry,Hallo! Bonjour,8f50be2e-f165-4e9a-8bc5-d2917bd8e884
1984,1984,Thierry Mutin,Milliardaire comme personne,6cdaf00b-0353-4933-9cee-24cadabc2c14
1984,1984,Thirteen At Midnight,Time Is Tight,2efbb2b7-be90-4437-8e0c-5386aa21a757
1984,1984-08,This Mortal Coil,Kangaroo,1d85e1f2-dac5-4c9f-b430-230b678db792
1984,1984-02,Thomas Anders,Endstation Sehnsucht,49d8d2ab-288e-4c10-85eb-b3c4b0d7319e
1984,1984-09,Thomas Anders,Es geht mir gut heut’ Nacht,73a4b03b-47fa-4a78-aa8f-e84ff39e65c4
1984,1984-04,Thomas Anders,Heißkalter Engel,4d5db312-13a2-4a1b-b153-43719c264dff
1984,1984-02,Thomas Dolby,Dissidents,0e0a2e4f-cfba-3687-a9db-055359287c1b
1984,1984-01-06,Thomas Dolby,Hyper‐active!,ba06715f-a24b-4d6d-9806-867e3354919b
1984,1984,Thompson Twins,Doctor! Doctor!,55ef3330-6764-3438-9ea0-0a72f97a85c5
1984,1984-06,Thompson Twins,Sister of Mercy,dc595db7-395a-4d8e-9d85-0ced288d7689
1984,1984-11,Thompson Twins,The Gap,b06ef39e-7ff2-4a5d-a70b-ab761bb33239
1984,1984-03,Thompson Twins,You Take Me Up,2a1c46bf-f876-3608-987b-2b54e7c35adb
1984,1984,Thor,Let the Blood Run Red,fbea821b-1e78-4e60-894e-c71a4ac70d77
1984,1984,Thor,Thunder on the Tundra,53803419-52a7-41a6-9238-3b0c10751e2f
1984,1984,Those Handsome Devils,Hep Bop,51e53ab2-7335-4ea8-8c82-7c6810fa13d1
1984,1984,Tidee-T,Sequential Groove,45dc0686-ee00-4094-9310-c054debd52c3
1984,1984-02,Tim Finn,In a Minor Key,116dfdac-227e-3da8-9008-8e2a50abc471
1984,1984,Tim Pope,I Want to Be a Tree,7e72a4ad-6eab-4a79-b9cf-85aa4ac25aac
1984,1984,Time and Love,Tea for Two,640ec13f-f1ad-4f01-bd78-a824752c243f
1984,1984,Time Bandits,Reach Out,71684e92-e859-4e3b-9258-628c35bf48dc
1984,1984,Time Bandits,Star,7fe9d0ce-578c-42f6-abad-31d630e59f31
1984,1984,Time Capsule,Night Life Fashion,377a68b3-aba9-4765-8d21-c6f4cec7069a
1984,1984,Time Zone,World Destruction,1befec45-c262-3a0f-908d-5fd1fa610499
1984,1984,Time Zone feat. John Lydon and Afrika Bambaataa,World Destruction: Meltdown Remix,f82b14e8-1d93-45b8-ac6d-9b57e655ec33
1984,1984,Tina B,Nothin's Gonna Come Easy,5d273010-e5e6-4a37-a4e1-7257e3150733
1984,1984,Tina Trucker,Oh knappe trucker,1352e901-1f45-4cae-b1f3-008e65cf61e6
1984,1984,Tina Turner,Better Be Good to Me (12″ dance version),cacf5fd4-e734-37c4-8865-0d2389dccc3a
1984,1984,Tina Turner,Private Dancer,d5d53c1b-2bd0-4e1c-bfb9-ad17409126b4
1984,1984-06-04,Tina Turner,What's Love Got to Do With It (extended version),768dd29c-2479-41d9-8abf-c9c7fb645537
1984,1984-05-01,Tina Turner,What’s Love Got to Do With It,e9f9d71d-401d-4823-9348-a537237e4d4f
1984,1984,Tiny Town,Drop By Drop,eba04094-37fc-4c10-b3de-7a747b97d230
1984,1984,Tirami Su,Zwei Schritte,96e75145-880f-41a6-8a65-a4e4d6d8035b
1984,1984,Tirez Tirez,Under the Door / Sleep,e382b1d1-b15b-496b-a815-dcca700804cc
1984,1984,TNT,Break the Ice / Seven Seas,c534edf0-ba7d-4b49-b515-5bf71917944f
1984,1984,TNT,Without Your Love,57f8ca65-bfa7-4ab6-be0f-3f668ef1242d
1984,1984,To Damascus,"Another Place, Another Time / On a Pier",bfd82003-3c51-46ec-91a6-53f01e11a7d6
1984,1984,Toine,Mandolinen bij maanlicht,d042cef6-ea24-4eb9-a058-d8b083f08ad6
1984,1984,Tokyo Blade,If Heaven Is Hell,affa6deb-31a7-4212-b0c1-9cf1cb49903b
1984,1984,Tokyo Blade,Midnight Rendez Vous,82bddf4c-c45b-40ea-9261-a3e742b9adc9
1984,1984,Tom Hooker,Real Men,5d3abc45-78b5-49f6-b40e-eb6df40cbc50
1984,1984,Tom Robinson,Back in the Old Country,a18a50aa-332a-4aa1-879e-ec28717adf8c
1984,1984,Tom Verlaine,Five Miles of You,b02d5565-e8e8-4341-bc73-af6c75fc4894
1984,1984,Tom Verlaine,Let Go the Mansion,94b2b51c-aada-4e42-8d80-d4423821633e
1984,1984,Tommy De Chirico,Close Your Eyes,eb0d1d2a-6488-4e88-8f7f-55111bd00261
1984,1984-07-07,Tommy Dean Piersol,I Think Of You,955d9f8d-25a7-4aa0-91e1-3a2fa7b751c5
1984,1984,Tommy Keene,Back Again (Try...),fad72e92-9a73-45bc-bf1f-83f64b596d5e
1984,1984,Tommy Steiner,Das ewige Feuer,e6ac22b0-8e42-405b-8de3-2cd5d29fd110
1984,1984-09-04,Tommy Steiner,Der Morgen danach,27bc49f0-81bd-4331-8b12-8a7709b1f844
1984,1984,Tommy Steiner,Wenn dein Herz dir nicht sagt...,1e896fad-c9dd-4ece-9e88-8526902a4f13
1984,1984,Tommy Tate,If I Gave You My Heart,cd39520a-6c7e-4db4-85f6-5a7e80793446
1984,1984,Tommy Tate,Linger a Little Longer,27bd08ac-291f-409b-a3d6-1589f0cf2f90
1984,1984-11-14,TOM・CAT,ふられ気分でRock’n’Roll,a217acef-8dd1-4baa-8f00-2896ce9903d8
1984,1984,Ton Van De Wiel Band,Zorg om jou,cd617e89-98fb-4f6e-a7a9-3bdcc2ab6de7
1984,1984-11-09,Tones on Tail,Christian Says,69922a40-2112-47c6-9c88-8ee527d8b3d0
1984,1984-05-11,Tones on Tail,Lions,b47955ac-157d-4914-a6de-66a15dee5a39
1984,1984-03-09,Tones on Tail,Performance,b65bb3ef-9f0f-4067-986a-0b257f9356c3
1984,1984,Toni Basil,Do You Wanna Dance,86bbfbb3-ea22-4f99-abc8-31af4ff21bc1
1984,1984,Toni Basil,Suspense (extended re‐mix),5c5be299-3aec-4487-b235-90e1147322ba
1984,1984,Tony,Chez Rico,7a8c12d7-00f7-4c61-a8f5-0ba1c3316283
1984,1984,Tony Bass,Tony Bass medley,450a17b6-bb0c-47be-bbee-143342c8095e
1984,1984,Tony Cook and The Party People,On the Floor (Rock‐It),66d95726-39c8-4895-9825-8165800b4176
1984,1984,Tony Esposito,Kalimba de luna (Version originale),f6224d4d-97ea-4625-a162-e43d590ef864
1984,1984,Tony Jackson,Snowy White Christmas,87ec6583-957c-35b7-bc7e-d8a724c3d31b
1984,1984,Tony Light,"Dat witte huis / Bravo, hij is net als Caruso",6da39763-029a-448e-9aed-c0adad4a1ee0
1984,1984,Tony Marshall,Das werden wir alles überleben,d4dedf06-3b53-4116-8b67-f16d42f95440
1984,1984,Tony Marshall,Oh Grenada,f7e28c7e-91a7-4c90-b8b9-648fed148ea6
1984,1984,Too Too Toy,Let's All Party,da4fe725-d28b-4531-ad5c-a1f49502ecd5
1984,1984,Toontje Lager,Alle dagen dorst / Ben jij ook zo bang,5abbada1-617d-4ecf-9c02-a0478aea912e
1984,1984,Toontje Lager,Niemand die het weet / Bruine ogen,400fedc4-6a3f-4982-85fc-b87354d1fa04
1984,1984,Toos en Cor,Lieve mama,fc53d51c-1768-476f-b984-b20cfe227627
1984,1984,Topless Dance,I Can't Make It,ce261390-971e-4e1e-a32f-2e9ae7a262c7
1984,1984,Topo & Roby,Under the Ice,74f8c7c3-5491-48fd-a32a-06dc1383fa41
1984,1984,Torch,Bad Girls,563ea9b6-4e7d-411f-a7af-a25e2e1f80bc
1984,1984,Torch Song,don't look now,4db8f17c-c112-472e-9e39-c87194fd5960
1984,1984,Torentoeters,Kom zet je zorgen,5da8ed29-a779-41e8-aaac-fc8aaf68b004
1984,1984,Toto,Stranger in Town,2dfcd363-9f2d-4644-b88c-5dddb9d27666
1984,1984,Touch of Class,Keep Dancin',4bcf3309-43dc-4626-b9f8-7913e28d1381
1984,1984,Tower,It’s Allright,bf830870-42a4-4027-a93c-fb850fd12c6c
1984,1984,Tracey Ullman,Bobby’s Girl,0378d9b4-467c-4d84-8eb6-71681aea830d
1984,1984,Tracey Ullman,Helpless,a7dd98a5-e41e-42b4-b248-1b2e1c5a82b4
1984,1984,Tracey Ullman,My Guy's Mad at Me,444b9e00-5a80-47b7-a2c0-4ddc79c597c2
1984,1984,Tracey Ullman,Sunglasses,65a68447-92d0-37f1-9344-425a5edb4cd8
1984,1984,Tracey Ullman,Terry,6ef16e94-1465-466b-a7d2-70feb8a72984
1984,1984,Tracey Ullman,You Caught Me Out,04a94e4b-8dbc-4793-b594-86ec0b3a8123
1984,1984-05-21,Tracie,(I Love You) When You Sleep,557f2832-2346-4d5f-a438-e6f5a1d35211
1984,1984,Tracie,Moving Together,ba277543-a430-4b80-9ff0-8e92a1c57464
1984,1984-04-02,Tracie,Souls on Fire,13cef6dd-7078-4da9-8c9c-86804bcb1582
1984,1984-05,Treatment,The Seat of the Cone,3689a88e-7911-49dc-8102-f7337032a351
1984,1984,Treiglad Pherffaith,Rhagrith Pob Rhagfyr,6a34a201-7e4a-4d6b-b659-4db44e2abcd6
1984,1984,Treiglad Pherffaith,Un Dydd Ar Ôl,0b477d5e-2e5b-4a4b-9705-a29ca8594037
1984,1984,Trident,Destiny,c2aaef1f-af1a-4f28-aa3d-020123865a31
1984,1984,Trouble,Assassin / Tales of Brave Ulysses,a57dbd27-94b4-4e72-ba7e-5f6b187bd4af
1984,1984,Truck Stop,Ein Tag wie ein Freund,11f604a5-acdc-4728-9030-3a375fa395e5
1984,1984,Truck Stop,Wir sind die Cowboys,8ceec886-f147-4d61-8f98-629310262692
1984,1984,True Blue,How Zat,d6df06bb-6290-4f3e-bb6b-a97ceb5e2f09
1984,1984,Trust,Serre les poings,0c7e2f27-1c4d-4915-9bf8-1aab2e56ea5d
1984,1984,Tuga,Drunk Driving,c2d47ce0-9d84-4309-95c8-66713e3764c1
1984,1984,Tullio De Piscopo,Stop bajon,89ebfc70-dc2f-4ab9-9a0d-545cfbdebf11
1984,1984,Tupelo Chain Sex,Dr. Nightcall!!,50c78f97-cc62-4487-8d9c-28a71fec3ed2
1984,1984,Turning Point,Highway,825a6ac7-adc3-4026-a971-8c911f6a1e10
1984,1984,Turquoise Days,Grey Skies,8b7a6f89-cb5a-4176-a67d-ae7cbb5703d1
1984,1984,Tuula Amberla,Lulu / Viinimalja,b15f546c-27e9-48c9-9784-1e78a02b0fd9
1984,1984,Tuxedomoon,Soma,987fb96c-3ebc-41c9-bcf3-e6c40a05f7c1
1984,1984,Twilight 22,Siberian Nights,a547c644-9c31-4de0-b01e-eda833d81ef9
1984,1984,Twisted Sister,I Wanna Rock,6efc18f3-3187-438d-a41d-1103530e4636
1984,1984,Two Minds Crack,The Hunger And The Greed,75b60845-b4e3-4460-b3c2-d296fac40004
1984,1984,Two Two,Pijin Billy,2e080d9f-bffd-4fc1-8b7f-dc8a3f12140c
1984,1984,Téléphone,Un autre monde,7f30cc23-aa3b-43d3-a615-4bd1656e21f0
1984,1984,T‐Connection,Take It to the Limit,6bbc6fab-4e71-4c85-81dd-4ae3054c7d8a
1984,1984,U.T.F.O.,"Hanging Out / Roxanne, Roxanne",fb4212ef-5d81-4387-bc46-f09b051a99ee
1984,1984,U2,A Sort of Homecoming,c3239303-9c35-45a2-aa89-9a413ac070ec
1984,1984-08-27,U2,Pride (In the Name of Love),75605a44-37f1-3234-b1f3-78fc200706c3
1984,1984,U2,The Unforgettable Fire,e3925636-f3a0-3fbd-b59e-c54391a71a58
1984,1984-09,UB40,If It Happens Again (Dance Mix),0e428c2e-94bb-4109-bc39-e727b824446b
1984,1984,UC5,Eye to Eye / Countdown,7effa690-981a-4695-b9b4-0420dac7a8b7
1984,1984,Udo Jürgens,"Entschuldigung, wo geht's hier zur Hölle?",9cf2c47a-e6b8-4550-9895-ab5885dd9ce9
1984,1984,Udo Jürgens,Rot blüht der Mohn,44318554-1ba5-43fd-ac5d-50e699784a48
1984,1984,Udo Jürgens & Jenny,Liebe ohne Leiden,56666861-2b1d-4af2-806e-f8d439d11396
1984,1984,Udo Lindenberg,Germans,f526793b-9b76-43c7-955a-d8c88303fb5f
1984,1984-02,Udo Lindenberg,Russen,b8611c66-f460-45af-8567-ff9e679f4005
1984,1984-06-01,Udo Lindenberg,Sie wollte Liebe,2a1b09ae-0c6a-448f-828d-75ed9607c3d8
1984,1984,Udo Lindenberg und das Panikorchester,Nonnen,8ec1c0af-4bee-4542-a079-cd803a78eb00
1984,1984,Uit Nood,Woensdrecht we komen,eef4e6ee-65c0-4889-9e91-3a68a7d3a111
1984,1984,Ultimate III,What Are We Gonna Do?,8dc3df26-d4d3-477b-b6df-f7ccd70ef69a
1984,1984-05-07,Ultravox,Dancing With Tears in My Eyes,a34736a3-2b32-3f95-b4c3-86881f2df69c
1984,1984,Ultravox,Dancing With Tears in My Eyes (special re-mix),098ae852-d35b-4eb3-9517-7831027b4c45
1984,1984,Ultravox,Dancing With Tears in My Eyes (special re‐mix),311a6c49-e6c6-4fb3-b88d-f37c4f56d404
1984,1984-09,Ultravox,Heart of the Country,f456e911-a0b3-4936-af0b-c754d46214c3
1984,1984-06-21,Ultravox,Lament,861c35cb-34d2-4547-9b1b-c3207d96c6a0
1984,1984-10-08,Ultravox,Love’s Great Adventure,45492795-5d82-3759-be69-228c6ad0f31f
1984,1984-01-26,Ultravox,One Small Day,325466ed-24c9-3abd-ac00-82e428cb4bee
1984,1984,Uncommunity,Brutality of Fact,06c051a9-3725-44f1-b46e-08132d0155e3
1984,1984,Under Final,Tell Me Now,c25e4997-92b8-4923-94d3-2a493f6ce53e
1984,1984,Under Two Flags,Masks,cfc5dd7b-7be3-4b8a-862b-d08248fbdfcb
1984,1984,Underground Zerø,Seven Light Years,8d66e503-0b0a-4d39-89a7-ca127583f4e0
1984,1984,Universe,Every Single Night,111b257d-203b-4bd7-bd6c-c3d4dbb28923
1984,1984,Unknown and Three D,Beatronic,b03457ba-c789-4de2-949f-d49ea6657b7f
1984,1984,Unruled,Unruled,38c3b232-a254-3346-9aad-0d9043394a8e
1984,1984,Upstairs,What's About Money / Julia,e820d74d-d65d-48f4-a41f-b391bafbc745
1984,1984,Urban Blight,Peace Train,28c5ce57-3b3d-4b61-9e80-b6016784236e
1984,1984,Vacum,Dagar i morgon,ef09cf02-1d87-4bd4-a3a4-828f6e1d561c
1984,1984,Vader Abraham,Ik leef om te leven / Vlaanderen,ecb6b4d3-d697-43b8-9d29-65a4395e4b63
1984,1984,Vader Abraham,Vlaanderen / Ik leef om te leven,7ea42d4e-f616-4e34-bd07-8e8b9af15fc5
1984,1984,Valentino,Notte Di Luna,b330d765-0d00-4748-a79b-15ff7b7e0d45
1984,1984,Valerie Allington,Let’s Make It,c92572d6-e03d-4997-81a2-faa6689e6ed2
1984,1984,Valerie Dore,Get Closer,f7b2b302-b36c-30f9-8a27-d94f920e139c
1984,1984-11,Valerie Dore,The Night,2dd8d183-14f1-4543-95ab-3332c5a653bd
1984,1984,Valérie Mairesse,Bombe Anatomique,fe4e89fc-2bce-47a8-aa3e-affe52f99f77
1984,1984,Vam Cyborg,Gods Valley,17f8d2cf-4169-46ae-8280-1cab4c00bea2
1984,1984,Van Dyke Parks,Opportunity for Two,cd3d7a26-0397-4159-a07e-6f94fd611fb5
1984,1984-10,Van Halen,Hot for Teacher,b111d600-672d-40fd-870e-22a9b1f6dc31
1984,1984-04,Van Halen,I’ll Wait,1a4f2f90-0fca-4832-b106-55e37b1832cc
1984,1984-04-30,Van Halen,Panama,7601c3bc-267e-48a2-92c8-6166625c0111
1984,1984,Van Hurskas,Viikonloppueläin,1e9d7012-ba9e-4e50-9589-24420b8985ce
1984,1984,Van Onderen,De Vlag,95eb7126-1437-4b2a-8b4a-673e2d7a1b14
1984,1984-05,Vandenberg,Different Worlds / Too Late,beb9c12b-9a61-488b-8d90-69ba58fe7831
1984,1984,Vanessa,Broken Glass,0abf07ef-3771-4c09-8484-598ee2ea888d
1984,1984,Vanessa,De l’amour‐unisson,2da2a714-0a23-4c77-a59f-76c98164d0f1
1984,1984,Vanessa,Don't Pull the Trigger on Me / Overnight,929f9f61-9dd3-4ad4-b59c-d8c0732342d1
1984,1984,Vanessa,Goin' to the Movies,bd7956c8-c077-4fad-a676-c95f584a598d
1984,1984,Vanity,Pretty Mess,c75a4d87-da98-42d1-8e09-ad2e141800d5
1984,1984,Vardis,Standing in the Road,c72315a2-9bd7-4727-9ad2-5e9ad5d8eaa6
1984,1984,Varga Miklós,Európa,7ba9c82a-fb85-40a7-8751-0c4625380bf9
1984,1984,Various Artists,Basketball / The Game,a2ab459d-8290-49ec-af87-f19cc1353f55
1984,1984,Various Artists,Love Disco Style / I Heard It Through The Grapevine / Disco Choo Choo / Love Now Hurt Later,ee6b56b2-ba99-4346-991b-8ea6410cd868
1984,1984-10,Various Artists,Myths. Instructions 1.,985b2edb-fa48-4965-9816-768a0acf135b
1984,1984,Various Artists,New York Freakout!,a1e487f4-a139-423e-a858-17028dfec08f
1984,1984,Various Artists,Out Out / Gizmo,2d846eb5-7220-4d96-b48b-3dd8ad4279fe
1984,1984,Various Artists,Scratch Party #3,584ed414-1e91-4c42-af54-e54dc133b051
1984,1984,Various Artists,Such a Shame / Que Ritmo (remix),64e95136-b2e3-4568-ad75-336b98da80fa
1984,1984,Various Artists,Why Can't We Live Together / Drift Away,68e642c7-602b-3fb5-a342-6c8de37883d9
1984,1984-06-21,Various Artists,いけない三角関係（トライアングル）,8f0b951b-7d53-4ae2-a264-9c020606cea1
1984,1984-03-25,Various Artists,名探偵ホームズ ドラマ編,2bae1426-3b43-46f9-bba0-4632bb6e13ee
1984,1984-12,Veetdharm Morgan Fisher,Happy Again,c9ff1871-2b18-48ce-b20c-13524aad0a55
1984,1984,Velly Joonas,Igal pool on see lõhn,a4ee8971-f6ed-43e0-a179-55cc3b901049
1984,1984,Vendetta,(You Keep Falling) In and Out of Love,fdd9dffc-d872-48cc-8b29-252281c25258
1984,1984,Vendetta,If You Want My Love,f763885c-49d9-4f28-ae9b-17ea73b02ceb
1984,1984,Venise,Play Boy,be26eeea-1db5-4e39-a409-9bc1890325b2
1984,1984-10,Venom,Manitou,3242f8f5-beaa-3d72-bb1d-de27c4b3b5de
1984,1984-03,Venom,Warhead,7239ff76-2bad-33ea-933a-9914f839df2b
1984,1984,Vera Lynn,The White Cliffs of Dover / A Nightingale Sang in Berkeley Square,aca67da3-86f0-4ffb-b8d0-99903062fd9b
1984,1984,Vera Telenius,Miljoona ruusua,fc117f42-5edf-3bdc-b4e6-ba27563a974e
1984,1984,Verago,I Don't Remember,2bfef0a4-b68b-465a-926b-1689b597aa7f
1984,1984-06,Veronika Fischer,Du willst deinen Spass,8f34be63-e186-4df1-b335-4a97f577d35e
1984,1984,Vice Squad,Teenage Rampage,d6b61b0c-760f-36ad-a063-fdd0fccb6a87
1984,1984,Vice Squad,You'll Never Know,72ba18b3-be6b-36ac-b3b8-7a420b1e9958
1984,1984,Vicious Pink,Cccan’t You See…,32a9b32b-8886-41e7-bf3c-b154f7266680
1984,1984,Vicky Leandros,Ich hab' noch ein paar Tränen bei dir gut,d4420985-54c3-4109-a8c8-ecad718fa680
1984,1984,Vicky Leandros,Mein schweigender Freund,3dcda8e5-420d-495a-bea7-f6395903c2e1
1984,1984,Vicky Leandros,Tu as sept ponts a traverser,1724cfdf-4420-40ce-97fb-54b9a06466ed
1984,1984,Vicky Leandros,À l'est d'eden,06af775c-85b0-4b47-8372-bb0f0b79edae
1984,1984,Victor Hugo Ruíz y Su Grupo Zaaz,El vuelo de la paloma / Hoy se va,cfc0daf3-e901-40e7-a161-fe29fe6adc1e
1984,1984,Video,La ventana,48717e0e-b306-4c3e-9d02-ce59791f4ed1
1984,1984,Video,Somebody (Hey Girl),50872898-5e4e-4d07-90d1-b173d6990492
1984,1984,Video Kids,Woodpeckers From Space,97f37cb1-8e76-313b-b4d0-bade65e474ab
1984,1984,Vince,Across the Land,39da8c43-eb4f-4d74-b2f5-e6f26099b807
1984,1984,Vinskvetten,Data-Dagros / I fyr'n,563a63b8-d705-4cb5-8d8e-7ca8558e897c
1984,1984,Viola,De wereld van vandaag,f0cb7df1-33c8-4622-8f6b-5a4fb1934a2c
1984,1984,Violent Femmes,It’s Gonna Rain,a2b9ba6e-9b11-4f7b-b3ec-9ea7b6dbf59a
1984,1984,Virgin Dance,Desire,6b821c06-34e8-4e0a-9dd5-3a7355206227
1984,1984,Virgin Dance,The Dream Is Over (We Can Make It),4c3dd5e0-8236-45c5-b8ad-ffb46439b9fe
1984,1984,Virna Lindt,I Experienced Love,4c61ac24-310a-4966-8633-b594a50215f5
1984,1984-08-17,Visage,Love Glove,cb6910f6-c3d4-44a4-9542-76604af531a4
1984,1984,Vision,Tears Idle Tears,15cff863-d31e-478f-a18f-4925c2263746
1984,1984,Vital Disorders,Some People,a330a6bc-8a5d-3b27-b0f8-decb85691a26
1984,1984,Vitamin Z,Burning Flame,188fe74d-9844-4a95-8fb0-d69073a6c691
1984,1984-06-29,Vitesse,Vanity Islands,d0ddd69b-fce5-4e4e-a20a-1ab42748d955
1984,1984,Vivien Savage,La P'tite Lady ! (Un petit chat sauvage),2ec2ddd5-ec02-4d03-a080-c4a0af6e28a9
1984,1984,Vladimir Cosma,L'Étincelle: How Can I Believe,f2228d30-2860-4ef3-bb6f-bf6c031282d5
1984,1984,Vlado & Isolda,Ciao Amore (original English version),a94fc61f-537f-49b5-ba13-5a1f850cecc0
1984,1984,Vocoder,¿Que Sucede Ahora?,f543ad6b-da69-4c82-91af-ca2095e77ed8
1984,1984,Voga & Turnovszky,Sztárok 45-ön (Tévészilveszter 1983),7bd89f10-136d-45cd-8e18-7f8977b44a0d
1984,1984,Voice of Authority,Very Big in America Right Now,3cd43480-7028-4a10-9f8b-5b63ac856b28
1984,1984,Voyage de Charme,Hôtel des Savanes,b68de28a-1ab9-42d4-a5d6-d4b0c8b3aa93
1984,1984,Vulcano,1... 2... 3 / Ik wil je in een hokkie,a1e7ea24-8622-4cc8-bb8f-6fcda67767d1
1984,1984,Vulcano,Dolce far niente,6197892e-9ec3-4156-a921-1afd354f7710
1984,1984,Véronique Jannot / Laurent Voulzy,"Désir, désir",04e997e6-87b2-4b73-ad67-2962f7d41165
1984,1984-04,W.A.S.P.,Animal (F**k Like a Beast),a3bd6209-1d40-3523-8b48-755dfbd04f3b
1984,1984,W.A.S.P.,I Wanna Be Somebody,130854cd-4656-4818-b188-f5ad857e4636
1984,1984-12-01,W.A.S.P.,L.O.V.E. Machine,388c1548-6bb8-47a4-bca3-15c5a9d179a8
1984,1984-11-05,W.A.S.P.,School Daze,e77fcb9b-ae29-43e2-bb6f-20e24d94526e
1984,1984,Wah!,Come Back,e38e52c2-e650-491b-b276-d851242f740a
1984,1984,Wall of Voodoo,Big City,23b3788a-3b3a-49dc-8a53-a0393a2e1702
1984,1984,Wally Badarou,Hi-Life,47478fd5-16ed-484e-b96a-c5322c250c33
1984,1984,Wally Gonzales,Where's the Beef / El income,0f77a7f9-a3c1-44ba-85d0-24ff3b481b76
1984,1984,Wally Warning,Land of Hunger,6bdc632b-5481-4e58-8e49-ebc8c628ec92
1984,1984,Wally Warning,Satisfied With Your Love,320a3d5c-bbaa-482c-bb05-46cc7684c3ce
1984,1984,Walter Gruber,Ich bin OK!,03773a8c-f53f-42fb-b343-f4773cb45d44
1984,1984-12-01,Wando,Flor de Luz (Souvenir Of China),b83b063b-a3c0-43de-ad9d-c9034d920d82
1984,1984,Wang Chung,Don’t Be My Enemy / Wait,f796f3f5-14f8-4463-bd67-66f8649db838
1984,1984,Wang Chung,Don’t Let Go,c6d9fba8-6cde-42e3-8459-bb733ade7034
1984,1984,Wang Chung,Wait (remix),9730f726-4ff1-41a7-872b-2b7696fd01fc
1984,1984,Wanton,Motorcycle Man / I Want You,780df9c3-7cee-4311-b587-539a56c0aaf7
1984,1984,WAP die Schürzenjäger,Ich brauche Dich,ae644a60-1a87-445f-a604-49425d46c6fa
1984,1984,Wardell Piper,Nobody (Can Take You From Me),49a050c4-5f1c-4eac-9411-fbe19d1a678d
1984,1984,Warp 9,No Man Is An Island,7d495e67-5445-4045-bad1-7ea75f3ed63e
1984,1984,Warren Bacall,Brief Encounter / Danger in Paradise,883e91d6-477c-49e4-8b70-dce0f9dbd8e2
1984,1984,Warren Bacall,Crystal Tears / Another Tear,b1ad3ef8-7538-48b0-b07d-c92ec44dda0b
1984,1984-02,Was (Not Was),(Return To The Valley Of) Out Come The Freaks - Remixed Version,227dfa6c-259e-48b8-9579-d8230cafef7a
1984,1984,Wasted Youth,Stormy Weather,0fbb954e-3d10-4fff-a546-c4f5daad5299
1984,1984,Waterfront Home,Finger On The Trigger,c1feef62-bcad-40e7-9760-4b0a64e1a60f
1984,1984,Waterloo,Impossible Dream,fa1d32f1-9bab-3b78-9f48-72e0a49ce638
1984,1984,Waylon Jennings,America / People Up in Texas,c9a54012-5acd-4aae-b661-66b97a16950a
1984,1984,Waylon Jennings,Never Could Toe the Mark,f1420306-c3c9-4fa2-b90e-d36c4d1770e6
1984,1984,Waylon Jennings,"Silent Night, Holy Night",172c7723-5ab1-4226-a6f2-00fa987482f4
1984,1984,Wendy O. Williams,It's My Life,7e7aa08d-9493-42ea-9b5d-53c6145ecd40
1984,1984,Werner Böhm Straight Ahead,I'm a Winner,b6540bac-81e7-4fe6-91ce-c4970102822a
1984,1984,West Phillips,Organized Desire,c9c16144-8718-42ba-9c33-114e81d0bd43
1984,1984,Wet Taxis,C'mon / Clock on the Wall,773c938d-0085-4f93-acf1-7cab49f98412
1984,1984,Wham!,Bad Boys / Club Tropicana,846d485c-746c-410c-aa6e-f5bc4021abc0
1984,1984,Wham!,Careless Whisper / Freedom,b1f9b4a2-a3a2-4773-92d5-2797835e72a7
1984,1984-03,Wham!,Everything She Wants,8ab9e3c3-4394-4fc3-97ec-bc1bb4c1ad65
1984,1984-10,Wham!,Freedom,ca6fdb4b-1810-4489-9ea9-4a30f16e5932
1984,1984-12-03,Wham!,Last Christmas,5b24e859-1063-3e56-b91e-0c5f6a17354d
1984,1984,Wham!,The Remix of Everything She Wants,2fedb9d7-d4e0-42bb-ad86-17943133373e
1984,1984-07-21,Wham!,Wake Me Up Before You Go-Go,e56ea208-d428-4335-8826-0dd635420da6
1984,1984,What,On Vinyl,181cce89-40a0-49d6-8e2d-22900b29d5c8
1984,1984,What Fun!,Let's Get Digital,571c1e28-2ee9-419b-88e1-6269f7b44ad4
1984,1984,White & Torch,Bury My Heart,f5a6cea9-5baa-4f3e-adaf-fadae8a6410f
1984,1984,White Door,Flame in My Heart,7eed4251-fd70-40bb-ad66-b475f942229a
1984,1984,White Heat,Soldier of Fortune,565ad72d-e44a-48fb-87cd-bd55bdc49277
1984,1984,Whitehouse,Tit Pulp / Right To Kill,6418aa12-cff1-4bbd-851d-10d3a9c956b4
1984,1984,Whitesnake,Give Me More Time,83dfec6e-5530-4f35-888f-181cc64d5d19
1984,1984,Whizz for Atoms,That Sinking Feeling,8e72418f-9c85-36e8-82fa-1fc438cf14ca
1984,1984,Whodini,Freaks Come Out at Night,be4fb0ca-2a66-4c4c-944a-58c863541afa
1984,1984,Whodini,Friends / Five Minutes of Funk,a7cdba77-7dee-4f48-958a-0896dbca3f8d
1984,1984,Wide Boy Awake,Billy Hyena,0a12b3cc-ee60-3b30-9342-19723baf23e6
1984,1984,Wilfried,I Like Donnerstag,3f3ccd3f-15a6-4c51-9796-dc3fd79509b0
1984,1984-11,Wilfried,"Weit, so weit",414f8b10-8371-4de9-b76a-9d8d401a3a31
1984,1984,Willem Duyn,Stamcafé / Een lied voor jou,edd7c106-353b-4617-96f7-fafa082a77f8
1984,1984,Willem Duyn,Wat maakt dat nou uit / Een lied voor jou,00811bfa-6a6d-4dda-bb71-b9a9801edc51
1984,1984,William Sheller,Mon dieu que j'l'aime,ab494d4c-2512-4ece-b897-1ecf51810431
1984,1984,"Willie Walker, Jr.",Watching the Ladies,098ca3a8-4b51-4808-aa13-1d8c2c5cb9a4
1984,1984,Willy en Willke,"Zonder een woord / Lachen, beetje huilen",7dc7d73f-d5aa-41da-bdbf-ef9bfd279214
1984,1984,Willy Finlayson,On The Air Tonight,b7eac58a-7dac-4f4f-b150-ab64659af6d7
1984,1984,Wilma,Als ik niet meer hier ben,3bd0245c-bd6e-42fa-b1d7-b65d4f51b062
1984,1984,Wilma,Laat’s gauw wat van je horen,fc160d30-007e-4826-90b8-0b6ee8b57e32
1984,1984,Windjammer,Tossing & Turning,a03aa736-db6f-3b46-b570-5dfd336a8496
1984,1984,Wir,Mädchenträumerei,22cddaf4-35b1-41dd-b05d-c67634abf6b7
1984,1984,Wish featuring Fonda Rae,Touch Me (All Night Long),09ab2ad9-7f95-4102-9787-8c452e5707bf
1984,1984,Wish Key,Easy Way,e3a9ba6f-16a2-4f40-ae3c-981cef02c03c
1984,1984,Wolf Maahn,Fieber,1fabad1c-b9e5-48ab-a5ca-390f55c1099a
1984,1984,Wolfgang Ambros,Du verstehst mi ned,d1fb8bd2-4c9f-486c-88fd-f9a34bb9b9d0
1984,1984-01-28,Wolfgang Petry,Die vierte Dimension,a5efe264-0d0b-4a94-ac30-746d81792508
1984,1984-08-12,Wolfgang Petry,Hallelujah mach's gut (Steck dir mein Herz an den Hut),06011177-60ff-4a86-9c4c-138249d0c3a5
1984,1984-12-07,Wolfgang Petry,"Hey Sie, sind Sie noch dran?",4ce4386d-e192-4f9c-82f3-b07c1bdcad82
1984,1984-05-19,Wolfgang Petry,Was macht der Teufel (wenn wir uns lieben),2be46a91-92fe-4b73-8db5-6eeb482206ae
1984,1984-02-09,Womack & Womack,Love Wars,757ad84f-044f-4cc2-b406-62cd6effe94d
1984,1984-10,Working Week,Storm of Light,20daf7b5-006a-47dd-b150-6917904c6834
1984,1984,Working Week,Venceremos (We Will Win),ff0875f6-fbe2-4ddf-bc7c-136f27e4b423
1984,1984,Working With Walt,Working With Walt,0072bdc6-dc9d-4620-be22-cb7106d3c4b8
1984,1984,World Class Wreckin’ Cru,Surgery,4c79ecb9-0705-4773-956c-7b80e79587a8
1984,1984-05,Wow,Magic Man (Young Man Young Man),b0d4d26a-22a0-447c-abe8-6b1d74edfd5e
1984,1984,Wow,The ABC's Of Love,82007550-5804-4d48-a33d-2fe22678de07
1984,1984,X,Mother,a16448e0-e502-4273-a1df-74e02c4022ae
1984,1984,X,Wild Thing,3666cb70-f351-4c87-9745-6c7c27fcf3a3
1984,1984,X Models,Natten,01f20bff-06b4-4b58-83cb-4b6b57bda8e2
1984,1984,X Ray Pop,L'Eurasienne,895c6b96-7c16-4380-a81c-8e90ed931374
1984,1984,X-Ray Vision,Video Control,cfbd07ab-d227-4920-bde3-9994572dd213
1984,1984,X-tra,Svarte penger,fd2c36fc-14b7-4423-aa30-6b892c6c18cd
1984,1984,Xmal Deutschland,Reigen,8f70a9a4-6ccb-3351-90f7-58cf0b24b04c
1984,1984-09-10,XTC,All You Pretty Girls,87ed8e49-79a6-4cc3-81cd-f98ad38a4b61
1984,1984-10-29,XTC,This World Over,41be689b-0ef3-324e-aede-bfa8915f9553
1984,1984-06-16,Xutos & Pontapés,"Remar, Remar",a84567b2-1be2-38de-bc62-b32a5d1b8231
1984,1984,X‐Posed,Point of No Return,122650fe-22ff-4a87-b18e-e35bbafb8a7b
1984,1984,Yahama's,Bimbo,7e7e5ffa-7c26-435f-8a1b-a9c36e21828c
1984,1984,Yann Andersen,Acid Rain (Way Back to 1984),eead3ff7-0fde-40c6-806d-ad835e1513d1
1984,1984,Yard Band,Juks Pon de Corner,0b865349-f147-449a-8321-d8755b1e268e
1984,1984,Yard Trauma,Christmas Tyme,dd978837-21f3-4d22-8154-2b7dddd5177e
1984,1984,Yella,Slice,c7bb9d8a-f527-4d2b-beb8-b590cffbdc16
1984,1984,Yellow Jack,Isabella,35f6b963-3e81-4303-9663-4e3146380440
1984,1984,Yellowman,Strong Me Strong,2a4c8d22-0135-4720-a020-1ee2eb8f71a4
1984,1984,Yes,It Can Happen,2f882d98-e09c-4639-a767-c4bf527172df
1984,1984-02,Yes,Leave It,43eec259-b7bf-48b4-9feb-0178111f5e2c
1984,1984-01,Yip Yip Coyote,Dream Of The West,52d3b8af-ce62-4bb4-8f27-56addda736b0
1984,1984,YLA‐MAGO,TYO ROCK,5b41f3a9-1ae3-42dd-bad4-98df3e5a678d
1984,1984,You,My Kind Is Ev'rywhere,2942dfe1-04bc-4069-ab3c-0258b251f261
1984,1984,Youth Brigade / 7Seconds,Youth Brigade / 7 Seconds,2b8941b3-3168-4161-9334-bdfd9b9e5751
1984,1984,You’ve Got Foetus on Your Breath,Wash / Slog,0c8ae13c-2e24-3935-98f8-cf54b542bcad
1984,1984,Yvonne Gage,Doin' It in a Haunted House,0c8603be-970f-4d34-8510-59db482fa902
1984,1984,Yvonne Moore,Hit & Run Lover,c751c0bd-4657-4802-b7e1-70f7378ecdca
1984,1984,Yvonne Wilkins,Two Wrongs Make It Right & Back to Love,ed494299-6e18-4d10-bca0-70f5c692f36a
1984,1984-09,Yö,Häät,75338ac5-1685-31a4-a86f-1fa224414261
1984,1984-12,Yö,Joutsenlaulu,adadcde2-f270-3d73-8d43-eb6e8924618e
1984,1984,Yö,Laulu meille kahdelle,9f2ec0c4-17cf-4588-9297-cc6825b2cb84
1984,1984,Z-Factor,Fantasy,20badaa8-5ba5-4027-8c96-26f86f236357
1984,1984,Z-Factor,I Am the DJ,b4931942-d018-4303-beb4-3aa759a10f3f
1984,1984,Zak,My World,829c1e44-94b3-451d-a231-754f5b27624b
1984,1984,Zampanoo's Variété,Das A-Potential,2a0ac0b1-a4a7-4c95-a95e-df54fade196e
1984,1984,Zangeres Zonder Naam,Medley / Het mooiste geschenk in mijn leven,8ea67216-24a2-4b2e-bffe-7e99ce649307
1984,1984,Zaperoko,No quedo ni el gato / El zaperoko,a67e5e8c-c31a-4c6f-9489-25495ef3a97e
1984,1984,Zappacosta,I'll Give It a Go,798c1f8b-629a-49ad-ad38-21387abb1b3c
1984,1984,Zappacosta,Passion / Katie's Eyes,144add61-c8bb-4725-b2b6-3a3783259522
1984,1984,Zappacosta,Runaround,d69ca956-91dd-41e0-b3b4-92516e7d1fcb
1984,1984,Zappacosta,We Should Be Lovers,7eda0785-1a7b-46ab-b635-31d43ae15e2d
1984,1984,Zarama,Bildur Naiz/Hau Da Amaituko,ed650949-03f1-4303-8594-9b59e7079ec0
1984,1984,Zazou › Bikaye › CY1,M'Pasi Ya M'Pamba,dd506299-d710-40ff-a67d-95336a24073d
1984,1984,Zdravko Čolić,Ti možeš sve,4d816e52-52ad-48f7-aeed-debe4f5f51f5
1984,1984-03-12,Zee,Cönfüsiön / Eyës of a Gÿpsy,b53c194a-ec7e-4832-9997-a5ce22e826d2
1984,1984,Zeke Manyika,Heaven Help Us (Try),be8174e0-0496-3221-b406-1029370985bd
1984,1984,Zero Hour,The Dark Side,253445ce-d50d-488b-be33-8d11e2654a03
1984,1984,Zero LeCrêche,Last Year's Wife,8f6f060f-4f48-4e9d-882e-09cfaedf36b1
1984,1984,Zeta,Eh Ah Oh,0aec2dab-668f-4d9d-a097-4a77dac80496
1984,1984,Zillertaler Schürzenjäger,Malinkonia,1af8d6f0-8825-4a2c-b5ed-c561ffe693fc
1984,1984,Zillertaler Schürzenjäger,Mei liabes Muaterl,3b16ee35-9e3b-47fc-a86d-b3c557f72bad
1984,1984,Zillertaler Schürzenjäger,Verliebt in die Heimat,2419a4af-507e-41c8-8466-2a3ff91ae6c4
1984,1984,Zoff,Weil ich dich liebe,e4372064-c0b8-4f2f-b6d6-95a4267850e1
1984,1984,Zu Zu Sharks,Eyes Of The World,fc49abc9-297d-4b52-a9b6-cb43706f68f9
1984,1984,Zusjes Wouterse,El torero / Later,75f94ce9-a5d3-4b8a-b6d9-3352ce834b1a
1984,1984,Zwischenfall,Sandy Eyes,f08de69b-486f-42fa-beaa-88a8b663f2d8
1984,1984,ZZ Top,Can’t Stop Rockin’,28d3ba28-b9ed-476d-bbc9-8d21a25c406b
1984,1984-07-09,ZZ Top,Legs,dd3825fe-cb8d-446d-b7d1-73099a5184c4
1984,1984,ZZ Top,Legs / Bad Girl,cdeaa16d-c3f7-41c2-a8aa-6fbdad41b7d0
1984,1984,ZZ Top,Sharp Dressed Man,2d97a300-9fef-4255-9c39-25bf9a0a2d5d
1984,1984,Zzzang Tumb,An Actors Handbook,d64f1b27-a291-45a3-8c36-96d73bce6fe6
1984,1984,Zéro de conduite,Je suis mort,e8fa94c1-d482-4e3b-9cfd-698d1c7bfbfe
1984,1984,À La Carte,Jimmy Gimme Reggae,5ff07ac1-410a-4d11-95f9-4c07e578fb78
1984,1984,Élisabeth Anaïs,Intimidité,23b157d4-5482-4fc3-873b-371495b226ac
1984,1984,Élégance,Besoin de partir,7f33298c-2c8d-4e5e-9b5a-5c524d7d454e
1984,1984,Étienne Daho,Week-End À Rome (Remix Club),d2bd61bb-1a00-4cd7-ab98-b83d57b349e2
1984,1984,éVoid,I Am a Fadget,92115d06-9db7-48aa-a2fb-916255d75581
1984,1984,Øystein Sunde,Frk. Bibelstripp,9ded9fb6-d408-340e-ae6c-f2a6e6aa5dfd
1984,1984,Ēbn-Ōzn,Bag Lady (I Wonder),a092ee8d-6abd-4939-9afb-3d920752da8c
1984,1984,Śmierć Kliniczna,Jestem ziarnkiem piasku,9457d53c-27e0-3784-a61d-f21f4ccefd22
1984,1984,Αρλέτα,Η σερενάτα,df4f8ae7-2c42-4a0e-aa56-f7ddce1777b6
1984,1984,Αρλέτα,Τα ήσυχα βράδια,692af7a6-3e1c-476b-a675-72edd35ffa11
1984,1984,Алла Пугачёва,Сонет / Бумажный змей,66953b4d-2fa3-4443-ac64-9e5c10eeac4b
1984,1984,Валентина Толкунова,Вальс невесты,6186629e-b3a9-4636-84a3-dc8ba98e2968
1984,1984,Валерий Леонтьев / Александр Серов,Мир для влюбленных,882f2c40-bcda-46e2-b6ec-0120f312706d
1984,1984,Весёлые ребята,Тонкий лед / Рыжим всегда везет / Мы ловили журавля / Счастливый случай,05fc042c-e36b-47c9-b106-b47d0b11ef2f
1984,1984,Игорь Фёдорович Стравинский ;Philharmonia Orchestra & Ernest Ansermet,The Firebird,beba0ed4-ff80-4b42-b255-26b8d25dfae8
1984,1984,אילנית,שיר על נחלים / תצלום ישן,912e1c08-98cd-48fd-be5f-1063288a4df2
1984,1984,אסתר שמיר,טעינו די,401f3538-1811-4d63-8442-f43eabe9bcc2
1984,1984,אריק איינשטיין,איילת אהבים / לי ולך,31fc6056-5810-4561-8fa0-9db5770bd6d1
1984,1984,אריק איינשטיין,הוא חזר בתשובה,78e01633-7ed3-4956-b3ac-afd49a9342d6
1984,1984,אריק איינשטיין,זה בראש שלך,787393d3-368e-40d2-adb1-877a12bb67c9
1984,1984,אריק איינשטיין,לא עומד בקצב,2852c9a1-bca2-46ee-8d91-1e4ce0cffe2d
1984,1984,אריק איינשטיין,עוד נפגש,18deaae2-204b-4fa6-8166-2e1b612f59d6
1984,1984,אריק לביא,אהבה אחרונה / כנרת / האביר,4cdd392f-a061-4d10-b459-6c11bec699df
1984,1984-07,בועז שרעבי,אצלי הכל בסדר,1da75e5b-464e-4778-a180-bab25381a628
1984,1984-09,בעז שרעבי,תני לי יד,e65ba773-1a49-4143-9852-0cb365fd97f1
1984,1984,גלי עטרי,בעקבותיו,1e971931-68ef-485a-9e9c-6af721b33a9c
1984,1984,דויד ברוזה,כדי לחיות,e988df6a-f06d-46dc-b3e0-628c9f195c59
1984,1984,דויד ברוזה,מעל מרבד של עננים,419f9932-f1f1-4672-8d75-fee5109acfc0
1984,1984,דויד ברוזה,סניורה,8f8b7cb6-78f7-4c1f-a3e7-a5fae56475ce
1984,1984,דני סנדרסון,חושב עלייך,479b5bd4-776c-4f8f-a410-f01b7d662a55
1984,1984,דני סנדרסון,שיר רועים,c2c5d92a-65d5-4e3e-927b-e1757cfb97ca
1984,1984,דני סנדרסון,שלט רחוק,9ab512e4-278a-4c83-a767-09984da46903
1984,1984,האריות עם מירי וחיימון,טלוויזיה / לילה ויום / אהבתנו היא דבר צומח,e585a9a1-7061-4fb5-a355-c42ce53ffd27
1984,1984,הגשש החיוור,הלאה,9342033c-b21f-4b04-aee1-5544b6659b35
1984,1984-03,הכל עובר חביבי,האורח / חביבי,b4dac68f-7f8e-4d40-8194-5798a138c2b7
1984,1984,הכל עובר חביבי,מחר תזרח השמש: פסטיגל 84,b9969d5d-b157-4675-9d63-faee7bf25944
1984,1984,חוה אלברשטיין,אבק של כוכבים,4fe5e366-1845-4463-995c-0ebea38a2e75
1984,1984,חוה אלברשטיין,היא עוברת,1d82097b-adea-4ffa-975b-39d64dc3405a
1984,1984,חוה אלברשטיין,שובי לביתך / נואיבה,87ae1bb7-3a38-4f16-ab95-4dc8f4e08b1f
1984,1984,"טים רייס, אנדרו לויד וובר ואהוד מנור",יוסף וכתונת הפסים המשגעת: בפארק הירקון,18e6c98f-59a2-4184-9bd8-8a1b328161bc
1984,1984,יהודית רביץ,אמרת אמרת / דרך המשי,c4a7f3e6-280f-4db4-8271-dad3164eeac2
1984,1984,יהודית רביץ,למי שאינו מאמין,8a52154b-2ec0-4d31-a2f0-b368fc6adf26
1984,1984,יהודית רביץ,עד קצה המסלול,99d4cd84-b853-4464-a91e-3de528d7b124
1984,1984,"יוסי בנאי, אילנית",שי אגפא מבצע קיץ 84,adb53f64-b2a3-459b-8bbf-cc889b10bafd
1984,1984,להקת האריות עם מירי וחיימון,לילה ויום / אהבה פשוטה,f95951c5-9db7-4780-9653-3c558b0b6059
1984,1984,סרט,בוא לראות,86487710-fd5e-4ce7-a274-3764ec0f3f9e
1984,1984,סרט,ג׳וקים,d848372a-d679-4e5b-9c77-f8f22cc765ca
1984,1984,סרט,היא אבודה,2e30f00b-527d-4533-8c6c-4feb896177ce
1984,1984,“Weird Al” Yankovic,Eat It,1ccab0fd-d7c3-4da1-9482-f17f1a02ddef
1984,1984-06-04,“Weird Al” Yankovic,I Lost on Jeopardy,65e82674-a43d-40e4-a38a-5dba62b31956
1984,1984,“Weird Al” Yankovic,King of Suede,5e21f586-a123-4133-80d3-8657b36f5dc7
1984,1984,“Weird Al” Yankovic,This Is the Life,660f1a07-3b33-487c-8c8b-80657df0ff03
1984,1984-01-01,あんみつ姫,クライマックス御一緒に,13ea2e2f-4c35-4631-aaa6-0a1a0b3252fa
1984,1984-08-05,いいとも青年隊,哀愁サマーステイション,110ef28a-1292-40d2-b1d6-4cd211b488e9
1984,1984,おあずけシスターズ,東京カンカン娘'84,1bae2359-0beb-42d9-bb8c-0d1a7556f05f
1984,1984-06-21,おかわりシスターズ,心はシーズンオフ,ff817049-9ad1-468f-bd33-17a508c8c829
1984,1984-02-21,おかわりシスターズ,恋をアンコール,144b8f4f-4b97-45c7-8bb9-8796ff61c229
1984,1984-10-24,おかわりシスターズ,素顔にキスして,df30c027-d38b-4589-8486-ecdc1a257cc3
1984,1984-06-30,つちやかおり,もう家なんて帰らない,f7d8e8bf-dae3-45e1-b640-6caeb72164fc
1984,1984-02-21,つちやかおり,ニュース,2875feac-0172-4412-bac7-7dd2932fccae
1984,1984-12-05,とんねるず,一気!,23f6f8b0-71ce-49b7-8168-de4cc1619050
1984,1984-08-11,わらべ,もしも明日が…。音頭編,3c3c6b98-dbcb-3b38-8559-01a3dc5f5234
1984,1984-12-12,わらべ,時計をとめて,c64d3f61-2c9b-3dc4-9bc5-cc2066693ed6
1984,1984-03-21,アキ&イサオ,宗谷物語,20532410-8d24-4fd4-977b-539493bdb628
1984,1984-10-05,アン・ルイス,六本木心中,59b76590-d4b1-4c29-86e1-6740f19fec9d
1984,1984-04-21,オフコース,君が、嘘を、ついた,2d9610c1-e298-4dbf-95f4-95f348ff74d4
1984,1984-07-18,オフコース,夏の日,60030b36-fc3d-4fa6-9834-3272d59c73df
1984,1984-09-21,オフコース,緑の日々,906fea9f-7911-40f7-ab84-d18123901b54
1984,1984,オーロラ,青い宇宙,92b277cb-9e24-40a7-9826-cf9f3e5d01bc
1984,1984-06-21,キャプテン翼応援団,キャプテン翼 翼よ走れ! -キャプテン翼応援歌-,e20081fb-76d4-4267-955a-af4e19bb35c3
1984,1984-08-01,キララとウララ,センチ・メタル・ボーイ,ccf2e4f9-bbbe-3469-9be6-698753070de0
1984,1984-10-05,クリスタルキング,愛をとりもどせ‼／ユリア…永遠に,e4bf60da-01d8-44c0-a154-15b26d1736d9
1984,1984-10-21,サザンオールスターズ,Tarako,f1186eec-e952-4005-81c3-fa09ca7ac3c6
1984,1984-06-25,サザンオールスターズ,ミス・ブランニュー・デイ（MISS BRAND-NEW DAY）,8c4ee572-1cc7-46c1-8a67-8cc6c81ee24c
1984,1984-12,サーカス,くにうみの祭典・テーマソング Beautiful Our G,a556f4bb-5f92-4b12-ae57-7170035288fb
1984,1984-10-25,シェリー・サベッジ,HOT STUFF,3ef3dcb0-c96e-4c6f-98af-39cc9e2aee09
1984,1984-11-05,セイントフォー,不思議 Tokyo シンデレラ,cdd796de-eda8-366c-a23f-5e7b67dccec4
1984,1984-06-21,ソフトクリーム,ごめんあそばせガンバリ娘,fe9a865e-404b-3a37-9a0b-44f026fe61ce
1984,1984-02-21,ソフトクリーム,やったね！春だね！！,811979c3-cdd4-345e-98d5-411b548b6619
1984,1984-10-21,ソフトクリーム,クラスメイト失踪事件,e5371e80-9c15-3551-8485-be34d50fa178
1984,1984-09-05,ソフトクリーム,コアラこんにちは,f2008bb6-ec6b-3e4c-aee4-d673e94b2956
1984,1984-06-21,タンゴ・ヨーロッパ,桃郷シンデレラ,08b13dc4-e6e0-4051-b665-6c3930d456c3
1984,1984-11-25,ダ・カーポ,空からこぼれたStory/テームズ河のDance,ff54200c-0760-49e5-af70-bef3d13e2ebd
1984,1984-01-21,テレサ・テン,つぐない／笑って乾杯,8ed993ed-d291-36ac-935e-529a62e470ad
1984,1984,ハナタラシ,ノイズ個人,2808ae2f-01ce-403a-9c8e-9ed2dd70dd33
1984,1984-02-21,ポプラ / 山中のりまさ,異次元ストーリー / Wing Love,5cee6fb8-b7a4-4d13-8e92-4357024561af
1984,1984-05-21,マリーン,I’ll Take My Time = テイク・マイ・タイム,e66dda27-8674-46f4-bb77-9313b619fd98
1984,1984-06-25,一世風靡セピア,前略、道の上より,e529b789-7849-48f1-92e9-b6beecf1b916
1984,1984-08-25,三原順子,じゃじゃ馬ならし,0a747f97-648c-4457-8855-0f7261e0766c
1984,1984-01-01,三原順子,夢心中—MY DESIRE—,c3b306c4-b9e6-44a0-a1ab-7ecfd8e7e54e
1984,1984,三田寛子,ときめきおぼろ,32b4f1d1-155e-4dae-928f-d5909b70d032
1984,1984,三田寛子,恋するメトロ,59b844ff-8d32-438d-8641-1ae9c4656f77
1984,1984,三田寛子,春の冒険,d370a479-88ab-4f1b-bf52-d51437aec68c
1984,1984-11-21,中原めいこ,Meiko's Special Party Versions,96caf581-fa38-48cc-ade4-5ab1e6280827
1984,1984-09-21,中原めいこ,エモーション,af2a5fab-a135-4216-88ff-fab06a4f3e90
1984,1984-04-05,中原めいこ,君たちキウイ・パパイア・マンゴーだね。,8afa40f0-44e2-48e8-8cf1-dd0807f3ba1c
1984,1984-03-21,中島みゆき,ひとり,57a2cec0-0553-416a-af9d-9c9c904ab4e2
1984,1984-09-05,中村あゆみ,MIDNIGHT KIDS,b8a296ba-441c-46dc-b95c-404811903beb
1984,1984-12-16,中村あゆみ,ぼくのスノビズム,cca74d45-3365-495c-81aa-ec732c72cb67
1984,1984-07-21,中村容子,ショッキング・ドール,032a4e57-336d-4c8b-96f9-d181f4d27711
1984,1984-04-11,中森明菜,サザン・ウインド,32ade6cf-5ec6-40d0-823b-27df002dbb03
1984,1984-01-01,中森明菜,北ウイング,736d87c6-4a35-4573-8bd8-71c400cd8027
1984,1984-12-15,中森明菜,北ウイング / リ・フ・レ・イ・ン,25f7e6c9-b8ed-44e9-b92a-bb2eaa85fca4
1984,1984-07-25,中森明菜,十戒（1984）,1cc0ae90-3853-4676-8d47-ebe63784bd95
1984,1984-11-14,中森明菜,飾りじゃないのよ涙は,e17c7704-be4e-4c70-9ade-b36b81b1a064
1984,1984-06-28,亜蘭知子,Drive To Love (愛の海へ),290c2dcb-27e8-4d5c-bd0a-4a52778c94e9
1984,1984-03-05,京本政樹,I Can't Say...,e7a80887-7669-4c48-a34e-7a3d6bede263
1984,1984-12-24,京本政樹,哀しみ色の…,7853f4b4-c2ac-4960-8404-a80a20f76b00
1984,1984-06-21,佐野元春,Complication Shakedown,34762082-2b89-4a12-ba2f-ae54d31fc752
1984,1984-12-12,倉沢淳美,HEART AND GIFT 倉沢淳美セット,8bdfe534-c8d5-45c4-8ff4-d39a76e4e351
1984,1984-07-11,倉沢淳美,ある愛の詩,604b6eac-261b-4c93-b8ae-bc604d6689ae
1984,1984-03-21,倉沢淳美,プロフィール,2dacdef9-1677-328e-a8c3-78d4b2e68787
1984,1984-10-25,倉沢淳美,危険な夢,6e6b540c-2a26-44f6-8b0a-5cdf7ed4ca37
1984,1984-09-25,刀根麻理子,デリンジャー,aed7770f-33a4-49af-b0e9-d9506c85516b
1984,1984-11-05,北島三郎,まつり,2e179bb9-ae8a-444f-b030-373e4b49bb50
1984,1984-05-21,北川剛,ヒーロー,eff14d3b-5a05-4803-978e-f57ac65a54c4
1984,1984-09-21,原田悠里,さよなら,37c621d9-71b6-4c32-89bf-78047654f9e4
1984,1984-10-10,原田知世,天国にいちばん近い島,1d030238-4512-4a08-bca1-7e9258694e3d
1984,1984-04-25,原田知世,愛情物語,72a5f0df-c80f-4a48-b053-fc984a652b38
1984,1984-04-01,原真祐美,わかってマイ・ラヴ,04e76504-a19d-487c-97a5-0da6d17a0d48
1984,1984-09-21,原真祐美,ペルシャの涙,d0d0d3c5-843c-4387-b3c4-f18a67596978
1984,1984-06-21,原真祐美,夏のレッスン1,aaaa145b-5e26-4294-9ade-b17d217f5bf5
1984,1984-01-21,原真祐美,夕暮れはLove Song,4b9533a5-99db-4933-9617-dc31eb7f8e14
1984,1984-10-21,吉田拓郎,旧友再会フォーエバーヤング,9ad2b9c0-fbf8-4866-8626-cd5cbb7fe49b
1984,1984-12-21,吹田明日香,ライク・ア・ヴァージン,f02a74f2-c8d0-4f23-b262-987d043f7a44
1984,1984-04-25,吹田明日香,二人はMagic,07b96aab-a416-4435-9c50-78aae7c5af40
1984,1984-07-18,堀ちえみ,東京Sugar Town,fd15f216-7302-4d1c-8896-6ed742233889
1984,1984-01-21,堀ちえみ,白いハンカチーフ,5c7bde6d-9bc1-4d26-a13d-a9597fdb6a54
1984,1984-04-21,堀ちえみ,稲妻パラダイス,7fef2a90-ef44-40c4-bfc5-f348d8017707
1984,1984-01-21,大沢逸美,NO-NO BOY,7c557a14-5cf9-445a-b9c1-0e4602ade857
1984,1984-04-21,大沢逸美,夢中遊泳船,f73c44f5-d65c-4456-b9a4-1be1560a85cc
1984,1984-05-21,大貫妙子,宇宙みつけた,60a950ed-737c-4c6c-90c4-f3d4bdf35678
1984,1984-01-25,太田貴子,LOVEさりげなく,e7e7ae68-1e78-46c5-b6b6-842830e123c4
1984,1984-11-05,太田貴子,ハートブレイク・ミステイク,fb3c7d12-ee61-476c-9330-048043088c92
1984,1984-07-25,太田貴子,夏にあわてないで,1d1c7c1f-181f-4a91-a4b4-5395c39700f3
1984,1984-04-25,安田成美,トロピカル・ミステリー,c2bf884d-9b87-45c3-8fb5-5f07d910007b
1984,1984-10-25,安田成美,銀色のハーモニカ,a509b949-47af-47f4-b499-3b45630c1fe4
1984,1984-07-21,富田靖子,渚のドルフィン,9674d868-df50-4ae7-85cf-a3296e636b1a
1984,1984,小島恵理,On The Wing,591a6408-4cef-4671-9f41-751d5ef1a13f
1984,1984-07-05,小島恵理,ファールプレイ,980756df-b4ff-47b5-962a-ec0155409409
1984,1984,小林麻美,雨音はショパンの調べ,746eedbe-da10-4e5a-abc8-a9aedf4177b8
1984,1984-12-21,小泉今日子,The Stardust Memory,ac004cdf-c677-45a9-bc29-60f2fae8c25b
1984,1984-09-21,小泉今日子,ヤマトナデシコ七変化,9d20e84e-327a-4dff-b8df-b2a748c02d68
1984,1984-03-21,小泉今日子,渚のはいから人魚 / 風のマジカル,b5f1ac0d-fb65-4d6d-88ff-257ad9bc7a81
1984,1984-06-21,小泉今日子,迷宮のアンドローラ / DUNK,b31c1a0f-3786-420d-9a8f-bcf6d2e32534
1984,1984-08-28,少女隊,ESCAPE,c26f92da-4e61-4936-b8e5-c49c8fbcec1a
1984,1984-08-28,少女隊,FOREVER〜ギンガム・チェックStory〜,dc6cc349-3278-3d3c-8973-a1ffed9a45f1
1984,1984,山本達彦,嘘の台詞（ダイアローグ）,a8879325-4f6a-4dc0-8e17-29a713f5bf1c
1984,1984-08-05,岡本舞子,見知らぬ国のトリッパー,cf5471e8-b45a-45cc-bfae-00437568494d
1984,1984,岡村有希子,眠れない...眠らない,586ef8d7-7f3a-4cd7-8476-d05e4e5b6204
1984,1984-09-21,岡田有希子,-Dreaming Girl- 恋、はじめまして,cbb6cbbe-cb90-323c-bd02-6df719ef5577
1984,1984-04-21,岡田有希子,ファースト・デイト,fd4f95a6-7f78-37a8-8f5b-c23f826720c7
1984,1984-07-18,岡田有希子,リトル プリンセス,2476b8f9-436a-37c7-98b3-0f716560ae3e
1984,1984-02-21,岩崎宏美,20の恋,a749dc4e-da1e-49df-803e-6fd3040b9a21
1984,1984-05-21,岩崎宏美,未完の肖像,f9121200-09dc-43d3-a276-ad1ec97ba1ea
1984,1984-08-21,岩崎宏美,橋,d07d4cb6-8896-4295-bdcf-29664b4f7295
1984,1984-07-05,岩崎良美,くちびるからサスペンス,4bc03cd0-4107-473b-acd4-3fb81f000022
1984,1984-01-05,岩崎良美,プリテンダー,e3741d1c-f6a9-4e33-b2d5-7bb0efec9eff
1984,1984-10-21,岩崎良美,ヨコハマHeadlight,5490c611-e03b-465e-bb2c-51e99e8574db
1984,1984-04-21,岩崎良美,愛はどこに行ったの Please Answer The Phone,71da1ab9-119c-4af4-b7d4-aefe26979199
1984,1984,工藤夕貴,野生時代,761f75ed-25f1-4f3f-854f-b4264f534657
1984,1984,平山みき,サイレン,74d2bb03-ad5a-4737-859e-3ffe8f7ba69f
1984,1984,広瀬かおる,わたしのピカソ,326f92e6-1474-4596-94e7-d40ab9b01888
1984,1984-11-21,庄野真代,不在証明（シャドーポイント）,0986196a-d66b-40fe-8823-f77bc98ad37d
1984,1984-02-21,徳丸純子,蒼いサスペンス,f580a54e-1db8-4f1b-bce2-c689f61ca3e0
1984,1984-11-25,志穂美悦子,雨のーー砂のエア・メール,93c98279-64cb-42a2-ae4c-15b5d6dec703
1984,1984-04-21,愛田悦子,恋みなと,eb4f0f2c-a27a-4253-8528-700771245387
1984,1984-05-25,戸川純,レーダーマン,832af7c4-e1a0-4b94-a5f8-a33b05502279
1984,1984-08-01,早見優,Me☆セーラーマン,e8ddb665-67a7-44a9-a399-4eb786b8253b
1984,1984-10-03,早見優,哀愁情句,62e9b381-21cd-45ea-bdb4-1bab61baaf41
1984,1984-03-31,早見優,誘惑光線・クラッ!,4fba7034-4d8b-4a7c-ba13-796b7f718f83
1984,1984-02,旬,I-Location,ab1973c2-7d66-4356-8da5-3afe8db20ff9
1984,1984,朝丘雪路,棘,cf1dcb74-c54c-4d61-97b5-6533086e4217
1984,1984-06-21,本城未沙子,EMERGENCY,1f995f2d-be60-4b5c-af54-88fc572e3140
1984,1984,本多桂子,海鳴りよ,00147f83-6d35-4ce5-a630-9cf8e38fe8a1
1984,1984-10-21,杉山清貴 & オメガトライブ,RIVERSIDE HOTEL,6abea646-a559-42ad-a491-2cfc4848479e
1984,1984-01-21,杉山清貴 & オメガトライブ,君のハートはマリンブルー,0f7d5a2d-4ed4-4575-bbb5-d239ef0bd3af
1984,1984-04-21,杏里,気ままにREFLECTION,bbf263d9-6083-470c-8beb-b2b9d2604acc
1984,1984-09-21,村下孝蔵,夢のつづき,9db5afa9-c118-44e9-8f64-1f8f95629fbe
1984,1984-06-10,村田和人,WEEKEND LOVE,3dee6146-34ff-4b39-ae53-4b9efc0bf560
1984,1984-07-21,村越裕子,京都の恋,e7288096-8e7b-4c17-b35b-ef6ab8469409
1984,1984-02-01,松任谷由実,VOYAGER～日付のない墓標～,c1ad834c-8d43-4821-ab78-a9df58968902
1984,1984-05-21,松原みき,"Knock, Knock, My Heart",90606d21-f528-4745-96c6-279dd383dfc7
1984,1984-03-21,松原みき,ガンモ・ドキッ! / ヒョコポン関係,3f8ca07d-438c-490b-9bc7-946fbbe6f77e
1984,1984,松坂慶子 with 志穂美悦子,月光価千金 / スウィート・ジェニーリー,801cd645-a673-4412-85c5-41848832a941
1984,1984,松尾久美子,東京メルヘン,ac50aadd-4e4e-4bef-b25f-919c0b4318f8
1984,1984-09-21,松本伊代,シャイネス ボーイ,32fc3017-9694-4425-868a-b90e979103cd
1984,1984-11-01,松本伊代,ビリーヴ,a03e5e2e-f2c8-448b-bc5f-1b5d01a482e1
1984,1984-02-21,松本伊代,恋のKNOW‐HOW,9b63c7d5-8336-4edb-b5eb-20685d1178c3
1984,1984-05-25,松本伊代,流れ星が好き,792ae9ce-d697-4510-a569-bcfc865ca7fd
1984,1984-05,松本明子,夏色のギャルソン,066f10df-6899-47c9-ab97-6f5f914be5e4
1984,1984-02-01,松田聖子,Rock’n Rouge,29572fef-ed3e-488c-ad37-44cf4e8c94cc
1984,1984-11-01,松田聖子,ハートのイアリング,65898f25-e4bf-4509-a46e-c2132d5e7dd0
1984,1984-08-01,松田聖子,ピンクのモーツァルト,afd41da6-cc89-48d1-8359-0b87467fb26d
1984,1984-05-10,松田聖子,時間の国のアリス / 夏服のイヴ,5c0dd103-7382-4d2f-8372-a9dd8913470b
1984,1984-02-29,柏原芳恵,ト・レ・モ・ロ,25ccad06-b1ae-44f0-8210-76c59ee66237
1984,1984-05-30,柏原芳恵,悪戯NIGHT DOLL,06b8d9f1-24cb-4424-a325-6f16a87849af
1984,1984-09-05,柏原芳恵,最愛,a3631c37-23b8-42b4-90d3-96bbc994864b
1984,1984-02,桑名晴子,冒険のアリバイ,ef5a0bd8-d59d-45b9-87ef-3894d845c54c
1984,1984-12-21,梶芽衣子,乾いた華／霧雨ホテル,dd5dc272-72cd-49c9-b69b-52285737a4ea
1984,1984-10-05,森尾由美,カガミに御用心,80a94756-40a4-400a-abd9-5718415dd07b
1984,1984,森尾由美,トモダチの関係,7975ddd9-7a2a-4e48-9920-002d2655d3dd
1984,1984-01-21,森尾由美,初恋のメロディー,a47e2d4a-75a1-4c5b-99c6-760df4160b59
1984,1984-03-21,森進一,人を恋うる唄,1b3bf9bb-b92f-4216-be24-bf9c5e301e78
1984,1984-08-05,森進一,北の螢,9d9ed1ea-d935-4ee9-8cfd-af5ba6e27ee1
1984,1984-02-05,森進一,待たせたね,18a7949a-ab0d-4fa5-b452-c07fecf55a1f
1984,1984-12-01,榊原郁恵,しあわせのうた,960487c3-f91a-4728-808c-405c58a35b22
1984,1984-01-21,榊原郁恵,危険がテ・マ・ネ・キ,f48bcf06-b0ac-48e7-930c-88d0ad40f648
1984,1984-09-21,榊原郁恵,恋人たち,6ca926aa-b975-434e-bab7-20d37a321b7c
1984,1984-05-21,榊原郁恵,雨の鎮魂歌,4c58aa12-1c22-45da-9c98-371066f1b96a
1984,1984-10-21,榎本明美,パチンコ・マーチ ～みんなのマーチ～,b68e0105-9da5-4767-9360-6a5ee3fb38ab
1984,1984,武田久美子,MYボーイ,d2e7f023-e3c9-4d14-80c1-efefcde0463a
1984,1984-06-01,河合奈保子,コントロール,23527c26-344b-4aaf-b9e1-917ee4a86cea
1984,1984-12-05,河合奈保子,北駅のソリチュード,413c6b81-462f-4619-9490-fce858b4432a
1984,1984-08-28,河合奈保子,唇のプライバシー,dfa875e7-ca7a-4844-90ed-c080f7d46093
1984,1984-03-01,河合奈保子,微風のメロディー,2e07f7a0-db9d-4bfe-997a-24393a55bd96
1984,1984,河合美智子,アイランド,66c04f89-b73f-466f-a9d5-78dcdd1ddd27
1984,1984-07-21,浜田朱里,春は四島から,c22cb45e-b9a4-49a3-b35a-d617b4dbfd1f
1984,1984-03-05,浜田朱里,本気半分エキストラ,912753a3-578a-4a90-823f-60e4319d43be
1984,1984-08-01,浜田省吾,DANCE,3db3c052-67cc-4393-a52e-cd2605482259
1984,1984-11-21,浦辺粂子 & 森の木児童合唱団,わたし歌手になりましたよ,c13b0a3d-0946-47a8-a0d3-362c7fd4e23c
1984,1984-08-08,田原俊彦,顔に書いた恋愛小説,306db8e3-a554-4e44-93dd-eb7a17ff92cb
1984,1984-07-05,石川ひとみ,アモーレ,a2d6b69e-c17f-43b7-a8ff-d26dd51dab34
1984,1984-01-21,石川ひとみ,メモリー MEMORY,d20586b7-4afb-422c-b51e-5e6c0a945fc8
1984,1984-12-05,石川ひとみ,裸足でダンス,c032de47-5c33-465b-867a-d4f42df7f24d
1984,1984,石川優子,5分でSunset,5a03c6bd-2eda-4eae-96b9-c57adf21f9e9
1984,1984-02-05,石川優子,風のセレナーデ,230276e6-c881-416f-8520-c90d2227cab7
1984,1984-04-21,石川優子 & CHAGE,ふたりの愛ランド,210dc143-4b00-4204-979d-3c5954693149
1984,1984-02-08,石川秀美,めざめ,e4a57e6b-4a0d-4452-97c4-af45270f79b1
1984,1984-10-24,石川秀美,ミステリー ウーマン,84ee4818-b0e2-4d73-adf7-ee5dabdcb692
1984,1984-05-03,石川秀美,夏のフォトグラフ,803ec270-f3ec-4461-8463-f7a32fc0b706
1984,1984-07-25,石川秀美,熱風,bbb7c8c3-cac1-41a3-8db4-5223259b7046
1984,1984-12-16,石野真子,狼なんか怖くない / わたしの首領,f4f071c2-beb7-446a-8ca4-aabbfb38af69
1984,1984-09-05,研ナオコ,名画座,ebde51cf-e419-4f10-855e-ba817f50a64c
1984,1984-06-05,研ナオコ,夜に蒼ざめて,6ed012a0-1159-43be-add6-df8bcdcdf180
1984,1984,笠井紀美子,You Take My Breathe Away / Give Me Your Heart Tonight,ea10e9fe-7843-4b56-8551-7cf9ddffca7f
1984,1984-03,美加マドカ,いっちゃダメ！,9cdb22e1-abe6-48cb-8a4d-e064c8f8deb6
1984,1984-10-21,脇田義信 / 鈴木ゆかり,新プロ野球小唄〜広島編〜,db8f40d4-a6ad-4014-a695-8b1e9ae82dd1
1984,1984-07-21,荻野目洋子,さよならから始まる物語,ecccb533-5404-4d33-98c6-0cd5c4effbb5
1984,1984-11-05,荻野目洋子,ディセンバー・メモリー,153f55f2-ed6a-4eec-a557-ab43f603bac5
1984,1984-04-03,荻野目洋子,未来航海—Sailing—,c55aa65b-ad50-46b1-99c1-f2ac0cdee45b
1984,1984-07-10,菊池桃子,SUMMER EYES,94bd1522-bc54-4951-8dbe-907d23dfa929
1984,1984-11-01,菊池桃子,雪にかいたLOVE LETTER,a2030f0e-c8a0-4131-a17c-a153b1cb7ffa
1984,1984-04-21,菊池桃子,青春のいじわる,943ad268-a396-414b-9f9d-55316c448738
1984,1984-07-05,葛城ユキ,ヒーロー,ab63087f-79b5-44aa-8b22-f6068b8c8b68
1984,1984-10-24,薬師丸ひろ子,Woman “Wの悲劇”より,3860de5a-c036-3113-877c-3b3d386fdb10
1984,1984-05-16,薬師丸ひろ子,メイン・テーマ,a32e0fbb-5fa7-3faf-aba6-941ab1c5f459
1984,1984-10-05,角松敏生,Girl In The Box,e9d41cb6-4625-436c-aa72-2fac7738a0c0
1984,1984-09-13,近藤真彦,永遠に秘密さ,3e41c9f2-1712-4414-af51-f2f7d6d4a4a9
1984,1984-07-01,遠藤ミチロウ,仰げば尊し,81733619-157f-4794-8a9c-788a3b7489e6
1984,1984,"遠藤ミチロウ, 平沢進, 北田コレチカ & イヌイジュン",Ki-Ga Ki-Ga Ki-Kyo,d74f26cd-4f50-43b4-af1c-76ad07ac74f3
1984,1984-02-25,郷ひろみ,2億4千万の瞳 エキゾチック・ジャパン,e2fea11c-84ee-449e-9185-db70f5cb02a0
1984,1984-05-01,野口五郎,一人が好きですか,3f98983f-a3c8-4807-9c97-def930975ce5
1984,1984-02-25,野口五郎,停車場,c58cf7d6-6d68-4c21-afa4-78fce8d37c14
1984,1984-09-25,野口五郎,花遊戯,1c23b6aa-180b-4f25-919d-5a9b9148dd6f
1984,1984-07-21,鈴木ゆかり,新プロ野球小唄〜中日編〜,c3628ed2-71c9-43d1-b54c-75cce4dd454d
1984,1984-11-01,鈴木雄大,パラダイス,45a0370a-7fd0-458d-8950-cc0ffff9b18a
1984,1984-08-01,長山洋子,シャボン,f2ab4190-7271-4748-a1d9-d67e8f67988b
1984,1984-04-01,長山洋子,春はSA･RA SA･RA,2771c69f-5891-4630-be38-f0420c295ac3
1984,1984-02-25,長江健次,2度目のサヨナラ,74ac1bde-3d8a-45e7-ba09-1205a14cd783
1984,1984-11-28,陳百強,Tell Me What Can I Do,4534ca0e-1de9-385a-b3f9-2ec022683302
1984,1984-11-05,飯島真理,1グラムの幸福,d9bfbe70-8f26-4af4-a9b9-98de92f2e88c
1984,1984-06-05,飯島真理,愛・おぼえていますか,8025f70b-1b9b-3336-8b0a-39963d522de4
1984,1984-04-01,香坂みゆき,サヨナラの鐘,0c9f1d2d-55c4-403d-8f5e-600faa59c9de
1984,1984-08-01,香坂みゆき,ニュアンスしましょ,ef244c17-6281-40a9-9f0a-9c0922b802ec
1984,1984-04,高木淳也,ポセイドン・バラニー,79351ba8-dfdf-4183-af5a-ed166a0bddd2
1984,1984-09-21,高橋沙羅,夢でもいいから,52a9d1d5-94d0-433e-9d3d-6ea2850a678a
1984,1984-07-05,高田みづえ,原宿メモリー,3b8840b1-e843-4a89-b15f-504185c0e976
1984,1984,高見知佳,くちびるヌード,25d62638-4188-4b53-afef-4655392f11ed
1984,1984-09,高見知佳,深夜劇場,224ac84a-a608-45b3-95ec-1023caecc425
1984,1984-11-21,鮎川麻弥,ドリーム,e939745a-e010-4d96-920b-28ba557c9471
1984,1984-07-25,鮎川麻弥,風のノー・リプライ / 傷ついたジェラシー,7358e041-c2bf-413c-b32e-fcee3cb2edf9
1984,1984-08-05,鳥越マリ,暗くなるまで待てない,2df9d797-74b1-401c-aae5-08abcd4cae8f
1984,1984-11,鳥越マリ,涙のピアス,86cca839-053b-487c-990c-2a648038016b
1984,1984,鹿取洋子,星のデジャ・ブー,1d3c27b8-298f-4d06-934a-1d60c0aada35
1984,1984,麗美,青春のリグレット,176e3c4a-e370-4480-9b09-66a436063bb4
1984,1984-05-25,麻丘めぐみ,あいたいよ,7c0b9a8f-ff7e-4cf2-ad47-3db5f0ffd556
1984,1984-11-05,麻倉未稀,ヒーロー,d3238168-b02b-4d53-9a91-dd4b33628503
1984,1984-09-05,麻倉未稀,リメンバー・ターン,91cef814-a6ec-4124-99b9-4bbe7d396d88
1984,1984-04-15,麻倉未稀,ロマンスは熱いうちに—The City of Romance—,becb440f-a80e-4ceb-911f-8f7f796a8c71
1984,1984,黒住憲五,Mr. Woman,7a1e883f-8d2c-4ab1-88bc-541b3de70090
