jahr,erstveroeffentlichung,interpret,titel,mbid
1986,1986,('a'-pōp),Art of Persuasion,c3090db0-0915-4f4f-a555-c3a3a66c2329
1986,1986,091,Cuando pierdo el equilibrio,27e974c9-f749-3ca4-805a-00b951402be4
1986,1986,091,En la calle,7eea7249-8cc6-3f9d-89bb-455c912edb83
1986,1986,091,Escenas de guerra,f3ef1060-5b28-39b8-a3a5-c20b62d5a568
1986,1986,"1, 2, 3",Love You More Today,0a10359a-169a-4273-a32f-df62a7c92d93
1986,1986,10cc / Bachman Turner Overdrive,The Things We Do for Love / Takin' Care of Business,87387d92-a8c2-4db3-b048-9aab14c51796
1986,1986-09,16 Bit,Where Are You,ec084db7-e92f-4ba4-8ec0-a0702e7583c9
1986,1986,17-19,Fille d'Italie (Bambina),5ba33dd4-c7fe-4197-8410-37d21155155b
1986,1986,18-Karaat,Vuur en vlam / Mijn vriendin,567509e2-9416-4035-ab24-7772d4d71612
1986,1986-10-15,1986 OMEGA TRIBE,Cosmic Love,3e79fdd2-afef-45c6-a023-64644e71eb90
1986,1986-08-07,1986 OMEGA TRIBE,Super Chance,d83542b6-39a5-49ac-87a1-6d12fe502a4d
1986,1986-05-01,1986 OMEGA TRIBE,君は1000%,ddc18f85-ab82-4efd-9100-628efa229561
1986,1986-10,2 Minutes 2,Too Late (Goodbye),10eeefb4-5a0f-478f-a6cd-50b045b52dfa
1986,1986,2 Plus 1,Orły Do Boju,757e39d1-1b61-450f-95e3-86ef5306ce36
1986,1986,23 Skidoo vs. The Assassins With Soul,23 Skidoo vs. The Assassins With Soul,732a8e61-8635-4146-be72-8f5383ddf2f4
1986,1986,2i,Choreography,386af27e-9814-4e2f-b8e2-eeaa2ac56e3c
1986,1986,3 Angry Poles,Motorcycle Maniac,cb082be2-9e29-385f-986c-501bcd91f436
1986,1986,3 Busserulls,Jenter / Stakkars meg som er fylt 40,fe744c3b-e1a9-4cba-9c19-ce30c663404d
1986,1986,3 Busserulls,Stol på kapteinen / Nærradio spesial,f579e464-7ab9-48dc-88a1-fae7e23c1d85
1986,1986,38 Special,Like No Other Night,83e6d700-4a8a-4713-ae7f-a1c15e6a07cb
1986,1986,4-You,Shang-Haied,4cf8775d-f3b5-43d1-8f85-cc17959b165b
1986,1986,400 Blows,Let the Music Play,ab4b4d18-1375-4c43-8d95-33f61c6ed9be
1986,1986-03-15,400 Blows & 23 Skidoo,Fuck You G.I !,9bede739-79c6-4efa-a56b-bc77aa95fc6e
1986,1986,4th Floor,Black & White / Follow in Stride,59bf5b48-c865-302c-bf58-8718f6f435d8
1986,1986,5150,Forever Night / Murder 1[0]1,5f5454c5-7880-3ee5-b842-7741695753f3
1986,1986,54-40,Baby Ran / I Wanna Know,69ab0d90-1fe1-336d-8ebb-df43190028f3
1986,1986,54-40,I Go Blind / Me Island,c328a677-bd30-3622-963e-44775d6dc330
1986,1986,78-3,Perdonname,4079aed7-09fc-406e-87c2-b228ceef6d20
1986,1986,7even 4orty 7even,Can't Control Myself,5c6a2c26-6178-4376-a370-d1ddd1cfb537
1986,1986,[unknown],Lady Oscar,d6738faa-c72e-4c39-8208-ea7f899e36b7
1986,1986,[unknown],"The Jetsons Main Title / Jane, Get Me Off This Crazy Thing!",2b64e6d0-6864-40e2-a19d-ae85a5ff1037
1986,1986-09,A Certain Ratio,Mickey Way (The Candy Bar),4c768c7d-d537-30fe-9ff4-2eae3fe87011
1986,1986,A Split‐Second,Flesh,a844a66d-14ec-4fe9-b2d2-0ef029aef2b5
1986,1986,A Witness,Red Snake,76dee915-0be6-4fed-8415-be85d904dca3
1986,1986,A-nita,Dancing on the Moon / Good Love,c2f9f3c4-ca49-43d8-9c43-f72049c90c55
1986,1986,A-nita,Into the Night,cde0d2eb-3b2d-4057-8540-f4418cd5764a
1986,1986,A-nita,You've Got Me Keyed Up,46155e9f-74c3-434a-8e5b-42359a0ed4e8
1986,1986,A. Keane,Racing the Sun,68c4cbea-54c5-4027-967a-ff768c728805
1986,1986,A.C. Marias,Just Talk,fd8db681-f57a-4db7-abc1-f317b43324a5
1986,1986,A.J. Masters,I Don’t Mean Maybe,639a9b3b-6337-4100-8baf-8737c445c269
1986,1986,A.J. Masters,Love Keep Your Distance / Get Outta My House Blues,f9845c5c-1c24-45c3-9aca-925bcf585b4e
1986,1986,A.R. Kane,When You’re Sad,02d8da5d-9fc3-4e75-8455-836f3d598484
1986,1986,ABC,Vanity Kills,00b9096d-5e32-4966-9fd0-313ecea463f3
1986,1986-05-12,AC/DC,Who Made Who,6ae0fb5f-11e9-42b1-822a-916a7ec0098d
1986,1986,AC/DC / The Immortals,Who Made Who / No Turning Back,e76d2430-e84c-41ed-83ff-4535d0c83514
1986,1986,Academy,You Are In My System,a3ba52ac-5cd3-4c40-a052-4ff544995a85
1986,1986,Accept,Heaven Is Hell,ff730eb4-35a8-3df1-9c90-d31a64ccc8de
1986,1986,Accept,It's Hard to Find a Way,c7919333-f0e1-45ee-97ad-dddfff556f86
1986,1986-07-21,Accept,T.V. War,5fdc01de-a42b-452c-b1e5-022338902fd5
1986,1986,Accidental Gap,The Eyes of K. / Moving Dangerously,62926675-59eb-402a-a2f3-9388b8f5fe4b
1986,1986,Achim Reichel,Eine Ewigkeit unterwegs,20cda638-044d-497e-a84d-3a2e1d1c393f
1986,1986,Ackee,Roughneck Time,2aee72a2-e0f2-4874-9dcb-a25b754a5be2
1986,1986,Ackie / Chesse Roots,Call Me Rambo / Rambo Gun Salute,c9bdf9eb-e61c-4842-8006-4547828a2149
1986,1986,Ad en Karin,Het is weer zomer,c3229865-dde5-4388-a3fc-6c82d6d7a0dd
1986,1986,Ad en Karin,Kom dichterbij,b6669961-7fff-4119-a08a-1c313d0dcece
1986,1986-02-23,Ad Swart,Burned Like a Rocket / Razmataz Polka,745c58b1-347f-4215-9f1c-add479b7826e
1986,1986,Ad van Hoorn,Alles komt weer goed,7fb83cbc-ccb7-494e-8628-99df841ab592
1986,1986,Ad van Tilburg,Nederlandstalige Medley N° 1 / Mooie Anita,2419d893-1abe-44a5-9da4-e51ba3ae26e0
1986,1986,Adamo,Sag warum... (verlor ich so viel Zeit),6bc6a8ba-72d7-4715-872a-436bb2ebf316
1986,1986,Adelle First,Don’t Give Up,83a0cc76-4dc0-4cc1-924d-1a1fb2b9cc60
1986,1986,Adolfo Echeverría y su Orquesta,Hasta que amanezca / Vamos a beber,6b840475-36fc-430a-b37e-8c44428f7fe1
1986,1986,Adolphson & Falk,Någon,0b584047-1432-4144-a493-1416756ae002
1986,1986,Adonis,No Way Back,746e7c4e-a806-4c61-86ae-c141d3f50416
1986,1986,Adonis,We're Rocking Down the House,3f48d512-a333-3adf-af2f-60dfece08bb9
1986,1986,Adrenalin,Camino Del Gitano,4608b884-2300-43e0-aa1f-84e7842edc9c
1986,1986,Adrenalin,Northern Shores,2038f97a-651e-4f1e-bf4a-ee0b6fe1603f
1986,1986,Adrenalin,Road Of The Gypsy,8fbef0c1-9a43-4c60-a8a7-ad1490b08af5
1986,1986,Adrenalin,Road Of The Gypsy/Road Of The Gypsy,ba1e1e81-8797-4a75-965c-fcdee9a55ab1
1986,1986,Adrenalin O.D.,A Nice Song in the Key of D,f6e7e877-ddb0-3a9b-883f-4637c4e3c4b9
1986,1986-06,Adult Net,White Night (Stars Say Go),9c7fafba-6e29-42ff-83b2-912b4f6cf0a3
1986,1986,Advance,Sorry Doesn't Help / Party,f84d6544-ae87-40e0-b160-b2f5139a5097
1986,1986-04-18,Aerosmith,Dream On Live!,764d26e7-98d8-48a0-bf89-4097bd32072e
1986,1986,Afrika & The Zulu Kings,Cars,27df69b3-cc2a-4bd9-9319-a63bc2c776ca
1986,1986,Afrika & The Zulu Kings,The Beach,74f08647-aa40-4f83-aa09-cbd650cd5c71
1986,1986,Afrika Bambaataa and Family,Bambaataa's Theme / Tension,83c13e40-2369-45a9-b8ae-c92090c17f5a
1986,1986,After Shave & Anders Eriksson,Bad & sånt,3c1cf4cd-2a18-4d35-8daf-20b8b9fb22fb
1986,1986,Age of Chance,Kiss,732390dd-9b08-35bb-a8cc-b65c08b086b4
1986,1986,Agent Orange,Secret Agent Man,a971778a-e132-3fc7-8805-5e9749ff4a9b
1986,1986,Agnetha Fältskog & Ola Håkansson,The Way You Are,e80d4431-b199-4689-bbce-32bbfbefb165
1986,1986,Ago,Computer (In My Mind),829c80b7-6938-47ad-867f-0c4691de4291
1986,1986,Ago,I Want You,468153e8-4814-4b44-aadf-f3d6cd58e5d8
1986,1986-08,Agony,MFN,ef32bf9b-b5b1-46a3-90ef-18ac6ff68804
1986,1986,Agrupación Galaxia,Porque te quieres ir / Linda chaparrita,57fced25-345e-4292-a6d7-cde7b90c7a3f
1986,1986,Aika,Musta timantti,372ae50f-e5dc-4475-9512-b201cef38a6b
1986,1986,Aimless Device,World of Coats,906e35ec-b99f-425b-97c3-dcb6b03b9232
1986,1986-05-01,Ainars Mielavs,Vienīgā,343fb5af-4795-4810-b38c-6dd8a272133f
1986,1986,Air 89,Qui peut savoir,2c11a39f-6351-4810-b5a6-cb952aa39108
1986,1986,Airborn,Midnight On Mars,ffbae4ec-777d-4d0d-8db4-1d4ba7850748
1986,1986,Airwaves,Why Don’t We / How Come?,52694ddb-ac00-40eb-b3a4-e3860009caad
1986,1986,Aja v.d. Graaf,Jij alleen / Eenmaal in je leven,b3108fe0-c2fb-4b7c-8c46-a51945401e5e
1986,1986,Aki,Tokio’s,d701485e-6f67-4c90-ae09-59cb56d37fb1
1986,1986,Al Bano & Romina Power,Sempre sempre,0f03cd34-aa5d-4fa0-a7a6-b1f24d0b3df4
1986,1986,Al Corley,Face To Face,d504a81d-82d4-44e9-9c79-e39b47760c96
1986,1986,Al Jarreau,Tell Me What I Gotta Do,c90b86e3-90bb-40c7-871d-4634d50f3930
1986,1986,Al Kapott,L'Ours,d8359a8d-cf0d-3497-ba78-6c06dc32447a
1986,1986,Alabama,She And I / The Fans,e48b8da6-9b55-494f-9be5-3819b6fc7012
1986,1986,Alain Bashung,L’Arrivée du Tour,820fef76-c91b-47e3-afbb-e7038d411133
1986,1986,Alain Bashung,Malédiction,3e127aec-fc10-4e20-9998-9cfa16487ef5
1986,1986-05,Alain Chamfort,Traces de toi / La Fièvre dans le sang,0c839183-df91-487a-bb63-12319ce37452
1986,1986,Alain Thomas,La Marie Galante,c7fc6849-7ca8-46ef-9539-2913f24b3f79
1986,1986,Alan Cook,Bad Dreams,895b8177-1219-4c90-89f9-8d9b98d4f764
1986,1986-11,Alan Rankine,Last Bullet,531f450d-0d2c-48fe-8911-4157bb4c8900
1986,1986,Alan Ross,The Last Wall,f293ae9e-f94a-40c2-9e7c-99c9ffe76f29
1986,1986,Alan Woerner,Die offene See,8bb259d0-2a38-45ef-9cc8-5df61595fb0c
1986,1986,Alaska y Dinarama,A quién le importa,89b50aa3-9fb6-4f36-aeac-28283a25ea34
1986,1986,Alaska y Dinarama,La funcionaria asesina,c5333713-886e-4172-a71c-4cc944d06a02
1986,1986,Albert One,For Your Love,75f2ca1a-c6c7-465b-b0dd-327207d05fec
1986,1986,Albert One,Secrets,1646769e-8cd2-4513-9df9-dd438dc0a47e
1986,1986-10-15,Alessandra Martines e Lorella Cuccarini,L'Amore È,867aa790-994f-4484-bbb1-654912c22e1a
1986,1986,Alessandri,Il mondo,cac2dd23-60ff-424f-b307-7d7700e8e28b
1986,1986,Alex León,Meneate / Yo llegare,51a0c3a8-2668-484d-a28f-fb73e5674cb2
1986,1986,Alex Molo,Look at Me,f2a28833-7cd2-41ce-8c2a-293077202329
1986,1986,Alexander Goebel,Einsamer Mann,f7d8b2e7-e8f6-4c7b-a2f4-1bcfd74aa5b6
1986,1986,Alexis,Do You Really Want Me,a3f06762-ff08-4996-9dfa-7fad5110a023
1986,1986,Aleye,Turn to You / Take It or Leave It,10580411-7c40-4129-b808-3db9c66d1a96
1986,1986-03-05,ALFEE,風曜日、君をつれて,86e1a50f-4c20-4687-874f-2fcd35bc65a2
1986,1986,Algebra Suicide,Little Dead Bodies,ffbec8c9-a3b4-4d6b-8cc3-43b9cc64b93e
1986,1986,Alice Cooper,He’s Back (The Man Behind the Mask),1e861976-8f38-4cb6-a879-436cc8ca95a2
1986,1986,Alice Cooper,Teenage Frankenstein,24ad9649-1774-4dc1-916b-63cb2ef154ed
1986,1986,Alice Sapritch,Slowez-moi,c7c87444-093a-4dfb-afcc-715aca91df2f
1986,1986-05-07,Alice's Wonderland,Stop the Rain,5baf6ec6-ac7a-4a21-8c3a-af157609800f
1986,1986,Alien Sex Fiend,Smells Like...,d6029d7e-b88c-3452-ba15-f36fe228061a
1986,1986,Alison Moyet,Is This Love?,43cd3c06-d966-404c-8468-7853f6bf59d6
1986,1986,Aliss Terrell,Miss Florida,12980cd3-297d-4b57-a00a-234418962afa
1986,1986-04,All About Eve,In the Clouds,47f868b8-33d3-30b9-a266-b5b69c4be93a
1986,1986,Allain Leprest,Mec,e5ad806a-bda2-4027-b5bf-035d9162c794
1986,1986,Allain Leprest,Sacré coco,dcda62ed-a509-4726-abd1-71bc85bcc2a2
1986,1986,Allan Fawn,Wherever You Go,50760575-417c-4033-888b-99bb2c1a3eee
1986,1986,Alpha Blondy,I Love Paris,bdd15bab-856b-4ee3-8662-b7fa2867969f
1986,1986,Alphaville,Dance With Me,c24a93f9-0274-41ce-b3f6-ef965e218500
1986,1986,Alphaville,Dance With Me (Empire remix),dcca8b8d-b831-4d0f-9d49-523a76008ae5
1986,1986-11-21,Alphaville,Jerusalem,a20c46b4-ef2b-468f-91ec-5658923afaea
1986,1986,Alphaville,Sensations,0a5ae089-2e20-4649-a868-74e7e515add0
1986,1986-11,Alphaville,Universal Daddy,6e859844-8800-46f3-a94e-ba899583b05e
1986,1986,Alternative Radio,First Night,4cf73c82-de7a-49a7-8695-71ae7904683e
1986,1986-07,Alternative Radio,Strangers In Love,ea4c2d6a-552a-478c-abd0-1988f36fe935
1986,1986,Alyson Williams,Yes We Can Can,4a0b4a55-7661-4b7c-8adc-50f34994e04e
1986,1986,Amanda Lear,Les femmes !,f82d3f1a-60e4-399b-8791-76f107027e8c
1986,1986,Amaro,Violación,559dd778-934b-41df-ad04-9bd61bf0494f
1986,1986,Amazing Kid & Cut Master Lee,I’m the Boss,e111bc97-2ec3-48d7-a2c6-88cd624dc06d
1986,1986,Amazulu,Montego Bay,13e71a7d-324a-4354-a5a9-0a3a5f7f7ba6
1986,1986,Amazulu,Too Good to Be Forgotten,0f098d80-bd9f-388b-a184-6e6e3ab2bd91
1986,1986,Amber Casares,Rollercoaster,66b13018-2998-42d2-9cd7-bbde768fcfc8
1986,1986,Ambre,Rock dans la peau / Des rêves,39d8f09d-91cc-4a23-83da-4f8fd0c08056
1986,1986,Amélie Morin,Mimi Cracra,42a5e77b-e101-4d19-9ca2-3ace8c538d23
1986,1986,Ana Belén y Víctor Manuel,La puerta de Alcalá,317117ae-d7c4-4ca9-b99f-cd44239d4259
1986,1986,Ana Curra,Volveré,c77862bd-73fd-4dcb-b02b-7294b7bb66a8
1986,1986,Andrea,00 Seven,5f3a0cdd-e9bd-491c-b903-451159109369
1986,1986,Andrea,Macho Man,314845e2-db2e-48aa-9cc9-7f1dfa771ac5
1986,1986-02,Andrea Jürgens,Shy Shy Sugarman,9ccd4999-9ea5-4e5d-8faa-142f5dfc12da
1986,1986-09,Andrea Jürgens,Wenn ich nun geh’,f99d0b32-12a5-495c-855f-1cc910ae42de
1986,1986-01-03,"Andrew Lloyd Webber, Sarah Brightman & Steve Harley","The Phantom of the Opera (Music From ""The Phantom of the Opera"")",f6b6bb9f-ac42-4dc1-ba0e-cbf2c9fd5205
1986,1986,Andrew Poppy,32 Frames / The Impossible Net,8f4df801-3caf-4476-837d-47d9ed9219a2
1986,1986,Andy,Devil Woman / ’k Wil voor jou alles zijn,d6167746-b689-4bb1-8606-d11d97f1f6d6
1986,1986,Andy Baum,Only a Whisper,2e1ee06f-48d2-3b78-b89f-030c3f82d819
1986,1986-07,Andy Borg,Am Anfang war die Liebe,59484f4f-61f3-4a1a-8778-08c976c42b06
1986,1986-04,Andy Borg,Ich will deine Tränen weinen,6cf11647-d240-496e-9150-7f1a0a8c68f8
1986,1986-11,Andy Borg,In deinem Zimmer brennt noch Licht,b08ae968-894a-45ce-a244-bd17890a04ec
1986,1986,Andy Taylor,Take It Easy,30f13c84-d2aa-4da9-bf92-1f7db5c46cde
1986,1986,Andy Taylor,When The Rain Comes Down,39d116f1-ce85-4cc8-acba-ab706d7fbd53
1986,1986,Angel,Dancing In Paris (Que Pasa),ba938df7-0f09-42d7-b753-9ae9503526f0
1986,1986-10,Angie Dylan,In The Dark,a1068f45-11f7-4ee3-9f79-e3c85bee210e
1986,1986,Anibal Lopez y La Unica,Escandalo / El emperador del timbal,d4e42eb6-5e37-4cf7-a2f7-3cc3130b6334
1986,1986-01-01,Animotion,I Engineer,d377d0a1-8ccc-4720-8d5e-218dd9da99a9
1986,1986,Animotion,I Want You,60b318e1-6e02-4d72-a266-41dcec22e766
1986,1986,Anita - Kyle - Dominique - Julie,Take Care of Our Children (Don't Drive Drunk),7c9a4fdc-882e-4a3c-97bd-43bf263bc9aa
1986,1986,Anita Dobson and The Simon May Orchestra,Anyone Can Fall in Love,029845b4-76e2-48e9-b14f-015f5ed3ea41
1986,1986,Anita En Ed,Fernando,6030e022-b71a-4b71-9241-fecb2295ed54
1986,1986,Anita Meyer,You Are My Life / Never Gonna Let You Down,9ba602b3-9901-4624-a915-14e4506a8370
1986,1986,Anja,Zolang er dagen zijn / Ik hoop dat jij,4b97aadc-6a1e-4cec-abd5-7ea5e52828a3
1986,1986-11-12,Ann Wilson,The Best Man in the World,e4790734-776f-43b1-ba82-9c29629bcd87
1986,1986,Anna Book,ABC,f4927014-e5b7-34ab-9a86-29b361ddd930
1986,1986,Anna Book,Dina ögon talar,d0aed114-ffaf-3c25-83b2-fdd1fd7bd321
1986,1986,Anna Book,Ett julkort ifrån dej,883a0cfe-589f-3211-9bc0-d168fd13df81
1986,1986-08,Anna Domino,Summer,d100737c-816c-3fbd-ba43-1ba17c9516e2
1986,1986,Annabel,Liefde en vriendschap / De jongen van de pont,7b6c670c-2442-4755-8f07-c15ab1668904
1986,1986,Annabella,War Boys,756e0393-91a1-40be-b25f-e6811519152d
1986,1986,Anne Murray,Heartaches,26ff40f1-afef-492a-9c1b-1fa4744ab2fd
1986,1986,Anne Murray,Who's Leaving Who,de842fc1-76ae-4022-a3af-aae41d735cba
1986,1986,Anneke Drent,Heb je verdriet / Bij de jukebox,c4809fcd-7f1e-4adf-8e57-206854f2ef0b
1986,1986,Anneke Drent,Jij bracht mij ongeluk / Mijn hartje klopt alleen voor jou,46146b89-d0e0-49eb-8f26-1c887adce9f4
1986,1986,Anneke Drent,Zeg het met bloemen / Eenmaal verder,1de8726b-1d9a-4511-ab88-be4407145c59
1986,1986,Annette,Neem je vrijheid,cbd39214-72b8-4413-853d-45c722375725
1986,1986,Annette Nicolai,"Je t'aime, I Love You / Zigeunermama",6423feb7-ce2e-4eed-aa9c-374a3590e63a
1986,1986,Annica Boller,All the Songs Belong To You,07adcffc-4f19-4258-9d1b-c4bac7e10162
1986,1986,Annie,Mijn moesje / Je bent toch mijn zoon,0ddfab0f-2445-4d92-8de6-1c579f9324e4
1986,1986,Annie Anner,Come on and Dance,8d63cbba-bfb4-451e-a9fa-ec61a22ecc8f
1986,1986,Annie Anner,Robotman,c884ec77-bdae-44c4-aa98-497184203208
1986,1986-12-01,Anquette,Ghetto Style / Shake It Do the 61st,f4eaf183-9a16-49a6-874c-a881c154e5e5
1986,1986-12-21,ANTHEM,XANADU,1462c479-33f3-4ff9-895e-18a2d118b458
1986,1986,Anthony Adverse,Our Fairy Tale / Eine Symphonie Des Grauens,bceeeeac-19b3-427c-bac4-90d2ea88cbbb
1986,1986-04,Anthony Adverse,The Ruling Class / T.R.O.U.B.L.E.,b97af134-5a1b-4c7d-a79c-d050debe8f1b
1986,1986,Anthony and the Camp,How Many Lovers,41901eb0-5592-4e73-8c2f-eaec14767cd9
1986,1986,Anthony and the Camp,What I Like,0eb711fc-7839-4598-ae08-52b8d09078e1
1986,1986,Anthony Red Rose,Bang Ga Wrong,fa54cae7-b5ae-4d59-b52a-0a1690f378a0
1986,1986,Anthrax,Indians,8a855fe5-fb35-393d-9818-b18016b633fc
1986,1986,Antisect,Out From the Void,1c0ff16b-2cb7-4c92-8509-c775e8283ae4
1986,1986,Aníbal Velásquez,Solitos los dos / Luz de cumbia,8af3724a-1368-4340-8dce-a38601b868b9
1986,1986,Appi,Swastika Mania,87c90808-0140-448c-8896-4e08b1093922
1986,1986-03-05,Arcadia,Goodbye Is Forever,a9001ee3-f7a2-43e1-a9d7-216011ab8808
1986,1986,Arcadia,Say The Word,4e09fdb4-2022-4efa-8316-51f066ee9926
1986,1986-07,Arcadia,The Flame,dd5e6f06-7b08-4119-a70f-626d5f79fe95
1986,1986,Aretha Franklin,Ain’t Nobody Ever Loved You,01ddfa2f-54ed-42e1-8980-b903311c6847
1986,1986,Aretha Franklin,Another Night,d507a2a1-e7c2-435a-a9e0-6e91310c16de
1986,1986,Aretha Franklin,Jimmy Lee,1a95a0c1-48f0-411a-af08-4df28eb7a74c
1986,1986,Aretha Franklin,Jimmy Lee / Aretha Mega Mix,b7bbada7-0530-476e-bd52-7585f6bdb009
1986,1986,Aretha Franklin,Jumpin’ Jack Flash,a9672697-6c5d-4ae4-8598-455974217df3
1986,1986,Arie Ribbens,Cerveza Olandá / Drie Chinezen met ’n contrabas,04d9e15b-d8a3-4301-821f-0471e7f93d4a
1986,1986,Arie Ribbens,Goeie morgen lieve zorgen / De Romeinen,2b027c4b-a8d2-405a-a9b6-e144cef7a5ff
1986,1986,Arie Ribbens,Jo-jo jo / Jo-jo disco,1b9a0475-b2e8-418c-a0f0-e9eb663d7401
1986,1986,Arlène Tempier,Le voyage de l'albatros,554e5cb8-f3ee-4950-afb2-0317e0452040
1986,1986,ARM,Number One,3dc77fa1-ebcd-41c7-be07-5ac7dac9c127
1986,1986,Armand,Zonder poen / Die momenten,078d0870-bfb4-4a86-ba0d-5eed2e719372
1986,1986,Armored Saint,Long Before I Die,434047c1-b67d-4095-8b8e-4490790e5c08
1986,1986,Arne Jansen,Kom toch terug bij mij / Maar hoe zal ’t morgen zijn,dd4873dc-28a4-46b6-9100-be3397f82b76
1986,1986,Arne Jansen,Maar voor mij is er een dat ben jij / Joanna,ac1ae642-0606-4db5-94ff-f4cdc53979c5
1986,1986,Arne Jansen,Zeg nou maar adieu / Oh baby,2b756da0-1292-412a-87d6-91d1fc47a1ac
1986,1986,Arnold Fritzsch,So weit fort,45f96195-aa43-4b4b-b830-d592712aa98d
1986,1986,Arnold Turboust,Adélaïde,0f8ca208-f9d6-48f6-a863-d7a1bf2dc67e
1986,1986,Arrogance,Crazy,c7f096b0-3886-4229-b673-6e26673e965d
1986,1986-10,Art of Emotion,A Day A Day,eb1112a2-8b7d-4070-a997-a079eea4aea6
1986,1986-10-27,Art of Noise,Legacy,aa9905d2-f854-4849-acbd-34acfb7201fb
1986,1986-10-07,Arun Date & Sudha Malhotra,Too Ashi Javali Raha,72f0b1cd-9ac0-4be0-90e7-c189aec013c1
1986,1986,Ashford & Simpson,Time Talkin',4eb774d6-212e-48eb-ae34-cb827508ed26
1986,1986,Asia,Wishing,95a535a5-6279-430f-b1c9-7d27a883548d
1986,1986,Astrid,Alleen bij jou / Verleden tijd,a740ef70-8301-4276-a904-dead991a1896
1986,1986,ASYLUM,Out In The Streets,b05570dc-1fa8-4726-8627-41e474f1bc4a
1986,1986,Audrey Hall,One Dance Won't Do,7f78e4eb-10d5-4ff4-a089-ec0ee9ecfa03
1986,1986,AURA,AURA,c57bbbce-3cbb-4210-a288-57ca8b4f7d44
1986,1986,Aurra,You and Me Tonight,1cd4106d-7b1c-447c-a1c7-960c2535941e
1986,1986,Ausgang,King-Hell,a6de20fd-7d13-4a9d-9fe3-40aaf3bac37f
1986,1986,Austin Howard,I'm the One Who Really Loves You,67b13ba3-d2d0-451a-bc7e-f025e7637b7e
1986,1986-01,Australian Crawl,Two Hearts,6f5cc619-643e-4db0-8435-598c0e8b1fa4
1986,1986,Avalanche,Wheel of Fortune,eddc5496-cd51-468b-9441-17aa76aa7479
1986,1986,Avalone,How About It / You And I,92eed445-157b-4cb0-bc2c-9082df6235d3
1986,1986,Avanti,Alexandra,67fc87aa-c2dc-4a9f-8248-f54e30d3c83d
1986,1986,Avanti,Dansen met z'n twee,106715b6-a24e-4869-bf88-eabd66d140ff
1986,1986,Axel F.,Geronimo,76c60c60-cb73-4f66-81bd-36fa189e52c6
1986,1986-03-30,AYA & なかよし応援団 / プリンセス・ピーチ,マリオの大冒険/GO GO マリオ‼,90aaa948-f763-49fc-b80e-c64d1941372b
1986,1986,Ayre Rayde,Sock It to Me,2e71bcda-5fcf-4765-bfa0-0e388d887c70
1986,1986,Azra,Nothing,d66e3057-bb62-42e3-8f17-a1232ec8ed1d
1986,1986-11-24,a‐ha,Cry Wolf,0b2b3db3-4708-4b2f-a611-eb211f308401
1986,1986-06-02,a‐ha,Hunting High and Low,d92c2746-6b30-4fbf-9e6f-a908b3503c62
1986,1986,a‐ha,I’ve Been Losing You,deceb919-ecf7-3298-8b91-03dda845d6db
1986,1986,B B & Q,(I'm A) Dreamer,7abb9daa-ac62-49e7-8957-5a18d5f8ef67
1986,1986,B-Fats,Woppit,b7887125-f8c8-4e11-9361-71ee6454ee6d
1986,1986,B. A. Robertson,Ceud Mile Failte (A Hundred Thousand Welcomes),08c02b33-1c9f-46e7-9403-492c0ebe7bd4
1986,1986,Baby Go Boom,Life Can Be A Hurtful Thing,077adbc1-3c64-462d-95e9-935cc5304c98
1986,1986,Babylon,Geisterstunde,ef026add-1c2e-499d-a054-457b57c9d203
1986,1986,Bacchanal,Zouk-La Is the One / Stamppot,a2243a15-b4d0-4c15-a3ae-11fc9031ac5e
1986,1986-10,Bad Boys Blue,I Wanna Hear Your Heartbeat (Sunday Girl),5b1fc048-6c14-4178-8013-9412ee801c11
1986,1986,Bad Boys Blue,Kisses And Tears (My One And Only),7e790f59-3ea8-4925-8e2e-2189b00a53a4
1986,1986-05,Bad Boys Blue,Love Really Hurts Without You,6b2f00cc-eb47-4327-830d-b8e07975a09a
1986,1986,Bad Company,This Love,3b89a7d7-bcc9-4935-a947-88023cf58700
1986,1986-12,"BAKI, BABY, 篠崎“TATSU”辰也, Gastunk",Three Sex X'mas,e187edb6-112c-4f27-8aba-d48705e9567f
1986,1986,Baltimora,Juke Box Boy,8e93c18f-69b7-4eea-bf2d-f787410c2678
1986,1986-10-09,Bambou,Lulu,f6ac449b-7678-43b1-ab88-2d9639d4ab12
1986,1986,Banana Band,Let Me Go,cc2ef01f-3637-4b9c-9d26-a1c0d135e898
1986,1986,Bananarama,A Trick of the Night,b3b4d265-2f29-39d6-99c5-157def000b78
1986,1986,Bananarama,More Than Physical,4774219a-3d85-30d4-b1fc-27f6074f51ec
1986,1986,Bananarama,More Than Physical / Venus,afd4863f-e908-3470-a3e7-2e726d435040
1986,1986-06-25,Bananarama,Venus,ce631810-9512-3a8b-8c73-5cb8e8c4ece3
1986,1986,Band für Steiermark,Erzherzog Johann Blues,ee0441f7-8a87-41a0-b0cd-de50e444f0a4
1986,1986,Bang,Summertime,1ce305b1-78a4-4fdb-a87f-29bd0a6eba80
1986,1986,Bang Orchestra!,Sample That!,f3e2d4b5-cbbd-410d-9df1-ef4a99e5dfe8
1986,1986,Bang Orchestra!,Samples!,6ff3b20f-0324-4988-84ba-2d3cdb0f279b
1986,1986,Bangles,If She Knew What She Wants,e13c327a-3294-41ff-b6f5-beeec0c0a6a0
1986,1986-03,BAP,Endlich allein,8e42f306-0b9c-4bd3-a8ab-0069aabf709b
1986,1986-05,BAP,"Time Is Cash, Time Is Money",934e5000-5d2a-40ae-9457-438ad3c8d335
1986,1986,Barbados,Kom en neem me in je armen / De ware liefde die blijft bloeien,27f2a340-68bf-468c-9298-d820ff6eb3e5
1986,1986,Barbados,"Ons Brabants land / Oh, Maria",66b5ceb9-b04b-41a8-bc02-87e642edfc83
1986,1986,Barbados,Want voor ieder schijnt de zon / Als ik alles had geweten,77690e2d-1490-4492-b0a3-4047abc571c5
1986,1986,Barbara / Depardieu,L'ile aux mimosas,e11e5d2e-435b-424b-a9f2-1136fb71023d
1986,1986,Barbara Roy,Gotta See You Tonight,51f811ed-841c-461a-8a14-8d6f86a13698
1986,1986,Barcelone,Lola,b4ed4e54-1fe6-4c26-af79-7d1c0e3a8fb7
1986,1986,Bardot – Gainsbourg,Je t’aime moi non plus,6297fe7d-4c44-4828-8444-91ff08298e48
1986,1986,Barry Hughes & Vader Abraham,Ik breng geen bloemen voor je mee,70d58fb5-4556-305c-a4c3-e41e9f474bf9
1986,1986,Barry Manilow,Amare chi se manchi tu,48c4392d-2876-413f-9c73-5c553d83e22d
1986,1986-02-28,Barry Manilow,He Doesn’t Care (but I Do),0302c84a-242e-4f8d-abf7-357872a0a8da
1986,1986-04-11,Barry Manilow,I’m Your Man,a3db986c-1362-4782-9748-b46200010a3f
1986,1986,Barry Manilow con Lucía Méndez,¡Ay caramba!,c9a34ecd-f68a-4c86-b741-8e5b14022471
1986,1986,Baton Rouge,Gabriella,064ba71f-89fd-4348-a560-af5d7997ffad
1986,1986,Bayete,Blue Monday,0175417c-be26-4c1d-8396-83746dfffb48
1986,1986,Beastie Boys,It's The New Style / Paul Revere,b15384f4-1f9d-440f-ae1f-e112be651c76
1986,1986,Beastie Boys,No Sleep Till Brooklyn / Rhymin' & Stealin,73531739-22e4-4e5c-a772-51ec3ac8bc7f
1986,1986,Beat Rodeo,Everything I'm Not / I'm Not Afraid (Doesn't Matter To Me),5f5a1074-a7ba-4cdf-b35f-a687918a0342
1986,1986,Belinda Carlisle,I Feel the Magic,34a68b25-e17f-418d-89f5-91dc1527ede3
1986,1986,Belinda Carlisle,Mad About You,6e908ee8-eaaf-445c-9efa-3a5d1d3bb270
1986,1986,Belinda Carlisle feat. Freda Payne,Band of Gold,1721fcd7-88d8-4783-8a88-e096374c4d8c
1986,1986,Ben Steneker,"Kleine Marianne / Dromen, verliefdheid en wijn",6ce1c1fe-e0db-4e54-968c-8ec0adcff1eb
1986,1986-11,Benjamin Orr,Stay the Night,837255b5-8af2-498e-b365-665c5e83775b
1986,1986,Benny Neyman,Laat me huilen / Voor jou,65780bc5-f1f0-469a-9102-7c53ce6edfd0
1986,1986,Beres Hammond,All Because I'm Lonely,d38e331e-654b-4399-864a-a4c9ba537dcd
1986,1986,Beres Hammond,She Loves Me Now,e4caff07-e50b-4459-81f1-d350fe08021e
1986,1986,Berlin,Jealous,08bdeece-1c20-4ce2-96d1-3f5d15ef961f
1986,1986,Berlin,Like Flames,784a72d5-f5c7-40b8-a2ac-8437cdba2112
1986,1986-06-15,Berlin,Take My Breath Away (Love Theme From “Top Gun”),73eae75b-cd2f-4e2c-be82-a095a1586d8c
1986,1986,Berlin,You Don’t Know,b7358382-3386-4c46-b8af-575523d79481
1986,1986,Berlin / Cheap Trick,Take My Breath Away / Mighty Wings,5e5cd16e-e3fa-4175-993a-ee9abac419f7
1986,1986,Berlin / Kenny Loggins,Take My Breath Away (Love Theme From “Top Gun”) / Danger Zone,40a41777-bd3a-4909-acdf-03a780188db9
1986,1986,Bernard Lavilliers,Extérieur nuit,e46cd097-cf6d-4965-8933-88b5ae8205d2
1986,1986,Bernard Lavilliers,Noir et blanc,a3b73b3a-4db3-4d98-8171-6503947a0ad3
1986,1986,Bernard Minet,Je veux être un Bisounours,8314de9d-a263-47a2-a3cc-55b3ebbbb1e2
1986,1986-11,Bernd Clüver,Dornröschen (träumst du immer noch),3b027f31-5335-47ec-874a-f722cf9a904f
1986,1986,Bernd Schütz Band,Schick’ mich jetzt bitte nicht weg,c8c7b41e-ae36-4303-a6f1-836dac0921c7
1986,1986-09,Bernhard Brink,In einem anderen Land,a3277a35-bd6a-4bf9-a3e1-93778e317625
1986,1986,Bernhard Brink und Blau-Weiß 90,Heiß auf Blau-Weiß,7c833d46-a061-4da6-8520-10ad40ee5784
1986,1986,Betty Wright,I Can,445ae4ba-7f37-4c9d-9124-93a8fa76b72e
1986,1986,BFG,Paris,81f31d31-f87d-4faa-bec3-821914ec6bd3
1986,1986,Bianca,Een vriend van toen,7cb687b4-03bd-484e-aa46-7e4dfa186fd4
1986,1986,Bianca,Monte Castello,33d006d6-3577-46a8-8f44-b9df4450a345
1986,1986,Biba,Top Model,f63f67d9-6781-4345-b212-837f97a507cf
1986,1986,Bibi Flash,Fête sauvage,ebd3c741-5bf1-480b-9faa-4243ace451e0
1986,1986,Bibi Flash,J'existe,547a7217-df53-4c1a-ab04-988d68d3a5e4
1986,1986,Bibie,J'veux pas l'savoir,243859f6-2b4d-47a1-9f24-cfdd9cfe4850
1986,1986-06,Bid,Reach for Your Gun,d2631c12-3e83-3e74-b45e-29bb45bf8ad8
1986,1986,Biff Bang Pow!,Love's Going Out of Fashion,f6a063cb-d796-49ef-a5f5-bfd9bcb02c05
1986,1986,Big Audio Dynamite,C’mon Every Beatbox,6b2641da-1c29-4584-89a7-afa1c2869717
1986,1986,Big Audio Dynamite,Hollywood Boulevard,04b4b506-5339-447d-a7f7-00c1e124a8d0
1986,1986,Big Audio Dynamite,Medicine Show,fda6e1ed-9267-4ada-ba74-285666ca3c31
1986,1986-04-07,Big Country,Look Away,afd721f4-f41c-48ef-be09-1ef9ef92e9e3
1986,1986-06-16,Big Country,The Teacher,242737d1-f7c7-41dd-8a29-1b781e42d7b8
1986,1986,bIG fLAME,Two Kan Guru,e4138ffb-656f-41fd-87e4-879be0482192
1986,1986,bIG fLAME,Why Popstars Can't Dance,ca0d0c81-3698-42dd-a698-bb5264286c9f
1986,1986,Big Jim,Sweet Forget Me Not / When Your Old Wedding Ring Was New,17c09d42-22af-4493-9df3-f9ce06b24593
1986,1986,Big Saarinen,Lapsisoturit,8aa6a205-dc22-412e-8901-0427231c34c6
1986,1986,Bikini,Rakkaus myrskyyn / Ei ole aikaa,8d5b7245-f1a3-43a9-a851-89c90180b1b0
1986,1986,Bill and “Shakey”,Woodolph the Petrified Red Nose Reindeer,b00daf6b-87a4-4afa-9df6-7e454bfe8900
1986,1986,Bill Baxter,Ding Dong,b8476a37-ac5c-4ba9-bf95-3f2c9bb3439f
1986,1986,Bill Baxter,L'Amour en capitale,95f3ed7e-5dec-45a2-9397-08c7e57bc59e
1986,1986,Bill Baxter & Tippa Irie,Bienvenue à Paris,ebfc380e-fae9-479b-8107-5d66be28e8af
1986,1986,Bill Nelson,Because of You,1660b03e-68c9-46a5-a045-0306df23628e
1986,1986,Bill Nelson,Contemplation,9279c3ef-dc7a-4bba-8118-151560e05562
1986,1986,Bill Nelson,Wildest Dreams,638b8d75-873f-4f03-8010-354b0e93770d
1986,1986,Billie,Nobody’s Business,0637449d-b427-4a23-ba30-cc3cb04e7a9b
1986,1986,Billy,Papa Ludwig,01ea4c8b-d73a-4e11-89f7-94e19c42b65d
1986,1986,Billy,Promis,886e78cc-fd42-4cd5-8f07-8159ea3d4821
1986,1986-11,Billy Bragg,Greetings to the New Brunette,a4d66453-f391-3996-8b6f-08870e148b87
1986,1986,Billy Bragg,Levi Stubbs’ Tears,74a9af43-5409-370a-b6d2-3e5f34d00d6c
1986,1986,Billy Branigan,Maybe Tonite,72e3f0de-4a96-470b-9c47-3105ca97154e
1986,1986,Billy Idol,Don’t Need a Gun,734a3167-f3c3-4865-8dea-dc8876c536b3
1986,1986,Billy Idol,To Be a Lover,aed37344-9701-4a3b-ab6e-6b4c63f955a1
1986,1986,Billy Joel,A Matter of Trust / Getting Closer,4e5b1536-5832-4a8f-b27d-8aa36cf48d42
1986,1986-11,Billy Joel,This Is the Time,51ea52d5-7dbe-4a90-af77-416c7b389eed
1986,1986,Billy Ocean,Love Zone,9b886393-177c-4f80-b528-d019144a4b66
1986,1986-04,Billy Ocean,There’ll Be Sad Songs (To Make You Cry),74054e05-0b7f-4953-a537-a711d20ed13e
1986,1986,Biz Markie,"Make the Music With Your Mouth, Biz",ea5e6846-cea8-34fa-a6dc-f1bd71392cb0
1986,1986,Björn Skifs,Vill du inte ha mina kyssar...,6a5ebefb-ad0d-436d-86fe-bc857f871cf7
1986,1986,Björna Swertz,"Mama, Je Moet Niet Huilen",39dcc115-2462-4c49-8f3e-a66c514d2b0f
1986,1986,Black,Wonderful Life,1ee534c0-d134-4fb5-bd64-249d70822c7f
1986,1986-09-16,Black Jack Co.,Break Out / One More Night,39e9cb8e-31d3-4075-b86a-e41e51b4e3fe
1986,1986,Black Lake,Island of Fantasy / Listen What I Say,fa92ed9d-53f5-4fff-a8c8-1cb1890fafe8
1986,1986,Black Lake,One Day It’s Too Late / Listen What I Say,bb05417b-3074-44ec-8ab4-5de1774a4c23
1986,1986,Black Mountain,I'm Running / Sleepy Giant,cbf08a6f-94cd-4c09-bd16-98c6cc4ea007
1986,1986-05-14,Black Rock 'n Ron,Hard Rap,0ea40fb7-a148-4679-b89c-402ea5e53cc7
1986,1986,Black Sabbath featuring Tony Iommi,No Stranger to Love,bbbd4515-44f2-4962-afd8-f6834aa1a342
1986,1986,Black Tie,Take You For A Ride,fe232d5f-4ce0-467b-8140-dfd2a1f2e04e
1986,1986,Black Uhuru,The Great Train Robbery,9e2afd7a-09cc-416f-995b-a67eada874b0
1986,1986,Blancmange,I Can See It,240676c7-d57e-3005-a499-4fa0e965a79b
1986,1986,Blats,La Fin des radis rose pâle,98d3eed3-db06-4c5b-9514-eeaa50860aee
1986,1986,Blossom Child,I Pray,64473a45-5ef9-4613-9583-2cbadbdf0e2c
1986,1986,Blue,Everybody Needs Somebody,8d8142f5-65d7-4102-9e05-b71060a34ca9
1986,1986,Blue Collar,Red Hearts,12ac341c-d9ab-4c7a-a729-7e90e39521dc
1986,1986-03,Blue Murder,Stalking the Deerpark,a3874ca5-2887-461d-89a3-ea13f212faa7
1986,1986,Blue Ruin,Venus,a0a0e16a-7484-3867-a81a-23e0648f5fca
1986,1986,Blue Thier & Coco Band,Ruderboot,1c96fa88-b276-4867-9ee1-118518afae1b
1986,1986-06,Blue Zone,Finest Thing,0ab787e1-f61c-457c-a27b-369f982a54ff
1986,1986,Blyth Power,Junction Signal,2ad52a1a-5d22-3cf3-ad2d-70776f012c35
1986,1986,Bläck Fööss,Du bes zu schön,a29024b5-01dc-40ac-a340-4f143a9ebadb
1986,1986,Bläck Fööss,Neña,c0dbbd89-c86c-4952-b511-4e548e782fa3
1986,1986-07,BMX Bandits,E102 / Sad?,31c01b8a-0be6-34f8-bab8-44e04199b3bf
1986,1986,Bob and Vi,"Keep Lying, I Love It",596d17eb-f614-3fc8-a373-079f6703fad0
1986,1986,Bob Dylan with The Heartbreakers,Band of the Hand,6786cdf5-deba-4006-90f3-45b6f895176e
1986,1986,Bob Geldof,Love Like a Rocket,2bbd4b83-4291-437d-8451-392f54f5c24c
1986,1986-10-20,Bob Geldof,This Is the World Calling,1255c77b-7128-43f3-ab6c-635b24a3a5ca
1986,1986,Bob Robert,Storm In A Teacup,af1c71df-c432-4332-985f-8f87d706f398
1986,1986-03,Bob Seger & the Silver Bullet Band,American Storm,bae5dd01-41b7-4fd3-9a8c-7f981c99b57d
1986,1986,Bob Seger & The Silver Bullet Band,American Storm / Fortunate Son,7c77ac94-41c3-4bec-a73c-9142a04f7922
1986,1986,Bobby Bare,Better Not Look Down / Wait Until Tomorrow,5c609b0c-98f0-4a7e-918a-d6501e58aa16
1986,1986,Bobby Bare,Real Good,161327ed-deae-4cdb-a946-870f7de9079b
1986,1986-10-14,Bobby Brown,Girlfriend,332a9405-70ac-47ea-a54d-92e534c0e6cf
1986,1986,Bobby Jimmy and the Critters,Roaches,2f942fe8-314b-32bf-af65-bb1c99b3135f
1986,1986-06-25,Bobby O. with Claudja Barry,Whisper to a Scream,86eab8f6-a9af-495c-895f-0eb95272ba08
1986,1986,Bobby Scarlet,Mosquito,1e398901-cd1c-4273-b012-b6b68701a0b9
1986,1986,Bobby Tench,Still in Love With You,c193a98a-f9c0-453c-b4ad-5d18b7215f97
1986,1986,Body Power,Nothing,8e37e41f-41ef-4833-969c-b0f1a9b28f65
1986,1986,Boeren Van Den Leutighen Ploegh,Krabbegat... Ge blef lache!,2d5c52c7-4993-4a78-8a9c-8cf9df66a766
1986,1986,Bog-Shed,Morning Sir!,250539e9-f978-3290-8c64-140c7e2c97e5
1986,1986,Bon Jovi,Borderline,631d18a6-df41-3ee8-be9b-f1a8406034bd
1986,1986-10,Bon Jovi,Livin’ on a Prayer,1932925f-2733-3285-83a0-bde2f6c033d5
1986,1986,Bon Jovi,Livin’ on a Prayer / You Give Love a Bad Name,65f3877e-be35-46bd-a55c-253dcc4809fb
1986,1986,Bon Jovi,Wanted Dead or Alive,d2c0153c-d68e-3175-8d5b-d23c12230965
1986,1986-08,Bon Jovi,You Give Love a Bad Name,cc8c5016-4593-484d-873e-0124224d75fe
1986,1986,Boney M.,Bang Bang Lulu,e8c835d7-53a6-48ac-893e-7085893e863c
1986,1986,Bonfire,Starin' Eyes,ae0bf0df-5655-4fa1-88dd-401d67a527d2
1986,1986,Bonfire,You Make Me Feel,285f79aa-4aa1-4e3c-92ed-2af063b3ed4d
1986,1986,Bonnie & José,De flierefluiter / Weet wel wat je doet,e2b3c79c-0e17-4c9e-8703-71ca768551ea
1986,1986,Bonnie Raitt,Crime of Passion,087676c1-2a14-453e-8672-305a70add13b
1986,1986,Bonnie Raitt,No Way to Treat a Lady,600c4396-f408-4848-b189-a0239ef94d7f
1986,1986,Bonnie Tyler,Band of Gold,1286e3b1-f7d7-47dc-aa19-be2a7fcdb770
1986,1986,Bonnie Tyler,If You Were a Woman (And I Was a Man),a9ddd7e3-5966-43de-b8c6-3ec0463d8a3e
1986,1986,Bonnie Tyler,Lovers Again,320b14b0-d278-44ff-981c-17ee108fb58f
1986,1986,Bonnie Tyler,No Way to Treat a Lady,de864891-3874-427c-86bf-e1a56f1ce966
1986,1986,Bonnie Tyler,Rebel Without a Clue,62c828f4-be6e-46c4-987e-57b415c643d7
1986,1986,Bonnie Tyler & Fábio Jr.,Sem Limites Pra Sonhar / Reaching for the Infinite Heart,fd9259ad-768e-4dcb-b146-9e0fa927f1b1
1986,1986-05-15,BONUS 21,MARIO SYNDROME,e14e9b80-e7b9-4c45-a582-116134bb8c57
1986,1986,Boogie,Like a CBS,8b0f018e-7f0b-4efd-bf75-6575dceed241
1986,1986,Boogie Down Productions,South Bronx / The P Is Free,2c4e5f58-2453-325f-8ae9-f0f0705d06cb
1986,1986,Book of Love,You Make Me Feel So Good,4e23beba-a35e-402d-95b7-8bf9f9dc895b
1986,1986,Boom & The Legion of Doom,"Love To Hate, Hate To Love",d19b702e-9c8c-31a2-af28-12162f7f6b1a
1986,1986,Boom Boom Room,Here Comes the Man,2b99ec9c-25ff-4ed4-98f2-cdde51a15108
1986,1986,Boom Crash Opera,Great Wall,2092c191-94c9-49ad-9e6d-dd023083b695
1986,1986,Boom Crash Opera,Hands Up In The Air,9a67cbb4-12fe-4f0b-b791-91b34d826104
1986,1986,Boom Shaka,"Dig a Dis, Dig a Dat/Ponderous",b3258179-d169-443c-8b80-66cb2f2c9089
1986,1986,Boomerang,In the Darkness,b4aba91d-099d-460b-81e6-e7635811fb19
1986,1986,Boomerang,These Boots Are Made for Walkin',ffc58377-a815-4d2b-9201-e3b82845a418
1986,1986,Boomerang,When the Phone Stops Ringing,48e4565c-5834-4498-b4e6-f781c36734f2
1986,1986,Boris Badenough,Hey Rocky!,2bc612c3-8971-48be-a540-cdadc4661eab
1986,1986,Boris Bukowski,Alte Liebe,1ae2a1ae-7e4b-40f6-b87b-710ec1d943ee
1986,1986,Boris Gardiner,I Wanna Wake Up With You,03ec03f0-4f76-4bcc-87f1-d636880c65eb
1986,1986,Boris Gardiner,You Make Me Feel Brand New,1f1b0537-8165-4d62-bc40-a9fa3085891a
1986,1986,Boston,Amanda,fd303e03-30ae-4001-bf3b-215d659ba14a
1986,1986,Boston,Can'tcha Say (You Believe in Me),e7b4ab38-8022-307d-bc10-582a6c293f78
1986,1986,Boston,Cool the Engines,c2ef7f6f-f571-40ae-89a9-55066fcc4c88
1986,1986,Boston,We're Ready,42f5c1ba-98f6-474d-8a56-25baf6e49ecb
1986,1986,Boston,We're Ready,eabe28d7-8679-4332-a7db-17cbf5366082
1986,1986,Box of Frogs,Average,68c5decb-5c58-4418-916d-1f1765c61916
1986,1986-01-25,Boy Meets Girl,Heartbreaker,3467b0d5-7299-45cb-b59f-37a452661977
1986,1986,Boytronic,You / Bryllyant,72666795-2c4b-35c4-859f-2c2d21d079dc
1986,1986,Bozi Boziana & l'Anti-Choc,Bézi / Explication Sissi,e1538ddc-00b3-4ee7-ab6a-6ab328a3a3a4
1986,1986-09-29,BOØWY,B・BLUE,8de50024-f273-4ae5-8733-ca73175fff8f
1986,1986-01,Breathe,Don’t Tell Me Lies,bc67d034-03d9-3405-8c28-231b0f4075d6
1986,1986,Breeding Ground,Happy Now I Know,57862106-76be-45a1-99ad-d2ce686d2a4f
1986,1986,Brenda K. Starr,What You See Is What You Get,6b38842f-f5e1-4db2-82ef-5f2cf12fc623
1986,1986,Brendan Croker & the 5 O’Clock Shadows,That’s the Way All My Money Goes,db9614fb-5c7e-466b-a487-dbf4809838f9
1986,1986,Brian Ice,Tokyo,e04bbddd-fd1f-4359-8702-a262f31b0965
1986,1986,"Brian Spence, Chris Sutton, Smiley Culture, The Velvet Underground",Polydor Presents....,ea07756b-b8c3-4aab-ad26-4d6a49df8041
1986,1986-07,Bricklin,Even When You're Done With Me,6f7475e7-8ba5-461e-8727-59ce740471a7
1986,1986-02-24,Brilliant,Love Is War,0d3116b5-4a32-422b-b715-b77d39b2b188
1986,1986,Brilliant,Somebody,9e53ea11-3247-4769-99c4-3bd2f34dcc06
1986,1986-11-03,Brilliant,The End of the World,4f1e08d8-0549-4351-9157-9992198c3ae7
1986,1986,Broken Homes,Steeltown,d6e35cdb-26c7-4f6a-9977-14c484003680
1986,1986,Bronski Beat,C’mon! C’mon!,5d16a742-9b8b-43aa-9943-62a097323a1b
1986,1986,Bronski Beat,This Heart,be0f9993-d3ae-470c-b38b-2502fb516972
1986,1986,Bronze Face,Commando,b0b2bde4-878b-4c0e-ad59-5ddb116f1519
1986,1986,Brother Beyond,I Should Have Lied,b4315f57-0de9-49bc-87db-10e5022da257
1986,1986,Bruce & Bongo,Geil,87c19862-e906-4d5d-bea4-f93e86310dfa
1986,1986,Bruce & Bongo,Geil (Der Remix),27d6890f-4421-49b6-beae-badd954d5cd6
1986,1986,Bruce Hornsby & the Range,Mandolin Rain,6ab8e0f4-4a96-4950-8954-41fd88b85241
1986,1986,Bruce Hornsby & the Range,The Way It Is,14ac8f2c-7821-4986-aa42-ba475dd0b972
1986,1986,Bruce Springsteen & The E Street Band,Born to Run: Live,c69ff95e-c92a-410a-84b4-b1f06d01a89b
1986,1986-11-06,Bruce Springsteen & The E Street Band,War,0fd8cf85-56d3-4514-81c1-af99ef305e84
1986,1986,Bruce Willis,Respect Yourself,0201443f-a752-4d0a-b5ca-2740bf0b63f3
1986,1986,BRUNCH WORKS,A SUMMER PLACE,5084d0f6-b25e-458d-a3f8-0cc90c7bc8e8
1986,1986,Bruno Grimaldi,Retour de manivelle (remix),57c835a5-0d33-4fe8-8b57-bd9cda08a9ab
1986,1986,Bryan Dalmini,Badge / Golden World,a16eaf9f-7c09-439c-bb28-c27a6c2e797d
1986,1986,Bryan Ferry,Is Your Love Strong Enough (Extended Version),01f16d11-43a9-4fc6-81a3-9ffa05aaecae
1986,1986-05,Bucks Fizz,New Beginning,9352b99f-56c2-49d3-9958-89376dc5835e
1986,1986,Buckwheat Zydeco,Ya Ya,918be16c-3ee9-479f-8420-a1827a611027
1986,1986-10-21,BUCK‐TICK,TO-SEARCH,07aa0735-9772-3225-8469-3550d97d5318
1986,1986,Buddy Curtess and The Grasshoppers,Shout,29ff2cb6-3bd6-4e72-ae7d-df1eb91ad41a
1986,1986,BUZZ,Kennedy / Picasso,e429c11e-ee50-427d-9141-f473f81d02c1
1986,1986,Byron Sha,Sha Sha Fu Fu / Kitchen Reggae,0f22d7ab-05db-45de-b5ca-f1c187a2c179
1986,1986-08,BZN,La France,027c1e0d-50a1-42eb-9567-ff106468cd94
1986,1986,BZN,Le paradis pour les amoureux / La saison Française,9ba8ed2d-f669-407c-adae-af20b251245b
1986,1986-02,BZN,Love’s Like a River,251c74cd-a52f-43ec-9bbb-076b03c4a0ab
1986,1986,BZN,Waltzing Maria (live recording),6eccff8c-cc71-4daf-8083-95f7e3542477
1986,1986-12,Bérurier Noir,L'Empereur Tomato Ketchup,9691b36b-cf4b-33a7-a63d-0a97c87859d8
1986,1986,C Bank feat. Diamond Eyes,I Won’t Stop Loving You,e06de17d-f683-45f0-9868-7a06dff95e54
1986,1986,C.C. Catch,Heaven And Hell,8ddbc3bf-9aa1-4ed2-a29e-dabbaec2afcc
1986,1986-01,C.C.Catch,'Cause You Are Young,a3ee7bda-f489-497e-b2e5-c7ad48a75902
1986,1986,C.C.Catch,Heartbreak Hotel,7adcd584-1d73-44f6-9654-b1b1601cb220
1986,1986-03,C.C.Catch,Strangers by Night,05049b95-8737-4bad-8337-5567ae99ee1e
1986,1986,C.C.Catch / G. G. Anderson,You Shot a Hole in My Soul / Mädchen Mädchen,794748cc-00fb-4a98-a5f6-68068cc99b08
1986,1986,Cabaret Dubbel & Dwars,De vogelaar,2a3daaae-3a7c-436a-8c88-b3271c93d15b
1986,1986-07,Cabaret Voltaire,The Drain Train,5c205be3-ce6a-472b-8689-33a9001bbd94
1986,1986,Cabrel et Les Enfants,Il faudra leur dire,f32a18af-cf36-47eb-b0e6-b48ff8574210
1986,1986,Cactus World News,The Bridge,7df80b5b-26dc-4cfe-a7e1-1db977d8dcaa
1986,1986,Cadillac,Valentino,073ec93f-6bb5-4472-be52-1ef026212489
1986,1986,California,Volerei,94cc3661-ce0e-43b0-b9a2-8949bc18d4ee
1986,1986,Calimeros,Blue Jeans,4f90723e-4708-41cc-89f3-e93ac8bc044a
1986,1986,Calimeros,Einsam möchte ich nicht sein,b937ff34-5a7a-4e4e-8efd-1674a2d21c3e
1986,1986,Camaro's Gang,Bronx,23241772-23ee-49e2-980a-361ea651b061
1986,1986,Cameo,Candy,fbd7dfee-bd08-4bb5-9b34-51c013124870
1986,1986,Cameo,Word Up!,3000f352-7616-315d-a9fe-6fe7af77e06d
1986,1986,Camomilla,"Touch My Soul / Rainy Days, Lonely Days",9a71b682-bc48-46fe-9028-d844412e55d2
1986,1986,Camouflage,Oktober,ed338b9f-a4b0-4a41-9126-2b290363dd28
1986,1986,Camper Van Beethoven,Take the Skinheads Bowling,b5b53ca5-b9d3-3629-a4f2-34e6abb9364b
1986,1986,Canada,Mourir les sirènes,d706b78e-b4a3-3fb4-b0ca-5001fb679381
1986,1986,Careen Connection,Psychodelic Terror,2996590e-748c-4b75-86ee-e8b654916a14
1986,1986,Carl Carlton,"Slipped, Tripped (Fooled Around and Fell in Love) / Hot",172e04fe-db5d-37e8-8b5a-5807fdc4b318
1986,1986,Carl Lewis,Break It Up,4e09e403-434c-4ec4-88bd-7250739b7c9b
1986,1986,Carl Perkins,Birth of Rock and Roll / Rock and Roll (Fais Do Do),b3c8144b-bd72-47f8-9b63-a381e9461502
1986,1986,"Carl Perkins, Johnny Cash, Jerry Lee Lewis, Roy Orbison",Class of ’55 / We Remember the King,6c3e807d-e89d-4a30-b10b-4d8ddf0b521f
1986,1986-08,Carly Simon,Coming Around Again,93498f61-f295-3c1a-a277-f1b2cc5df8b3
1986,1986,Carly Simon,It's Hard to Be Tender,906cd8e3-3084-458f-a98f-58139acb0961
1986,1986,Carnavalsvereniging Zullie,Zon in je leven,69eab4d1-e942-40a1-9773-19a2965d8968
1986,1986,Carol Arnauld,C'est pas facile,2217a088-6752-441e-a4fd-072ca6fca81c
1986,1986,Carol Shinnette,Christmas Is for the One You Love / Christmas Time (Come Dance with Me),dbf0bdf0-6894-41b1-9ab2-800ac1107188
1986,1986,Carol Williams,What's the Deal / Have You For My Love,0ec40dc8-9023-4304-8357-cd2be0a13632
1986,1986,Carola & John,Onder de rode lantaarn,7d8b423c-f423-45e7-8928-cf1e2d7b1988
1986,1986,Caroline Loeb,C'est la ouate,2f6fa6d0-3ead-3b99-ae80-932caa031f56
1986,1986,Carolyn Harding,Memories,a8ba2769-15ef-4edd-85c8-b3533316726a
1986,1986,Caron,Out Of The Night,30c41531-317b-403a-8941-751e4596511f
1986,1986,Caryl Parry Jones,Does ’Na Neb Yn Anfon Blodau At Lavinia,2a0eb6be-27f3-4e65-ac83-114c58ea9a7b
1986,1986-04-10,Casbah,Russian Roulette,76870cf8-d227-4381-a5af-798d09137509
1986,1986,Casiopea,Something's Wrong (Change It),661e0db2-f239-4d6b-8566-7d9442a29091
1986,1986,Catherine Lara,Au milieu de nulle part / Étranger,42261113-d6bd-47d9-b177-f290d52b85e6
1986,1986,Catherine Lara,Nuit magique / Au milieu de nulle part,ac75348f-e226-48d3-ac95-d1f1419665b3
1986,1986,Catherine Ribeiro,Plus de reproches,571f0866-496d-405d-8e8d-c1fc4b6d1e51
1986,1986,Cato Sanden,Let's Go for Freedom / We Are Tonight,e26f4892-f478-43fe-a6db-e2be98876b22
1986,1986,Cats,Forelska igjen,b1548d11-79a8-4cd5-bc92-ecd21e985871
1986,1986,CCCP,American-Soviets,3b466e9a-9231-48c2-b206-90d2d1a365a7
1986,1986,Cees de Wit,Eeuwige liefde / Leef je leven,df66ef6f-30b1-4653-95e5-e6f010c74723
1986,1986,Centerfold,Dictator,dfb502ad-953b-4240-bb34-0d3c72e580dc
1986,1986,Century,Gone With the Winner,9237771e-463e-4e3d-902a-76ae33f00c0f
1986,1986,Century,Jane,fb439a21-a75e-4ae7-bb9e-39e037b78cf9
1986,1986,Century,Self Destruction,b63e5eb9-31b7-4678-8caa-fb5b55f47182
1986,1986,Cerrone,"Oops, Oh No!",54cd5efc-d1f4-41e1-9b5d-13730a35c4cc
1986,1986,Cerrone,Supernature 86,9e28e990-c234-45a5-b0ef-1865c67d828e
1986,1986,Chad's Tree,Crush the Lily,d170a960-82a2-30a2-9e4d-1e3a407b3a66
1986,1986,Chaka Khan,Earth to Mickey,8367420c-5fb1-4a6e-9ef4-b6c6a1a510dd
1986,1986,Chaka Khan,Love of a Lifetime,c2c2abc0-e7d6-4f97-b271-d3bf0e852e17
1986,1986,Chaka Khan,Tight Fit,777f30e4-2e3e-4408-8715-b989b40eb2bc
1986,1986,Chakk,Big Hot Blues,11ef01ce-d761-43c1-9dce-60dde76a98b1
1986,1986,Chakk,Imagination (Who Needs a Better Life),03d2ca6d-94e6-4df0-a918-cfeaf2b99957
1986,1986,Chakk,Timebomb,f00f8aa7-53b2-46d0-a343-ebc9cb28a966
1986,1986,Chang,New Life,3b536361-9f45-4c2a-aad5-3159f3acbbb4
1986,1986,Channel 5,Young Girls Talk Too Much,f09775b4-c96d-404a-b0e4-9e31f80c063d
1986,1986,Channel One,Technicolor,1b7420db-b7a2-35d7-81a4-e5341a2ed645
1986,1986,Charles de Goal,Dancing,eec73be6-2045-4fc7-974a-2a4a42ce3613
1986,1986,Charles Linwood,Mary Go Round,70405d64-87f3-4b02-a5cb-07ed86659b26
1986,1986,Charley,Métisse,bb1e741c-d324-46ce-b638-1b513665ff12
1986,1986,Charlie Sexton,Beat’s So Lonely,50ca0e81-1d14-4b1f-9fb8-dfd843b7f575
1986,1986,Charlie Sexton,Hold Me,0f3f0336-752e-4902-9564-f09e1a423371
1986,1986,Charlotte Gainsbourg,Zéro Pointé Vers L'infini / Oh Daddy Oh,4196edcd-0ce1-4b48-a053-759ab1170620
1986,1986,Charlotte's Web,Big Letdown,e2254e1e-902b-4fd5-8afa-1a7932bc4705
1986,1986,Charly Kriechbaum,Liebe / Heut is heut,19e40df6-024e-4a67-b3f6-ca0c4e9c87c2
1986,1986,Charly Kriechbaum,Traumtänzer sind...,a83a272d-2ecf-469d-9548-524601a8fd33
1986,1986,Charly Kriechbaum,Wunder passier'n,465020ac-9ac8-4d8b-82cc-4504397da7f4
1986,1986,Charlélie Couture,La Suprême Dimension,6ffcedfc-5e0a-4c2e-9bdb-4b3cf80fd4c4
1986,1986,Charta 77,Out It's Still Dark,ec8c545c-6836-42c1-8fd0-673800fe5725
1986,1986-11,Cheap Trick,It's Only Love,b252bacb-cdc6-44b0-88ac-0a5078ef2cf1
1986,1986,Cheap Trick,Kiss Me Red,5f558091-c1ee-47cd-9c07-ee1683236203
1986,1986-06,Cheap Trick / Harold Faltermeyer,Mighty Wings,cd5adec4-d7ca-4bda-9b4e-9def53b1e83c
1986,1986,Cherrelle,Artificial Heart / Oh No It’s U Again,12edc48f-840d-4136-a342-e4855a0aafa9
1986,1986,Cherry Laine,Jungle Lover Boy,47a0076a-da0c-41f5-8e6b-b8aea2eecf09
1986,1986,Chicago,25 Or 6 To 4,836f1be6-463b-417d-9157-c278692c645d
1986,1986-10-24,Chicago,Will You Still Love Me?,a3b7a8e2-9e88-468f-abf3-7efaba04e2b5
1986,1986,Chick Hearn,Rap‐Around / The Popcorn Machine,db28f57a-9a63-4d90-961a-036b5ec27174
1986,1986,Chicken Charley,De dikke‐nekken square!! / Brigitte’s square‐dance,6de423dd-a5b4-4e9d-9909-acc14344aaa7
1986,1986,Chicken Charley,Gras op onze buik!!,cbc27fb8-cc33-4bc7-8244-fab1dffc8e7e
1986,1986,Chicken Charley,Merci... Bedankt... Tot wederzien!!!,634680e6-6361-41f4-9b6c-550d7ea1c99f
1986,1986,Chicken Charley,Met m’n jo‐jo in m’n hand,0729f150-c57a-416d-83f4-2428f6513512
1986,1986,Chicken Charley / De Romantica’s,Da’s ’n fluitje van ’n cent / Memories,f0a9ceb5-ee51-4139-81f0-73c52694ad87
1986,1986,Chicken Charley / Jan Petat,Tussen pot en pint,b4f3f181-3e04-4fa8-a38f-51e9614273a8
1986,1986,Chico DeBarge,Talk to Me,358b5271-ef05-43c5-9d4a-3b35aa861d65
1986,1986,Chicot Doris,Pou Tenn' Yo Toujou Di' W,a4065e89-c194-460a-b9da-d4ebc606e5ec
1986,1986,Child of Aruba,Promises,b2d4247b-c0e5-4903-b36b-c6ca0ac7a819
1986,1986,Child’s Play,Red Hot / Stranger In Love,d3a1b0a3-07ff-4651-998d-23874e197ca4
1986,1986-07,Chim Chim Cheree!,Senseless Truth / Necessity,05503995-2ee6-494b-849b-93d3ca5572ed
1986,1986,Chin-Chin,Stop! Your Crying,22869bcf-bfef-4b4e-b811-6ffc33d03f34
1986,1986-10,China Crisis,Arizona Sky,49ebb665-dcdf-4711-8909-c3504eb1cac0
1986,1986,Chip E.,If You Only Knew,d37c00f6-47ab-35f3-89c1-24f29bbeb78b
1986,1986,Chip E.,Time to Jack,bb45bb11-5a83-4f9c-a78a-a655c0737f2a
1986,1986,Chiron,Don’t Lose Your Faith,2906e200-38bd-4875-ae17-1ca9d45ab6c4
1986,1986,Chris Clark,Don't Play That Song,d13bba82-362c-4353-aba0-c420fcc53468
1986,1986,Chris de Burgh,A Spaceman Came Travelling (new version),90ad4929-c68d-4b0a-8744-5800da42ded2
1986,1986,Chris de Burgh,The Lady in Red,52c1a132-903e-4609-99de-dee58acd8110
1986,1986,Chris de Burgh,The Simple Truth,5565803a-90f0-3572-a564-6ca29d7ff25f
1986,1986,Chris Louis,Bobby Boys,b716efc9-77a4-4b41-8706-87c905229701
1986,1986,Chris Norman,Midnight Lady,21906514-37ca-45b5-bc7d-e91a5bb901ae
1986,1986,Chris Norman,No Arms Can Ever Hold You / Hunters Of The Night,15c70268-3c33-4bc3-9179-0826c7f65545
1986,1986,Chris Norman,Some Hearts Are Diamonds,19dddf15-cf74-4458-bb9c-e7c7eece99e6
1986,1986,Chris Norman / Enrico Ruggeri,Midnight Lady / Non È Più La Sera,6dc1e257-0d81-4823-8c71-f4cff2c70876
1986,1986,Chris Owen,Wind of Change / Shy Like an Angel,56d99c92-f1e9-40fb-a2f1-f51d1ae056ad
1986,1986,Chris Rea,Driving Home for Christmas / Hello Friend (Re-Recorded),dcd22f78-aac2-37c6-b55e-96cba448e259
1986,1986,Chris Rea,It’s All Gone,c0fa1641-a123-4b52-9e0c-363a4a4e2f37
1986,1986,Chris Roberts,So wie du,2e0b7cf5-8f38-3e24-a1a0-974afeb8ab1f
1986,1986,Chris Thompson,Love and Loneliness,a4ecbe32-a586-4a53-85f3-1242ba1ccb1b
1986,1986,Christian Anders,Die Mauer,5c9e3a8c-ed93-4959-a40e-eaaf4d210b0e
1986,1986,Christian Anders,Liebe fragt nicht,e88da6ba-fbc7-4dff-93cf-dfa08aaa6fac
1986,1986,Christian Christl & Johannes Christl,Dancin' Boogie,bc0c98a6-5d81-40a5-ba8c-6135dbfa04a9
1986,1986,Christian Death,Believers of the Unpure,fca60c54-fd8f-4ac8-baf0-2316cc7e83be
1986,1986,Christine Collister,Warm Love Gone Cold,9c71093f-e5ea-4e4f-a01f-c3a1ca4108d8
1986,1986,Christine Roque,Premiers frissons d’amour,b422dbd7-f36d-4f8c-a8d7-3b71406bd79c
1986,1986-06,Chumbawamba,Rich Pop Stars Make Good Socialists,230beb6d-663d-404e-818e-443492d728dc
1986,1986-11,Ciccone Youth,Into the Groovey / Burnin’ Up,37bbdfc7-6865-3ffe-8205-1af9e26d816f
1986,1986,Cinderella,Nobody’s Fool,b0f6a08d-73ff-3686-9540-a1d6112f92ad
1986,1986,Cinderella,Shake Me,5f58f23e-cc38-3a4b-b2a3-ed5097f4d2ae
1986,1986,Cinderella,Somebody Save Me,dfe63ccf-3b0f-3b9c-a62a-0a41b45bb7cd
1986,1986-03-25,CINDY,Think Your Love Away,df02dee7-1060-4c0a-a0cd-5ef0b7fdf956
1986,1986,Cindy & Bert,Noche de luna,1e0116d7-9836-47fd-9a44-67d162def8cc
1986,1986,Cindy & Bert,Schenk mir diesen Sommer,0a4f2a16-aa64-4c01-8a3d-19da98e431fc
1986,1986,Citizen Ships,窓辺の夢／遠い世界,8a34d0db-de65-4176-91cd-76f98dadcb8f
1986,1986,Clad,Song Of Arabia,c3a2856e-1ea2-4e4a-8b5f-d37a133e3a33
1986,1986,Clannad,In a Lifetime,a2460ebc-ba97-40bf-b9cf-89bde0c84962
1986,1986,Clarence Carter,If You Let Me Take You Home / So You’re Leaving Me,0f762c5b-d960-3872-a719-2f950b0293b8
1986,1986,Clarence Carter,Strokin’ / Love Me With Feeling,2a825fde-4feb-3515-a9c0-f2cbdbe0164d
1986,1986,Clarence Clemons,I Wanna Be Your Hero,a68fa696-a0d4-414c-9a02-a8b9b8593b94
1986,1986-06,Class War,Better Dead Than Wed!,3c7e0c52-4c01-341f-87e3-9bcbe59fd38b
1986,1986,Claudio Baglioni,La vita è adesso,a6df7027-8d1d-4933-97de-94dd2b69e61a
1986,1986,Claudja Barry,Down and Counting,2505266a-beca-40a1-b75f-03ed9768482e
1986,1986,Clausell,I Will Be (What You Want Me to Be),489ddab4-a2d3-4342-b1bb-ced6b18ec2b7
1986,1986,Click Click,Skripglow,6fb14f47-6e80-3056-bcbb-9985e4856670
1986,1986,Cliff Richard & Sarah Brightman,All I Ask of You / Phantom Overture Act II,7eb18bb7-a3c1-4273-84c8-ddf85935f903
1986,1986,Cliff Turner,Moonlight Affair,62a904ca-2c7c-4dec-b47c-f63e34fa4b8c
1986,1986-08-26,Climie Fisher,This Is Me,9b1474d8-f2b3-492d-9ec7-5338ef518d22
1986,1986,Close Lobsters,Going to Heaven to See If It Rains,6795a0e1-07a1-4ba1-8014-3330ac22e35b
1986,1986,Clowns & Helden,Ich liebe dich,527739e8-3a64-4982-8c0e-d1de11e27806
1986,1986,Club Nouveau,Jealousy,2ef015d1-be3b-4276-8a74-150d1e8805b3
1986,1986,Club Nouveau,Lean on Me,8cf94492-5425-43cd-8e34-ea112eb610da
1986,1986,Club Nouveau,Situation #9,a36ee46f-da0e-48e8-9e06-95e646c3b35d
1986,1986,Cléa,C’est écrit dans les livres / Filou,0616ca03-ba3c-4fe0-8b52-765c247035d4
1986,1986,Cock van der Palm,Waarom / Je weet het niet,09777f4e-65f9-4532-948b-7aef53d1a0ab
1986,1986,Cocker,Don't You Love Me Any More,c789425b-93a4-48e8-b08f-cd066fb29942
1986,1986,Cocktail Chic,Européennes,a900bec1-5322-46a4-a527-980eb5ac25ba
1986,1986,Coco Girls,On préfère les rigolos,febccde8-eb51-42eb-be1b-60f920ee1322
1986,1986,Coldreams,Morning Rain / Eyes,2122eb7f-a0c5-42f8-a0c7-bd00a04e84b7
1986,1986,Colin James Hay,Hold Me,b65f7a09-bb1e-46ee-b82b-1a09019f26b3
1986,1986,Colin Newman,Interview,b34f2014-6291-4160-bd03-1e3b439d4371
1986,1986,Colinda,Jouw rode rozen,f9248659-4876-4793-b593-1849b4b17abb
1986,1986,Colinda,Voor jou zijn al m'n tranen op,d390671e-fabc-4855-9807-f1968454ea8c
1986,1986,Collage,La mia anima non te la do,03470c31-4a40-4ef9-a0eb-e9c0b0616364
1986,1986-03,Colonel Abrams,I'm Not Gonna Let You,b0ae1e0d-242e-4aa4-9cf4-7ad2bc19d11a
1986,1986,Colonel Abrams,Speculation,aaee5fe8-28be-418d-bd61-7e7b01cda508
1986,1986,Colour Moves,Trees,0addecfe-2288-4a48-9fb8-8d4134e56f26
1986,1986-04,Colourbox,The Official Colourbox World Cup Theme,234ee2b9-d33f-4eae-81b2-27800aff218d
1986,1986-04,Colourbox feat. Lorita Grahame,Baby I Love You So,0ca569b4-a1f0-41d5-9842-db6f4f567e34
1986,1986,Combo Gill Martin,"Dit is je laatste kans, schat",17745ffb-715e-49a6-84ac-7ea9cc4764d6
1986,1986,Comic Relief presents Cliff Richard and The Young Ones featuring Hank Marvin,Living Doll,2b6efaed-7f9d-3b59-b3d3-c67763451783
1986,1986,Commando,Shoeshine Boy,ad274787-5ff0-4ddd-a8b9-25adc1a8ff22
1986,1986,Commando M Pigg,Lonely and Cold,59b6fd58-819e-4575-bc17-3112ff79c6e9
1986,1986,Commodity Fetish,The Through Line / Iron Hop,6d845e84-e970-48c5-b04b-432c5e942a94
1986,1986,Commodores,Goin’ to the Bank,e0bf7b96-d655-4bc4-a2eb-2dab6ef1c42c
1986,1986,Commodores,Goin’ to the Bank (Credit Card mix),723e5242-bb22-4dca-b636-add5949adf45
1986,1986,Commodores,Take It From Me,7dd678c2-d1bf-4936-8a0d-1bb391e2332c
1986,1986,Communards,So Cold the Night (remix),0e671c19-ce1f-4a9a-9a30-0466cc979cbe
1986,1986-08-11,Communards with Sarah Jane Morris,Don’t Leave Me This Way,b7e1eccc-5967-3ce3-bbdd-7a1c7cab1ebb
1986,1986,Company B,Fascinated,3c613538-8285-3ca7-87b2-03f730053835
1986,1986,Company B,Jam On Me,0613669a-b84c-4b23-95fd-909184217d2c
1986,1986,Con Funk Shun,Burnin' Love,16cba359-2ed3-3510-9167-9d8eded39e46
1986,1986,Conjunto Caribeño,Nina / Compay José,6c9044f6-5da9-47cb-8e05-92c6cd7f9f2c
1986,1986,Conny Vandenbos,Wat is nou geluk / Krokodil,d968d4db-04b6-4e6b-9d20-453e9ef49da9
1986,1986,Conny Vink,Bananas en ananas,08160912-a372-4689-8ceb-5e3f9da47516
1986,1986,Conny Vink,In Moskou,999b68f8-8c97-4d04-8afc-84636f27cf60
1986,1986,Conrad Johnson,Addicted to Your Love,3ceb7184-71d9-4510-8b9a-1616b6e527fa
1986,1986,Contact,Schwarze Madonna,bb069ccd-6cc3-4baa-a3f1-a7285c02deca
1986,1986,Continental Research Orchestra,Naboko Samba,ff888a0a-a556-4a5d-b3aa-5c6e32e3a793
1986,1986,Corey Hart,Angry Young Man,95509fc8-fdfa-4258-b759-315e4ae197e7
1986,1986,Corey Hart,Can't Help Falling in Love,d0c5b19b-31fa-48ba-a2ec-8bf09ea02fea
1986,1986,Corry,Alle vrouwen van de wereld / Geniet van het leven,c2843140-d4e2-41a5-bf18-769eee415936
1986,1986,Corry,Bye Bye My Love / Ik wacht echt op jou,c1a5f283-6cd3-4c4a-9201-3c92a5bf980a
1986,1986,Corry en Koos Alberts,Ik wil altijd bij jou zijn / Zonder jou,b3ab2375-b42e-47c5-bae7-2d45f6e2f0b8
1986,1986,Cortex,Animals (... Looking at Me),36b53a0f-d2d4-494e-b105-960b6a3fb433
1986,1986,Corynne Charby,Boule de flipper,d73ab1d9-e595-494a-a932-556832654e62
1986,1986,Cosa Rosa,Puppe kaputt,52d7f6a1-9c78-4bc5-9b33-fd7a01483a85
1986,1986,Costa Cordalis,Auf die Ski und los,ec39cf91-4093-4766-8477-2d33411c1c94
1986,1986,Costa Cordalis,Hast du Zeit für einen Traum,dd416f84-bc07-40fd-b0eb-146ca0c8ef47
1986,1986,Cosy,Dromentrein,105a7b1d-f4b8-4b96-849e-d8d5be6d0fa0
1986,1986,Cosy,Dromentrein,3a7dfe76-52e3-4600-a6ef-74e68fd6ae3c
1986,1986,Couch Flambeau,We're Not So Smart,2c8dd5fc-61ab-4ae8-b702-38b80713db7b
1986,1986,Cox,China,78f98add-a32b-4ffa-88d4-21c8f4e08fe2
1986,1986,Cris Life,No More Light,e031cdb6-4f38-47ae-85a7-2c53f92aacc7
1986,1986,Crowded House,Don’t Dream It’s Over,6a4b3fd2-e44e-3654-a619-f9245eb21cce
1986,1986-06,Crowded House,Mean to Me,419e19ea-d9b6-3081-86b4-ecd08ab239c2
1986,1986,Crowded House,Something So Strong,5ba2d382-1c12-38b7-a1b3-1cbf10d98015
1986,1986,Crown Heights Affair,Make Me the One,01d48b47-f76f-469d-8ca5-db33624e677d
1986,1986,Crysalis,Down to Africa,7c149264-5779-43f2-9e4c-7c9502ddbadf
1986,1986,Crystal Gayle,Cry / Crazy in the Heart,21bd7820-d8ae-438b-9d51-42ac17de2d22
1986,1986,Cuarteto Continente,La suavecita / A paso lento,669e60b5-ed55-49c4-8dce-42add60568a9
1986,1986,Cuarteto Continente / La Trombanda de Chick,Llorando se fué / Yo la queria patita,20c26841-ec27-41b4-9595-5e11586f83ab
1986,1986,Cube,Love's Taboo,a34bf60c-f763-4c85-85aa-6cfcf9ae9ddb
1986,1986,Cultural Vibe,Ma Foom Bey,b795ecbf-7a78-4d2c-ae18-1029d1ebafda
1986,1986,Culturcide,Santa Claus Was My Lover / Depressed Christmas,f056879a-c0e8-489e-9bc2-acca18aab11b
1986,1986-05-12,Culture Club,God Thank You Woman,9833cbd4-c78a-33b1-b761-f504f8798991
1986,1986,Culture Club,Gusto Blusto,3e879237-e11c-3be2-88c6-9e286afdcf26
1986,1986-03-03,Culture Club,Move Away,d4c81d87-9dbb-3bb0-ab2a-25c6f0540fce
1986,1986,Curiosity Killed the Cat,Down To Earth,33990b60-fdce-4621-a714-3dab392f89f8
1986,1986-08-08,Curiosity Killed the Cat,Misfit,ea4fc151-44f4-432a-8953-b05f97e30eff
1986,1986,Cut Master D.C.,Brooklyn Rocks the Best / Santa's Beat Box,a7da3d7d-9f44-438b-85b4-f2203759bbf5
1986,1986,Cutmaster D.C.,Brooklyn's in the House,01f7244b-1df9-49c2-9643-816ae500b711
1986,1986-07,Cutting Crew,(I Just) Died in Your Arms,481a13cd-122a-3327-8ea9-347a5a776fe5
1986,1986,Cyber People,Doctor Faustu's,8860624e-c3fe-4f09-8d7f-9b541c490f2a
1986,1986-11,Cyndi Lauper,Change of Heart,e63406e0-2bad-4c10-b057-10ec674d8fa3
1986,1986,Cyndi Lauper,True Colors,43d66de6-d2fe-433e-af7f-cd3643b89e8c
1986,1986,Cyndi Lauper,True Colors,b412a377-539a-4c12-a538-6ffb5e956842
1986,1986,Cyndi Lauper,What’s Going On,31ff4a6f-44dc-41dc-8ca4-b2926048ce36
1986,1986,Cyndi Lauper = シンディ・ローパー,Boy Blue,64c13f26-f7a0-4e48-9019-0df5e77bc8d1
1986,1986,Cyndi Phillips,Sacrifice,bb45ac35-7022-472d-9dd3-3b91ef2a3549
1986,1986,Cynthia Roundtree,Got to Be Next to You,915066ab-0f15-4adb-a191-ed2562995e0f
1986,1986,D-Rock-D,My Fresh Nissan,5560192d-c74c-3404-9507-72c4ab9497d9
1986,1986,D. Connection,Easy to Say,20cb9210-1c7b-4878-99fb-6cc9311987f2
1986,1986,D. K. Family,Can't Stop Now / Fang Mich Auf,f4811b36-2635-4b69-8b38-ca6e6a9792bf
1986,1986-11-10,D. K. Family,Dschinghis Khan Vol. 1 (Family),b41bffa5-520b-4ae6-88eb-3aaa17aa4742
1986,1986,D.J. Polo & Kool G. Rap,It’s a Demo,7de8951c-8ffd-3627-9fc0-1c97680e2c85
1986,1986,D.S.M.,Destiny Remix!,b958b3d1-0e81-4d40-9061-e5d48780afc5
1986,1986-04-02,DA BUBBLE GUM BROTHERS,潮時・ポーカーフェイス,41731f85-a241-4864-80b8-7958f7f553c9
1986,1986,Da Yoopers,Rusty Chevrolet / Smelting USA,be6f85c3-e6d5-4973-92f7-04d16b9a31f3
1986,1986,Daco,Mighty Quinn,d5bdd2d8-f7f8-48ff-899c-31978b09c1fb
1986,1986,Dad & the Boys,Feel It / Kamikaze,23c3232e-b223-49e7-bf76-dd736ce160fd
1986,1986,DAF,Pure Joy,5e1e06f6-f48c-4d46-8f6c-8b416af1a7cc
1986,1986,DAF,Voulez-vous coucher avec moi ce soir,915bc814-894b-38f1-9c65-a67b6b4d536b
1986,1986,Dagfinn,Mary Jane,b922d676-e302-4d15-883f-b8109081fb4b
1986,1986,Dalida,Le Sixième Jour,b7bf605a-dde6-4b9a-8bc2-67946dbb5b64
1986,1986,Dalida,Parce que je ne t'aime plus / Salut salaud,cf055a21-0e3d-4c52-aa81-dd5bdc3bac8e
1986,1986,Damian,The Time Warp,04f62daf-5a46-42a8-af51-8c2cb0134529
1986,1986,Dancing Hoods,Blue Letter,80fb6909-d008-4d7e-9874-89d94f8d4309
1986,1986,Daniela Simons,Nee voor mij,8b2d4fe1-2ed6-4fda-966d-038bd6a11b10
1986,1986,Danielle Dax,Where the Flies Are,7e51c6a6-3e6a-39ab-a273-bddcd587f4f2
1986,1986,Danny and the Doorknobs,In Exile,f1c5dc35-d68c-40bc-934d-4ba178602c2d
1986,1986,Danny de Munk,Ratsmodee,f65d5dc2-1293-4315-9355-e3ade482b472
1986,1986,Danny Keith,I Feel Right,6de9db55-63f1-4db4-a169-0e43f908a717
1986,1986,Danny Wilde,Isn't It Enough,253988b9-dfbe-4e0a-86ac-b301c93b7ed5
1986,1986,Danou,Danou Chante,cc029f3d-391e-4c3c-88ce-9bad04e5e711
1986,1986,Dansdepartementet,Catch as Catch Can,d52ab5e1-fb39-4a4b-ae5c-03fceb508b0b
1986,1986,Darlene Love,Today I Met The Boy I'm Gonna Marry,f304f1d5-be8c-4ea1-888f-d7518f6af0e1
1986,1986,Darlene Love,Wait Til' My Bobby Gets Home,44c6a4fd-2f9a-4b5d-b48e-5b40656ee1fb
1986,1986,Daryl Hall,Dreamtime,07635545-d2d0-4bcc-9775-8a67c676afb9
1986,1986,Daryl Hall,Foolish Pride,5eff9416-a985-4748-89d4-b4edc424624f
1986,1986,Daryl Hall,I Wasn't Born Yesterday,6a095ed0-9d66-48e7-91c4-9b56779f0fb6
1986,1986,Dave Daffodil,Band Stand / Steady,896c335b-6734-47d6-bb67-46c291357b0f
1986,1986,Dave Daffodil,Sambossa / Daddy's Comeback,4617f541-5313-427c-b75d-d4609898d804
1986,1986,David + David,Welcome to the Boomtown,7b407786-5caf-4b4a-9a5c-f5cafc27aa03
1986,1986-03-03,David Bowie,Absolute Beginners,49cd95e9-3b3f-3a49-83f8-af7552219aec
1986,1986,David Bowie,Magic Dance,06004007-50e0-46df-b144-f0c1acfdeae6
1986,1986-06,David Bowie,Underground,17980756-e7cc-421b-afb3-673e3d179949
1986,1986,David Bowie,When the Wind Blows,564125bb-23a6-4e97-958c-f3819f359db2
1986,1986,David Essex,Back in England for Christmas,7950214e-f8f8-409d-941e-2415e60f11ef
1986,1986,David et Jonathan,Bella vita,10510a53-73e0-49ea-a9da-8bd628fdef48
1986,1986,David Koven,Ne me dis rien,ca2ce9e0-6575-4773-9077-b88cc77c9387
1986,1986,David Lee Roth,Goin' Crazy!,70fd579d-1fbf-4799-b25c-a5c6e07eb3f4
1986,1986,David Lee Roth,That's Life,9a9a3917-6897-4ab2-9966-27e405dcda51
1986,1986,David Lee Roth,Yankee Rose,3dd532c3-fad1-4a68-a445-ddef6b18ebb0
1986,1986,David Lyme,Bambina,8c60c11d-fc7c-4d35-a6a6-5851472be0d1
1986,1986-08-09,David Sylvian,A Little Girls Dreams Of Taking The Veil,f5291bb1-a473-4f7c-890c-e6f83e1a08e1
1986,1986,David Sylvian,Silver Moon,838a35c9-e19c-41c7-ae14-36c208d63b06
1986,1986,Days of Sorrow,A Thousand Faces,83749624-38f6-440d-b9ac-86b964b16a28
1986,1986,Dazzling Dee and Disco Dave,Dog Face,535ce9ee-506d-4599-8baa-3a72c9e7c137
1986,1986,DBL Crew,Bust It,902fd5a9-5e5d-46b7-adae-acdc8c07a12a
1986,1986,De Aal,"Yuppie, Yuppie / Yuppie b-kant",1d10bb27-b1e8-487d-aa90-4107c30d3063
1986,1986,De Alpenzusjes,Breek me de bek toch niet open / Cowboy Whisky-Dick,5226f1fe-9407-478b-b2f2-7699329db522
1986,1986,De Alpenzusjes,Speedy Gonzales in Tirool / Roadrunner op vakantie,ae33d237-8f9a-45cd-a9b4-4015c5f979ba
1986,1986,De Ariba’s,De Elfstedentocht / De âlvestêdentocht,8498137f-e2b9-4c43-925f-10094b26dfc3
1986,1986,De Beitels,Met de buurman naar ’t cafe,f2f94c28-8e45-42b9-9a95-4578ffbd36cc
1986,1986,De Bläck Fööss,Party Service (Spezial Party-Mix),b18d7658-4218-4389-b784-5443141ff71e
1986,1986,De Bläck Fööss,Party-Service,bd2653b8-a374-4c06-864b-d6f745f3ff69
1986,1986,De Deurzakkers,"Kom op, we zetten alles op z’n kop",88ba07d0-f8e7-3373-a507-d9864614b7e1
1986,1986,De Doorlopers,"Evert, jij bent'm",61fb5089-d821-4da3-a6df-9c98a0a5ba69
1986,1986,De Dovalli's,Herinnering,455c5273-0534-430f-80b2-0963ffdfce67
1986,1986,De Dutch Boys,Ik hoal heur met mien brommer op,f315f6f2-112c-43fe-b9dd-db840d272acf
1986,1986,De Dutch Boys,Woar is mien fiets Katrien / Klaziena,018989b0-fb9b-4178-aa6e-bd730da3d074
1986,1986,De Germa's,Bananenlied (Er zijn vandaag geen bananen),a89cf071-7019-46c6-a2eb-b872614d580d
1986,1986,De Germa’s,De kanarie van Arie,3ffabdbc-be12-34fc-84c1-3298e4d471e3
1986,1986,De Havenzangers,De cowboy-dans,196a0371-a46d-436e-b8a2-65c9166f2ffa
1986,1986,De Havenzangers,We gaan door tot het gaatje / Ik ben gestopt met roken,23bcd251-b775-3053-b2a7-7466fe85c6d8
1986,1986,De Havenzangers & Maria Verano,Sleighride,85ff6cab-6534-4148-8a7f-d67e3f114690
1986,1986,De Höhner,FC-Leed,c4360df5-a46e-444d-a996-ec5c6be0493c
1986,1986,De Jordanezen,Terug naar m'n moeder,3786fb5e-efff-412f-8e4c-7e6cdc1e4bfc
1986,1986,De Keilers,Geef mij maar nederland,31a7c8f7-f01f-4ce4-b7f5-1f32f5e2db7a
1986,1986,De Kleine Piraat,Het strand van Mas Paloma's / Voor jou,fbf5eb3d-b82f-4177-b56d-3e289a0713bf
1986,1986,De Kleine Piraat,Ik ben niet gek / Jouw liefde is over,20447474-3bb2-42e2-a157-6d238cbfdb87
1986,1986,De Klokkestoelers,Onze liefde / Weekend,eb2f78cf-bfee-4b40-83fa-c4224db7bbd3
1986,1986,De Leino's,Het afwaslied,aa0ea391-d2bc-4c48-9909-21edc71d73af
1986,1986,De Lenco’s,Als het kikkertje kwaakt,a365f1ae-5dc3-48f8-b08d-04e6b1692a56
1986,1986,De Los Vast Band / Bonnie St. Claire,A Brand New Day / I’ve Got the Music in Me,4f5a25c8-bfb7-36f8-bf41-b3f5da36d5c4
1986,1986,"De Marlets, De Ridders Van De Katteköp / Guus Geluk",Shoenkele met hoare / Zie-de-gij-me-gere,f1df2b55-759d-4054-a8bd-7133374bb2c7
1986,1986,De Migra’s,Bij Rhenen zijn velen gevallen,82890720-6a43-4c3f-8ab4-f7c53bf9b610
1986,1986,De Migra’s,Ome Tinus,fd4ddbfd-0a00-4b57-ae38-e4df67a45f34
1986,1986,De Mossel-Mannekes / Johnny Blenco,Oh wat ben je mooi / Jij bent met goud niet te betalen,b6ebd2ed-cbdf-48d2-b1c7-52ce94e9a781
1986,1986,De Pintepakkers / Het Noordzee-Duo,"In elke stad, ’n and’re schat!! / Zilver draden tussen ’t goud",a28de242-5e6d-46bc-9732-5c68595f54b0
1986,1986,De Regento Stars,Hay die Marie,a262d944-8295-4f1f-9638-139924217f23
1986,1986,De Regento Stars,Waarom doe je dat nou,5b77426b-fff9-4d78-b0ed-94ccfc7dab71
1986,1986,De Roffels,Als ’n hemel zonder sterren,940d3752-d720-4689-bc30-4c71cf09e159
1986,1986,De Rogstaekers,Viva vasteloavundj / Met vastelaovundj,82ac014f-452d-49a1-b44a-6db270db5257
1986,1986,De Slijpers,"Wanda, ik ben zo verlegen / Wij zijn de sex-piraten",957c73df-ca07-4b12-a20e-12a34ef3ee87
1986,1986,De Spoetniks,Dat bruine cafe / Sprookjes,d9376ed3-d310-4c67-ba20-48c0d296ecc9
1986,1986,De Strangers,'k Zen zo gere polies,db1c496a-5140-4a05-bcb5-eed629a92e4c
1986,1986,De Strangers,Azzek op vakantie gon / Oeweddetgat,89a6f165-4d0e-491b-a7ad-44d3ca5d3951
1986,1986,De Strangers,Snooker-Maf,253b70a7-8af1-474d-84de-58827b0347ee
1986,1986,De Tempico's,Ik heb zo’n dorst / Loco Square Dance,ea9c4ff1-ddd0-4b0a-a1e0-5eccb6e477c8
1986,1986,De Twee Pinten,Geef ze allemaal maar wat van mij / De groeten van tante Cato,c06a3dc0-c7b3-445d-a308-8740a6196349
1986,1986,De Vrijbuiters,Aan de waterkant,87ceafa4-6288-4653-b9e1-cb9bd85d397a
1986,1986,De Vrijbuiters,Ik mis je,e46890df-304c-437f-93b8-aa4ea4894f47
1986,1986,De Vrijbuiters,Ik wil van jou ’n zoen,17fdc458-d638-4f49-8abc-77383ab1832c
1986,1986,De Vrijbuiters,Waarom moeten mensen elkaar zo haten?,f44131dd-b09c-4b01-b927-2334430de00f
1986,1986,De Vrijbuiters,Wanneer de rozen weer in bloei staan,a8260657-477a-40db-a503-ecb1670ffb0e
1986,1986,De Warme Bakker,Onze Warme Bakker,9e469e97-1e33-4ea0-942b-5cca2e2a05e4
1986,1986,"De wieker hofzengers, Truus Willems, Beppie Kraft, Den Ingel, Fietsefreem, De Pötsvrowwe, De Nachraove",Vriethofmars / Ach Merie,50225953-d28a-416a-8a13-7393786757a1
1986,1986,De Wiréri's,Ga je mee op vacantie? / Jij bent de enige,4f40a5f7-476d-4aa4-8ac7-b6257671a349
1986,1986-11-06,Dead or Alive,Brand New Lover,8192461c-49b0-48fc-a8c1-c8323fc68d96
1986,1986,Dead or Alive,Something in My House,020d2fe0-512d-4f68-b162-dd1fcf7b6ee6
1986,1986,Death of Samantha,Porn in the USA,34cdc9aa-451e-4751-a544-913fc4d916c9
1986,1986-12-16,Debbie Gibson,Only in My Dreams,27763802-4303-4320-b55f-15526d29559a
1986,1986,Debbie Harry,French Kissin,fee05773-e877-45d7-8509-66a8f4889b6c
1986,1986,Debbie Hartman,Where Were You (When the Lights Went Out),e9724983-2b57-4698-b58e-cb89c111596e
1986,1986,Deblanc,Monnalisa,29e34557-15d5-4a0f-9324-196297f8dca9
1986,1986,Decode,Planet of Youth / Amazing Waves,a5a57241-ba75-46e3-80ea-cf2421fa488e
1986,1986,Dee-Fecto,...Like Sombreros,5b82a7fe-b570-4a64-ab38-4b983194b9b5
1986,1986,Del Amitri,Charlie's Bar,6140da59-4f94-4a93-be18-0e877efba606
1986,1986,Delghetto,Josefina,2057f60b-5fa1-41f9-8d45-a2c02544f72d
1986,1986,Delicious,My Body and Soul,3f069721-21ef-4653-81dc-e72f359f5eec
1986,1986,Demented Are Go!,Holy Hack Jack,bbef2af2-ae69-4120-a89e-dfa761e9b8a0
1986,1986,Den Harrow,Catch The Fox (Caccia Alla Volpe),933f7b6d-8e62-4a0e-a4a4-27e0e68a761a
1986,1986,Den Harrow,Charleston,06cb5c07-deb8-4319-8c1a-030704f55b81
1986,1986,Denise,Tango,751a8124-5b89-4f14-934f-1cf283897498
1986,1986,Dennie Christian en Mieke,’n Avond om nooit te vergeten,d42e3a40-4d29-35c4-bfac-7365bd2aa1db
1986,1986,Dennis Brown & Leroy Sibbles,All for One,e3e3dcbd-ddd6-4558-8be1-ed35c23a1a69
1986,1986,Dennis DeYoung,Call Me,fb7c7e81-2c23-4e7f-acf0-1be1ea3ccad0
1986,1986-04,Dennis Knight,This Lonely Heart,8bc67963-5487-4de2-84ee-0315e2547435
1986,1986-05,Denny Laine,Hometown Girls,8454fe25-6cc5-4d5f-ba8c-beecc85ab275
1986,1986-11,Denny Laine,Land of Peace,29105827-9dd8-4b37-8324-a65d1c2c910d
1986,1986-04-14,Depeche Mode,A Question of Lust,93b4bc63-af6c-3461-90e9-23559ff1cdc2
1986,1986-08-11,Depeche Mode,A Question of Time,2b209d49-1ca1-3c8e-9dec-062ea98097a0
1986,1986,Depeche Mode,But Not Tonight,4bdf9141-0ddb-483b-8f6b-7289bc9cfd2f
1986,1986-02-10,Depeche Mode,Stripped,68733e5c-90ec-42bf-a3a9-35b45d7b4d08
1986,1986-02-10,Depeche Mode,Stripped (Highland mix),37ca725d-76b9-4e4d-8122-def3a0422e58
1986,1986-12-11,Derec Brown a’r Racaracwyr,Nadolig Llawen,73cc8f06-5c34-47c6-bea9-7b64d2bf6073
1986,1986,Derek Jameson,Do They Mean Us?,596b2994-0d3d-4e77-b114-dcb28371ef09
1986,1986,Des Dyer,Voice Of America,e2d80b89-cc34-4e88-b0b3-a098d2f464ce
1986,1986,Desire featuring Rae Flores,Crazy Over You,2a480f12-6dc9-4ebf-bef1-6cf2bb6acc61
1986,1986,Desireless,"Voyage, voyage",4d22414e-51e7-40df-9740-7d5d80d93f0d
1986,1986,Deuce,Radar Love,27af486a-510f-41e5-b7b5-fb5ad20b94bd
1986,1986,Deuces Wild,Hard Is Hard,99a7969b-c3cf-4e28-8df6-54e4991a3ea0
1986,1986,Devastatin' Dave,Zip Zap Rap,85fa1907-4e4f-45ad-8864-ea7fb65dbf2f
1986,1986,Device,Hanging on a Heart Attack,bd79f8b0-cd8a-46c1-a557-5fc709846b71
1986,1986,Device,Hanging On A Heart Attack (Dance Mix),b7eddcf2-37b2-4571-a413-48c939a99bb1
1986,1986,Device,Who Says,109eaf63-a2fd-4a43-a858-f756c63ad068
1986,1986,Dexys Midnight Runners,Because of You,0966bddd-9581-3405-bda3-60881503e9fd
1986,1986-03-15,Dhar Braxton,Jump Back (Set Me Free),1de62d8c-6cc0-4c05-a13d-d7735eefa93c
1986,1986,Dick Dickson,In The Pocket,1307cd9f-1821-4a97-bf81-fd3551595f96
1986,1986,Dick Schneider,Als een meisje moeder wordt,e7d78aae-c8de-48f6-88cd-c35f9cbc705a
1986,1986,Dick Schneider,In de wagen waar ik woon,a4e2d072-c8c7-439e-aef2-2f81920961fd
1986,1986,Dick van Altena,Mandy / Ik rij wel door,a352190c-85c5-42c7-9bb4-8213e8517572
1986,1986,Die Crackers und Flatsch!,Total daneben / Rückseite,ede71065-6024-4568-92b3-55e323f00614
1986,1986,Die Form,Slow Love,439a282d-e19f-491f-84dc-861d5d4ba75c
1986,1986,Die Goldenen Zitronen,Am Tag als Thomas Anders starb,60341568-3a6b-445e-9f44-95fa0843ee49
1986,1986,Die Schürzenjäger,Rote Rosen und blaue Augen,ca2442d2-e2e9-457c-aaa3-3cbe76d04518
1986,1986,Die Toten Hosen,Das Altbierlied,3576d898-9ca0-3237-8ef1-7a100bf8f2da
1986,1986,Die Ärzte,Für immer,7b58f487-8d61-3d85-bb7a-719b0ff3d97c
1986,1986,Die Ärzte,Ist das alles?,470dc2a3-8506-3c1d-8343-fff8fde2578c
1986,1986-06,Died Pretty,Stoneage Cinderella / Yesterday's Letters,6cc21fbf-32d0-4b63-bb4e-1729be780054
1986,1986,Different Faces,Telegraph,38e5285c-9106-4c5d-af53-8da33e30fee9
1986,1986,Digital Emotion,Jungle Beat,94aae943-9f50-4547-b2a9-cb85472b4309
1986,1986,Digital Game,Shake Your Booty,e8df752b-41ff-453c-ba0e-7e589d726e5f
1986,1986,Dingo,Juhannustanssit,72165670-0248-41f0-be6f-3d90af0fe073
1986,1986,Dingo,The House Without a Name,d1fa9b65-cf4e-4649-9798-3b71be60467f
1986,1986,Dio,Time to Burn,9d2e0abf-b611-48ff-a949-e002c983607a
1986,1986-01,Dire Straits,Brothers in Arms,c42d8faa-270e-37ff-a14c-2b3bbcf916d1
1986,1986,Dire Straits,Your Latest Trick,8d7d7516-88a2-4d1d-a8be-6b9542d2902d
1986,1986,Direct Drive featuring Stan Sulzmann,Oh Yeah!,46699515-0f59-4b30-8fbd-466c1baffda3
1986,1986,Dirk Busch,Hamster im Rad,82f80ff7-f602-404a-95a9-7bb583c4e1c2
1986,1986,Disaster,Black'n'Bad,661588bc-f3e6-4bec-a3de-4858fb063fcd
1986,1986,Disco Davy,Bananen,16cde36b-5024-469a-a452-a7480768ce3b
1986,1986,Disco Four,"Get Busy / Stomp, Stomp, Clap",7b63ad4f-71d4-3328-9cbe-c65f8cc89c81
1986,1986,Diux,Comet,aa32fd32-323a-4070-bc78-f76aeebf4d09
1986,1986,Divine,You Think You’re a Man / Walk Like a Man,58667ce8-fd78-4ac1-90ca-20ee3b960c2e
1986,1986,Divine,You Think You’re a… Medley,3d8df271-1de3-4190-9b6b-0eee04a61c0c
1986,1986,DJ Fifty,Into the Groove (A-thon) Rap,95a32214-0368-3a75-876d-1bae9017a5bf
1986,1986,DJ's Project,Birthday Girl,f6f92b5c-e422-475a-9411-12302a815f97
1986,1986,DJ's Project,How are you?,3bd52d78-62ab-432c-b9a4-384ced8b9560
1986,1986,DMZ,First Time Is the Best Time / Teenage Head,3be922c8-53b6-4298-8bfe-94d702b25dcf
1986,1986,do Piano,All the Time,e81fb50a-8f49-47ff-855c-378c73ceb7b1
1986,1986,Do-Ré-Mi,Guns & Butter,d395827a-2459-4211-a5ef-acd085758191
1986,1986,Doctor and the Medics,Burn,d071081e-2af8-4c6f-ab1c-b826c7cbb466
1986,1986,Doctor and the Medics,Spirit in the Sky,fe20e318-5977-465b-9991-72489a4bcd5d
1986,1986,Doctor and the Medics,Waterloo,33dd1e32-5547-472e-af52-472d71b5918b
1986,1986,Doctor’s Cat,Andromeda,7af0695d-4d20-48a5-9b4b-760e9bdcc385
1986,1986-06-23,Dolby's Cube,Howard the Duck,e07d2206-aec9-30b7-8cdc-a21c55139323
1986,1986,Dolby's CubeFeaturingCherry Bomb,Hunger City,a3811c0b-9fa4-479e-b9f3-d5d2f5479e24
1986,1986,Dolf Brouwers,Mooi is het leven met jou,98e9de2b-98e3-4beb-9256-5a6694296416
1986,1986,Dollar,We Walked in Love,c361e2e4-fad0-40b6-8050-77f11b407068
1986,1986,Dolly Dots,Dreaming of You,f8924a0d-8d39-499b-81fa-fe449dc08473
1986,1986,Dolly Dots,Hearts Beat Thunder,ce5c6206-5053-4add-b7d2-d67ba4046a6e
1986,1986,Dolly Dots,This Girl,4429e5b2-7a03-4f97-8491-0edf1a28de36
1986,1986-01-16,Dolly Parton,Almost in Love / The Love I Used to Call Mine,76d2f748-07d0-4094-9e18-121def29f676
1986,1986,Dolly Parton,Jolene / The Bargain Store,9bbbee74-e392-4990-8c6d-7828089dd823
1986,1986,Dolly Parton,We Had It All / Do I Ever Cross Your Mind,08d71077-3027-4f15-bdfe-3bcd031c6d01
1986,1986,Dominic Glynn / Delia Derbyshire / Mankind,Doctor Who: Theme From the BBC TV Series,3694630b-6431-4deb-8747-6e4152063dad
1986,1986,Dominique Legrand,Comme Espoir,cad87132-3d41-40db-ad5d-7f91a9295289
1986,1986,"Don Gibson, Hank Locklin",Sea of Heartbreak,333100fa-fad1-4682-99ab-d91da83bfea0
1986,1986,Don Johnson,Heartache Away,7e5c11e8-1093-4b74-89ea-2fcd605f6968
1986,1986,Don Johnson,Heartbeat,a82dd618-5c19-4878-883d-43962b8c51d4
1986,1986,Don Williams,Heartbeat in the Darkness / The Light in Your Eyes,a8654961-0c8a-4d01-9f85-c1e1a78bb695
1986,1986,Don Williams,I’ll Never Be in Love Again / Send Her Roses,8117e9a3-414e-4f2e-9749-e266a657b8d8
1986,1986,Don Williams,Senorita / Send Her Roses,9f125a8f-2c97-45eb-9416-293f0ff54f87
1986,1986,Don Williams,Then It’s Love / It’s About Time,0b1b3e96-0c22-4b7a-ab6d-15aa3a4d95d9
1986,1986,Donna Allen,Serious,aee7449b-842a-3d5d-bfa1-545d1edfbd64
1986,1986,Donna Lynton & Hans Vermeulen,I Am but a Fool / Blame It on the Sun,3483f23c-bcef-4bbc-870e-8d661ab97bc1
1986,1986,Dora,Não Sejas Mau Para Mim,f2f5d1d8-d630-4e2b-ae8f-63251957c069
1986,1986,Doris Allen with David Adkins and The Mean Machine / Doris Allen with Leroy Lloyd and the Dukes,Full Time Fool / Night Time Is the Right Time,9dda9b15-b5fa-4001-98da-3d5e49865d36
1986,1986,Dorothée,Maman,6c34a9e2-26e4-4c51-a083-a36a5a6ca4b9
1986,1986,Double D,Stay,181eb8e8-6ef2-4f2a-b9a4-56f7f0763862
1986,1986,Double Take,When You Said Hello,76bfb781-a915-4550-a82f-b9977187139f
1986,1986,Douchka,Les Gummi,22041dac-4458-43df-94f1-155497bf6ca8
1986,1986,Doug Ashdown,She Can’t Keep Still,b1745ef3-2b02-452e-a4bf-b271e5290847
1986,1986,Doug E. Fresh & The Get Fresh Crew,All the Way to Heaven,9cb949a5-f5c2-474c-a7e9-a7b470e1e833
1986,1986,Doug E. Fresh & The Get Fresh Crew,Play This Only At Night,78504e93-ec09-47fe-b1ac-fbedc21cc7cc
1986,1986,Dr. Feelgood,Don't Wait Up,ec64fda0-75b1-327a-8086-b8158aef8b3b
1986,1986,Dr. Gupp,Bankoverval,644a8cb9-3f15-4227-981a-bfa89d1d1e71
1986,1986,Drafi Deutscher,Wenn du zum Mond fliegst,fc527ee1-1f35-4686-92f4-070279461902
1986,1986-08,Dragon,Dreams Of Ordinary Men,10486b8d-bb69-45ae-a73b-1fa6faf18264
1986,1986,DumDum Boys,Sorgenfri,ee6ac8bf-165b-40c5-974a-536e2d2ca982
1986,1986,Duo Cortez,Ik mag je zo graag / Liefde brengt vreugd en leed,f697bd78-8c85-4bb2-a636-b6c1b1b32460
1986,1986,Duo Simpel,'t spoorke van Oisterwijk,b5716019-4e39-4ac3-a9bf-294976ce8fa3
1986,1986,Duo X,Dat kerkje aan de waterkant / Een leven zonder jou,17f8f172-904c-479e-a007-236f18763300
1986,1986,Duppi,三千の夜 (Velvet Night) / はつねつのみやこ,9c85d161-ab92-43c1-8039-4ba72b0b3084
1986,1986-11-21,Duran Duran,Notorious,0a765133-d3c2-4332-b3da-d229caf1c915
1986,1986,E.G. Daily,Love in the Shadows,dac8649b-629d-414e-89af-d410b936cf96
1986,1986,E.S.P.,It’s You,6a69138c-cf64-304f-83be-9c9d10e48db6
1986,1986,Eartha Kitt,I Don't Care,477b9900-0867-3d1b-84ee-7a73501a6ff0
1986,1986,Eartha Kitt,This Is My Life,0f451c15-f72a-3d49-86a7-77f9ef73a4c9
1986,1986,Eastbound Expressway,Knock Me Senseless,b412a80d-492b-4a90-b08d-cc308239371d
1986,1986,Easterhouse,Inspiration,b14f8ff8-117c-4225-b60f-b529037e414c
1986,1986,Easy Action,Teachers Do It With Class,b5caeaa3-2272-451d-964b-9c76be2a5154
1986,1986,Eddie Hooper,Wine Me Pampalam,f365a3b4-b462-4a04-a75f-462db687afb5
1986,1986-06,Eddie Rabbitt,Both to Each Other (Friends & Lovers),7f7f4109-93ff-4413-95aa-1e3a0a2d361c
1986,1986,Eddie ‘Flashin’ Fowlkes,Goodbye Kiss,488b518a-ecdf-3fb4-9372-48dccff64b4a
1986,1986,Eddy Huntington,U.S.S.R.,b65ad318-26c2-4136-90f0-7cbc151f2a43
1986,1986,Eddy Mars,Dat moment / Ik voel me gelukkig,f3f85723-9e7b-4ed5-83e3-c64859c5b7ab
1986,1986,Eddy Mars,Ik wil niet weten hoe je heet,81360b87-d1e2-4a85-bb5c-1fd37b77db5b
1986,1986,Eddy Mitchell,Manque de toi,38daae8b-cbff-4080-9a24-27d94bce42fa
1986,1986-08-10,Eight Seconds,Kiss You (When It's Dangerous),9677f6f9-cd33-43f2-a161-05cc23b9a7a9
1986,1986,Ejecutivos Agresivos,Te espío,77399584-561b-4cb4-8258-38141549b80a
1986,1986,El 60,Amor lunático / Es un ser superior,af8a2ffe-3bf9-4c51-9a91-e6303ef8ec2c
1986,1986,El DeBarge,Who’s Johnny,05c43e2b-bd2b-4a8c-8a10-db093ead0aa9
1986,1986,El hombre de Pekín,Usa sílex,a5fb472a-d7bf-4396-923c-79e551dd5957
1986,1986,Electric Banana Band,Flockrock,68535521-cb69-4410-9fa8-ea0e1d907271
1986,1986,Electric Light Orchestra,Calling America,92c47f7e-88fe-43e1-a91b-2ad9f99784b3
1986,1986-07,Electric Light Orchestra,Getting to the Point,c2499199-d892-4e34-8b12-ef217a2f132e
1986,1986-04,Electric Light Orchestra,So Serious,970b96f0-048d-49f3-a53b-2dcb7784532c
1986,1986,Electro,Stone in Love,9367a52d-20d6-4d61-84da-298e53f150f1
1986,1986,Elisa Waut,Four Times More,2572306a-b342-4c4b-9629-0fd252010e82
1986,1986,Ella Mental,Mad Man,bbf2ee2b-5b99-4c1c-8d6d-93eccc5864af
1986,1986,Ellen Wright & Lace,Do You Want My Best Friend,e7c896ac-57ba-4549-9f61-aa085453eefe
1986,1986,Elli Medeiros,Toi mon toit,c514f222-4bef-4e15-89bf-73259fc26def
1986,1986,Ellie Warren,Satellites,709adb39-3543-4e34-879e-9470db036ea0
1986,1986,Elsa,T’en va pas,84a2cba5-d3f0-4995-a22b-e6adcb14d4da
1986,1986-01-01,Elton John,Cry To Heaven,53a54615-ebd2-443c-8b6f-0b36ddd5af0e
1986,1986-09-01,Elton John,Heartache All Over the World,e151f733-2126-442f-a93d-e55ea39ffd18
1986,1986,Elton John & Cliff Richard,Slow Rivers,3752818e-fb30-418c-b4a6-5eeda10c0632
1986,1986-08,Elvis Costello & The Attractions,Tokyo Storm Warning,5ac89acd-81ab-404b-8aea-06ccad99b66f
1986,1986,Elvis Costello and the Attractions,I Want You,e57f852d-1d15-4711-a8a3-17f3dd4bebbc
1986,1986,Elvis Presley,Poor Boy / An American Trilogy,49edf786-2d79-46f0-8b04-a0138d5df7ad
1986,1986,"Emerson, Lake & Powell",Touch & Go,19bbf691-aa33-4af3-92a0-6f42527e99ed
1986,1986,Emile Hartkamp,Een keer was te veel / Zonder jou,d467df60-2535-49f6-a140-ed1cee765325
1986,1986,Emmanuelle,Premier baiser,4b133105-ae2b-49d9-b294-f4cb2b416eb8
1986,1986,Engelbert,The Spanish Night Is Over,24d925e9-8a52-4305-942e-3eb533193004
1986,1986,Engelbert Humperdinck,Torero (She Brings Him Spanish Roses),2c69a439-5971-4578-a480-97d0194b7aa0
1986,1986,English Dogs,Metalmorphosis,355ff7cd-fded-35ce-989f-1fcc46e517bf
1986,1986,Eolika,Palīdziet nosargāt,b528ab49-eb35-4486-aa0a-0281f1ada888
1986,1986-04-21,Erasure,Oh l’amour,0bad545e-9a83-4a12-9650-5a9c928bbd43
1986,1986-10-06,Erasure,Sometimes,9f5c165b-ba0f-38de-97ba-eaa669c13dc1
1986,1986,Eric B. featuring Rakim,Eric B. Is President / My Melody,b37ca83f-8b2d-4b59-9458-a47db57d1d9c
1986,1986-03,Erik Borelius,For Free,596d2d06-90c7-4c72-9ddb-fa62c4accbec
1986,1986,Erik Mesie,Altijd bij je zijn,2c344ad2-2038-4ca5-b26e-91257079f9ce
1986,1986,Erik Mesie,Swingking,9393c516-fe2b-47aa-836a-530d6303d8d0
1986,1986,Erik Mesie,Zonder jou,e5a4728c-5d77-4091-bcdb-a4cdf8a71266
1986,1986,Escape,Kreta in de zon,efcf119e-996a-4f8c-9e77-43839b953b3a
1986,1986,Espresso,Say,5af12e2f-bdef-4606-b941-c797c7c2624a
1986,1986,Eurasia,In Chinatown,ab3f8e9c-ea79-4fd3-b817-de2238e19eb5
1986,1986,Eurogliders,So Tough,4681bc4b-1616-48c4-bb70-1e8a557295b6
1986,1986-02-14,Europe,The Final Countdown,9954c556-3dda-47b2-90fb-ba7f1abb07cc
1986,1986,Eurythmics,Missionary Man,f2377953-ad72-41cd-b57c-76a7ae5704dd
1986,1986-11-17,Eurythmics,The Miracle of Love,bca38821-f219-4111-9630-c22f35f104be
1986,1986-09-06,Eurythmics,Thorn in My Side,a2b12942-2118-3518-b054-2496623794be
1986,1986,Eurythmics,When Tomorrow Comes,45737445-404b-4199-93fe-f2307b028896
1986,1986,Eva And Friends,You're All Alone,ad975459-20e4-4e1f-92c0-13c81d54f1b2
1986,1986,Evelyn Thomas,How Many Hearts,2c8488c8-213b-43ae-af99-cade56599c6e
1986,1986-01,Everly Brothers,Born Yesterday / Don't Say Goodnight,36ec0609-0bea-498d-8d60-bac9014585b0
1986,1986,Every New Dead Ghost,Visions,35c8c942-83dc-47de-a110-e27baf6d821f
1986,1986,Everything but the Girl,Come On Home,c2b22afc-532f-45dd-a18e-fae514590e86
1986,1986-09,Everything but the Girl,Don’t Leave Me Behind,09e089a5-eb52-4093-935c-5ef2689c5dc7
1986,1986,Everything That Flies,As the Sun Goes Down,9eb58797-1489-49ef-bfd6-52c38f0a947d
1986,1986,Excentrique Noiz,Dark Crystal Day,d5a80bc1-7ca8-4dc0-a59e-06c550e7d7e0
1986,1986,Exciter,Automania,e53bc294-c4ba-4d60-9b49-60c019827f2f
1986,1986,Exises,Stay With Me,f1f90c4c-cb53-4031-9e10-a6496478d2ff
1986,1986,Exit 55,Master Mind,57b89313-1b30-47e9-b6ad-e1fa21e2290c
1986,1986,EXOCET,Stalemate,4e8a9c62-240d-4cc0-b82f-5b4530596a19
1986,1986,Exposé,Come Go With Me,26d4618a-0eaa-4cb5-9f50-cfda1a9ff16b
1986,1986,Extraños Aquí,Oscura Pesadilla,3f6ae199-15f1-46c1-b364-140e85d82f2b
1986,1986-07-25,Eyeless in Gaza,Kiss the Rains Goodbye,1cc13f77-b38c-46f5-bba7-14e5ff65800d
1986,1986,Fabian Nesti,Heigh Ho,5eb9cfac-bd3c-4f66-bd64-0e4a03faca6e
1986,1986,Fabulous Five Inc.,Ring Road Jam,1b300cfe-aee2-4216-b1fe-b780185ed637
1986,1986,Factor 6,Chemical Warfare,9e3eb243-b713-4afd-ad4d-d30b5f1113f6
1986,1986,Facts & Fiction,Give Me The Night,c28e9372-37b7-4c01-8416-d444234db691
1986,1986,Facts & Fiction,I Wanna Wake Up With You,9d926f4a-f855-4f7e-a9f2-b09aab3ca073
1986,1986,Fahrenheit 104,Highway to Freedom,2459be45-64de-49e4-859c-5872e6012997
1986,1986,Fair Control,We Can Fly Together,15e9c355-d3db-428c-b8be-5bec3b09ac09
1986,1986,Faith,Hymn of the Sinner,6f961352-7a14-4be5-b84d-56da7733bfc7
1986,1986,Falco,The Sound of Musik,76b03101-dcf9-31ad-8517-5a845ad33841
1986,1986,Falissard,T'es Haut,a3b725f0-b72f-41d1-abad-29270b4119dd
1986,1986,Fallen Angels,Hey Susie,8ee20a70-6278-4802-af44-fee106641c9b
1986,1986,Fancy,Adieu Hawai,ba6864af-7813-4a90-ba95-1941e7441268
1986,1986,Fancy,Lady of Ice,4a4c9e10-7013-41aa-b92e-4428ac248f8b
1986,1986,Fancy,Sterren in de nacht,d604537a-592b-4869-ad5f-7de9c1b7d991
1986,1986-05,FAR,Sivi dom,dd9a4aed-521b-4218-a9b8-eda656c2bf2a
1986,1986,"Farley ""Jackmaster"" Funk & Jesse Saunders",Love Can’t Turn Around,12b31522-79ea-3168-aa6c-5e785e5a0728
1986,1986,Farm Boy,Move,0ed4633e-9391-3927-8613-a8d0a8c0845b
1986,1986,Fat Boys,Sex Machine,9bacff42-e5d2-4792-8c90-52424d5e876b
1986,1986,Fats Comet,Stormy Weather,424aefc2-6f42-4d43-aa77-88b017cf9d11
1986,1986,Faustein,Salsa negro,50227adf-aecc-4fd3-82fb-b2f9871e1b55
1986,1986-09-11,feedtime,Fractured / Safari / Rumble,a9d4f4c9-74d1-4e6a-9165-a1c494ec7dc7
1986,1986-10,Fehlmann's Ready Made,Ready Made,bdf3b2f8-97f5-3fa2-821b-942cea28f8ae
1986,1986-05,Felt,Ballad of the Band,9b9c6f34-ced4-3394-8747-00f9a107b0fb
1986,1986-09,Felt,Rain of Crystal Spires,0006bdcf-2e9e-378d-a0c3-c6b22a486dec
1986,1986,Fernando Girão,Feliz Punto Final,5ca6fe37-1957-4a20-9928-fbb153395c05
1986,1986-08,Fields of the Nephilim,Power,9523ca68-9470-3b22-8096-0ec29d0b7148
1986,1986,Fiets,"Katharina, m'n eerste meisje",65516b16-30bb-4839-bc49-359232ce9426
1986,1986,Figures At Dawn,My Summer Love / Falling,edc8b9cb-0792-4b9f-aeb8-e56e73a14299
1986,1986,Fine Young Cannibals,Ever Fallen in Love,dd037adf-8a41-4c08-a21b-dbd4b8d5cb57
1986,1986,Fine Young Cannibals,Suspicious Minds,47788037-505d-4b28-b363-046898349bb2
1986,1986,Finesse,I Want You for Your Mind,ec676202-8156-4c30-b695-7fdea7fb0dc0
1986,1986,Fingers Inc.,A Path,c018fc30-d028-30ab-b1e3-9ec363adb371
1986,1986,Fingers Inc.,Mystery of Love,5dc72048-5b1a-3031-ada5-9a78d507dd68
1986,1986,Fingers Inc. / The It,Mystery of Love / Donnie,13bfb7a0-3d4e-46a6-b9b0-da673eb6c511
1986,1986,Fire Next Time,Beneath The Hammers,5aa219b6-9ad6-411c-95c6-bd1ebd3eed40
1986,1986,Fire On Blonde,Stop and Think,7f45630e-986c-4cb1-9d8b-7832d8024372
1986,1986,fIREHOSE,Brave Captain,0de41f7e-895a-30dd-aafa-aab7ce4f053b
1986,1986,First Cut,Christmas Time,2b77087a-5f06-418a-a2f3-110f2a88d40f
1986,1986,First Impression,Cinderella,a9e7c5d5-ada4-44f3-8847-2fb9d590741d
1986,1986,Fish / Tony Banks,Short Cut to Somewhere,3fbf13cc-7f0a-4ebe-9202-9c2322f4a068
1986,1986,Fito Páez,Corazón clandestino,b00d8a4e-1e0f-35a5-9644-f472658df03a
1986,1986,Five Star,Can’t Wait Another Minute,08f8f8e2-febd-4bfc-b593-c9b248551840
1986,1986,Five Star,Find the Time,4babc589-805f-4f66-be2f-25c66beff08e
1986,1986,Five Star,If I Say Yes,33d15269-c579-47d5-a728-607c340b0a14
1986,1986,Five Star,Rain or Shine,38db7d7e-bd43-45bb-9622-aca4090f655e
1986,1986,Flaco Jiménez,Delgadita alta y trigueña / Europa,e7e0344f-942c-44cf-a852-00fc010e2af5
1986,1986,Flash!,S.O.S. à l'amour,0782991e-cbf0-479f-a323-bb07dc516d94
1986,1986-10,Flatsch,Die gute alte Zeit / Tänz With Me,b856d280-2b08-45be-bb94-6eba0b3733c9
1986,1986,Fleming & Berry,Miteinander,23397c90-14f9-40b8-8af1-9bb9ad5336f2
1986,1986,Flesh for Lulu,I Go Crazy,bc9605a0-828e-4eb2-8929-19905ba1a1ab
1986,1986,Floy Joy,Friday Night in This Cold City,89e02616-d08b-4baa-83ce-a07352cea14f
1986,1986,Floy Joy,Weak in the Presence of Beauty,72714f9b-a0b6-4fc7-a3c8-55639def38e4
1986,1986,FM,American Girls,0c6b8167-87ba-495e-be55-4b5d33bae122
1986,1986,FM,Love Lies Dying,0748040b-41fd-4af1-8ca7-c9628cfb0837
1986,1986,FM,That Girl,45cc45e9-4f5a-4720-8bbd-fbbc6a05d54f
1986,1986,Fontanelli,Marilyn... I Love You,14f5b848-bad3-4a15-aae9-95853d6bdf9b
1986,1986,Forbidden Fruits featuring Jimmy Mc Foy,Disco Halloween,2fdd0f92-c03e-40ed-90ca-9c60b4d72add
1986,1986-01,Fra Lippo Lippi,Shouldn’t Have to Be Like That,fb47d851-89b9-4b07-b264-1ad436cb36a9
1986,1986,Frame of Mind,Fairy Story,e4301343-64eb-4583-9c72-3c8f7479ee11
1986,1986,Francesco Napoli,Stai con me,6b401ebe-da16-46e1-9142-efccd8f81ae6
1986,1986,Francis Lalanne,On se retrouvera (Le Passage),fd0259e0-8db1-4b49-8371-0ae81bf5dd10
1986,1986,Frank & Mirella,Als ik je zie,b5c0a08f-2fae-415d-9f0f-e3b0ac4c0f33
1986,1986,Frank & Mirella,"Nou en of, love",6171c898-3ba5-44ad-a16e-b80dd8386a16
1986,1986,Frank (The Winner Of The Soundmix-Playback Show),"Il Mondo / Quando, Quando",41ba7fdf-e2d0-479e-ad2c-6a8c237ae505
1986,1986,Frank Affolter,Es ist noch nicht zu spät,5c4268cd-68d0-4f61-91b5-c2f34b8cb89a
1986,1986,Frank Affolter,Lori (There’s So Much Love) / Lori (Nederlandstalige versie),6d4c87fd-d194-47cd-b140-7607cc3a5218
1986,1986,Frank Ashton,Lost in the 50's Tonight / Lovin' Things,0ccf0a8d-2207-4715-9ab9-0144b3463cbe
1986,1986,Frank Ashton,Remember the Good Times / Train to Pasadena,32cfa878-b00c-47f9-a757-253689bc2c8d
1986,1986,Frank Ashton,The Roses Ain't Growing Anymore / Lay Your Head,f8458500-e0d9-494d-b7b6-b8af6e85e524
1986,1986,Frank Boeijen Groep,De beloning / Volle maan,90161741-9f34-4d6f-b79d-6c57ee5d9c47
1986,1986,Frank Boeijen Groep,Geef niet op / Nachtportier,17b87b7d-810e-4ffb-9d92-378f367f0fa8
1986,1986,Frank Boeijen Groep,Verslaafd aan jou / Op zoek naar de verloren tijd,bf7a9708-a1dc-4a30-90c5-c7b15b0a1d08
1986,1986,Frank Duval – Kalina Maloyer,Liebe und Tod,d2e6344f-f6b1-42b4-b504-0aa71e47632b
1986,1986,Frank en Mirella,De parelvissers van Samoa,39ebc37c-eb3d-4a36-a507-1dbe42a484bb
1986,1986,Frank Sinatra,New York New York,e85d4859-41fe-4e78-bbdc-0a9e559f1573
1986,1986,Frank The Winner of the Soundmix-Playback Show,But I Do / Stay With Me,169a5cc7-b5e1-4751-a15d-303353700fd0
1986,1986-04,Frank Tovey,Luddite Joe,176c3816-6923-3090-981f-e6553ec84074
1986,1986,Frank Zander,Jeannie (Die reine Wahrheit),a52b7269-2735-4b0a-ac65-6805d0e3757c
1986,1986,Frankie & The Crazy's,Der Nasenbär Song,5dd8b045-3146-4bc2-89e2-01c8564b03d0
1986,1986,Frankie 'Boy' Flame,Dick Barton c/w Bloodshot Eyes,634d87f0-b14e-477d-a729-4bd8e8d07a35
1986,1986-08-22,Frankie Goes to Hollywood,Rage Hard,52e870d5-1ef8-3d74-954a-c9133d8dd00a
1986,1986-11-10,Frankie Goes to Hollywood,Warriors (of the Wasteland),f24451dc-1068-39e0-8f65-1f0dc9127eef
1986,1986,Frankie Miller,How Many Tears Can You Hide,302a583c-e232-4303-abe2-66e6f0c6d859
1986,1986,Franky,Have You Ever Heard of Atlantis,85880d2a-71e5-4498-ba86-553a02c90b17
1986,1986,Frans Kunst,Maar nog steeds zijn we samen,f3647d36-6432-48de-bae2-45eea5a9630c
1986,1986,Franz K.,Zieh deine schwarzen Schuhe an,3491cedf-e40b-41dd-9296-6e19ca9f5f68
1986,1986,François Corbier,Le Nez de Dorothée,d7342202-a059-401e-9f85-34e38f51d608
1986,1986,"François Jérosme ""chanteur sans alcool""",Apéro macho apéro bobo,3874cf84-6f83-4c74-ac69-066674545d4c
1986,1986,Françoise Hardy,V.I.P.,eb992b74-82f6-43cd-a10d-94750773e05f
1986,1986,Françoise Hardy,V.I.P. (Version longue),d30532cc-9065-4849-a476-468b3b3580c0
1986,1986,Fred Ventura,Leave Me Alone,7c626733-d8bb-425f-8f2f-94ef17f5da83
1986,1986,Fred Ventura,Wind Of Change,8d3ee172-b8e3-4d62-baa2-a56bc7d8b78a
1986,1986,Freda',Doktorn,b227e152-7e35-4900-9a2c-e5ac177e70f5
1986,1986,Freda',Ingen kan förklara,ce8e79db-84a1-4b73-a2b0-429557d82702
1986,1986-05-06,Freddie Mercury,Time,e66947d2-8d23-3a7d-82da-37e9ada4ecac
1986,1986,Freddie “Fingers” Lee,Chains (Dedicated To Billy Fury),6469e7d1-a6a1-450b-b186-0293ef4ef53c
1986,1986,Freddy B and The Mighty Mic Masters,Freddy's Back,1073580a-b7f7-37b6-965a-cdb552349ba7
1986,1986,Freddy Casby,Bimbo / Eenmaal zul je van mij zijn,17513a82-f697-47bf-83c5-e21a06103435
1986,1986,Freddy Quinn,Hamburg-City / Laß die Sonne zur Tür herein,8575471c-9b62-4721-94da-5386b422aa15
1986,1986,Freddy Quinn,"Man ist so jung, wie man sich fühlt / Ja, so ein Romeo",4124648e-b177-409b-9f4d-3a92c1f6480c
1986,1986,Freddy Quinn,Nimm dir die Zeit / Danke,efa0e540-5474-4ad5-a081-a63a948c022a
1986,1986-02,Frei Hermano da Câmara,Espírito de Deus,63a866dc-b2e9-323c-8f0e-50a991b410ea
1986,1986,Frenzy,I See Red,b6ba280a-1a45-4a33-9d00-49498c1474fb
1986,1986,Friedel Geratsch,Zurück in die Nacht,082c785e-1b1e-43bc-aa07-5bdbab6b7312
1986,1986,Frisbee,Chagrin d'Amour,e51dfa31-555e-4c20-8db5-cba1c0cea69b
1986,1986,Fritz Brause,Personal Columns / Cozey,6f47d68d-3d79-4119-b00b-6724d56d5eb9
1986,1986,Fritz Brause,Personal Columns / Whatever You Might Think,4281626a-bde4-4ee0-8078-9ed87408e2f1
1986,1986,Fritz Brause,The Wunderbar / Atacama,b5dd474f-19e3-4abe-abd4-43d390618c56
1986,1986,Frizzle Sizzle,Alles heeft ritme,6589d6b5-711a-4b9d-ba85-5e96f0fcbdb6
1986,1986,Front 242,Interception,d3415442-ef00-32e3-8bc6-f6af57189623
1986,1986,Front 242,Quite Unusual,6235dac5-f0bd-403a-a6fd-13bf80c0add0
1986,1986,Frédéric François,Quand papa chantait,4ba89043-06f3-4f59-bd51-c35322ac8691
1986,1986,Full House,Communicate,8e231e4c-94ca-309f-aa1d-8bcdd344b74b
1986,1986,Funeral Party,Dream of Embryo,f70b14d8-3528-4ff8-ad39-c2e27ca098c4
1986,1986,Furniture,Brilliant Mind,d37d4390-5892-31dc-b9e6-2208f91fcf1f
1986,1986,Fuzzbox,Love Is the Slug,473c212a-74a1-4293-9355-b172e36b4874
1986,1986-04,G. G. Anderson,Die Sonne von St. Helena,65f9d44d-6c6a-45f8-90bb-1f8cb8257e11
1986,1986-09,G. G. Anderson,Ich glaube an die Zärtlichkeit,a2d6c597-dbf6-4610-bfd7-4a06a7a492af
1986,1986-06,G. G. Anderson,Mädchen Mädchen,b879786c-28e0-4e4d-bfb1-fa3bb503802d
1986,1986-01,G. G. Anderson,"Ti amo, Maria",171ed915-f264-449d-8036-3ede682b589d
1986,1986-03-21,G.I. Orange,Take Me to Your Leader,d5ba710e-831f-49fe-9b4e-28c62f4ee742
1986,1986-02,Gainsbourg,Vieille canaille,152f1530-0635-45ab-b51e-992ef26ac7ad
1986,1986,Game Theory,24 / Waltz the Halls Always,7a9ed79b-04f9-4e12-8aaf-16d78b9aca73
1986,1986,Game Theory,Erica's Word / Couldn't I Just Tell You,a654edbb-9cdc-4579-b8c1-2e88177dfdf4
1986,1986,Garavi Sokak,67. Bejbi / Solunska,20f06ee5-2a1f-4e62-9780-3c770d4caea2
1986,1986,Garbo,Kuuma veri,1a34de11-73bb-4dd9-b427-5470cceedde5
1986,1986,Garland,Heartbeat,c02f54b2-c4e7-44b1-a722-1fd81f698f34
1986,1986,Garotos da Rua,Tô De Saco Cheio (Remix),cadd3c4f-fd12-4a12-a3e6-9fd66b7c26c3
1986,1986,Gary Clail and Tackhead,Hard Left,3f9a3f59-e642-4e87-803b-bd63346428c1
1986,1986,Gary Moore,Over the Hills and Far Away,0045bda5-69f4-4d1d-8fba-3f14be3c7ce9
1986,1986-06,Gary Numan,I Can’t Stop,97d59da6-bd88-43f2-b225-4880ff9cd802
1986,1986-06,Gary Numan,I Can’t Stop,e84db418-3870-411b-a2d9-868859a0f399
1986,1986-12,Gary Numan,I Still Remember,70a46f0b-f200-4141-b383-dbdccc826b1c
1986,1986-04,Gary Numan,This Is Love,c962806d-ffec-49de-a6f3-d8a860280fe0
1986,1986,Gash,God is Dead,d1bfd404-0d59-3ece-9fb4-d7e394da23fa
1986,1986-03,GASTUNK,Geronimo,6945fde0-0ef4-41f1-baba-b6136e2d50b8
1986,1986-05,GASTUNK,The Vanishing Signs,0efcf510-dfaf-4f62-942d-b347429287bd
1986,1986-09,GASTUNK,To Fans,5aa104ae-d9d5-4ad5-baec-9e8442dc571e
1986,1986,Gavin Christopher,One Step Closer to You,1d38685b-4d32-4ace-8fd5-3f1a9af9d0df
1986,1986,Gaye Bykers on Acid,Everythang's Groovy,c83f67e0-dd47-43a0-af33-aaac86d7c94e
1986,1986,Gazebo,The Sun Goes Down On Milky Way,8ca7d6ed-c7e8-418e-bf81-7e319b9c7cbd
1986,1986,Gazebo,Trotsky Burger,60fb661a-5300-4bfe-90e6-f3b0bb93c4a9
1986,1986,Gee Mr Tracy,Lava Man,f4632ba0-fb89-3d60-ac7c-556d064d37a1
1986,1986,Gee Mr Tracy,Permanent Swoon,277693be-1203-4f56-9939-f932ae583948
1986,1986,Geil,Velnadet,77f1f502-e6c1-4d56-934d-5a78a6eae711
1986,1986,Geke,Ik hoef niet meer te dromen,3c0c69bc-2b59-4d53-aa86-9999b84e1583
1986,1986,Geke And Karel,Op het oude schoolplein,0fe60620-c9e1-4960-a356-65491e6a9c99
1986,1986,"Gene Krupa, Anita O’Day, Marek & Wacek",Tea for Two,766ddaa7-9daf-4d85-a176-391c7275d534
1986,1986-06-16,Gene Loves Jezebel,Heartache,996dd7c1-498e-369e-9cbd-0e141f649f11
1986,1986-03-17,Gene Loves Jezebel,Sweetest Thing,63156b30-a217-3249-ae56-1cfc9c5cfa9e
1986,1986,General Kane,Crack Killed Applejack,b1c40a15-1e52-4424-9557-f1be8b3845e0
1986,1986,General T.K.,Expensive,ebd47695-7382-425c-ba66-3be5779732a3
1986,1986-08-18,Genesis,In Too Deep,b2fa0215-d834-466f-9894-1612c53b7593
1986,1986,Genesis,Invisible Touch,33895c3b-3218-4583-8657-a9e15222a741
1986,1986-11,Genesis,Land of Confusion,c4ac8338-dd23-34f9-ab74-ba96df9eb08a
1986,1986,Genesis,Throwing It All Away,ec606739-3e11-4f72-b2b2-63205dc08ecc
1986,1986,Georg Danzer,Doppelgänger,9d832c0d-6a3a-4072-b963-bb764cd97d7d
1986,1986,Georg Danzer,Du fehlst mir so,5d28f976-24dc-450d-8d1e-2b6df46a1362
1986,1986,Georg Danzer,Wien,1029eba9-657c-40fc-a344-91dfb0097bcc
1986,1986,George Callee,Kerst met jou / Mijn kerstcadeau,b20aefdb-6a2d-4154-8888-0a9a502060c7
1986,1986,George G,He Is the One,e2ef6e59-c1bd-4272-96d8-cfc453af5a1f
1986,1986,George Jones,Wine Colored Roses / These Old Eyes Have Seen It All,ce070967-8e15-4c47-a74e-19aa9df0ecb9
1986,1986-04-02,George Michael,A Different Corner,d132b012-fc10-4ade-81c7-259c087c70d5
1986,1986-11,Georgia Satellites,Keep Your Hands to Yourself,2e720812-69c5-4664-bfea-656e08ae119c
1986,1986,Georgio Allentini,Sexappeal,ae2d7111-8ffc-4386-8576-a092a46388cb
1986,1986,Gerard Joling,Reach / The Rain Come,1029b63c-3ae3-4551-bd97-d9625e2d3208
1986,1986,Gerard Joling,Spanish Heart / Blue,bae48103-d6db-49ae-bebe-9bf5ed64e23e
1986,1986,Gerard Joling,Ticket to the Tropics / Communication,ffe34813-b9a5-4e6c-8d3b-a2bee86c5cc7
1986,1986,"Gerard Joling, Randy Crawford",Everybody Needs a Little Rain / She's a Party,510690ac-1eb0-42d9-9ae7-9e6a0b2c284d
1986,1986,Gert Hollander,’n Ouderwets dansje,b66f9257-2237-4115-9eb2-0926dbf5b505
1986,1986,Gerônimo,Eu Sou Negão,4584b095-b306-4a9b-85d9-7ad4e31aa366
1986,1986-08-15,Get Loose Crew,Licence to Slice,2d7e6430-97bc-43b5-8c58-63edfebadea9
1986,1986-07-11,Ghost Dance,Heart Full of Soul,8cb51026-c126-4901-8570-a2689718dd71
1986,1986-10-03,Ghost Dance,The Grip of Love,6c56102e-2bcb-4d13-8f2c-35d64499a3c2
1986,1986,Giant Sandworms,Don't Turn Away,d16ab393-7d4b-4bae-ade2-525ef0c7b2bd
1986,1986,Gilles Langoureau,Envie d’ailes,907153dd-c361-469b-aeaf-f5667ab0769b
1986,1986,Gina Desire / B. Republic,Breathless,d51c82ee-5aba-490d-b6ec-c1d60c42ad4b
1986,1986,Gipsy & Queen,Gipsy Queen,2021ae2f-c0a8-40a8-b3a2-efa025fa0453
1986,1986,Girls Next Door,Baby I Want It / Baby I Want It (Sing Along),cc6d9666-fd0d-4847-b7b9-8be9b97f89dd
1986,1986,Girlschool + Gary Glitter,I’m the Leader of the Gang (I Am),a8eb7102-594c-4ab7-acd8-6599b2c00a47
1986,1986-05-25,Giuffria,I Must Be Dreaming,4f36117f-3710-465f-8ece-78a41c10267d
1986,1986,Giuffria,Love You Forever,3ab94625-41f2-4a2d-850c-ee28e649a896
1986,1986,Giuffria,Radio,08bed21b-1d99-4053-9da6-e9e616258d5b
1986,1986,Gladys Knight & the Pips,Send It to Me / When You Love Someone (It's Christmas Everyday),2ca7b5d5-2b26-4d45-ba3a-90ce2d51f6b7
1986,1986,GLASS,THE MUTE WORD,f8bdb281-25c1-4822-9b3c-63d3464b7f9e
1986,1986,Glass Tiger,Don’t Forget Me (When I’m Gone) (extended version),e6b7be87-53ee-49f3-ab4f-70fedf927ede
1986,1986,Glass Tiger,Someday,7d4a59c7-03be-4665-93e2-9cca0ca075f8
1986,1986-07-21,Glass Tiger,Thin Red Line,e98e123c-9c3c-400c-95c5-c0a6cfc49de6
1986,1986,"Glen Campbell / Will D. Campbell with Johnny Cash, Willie Nelson, Jessie Colter & Waylon Jennings",Another Day in America / Let America Be America Again,ae902cdf-cadd-4b53-84f3-e0e2aee308e9
1986,1986,Glenn Jones / William Orbit,Talk Me Into It / Opening Score,d5ac5a2a-b8fa-4740-b42c-796a656ab8a9
1986,1986,Glenn Medeiros,Nothing's Gonna Change My Love For You,9ac941ab-b2a9-432b-aacc-2a36cf4e09f0
1986,1986,Gloria Loring,Friends & Lovers,1ef379cb-aae3-4319-a0b9-aab06335f8f7
1986,1986,Go West,True Colours,ed215aa4-3169-493c-89b7-b54b9b9c10c4
1986,1986,Gold,Laissez-nous chanter,f2f8c15c-b7b4-48ef-9a13-94d6066d3e52
1986,1986,Gold,Ville de lumière,547ffc76-6177-4de9-b748-2d3a7b3e3a9b
1986,1986,Golden Earring,Love in Motion / Why Do I,b31cb0d2-65ca-4ea7-acf9-3c3251224209
1986,1986,Golden Earring,Quiet Eyes / Gimme a Break,0bbb9282-7131-40e6-872a-6822c043a728
1986,1986,Golden Earring,Radar Love / Back Home,b56dadf5-a28e-4266-a6f9-18d723a95874
1986,1986,Golden Earring,They Dance / Love in Motion,a58f59fb-5c80-40e0-87ba-810885f361aa
1986,1986,Golden Earring,Why Do I / Gimme a Break,1e5e063e-cb2a-4bdf-8868-235027c50a1e
1986,1986,Golden Sounds,Zangalewa,5d0c993d-6875-4937-a7dc-4f1dfc5b2cc6
1986,1986-09,Goodbye Mr. Mackenzie,The Rattler,8d28cc14-0e1f-3d7c-8078-708a639e44b7
1986,1986,Goon Squad,Powerdrill,cd11e569-6c5c-3af0-a658-d016bb196fc8
1986,1986,Gotainer,Cafeïne,eb1ac6e8-e8fe-4abe-a9de-951f427be238
1986,1986,Gotcha!,You're Wrong,2dd2b238-0d7f-46f4-96eb-7711f42fa87e
1986,1986,Gottlieb Wendehals,Gran Canaria,76a38885-04a1-468a-bb3e-6fd82b504dac
1986,1986,Gottlieb Wendehals,Pa-Pa-Pa-Party (Party-Polonaise),cc718dfc-3cab-4019-a51f-b5ed9e8a8ab6
1986,1986,Goûts De Luxe,Les Yeux De Laura,ddc80968-5319-4d2a-aaf6-7273ffc5ded5
1986,1986,Grace Jones,I’m Not Perfect (But I’m Perfect for You),f08bbef3-277e-426c-8563-673ada777689
1986,1986,Grace Jones,Love Is the Drug,83f18fb6-b55d-4c6a-9d85-8c35ae1487b1
1986,1986,Grace Jones,Private Life / My Jamaican Guy,2bba42ac-36b8-4d26-afc6-ecedbb3dad78
1986,1986,Grace Jones,Pull Up to the Bumper:A Musclemix (A megamix cut-Up),5ce0dcb7-7b19-4926-915f-32daeae0533f
1986,1986,Grandmaster Flash,Style (Peter Gunn Theme),61dcd2c4-350c-4886-adab-a0cf72a12fc4
1986,1986,Grange Hill Cast,Just Say No,0c2f1276-c57c-488e-b0b8-9b213a62641c
1986,1986,Grant Miller,Doctor For My Heart,0fee1351-d242-4c6b-ae16-54f465e3480b
1986,1986,Great Nation,Beat the Wall,b70c76d0-e9e8-4ae8-a6ce-1d1c27e75852
1986,1986,Great White,Face the Day,45096243-b012-4350-8faf-e92a56974130
1986,1986,Green River,Together We’ll Never,4da17415-7490-3b7b-816d-4a10acffd762
1986,1986,Green Space,Speed is the reason,2c712a43-dabc-4e76-be37-5ef39c8078ee
1986,1986,Gregory Abbott,I Got the Feelin' (It's Over),fd8e321f-d72d-44a4-861e-7cbaaadd8578
1986,1986-11,Gregory Abbott,Shake You Down,c83e08de-dd9d-410d-8726-8eeea9432327
1986,1986,Grimm Jack,Grimm Jack,8674434a-5ffd-43f7-831f-f7d1573748fb
1986,1986,Groovie Ghoulies,Flying Saucer,161779f4-f9b3-3b28-ab37-f0e55863fa7b
1986,1986,Grupo Fantasma,Huayayay / Quédate un poco más,44ffa7cb-a531-4665-a774-b4e01fbc75e5
1986,1986,Grupo Niche,Ana Milé,095bb79f-bb87-460b-a98b-cb59fcc3b084
1986,1986,Grupo Niche,Cali Pachanguero,a9094be5-a515-45c9-8f63-cd0468ed902b
1986,1986,Grupo Niche,Maxi Pachanguero,6d9502ff-59ed-4570-9315-d961779e0f19
1986,1986,Grupo Niche,Me huele a matrimonio,170e1d22-f3df-4207-9b3c-5168df5fd0a1
1986,1986,Grupo Tayrona,Aventurera / Coquetona,89d98ead-5786-4467-a612-37b78741620d
1986,1986,Grupo Trébol,Atrévete y cuéntale / Tomalo tomalo,b23e0ea8-11a5-46e0-9a46-015cd68f4b1d
1986,1986,Grupo Yuventos,Los papis / Esta vez,d3f27956-3399-4e6f-9ac9-1e5dea6eea48
1986,1986,GTR,The Hunter,a713d591-48c9-43fd-a2b4-ba87d47c7e66
1986,1986,GTR,When the Heart Rules the Mind,b4a247b6-eced-404e-8b32-9f0599400a40
1986,1986,Guana Batz,I'm on Fire,0dad3f05-4da5-4568-9388-9d4ed090f491
1986,1986,Guana Batz,Loan Shark,07e6a2f4-7ad4-4315-ac62-06e4376cdc62
1986,1986,Guana Batz,Seethrough,421a5ba8-5e55-31b0-92cc-2bbab6d16b41
1986,1986,Gunter Gabriel,Mädchen ab 30… (… lieben am besten!!),db919b1b-070f-401e-a4e8-2ccde461712e
1986,1986-09-15,Gunter Gabriel & Manfred Krug,Hallo Dortmund,e04b5e61-ca49-4656-b528-bafbc62d53c6
1986,1986,Guus Geluk / Tina Rosita,Inpakken en wegwezen / Dat mooie Alpenland,a330f03f-64a0-48ef-ae03-2259988fd0c2
1986,1986,Guy Marchand,Bleu dur,ea3dc995-fb6a-49e4-a35c-e2f510699dc8
1986,1986,Gwen Guthrie,Ain’t Nothin’ Goin’ On but the Rent,fc62f4c9-beb4-475f-8736-d539214dd13f
1986,1986,Gwen Guthrie,Seventh Heaven (US Remix),240b6ac2-4f79-49cf-bc8e-5abb8fd5f557
1986,1986,Gérard Blanc,Une autre histoire,2b24e1b8-9c67-4d1b-92ba-26256967305e
1986,1986,Gérard Blanchard,Les Escrocs rock ’n’ roll,4dd393b5-a6df-4e48-945a-716e8c8cdf0f
1986,1986,Gérard Lenorman,Le Bleu des regrets,14b53282-76f3-4823-8ab1-0596a491fff1
1986,1986,G’Race,Beat That Clock,18f417d1-b3cd-4ed4-9161-08a0bc6f040a
1986,1986,H+N,Wollte frei sein,84cf1659-8221-438d-8440-e9707c7b099f
1986,1986,Haagsche Harry & Hollandseveldsche Hendrik,Hollandse Rep,4aa144bd-7e61-31c6-b9d3-dfb7bf1ce26f
1986,1986,Hal Canon & Earl Vickers,Original Soundtrack from the Hit Game 720°: The Ultimate Aerial Experience,8caeb58b-1bc9-4ed7-bfe4-9656b037a3ff
1986,1986,Half Man Half Biscuit,Dickie Davies Eyes,7984240b-1d0d-3cd3-8896-995e92628b87
1986,1986,Halo of Flies,Rubber Room,31c2d7fd-d656-45ce-aac8-2fb190f83701
1986,1986,Halo of Flies,Snapping Black Roscoe Bottles,95604c38-9930-4ebf-9d5e-8d018ba26c7c
1986,1986,Hammond and West,Give a Little Love,ab71b2d8-d5ab-4cdc-bccd-f651efeb4509
1986,1986,Hana Zagorová,Dobré jitro (Walk Of Life) / Jako nemluvně,f22eea73-fde8-43d2-873b-e3feab22acd8
1986,1986,Hands of Love,Dance to dance,0321311f-b33c-4873-8bf4-b870d851946e
1986,1986,Hang the Dance,Horseflesh,781838cd-bc74-4e88-8f59-b35901ad22ca
1986,1986,Hank Shostak,Don't Tell Me,5a7c32a4-6f7b-4612-8dfb-a4d8c610fc7d
1986,1986,Hanne Haller,"Hallo, lieber Gott",49e1d002-8475-4c33-b22a-4ffc0b1cb77f
1986,1986,Hanne Haller,Starke Frauen weinen heimlich,ece0c6be-d576-4892-b570-de08e618e516
1986,1986,Hanover Fist,Razor Garden,41c052ed-1b40-4d9a-b99c-e91ca46e5123
1986,1986,Hans Dujmic,Nur Amore,7a2e99ca-cc16-4b79-bc53-f5164a6e5814
1986,1986,Hans Orsolics,Bleib no da,6f1b6fa7-3bc4-4da5-9f01-fa4d21e0f163
1986,1986,Hans Orsolics,Mei potschertes Leb'n...,d28f30be-b169-402e-ab2c-59897884519e
1986,1986,Hans Scheibner,Umweltschutz macht Spass,a9b41aab-96cc-4ca2-b8c4-6973886a4b61
1986,1986,Hans Stolk,Ik mis jouw liefde,146cc98c-0ad5-4353-8a72-28a4d893bcca
1986,1986,Hans Vermeulen,De Kikkerbaas van Duinrell,242d36bf-1058-4c16-a520-85a36787ce24
1986,1986,Hansi Dujmic,Ausgeliefert,87228e3d-c9e5-49a1-bdb1-45705e14f505
1986,1986,Hanói-Hanói,Totalmente Demais,1816a279-57be-46a0-a24e-2408d3676c2b
1986,1986,Happy Mondays,Freaky Dancin' / The Egg,f182e1a5-f575-35a0-a162-b2a498b4181d
1986,1986,Happy World,Jump for Joy,6775b47d-ca7a-482f-8e97-95d720249038
1986,1986,Harald Martin,Ich Sag' Adieu,28373a60-c2db-46dc-8335-c6fc85d2cdd2
1986,1986,Hashim,Primrose Path,71b29b21-484e-4a2c-8c3c-21037efaffea
1986,1986,Hazell Dean,Extra Sensual Persuasion,1a7a7488-5256-42fc-96e2-7c4632e32d5e
1986,1986,Hazell Dean,Stand Up,0b3f1642-b3ff-3be4-9991-d6731e22ca48
1986,1986,HBO,Come With Me,8e3dcd3e-14fa-463d-b301-395eb343fd34
1986,1986,Hear ’n Aid,Stars,f410dcbf-d9b6-3b7c-b894-c212497c3e41
1986,1986-07-19,Heart,If Looks Could Kill,34f93608-a9fe-4bad-b5f5-6814756eb8f2
1986,1986,Hearts on Fire,Hearts on Fire,118bb433-54f8-43f7-884b-4fd060cc9766
1986,1986,Heather Parisi,Teleblù,ff119d92-8e3b-4efa-95a9-7a90661c8980
1986,1986,Heaven 17,Contenders,82da5089-5ccf-459b-8ca4-09e3aa7b4ecd
1986,1986,Heino,San Bernardino,1a249544-fdac-4513-9246-05abef562708
1986,1986,Heino,Schade Christin',4f542053-53ad-433f-a02f-22b38274d280
1986,1986,Heinz Rudolf Kunze,Dies ist Klaus,d96e6084-3a33-4cb7-ba4e-4ad8700db178
1986,1986,Heinz Rudolf Kunze,Fallensteller,eac225ab-e09c-4130-b17d-6b81dbf6826d
1986,1986,Heinz Rudolf Kunze,Mit Leib und Seele,e33ac7b9-48a1-4175-81c8-e3307bc86d6e
1986,1986,Helga Hahnemann,100 mal Berlin,c9b7b9c4-28ff-4c08-95b8-9c716a49756c
1986,1986,Helga Hahnemann,Wo is mein Jeld,92af6e69-0e38-41d7-86ed-780f7cd17b17
1986,1986,Heli Deinboek,Nein sag' ich (und ja mein' ich),c4c0c66d-b802-4414-8f36-b036dd2d2f15
1986,1986,Heli Deinboek,Sail Away,87623414-0b85-4369-8d64-2012b1821a51
1986,1986,Helloïse,For a Moment,4de8a84e-3972-4e15-8d34-9f60d6fadc18
1986,1986,Helmut Frey,Bleib bei mir,ea67cea9-ed74-49e6-8642-7628ab51541a
1986,1986,Hemliga Byrån,Hej hej hemskt mycket hej,16a3eb58-a2ed-4f45-9adb-742f4b23f9d2
1986,1986,Henk Wijngaard,"Gooi nog eens ’n blok op het vuur, schat / Café Quo Vadis",bbf7a5ec-f335-4007-bb3a-fa3d320d1891
1986,1986,Henk Wijngaard,Jimmy is lazarus / Tinus Tussengas,f893e382-2dd5-41c6-b6b7-ba5f62861328
1986,1986,Henny Lansing,"Pauline, ik sta zonder benzine",d176199d-a6d3-44e9-9990-696f1131fb1f
1986,1986,Herb Alpert,Diamonds,f8cc9007-5576-3349-b8ba-2460d55d0062
1986,1986,Herbert Grönemeyer,Kinder an die Macht,02541431-2b13-4012-a6a7-228480129f04
1986,1986,Herbert Grönemeyer,Nur noch so (remix),90146d1e-669b-42ff-8385-ed265f6637a7
1986,1986,Herbert Grönemeyer,Tanzen,9735de0e-1091-486a-8f74-41cb721eb296
1986,1986,Herbert Grönemeyer,Unterwegs,56c587a6-7e8d-405e-9e43-26c7eb24e48e
1986,1986,Herbolzheimer Jr.,Ich will raus,bac705fc-cf2d-4a7a-a758-c6613ffb6d9a
1986,1986,Hercules,7 Ways,adea97ac-20b2-3911-8547-975d3c479c67
1986,1986,Herman Lippinkhof,Een karavaan / Klokken luiden voor Marianne,b0f0e323-4e52-4404-98fe-7f6592b9a823
1986,1986,Herman Lippinkhof,Vele mooie jaren / Santa Maria,870faab9-cbac-4f5d-8ab7-2259bf538187
1986,1986,Hernán Hernández y su Combo,Pena por ti / Canto negro,1f443a2d-84a9-411d-8f61-851d2a1fd4d2
1986,1986,Hernán Hernández y su Conjunto,Tonto amor / Sólo,ca704f09-6700-44de-b3ef-24e8ca4492a1
1986,1986-08-21,HEROES 21,THE HYRULE FANTASY ゼルダの伝説 / 謎の村雨城,3a072d2c-1d55-4149-8bf3-96704f2b7114
1986,1986,Hervé Cristiani,Emmenez‐moi,bb8f30ea-9a81-4a91-bb4f-88a4245c25aa
1986,1986,Hervé Vilard,Le Vin de Corse,45c12072-50ea-4509-bb1c-1923d4a95a15
1986,1986,Herwig Mitteregger,Irgendwie verliebt,a4670396-c1fb-4e16-b196-10a9a6724520
1986,1986,Het Radi-Ensemble,Zonder jou voel ik me eenzaam / Kijk nog eenmaal in m’n ogen,de409448-a0f4-43e4-ad69-eef681efd3f4
1986,1986,High Plains Drifters,City Life,dfdd486a-cb42-341d-a641-0aa8af746f2f
1986,1986,High Potent,H.P. Gets Busy,2c17b7ac-1655-4bbd-a109-fdd5f3967768
1986,1986,Hillsboro’ Crew,Steel City (Move on Up),c984e5e2-3ca6-41c4-89d3-0d10c205c72e
1986,1986,Himo,Tämä rytmi / Suolaista vettä,b785b5f6-d72d-475d-b37a-30385d7d185e
1986,1986,Hindu Love Gods,Gonna Have a Good Time Tonight / Narrator,0246ca9b-45db-43a2-8b1f-12788979e415
1986,1986,Hipsway,The Honeythief,198dc925-a254-45dd-ae49-9277a0edd05c
1986,1986,Hiromi Kurosawa & Killer Keller,Euro Beat Express,fbd6b558-391c-4e59-a34b-635ce2bf95c3
1986,1986,Hobbies of Today,Dream On Dream Kid,2625ba2c-83b4-4121-b577-322e42a9e9b3
1986,1986,Hohokam,Don't You Know,50dac640-3c26-4b9b-9e08-4f6dfffc4cdd
1986,1986,Hollywood Beyond,No More Tears,d35e9d1f-6b7f-43e8-9df0-19f17a799865
1986,1986,Home Boy,A Love Connection,1ac84833-bbe7-4c47-9096-27fce00fb936
1986,1986,Hommy en Emmy,Jij bent ’t liefste / Ik wacht op jou,743b4cb6-4e7f-4198-8afb-a78acc4616ac
1986,1986,Honeymoon in Green,Eve / Wheel Girl,e5e90a13-2b78-3314-88d4-5441a2266482
1986,1986,Hong Kong Syndikat,Concrete + Clay,141ed085-4aa4-4426-8c94-f0fad6f333f3
1986,1986,Hong Kong Syndikat,Girls I Love,1754dfd0-b2db-4fc3-809e-f68750b00eb8
1986,1986,Hot Chocolate,Heartache No. 9,f08c3ff4-8037-42d2-87f2-95881c731730
1986,1986,Hot Cold,I Can Hear Your Voice,f737e453-0709-4188-be63-b53a6b13a526
1986,1986-11,Hot House,Don’t Come to Stay,1302a8e2-b146-43cd-bb71-bde4a5ff7de7
1986,1986,Hotline,Rock This House,606bc0c2-2ad2-46a8-bcdc-eaa0f6cbb640
1986,1986,How We Live,All the Time in the World (the “I Don’t Mind If You Don’t Mind mix”),7fc8964d-4c58-32c5-844e-b8d1896a98f3
1986,1986-04,Howard Carpendale,Lisa ist da,b390b942-0c91-4150-9d29-3bb5b44d43a9
1986,1986-09,Howard Carpendale,"Sag ihm, dass du gehst",c46ce293-aca8-46bb-8387-228a1105e527
1986,1986,Howard Hughes and TWA,West of the Pecos,7a478308-d4ad-4481-931c-c5eec4cd52a6
1986,1986,Howard Jones,All I Want,624fefff-ad3b-401a-b68b-7e5c5795fa46
1986,1986-10-04,Howard Jones,All I Want (Extended Version),f024e7df-525b-49f3-866d-7bae365bd68d
1986,1986-03-15,Howard Jones,No One Is to Blame,9dd7cdc3-e881-49db-b709-1511cbb4538f
1986,1986,Howard Jones,No One Is to Blame,e6ab3a25-3c3a-4b9e-8e93-b4554719f26f
1986,1986-11-18,Howard Jones,You Know I Love You ... Don't You?,0c427f68-a667-474a-b341-f819ce804f17
1986,1986-11-29,Howard Jones,You Know I Love You... Don't You? (Dance In The Field Mix),0c9299fe-7d5c-4532-9f8e-d0fe17388057
1986,1986,Hoyt Curtin,The Jetsons Main Title / Jane Get Me Off This Crazy Thing!,f1c6a471-d5ea-423e-b2cb-f1a900a12cb4
1986,1986-04,Hubert Kah,Limousine,538172b0-e4b9-4171-98ad-c44802675281
1986,1986-09,Hubert Kah,Something I Should Know (remix),8ec6a537-ce27-445f-af2c-2eec5c5049b0
1986,1986,Hubert‐Félix Thiéfaine,Précox ejaculator / Zone chaude môme,95918f00-e596-4f8b-ac19-6671301356f3
1986,1986,Hubert‐Félix Thiéfaine,Psychanalyse du singe / Un vendredi 13 à 5h,ab401f90-5270-4659-bba5-8c9b57139a9d
1986,1986-10-06,Huey Lewis and the News,Hip to Be Square,806c6352-78e5-4ce4-86de-5cb9d64787ed
1986,1986,Huey Lewis and the News,Stuck With You,1efd6e26-1186-45c6-b800-41d0feb31d90
1986,1986,Hugo Egon Balder,Ein Eigentor,fe652685-35b0-402b-8d27-5c15e5fa2e2c
1986,1986,Hula,Black Wall Blue,407050b3-7fa4-4d7b-a773-0993bacb2e0d
1986,1986,Hula,Freeze Out,9f9f9c9e-ffcc-453f-bef2-27dae74c781e
1986,1986,Hula,Poison,c650fdae-51fb-4c49-9215-8838603fbfc4
1986,1986,Höhner,Kölsche Klüngel,6e379993-4504-4af1-962b-ccf8ecd0a762
1986,1986-02-17,Hüsker Dü,Don't Want to Know If You Are Lonely,128db1c8-7894-3b27-8742-224f3201e2dc
1986,1986,Hüsker Dü,Flexible Flyer,3378bf28-6bba-42f5-b1ad-06cac4ee467b
1986,1986-12,Hüsker Dü,We Wish You a Merry Christmas,c947b287-bb34-4d91-a033-5c8dd2366380
1986,1986,I Start Counting,Catch That Look,8cfb6dbb-3dc0-41cd-9744-5caf3b83c08d
1986,1986-05-05,Ian Cussick,Who Dares Wins,ea52313d-ae67-4550-98ee-547bd87fbe18
1986,1986,Ian Darby with Ya Ya,Stay,1ad1ee57-5ca8-4893-afbb-f0b808749dc3
1986,1986,Ibo,Ibiza Teil 2 (Wenn Du mich brauchst),3d041670-1024-4377-89dc-07c3672b7a53
1986,1986,Ibo,Süßes Blut,8e07d803-f6d3-4885-967d-053de2c0747d
1986,1986,Ice T,Dog’n the Wax,478dfb6d-c1fe-4063-bda6-04ff40f26739
1986,1986,Ice T,Ya Don’t Quit,5c1830f3-f3ae-41ab-9bb0-c1dc581c98ce
1986,1986,Icehouse,Cross The Border (Steel Love),3890d7e2-3ad7-444a-8819-95ea91159d93
1986,1986,Ides of March,In Winters Land,eb3fae00-d61a-4fd2-bbf2-34039f6957c1
1986,1986,Ides of March,On the Face,65c4f92e-39a1-420a-8715-ac478fa6831e
1986,1986,Iggy Pop,Cry for Love,3c17dd9a-a9ae-4cc9-aab1-e5b4c31cf6f6
1986,1986,Iggy Pop,Fire Girl,a3b80079-f731-4cdd-83c8-80d5889a2254
1986,1986,Iggy Pop,Isolation,b417a71e-726e-4632-91ae-b9ae161cd255
1986,1986,Iggy Pop,Real Wild Child (Wild One),3f92c469-3870-4bfb-97d7-ae4b7c70409f
1986,1986,Iggy Pop,Shades,45dd1335-1bfe-41d0-94a7-7d7ef0194344
1986,1986,Ile Merivaara,En voi unohtaa / Heidi,863d9c93-6e7e-44b0-aa34-c41039d8dfe0
1986,1986,Images,Corps à corps,6fb01d91-26cf-4365-a228-28c43cc1eb0b
1986,1986,Images,Les Démons de minuit,d6805529-74cf-4924-8b5a-9f87d9691787
1986,1986,Images,Love Emotion,a85291a1-379a-48ee-8118-628a6e4c71a6
1986,1986,Imperiet,Café Cosmopolite,7c4d5021-be7f-4360-b436-ee74a4b9d92d
1986,1986,Imperiet,Peace,fb5ee142-0e58-41db-bb45-93909337c2af
1986,1986-04-01,Imperiet,Var é vargen,ca0801f6-8022-3e71-b96b-4ffef52b1876
1986,1986,In Tua Nua,Seven into the Sea,2e62e958-1d34-4788-8d47-c7407249a10b
1986,1986,Ina Deter,Frauen kommen langsam - aber gewaltig,6b660cea-cc28-48df-a7aa-50c6b48502f6
1986,1986,Indian Ocean,School Bell / Treehouse,ed603461-d07d-3cdb-87ac-f2f6c984395a
1986,1986,Indigo,Hang On to Your Dreams,0a4170af-a539-4b55-be07-9e0940fae830
1986,1986,Indochine,Tes yeux noirs / Monte-Cristo,ee712996-46e7-4caf-b0cf-8c6a0f857b1e
1986,1986,Indochine,À l'assaut,54d19a86-3526-410c-b3c7-fc5fc3e4a395
1986,1986,Inferno,Blå clown,5fb3eb53-8e42-47c0-8bad-d9c12da1cdc5
1986,1986,Inferno,Mannen som kom bort,ca861262-e6e2-480f-90c3-d4a804a69410
1986,1986,Inge,Vergeven,319ffe75-084d-4ce6-852f-267e903d9314
1986,1986,Ingrid,Op 'n Dag,95ac989e-4dd0-4dc7-876d-6459f4abcf6e
1986,1986,Ingrid Peters,We've Got a World,063c8f1c-64d6-4bd9-9bb0-3021176df54c
1986,1986-03,Ingrid Peters,Über die Brücke geh'n,de7eb5be-b317-4529-85f5-8b5d489764f2
1986,1986,Ini Kamoze,Pirate,1052864b-55fa-430e-9d39-add007ad3331
1986,1986,Inside Information / Tynal Tywyll,Time / Rhwyma Fi,8c16bc7c-3364-4f8e-8dde-61e4ef5e85c4
1986,1986,Into a Circle,Inside Out,0d6bf795-84dd-455d-92d8-bbaba0ef57f8
1986,1986,INXS,Kiss the Dirt (Falling Down the Mountain),a71a6bf1-a705-417e-a3b8-58e04df78c59
1986,1986,INXS,Listen Like Thieves,7e9e40aa-2f90-4963-995a-fc146d82b2eb
1986,1986-12,INXS and Jimmy Barnes,Good Times,dc392c3c-4301-33a3-8230-737cf83e5be0
1986,1986,IQ,Intelligence Quotient / It All Stops Here,6859d1e4-1cab-44c6-92ee-3242b99e00e4
1986,1986,Ireen Sheer,Wenn Du eine Frau wärst und ich wär' ein Mann,eefb8d44-44d4-35ba-9087-5124202929ac
1986,1986,Irene Edwards,A Winter Song,04444aa2-7436-4e60-88d5-60885c8ec5b2
1986,1986,Irmin Schmidt,"Roll On, Euphrates",679b0999-592d-4d5b-aa12-08eb2ec6cf18
1986,1986-11-22,Iron Maiden,Stranger in a Strange Land,acd88ea4-2ba8-4b1b-bdb2-8d5d3fa0090f
1986,1986,Iron Maiden,Wasted Years,44fd893c-cbb2-37d2-b314-926a382ddd2b
1986,1986,Isabelle Adjani,Princesse au petit pois,fc5672ab-9a9d-4dbc-8f8a-68b20c984526
1986,1986,Isabelle Guillard,Signé Cat's Eyes,f5343d62-27a1-481b-a485-97d0761bc132
1986,1986,Ish,I Could Love You,dfc6e669-e5c2-42a8-83f9-5873a2ba4c4d
1986,1986,Ish,You're My Only Lover,559d19b1-bb92-49b8-9728-851c09cc5f62
1986,1986,It Bites,Calling All The Heroes,d5bc3131-269f-41f9-b095-8911b9e0943f
1986,1986,It Bites,Whole New World,85e9a865-b2bc-4634-8511-4442ce81e390
1986,1986,It's Raining,[untitled],5f49f117-3a3a-4613-bc40-832eaf595377
1986,1986,Italian Boys,Gigolo,42b3e26c-ea36-475f-a3a9-a9dce5127590
1986,1986,It’s Immaterial,Driving Away From Home,834c3d17-a8ef-41b5-af36-2c3f4dd4d232
1986,1986,It’s Immaterial,Rope,ca21b2c3-00cd-47ee-8197-5161501e9245
1986,1986,It’s Immaterial,"Space, He Called From The Kitchen....",80872435-6c84-47b7-bcb6-7cc7a2f222d9
1986,1986,Iván,Hey Mademoiselle,0b4428e8-8519-4d17-a3b2-271a3ca94e38
1986,1986-01-02,J.B.'s Allstars,The Alphabet Army,2e01b89d-0b8c-425b-90c9-667240d6da0b
1986,1986,J.C. Brouchard & Biff Bang Pow!,Someone Stole My Wheels,adc65da4-c5ad-4e02-a352-bfc82fd5da99
1986,1986,J.M. Silk,I Can’t Turn Around,fb18c49f-d1a4-4e4d-b771-7bddd0aa3c18
1986,1986,J.M. Silk,Shadows of Your Love,87c18eca-0d70-400f-b94c-04952dbb10a2
1986,1986,J.R. Dan,"Tu rêves, tu rêves / C’est la vie, c’est l’amour",f9916786-0625-4ae9-8d0b-b5835da46952
1986,1986,J.S.R.,Understars,c3f71bdb-c79a-4251-bc4d-d2d454fc304a
1986,1986,J.T.J. Trio,Die ouwe tijd van vroeger,60bd3475-88dd-42f7-b0d3-302f55f417ae
1986,1986,Jac. De Jong,Kerstfeest vandaag,8ea1070a-eb86-4a0e-802f-3756c9c01ca0
1986,1986,Jac. De Jong,Olympiade,d6f7fae8-4508-415c-88ff-1b9ba015b293
1986,1986,Jack Jersey,Love Letters / Dark Moon,c3a27ff1-f1a2-4269-9e29-95eee6f0ceca
1986,1986-02,Jackson Browne,For America,aa9d7a86-2fcc-476c-a1a1-f0f89b94ecb5
1986,1986,Jackson Browne,In the Shape of a Heart,40cb2b81-e3ce-4a7d-9fbf-5670f577c44d
1986,1986,Jackson Browne,Lives in the Balance,4a48db21-7ce5-47a8-a17a-ec1dd9f12102
1986,1986,Jacky,Le Parleur des haut-parleurs,489bd4ad-ff89-498d-bc0a-fc1515d3ac29
1986,1986,Jacno,Amour Deçou (On Est Pas Payé Cher) / J'Suis Fatigué,2ec15753-5cd3-47e8-96d1-7c08abfac72c
1986,1986,Jacno,Tant De Baisers Perdus / J'Débloque (Tic Toc),0479076b-737c-4c46-8560-2f44226c4ac1
1986,1986,Jacqueline Joubert,Bibifoc Justicier,9851eefe-8934-4453-b9c6-ca032584cd2e
1986,1986,Jacques Herb,Ga ik terug of niet?,11e02ef4-6353-4b69-acb3-1e75a1577d2e
1986,1986,Jacques Le Fisk,Highlife,cc9656c5-ae52-4c6d-8821-680790bcde40
1986,1986,Jaguar,Here to Live,60affc73-9073-4bf8-b34b-f2a7970b3e5f
1986,1986,Jakie Quartz,Vivre ailleurs,c773ba64-e517-46d0-b183-0c4ff78d5af3
1986,1986-01,James,Chain Mail,6b45eb85-24b6-34ea-ae5e-c177af29666f
1986,1986-07,James,So Many Ways,63810c45-d8b6-4cc4-8dc6-817992cd4171
1986,1986,James (D‐Train) Williams,Misunderstanding,8fbac10c-8b5f-4eda-8cdb-ceeed00c391f
1986,1986,James Brown,Gravity,9df6224c-461b-4c37-9241-39d104b3142a
1986,1986,James Brown,How Do You Stop / Goliath,0f8ee083-c3f9-4b7c-9d74-b0fd16de0602
1986,1986,James Last,Arche Noah / Day Dreams,2fc6d5a3-d18d-4e88-97d7-1380b1102956
1986,1986,James Last & Astrud Gilberto,Listen to Your Heart / Champagne and Caviar,457c00c7-70be-4bf2-8793-66b88ea5d50a
1986,1986,James Last Band,Cherry Pink / La Bamba,41d32fdd-579c-4c87-9db7-02d88c1d5860
1986,1986-07,James Ray and The Performance,Mexico Sundown Blues,ddce075d-4c62-37c4-ad61-e9b8551bc793
1986,1986,Jamie Principle,Your Love,68700a0e-e969-41c1-b038-e7768bdae1f4
1986,1986,Jan & Zwaan,Schlagersouvenirs / De harlekijn,24dbe77b-4f3b-47e9-bc2a-eada2a22a3fb
1986,1986,Jan Boezeroen,Bij mij valt echt niets meer te halen / Eiland van staal,2ca9620b-f916-4881-af4c-0a4bb99d3562
1986,1986,Jan Boezeroen,Clown beste clown / Je wilt,e9bfd211-6494-4463-8b3e-adb0c1752215
1986,1986,Jan Boezeroen,Rusteloos / Ik zal de dagen niet vergeten,891a1077-b8f5-4029-8a1e-7cef55dedeb5
1986,1986,Jan Boezeroen en de Brabantse Deejees,We’ve Got the Best Disco / Keet maar raak,9867d2bf-4d77-4fa0-9eab-846a17ce05a6
1986,1986,Jan en Zwaan,Hé hallo / San Bernadino,815fa8d8-5c7b-4815-a79e-1d1e87cecb24
1986,1986,Jan en Zwaan,Marianka / Wacht in de haven,811fd921-c917-40f5-ae9b-872fcf75e7dc
1986,1986,Jan en z’n Harry’s,Vergeef me nog een keer,04ff98a3-bf80-43be-8cf9-2f0ff214ec14
1986,1986,Jan en Z’n Harry’s,Wacht op mij Maria,148d448c-f868-4ca1-9469-6f8f02b6d91c
1986,1986,Jan Hammer,Crockett's Theme,bb806053-5c83-371b-a39d-321e3f993ca3
1986,1986,Jan Petat & De D.J.’s & Harry Silver Combo,Dag allemaal...! (Wel thuis en welterusten...),66d6c1d8-57f3-4d7e-8efb-c247434cd92e
1986,1986,Jan Petat / De Marlets,En hij stoft… En hij veegt… En hij zuigt!!! (Het hondje van mama!!) / Kom ’ns hier lekker dier!!,9854e91c-37e3-4096-ac4e-839959ddb011
1986,1986,Jan Petat / Het Noordzee-duo,Lang leve onze pa!!! / Oh Heide roosje,7a07523a-7603-4ee8-8d46-826b9ac110e6
1986,1986,Jan Petat / Johnny Blenco,Heide witzka / Wilde rozen,7651502d-adc6-4c57-b409-4e733bbbc7df
1986,1986,Jan Rot & The Trojans,Johnny's Echo / Bottle of Valentines,2abc9706-ee00-456e-98e9-01a9596acd00
1986,1986,Jan Verhoeven,Ik blijf je vriend / Uitgevlogen vogels,183fb13a-9921-43e6-ad02-f7abc248520e
1986,1986,Jan Wiggemansen,Moederlief / ’n Melodie voor jou,e448945d-4d12-4935-a79b-236df92bfa4f
1986,1986-10-21,Janet Jackson,Control,9ea53d1a-fe8c-49a6-b101-3001cf64d206
1986,1986-04,Janet Jackson,Nasty,e3e386cf-9d10-3922-8cee-b919028ae555
1986,1986,Janet Jackson,The Pleasure Principle,030d3fdb-6907-311c-b749-0dceb38a6d14
1986,1986-01-13,Janet Jackson,What Have You Done for Me Lately,9f4ab201-05a8-4418-8dce-5228175d2706
1986,1986-07-28,Janet Jackson,When I Think of You,cb22ffa6-d200-3e2c-a53c-162d6dd594dd
1986,1986,Janet Jackson,When I Think Of You / What Have You Done For Me Lately,629944ae-004c-4ae1-a772-08890c12c10f
1986,1986,Janny en Fré,Niemand dwingt mij,0adae910-96b8-4a53-b8d6-cad642d7ce2b
1986,1986,Janske,In ’n woonwagen / Klein zigeunermeisje,7f7ca811-3a38-4a78-aa79-d908315612e4
1986,1986,Jantje Koopmans,De eerste kus /Ik wil een baan,0f97463f-771f-40dd-ad67-afc2d95ab132
1986,1986,Jantje Koopmans,Die oude melodietjes,b4870193-fe6b-3c6e-86f0-3f828352c77b
1986,1986,Javier Viñals,Lejos de ti,1fa81514-dfff-46ce-85b0-f9dc673b14be
1986,1986,JD Starr,Rockin' You Around,22544e78-d7be-483d-8a5b-b09daa7fa3fa
1986,1986,Jean Beauvoir,Feel the Heat,c587a344-b3eb-4163-9b33-a029f5682e59
1986,1986,Jean Carne,Closer Than Close,52142545-2df2-4ba7-a348-b854169be38b
1986,1986,Jean Christy,Kom Toch Vanavond Weer Bij Mij,b335cef8-b4bb-42bb-8ee0-164d5c2e29c0
1986,1986,Jean Michel Jarre,Rendez-vous IV,a898ec9b-51fc-3c70-b8b3-8117c3ffd524
1986,1986,Jean Vincent,Fireball,d77fb9e1-568a-4a04-b477-f31e45bd68ea
1986,1986,Jean-Claude Corbel,Cosmocats,a387a1e2-915b-451b-bb19-470b4e2107f3
1986,1986,Jean-Claude Corbel,Olive Et Tom Champions Du Foot,e5a67bb4-d877-40e9-8cdc-933d61ca12a5
1986,1986,Jean-François Léon,Américanisé,ef295d4d-3693-4e8e-b6a2-60580f391c88
1986,1986,Jean-Pierre Kusela,Der Lachende Vagabund / Gambler's Guitar,5bb7374a-6a66-43e4-8159-47af1c72de5f
1986,1986,Jean-Pierre Kusela,Naurava kulkuri / Lääketieteen opiskelijan epätoivo,bacf0aa1-2807-424a-9741-5d97e3350327
1986,1986,Jeanne Mas,En rouge et noir,bf7c3766-e0bf-4da9-bab4-66cea55b017e
1986,1986-09,Jeanne Mas,L’Enfant,dcc1554b-0837-403f-ab04-17dbfa9a6a71
1986,1986,Jeannie,Freedom (Die Antwort),4a7c10c5-d1e0-4cb3-adf1-fab22236d603
1986,1986,Jean‐Félix Lalanne,Le Passage,3900a55c-f189-43bb-b7c2-37d0b90c9e87
1986,1986,Jean‐Jacques Goldman,La Vie par procuration (En public),307674d9-8447-435a-90d9-5fcfb2453486
1986,1986,Jean‐Jacques Goldman,Pas toi,0b19c04c-c9bc-444e-858b-1823f4c0b066
1986,1986,Jean‐Luc Lahaye,Djemila des lilas,cd00dab9-e253-42e1-b826-9cd7322b72f7
1986,1986,Jean‐Luc Lahaye,Il faudrait que tu reviennes,3212d961-4f22-4ad6-b042-1dcdd3a1d951
1986,1986,Jean‐Luc Lahaye,Qu’est-ce qui t’as pris,e393369f-9807-4211-bb95-1b96b684a12a
1986,1986,Jean‐Michel Jarre,Fourth Rendez-vous / First Rendez-vous,094a2ced-d8f0-4193-95b0-575ad9c7ed8a
1986,1986,Jeb Million,Second Time Around,0fc7c5a5-8d6c-4938-b2b6-1ffa70a7ed12
1986,1986,Jeb Million,Speed Up My Heartbeat,3526ecc8-f1f4-4ece-9340-f0ab55fe42e2
1986,1986,Jef Blaaskop,Met ’n zatte kop (nooit achter het stuur!!!),e454ae38-14c0-4311-9771-87eefecea34a
1986,1986,Jeff Beck,Wild Thing,1a386008-26de-4022-a130-ef6bef6aae76
1986,1986,Jeff Lorber featuring Karyn White,Facts of Love,5f49216e-71b0-4b91-a984-117bdd0ed12f
1986,1986,Jeff Stryker,Bigger Than Life,87061c65-c243-4043-a25f-04682ea68be8
1986,1986,Jeff Thomass,Cuts Like a Knife,9a43507c-f0e7-490b-936f-b50674fdbb3d
1986,1986,Jeff Thomass,Lucy Is Back in Town,794b7c25-829c-4c5b-aadc-a867813b272e
1986,1986,Jefferson Ink.,Fight the Pipe,c2b59512-b357-4ff3-b003-5e8af487d495
1986,1986,Jennifer Munday,Invisible,147b2a23-4a9e-40e0-9ff0-825d756765a5
1986,1986,Jennifer Munday / Dato Shake,Invisible / Let Me Be Your N. 1.,83082135-2a7e-4686-a936-f49356143045
1986,1986,Jennifer Rush,Madonna’s Eyes,bd6b8cb5-ccb8-47e7-856e-6dd5653d6ac5
1986,1986,Jenny,Al mijn dromen werden werkelijkheid / Was ’t spel?,46f91460-dcf5-4a03-8e47-ef927f1a9316
1986,1986,Jenny,De ware liefde ben jij / Morgen,77ea3a71-f3d8-4f09-b752-30379387903a
1986,1986,Jenny Burton,Do You Want It Bad Enuff,b16e9d4c-d584-458f-9b08-dac9272d6a1a
1986,1986-10,Jenny Morris,You’re Gonna Get Hurt,892a8b8d-c1ad-4c79-8655-b469d1872bd3
1986,1986,Jens Graasvoll,Forbaska vanskeleg,2408d84f-0313-4aa9-b0b1-e49038b4d09c
1986,1986,Jermaine Stewart,Jody,58b19290-1d56-4d1f-b53c-89d807ddef20
1986,1986,"Jerry Lee Lewis / Jerry Lee Lewis, Roy Orbison, Johnny Cash, Carl Perkins",Sixteen Candles / Rock and Roll (Fais-Do-Do),029015f2-4f65-480e-970a-d54996143228
1986,1986,Jersey Artists for Mankind,We’ve Got the Love,79e5a011-21aa-41c5-bc53-855d1a0809d9
1986,1986,Jeryl Bright,Electric Body,1901daf9-3883-4a69-a52b-ffb354b99eea
1986,1986,Jess and James,Move / Something for Nothing,f32d55eb-742b-49a0-b669-bf2ede683985
1986,1986,Jesse Garon,Prince du rock'n’roll,e1592430-7d9d-4468-87cd-7908a98a5dfe
1986,1986,Jesse Johnson,She (I Can't Resist),aa907226-2a91-4cad-a24c-bec90d752736
1986,1986,Jesse Johnson featuring Sly Stone,Crazay,c1565602-abed-43c2-ad6c-3421c7211054
1986,1986,Jessica,Like A Burning Star,9d1811ee-bc82-4c73-87c8-4d6f1ccdba9a
1986,1986,Jessie,Met een kus / Vijf rode rozen,34fbaff0-f7bf-4b01-822c-686a6d68e91f
1986,1986,Jesus Couldn't Drum,I'm a Train,e07e03f1-c76a-4017-a4d9-482c1e2cbb31
1986,1986,Jet Society,In the Night,c68214bb-3aae-4670-a24f-82fe41dc3e6a
1986,1986,Jigsaw,Sky High / Fly Away,947a16a7-d948-46d6-8e17-bf0344eab2d4
1986,1986-02-08,Jim Diamond,Hi Ho Silver,0df2b138-2cf9-431e-88da-cd74388ee8d9
1986,1986,Jim Reeves,Distant Drums / I Won’t Forget You,c0cbf699-ebe5-41fe-8604-04b82b306f35
1986,1986,Jim Reeves,Welcome to My World / Adios Amigo,00b5de95-6b48-4d70-9387-aed3fc183453
1986,1986,Jimmy Bo Horne,Is It In/Dance Across the Floor (Medley mix ’86),6fabfd22-a7c2-4994-be85-69f40e94816c
1986,1986,Jimmy Harnen with Synch with,Where Are You Now?,95b3e319-cdb4-481e-b614-5058e59d9a2c
1986,1986,Jimmy “Bo” Horne,Spank / Is It In,9d3741fc-2742-451b-85cb-82cc60e69014
1986,1986,Jo Hoogendoorn,Het sprookjesfeest,f482e6b8-b9ed-42a8-9ba1-ed464c11addc
1986,1986,Jo Vally,"Mijn zoon, mijn gevecht",6ac8a036-b890-4ecf-b95c-01777d256038
1986,1986-02,Joachim Witt,How Will I Know,aca074b9-bf43-4e17-b497-8ee8e3b7bb28
1986,1986,Joan Jett and the Blackhearts,Good Music,c670ab05-6671-47a7-8e76-c9f8d2aee2c3
1986,1986,Jock Hattle,To Be or Not to Be,5f103575-f012-4c7d-8d89-e4db79a02ea3
1986,1986,Jody Watley,Looking for a New Love,030713b5-c3bd-42d1-b82f-513aa5587fde
1986,1986,Joe Camilleri,Celebrate (This Must Be the Day),3034fe0e-78d6-47d2-8400-f9ed92e59b11
1986,1986,Joe Cocker,You Can Leave Your Hat On,4414765a-d2a5-4681-a8e8-2eeb02b8ecf3
1986,1986,Joe Jackson,Right and Wrong,b305c5d7-bd53-4f42-b7de-6175340de03e
1986,1986,Joe Perrino & the Mellowtones,Love the Colours,f6cda39b-f059-4e6a-b2f5-19d74d9201e7
1986,1986,Joe Rodriguez y su Grupo Latino,Nunca más / El Indio,1df4a03e-4423-4c62-9d7f-1af4e27cf576
1986,1986-08-25,Joe Strummer,Love Kills,b297badc-0889-4ed8-a0ff-f413b7ab5783
1986,1986,Joe Yellow,I’m Your Lover,80629802-0796-4068-bf57-9385bc067f19
1986,1986,Joe Yellow,Love At First,e95e3f55-78ca-46cb-b481-0e85afce899f
1986,1986,Joesi Prokopetz,Erwachsen,529f4c55-33c8-4605-a19c-36303e34568c
1986,1986,Joesi Prokopetz,Sind Sie Single?,48c91943-75b5-3d43-8554-d4904eda0014
1986,1986,Joeski Love,Pee-Wee's Dance,cc004ef8-7d4a-3606-a89b-45290c719655
1986,1986,Johan Dylyan,Sally,3b001ef0-70ad-4424-aef8-6ddbae948156
1986,1986,Johan Lindell,Ghost Dancing,92f8b28e-fb1e-448f-812c-110f570acfe3
1986,1986,Johann K.,Aspirin / Wahnsinn,5c443b61-c520-48d8-a264-e9072f3bf298
1986,1986,Johann K.,Einer muß eben der beste sein,f11e56b5-50db-4814-bfe7-03f24f1c79a1
1986,1986,Johann K.,Ka Platz im Herz,0aa967ce-e343-46d1-b49d-72d355bd13a8
1986,1986,John Anderson,You Can't Keep A Good Memory Down,52709d94-3935-4b51-bc78-dbc8f6d558ea
1986,1986,John Farnham,A Touch of Paradise,989ea8d0-0490-4f8a-b4be-0d7432b1dd70
1986,1986,John Farnham,Break the Ice,0ea3dcc5-a7f9-4dcb-b494-312a6a0b73ef
1986,1986-12-15,John Farnham,Pressure Down,4fab6802-208f-4ca1-be2b-74e47c1a7475
1986,1986-10-13,John Farnham,You're the Voice,21c7e13e-68db-4e7a-9de0-51e5c8d6f49d
1986,1986-11,John Fogerty,Change in the Weather,e6a40002-af6c-4142-bb3a-94280f98855d
1986,1986-08,John Fogerty,Eye of the Zombie,c9468432-619f-4961-8a8a-e8d25ca4f249
1986,1986,John Fox Band,Daham is daham / Sag niemals nie,dbca1395-2e1b-4053-a8ae-7d333865dcf4
1986,1986,John Fox Band,I kumm mir bled vor,a41d9443-381b-467d-96bd-33214af6c77e
1986,1986,John Fox Band,I möcht' di kennenlernen / Er is a Pendler,f3719bb4-5412-471b-b08d-87678f4fa8f1
1986,1986,John Fox Band,Schön is des G'fühl,65812586-afc2-46e8-a8c6-c6eee824acdc
1986,1986,John Fox Band,"Traumfrau / Wenn du willst, daß i Di will",322534da-2cca-4a66-883a-5f5a2ea3289d
1986,1986,John Justin & The Thunderwings,Justice,e41f35bb-2958-42ff-9bae-94622d718eb0
1986,1986-07,John Kennedy's Love Gone Wrong,Big Country,51c42ae9-6b9c-4ec8-9543-11589c3d339e
1986,1986,John Kennedy's Love Gone Wrong,Run Rudolph Run,ca6d858a-8a34-46af-94d4-5b5874db1303
1986,1986,John Lennon,The John Lennon Interviews,faf6b482-2b22-45b1-8ced-ac2dfa709de6
1986,1986,John McCrea,Rancho Seco,d3a90041-9ea9-3c44-9f2c-df30ce1af91d
1986,1986,John Mellencamp,R.O.C.K. In The U.S.A.,9e5e2017-4ebd-481f-bb3a-f006ec1e9ab0
1986,1986,John Mellencamp,R.O.C.K. In The U.S.A.,cf649579-18c4-494e-8fe6-a49ed70b42e8
1986,1986,John Mellencamp,R.O.C.K. in the U.S.A. / Under the Boardwalk,a69bf66e-f1a8-4656-a78f-eef5e58576e2
1986,1986,John Mellencamp,Rumbleseat / Cold Sweat,a3ab9610-5512-477d-8140-a352ab44d7d8
1986,1986,John Schneider,Take the Long Way Home,c13a91ff-c273-4046-af33-1cde1c8876fa
1986,1986,John Spencer,Op die dag in de zon / Jij bent ’t einde,9af469df-c5a1-4389-adda-92bab999fe80
1986,1986,John Spencer,Verliefd / ’t Is te laat,d71894af-5f12-49c3-a993-47bc20caedf5
1986,1986-02,John Taylor,I Do What I Do (Theme for 9½ Weeks),3dcca399-e5ad-4025-bf6b-c35eb33f818b
1986,1986,John Williamson,Cootamundra Wattle,d7abec77-9862-422f-8c9e-d9ea8b2cee39
1986,1986,John Williamson,Raining on the Rock,0760d2f2-fa86-496d-9c89-f4c928addadb
1986,1986,John Williamson,True Blue,842246dd-b248-4eab-9373-3c5eaf9b25b0
1986,1986,Johnny,Wie gaat er met me mee,3703fdcd-9942-45af-83c0-9c8e57b7adc6
1986,1986,Johnny & Anneliese,Scheiden is 't laatste / Samen naar Parijs,fd8a87d4-a885-476e-82e8-e8daa683330a
1986,1986,Johnny Blenco / De Marlets,"Als je danst, moet je niet huilen / Bier, geld en... Vrouwen",01fee68a-8603-4e40-9f4c-4950e2800d4e
1986,1986,Johnny Cash & Waylon Jennings,Even Cowgirls Get the Blues / American by Birth,e5ddb171-79a7-489f-8db5-5e32ab236894
1986,1986-09,Johnny Cash & Waylon Jennings,The Ballad of Forty Dollars,a8f58716-16ad-4e4e-90f7-54147e96c9e9
1986,1986,Johnny Chester,There's a Shadow on the Moon Tonight,ef2885ec-66ff-4be8-b7ee-1b4c445db334
1986,1986-04-04,Johnny Duncan,The Look of a Lady in Love,9db6eaed-cfb0-4f0f-ac65-497ad48b46e8
1986,1986,Johnny Eissing,Is er dan niemand?,d4f9fdd6-03ae-4b03-9509-a915db008e12
1986,1986,Johnny Hates Jazz,Me and My Foolish Heart,522b9450-273f-49ab-8aa3-6cae7d638edc
1986,1986,Johnny Mels,Het is nooit te laat / Het was in Turijn,9928b5e1-7a69-4b82-bf17-ffb707a517a1
1986,1986,Johnny Mels,Sax Expresse / Springtime,49d46d69-4252-4f55-bd94-01d0e717f61c
1986,1986,Johnny Nash,Baby You’re Mine (Remix) / Never Going Back,b44681d6-b99c-4136-b673-fbacc8850d34
1986,1986,Johnny Parker,Destination,dbbfdc35-05e3-4a0f-b888-bc49ea62bd1d
1986,1986,Joni Mitchell,Shiny Toys,aea37eed-0932-4dff-abc3-1d32ffbc922b
1986,1986,Jonna,Kun valot sammuvat / Paha sinä oot,676a4f93-8bce-46e5-9cc0-7c5b0bbf2b53
1986,1986-03-20,Joolz,Love Is (Sweet Romance...),cfc9a069-01af-428d-992e-7cad9da37b83
1986,1986,Jose van As,M’n opoe in de tachtig / Granny melodie,5f20465f-c7ad-4c70-ba42-596a43a166cf
1986,1986,Josje,Het leven is goed / Een roos voor elke lach,52f2cf36-fab2-4385-82e3-3c85bfba2609
1986,1986,José,All Around My Hat / Caroll,83e92e25-f88c-4dc7-89f0-b3dc902ce3e4
1986,1986,Journey,Be Good to Yourself,faee0b71-6ecc-44a0-ae8e-381222d3a560
1986,1986-10,Journey,Girl Can’t Help It,b23c18f8-116f-4cc5-af5b-76f6b3d1c04b
1986,1986-11,Journey,I’ll Be Alright Without You,50a252f5-bd38-4199-9380-dafb0f98d7a6
1986,1986-07,Journey,Suzanne,c4136c7c-bee9-47a7-bf09-7800a6fcb147
1986,1986,Joy Fleming & Pete Wyoming Bender,The Two of Us,ecf41311-da4a-4288-bc29-b0a7dc9938a6
1986,1986,Joy Peters,Don't Loose Your Heart Tonight,e4c05c3d-f56b-4ba9-b139-f84bd8e9e9fe
1986,1986,Joyce Sims,(You Are My) All and All,e44100fe-17e5-4c51-860f-996951a14596
1986,1986,Joyce Sims,All and All (The U.K. Re-mix),78d10611-ac30-437f-87f0-e70e10e0ad55
1986,1986,Joël Bats,Soli solitude,8964408d-7ace-4aad-8834-72a91e9ff628
1986,1986,Juan Manuel Lebrón,Amor fugaz / Atrevidos,a1b5747e-1933-4883-a286-18d5c966a01a
1986,1986,Judas Priest,Locked In,b774cc04-e00d-485b-a521-9083196c699e
1986,1986,Judas Priest,Parental Guidance,3d949f22-87a9-425c-b775-54cd7d3ad3fe
1986,1986,Judas Priest,Turbo,4e8676e0-b6fd-4ac0-ace9-03cf1afe1071
1986,1986,Judas Priest,Turbo Lover,ac7c49db-a70f-4969-9c4c-7ef4ca0e44b8
1986,1986,Juice Leskinen Grand Slam,Isoisän hinttipussi / Korjaa blues,715d9baf-f827-4235-9981-6914297d8177
1986,1986,Juice Leskinen Grand Slam,Kaksoiselämää / Elämää,0defcc8e-860f-4b03-9f65-d10ac527d181
1986,1986,Juice Leskinen Grand Slam,Vaasankin veri vapisee / Rakkauden ammattilainen,89c40f76-3913-4b71-9a2a-81a1ba470bc9
1986,1986,Julian,Straight to My Heart,721c6f99-42a2-4462-8a35-ea4d1c141be9
1986,1986,Julian Cope,World Shut Your Mouth,c51a8940-e6ad-34eb-a172-104c78b58f4c
1986,1986,Julian Lennon,Stick Around,cfef7d1c-2470-4c2d-9c57-c293ee2e7fa5
1986,1986,Julian Lennon,Time Will Teach Us All,13d66680-83e7-4c80-8676-cad001a051e0
1986,1986-09-19,Juliane Werding,Das Würfelspiel,d7447c0b-5691-4f35-9d62-bbff5f0f35d2
1986,1986,Juliane Werding,Sehnsucht ist unheilbar,eef0ddf8-6ac5-41f1-b9f4-72bf52cc838e
1986,1986,Juliane Werding,Stimmen im Wind,8c5eacb5-1feb-439f-935d-d5e26a3ecfa8
1986,1986,Julie Pietri,Listen To Your Heart,4d93a3ee-e82e-4961-8fa8-62f244e99317
1986,1986,Julie Pietri,Ève lève-toi,baaae3f3-2c43-4903-ad14-6c23c5c090fe
1986,1986-04-28,Juliet Jonesin Sydän,Poppiksen ihmemaassa,908de1da-4b19-3b45-8fea-2f5ac68a12a0
1986,1986-11-17,Juliet Jonesin Sydän,Syyssynkkänä,e9446f31-1a49-3e05-9851-9e898e9b668e
1986,1986-05,Jungle Wonz,The Jungle,8e143dc2-f4cf-3fcc-b7ac-e81db1a739ec
1986,1986-08-21,JUNKO,殺しはLEMON JUICEで,93038b56-14aa-4f71-b569-23e91f702724
1986,1986,Jérôme Dahan,Avec toi,4ad746fb-6233-4ab2-aff7-78804f09621e
1986,1986,Jørn Hoel,Har en drøm / Have a Dream,c6aaf05b-c6ec-455b-b5fe-441119b6ca43
1986,1986,Jürgen Marcus,Ich hab' Dich geseh'n,dc35602a-5777-442e-867a-44ac94db0301
1986,1986,Jürgen Renfordt,Wenn die Nacht nicht wär,ce87072d-d84c-4f6d-ac13-8e246abf8954
1986,1986,Jürgen Walter,Vorbei,285daf97-8167-4504-9b63-4cad8bc4c62d
1986,1986,K.B. Caps,Do You Really Need Me,3edfaeb8-44ee-43ae-ae14-381889197f53
1986,1986,Ka-Zan,Give Me Your Heart,bfb27849-174a-43c4-a934-3f0fd367a993
1986,1986,Kai Morgan,Secret Lover (Cold as Ice),16445e57-6bcb-45db-bec7-53cb52b0a373
1986,1986,Kaija Koo,Kun savukkeet on loppuneet,ca32aeda-77d4-40da-a551-6676af1e00f5
1986,1986,Kairo,Sua kaipaamaan jäin / Tupakoin kanssa sairaanhoitajan,5025648b-5e07-449d-9afa-b92fed7c3216
1986,1986,Kalashnikov,Ravaged Mind,97d81b03-78d9-4a47-9b65-e6efbeb8834c
1986,1986,Kalimba,Jongoe bana / Peroeng-peroeng / Ginny / Se-neng kalimba,5b54ecdc-2e8f-4f23-834a-f001f262cfca
1986,1986,Kam Joyce,Fantasy,8f4be0b0-5ce6-4916-8c91-29dac35ea827
1986,1986,Kansas,All I Wanted,c0314580-7cb9-46c3-9bb8-f3c2a013332d
1986,1986,Karat,Die fünfte Jahreszeit / Der Liebe Fluch,8c3a7b65-7d3b-416a-8668-47a5aa626384
1986,1986,Karel Gott,Odnauč se říkat ne / Málem bych zapomněl,1592b1eb-56b6-4d64-a3e5-51395625d6a1
1986,1986,Karel Gott & Darinka,Gib mir ein Zeichen,dc205b5b-f838-4953-b69d-de74e863bfaf
1986,1986,Kari Peitsamon Skootteri,On pakko vatkaa,c46b150c-d981-364e-a358-4cfe80862e45
1986,1986,Karim Kacel,Les Mots que l’on dit,c8fc37de-5f9f-4e6b-b587-527293b98b38
1986,1986,Karim Kacel,P’tite sœur,f71b7f2c-887d-479e-b49a-ec013335aeab
1986,1986,Karin Risberg,Marie Antoinette,7065ccb9-c703-45a7-8043-ca53720b1d96
1986,1986,Karin Risberg,Stopp stopp stanna,95896847-1473-42e6-b81d-8f5ecdb2f8b0
1986,1986,Karina,C'est Aujourd'hui Demain,3d04d686-7750-40b0-a132-b943114c5880
1986,1986,Karussell,Der Halleysche Komet,d88b1c27-b206-4423-879f-cf7e8d0c7b98
1986,1986-10-20,Kate Bush,Experiment IV,87393e04-1b68-3d19-b615-f8156744e816
1986,1986-04,Kate Bush,The Big Sky,ca111e6f-2998-477d-a53a-e47410e73e26
1986,1986,Katz,Loving You Is All I Know,b5a67232-164b-4550-82c8-ee3138e1af98
1986,1986,Kazero,Thaï na na,842857a3-0762-445b-b605-6887fba453a8
1986,1986,Keba,Nana,b3746604-d9bd-4c2b-a550-12df86a13f7a
1986,1986,Kel-Air & Band Band,Tuareg,e6ef918d-1535-4bbd-9fd3-6e95ae8900b5
1986,1986,Kelly & Sjaak,Als je 't moeilijk hebt,41022d13-d16c-49cb-a4e1-e483d4c2bfe2
1986,1986,Ken Heaven,The Calling,4c075338-2b91-48a1-bb26-39c346a5ef03
1986,1986,Ken Laszlo,Don’t Cry,e3f3b2a5-95f2-4a08-864e-6093076e70ab
1986,1986,Kennis Jones,Mr Postman / I Found Love,53e2b680-1290-4243-94e7-209cb43a37b8
1986,1986,Kenny & Johnny The Whitehead Brothers,I Jumped Out Of My Skin,33dbd5de-b4c1-442f-aa94-18cff691fb65
1986,1986,Kenny & Johnny The Whitehead Brothers,I Jumped Out Of My Skin,63891aad-dafe-4ad9-8aa9-b7ac6851701e
1986,1986,Kenny & Johnny The Whitehead Brothers,Stylin',1a4d20f1-c7b6-4472-afbe-f1148b569155
1986,1986,Kenny Loggins,Danger Zone,bd33fa84-3199-4b4b-a54f-c0becf7e91c2
1986,1986,Kenny Loggins,Playing With The Boys,00846051-3e5e-4f5e-8aa8-4ff84c321b9e
1986,1986,Kenny Rogers,Crazy / Morning Desire,d81936f3-ddfd-4b50-a54a-84d3dc7d1435
1986,1986,Kenny Rogers,I Don’t Need You / Through the Years,2799b28d-69c8-47c7-81a4-37342e5a4bb8
1986,1986,Kenny Rogers,They Don’t Make Them Like They Used To / Just the Thought of Losing You,db7f25d1-06d8-4e77-adf4-a16a3f561539
1986,1986,Kenny Rogers,Tomb of the Unknown Love / Our Perfect Song,5e27c9b4-6a74-4604-9b75-54ad6f10f21c
1986,1986,Kenny Rogers with Nickie Ryder,The Pride Is Back / Didn’t We?,6af777c1-2579-4e32-a0a0-b9aacfab71d2
1986,1986,Kick Axe,Nothin’s Gonna Stand in Our Way,997e181e-53e2-4769-a207-c9bddd2d5b95
1986,1986,Kidd Video,Video to Radio,f624b01e-f42f-4abc-aeeb-46906296934d
1986,1986,Kids in the Kitchen,Bitter Desire,098a4c46-b9b4-4a43-8c94-4e3a2c2b001e
1986,1986,Kiem,The Moneyman,f10cd534-71b6-475f-b2a2-7ea2e77d068b
1986,1986,KILLER MAY,FUCKIN’ WITH A VIRGIN,4c53da59-c226-4f39-93b9-c9c67b189b20
1986,1986-08,Killing Joke,Adorations,00a63818-dd1b-3f6e-aa39-2a089f6ce3f7
1986,1986-10,Killing Joke,Sanity,e9a65476-e10a-3df4-a7be-731a2a0426d6
1986,1986-12-12,KILLING TIME,BOB,78e1458d-3d61-4df6-a003-2144c9736ccb
1986,1986,Kim & the Cadillacs,Take Your Time,ed159e86-62fb-4caa-93a1-43c543a81ea1
1986,1986,Kim Mitchell,Patio Lanterns,bce3bfbf-004c-4eee-909f-d68f1ccc6908
1986,1986,Kim Wilde,Say You Really Want Me,f7cb5c1a-a197-4894-bbec-8553fb7a15a6
1986,1986,Kim Wilde,Schoolgirl,1952e8af-aa94-49db-8171-8a4a1ab17174
1986,1986-09-19,Kim Wilde,You Keep Me Hangin' On,91fd501e-6330-4cd3-b552-accd822552df
1986,1986,Kimberly Ball,Sweet Delight / Can’t You See,5836709f-4223-434e-95fc-07145ff7cbaf
1986,1986,Kineo R.A.,Obłąkany / Szczury,e3ee662c-ee44-43d6-b929-1b2604d2154f
1986,1986,King,The 12″ Tape,3721fdeb-573d-4b12-8df4-a7eee5c37c0e
1986,1986,King Baah!,Lamplight,5dafba9d-8de5-47ef-9c33-95a3014b3bef
1986,1986,King Dream Chorus and Holiday Crew,King Holiday,5cde99ab-e6a3-4447-8b9d-ec70d2c19689
1986,1986,King Kobra / Jon Butcher Axis,Iron Eagle (Never Say Die) / This Raging Fire,098b0aee-0267-4257-9a25-b1fac09237c8
1986,1986,King of the Slums,Spider Psychiatry,da7a15d5-d87b-3f4a-8df9-49a682e9000b
1986,1986,Kinky Go,Gimme the Love,c9b9f15a-3f7c-4ad2-b9c6-b33cb562bd94
1986,1986,Kinski Music,True (Tell Me),0090832c-57cb-4e84-982c-20794de0e140
1986,1986,Kirlian Camera,Ocean,9dbf9819-e41e-36be-b5d0-73f640601330
1986,1986,Kiss the Blade,Young Soldier,a23d4fd9-2015-4b4f-8f02-64ae9604f4b8
1986,1986,Kitty Prins,Carmel Beach,ac6e0880-6477-4ba3-aba7-ada98d0786b4
1986,1986,Kjell Höglund,Maskinerna är våra vänner,00eb5e65-6bf7-45da-8766-3c89fcce6893
1986,1986,Klaus,My Emotion,1daa6a7d-d7ce-4e26-8a20-0a0bbea0110a
1986,1986,Klaus & Klaus,Da sprach der alte Häuptling,9cb287d1-640a-40ae-ba65-4469443ea56e
1986,1986,Klaus Doldinger's Passport,It's Magic,066f1f34-e71e-4428-bcdf-c069a304a8b0
1986,1986,Klaus Nomi,I Feel Love,5a9bc35d-d2ef-4f45-b02a-74e8d3c8a084
1986,1986,Klinik,Pain and Pleasure,5c0e06ae-7744-3fde-8fd6-e977c1d4252b
1986,1986,Klips + Onlar,Halley,d5684a16-ddb5-4ec6-bea7-35582f29182d
1986,1986,Klymaxx,Man Size Love,7c9f7d0b-f2ba-4b60-9696-64b7738166ff
1986,1986,Kolmas Nainen,Krokotiilikuppila,667bc764-7999-4c43-80a4-47e49882d9bb
1986,1986,Kolmas Nainen,"Sähkökitara, hyvää tahtoa ja kavereita",1e26262b-a560-49b1-a124-e21e753a8bc8
1986,1986,Koo Dé Tah,Missed You All Along,3dadaf02-b382-4b90-b3df-eb984f9d820f
1986,1986-08,Koo Dé Tah,Think Of Me,9bc17933-db96-44a5-b0fd-7cec3025ccc3
1986,1986,Kool & the Gang,Stone Love,842365ce-8539-4303-9f80-326bd9a32cb7
1986,1986,Kool & the Gang,Stone Love (club mix),2cbb28d2-61d7-4ed4-87f7-50f75e9f72a2
1986,1986,Kool & the Gang,Victory,5703e46c-c2b1-41aa-849b-4f2b473cd809
1986,1986,Kool Moe Dee,Go See the Doctor,01d3e042-6fca-4403-9dec-8aa13d28257c
1986,1986,Koos Alberts,Als iemand van je houdt / M’n hart huilt om jou,3fc97259-8a25-4614-80b2-08dfcdb878da
1986,1986,Koos Alberts,Ik slaap vannacht wel op de bank / Als het nacht wordt in de stad,561f435d-6caf-4c29-b830-258b52e3f7ab
1986,1986,Koos Alberts,Winter in m’n hart (Ik mis je zo) / Wintertijd,4cbf3199-7717-410b-800a-7ecab4b3bc42
1986,1986-09-23,Koto,Jabdah,52f6368c-2bcd-4d19-bc77-7157f665cdcc
1986,1986-10,Kraftwerk,Musique Non Stop,dfa794c3-60a7-3efd-a2d2-3300e4a1936a
1986,1986,Krapotkin & Inferno,Brinner så bra / Apatiexpressen,0bb79d25-a809-4305-adb3-1ffca8889ca6
1986,1986,Kreem,Triangle of Love,806ce73c-7da2-34ec-8729-3dd8ea930a0e
1986,1986,Krew,Paper Heroes,45b7a3e0-8157-4a88-ac98-6a7cb6dbd38e
1986,1986,Kristal,Love in Stereo,5efbcb03-c4b5-4f51-a580-514446255d2d
1986,1986,Kristian Conde,Dolce vita,7924bd81-8e5b-44aa-97ec-ae338261dc3e
1986,1986-10,Kristina Bach,Irgendwann... Hand in Hand,bf7082d4-3b32-43a8-8552-202dc06760e2
1986,1986,Krokus,Burning Up the Night,92be5888-626a-47b9-8e9b-330b1988f1d7
1986,1986,Krokus,Let This Love Begin,ca0d4977-fec3-4fe8-9486-65eec03ff737
1986,1986,Krokus,Say Goodbye,ec16eb28-3977-45bc-b433-4b2f2430b4e3
1986,1986,Krokus,School's Out,13c02d58-4e09-4c7b-9ae4-1547644eba7c
1986,1986,Kult,Piloci / Do Ani,8992347b-a305-4304-9c75-37dcf5c0f121
1986,1986,Kurt Gober Band,Hand in Hand,df871ed3-ce45-46d2-b42f-96de7bd26c24
1986,1986,Kurt Gober Band,I trau mi net,1dff94d6-787e-42e7-8108-25bf2225cb46
1986,1986,Kärntner für Kinder,Kinder / Children of Love,e2c32a95-9b02-471c-9976-681b7c93afcc
1986,1986,Kölsche Komödien Jazzer,Trödel Maat / Kölsche Dixiland,70179755-8f07-420f-8c25-60a759e7bedc
1986,1986,L.I.F.E.,All Played Out,67f9725c-831f-4528-a56f-30401b0aa62b
1986,1986,La Banda de Don Filemón / Orlando y Su Combo,La saporrita / Cumbia gaucha,81a50040-3c31-4c34-afda-eb283f54186b
1986,1986,La Dama se Esconde,Amenazas,1cdbef62-768e-482f-bc64-bd2749af6a9c
1986,1986,La Dama se Esconde,Somos tres,0d3c5f63-3421-4d3b-a87b-308046e25f39
1986,1986,La Dama se Esconde,Un error de apreciación,d75e10b3-8dbd-48c6-a204-bff7f6ad3864
1986,1986,La Sonora Matancera,Capullo y sorullo / La cortina,5550a0d5-c829-4546-b6ed-4cdb31947602
1986,1986,La Trombanda de Chick,Chico vacilon / Hoy voy a tomar,69a4b243-3730-44e8-8c03-ca2ab1707b6e
1986,1986,Lady Lily,Get Out of My Life,7f50fd4e-1d06-4499-bda3-fd9b6487b98a
1986,1986,Lake,In the Midnight,f23aec4b-5cb3-46c9-aa42-2137c6bf8b97
1986,1986,Lala,"Johnny, Johnny",3e13bcb2-db4c-4b1d-9f46-39fba5a74488
1986,1986-02,LaMarca,Burn the Bridge (US long version),d1231764-e0e7-4d55-b94f-fcc7e5186fc4
1986,1986,Lana Pellay,Pistol In My Pocket,1dc6e15c-88cc-40c5-b15e-9e5112434b63
1986,1986-01-20,Lara,L'Aziza Est En Pleurs / Il Y Avait,f1c661de-e91d-497e-ab26-7a179eb3dffe
1986,1986,Larabell,Feel It,e9bc73d8-c742-41b7-be64-6bbedfeda944
1986,1986,Larabell,Stop (When You Do What You Do),7c03f0cf-19e1-4394-80e7-93c09fc09c79
1986,1986,Laroche Valmont,Faut pas décoder,9e58d71e-8000-4a1e-bf15-ee29489dcbeb
1986,1986,Larry Williams,"Rockin' Pneumonia / Hey Now, Hey Now",88128417-cd7a-4049-b222-c1995bc53843
1986,1986,Las Estrellas del Caribe,Cumbia sampuesana 2000 / Marisela,715b260f-b0e2-4040-8280-8193068ee5b6
1986,1986,Laserdance,Humanoid Invasion,d0d89d71-16bd-4d15-a613-4603a0171c42
1986,1986,Lasse Holm och Monica Törnell,E' de' det här du kallar kärlek,aaec647b-e20c-46fc-9145-36dfa96ae6ce
1986,1986,Lasse Stefanz,Hej fröken sommar,3a200b68-9625-43cf-ba78-7d55d0ec787c
1986,1986,Lasse Stefanz,Världens lyckligaste par,d7bfea00-d2eb-4e13-b152-38afb2a59d56
1986,1986,LaToya Jackson,Imagination (Hot Dance Remix),af272788-5145-429b-8e9a-dc5d31c6c4df
1986,1986,Laura Branigan,I Found Someone,a6395816-5ef6-4a0f-9414-7de1fedca6a0
1986,1986,Laurent Sinclair,Devant le miroir,9e8cc710-8b90-4a64-8fbf-1708e042d94a
1986,1986,Laurie Anderson,Language Is a Virus From Outer Space,93758cd4-67aa-4a02-ac6f-72dad8c97310
1986,1986,Laurie Lannes,Tenter l'aventure,b296a922-2266-41d1-a09b-768dced8e21d
1986,1986,Laurie Miller,Love Is a Natural Magical Thing,6b66ef57-66a5-4465-a23f-4f207fdf53a2
1986,1986,Lawrence & The Comfortable Society,Sleeper,b950c4c7-c9fd-4d41-9cce-825b3311290d
1986,1986-08-20,Laxmikant–Pyarelal,Loha,1838a53f-d018-4fcb-98ea-41ef4e175308
1986,1986,Le Mystère des voix bulgares,Le Mystère des voix bulgares,e3edc8c8-6254-4288-8818-656fd3068366
1986,1986,Leah Landis,Boys,34b4e865-59c2-4068-afb3-21ba9db4ebed
1986,1986,Lee Kernaghan,Back to Strangers,7c0b0b7d-bb29-4509-af3d-9bccc2fdac7a
1986,1986,Lee Towers & Anita Meyer,We've Got Tonight,dd44d16f-33a1-4cfc-9efd-ba052cf6233a
1986,1986,Leena Niinimäki,Meri ja minä,e57debc2-29a5-4a6a-8893-301d302ffc06
1986,1986,Leevi and the Leavings,Kerro terveiset lapsille… / Pohjois‐Karjala,aef7983a-1b42-4307-9e66-f0e2c6359b74
1986,1986,Legion,Merlin,0a8854af-5738-4d83-ab2a-9fbc06f6fd61
1986,1986,Legião Urbana,Eduardo e Mônica,2a38c1d5-db7f-45ca-ba17-9e8d4ee1b05a
1986,1986,Leitmotiv,Untitled,c1bd3b49-b611-3b34-89e5-fa94438c92c5
1986,1986,Lena Biolcati,"Grande, grande amore",be2fac37-1b99-49e6-9277-62e1da73bcd4
1986,1986,Lena Valaitis,Mein Schweigen war nur Spiel,eb9115ee-08ce-4ca8-b9dc-ca7c7a69b2c1
1986,1986,Leo van Helmond,120 varkens naar Beiroet,44422041-41e2-452a-ba2e-c2b014adc3c5
1986,1986,Leo van Helmond,Soep met ballen,211d535a-dd03-40c3-9e46-ed575e667226
1986,1986-06,Leputation of the Slaves,I Will Stay,2b8a0e35-7531-4107-ad60-ac2e4d225e95
1986,1986,Les Ablettes,Jackie s'en fout,193dccc1-dde7-4020-8e4b-e81bc7499674
1986,1986,Les Avions,Be Pop,08221645-6d57-41d0-b3f9-3e1d4b5985ac
1986,1986,Les Crock,Les Crock,2a86a06d-fb97-4d0a-a9ee-75513d70de00
1986,1986,Les Enfoirés,Les restos du cœur,80ba87d1-6516-44ba-815e-7722e22e1b4b
1986,1986,Les Forbans,Hey Valérie,26c7b77d-0064-4a5e-a278-73d5507da1a6
1986,1986,Les Magistrats De Syracuse,Week End's Zaz,387d7441-37b1-43d8-b06e-cb107ead84df
1986,1986,Les Porte-Mentaux,Combat des Races,ec81d414-a26c-4ca3-b9e6-96b0341e799b
1986,1986-03,Les Rats,Violence,ee14d9ee-a0c6-4634-b55d-85ed8eb05362
1986,1986,Les Rita Mitsouko,Andy,3a8c6111-5d80-416c-b2f1-fd489b508aab
1986,1986-10,Letitia DeanAndPaul Medford,Something Outa Nothing,2c04ec18-2314-4a80-85f7-9b3bf9f3001d
1986,1986,Level 3,Central Line,3b38de84-ca75-4516-bab1-0042c84e2f71
1986,1986,Level 42,Hot Water,e88c3a11-fe7e-4cfd-beb8-cf91302571e4
1986,1986,Level 42,Lessons in Love,2f890212-906b-34be-b665-4f619786f49f
1986,1986-03-31,Level 42,Lessons in Love / Hot Water,f72dae6e-ece7-435d-bb49-2f9e6756c678
1986,1986-10,Level 42,Micro-Kid,4b2f2d93-6cf6-4625-9366-381b6d2d3748
1986,1986,Leyla,Åh! Amadeus,a4f24846-b79f-412b-8a58-c488f1381395
1986,1986,LIBIDO,低く飛んでゆく,ae4a29d5-447b-40c4-958e-a960790a5d91
1986,1986,Licence IV,Viens boire un p'tit coup à la maison,3253f3a0-9353-424e-adf3-583ea366943a
1986,1986,Liesbeth,Met m’n ogen open,d05a36fa-64fd-4313-84cc-e209ce27751b
1986,1986,Liikkuvat Lapset,Yksin,d9702210-f557-40d2-b6ca-595bfd33fb97
1986,1986,Lili,Aunque Yo / Gitana Morena,97fd8135-de4b-4c88-91ee-fbe367393d9c
1986,1986,Lili & Sussie,Candy Love,5ddf35c5-fe44-470d-94ba-a7670fd12f93
1986,1986,Lillian Philips,"Kinderen wit, kinderen zwart",897a6488-b1ce-48e6-8842-42fff37d591a
1986,1986,Limahl,Inside to Outside,4ea9b1a4-1570-4e80-acac-055653dd0739
1986,1986,Limahl,Love In Your Eyes,116921a7-8bb0-4b3f-bad0-ecadb1694e3b
1986,1986,Linda Di Franco,My Boss,1997a3c1-4edf-4811-af30-f4adb425bdce
1986,1986,Linda Imperial / Patrick Cowley,Diehard Lover,4da1723d-dfbb-434e-bcc2-4342854c7875
1986,1986,Linda Ronstadt And James Ingram,Somewhere Out There,efbd2edc-de1d-45fc-8977-648dbf476d03
1986,1986,Linette,Wachten op jou,24bf8f80-0ecb-4c5b-a062-e970d886fc51
1986,1986,Lio,Chauffeur suivez cette voiture,d788c394-6da8-4484-be93-934c41b4abc8
1986,1986,Lio,Fallait pas commencer,cfdb5b9d-51c6-447c-86c2-80054ebc6443
1986,1986,Lio,Je casse tout ce que je touche,a4c59d63-aef1-4207-91e5-74394040dbb6
1986,1986,Lio,Les brunes comptent pas pour des prunes,40c9df03-39d3-474c-941e-b820590673a2
1986,1986,Lionel Florence,Avec ma baby-sitter,7b800cd8-fb98-4393-b172-a3bbefc99db0
1986,1986,Lionel Richie,Dancing on the Ceiling,3d79a50c-c480-4dff-8625-ce7164946e8b
1986,1986,Lipponen,Pistetään sikaa / Johnnie Walkerin blues,70ca6b96-6d68-492a-807e-262b8762e523
1986,1986,Lisa Baker,Every Girls Got a Fantasy,5a5740e7-678d-46b4-87fe-ca662486acbc
1986,1986,Lisa G.,Call My Name,d826ed16-0a1c-4176-9d52-94c573fa23fa
1986,1986,Little Howie,Original Love Me,238dd3f6-57c3-466b-83a1-110173482377
1986,1986,Little Lenny,Space Car,aecb8189-6cfa-4c11-945f-b28579c11a3c
1986,1986,Little Milton,A Real Good Woman,cb5c6a58-405a-4887-84c4-3ee1e13c2c6a
1986,1986,Little Richard,Operator,c5470c15-3296-48f5-8697-e9cf6f2ff410
1986,1986-12,Little Richard,Somebody's Comin' / Big House Reunion,6d246633-4a08-41cb-9fe9-4b1567226bf4
1986,1986-02,Little Richard / Charlie Midnight,Great Gosh A'Mighty!,58bb8b1e-6604-4812-9e4e-74ebc4ce2848
1986,1986-07,Little River Band,Face in the Crowd / Thin Ice,f6a37f19-69d8-4a5d-bdc5-f85d8969a397
1986,1986,Little River Band,Happy Anniversary / Reminiscing,386e18ab-cc4c-4669-bae7-135f5ca0fa47
1986,1986,Little River Band,No Reins on Me / Paper Paradise,56b24741-cdba-43f9-bc1d-b4eb473bdb68
1986,1986-04,Little River Band,Time for Us / It Was the Night,9dbc37d1-26ed-4d2c-b17b-4c572bbbd14f
1986,1986,Little River Band,When the War Is Over / How Many Nights?,272d3e7b-5083-41ba-bf4e-550f868f1a67
1986,1986,Liverpool F.C.,Sitting on Top of the World,6f4fef52-7dc4-4ae8-9a7c-1587f73515d2
1986,1986,Liz Dealey & The Twenty Second Sect,The Wailing House,4778c2e3-0a7c-4509-aa25-5267048e7bbe
1986,1986,Lloyd Cole and the Commotions,Cut Me Down (remix),19d1c67a-7294-4f2f-a1c2-a24d416e34b7
1986,1986,Lodewyck van Avezaath,Geef mij maar ’n tango / Uit,62b95fc5-608c-48d7-8704-59f88aa187d2
1986,1986,Loose Ends,Slow Down,6323adc9-cce7-4a0d-94ef-3a2d48480d5f
1986,1986,Loose Ends,"Stay A Little While, Child",329c12b1-0dab-4f5b-b963-e2096964a9c7
1986,1986,Lorella Cuccarini,Kangarù,5e3bba11-5800-47f0-8f42-e8632ab7d0f1
1986,1986,Lorella Cuccarini,Tutto Matto / Sandy,d003b841-bc5e-4f06-bff2-26deb2ab0935
1986,1986,Los Broncos de Reynosa,Corrido de Chico Fuentes / Besando la cruz,a3f817d9-266e-4f03-ba11-8c2645c1b45e
1986,1986,Los Dorados de Cheto y Artemio,Esta noche o nunca / Volveré,07060f44-19cd-4c2c-ae46-8cf70494e2c9
1986,1986,Los Dorados de Cheto y Artemio,Nuestros corazones,31bd31f9-848a-4655-846a-d5b3d27e2254
1986,1986,Los Duros,El padrino / Ponono,4625ba5f-765b-4629-bb0f-1d39660be419
1986,1986,Los Rancheros del Norte,Penas de un prisionero / Falso nombre,dec5de91-dc4e-4667-aae7-93427c222b65
1986,1986,Los Rayos,Cruz de madera / La culebra pollera,6a8daebc-7ac3-4ae3-96aa-19fe483eca54
1986,1986,Lou Reed,No Money Down,001697e6-fa3c-40a5-8e50-6e76d4ffedad
1986,1986,Lou Reed,The Original Wrapper,8161fe78-fa4c-4de3-b19b-5e8cba6121a9
1986,1986-03-10,Loudness,Let it Go,0dabf6b9-5205-4882-b41c-99876999a97d
1986,1986-09-25,Loudness,Risky Woman,6fe75d52-a2a0-46f6-890d-98006a47b9bc
1986,1986-04-11,Louis Van Vlaanderen,Da's Formidabel!!!,12ddecc1-b0bc-468e-8788-9da39beec2b5
1986,1986-09-19,Louis Van Vlaanderen,De Dikke Buiken Bamba,a4939b63-1fad-403e-bce3-d603add4c126
1986,1986,Lova Moor,Tendresse… S.O.S.,1f2f5ebd-f6b4-4870-8e1b-cb55994a600d
1986,1986,Love and Money,Candybar Express,38ba9b1b-0e8d-4443-9645-914dd5b1de79
1986,1986,Love and Rockets,Kundalini Express,dda7e3b8-391b-426d-8e10-ee5ff43dae06
1986,1986,Love and Rockets,Yin and Yang (The Flowerpot Man),edd894db-08ee-32db-a766-1ae757c32f6b
1986,1986-10-20,Love Explosion,Erotica,45d2b4cd-3179-434b-bd25-2485246024d3
1986,1986,Lovebug Starski,Amityville (The House on the Hill),c6de5c72-868a-492f-9fbc-54832a115520
1986,1986,Loverboy,Heaven In Your Eyes,dd1c0fcd-3143-44e4-8622-c0ce9ff4daff
1986,1986,Low Profile,The Cutting Edge,b2685bca-b31f-4a55-87cd-61087914aae8
1986,1986,Luba,The Best Is Yet To Come,41f38b06-c62a-45fe-aa6e-8d23569e495d
1986,1986,Lucky Ross,Lookin' Back,08238338-f0e2-4dd2-b8c1-a31029a2ca18
1986,1986,Ludwig Hirsch,Alles Paletti,b1ae29e6-3389-44fd-8fae-3c36ae759921
1986,1986,Ludwig Hirsch,Die Gelse,4ad050e2-9cb8-457c-a619-b1c317be8c18
1986,1986,Ludwig Hirsch,Motorradlfahren,119fa27a-1d7a-4397-95c6-cac7874f9544
1986,1986,Lulu,Shout,150a60e0-bd29-40ef-ad10-8514e9281498
1986,1986,Luna Parker,Tes états d'âme... Éric,f2a0394f-ab04-4991-99a4-96b37c9a6087
1986,1986,Luther Vandross,Give Me the Reason,0bfc94be-3406-45a9-ac70-4fac2c66c600
1986,1986,Luther Vandross,Give Me The Reason,a660efea-1e7b-448a-909a-7d28e46aa021
1986,1986,Luther Vandross,Stop to Love,0d30597f-06ee-4b26-91a7-00d80d9a9530
1986,1986,Lynn Anderson,Didn’t We Shine,d3734253-7e4b-4ac1-8de4-a0873ee4f070
1986,1986,L’Affaire Louis’ Trio,Ce soir,a292c64b-1fa7-4287-9064-78390ccc5d2e
1986,1986,L’Amourder,Tin Drum,84e73214-a5dc-3fc1-a6c4-32d80a09e41f
1986,1986,M & G,When I Let You Down,30b8f119-8739-4cb1-88fc-278d50e853db
1986,1986,M + M,Watching the Boys Fall Down / Only You,e8ef136d-cc96-4788-902a-0bc54e9c5df5
1986,1986,M. R. William T. & The Thrillers,Cripton Kind of Man,33e72003-122a-403d-86fb-54b37ae87700
1986,1986,M.C. Shan,"Jane, Stop This Crazy Thing",ae482923-ef54-32cf-939a-d222176fdc85
1986,1986,"Maarten Stalpers ,m.m.v. de Crabtown City Band","Harry, Harry",d443b654-0a9b-4fc1-a6e4-c0c6b66de28e
1986,1986-02-01,Macadam Forge,Loulou / Montpar' Blues,4901df35-8c92-42e6-a75d-8878e1008774
1986,1986,Mackenzies,New Breed,49fbb3ae-8f05-3ab2-a965-63a80381523c
1986,1986,Mad Max,Fox on the Run,c9b11242-b506-4a1a-b6a1-5f2f0ab484b3
1986,1986,Madame,Dzień Narodzin,33715f4f-ab76-41cb-8db7-407db620b5d4
1986,1986,Madame Bovary,Untitled,dd8b14b3-f1da-446e-8a51-b14998faf1d1
1986,1986,Madhouse,6,3c0a7188-76c0-4ebe-a6b1-6638147cc9b1
1986,1986,Madigan,Chance,37471c96-76a2-45b1-a8db-54ffd1ea8e7b
1986,1986,Madness,(Waiting for) The Ghost-Train,21c42541-534c-3bc8-be81-1c08a03614a7
1986,1986-04-14,Madonna,Live to Tell,966402bd-7f89-3002-93eb-75bb78ca4148
1986,1986-11-12,Madonna,Open Your Heart,5cac34fe-df47-3842-a3d1-924d8c7286e1
1986,1986-12-01,Madonna,Open Your Heart (remix),34834b1d-1a2a-4dd9-b0dd-348d03f4c85d
1986,1986-06-16,Madonna,Papa Don’t Preach,da8275a0-c68a-3c9f-b560-f3cafc543d22
1986,1986-09-22,Madonna,True Blue,fb22db33-78c8-3dd9-abb5-9f17745147fc
1986,1986-12-10,Madonna,True Blue: Super (club mix),d4158c08-82ad-4f77-8e51-210e7a484397
1986,1986,Madonna & Otto von Wernherr,Cosmic Climb,ff4f8d36-7cbf-4f58-be21-913f36d395d8
1986,1986,Magic Fire,Body Dancer,d7e5cf19-d426-4feb-bf83-5ca97a64e588
1986,1986,Magnum,Lonely Night,0a0fc19f-94ed-42b0-844b-abe3e76fc320
1986,1986,Magnum,Midnight (You Won't Be Sleeping),47378a28-23aa-4efa-807b-550d43403d15
1986,1986,Magnum,Vigilante,d1be1d3c-ad11-4ff8-b8d1-a5ac47666ab9
1986,1986,Magnum,When the World Comes Down,dc602b5f-2c23-4b2b-869a-1d78596dd12f
1986,1986,Mai Tai,Female Intuition,312a4d13-4149-4653-bfd0-4c3c6f766cbf
1986,1986,Mai Tai,Turn Your Love Around,136631fe-0a59-46db-bd27-94eb4fb0feab
1986,1986-01,Mainframe,Five Minutes On…,aab75284-6af0-313e-a8ab-696505153696
1986,1986,Major Dundee Band,I Love My Rancho Grande / Before You Go,95d51b25-e42f-4808-ad29-8a1cfd1f534f
1986,1986,Majzen,Wilde Erdbeeren,f052c5a9-059a-46ed-8143-7135d4fef68b
1986,1986-10-21,MAKE‐UP,ペガサス幻想／永遠ブルー,39b2dbf1-8057-428c-a43c-a4aefdabd38b
1986,1986,Malachia,Red Sunrise,824d4fc5-e8d5-495f-832f-8fda69bc4e09
1986,1986,Malibu,Lust Or Love,49f8d1b3-80dd-43f8-bab9-232b31333d19
1986,1986,Mamba & Four Cats,Liian vähän sittenkin,354edd4d-e437-4096-b4f7-afe1d4d76b60
1986,1986,Man,Arabian Go Go,bbbef322-042f-4223-a688-cb8c42d50b39
1986,1986,Man 2 Man Meet Man Parrish,Male Stripper,aa539aaa-f1dc-36f7-be01-350dd7b886d1
1986,1986,Man Maid,In the City,b202ee1e-d9a5-4eb4-8ba1-ae7969afcf7e
1986,1986,Manfred Mann’s Earth Band with Chris Thompson,Do Anything You Wanna Do,8bf0fe74-5308-4e86-b7f0-cfbc34595375
1986,1986,Manfred Mann’s Earth Band with Chris Thompson,Going Underground,2065cb62-5199-4d64-85ef-d6e1d2a6df37
1986,1986,Manfred Maurenbrecher,Halbwertzeit,23ac2bd6-1dee-43c4-a254-0ee709fe8c9b
1986,1986,Manfred Maurenbrecher,Reisende,5d637dda-02fd-4c23-95e0-d9407cb184f5
1986,1986,Manfriday,Winners,07412712-19d6-4efd-a742-cfc01e90da16
1986,1986,Mango Groove,Love Is (the Hardest Part),8a90165c-cae0-4805-a8be-6b102f4ab0ad
1986,1986,Mango Groove,We Are Party,e2a67158-aafc-4fc4-8aad-a3e836136804
1986,1986,Manhattan Project,That's Impossible • Guinnesmen,6180b582-396b-4608-9159-a33b5e446ed4
1986,1986-11-30,Manowar,Blow Up Your Speakers,291d8409-5ab2-4583-b670-faf969e4bd42
1986,1986,Mantronix,Bassline,3b89883a-7b02-474a-81ba-bb1bb260930b
1986,1986,Manu Dibango,Makossa ’87 (Big Blow),5d85bea7-d18b-442b-8555-2ad8b03cb068
1986,1986,Manuela,Auf den Stufen zur Akropolis / Tanz auf dem Vulkan,df6cb8be-5fa9-44c9-8806-9d313000aca6
1986,1986,Manuella,Thunder in My Heart,1b3caa34-8c6d-4db9-905f-87436b36f31a
1986,1986,Marc & Dave,Die mooie dagen in Barbados / Rosalinda,8a7bbeb2-8e6e-4adc-b908-39c84756198e
1986,1986,Marc & Dave,Kleine Juanita / Ik pluk voor jou de sterren van de hemel,3a5e0863-6737-4eb9-8098-d3865f9d3bf9
1986,1986-10-06,Marc Almond,Ruby Red,6cec5dba-a8fb-35bc-aba4-8c8cd4676bb2
1986,1986,Marc André,Blondes Haar und blaue Augen,790c02ac-bab5-4ff0-961c-f1db1475b4db
1986,1986,Marc Dex,Zo’n warme zomernacht / Ik heb je liefde nodig,b5bcd948-3997-400b-ac4d-202d78b448a2
1986,1986,Marco Antonio Vázquez,Una noche más / De qué manera te olvido,08155030-4bc5-4fa2-8159-2c67e7da9be8
1986,1986,Marie & The Wildwood Flowers,Salty Hound,e1b018cd-6500-41eb-8716-c58d5b70c0f0
1986,1986,Marie Baines & George Faith,On My Own,e53fb5fb-aa73-4077-b423-3db033a7330b
1986,1986,Marie Dauphin,Lady Oscar,11d26226-3ef7-4bc6-8478-35afde508fe7
1986,1986,Marie Denise Pelletier,En courant,03bd7bbd-55ab-45f6-a457-c2ee3e9e555a
1986,1986,Marie Denise Pelletier,Parti via Vancouver,89a241fd-a9d1-4954-86ca-937416ddb63c
1986,1986,Marie Denise Pelletier,Pourquoi ? (Si difficile de s’aimer),003dfcbb-620e-41e5-bf56-d2adba87151e
1986,1986,Marie Denise Pelletier,T’es pas Brando,282fcd1c-0d3f-4f91-9afc-25fd62982367
1986,1986-01-08,Marie Fredriksson,Silver i din hand,1c5119b0-23ce-38d4-9ebe-e2fe6780da1e
1986,1986,Marie Osmond,I Only Wanted You / We're Gonna Need a Love Song,3adc5eed-fde8-41ff-8501-ddaf86893c1c
1986,1986,"Marie Rottrová, Karel Gott",Najednou / Dál se dívej tam z té fotky,b72de60e-872e-493a-a1f3-32130bb637ad
1986,1986,Marie-Paule Belle,"L’Aventurière / Tant pis, tant mieux",5ff81bdf-1762-4982-831f-b5fe61b0ff5b
1986,1986,Marietje,Het is vandaag,2c2765c7-3948-4fdd-a05f-517847b18c54
1986,1986,Marietta,Fire and Ice,d0badca5-bc6d-40ab-892d-fc278a049369
1986,1986-04,Marillion,Lady Nina,5f0b7837-000f-36b6-b6c5-da227b617e0b
1986,1986-07,Marillion,Welcome to the “Garden Party”: Live,8775a50b-611a-303d-8088-9f8391fb730a
1986,1986,Marimba Orquesta Gallito,Prestame a tu mujer / Cumbia tropical,d4955f1c-53d4-47b5-8c5e-0ca4a4907d66
1986,1986,"Mario ""Smokin"" Diaz",Fusion Dance,ef5afdd4-48dc-317b-b6b5-cb092ad97daa
1986,1986,Mario Moreira / Sebastián Jaramillo,Llorarás / Poquito a poco,bd202549-2883-4aa7-b077-f8ac3565bcee
1986,1986,Mario Pintor,Aquí mi tienes / Motivos,ab5ee450-ee68-4490-9aaf-a4acb706345f
1986,1986,Mario Real,Chance,2a77a833-8bed-4ab3-bf1f-0c459f392dca
1986,1986,Mario Reyes,What Ever Turns You On,2b8be5f9-5f07-38ed-bbf9-001f933bb321
1986,1986,Marionet,The Treadmill,70a48f23-6229-306d-b4bf-aa8c84f3e712
1986,1986,Marius Müller-Westernhagen,Es tut weh,fdeccb35-d4e4-4225-9517-78a3da4b5473
1986,1986,Mark Jefferis,Born to Be Alive,9e678376-5cc4-4746-9fae-47484e27db3a
1986,1986,Mark Tower,More More More,f6212f12-c3ea-4a3c-b55c-b28145eef41f
1986,1986-02-01,Marlene,LEFT ALONE,d9b74dac-8e77-4afe-8d8f-b492bb9a6057
1986,1986,Marley Marl,He Cuts So Fresh,786b019b-d187-3d44-ab89-d5372c34a168
1986,1986,Marshall Jefferson & On the House,Move Your Body,6737b100-7b4c-426c-b100-9b8dd20357b3
1986,1986,Martin Plaza,Concrete and Clay,502d17a6-d5ae-3b19-9e02-9aa5c2db450e
1986,1986,Martin Stephenson and the Daintees,Boat to Bolivia,976aa3cb-80fb-4b48-962f-d6625cea1ecc
1986,1986,Martine Clémenceau,Feeling de femme,2aae0fff-5184-4e44-a3d6-868d9fc11cf9
1986,1986,Martini Ranch,How Can the Labouring Man Find Time for Self-Culture?,0e7d6ad7-587a-4e17-8560-f31a3d829913
1986,1986,Mary Anne with Jamie Warren,This Isn't Right,870dbc62-25ca-497c-afd7-0ad4ba93821a
1986,1986,Mary Jane Girls,Walk Like A Man,5e394878-ea00-4939-a9f3-4794ae961f23
1986,1986-01,Mary Roos,Bleib' wie Du bist,187374cd-c3f8-4d2b-9aea-1355e14ac88a
1986,1986,Mason,Pour It On,b6118839-54e6-4318-b36c-4921bd04ad47
1986,1986,Mass Media,Amelia,3dbef895-cad1-41e4-8e0b-66e81edfcb4d
1986,1986,Master C & J,When You Hold Me,8c6932bc-e646-38ab-a0e1-c4d90ea5e51c
1986,1986,Matisse,Indigo Girl,230dca73-c733-43aa-94d3-d149bd082bf6
1986,1986,Mats Hagberg Band,En dag i Kungsan,cbefdc65-34f7-42b2-aebe-115d0346a563
1986,1986,Matt Bianco,Just Can't Stand It,39ab7757-ef15-4dfc-abb3-2979266d38f9
1986,1986,Matthew Sweet,Blue Fools,1901502a-8dee-43dc-ad75-543aa16fb6bf
1986,1986,Matthew Sweet,Save Time for Me,438b9cea-80bb-4260-b228-08cab0346c32
1986,1986,Maureen Steele,One More Saturday Night,0d61cacf-759b-4bf4-8851-0cbf4aee9bd5
1986,1986,Maurice Yesterday,Come On,486cc944-a9b4-4e28-978d-c9afc0986be8
1986,1986,Max Headroom,Merry Christmas Santa Claus (You’re a Lovely Guy),557909f6-7a41-4e4d-a27f-6b56c2bc77b5
1986,1986,Maxime Le Forestier,La Septième Femme de Barbe-Bleue,ed499c02-c4cf-49f9-bea5-153d1aab456c
1986,1986,Maître Pierre,Naar San Antonio,e21c6155-d7f8-405b-9060-e0b1a6602699
1986,1986,MC ADE,Bass Mechanic,e25c9bc1-fc10-4b9b-b23f-289842a96e7f
1986,1986,MC Miker G & DJ Sven,Holiday Rap,b7a847e5-579a-3671-9644-9bf6ff66d69e
1986,1986,MC Miker G. & DJ Sven,Celebration Rap,57627d5d-9097-4685-a8ec-adf51f264684
1986,1986,MC Shan,Beat Biter,5be62337-a7ad-4c6b-a6ec-68b8f614fbed
1986,1986,MC's of Rap,Domination,ae9026af-7814-45c2-9977-9e1c8cbfd979
1986,1986,McCarthy,Frans Hals,9d5e4af3-4066-40cb-9c29-d26a21227fc3
1986,1986,McCarthy,Red Sleeping Beauty,faf119d0-736d-48a0-a588-6ab7890b511c
1986,1986,MCL,Communicate,a51c643f-2f1b-42eb-a70a-7ef424964152
1986,1986,MCL,Satellite,6677540f-66b4-4b60-aa80-7eb6da3e4502
1986,1986-06-16,Mecano,Ay qué pesado,b21ee85a-84cf-4514-9538-a16e6837de2a
1986,1986-07-07,Mecano,Baila con Mecano,af9dbc3c-2ba2-4b7d-a235-69cd05c3fdc9
1986,1986-07-28,Mecano,Cruz de navajas,7380e0c3-a9ac-45e5-838c-4d6eb1d1a3a9
1986,1986-12-01,Mecano,Me cuesta tanto olvidarte,33fd97c4-78bd-4203-8a7d-aaf6ea31ebf1
1986,1986-04,Meccano,Activate My Heart,5b166b36-1faf-45ae-a353-8c7c5cbce670
1986,1986,Meekel & Van Es,Holland in de winter,4a2fdc72-9b1d-4047-94a0-4fa5952aa626
1986,1986,Megadeth,Peace Sells (radio ready rock remix),48c729ed-0bf1-4b47-8bd7-706e4c6d1d73
1986,1986-12-10,Megadeth,Wake Up Dead,34bd72a6-b2e6-43c8-8226-67d5828d1b80
1986,1986,Mel & Kim,Showing Out,82629b8d-2a24-4d27-bac5-2b2da89b4b69
1986,1986,Mel McDaniel,Stand On It / In Oklahoma,1de9378e-d6bf-4382-80da-e17cbc08a112
1986,1986,Melba Montgomery,Straight Talkin,161a841e-fe73-46b6-bdd7-c9a49467179e
1986,1986,Melissa Kay with Porter Wagoner,Tangled Vines,9e9fcd07-f2de-416d-9f9e-d144a46e0b0f
1986,1986-03,Melissa Manchester and Al Jarreau / John Barry,The Music of Goodbye / Have You Got a Story for Me?,96a8f8cd-d632-436b-ab2a-5aedb1217a31
1986,1986,Meli’sa Morgan,Deeper Love,90fbbf80-d3f7-4ef1-b247-e5a97eabd751
1986,1986,"Members Only starring: The Chaplin Band, Big John Russell, Via-Via, Raymond & Rozana, Debbie Hartman, Tommy Thompson",Party Time,3eb432a1-c5aa-479d-911e-ca4b147f07c6
1986,1986,Mental As Anything,Let's Go to Paradise,4123e580-b0f6-428d-a275-e7e5aac14731
1986,1986,Merle Haggard,A Friend in California,9bf68bb9-7f8f-4157-a2fd-eabb9deb567d
1986,1986,Merle Haggard,Almost Persuaded,74616fe3-6bc2-4584-9ea1-fadd98476491
1986,1986,Merle Haggard,Out Among the Stars,2a1332f4-b0d8-4acd-a78a-6e59a6aa20a5
1986,1986,Mes'ay,Ain't That Peculiar,65918942-0302-49cd-b66a-5c3fd323943a
1986,1986,Messenjah,Night Rider,f77efc6c-dea5-4765-84c2-de4c741c2a48
1986,1986,Metal Church,Watch the Children Pray,a4ab67e0-9b08-4f53-a059-404305c56dc4
1986,1986,Metallica,Master of Puppets,cd526fb3-27a6-465e-810b-ab9653cbe84e
1986,1986,Metalmorfosis,Metalmorfosis,58c9c673-d907-46b3-b600-e4aa9265709e
1986,1986,Miami,You Are Temptation,c578b6a1-9c1c-4e78-bbbe-34b53954a8c6
1986,1986,Miami Sound Machine,Words Get In The Way,550d9e49-680b-4381-afcb-a8a690aea11a
1986,1986,Michael Bedford,More Than a Kiss,993f372e-5bdc-402f-99d5-9578a780799e
1986,1986,Michael Fortunati,Give Me Up,86bd26af-1a28-465e-9ae6-3a74932de9af
1986,1986,Michael Holm,Insel im Strom,a3bbde02-4fc0-49e5-837e-17da6434b158
1986,1986,Michael McDonald,Sweet Freedom,facdd9e3-aba6-4670-9bf5-ed654209ddf6
1986,1986,Michael Stein,Du bist nicht mehr allein,9406d1f9-3e78-4081-9f2d-b5d10835f52c
1986,1986,Michel Berger,Chanter pour ceux qui sont loin de chez eux,05c4b362-8385-45fb-844c-0b7f16ae33a2
1986,1986,Michel Berger,Si tu plonges,58d9d093-617d-3115-a61c-9980afe12847
1986,1986,Michel Fugain,Librement,ff3a5502-0302-4f45-891f-6f23083dda77
1986,1986,Michel Fugain,Viva la vida,09ca2aa4-020d-4c3e-9493-55a081de000e
1986,1986,Michel Jonasz,D'une rive à l'autre,3af6ea72-3da6-44ff-8d3b-8cfa82dbd17e
1986,1986,Michel Jonasz,Unis vers l'uni (En concert),1c3947e1-6550-4236-bfc2-6397f2f945d8
1986,1986,Michel Martens,We hebben de tijd tot in de morgen (Cherie je t'aime),bc9ad251-a348-4286-a387-6b68186af76a
1986,1986,Michel Sardou,1965,a6ae1f9f-5f73-466d-8e51-00b3a8ada539
1986,1986,Michel Sardou,Musulmanes,665f526f-0025-4a3c-8401-b5f5f950558f
1986,1986,Michèle Torr,Aventurier,260ec665-4243-4ffa-881e-ae70e783cf05
1986,1986,Mick Jagger,Ruthless People,fb6fc3cd-c2d2-470f-a93e-9ccfe25bd566
1986,1986-06-07,Midge Ure,Call of the Wild,eed27d96-c137-3fe9-a462-c75d6201f7f0
1986,1986-01-31,Midge Ure,Wastelands,234eb31e-6160-496f-a2e0-5c0fdeaf2228
1986,1986,Midnight Star,Engine No. 9,1b30de72-38e6-4687-a940-34dd590d9115
1986,1986,Midnight Star,Headlines,4d10b222-8683-487d-9ebb-5fd1903bd94d
1986,1986,Midnight Star,Midas Touch,da5b3752-cdb2-4f56-803e-440ea2e37c7a
1986,1986,Midnight Sunrise with Nellie 'Mixmaster' Rush featuring Jackie Rawe,On the House,28341a65-7bf3-4eb0-8d88-abf66d3e1a8a
1986,1986,MIE,昼顔恋話,76dc0d7e-e25d-42a7-bb16-3caea7fe9145
1986,1986,Mieke,Ik laat jou nooit meer gaan / Vakantieliefde,a3f6c651-50e6-4d8f-b51f-92e1dc2941d5
1986,1986,Mien Oostvogels,Liefde is geen excuus,d72f6c42-c808-490e-b005-34807a85a3d9
1986,1986,Mighty Mighty,Everybody Knows The Monkey,f46e52dc-1628-4b6d-8643-46334654b863
1986,1986,Mighty Mighty,Is There Anyone Out There?,b746ebd2-ada0-43ac-a02a-aab4f8f6301d
1986,1986,Miguel Bosé,Aire soy...,ec1bad26-6d80-418c-96fd-d53d14ff2fd4
1986,1986,Miguel Bosé,Living on the Wire (remix version),be99d19c-d4d2-4ee0-a339-20721809d2bf
1986,1986-07-21,MIHO,Streets Are Hot,fbd6b496-9615-4974-9c16-69347935fe96
1986,1986-06,Mike + the Mechanics,Taken In,748a3bf7-d26c-443f-a075-1e554f0634f9
1986,1986-06-13,Mike Johnson,Hooked on Rodeo,f674ceb8-bfa4-4de1-b66c-9afe79c3951d
1986,1986,Mike Krüger,Spiegelei auf Brot,5d8c0d90-16f1-490d-a0bf-64a8ae2216f2
1986,1986,Mike Krüger,Willi Go,44c35256-2132-494d-819a-b2e41e64ec76
1986,1986,Mike Lancell,Zomerzonnestralen,084f2792-921d-43ec-934f-2f2dd53d8293
1986,1986,Mike Mareen,Agent of Liberty,f5448872-efbf-4e2e-99bd-10a85839bfe1
1986,1986,Mike Mareen,Love-Spy,9ec67a10-b627-4edb-ada0-035540adf12c
1986,1986,Mike Melvin,Hé neem me maar mee,f614a449-3bd7-43e7-af85-bcd0d95f6585
1986,1986,Mike Melvin,Ik dacht aan jou,e36cc2f4-75c8-4df4-8552-32e29ecee340
1986,1986-05-02,Mike Oldfield with Jon Anderson,Shine,78d6840c-81e4-3843-bff3-bb59785701e4
1986,1986,Mike Spenser,Christmas Rock 'N' Roll,df22314d-c9ac-402c-8f81-87641e97a5af
1986,1986,Mike Spenser & The Cannibals,Christmas Rock 'N' Roll,c8ee37a0-02c4-4582-89d4-e15b9480f6fe
1986,1986-02,Mike Stuart Span,Children of Tomorrow,05372531-092d-4772-a0b5-c8143ab053e3
1986,1986,Miki & George Aaron,New Sensations,8ae9e36b-75d4-4d08-9dd6-0bfb17ec1842
1986,1986,Miko Mission,Strip Tease,efe8ec02-22d0-4ae1-ad0b-6db0b4373fbe
1986,1986,Miles Davis,"Backyard Ritual / Backyard Ritual (7"" edit) / Tomaas (LP version)",800fab70-bd9b-47a8-a483-7352a84dab94
1986,1986,Miles Davis,Tutu / Portia,e9c77a39-dac4-4133-8b2a-4732addb3b97
1986,1986-08-14,Miljoonasade,Lapsuuden sankarille,502bcab5-5e34-35ac-b509-57ed6a4cd141
1986,1986,Miller & DeLong,Someone,b355f9aa-8076-455c-a8fe-e6c073bc583d
1986,1986,Millie Scott,Automatic,12379c02-697d-4676-b027-f7c87d09dba1
1986,1986,Millie Scott,Prisoner of Love,e72a5532-5e9d-329f-b204-9d063bb519fe
1986,1986,Milo,Champagne and Dolce Vita,a2608391-7922-4167-ad64-c8f0e78156bf
1986,1986,Milo,Treat Me Like a Jo-Jo,de9e1e55-48ec-4700-bc1d-f08c2ac8825b
1986,1986,Mireille Mathieu,Après toi / Sans lui,8a98b3f3-9d6e-4761-83eb-8bf2907c1b46
1986,1986,Mireille Mathieu,"Du weisst doch, ich lieb dich / Man sagt ein Wort",e26387b6-c0e9-4d63-8b83-0be179271668
1986,1986,Mireille Mathieu,La liberté sur l'Altantique / Liberty Land,032deef4-8060-4504-b6cd-fbd5b9f26d46
1986,1986,Mireille Mathieu,"Lieben heisst für mich, mit dir zu leben / Nur wer liebt…",a5a83cff-b239-47e9-97e7-3fcb012d247f
1986,1986,Mireille Mathieu,Mon crédo / Adieu à la nuit,9ce4c40a-694e-443b-a245-fb282cf547e9
1986,1986,Miss D.,Moving,b68eb929-fcf7-4072-b444-6b236f84c283
1986,1986,Missing Persons,I Can't Think About Dancin',70d9826c-c118-4add-9773-887ab33a5a17
1986,1986,Misty in Roots,Own Them Control Them,5a6d7387-545e-4839-ab00-964d17b4ca37
1986,1986,Mixed Emotions,"You Want Love (Maria, Maria…)",c421256b-7fdb-46a1-82ea-4f4b9abfa083
1986,1986,Mixmaster Gee & The Turntable Orchestra,The Manipulator,77e015fb-c22c-4e45-9e44-edc3ff5bcc6e
1986,1986,Mod-it,Physical Fascination,64d541e6-1672-4ab3-9a12-c6487a7dc202
1986,1986,Model 500,Play It Cool,133d4edd-a1d1-48c3-961d-2f995dd4634b
1986,1986,Models,Cold Fever,949d08b6-07db-46b4-9aa7-19795668335b
1986,1986,Modern English,Ink And Paper,7ad1309c-39f9-4c88-84b3-6dbb04e354c9
1986,1986,Modern Soul Band / NO 55,Rock für den Frieden '86,2a677c01-73a2-4dcf-99bf-c3a92cc68d02
1986,1986-04,Modern Talking,Atlantis Is Calling (S.O.S. for Love),82458b6b-7983-3e26-bb54-8acce2de0cfe
1986,1986-02,Modern Talking,Brother Louie,92c2d0e1-f0b0-3f66-a1c7-66b66e1a3307
1986,1986-10-06,Modern Talking,Geronimo’s Cadillac,926eeee3-d434-394a-a41f-fe9f2a2e590c
1986,1986,Modern Talking,Give Me Peace on Earth,63fc9a33-1aee-31a0-8b54-278ea5b2446d
1986,1986,Mofungo,Lemmings,bdf41a26-a1fe-4e16-af05-2b39f93d4d75
1986,1986,MoHawk,Carry The Light,baabe177-3b96-4a58-8e00-e310749e7266
1986,1986,Mondo Boffo with Scorpio,Marine,f6d99466-4767-4e31-aead-4e9c1942931e
1986,1986-07-21,Mondo Kané feat. Dee Lewis & Coral Gordon,New York Afternoon,a213da2a-4002-4f9d-a477-af1a9027f3b2
1986,1986,Mondo Rock,Primitive Love Rites,e762bdbb-e059-4a9e-afa7-58d971c002db
1986,1986,Monika Hauff & Klaus-Dieter Henkler,Was wär Berlin ohne Berliner / Nach Norden,e1cf6312-4b8e-4dc7-8ceb-be62f695842d
1986,1986,"Monique Kuys, André Roumans",Feel So Easy / Flower Child,d57a9b5f-2490-4139-829f-837b14ccfdaa
1986,1986,Monja,Noodlot,d46f93c4-53e1-4b89-af56-7bfa0272b109
1986,1986,Monray,Lost in the Night,8b0d2720-99a8-4f8a-b0d9-e525da469ee2
1986,1986,Monte Kristo,Lady Valentine,e4be4bcf-be29-4cd5-aa73-7cfd5611497f
1986,1986,Monte Kristo,Sherry Mi-Saï,5ca0db82-5adf-4a97-b85a-4d9d74d082e2
1986,1986,Mood Six,What Have You Ever Done?,63661634-f814-3917-af11-0b4d048b1d77
1986,1986,Moon Ray,Tornado Shout,e74b934b-d950-428b-b8d8-1b90a8ee398d
1986,1986,Mooshoofpaadzengers,Optocht,9d56a60f-baf3-4779-856b-0a179f7cdd8f
1986,1986,Mordor,Rock Warrior,915db449-7eaa-4730-bef7-229777a9e538
1986,1986-07,Mortuary,Demo 1986,953d9b09-afcb-4123-98d3-77991c5ee4f8
1986,1986,Moskow,Come Back,3c0b4455-1513-49d9-9bf9-df6709316832
1986,1986,Motörhead,Deaf Forever,23f52e78-539c-47a8-a06f-41aa2a7fdcbd
1986,1986,Movin' Globe,I'll Be Fine,50c6cc6f-1a2b-4844-b2cc-3602c59a99b9
1986,1986,Mr. Gel & The Paperclips,Stress,95deccca-d2ef-425b-a19e-36bac14b1aeb
1986,1986,Mr. Mister,Black/White,c9697108-efd1-4db6-ad8d-6a39dd6f21a7
1986,1986,Ms. Thang,Thunder and Lightning,26f46fef-3c9f-4247-a762-a522b286d377
1986,1986,Mtume,Breathless,88c1a4c9-88e5-45aa-9246-d6d4a20b9b59
1986,1986,Mummy Calls,Beauty Has Her Way,15d3b806-1758-4edd-918b-ff72ccc5f761
1986,1986,Munich,American Girl,b12b7eaf-184d-4c8b-a7eb-f54f44aad7e5
1986,1986,Murray Head,Some People,4aa5f8d8-d5e0-45d8-8ba0-fcc466f7ff66
1986,1986,Mustang,Jij en ik op een surfplank / Vakantie,ad98c6fa-517a-4de2-bf2f-d9686eca3142
1986,1986,Musyl & Joseppa,Die steirische Roas,9ce33cdf-0c9d-45ea-a414-39a628189f8c
1986,1986,Muulebaak Trio,Ich haw van limburg,0967de07-6a71-4b49-acbb-d38f58cacd1a
1986,1986-05-20,Mwg,Pesda ’86,85179b70-1b30-42db-8a1d-285de42f7b5d
1986,1986,My Favourite Toys,Life Of A Toy,e22ca7ca-d479-48df-9cad-6c876d81e67f
1986,1986,Mylène Farmer,Libertine,616e2748-f65a-4c7b-92e0-a352402a092a
1986,1986,Mylène Farmer,Libertine (Bande originale du clip),73610901-1db5-42d6-9829-992bc05f29a8
1986,1986,Mystral Featuring Kevin Power,Pushing Back The Hands Of Time,64303fdb-6e76-4cb8-b4f4-944d962f85e6
1986,1986,Möller,Viel zu lang gewartet / Ist es Liebe,571b4b33-3445-4359-bdda-3260b7a280df
1986,1986,"N+M, The Lady Rappers",School Rap,1cfe38aa-e09b-4a89-ade2-9780724828da
1986,1986,Nacho Cano & Germán Coppini,Nacho Cano & Germán Coppini,bfa501ac-d9c7-42ae-b20e-be34adab7725
1986,1986,Naked Prey,The Ride,2a611da5-234a-4fec-b945-511de3db9e5e
1986,1986,Nana Mouskouri,Je reviens chez nous,4d76adc7-5c07-492f-a7ae-ef1fe5fd4b55
1986,1986,Nana Mouskouri,Tu m'oublies,82384818-9fe9-4fd8-9891-854c7b1cec5a
1986,1986,Nancy Boyd,The Shoop Shoop Song (It's in His Kiss),c96da210-471d-39fc-bf58-5de547e6db5c
1986,1986,Nancy Dee,I Love You,cd67bcbd-8f3c-4d7d-bdae-348c8ba7e73c
1986,1986,Nancy Martinez,Crazy Love,4f03cf95-0a4a-49ef-a2f8-67b1e985e801
1986,1986,Nancy Martinez,For Tonight,020ac674-25a0-4750-a1f9-e2927b04be44
1986,1986,Nancy Martinez,Move Out,8ccf4cd9-9ff1-4636-91a3-241ad768b14d
1986,1986,Nante Eck-Orchestrion,Dixieland bei Molle & Korn,d1152a13-0a4e-4f76-b060-3018f016686d
1986,1986-08,Nat Augustin,Ego,89694dbe-48ad-4c31-acdf-b842431446e3
1986,1986,Nathalie Letertre,Reveur,7e75885f-74a9-47ea-bff8-427c1f30e1a7
1986,1986,Native Alien,The Music Has Landed,6a4bfa87-2ce9-4815-bea1-4170493f953a
1986,1986,Nelson Henríquez,Mañanitas tropicales / La mision de Rafael,a0fd134b-4094-42bc-b0f9-9708bd928cff
1986,1986,Nena,Du kennst die Liebe nicht,1455cc0a-1cd4-4c96-8b47-062c5713b89e
1986,1986,Nena,Mondsong,36e48c50-a7d8-4485-a523-61c48f09793d
1986,1986,Nevada,Whisky Tropical,25d5d9a2-467e-4d1c-b394-842490653bef
1986,1986,New Baccara,Call Me Up…,1331f63d-d47a-4249-a2df-f798026f0760
1986,1986,New Edition,Earth Angel,ebed01f0-f6b8-46bc-af7a-4408220a1de1
1986,1986,New Edition,Once in a Lifetime Groove,68c0ad7a-66d2-473e-a45c-11832fb60068
1986,1986,New Man,Flying Cowboy,a42677fa-c00c-4bf4-a85a-18c57be78d4f
1986,1986-10-26,New Model Army,51st State,fac8f07f-696b-4fd9-8385-a3d98560a188
1986,1986-11,New Order,Bizarre Love Triangle,98d84279-097e-3b09-ac0a-6deee97530d2
1986,1986-03-24,New Order,Shell-Shock,6e1310d7-3da5-3e45-a7ea-e8f56fd76954
1986,1986-09,New Order,State of the Nation,a7132d6f-c275-36e6-9236-10982155af6f
1986,1986,Newkeys,Not Just Alright,31d01687-4799-4798-bd46-c4495d2bf14f
1986,1986,News From Babel,Contraries,2600a587-1d24-4254-a7c0-857e7fff9cf7
1986,1986,Niagara,Je dois m'en aller,60ae0f52-769f-40e1-9fd2-7ce5ce38038b
1986,1986,Niagara,L'Amour à la plage,9a76e6ac-8a41-46a7-a314-4f79a8a1f852
1986,1986,Niagara,Quand la ville dort,d29ccb7a-dd84-461a-b785-023d06360733
1986,1986,Nice & Wild,Diamond Girl,731fb9a5-9500-42b0-8c73-36dcd16e52f1
1986,1986,Nick Berry,Every Loser Wins,b77dc366-0623-48b6-8411-8c7e7423091c
1986,1986-06-16,Nick Cave & the Bad Seeds,The Singer,43a05b29-f4e6-35d0-a1ce-e522a70fc258
1986,1986,Nick Heyward,Goodbye Yesterday,d965466d-bf64-4301-ac2b-ee855b1005bc
1986,1986,Nick John,Planet Nine,b9914cf7-ae20-4537-a445-d9413483d73b
1986,1986,Nick Kamen,Each Time You Break My Heart,3e241b7b-071c-46fe-8f4e-f059165d57dc
1986,1986,Nicki,Wegen dir,b8c42a0d-5abe-48f2-ae18-e833c1dda531
1986,1986,Nicki,Wenn d'Sehnsucht brennt,925c4157-e034-44b4-9b7e-2963a3b16562
1986,1986,Nicki,Wenn i mit dir tanz,5c39c7ba-16a0-41b8-87c2-1f232f1254a4
1986,1986,Nicky G. Raggs,Johnny’s Here To Stay,19ab5f9a-9cf9-4d7b-961a-ffe59ab15f6a
1986,1986,Nicolas Skorsky,Quand je l’appelle et quand elle vient,4f3e7fd1-92a7-4c6a-90ef-1ff79bf3500a
1986,1986,Nicole,Don’t You Want My Love,23653cb7-f60a-4aac-b9be-15d3d212ac5e
1986,1986,Nicole,Laß mich nicht allein,b56e02fa-82fd-4879-b6a5-97337c752d6e
1986,1986,Nicole,Mit dir Leben...,0e13fa86-32db-473f-8977-a84283f95098
1986,1986,Nicoletta,L’Ange du hasard,3e7c25a4-9a50-4519-8daf-50fa64e1edd3
1986,1986,Nigga Mikey,Bruk Pocket Man,924d75be-5421-45a4-9a9f-ef6c7bbc2684
1986,1986-12-30,Nik Kershaw,Radio Musicola,cc2c8eb8-7a90-4320-88e6-54542a9e183c
1986,1986,Niki Daly,Do Young Boys Believe In Love,f72960f0-ed8b-4759-b89a-cadb5d6acfd8
1986,1986,Nils Landgren,If I Ever Needed You / I'm a Man,c3952351-86a7-4a51-9fb9-8d376d283ab5
1986,1986-03,Nils Lofgren,Anytime at All,5aedefa6-85b5-43ee-85f3-a346d33a61f7
1986,1986,Nina Hagen,World Now,f606d587-3510-4796-87aa-1b20acee16f5
1986,1986,Nina Hagen & Lene Lovich,Don't Kill the Animals,434825b4-8812-46d7-88f0-3a732ddb5b11
1986,1986,Nina Letar UFO,Taxi,4e5b5812-c904-4253-b549-b76b13f56797
1986,1986,Nina Lizell,Nu är det järnet hem,b50022f8-e069-46ca-ba7c-6d956ffef70c
1986,1986,Nina Pee,You're the Sun of My Life,e1a45b0a-49be-35eb-a7e3-0c2912b78588
1986,1986-04,Nino de Angelo,Du bist ein Teil von mir,0f5b664f-2d51-4c11-9021-6075b552c61e
1986,1986-07,Nino de Angelo,Ich suche nach Liebe,db986ae6-b29c-4a13-aa47-133a44875eb8
1986,1986-11,Nino de Angelo,Wünsche der Nacht,2ae53a56-4281-4901-91db-647cf72b1cdb
1986,1986-10-24,Nitro Deluxe,Let's Get Brutal,8c19849b-48b9-3e31-b583-9f3dee0f62a0
1986,1986,Nitty Gritty,Sweet Reggae Music,a84df998-324d-4877-b087-ea7ceb38d718
1986,1986-11,Nitzer Ebb,Murderous,d719b8c9-79ba-4150-a99c-4bc55b006abb
1986,1986,No Holding Back,I Feel the Earth Move,7f6b61d3-1481-4ad7-88de-8c63060c7b82
1986,1986,Noam,Les Popples,95c8eca1-5a5e-400d-bfee-54a1f3b8f269
1986,1986-03-15,Nocera,"Summertime, Summertime",5ab3113b-8252-3373-ab2c-cc669823bebe
1986,1986,Noordzee Kwartet,"O, Marianne",af9728ec-d5ca-4158-975a-dea47958883c
1986,1986,Nord Est,Overnight,0c9d5201-d9e9-4f72-9277-b4211299f916
1986,1986,Novo Band,You're Gonna Be Mine,6a1df9cd-cc31-4990-9394-6d2acd7e145d
1986,1986,Nu Shooz,Don't Let Me Be The One,12a6cc0b-8b58-438b-afdc-2bcc43d8c8b8
1986,1986,Nu Shooz,Point of No Return,7a5a5f77-6945-3ae0-aa1e-efdf7c679f8a
1986,1986,Nuance,Vivre dans la nuit,7e12a304-460e-419b-8c74-cf9c3568827e
1986,1986,Nubile / G-Sads,Wechselbalg Christmas,b0e0441a-2167-457e-89f5-af2ba43c27bd
1986,1986,Nuclear Assault,Brain Death,e8303950-148d-316c-80b6-769b017a91cb
1986,1986,NuLife,Magic,a672d950-99a7-4958-af32-39672739e1f5
1986,1986,Nullset,Forget You First / Counting to One,dae4ab3a-5194-4a4b-ac46-5bc64adeb21c
1986,1986,O'djavel,'t Zwien/Feevre,37fca264-43a7-4e7b-aa6a-44958d7b9603
1986,1986,O'Hara,Susy Oh,46787387-638d-4e0c-8eff-25a872d51847
1986,1986,Ocean Wings,Loving In The Snow,40177a45-95cd-4c1c-84f3-b244fab37da8
1986,1986,Odessa,We Got a Love / Limbo,33c532d5-5980-4ee3-947d-12349c08fdd9
1986,1986,OF-U,You Still Be Mine,6d8217aa-c84a-417d-9f07-0ec04c4c2b8a
1986,1986,Off,Electrica Salsa (Baba Baba),dbf65938-0f1d-3760-a5c8-5e14ca2932f7
1986,1986,Officine Schwartz,Fräulein,3353dc7a-1155-48a9-b227-c8b847474914
1986,1986,Oingo Boingo,Pain,f7b47022-be93-4643-bc98-97c3d59b9312
1986,1986,Oingo Boingo,Stay / Dead Man's Party,3aea8770-8eb4-4e8e-a54f-6d8a6b5d4eeb
1986,1986,Olivia Newton‐John,Toughen Up,28a18c66-f616-46ed-9ab3-7ec735ce65cf
1986,1986,Olympic,Hry a slzy,5e2ed558-0c51-4ab9-9c4c-b7a3fa87e51d
1986,1986,Olympic,Jako tele na vrata,12c244bc-350c-4025-8595-4b085cf1ea1e
1986,1986,Olé Olé,Bailando sin salir de casa,3641d93a-9392-4637-ace6-ba50a6a77372
1986,1986,On the House,Pleasure Control,4806e01c-6c3a-33c9-b71b-6a4dcd35f53f
1986,1986,On the House with Marshall Jefferson,Ride the Rhythm,d1b3937f-fe4e-3334-b347-8081dc66853e
1986,1986,One Way,Let Me Feel Your Body,2fe58293-43a4-4c58-8d99-821b1fe5d02a
1986,1986,Opa En Oma Swarts / Corry en Harry,Omdat ik zoveel van je hou / When i Fall in Love,c867450f-5020-4228-ab99-67530b436363
1986,1986,Operating Theatre,Queen of No Heart,245746cc-8c29-4e17-8b47-81d7cac9de4c
1986,1986,Oran “Juice” Jones,The Rain,e509ffbb-a978-4184-82a6-199ac929935e
1986,1986,Orchester Manfred Stoppacher,Challenger / Easy Trip,856c8e13-c0da-4218-aa46-220a53d06c83
1986,1986-08-26,Orchestral Manoeuvres in the Dark,(Forever) Live and Die,9ed3bf72-2ab8-4bb5-a29d-65954b16a68f
1986,1986-04-21,Orchestral Manoeuvres in the Dark,If You Leave,f4d22885-a3dd-3036-ab19-15cdf3902217
1986,1986-11-10,Orchestral Manoeuvres in the Dark,We Love You,34e07504-8c2a-431d-b4e1-708d86e2d007
1986,1986,Original Concept,Can You Feel It? / Knowledge Me,ee4c77b0-598d-3fd0-a804-e7a0bebd68d3
1986,1986,Orquesta La Reforma,Sonar de cumbia / Rosita,db752f67-37f3-426a-9213-0f876aaba5a8
1986,1986,Oscar Benton,Ooh What a Night!,4b4c4784-b09e-46a4-ac29-12a76a0f9954
1986,1986,Oscar Perry,Merry Go Round / You've Got My Nose Open,defb2138-63af-4738-8526-652ee515e010
1986,1986,Oscar T,My Knees Get Weak,68fca965-0619-4d48-bb7c-ee10d408b844
1986,1986,Out of the Blue,The Other Side Of Midnight / Stay Young Forever,aaa74e9c-f370-47d8-92da-543f9dfb0144
1986,1986-03,Outside Edge,Heartbeat Away / Out of My Head,b51ff1f6-65f8-32f6-9070-8fca0c918ca2
1986,1986,Overstekend Wild,Onze jongens / 'n Heleboel,60ef59b7-133d-4fe3-8ac0-032aeac77eed
1986,1986-08,Owen Paul,My Favourite Waste of Time,5d54cd21-7e5f-385c-9426-aee7ff3ee8cf
1986,1986-01,Ozzy Osbourne,Shot in the Dark,3cc28ff0-78d6-44ec-83f3-40af6fdb3dab
1986,1986-12-21,Ozzy Osbourne,Ultimate Live Ozzy,5c8f36e1-fea9-4301-98e6-8d824773b425
1986,1986-05,P-MODEL,Another Day,4851cb67-e1e4-491c-974f-d745b3ec0957
1986,1986-11-25,P-MODEL,Leak/Birds,13b0e2ae-2875-44d6-976a-fec91fbec9e1
1986,1986-04-28,P-MODEL,Pre Drums,3963b010-ad64-499f-a626-e567e7552d27
1986,1986-11-16,P-MODEL,Zebraカセット,3549a3c4-7507-4ce4-b17d-29084da5275f
1986,1986,P. Lion,Under The Moon,752c781f-f80c-43a7-b76b-6e494ede4642
1986,1986,P.E.P.E.,Shadilay,3e6f85f9-f983-4ae0-9c36-7843d3f974e8
1986,1986,P.J. Powers,Sanibonani / Love Lasts Forever,67cda4c4-2eec-4604-89b3-94218804812d
1986,1986,P.J. Powers,There Is an Answer,0e8ac73d-52fe-4c91-b4e9-f72364e2f576
1986,1986,P.J. Proby,Heroes,049f7cff-d595-4e6f-bd65-79237d94c263
1986,1986,P.L.,Come On and Do It / Transeuropa-Express,061a30f1-5cc7-3d9d-8afc-640db1753e01
1986,1986,P4F,P.Machinery / Relax (Medley),f839ece4-df26-40d4-b634-e8373bf0b452
1986,1986,Pallas,Throwing Stones at the Wind,2d70123d-fbb1-4e39-9206-5794f7cae279
1986,1986,Paola,Am Anfang einer neuen Liebe,f6b42aa9-d915-43ce-92de-d71c271bfa41
1986,1986-12-26,Paper Heart,Unbeautiful (Single Edit),4d08c354-8b45-4110-9594-476b2acb1756
1986,1986,Paranoia,Living by the Sword,9d360dec-cf13-4dea-9880-e1498267df20
1986,1986,Paris Bis,Body & Soul (Euro Version),94ba88b7-2f68-4aa3-865a-8445799736e1
1986,1986,Parkway Avenue,Stop / When You're Here,e1616926-5e36-4f0d-88cc-f306aa66b1f2
1986,1986,Parrish & Toppano,Cello,a856ec0a-8bf8-4d06-be35-48522d9190a3
1986,1986,Partenaire Particulier,Elle est partie,c1b228b0-6522-4154-a5eb-968e51038a89
1986,1986,Partenaire Particulier,Je n'oublierai jamais,4e07f7a6-3667-43c4-bfe0-100adcad5463
1986,1986,Pasadena Dream Band,Zandvoort,d67a6d54-43c4-42e3-963b-829332af7b30
1986,1986,Paso Doble,Magische Nacht,118f90e6-55b1-4867-9d91-97cfc6356cdf
1986,1986,Passagerarna,Bara en kort sekund,ec4aa6e3-c75c-41b7-a6ff-0f989fbe4921
1986,1986,Passion Field,Hold Me (Music Makes Me Feel Good),5dad3bcc-d9ed-4b8a-9490-5ce5707fcf45
1986,1986,Passion Fodder,Luz Blanca (Spoons mix),3c244b0d-49cc-4a86-904b-b9e238bdeb84
1986,1986,Passion Fodder,Not Waltz Away,f6d2f4f9-e16a-4716-b2f7-6cc86f42d9d4
1986,1986,Pastry / Miko Mission,Lover Boy (You're My Favourite Choice) / Two for Love,5b97594e-d5e4-45d0-aa20-f835b2ef42bd
1986,1986-01-20,Pat Benatar,Le Bel Age,39c06a78-22e2-455f-8c43-3eb453de2dce
1986,1986,Patrick Bruel,"Non, j'veux pas !",d4401980-1c02-48c4-9f11-84ff20adc129
1986,1986,Patrick Bruel,Tout l'monde peut s'tromper !,1919a21b-53b5-42c9-a184-6edea9562122
1986,1986,Patrick Coutin,Tous des salauds,fc6cd3c6-12fd-41f7-90ab-0a91ddc30cdd
1986,1986,Patrick Sébastien,C'est ça carnaval,732663f7-2ac5-40bd-bc88-39d8cd21bf93
1986,1986,Patrick Sébastien,G.I.G.N.,a6606680-2994-42f9-9bbc-54b76eaf35fa
1986,1986,Patrick Sébastien,Quelque chose vient de tomber,5cd76e4d-77dd-41d3-9705-5bd384e1dbe0
1986,1986,Patsy Cline,Walkin’ After Midnight / There He Goes,3aee84d5-690f-463a-bcbd-f4dd1f7d1781
1986,1986,Patterns in Peru,This Is The Night,acf735b6-3960-45d8-816d-26966d27ece0
1986,1986,Patti La Belle & Michael McDonald,On My Own,82bdb12c-ee39-40bc-8f1c-1a6b57a0705f
1986,1986,Patti LaBelle,Kiss Away the Pain,128eb37a-bccf-4ec9-ab99-24fe37bc4504
1986,1986,Patti LaBelle,"Oh, People",1f8f7b92-66f4-4869-bb87-1be8221cc92f
1986,1986,Patti LaBelle,"Oh, People (The JM Remix)",d3c33b4c-8e96-4d05-9b73-22d0feeaee50
1986,1986,Patti LaBelle,Something Special (Is Gonna Happen Tonight),03336e82-80a4-479e-8535-dde18fb70020
1986,1986,Patti Page,Old Cape Cod / Mocking Bird Hill,848f8553-6122-4d79-a8d6-a1fe4b589666
1986,1986,Patty Ryan,"(You’re) My Love, (You’re) My Life",08887f63-cdd6-449e-8ad8-16811e1c314c
1986,1986,Patty Ryan,Stay With Me Tonight,1e4239c9-ef81-4a96-80d7-122741f420e6
1986,1986,Paul Coxx,Tell Me Y / Clockwork,69ff9a93-6f6b-4819-84ed-1ec26eab2e13
1986,1986,Paul Coxx,Voices in the Dark,83c2869b-c9cb-4916-957f-a6391319838d
1986,1986,Paul Coxx & Freunde / Alexander Bisenz,Wir Lieben Dich St. Pölten / Prominente Zur Landeshauptstadt,ae8f5287-a391-403c-bb3a-bf7b6d20ed2b
1986,1986,Paul Hardcastle,The Wizard,be3178e9-7d28-3881-b26a-1c6a3e688a2b
1986,1986,Paul Jabara,Ocho Rios,5bb045ee-8ee3-4c61-b95b-5414112d2e10
1986,1986-06,Paul Kelly and the Coloured Girls,Before Too Long,da14388a-9147-39bb-8139-ba2ba236c42b
1986,1986-09,Paul Kelly and the Coloured Girls,Darling It Hurts,4a78186b-592f-3727-887d-361fc431785b
1986,1986,Paul Lekakis,Boom Boom (Let’s Go Back to My Room),81bf9230-a2d0-3e28-8af8-c8ce32dc85e1
1986,1986,Paul Mc Douglas,Geil,ea946c69-0205-4a31-a9e8-7b98392e8a66
1986,1986-12-01,Paul McCartney,Only Love Remains,de6e5bf4-425f-442e-ab0e-517d6272225d
1986,1986-07-16,Paul McCartney,Press,73def319-bf38-4140-8495-fff9a6f69e65
1986,1986-10-27,Paul McCartney,Pretty Little Head,a2908025-801b-49a2-abe6-4ee298c00e7f
1986,1986,Paul Rein,Lady O,fa12633d-f0c5-4b43-a938-e27dae574596
1986,1986,Paul Rein,Sex / Hold Back Your Love (remix),6b15f5ee-1785-412a-a181-616f5c16d3ed
1986,1986,Paul Rein,Stop (Give It Up),e725bd25-c701-4351-99f1-96795124775a
1986,1986,Paul Roberts,Back to England,2eb39b23-d064-42a3-833d-ecc7ede00cb7
1986,1986,Paul Severs,Blauwe nacht / Iedere dag zal ik denken aan jou,0fa779a7-ebc5-4750-9ca1-417825eb1457
1986,1986,Paul Severs,Don’t Cry Chérie / Al de mensen zoeken naar geluk,7ea90aee-5491-4c20-bee5-7df67a9b85d5
1986,1986,Paul Severs,Hey deejay / Oh la la zo sexy,702824cb-b29d-45ac-8591-bc05164d520e
1986,1986-08-29,Paul Simon,Diamonds on the Soles of Her Shoes / All Around the World or the Myth of Fingerprints,9216a599-925a-4bd6-b60a-cbd3ab5833bc
1986,1986,Paul Simon,The Boy in the Bubble,28ea9517-080e-4974-9ec5-95b840694fb0
1986,1986,Paul Simon,Under African Skies,1e65d2a2-9506-4289-bc55-6c24148f20a0
1986,1986,Paul Simon,You Can Call Me Al,e9f35989-704d-46b5-8197-bd2fa6cbb5b3
1986,1986,Paul Young,Some People,071b1345-3743-49e6-b291-c5e706b90969
1986,1986-09,Paul Young,Wonderland,0fd08353-6431-4026-844a-dc0d85bb151f
1986,1986,Paula Koenen,Waarom heb jij zo gelogen,3baaa1ca-3a22-4403-a710-14e1cd6191dc
1986,1986,Pauline Lafont,M'oublie pas,4ecffee5-5d27-4b47-95e4-c3c292a19bdc
1986,1986,Pauline Murray and the Storm,New Age,145ef0e6-2f21-4e4e-b55d-53367233eb47
1986,1986,Peer Günt,Backseat / Little Squeezer,6acaf558-799b-4089-af10-731c95934018
1986,1986,Peer Günt,Bad Boys Are Here,0fca9d60-207b-40b2-b3e7-3b06f54fd1c7
1986,1986,Peggy,He Ha Ho,f94d42d4-75f6-497d-ac38-7db4b347c02e
1986,1986,Pelle Miljoona,Kyynelhelmet,7d2af7d6-7256-4209-baf5-0deb9f9a1183
1986,1986,Perennial Divide,Burn Down,d41fac51-a021-4e5c-bf4d-e97c4cc0f638
1986,1986,Perxon,Lose Your Mind,dd975f5c-2480-477e-a682-7867f0512579
1986,1986-02,Pet Shop Boys,Love Comes Quickly,188e159d-1283-4bd9-a917-a23bb8a4c5e2
1986,1986-05-19,Pet Shop Boys,Opportunities (Let’s Make Lots of Money),dfcaa677-11e4-4d29-9972-5d8ab368fed8
1986,1986,Pet Shop Boys,Paninaro (The Pet Shop Boys mix),bae29ce0-37ce-4a87-8153-533a424b9323
1986,1986-09-22,Pet Shop Boys,Suburbia,2765c89d-7686-4668-9ada-08860eff1d82
1986,1986-09-22,Pet Shop Boys,Suburbia,db300ddb-d9d4-41a0-9e83-714e5c8c3813
1986,1986-01-01,Pet Shop Boys,West End Girls ’86,54c6978e-3d00-4e17-bff3-054e1938f30c
1986,1986,Pete Shelley,On Your Own,bf4fe7ed-376d-4b87-bba1-e2783883ecfe
1986,1986-02,Pete Shelley,Waiting for Love,545843ed-3644-47f9-8aa9-8b36b2b3bda9
1986,1986-10,Pete Townshend,Barefootin’,f460043c-0854-4e00-ac10-be64c8b91626
1986,1986,Pete Townshend,Hiding Out,50fe80c1-39b7-4786-8365-49d8ae8b0ec3
1986,1986,Pete Wylie,Sinful!,700d6e25-7bdb-410b-a43d-0b7da873c5fb
1986,1986,Peter Albada,Na wind en na regen / Waarom steeds praten,a70c58b5-36d5-4282-b1d4-b458a0417a7e
1986,1986,Peter Alexander,Kaiser Franz-Marsch / Mein Verein,dc1cb5e0-aeb5-454e-bc76-8a474149b85f
1986,1986,Peter Alexander,Wenn auch die Jahre vergeh'n / Was sind schon sechzig Jahre,372bc78f-a20a-4d3d-800f-9feda6276399
1986,1986,Peter Alexander und Die Deutsche Fussball-Nationalmannschaft,Der Fussball-Rap / Der Zeitlupen-Blues,649548f7-06f2-428c-9816-558620b0df09
1986,1986,Peter Alexander und Die Deutsche Fußball-Nationalmannschaft,Mexico mi amor / Hasta mañana Mexico,e1514502-a295-4aef-9fd8-2acd5ea448cf
1986,1986,Peter and the Wolf,Peter and the Wolf,2fa67a1d-4e36-4ba6-a488-b2998c73c1f6
1986,1986,Peter Beense,Daniël / Problemen,0684a77d-74c5-4bdb-a0c1-d38e05588fce
1986,1986,Peter Blanker,Te gek & Leeuwenlied,b7402990-4bab-4953-b308-375b7a2c62e3
1986,1986-06-06,Peter Cetera,Glory of Love,9d178d36-f3f5-4b1f-8bfb-4de3769f2e83
1986,1986,Peter Cornelius,Gegen den Strom,1d38c682-c34a-4a79-afe1-0aa51ccdb5a3
1986,1986,Peter Cornelius,Irgendwann im nächsten Leb’n,1fccbf8c-9c6c-45fd-92d4-dcef72fded6a
1986,1986,Peter Delis y su Orquesta,Por Dios que no / Suave,158bc24c-f8e4-4b3b-ac1a-3006db4db0a2
1986,1986,Peter Gabriel,Big Time,8b82c3e5-bf61-4862-a869-2f59c8ee3e10
1986,1986,Peter Gabriel,In Your Eyes,b9e675f1-0e6c-4b15-9916-654b9bd014d0
1986,1986,Peter Gabriel,Red Rain,87417f5f-207b-4ea0-9080-08fa308a4c8f
1986,1986-04-25,Peter Gabriel,Sledgehammer,547fd435-6626-3c7b-be77-5f941119d2f6
1986,1986,Peter Gabriel,Sledgehammer (limited edition dance mix),13fe76ce-37cf-44cf-aa68-378f41e38514
1986,1986-10-20,Peter Gabriel & Kate Bush,Don’t Give Up,e76b8057-d5e7-3cbc-aa1a-6e7ca3ce2bce
1986,1986,Peter Hofmann,Liebe pur,6e1ac145-7cbb-4d9f-9187-89f8b797e386
1986,1986,Peter Hope & The Jonathan S. Podmore Method,Kitchenette / The Unknown Industrial Fatality,a3b8b5fd-5609-3b2d-92fc-f914f90f8d2e
1986,1986,Peter Koelewijn,De loop van een geweer / Ik blijf jou steeds maar zien,f2d39eac-2bea-4de9-a55d-46a36ff955b7
1986,1986,Peter Koelewijn en De Rockets,Parlez-vous Français? / Pappa heeft nog wilde haren,bb1a714f-ec99-49aa-8846-ab7637be57f8
1986,1986,Peter Maffay,Die Töne sind verklungen,affcc972-d060-4640-9876-7905774d7c68
1986,1986,Peter Metro,Nuh Put It Deh,30df3605-9451-4e83-a84e-c5ea5e84d99d
1986,1986-06,Peter Murphy,Blue Heart,999e8324-9458-4164-b9f2-8fb6aa8eeab1
1986,1986-10,Peter Murphy,Tale of the Tongue,e3005dc3-3544-4e28-ace3-9eb1708c3b46
1986,1986,Peter Nagy & Indigo,Poďme sa zachrániť,40077489-88db-40e9-8af1-bbe60b143672
1986,1986,Peter Orloff,Gladbach wird Meister,d0915c6b-8138-4b35-90b3-bff30a145f39
1986,1986,Peter Orloff,Und wer fragt nach Jeanny?,9200a539-fab6-4f36-a163-b6004b2c7758
1986,1986,Peter Pan,Love Is on Your Side,f418092d-5795-3f34-b0b5-5c3d4d2dfd44
1986,1986,Peter Reber,Jede bruucht sy Insel / Gsehsch dert d Stärne,f8d3808b-6cd4-4bdc-82ec-fb6f334a77da
1986,1986,Peter Richard,Walking in the Neon,8594edd7-9356-4b01-bdb6-aca7f6205911
1986,1986-04,Peter Sarstedt,Hemingway,4294717f-0834-419b-882f-c5dec85932bb
1986,1986,Peter Schilling,All the Love I Need,d3aceff8-6c97-4c63-8d14-830180e64290
1986,1986,Peter Schilling,Alles endet bei dir,54183172-3a07-4259-a0ac-1e5b8953b6e6
1986,1986-05-23,Peter Schilling,Ich vermisse dich,e7b54ef8-8886-4b73-8add-4caf4e2b1e56
1986,1986,Peter Silver,Geen zee te hoog,b3ff3c8b-3ba4-4080-86c2-f3731de304c9
1986,1986,Petit Cheval,(It Wasn't You) It Was the Wind,86fda25f-4f36-41b4-8734-ebe992a51ab0
1986,1986,Phantom Tollbooth,Valley of the Gwangi,531c4985-5d75-46de-81b2-b95e308f0e03
1986,1986,Phil Carmen,Moonshine Still,9507102b-e4e9-4d9c-abba-3ed1b3c2a831
1986,1986,Phil Christie,Anytime Now,94ff33c8-3850-42f9-894d-e3decb45c02d
1986,1986,Phil Collins,Medley Mega Mix / Take Me Home (extended version),b1f5b3de-162e-446a-9ed8-450e96a4fc55
1986,1986,Phil Cool,Bridge Over Troubled Water,e87a7b4c-e44d-4bcc-8f9b-bd4671c1b1b9
1986,1986,Phil Fearon,Ain't Nothing but a House Party,259beb00-b226-4323-a675-39e40ed308f6
1986,1986,Phil Sun,Baby Goodbye,efc823ee-0950-486d-b0a7-17a6adc37914
1986,1986,Phil Trainer,Les Super Heros Marvel - Guerres Secrètes,118a5ca1-a2fe-4fcf-9f3e-7627452fd025
1986,1986,Phil Watts,This World's at War,2591a470-ce76-3cd3-9adf-a0092b0618dc
1986,1986,Philippe Cataldo,Les Divas du dancing,a2886f1f-1bf2-4337-8ebd-0678ee3890a0
1986,1986,Philippe Dauga,J’suis musicien,69bcd6d0-10b7-4d62-a400-e55cae3fc34b
1986,1986,Philippe Lavil,C’était ma vie,0e65b184-3b3d-4457-93d9-1b88232cbfb8
1986,1986,Philippe Lavil,Elle tricote des pulls pour personne,d1121939-be8e-4117-886f-02677d94e8ff
1986,1986,Philippe Russo,Magie noire,88b5394d-6cf2-4917-99f7-84e3aa1ed3f2
1986,1986,Phoenix,Weil wir leben wollen,35ba0b56-9704-4669-9917-b7603ce8e6e8
1986,1986,Phoenix & Aphrodite,I Believe In You,bc1fe883-c3b6-4f89-9ebf-c8e7dffd6eef
1986,1986,Picky Picnic,Lovely Water Peaceful,70548f2b-6980-49fc-b348-338c2bd8bdd7
1986,1986-05-21,Pierre & Imca,Hoort mij aan pessimisten / Van Zierikzee tot Ameland,3196a4cf-3d0f-4c2d-9190-d537d4f1dc8a
1986,1986,Pierre Cosso,Face Your Life,d3cc1ca5-5f00-407c-b957-e89531669492
1986,1986-10,Pierre Kartner,Hello Mary Lou,863c1b73-f224-4f7b-972d-d9fb13d5ac65
1986,1986-07-30,Pierre Kartner,Oh Bernadine / The Red Rose Café,41fac818-d720-47e9-8a59-8ce7b21f0198
1986,1986,Pierre Perret,La Fille aux petits frissons,cf2b1f98-813f-4df6-9605-d6c24cdf9c47
1986,1986,Pierre Rapsat,Où es-tu Julian,a23a20e1-02f9-4b71-897b-f2365e70b0c1
1986,1986,Piet Vilten,Nooit meer,112872e0-16f5-410e-8280-42838b8e231f
1986,1986,Pigbros,Cheap Life,6dcc3288-5dad-42ba-afc8-3d36ded6bcc2
1986,1986,Pijon,Cache-Cache Party,87fd1db9-859b-41dc-af98-91cbd3b9c638
1986,1986,PIM,Lies,9ec223a5-983b-4b0c-8395-bec3857a9905
1986,1986-01-21,Pizzicato Five,Pizzicato V in Action,7f457689-0aa8-43a5-b0fa-19d14b84ed5e
1986,1986,Plasticland,They Wore Sequined Masks,80abe109-10c8-46b9-8d15-9c4ccc3c1e2a
1986,1986-05,Platinum Blonde,Hungry Eyes,1d21a8de-be24-4b8a-8061-cf1a5f68f1ee
1986,1986-02,Play Dead,Burning Down,9681f184-811f-4260-9b52-9d2ef38b11e5
1986,1986,Pointer Sisters,Goldmine,a16afe97-6e2a-44b6-9c31-8d044af01f27
1986,1986,Poison,I Want Action,15a72f55-70eb-4cf9-9b2f-0dc17888e2ce
1986,1986-03,Poison,Rehearsal March '86,e6145775-b872-45e1-b974-9146dae560a0
1986,1986,Poison,Talk Dirty to Me,6fd68783-e8dc-4e32-91ce-b1032345ffb9
1986,1986,Poly Styrene,Gods and Goddesses,a5ec79fa-b5dc-4928-abc4-d269b45bc871
1986,1986,Pop Decó,La Exposición Internacional de los 80,f5b242fd-6b1e-4114-bf99-2f50aec2b930
1986,1986,Popeda,Eläinten vallankumous,add1c76e-ea7b-4567-9379-a51afa10d334
1986,1986,Popeda,Kellot lyö,5b85996f-ed26-49cd-bdef-110ae7f0f9b7
1986,1986,Popeda,Tää on se yö,938fb0c2-2e09-49ff-8d7a-bc652f0cb7ca
1986,1986,"Porter Wagoner, Becky Hinson, The Right Combination",What A Memory We’d Make / A Good Love Died Tonight,7dc92e0e-a524-40fe-81de-e69c5cf27254
1986,1986,Power,Lyin' And Teasin',438f7ccb-d339-4e86-860c-86cc62e18594
1986,1986,Power,Soul in My Shoes,0e5a12fd-6eb3-4b15-a3b7-221f65b68fe0
1986,1986,Power to Dream,Frantic,468e2565-aa6e-4a10-92b1-2c96dc43f196
1986,1986,Poësie Noire,Starvation Of A Mind,42921c40-4e82-4e9d-a1ea-0462783b07d0
1986,1986-01,Prefab Sprout,Johnny Johnny,8070ea1e-b33c-4fd7-aea6-5f322389496c
1986,1986,Pretty Ricky & Boo-Ski,It's Mine,8f3f990a-4a99-423d-89e8-2fdf133cf1c3
1986,1986-05,Primal Scream,Crystal Crescent,0173a8c6-4f16-3566-837a-c1d89f3c1e9d
1986,1986,Prime Time,I Can’t Get Enough,824458fd-8a52-4789-9936-d4a11cf9435a
1986,1986-07-02,Prince and The Revolution,Anotherloverholenyohead,16f8b2b8-00b6-41c5-b7b2-6048f7d006ae
1986,1986-08-01,Prince and The Revolution,Girls & Boys,8b7dea22-c454-490e-9a3f-834ad8a2640b
1986,1986-02-05,Prince and The Revolution,Kiss,7c12f13a-b84c-4a1a-ac66-046db944b721
1986,1986-04,Prince and The Revolution,Mountains,38552678-ddfc-3136-9990-8bbe2c0657b8
1986,1986,Private Blue,She's Love,17ae785e-c6b3-4dfe-a02c-1f42fa70de4c
1986,1986,Project 122,Kiss Me Baby,408a0ce1-bb04-373f-8981-e929967dac70
1986,1986-07,Pryd Ma Te,Fideo,25c339e7-2746-4b4d-aca2-59da6fbfc032
1986,1986,Présage,Couloir Ethylique,ae532bb0-0352-4359-bc38-24a76837465c
1986,1986,Pseudo Echo,Funky Town,b9f019fd-274e-36cf-b31c-018f9ccee3a6
1986,1986,Pseudo Echo,Listening,2b8f72e0-b97d-4105-adce-4fb59465a14f
1986,1986-01,Pseudo Echo,Love An Adventure,97d081ee-0182-4ca5-ac0c-8e439c25387f
1986,1986,Psychic Interface,Tribal Stomp (Cherokee Nation) / Dancin' In The Night,8cb8e9a2-1c71-423f-b657-d240702082b6
1986,1986,Psychic TV,Magick Defends Itself,0d4d8274-1674-4068-a56d-9b2b3f000e1e
1986,1986-03-05,PSY・S[sáiz],Another Diary,ccf34876-3111-4e54-86ac-b81bf10e5a35
1986,1986-04,Public Image Ltd.,Home,50f7180c-10f1-3a72-9bfc-2d113af5c0a5
1986,1986-01,Public Image Ltd.,Rise,bff991e5-e1a7-3923-869c-9a02460224d7
1986,1986,Public Passion,Flash in the Night,77d00094-f7b7-450c-8afe-638ea6bce009
1986,1986,Pure Mania,Return for Blood / What's It Gonna Be,ecab783b-6c8a-43e8-9811-7bb098aa6262
1986,1986,Päät,Linnut / Kuu,ea6d55e2-88f8-4513-9fa7-b7ce0ee0d319
1986,1986-03,Queen,A Kind of Magic,f878e548-3501-437f-8fab-884a36ec6abe
1986,1986-06,Queen,Friends Will Be Friends,17ddf013-5bb8-4d14-b56b-5438a2c1fe0e
1986,1986-10,Queen,One Year of Love,de7b7a0a-0976-4d77-af96-14476c1c6691
1986,1986-09,Queen,Pain Is So Close to Pleasure,c723ca8d-32a3-447d-b7f5-a77cdea9d4c0
1986,1986-03-12,Queen,Princes of the Universe,a49b8b85-a16b-3be3-ac25-28bc92b8367b
1986,1986,Queen,Who Wants to Live Forever,e19c3d91-531d-389b-b5b4-4de96127e88b
1986,1986,Queensrÿche,Gonna Get Close to You,55d538d1-ed8e-4fa4-994c-87e43e59a462
1986,1986,Quiet Riot,The Wild and the Young,7a334e5b-ff5c-4808-b5b3-38784976d962
1986,1986-07-14,R.E.M.,Fall on Me,72762acc-6f97-4d52-9727-35e8c7690bff
1986,1986,R.E.M.,Femme Fatale,cca5c3e3-9ddb-4dd5-bf1c-e5f70ca4b719
1986,1986,R.E.M.,I Believe,2ac66b18-5363-417a-955d-1b2312e7c6c4
1986,1986-03-09,R.E.M.,Superman,a106447e-f468-3c19-b4f8-82a3e061c27b
1986,1986,Rabbits Wedding,Rideout,3b848b9d-f569-432f-9e28-f419438ef723
1986,1986,Rachid Bahri,Pour Elle,10907bc4-69b9-41c2-b3cc-caa9dbd3aa31
1986,1986,Radio Elbo,100.5 hier is rina,1144b440-04ac-4f65-9ce9-024e279e7064
1986,1986,Radiorama,Aliens,c48f6825-4ef9-447d-bf8f-e6197cbcf4b1
1986,1986,Radiorama,Aliens / Flight Of Fantasy,e5f6e62f-45c0-4e93-a2aa-b16c040a3d92
1986,1986,Radiorama,Vampires,1b08ab81-201e-4715-9dde-d6903814e3df
1986,1986,RAH Band,Sweet Forbidden,04bdce77-1b80-4936-960c-36ae3a8b65be
1986,1986,Raigo,Let Me Live,3682db18-843b-4dc1-b5b3-ff548811c668
1986,1986,Rainbow,Bad Girl,598cbb24-1de8-3ebf-9cad-848282096809
1986,1986,Rainhard Fendrich,Alles was du willst,59fef1fe-ac0a-4421-b8c4-05f55c936eb1
1986,1986,Rainhard Fendrich,Kein schöner Land,20e0c070-a6e4-4402-a978-c06eaf7bb45c
1986,1986,Rainhard Fendrich,Malibu,adb3f225-4b54-4658-9c46-ec520da3eb17
1986,1986,Rainhard Fendrich,Tränen trocknen schnell,9a6731bd-c79a-4a01-adb4-1cd49b7fe706
1986,1986,Rainhard Fendrich,Zwischen eins und vier,e91b6426-4a96-4914-b101-89090a21986d
1986,1986,Rainy Davis,Lowdown So & So,6518e337-932c-4fd1-95e5-8a81a0a577ff
1986,1986,Rainy Davis,Sweetheart,f6aa9666-5a78-4e7f-a616-fd85c2d26776
1986,1986,Ramones,Crummy Stuff,c9e4b8af-12fa-49fb-b6b5-30eb9ae94a05
1986,1986,Randy,Shadows Are Falling / The Beast,7eb2bb1a-1084-4b50-aa42-658ed457292a
1986,1986,RAP,Rapout,e2e4b99e-9c3f-4b94-b5b6-ae31c4220fac
1986,1986,Rappin' Duke,Duke Is Back,c2190f93-c27c-4ff0-81ff-9f80e220881a
1986,1986,Ratt,Dance,12c54bf0-73bd-450d-b617-2c7a97cd3ccf
1986,1986,Ratt,Slip of the Lip,06c3739f-0f3d-405e-801e-40dcfb9c400c
1986,1986-01-25,Ratt,What You Give Is What You Get,34e95eeb-9682-4906-8c1e-c9ddec2eca26
1986,1986,Raven,Gimme Some Lovin',063ec131-9f63-4d9c-93ea-baec4fc69b17
1986,1986,Raven,Speed of the Reflex,aefcfbf2-c415-42da-b729-e81c470d1f4d
1986,1986,Raven,The Pack Is Back,01383785-dd6f-46f4-8d0e-7ec28ef3f653
1986,1986-06,Ray Davies,Quiet Life,69ffc25e-ea13-435b-9aaa-104fea560243
1986,1986,Raymond & Rozana,I’ll Never Gonna Let You Go,73ae2270-98cf-43ce-9323-4ea92bc8ab2e
1986,1986,Razor Penguins,The Math Professor / August,1e6f8d56-f324-4cbd-be3d-78ebe1266a33
1986,1986-05-23,Razorcuts,Big Pink Cake,799fe303-652a-3e67-9730-00f727a6daff
1986,1986,Ready for the World,Love You Down,7b6e82d3-f170-46a3-94b5-132ff8caa4a5
1986,1986,Real Life,Babies,583a73cf-d00c-4186-b6fe-5801716caab4
1986,1986,Real Sounds,Tornados Versus Dynamos (3 - 3) / Kushinga Phikelela,8d8228a7-9b26-45c4-b62b-c5e42da69218
1986,1986,Rebecca,One Foot In / Dreamtime,7c4a3e03-e4c3-4a54-99a6-da9fa8841e90
1986,1986,Reckless,Nitty Gritty,8aaa5470-08f0-4793-840a-d8fb88339f01
1986,1986,Red & Jo,I'm Lonesome Tonight,56d3f028-768f-48b4-82cc-81e3c755cde2
1986,1986,Red Box,For America,caa3e45b-5d0f-49f1-9dd1-c5d024534cf5
1986,1986,Red Guitars,America And Me,54e0434c-6d8d-4991-9dae-8a448f18e492
1986,1986,Red Guitars,Blue Caravan,dfedbb2f-2cf4-4ae5-bf5e-b73e8c0bb8b4
1986,1986,Red Guitars,National Avenue (Sunday Afternoon),5ae75505-9e63-453c-99ba-8c739f07a140
1986,1986,Red Jones,All That I Go For,84373fe7-e2b3-46cc-921f-5d8e4daef592
1986,1986-10-20,Red Lorry Yellow Lorry,Cut Down,88b165de-01b7-4977-80b1-f00aa817fe08
1986,1986,Red Lorry Yellow Lorry,Paint Your Wagon,055174af-5e49-3b8d-93af-33fc0114b49d
1986,1986,Red Lorry Yellow Lorry,Walking on Your Hands,d6191b4a-3af7-45f3-913c-8113c46f3e17
1986,1986-12-10,RED WARRIORS,OUTSIDER,4c639861-6c9c-4422-b844-ec080c72f4d6
1986,1986,Reeds,Marines,74ff70e0-a249-456e-a625-bb0ddde86e0b
1986,1986,Regina,Baby Love,5b726148-4630-4638-8e2d-a693325a1dcc
1986,1986,Regina,Beat of Love,55c8b652-ca94-4c68-a7da-cac30e4a7665
1986,1986,Regina,Head On,a166a673-c40d-4ed6-972b-fafab90ddae5
1986,1986,Reinhard Mey,Es ist Weihnachtstag,c765af29-0793-475c-92a8-35fee94c0ce1
1986,1986-10,Relax,Du hast mei Herz in der Hand,4bbe7bb9-652d-4b45-939a-3003afe1555f
1986,1986,Relax,Heut' geh' ma net hoam,6412f188-8781-4c2a-9eee-ba39b6674f28
1986,1986,Renaud Hantson,Ta voix sur le répondeur,ee00f6d3-45a9-49ab-93b9-7c8b4cbeb129
1986,1986,René,In de kroeg / Have I Told You Lately That I Love You,757edd8a-43fb-4b61-8b3f-ae00128e4832
1986,1986,René Shuman,But Where My Love / The Need in Your Blue Eyes,af4b50d0-d96b-4ec8-9217-3077a3722fdb
1986,1986,René Shuman,Lonely Girl / Too Hot to Handle,756347e4-5c40-467f-a0a2-5fd0feb89380
1986,1986,René Shuman,Rhythm of My Heart / The Only Rooster,dd33587f-82f1-43d8-ae49-3ad6d84f7498
1986,1986,René Shuman,Young Girls And Cadillac Cars (Remix) / Season Of The Doubt,0e638e29-f65c-4f3f-8b30-b361ef208611
1986,1986,Renée de Haan,In een wereld zonder jou / Zag jij de tranen van je kind dan niet,fcc27053-d113-460b-a015-a8bc05f7fc84
1986,1986,Renée de Haan,Weet jij dan niet wat liefde is / Diezelfde melodie,b07de899-effa-41fc-8859-2993164f1c6a
1986,1986,Restless,Just a Friend,65c888aa-41bd-43ae-9539-c9ba80cc897c
1986,1986,Restless,Somebody Told Me,8a8a0fe8-4ee6-4b5a-81b6-21f75d399b46
1986,1986,Rettore,Amore stella,5d88497b-7173-31cc-945c-233ff4871129
1986,1986,Revolting Cocks,You Often Forget,f1fb86c6-b971-3f4b-97c1-7539e70bfc1a
1986,1986-11,Rex Gildo,Torero / Goodbye Maria,d5f485ce-1a38-460d-9b15-54f4f17daf00
1986,1986-06,Rex Gildo,Was ist schon eine Nacht / Bist du einsam heut Nacht,8ccd4361-b59f-497b-bc1f-0c5cc544d0f9
1986,1986,Ric Ocasek,Emotion in Motion,c5491787-2b44-4275-80e7-1d8c0e8a4564
1986,1986,Riccardo Cocciante,L'Onda,83435e83-fe29-4998-9c17-90f0944f4adb
1986,1986,Richard Berry,Cent ans déjà,d1e0fe94-7fc8-4562-b5c7-acb95ca39a79
1986,1986,Richard Gachner,Final picture show,3cc5f9c1-c310-4a6d-8144-a684276647bc
1986,1986,Richenel,Dance Around the World,b7ef3ef3-269d-4548-81f9-cdca1142a209
1986,1986-01,Richenel,L’Esclave Endormi,a43eb7ab-da0a-463e-aa7e-b8ba2f192181
1986,1986,Rick James,Sweet and Sexy Thing (special 12″ remix),d406cd6a-5a3d-43bd-95f6-26d19ce9a5c6
1986,1986,Rick Nelson,Dream Lover / Rave On,9bc2efe4-b243-4340-aaf9-46d337dac0fe
1986,1986,Ricky,Bang Bang Bang,1400f1aa-de13-43b9-9af7-b4b1f44aaae7
1986,1986,Ricky Van Shelton,Crime Of Passion / Don't We All Have the Right,e9f7b7e5-df4b-48d5-943c-d7e045cd728a
1986,1986,Righeira,Bambini Forever,313c6712-55d9-4608-b368-3b40be96d65d
1986,1986,Righeira,Innamoratissimo (Tu che fai battere forte il mio cuore),3100bf8f-3854-4be0-aff7-062b09b06dc0
1986,1986,Righeira,Italians a Go-Go,c6a7215d-9b9f-421a-8971-bfb44c3513fc
1986,1986,Riky Maltese,Warrior,211a7f7d-1165-4ec5-a1b4-95c787bfdc7f
1986,1986,Rini v.d. Lee,Pompe of verzuipe,42fb6a3f-7352-4285-8ea3-7cbe7452dce4
1986,1986,Rinus Okken,Voor de liefde een 10,a4e559cc-4d5b-41a3-8f0f-dabfbb2b97ff
1986,1986,Risen From The Rank,I.N.R.I. (Risen In My Mind),605353a9-7cca-44f5-9afb-b1531e8630fe
1986,1986,Risqué Rhythum Team,Risqué Rhythm,b757280f-253d-4a07-b31d-ff4dc9e50c81
1986,1986,Rita,Jij alleen,462754f4-7e5d-4e94-8eb1-882855c0d785
1986,1986,Rob Zorn,Het is voorbij / Sorry sorry sorry,7bae79da-5ed7-47f5-bbc7-610e939310f4
1986,1986,"Robb Johnson, Carla Lane, Martin Simpson",The Animals Song,c0e849cd-001f-4b27-9d21-49bc8e9a4a6d
1986,1986,Robbie Nevil,C’est la vie,faf0fe05-c03e-49b6-8c3a-6d0a313ac1b4
1986,1986,Robbie Nevil,Dominoes,e1c4a6d1-4036-4ca1-a09a-f6818e0ba277
1986,1986,Robbie Nevil,Wot’s It to Ya,c8435d77-7c2e-4121-889f-76c57a4769f9
1986,1986,Robert Cray,Right Next Door (Because of Me),39256eab-44ac-476e-ba53-78664572b7ba
1986,1986,Robert Hunter,Aim at the Heart,62c74e23-f3a7-4ee2-a336-57f90a336837
1986,1986,Robert Long,...Sagte immer Mama / Komisch,8f4a0c2e-031a-4444-b3f2-b1dc5c4b97e1
1986,1986,Robert Long,Fremde / Die Teufel,5efa9049-91a7-4212-bd31-5b4f655e0132
1986,1986,Robert Long,Geef ons vrede / Achter de horizon,ff4bd38e-0505-4319-b17c-ccfda06f7c36
1986,1986,Robert Long,Gib uns Frieden / Hinter dem Horizont,d07332e0-e30c-4ced-aed6-44b2e7ae3859
1986,1986,Robert Long,Hé... / Gek hè,76b635b8-61cf-4067-b9b5-8b1dcad11946
1986,1986,Robert Long,Iedereen doet 't / Honderd keer,f22e08a1-37c5-4212-8def-c1fc50d6f378
1986,1986,Robert Owens,Bring Down the Walls,6c3ed50e-318b-413d-a45d-2be42d94d3d5
1986,1986-08,Robert Palmer,I Didn’t Mean to Turn You On,1854f9ce-80e7-4956-837b-fac1f28cfae3
1986,1986,Roberto Blanco,Tirami Su,54736639-e4f7-4ff8-9297-fa843068e831
1986,1986,Robin Stanley,Get Ready,245791e4-dc61-4579-aa0a-27957b9140fe
1986,1986,Robyn Hitchcock and the Egyptians,If You Were a Priest,87df071b-59c9-4c92-80b7-7318a245279b
1986,1986,Rockip,My Empty Life,bd7b9c67-0d18-461f-bad9-9e48fc032d6c
1986,1986,Rockip,Too Bad / Woman of the Night,35a3a7f0-7cef-4aa4-9e5c-70bf0a4ff6a0
1986,1986,Rockset,Alternativ älgjakt,7f4022cb-2a5e-44c7-aa1c-5a00bda10c9a
1986,1986,Rockwell Noel featuring Poet,The Wopp Sensation,281eb9a5-898e-4d6b-b8f5-8d147bb8462a
1986,1986,Rocky Winters,Wishing,9aae92a4-679e-41bc-81aa-15ebf1638b3e
1986,1986,Rod Stewart,Every Beat Of My Heart,a39d0e25-0d7c-4fd9-8a03-7aa36d5f5104
1986,1986,Rod Stewart,Love Touch (Theme From Legal Eagles),19852341-8ea0-4a65-a0af-c30b5e8ba1a7
1986,1986,Rodney Dangerfield,Twist and Shout,cd78b228-e3dc-41df-84dc-76120f13fb3b
1986,1986,Roger Daltrey,Quicksilver Lightning,91978c5a-1071-4b62-9340-acfcd2f7265b
1986,1986-05,Roger Daltrey,The Pride You Hide,e3a06b15-cfde-4348-99a9-03bb29b615fd
1986,1986,Roger Daltrey,Under a Raging Moon,6cf942e8-6d03-418b-ab2f-83d79999832d
1986,1986,Roger Meno,What My Heart Wanna Say,3ed604b9-992f-42c1-8b0c-9a17e965070a
1986,1986,Roger Whittaker,Ein bißchen Aroma,b1dfca8b-7726-404b-a041-17d465b492ef
1986,1986,Roger Whittaker,The Candle,4f401a2d-6afa-4880-9f88-2d7ce6329237
1986,1986,Rohit Int'l Orchestra,La isla bonita,0d088778-696f-4aa2-b648-dcd9b5802d9e
1986,1986,Roketz,Don’t Give Up,e0921b7b-dcfc-43b5-927c-e9baa911ba19
1986,1986-11,Roland Kaiser,Ich will dich ganz allein für mich,627542b7-3d18-4654-9f69-9be5288cdade
1986,1986-05,Roland Kaiser,Midnight Lady,632254cc-cfd9-4043-b6c0-29d20c43fe53
1986,1986,Roland Kaiser,Sie lebt in dir,714a655b-d7d5-42d3-b5a5-435bf3d971b6
1986,1986,Roland Rat,Living Legend,431e90d7-53b2-47d8-a513-bdbc2549bb99
1986,1986,Rolands Gosskör,Långt härifrån,8bedc7af-0bf6-49e6-a89b-0bdf006fbcb8
1986,1986,"Roller ""Chicken"" Band",Banana Roller,12601ac5-640d-436e-99bc-2be3aa25ef1a
1986,1986,Ron and the D.C. Crew,Ronnies Rapp,ea4a080b-930e-4c8c-91c2-6d2dc4c13843
1986,1986,Ron Hardy,Sensation,9526dbbe-bfc8-4958-bd14-270418b21b5b
1986,1986,Ronnie Mack,I Love Traci Lords,3c05d4b5-4d04-4f09-af97-32f9181ce032
1986,1986,Ronnie Reno and The Reno Brothers,Emotions,6aa4fc76-d5a6-432d-aeba-3895c313a372
1986,1986,Ronnie Reno and The Reno Brothers,Midnight Perfume / Stand Up for the Music,99002f33-e019-46a2-8de9-62976f916552
1986,1986,Ronnie Tober,Leven met jou / Of zal ik altijd blijven dromen,b3319f4d-4743-4f4d-ab00-53075000ee0b
1986,1986,Ronnie Urini,"Sail, Ship",0f6fd2f8-9e06-4b55-923a-01914d9f28d3
1986,1986,Ronny Arlando,Geef me nog wat tijd / Ik ben zoals ik ben,823972e6-9996-495d-bf3e-0f91c59ab1fe
1986,1986,Ronny Arlando,Ik mis je zo... / Alleen de gedachte,6a4a5bae-6859-446f-ae38-5fbd84df53c1
1986,1986,Ronny Arlando,Neem ’t er maar van,878cc973-90ea-4e5d-9337-5ab5bb155b9a
1986,1986,Roos,De wil van het leven,e69e11e1-4f34-464b-b49b-af917ef4960b
1986,1986,Roos,Vergeet ’t maar,5bfa33dd-6b7a-4052-bbb1-731ebca1a690
1986,1986,Rootsman,Wild Goose Chase / Reaching Out,04663af0-b653-47e5-a1ba-49fac510087a
1986,1986,Rosco,Love Her for Ever,cc0926f9-4f4b-45df-acfe-8492ba6f7515
1986,1986,Rose,Memories,0b28cbaa-5220-460e-934d-041b42c42709
1986,1986,Rose Bygrave,Maybe Midnight,34da3306-c4d3-41d6-aa98-f943c76f0159
1986,1986,Rose Davis,Too Smart for That / Love at First Sight,27ce78a9-d553-4278-b7bb-8f297ef286d5
1986,1986-01-24,Rose Laurens,American Love,5bb279a1-526f-4fe2-a0af-88ca5db197a3
1986,1986,Rose Laurens,La nuit,106802b8-9006-4fd0-9df7-c858c2d3e946
1986,1986,Rose Maddox,Philadelphia Lawyer,700a3302-3488-4d6d-a16a-a6a85a800d9b
1986,1986-06,Rosemary’s Children,Southern Fields,e44f1d7a-db9d-4977-87dc-37209e71fb57
1986,1986,Ross,Coming Up,0583aa35-650b-47e3-86f8-cb8f33c572f7
1986,1986,Roxanne,Give a Little Love,59031c77-35ce-4822-b9b1-02d8539a0897
1986,1986,Roxanne Shanté,The Def Fresh Crew / Biz Beat,7e4657a8-0d05-3f43-a39a-cb4ecad46935
1986,1986-12-03,Roxette,Goodbye to You,5705f746-3c7b-3f8b-9ad2-f607d72ef94a
1986,1986-07-08,Roxette,Neverending Love,87a7c2a3-10eb-4061-8ec9-3d69f4bc438a
1986,1986-01-02,Roy Black,Es bleibt ein bißchen Traurigkeit / In Japan geht die Sonne auf /,9026e44f-bdf6-4e40-b9a4-e50f8dfd5987
1986,1986-04,Roy Black,Wahnsinn / Wo geh'n wir hin,2a94c77d-53bd-4926-a0ff-f8c4972b878a
1986,1986,Roy Black,Wo geh'n wir hin / Es bleibt ein bißchen Traurigkeit,6147e7e6-996d-43b0-9f90-21a785aee6e8
1986,1986,Roy Fontaine,One Is a Lonely Number,b44c2000-dfe3-4fe7-9c5f-23f15b8d79c0
1986,1986,Rubella Ballet,Arctic Flowers,c68e66c4-da8d-4a01-8a2f-c9bbd05ca8bb
1986,1986,Rudi,Tänään / Minua koskee,6f67283a-5292-4c4b-bc43-1c10c5dcedea
1986,1986,Ruin,Drop Out of the World,96f7efa5-865d-4309-a32f-4484c1f37b65
1986,1986,Run‐D.M.C.,My Adidas / Peter Piper,01741d6d-0c81-4287-9953-d0bca24fc139
1986,1986,Run‐D.M.C.,Walk This Way,7d088d0c-6143-3724-9df0-8d7eaf304ab5
1986,1986,Run‐D.M.C.,Walk This Way / My Adidas,28e063d9-f3cd-4a13-aa13-180e5f7baa00
1986,1986,Run‐D.M.C.,You Be Illin’ (remix),dd6c81ab-9d25-442a-a6b3-45ce222137d1
1986,1986,Rye Brothers,How Long Can You Dream,7583be28-5b53-4b86-b67c-df1c0413f42b
1986,1986,Ryo Kawasaki & Satellites,Electric World,96155901-76fd-4396-83fb-2e2159b1249d
1986,1986,Rãga,Je l'aime quand même,52726b3e-b19c-463f-a83e-50a4dd951128
1986,1986,S.F.2,Dicke Luft,a8824766-341c-4146-8f7d-60b5c0bbcaeb
1986,1986,S.O.S. Band,No Lies,b1cc017b-594f-4766-92a6-ecd1676fabc9
1986,1986-08-15,Sa-Fire,Don't Break My Heart,c88c02b8-3bee-3a15-836d-177b9d6c791d
1986,1986,Saara,Hiekkarantaan,ff02cdc9-06bd-4f2d-af0e-97ae5f81d5b2
1986,1986,Sabine Paturel,P'tit bouchon,f72bc30a-b099-4d5e-8ec4-b94250d1e5c7
1986,1986,Sable,Amigos Rockeros,9ec312c5-24db-42aa-b4aa-17b7d3c9c7df
1986,1986,Sacha,Alleen,4d4b5ca8-47f7-417a-931f-da9e5637afcf
1986,1986,Sacha,Geloof me,0d55d946-4c35-4c0f-bf04-39f82996857f
1986,1986,Sachie Reyes,Bizarre Love Triangle (Cover),8d409bd1-52d0-4e02-8dab-44ec7d0e4cba
1986,1986,Saitenwind,„Düsseldorf“,bfe62ccf-23e5-428e-a0f5-18a4c307aed2
1986,1986,Sam Harris,I'd Do It All Again,a8ea50c7-1aea-42b0-979d-4875f85c0312
1986,1986,Sam Moore & Lou Reed,Soul Man,c7c24cf7-4003-4dec-bab4-4e2f517e2e2e
1986,1986,Sam Moore & Lou Reed,Soul Man,f976beab-13b4-4b8c-af34-32cc44a9e545
1986,1986,Samantha Fox,Aim to Win,8194e4fb-e196-4a3c-a291-2fa73cb73cbd
1986,1986,Samantha Fox,Do Ya Do Ya (Wanna Please Me),03f42717-93f2-4fb8-9d9f-0b00e12e75cd
1986,1986,Samantha Fox,Do Ya Do Ya (Wanna Please Me) / Want You to Want Me,7923dd7c-0dfa-426c-8535-8ffeee13e3fb
1986,1986,Samantha Fox,Hold On Tight,64806a27-7b16-4e0d-8934-0394d9212d33
1986,1986-03,Samantha Fox,Touch Me (I Want Your Body),b154429c-64d5-4fb1-96c8-e33133699fd3
1986,1986,Samantha Fox,Touch Me (I Want Your Body) / Drop Me a Line,ea345681-1781-45d0-80fc-6e0ce597b63c
1986,1986,Samantha Fox / Boris Gardiner,Do Ya Do Ya (Wanna Please Me) / I Wanna Wake Up With You,9f3e54f3-2595-42b8-af3d-798ba6fee544
1986,1986,"Sampson ""Butch"" Moore",House Beat Box,2f768614-d4ea-3a56-b964-d613806700e8
1986,1986,Samson,Vice Versa,418d6c15-52f4-4679-bf3d-f8271a973f92
1986,1986-12-25,Sancho Alexander,Мужик,bdbaa6b9-e325-4f34-9e04-cf2f0bee16b7
1986,1986,Sandee,Let’s Stay in Love,fdc9d8fe-484b-4f7e-b1bf-379d0c45b4e9
1986,1986,Sandie Shaw,Are You Ready to Be Heartbroken? / Steven (You Don’t Eat Meat),f63541e7-468d-3656-8af8-17cc0a6348fb
1986,1986,Sandii & The Sunsetz,East Meets West,d87e586f-15b6-43c3-a767-5d49424bc573
1986,1986,Sandra,Hi ! Hi ! Hi !,5fbd5a82-e892-454a-abef-5da12940e4fa
1986,1986,Sandra,Innocent Love,834cf860-3d13-3e07-b95d-998e8c5f2e58
1986,1986,Sandra,Little Girl,a7c2e6ba-a247-4baf-95d1-19a8227879e0
1986,1986-11,Sandra,Loreen,86727fec-955d-4edb-b819-9da74c0a17e9
1986,1986,Sandra de Sá,Entre Nós / Love Time,da508f0d-3e11-4c2a-932a-b6eff550e2f4
1986,1986,Sandra Kim,J’aime la vie,3c07817c-71a5-4abf-bf10-9853884e35e0
1986,1986,Sandy Farina,Temptation,7586cf11-1cf5-4679-b834-c471dd90b064
1986,1986,Sandy Marton,White Storm In The Jungle (Two Special D.J. Versions),cb9cd328-b0d2-4705-b6c1-944f73d5da2b
1986,1986,Santarosa,Atlantide (Remix Long Version),f49999a1-8910-4b6d-a535-e50a0c465f99
1986,1986,Saphir,I Am Alive,59c4ed10-97de-4dfc-95d8-49ffc7b8dcb0
1986,1986,Sarah,Tokyo Town,41a9aff5-8905-4812-b34f-e9707d99dd43
1986,1986,Sarah Mandiano,La Dame de Shanghaï,4ea752dd-2fcc-4234-ab30-ca7621c95c29
1986,1986,Sarina,Vision in the Night,54792439-bd17-4e15-8dcf-16a47f226a76
1986,1986,Saskia,I Love My Vuilisbakkie,d4d9dfa1-f278-4969-9497-60bb7d52d55a
1986,1986,Satari,Malebu,595f5629-829a-4ee9-b53f-2804f7e39bab
1986,1986,Sator Codex,Scales to Skin / Crusade (Gonna Start a Fire),3b0cddc6-594a-4730-82e6-43f6a77ba3e9
1986,1986,Savage,Celebrate,c7a96943-5650-4959-8c32-1d6688e4a805
1986,1986,Saxon,Northern Lady,60386c1d-ea43-4736-bf5c-09d97ac04b34
1986,1986-10-27,Saxon,Rock the Nations,cc25938e-b6a5-4024-977b-f2dfef820086
1986,1986,Saxon,Waiting for the Night,94abafe1-48c6-42e1-9d04-ba348123d6ee
1986,1986,Scarlett & Black,You Don't Know,ff20e310-473f-4a3b-a8bb-9cbdee0e6a78
1986,1986,Schelde Trio,Tabé (Ik kies weer zee),021ed2d1-867d-48c6-a447-97e40c3913f4
1986,1986-10,Sci-Fi Sex Stars,Rockit Miss U·S·A· / Teenage Thunder,83d8198f-bcaa-491d-8970-97cc3411e2a2
1986,1986,Scott La Rock & The Celebrity Three,Advance,b9986bf3-2764-49c4-8e43-1f82c1d979e0
1986,1986,Screaming for Emily,Grey the Sky,72b81be6-9ec7-41fc-a5fc-52233a350d0f
1986,1986-11-24,"Sean, Baby & Ninja D feat. Mr. Mister K. G.",K.G. Dance (Wop),cd9ef058-c0ba-42eb-97f4-decdb94bfd17
1986,1986,Second Face,Robot System,1afb629c-7f39-4b13-9dc0-5bfd65571848
1986,1986,Secret Ties,Dancin' in My Sleep,c1cda421-96dc-4452-92e7-25a7d0bb2c69
1986,1986,Sensation,You Are,4d983f1f-e7ce-4136-8b09-4d18a055f27a
1986,1986-08,Sensus,Perry Rhodan... More Than a Million Lightyears From Home...,eb7d3821-06fd-488b-a0d9-83b783a44b7a
1986,1986,Separate Tables,Wrap Your Arms Around Me,354cdfe9-4788-4ba5-b70d-6f1e0a8bed44
1986,1986,Serge Fontaine,Troubadour,11a21aff-c739-4d1a-b514-2802ffcc07cf
1986,1986,Sergio y Estíbaliz,Cantinero de Cuba / Cuidado con la noche,12b99ae9-f972-4f28-8d79-8f5edeb789d1
1986,1986,Serious Intention,Serious,ee64a946-7973-3bd2-a3ec-d8371123d5a0
1986,1986,Session,Unit The Forces,e9422298-ea82-464e-b0be-e9c1402be6e4
1986,1986,Sesto Senso,Lay Your Hands on Love,1142da2f-d183-4e2a-b73f-016f128ec789
1986,1986,Severed Heads,Propellor,04a0eedd-e2c9-45d7-b807-255d4c20c756
1986,1986,SH!,Arbete utan logik / Där vildhundarna går,ce3be16e-b91d-4247-be5a-9c42f3a74a87
1986,1986,Shadow of Fear,In the Flesh / Heartbreak Hotel,508e33d4-65c0-4204-a484-8b1519d6c242
1986,1986,Shalamar,A Night to Remember: The M & M Mix!,055dc806-a614-4724-b2b2-38f36081210c
1986,1986,Shanghai,Skattjakt,1ed8ad00-892b-4096-b60e-6d019e2d4182
1986,1986,Sharks In Italy,Time Is Ours,de4f7633-79f7-47c4-adee-4650eb77140d
1986,1986,Sharon Scott,Oh What a Night for Love,6914b2d7-2928-4e44-86f6-05723967932d
1986,1986,Sharpe & Numan,New Thing From London Town,3c7f09eb-f79c-41bf-a2e9-fe17ede05725
1986,1986,Shawn Benson,Seclusion,3bf62f4e-f3d0-432e-a457-9b5cc23746ab
1986,1986,Shawn Christopher,People of All Nations,63203824-674d-4b57-a4ad-010727743495
1986,1986,Shayne Carter & Peter Jefferies,Randolph’s Going Home,f841b9af-0997-4d51-b42e-323b908a87de
1986,1986,Sheena Easton,Jimmy Mack,0bd7ae5f-869b-41c2-bb14-77c581953e44
1986,1986,Sheena Easton,So Far So Good,89602c77-f066-4530-b0be-5f7c8d23b8b4
1986,1986,Sheila E.,Hold Me,588a2259-f526-42fb-bb59-cabbc6a339fc
1986,1986,Sheila E.,Holly Rock,1eb68fa5-d8a3-4671-8634-3cc4fb7a317e
1986,1986,Sheller,Les Miroirs dans la boue,a27ae0f6-75b5-49b9-b0d9-d63579b4dd02
1986,1986,Sheriff Jack,Everybody Twist,75737f0e-a03b-477d-a785-255b5eb4d5f3
1986,1986,Sheriff Jack,Let's Be Nonchalant,e2e83d68-e733-4725-85f2-91aa2b7bce79
1986,1986,Sherisse Laurence,L'Amour De Ma Vie,6ea81b00-ac8c-46b3-a6d4-f6b7663ed0e5
1986,1986-06,Shirley Bassey,There’s No Place Like London,669a0684-9a82-4b8c-b4c8-3b78d027742f
1986,1986,Shirley Jones,Do You Get Enough Love,e08afa74-f74e-4fa4-b697-928096e97a5f
1986,1986,Shogun,High in the Sky,48f669ba-e612-476b-bac9-e1a1022d77c2
1986,1986,Shooting Party,"Trick of the Light (12"" Chernobyl Mix)",26a227a4-c26a-4b3a-a806-08be820e4aac
1986,1986,Shop Assistants,I Don't Wanna Be Friends With You,98dff966-c561-455b-9785-d212e4ca9876
1986,1986-08-22,SHOW‐YA,ONE WAY HEART,733941ef-dd0b-4bf7-a9ee-eccdb543604f
1986,1986-02-01,SHOW‐YA,しどけなくエモーション,52d8a1da-97e4-4e1c-a140-da60a727d148
1986,1986,Shriekback,Gunning for the Buddha,b16f30df-78ec-3ab6-acf0-5e9061174cdb
1986,1986,Sia Rhymes,I Can't Stop Loving You,fc80c08e-bffd-4cb6-bab5-7030c9ad7cd4
1986,1986-11,Sibyl Vane,Damned Souls / Prince of Lost Chances,378d65b4-62ea-4936-ba7a-741b3dc5c68a
1986,1986,Siekiera,Jest bezpiecznie / Misiowie puszyści,e2fb82bd-284c-35ed-af54-3c3fcac2bda4
1986,1986,Sielun Veljet,Kevät,a458e027-49cd-3067-94ff-d37f352757c0
1986,1986,Sigue Sigue Sputnik,21st Century Boy,14001527-b577-42dd-a677-4645a1d70202
1986,1986,Sigue Sigue Sputnik,Love Missile F1-11,cfac5bc7-e107-3222-8622-125efe774008
1986,1986,Sigue Sigue Sputnik,Massive Retaliation,435ff4d5-8482-4089-94bd-d5e0007e29c7
1986,1986,Sigue Sigue Sputnik,Sex Bomb Boogie,4a15914d-06b6-3c8a-834f-85f91494742e
1986,1986,Silent Creatures,Should I Stay / The Sun,adfc323c-9463-44c1-a2bf-96eb7b6f3fc4
1986,1986,Silly,Bataillon d'Amour,c36149b4-b07a-474d-bc00-ec47523b3153
1986,1986,Silly,Panther im Sprung,884d1fb7-10ae-43db-b089-bba925fbaf87
1986,1986,Silvertop,Judy,155f6007-2343-4cdc-884c-1463f0fa7c88
1986,1986,Simeon,Tell Me Why / Permanent,c022d141-2b61-4302-89fa-279f71a7aa87
1986,1986,Simona Sierra,Muchacho,b5c5c500-8cac-4746-817f-89076a3903ef
1986,1986,Simone Ekrut,Der Traum,f660bab2-11a2-4a3d-a49b-06dfdc30697c
1986,1986-04-06,Simple Minds,All the Things She Said,ef50e7e3-d09b-4eff-82da-b129d09074c4
1986,1986-11-10,Simple Minds,Ghostdancing,30055566-f6c9-3292-a9a5-f2f3e9bb4ada
1986,1986-01-20,Simple Minds,Sanctify Yourself,2433aa74-4040-40f5-9db4-57fc03d8e6ce
1986,1986,Simply Red,Money's Too Tight (to Mention) / Holding Back the Years,29a2d286-da74-4aad-88cc-060cfd1ca065
1986,1986,Siniestro Total,Al final,a11a2b55-6939-42d7-921c-1c4211987dfa
1986,1986,Siniestro Total,Dios salve al Conselleiro,581c8d17-a3fd-49da-b37d-eddd8435ecbf
1986,1986,Siniestro Total,"¿Qué tal, homosexual?",bb333b2c-47e5-4573-a7d6-5fbbbf32c21d
1986,1986-02-28,Siouxsie and the Banshees,Candyman,0ed7fe4c-12ec-370c-8584-aa4c18108c84
1986,1986,Sir Mix‐A‐Lot,I’m a Trip,b841c41b-0243-4920-af2c-cbdd95c73d96
1986,1986,Sisley Ferré,Give Me Your Love,30250b3a-82ef-41b3-8acc-b36c428a6b05
1986,1986,Siw Inger,Mitten im Strom,361c8746-6113-424f-95c3-4f40184dc61e
1986,1986,Sjannie,Met jou verdween het geluk,6647a49c-6fd8-47f6-a333-3bd32359e913
1986,1986,Skeletal Family,Just a Minute,61ef0f7e-1115-4944-a733-4f5534d16bfb
1986,1986,Skeletal Family,Restless,18a96590-cfea-49ce-9608-78cd5528b137
1986,1986,Skinny Puppy,Dig It,cb7ed7a7-52b3-3cf8-b878-1b113fcc767b
1986,1986,Skipworth & Turner,Can’t Give Her Up,5744754f-2f40-4af2-8f52-88c3a5ac3db7
1986,1986,Skyblasters,Moving People,90115c40-62f7-4a8b-b713-3f63a1422289
1986,1986,Slayer,Postmortem,c7ffb4f3-61af-4d19-a68e-f353b812fb75
1986,1986,Sleezy D.,I've Lost Control,8360bffb-34c0-39b5-ba22-7a32c8584b37
1986,1986,Slovenly,Plug,0af97089-bfa9-4ad8-9084-3a973310cbf4
1986,1986,Smack,Yuppies / The Big Mistake,ebbed571-3d73-4178-a276-e5f94dfc7a1d
1986,1986,Small Affairs,Good & Evil,4c283f23-6898-4f7e-94d7-41960e1c0c48
1986,1986,Small Affairs,Starship,d2455e5d-4eab-4d6c-9edb-51dbaa5c4b2c
1986,1986,Smash Hits,Hell in a Nightmare,91e484fd-4a03-419d-a87b-a6dee6046dcc
1986,1986,Smokie featuring Chris Norman,Lay Back in the Arms of Someone,e2dd7a6c-79c2-46f4-aa96-1f030a5b596a
1986,1986,Snob's,Promise,0cb2d7d9-e986-4868-a549-55b77eddfde2
1986,1986,Sodom,Material Flower,6654941b-6432-4386-8c05-12a7b34bc904
1986,1986,Solid Strangers,Vision (of the Night),10cf3a54-1908-4b23-b196-bafcb132158b
1986,1986-01,Sonic Youth,Flower / Halloween,2e7b4964-8a87-4a25-a5f0-1074af2c1a64
1986,1986-03,Sonic Youth,Halloween II,532348f0-cada-3346-876b-e1ffea20cfb3
1986,1986-07,Sonic Youth,Starpower,f4e4cc9d-a452-3894-8413-aaf8e225faf7
1986,1986,Sonja Grier,Love Flight 109,ee3737d3-4981-463b-a6eb-3dab526ec1c9
1986,1986,Sophia George,Girlie Girlie,bfd33470-094f-4437-b056-c1dee81d7cf2
1986,1986,SOS Band,Borrowed Love,04f4c3c5-6f6a-410c-a2f1-e8239abcecbb
1986,1986-03-11,Sound of Music,Eldorado,e5b6d78e-fd6c-4628-acab-4fb8671df479
1986,1986,Space Monkey,One More Shot,6aee289a-72f3-4aa5-9d7a-da4b1340b325
1986,1986,Spagna,Easy Lady,bb94e084-0d19-4525-ba21-937893e4505a
1986,1986,Spandau Ballet,Fight for Ourselves,d8404bc4-028e-443d-8aa2-50bfb5043706
1986,1986,Spandau Ballet,How Many Lies,c94d3f9e-9a0a-499a-ac23-69f66aa92901
1986,1986-10,Spandau Ballet,Through the Barricades,280b4778-2777-416e-be83-a5eec9a9924e
1986,1986,Sparks,Music That You Can Dance To,7f993f12-5ab9-4027-b78b-cf0644414f50
1986,1986,Spear of Destiny,The Wheel / Flying Scotsman / Prisoner Of Love / Liberator,2bf871bf-7752-4aba-8f66-da1fcf2f57cb
1986,1986,Specimen,Indestructable,5649d9a3-9e06-4fe2-b50e-016b24749f26
1986,1986,Spice,Joanne,3d10c42e-daba-4b5b-82c6-e5383e414381
1986,1986,Spice,Ms Eleanor,85908d9e-081d-4301-a26c-55ee0927fee6
1986,1986,Spider Murphy Gang,Der Königsjodler,248b44f5-3310-4836-8ac1-ec2277d20450
1986,1986,Spitting Image,Santa Claus Is On the Dole,2bde483a-cd6a-4ef8-9bf5-8189f12528f0
1986,1986,Spitting Image,The Chicken Song,c20633c4-263a-4e42-a64b-1a904c502793
1986,1986,SPK,In Flagrante Delicto,edd868c4-e01e-3a24-b8f5-00ac254b2e7d
1986,1986,Splash,Qu'est-ce que c'est ?,2b75164a-0a48-467c-ac37-13e155192b6d
1986,1986,Splitsing,Tijd genoeg / Angst aan de macht,84e776b1-a21b-46d6-987b-a7be841a26cf
1986,1986,Spooky Voice,Light My Light,5f8f92a2-079d-40ce-8714-fd3fbce0c02f
1986,1986,Spooner,Mean Old World,6ed117f3-c7a0-4869-9cd4-481964ce958d
1986,1986,Spyder-D Featuring D.J DOC,I Can't Wait (To Rock The Mike),61a17377-280a-40d2-919d-09766a90699e
1986,1986,Squash Gang,I Want an Illusion,d21d7195-c80d-431c-ab56-df2fa000a752
1986,1986,Squeezers,I Am Just A Rock'N' Roller,824ec140-48fe-452f-ba98-7eeefda121d1
1986,1986-08,Squirrel Bait,Kid Dynamite,46e54118-0a34-4429-888d-dba61462b62d
1986,1986,Sranang Dren,Mi Dren,6cbf7beb-c2e5-41ac-87df-3bd0766660a1
1986,1986,SSQ,Tonight (We'll Make Love Until We Die) / Trash's Theme,b2c95a7e-dbcb-4f09-933c-a79f08efda7f
1986,1986,Stacey Q,Insecurity,1b930514-4ea2-4de7-9660-0db386afaa3a
1986,1986,Stacey Q,Music Out of Bounds,6a4ba45b-a6e4-4043-a343-a9db2110fc89
1986,1986,Stacey Q,Two of Hearts,4ebca8ce-866c-4dcb-adf1-4927b7b79ad9
1986,1986,Stacey Q,We Connect,82319ddf-51ce-42c6-b47d-42b223c5a35e
1986,1986,Stacy Lattisaw,Jump Into My Life,4ae288d8-308e-48de-840e-2de0ca7adff2
1986,1986,Stacy Lattisaw,Nail It to the Wall,b935ac22-81e8-4ed0-878b-6d8d2bbf3f62
1986,1986,Stafke Fabri,Choekkelatte koffe,bf7dc1ab-6277-4c5f-9dad-6326546adf5e
1986,1986-07,Stan Bush / “Weird Al” Yankovic,The Touch / Dare to Be Stupid,c574ccdb-1e22-4dcf-b142-b66ddf0fa4f5
1986,1986,Stan Ridgway,Camouflage,09d855c7-bf49-4582-97a3-456c1920c855
1986,1986,Stan Ridgway,Drive She Said,761198b9-fd33-4bd1-a827-0152c5c1589a
1986,1986,Stan Ridgway,Walkin’ Home Alone,aa4b0472-2925-400e-9726-1c20c981aab6
1986,1986-05,Stanton Miranda,Wheels Over Indian Trails,679fa2bf-38a7-42c7-addc-302314476453
1986,1986,Starter,Night by Night,ead147d1-ac78-481d-8c37-b19b7625abcd
1986,1986,Status Quo,In the Army Now,d962a558-3df9-3dc4-b6d0-56321b332512
1986,1986,Statuto,Io Dio,412f3a70-3072-44b7-b62f-cbf02d3a3bc4
1986,1986,Steady B,Cheatin’ Girl,9f52735e-7d7c-4a4e-b8c6-53db33a24f9a
1986,1986,Steady B,Surprise,b421f8f2-1a9b-43a2-8d59-d1ce6db54655
1986,1986,Stefanie Werger,Einsame Wölfe,5c8066fe-656e-43e3-9307-d00238a0c6a8
1986,1986,Stefanie Werger,Stoak wie a Felsen,24feb6b4-98eb-49d5-8671-3d9b15bc432e
1986,1986,Stefanie Werger,Zügellos und frei,b13aa67f-1c8a-42c1-845b-b86913756664
1986,1986,Steinski and Mass Media,The Motorcade Sped On,96a98b63-011c-4b6d-83eb-c73e9001042e
1986,1986,Steinski and Mass Media,We'll Be Right Back,68243d85-8510-4e86-8ea3-8d3c59de710a
1986,1986,Stella,De geboorte van m’n kleinkind / Als ik terug kijk op m’n leven,c15db85b-aecb-48b9-87a7-b0ab5b986a0d
1986,1986,Stella,In de nacht ben jij gekomen / De eenzaamheid deed pijn,6abeb1f5-a8d5-489d-937e-190bdc5ded08
1986,1986,Stella,Je zult me vergeten / Nooit meer,7afbc3fe-85d5-47a6-bff2-1e45e2615c20
1986,1986,Stella,Maar als je soms verlangd / Mijn afscheidsbrief,c57dd20f-7ede-496b-8c1e-e4e80a0e9ff1
1986,1986,Stepford Husbands,Seems Like Years,555a9491-bbe9-4983-8d38-136b025a5c4e
1986,1986,Stephan Eicher,I Tell This Night,e82f4aae-c169-4221-a613-1f8445aa3ffc
1986,1986,Stephan Remmler,Alles hat ein Ende nur die Wurst hat zwei (Krause & Ruth),dd53717f-aa9a-4375-88c3-600a978e1f5c
1986,1986,Stephan Remmler,Keine Sterne in Athen (3–4–5 x in 1 Monat) (Janet in Sankt Kathrein),c9c3f6c5-be4f-373f-a627-d940a0723cea
1986,1986,Stephan Remmler,Unter einer kleinen Decke in der Nacht (Das Kuschellied),c401ab51-b4de-4672-ac59-b3855aea919b
1986,1986,Stephan Remmler,Vogel der Nacht,a812b331-24cf-42f5-be63-2bc86e1e9960
1986,1986,Stephanie,One Love to Give,f9b47d3c-a1e7-4192-8b2d-ba86eca282bc
1986,1986-09-06,Stephen Wilton,Trains (Flowing Through My Veins),57a83602-a55a-4355-8fef-efc74ef10d83
1986,1986,Stereo Crew,She's a Skag,bb6ef54e-9ffd-4509-acb2-b70d1f159a6a
1986,1986,Steve Harley,Heartbeat Like Thunder,f0a2ea0a-1948-4a96-8333-9b2ae685c2b4
1986,1986-02-21,Steve Jansen & Yukihiro Takahashi,Stay Close,47ac7de1-87a0-46b0-ab87-45e2e3efc271
1986,1986,Steve Miller Band,Want to Make the World Turn Around,61563809-d229-4160-8ecb-9772eed25118
1986,1986,Steve Parsons & Babel,The Howling,16d78ea9-5ce0-49a0-aea7-4d93c364f9bb
1986,1986-05,Steve Winwood,Back in the High Life Again,d3f8916b-3bf7-4cd5-b4ea-eb1ee1e7e5e6
1986,1986-09,Steve Winwood,Freedom Overspill,bbc56dd2-4638-437b-b62b-d1df1bce765a
1986,1986-06,Steve Winwood,Higher Love,4e3edc4e-5bbd-41ce-8273-c4512f3e192f
1986,1986,Steve Winwood,LP Sampler,f8a5a21c-cab5-4e47-8d43-fb1c3a331094
1986,1986,Steve Winwood,The Finer Things,2cfaac50-58a1-45b1-9c99-588ee65b58c3
1986,1986,Steve “Silk” Hurley,Jack Your Body,9c1bb2af-3942-3486-a579-23a304d90336
1986,1986-08,Stevie Nicks,Has Anyone Ever Written Anything for You,406d8fe4-0ab9-4343-b6ef-b9086397f6e3
1986,1986,Stewart Copeland with Adam Ant,Out of Bounds,060e1662-93d3-4f2b-bf1a-fcd253a11dd6
1986,1986-01-11,Stichting Carnaval Nispen,Das pas bouwe,e21d87d8-0f9d-47c3-b403-ce7c79b494dd
1986,1986,Stichting Vastenavend,Uit de kunst,255b616c-a3d6-420e-8663-d9c4265915f0
1986,1986,Stichting Vastenavend,Uit de kunst,c5e8d982-30ca-4a8b-912f-a32bbc371825
1986,1986,Stiff Kittens,Happy Now,4f6112a3-43d5-433d-8370-bcd5b9d8a494
1986,1986,Still September,Midnight Arena / Been This Way For So Long,88124edc-c9c9-4446-a486-021f33d34e02
1986,1986,Sting,Moon Over Bourbon Street / The Ballad of Mac the Knife,aa633151-a5f1-4e87-a67f-4dc221e519aa
1986,1986,Sting,"Shadows in the Rain / ""Night Mix"" (medley)",5935c71d-fd9c-40dd-9f30-900dde1dc06a
1986,1986,Sting,We Work the Black Seam / The Dream of the Blue Turtles / Shadows in the Rain,c26f4be8-0032-4f4d-b503-737136806121
1986,1986,Stoney's Aphrodite,Sweet Inspiration,97b9aa3e-b83a-4ce9-9a52-bd0ced6d534c
1986,1986,Stop,Rendezvous,4cf7c622-b408-42d4-bca3-096dfad5038c
1986,1986,Straat,Mr. Caïro,7d7e764a-429d-42e1-8eb9-73f1057de252
1986,1986,Strangeways,Close to the Edge,238c1d0b-b819-4ebe-b666-39b1952e6ada
1986,1986-03-10,Strawberry Switchblade,I Can Feel,ccb0de6a-45f5-477a-af66-ba285ba65fc0
1986,1986,STUD,Mä haluun elää,0dc6c2be-78cc-4a31-9407-c3bdf11464e0
1986,1986-03-24,Style,Dover-Calais,18ba9a20-3aa8-4a7b-85c8-8cc344ecb82c
1986,1986,Stéphanie,Flash,f38853f9-fef5-468e-9ab2-a4aa7fec513a
1986,1986-04,Stéphanie,Ouragan,4f1e9b5a-3e3f-485c-8819-a94c3c2b1506
1986,1986,"Stéphanie, Sandrine et les Enfants de Bondy",Les bisous des Bisounours,a93fddfa-b094-473f-bfd2-9209ced8fe7c
1986,1986,Su Pollard,Starting Together,1158cc6b-37c9-421b-b8c6-690d1ad48f4e
1986,1986,Subject,Celebrate,7721832f-7977-40c5-8b38-132d46b611d7
1986,1986,Sudden Sway,Sing Song,6016b6ec-f11e-4acf-85d3-362022bad56a
1986,1986,Sugar,Can't Fight The Feeling,8a44cda5-eb88-4318-9128-dc2aa863fc53
1986,1986,Sunrise,"Rosie, ik haal je met m'n tractor af",ff099f60-0cae-42b4-b46b-c8a7a22f8df8
1986,1986,Super Kids,The Tragedy (Don’t Do It),3b86e564-1ed2-3e6e-8097-3ed2cdfb2d4c
1986,1986,Superfeucht,Feuerfest,b7ec6490-dfe1-41f6-9870-59251b78d620
1986,1986,Superfeucht,Ruhe vor dem Sturm,a0ef8457-c8ec-4e71-8e8d-d6bdfb82ea0b
1986,1986,Suzanne Vega,Gypsy,9296d19c-4dec-4d7b-bb3d-e0c2938b920a
1986,1986,Suzanne Vega,Left of Center,e3f2a60b-0cd5-3a60-8922-d94187ac5821
1986,1986,Suze Deluxe,These Arms,a64b4574-3da7-43f6-ad8e-1de7cbc044e0
1986,1986,Suzi Quatro,Lost in His Arms,e5c00f42-1b70-45fd-bd15-6ad063c4d5ad
1986,1986,Suzie Quatro & Reg Presley,Wild Thing,4b51b037-a13d-49d9-82c0-02d036b122f6
1986,1986,Suzy,Can’t Live Without Your Love,33e84bbd-f4e1-4d87-ad95-fc19ca4aa5af
1986,1986,Swans,Time Is Money (Bastard),eb433655-efe7-38f3-9ceb-c00f97ce0e3b
1986,1986,Sweet Sensation,Hooked on You,1b7cf770-648c-4bce-b024-5f1ecb7717aa
1986,1986,Sweet Tee and Jazzy Joyce,It’s My Beat,1e3856d3-9293-3462-86e8-6964b8079dc2
1986,1986,Sweethearts Of The Rodeo,Since I Found You / Chosen Few,f5210714-24e4-4d3d-84d1-d514476cb503
1986,1986-10-03,Swing Out Sister,Breakout,327d56f3-fca8-3965-b0c8-c3df132237a9
1986,1986,Swing Out Sister,Surrender,e9695e17-2b88-46ca-9883-3523e943d6f9
1986,1986,Swinging Soul Machine,Fire,47bd89e3-5421-453c-8c0b-8c51cc54ad24
1986,1986,Sword,Mirage / The Spy,899e15c8-ed3f-48c8-92ba-ad82effb8cfb
1986,1986-11-21,Sykurmolarnir,Einn mol’á mann,bdb6d8a9-3561-4347-be9d-162d04dede27
1986,1986,Sylvester,Living for the City,d79233ba-bdf3-4c55-b808-7b8f6d7bfa6f
1986,1986,Sylvester,Mutual Attraction,9423b9b9-734a-4d79-a46d-0e7f9f4a5982
1986,1986,Sylvester,Someone Like You,100972ea-0850-4835-aadb-c3f056722cb4
1986,1986,Sylvia,"Zwijgend chamois / Mon amour, I Love You",650e7c46-151d-4155-82ec-d64f9507949b
1986,1986,Sylvie Vartan,Rien à faire,41a3c9e6-132b-42bc-bd07-bfc46e90688c
1986,1986,Symudiad,O Bell Ac Agos/Heno Mewn Breuddwyd,25cd45df-c3da-42fc-a3d7-561d8af956ce
1986,1986,Synergy,Redstone,db8e5ad9-0eec-4728-b809-63645d949f37
1986,1986-12,Synthphonic Variations,The Snowman,256c9281-821d-4196-855a-94b1948b37d8
1986,1986,Sü-Vaal & Laufmasche,Ich will einen Mann,0d56bd8d-d841-4835-a618-ad3dedcca33b
1986,1986-07-04,T La Rock,Back To Burn,ec03873f-2a6f-4871-98de-fea54709876b
1986,1986,T La Rock,Breaking Bells / Bass Machine,de4b20d5-688b-4f40-af3c-e594b5de7a29
1986,1986,T.K. Dynamite,You Came to See Me Rock / Light Skin,60c75c96-f149-47c4-8984-8766a4f766bf
1986,1986,Tabù D'Apache,Colours,d03b2283-b598-46e8-9209-936b1bbf9c61
1986,1986,Take Off,Ready Steady Go,824ea87b-843d-4fcb-8bf9-8d840635f478
1986,1986,Take5,Liefde duurt,acb4b352-9c8c-4318-b846-eda992171266
1986,1986-05,Talk Talk,Give It Up,2b82c9bb-c658-41c5-9eaf-1324d27155a0
1986,1986-10,Talk Talk,I Don’t Believe in You,4eba7d9c-770e-4986-852b-113854ce1f2c
1986,1986,Talk Talk,Life’s What You Make It (Extended Dance Version),f49d082a-7045-413f-9546-09000f5ca97b
1986,1986-01,Talk Talk,Life’s What You Make It / It’s Getting Late in the Evening,057553ee-eda5-39a0-90cc-7e0c52aa2a31
1986,1986-03,Talk Talk,Living in Another World,4638a37b-e58a-4265-86aa-e482540bb8da
1986,1986,Talk Talk,Living in Another World (U.S. remix),df9d4d31-607b-47dd-83f4-f55ec042db70
1986,1986,Talking Heads,Love for Sale,0685ed00-520d-4be8-bea0-47ba40b71343
1986,1986,Talking Heads,Radio Head,50ed0d23-d365-356d-af64-e627d4d03508
1986,1986,Talking Heads,Wild Wild Life,62d52c75-5ff8-38c4-a4f4-68eefdf8604d
1986,1986,Tall New Buildings,Fashion in Your Eye,903d8d52-971e-49c4-afce-2b8fd7d8f572
1986,1986-06,Talon,Yr Hances Felen,f9cb95dc-3427-49ed-b840-1eeb5d707b7b
1986,1986,Talulah Gosh,Beatnik Boy,cba81e54-7e13-4615-adcb-6371321a1544
1986,1986,Tammy Wynette,Alive and Well,88b7d78e-d10b-4355-a02f-4eddbb550218
1986,1986,Tandy Morgan Band,Action!,f05e1313-3cb5-43cc-ac8b-7807996f11fe
1986,1986-08,Tangerine Dream,Dolphin Dance,9f30afb6-bd8a-4cb9-ad06-50cd10eac776
1986,1986,Tanya Tucker,Just Another Love / You Could Change my Mind,e6d8f13f-021c-4c4f-a1ea-1f5f29e10f3f
1986,1986-02-03,Tao Tao,Tao Tao,62a68bf2-0b49-4690-9853-ef9a5d0ca48c
1986,1986,Tapps,Don't Pretend to Know,f3199c09-fb89-4d9a-87ff-dec0def96657
1986,1986,Tasha,Don't Let Go,fd91a267-8a26-4f27-a5d4-6f58f555cb83
1986,1986,Tau Ceti,And I Wonder...,8e521538-7ded-403b-8eeb-37ca052e4f9f
1986,1986,Tavaramarkkinat,"Kevät / Kaduttaa, Mikko?",6657d98b-9984-47b7-b335-a60f4049e3f9
1986,1986,Taxi Girl,Aussi belle qu’une balle,8c206d3c-f1d4-4631-a4cf-72003f5c1c9b
1986,1986,Taï Phong,I’m Your Son,f6a709c8-0456-4a23-b786-64d2250d8493
1986,1986-05-31,Tears for Fears,Everybody Wants to Run the World,ca664f29-2079-4995-b036-b108fb298ca4
1986,1986,Tease,Better Wild (Than Mild),c4d68f6b-00f1-4ffb-9561-f44a103eae04
1986,1986,Ted Nugent,Little Miss Dangerous,7b911772-2f5c-447c-8b3c-ca781f1ccebf
1986,1986,Teena Marie,Lead Me On,bcf3ca54-94cd-46e1-8204-d2d31e495749
1986,1986,Teena Marie,Lips to Find You / Lips to Find You (instrumental),54be5b14-1da9-4508-bf8a-c28de29dc421
1986,1986,Teena Marie,Love Me Down Easy / Love Me Down Easy (instrumental),8438365b-2f5a-4d0b-9e18-8eeb1430c2d7
1986,1986,Teena Marie,Lovergirl / Lips to Find You,80cae798-480b-4b98-9831-612999ffff77
1986,1986,Ten Sharp,Last Words / White Gold,7afa6efe-6d2c-486a-9598-7cd75b9b8458
1986,1986,Ten Ten,When It Rains,5d920d27-8e00-4318-8438-5de0ac7c2318
1986,1986-12,Tendenz Fallend,Schwarz auf weiß,9ee5c14b-7ca1-47f6-beee-64e65c73953b
1986,1986,Teo,Formica d’estate,89aa1083-1873-4fbf-a6ac-a0728ce6fe89
1986,1986,Teresa Brewer / Patti Page,Music Music Music / Allegheny Moon,990bc0c4-5f90-4de1-bfa9-0755f1ebbdc7
1986,1986,Tesla,Little Suzi,94f28d1a-3f7b-458c-b08c-d5008a9429bf
1986,1986,Test Dept.,The Faces of Freedom 1 2 & 3,2b1197f2-73ae-4935-9d13-f63e58d1bc85
1986,1986-11-21,Tetsu 100%,Tokyo Taco Blues,e32d82af-6dcc-4124-b0d1-a6b442cd45c7
1986,1986,TFO,Friend of Mine,f689d6e7-e3b0-4b64-a53a-aba72ac7aa00
1986,1986,The 2 Live Crew,Trow the D. and Ghetto Bass,78e8059d-f4b0-3a74-818d-41e3655eb56e
1986,1986,The 2 Live Crew,We Want Some Pussy,8a317cd6-c37b-42de-860a-a7d2bde3a985
1986,1986,The A Foxxe Jam,Pizazz / Black Beach,add0a7e7-0338-4340-b1f1-7fd1d4f70862
1986,1986,The Ace Cats,Du nur du / Vielleicht,6a39d1f0-2d4b-45cd-b481-8255d4fbd66e
1986,1986,The Affair,Unbeatable,f9fd34a0-0fc6-4f23-bf33-ad229df39429
1986,1986,The Alan Parsons Project,La Sagrada Familia,4825eb1a-34b4-4707-bd1e-1839e86f83aa
1986,1986-09-05,THE ALFEE,ROCKDOM —風に吹かれて—,ceb370c0-5375-4ae6-9dbd-8127d31ee89a
1986,1986-07-05,THE ALFEE,SWEAT & TEARS,0c70f59d-d10d-4e2a-817c-838229f17a40
1986,1986,The Amazing Stroopwafels,Hallo Bandoeng / Indië terug,86ead8af-b2f6-4146-8339-ec63b209f36b
1986,1986,The Amazing Stroopwafels,Kees / Mooie melodie,c84114ad-2ff6-40c7-9d84-9a8e865a9c68
1986,1986-12,The Angels,We Gotta Get Out Of This Place,2ff9b2ae-7474-47f5-924f-a9e48e490fca
1986,1986,The Art of Noise featuring Duane Eddy,Peter Gunn,7948b1e2-87b0-36db-8d6a-2e0bf9f07c6b
1986,1986,The Art of Noise with Max Headroom,Paranoimia,19407c45-cae7-3bbb-b11c-4efe09eb141e
1986,1986,The B.B. & Q. Band,Genie,73cf6f24-3664-4e45-b2a7-9fb8c3970d5f
1986,1986,The B.B.C. Singers,Lekker Lallen,c4e53c29-8599-4600-bfd6-487c0edef993
1986,1986,The Backdoor Men,Going Her Own Way,0f828fac-9264-4a57-93e8-0a0681dd0e46
1986,1986,The Barry Gray Orchestra,Joe 9086 (club mix),4831bfb9-9fc1-4e3e-a475-1674414b00ef
1986,1986,The Bats,Made Up in Blue,55f0d9a3-568d-3c6b-b7a3-af0bd5d81f65
1986,1986-05,The Beach Boys,California Dreamin’ / Lady Liberty,5aec379a-a530-4e8d-a44d-2ca88940718e
1986,1986,The Beach Boys,Rock 'n' Roll To The Rescue,0490d788-10ca-435f-a194-e8a4dd95cb22
1986,1986,The Beach Boys,Rock 'n' Roll to the Rescue,e6b769b9-5986-4265-a2bc-580a2ba5dd2c
1986,1986,The Belle Stars,World Domination,cf0ef55e-6b4c-46f7-acdd-b4f9f600c846
1986,1986,The Beloved,A Hundred Words,8030e06a-afce-48c0-8198-f4bf926c2d0a
1986,1986,The Bible,Mahalia,0384e1fd-ef82-4dd9-a086-d4d8fc722164
1986,1986,The Bicycle Thieves,Ghost Dance,a822493f-2a5f-4d7d-82f9-66e8938b9a28
1986,1986,The Big Bopper,Chantilly Lace / Big Bopper's Wedding,bce3299b-6efd-4b1a-a292-a7b85eb78068
1986,1986,The Big Dish,Slide,6564e082-69bf-43fa-b706-dde08a7ff81c
1986,1986-11,The Big Gun / Basil Pieroni,You'll Always Give Your Best / Don't Ever Go Away Again,8d7e289e-5b87-4d76-9847-1483a93793ec
1986,1986,The Big Smoke,The American Dream,84a1c4f9-d6f0-40d6-9d30-f75ec0fb6afa
1986,1986,The Big Supreme,Don't Walk,da209c58-e4cc-49e8-8b0d-1cdebc8ec796
1986,1986,The Big Supreme,Let's Turn Our Love Around,af98cd53-8724-439a-8013-09a3e7307b40
1986,1986,The Bizarre Orkeztra,Midnight Show,9c848573-eb51-40b1-beb2-5bf63f07d976
1986,1986,The Blow Monkeys,Digging Your Scene,a5d0386e-bc7b-46d2-9ce1-7bf17929d323
1986,1986,The Blow Monkeys,Don’t Be Scared of Me,a35b60ec-d20f-4199-8fc1-a011acdb9a1e
1986,1986,The Blow Monkeys,It Doesn't Have To Be This Way,5e510197-5233-4e8d-a7d4-6d1412194996
1986,1986,The Bodines,Therese,d943a94d-05c9-4ae3-b043-c22ec3af0981
1986,1986,The Bollock Brothers,Drac's Back,af81432c-22a5-47be-b65f-58f11bd15758
1986,1986,The Bolshoi,A Way,22a0e8b8-fa5c-45c4-8f1b-5891dac3e73c
1986,1986-08-18,The Bolshoi,Books on the Bonfire,e51446d0-5a6b-4271-94cd-f486bceea0bc
1986,1986,The Bolshoi,Sunday Morning,077ffb8a-6e56-49f2-bdec-238b49c1722d
1986,1986,The Boomerang Gang,Dr. Jones,f9805f96-6f54-4903-8d5c-5aab863754e2
1986,1986,The Bridge,Shame Is a Girl,96031f10-9a6a-4927-880d-359cf947cfb1
1986,1986,The Brilliant Corners,Fruit Machine,70e0bdf1-c35a-42fe-bb20-8d030c3c19fa
1986,1986,The Broken Jug,Promised Land,65964669-321b-4332-9c14-2f44f60cd9bc
1986,1986,The Broken Jug,Promised Land,d099b5f3-6d7c-4408-aa1a-9edf4aef555c
1986,1986,The B‐52’s,Girl From Impanema Goes to Greenland,67c08f63-8de5-4f1f-a702-51456c1d6325
1986,1986,The B‐52’s,Summer of Love,32423370-119c-4332-8b7d-f9ac0fd21414
1986,1986,The Call,Everywhere I Go,9db5a047-5334-485a-acdf-4921e6e9bf3c
1986,1986-08,The Cassandra Complex,Datakill,18885b7d-8aee-4a0c-8951-56daada60e30
1986,1986,The Cavaliers,It's a Beautiful Game,5df55740-d28a-4edf-b660-9508adbb3e96
1986,1986,The Center for Disease Control Boys,We're The Center for Disease Control Boys,178a8d46-4495-4d01-8cd8-1c1544dbf358
1986,1986,The Chameleons,Swamp Thing,1d414334-04ce-4512-b299-427437d467a1
1986,1986,The Chameleons,"Swamp Thing / John, I'm Only Dancing",c2a9fc6e-bdf0-4873-beb1-f30c8467ff00
1986,1986,The Chameleons,Tears,79df5a82-491e-4ab9-a6e6-1d7dea113a67
1986,1986,The Channel,It's Alright,d99d72a0-bc85-42d7-9670-b2c55636f119
1986,1986,The Chesterfields,Completely & Utterly,007bb784-a672-3bc3-9e09-ad0ae793f204
1986,1986,The Chills,I Love My Leather Jacket / The Great Escape,685b67bb-345b-33f9-ac48-d9617d1ecae7
1986,1986,The Citylights,Marjolein,3037612b-d644-44d8-ba84-78abe5d4de03
1986,1986,The Clams,What's Wrong With This Picture? / Sad Times,dca34e04-bda2-4532-b876-a6d0ea57e85a
1986,1986,The Communards,Disenchanted,87d2ae9f-dc17-4854-9774-2270b7580174
1986,1986,The Communards,Disenchanted (Total dance remix),1ee18803-10d0-43fc-82b8-2c46e1b98399
1986,1986,The Communards,So Cold the Night,726ad2f3-faf3-4a3a-81f1-bdb943c3cc1d
1986,1986-05,The Cool Notes,Into the Motion,fb6fc4f0-420d-4401-8f99-a244f11d3b50
1986,1986-10,The Cool Notes,Momentary Vision,22f486d9-5380-42a1-b216-5542c3717298
1986,1986-01,The Costello Show,Don’t Let Me Be Misunderstood,d6091314-a70a-30ef-92dd-e3177feaaab5
1986,1986-03-15,The Cover Girls,Show Me,336c7a8f-0c11-45a7-96e5-3e213f3744c6
1986,1986,The Cramps,A Vicious Cycle,0119e78d-6cf2-4274-9cf5-8d2a4c83651c
1986,1986,The Creatures,Japan,f0826a67-b572-4f50-a43c-3cd86c3d2401
1986,1986,The Creepers,Baby's on Fire,fbfe9504-fc76-3615-84c8-2adc55923640
1986,1986,The Crystal Set,Benefit of the Doubt,36fb47b4-8676-30dc-894f-2ae3bfb40ce8
1986,1986-04-25,The Cure,Boys Don’t Cry (86 Mix),b4446578-2c0f-4452-b3b3-e30147005d6c
1986,1986,The Cure,The Blood,69579dfa-fb11-431d-b5d0-1c0bf1d7eae2
1986,1986,The Cynics,69 / Friday Night,c88f3779-ac69-4ab7-90d0-49be0de63d9c
1986,1986-11-06,The Damned,Anything,b49b97d5-9ae5-4d64-8273-9d550c3cf415
1986,1986-01-27,The Damned,Eloise,e012a7cb-d451-3cb7-824d-47f4f0a27465
1986,1986,The Damned,Gigolo,3bc087fe-9755-4434-a7f6-b71f3bfba4c0
1986,1986,The Dazz Band,Wild And Free,98173bf8-eb70-42ea-a02a-105d0ae87a6b
1986,1986,The Dirty Scums,Martens Jij Ouwe Rukker,bc04db9b-dcbe-41f3-ab8a-87dfb2a618f3
1986,1986,The Doobie Brothers,Listen to the Music / What a Fool Believes,07709599-f5ea-47cc-96fd-5f1ab15a826d
1986,1986-12,The Dry Halleys,The Dry Halleys,02e80812-12a2-496f-94d1-205be5004f03
1986,1986-03,The Durutti Column,Tomorrow,1fceae02-ccd9-3a67-a297-c1a403adab9b
1986,1986,The Dutch Rhythm Steel and Show Band,Bananen,bb87393a-3d38-42e1-b13b-bcc4eacdfb5a
1986,1986-09,The Edge with Sinéad O’Connor,Heroine: Theme from Captive,9ed88f72-137a-4c2f-8466-4c3102343bd1
1986,1986,The Endless Poker’s,The Poke,3f6868bf-0107-3737-8714-9bb3ac766b95
1986,1986-12-08,The Fall,Hey! Luciani,9a727b8d-116f-31d8-8324-ebee223e261d
1986,1986-07-07,The Fall,Living Too Late,51b17e6c-55b0-38dd-ad99-588a3351b0cb
1986,1986-09-01,The Fall,Mr. Pharmacist,e681e3cb-502e-3c82-9887-74f0e4d44edd
1986,1986,The Feel,It's All Right It's O.K.,868c3652-2e68-467b-a0f8-0c6e11ec813b
1986,1986,The Fixx,Built for the Future,127ea305-f40f-40b9-910d-126cba4e192a
1986,1986,The Fixx,Secret Separation,ffa2ca76-2d79-4540-b141-ffa13dc3b990
1986,1986,The Fizzbombs,Sign on the Line…,8f6ee760-0972-4b26-862b-4d7036acabf7
1986,1986-01,The Flaming Mussolinis,My Cleopatra,86dc117b-f3d0-403b-8714-4a76c225f9b7
1986,1986-09,The Flatmates,I Could Be in Heaven,6f24b1e1-5fc1-3a1e-b5f1-f7896366a4a9
1986,1986,The Flirts,New Toy / I Wanna Wear Your Ring,67ee4cd8-6fc4-4ed0-a532-0bc59e83c511
1986,1986,The Flowerpot Men / The Blue Room,Beat City / I’m Afraid,58981fb4-7ff3-4f9a-8026-e62dc633673d
1986,1986,The Fountainhead,Rhythm Method,1c086edd-0bce-4556-b6e9-a987d305fb43
1986,1986,The Georgia Satellites,Battleship Chains,3705b339-c412-4c8a-b461-d4be22a6a2d9
1986,1986,The Godfathers,Sun Arise,c1ed8e43-f33f-3d0f-8f65-2b6daeeb959b
1986,1986-03-21,The Godfathers,This Damn Nation,fc9e1260-dfb6-4150-a021-37a7ec818ce3
1986,1986,The Golden Palominos,The Animal Speaks,3a9e6268-790d-4d68-a236-b4cf59735000
1986,1986,The Gorehounds,Necrosis / Voodoo Priest,beaeb9a7-a9b9-49d5-adcc-79fcd0bea60d
1986,1986-06-02,The Go‐Betweens,Head Full of Steam,ed06ddd7-340e-3f7f-a219-f058e55dfb64
1986,1986-02-17,The Go‐Betweens,Spring Rain,ff63dbbc-c8f6-42f7-932f-59429cf1f30f
1986,1986-08,The Go‐Betweens And Empire State,Music Station Records Volume 1 No. 2,9f303b25-6470-49fb-8744-c957e40e15dc
1986,1986,The Gramacks,Hot Music (Chaud Y Chaud),c2ccabf7-61f5-4d23-ac01-0a47537d2586
1986,1986-05,The Green Pajamas,Kim the Waitress,f20b0e08-65c6-42a4-a22f-d115bc068927
1986,1986,The Highspeed V,Baby,bfc21294-2892-4e9d-bfd7-68c85819776c
1986,1986,The Hit Parade,See You in Havana,5b3e8c63-58d7-3938-b616-fd56123c14f4
1986,1986,The Hood,Tough Guys Don't Dance,0e713c26-0d56-4b7d-985b-98473071b8b7
1986,1986-04-21,The Hooters,Day by Day,182568d3-cbf8-4be7-b34d-e1f4bcae9508
1986,1986,The Housemartins,Caravan of Love,db258c6e-3d3d-323d-8271-c7f11be95ac0
1986,1986-11,The Housemartins,Christmas Box,4ae67726-4bcd-4e4f-a282-f46a3ca4b4ee
1986,1986,The Housemartins,Happy Hour,b548596a-9165-3088-a137-4d5341656fe4
1986,1986-03,The Housemartins,Sheep,8c41548f-69cb-3b29-a7f8-f705de453a50
1986,1986,The Housemartins,Think for a Minute (new version),e6156960-cdb1-4034-a700-eec8af4685ed
1986,1986-09-08,The Human League,Are You Ever Coming Back,852a6af9-10a2-4855-9650-04cd8e8871c2
1986,1986-08-11,The Human League,Human,60aa3d0d-aaa4-4bbb-b6d1-2ba92c72768a
1986,1986,The Human League,I Need Your Loving,d2051abe-485e-4a26-8b1b-cb354637f129
1986,1986,The Human League,Love Is All That Matters,12dd21f6-a1e8-4c7a-a1f7-0a10ad953224
1986,1986,The Human League / Kirlian Camera,Human / Ocean,a812cc07-7f05-36ae-9165-bdb57825b20c
1986,1986,The Icicle Works,Understanding Jane,61f6cc5f-34d5-4232-bc89-111f2ae99a09
1986,1986-09-22,The Icicle Works,Who Do You Want for Your Love?,71eed6ac-d201-4968-875f-833a60585a1e
1986,1986,The Immortals,No Turning Back,6fa35659-1fa3-4bf9-a20c-76b0c8d38262
1986,1986,The Incredible Mr. Freeze,Back to the Scene of the Crime,00572352-c3ae-4a66-b975-24a9e6f1dfa2
1986,1986,The Invincible Limit,Locate a Stranger / Push!,740e4aa0-f8f6-4f60-8c5a-9c2600a1852b
1986,1986,The Invincible Spirit,Push!,4d651f9b-ae65-42ef-995d-0cf12e97bae4
1986,1986,The Invisible,Love St.,c28d2fe6-d254-48d2-92d6-6a6063582b61
1986,1986,The It,Donnie,42af908b-b0f4-429c-abd6-98ee196c6836
1986,1986,The Jamaica Girls,On the Move,f14159af-64d2-4161-bcbd-87b6cde80fde
1986,1986,The Janitors,Good to Be the King,f27c4ba4-0413-3d29-9310-6e42085802f3
1986,1986,The Jasmine Minks,Cold Heart,f10b73da-5472-4e91-90db-8f9192da399e
1986,1986,The Jazz Butcher,Hard / Grooving in the Bus Lane,819ad8ce-8d47-46b7-9181-4a010c0e6b94
1986,1986,The Jazz Butcher Conspiracy,Angels,84de25bb-144a-4bc9-8da0-59eb07ba0ce7
1986,1986,The Jazz Butcher Conspiracy,Christmas With the Pygmies,7155c3a7-3f5e-410f-bcd0-5c65c087a8a5
1986,1986,The Jesus and Mary Chain,Blues From a Gun,3c2d0030-5b13-361a-a765-d2c1852687e8
1986,1986,The Jet Black Berries,Kid Alaska / Tomb Of Love,6bb7de37-4af3-4140-9cfb-5b6356efd6cd
1986,1986-03-12,The Jets,Crush on You,431ba30a-4c80-4ba0-bf0e-66d60f5d5478
1986,1986-03-12,The Jets,Crush on You,bc7573a9-871d-4ffe-8390-278465dbdbeb
1986,1986,The Jets,Private Number,25f84f54-f013-4414-8819-b7dce3579d0f
1986,1986,The Jets,You Got It All,1b7fb170-5954-445d-b126-f2988445e185
1986,1986-01,The Judds,Grandpa (Tell Me 'Bout The Good Old Days) / Drops of Water,730dcf9c-0030-480b-86ad-6fbd5efb0e43
1986,1986-08,The Judds (Wynonna And Naomi),Cry Myself To Sleep / Dream Chaser,5cb50e8a-90b6-4798-b7e4-447051b8bca9
1986,1986,The Junkyard Band,The Word / Sardines,d8e6d9ca-31fe-3ef7-bb1b-32c1617fc157
1986,1986,The Keepers,Notty Girl,609e6aa6-b665-43af-8f30-28a3de2db25f
1986,1986,The Ladder,Double Shot of Love,fd34208d-e4b0-4849-a19d-f2fd7c7f1657
1986,1986,The Larks,Billy Graham,b2242957-adc3-4b54-ae20-1b12c77f472b
1986,1986,The Late Howard Hughes un The Western Approaches,Buffalo Bill (Part One),c8dec531-90df-45d8-ae90-d0193b6bb517
1986,1986,The Leather Nun,Gimme Gimme Gimme!,cac92cd6-4650-434a-b770-9ab556268ac5
1986,1986-10-01,The Leather Nun,Pink House,9f431073-e2eb-4527-8cd4-f0b9613ead15
1986,1986,The Legendary Pink Dots,Curious Guy,288bcc2c-1fcf-47da-a4ec-431dd53a67a4
1986,1986,The Lover Speaks,Every Lover’s Sign,1a04d050-58ff-463e-aa72-feab85651285
1986,1986-02-24,The March Violets,Turn to the Sky,c673bd5b-18cf-48c4-a5c7-10a10f99aa68
1986,1986,The Matchroom Mob with Chas & Dave,Snooker Loopy,d520d59f-967a-4f84-890d-892aeee2a008
1986,1986,The Max Him,Melanie,98e1a343-bbdb-4cb2-a141-51f69b2f62f0
1986,1986,The Membranes,Everything's Brilliant,24b7002e-704f-3d0c-9e29-80f11ff6704e
1986,1986,The Men They Couldn’t Hang,Gold Rush,de9efe22-7479-4f5e-83cb-db29b3e513b3
1986,1986,The Men They Couldn’t Hang,Shirt of Blue,379f27d4-f68c-4cb0-99fe-74287e201642
1986,1986,The Meteors,Archive4,1b678dd5-2dae-4fce-85f6-f88ec06903d7
1986,1986,The Meteors,Surf City,115cbbad-a5d4-3e01-b7af-43609a0950a7
1986,1986-10,The Mighty Lemon Drops,My Biggest Thrill,1c0d52ce-a7b3-4550-97de-7a53f070a6f6
1986,1986,The Mighty Lemon Drops,The Happy Head Demos June 86,979d9b83-7504-4aa0-96bf-7c4dd0c493a3
1986,1986-08,The Mighty Lemon Drops,The Other Side of You,ed00f256-2443-44f1-a246-11dffc87c8c7
1986,1986,The Missing,Spirit,2102ae97-ded6-42eb-853f-8ad280b3f18e
1986,1986,The Mission,God Fearin’ Man / From Another Land,cd11f257-c14b-4e2a-878c-10a8749a3d1a
1986,1986-05-09,The Mission,I,62c50c76-3a74-30ec-a96a-2ddbb6fbf52d
1986,1986-07-14,The Mission,II,27b87c7d-b372-34b5-8efd-50b2de25a7c2
1986,1986-10-10,The Mission,III,55112987-100d-3058-86e5-c74dc7f5405d
1986,1986-09-21,THE MODS,BREAKIN' MY HEART / TROUBLE JUNGLE,a9296abd-e547-4b77-8a17-b1595441c8c3
1986,1986-07-21,THE MODS,READY STEADY GO,3428128d-e78c-4960-933c-ccb38844fda6
1986,1986-04,The Moody Blues,Your Wildest Dreams,1911fe88-0930-3048-9d5f-b20773617dbb
1986,1986,The Motive,Miss You So Much,b247f663-bef1-4248-851e-5149c845cd2c
1986,1986,The N.M. Band,She Wants,6d07546d-70e0-48a3-8720-7b9145c37a39
1986,1986,The Narcs,It’s Got to Be Love,dca9f023-0ccc-4a77-bc1c-06dc58b73346
1986,1986,The Neon Judgement,Awful Day,64c3a267-f554-4ac2-97e5-1dde03718f57
1986,1986,The Neon Judgement,Voodoo Nipplefield,3b2bbf4c-01cb-4ea9-adad-17d240c10d37
1986,1986,The New Four,"Ik wil zo dolgraag met je meegaan / Niet voor een avond, niet voor een nacht",f5ee1c1e-0255-4730-b404-1e51073cec30
1986,1986,The New Four,Vriendschap voor het leven / Eindeloos verliefd,d3f6bbec-c600-48ac-9150-df04111a4d06
1986,1986,The New London Chorale Featuring: Vicki Brown,Stay With Me 'Til The Morning,0cb9285b-1049-4f09-9c39-c95469783e8e
1986,1986,The Nightingales,Zo vrij zijn als een vogel,dc1369aa-4650-43fc-b254-5f68d4ffb6a4
1986,1986,"The Nightingales, We’ve Got a Fuzzbox and We’re Gonna Use It !! & Ted Chippington",Rockin' With Rita (Head to Toe),f972228c-23e9-31c0-9845-8434ff57fece
1986,1986,The Odolites,Chimes,19de155b-00fb-4f99-988d-6103632fbf05
1986,1986,The Office,Your Loving,e20ebbe1-774a-4092-b29a-5e502222483c
1986,1986,The Offspring,I’ll Be Waiting,da902f01-25eb-3f2c-b58a-6f24d17d2bdf
1986,1986,The Oinkletts / Uncle Pigg,Oink,fd1939a2-ef7b-381b-83ec-8f48a0a1ff4a
1986,1986,The Optic Nerve,Ain't That a Man,43a3a13a-23d7-3d87-97aa-2fcbb09d7f4b
1986,1986,The Original Sins,Just 14,de8f1829-496c-41cf-90b0-71f6851bed79
1986,1986,The Outfield,All the Love in the World,3db4e3cb-9458-4304-b9f6-83e757f12d84
1986,1986,The Oyster Band,Hal-an-Tow,c04ccced-499f-45ca-8f41-d0f90a066014
1986,1986,The Oysters,Mine Caroline / Tell Me,245d8039-d392-4c57-85f8-6de2babbe5b0
1986,1986,The Painted Word,Independence Day,769398ad-22e4-44a8-be0a-ac1b7e742774
1986,1986-06,The Pastels,Truck Train Tractor,038a696b-2b70-3bc3-9801-01213e110fed
1986,1986-08,The Pogues,Haunted,f599e7d4-ba49-474e-98f1-16020e756887
1986,1986,The Pointer Sisters,Back in My Arms,44f2a752-c58d-43d3-8b7b-8ad44ed8810b
1986,1986-10,The Police,Don’t Stand So Close to Me ’86,dc45ce06-e631-40cf-9d1a-bf82587abb86
1986,1986,The Preps featuring David M.,Hot Box,dd1d4784-91dd-4af4-9c87-e61d71cc089b
1986,1986,The Pretenders,Don’t Get Me Wrong,c7b5c34f-86e6-4829-9ac3-45c53ffd927b
1986,1986-11,The Pretenders,Hymn to Her,cc3cde49-d5ce-407f-bac6-b57f5399b6fd
1986,1986,The Primitives,Really Stupid,351e60fb-d0e6-4900-a271-3c7e8d08716e
1986,1986,The Primitives,Thru the Flowers,65f0b234-02d6-311f-aefe-e4dec6c20957
1986,1986,The Prisoners,Whenever I'm Gone,a98d52c6-153f-4bf6-bfb7-c62d4e3ad47d
1986,1986,The Psychedelic Furs,Angels Don't Cry,bfe0207f-2b80-3233-9d91-4d049aa38231
1986,1986,The Psychedelic Furs,Angels Don't Cry (New York mix),8438b8fd-e62f-48c3-bb7f-e0bd210a6982
1986,1986-09,The Railway Children,A Gentle Sound,aa3665f6-de0c-3604-964c-116c2dccca63
1986,1986,The Rapsodies,Oh Martino,bf5631fb-3d6e-4d54-a69a-46c0535dbc04
1986,1986,The Rapsodie’s,Kleine Marion,046956b0-066a-44b8-8ee3-f310597010a4
1986,1986,The Rapsodie’s,Mariandel,a59fc7e1-2d97-49ea-9d42-ba71793c81d6
1986,1986,The Raunch Hands,Black Jack,3914207b-a58f-4ab6-bfc3-ccb6299e47b4
1986,1986,The Real Roxanne with Hitman Howie Tee,(Bang Zoom) Let’s Go Go,fad7dc39-691e-45ff-a1b6-5f0dbaa4ebbc
1986,1986,The Red Beards From Texas,Gudbye T' Jane,6ee41ea1-f1d9-49a9-b9ea-481247552c97
1986,1986,The Red Beards From Texas,I Saw Her Standing There,35df43f4-640d-4222-8e60-3f299abbaf1c
1986,1986,The Red House,Through the Rails / Rain,2698806b-6f96-3329-815e-81bd12721729
1986,1986,The Red Lines,Sulla strada del duemila (The Moving Generation),971a0894-8d66-42da-af48-b901258a5ec0
1986,1986,The Redskins,It Can Be Done,59b0ff2d-e007-346c-9bbc-1d94c7c66f8f
1986,1986,The Reform,C.I.A. / Gimme Your Love,cd7ee2f3-caf7-438b-a297-d74efdf79c17
1986,1986,The Remarkables,Vegetarian / Skin Condition,0e7ddada-ef2f-47ec-aa35-023667870816
1986,1986-06,The Residents,Earth vs. the Flying Saucers,f6ead131-8963-4fb8-a067-ac56feba854e
1986,1986,The Residents,Kaw-Liga,e4f74f4c-ab7f-448d-b47c-10e8ae402f42
1986,1986,The Rhymney Silurian Male Choir,Fiesta Mexicana,bc15d65b-2222-4317-b06d-d422b104749d
1986,1986,The Riffs,Fortune-Teller,d8cebb15-e6d0-496c-869d-e1add4780c78
1986,1986,The Riflebirds,Dreaming of a Kiss / A Thousand Days,eba4f3af-6359-494e-9f85-107b18c1e2b2
1986,1986,The Righteous Brothers,Unchained Melody / You've Lost That Lovin' Feeling,557af810-b97d-4341-a21b-987b11507e62
1986,1986-02-26,The Rolling Stones,Harlem Shuffle,032dde47-75ef-37ec-acd4-ba19e9a12872
1986,1986-05-20,The Rolling Stones,One Hit (to the Body),5b6149b2-96b0-4b96-9a51-b07c66579bb3
1986,1986,The Rolling Stones,Winning Ugly,9f65e1c3-5e45-414c-bedc-5f53a3a97e9f
1986,1986,The Rolling Stones / Eighth Wonder,Harlem Shuffle / Stay With Me,88803d18-6816-4c48-8091-a22b245d616d
1986,1986,The Roosters,STRANGER IN TOWN (SUPER MIX)／THE ROOSTERZ MEGA MIX,849da064-fc56-4589-8e71-ce5c8136a95a
1986,1986,The Rose of Avalanche,Too Many Castles in the Sky,21f42f31-f2cf-400f-a014-9ae2b973a15d
1986,1986,The Rose of Avalanche,Velveteen,2ee92f19-5dda-4592-a021-2416ee7b7b05
1986,1986,The S.O.S. Band,Borrowed Love / Weekend Girl,6294d02d-a6a2-446a-b235-971a9e25f3d3
1986,1986,The S.O.S. Band,Even When You Sleep,12eb83cc-196e-48f3-85d1-828b54be47af
1986,1986,The S.O.S. Band,The Finest,2e091745-d617-337f-b18e-756d8add7e83
1986,1986-03,The Sadist,Onapet,fcfb639c-80ee-3d5b-8f4b-408f486e68c4
1986,1986,The Screaming Blue Messiahs,Smash the Market Place,48ef1a68-b829-4f80-ab73-12520eac4527
1986,1986,The Screaming Blue Messiahs,Wild Blue Yonder,fd290401-889e-48be-a0e0-1c59c980728b
1986,1986-11-01,The Shamen,Young Till Yesterday,9bf9ab8c-cd73-4d65-b7cc-7ad39350c8ef
1986,1986,The Shorts,Maar toen kwam jij,5b790e0f-b824-4060-b783-2fdfc9a3f889
1986,1986,The Shorts,Verboden toegang,5bf4cee3-43f4-45ef-a177-2bef2d75b7ab
1986,1986,The Showboys,Drag Rap,62926b8a-347c-3b55-9bd9-3f145aad04f0
1986,1986,The Singing Fireman Graham Walker,Welephant,09ff9269-d8ca-40cb-8ddf-3c26cdc2b1d0
1986,1986,The Singing MC Breeze & Hand Master Flash,Another Sad Song,51cffbf9-2801-4552-8c3f-8c795e712b3a
1986,1986,The Sinister Cleaners,Goodbye Ms Jones,f56006cc-a090-4c37-9e88-9df221bb093e
1986,1986-01,The Sisterhood,Giving Ground,2650ffe3-f60f-3e26-b7cb-8602466c1365
1986,1986,The Smithereens,Blood and Roses,1cfe5927-a1c4-474d-99a0-f4d3a8e55743
1986,1986-10-20,The Smiths,Ask,700e2651-fa87-39dc-b56d-89f9fa2a4317
1986,1986-05-22,The Smiths,Bigmouth Strikes Again,2d3e6e37-f376-459a-8b5a-89138708116a
1986,1986,The Smiths,I Started Something I Couldn’t Finish,abbedf44-264d-3f72-9555-9272c5ab1ed2
1986,1986-07-21,The Smiths,Panic,e86ff14b-6ead-3161-9baa-5219b7c11cdd
1986,1986,The Smiths,Some Girls Are Bigger Than Others,144834b7-8502-3555-926b-f29ba5c21f60
1986,1986,The Snake Corps,Testament,aadb7592-bf17-450c-9064-38fe3199f267
1986,1986,The Snake Corps,Victory Parade,9fe5c34f-6434-4d34-a463-38a6bee419ca
1986,1986-06,The Soup Dragons,Hang Ten!,fa395966-7f97-35ad-a711-4362373cb6f2
1986,1986-05-30,The Soup Dragons,Whole Wide World,b06e30b8-5ba0-3167-96c0-ff39557c91a2
1986,1986,The Source featuring Candi Staton,You Got the Love,24b07839-3a80-4529-a65f-ba49553730a7
1986,1986,The Spotnicks,Indigo / Maybe,b6150d56-eff5-4e26-8d1e-11d2452f2efa
1986,1986,The Springfields,Sunflower,e5f742ee-9eb8-3e8a-b8b5-b1bb71182288
1986,1986-03-05,THE SQUARE,Drop Goal,ac8ad68e-5a1c-41b7-adad-7839e140e5a9
1986,1986,The Stage,Dancing Days,f2065b9f-e8fd-47a2-bdec-8c37a63acc99
1986,1986,"The Stereos, Horst Jankowski",I Really Love You / A Walk in the Black Forest,11b004c8-2e12-4d7a-8fb0-c1f024090519
1986,1986,The Sting-Rays,Behind the Beyond,6cdc3a63-015e-4ca0-8785-27b09235b63d
1986,1986,The Sting-Rays,June Rhyme,3f4117e5-070b-4ca1-9301-840c0318920a
1986,1986,The Stitched-Back Foot Airman,Wouldn’t You Like to Know,f3ff62d0-4b69-41ed-b136-465179d2c6b6
1986,1986-10-06,The Stranglers,Always the Sun,85a00bab-48b7-4869-abef-2733e4281bc3
1986,1986,The Stranglers,Big in America,f4a1c5ec-67a2-4d38-a203-6b6ec656d30b
1986,1986,The Stranglers,Nice in Nice,cd3d2572-121c-47a6-98c8-9d05c9d10b66
1986,1986-01-22,The Street Sliders,Angel Duster,19415fe8-1187-4068-816d-847cec1e4baf
1986,1986,The Style Council,(When You) Call Me,44295c2a-8daa-4c5a-80d7-2d593c752c1d
1986,1986-03,The Style Council,Have You Ever Had It Blue,21247066-a2aa-44ad-978f-69665014abe4
1986,1986-09,The Suburbs,Heart of Gold,1b1834cb-4c6f-405c-bc71-383790a4044c
1986,1986-06,The Suburbs,Life Is Like,e851e070-472b-4bc5-a8a1-3c29aa080092
1986,1986,The Suburbs,No. 9,6176bcbc-dbf1-463d-a32d-d17ed4d21e90
1986,1986,The Sunstreams,Heb ik jou verloren / Ave Maria,73fb0794-4e23-4b73-a746-517eaaf0ac4b
1986,1986,The Sunstreams,Zomerwind / Voorgoed voorbij,15db316c-63c4-4123-bfae-0f276ac1d047
1986,1986-07,The The,Heartland,dabb5053-d8b4-48e6-b3b8-f1e7093735ec
1986,1986-11,The The,Infected,67dd344e-9415-4131-ba70-a5b07a93e77c
1986,1986,The The,Slow Train to Dawn,8130668f-de6b-4d79-a832-57396c4723a0
1986,1986,The The,Soul Mining,61d02bb2-3d97-42fe-9326-457094a0de7b
1986,1986,The Thought,Alex,60afce5f-8f50-43ac-ae21-3abbb21dce61
1986,1986,The Thought,Shine,67607d36-93aa-4c73-a3a5-76144272ec8c
1986,1986,The Three Johns,Sold Down the River,7db4db11-7b19-312a-b33d-1c8eee5f76b6
1986,1986-07,The Toy Dolls,Geordie’s Gone to Jail,a39ce580-f31e-3003-976b-f09ab1001a11
1986,1986-02-17,The Triffids,Wide Open Road,e6da8b7b-9db4-3436-b348-46db829323c6
1986,1986,The Trudy,Captain Scarlet,5a5bb6dc-6ced-4e6a-8323-e08f70565b26
1986,1986,The Untouchables,Freak In The Street,49fc30f5-59a4-450d-8a87-b8c9ed08c4bf
1986,1986,The Verlaines,Doomsday,abfa248b-31e6-48f3-b0ea-f355180d3842
1986,1986,The Very Things,This Is Motortown,3a406465-5524-4f08-afe8-9cf4eb25558b
1986,1986,The Vyllies,Ahia,9d66f3fb-bc1d-4a79-8c29-b62b52431b76
1986,1986-09-22,The Wallets,Totally Nude,820c312c-ef64-402f-a399-48e5e9290b21
1986,1986,The Ward Brothers,Cross That Bridge,f4c73b63-39f4-49a6-aedd-b71f0269618c
1986,1986,The Weather Prophets,Almost Prayed,a2d5ccf4-e802-4989-ac7e-91f035ef4b62
1986,1986,The Weather Prophets,The Weather Prophets,7ccaeb57-2d4a-4744-a695-ee0905f65953
1986,1986-06,The Weathermen,Take It Off!,a75b704a-e50c-3c38-98cc-c119481d7cac
1986,1986-03,The Weathermen,This Is the Third Communique From the Weathermen,dd69556a-0872-30c0-8259-29aec24b51ca
1986,1986-02,The Wedding Present,Once More,0f205553-62ec-37ca-b543-d6f5162b65de
1986,1986-07,The Wedding Present,You Should Always Keep in Touch With Your Friends,bdb8a369-ffb3-3e1b-9004-2608986a475e
1986,1986,The Weeds,China Doll,605d2fe8-a251-4a2f-9516-826a2a43bc40
1986,1986,The Windbreakers,I'll Be Back,7a773ce0-2282-4577-ac3a-411be988677e
1986,1986,The Window Speaks,In The Land Of Christobal,ee1e55c1-eb55-45d6-b5db-704cc1450870
1986,1986,The Wolfhounds,Cut the Cake,e54cf871-e373-4172-9b93-2ac00dbe977d
1986,1986-09,The Wolfhounds,The Anti-Midas Touch,db38caba-691a-4605-9a35-cae650142425
1986,1986,The Woodentops,Everyday Living,ce2f79ec-fe62-4dfe-b6ed-4cf41b9a9e59
1986,1986,The Woodentops,Good Thing,9acc1d9a-92b5-403e-8e1f-145aa44cdd1c
1986,1986,The Wreckery,No Shoes for This Road / You Is My Smoke,1bafdac7-f3d5-3d0b-a514-7e68cf73ace7
1986,1986,The Yéh-Yéhs,The 7 Kings of Rock & Roll,461952a6-e5d1-4bd0-a082-96403ab6886d
1986,1986,Thee Roman Gods,Panic,bd82d1db-fd34-4449-8bca-3c91e3d625b3
1986,1986,Then Jerico,Blessed Days,59ce40a9-57c8-4359-a8d4-c033f5538375
1986,1986-03,Then Jerico,Muscle Deep,d042b3d4-03d4-3dcb-bcfc-0fd269aa5ce7
1986,1986-09-09,Then One Day,Then One Day,84fe9bfa-baac-4f9a-b970-d13150fcae05
1986,1986,Theo,Don't Go Talkin' About Sharon,b674426a-512a-4bbc-8793-70536aeae223
1986,1986,ThereisnoOrchestra,Kyss dina pojkar adjö (Lev med mej),0ae3fe25-e897-4741-a29b-7654df0b3744
1986,1986,They Might Be Giants / Joshua Fried,[untitled],3794b177-b5c6-45fc-8386-e8389331a465
1986,1986,Think Twice,You've Got My Heart / My Destiny,70defe46-e9d2-4d54-9dfd-75dfa8c20e4a
1986,1986,Thinkman,The Formula,af49e970-4349-4b6a-b9ed-4282b9322cb9
1986,1986,Third Circle,Last Night Was the Best Night of My Life,f52ad7f8-218d-487f-ab34-3ad305199ea5
1986,1986-09,This Mortal Coil,Come Here My Love / Drugs,27717063-0136-4795-9138-9b68f30fb189
1986,1986,This Poison!,Engine Failure,1ee6e5e4-81b3-39ae-a7e8-9e822d92bc2a
1986,1986,Thompson Twins,Nothing in Common,1b9f97e3-a67b-4872-bdbf-08f3178edaf8
1986,1986,Thrashing Doves,Matchstick Flotilla,9d66edaa-a10a-4013-81a5-c2b1665d0886
1986,1986-07,Three Chord Wonders,Honky Tonkin’ Mammas / Nobody Nose,c93094ea-5fde-49dc-94a4-cba174dd8a62
1986,1986,Three Of You,Grace,ea1fce09-eadc-4760-bcb1-8d85ab2739d7
1986,1986,Thrill Of The Pull,Green To Red,44a80788-70c7-42f5-be4e-a0c79a4ac58d
1986,1986,Tia,Baby Talk,3a796be8-d289-42ea-af10-86211305e3f9
1986,1986,Tia,Boy Toy,0497810e-e9d1-4367-a1d2-d2aa3f17eb06
1986,1986,Tijuana,Mi agonia / A solas contigo,a4b15728-5bdc-4dd6-ac4f-5e13fba30184
1986,1986,Tim Feehan,Where's the Fire,aa4c924d-7996-34e6-95c2-a694d457724e
1986,1986,Tim Finn,"No Thunder, No Fire, No Rain",6b6f7184-93cc-4e01-abe7-f442d4b65599
1986,1986,Tim Mayo,In Mexico,83e8b809-8873-4104-a740-ed4673538d93
1986,1986,Timbiriche,Quinceañera,2ae770ee-8a87-475a-8932-b65fd52509f4
1986,1986,Time-Out,Colorado (Ned. versie),2dc0a473-cb1c-4e8b-aeb6-4107ab93a9d8
1986,1986,Timex Social Club,Mixed Up World,6ee5ac3e-5e7a-34df-83d0-bf37837e1b03
1986,1986,Timex Social Club,Rumors,af77d1fb-37a6-3e31-b1b3-c2d8da01b46d
1986,1986,Timex Social Club,Thinkin' About Ya,6fec5326-e91a-4de0-bc4a-a161011c2457
1986,1986,Tina B,Honey to a Bee,cde0e97f-e875-4559-b63e-4739eb51d05a
1986,1986,Tina Rosita / Jan Petat,Het lied van de bergen / Ratatatata... Al heb je ze blauw,9cc516b1-4f16-4c6c-96c2-3ad8975c4a4f
1986,1986,Tina Trucker,De hele wereld zien,a4e86731-9407-436d-a58c-aa1910622b63
1986,1986,Tina Turner,Afterglow,8ac60d55-b526-481b-b256-e3dfc42993de
1986,1986,Tina Turner,Girls / Take Me to the River (extended version),dfd99d25-fff1-4f56-8d10-c2c13d851eda
1986,1986,Tina Turner,Two People,6c6d97a5-035d-41e3-b522-e09f32cbd5b0
1986,1986-08-30,Tina Turner,Typical Male (dance mix),5dae9849-fefd-4b5e-8c10-f5e2d6a77be1
1986,1986,Tiny en Pierre,Weer opnieuw verliefd,0407d550-224f-4b7c-8e27-01245fac2cdc
1986,1986,Tiny Kwakman,20 rode rozen,cb6cadd9-ffe4-4f37-9663-26bbc3c1280b
1986,1986-04,Tippa Irie,Hello Darling,3b4f0b69-de75-4145-b2a4-84b4c7814a56
1986,1986-07-01,TISM,Defecate on My Face,5a6ce1dc-439d-46fb-96c6-7f54b5b816ae
1986,1986,TKA,Come Get My Love,82a9550c-744d-47fa-855f-018e918caebb
1986,1986,TKA,One Way Love,927cd7d3-4312-46fd-aa65-4d4459b2b2d0
1986,1986,Tokio,You Can't Stop This Game,b7b22e44-76f5-44a3-9799-bb5a565701a9
1986,1986,Tokyo Square,Girl You Are My Love,15e114eb-f0c6-4179-94d6-9fe237b3581b
1986,1986,Tom Hooker,Looking for Love,0cd8e5f4-4e20-4e0f-860c-44118e80aa15
1986,1986-01-01,Tom Petty and the Heartbreakers,So You Want to Be a Rock and Roll Star,21ff8a3e-d64e-4145-9005-3d7413a6430e
1986,1986,Tom Petty and the Heartbreakers with Stevie Nicks,Needles and Pins,2348e62b-bdab-4564-b6e0-67398c0f1edc
1986,1986,Tom Robinson,(It Ain’t Nothing Like) The Real Thing,89971142-855a-46bb-9924-05f595a9f08a
1986,1986,Tom Robinson,Still Loving You,0279f4cf-5622-4900-bb15-8ff0917cacb9
1986,1986,Tom Spencer,Kung Fu Fighting,6d42d3be-3f7a-400c-8355-3f879768e92a
1986,1986,Tom T. Hall,Down at the Mall / We're All Through Dancing,af218c32-9ddc-4d3f-adb9-0aa9b9f5f93b
1986,1986,Tom Watt,Subterranean Homesick Blues,15dc54b8-8337-47aa-8ec2-6610a4085e88
1986,1986,Tommy Dean Piersol,The Good Times Wait For Rosie,7befec3a-a05a-4a4b-a20b-4c59c0152350
1986,1986-10,Tommy Steiner,Eine Liebe ist vorbei,fc719393-bc28-482a-89fe-b2f976b8a13c
1986,1986-05,Tommy Steiner,Jennifer,b3250c28-4b35-4ee9-9beb-778785c4f2be
1986,1986,Tomo Akikawabaya,Kojiki To Onna,c1d77771-42d1-468e-85fe-8ecd81d1a8dd
1986,1986,Ton de Wit,Witte vogel,1f0fddd8-6ea0-4534-8bfb-ca1c677944ed
1986,1986,Ton van der Wielen,De vrolijke koster / Ga mee naar amsterdam toe,f86e7aca-fa8a-43d7-b5cd-1f26b1f75069
1986,1986,Tonio K.,Perfect World,595e84e3-c3a5-42f1-88bc-39614f6ad855
1986,1986,Tony Caso,Motorcycle Madness,2aab9bad-e2eb-4f9c-846d-7e4d15461a65
1986,1986,Tony Light,Hoor je m'n hart niet kloppen / Waar ben je nu,d3bd1b5b-4e6c-437b-850d-74a6a79cefb6
1986,1986,Tony Marshall,Adios Amigos (Das Lied von Mexico),f4c1dffb-0ef1-42f7-affe-ce841c4d7110
1986,1986,Tony Marshall,In Freudenstadt im Schwarzwald,a631ad62-36c5-45f5-a245-a81a9914237f
1986,1986,Tony Marshall,Tony Tony noch einmal,bda4a553-454d-44c8-97b4-95529989ada8
1986,1986,Tony McKenzie,Come On Come On,4ea640e2-07f3-4672-9e29-6a1beb0782c0
1986,1986,Toos & Cor,Ik voel ’t,9185099c-fa34-4f05-896c-318612583131
1986,1986,Topel and Ware,Children Of America,40488ce6-8aab-432f-b11d-c99d45321fa9
1986,1986,Torpedo,Mexico '86,7bd198d2-2e8c-4ec0-8494-5bc34595c25c
1986,1986,Torrevado,Give Me Your Heart Tonight,91c8aa71-e89c-497d-a997-ae6d14b70e8e
1986,1986,Torrevado / Katy Gray,Living In The Shuttle / Hold Me Tight,607c4171-ee56-449f-b6f5-97c4861226d3
1986,1986,Totentanz,Unworthy Savior,7b957b3a-75e1-4e72-ae57-a921426b4d8c
1986,1986,Tow Zone,Be Your Lover / Midnight Magic,fd2fcf1b-2ab8-4435-8dd2-19f134087ef1
1986,1986,Toy Boys,Different Generation,895ce4c2-2b64-46b7-9437-52d5efbe6ede
1986,1986-10-03,Toys Went Berserk,Don't Run Away / Guns at My Head,b99d8e63-cc66-47f2-97e2-12e1a50afb6a
1986,1986-01-06,Tracey Carmen / The Mainstream,Rescue Me / Infrarfni (Infra),9996d057-a0d4-4c9c-afb4-d170a209daf0
1986,1986,Tracie Young,Call Me,0db9e8a3-3497-43d3-a68e-61af222cdfe4
1986,1986,Tracie Young,We Should Be Together,57241af5-cc56-4dd2-b360-9e3171d611b2
1986,1986,Tracy Ackerman,Love Hangover,a8051739-0be3-4e4e-bd0d-9d0eb1bf7e4c
1986,1986,Traditional Old Merry Tale Jazzband,Hamburg - Hoch im Norden / Tennis ist toll,3ff326bc-3178-468d-aad1-56d66c01bead
1986,1986,Trafassi,Huishoudschool,9e8893cc-a381-488e-ab19-13b7835759eb
1986,1986,Trance Dance,Do the Dance,b224678d-55a0-444a-8d08-79827a47d7fa
1986,1986,Trash Groove Girls,Wild Love,035defb2-0696-4181-80b2-f0d569329ea3
1986,1986,Treat,Rev It Up,f24f1e29-7291-4ff0-b7fe-96f47724dd78
1986,1986,Trinere,How Can We Be Wrong,8b565fa3-4e8a-3669-b630-6115a679d116
1986,1986,Trinere,I Know You Love Me,16a2b8f8-ffaf-38b2-af53-5024d5208352
1986,1986,Trinere,I’ll Be All You Ever Need,edeeea11-ca93-344d-8d54-eca009551930
1986,1986,Trio Rio,I’m Still in Love With You,cbae38b0-aa6e-44d2-a14c-5ae8be7bfc6d
1986,1986,Tripple Pleasure,Give It Up,a200b4f3-8955-44ef-b9e5-12182ebf4cb1
1986,1986-08,Triumph,Somebody's Out There,48a50945-2fe0-479e-98fb-229bf8c8889d
1986,1986,Truck Stop,Louisiana Ladies,48c85087-508a-420c-9c13-5b9ea525c59c
1986,1986,Turbo 99,Don't Steel My Joy,8a08da6c-f2e8-4909-b0f5-d5f5145cd687
1986,1986,Turning Point,Fairy Tale,0ffa268a-632d-4107-aa5c-c6ebf362d7a6
1986,1986,Twelfth Night,Shame,4a7c2b89-5144-4abe-9a30-e8a2ba3fe262
1986,1986,Twelfth Night,Take a Look,88eca615-dadf-4ec3-86ad-c235015acb9a
1986,1986,Twice,Lover Boy,4dff71df-5fb1-406a-9dfe-0bb66e84629f
1986,1986,Twiggy,Diamond,a84fa5f7-8431-4556-b879-46f07b7a3480
1986,1986,Twinset,Druppel an de kwast,555371c8-c12f-427d-9088-b6f41ebb8914
1986,1986,Twist Ur Tongue,We Will Rock Me Amadeus,ccf5fa55-b754-4c87-a079-d98f7533447f
1986,1986,Two Minds Crack,Cry Cry Cry,205032c0-6ea4-47e1-a303-e03af7a17a80
1986,1986,Two of China,Los niños del parque,5e7c2f46-9314-486b-b094-8427beb9cafd
1986,1986,Two of Us,Generation Swing,b372d1f4-810a-4b72-9455-04d1045804e4
1986,1986,Two People,Mouth of an Angel,0892c8e0-2107-42f0-a2c8-2b54b7eaf768
1986,1986,Tynal Tywyll,’73 Heb Flares,a63d69a6-6a58-479e-99a6-1d3c5339a63b
1986,1986,Tüff 86,Blaulicht Tütata,06daac19-9324-4cfd-bf30-5c9a282deb52
1986,1986,UB40,All I Want to Do,cbe3d335-9099-458d-97e9-dd953365006e
1986,1986,UB40,Rat in Mi Kitchen,8cc08b13-7a90-3878-8d0e-35ebd7e4bf1c
1986,1986,Udo Jürgens,Jeder so wie er mag,f70c0d0c-84d0-42b5-b929-49107b60d77b
1986,1986,Udo Jürgens,Sperr mich nicht ein,b8d8a998-3b19-417b-8d66-4048b6169aeb
1986,1986,Udo Lindenberg,Find ich gut (Ede Ödelmann),f254e7bb-19e3-486c-a126-6efd7916280a
1986,1986,Ulla Norden,Immer noch verliebt ineinander,6d9c15a3-04cb-4f45-b25f-5858288dbfff
1986,1986,Ulli Bäer,Wenn du geh’n willst,92a4c039-83da-4ed4-986d-90b5a87c3d83
1986,1986,Ultra Magnetic MC’s,To Give You Love / Make You Shake,db69bce1-9029-4d6a-97b8-adb7317a9f50
1986,1986,Ultra Vivid Scene,Slow You Down / Totally Free,23ee570f-5e45-4730-9feb-a53b2e3590bd
1986,1986,Ultramagnetic MC’s,Ego Tripping / Funky Potion,274696be-344e-45e3-b137-7dea6c3c098e
1986,1986,Ultravox,All Fall Down,db7e7ea9-3150-4ce3-9ba6-5922b6117c44
1986,1986-09-05,Ultravox,Same Old Story,445194ad-c50e-458c-9dc2-c220dae38d73
1986,1986,Uncertain Call,Out,4c2ca230-9212-4bac-b4f2-ed7088149308
1986,1986,Underland,Mitt liv på tivoli,7daac850-9a44-4098-b9ef-6e7f8abe49ec
1986,1986,Until December,Live Alone in Shame / Until December,9a11406b-6e3a-49d5-ba58-5276848b7fa8
1986,1986,V Capri,That's the Way,e9ccbef0-30c4-4a3d-9c1c-19391605d281
1986,1986,V-Capri,Nights and Days,074ed3af-afc5-4387-88b2-3347ae4e30a3
1986,1986,Valerie Dore,King Arthur,b36a46da-a047-41e4-8dcd-c535286658b2
1986,1986,Valerie Dore,Lancelot,d70e0717-20f8-4e44-8813-6b948cbc084f
1986,1986,Valli,The More I See You,24ba627c-a952-4b38-8af5-45163e878c96
1986,1986,Valérie Lagrange,Rebelle,6362d363-e891-4231-a0bf-da1ba9416288
1986,1986-09-03,Van Halen,5150,4f2ad93b-092d-45ba-a8a2-8e05cc9b81ce
1986,1986-10,Van Halen,Best of Both Worlds,b49818be-8f42-4077-9bb6-89bd0b43c8dc
1986,1986-05,Van Halen,Dreams,ee32e500-9fa5-4320-9451-484ff3035deb
1986,1986-07,Van Halen,Love Walks In,1bd43730-4f8f-4926-a865-f794365557e9
1986,1986,Van Halen,Summer Nights,392de4a7-a64c-4304-bd60-b8b2cc2bc647
1986,1986-03,Van Halen,Why Can't This Be Love,d91ebbb5-ae65-494e-a4a8-e9b98cc0ca9e
1986,1986,Van Vollenhoven,De wereld draait,fa47e474-9250-4876-9031-810e3f3c27f6
1986,1986,Vanessa,Kiss Me (Canta),9da7435f-f1f6-483a-9097-72ae8ebca015
1986,1986,Vanity,Under the Influence,3e5d3e85-6087-458f-b7a7-34abc82ae4b4
1986,1986,Various Artists,Africa for Africa,fe925919-4f33-4a47-995f-7acfa5cf265b
1986,1986,Various Artists,Ferris Bueller’s Day Off,ed6fe7dc-5d6a-33d4-82b8-a5e954cd6681
1986,1986,Various Artists,"Les ""Restos"" Du Cœur",18d7d522-72f6-47ec-97c8-7e447d94e7a0
1986,1986,Various Artists,Les Snorky,a6c25f30-d9b6-4403-88da-7c50edac8f55
1986,1986-01,Various Artists,Les “Restos” du Coeur,015f160f-8ea7-4265-bddb-ff3c93a2b522
1986,1986,Various Artists,MASK : chanson générique T.V.,49c5ef59-a54c-4fe2-a401-018cdc6f77da
1986,1986,Various Artists,Numa Records Year 1,6cc77296-68a7-42a9-9e89-018194ca0644
1986,1986,Various Artists,Qué golazo,175416dc-60bf-4188-8046-885fa0135a7f
1986,1986,Various Artists,"The Golden Dance-Floor Hits, Vol. 6",2446d5b0-af2f-421a-95fe-5904ad542119
1986,1986,Various Artists,The Soft Volcano Erupts,496edb3e-97fa-4e8c-8f31-ee89b9471fbc
1986,1986,Vendetta,Could Have Done Without It,4dd30338-3956-46a7-92e2-d36a5e99d0ac
1986,1986,Venetians,So Much For Love,6fa551b1-df6e-4027-9a73-611e7d3bfc9f
1986,1986,Ventura,Touched,84d27681-8d59-4190-9c8d-cb5f5295275a
1986,1986,Venus in Furs,Love Lies,93a15edd-4f94-486e-a92b-0fb76b1d0f03
1986,1986,Vesta Williams,Once Bitten Twice Shy,a829dfd5-d8d9-4564-bb6e-4b64f574abb3
1986,1986,Via Via,Take a Look at My Pink Dress,5b4387c9-4f1e-444e-bef7-861b8b976139
1986,1986,Via-Via,Love and Lost,a08be78a-a149-4e70-a893-334c863f97bf
1986,1986,Vicious Kites,Taking Care of You,fc34ae40-1362-481d-a45d-2d663965e699
1986,1986-01,Vicious Pink,Take Me Now,084ab360-c332-4cb0-869e-8bb802fa3352
1986,1986,Videovision,Anybody,9ef561af-0538-4632-84f0-927bddfcef32
1986,1986,Vienna,Key of Magic / Love Games,88a59604-fdaf-4237-9250-58b0cbe1ec3b
1986,1986,Viktor Lazlo,Pleurer des rivières,bbc3a9ab-8e62-4da7-804a-f47697e1745d
1986,1986,Violent Femmes,Children of the Revolution,9e698cff-fdf3-4383-9cda-fdcc176956a0
1986,1986,Violetta Villas,Mundial '86,0f499ecf-daa3-4021-9c39-e2befef38191
1986,1986,Virgin Prunes,Don't Look Back,4051d07f-b5cb-4bdb-ae0e-8e99321ec117
1986,1986,Virgin Prunes,Love Lasts Forever,87f965f4-f86b-4cc3-bd25-9b328564f215
1986,1986,Vision,Who's That Stranger,63e6a56f-3748-4ad3-ac5c-a133fcbbbf0a
1986,1986,Visions,Everybody (remix),a2d4d31d-b99e-44b1-b910-4a1a423642a7
1986,1986,Vitesse,A Dirty Mind Is a Joy Forever,3d5967aa-ae1e-47fe-ad52-7e29c8780a94
1986,1986,Vivian Jones,Red Eyes / Got a Light,b5f95e03-2390-43ad-b8e9-d767b30bfdb9
1986,1986,Vivien Savage,Bébé je le sens bien,152f20f0-3a86-4e9d-abce-2a6780ee66de
1986,1986,VM Holdet,Re-Sepp-Ten,4f7395fe-d7de-4542-a68e-dc2e6656784e
1986,1986,Voga & Turnovszky,Sztárok 45-ön '85-ben,85952109-a74c-4a14-b521-e52dd462d337
1986,1986,Voice Of America,I Will Tell,92df71f0-5a2e-498e-8833-87c7b484038f
1986,1986,Volcano Suns,Sea Cruise / Greasy Spine,568fa9d0-1269-3ec4-9499-52ac1bb39f90
1986,1986,Voodoo Lust,Stop Breakin' My Heart,e7645add-a489-44af-9f5d-b6eaff17221e
1986,1986,Véronique Béliveau,Make a Move on Me / Tout la nuit,a2e78919-568b-4a97-8d5a-c23933bf7f6a
1986,1986,Véronique Jannot,Ma repentance,256bb31b-a84d-4d20-b15f-8102f242071b
1986,1986,Véronique Rivière,Absence,009fcc94-cbae-4b3e-8522-4704a3185a49
1986,1986-09,W.A.S.P.,9.5.-N.A.S.T.Y.,9f97cf86-c13b-4f95-a5b9-ba8d168c25c2
1986,1986-04-23,W.A.S.P.,Wild Child,6fca75d1-5e4f-46b9-8fa1-2327fbd74dba
1986,1986,W.A.S.P.,Wild Child (The Wild Remix),114ceccc-fc16-4f55-b5ca-44332a08cad6
1986,1986,Wa Wa Nee,I Could Make You Love Me,715f2dce-408a-4941-b515-a1f8ccd35b17
1986,1986-04-21,Wa Wa Nee,Stimulation,d9d39478-c84e-42f3-9a98-014a9d1538d9
1986,1986-12-01,Wa Wa Nee,Sugar Free,da42542d-d932-470e-8ae7-ce2dbaa9402b
1986,1986,Wahkonda,Rock 'n' Roller,c55d62a8-618b-4282-8b1b-a83b111d51ff
1986,1986,Walk the West,Living at Night,609acf2f-c946-49a0-ae35-49b3a976dcaf
1986,1986,Wall of Voodoo,Far Side of Crazy,90238dcc-cde1-4707-92fe-cdac0222adae
1986,1986,Wally Jump Jr. & the Criminal Element,Turn Me Loose,5fea081b-da97-43b5-aaf5-12352917e2e2
1986,1986,Walter Foini,Un domani così,62ee5b70-f5b4-4f4d-b492-a65b7ddb4279
1986,1986,Walther Nita,Viva la discotheca,dfb21314-f385-4005-b21c-30d9bcbe72c0
1986,1986,Wang Chung,Everybody Have Fun Tonight,8316edd2-0950-4da5-95df-6cad0e95b105
1986,1986,Wang Chung,Let’s Go!,db2a6030-6acb-41de-8cd5-29ff5e61857b
1986,1986-09,Was (Not Was),Robot Girl,0a5d86da-76f6-4f35-a030-1a3ca1438d38
1986,1986,Waterloo,Adesso tu - Ich muss da durch,4bfba196-aa07-47cc-abad-1373b05ceed7
1986,1986-04,Wax,Right Between The Eyes,c7dadc0c-3cd8-44c1-b936-73b893105182
1986,1986,Waylon Jennings,Sweet Mother Texas,c057f999-72bc-4c23-bbc2-b88ed4e14826
1986,1986,Waylon Jennings,The Broken Promise Land,1651b084-19ee-481b-aa03-46d15b4070f2
1986,1986,Waylon Jennings,What You’ll Do When I’m Gone,9d4cf241-fcee-4934-8622-e3110b38bf15
1986,1986,Waylon Jennings,Will the Wolf Survive / I've Got Me a Woman,429ef776-0894-4467-a519-c243ce9fbc53
1986,1986,Waylon Jennings,Working Without a Net,d88c6689-44bd-4dc4-b925-0d8180322270
1986,1986,Wały Jagiellońskie,Raczej optymistycznie / Serce na pętli,9f2f6995-7f70-4bff-b7a0-abfe0460fe93
1986,1986,Wały Jagiellońskie,Tango Mexico,5bf8f998-0875-470e-8fd1-ab353fa5d8d3
1986,1986,Wały Jagiellońskie,"Trynidad Tobago / Mrozy, prezenty i sny",ef93fcce-fb80-4d11-b3a3-5f450deaef0b
1986,1986,Weeping Messerschmitts,Nothing Yet,784c212a-d860-40ea-a691-f388e8eca40b
1986,1986,Wenche Myhre,Musikalske venner / Scantertainment,f1188561-765e-4573-98d5-3448b380f8df
1986,1986,Werner Zauner,Die Grille auf der Brille,6cc138c2-d0f2-4aed-90c8-a1f83354fa54
1986,1986,West Phillips,Love Me or Leave Me Alone,d42d6db6-8e27-4512-b7e7-160e24a1938b
1986,1986-05-23,Westernhagen,Berlin (2000 Remaster),255972ea-aea8-4175-96cb-0f5eba30d552
1986,1986-03-01,Westernhagen,Wir sitzen alle in einem Boot,19cc8e04-6d59-48e0-98a6-1f24db4804f6
1986,1986,Wham!,Battlestations,7548a7c0-14ae-4cab-a21e-710b94f6e5b5
1986,1986,Wham!,The Edge Of Heaven,b057f711-a962-463c-9104-da6b697500a7
1986,1986-09,Wham!,Where Did Your Heart Go?,ff29cb86-6ef6-4b60-8f07-cc2d8338fc5d
1986,1986,Wham! / The Rolling Stones,The Edge of Heaven / One Hit (To the Body),f0d4656c-7dfa-441e-b46a-86a13f700450
1986,1986,Whistle,(Nothing Serious) Just Buggin',907d3210-e23a-4793-a75f-f720504e710d
1986,1986,Whistle,Just Buggin' (Minimix / Bug-Bug Mix),c0e7dc59-a447-4915-922f-84b6fe5a5ef0
1986,1986,White 'n' Hairy,Rocket to Hell,53b752f5-b86f-4724-b717-ef92057c3d98
1986,1986,White Zombie,Pig Heaven,98044c3c-1d14-3328-b8e3-7801898d8b43
1986,1986-03-18,Whitney Houston,Greatest Love of All,01ec1a6a-b20f-4e3a-8cb5-7ae331a4af55
1986,1986,Whodini,Funky Beat,e7866671-0ed4-446d-ab30-fa71f31ae1fd
1986,1986,Whodini,One Love,354f1225-c4a6-4d0f-99b8-34e4747fb5a7
1986,1986,Wiener Wunder,Loretta,43333f99-ad58-47c4-83a1-e46ed19aa59d
1986,1986,Wies Cavé,Vergeten en verlaten / Ik zal je heel mijn leven niet vergeten,2541ad3a-8591-4731-91c6-06eef7168f40
1986,1986,Wild Blue,Fire With Fire,6a6da59c-6f16-4833-8a4d-220774146aff
1986,1986,Wild Choir Featuring Gail Davies,Heart to Heart / I Don't Wanna Hold Your Hand,f270ba8f-8ba7-428e-ae07-8356a16171bd
1986,1986,Wilfred Copello,1000 Miglia,2ee07425-23bc-44f6-85d7-d9f137a3e453
1986,1986,Wilfried,Morgenstern,cfbb9233-e019-4869-9f22-d77c82836665
1986,1986,Wilfried,Nachts in der City - Live,768304de-6b4b-4075-b0bd-c3ba90a9c573
1986,1986,Will Tura,De Rode Duivels gaan naar Mexico,aad10be1-5d10-4de8-993b-d09232dd30ca
1986,1986-10-24,Wille Crafoord & Pondus,Åskan,656bece8-973a-3a98-b476-48a21251af10
1986,1986,Willem de Stoute,Geef Mij Maar 'n Nederlands Lied,aaf23e20-edd5-493b-a8ec-c66e06503f24
1986,1986,Willem Duyn,"Kom nou, Elles / Muziek",56f4956b-4883-453d-ae39-62f9befd5f02
1986,1986-01-01,William,Als ik jou zie / Zingend,4a7e3da4-63c8-4317-beb6-a232d7c8d894
1986,1986,William Bell,Headline News / Let Him Pay The Band,2256442d-98cf-4053-aef3-e9f7a478b4fe
1986,1986,William Pitt,City Lights,a55faf61-459e-464c-8482-abdd31f9be87
1986,1986,Willie Colón,Set Fire to Me,7c14a05b-979a-4977-91d3-426af9ad8cf3
1986,1986,Willy Sommers,Verliefden van een nacht,60c7bfa0-2b85-4aa7-b706-cce21ec1680f
1986,1986,Win,Shampoo Tears,c3f853d5-763b-4b2e-87f1-c3f5bc957b98
1986,1986,Winand,De Vrijdagsemart,a1ef877f-5955-40cc-936d-91a93688f8c5
1986,1986,Winners,Day After Day,f2ad72d6-855b-4abb-bfe2-e7458d0c769e
1986,1986,Wired,To the Beat of the Drum (Special R.E.M.I.X),d7e5bb77-028e-4225-85fc-4ccbd4728dc5
1986,1986,Wise Guys feat. Hit-House,Samplification,325ab8ba-f849-4766-bb9e-20552f7f2cad
1986,1986,Wiseblood,Stumbo / Someone Drowned In My Pool,e30e5957-28c2-48d3-9799-56ad50cd1e31
1986,1986,Wish Key,Last Summer,5301a875-4a6b-4bf7-9932-755e82972e6c
1986,1986,Wish Key,The One You Love,afc13e45-6617-4b3d-84b0-9d440d4a9e7d
1986,1986,Wizzard,Ninya Warrior,fca23f8f-e545-4822-bf05-8a93e870433c
1986,1986,Wolf Maahn,Hokuspokus,df47731a-5f87-4dd3-96b7-b0af7a944a48
1986,1986,Wolf Maahn & Unterstützung,Tschernobyl (Das letzte Signal),e1f63d26-3988-46f5-a199-f769ba3c4445
1986,1986,Wolfgang Ambros,Langsam wochs' ma z'amm,21063b42-dd9e-4f96-bb70-ca05567520ae
1986,1986-08,Wolfgang Ambros,Mamma,c71dcd76-03a6-4960-8ebe-aec79627aceb
1986,1986-09,Wolfgang Petry,Ich brauch' 'ne Dosis Liebe,1d2557a9-e0d1-446d-92c9-6201df72e2ec
1986,1986,Word of Mouth feat. DJ Cheese,Coast to Coast,166f37a8-d246-4f9b-a510-3bafaa632542
1986,1986,Working Week,Don't Touch My Friend (Touche Pas A Mon Pote),b48fc48b-6e5c-4054-9571-efa0bea0fb6b
1986,1986,Working Week,Rodrigo Bay,5e726002-7ed8-47ed-adc0-bae743bf93ab
1986,1986,Working Week,Rodrigo Bay,96c62b52-64fc-4275-91da-a1ad0b73210b
1986,1986,Working Week,Too Much Time / Soul Train,99f1e2d2-bc9d-4041-9082-6b9554203841
1986,1986,World Domination Enterprises,Catalogue Clothes,c417b35a-f91b-4989-81bf-f475d69dd446
1986,1986,World Party,Ship of Fools,e5855d6b-dfa5-45e0-933d-5e82a5ae8fde
1986,1986-04-10,X,オルガスム,1ab4b356-36a4-3bb7-8a82-558e1dd0e30b
1986,1986,X Mandarina Duck,Non Stop (Sensations),8954625c-3c45-4e10-88c1-91a114ccecb3
1986,1986,X-Ray,Let's Go,be06e5fa-d26b-3de5-9893-a76f95e80d59
1986,1986,Xario,The Way You Are,79803d1c-d390-4ae1-be26-05ff5bac8a64
1986,1986,Xavier Cagna,Mon Joker / Ma Guenille,55c7425a-c737-4f84-99ae-89cae1eae055
1986,1986,Xecutioner,1986 Demo,2523abd4-107e-3de0-8c34-43c431a08449
1986,1986,XTC,Earn Enough for Us,5e64b59f-f1a2-4b2e-a487-c9bfc47f6865
1986,1986-08,XTC,Grass,276b5813-a40a-4b70-8db6-e9aaf0e3348f
1986,1986-05,Xutos & Pontapés,Barcos Gregos / Homem do Leme,5af253c0-f058-33df-b62a-ff51c9ce0565
1986,1986-12,Y Brodyr,Dal i Freuddwydio,e7e29894-5e2b-4933-bb7d-1e14ceba081c
1986,1986,Y Cyrff,Y Cyrff,bfe8a01d-c2cf-4072-9c6d-6290257add70
1986,1986,Yammie Bolo,Free Mandela,ba4e418b-e93a-41ff-8ac4-313b268d407f
1986,1986,Yarbrough & Peoples,I Wouldn't Lie,eb2ae986-f879-4d7e-8395-7cf733647227
1986,1986,Yari & Onnensoturit,Polttava rakkaus,4bafe93d-c4a7-4e2d-8f14-29079b317105
1986,1986,Yasuko Agawa,L.A. Nights / New York Afternoon,8ac56714-0192-3c08-8dd2-43a23626e997
1986,1986-07-10,Yello,Goldrush,76500a95-6932-314f-b3c6-19963eb24f35
1986,1986-12,Young Fresh Fellows,Beer Money,8ae7fde1-7bc6-436b-aa9d-315ff38c4633
1986,1986-11-25,YOURI with the CASH,LOVE IS HEART—星座の子供たち—,36b6d787-69f3-4774-92ee-5c7550419828
1986,1986,Yuri,Look at Their Faces,2b9b24ea-4c51-4cdf-91ad-bbf15acd2606
1986,1986-03-01,Yves Rénier,P.C.V,2fdc30b9-f5c4-4bea-8198-e5f67a3dc209
1986,1986,Yvon Eddyson,Shame On You,ccb0b2b6-b1cb-4647-818d-6664ca854dc2
1986,1986,Yvon Mora,Tropique Du Cancer,b5f3c780-cb87-4278-b777-629f0c969e51
1986,1986,Yö,Lasisilmä,b6d8c8e1-58d0-4788-8823-1d3c65b553a6
1986,1986,Yö,Viisi kaunista yötä,40d1088e-e8dc-4de9-bc10-4f43b4e94d1d
1986,1986,YŌRAN,LOVE BITTERNESS / TAGALONG,74b9001a-e45d-4186-a776-0380842f057a
1986,1986,Z-Moor-Z,Héros Dynamique,e7920995-2724-4e65-adfd-321715017f34
1986,1986,Zaak,Mouvement perpétuel,f98601cb-c3ca-4dff-8471-d7addea99738
1986,1986,Zahia,Amour nautique,7afc9281-38fd-4ba2-9dd7-6d56e5ba965b
1986,1986,Zan,Dancin' Mannequin,a8ab4499-84d2-4858-8384-b024a1212a41
1986,1986,Zana,Što Ne Znam Gdje Si Sad,8e6f7353-65ef-4c11-86d2-9c1c8d974e26
1986,1986,Zappacosta,I Think About You,5ebd8584-7f15-48b4-81a8-bed8fe75bee8
1986,1986,Zappacosta,Nothing Could Stand in Your Way,9c9797cd-3fab-4277-bfc2-e8dbf767ae40
1986,1986,Zappacosta,Turn It On,ff68e393-25ce-4a00-b4be-3904728ef7a8
1986,1986,Zappacosta,When I Fall in Love Again,70f15b2c-49f2-4034-a1e5-99012b50c721
1986,1986,Zarbo,Get Up and Dance,73bad1e6-2729-4a76-acd4-01b38677fab4
1986,1986,Zaïko Langa Langa,Bongoville,39b0eaf9-25b4-4885-adfb-42ffbd844da8
1986,1986,Zeitgeist,Atlantic City,c407bf1b-cc1c-47b4-98f4-c43715b19b6b
1986,1986,Zeltinger,Italia,8ca8b2fb-4286-4280-8ea5-4bac7abe1862
1986,1986,Ziggy,No Police (Remix),c04df5f1-fb0a-4cf0-b171-d947e3c4d379
1986,1986,Zillertaler Schürzenjäger,Ich lieb' die Berge meiner Heimat,9ad82604-02f6-4b67-9f23-137511a062b8
1986,1986,Zing,Feuerwerk der Sinnlichkeit / Liebe ist Kälte wert,d0558181-635c-44e6-b9e2-ee64042b3f6c
1986,1986,Zuice,Everyone a Winner,6ccdecb4-abe2-483f-bdf3-f7f31ea86067
1986,1986,Zuice,I'm Burning,59e163eb-c42d-40a3-9534-5ffc14726e46
1986,1986,Zuring,Kroegeroezemoes,bf2486bd-43e5-4be7-bd33-8ae4e4e531b1
1986,1986,Zygott,Trap Door,02fe3d66-21b5-4342-8093-48758f4441c8
1986,1986-04,ZZ Top,Rough Boy,9c904763-5cce-4e50-bd72-466225c608d8
1986,1986-09-05,ZZ Top,Velcro Fly,a8ba0c85-4523-4e07-b3b3-76eaac74fe2b
1986,1986,ZZ Top,Velcro Fly (extended mix),9615b039-a88e-46a6-82f0-937b864523e5
1986,1986,Zéro de conduite,Viré du bahut,a1d75bfb-17b1-447d-971a-b7f407dbe458
1986,1986-11,Züri West,Kirchberg,d99c2eef-46a0-49b2-aa8e-36acdce6b5f9
1986,1986,Élisabeth Anaïs,Balance ascendant capricieuse,a05978e0-2dc5-4145-8a21-6ce3ec5e25b1
1986,1986,Élégance,Faut pas jouer… avec les sentiments,0d6eab23-f420-431d-a930-666880249877
1986,1986,Étienne Daho,Duel au soleil,beaa916e-3da5-4555-8f41-dcadb3bbd677
1986,1986,Étienne Daho,Epaule Tattoo,e767f509-2a7f-4df8-a701-c186bda8528a
1986,1986,éVoid,Dance the Instinct / Under My Feet,235e0174-255e-44c2-9838-b88af710cd0d
1986,1986,Γιώργος Νταλάρας,Ζωντανή Ηχογράφηση Από Το «Περοκέ»,3b3999e0-2fdf-47d3-8ba0-b28ce28e9db7
1986,1986,Ελπίδα,Τώρα ζω,f5a99c45-fb32-4387-85da-6f7a75b05236
1986,1986,Κώστας Θωμαΐδης,Ο Κώστας Θωμαΐδης σε δύο τραγούδια του Θάνου Μικρούτσικου,b7067dbe-2922-4fc2-8bc5-6dd982db2af3
1986,1986-01-01,Александр Барыкин,Больше не встречу,fa04fa60-4dfc-4ef0-bec7-9280e6936be4
1986,1986,Алла Пугачёва,Паромщик / Балалайка,4966b2a2-f633-4d56-9ce2-5e3e939b3ee8
1986,1986,Алла Пугачёва & Владимир Кузьмин,Две звезды,1e25383e-f6ef-4140-88c0-4cb38540524c
1986,1986,Валерий Леонтьев,Наедине со всеми,2bef8d17-db61-4e4f-be49-c50884ad2a03
1986,1986,Валерий Леонтьев,Рождение дня,27003685-5ad7-406b-9d76-85806e6a41c0
1986,1986,Евгений Дога,"""Валентин И Валентина"". Песни Из Кинофильма",f21a7973-238d-4884-a596-e199a78d8c1a
1986,1986,Игры,Le fleur de papier,67983cba-cd3b-4534-936f-95e5c6e07d7b
1986,1986,Лариса Долина,Песня Нептуна,a603cc86-8851-4435-a344-7d1d81fa432e
1986,1986,Машина времени,Музыка под снегом,16bc0983-b5bf-47a0-9ca7-b41ec8989dd0
1986,1986,София Ротару и Яак Йоала,Лаванда,31408b26-722d-499d-9b29-eadb31bf778f
1986,1986-10,אילנית והדודאים,הנחמה היחידה,8d8384e9-c40e-4fce-ac71-3fbc81a7c544
1986,1986,אסתר שמיר,קלף חזק,4f72a892-6ae9-4411-b33a-e515cdd7d8af
1986,1986,אפרים שמיר,(יעל ואני (לא ביחד,9aa5190a-21e9-4354-8ea7-1984b4cf72f4
1986,1986,אריק איינשטיין,יושב מול הנייר,06f007b2-9192-4d96-91ec-d2599e96210b
1986,1986,אריק איינשטיין,לטפטף טיפה,792e3664-39f7-4098-90a3-9a6f1049eb53
1986,1986,אריק איינשטיין,שיר על התוכי יוסי,15a1ed2b-d22a-4fad-8c6b-5c31dc84e2b8
1986,1986,אריק איינשטיין,שכשנבוא,f1c64cc7-ab60-4e02-82e4-9455fdfaf68d
1986,1986,בעז שרעבי,הלוואי,8122d0fb-8016-4fe2-a987-0acd70050019
1986,1986,גלי עטרי,אין לי ארץ אחרת,40f0b7e5-dbba-45d4-b31f-bbd4d8bbfa8a
1986,1986,גלי עטרי,הכל עומד במקום,176e81ab-b386-4402-8b50-38aa85e25a5e
1986,1986,גלי עטרי,סוף העונה,114b2f48-16b8-41f0-8499-c3883585777b
1986,1986,גלי עטרי,סתיו ישראלי,63edf27d-4e33-4cbf-bc60-ebe92bd9168c
1986,1986,גרי אקשטיין,כמו אתמול,69498dd7-c6ba-4d8f-9e39-0321d5880f6b
1986,1986,גרי אקשטיין,מישהו אוהב אותך,e75a917b-cd55-4833-b289-ce8076a2817e
1986,1986,גרי אקשטיין,עומד בצד,7664dc46-a4bf-43f7-8abe-dbea32735acd
1986,1986,דורי בן־זאב,הטוב הרע והלא נורא: שיר הנושא מתוך הסרט,8fce9e99-c4ec-42b5-830b-23bd46e3ed33
1986,1986,דורי בן־זאב,זיכרונות למזכרת,8a4c3e76-c78a-4e7a-9df2-17c54c52d625
1986,1986,דורית ראובני,קח כל מה שאלוהים נותן,ed0f72a7-b334-4e63-bbe2-cb50092675c5
1986,1986,האריות,Cara Mia,e964f0f9-4abe-4208-ba6d-21f83a98b0e1
1986,1986,האריות,Oh Darling / California Dreaming,cad60601-9b01-40b1-8879-a94d3f06fdea
1986,1986,האשם תמיד,האשם ALWAYS פול,1f5826b5-f481-4f56-a51a-02e24983a9f0
1986,1986,האשם תמיד,"האשם הוא שלנו, האשם לא לבד ובטח לא פרייר של אף אחד",49231ba8-637d-42b9-8c12-96a1a45da2e4
1986,1986,האשם תמיד,האשם הוא שלנו: גרסת פרייר רוק,ef498216-bc5a-40e9-928c-274b82657e3f
1986,1986,האשם תמיד,האשם רוצה להתקדם,b8934e05-e781-41b9-a7e0-48efcf0d61ff
1986,1986,הגבעטרון,תוגת הפרידה,920442ba-3aad-4bca-b37a-e0f31e5e0a1b
1986,1986,הגשש החיוור,הקרב על הועד,a2c8b794-dae0-4fe0-9660-d36e62b4974f
1986,1986-04,הכל עובר חביבי,דור המדבר,1785f2c8-5bfa-44e5-953d-12a4bbe6403d
1986,1986,חוה אלברשטיין,אורחי לילה,7001d66f-cb7e-47e7-88a9-1df75df3d3c7
1986,1986,חוה אלברשטיין,אמריקה,449360c6-bb2c-414e-a8fc-95d28119223b
1986,1986,חוה אלברשטיין,"בבת־ים, בחולון",2cfe9354-cc50-4939-abbe-a381d518fe16
1986,1986,חוה אלברשטיין,מהגרים,2efe3d8b-b2cb-4f4e-a296-3a2704dc78c9
1986,1986,חוה אלברשטיין,שרליה,47f36b8f-d586-451e-a079-f3549224b0ef
1986,1986,מוסקבה,Chernobyl = צ'רנוביל,e3bb67e5-7979-4f92-a2b6-dbc501c2902d
1986,1986,מוסקבה,Robert - רוברט,13225404-c06a-4e5f-83cb-cb6a8a1cb1ba
1986,1986,מוסקבה,יליד הארץ/ את לא יודעת,9c386c51-8173-4a1f-9bc0-d9df865323ee
1986,1986,"עלי מוהר, יוני רכטר וגידי גוב",’נאדיה’ הסרט: שוב נפגשים (שיר הנושא),ba077f6d-1bca-42a8-818f-1745142e4001
1986,1986,עפרה חזה,Aime moi,0b4865d7-5ec4-3850-bdb3-b6bd48942455
1986,1986,עפרה חזה,Galbi,3eb16936-14c1-33fa-8797-bef94c896603
1986,1986-07,קוקי ורינתי,שיר המנגל,6d294938-df31-474a-870b-f33329b269c7
1986,1986,ማሕሙድ ኣሕመድ Mahmoud Ahmed,Erè mèla mèla,9ecbcc29-2356-4457-8e65-0c49345a41dd
1986,1986,’Til Tuesday,What About Love,83e068d8-79c2-4e8f-a33d-e9dc1d0d3d70
1986,1986-11,“Weird Al” Yankovic,Christmas at Ground Zero,3d7adfdd-f0fa-4e8c-b124-e65a7941d0cc
1986,1986-01-21,うしろゆびさされ組,バナナの涙,5b5a192d-70d7-4257-a4a7-34fead5358bb
1986,1986-11-23,うしろゆびさされ組,技ありっ!,42961e74-078f-4729-9f32-74e47dd39c8c
1986,1986-08-27,うしろゆびさされ組,渚の『・・・・・』,de3333e4-c05f-446a-ad0d-b88e4878d0b8
1986,1986-05-02,うしろゆびさされ組,象さんのすきゃんてぃ,ac2b7a1b-9873-4a11-b882-dcadda806783
1986,1986-04-21,おニャン子クラブ,おっとCHIKAN!,cae6d380-317e-3339-a838-01b3b071baa4
1986,1986-07-21,おニャン子クラブ,お先に失礼,29aa74b8-abe8-3b61-9487-c190decdec55
1986,1986-02-21,おニャン子クラブ,じゃあね,b2a4028a-6a85-3058-be14-ef5c23906fa7
1986,1986-11-01,おニャン子クラブ,恋はくえすちょん,b4cb5cd3-6dd9-3769-97e1-d02448a18329
1986,1986-02-21,つちやかおり,ハートに落した涙,0f2c4b17-7b84-4801-bc53-15332cc5e1e6
1986,1986,とみたゆう子,風のステイション,8dac96ef-fcd6-4ff6-9474-f15f8f4b75c5
1986,1986-05-28,とんねるず,やぶさかでない,4f33c59e-0ddd-4439-a63e-9363a67cba39
1986,1986-10-21,とんねるず,人情岬,bbd7372e-6787-40d7-a110-6cd8f46eb25b
1986,1986-08-05,とんねるず,寝た子も起きる子守唄,e372fe72-6ee0-4ee0-830c-9530ec777ac7
1986,1986-01-21,とんねるず,歌謡曲,866583a6-040e-412b-87bd-1796b5693c9b
1986,1986,ひろえ純,サイレント・ヴォイス,b2180886-4d34-4a30-a9f6-facaa463da3e
1986,1986-12-05,アラン・タム,ファンタシー,7b7762a7-61f7-4155-9181-3a598475e39c
1986,1986-04-21,キララとウララ,ブインブインブイン,25535444-1c09-3958-947f-7c9957495006
1986,1986-02-01,シブがき隊,スシ食いねェ!,4a5017d3-e1ff-4070-ac7f-57d659fcf032
1986,1986-07-21,ジェシー・慕,あなたス・テ・キ,55fd6060-06ce-45b0-ad1d-a591e8832b9a
1986,1986,ジェニファー・コネリー,愛のモノローグ,ed07f08f-3525-454c-99c7-47dad520bd4a
1986,1986,スーパーギャル,ストロベリー・スキャンダル,8ba31e59-73eb-4eb5-bf48-21ef702811d0
1986,1986,セルロイド,分裂病者のダンスパーティ,dfff7800-f5e2-48f6-8b0e-75b7d0150d19
1986,1986-08-01,テレサ・テン,春を待つ花／香港の夜,a5c772fa-3164-34b8-a485-a39ec3ab1bd5
1986,1986-02-21,テレサ・テン,時の流れに身をまかせ,cea2776a-57e3-34b9-8e82-7ff1f4d2111e
1986,1986-08-01,テレサ・テン,逢う時はいつも他人／東京夜景,1412a6da-9189-3ccb-b2ec-d02134753cb2
1986,1986-04-01,ニャンギラス,私は里歌ちゃん,3f2c6889-ecdf-3f1a-830b-df81c02e3571
1986,1986-06-21,ニャンギラス,自分でゆーのもなんですけれど,10765ff5-5187-389a-a764-43ec83950f72
1986,1986-04-02,バービーボーイズ,負けるもんか,55fef3a2-01e4-47ff-8b6e-46230e14fe70
1986,1986-07-02,ピカソ,シ・ネ・マ / ピカソ,705ade56-2f76-4dee-8e43-f83ad4d488e8
1986,1986-11-01,ピカソ,ファンタジー / ピカソ,dc91c176-76cb-4406-8f42-c723bdb52290
1986,1986-04-21,プリンセス・ピーチ,GO GO マリオ‼,d829cd77-3eae-4662-abce-29e73782309a
1986,1986,ベリーズ,タメシテみたい,d71937e9-85a0-4278-a070-b2842edc32b2
1986,1986,ボアダムス,ANAL BY ANAL,a98e7dbe-9ba9-3753-9298-bde0c5fce3e3
1986,1986-07-21,ポピンズ,くちびる H/2,2093be65-7208-44c2-9296-85c2958cba61
1986,1986-04-01,ミニー,Do you ever think of me,38f5b8cb-ef28-4e01-94b8-1af8bbebac54
1986,1986-06-21,ムーンライダーズ,夏の日のオーガズム,067b71a8-67cd-4883-98d9-53219da90646
1986,1986,三田寛子,少年たちのように,7cdb6eee-1c1e-4556-a392-4637bc295a20
1986,1986-02-01,中原めいこ,こわれたピアノ,2f1be9ca-b306-4b7b-bd1c-39d76ad32826
1986,1986-09-21,中山秀征,明日にOne Way,3fd7af0d-f359-49d9-aa16-131c6a266e39
1986,1986-07-15,中山美穂,JINGI・愛してもらいます,65480c71-94b0-492a-b485-3d3182f46ca2
1986,1986-12-10,中山美穂,WAKU WAKU SASETE (PARTY VERSION),4ca5f7cd-cf04-4f98-80cf-647a2887b28d
1986,1986-11-21,中山美穂,WAKU WAKUさせて,47213b8c-e30d-4d23-b1ce-3b159cb12e17
1986,1986-05-16,中山美穂,クローズ・アップ,ba869735-6603-4419-91da-fe90216b45b9
1986,1986-08-21,中山美穂,ツイてるねノッてるね,a6f71bc4-9933-477a-856b-5de747084cf7
1986,1986-02-05,中山美穂,色・ホワイトブレンド,863109e6-1337-4c90-8e55-a6731ccbf176
1986,1986-06-05,中島みゆき,あたいの夏休み,ee58b3ab-c539-48cd-8c97-f372696b9485
1986,1986-11-21,中島みゆき,やまねこ,8305448d-d3de-4edf-9edd-e7dd4daa56c0
1986,1986-09-21,中島みゆき,見返り美人,305c305d-a248-48c9-9860-bd50c0103238
1986,1986-11-21,中村あゆみ,ONE HEART,2a42fbd1-e05f-4274-8896-c5c38b1ca9b9
1986,1986-04-16,中村あゆみ,ちょっとや そっとじゃCAN’T GET LOVE,64ee4d21-000b-4f2b-85f9-2ea0e0ae9882
1986,1986-02-16,中村あゆみ,真夜中にラナウェイ,cc0bb27e-3865-46b6-81ca-69bf73d1f8c4
1986,1986-05-21,中村雅俊,想い出のクリフサイド・ホテル,b65e6898-4599-4114-a83b-56efac2d334b
1986,1986-02-03,中森明菜,DESIRE –情熱–,0243ec3b-244f-402d-99a5-5ea93617ae88
1986,1986-09-25,中森明菜,Fin,0aa9ea09-58bf-44f9-9317-968e1ce856fe
1986,1986-05-26,中森明菜,ジプシー・クイーン,7cfac660-7cfc-4229-9880-2935f85edf2b
1986,1986-11-10,中森明菜,ノンフィクション エクスタシー,c7af56ee-a9ab-41be-b016-a8c945a9eb43
1986,1986-09-25,井上陽水・安全地帯,夏の終りのハーモニー,968f1865-1c27-3f32-8b8f-477bed13dfc7
1986,1986-02-25,亜蘭知子,Till the End of the World,5f589ea1-2e64-4f69-a328-fa00fc08bf3a
1986,1986-11-21,佐藤恵美,ピカソガール,5a4b1391-3471-4c1a-85f1-9c5dc9b57363
1986,1986-06-10,倉沢淳美,優しくてもサヨナラ,0a8d2ab3-7c58-434b-aaaa-df3253cc2843
1986,1986-09-10,倉沢淳美,忍ぶれど,dfb80dcb-f1b1-4eae-92dc-74e0e445b4df
1986,1986,八木さおり,瞳で片想い,204db415-ac07-42eb-9ff2-e07b98bcfa41
1986,1986-04-21,八田雅弘,夜を抱きしめて,8a87245b-9e7f-4fcb-ae82-1cd92ef8b9b2
1986,1986-05-10,八神純子,FUN CITY,2f52f28a-9d8e-42fa-888b-c380eb6e4ae7
1986,1986-11-10,八神純子,カメレオン,e6a30720-05c6-4eb8-8ee1-7c27d58094cb
1986,1986-11-07,内海和子,蒼いメモリーズ,a85ea198-51fa-47ed-a625-7215a51baea0
1986,1986-06-25,冨永みーな,ストップ!うそつき少年,8353bbbf-9efe-44f2-9297-28b27437632d
1986,1986-05-25,刀根麻理子,ジェラス・ファイヤー,7a72ba8e-1ae0-48b9-a921-5ef6a05db4df
1986,1986-10-05,刀根麻理子,一秒の夏,4d8c63b2-92e6-4e12-927c-1fdd2a7a9e57
1986,1986-08-25,南 翔子,タッチ・マイ・ハート,e3bbe8b7-ce22-4deb-a632-94f094a97fef
1986,1986,南 翔子,泣きまね,06394c9b-1a86-4882-8a4d-12e69536d0bc
1986,1986-08-21,南里沙,恋の匂いにBlack Out,422621d8-28be-4d8d-aa8e-a9202d634a82
1986,1986-03-21,南野陽子,悲しみモニュメント,e9912f4b-debe-4c5a-be5a-814ec0b10e4e
1986,1986-10-01,南野陽子,接近,27bb5e43-257d-40aa-b9d1-10b75062b706
1986,1986-07-21,南野陽子,風のマドリガル,0e34725d-78c9-45e3-8931-f40633b1a4ae
1986,1986,原田ゆかり,三味線師ロンリー・ブルー,5df05c63-ba06-475e-977c-ba6f3f31e219
1986,1986,原田ゆかり,東京イミテーション,6402977b-4b93-4b08-8458-16a263bc71ef
1986,1986-03-05,原田知世,どうしてますか,fa1faca0-e61a-46ef-9dbf-245769a6337b
1986,1986-09-21,原田知世,空に抱かれながら,3460417c-7e58-41af-b6ba-b4cd4e8473b6
1986,1986-06-21,原田知世,雨のプラネタリウム,59d6d1c7-d82a-4147-9666-dc7da7e07c16
1986,1986-03-01,吉沢秋絵,季節はずれの恋,c28da0dd-fc94-3fba-969f-dcae16901e0b
1986,1986-12-10,吉沢秋絵,流星のマリオネット,1968065b-aec0-4f77-ae9c-e4e49de2be88
1986,1986-09-10,吉沢秋絵,鏡の中の私,5ec94111-23fa-4f6c-9e62-9163fc04e90d
1986,1986-11,四季穂,LOVE IN THE NIGHT,a1818b0d-f047-4d07-b207-1a0deb4713c6
1986,1986-12-03,国生さゆり,あの夏のバイク,9c948f77-ce52-43da-a0f3-bbb63dff008e
1986,1986-08-14,国生さゆり,ノーブルレッドの瞬間,e368a231-35ed-4820-823b-72bd86baae91
1986,1986-05-10,国生さゆり,夏を待てない,3c005a68-756c-32c0-8f5c-61efd8384bc8
1986,1986-02-01,国生さゆり with おニャン子クラブ,バレンタイン・キッス,63b1c4d0-044c-420c-bdfe-09449cbdfbf9
1986,1986,坪倉伊織,王様と私,723a8d21-b4b7-45f5-95d4-67665a8b8e6c
1986,1986-06-11,城之内早苗,あじさい橋,a5ecbd61-a729-353b-8fa1-7abd8576b936
1986,1986-11-21,城之内早苗,流氷の手紙,5db69b72-a266-31eb-9433-1516119f3830
1986,1986-05-25,大西結花,危ないタイトロープ,4f9f3214-9f70-4ecd-89b8-0bd7c3696a7a
1986,1986-11-21,大貫妙子,ひとり暮らしの妖精たち,a28283d3-8df2-40f3-b650-f05c0e72b6a8
1986,1986-02-11,大貫妙子,恋人たちの時刻,7b5a037b-aa71-4b69-a759-44ea2a989682
1986,1986-02-25,太田貴子,忘れチャイナの青い鳥,0877d07e-e7db-42f4-8be7-3e710c5e2880
1986,1986-02-21,子供ばんど,北斗の拳 ハート・オブ・マッドネス / パープル・アイズ,87bae00e-5018-4f81-8257-1f08ce17bd80
1986,1986-04-15,宮里久美,ふたりのサン・ジョルディ,f61e5c87-7092-466e-80f9-b3ef602d3d57
1986,1986-05-21,宮野比呂美,蒼の時刻,47c05ff5-7dac-47d4-a372-0c8199ed7720
1986,1986-08-21,富田靖子,なんて素敵にジャパネスク,694de352-292f-4230-88df-9d25600328bf
1986,1986-12-20,富田靖子,消えたプリンセス,e8e30884-0a4f-4cb7-90c2-efb85b6a72ea
1986,1986-04-10,小原靖子,ちょっとHENSHIN,20b5aa7b-4513-4cee-a9d6-08862fd70b5b
1986,1986-08-11,小原靖子,恋はBUCHI BUCHI!,31a3bb53-8635-426a-a92f-723933fdc1b2
1986,1986-05-25,小幡洋子,もしも空を飛べたら,ff750ac4-5d6b-4450-b97c-0cc2f4b31ad4
1986,1986-01-25,小幡洋子,南国人魚姫,fad109b1-29af-43fe-b0cb-4c0837b653ff
1986,1986-07-21,小林健,君の瞳のブルー,68da14fa-f333-4c0b-a5ba-e977955e995b
1986,1986-03-21,小柳ルミ子,乱,40038ed0-b5fe-49f5-80ed-16cc31addc69
1986,1986-04-30,小泉今日子,100%男女交際,38a77af4-0517-4561-b943-b0cabc34235f
1986,1986-07-10,小泉今日子,夜明けのMEW,2249c6cc-6378-45ae-97bd-a636df09cb70
1986,1986-11-19,小泉今日子,木枯しに抱かれて,7d79da58-86be-3396-961b-aecdcf2d6a6f
1986,1986-03-05,少女隊,もっとチャールストン,1cc6aad2-b2fc-47e1-b989-0309b86bcb43
1986,1986-10-01,少女隊,バランスシート,fca4ef64-8a31-4fcb-b334-ad09bfd32a15
1986,1986-12-21,少女隊,君の瞳に恋してる,a13d8ae2-3cbf-42ac-b10f-4ab04c1083ce
1986,1986-07-07,少年隊,ダイヤモンド・アイズ,9f0427e6-eea6-4d3f-9c88-a366fd40e962
1986,1986-03-24,少年隊,デカメロン伝説,3c9e68d5-c2fb-4220-a7df-66c85dcb8298
1986,1986-11-28,少年隊,バラードのように眠れ,61ac84eb-2933-4ac8-b316-0f6371b9e2d3
1986,1986-09-21,尾崎仁美,一日千秋,49a21e6e-f7f3-4da3-b4e4-251bedee400a
1986,1986-09-24,山瀬まみ,Heartbreak Cafe,ba3e6482-71cb-3f93-97ef-612b66e99b06
1986,1986-06-21,山瀬まみ,セシリア・Bの片想い,8699a716-990f-38b9-9f78-e4ff53b7fe41
1986,1986-03-21,山瀬まみ,メロンのためいき,fa2f9f2c-3f3a-3a32-ad27-c964d343bda4
1986,1986-01-29,岡田有希子,くちびるNetwork,1c4d8ee7-5e3d-3946-8b00-9ebcd340b5ca
1986,1986-10-21,岩崎宏美,夜のてのひら,7aa80deb-9ac5-4af7-97c3-76eaccc5b570
1986,1986-02-05,岩崎宏美,好きにならずにいられない,db0bca8f-759a-4981-b0f2-881170e2a055
1986,1986-06-21,岩崎宏美,小さな旅,2dfb6e93-209f-4ed0-9639-51dfe80dad1f
1986,1986-06-05,岩崎良美,チェッ!チェッ!チェッ!,d08d95ad-e259-457d-828c-571bfb65dfbf
1986,1986-05-21,島田奈美,ガラスの幻想曲(ファンタジー),78e3967d-d1e9-3b9a-baea-d5517dcea52e
1986,1986-11-19,島田奈美,パウダー・スノーの妖精,159d8397-4d67-3b08-8ebe-e618d80be809
1986,1986-08-21,島田奈美,負けないで…片想い,8311ef0e-a9f2-3cf7-9de0-b36968b48651
1986,1986-06-21,川村愛,PRISONER,b7067511-b803-43ea-9c7b-ce14bffaacd4
1986,1986-02-21,工藤夕貴,し・あ・わ・せカーニバル,fe6ce5c8-aaa5-41ee-90d8-6eb5e5efb86c
1986,1986-06-21,平江由美,クラシカル・ロマンス,572fda7d-b9e9-4345-8d61-9ec837c505a6
1986,1986,幻覚マイム,幻覚マイム,10acfdde-b83a-47e9-81d2-64d38e66c8a2
1986,1986-10-21,庄野真代,おでかけブギ,26188e93-2217-4b85-96d2-6081895ab2fd
1986,1986-05-01,影山ヒロノブ,炎のバイオレンス,9a1f1107-34fb-4197-aecd-4d66152d3688
1986,1986-12-10,志賀真理子,ひこうき雲,8fe54e62-6c55-4dea-887c-ddd228d0ab78
1986,1986-02-25,志賀真理子,フリージアの少年,4647206a-e4b8-4449-b701-187dcd8302f3
1986,1986-05-25,志賀真理子,青い涙,3f32d191-0242-4db0-86ca-716e921e9539
1986,1986-12-12,息っ子クラブ,ちょっと辛いあいつ,4b06670f-e99f-49ac-bfb6-e5ccf9998113
1986,1986-09-05,息っ子クラブ,僕達のSEASON,e9c2041e-fe55-488e-90dd-57a67e5e4e37
1986,1986-02-10,戸川純,さよならをおしえて,fab73b08-9c62-42a7-8964-5505488b2326
1986,1986-11-19,斉藤由貴,MAY,aef1d07b-db9f-46b3-83a4-d61893074bf2
1986,1986-05-21,斉藤由貴,土曜日のタマネギ,d0a22bde-4f3e-48a1-8a93-995f45e2860a
1986,1986-03-21,斉藤由貴,悲しみよこんにちは,3a99967c-aa98-3bc7-993e-87d968292c64
1986,1986-08-15,斉藤由貴,青空のかけら,6705e5a3-efbe-3bbe-8cae-95b7ec13ff55
1986,1986,斉藤美和子,恋人はいつでも,84ede467-b864-4ef1-bdb3-76f5153e4047
1986,1986-02-21,新井正人,アニメじゃない —夢を忘れた古い地球人よ—,c4c5ca49-f51f-4b12-8fb4-6b564973c7eb
1986,1986-07-05,新居昭乃,約束,ac9c928a-0830-4876-9b11-ae7a0c8891a1
1986,1986-08-01,新田恵利,不思議な手品のように,e97a4298-420c-440c-a05f-2bedecbe3727
1986,1986-11-14,新田恵利,内緒で浪漫映画,20efc607-a049-46ee-b507-bd76bee9eeb5
1986,1986-01-01,新田恵利,冬のオペラグラス,4c06af66-3757-3bda-b89e-5d5911eaf974
1986,1986-04-10,新田恵利,恋のロープをほどかないで,6b55bf07-de5c-4654-8e69-f9633101ec0e
1986,1986-02-01,早川めぐみ,Dancin’ in the Rain ～昨日よりも愛しい人～,f9159d79-4bb0-485d-be2a-fa63f6d569b6
1986,1986-02-02,早川義夫,前口上,6077c9eb-cd79-408e-b2cb-5e0650ef5c9a
1986,1986-04-25,早瀬優香子,硝子のレプリカント,8d279cfa-6c5f-4ad6-9786-9f6fddc0638c
1986,1986-10-22,早見優,Love Station,7a0a712e-9954-4753-a5ff-6a9f9f454e36
1986,1986-07-16,早見優,Newsにならない恋,ce4efba7-f206-4812-92c4-e84cd5b314a6
1986,1986-03-20,早見優,西暦1986,25b5571a-aa09-4ef3-a876-21a620fe5517
1986,1986,木魚,大明神,403cb6d4-b07f-4d73-9acf-7c396015cebd
1986,1986-02-05,本田美奈子,1986年のマリリン,7155eafb-de22-4d32-a93d-a49a93e6384b
1986,1986-07-23,本田美奈子,HELP,f1dc4e3a-eccc-49d6-adcd-ce1f417e2f2a
1986,1986-05-01,本田美奈子,Sosotte,b3a4cd1c-4b5c-4c86-b272-8162ba1de390
1986,1986-09-03,本田美奈子,the Cross—愛の十字架—,4cf58067-243a-4733-8ac2-a81551ee4eff
1986,1986-05-28,杉山清貴,さよならのオーシャン,9535816b-f889-4263-b185-c423757582ac
1986,1986-11-06,杉山清貴,最後のHoly Night,de5e5ff5-6412-41bf-a04f-69d29405d69b
1986,1986-05-25,杉本誘里,風のTAKE A CHANCE,45148231-76ac-41e1-8c37-bd32928f3c16
1986,1986-02-21,杏里,Oriental Rose,d8febc76-9732-4570-8d8d-5ccc86a25460
1986,1986-11,杏里,TROUBLE IN PARADISE,2a725adc-a735-498e-a8b4-190a7178861d
1986,1986-06-25,村田和人,25時のアベニュー～LOVE YOU FOR THE NIGHT～,2d8078cf-964c-4b76-ad58-8fe3e0c9b26a
1986,1986,村田恵里,"TOKYO, CITY OF WONDERS.",8b3fd767-6e18-4968-9371-7207d561c085
1986,1986-04-25,来生たかお,あした晴れるか / 来生たかお,458fc4ff-86e7-4e2b-9e49-25624f988ae0
1986,1986-12-16,松平直子,Stone cold lover,b717b61d-862c-4eb0-978a-9d264cc72f9b
1986,1986-02-21,松本伊代,Last Kissは頬にして,67ee00e5-1aa1-40e0-9192-f51443cf97a8
1986,1986-12-16,松本伊代,サヨナラは私のために,8da283c9-fabe-47b7-b4a1-e592e76557bf
1986,1986-08-05,松本伊代,信じかたを教えて,26544a0a-c9b6-4e32-be9a-2bc4d7051b4b
1986,1986-10-01,松本典子,儀式(セレモニー),ce6fb998-7650-49ed-a63f-ae8e668a8675
1986,1986-02-26,松本典子,虹色スキャンダル,32471232-6ec6-4b9f-a39c-87f68279375b
1986,1986-07-30,柏原芳恵,女ともだち,9fbc0758-db8c-4063-9c24-7220723512fe
1986,1986-01-01,柏原芳恵,春ごころ,1fb18ae3-3293-48dd-9ce5-353d1b8021a0
1986,1986-05-11,柏原芳恵,花嫁になる朝,d88e83b9-17b3-423a-83f2-ffe3ee9b7099
1986,1986-02-21,桑原佑典,ナイトウォーカー,b045dd4c-8221-48cc-883a-5619d86d1e9f
1986,1986-11-21,桜井真里亜,哀愁のメキシコ,1dcc8175-da40-497b-9d78-ba7cace701d1
1986,1986-03-05,梅沢富美男,恋曼陀羅,370cd264-cc3a-476e-9338-4008f2db29f4
1986,1986-02-21,森口博子,すみれの気持ち,2ec4978c-459b-4864-9480-e0b238899f16
1986,1986-06-21,森川美穂,サーフサイド・ブリーズ〜真夏の風,57d0095c-ea67-4432-bbc1-e2343383fead
1986,1986,森恵,夢見るダンス・アウェイ,d30cc380-13f9-4233-b19a-054b55ecbc78
1986,1986,森恵,微熱に抱かれて,df9c1564-404f-42a0-8a4b-a862c460341d
1986,1986-05-06,森昌子,孤愁人,6d243e09-c3b7-40d6-bc49-e796d5ade7c1
1986,1986-05-21,森祐子,涙のエアポート,4dae2b74-d86b-4adc-ac91-08795f543ba2
1986,1986-07-05,森進一,ゆうすげの恋,ff93bb33-14e6-43c8-a897-585ba22973d2
1986,1986-01-21,森進一,わが故郷は心のふるさと,1350fe71-4c1b-4787-9aac-e0657d234f1a
1986,1986-01-01,椎名恵,今夜はANGEL,5068b03a-7889-43d5-a602-0f608acd2827
1986,1986-11-21,榊原郁恵,もうひとりの女友達代表,b7bd5ca1-e693-4916-b3e2-1a7fe7ae9632
1986,1986-01-21,榊原郁恵,プロ・ポーズ,cb49bcd1-b09d-4034-9abd-4d4d17ec1b89
1986,1986-11-21,橋本和美,再会,85bbe1a3-f331-47cf-8988-7c3970aaa163
1986,1986-03-21,水谷麻里,21世紀まで愛して,a4ddf181-61fd-4e44-9264-dc3c257be1cf
1986,1986-09-25,水谷麻里,乙女日和,28658e24-db34-4c1c-b657-6edd27f0b8f1
1986,1986-07-01,水谷麻里,地上に降りた天使,4b234c2e-ac35-4346-8b3e-bdc185a6eadc
1986,1986-07-23,江戸真樹,I Love あのコ・夏Maki,9406e1f1-18d3-3117-b5e7-9e367e53e6ed
1986,1986-08-05,池田聡,モノクローム・ヴィーナス,fcc95398-eb09-421a-8688-ec4f4167d600
1986,1986-07-02,河合その子,再会のラビリンス,390ab520-60c9-4f13-8f94-d27ade98cbdc
1986,1986-10-22,河合その子,悲しい夜を止めて,7a74e404-c161-4032-a73f-9a2a2651e4d2
1986,1986-03-21,河合その子,青いスタスィオン,fe9de0cc-461f-4a7c-959b-b9bdefc5fa5c
1986,1986-09,河合奈保子,Scarlet MY SONG ONE,42da34ea-01ac-4d3e-81ac-25549d9e2e3c
1986,1986-11-26,河合奈保子,ハーフムーン・セレナーデ,0f1120ce-cf08-4b7d-9f67-c8d059daf460
1986,1986-07-24,河合奈保子,刹那の夏,6a41b88b-b90f-4891-9c41-01c8fdb7e724
1986,1986-04-01,河合奈保子,涙のハリウッド,2d20dfba-7554-4fae-b8d3-89d176b5f783
1986,1986-09-21,浅香唯,10月のクリスマス,f1c1e761-94d4-478f-aed1-0f3a91eea593
1986,1986-05-21,浅香唯,コンプレックスBANZAI!!,d57a5e9f-c5c5-4700-844f-3d55478ecad6
1986,1986-01-21,浅香唯,ヤッパシ…H!,06518c77-1383-48a7-83fc-9d620df6b8ab
1986,1986-07-16,浜田省吾,路地裏の少年,058d4198-0b6c-4085-a5a6-aaf10e301b28
1986,1986-05-21,浜田麻里,Crime of Love,1967d59a-0b31-4a8b-ab2e-288b5f30c574
1986,1986-12-16,浜田麻里,LOVE AND FREE,1cde07cd-ec22-41bb-a3ec-977d755f3f29
1986,1986,浮世繪,Life Exhibition,f90236e2-b0de-4ab2-ad73-092009e3232f
1986,1986-10-05,清水香織,26時のシンデレラ,74ef36c3-7a1f-3d6d-807c-9ac8b3ace224
1986,1986-06-21,清水香織,禁じられたヒロイン,7feb0e28-f705-35e8-b83d-9017ac1a532f
1986,1986-10-08,渡辺満里奈 with おニャン子クラブ,深呼吸して,8bb0d492-7b41-4c3a-a43e-c7664573d9f1
1986,1986-07-16,渡辺美奈代,瞳に約束,c4ccb52c-8a22-3e8c-a4e4-35fd2b3daabc
1986,1986-10-15,渡辺美奈代,雪の帰り道,48088391-ee38-4e1f-a074-db5afe3ba448
1986,1986-10-22,渡辺美里,BELIEVE,fc2a0854-3028-4efc-b2ba-2e593e0e55df
1986,1986-07-21,渡辺美里,Long Night,150a9ba4-25ae-4a35-b7d8-99db20269532
1986,1986-01-22,渡辺美里,My Revolution,d43ee139-00bf-3425-8f5b-2c0253e67427
1986,1986-05-02,渡辺美里,Teenage Walk,0232a761-3790-403a-a9c0-bd8e6d2b411c
1986,1986-05-02,相楽ハル子,ヴァージン・ハート,d71ccc8d-b948-4b8b-b669-7314f66b59ec
1986,1986-10-10,相楽ハル子,踊らせてトゥナイト,15c2da9f-d25e-4385-99ee-3aed1600b1ca
1986,1986-04-21,相築彰子,がんばれ!ウミネコ,afe71279-1ec5-4f0a-94c9-c7f062c40fd6
1986,1986-11-21,真璃子,不良少女にもなれなくて,3a3f3786-25a0-4ceb-82c2-adf324949b66
1986,1986-08-21,真璃子,夢飛行,3aa78d2f-f60e-4c97-9ac0-8f13de3b70bd
1986,1986-05-28,真璃子,恋、みーつけた,a42dfff4-f7fc-473e-9f58-4ae528c2dde3
1986,1986-01-01,真璃子,私星伝説,7b7f1b2a-c12c-4186-96b0-983f2b70889c
1986,1986-08-14,石井明美,CHA‐CHA‐CHA,8088f7cc-4281-4f26-a96d-f3b294482d01
1986,1986-11-12,石井明美,響きはtutu,ea109f8d-3184-41aa-adfa-36edb1c8149a
1986,1986-04-05,石川ひとみ,秘密の森,95401d2b-3411-404a-a210-8f68ab5bea0a
1986,1986-09-21,石川優子,ニール・サイモンも読みかけのままで,d82a1002-bc24-477f-8689-0979c5b787f0
1986,1986-04-20,石川優子,愛を振り向かないで,402879db-04ab-40d9-9e5e-3ac8ca022bb9
1986,1986-08-21,石川秀美,LOVE COMES QUICKLY ～霧の都の異邦人～,e85f6cd9-02af-40f3-af80-05cb5e5f9de1
1986,1986-07-09,石川秀美,SHADOW SUMMER,7b9c9908-96a0-4c70-ba3c-71c3452edcd2
1986,1986-11-05,石川秀美,危ないボディ・ビート,d147c7e3-67f0-4a69-ad45-994c048a8ddf
1986,1986-03-12,石川秀美,春霞恋絵巻,fb25043f-bf5e-45c6-b9f5-67ce379a8771
1986,1986-07-21,研ナオコ,Tokyo見返り美人,78f44c29-cf53-4360-aaba-27c06040b9c5
1986,1986-10-01,福永恵規,ハートのIgnition,27c466e6-3dd6-36d1-8ddd-19857e3af098
1986,1986-05-21,福永恵規,風のInvitation,5ca239c1-3cf8-3ab9-99ed-00c6afea975c
1986,1986-10-05,篠崎正嗣,螢川,7ffc8fd0-6bd1-406e-a295-ff86c0745409
1986,1986-04-25,紘川淳,失恋ライブラリー,2d467400-03c1-406d-9fde-e08b6c326641
1986,1986-08-01,紘川淳,恋景色,6742180f-32d5-4988-8f4d-a4e2b6009a1f
1986,1986-11-01,聖飢魔Ⅱ,アダムの林檎,3b0e20b9-11ec-41a9-a91b-7506bfa13866
1986,1986-04-02,聖飢魔Ⅱ,蠟人形の館,ed381021-a843-4f3f-93d8-0ca6604e05fb
1986,1986-09-10,芳本美代子,Auroraの少女,fa6bcf16-6fb6-4aee-bd34-a287482a3289
1986,1986-03-05,芳本美代子,心の扉,4392c474-7186-40a8-a72f-caba840fdeaf
1986,1986-12-24,芳本美代子,横顔のフィナーレ,4c948111-58d3-4ccc-8641-6f5e79bdae38
1986,1986-06-04,芳本美代子,青い靴,bfc76d11-b82b-437e-b8c5-74b99dee7090
1986,1986-06-10,荻野目洋子,Dance Beatは夜明けまで,52654088-0723-4b31-a736-b792658f5778
1986,1986-03-26,荻野目洋子,フラミンゴ in パラダイス,65acde97-bee2-4a81-9b86-b612487fb73a
1986,1986-10-29,荻野目洋子,六本木純情派,c9fd5691-17c4-4ba1-b389-69a07226ecbf
1986,1986-02-13,菊池桃子,Broken Sunset,9a275826-0f50-40d6-a253-899552d0a00f
1986,1986,菊池桃子,DEJA VU,01e8bda9-c927-4376-aea9-8cbf4d72fc78
1986,1986-09-03,菊池桃子,Say Yes!,75e7f8a9-036c-4d95-9878-8a905d46fb7b
1986,1986-05-21,菊池桃子,夏色片想い,f3692e51-13c3-437b-bb5f-e78976647764
1986,1986,薬師丸ひろ子,紅い花、青い花,356ef039-1b9f-4774-b35e-315d6f5ab46b
1986,1986-07-25,藤井一子,チェック・ポイント,3674edbc-2a6b-419b-8acc-38f37639a37d
1986,1986-04-21,藤原理恵,悪いのはマガジン,adedc4b7-5bf1-4c54-bfb0-45cd4fb3321c
1986,1986-12-17,西村知美,16粒の角砂糖,75d7fccd-cb51-40ea-9f6e-deb2607c2047
1986,1986-09-29,西村知美,わたし・ドリーミング,ded186df-9816-49be-a6cc-b0d2380be2eb
1986,1986-06-23,西村知美,ドラマ,5e746e87-36f9-449e-8e5c-57fb7d411f8e
1986,1986-10-27,西村知美,君は流れ星,678d245f-1d1d-4801-880a-b1ee44ca1d3b
1986,1986-03-20,西村知美,夢色のメッセージ,89ff4c9f-3373-451b-a55f-5846602533c4
1986,1986-06-23,西村知美,見えてますか、夢,cd9cc53c-d852-4927-93b3-ff61c1fae5a1
1986,1986-11-05,角松敏生,ドアの向こう ~ Sayonara T,f51e5978-3ee4-43e2-beb0-d6e11290f4d4
1986,1986-03-31,近藤浩治,スーパーマリオブラザーズ オリジナル・サウンドトラック,edec9920-9374-40d4-9802-12f1b142655c
1986,1986-07-23,近藤浩治,謎の村雨城 オリジナル・サウンドトラック オーケストラ・ヴァーション／ゼルダの伝説 オリジナル・サウンドトラック オーケストラ・ヴァーション,b6bac5fe-ce88-4f9d-8b66-525293632d7b
1986,1986-05-21,遠藤康子,In The Distance,7f7db7ec-56e6-457c-a84b-75fb97f1bd64
1986,1986-08-01,鄧麗君,情人的關懐／你在我心中,8ed89b98-017f-3519-bd01-abf9b2a9e94e
1986,1986-12-20,鄧麗君,我只在乎你／心路過黄昏,d979349f-ac96-48d1-9195-388a0e8e8652
1986,1986-02-23,野口五郎,サ・ヨ・ナ・ラ,6249cfcd-c38a-4ddc-b3b6-6fc5136017a9
1986,1986-12-21,野口五郎,涙のチケット,f1f858f9-6cf8-4991-8606-b34c4c48ecab
1986,1986-05-02,野崎沙穂,淋しいラッキーガール,5b3f6ad5-6121-4da9-adaa-34ef4ff2cafd
1986,1986-06-21,鈴木ゆかり,泣き濡れて,ecbc1b0b-388f-4128-8667-71093f27c90b
1986,1986-02-26,鈴木雅之,ガラス越しに消えた夏,f1c69cf2-0ad1-43ce-a510-ec77521cba9e
1986,1986-10-21,長山洋子,ヴィーナス,98e2ff52-3970-418b-8bce-334a5a2267a5
1986,1986-05-01,長山洋子,雲にのりたい,cb501e4d-4800-4661-844d-fe5c034ceed0
1986,1986,陳百強,偶像陳百強Remix,2bf89dd4-f6da-3203-95b4-14af286d70e0
1986,1986-07-21,飯島真理,遥かな微笑み —黄土高原—,2229b6e0-a475-4043-901f-6e31f79f38ab
1986,1986-06-25,高井麻巳子,シンデレラたちへの伝言,d03c8dfc-b395-36f2-b82e-f3687213163d
1986,1986-09-21,高井麻巳子,メロディ,f8abc053-9469-48a9-a6fe-73c313e3f4c0
1986,1986-12-21,高井麻巳子,約束,a6abc4cf-8e54-4a2d-982c-2517384e0042
1986,1986-03-01,高橋洋樹 / 橋本潮,魔訶不思議アドベンチャー! / ロマンティックあげるよ,ff5f18ba-812f-473f-a306-bfda4740d07f
1986,1986-11-05,高橋玲子,ラブソングは唄えない,5b835e72-8904-4130-8fa2-aed6779e76be
1986,1986-08-22,麻丘めぐみ,離婚美人,88f07a69-47ca-47b7-934b-24dd78695e7d
1986,1986-03-21,麻倉未稀,千億の恋人,ec489e80-3e2f-434b-ac01-15296d67506d
1986,1986-09-05,麻倉未稀,愛はウィングス,88cafd65-5a52-4154-bb4b-f7f84f5feec2
