jahr,erstveroeffentlichung,interpret,titel,mbid
1989,1989,.38 Special,Hold On Loosely / Rockin’ Into the Night,554ced63-e557-3773-8015-be5353628fbd
1989,1989,091,Cartas en la manga,066cfce8-d6ba-3ae3-9c97-ac99002b3a8a
1989,1989,091,Esta noche,90c2e1d8-c873-3561-973e-fd6565c7eb2a
1989,1989,091,Qué fue del siglo XX,fd37dc8b-b2bc-33b3-ac81-95bf9814d1a6
1989,1989-07,"10,000 Maniacs",Eat for Two,8a6b1fea-df3b-4ac0-b75a-d7fd1cb976b4
1989,1989-04,"10,000 Maniacs",Trouble Me,6a06af81-b4de-49fb-8901-fed97a0acb18
1989,1989,100 Hz,Low Frequency Overload,3236f063-49a6-4871-92fd-a23526470b9f
1989,1989,1313 Mockingbird Lane,Hornet's Nest / My Hearse (Is Double Parked),990cf341-ea51-48e9-909d-a5ea9c292b4f
1989,1989-04-08,14 Iced Bears,World I Love,30a0bcde-9d6f-37af-bafe-edf34e7883e3
1989,1989,16 Bit,Hi-Score,70549381-964b-381e-bb67-fde71cd6733a
1989,1989,1789,Philosophie précise,ccc8adfa-a64e-4e82-bc72-ce8cd4164b93
1989,1989,1927,Compulsory Hero,5a772e4e-c411-42aa-96fe-ea44a49e01ad
1989,1989,1927,To Love Me,cc180be1-28c4-43b3-80b2-9bb4aef2e95a
1989,1989,1927,You’ll Never Know,1d09073b-20ec-4001-9a7e-03c4d6ae007c
1989,1989,2 Brave,After Midnight,e3ee6d5b-1497-43d6-977e-c422f36f29df
1989,1989,2 in a Room,Do What You Want,4f126a73-76aa-4942-b4d8-4137da219932
1989,1989,2 MB,Vampiers,48f60dd9-7215-413d-9908-5e626dac06a9
1989,1989,"2 Puerto Ricans, a Blackman and a Dominican",Scandalous,957f5a27-73ca-4ff0-b393-c51a25ac9b3c
1989,1989,2-Kut,Beat Boy,8543b8ff-5c1b-36fc-9855-f2221904cf8e
1989,1989-06,220 Volt,Still in Love,23aebcdb-38c1-44e6-8482-cbc958cfead2
1989,1989-12,2nd Communication,Locked In Truth,ac4c95eb-9aff-4c5c-a494-e3fd9c2ca109
1989,1989,49ers,Shadows,2e18449b-32be-4d8a-9a08-8ddcfe17a1d9
1989,1989,49ers,Touch Me,4ae5e1ae-527c-3957-9410-987c29e55f65
1989,1989,54-40,Walk in Line,071dc55f-7036-3151-aa39-b7e175d3fc76
1989,1989,64 Spiders,Potty Swat,f5169e0a-0851-4733-b22e-06a6b2f72b51
1989,1989,78-3,Judy / Please Stay Here,62d2ff44-d183-4bd0-86db-6e59f1ffc4b8
1989,1989,7th Heaven (US-MA),Demo I,1facb9de-ac12-47a9-bfea-2c42b26efb55
1989,1989-11-06,808 State,Pacific,cddb053b-77e6-3664-a957-8d326c661df8
1989,1989,808 State,The Extended Pleasure of Dance,334b8cbb-41e5-376c-b1a8-776b6f593d0c
1989,1989,99th Floor,I Walk Alone,ff5632c1-42ea-4d7c-b062-9a79c52a9f53
1989,1989,A Certain Ratio,Backs to the Wall,ffa31d88-0b14-478a-aff1-eae1c406ee02
1989,1989,A Certain Ratio,Good Together,61f712d3-c282-4a3c-9b90-0f73b97263cb
1989,1989-06-12,A Certain Ratio,The Big E,c3c21728-6b7b-4bfe-b5cd-47d0fb7b2b38
1989,1989,A Certain Ratio,Won't Stop Loving You,33d75347-beab-36fc-9260-f5d8832b2dc3
1989,1989,A Certain Ratio,Your Blue Eyes,647d56df-4e60-4f19-b7d3-13e458682af1
1989,1989,A Flock of Seagulls,Magic,48eeda36-4ef5-3a24-9930-0dc935f253e2
1989,1989-12,A Guy Called Gerald,FX,df66237f-baf0-34fb-83e4-1725bcb54f6b
1989,1989,A Man Called Adam,Earthly Powers,14a7bc18-1dca-4bf6-b1ea-dfdd4540692f
1989,1989,A Split‐Second,The Colosseum Crash,ff683153-d5a1-460b-a1a4-ab38089a962f
1989,1989,A Tribe Called Quest,Description of a Fool,c545187b-6a4d-4430-baf9-153000d78609
1989,1989,A Wedding Anniversary,Asylum,e1e8cf09-1695-4808-a282-37e9ab4a2b71
1989,1989,A Witness,"I Love You, Mr Disposable Razors",33667195-79fe-4c86-99b1-425fb25b52e4
1989,1989,A'me Lorain,Whole Wide World,33d3bd37-de5a-386e-8587-c3db92fae541
1989,1989,A.C. Marias,One of Our Girls Has Gone Missing,4f6791b9-e876-4c11-898f-6f588c530d3b
1989,1989,A.R. Kane,A Love From Outer Space,435967a8-f131-318c-94ab-78a522b057b4
1989,1989,A.R. Kane,Pop,137527da-02c8-4ad6-bbf4-1595edcebf0a
1989,1989,A.R.G.,Prevailing Sickness,93c31375-1ba4-443b-b819-3f0ded4349dd
1989,1989,A.S.A.P.,Silver and Gold,cc3f7dcf-f4c0-36fd-bb90-491c049fa69d
1989,1989-05-15,ABC,One Better World,c3f93154-3567-42bb-aa25-3d9c1cdec246
1989,1989-09,ABC,The Real Thing,2d4395dd-60a4-4c44-a07d-d4721d3eb8e2
1989,1989,Abfahrt,Alone (It’s Me),db3e379b-6860-442f-8a54-b8caac368ce4
1989,1989,Absent Friends,Hallelujah,b5130ee8-3f11-424c-9f91-4afc3d5badd6
1989,1989,Abstrac',Right and Hype,4e324b4d-52bd-42c3-b01a-79cdf2f45f74
1989,1989,Abstrac',You Are the Party (I Am the Fun),c5cb421e-dfd3-4c09-8599-5df33e01d042
1989,1989,Abwärts,Die Zeit / Der Messias ist wieder da,edb40081-6929-41f2-9a1e-342919860c9f
1989,1989,Accent,M'n engelbewaarder / 's Nachts lig ik wakker te dromen,faa21be4-f1b4-44c4-b2cf-0d146397087a
1989,1989,Access Denied,"Play This, Play That",2bc9c39a-6e9f-48d1-a8f9-3e2502044d72
1989,1989,Access Denied,The Music Makes You Lose Control / Turn Up the Music,a38816d7-c279-4ffc-baa8-3bd8021c3340
1989,1989-08-11,Achim Reichel,Fliegende Pferde,4b2cd6c3-0135-4078-87f7-1a496807c8c4
1989,1989,Acid Horse,"No Name, No Slogan",af3aad81-b6ff-312e-a42a-3805b445f110
1989,1989-12,Acid Reign,Hangin’ on the Telephone,d81c824e-7c2b-3993-b4f4-1865168e46d7
1989,1989,Adam Ant,Room at the Top,4205f359-cd5f-3aa8-a84b-8b6f942445ac
1989,1989,Adeva,I Thank You,f2095cc0-3586-40eb-b926-ec279d0d6077
1989,1989,Adeva,Warning!,740533bf-3ff4-455d-a7ac-030589d51313
1989,1989,Adrian Belew,Oh Daddy,b68e9ae4-4546-41f9-9cdd-a365668ae92a
1989,1989,Adrian Borland & The Citizens,Beneath The Big Wheel,2fda8b81-2a55-4de0-adf0-7e892032787f
1989,1989,Adrian Borland & The Citizens,Light the Sky,9226d96e-be0f-4d24-9f17-63696993504a
1989,1989,Adult Fantasies,The Sandman/The Party Is Over,012ed4c9-60b9-4f7b-ae03-14246d5c871d
1989,1989,Adventures of Stevie V,Dirty Cash,906cfd7a-71d9-3d93-b964-32944f935db2
1989,1989,Aerolíneas Federales,Lárgate,2ec321cd-cf40-3a11-bdd9-4f3db14e1cc6
1989,1989,Aerolíneas Federales,Mucho whisky y rock'n'roll,b9675fba-db2e-35e7-aff9-ff1cf598412e
1989,1989,Aerosmith,F.I.N.E.,7a4f622a-216e-3633-9094-c5937dcd4e05
1989,1989,Aerosmith,Janie’s Got a Gun,4fec98b9-3a13-3b6c-8cfe-3da1f21c3cff
1989,1989-08-15,Aerosmith,Love in an Elevator,fa30a56b-02d4-4c7b-9ed8-67f2466d8895
1989,1989,Aerosmith,The Other Side,a6fedae5-39e2-3008-a796-cfbd1d7da7fc
1989,1989,Afrodite,Cartoon Girl,76ea8a84-7703-402d-a1d8-6043ad462385
1989,1989,After 7,Don't Cha' Think,48c2bf47-fa1f-427e-b922-d414af849067
1989,1989,Aftershock,Always Thinking,f0aa69f5-09ac-47ac-95ba-b1f54adcb998
1989,1989,Agatha de Co,J'ai pas peur du... Zombie ! / On etait fou,3e2b9ca1-734a-4a88-addb-b7cae314dbb9
1989,1989,Age of Chance,Time’s Up (remix),be436d2e-bee1-398b-8c74-12277419c317
1989,1989,Aida Satta Flores,Certi uomini,d33bba92-d21e-4281-93a0-ce767a57c768
1989,1989,Aircrash Bureau,Exhibition,902c605f-dada-349f-85d2-e38fbd6c893a
1989,1989,Aja van de Graaf,Gebroken hart / Ik heb je nooit bedrogen,5e7c15ea-e34f-4785-97e8-511e9a2cebd4
1989,1989,AKA Brothers,Coming Out Large,e7e132de-1118-4b20-97c1-f1f8cd9767c4
1989,1989,Akina Stevens and The Winners,This Time,2f41452f-c522-42e7-95f2-5229fa9d9671
1989,1989-10-09,Akirè,Last Train,e87a83b9-2aeb-4c1d-9979-c709acd857c4
1989,1989,Aknestik,Somaa,32731209-460e-4d53-b2e7-577cb3f979c1
1989,1989,Al B. Sure!,If I'm Not Your Lover,f59f4ad2-86cd-4d48-86c7-a87210b96d91
1989,1989,Al Bano & Romina Power,Donna,ff9de646-7eeb-461c-bf08-cd73afd0cd62
1989,1989,Al Corley,Where Are The Children,dd710e59-8c78-4716-91cc-eac881abf013
1989,1989,Alain Souchon,Dandy,7741775d-45f5-4a48-80fb-e00be89523a2
1989,1989,Alain Souchon,Quand j’serai K.O.,2a08816d-2946-4bd6-9c2a-d0cc30c5ba00
1989,1989,Alain Thomas,La Fille d'en face,70ac1e7a-fa12-4f60-9f28-e8e2d00f1fc5
1989,1989,Alan Jackson,Chasin' That Neon Rainbow,9f17e589-6c05-4610-b01f-349976a79a18
1989,1989,Alannah Myles,Love Is,879f4899-23d5-462c-91ef-245652c98f7f
1989,1989,Alaska y Dinarama,Descongélate,0c56a137-2e03-4560-bc6c-1429108da1d3
1989,1989,Alaska y Dinarama,La mosca muerta,8f7a6413-e434-4174-9aff-cf068fdf068b
1989,1989,Alaska y Dinarama,Mi novio es un zombi,1717d8ab-06c6-40ec-bde6-ba7ceac0a7d7
1989,1989,Alaska y Dinarama con Ana Curra,Quiero ser santa,91ba948d-d14b-44fd-b174-8acc4a8d786f
1989,1989,Albert Hammond,Under the Christmas Tree,489bc9a0-fe21-4f30-a73b-57b62b823d2b
1989,1989,Alex Rehak,Back to the Rainbow,48362d21-041c-4546-a715-348c7bb07b02
1989,1989,Alexa,We Don't Remember Why,da937c4f-7b02-4f4c-9d3d-efb9abb3e1cc
1989,1989,Alexander O’Neal,(What Can I Say) To Make You Love Me,fd389b18-e685-40ec-a768-d3fa266074af
1989,1989,Alexander O’Neal,Hitmix (The Official Bootleg megamix),2a65b3b2-b225-3e8a-89ec-9b263695e584
1989,1989,Alexandra van Marken,Wilde harten,2a45ae25-94ff-4923-8b46-a5c586f0655c
1989,1989,Alice Cooper,Alice Cooper,08b5e32b-9b50-4d5d-b2c7-1c5609763b38
1989,1989,Alice Cooper,Bed of Nails,b74f46bb-d542-3d26-92ad-25110cf18b37
1989,1989,Alice Cooper,House of Fire,2948e5bb-3b79-3473-b3a6-60e49c6c0a1d
1989,1989,Alice Cooper,Only My Heart Talkin’,a841a653-2c27-3d84-acd3-5bbf0f8c3bd2
1989,1989-07,Alice Cooper,Poison,6c477ee3-56fd-3d95-9a50-daf629ecd5a2
1989,1989-04,Alien Sex Fiend,Haunted House,a175f439-a6dd-3d14-803a-feb6ac672074
1989,1989,Alisha Warren,Touch Me,8f221521-7d1c-469b-849e-74302169baa2
1989,1989,Alison,Touchez moi,0ee82ca6-d6c9-42ec-aa54-56005d339859
1989,1989,ALL,She's My Ex,103c1250-4342-3c27-aa92-4093c734ef39
1989,1989-12-10,All About Eve,December,c6bd94ac-0bee-3930-8df3-4871bfcc0d97
1989,1989-09-18,All About Eve,Road to Your Soul,ae2402ed-68d1-328a-a4d5-3fd1253f3002
1989,1989,Allan Harris,Falling in Love,4bdc64ec-ccc8-36d7-bf88-015dd2fe2f71
1989,1989,Alpha,Gien meleur,d6025b72-e0fa-4529-a1d2-2feb2cf2fa00
1989,1989,Alpha Beta,Games for Boys,7c34cc5a-d980-47a6-af44-527851c63ac7
1989,1989,Alphabet Swill,Rotation / Barbie's Dream Townhouse,971d66e3-417c-41a4-b362-4a10a0b4ad54
1989,1989,Alphaville,Big in Japan / Forever Young,366aaadd-317f-4024-8345-6007ca012fcb
1989,1989-12-31,Alphaville,Forever Young/Big In Japan/Sounds Like A Melody,d7c8badb-f5c8-43cc-bfc3-a1c3fff9b916
1989,1989,Alphaville,Mysteries of Love,96548d2f-5f69-4705-aaaf-3129eb49eeb2
1989,1989,Alphaville,Romeos,9b8e3002-8de7-397a-a653-918bb2b21b16
1989,1989,Alphaville,Summer Rain,a2ff1c3d-86b4-4697-8a22-bcc1db0b0c47
1989,1989,Alpinkatzen,Kren & Speck,0910fb43-c253-4a54-97ce-f3229b1f9f2d
1989,1989,Alternative Radio,Save One Dream,765dca06-de2c-49a6-9798-549d9df1f0a8
1989,1989-12-04,Alvin Stardust,Christmas,b585d5e2-64c6-4064-85a3-0ef178d7d984
1989,1989,Alyson Williams,I Need Your Lovin’,9f52ce98-65fa-351e-ad14-d8fd41b85b4c
1989,1989,Alyson Williams,My Love Is So Raw,da8300f6-d71e-42c5-bc59-bda7aa03235b
1989,1989,Alyson Williams,Sleep Talk,89fab832-1c0c-375e-855c-25094301eb2b
1989,1989,Amadeus Liszt,The Devil Wins,3909139c-5ea1-4c7a-ab1b-5d8e25706723
1989,1989,Amanda Lear,Follow Me - Gold,3a9c92b9-1044-34ba-8424-e61a51388d04
1989,1989,Amanda Lear,Métamorphose,890f087e-08d0-3b86-ab04-d3acbe7734ad
1989,1989,Amedee O Suriam,Tension Hot-Shot,a026286f-103a-4c05-a809-229cbdee96a1
1989,1989,America,A Horse With No Name,9ab4ea9a-d7a2-4da8-b74c-f4b70acc3dcb
1989,1989,Amnesia,Hysteria,58665026-50bb-30e9-a832-8abf86e7f638
1989,1989,Amnesia,Hysteria,ba621601-6000-4b47-90e6-c8487c2cc99d
1989,1989,Amor Tropical,Super muñequin / El pobre soltero,3581bb7a-5523-4e4a-bc69-7982bb2ceffe
1989,1989,Amos Milburn & The Chicken Shackers,Chicken Shack / One Scotch One Bourbon One Beer,d48dbdfa-f26e-4980-92e4-9a0a0f5007e1
1989,1989,Amy Keys,I Know Whats Good for You,cb93d4eb-bf99-4829-ad45-b49be4a7da52
1989,1989,Amy Keys,Lover’s Intuition,c0e6f2a4-2745-4968-8bd7-3e0e7cc99532
1989,1989,An Luu,Les hommes sont tous les mêmes,1158903c-5da8-46bc-8a53-d79d80c0961e
1989,1989-04,And Also the Trees,Lady D'Arbanville,8da733d7-f076-4637-b064-3610218bc5fb
1989,1989-12,And Also the Trees,Misfortunes,893044e2-f640-4a6a-a509-76815953e1b6
1989,1989,And Also the Trees,The Pear Tree,63071851-8a17-444d-8c2a-c10486552d1b
1989,1989,Anderson Bruford Wakeman Howe,Brother of Mine,6c29749a-3e8e-325f-bc84-35a1dfa308e7
1989,1989,Anderson Bruford Wakeman Howe,I'm Alive,7f79b060-2b61-4309-a299-ed05772c0116
1989,1989,Anderson Bruford Wakeman Howe,Order of the Universe,9cd11a30-9c77-3ed0-af56-b0fc2672421f
1989,1989,Andi Sexgang,Assassin Years,313e41e2-8667-485b-85c5-98f455d93782
1989,1989,Andi Sexgang,Seven Ways to Kill a Man,8b082e0b-5247-4783-a668-144603c35aac
1989,1989,Andrea di Lazzaro,Never Leave Me (Ever Love Me),7b211b07-dc88-46ef-934d-b58b113d6518
1989,1989-08,Andrea Jürgens,"Amore, amore",13c573d8-57a9-4fa9-a52b-82c16856c986
1989,1989,Andreas Vollenweider,Dancing With the Lion,01d6e935-002e-4cfd-a865-e2c052f2e01b
1989,1989,Andrew Cash,Boomtown,81824287-6394-39ac-bb6b-e3629ef03709
1989,1989,André Brasseur,Revolution 2000,34fd179c-fd30-4bc0-834b-b672446c395f
1989,1989,André Hazes,Jammer!,26c4ee04-3704-460b-986f-a6626c4f9d4d
1989,1989,André van Duin presenteert: Jaap Aap en de Apen,Mijn naam is Jaap / De groetjes van Ruud,d80d1e0a-014d-4f77-99d4-bdd2375660dd
1989,1989,"André van Duin,",De hotdog,44f682ff-02b0-4c85-9c4b-11fcb195ef3e
1989,1989-03,André Verchuren et La Bande à Basile,On va faire la java,cefee3a5-6f0f-4fc5-92a7-dffcb3d2568e
1989,1989-07,Andy Borg,Du wirst wieder Tanzen geh'n,912a29ac-8bc8-4945-9db0-38aaa1c2ee85
1989,1989-03,Andy Borg,Nur der Kondor war sein Freund,5bbacdc9-742a-4541-bd7b-88b92e790e8c
1989,1989-10,Andy Borg,Schenk mir nur diese Nacht,dd1aaf82-984d-46fc-843a-f1e8af19f286
1989,1989,Andy Gibb,Too Many Looks in Your Eyes / I Just Want to Be Your Everything / Shadow Dancing,fe81fd3b-bc1d-499d-aead-a02ff3f1ff01
1989,1989,Andy Pawlak,She Kept a Hold of Love (Mother’s Day),e575a069-db66-4036-9663-9d7a500e2ebb
1989,1989,Angel,Angel,5244efc4-7de2-49b5-92d2-48e3bc606ac0
1989,1989,Angel Dean and Tony Maimone,Walkin' Talkin' / Spider's Web,ea29981d-2619-4b1f-830f-5753fe98c2e0
1989,1989,Angel Heart,Magic Touch,91cb8936-30fa-40c0-bb8b-6672eb6208f4
1989,1989,Angie,Baby I'm Hot,80f8250d-12d4-40e2-b24f-73cfbfbf4fd6
1989,1989,Angie T,Hip House Groove,ee1519a3-42e1-356c-8bf1-fb9d9f58a25c
1989,1989,Animal Logic,Someday We'll Understand,4c07e3af-8c9d-4d2f-a876-de532e9dd2f8
1989,1989,Animal Logic,There's a Spy (In the House of Love),39b7477f-e362-3af6-91b8-61e1b1d83dac
1989,1989,Animo,Mannequins de studio,45916c0c-f545-42d5-87ed-c4dc207ca864
1989,1989,Animotion,Calling It Love,a3851e7a-c3e2-4755-917d-203153f167be
1989,1989,Ann & Nancy Wilson,Here Is Christmas,744a128a-fa89-4941-a1b8-0f4c2a33a68d
1989,1989,Anna Crouse,J'avance,9c277c06-a41b-4bb2-bbd1-860f3fc63c55
1989,1989,Anna Hanski,Lambada,cd5546c8-6aaf-4617-b0bf-b0875f2a4e6c
1989,1989,Anna Mwale,Touch Sensitive,6e3d2553-9997-4caf-8c7f-208609b9a48a
1989,1989,Anne Haigis,Horizont,56eede65-86ff-4df1-ab3a-db426e6292cd
1989,1989,Anne Murray duet with Kenny Rogers,If I Ever Fall in Love Again / Just Another Woman in Love,d83e18d3-d0ca-4656-90bb-cd9414735590
1989,1989-02,Annette B,You'll Never Get To Heaven / Oh Hell!,4624792b-8cd8-468e-a13a-15b87bc8dacc
1989,1989,Annie Cordy,"C'est pas moi, c'est Murphy",73365d19-9696-4cc4-a300-f7170ea32cc5
1989,1989,Annie Cordy,Le Cœur gémeaux,9143a387-51ba-444d-a60b-955928c44f52
1989,1989,Anny Schilder,La bambola,3ac98636-3a66-43d9-b9af-68beaa2f5620
1989,1989,Anny Schilder,Le soleil,5d6001bb-9363-4a94-ab56-f7bb1c000bde
1989,1989,Anny Schilder,You Are My Hero,baec04b6-63d2-4fca-9243-11b7df7a7cf4
1989,1989-05,Another Sunny Day,What's Happened?,0ce5d83e-ddc7-388c-929b-78459ed24260
1989,1989-11,Another Sunny Day,You Should All Be Murdered (Three Songs),e165c73a-eed7-36b6-ac09-521867047088
1989,1989,Anthony Malvo & Daddy Lizard,Take You to the Dance,18e9ead7-62c0-4e81-8b62-27f2f4c8e0dc
1989,1989,Antietam,Burgoo Sampler,43cdc952-10ae-493f-b292-1418f798920a
1989,1989,Antischism,All Their Money Stinks of Death,46d194b5-81df-393d-b111-a0400848de88
1989,1989-03,ANTiSEEN,Blood of Freaks,9ed3dbfa-bc85-4fd6-a6e3-c4e77a453a11
1989,1989,Aqua Regia,Big Go Band Go House,22d781d8-835e-47ee-b432-f40fb493f32a
1989,1989,Aquila,Demo,061f8f7a-7e05-4262-abf2-7632e9d32068
1989,1989,Aquila,Demo,da99a200-3622-4a1d-9672-730bae5eac02
1989,1989,Aquila,Dreams of Africa / Love Is No Game,4dae9445-aa94-4a08-86f7-90192663efe7
1989,1989,Arakain,Ku-Klux-Klan / Orion,d091a8ca-c618-4c95-bb30-907653cec3e2
1989,1989,Ard Eggens,Geen zee te hoog / Die zomer met jou,20148f85-def4-4940-beda-457cdb36deee
1989,1989,Ard Eggens,Isabel,237de0b6-da4c-463e-a89c-87dc1d6c75a4
1989,1989-05-01,Aretha & Elton,Through the Storm,631561b5-d6d6-4ec5-9b10-2b159b0e72da
1989,1989,Aretha Franklin & James Brown,Gimme Your Love,166798b1-c534-4f18-91a5-7dfec2e7cf05
1989,1989,Aretha Franklin & Whitney Houston,"It Isn’t, It Wasn’t, It Ain’t Never Gonna Be",1e77222a-9370-45a9-845e-14a8d7f226da
1989,1989,Arie Ribbens,Bij Rio linksaf / Ik ben ’n boereknul,43496a37-594b-3024-a31a-25e91aaf5024
1989,1989,Arie Ribbens en Nathalie,Liefde is leven / Ik koop een heel groot hemelbed,f67bed70-5b85-40f1-a246-7ff1253d41e6
1989,1989,Arne Jansen,Altijd altijd / Laat me vrij,173a53dc-6c8b-4184-9810-7a27bf2b5109
1989,1989,Arne Jansen,Nathalie / Rode rozen voor jou,7125e80f-a0cc-46c0-ba44-a410aee949d8
1989,1989,Arrow,O' La Soca,148ac90b-f6a4-4151-8098-03f69b3087ca
1989,1989,Art,Perfect Touch,ae942f1a-9ade-487d-989d-f3b86bc0752a
1989,1989-03,Art of Noise,Paranoimia '89,738f2b81-00fe-4442-bf98-df405f6315f9
1989,1989,Art of Noise,Yebo!,35c968a7-353b-3cbe-8205-3ef72ac32871
1989,1989,Arthur Baker and the Backbeat Disciples,Love Is the Message,fe260d9f-14ff-4e75-a013-7ddd93377a3f
1989,1989,Arthur Baker and the Backbeat Disciples,Love Is The Message (US Promo),bf59b31b-b09a-4c9c-8f59-37d3d675ad97
1989,1989-09,Arthur Baker and the Backbeat Disciples,The Message Is Love,d30142ae-2eb4-48ca-bd8c-83c33e9efe38
1989,1989,Artists United for Nature,Yes We Can,29fd7f19-f6f4-4b93-9ffd-47253a2ae91e
1989,1989,Asian Passion,This House Is Surrounded,d2d7b308-a13d-4549-902c-ccfe23388aa9
1989,1989,Asmodi Bizarr,Demo '89,3aee410e-93c6-4c0f-897d-546c149fce9c
1989,1989-12,Asphyx,Mutilating Process,286ab067-d21b-441e-a718-2e571db3f138
1989,1989,ASROCK True Faithw/B. Grace,Take Me Away,f4ed9602-dc12-3c1a-9406-36ec16af2386
1989,1989,Asti,Red Alert,6e662c42-6ce6-48a4-9343-a5700e364c30
1989,1989,Astral Bodies,Can't Settle Down / Bad Vibrations,8409d2c7-d461-4bdd-8ef0-004a10899502
1989,1989,Astral Bodies,It Can Happen to You / Wild Beat,adc65cd6-eaf1-4a11-a77f-b8274245eaaa
1989,1989,Astral Bodies,Just Like E.E. / Wright,7d403ec3-acdf-47a2-88a2-6f5b8fd8ad8d
1989,1989,Astral Bodies,Who Cares / Seven Heavens,4cb983c0-0e3b-47e3-b9e1-dedfd5ddfb7e
1989,1989,Astrid,Eenmaal terug / Ik hou van hem,6e4e67f2-cfab-4f9a-ba11-3c3f93728544
1989,1989,Astro Lanes,Kill Me,004b7dca-95c5-421a-a16d-6ee210a8f78b
1989,1989,Aswad,On & On,909dc067-6529-4e2c-8e5f-c81522a96d73
1989,1989,Atmosphere,ATM-OZ-FEAR,d6a55707-2ded-384c-87b7-80dfb4ebbc7f
1989,1989,Atomic Rooster / Humble Pie,Tomorrow Night / Devil’s Answer / Natural Born Bugie,7554e010-dc59-403c-80fd-8db2a51113c2
1989,1989-10,Atrocity,Blue Blood,d7fa1e75-7643-3e34-ab84-9ffb3ddff7a8
1989,1989-12-01,AURA,ドリーミングナウ,afa3ddd4-efd6-4c5a-a12a-7f26a43dc75b
1989,1989,Avalanche,I Will Wait,c5dda772-1fa2-4501-ab18-f5490b3fbd7d
1989,1989,Avalone,A View Of America / Dansar I Dimmorna,440ef1d4-1edb-4bb0-8654-d2e0da7259d0
1989,1989,Avenue,All For You,7ad62b38-22b5-4454-821a-6e6894bd189a
1989,1989,Avenue,You Were the First One,a3a0f909-532b-46aa-8539-f8d973168605
1989,1989,AVO-8,Big Car,f860acbf-772c-4b38-b18f-4ad034b972a4
1989,1989,Axel Bauer,L’Arc-en-ciel,d3068f1e-9320-4746-a074-1c625a6241a3
1989,1989,Axel H.,Oh Well,91714702-75af-4f24-a4c4-efb6c985dbc4
1989,1989-11-25,Axel Rudi Pell,Broken Heart,4a8b9136-490e-4857-be48-efbc5958d316
1989,1989-11-20,Axel Rudi Pell,Hear You Calling Me,3d1ced30-8979-45bf-afdf-1775e574f170
1989,1989,Axodry,You,6822372b-d5fb-430f-b83f-825ce4991a47
1989,1989,Axxis,Kingdom of the Night,7ccc9a0e-ba8b-499d-86d6-24b5e30c5ec0
1989,1989,B.B. & Q. Band,On the Beat (Into the Nineties),37cd64f1-9bcb-4113-8632-755f2dd919d9
1989,1989,B.B. King,Ain’t Nobody Home,6544ed75-3e95-4dba-8bb3-dd7421ec22b0
1989,1989,B.R.O.T.H.E.R.,Beyond the 16th Parallel,bbbcde7d-2f93-4922-88f8-c8dbb3d69caa
1989,1989,B.T.R.X.,Anthony,f5c6f650-1002-4659-ba07-e3baac3e49f0
1989,1989-11-21,B21スペシャル,B-21 SPECIALのお世話になりました,ae9f81a4-521a-4d53-a687-7ea4361961f3
1989,1989-09,BA-RA-VA-LA / Reset & Next,バラの香りを / Who !?,ddbfcb34-9a79-41cf-b78b-dae752846965
1989,1989,Babe,4 gouden hits,8806add6-1c55-4445-a926-76dd6a3527a5
1989,1989-03-01,BaBe,She has a dream,ee5189b4-23ee-42a2-a442-854698b46f17
1989,1989,Babes in Toyland,Dust Cake Boy / Spit to See the Shine,9d2bf974-23c8-4420-93f5-246a1d3af188
1989,1989,Baby Ford,Beach Bump,434ff693-49e3-31f4-88ef-1c123593375e
1989,1989-06-09,Baby Ford,Children of the Revolution,63b0db55-787a-429b-b3d3-acafedee0a10
1989,1989,Babyface,It's No Crime,0887c9a3-d98b-4358-964d-b345f4c3bee1
1989,1989,Babylon A.D.,Bang Go the Bells,e409e118-5887-4d63-805d-cafd7d768e6b
1989,1989,Bacchanal,Amsterdam,9e22544a-d908-4a82-bb13-bc46e4857834
1989,1989,Bad Boys Blue,A Train to Nowhere,808a0a01-3fd6-3b95-804a-6aaec580929d
1989,1989,Bad Boys Blue,Lady In Black,63ba63e6-84b9-4037-a5f8-ef3793353cf5
1989,1989,Bad English,Price of Love,5d9172d1-4960-4a6a-a096-84e43a5d1a39
1989,1989,Bad English,When I See You Smile,05ee9f9c-b013-4d10-aa8b-e194c4e47989
1989,1989,Bad Mutha Goose and the Brothers Grimm,Be Somebody,fe595ba3-d046-424c-ada9-9126294c96a4
1989,1989,Bad to the Bone,Mercy Mercy / Remote Control Heroes,94d7fb83-7be1-44b1-8c71-0b301d9b280d
1989,1989-09-30,Balaam and the Angel / Faith No More,Kerrang! Flexible Fiend 3,031ffd51-4332-4867-ba58-7e226db42b13
1989,1989,Ballard,Underground,b5434522-4257-4018-93b1-8cada542d151
1989,1989,Bam To Bam Bam,Lame damma doendan,fb680e49-946e-4f07-9b2d-667398c781a2
1989,1989,Bambou,Hey Mister Zippo,456ac598-8c50-4d33-a521-602152453cc5
1989,1989,Bambou,Nuits de Chine,2d87f471-869d-4adf-9f82-07e34c115b63
1989,1989-07-25,Bananarama,Cruel Summer ’89,9172f2d3-1794-3622-bead-066be2ad8e87
1989,1989,Bananarama,Megarama ’89,d3d6dcd2-e215-3b4e-9773-8fd03ea1a8ae
1989,1989,Bananarama,The Greatest Hits Megamix,0fd8be60-8108-321f-9a50-5f5b23aa2806
1989,1989-02-01,Bananarama & Lananeeneenoonoo,Help!,aeffdc43-32d2-300b-9f88-b871b0913ce5
1989,1989,Band Aid II,Do They Know It’s Christmas?,cdf66816-5f62-40fe-ae6f-fac6f952ea07
1989,1989,Band of Susans,Hard Light,ec3928cd-eb72-4196-a434-98aef2a3233d
1989,1989-06,Band of Susans / Throwing Muses,Child of the Moon / Fall Down,fad11392-0241-4ed2-ac70-0b54ffc9080d
1989,1989,Bang & Out,Riding On The Desert Wind,8d9e0314-bc8c-4188-b790-f0e8f183237c
1989,1989,Bang the Party,Bang Bang You're Mine,b32532b3-76c2-4cf3-9959-0ab133a56514
1989,1989,Bangles,In Your Room / Manic Monday / If She Knew What She Wants,942b5fcb-00a8-4345-9e48-6c94ed14e403
1989,1989,Bangles,I’ll Set You Free,57e44863-d00b-4335-9200-00d43dde7911
1989,1989-10-16,Bankstatement,I’ll Be Waiting,4ecf2202-7ff0-4c1e-b5ae-8332b7e5aab3
1989,1989,Bankstatement,Throwback,7f6238c0-1f2d-4ef1-8c41-5d8a32b8c547
1989,1989-02,BAP,Dat däät joot,34599022-79e3-4fb8-86be-591840d49110
1989,1989,BAP,Shanghai,8da71c12-9deb-4c08-ba25-07afbd0eb7b6
1989,1989,Barbarella,Like a Fata Morgana,4fcefdd1-4078-428a-998a-48a16ab38c5f
1989,1989,Barbarella,Sucker for Your Love,bbc70a5b-d0c6-4d01-a8ab-d8dbeb46ec28
1989,1989,Barbra Streisand,We're Not Makin' Love Anymore,e1c2d5a5-f310-45d0-824f-ad0a79a97d04
1989,1989,Bardeux,Thumbs Up,23da318e-74ee-4553-947e-9c3765d10baf
1989,1989-12-16,Barry Manilow,Eolia,e55159f6-9f2a-4a59-8892-fd66bd59b91a
1989,1989-08-21,Barry Manilow,Keep Each Other Warm,914819c0-3aa3-458d-ab9e-a102b04d594e
1989,1989-06-24,Barry Manilow,Please Don’t Be Scared,191dabac-5ff9-4219-b054-4018c1d53557
1989,1989-08-28,Barry Manilow,The One That Got Away,64373e25-ec62-4c49-a482-e9de719329d3
1989,1989,Barry Ryan,Turn Away,962907c6-c67b-418c-b83a-478a15463aec
1989,1989,Barry White,Follow That and See,bab721c6-b2e6-448b-90e7-99f1ad1cc338
1989,1989,Bart,Alles kan ’n muis gelukkig maken!,f17f8a02-80d3-46da-828b-8d74656a171f
1989,1989,Bart,Me bed,476020a6-046e-4c28-8c69-50e8aa6ef33f
1989,1989,Bar‐Kays,Struck by You,d1d8ecc7-508c-4dff-b0a6-0624251e293a
1989,1989,Bassie & Adriaan m.m.v. De Buddy's,Waar zijn we toch mee bezig? / Vriendelijk zijn,7b510824-f110-4d22-b5d0-b65aa7066000
1989,1989,Bassline Boys,On se calme !,9bbc7ec6-ba54-4e9f-9030-3f03cf516eee
1989,1989,Bassline Featuring Lorraine Chambers,You've Gone,7f54b2bf-158e-4b13-aae1-2904d7ad57e8
1989,1989,Bastard Kestrel,Stench,b5c1865d-3613-33ab-b382-a764ba432fc0
1989,1989,Bastro,Shoot Me a Deer,6795b7d5-daf0-300e-82f9-e2a9ec096e5b
1989,1989,Bat & Ryyd,Ryydjoulu,e9895d56-8dd3-34b6-9750-6021d8b880b1
1989,1989,Battle Royal,"Young, Strong & Healthy",13d15d8b-703b-4253-a6bc-d5dd1b1c4f98
1989,1989,Bayernpower,Funky Cold Medina,72a316a6-3997-30bd-81c3-2786598f649d
1989,1989,Bazooka Joe,Drive,11fb3fc2-068c-38fb-ac5c-44ea09de2355
1989,1989-09-15,BCN Orchestra,Quién Tu Te Crees?,18e0fd4c-3e85-4cfe-9834-99a1c9a3772d
1989,1989,Be Big,Guilty,d10eef3a-3ac0-469f-aad5-a327c60b7dcd
1989,1989,Bea Giannini,Memory of Last Summer,659822cc-7f76-442f-9011-4000674a46e2
1989,1989,Beastie Boys,Fight for Your Right / No Sleep Till Brooklyn / Brass Monkey,20630146-5550-40c8-ba41-fcdcb411f643
1989,1989,Beat Professor,You've Got The Beat,0614d599-fb13-4020-b466-d2a794496cb8
1989,1989,Beathoven,Call the Cops,2a6e8240-a9ef-4fcf-a122-0f066b7bd793
1989,1989,Beats InternationalfeaturingLester,For Spacious Lies,d4abc582-61da-47d7-8a1d-c4eb18730c82
1989,1989,Beau Geste,World of Blues,633a1032-024d-4f94-b247-5392af2b3e7e
1989,1989,Beau Nasty,Paradise in the Sand,93c1703f-c412-36ba-8079-07aa9d340d88
1989,1989,Bee Gees,One,f5394570-f07f-4c0d-8467-fe1b1509ff7e
1989,1989,Behind the Mirror,Why / Behind the Mirror,161a1879-a080-4bbe-b2f5-b7d42b03c3b6
1989,1989,Bel Canto,Dreaming Girl (USA Remix),59515667-f08c-4106-9e48-44e457b48ccb
1989,1989,Bela B. & PVC,Pogo Dancing,b6a4c281-e487-3bcc-97aa-f3a4328d1caa
1989,1989,Belinda Carlisle,La Luna,737eec2f-dadb-428f-808a-efcd04aad72a
1989,1989-10-21,Belinda Carlisle,Leave a Light On,bcbaf5d5-6d3a-3a44-b593-0a0dd58ecc64
1989,1989,Bell Biv DeVoe,Do Me!,7f85bcaf-363b-4ed7-90c8-b24f02c32f41
1989,1989,Below Zero,Messin' Around (With Somebody New),d6230466-e1ce-4f01-b991-fb52064d78e9
1989,1989,Ben Liebrand,The Eve of the War,1728959b-61c6-43b6-aec7-51610252e610
1989,1989,Ben Steneker,Roll on Mississippi / Long Forgotten Dreams,4ff5e746-289d-4d22-ae4f-42dc70136b05
1989,1989,Ben Steneker,Too Old to Die Young,d724117b-adfa-40c0-b98f-b5b9fded3235
1989,1989,"Benjamin C. Sands, Jr.",Open Up Your Heart / Keep On Jammin,65a36e65-5a96-4bab-a6e4-b0b4108c9643
1989,1989,Bernard Denimal,Ken le Survivant,d61e5e88-6da9-4026-9c58-02cbe13b16f4
1989,1989,Bernard Lavilliers,R & B (Rouge Baiser),41a02771-28e5-443c-b726-3f96345ffff8
1989,1989,Bernard Lorne,Denver le dernier dinosaure,ba42285d-cd30-4dd4-ad03-f8c1000b2793
1989,1989,Bernard Menez,Lève-toi et danse !,12fec80f-c705-4dd8-b7b9-d07d6f7b05fa
1989,1989,Bernard Minet,Jeu Set & Match,3b2a3d63-cfd4-444a-952f-f177548976ab
1989,1989,Bernard Minet,La chanson des chevaliers,4ddc3a4a-28e2-4deb-a44d-40a4c86229a2
1989,1989,Bernard Minet,Muscleman,3eda0094-f9ca-4234-95e0-659dd4b3e2f7
1989,1989-05,Bernhard Brink,Griechische Nacht,3ce298d5-93d6-4420-b0e1-91e1127f8c83
1989,1989-07,BERRIE,毒的革命 VOL.ONE LOVE & PEACE,a0f1d0ca-d35d-4c20-9141-6a2e094b16f9
1989,1989,Bertje Beenen's Bloedgroep,Roll over Vollenhoven,1e61d5d9-8390-47c4-83aa-264ef7d64e37
1989,1989,Bertus Staigerpaip,Fitness / Zoipe,c407a864-c896-40a0-9aa9-af174a2dfcbc
1989,1989-05-26,Bette Midler,The Wind Beneath My Wings,63e1792f-000e-4cf1-9d9c-3ba7e83c8c94
1989,1989-05-31,BE∀T BOYS,誰よりもLady Jane,bb292e5c-6448-4efc-9ecb-435406ae1bae
1989,1989,Bianca,Die Rosen der Madonna,6f3c5c8a-99a7-44e6-a18e-c2877e129de5
1989,1989,Bianca,Mijn droom,cf2c7126-e439-4384-a6a1-e19c45ac3f11
1989,1989,Bibi Flash,Ça suffit,66f9161f-3e87-42f5-a024-cbe0e8da2c15
1989,1989,Bibie,Tendresse et passion,47f0a411-9d21-4cb3-9d55-7c181409b26a
1989,1989-10-30,Big Audio Dynamite,Contact,7ee94e83-025f-32b8-9d00-ffc448ab2c2b
1989,1989,Big Bam Boo,If You Could See Me Now,fc6dcad0-2522-44aa-b053-edb7f1562cba
1989,1989,Big Bang,Voulez Vous?,94f3a70a-286e-4ab2-9cbd-5a6cd2a131d3
1989,1989,Big Fun,Blame It on the Boogie,ad99a28c-c082-49d7-9c89-6237de917b1e
1989,1989,Big Fun,Can’t Shake the Feeling,908267f1-29ec-348b-8897-15d54d609280
1989,1989,Bill Withers,Ain't No Sunshine / Lovely Day / Lean On Me,4ed3cc8a-efdd-416b-bf47-228aada043d6
1989,1989,Bill Withers,Harlem '89,66b02bae-068f-4297-a1e6-400701dfb814
1989,1989,Billy Bloop,Hallo hallo,72945ab5-4119-4967-ab89-9e000302139f
1989,1989,Billy Joel,I Go to Extremes,af647f34-060c-43ae-b393-b732837b97e8
1989,1989,Billy Joel,Leningrad,f192b0f4-2c9e-4267-9a59-e56a3ffe3f88
1989,1989,Billy Joel,We Didn’t Start the Fire,81258686-5a6f-368e-83d2-9b33d1769047
1989,1989,Billy Ocean,CD Single Classic,a2d3cd6d-aac7-4413-9c89-a257ec543753
1989,1989,Billy Ocean,I Sleep Much Better (In Someone Else’s Bed),0fa0e15a-e419-49c2-8ce1-97734de5c8a8
1989,1989,Billy Walker (Tall Texan),Down to My Last Cigarette,1dc0518b-6cbe-42bb-8799-4eeb32416f7a
1989,1989,Bingo!,Arabeat,2319ef93-c654-4a0b-b699-103218f1badb
1989,1989-03,Birdland,Hollow Heart,7488c31c-8d99-32d5-9770-c2ccc7165cc7
1989,1989-06,Birdland,Paradise,04eeb3aa-00b5-3514-8a22-ce65906227fb
1989,1989-09-21,Biz Markie,Just a Friend,202dd030-ee9b-4a1a-8ebd-f7c262b5c174
1989,1989,Biz Markie,Just A Friend / Spring Again (Remix),173bf5cb-7821-4ba3-8762-4f01f9c1fde5
1989,1989-05-16,Bizarre Inc,Time To Get Funky,e12e9096-c3d6-4983-928c-908c805e54d4
1989,1989,Bizz Nizz,Don't Miss the Party Line,d2a8343a-1efa-3294-be28-c64e248f0c78
1989,1989-06-20,Bizz Nizz,We're Gonna Catch You,4a6ec4fe-a172-4582-844f-57f65860dac2
1989,1989,Bjørn Eidsvåg med Morten Harket & Oslo Gospel Choir,Det er ennå tid,7e538011-8ba5-4125-987f-0ff296a1ca24
1989,1989,Black Box,Megamix,484ab6be-aa7a-45e3-96ae-7d39558af6e1
1989,1989-08,Black Box,Ride on Time,7563c455-bc30-3210-9a1e-b33caa4dc4a6
1989,1989,Black By Demand,Dearly Beloved / In the Mist of Funk,d0aeff2a-95fc-30c4-8b31-30a33e1696fc
1989,1989,Black Pete,Mississippi Queen,f2f9b6a3-607c-400e-a79b-3dad54d4b175
1989,1989,Black Sabbath,Black Moon,2a20965f-e7ec-45c8-a844-7e22c5fe45a5
1989,1989,Black Sabbath,Devil and Daughter,fdc139b4-cb30-31c6-b08c-dee5f13bd718
1989,1989,Black Sabbath,Headless Cross,5db270e1-84da-3fcc-8145-2e0d0844e213
1989,1989,Blacksmith,Get Back to Love,4d117baf-dc9d-47b2-9b9d-672d3abc81cc
1989,1989,Blanchard,Faut baisser les yeux,a6c22930-e429-494e-a1c5-3a43174b5c97
1989,1989,Blanchard,"Moi, nous, vous, ils",5f362d9c-cd24-43ab-9f9d-e20dbb14d423
1989,1989,Blind Approach,New Age,c9f50e38-4f3a-48bb-96af-a693bdbe229e
1989,1989,Blind Mice,Tattooed Legend,486cd141-2255-4af5-876d-4b35f58e11ba
1989,1989,Blind Petition,Hero Hero,941894bc-ffb7-4727-9a5c-ff7c082b66f7
1989,1989,Bliss,How Does It Feel the Morning After?,00ea742e-646d-4881-bb9f-7bcd078a6fba
1989,1989,Blizz,Sarah / Dance,9cf598e2-14af-4547-a17b-b6424ebadfea
1989,1989-10,Blow–Up,Forever Holiday,e50163e2-7e61-4191-8452-16f1b4e81b7f
1989,1989-10,Blue Pearl,Naked in the Rain,6cc8731a-1551-32a6-8f54-388976ab4998
1989,1989-03-11,Blue Rodeo,Diamond Mine,600bcd1e-81f5-4a89-98bf-656f7d41a909
1989,1989,Blue Rodeo,God and Country,263cbb06-fd8e-43df-ab8c-a8aa0d91d766
1989,1989-10-15,Blue Rodeo,House of Dreams,f8a80e49-f9f1-47a1-9130-c76b0596bd4c
1989,1989-06-10,Blue Rodeo,How Long,8366ad3c-6cb4-43e4-b826-2e03dccb91ee
1989,1989-12-11,Blue System,Love Me on the Rocks,19dd96b9-e767-41c1-865d-c53f57f263fd
1989,1989-03-27,Blue System,Love Suite,4ace0c15-bbc6-435e-a3da-e9c24fc31e9f
1989,1989-08-28,Blue System,Magic Symphony,43b0db5a-71ed-44f2-aa68-aa06a9ce8b6c
1989,1989-01-02,Blue System,Silent Water,b2c1798c-6004-4516-a818-5d09931f875e
1989,1989,Blue Thier & Die Cocoband,So an Tog,bbcdb372-a608-442d-9469-7eebbf938bb3
1989,1989,Blue World,Hello Darling,f3832d2d-1e5c-3e92-a200-f43394d207a1
1989,1989,Bluebeat,All Blame On Love,7dd52df5-66cc-473b-8ba9-0b4b32549aa6
1989,1989,Blues Trottoir,La Gosse,94808459-afdd-474f-a953-2b91656be025
1989,1989,Blues Trottoir,Poker,02b544b5-0a60-42b0-a863-eafa2e529721
1989,1989,Bläck Fööss & Fründe,1989 em Millowitsch-Theater,8c6d1916-d621-4db7-ac0b-4195a68affac
1989,1989,Bob,Convenience,b64775eb-b2db-41e7-b48d-ee7219044e1a
1989,1989,Bob Dylan,Everything Is Broken,fd407836-3470-4096-8957-8ef46d68dbf3
1989,1989-05,Bob Mould,See a Little Light,82f390d5-4284-31d1-a9fd-954e970fb23c
1989,1989,Bobby Atkins & The Countrymen,Feelings of a Country Man / Poor Man Blues,fa6c4457-ceed-4631-acfc-62876d7f9ed3
1989,1989,Bobby Brown,Every Little Hit,84303c99-566e-438a-ac22-8804b89c1112
1989,1989,Bobby Brown,Every Little Hit (Mega Mix),23b43819-3d58-4d67-b668-aba06252a7ce
1989,1989-05-08,Bobby Brown,Every Little Step,f904b646-4133-4ee8-bb54-b8d0fc5ab029
1989,1989,Bobby Brown,On Our Own,2235784d-8397-3c4b-b6d2-94672a660ab3
1989,1989-09-11,Bobby Brown,Rock Wit’cha,4fb7920b-ec36-4493-81c1-0796155af87f
1989,1989,Bobby Byrd,What Goes Around Comes Around,fbdd62a2-549d-3e93-927f-0f4056a021f6
1989,1989,Bobby Freeman / King Curtis,C'mon and Swim / Soul Twist,7c0a888a-17da-4dfc-824d-ea6da407b6a0
1989,1989,Bobby Prins & Ingrid,Voor jou,b7ffd576-2634-4cc9-8251-c1f91bc6819b
1989,1989,Boere Van De Leutige Ploeg,Wa d'n kemedie,c8a077a0-1d53-405c-82ad-32c5b07122dd
1989,1989,Bolland & Bolland,The Wall Came Tumbling Down / Stormwarning,8fce3cad-6837-4e8e-abaa-60285bca7805
1989,1989,Bolle Jan & Mien,Kleine blonde Mariandel / Kristalwals,28824408-b31c-423d-9f16-b6520be73e36
1989,1989,Bombalurina,Itsy Bitsy Teeny Weeny Yellow Polka Dot Bikini,761d6585-8a75-3796-b078-32f0799bcf0f
1989,1989-09-05,Bon Jovi,Lay Your Hands on Me,9cfc5e0b-879d-3d43-9871-0140f96d16a3
1989,1989,Boney M.,Everybody Wants to Dance Like Josephine Baker,47aece70-77e6-4100-ba59-dbd8339eccec
1989,1989,Boney M.,The Summer Mega Mix,fe8ab046-22ce-4f56-81ac-a830defa1c96
1989,1989,Bonfire,Bang Down the Door,4c16f891-7daf-45fe-bfc7-c5e3dc820d12
1989,1989,Bonfire,Hard on Me,397ea52b-6377-4aca-9cb8-96b34a06294b
1989,1989,Bonfire,Sword And Stone,b21bc263-841f-46c4-a739-fd57be7e6bd2
1989,1989,Bonnie Raitt,Nick of Time,0493143e-aefa-4fb3-bc67-1955f06038ed
1989,1989,Bonnie St. Claire,Eiland zonder zee / Ik wil nog eenmaal terug,69246fb3-1ac1-48fe-938f-b996aee38e87
1989,1989,Bonnie Tyler,It’s a Heartache / Lost in France / More Than a Lover,b924331d-1e39-3fec-9498-eb181b56ef75
1989,1989,Bonnie Tyler,Merry Christmas,3459451f-57cb-49eb-a44c-371ae0d7e082
1989,1989,Bonnie Tyler,Notes From America,0fafbd7c-b940-463f-a2a5-e2a33e156c5e
1989,1989,Bonnie Tyler,Total Eclipse of the Heart / Holding Out for a Hero / Have You Ever Seen the Rain?,41e8a798-1b4a-41c8-b297-7d556b7a811a
1989,1989,Boogie Down Productions,Why Is That?,4653d50d-edb0-4d09-a3a5-ae087a1e0c2f
1989,1989,Book of Love,Lullabye,9de197c2-8bca-433e-bf56-00d50db0abe7
1989,1989-07-13,Book of Love,Witchcraft,1d07ed35-ccf4-4f87-9273-8de267cde54d
1989,1989,Boom Crash Opera,Get Out Of The House,56f18088-1bea-4848-b01b-f4ee466416e5
1989,1989,Boom Crash Opera,Onion Skin,b4a83445-f9bf-42d8-9b81-1eae568cff67
1989,1989,Boo‐Yaa T.R.I.B.E.,R.A.I.D.,3478e506-3bad-386c-a2e4-af11b1191162
1989,1989,Borghesia,"Naked, Uniformed, Dead",04c7effa-8ebc-40f9-b95e-e45cd2e13644
1989,1989,Borghesia,She Is Not Alone,9adb5cf7-e142-4138-9292-fab7e00d5af9
1989,1989,Borghesia,Surveillance and Punishment,d4b714a4-d352-4727-bd15-034444458280
1989,1989,Boris Bukowski,Fandango,13167989-15ff-4197-9bac-3d43609479a7
1989,1989,Boris Bukowski,Trag meine Liebe wie einen Mantel,52587f06-7ba6-423b-a2da-beac2cada4b5
1989,1989,Boudewijn de Groot,4 gouden hits,ffc24e90-8f16-4c37-a16e-9ce67f980604
1989,1989,Bourbon Club,Keeping Our House Together,0bc7e87b-8f45-402e-ad62-d70f906e1b3f
1989,1989,Boxcar,Insect,439707c9-b8e6-46db-b607-47165bd3043e
1989,1989-02-02,Boy George,Don’t Take My Mind on a Trip,97970c86-fdca-38bd-b91f-79d42433d752
1989,1989-06-02,Boy George,Whether They Like It or Not,e465b92b-233d-4892-9147-6a29a26a4ba5
1989,1989,Boy George,Whisper,63d83fd1-ef59-3afb-85ca-0cd313b40a8c
1989,1989,Boy George,You Found Another Guy,faf36816-86b1-3deb-91ff-cfd95fb31475
1989,1989-02-20,Boy Meets Girl,Bring Down the Moon,04c3684f-e4d7-402e-8da1-64df832d384a
1989,1989,Boy Toy,Touch My Body,06c10b42-7842-4c5c-8b12-0e4a541fbcd8
1989,1989,Boys From Brazil,Perfect,98b79688-c8c4-493f-8540-490789378ac6
1989,1989,Boytronic,Trigger Track,f180c2fe-1d01-414a-80fd-6bab90063f33
1989,1989,Bradford,Adrift Again,68b927cc-fd95-4b35-a029-5cccc4d117bd
1989,1989-07,Bradford,In Liverpool,6e07f9f3-8a92-4eb7-8f3f-d14feed8afa3
1989,1989,Bravo & Dj's,Difacil rap,04509763-bbb8-4c70-b6c2-618d5bd54df9
1989,1989,Breaking Circus,Home of the Brave,0ad7521e-f72e-4efb-9cf1-e17bfac5e135
1989,1989,Brendan Croker & the 5 O’Clock Shadows,No Money at All,d1a7af3e-1964-418c-8d29-b673fc8f8f10
1989,1989,Brendan Croker & the 5 O’Clock Shadows,This Kind of Life,52145d65-a469-45f8-8b17-b91531bb6231
1989,1989,Brendan Croker & the 5 O’Clock Shadows,Wrong Decision,4c473f90-88f4-4cd8-84d6-03b3a70450b6
1989,1989,Brian & Garrison and Rodeo Drive,Don't Break My Heart,71f28328-e0a0-4abd-8686-404151d7d3bd
1989,1989,Brian Ice,Walkin Away,c6b0151f-6409-4ca0-ab64-84d456d29d3b
1989,1989,Brian the Singing Miner and the Flying Pit Props,Spanish Eyes,aafa36f5-6781-4bbc-823e-a385d717852d
1989,1989-07-01,Brian Wilson,Melt Away,95492a92-283a-4d41-849b-3ef3480ef839
1989,1989,Bricks,The Girl With the Carrot Skin,8f262ce8-f7a4-4560-97dd-9371281d5e67
1989,1989,Bright Blue,Time on My Own,b9992d37-7a08-4d57-bc5a-bc11ebe53c78
1989,1989,Bright Blue,Where Would I Go,08218234-6715-43c3-af22-a6460be88b53
1989,1989-08,Brighter,Around the World in Eighty Days,f51edff5-3daf-39c4-b08e-47d348325c1f
1989,1989-09-25,Bros,Chocolate Box,f4fb0e61-bf79-4b6e-80d3-b2d7ae8c2c57
1989,1989-07,Bros,Too Much,e1931927-85ed-4085-96f8-9a6b41f51c19
1989,1989-01-09,Brother Beyond,Be My Twin,10129448-3beb-4262-809c-2aa418e88a1a
1989,1989,Brother Beyond,Drive On,c7d63e63-696f-430c-ad1a-366a30b4a7d4
1989,1989,Brother Beyond,Trust,e4763ef8-07da-4f2e-8663-52b248315e2d
1989,1989,Brother Beyond,When Will I See You Again,3ba574c8-d37b-459c-bf7b-2e77594a5780
1989,1989,Bruce Dickinson,Bring Your Daughter to the Slaughter,3712556b-5063-4cab-9dff-7bcef85ac01a
1989,1989,Brussels Sound Revolution,Qui...?,4c8c8976-62ce-4bc1-b39c-c0201829a1ab
1989,1989,Bryan Ferry,He’ll Have to Go,acefcbe2-518a-4728-9c37-ed2d62259456
1989,1989-06-06,Bubbi Morthens & Blómið,Hver er næstur,58ece6b8-4bf3-431d-9e3a-211e16563980
1989,1989-12,Buffalo Tom,Enemy,3bb66266-135b-4612-85fc-720ad5981ea9
1989,1989,Buffalo Tom,Sunflower Suit,41a5bcfb-ffb4-3899-871a-65f599a91d91
1989,1989,Bughouse,V For Vendetta,3ba31cd7-48a2-4c8e-9ba8-9849d198fcd3
1989,1989,Bully Buhlan,Ich möcht auf deiner Hochzeit tanzen / Zwei Herzen im Mai,228e6680-0291-4fe8-8162-efa830a674e2
1989,1989,Bum Bum Boys,Das ist (This Is) Der Hammer,74c6b917-0b7d-4134-ad11-2bd6b26a0e30
1989,1989,Burrell,Put Your Trust In The Music,fb632079-ef49-46a4-ace0-797ee5ca8616
1989,1989,Buster Poindexter and His Banshees of Blue,Hit the Road Jack,fedb205c-4e7b-47b9-9672-0932eee77903
1989,1989,BZN,4 gouden hits,c76bc6a1-4cd4-4853-a5a3-850dda2db7d9
1989,1989,BZN,El cordobes,5f08c060-6f00-440e-abd5-a3ddf15229d1
1989,1989,BZN,Iedereen heeft zo z’n dromen,d88b9b92-bc20-41bb-a37f-cb9fdc46e826
1989,1989,BZN,If I Had Only a Chance,848bcb7b-65ba-4c4f-b5bf-207648b4083c
1989,1989,Bäs Noir,I'm Glad You Came to Me,f34cda3a-9acd-4b37-ad9c-18b88762335f
1989,1989,Béa Et José,Dédicace,1505af01-cf77-4cd7-bd6b-e4f430ccebee
1989,1989-05-21,B’z,君の中で踊りたい,325cfd83-3ee1-347d-9ca9-5f9b8109702c
1989,1989,C$ Money & DJ Chase,Ladies Can I Have Your Attention,88fb77e5-0eb6-3fc4-9e28-68c8908f7d84
1989,1989,C.C. Catch,Baby I Need Your Love,53e3e0b6-4cac-4531-8786-2ae2435a3955
1989,1989,C.C. Catch,Midnight Hour,c7d7afc1-17e4-4751-9213-b20678260d7b
1989,1989,C.C. Catch,Summer Kisses,faa541b8-b27b-445f-b6ae-c2cf5133e247
1989,1989,C.C.Catch,Big Time,fee2c569-50fc-3424-bd54-71c96319762f
1989,1989,C.C.Catch,Good Guys Only Win in Movies,ee6b3472-fa4a-4a29-9534-589460bafd2b
1989,1989,C.C.Catch,Nothing but a Heartache,2a495781-6b19-4f8c-9016-3f86cb2352ac
1989,1989,Cabaret Voltaire,Hypnotised,b17d5496-182a-39c0-a000-35395df2ed66
1989,1989-10-04,Caesar,My Black Lady,9d70ad5d-c90a-44ea-9a51-0e3af7f50431
1989,1989,Calimeros,Bella Italia,38947682-eca3-40bc-b2eb-b6d0f7a8ec1c
1989,1989,Call Me,Mit der Zeit / Working Wonders,ccb250f6-9200-4cf8-bc73-7ad7f42590c8
1989,1989-12,Calloway,I Wanna Be Rich,aaae806b-0d77-46cc-a733-0f2e9eac3279
1989,1989-05,Camouflage,Love Is a Shield,1d56766c-3348-33c8-9bc9-e4c41250ac5b
1989,1989,Camouflage,One Fine Day,5e61b788-d0dd-3821-9c0f-f10eeb90adcf
1989,1989,Camper Van Beethoven,Pictures of Matchstick Men,c4f9aeb1-5aa0-3739-98e1-554ff161c869
1989,1989,Canan Braun,Wunderland,5d06071d-728a-45d0-9cd6-0b2b7a90fed1
1989,1989,Candi,Missing You,652cf2bd-387c-4211-8965-27bffff6e434
1989,1989,Canned Heat,Let's Work Together,b8f5a7d1-8bac-3938-a5f6-d6a320308375
1989,1989-09-22,Cappella,House Energy Revenge,e5fff497-1be8-33d2-86f2-56deecfb19a8
1989,1989,Captain Hollywood,Shirley,c465bf85-54a4-4b4e-bc45-13ecd3a72dd3
1989,1989,Cardiacs,Baby Heart Dirt,1b89238a-3dbc-4560-a0c8-d21f4720caa1
1989,1989,Carina Bos,Hurt,0995e39a-3403-4f30-bb5a-66085175a5a5
1989,1989,Carl Douglas,Kung Fu Fighting (remixed 1989 version),5f4d445b-4399-478e-a67c-73db7f58fe00
1989,1989,Carl Perkins,Charlene / Love Makes Dreams Come True,11c141b8-e77c-4346-bd6a-005b96414070
1989,1989,Carl Perkins,Hambone / Love Makes Dreams Come True,cc030721-bffa-4e7f-ae27-d7a1d7dd76f9
1989,1989,Carla Bardo,"Que será, será / Mississippi trucker",6ef3f12e-48a2-4f10-a8b9-51fb2001ba8a
1989,1989,Carlos,Le Tirelipimpon,d83b4937-4ef9-4f0a-84de-3d8696c04ee8
1989,1989,Carlos Perón,A Hit Song,66dbc6d1-e585-35f4-a23b-2f2b135449c9
1989,1989,Carlos Perón,Motorman,4f284bf1-9af9-4643-8379-03fb4e21e027
1989,1989-07-21,CARLOS TOSHIKI & OMEGA TRIBE,どうして好きといってくれないの,7dd9ce03-1dba-4d81-9cb6-102a1b2d4322
1989,1989,Carol Arnauld,Musique black,c89503a4-8838-482e-a223-d9421dad3b68
1989,1989,Carole Fredericks,"Brother - Thème Du Film "" L'union Sacrée """,2f4599e8-0798-4653-a334-d8d342446fc2
1989,1989,Carole King,City Streets,457295f4-23f8-4c4e-ae28-50a8dacc3da3
1989,1989,Carole King,Lovelight,f85d3009-f481-46cc-baf9-7a41a89f0a8f
1989,1989,Carole King,Someone Who Believes in You,2d96fff3-9447-4b1b-9931-17c2d43036e9
1989,1989,Carry,Eeuwig,25a6b577-ae91-40be-925a-7b304a065f02
1989,1989,Carter the Unstoppable Sex Machine,Sheriff Fatman,0893bf7e-27cf-3614-9938-1873d34b57d5
1989,1989,Case,Leader of the Gang,a94460bb-44a5-433a-80e5-5c3bc83b6d30
1989,1989,Cash Money & Marvelous,A Real Mutha for Ya / New Sheriff in Town,728743c3-c06b-4945-9739-06526c4941b5
1989,1989,Cat,Catwoman,19ebce60-468a-4188-8357-74cfbfa413f8
1989,1989,Cathal Coughlan / East Village,Im' Long Me Measaim / Freeze Out,5b03fb39-800b-446b-ba5b-e822ded96147
1989,1989,Catherine Warwick,Marine Boy,8ab39ae6-a354-4324-9d99-91fcd023ecdf
1989,1989,Catrin,Maintain,b2abbe97-84b8-4b0c-92f3-eaac50c71ace
1989,1989,Cats in Boots,Her Monkey,9bbbce7a-d1be-4832-922b-fbe283553b6f
1989,1989-09-06,Cats in Boots,Shot Gun Sally,8a183d8a-35bd-4e2a-8ae8-f18abd09239a
1989,1989,CCCP,United States of Europe,3b97b221-b0db-4900-8309-47f3da3289f1
1989,1989,Cee Cee Chapman,The End of a Heartache,ca77d3b7-432d-4f10-aa77-a91057050a02
1989,1989,Cees Tol & Thomas Tol,Rounding the Cape (A Tribute To...),43a1920b-49d8-465f-abe4-9736b3c3a112
1989,1989,Celebrate the Nun,Ordinary Town,cd13f1ee-48c8-477e-9bbc-d935703b55e6
1989,1989,Celebrate the Nun,Will You Be There,cacf27a0-c148-4cdb-b5ff-bdedf8d526d1
1989,1989,Center za Dehumanizacijo,"Sovraživa vse, slovesov pa ne",7c4c4b9a-404b-4941-bc6b-c1e5c6467557
1989,1989,Centerfield Assignment,Mi Casa,ca988cad-cc3f-4e17-8091-1e12d43df33f
1989,1989,Cerrone and Laura Branigan,Heart of Me,6e3c097c-89a6-4680-82af-95ae2ec164cd
1989,1989-11,Cetu Javu,So Strange,7ff867a7-e6fb-46a9-9782-b0c7a16a68cc
1989,1989,Chad's Tree,The Orchard,3bcbd9be-7037-3bd9-b7f0-13e6824c4beb
1989,1989,Chalice,I’m on Fire,63c2ebf5-db51-4f9e-8dfe-3a06269f2326
1989,1989,Chanelle,One Man,40150b94-8de7-4a29-b007-a4c5415c6237
1989,1989,Charles Aznavour,Pour toi Arménie,1e156d81-2426-4177-a6b9-e83c62dd7183
1989,1989,Charles Callet,La Quête de l'oiseau du temps,145f3d7e-5ecb-4801-b995-07616e28adda
1989,1989,Charlott,I Can't Promise You Heaven,d7d7f516-e1ce-3a8d-83e4-0de14d30db3a
1989,1989,Charlotte's Web,Heart Trouble,1b3412cc-7ad3-4dde-9fa5-64c1949549fd
1989,1989,Charly Kriechbaum,...Liaba Gott...,f487d482-f0e7-478e-bcdd-4276cce99bab
1989,1989,Charly Kriechbaum,Vorbei is vorbei,d604ec59-b003-4b71-be6a-2c96d2e6f3e7
1989,1989,Charta 77,Explode,426615e6-b1a3-4765-bc57-05734ae1a2bf
1989,1989,Charts,Et je ris je pleure,f5938d65-9278-4f74-975e-0d936b15133f
1989,1989,Charts,Je m'envole,72593830-1ffe-4ffe-94fa-022a82d095cc
1989,1989,Charvoni,Always There,87211dd2-f958-4e39-918f-14e4c03ebf80
1989,1989,Chauves Pourris,Censuré,7270b9d4-8cef-4612-8d39-4aeeef71d4ea
1989,1989,Chayanne,Este ritmo se baila así,5ae1fc4a-7f34-47f2-acd4-79e395f1cdaf
1989,1989,Chayanne,Fantasías,61e63da2-8ee4-4e7f-b4e7-d1439f3091ee
1989,1989,Chemistry Set,Fabulous Stinking Chemistry Set,9a7d8148-916d-4515-ae1f-3789e135da6f
1989,1989,Cher,Heart of Stone,0088bd5a-7ea3-4fcf-a92b-2d377a6c4d9a
1989,1989,Cher,If I Could Turn Back Time,7f5be821-4214-4abe-959a-129ede1b43ae
1989,1989,Cher,Just Like Jesse James,45dcedcc-94c1-40cc-8d81-58d83e5af5d2
1989,1989,Cher and Peter Cetera,After All,c81d6a11-a4a6-4c2a-89a9-d1f5cf14eb30
1989,1989,Cherry,Magic Holiday,4c4dc5a1-d894-401b-aa73-377cb007807e
1989,1989,"Chicken Charley, De Johnny Blenco Band",Zakke-vullen,46262eb8-b5b0-436e-a281-4708132bf8ef
1989,1989,Chilla Frauste,"Get Up, Get Down, Get Funky, Get Loose",ffeb2348-7d6b-4c53-aee0-ca115557f0fd
1989,1989,Chilly T,Work the Wax / Proceed With Caution,bc9f3687-e316-35dd-a476-f6c18a6053c6
1989,1989,China Crisis,Red Letter Day,0ac61c06-e1e7-443e-a075-10c129508006
1989,1989,China Crisis,Saint Saviour Square,297e5b36-123b-4026-a246-1ebd78154f02
1989,1989,Chiron,Endless,96bc97d0-0303-420d-990d-668dec4dabd7
1989,1989,Chocolette,A Little Bit of Lovin',161dd49c-c21d-4c50-9267-eeb45fdd160b
1989,1989,Chris,"Ay ay ay, groeten uit Mexico / Bella mi amore",b08b54c5-9856-4dff-869d-bde8f3767a0b
1989,1989,Chris & Co,Mijn Rotterdam (Fijne stad aan de Maas),d1a0320e-65d9-479c-83ec-9bad1be7f6c6
1989,1989,Chris & Cosey,Rise,7afe8846-4bca-4832-8874-485dc6737efd
1989,1989,Chris Clark,Little Linda,9d8d35c9-ef43-4952-9acf-d5cdc598bf2b
1989,1989,Chris de Burgh,Diamond in the Dark,642cb555-a61f-4c2a-9070-9942fb78cbc0
1989,1989,Chris de Burgh,Don't Look Back,2773a799-58b9-48c6-a7c3-65556d194a7a
1989,1989,Chris de Burgh,This Waiting Heart,133d077d-9df4-4919-b26a-9c842ce60be1
1989,1989,Chris Diamond,Tell A Sound Fi Come,953d8f9c-94d5-418f-8bb4-49478fd855cd
1989,1989,Chris Montez,Let’s Dance / Some Kinda Fun / You’re the One,d9b5b2d3-267d-4983-a645-6e7007d24d40
1989,1989,Chris Norman,Back Again,ecb83116-0021-4529-9238-534d2722e3ad
1989,1989,Chris Norman,Keep the Candle Burning,6cc0a043-b9aa-4451-9dad-b8ce9d965433
1989,1989,Chris Owen,My Baby Loves Lovin',a7d99615-5780-4e70-8aea-aeedb68c5c5d
1989,1989,Chris Rea,The Road To Hell (Parts I & II),d74d163e-c7cf-4e1c-8ac2-f26453b23f63
1989,1989,Chris Rea,Working On It,922f28f9-c97c-47d4-b65b-04333e8ceea2
1989,1989,Chris Thompson,Take Me to Heaven,c9f442e7-960e-430f-b675-5e067829365d
1989,1989,Chris Thompson,The Challenge (Face It),25902d65-d266-3995-a38f-6034a03d71cd
1989,1989,Chris Thompson / Maggie Reilly,Tank Malling,8fde3a9a-0016-4b21-aed0-d3d442806f29
1989,1989,Chris Wolff,"Ay, Ay, Ay (Grüße aus Mexico)",ce736017-7e05-4f1d-8ffa-0ccb6eff10ea
1989,1989,Chris Wolff,"Vino, Vino",3911beb9-1a0a-45a9-8fe2-b0dc2f23d8aa
1989,1989,Christian Death,I Hate You / We Fall Like Love,d17def24-45f2-4932-98d7-46f9fde1b2b7
1989,1989,Christian Death,Zero Sex,ec6b1dd6-2693-3c04-bf23-a7d2288555d3
1989,1989,Christine,We Love You,959e3a76-d532-445d-9631-532ccd11b9ba
1989,1989,Christo Dantis,Belly Dance,f7ba8a65-d380-45d1-874e-f57f6af67446
1989,1989,Christopher Laird & Bibie,Boubou,5432a00b-996b-4a7c-b5e4-56bc554c72f6
1989,1989,Chucho Pinto y sus Kassino,Cuando el río sueña / Oyes Juan,548de918-4887-4585-8009-4e810fe515e6
1989,1989,Chuckii Booker,Touch,674d240e-c110-4685-a5f2-874d2047b31d
1989,1989,Chuckii Booker,Turner Away,b888f192-d1e4-4326-a65b-96a1e260f30b
1989,1989,Chunk,What Do I,d8e6c816-3ad5-4d8d-9269-7a51ea3e5d65
1989,1989,Cicciolina,San Francisco Dance,d5044035-e19f-4399-afc3-d2af6db30ca5
1989,1989,Cinthia,Als Sound-Mixer,fafa35d4-45d5-4211-8ce1-97c33278b426
1989,1989,Clair Marlo,'Til They Take My Heart Away,04570817-c97a-3cf6-bfef-e423a8c664eb
1989,1989,Clan,Ruptura,5a580be8-86c9-4dc4-9a74-db2ca069b6b4
1989,1989,Clannad,Hourglass / Theme from Harry's Game,cbf64f30-c48a-401c-a1c8-1b1ceb689a85
1989,1989-06-19,Clannad,In A Lifetime,889f831a-06d8-4033-9881-fb52a9d40632
1989,1989,Clannad,The Hunter,f61644c3-9cc5-429d-a18b-71eb496945ac
1989,1989,Clarence Carter,Kiss You All Over / Dance to the Blues,6fceb1c5-a48a-4fa4-a787-7d25819cc8cd
1989,1989,Clarence Carter,Why Do I Stay Here and Take This Shit From You / It’s a Man Down There,d6984f24-be51-455e-837c-4c3432f881cd
1989,1989,Claude François,Même si tu revenais (remix 90’s),6a82770c-ca0d-44df-8002-9144f00d2add
1989,1989,Claude Lombard,Gwendoline,42b7762b-e91e-4a94-af67-e8fb7b5095fd
1989,1989,Claude Lombard,La petite Olympe et les dieux,c653d2b6-480e-4fd4-a055-8383b78a1fad
1989,1989,Claude Lombard,La tulipe noire,6f42741e-0504-4fee-8c56-39303fbfb0c6
1989,1989,Claude Lombard,Malicieuse Kiki,9856d43f-b7e8-478e-9e6e-239bea07521d
1989,1989,Claude Lombard,Supernana,eacad093-b765-4739-995c-008de4cb78de
1989,1989,Claude Nougaro,Armstrong / Pacifique,fb750882-0be9-448a-990a-364d24a66d4e
1989,1989,Claude Nougaro,Vive l'alexandrin,4f848e57-5154-4ec9-9183-f9d8a351e01c
1989,1989,Claude Vallois,There Is No Lézard!,bd152988-c984-4681-9984-6906d4cd0b44
1989,1989,Claudia T.,Fatal Destination,28dd00b3-0441-44d3-8973-91875444d05e
1989,1989,Claw Boys Claw,Dracula / The Rose,6acdc84c-a510-3b44-9b06-08361b33de69
1989,1989,Claw Hammer,Candle Opera,90db207c-792c-479b-9ebc-d42ee993aeba
1989,1989,Claw Hammer,Sick Fish Belly Up,07672b39-b4cf-4486-9680-338bc06f68a0
1989,1989,Clement Irie,D.J's in My Country,abc7cd7f-b548-4890-9ab3-c53db4f71eba
1989,1989,Clement Irie,Kolo Ko,533fb129-6cad-41a6-8fe4-3560b90d56bf
1989,1989,Clement Irie,Nice Everytime,2156f06b-246a-4faf-8973-5e728d699191
1989,1989,Clement Irie,Run Follow Me,0901f6d8-959d-4166-b398-bf958e38ec4e
1989,1989,Clement Irie & Robert Ffrench,Bun & Cheese,46923af5-6828-4baf-ae4d-2dfe2f9264fa
1989,1989-05-30,Cliff Richard,100th Single: The Best of Me,bec2d853-3c25-4679-9dd7-fd9b751708cb
1989,1989,Cliff Richard,I Just Don’t Have the Heart,a639f1a5-65e4-4a72-8f8b-f85df183b0dd
1989,1989,Climie Fisher,Facts of Love,0dd6c135-535a-4ca0-ac0c-2f01b60a425e
1989,1989,Climie Fisher,Fire on the Ocean,0f36235a-f3d1-4e03-a9b6-f5548c4d0af8
1989,1989,Climie Fisher,It’s Not Supposed to Be That Way,402fea18-196e-4bce-a7df-ccd100d64d30
1989,1989,Clive Griffin,Be There,78c32acd-ab70-44a4-bf7f-483df2302fea
1989,1989,Clock DVA,The Hacker / The Act,45ed5782-4a37-3859-be12-278f4a107ea7
1989,1989,Close Lobsters,Just Too Bloody Stupid,1cf8c9a6-d92d-49da-bc56-e890ab09428a
1989,1989,Close Lobsters,Nature Thing,e0eb996a-48c7-4fc2-91b7-d536d2bbd59a
1989,1989,Club House,I'm Alone,dfb653af-01f4-450b-98ad-fe653e15518e
1989,1989,CNNT,Cosa Nostra No Thanks,aeae500a-36e6-4a10-bc1f-892af9d8bce3
1989,1989,Co Cactus,Geven en nemen,0194dae2-503d-425e-a963-700532a7d2c4
1989,1989,Cock Robin,Worlds Apart,01b7b78c-450e-4fc9-afd1-b3e400164f53
1989,1989-09-06,CoCo,EQUALロマンス,15413f1a-fca8-4809-a17a-824013087c88
1989,1989,Cod Lovers,Best Friend,06a1542c-aea1-43b6-8905-144947391e99
1989,1989,Code Secret,Fantom' House,c87b6408-9400-4704-ad3e-ce4f6dead79e
1989,1989,Cold Sensation,Belgian Musictrain,209be963-cb16-4137-bbe2-22b46fd66430
1989,1989,Coldcut,Coldcut’s Christmas Break,450a05b9-7fca-4205-9e8e-f2aeec9c490c
1989,1989-05-22,Coldcut,My Telephone,84f29810-d199-4c08-8d46-cf2c4c957024
1989,1989-03,Coldcut,People Hold On,c33c0c89-75a7-36a4-bab4-43ce71dcd70c
1989,1989,Colinda,Ik blijf nog even vrijgezel,c89bfdec-ea4b-4718-a363-e35dfc2392fc
1989,1989,Colinda,Ik heb sjans,00178d60-e627-44c2-a6c1-a767aeeedc04
1989,1989,Commando,Tears Aren't Made of Whiskey,4d3753a2-cce5-4442-95cc-9015e0f5df43
1989,1989,Common Language,Urge To Forget,86f75a26-1ea6-465f-857e-69e891f9c2fa
1989,1989,Company B,Boogie Woogie Bugle Boy,337cbaeb-232f-4ec7-869a-502b9fbe6e9a
1989,1989,Confetti's,C in China,a3ad90eb-aefc-4867-905b-c9adb43b8686
1989,1989,Confetti’s,C Day,9ab001e8-8945-4693-9f1a-47b93dde519d
1989,1989,Confetti’s,Circling Stars (Jingle Bells),b512a991-f38d-48a5-bd95-43f54b0419bd
1989,1989,Confetti’s,Keep Smiling,f574218d-aa97-47a8-9309-23c03126a0de
1989,1989,Confetti’s,Megamix,9c474abf-8466-4e48-8d88-91b34e726241
1989,1989,Conny Vandenbos,Nu of nooit / Zevende hemel,012fd497-7b18-4628-bbbf-6f62406c6a15
1989,1989,Conny Vandenbos en Wim Rijken,Stapelgek op jou / Strand,954d577f-0ca1-474c-9536-79c8727e44f3
1989,1989,Contact,I Get a Kick Out of Loving You,ffeae8aa-461e-4168-9cc7-c62265814ea9
1989,1989,Contact,Nur du,2e6c72e5-98bf-490a-b5dc-4a820b2ef3c5
1989,1989,Cook,Bar-Room Girl,d29b0aa4-6f94-4d05-a85d-14a6277a077b
1989,1989,Cookie Crew,Born This Way (Let’s Dance),30e3f6ba-826b-433a-b2b5-365438e8a721
1989,1989,Cookie Crew,Come On & Get Some,264ca89c-3a88-4521-9022-31239cbc4a61
1989,1989,Cookie Crew,Got to Keep On,83d4eeb8-a9cb-4ff4-928c-a01dd44aeac3
1989,1989,Cool C,Glamorous Life,19c0e743-21b8-4aee-890c-e484dc7d066a
1989,1989,Cora,In the Name of Love,034ef7d8-44ce-3243-a50b-b9fb34680137
1989,1989,Corcobado,Poemas,5d306371-2a06-4edd-ab58-366b34604e7e
1989,1989,Corinna & Angelique,Alleen maar dansen,104aface-a1b4-4cff-ba1f-c9c11b58db14
1989,1989,Corinne Calabrese,Ça ne s’oublie pas,ca658290-ffe1-4ae9-9fa1-ed6df454103b
1989,1989,Corinne Hermès,Dessine-moi,9160b320-74a9-4aa5-90ab-814f1b474f01
1989,1989,Coroner,Die by My Hand,d96bae98-db22-3671-a2da-11d464bdf0b7
1989,1989,Coroner,Last Entertainment,a02f2715-eb48-4bc1-9166-084b057a36f1
1989,1989-12-08,Corrupted Morals,Think About It...,ad060603-7b33-3964-898f-6c51f007a652
1989,1989,Corry,4 gouden hits,9fbad3a8-23aa-461a-9b43-82dd4587b0c5
1989,1989,Corry en De Mixers,Huilen is voor jou te laat / Dry Your Eyes,a46748ae-05f0-42d3-98f2-733e01a1b36e
1989,1989,Corry en Jan,’n Zomerdag in Nederland,4b419693-22ae-4ceb-aea0-28e5de54877e
1989,1989,Corry Konings,"’n Zomerdag in Nederland / Arrivederci, ciao amor",2204e7f2-1fcf-48af-8eb9-5e20006995fb
1989,1989,Costa Cordalis,Angie,a238e06a-5e05-4600-a516-853832215a46
1989,1989,Costa Cordalis,Asche oder Glut,d7fe9f8d-c0c3-44ec-af29-9da4744dca2b
1989,1989,Cosy,Naastenliefde,1e1b1a12-8817-4f1e-950c-7b9d73a6b80a
1989,1989,Countdown All Star Band,Countdown,96a4f02d-84a5-4051-8511-f886e4c421ae
1989,1989,Countdown G.T.O.,Magic Race,bdd57003-584b-4547-8824-90f12a6b56f9
1989,1989,Counterfeit,The Good Samaritan,23a7ba9e-b043-407e-a88b-4d2b049ccfaf
1989,1989,Cowboy Junkies,Blue Moon Revisited (Song for Elvis),ba5f39e1-550d-4785-a103-c464077074ee
1989,1989,Cowboy Junkies,Misguided Angel,91ffd694-88e4-3b06-b2ea-9762b7988a28
1989,1989,Cream,White Room,0a9489a6-b70a-4f3c-9963-34e1440dbbeb
1989,1989,Crematory,Promo 1989,518cd589-cc27-470e-9c85-7e4784756d8b
1989,1989,Crime & the City Solution,The Shadow of No Man,8494cbac-aa28-3614-bd7e-03b4d1b0ab84
1989,1989-10,Criminal House,Rhythm Talk,9d9311a6-52e1-312d-b144-107844083930
1989,1989,Crimson Glory,Lonely,4d6fb747-051e-3b26-a074-90a7cd7338d8
1989,1989,Critical Mass,One Time Love Affair / Without You Here,4a929e8a-d048-3b20-95f9-6efcdfb9efca
1989,1989,Crowded House with Roger McGuinn,I Feel Possessed,3c556af2-8972-3e34-a956-355ba257d860
1989,1989,Cry No More,Oh Sharon!,0382e66f-a921-3213-a773-9dac9edfeada
1989,1989-04-10,CUD,Lola,8f12e62c-b94c-4e7b-aee0-757ec5abae14
1989,1989-09-02,CUD,Only (A Prawn in Whitby),9485e149-088d-4af2-97bf-0f3526434a5a
1989,1989,Culture Beat feat. Jo van Nelsen,Der Erdbeermund,d5e87f03-c9c3-46e3-bd08-309d3bc49a12
1989,1989,Curiosity Killed The Cat,Name And Number,119a3fb4-b72b-4764-a6e8-df2680ef6859
1989,1989,Current 93,Hourglass,d979e3c0-acda-428d-9c70-1b10b5e314ef
1989,1989,Current 93,She Is Dead and All Fall Down / God Has Three Faces and Wood Has No Name,499a1477-eb93-3f48-9a32-e4e5740d6477
1989,1989,Curtis Mayfield with Fishbone,He's A Flyguy,8e7a40d6-966b-486e-a8bf-cf915c37c576
1989,1989,Cutting Crew,(Between a) Rock and a Hard Place,1a24f570-491c-45b5-ab98-8009ea66cd2c
1989,1989,Cutting Crew,Everything But My Pride,35d2e8da-f21e-4be3-bbeb-9c080b93f1cc
1989,1989,Cutting Crew,The Scattering,3052645a-5a04-4d21-97b8-a46d7fab9a2a
1989,1989,Cyndi Grecco,You Made Love Come True,e9f82fef-040b-4b79-bcff-e00c154cf085
1989,1989,Cyndi Lauper,Heading West,ca8e5104-660f-4928-bc7c-bc5369b4825e
1989,1989,Cyndi Lauper,I Drove All Night,323f3635-eb15-4cf9-af4b-5accc170f424
1989,1989,Cyndi Lauper,My First Night Without You,a1689d65-86b7-37f1-947a-b3e7765ea9de
1989,1989,D Mob,Put Your Hands Together,8bc08142-aff1-353b-803a-a98f62a1d522
1989,1989-03-03,D Mob featuring LRS & DC Sarome,It Is Time to Get Funky,f031480a-7790-4562-a00f-dec2defd1da1
1989,1989-02-10,D Mob introducing Cathy Dennis,C’mon and Get My Love,61c656cc-28c7-4a5c-89f5-5f24494d1e26
1989,1989,D-Shake,Tune In!,2bf46758-aa07-4685-b83c-9376638f2042
1989,1989,D. Sign,In This World,6ef74245-c803-4a2a-9dd7-1cbbf41e4467
1989,1989,D.I.Y.,U Don't Have 2 Worry,255b2c1f-233a-4bab-9aa3-1d2c932fcc43
1989,1989,D.J. Jazzy Jeff and the Fresh Prince,I Think I Can Beat Mike Tyson,60176dcb-4564-4c87-a9c5-17a602c4b87b
1989,1989,D.N.M.,French Kiss,5d7663b5-2120-437a-be05-d9539b427aec
1989,1989-07-01,DA BUBBLE GUM BROTHERS,ヘイ!TAX,0851cbca-4875-4e90-83cf-7d7f120d3730
1989,1989,Da Posse feat. Martell,Searchin' Hard,f23f8a1c-d6e2-3d8b-b799-c18e5d54cf04
1989,1989-10,Daddy Cool,Eagle Rock / Come Back Again,e41e955f-c47c-3398-ad3a-c7418f847ebf
1989,1989,Daddy Hate Box,You Tell Me Nothing / Close as Death,e811c9ce-d795-4b42-8f94-db77faa0e695
1989,1989,DAF,Verschwende Deine Jugend / El Que,0bea80f9-efc3-43df-851e-03e69f853f02
1989,1989-06,Dag Vag,Du får aldrig nog,1933960e-c01b-4b19-a3f1-61d4a90a6009
1989,1989-10,Dag Vag,Tiden går / Vad ska jag göra?,f128a64a-cb68-4e76-9363-b60442bac746
1989,1989,Daily Terror,Deutsches Bier,df1bf1e4-9cfa-42d9-adfd-e53ddc8d0b9d
1989,1989,Dalida,Rendez-vous chaque soir / Dalida mon amour,4e59914e-5757-413e-aee5-3f3bfddf806a
1989,1989,Dalida,Rendez‐vous chaque soir / Un soir qu’on n’oublie pas,c3d8f863-f142-4c8f-9836-f4b7ab48cd4c
1989,1989,Damian,Wig Wam Bam,1383935e-f628-4ccf-bf45-702c5be60440
1989,1989,Dan the Automator,Music to Be Murdered By,5f529ec9-9373-3c76-9ef2-01e737e09022
1989,1989,Dangerous Toys,Scared,77ea9dbc-00e6-3f1b-8409-8c8efd577979
1989,1989,Dangerous Toys,Sport’n a Woody,ea87f5fc-2053-3451-b783-66c1d070946f
1989,1989,Daniel Balavoine,Frappe avec ta tête,dcd091eb-b50d-4516-a64f-a4316594cc17
1989,1989,Daniel John Ohm,Love Me Like a Rock,9b7d2dd6-79d7-4ef6-aebb-bc25cf20187d
1989,1989,Daniel Lanois,The Maker,f6ad8355-20f7-41b2-989a-451232ca461e
1989,1989,Danielle Dax,White Knuckle Ride,d2afed2c-9ae0-495e-b9bd-da4c544205cc
1989,1989,Danny de Munk,Als ik jou niet krijg / Uit en voorbij,219ad35e-0299-4064-81f4-f563bb7616c3
1989,1989,Danny Elfman,The Batman Theme,4f12eb31-3d98-48cd-823e-35b9561a1717
1989,1989,Danny Gatton,Nit Pickin',1310cd8b-f220-46ea-a2cd-8a6c434476a1
1989,1989,Danny Wilde,The Stuff That Dreams Are Made Of,33c9fbe5-b181-460f-85f5-f837afdca620
1989,1989,Danny Wilson,I Can’t Wait,5ebda5cb-c69e-341e-a56f-79ceb87624ce
1989,1989,Danny Wilson,The Second Summer of Love,88e26e0b-4cd0-3647-b6dc-bfca441ff516
1989,1989,Dare,Abandon,6c598bcf-9b0e-4a5d-bf46-a73d845414ab
1989,1989,Dare,Heartbreaker,c490597a-a6c9-40e0-b9cd-dee52751c8e6
1989,1989,Dare,Nothing Is Stronger Than Love,6c22de4d-c33e-4687-a6dc-305f8a0d1178
1989,1989,Das Damen,Noon Daylight,45d999a2-8b6d-49a8-af75-87d831c11a8b
1989,1989-07-01,Das Damen,Sad Mile / Making Time,4280d7fa-ad5c-4144-911b-14cdc329a4ee
1989,1989,Dave Daffodil,Skymaster / Warm Up,596784d8-c066-454e-a53d-3ae47b52f90a
1989,1989,Dave Daffodil,Speedy / Bossamba,3b77111b-1982-446d-91e1-b5ed687b2cc5
1989,1989-12,Dave Lindholm & White Midnight,You Should Have Known / You’ve Got the Key,b13cbdcd-383c-4aa9-ad4a-9ecd3ebe094c
1989,1989,Dave Ross feat. Kitay,U Broke My Heart,f4ada052-0dd1-4b65-95bb-60b13d1123a4
1989,1989,David A. Stewart feat. Candy Dulfer,Lily Was Here,62728a18-bd1c-3dc8-9527-0b7d84389af3
1989,1989,David Broza,Along the Hudson,dafc38cd-90e7-4ce2-b7bc-b4cb106724a9
1989,1989-11-27,David Byrne,Make Believe Mambo,49dd39da-6ffb-3b39-ae51-4af3b69dcceb
1989,1989,David Essex,Missing You (Magic),2d39110f-2bd2-4b2d-aa4e-79fdbbf19a29
1989,1989,David Hasselhoff,Flying on the Wings of Tenderness,643c3117-b916-4628-8cbf-471d7e4e4c0c
1989,1989,David Hasselhoff,Is Everybody Happy,3f22fc71-18c8-4ef9-b1dd-410fdf4978c5
1989,1989,David Hasselhoff,Our First Night Together,ad58ec22-a233-4f8b-ae1b-4295af8c15cd
1989,1989,David Hasselhoff,Song of the Night,babbf49d-728a-4759-9a2d-4c1d731415d3
1989,1989,David Koven,Elle danse,64a05bb3-827b-4b32-95f4-ed93e53d3968
1989,1989,David Marouani,Envie de pleurer,27cdf498-a9e3-4de4-8951-b625e6fefd02
1989,1989-10,David Sylvian,Pop Song,468f40fd-b3dd-4a57-aff2-47895fa10b28
1989,1989,De Alpenzusjes,Als er wat te feesten valt / Disco-Jo,8efbcc9e-7fd5-44a8-acd0-309fd1f2ff84
1989,1989,De Alpenzusjes,De tango van het blote kontje / Haak in en dein maar mee,bca7e16b-01f5-4ec4-98f2-9809d9f03fbe
1989,1989,De Alpenzusjes,"Lucky Luke leert jodelen / Hi, ha, ho, oude schimmel",319a485d-47b1-4a03-b49b-4ab88509d0bd
1989,1989,De Deurzakkers,Het is hier binnen beter dan buiten,d1f50d93-3f7d-4f4f-a059-3e61609647b3
1989,1989,De Dijk,Ik kan het niet alleen / Hippolytushoef,6f89a755-971f-3db3-a615-b8a2a7c2989c
1989,1989,De Dijk,Nergens goed voor / Hups,cd3ed431-732a-3002-8fff-192f5517c213
1989,1989,De Dijk,Wat een vrouw,8041a2fd-eb68-3e26-9072-0eeaaeade628
1989,1989,De Esperando’s,In mijn herinnering,dc614e29-45b9-4ba6-8a69-34022560aa8a
1989,1989,De Germa’s,Wij zijn de dames van de toiletten,505fbda2-893d-4279-92c9-e942d5790bb3
1989,1989,De Havenzangers,Eenmaal zal het je spijten,24390e82-0411-4890-90cc-1f74c6cf8f39
1989,1989,De Havenzangers,Ik ben verliefd op jou,3737169a-62b0-4353-a85f-262e7b940bb7
1989,1989,De Havenzangers,Rome we komen / De papagaaienwals,2f2ce6af-03a6-4b5c-bf36-afa5d6850b33
1989,1989,De Heikrekels o.l.v. Wim van Gennip,Ik hou nog steeds van jou / Crocus-melodie,077fdfbf-e813-4859-b216-3f1f1e855d6a
1989,1989,De La Soul,Buddy / Ghetto Thang,00f3344e-9e88-34b2-af47-d4a7160c5d13
1989,1989-10,De La Soul,Eye Know,3e0815e2-efea-4b26-8249-1850002d141f
1989,1989,De La Soul,Me Myself and I,3e045e1a-6622-38e6-8839-8df620d8f685
1989,1989-06-26,De La Soul,Say No Go,6385f196-83ec-33b3-8860-bf6647d44f86
1989,1989-12-11,De La Soul,The Magic Number / Buddy,7d99eddf-6a2b-43eb-8629-33c2f83bd630
1989,1989,De Lite feat. Osca Child,Wild Times (Mayday mix / M.I. mix),7b64b44b-1e81-4e4a-b70b-37e7d985d27c
1989,1989,De Migra’s,"Rode rozen, rode lippen, rode wijn",95e52d17-24d9-4001-8313-aa3794d4b4f8
1989,1989,De Pielhaas,Vastelaovend ien rooy ` 88 ` 89,387fd7cb-3f4a-4f47-8b8e-7b3f1974716a
1989,1989,De Pintepakkers,De cafébazen-wals,a993f5e3-a991-4909-a7e3-4b0461069df6
1989,1989,De Strangers,200 Jaar Gemeentepolies,507e8dd4-2c57-4c96-9ed2-6093e181461d
1989,1989,De Strangers,Den Bompa,a2aa7943-6d8b-4b30-8e0f-9d1f889804b4
1989,1989,De Strangers,Vivan Bomma,c5088fcf-b9d6-4139-b59a-d45715e380b4
1989,1989,De Strangers,’n Braziliaans feestje / Benidorm Olé,835ad452-80a9-41c3-a917-8caabf5bb5d0
1989,1989,De Twee Pinten,M'n neef uit Canada / Aan de tapkast ben ik geboren,8b11d58a-e03d-441a-b31e-08f2fb70b217
1989,1989,De Vrijbuiters,Als ik naar je ogen kijk,1cb06c83-0ab8-4ab9-8c58-c534dd1921b5
1989,1989,De Vrijbuiters,Ik heb geen geheimen voor jou,4ecd8577-f776-4434-9761-ce89b6385dd5
1989,1989,De Vrijbuiters,Jou herken ik met gesloten ogen,00316724-844c-4987-8de7-fe18a7ccc0b7
1989,1989,De Zeroda’s,Het pruimelied / Als ik zo vrij was als een vogel,3421d0f7-dd2d-4b5b-98c2-4c1a55ec8671
1989,1989,Deacon Blue,Fergus Sings the Blues,283c3487-8aab-402c-8cac-e5d7181ac5a2
1989,1989-08,Deacon Blue,Love and Regret,b123e460-067d-3c4c-adbc-1a26512aed27
1989,1989,Deacon Blue,Queen of the New Year,946f610e-75e7-339a-a925-a85f5a1ab751
1989,1989-04-01,Deacon Blue,Wages Day,0fa22c8a-3914-3c4d-a96c-b45024693a50
1989,1989,Dead Allison,Francis,42f73cea-5791-4e64-bb1d-14b3202847cd
1989,1989,Dead Conspiracy,In the Insane,6b1e5259-1b87-44a2-b085-517efc7d7f65
1989,1989,Dead Conspiracy,The Wall Within,b56a619d-c281-4476-9051-3ed1816999ce
1989,1989-07-21,Dead End,So Sweet So Lonely,28e65d89-f0ae-406e-accf-4369c4a8827f
1989,1989,Dead Moon,Black September / Echos of You,63cc8483-69e4-4fdd-8fa1-d7b6dac47a68
1989,1989-10-26,Dead or Alive,Baby Don't Say Goodbye,30199f34-e61a-49f4-8d29-349ed181195c
1989,1989,Dead or Alive,Come Home With Me Baby,69a58b14-418c-4ae1-8eb8-860f84cc1b91
1989,1989,Death of Samantha,Rosenberg Summer,758724e5-acd7-4f83-b3d3-a4c4f2450309
1989,1989,Death Trip,Death Trip,609edeb8-c7e0-47d7-9034-38ac4b83f396
1989,1989,Debbie & Andres,Give a Little Bit,320863b1-9622-4f05-abae-c1e81ae952ed
1989,1989,Debbie D,Hit the Rap Jack,b40098a3-a53e-4f9b-a2bc-476abece20f5
1989,1989-03,Debbie Gibson,Electric Youth,f43c6adc-63af-3b28-9786-0c4ebe7e9931
1989,1989,Debbie Gibson,Lost in Your Eyes,ddd7598a-643c-4126-bdb2-0205749ed873
1989,1989,Debbie Gibson,No More Rhyme,ac5c89f7-fbf1-4c36-a14c-e23bc27d47a5
1989,1989-08-07,Debbie Gibson,We Could Be Together,7b494a67-6ee5-47bd-8313-f5b97bcb9f23
1989,1989,Deborah Harry,I Want That Man,0f1baaa6-7b1d-4c4b-8304-ee440a8d13c3
1989,1989,Deborah Harry,Sweet and Low,d0e8d33d-dfba-4bb7-a221-1c1e9c9f803d
1989,1989,Deborah Sasson,Passion and Pain,780dd186-6a47-4171-8d27-6e9d744eca7a
1989,1989,DECAMERON,ENDLESS PARTY,c522addb-bd4e-4356-ba72-0fc105039b65
1989,1989,Def Jef featuring Etta James,Droppin' Rhymes On Drums,8564dcd9-9469-4a23-9933-f74fc1625892
1989,1989-01-30,Def Leppard,Rocket (Lunar mix),c25fd90a-bc4c-4a9a-9274-d94f825f6c25
1989,1989,Del Amitri,Kiss This Thing Goodbye,b1077dfe-33e0-4955-89ee-280520e4f89d
1989,1989,Del Amitri,Nothing Ever Happens,5cb6cf1d-def5-44cd-863d-497b1cc5234f
1989,1989,Del Amitri,Stone Cold Sober,6f728643-075d-4eda-b9ae-a76754fc78ab
1989,1989,Delegation Featuring Ricky Bailey,The Mix,21a18c1b-c4ec-4894-8f89-9f4c617039b6
1989,1989,Demis Roussos,Futureless for Ever / Comme le vent d'hier,3fd6b49c-9db9-415d-a431-6d5d5a8aac4c
1989,1989,Demis Roussos,Magdalena,3c89ff0f-ba6c-4a18-b85e-73e29f25d9ee
1989,1989,Demis Roussos,On écrit sur les murs,3023928e-06c5-48b0-9515-6f803c0f88da
1989,1989,Demis Roussos & Drafi Deutscher,Young Love,0832433b-41bf-4be1-b1d3-117c701c0c44
1989,1989-10-01,Demolition Group,Miracle,f5500e3c-7c56-4fe7-87b6-2c9039e61876
1989,1989,Den Harrow,Holiday Night,b1d6c954-e887-4779-bbf2-1b2598b9226a
1989,1989,Denise & The Beastie Girls,Top Secret,6ba53886-10a5-4ad2-b11b-11939677e43c
1989,1989,Denise M,Do You Love Me?,6fb77322-5828-30e0-840c-5c80558f7579
1989,1989,Dennie Christian,Santa Fé / Menselijkheid,5bb29fe6-aa9b-4c5d-bf11-33202aca2dfd
1989,1989,Dennie Christian,Wij gaan door tot midden in de nacht,31c87d6c-5d62-379c-af2e-343fa379a5bc
1989,1989,Deon Estus,Heaven Help Me,5988f322-8852-4759-803a-ef4c567df81e
1989,1989,Deon Estus,Spell,6d89b4bb-f3f9-4ecc-9e4f-00c25f17a3c9
1989,1989-02-13,Depeche Mode,Everything Counts: Live,2b866903-92ae-3222-bd75-561a87fffe7b
1989,1989-08-29,Depeche Mode,Personal Jesus,ce1747b1-61cf-3441-afa8-d41a04cd446e
1989,1989,Depeche Mode,Pleasure Little Treasure,20e16c2f-e11e-4445-ae40-dc4b922ebee6
1989,1989,Depth Charge,Bounty Killers,f1cdae5c-67cd-4c16-8d6b-c45baee65162
1989,1989,Depth Charge,Depth Charge,7f9fbad8-521d-4f74-a649-b11db9839995
1989,1989-09-21,DER ZIBET,Funny Panic,ca5019bf-85fe-42b6-b8a8-917e61a71daf
1989,1989-12-10,DER ZIBET,マンモスの夜,310195ac-d65b-4c33-a95a-2be17d8f9efe
1989,1989,Derwin Daniels,Catch Me When I'm Falling,929133fa-9fc0-4d3e-a4a9-1f5832690c16
1989,1989-08-16,Desaraé Wild,Give Me The Rhythm,76ee28a3-d3d3-43fd-9f3a-f49a3c183fee
1989,1989,Desire & The Ville Posse,Tales Of The Dark Side,c2f7566d-b58b-46d9-9905-53071083ca84
1989,1989,Desireless,Qui sommes-nous,87eb9585-41c5-4120-99e9-148ce88d0d57
1989,1989,Deskee,Let There Be House,cd5650cb-e39f-35f9-b97c-793f2b95d710
1989,1989,Deutsch Amerikanische Freundschaft,Verschwende Deine Jugend,19ad9991-2345-3766-b08b-f81e4db400f9
1989,1989,Devastatin’ Posse,What's The Rhyme,6af7be79-e3f8-4068-8f7a-95d2e4a6e0f0
1989,1989,Devon Haughton,War on Drugs,feff9299-285d-45fe-8734-5831e12c2cf2
1989,1989,DFX,Relax Your Body,9031d6e9-0559-4920-af64-134fdb01be61
1989,1989,Diana Ross,Love Hangover '89,a123b00a-671a-47c6-b25d-72eb578a7072
1989,1989,Diana Ross,Paradise,8fda5024-674e-3b11-a956-c945c3bf7045
1989,1989,Diana Ross,This House,455b1d52-bf31-339d-847a-30fc52d0b4bf
1989,1989,Diana Ross,Workin' Overtime,86610cbc-922f-3b2e-ae9c-841465e1b52f
1989,1989,Diana Ross & The Supremes,Reflections,ff6dbd1d-ce57-338c-ab7d-1056311d873b
1989,1989,Diana Ross & The Supremes,Vintage Gold,b15f4405-601b-3daf-a153-ab7ce23ac054
1989,1989,Didjits,Lovesickle,86560193-c7ea-31c0-ae26-b5b80bfd3c56
1989,1989,Die Flippers,Je t’aime heißt: »Ich liebe Dich«,1b361b2e-1fba-4d38-b1b2-583624bd8e13
1989,1989,Die Form,After The Last Gaze,94a77c0d-cf86-409f-8a30-1715050b4ad8
1989,1989,Die Form,Teufel Im Leibe,3ff3bf16-3988-4279-b3e7-015e7337f474
1989,1989-04,Die Krupps,The Machineries of Joy,189e7bb6-22fd-338d-b915-aadc2bf371fc
1989,1989,Die Minimalisten,Die Minimalisten,e2ecc483-11e8-48e1-8d62-5bc1c156bb47
1989,1989,Die Mollies featuring Fishmäc,Hot Love / Get Crazy,746823cc-9587-46e0-8847-4a067ac0c047
1989,1989-02-23,Die Toten Hosen,1000 gute Gründe,de0c8293-5dbe-3dbb-83a0-4655f5adcb61
1989,1989,Die Warsau Synfony,I've Got To Make Sense,cb9714aa-7404-4e31-a865-c50d17de7ed6
1989,1989,Die Warzau,Land of the Free,f8a26240-1b0c-3078-ada2-2846eb3eed43
1989,1989,Die Warzau,Welcome To America,16684a76-f379-42c8-92ee-08c4e6521c2d
1989,1989-04-28,Die Ärzte,Bitte bitte,a8ca3459-876c-3fe4-9e85-74e5d650f114
1989,1989-03-01,Die Ärzte,Teenager Liebe (unecht) / Gute Nacht,925dc2b4-cc20-3f4e-b3ec-92af5982d810
1989,1989,Died Pretty,Everybody Moves,1e4cc68c-469e-48ac-8099-e7560d248ec1
1989,1989,Diesel Park West,All the Myths on Sunday,2171d841-10a9-4f4a-bd6b-012ef6a1fd8b
1989,1989,Diesel Park West,Jackie's Still Sad,9249ed67-0f67-43b1-b840-1c3b32d9f358
1989,1989,Diesel Park West,Like Princes Do,9885040e-9080-33ab-8572-4b973cb74f61
1989,1989,Diesel Park West,When the Hoodoo Comes,1a409530-f60f-3111-bfec-4bf45da5aef8
1989,1989,Dieter Dornig,Die Insel im Meer,48173d4f-1d1a-4f68-9e46-11fb46bd152e
1989,1989,Digital Underground,Doowutchyalike,2d794265-a04f-4fa2-aa09-6e8830857f6a
1989,1989-01-20,Digital Underground,The Humpty Dance,17df7607-22ff-3e6a-bf3c-3d5d255648fa
1989,1989,Dimitri Van Toren & Flairck,Hé komaan,7d9e743a-3c46-4968-895a-dc2a6f092fa5
1989,1989,Dimples Tee,Nas Tee,1b991615-2ca0-4111-a1e2-30731b7016eb
1989,1989,Dina Carroll,Me Sienta Sola (We Are One),8152fb8d-9aea-4b0d-9fc8-3f0cfd39102b
1989,1989,Dina Carroll,Walk On By,6385b03d-6dc6-4e5f-bc05-009e7563c97e
1989,1989,Dino,24/7,385d957b-2648-4ddf-a69a-e3c4a7dfddcb
1989,1989,Dino,I Like It,892de3bb-fd95-4de9-b378-1e78e8118114
1989,1989-02,Dinosaur Jr.,Just Like Heaven,b641b727-7774-3b39-8959-9a0d7f8389ab
1989,1989,Dio,Wild One,d477d303-2258-4639-83f7-ad7e5ca6f727
1989,1989,Dionne,Come Get My Lovin’,0f70c406-2b30-404d-8c65-bf27a430c462
1989,1989,Dionne Warwick,Heartbreaker / All The Love In The World,cc994375-f330-48cd-88b9-d80f5550fa7b
1989,1989,dip in the pool,On Retinae,f1e9e9ba-ff49-408b-a24d-dc4c4b45a416
1989,1989,Dirty Harry,Double B,e1dca5aa-d5c4-4e54-9ee1-84bb63943c92
1989,1989,Dirty Looks,Nobody Rides for Free,0755674a-94a1-4490-b857-798f834297dd
1989,1989,Dirty Tryx,Rough Ride / Waitin',c2bf1d68-2392-42c5-bd76-882b2860c5fd
1989,1989-10,Disastrous Murmur,Extra‐Uterine Pregnancy / Ptomaine Poisoning,7544360f-2e8b-478b-87a9-bd1474bb4e9e
1989,1989-01-16,Disco 2000,Uptight (Everything's Alright),8517fcf0-392d-32ae-b41e-f0bf291b2857
1989,1989,Distant Cousins,You Used To,cf1a98e4-2f98-4744-aa72-51c2a6811c48
1989,1989,Divididos,Che qué esperás? / Un montón de huesos,95527e0f-7915-4c92-891e-fe408058de84
1989,1989,DNI / Sindicato del Crimen,Madrid Hip Hop,96751fe3-a07f-4d41-b06b-3635a28ee25d
1989,1989-10,Doctor K & D.J. Daddy,New York New York,387890bb-ceab-4f60-a5f1-8e491666233f
1989,1989,Dodo and the Dodo’s,Special Maxi CD,340ed496-049d-46ee-b366-5b65d36c8693
1989,1989,Dog Eat Dog,Jungle,075c3002-294a-46e9-b284-af9020f657b2
1989,1989,Dog Eat Dog,Leather Jacket,939bd397-8422-47a4-a614-dd6236619dea
1989,1989,Dokken,Day After Day (You Don’t Care for Me),ada81117-7219-49cf-badd-05e90e6e9f5d
1989,1989,Dolly Parton,He’s Alive / What Is It My Love,6109aa4e-2605-4df1-886b-bfb14620bf5d
1989,1989,Dolly Parton,Slow Healing Heart / Take Me Back to the Country,6c86622c-3faa-45bf-bc11-d154d261ac6e
1989,1989,Dolly Parton,"Time for Me to Fly / The Moon, the Stars and Me",45e7f980-f338-4e35-9e8f-852b01b6208f
1989,1989,Dolly Parton,"White Limozeen / The Moon, the Stars and Me",4cc56617-cf8e-4851-8fbd-e71ac539998f
1989,1989,Dolly Parton,Why’d You Come in Here Lookin’ Like That / Wait ’til I Get You Home,99c82082-08a4-40ff-9b32-c13014db48b1
1989,1989,Dolly Parton,Yellow Roses / Wait ’til I Get You Home,ae7f5a72-ad46-4b73-aed9-d8fbf030da55
1989,1989,Dols & Prick,Verbode vruchte,7adffc16-9c56-41bd-8b68-e0d9e6e122f6
1989,1989,Domain,Hearts of Stone,52d280b9-5d48-396c-baf3-7e10794446c1
1989,1989,Domain,I Don't Wanna Die,b5294a12-6f4b-34c3-9eeb-288839e3ad66
1989,1989,Domino Blue One,Domino's Shuffle,1f1f0450-f54d-41f5-bce0-60f147407148
1989,1989,Domino Blue One,That's It,5600fabe-a7b9-4ff1-ba66-b967bded0cd8
1989,1989,Don Henley,New York Minute,44921160-b4b5-40cc-aa82-7d5e30482db7
1989,1989,Don Johnson,Tell It Like It Is,8a97eab6-f682-46ce-9eca-32016a9cd6f9
1989,1989-02,Don Julian and The Meadowlarks,Our Love / Quickie Wedding,1bd8802a-a93a-4105-bb42-a71bcb7c96ef
1989,1989,Don Julian and The Meadowlarks,White Christmas,3fb3db68-9202-4f18-a72d-b240741f4364
1989,1989,Don Pablo’s Animals,Venus,d3c9cf5e-562d-324a-8c04-6f9394b2acde
1989,1989,Don Williams,I’ve Been Loved by the Best / Why Get Up,8396481d-625f-4a3d-b3b3-cc87b313e8ea
1989,1989,Don Williams,Just as Long as I Have You / Learn to Let It Go,cf5104c5-df3a-4307-9f63-1eae037e680e
1989,1989,Don Williams,One Good Well / Flowers Won’t Grow (in Gardens of Stone),ef2e2903-9842-461b-ae5e-6d239d5a98a4
1989,1989,Donatella Rettore,Zan zan zan,3ec7c569-996a-3666-874f-a418ad270fb9
1989,1989,Donna Summer,Breakaway,230acd92-776d-4a75-bca5-7589e7f5c941
1989,1989-05-08,Donna Summer,I Don’t Wanna Get Hurt,4e1b9bb3-e765-40ba-a197-20634350f67c
1989,1989,Donna Summer,Love’s About to Change My Heart,b8817138-8433-45b6-9cb2-3f563c75b58a
1989,1989-04,Donna Summer,This Time I Know It’s for Real,5199bc02-c29f-4a35-894b-5fde8afc63cb
1989,1989,Donna Summer,When Love Takes Over You,3bae9acc-cb7a-4eda-b4d0-2f7bf64aa83d
1989,1989,Donny Osmond,Hold On,8c0f2a51-7573-432a-ba0a-569425231ef5
1989,1989,Donny Osmond,Soldier of Love,1185765a-875c-44a8-b2bd-b78c3139052b
1989,1989,Dori Ghezzi,Il Cuore Delle Donne,68cc0f21-1639-4e24-bf6a-98e89d5eabae
1989,1989,Doris Day,Have Yourself A Merry Little Christmas,e90c77cd-9514-3e1a-98e6-cb593091b990
1989,1989,Doro,A Whiter Shade of Pale,603e2d9a-cf95-4054-9866-a3fd59a686d8
1989,1989,Doro,Hard Times,fbb9b465-81bf-4489-8d71-6160738858c0
1989,1989,Dorothée,La Machine avalé,dc767942-9202-46a6-9f43-9d225d466c09
1989,1989,Dorothée,Tremblement de terre,f16652f7-8b88-4e6f-8910-3a8080f8153c
1989,1989,Dorus,4 gouden hits,fec9934e-c27c-4d68-b17c-2c63a53a1369
1989,1989,Double I.D.,Communicate !,95a4fb58-fe03-417b-94a5-bf37a58b1038
1989,1989,Double Trouble & Rebel MC,Just Keep Rockin',a339c2b9-fcb3-46bb-a436-6c51bda05e3b
1989,1989,Double Trouble & Rebel MC,Street Tuff,f438139c-1960-3455-97cf-358cdcfc687d
1989,1989,Doug Ashdown,Winter in America / Love Will Never Be the Same,95a3e90e-4865-426e-9472-443674c2d6e4
1989,1989,Doug E. Fresh & The Get Fresh Crew,Summertime,a73f1e2c-2c69-4c8a-880a-bf66f96175a8
1989,1989,Doug Lazy,Let the Rhythm Pump,4ea33d8a-7049-30ce-b2ac-4e73a427d95d
1989,1989,Dow Jones,Just a Techno Groove,937a8c9d-4d40-47ac-bd72-851a44f46e34
1989,1989,Dr Mouthquake,Love on Love,07123301-63da-3799-b3df-440178400633
1989,1989,Dr Robert & Kym Mazelle,Wait !,cc16d64a-797b-49a4-929c-3b36ca976ae4
1989,1989,Dr. York,Someone's Been Sleeping in My Bed,6c1a7ca2-f303-32b4-9459-aa19ac5335da
1989,1989,Drahdiwaberl & Dana Gillespie,Greif hier nicht her,e1cfc8de-cd5c-43ef-9246-632116aeab43
1989,1989,Dramarama,Anything Anything,6a70a0af-689d-457e-a08e-1a7e1269e281
1989,1989,Dream Theater,Afterlife,93aa35b5-309a-3e7e-b9a8-abcb7549f376
1989,1989-06-01,DREAMS COME TRUE,APPROACH,6a481aac-16f8-34b9-a34b-aee915d25677
1989,1989-11-22,DREAMS COME TRUE,LAT.43°N ～forty-three degrees north latitude～,68069d86-0d88-3218-833d-21c61a84607e
1989,1989-03-21,DREAMS COME TRUE,あなたに会いたくて,acd81aa6-c4d6-3605-aa9f-1953ccde59c4
1989,1989-09-01,DREAMS COME TRUE,うれしはずかし朝帰り,2c7100e7-eae9-30f4-8e06-db97fc1a0f63
1989,1989,Drivin’ n’ Cryin’,Honeysuckle Blue,86aa367d-d3e1-4ed0-b4f3-f936f2582ec0
1989,1989,Drunks With Guns,Drug Problem,fa54f6cb-cce1-47ff-aa35-e18bcb929d8b
1989,1989,DSK,Work My Body Over (Sweat),b20915fe-9f40-4a38-9c0c-1d0663a7499e
1989,1989,Dub Sex,Swerve,41bddefa-a61e-4d47-8f06-002e85ad80a5
1989,1989,Dub Sex,Time of Life,4d01776a-bf8b-4789-9a19-9fcdf5736670
1989,1989,DumDum Boys,Boom Boom,ce24e19e-dc28-4e42-925a-ac34f7c47a98
1989,1989,DumDum Boys,Splitter Pine,8d1d7731-d843-4913-9cd9-c9fc9142ab45
1989,1989,Dunja Rajter,Gelber Mond,8370b64a-b253-424c-a954-af6228a83b0a
1989,1989,Duo de Pelikaan,"Hosse, hosse, hosse",19fb0ed9-ade5-34cf-ab1b-b42b830720e5
1989,1989,Duo de Pelikaan,Zure Regen!,0309a9dd-5f20-4dfb-a410-27a902fee334
1989,1989,Duo De Pelikaan,Zure regen!,6043bdc7-fc07-42c1-ab24-b8eb683a3086
1989,1989,Duo X,Die mooie dag / Een zeemansgraf,3b5c95c5-4484-4aa5-92de-941e09311494
1989,1989-12-04,Duran Duran,Burning the Ground,d22279ac-b31c-3d1e-aef4-c0f673ff9ce6
1989,1989-04-10,Duran Duran,Do You Believe in Shame?,cb59ebce-a16b-4b0c-9a0e-2283a1a99660
1989,1989,Dustdevils,... Is Big Leggy,af64134c-1f88-33db-bb6d-5b30afd3a3bc
1989,1989,Dustin Berger,Tränen sind verloren,1769d186-4495-434c-aa4e-1a277cc555cc
1989,1989-12,Dusty Springfield,In Private,82ea7486-0f6a-38b5-a793-3c157f4e478d
1989,1989,Dusty Springfield,In Private (remix),7f78d113-bfad-470e-a47a-852960c15f76
1989,1989-02-13,Dusty Springfield,Nothing Has Been Proved,270e1b09-297f-4821-a32a-ea523b5107b2
1989,1989,Dux Dux,This is a Sound (New Beat mix),81610351-f8c2-49c2-baf5-a0dfbeeb9906
1989,1989,Dux Dux,"Yes, You Get Her Keep on Pushing Harder",4f154347-a812-4f65-b7c9-3fe19370dff6
1989,1989,Dylan & The Dead,Slow Train,de48ade0-825f-403b-818b-b6c8539c20b0
1989,1989,Dynamic Choice,Zorba’s Mix,bd905a0a-2649-40eb-a686-c25881d4638e
1989,1989,Début de Soirée,Chance,7a50896e-9e46-3332-914a-fe46104e6788
1989,1989,D‐A‐D,Sleeping My Day Away,3c9f2bfa-231a-4a8f-864f-43467b68bf11
1989,1989,D’Jackson Suriam,Taxi,a8969778-434f-4360-b708-cf3bf5bdacc4
1989,1989-12,EA80,Dezember,ccd41b99-e016-46f1-b67b-52c648b94547
1989,1989,Earl Duke,I've Been Loving You Too Long,7c25edd0-6d6a-4d04-b5a3-5eafdc07a4b8
1989,1989,"Earth, Wind & Fire",Megamix,e53195c0-034f-4731-8f4a-dd7ed91c5875
1989,1989,Eartha Kitt & Bronski Beat,Cha Cha Heels,ee6575bb-cd5b-4eea-a315-b64c55119a7f
1989,1989,Eat,Summer In The City,df12f0dc-6109-49f9-84f9-d322777e4e5c
1989,1989,Eat,The Autogift EP,25d68cb9-f0ca-45f6-8742-bfff236e2b72
1989,1989,Eau De Rose,Claustrophobie,68b5a0ec-7fec-46b5-9b0c-915276c675d4
1989,1989,Eazy‐E,We Want Eazy (remix),9afdd1c4-6ef2-3f29-b306-ad43b9e00f6f
1989,1989,Eddie 'Flashin' Fowlkes,Standing In The Rain / Time To Express,13ef4910-be5f-4326-b2cf-e4f8a62bbbc4
1989,1989,Eddie Money,Baby Hold On,d9ad9249-871f-3230-9bb8-3b41c82f1057
1989,1989,Eddie Money,Peace in Our Time,fd535e8c-8023-4cad-919b-aec95331d496
1989,1989,Eddie Murphy,Put Your Mouth on Me,8b641560-ac60-4435-9085-598b583cbf89
1989,1989,Eddy Hoorenman,Amadeus Mix,0ba7af62-2cae-4af8-9899-f89d98520d23
1989,1989,Eddy Mars,Ik verdrink mijn verdriet,a6a88d92-6c53-4bd0-ba2a-b36a0cbff437
1989,1989,Eddy Mars,"Toe, huil nou niet",4045d034-d6cb-4950-9326-af99fdb237b7
1989,1989,Eddy Mitchell,Lèche-bottes blues,f60f9b0b-0b45-4c13-9b34-612abc95735c
1989,1989,Edelweiss,I Can't Get No... (Edelweiss),6f14c3d2-c9e8-417f-ae64-aa67144e517c
1989,1989,Edi Nederlander,Dance to Me,e02d93ec-6bfc-425e-ac10-8ace6e9ef5e8
1989,1989,Edie Brickell & New Bohemians,A Hard Rain’s A Gonna Fall,b9996e4d-b08f-43a3-96e0-e577a61c7c54
1989,1989,Edie Brickell & New Bohemians,Circle,ccf0bc9b-7185-33a7-9d97-d99e3fe3bfd5
1989,1989,Edie Brickell & New Bohemians,Love Like We Do,37a1ba9e-fd88-39ab-af96-40be2dd654b5
1989,1989,Edoardo Bennato & Gianna Nannini,Un’estate italiana,07a0b6ac-2472-3a1e-815f-eb58805222c5
1989,1989,Edrych am Jiwlia,Dau Berson,c4c20cc0-9c57-4354-8c82-724311802e62
1989,1989,Edwards & Armani,Up Your Bum,ecc17582-3e8a-4048-8e6c-d81bd07829c7
1989,1989,Effetto Joule,Roberspierre,03bf404f-23cb-4aae-a915-22dd902ab947
1989,1989,El Chato,Imagine,98143db9-81c4-4224-ba0a-b7d9047b1ddf
1989,1989,El DeBarge,Real Love,f4833ecb-921e-3326-bae3-88c36fcbf162
1989,1989,El Fisher,She Wants Me,f61e079a-eff9-474e-9993-ddde2abe808c
1989,1989,El Nene y sus Traviesos,Simbala cule / No la dejo de querer,31c4c2e6-b9e7-477d-ba62-43fb9e2a5bf6
1989,1989,El Super Odisea,Sereno moreno / Fui necesitando tu amor,849140f6-1ca7-4cab-8971-36012e91804b
1989,1989,El Súper Show de Los Váskez,Pollito con papas,dbdda021-81be-43eb-acb8-2397a0f55f6b
1989,1989,Elaine Kibaro,Ne Doute Pas,607d2008-89fe-4d20-a60d-e9226b69e67e
1989,1989,Electra,Destiny / Autumn Love,3e877194-d242-430f-b950-9ee327982911
1989,1989,electra,Wir sind der zwölfte Mann,475903a2-a803-4f69-b511-a75935f279dd
1989,1989,Electric Gypsy,Phantom (White Label Demo),a21e0260-6612-398b-82f3-5798f67de0b1
1989,1989-12-04,Electronic,Getting Away With It…,d540d899-e3bd-3ac6-af5f-88d16bd22e1f
1989,1989,Element of Crime,Satellite Town,0b79a67d-5215-46eb-ab6d-16b5275f8255
1989,1989,Element of Crime,Satellite Town / Das Lied von der unzulänglichkeit menschlichen Strebens,4f4623a8-10ed-4ccb-883d-4fc1a51992c8
1989,1989,Element of Crime,The Ballad of Jimmy & Johnny,6882ecce-9458-41bc-a6f0-a62c4b9d66ec
1989,1989-10-21,elika,Happy Lucky Lonely,a23f53d6-9056-4146-bb1e-4164b98b042e
1989,1989-07-21,elika,NEW VISION,7d5f7119-f6bb-4f73-8190-488c47c86a3a
1989,1989-06,Elisa Waut,Make Me Jump,4f7a1e34-6f04-4a6e-a6d2-8c1346d15d28
1989,1989-09,Ella Mental,Light Up My Life (Eddie's Cat),5353f11e-96ab-48d8-a7fa-4cd5c52ffc38
1989,1989-11,Ella Mental,No Woman No Cry,729ecb70-d14c-443e-add5-77d4163b6552
1989,1989,Elli Medeiros,Vanille,56a6d9e6-4ea0-4345-b34d-19a9afcfb1e6
1989,1989,Els Satja,Crazy Rhythm,f54cc49c-419b-47f2-b314-72ebceb104fc
1989,1989-09,Elsa,Jamais nous (remix),38b667bb-4ba0-4fed-b10e-ae8cc35362d8
1989,1989-04,Elsa,À la même heure dans deux ans,61553317-133c-4f34-8d30-f2896c51f12c
1989,1989,Elsje & Raymond,Sailors Don’t Cry,4bf22e27-0c11-460d-a6ae-55bcb38ca782
1989,1989-07,Elton John,Healing Hands,d6180105-2b44-4841-9570-f355d6a17a9c
1989,1989,Elton John,Sacrifice,280c540a-83f9-466b-aec1-f4db59e641d1
1989,1989,Elvis Costello,Baby Plays Around,c1a46b5a-bb1e-4803-ba48-2536e90a6cb8
1989,1989,Elvis Costello,Deep Dark Truthful Mirror,e1490d4d-c554-435d-9f6d-b3361a72630e
1989,1989-02-20,Elvis Costello,Veronica,76fb544a-bbf6-45cc-9f2c-a4ada72c4651
1989,1989,Elvis Presley,One Night With You,22c1bdaa-78e1-4d6d-a16d-bd11db6275b5
1989,1989,Elvy Nitta,Meer en meer / Jij wis’t niet,32507f32-3289-44a3-8132-5a7fa6c7597b
1989,1989,Elvy Nitta,’n Nieuwe liefde,88771721-b6f2-42c9-a887-ddd13db52b25
1989,1989,Eminem & Chaos Kid,As The Doom Surrounds With Gloom,367cdef0-a014-45cc-b443-129b654fe82d
1989,1989-06,Emjay,Come 'n Get It,7f48f724-0d23-34bf-95d5-ef73733757f0
1989,1989,Engelbert,I Can Never Let You Go,55f1d5d1-fbf3-4885-995e-450ce3c87ee9
1989,1989,Engelbert,Only a Lonely Child,4fadd78d-d893-4581-bab2-ca27c8d69ee5
1989,1989,Engelbert,Radio Dancing,2313bdf9-77d2-4f35-aed0-16ce1d1ca5a2
1989,1989,Engelbert,Red Roses for My Lady,3656944d-ba7f-45ac-8d05-6bcca352210d
1989,1989,Enrico Macias,Le Vent du Sud,f71687fe-9fc6-4041-965e-da6fa044e81a
1989,1989,Enrico Macias,Olympia 1989 : Quand les hommes vivront d'amour,1957bf08-5a5a-49c5-afc3-a87a9129f534
1989,1989,Enuff Z’Nuff,Fly High Michelle,d4e4bb07-f792-3b73-b6c6-91f9b644e7aa
1989,1989,Enuff Z’Nuff,New Thing,08b12e80-eaca-4582-a156-b575bd13298f
1989,1989,Enya,Storms in Africa,61fca40c-d54c-330f-8ddd-29ec9923251b
1989,1989,Eon,Infinity,8128d974-a7f6-43a7-9904-f12f41a9f10c
1989,1989,EPMD,So Wat Cha Sayin’,3c1c4568-54e7-4195-9011-a22f67fa65c6
1989,1989-11-21,EPO,ふたりのメロディー,b3145a03-b832-4761-9b05-fefcafe7cc6e
1989,1989,Equation,The Answer,1b4ecdfd-59fb-44dc-abf6-9d1e856974ff
1989,1989,Erasure,Blue Savannah,a86fdc45-b739-3914-85a5-30f6ec32e5f1
1989,1989-09-18,Erasure,Drama Remix!,e9e2995a-10fd-42be-a469-eb8d9ea0d1ec
1989,1989-09-18,Erasure,Drama!,0a10ec74-3a96-3056-a683-6df8cde64487
1989,1989,Erasure,Stop!,45b06434-98bb-48f3-8a26-0c4c90f44171
1989,1989,Erasure,Supernature,a8efc432-91f2-4046-805c-485c669a988d
1989,1989-11-27,Erasure,You Surround Me,8ccf3650-8409-32c9-8589-b8447ef68b15
1989,1989,Eric Beekes,Ga niet naar de stad / Zonder mij,87461d76-c96d-4517-afc4-9e0ee2b64813
1989,1989,Eric Beekes,Vraag het de wind / Vrij zijn,b8c1f39c-6cf0-4636-ad6e-96ad6bafd551
1989,1989,Eric Clapton,Bad Love,a46184e2-48f5-4a39-8315-20b161aa5bf9
1989,1989,Eric Gadd,Din man (Klubbmix),1d4ceece-e3c0-41cf-b73a-8bd11b1b4c5f
1989,1989,Eric Marlyn,Midnight Rider / He's Gonna Find You,ef3ed44d-e558-4287-acd5-61383b8ed0f3
1989,1989,Eric Morena,La Fiesta Morena,99502dec-c22f-478d-8935-4a7e84a74c7c
1989,1989,Erik Mesie,Van vlees en bloed,0bdda858-9b21-4efa-9e95-0b3b29015488
1989,1989,Erik Mesie,Zonneschijn,b57c7c36-1e47-4b4c-aa1d-a13bf5c24be5
1989,1989,Erik Rossing,Patrona Bavariae,a1275fea-55ce-4748-88df-85d50a338d12
1989,1989,Eriksson . Glenmark,Upp över mina öron,dd13642b-4293-4c25-84cb-e5619f89bad2
1989,1989,Ernest Kohl,To Save The Love,abf40373-6414-4253-a4f8-dedb773a17e7
1989,1989,Erotic Dissidents,I Wanna Be Loved by You,e3574110-72c8-3fc6-8936-4f8077bab8a4
1989,1989,Errol Brown,Love Goes Up And Down,f8901bb4-201c-4a7b-ba53-c72885e21244
1989,1989,Eurythmics,Angel,978ed309-341b-441b-87ad-e44dc9a3c5da
1989,1989-11-06,Eurythmics,Don’t Ask Me Why,2536b9bf-47ec-420b-ba99-38380d5f53b1
1989,1989-08-18,Eurythmics,Revival,e004f621-a2db-3684-b2bd-b2bc1a1df336
1989,1989,Everlast,Never Missin' a Beat,b398e4d9-d305-39e1-9601-93728c0808fa
1989,1989,Exo,Why Did You Do It,10ce90ff-c954-4fd7-9661-fdbe59e10018
1989,1989,Export,Pearl Harbour,aaa06bee-9cc0-4bae-b3ea-ded5ac25a516
1989,1989,Exposé,Club Veronica Megamix,e3124912-8d08-4479-915f-5a8e19809e72
1989,1989,Exposé,What You Don’t Know,cae65279-201d-43f4-ba45-01403ee362fb
1989,1989,Exposé,When I Looked at Him,38ef324e-5bfa-49f9-8e5e-e85083b3246b
1989,1989,Extreme,Kid Ego,52f15d0f-234c-466e-a91e-b79b872b279e
1989,1989,Extreme,Little Girls,9cc541ec-7215-45aa-8e05-4e75ee47a56c
1989,1989,Eyes of the Nightmare Jungle,Shadow Dance,0038853e-bd83-41cc-b508-49910f0521b8
1989,1989,E‐Zee Possee,Everything Starts With an ‘E’,9c75058d-bd14-4b3f-90d5-408e6ea0a9f3
1989,1989,F.O.G,Electricity,6926f10b-8785-4488-949f-35dc8c329f5c
1989,1989,F.P.I. Project,Rich in Paradise,19830266-0c0b-336b-8c74-e8ab44a047c4
1989,1989,Factory,Efter plugget '89,10c9fa54-6a02-4cf6-9b81-0bbe990d33b1
1989,1989,Faff‐Bey,Emptyhead,3df94e45-0027-3726-a682-fd9b45d7d45d
1989,1989,Failing Fellows,First Train First,4a4b6aff-a975-4693-939f-8d742bbdf15f
1989,1989-02-08,FAIRCHILD,ラブ・シックは好き,8d4b9151-4a89-43cf-a0f4-ef17f2e2381b
1989,1989,Faith No More,Epic,342ed409-76f3-363a-9b5e-9f861be5f66a
1989,1989,Faith No More,From Out of Nowhere,43f9f973-8c23-491b-9423-43943eced845
1989,1989,Fancy,Angel Eyes,2718e561-7988-404e-ad9c-e433f55870c4
1989,1989,Fancy,No Tears,8dd6160e-8861-4396-832c-12e76179e460
1989,1989,Fantomi,"Beba, bebica / Da, da, da",4c787461-6ec4-40a1-98cc-15f827a41808
1989,1989,Farley 'Jackmaster' Funk,Love Can't Turn Around / U Ain't Really Acieed,735c8b82-de89-4924-b276-4da8291fc7fe
1989,1989,Fast Eddie feat. Sundance,Git On Up,cf2da76a-bc20-35e5-b3eb-09bd0ec97cf8
1989,1989,Fast House,Late at Night,9c9e6f8d-41fa-424a-9656-bc43ca30d233
1989,1989,Fastbacks,In the Winter,ad2851af-f145-46db-8fd5-01b1304f01e1
1989,1989,Fastbacks,Wrong Wrong Wrong,5242d5a6-efa7-4588-a992-9ec052cddeb2
1989,1989-04,Faster Pussycat,Poison Ivy,5889739d-fd64-3e88-aaa9-0177ccdc13df
1989,1989,Fat and Frantic,Last Night My Wife Hoovered My Head,51428f47-749d-37a4-be44-655d0c2e46e3
1989,1989,Fat Boys,Lie-Z,335def68-bb00-49e8-a57b-adbbb987e16d
1989,1989,Fatal Morgana featuring Albert Einstein,I Believe,b5ce0ebb-a674-432a-8910-0ddd9d5bb15d
1989,1989,Fausto Leali & Anna Oxa,Ti lascerò,f37f8987-331d-4866-9ea0-6ce5d447d830
1989,1989,Fax Yourself,(Walking On) Sunshine 89,62ffd89f-2618-44f1-9ef7-c282dfe5a70b
1989,1989,Fax Yourself,(Walking On) Sunshine 89 (The Remix),967d3426-815e-41fd-a52f-765ed14a230c
1989,1989,Fearless Leader,Little Devil / Piece O Action,bd1e5476-d57f-4aea-8cea-56829da40492
1989,1989,Feliccia,Rendez-Vous au Pam-Pam (Version 89),01e723c5-4a9a-41fe-a6c1-6856a7605a0a
1989,1989,Fifth of Heaven,Just a Little More,ae0f7d71-5f00-4540-8bce-7fa1a4416f38
1989,1989,Figures on a Beach,Accidentally 4th Street (Gloria),698bd6c1-4bf9-3612-bee8-4cec8d443524
1989,1989,Figures on a Beach,You Ain’t Seen Nothing Yet,3fc456fc-1900-3232-b378-79c4a02fd5be
1989,1989-08,Fine Young Cannibals,Don’t Look Back,d857f96f-1a6a-4c7d-9855-f73f583ebe0d
1989,1989,Fine Young Cannibals,Good Thing,c8a8ff21-c567-331c-b487-e83a500d25fc
1989,1989,Finish Him,Flickan i mitt badkar,c89be0dd-46e9-4db8-91e3-118b34789b6f
1989,1989,Finitribe,Animal Farm,56cb8a5e-6b17-44a7-bc85-7278d9884134
1989,1989,Fiona with Kip Winger,Everything You Do (You're Sexing Me),a45c78b2-12d8-479d-88e0-14298b049ee3
1989,1989,Fiordaliso,Se non avessi te,419004bb-2d1f-4e4c-85b6-ad192fb1811d
1989,1989,Fire Town,She Reminds Me Of You,ed89bbf2-3185-45ae-988b-d741e77086c1
1989,1989-01,Fire Town,The Good Life,821a1da5-ab38-4b21-ae78-cbd74dc63f9e
1989,1989,Fire Town,Where The Shadows Fall,7f4847b8-f42e-4581-9f84-316576d65e78
1989,1989,fIREHOSE,Time With You,a4d886e6-eb2d-3db8-81f6-ac8238f69ac4
1989,1989,Fischerman's Friend,Money $,52903501-1e29-3bb1-9819-b9281d8a8cf3
1989,1989,Fischer‐Z,4 Track Promotion - CD,3fdf899f-c2d8-49e8-8d7c-5a4d52fa5c61
1989,1989,Fischer‐Z,Masquerade,edefe0db-7a25-4a24-84cd-a355831536dd
1989,1989,Fischer‐Z,Say No,bc0806b0-cbb0-4a06-a74b-4351bce45fdb
1989,1989-12-27,Fish,Big Wedge,dc80eb3d-2c2c-3287-b4d8-d6c4b991277e
1989,1989-10-16,Fish,State of Mind,60e4daa8-703e-3ebe-88b3-ee941c9416fd
1989,1989,Fishbone,Ma and Pa,a95a6c01-59c5-3655-ae4f-a2b9df1e1377
1989,1989,Five Star,With Every Heartbeat,222d094d-b562-465b-a9fb-1f9fbe42fb31
1989,1989,Flaco Jiménez,La hawaiana / Morena no seas asi,69fb8915-0621-4506-bc6a-e9a0acf7cd76
1989,1989,Flairck,Sofia,3bf4227f-34c4-41ed-9b3a-664c4fd1d391
1989,1989,Flash,Boom Boom,9c4952fe-cdeb-45b6-b55f-3ac4774baa95
1989,1989,Flash,Fascination (Là-haut dans le ciel),a5c2f8f2-4611-44e2-a0f7-a6f6a7c573b5
1989,1989,Flash and the Pan,Waiting For A Train '89 (Digital Remix),41509a59-6025-43eb-8ff3-3c3f20149573
1989,1989,Fleetwood Mac,Albatross,90d938a9-06c6-4ddb-b5c6-f9bfd9b89731
1989,1989,Fliehende Stürme,Zerstörung,618f69d2-ca52-4468-b423-5b8ca6f912f9
1989,1989,Flop Gun,Telvetia,1b982894-c61d-4a39-9ec2-3d383af63959
1989,1989,Florent Pagny,Comme d'habitude,573955e3-e776-40c6-bced-a55d346c3d2d
1989,1989,Flower,Memorial Day,5ba5cc36-9151-41fd-a7a2-65dd53026ee6
1989,1989,Flowers Ltd. Feat. BMG,The Swingin' Thing,177a9eba-91d1-4f62-abf9-ba0042bde03b
1989,1989,Fluke,Thumper / Cool Hand Flute,e18a57b5-94b9-3ea5-882a-e175de59746a
1989,1989,FM,Bad Luck,0b8d044f-98a4-48f8-8c57-926bcd1c024a
1989,1989,FM,Someday (You'll Come Running),b9ede6ee-7eaf-4a21-9de7-ce3dbb28fc1e
1989,1989,Force Dimension,Tension,ec9aa655-ee89-371d-bf1d-470fbab1280e
1989,1989-10,Force Legato,System,b78087e0-f084-4c6a-a4eb-440152f9a54d
1989,1989-08-07,Forgemasters,Track With No Name,3c0c1e66-1dd3-363f-9076-bd0b3f230c34
1989,1989,FP Posse,Feel the Love,0f73b408-92d4-4aae-94c0-7ca6d836626a
1989,1989,Fragile on the Rocks,La Vie Continue,4a7d0546-90b6-4fbe-ae61-7e81adb1e954
1989,1989,Francesco Napoli,Si… cara mia si,a47a4c78-6e62-44fa-849d-2fce76a72133
1989,1989,Francesco Salvi,Esatto!,ba90996c-97d2-3f9e-ae3b-14a316a6727b
1989,1989,Francis Cabrel,C'est écrit,6e96e113-d224-474b-a79b-f4064c76f674
1989,1989,Francis Cabrel,Sarbacane,5de42670-b191-4e27-8e6b-8a21d79fcfbb
1989,1989,Frank Ashton,Don’t Go Down,3be7d6bc-1a7a-458a-af34-ab82b3641c5a
1989,1989,Frank Ashton,Let's Make Love Tonight,e956f803-4fce-47bb-90ae-e28ddf0fb3b1
1989,1989,Frank Boeijen Groep,De wereld / Holland is vrij,6b3e9b00-fcc3-439e-ab29-1922d1745308
1989,1989,Frank Boeijen Groep,Een zomer aan het eind van de twintigste eeuw / De piano van Beethoven,cb82153e-dfa1-4a61-b1d2-83607e1d9c72
1989,1989,Frank Boeijen Groep,Zeg me dat het niet zo is / De grote kilte,1f77b580-d258-33b9-9703-bc332929a43e
1989,1989,Frank Schöbel,Wir brauchen keine Lügen mehr / Wenn Liebe fehlt,50eed32b-b328-4e2d-b50f-a9a6a1053b47
1989,1989,Frank Tovey,Sam Hall,523ca907-4cfc-4169-8e2b-8ef82fd91eb9
1989,1989-03,Frank Zander,Frankie's Party,8beea075-3cb0-4bb0-bf87-c711691458d0
1989,1989-12,Frank Zander,Hier kommt Kurt,6f681dc4-51f1-3444-b474-6de00e67e639
1989,1989,"Frankie ""Bones"" & Lenny ""Dee""",Just as Long as I Got You,1fff68e8-2ec4-417a-b6db-6262beefbd27
1989,1989,Frankie Bones,Call It Techno,be973c8e-b0dc-31f0-a865-fe02190464f4
1989,1989,Frankie Goes to Hollywood / Sting,Relax (Mega Story Mix) / Englishman In New York,d6adc274-28bf-4781-9972-76543aed7bb5
1989,1989,Frankie Knuckles presents Satoshi Tomiie,Tears,58b4da8a-c553-3b9c-a688-e0e31fc28b20
1989,1989,Frankie Laine,Fallen Angel / Still There's You,66cd7f65-d0e9-42d5-a032-e4e0eb01105a
1989,1989,Frankie Laine,I'll Take Care of Your Cares / Making Memories,1497bd04-c4c2-47b0-a5bb-21f9452f16d3
1989,1989,Frans Bauer,Eens / Maar het zijn slechts dromen,32a25aea-5ece-4642-a945-c009582a429f
1989,1989,Franz K.,Auf gläsernen Flügeln,0cbd8565-c6fc-407a-8ed4-06264694f8c0
1989,1989,Franz K.,Heute nicht...,12f63766-cd32-4f82-b34f-17c24b81c14e
1989,1989,François Feldman et Joniece Jamison,Joue Pas,e9e031f2-b1b1-46d7-a75b-f7500a83f1b2
1989,1989,François Valéry,Aimons-nous vivants,83b259db-4b46-4c8a-a8b1-2b3bfbdaffb2
1989,1989,François Valéry,C'est la même chanson,8d3f80cf-00fe-48b2-9864-939bd3d23a8b
1989,1989,François Valéry,C'est pas possible,1a139665-d5b7-4c12-a23e-bd344ddf4695
1989,1989,Frazier Chorus,Sloppy Heart,c718d9c0-118d-340c-bbf6-77a13fab3d7e
1989,1989,Frazier Chorus,Typical!,94bd50ea-37ce-44c9-bfd3-e3c4945cdba0
1989,1989,Fred Blondin,Paris au bord des larmes,0547618a-9463-4a41-8888-ea222931d26b
1989,1989,Fred Sonnenschein & seine Freunde,Oh du schöne Sommerzeit,fb606ebf-73ff-4f24-9f8f-a4007004a7b9
1989,1989,Fred Wesley and The J.B.’s,Blow Your Head,9fc3c07f-6de2-3e48-93d8-5c4dec4e7459
1989,1989,Freddie Field,Losing In Communication,d45d663f-a626-4825-9d85-ca66d4e70b51
1989,1989,Freddie Mercury & Montserrat Caballé,How Can I Go On,6f82169e-7f2a-47a2-a31b-ed7a6da20b39
1989,1989,Freddy,Irgendwann gibt's ein Wiedersehn / Melodie der Nacht,3e829ba8-9b63-4b07-b188-098fadae69e0
1989,1989,Freddy Jay,Emotion in Motion,df868d4a-c927-43e8-b52d-3d504fa2d2ba
1989,1989,Freddy Quinn,"Fischer Kuddel / Hamburg, altes Mädchen",fed139f4-9e15-4625-ac84-2fafabb29a08
1989,1989,French Audacity feat. Valerie,Hit the Bit (c'est la Folie...),ec4033dc-4cdc-4ea5-a27c-132baa10ddc3
1989,1989-09,Fresh 4,Wishing on a Star,9c886c5e-6c5d-440e-bc5b-5b1f3070c3bc
1989,1989,Fritz Brause,Don’t Go,325aad7b-1573-4784-b87f-e3665e103832
1989,1989,Fritz Brause,Only Lies (extended) / Only Lies,1bfdd715-37f1-4768-adfe-414f154e5601
1989,1989,Fritz Brause,Only Lies (extended) / Only Lies,851a6ee7-5926-4ced-a585-0860021a33b2
1989,1989,Fritz Brause,Only Lies / Try to Understand Me,fe30d8f6-96aa-4462-93d7-14da3a49da57
1989,1989-04,Front 242,Never Stop!,fec194a2-13cb-3a95-9386-badf50e098d0
1989,1989,Front Line Assembly,No Limit,6613564e-1b30-3d74-aba6-a8575dabc2c5
1989,1989,Frédéric Chateau,Ferme les yeux,fc7b396e-2539-4c07-8312-6caf91d03e51
1989,1989,Frédéric François,Qui de nous deux,f5b313a9-647e-4ccb-84b8-d3b8e87d2881
1989,1989,Frédéric François,Une simple histoire d'amour,d406616b-c4ab-4412-97a4-08fba44fc303
1989,1989,Furbaz,Furbaz,81d79b0b-e151-429e-8cc3-a4d042513b1d
1989,1989,Fury in the Slaughterhouse,Kick It Out,54f762b5-bc0e-3eb3-974d-9bf174e7b146
1989,1989,Fux,Lollipop,13e099cb-bdd1-45bb-b53c-2009675d8ecb
1989,1989,Fuzzbox,International Rescue,0766f262-ab3b-4c7a-a99e-e4a3a017a16f
1989,1989,Fuzzbox,Pink Sunshine,32e5ae59-56d6-49e2-bae6-06c97fd85357
1989,1989,Fuzzbox,Self!,24b1063f-7119-3921-802e-2f47c3280d4d
1989,1989,Félix Gray,Te revoir à Madrid,8ead7028-fd55-4710-8d6f-159268133653
1989,1989-08,G. G. Anderson,"Good Bye My Love, Good Bye",d008b468-bd8e-4dbb-8e59-b879cbd5bcc7
1989,1989-11,G. G. Anderson,Lady Sunshine,5f53d124-8857-4357-9e12-fee1f6c7efa7
1989,1989-04,G. G. Anderson,Sommer Sonne Cabrio,e7d5e34a-80ab-415c-94cc-daa45d39903b
1989,1989,G.C. Cameron,Wait Until Tomorrow,0f7e9b03-28b7-4d88-99d1-55982567cf7d
1989,1989-10,Galaxie 500 / Straitjacket Fits,Blue Thunder / Victory Garden / Hail,68988bd6-b273-3af3-a7ca-c59530b33c64
1989,1989,Galaxy,Stronger Than Ever,f692375a-70c0-4186-8fcd-6df3e1357b18
1989,1989,Gang Starr,Words I Manifest,b16583e2-3885-4a6f-88d1-ee959ee5b229
1989,1989,Gangstarr Posse,Read the Label,be076831-8140-4f6e-ad04-9ff95160325f
1989,1989,Garbo,Pitkä tie,db2b8c52-48a6-4f89-ad09-63b1f131f8d4
1989,1989-06-06,Gargoyle,蠢,c5b4efb6-48cf-4932-bf9b-576d017c6962
1989,1989,"Gary ""Jackmaster"" Wallace feat. Eric Duke",House Has Taken Over Me,e3464cb3-4a7c-4cbf-8b94-7c37b3c1a0a3
1989,1989-03-06,Gary Moore,Ready for Love,5022a5ca-d2c2-44e0-bf31-e90f39f89348
1989,1989,Garçons,Beaux papillons / Incantations,7285ba1e-1464-446e-a805-1cc771b5663b
1989,1989,Gas Huffer,Firebug,3d7cd4a6-c964-45a2-9cb2-679692a20624
1989,1989,Gasoline Girls & Petrol Boys,Birdie Birdie,1982fddc-493a-4499-a43b-5db87b70c902
1989,1989,Gavin Friday and The Man Seezer,You Take Away the Sun,039e5381-109a-421b-ba86-ca60bf7b6332
1989,1989,Gaye Bykers on Acid,Hot Thing,96225403-a336-3346-ac3b-27816beab67b
1989,1989,Geesje Vermaning,Kom dans een keer met mij / Mijn souvenier ben jij,ab049ce0-bc56-478f-b000-4d1f5c9ed517
1989,1989-01-01,Gelatinous Citizen,Fighting the World,5274fbad-0cf3-4031-b637-83e50be86d7b
1989,1989,Gene Pitney,24 Hours From Tulsa / Looking Through The Eyes Of Love / I'm Gonna Be Strong,7a7a8270-3fa7-42c7-aea9-ad0767b0673d
1989,1989,Georg Danzer,Total,af063ce1-5693-4c85-b2a1-ac563a40ec08
1989,1989,George Aaron,Twist In My Sobriety / Funk Z,5c39d2ea-182b-460a-81f8-ba5421c728d8
1989,1989,George Callee,Ik weet niet wat ’t is / Ik kan niet leven zonder jou,10cd66d9-4c82-45bc-89c1-cfe913ddce5f
1989,1989,George Clinton,Tweakin’,84ef10a4-dd19-4c41-bba2-7e6981ac0e68
1989,1989,George Clinton,Why Should I Dog U Out ?,d4ddd62f-9a5f-4461-a504-bbaba54af1f8
1989,1989,George Harrison,Cheer Down,6cf115a6-323e-4354-a113-1a10c9edc7c5
1989,1989,George Harrison,Poor Little Girl,7aacd6f1-33bd-4542-ae26-3f3999df5f7f
1989,1989,George Kranz,Heya,51e1bb77-4b84-4558-ab15-9bb1306f4e9f
1989,1989,George LaMond,Without You,af2ba4d5-2ee7-44f9-8902-e4543b47f339
1989,1989,George Michael,I Want Your Sex / Different Corner / Careless Whisper,17f41411-4f15-440d-9f83-eda8f7946b42
1989,1989,Gerald Albright,The Hook (Promo CD Maxi SIngle),c2722107-286e-4aac-9683-eb019b9aa72e
1989,1989,Gerard Cox,Bram Vingerling / Als ik later doodga,b7a9d678-a4fe-4e0f-82f2-97b0d940d7a4
1989,1989,Gerard Joling,No More Boleros,302dd255-dccb-4e16-a4d7-4e0b19fba3f6
1989,1989,Gerard Joling,No More Bolero’s / December in July,cb22305a-3c79-3f90-a491-fa497ad158b1
1989,1989,Gerard Joling,Stay in My Life / My Heart Needs Nothing More,fa022732-6e62-4bd5-80bf-446b76c52ea7
1989,1989,Gerry Rafferty,City to City / Baker Street,f5994414-4a75-492a-b704-284b00954bd3
1989,1989,Gert Hollander,Alles werd anders,c0d78923-b1c7-48a6-9e7d-91d7f6cf1e94
1989,1989,Gert Hollander,Heikrekel herinnering,590a1ba1-3c7b-4b75-be16-0e55b00fe7a2
1989,1989,Gert Hollander,Vanavond gaan we uit,d36479b8-bab4-4c41-a312-fbe8f2f5a145
1989,1989,Getty,Vive le festival,17e480d6-be3e-4da9-8d8f-4dd3af713e41
1989,1989,Ghentlon,Technodream,86073313-de67-468d-80bb-f95daf2b01be
1989,1989,Ghetto Boys,Gangsters of Love,1a04af19-f030-4281-aaf4-481044b24f7b
1989,1989,Ghetto Boys,No Sell Out,ae31e0d2-4e97-4dcc-979e-7ef5937f6fc7
1989,1989,Ghost Dance,Celebrate,cd382c63-13bb-49eb-8e33-0ea4fc68577d
1989,1989-05-06,Ghost Dance,Down to the Wire,3bb83ff6-5245-3d0e-8a0f-1f4fa791b107
1989,1989,Giant,I’ll See You in My Dreams,4c050add-6285-31bf-8c56-cbbb54224bfe
1989,1989,Giant,I’m a Believer,c78984cd-446f-334f-99a7-a6fe5ebd3b1c
1989,1989,Gilbert Bécaud avec Léa Catala,Avec vingt ans de moins,38f39f33-2e8a-47ff-934f-eaeacd45f044
1989,1989,Gina,In vuur en vlam,4f5c745d-21e7-40b6-a786-1425241c9ec5
1989,1989,Gina,What’s Wrong,59b59090-a62e-4283-9016-b66a35829448
1989,1989,Gina T.,In My Fantasy,807bdfe7-0214-42c2-9d87-534f2aadec74
1989,1989,Ginny's Project,Egyptian Queen,e0ec56a7-d56a-4663-8dbe-aa8544e37d7a
1989,1989,Gino Carya,Entriamo?,3109fe47-4af4-41a8-a217-1129eefa7e6d
1989,1989,Gino Latino,No Sorry,c142cfec-84e2-4407-996a-ba5286f94cb7
1989,1989,Gipsy Kings,Bem Bem Maria,76440e0b-162a-49ee-9e4f-e0416449061f
1989,1989,Gipsy Kings,Volare,04387af9-f573-410a-a57f-8ffa057e8e17
1989,1989,Girl Trouble,When Opposites Attract,735bbce9-bac4-4e3e-9322-c7d154e67b13
1989,1989,Girl Trouble with Steve Fisk,Batman Theme (instrumental),2d69fdfd-8cac-4be5-b195-3b3c0b313920
1989,1989,Girls Under Glass,Ten Million Dollars,6d1b965d-be8a-4d32-bc4a-7a2fd44fe793
1989,1989,Gitte Haenning,Mac Arthur Park,294d1518-9b91-4ca2-8870-cbb44b67b402
1989,1989,Gladys Knight,Licence to Kill,b0ba8a22-551f-4f63-8ad4-164e142a2236
1989,1989,Glenda Batta,Shining Star / Somewhere in This World,3230eddf-a106-4669-8ab8-c89ca7bf619b
1989,1989,Glenn Medeiros,Never Get Enough Of You,74115766-226c-464a-94e2-40fc9c25e63f
1989,1989,Gloria Estefan,Cuts Both Ways,afa13eea-4f8e-4836-901f-35c63b4a3a78
1989,1989-06-26,Gloria Estefan,Don't Wanna Lose You,9d0c2056-0941-3b10-bf6a-6f5a0afe53de
1989,1989-11-13,Gloria Estefan,Get on Your Feet,71c492de-7e6a-4046-8652-7877f3e11985
1989,1989-11-27,Gloria Estefan,Here We Are,94a74d67-65a6-49f6-9acd-56f47b956478
1989,1989,Gloria Estefan,Here We Are / Don't Let the Sun Go Down on Me,8908df48-e3f6-4efd-93e9-6cd978229869
1989,1989,Gloria Estefan,Oye mi canto (Hear My Voice),b2002f3a-f8ea-3cc4-9a3d-cb71a8479e55
1989,1989,Gloria Estefan & Miami Sound Machine / The Pasadenas,"The One, Two, Three Mix (1,2,3) / The Pasadenas Medley",be8782f9-f277-4837-a782-c384f54ce2aa
1989,1989-06-06,Goat Vulva,Crucifixions,1cec5d62-3b00-447f-8b0e-93ea0e0a7bed
1989,1989,Godley & Creme,Golden Boy,746a2cc5-13dd-4aa2-86c4-aae976b50f93
1989,1989,Golden Earring,Can Do That / Too Much Woman,ab86d6dc-f754-4320-bbbe-42ae3694c188
1989,1989,Golden Earring,Distant Love / Nighthawks,2d52a929-11cf-4afe-a1a5-20efc1d1478c
1989,1989,Golden Earring,Turn the World Around / You Gun My Love,179b227d-6bf9-4f6c-bbb8-0c83eba16aa0
1989,1989,Goo Goo Dolls,Do You Believe/My Girl,aef549c5-c848-49f1-9ab9-1af947ec5f31
1989,1989-07,Goodbye Mr. Mackenzie,Goodwill City / I’m Sick of You,7a89ef1f-0406-4165-93f9-1a14b346d080
1989,1989-05-10,Gorilla,Detox Man,62689fee-a8e3-473c-a1de-19b75ed84210
1989,1989,Gotham City,Bat Trax,55df8b4a-ea43-3a57-a341-be948c1c3a1b
1989,1989,Gotham City,The Batman Song 'NaNaNaNaNa',26397bbe-5c7a-4ef3-a876-480591c1b728
1989,1989,Gotte Gottschalk,In einer andern Welt,d4f1c5c8-af64-4af4-b6e0-d1c8309ef34a
1989,1989,Gottlieb Wendehals,Im Neandertal ist Damenwahl,445c8ca2-c2c2-46ed-b43e-c017f43f5394
1989,1989,Goûts De Luxe,Dans Un Autre Pays,92144a80-a352-4031-a427-e2e7e2644369
1989,1989-12-27,GO‐BANG’S,あいにきて I・NEED・YOU!,d18a7182-41cd-4934-84e9-bfc19eb24702
1989,1989,Grace Jones,Love on Top of Love (Killer Kiss),fbcd0760-2859-35ec-b85b-0e6aad69e842
1989,1989,Grace Kairos,Carolina,41afcaae-502c-4ff4-8d09-193fe74e6e75
1989,1989,Graeme Connors,Child of This Land,fb9ff2d6-c6f0-4e0c-8e12-74868482b102
1989,1989,Graeme Connors,Heartache (or Two),c2d385de-7594-421a-acb6-150bd17dad38
1989,1989,Graeme Connors,Living Off the Land,6595d2d3-6ca9-4a45-98cc-d97e8b3a0055
1989,1989-04-08,GRAND PRIX,Show Me The Way,c6e5c016-fc96-4b65-9749-693b9dd10bce
1989,1989,Grandmaster Chicken & DJ Duck,Check Out the Chicken,a63dc7cc-d288-3a91-afda-50444b816eb0
1989,1989,Grandmaster Mele Mel & Van Silk,What’s The Matter With Your World?,20e6efb9-b02e-4e95-a377-fa9a8f86844d
1989,1989,Grandmaster Melle Mel & The Furious 5,White Lines ’89 (Part II),ea461a29-8adb-4d43-aa36-16a363b13248
1989,1989-05-21,Grass Valley,TRUTH,723ac1b2-58fd-462c-9de8-699059686a73
1989,1989-08-21,Grass Valley,アイデンティティー・クライシス,2606fdbd-0a5c-429c-b957-47ae106496a5
1989,1989-10-21,GRASS VALLEY,砂漠の少年,a7273340-1887-4c81-8ef9-1e420592b6a3
1989,1989-11-21,Grateful Dead,Foolish Heart,f47e2817-14d2-45bf-b7a4-566e81ca1d24
1989,1989,Graziella de Michele,Barcelone,3aaaf5b8-e207-4641-b586-cde666836f84
1989,1989,Graziella de Michele,La lettre de Jersey,4d636b11-0ed9-436a-a399-7a16daea09ed
1989,1989,Graziella de Michele,Le Jeune Homme de Berlin,c64597db-e08f-41e8-9b75-5de071c621db
1989,1989,Great Plains,Exercise,96e337ba-b1d9-4b7e-8165-c7093fd570ca
1989,1989,Great White,Heart the Hunter,1f8b8829-dc07-4c96-8cd8-10fc3360a28e
1989,1989,Great White,House of Broken Love,f7707f00-823a-3bc2-9399-cfeb87e70c4c
1989,1989,Great White,Once Bitten Twice Shy,793ee92e-191e-4ca1-8d8d-85a1cb2556a8
1989,1989,Great White,The Angel Song,7da1f751-9ff0-4cf3-af67-77feb9fdd963
1989,1989,Greater Than One,I Don't Need God,95325c15-d194-3db8-baef-864b2926c7f4
1989,1989,Greater Than One,Utopia,582119d5-d869-470b-84fa-776cb745d4a1
1989,1989,Gregory D. & Manny Fresh,Where You From? (Party People) / Buck Jump Time (Project Rapp),80782abe-8698-4592-8147-90f53c74ae7c
1989,1989,Gregory Isaacs,Report to Me,38a061a8-8dca-425d-86aa-fa2c1fc0279f
1989,1989,Greyhouse,Move to the Groove / New Beats the House,c04d5423-77de-4702-af61-8459ea2aa5da
1989,1989,Grupo Andariego,Y las mariposas / Besitos bajo la luna,b7268cd1-c4aa-48f8-847f-2847745b69c5
1989,1989,Grupo Expresso,El gallo feo / No soy nada sin tu amor,26a4a748-4c41-4102-949b-c684304398cf
1989,1989,Grupo Niche,Me sabe a Perú,87cde3f4-6c46-4156-86a6-b1470615c800
1989,1989,Grupo Raya,No soy nada / Sueño eterno,59caffc4-bf31-4e7b-afd5-33d710af8058
1989,1989,Grupo Raya,Sospecha de amor / Linda Caleña,ce94b3ec-91dc-4451-afe4-ad936f438de2
1989,1989,Gucci Crew II,Show Biz,2d07a11a-0f38-4413-95e2-8b4e7d50db05
1989,1989,Gun,Better Days,60c85f3d-f91a-3432-bd12-8d2f1381b530
1989,1989,Gun,Inside Out,ee1e679e-4e17-4d59-892e-93fd0c981eaa
1989,1989,Gun,Money (Everybody Loves Her),23464b36-9285-47a1-9253-20746c29dbf5
1989,1989-08-21,Guns N’ Roses,Nightrain,da526dc8-0239-3df0-baa4-c4401673c578
1989,1989-03-10,Guns N’ Roses,Paradise City,f4b2fc63-c560-3689-9b0e-bae39d2a0174
1989,1989,Gunter Gabriel,"Deutsches Laster, gutes Laster",014f2be3-b090-4f3d-a30e-80ca7e7f0de1
1989,1989,Guran Guran,Är det så här ni ska ha't,265ed76b-e730-4ca3-9713-f622e9037a3d
1989,1989,Guy,My Fantasy,003f476a-e202-4f1d-b807-15da9c022b97
1989,1989,Guy,Spend the Night,9a797ab5-ba41-4236-8020-ff83f2995065
1989,1989,Guy Mardel,Quelque chose comme de l’amour,7af9c111-32b5-4137-ad0e-63a61c4790a5
1989,1989-03-01,Gyllene Tider,Flickorna på TV2 (Remix '89),6478cbfc-78a2-4ae5-bc0b-3f50dd5be68f
1989,1989,Gérard Blanc,"Dis tout bas, dis",96ffd15f-f80f-4a8c-8035-c4ea5a822d5f
1989,1989,Gérard Blanc,Tonton Baton,dee88806-855f-439f-9896-c43325f78ecc
1989,1989,Günther Vogt,Amsterdam,07336e96-cfa9-48e0-8f7b-6c2709344e78
1989,1989-07-05,G‐Schmitt,Sillage,ac6b25ed-3df8-4209-a2e8-4238cc0848c2
1989,1989,"H.O.P.E., Leroy Sibbles, Floyd Ajamu-Reuben",South Africa Is a Disgrace (To the Human Race),4ae96a25-401a-438d-b094-7fd96f154d84
1989,1989,Hades featuring Michele De Pass,Pitter Patter Biscuit,8d43f076-d253-415f-96e0-c59c654897b1
1989,1989,Halo James,Could Have Told You So,25ec01a0-0d80-4519-886b-58dc2aaa9648
1989,1989,Han Wellerdieck,Achter de heuvels / De spiegel van m'n leven,bae4de6e-d144-48ad-95fa-1249711683cc
1989,1989,Hand in Hand,Hand in Hand,aabf8084-342a-45f4-9ce9-83f77971cda4
1989,1989-06,"Hank Williams, Jr.",Finders Are Keepers,e8a4cb9a-a653-4212-9da9-d29cdc5afbda
1989,1989-01,"Hank Williams, Jr.",There's a Tear in My Beer,930d73d0-4d45-46d0-bfec-132b78ab2771
1989,1989,"Hank Williams, Jr.",There's a Tear in My Beer / Finders Are Keepers,0225270d-d048-4e5a-a204-d9df3f485789
1989,1989,Hanne Haller,"Mein Gott, was Männer alles tun",a1171497-2a10-4e28-b040-4823797a6987
1989,1989,Hanne Haller,Mein lieber Mann,f4acfa14-7fe4-46b8-8e64-90e52ccfc8c0
1989,1989,Hannes Kröger,Es wird Nacht auf St. Pauli (Der blonde Hans Part II),ffe339f4-e61a-455e-8ec5-f635f3bd09a4
1989,1989,Hanny en De Rekels,"Ik sluit mijn ogen / Ay, ay, ay",487a0913-2a10-454d-bf6a-89c9d75fd586
1989,1989,Hanny en De Rekels,Stille nacht / Als klokken gaan weer luiden,6a94d458-9c4b-4a26-982d-7e29220c485b
1989,1989,Hanny en De Rekels,"Voor elke roos geef ik je duizend kussen / Mannen, ze willen vrijen maar niet trouwen",40798733-4841-4ded-8807-5f06affde834
1989,1989,Hans Hartz,Gegen den Strom,96b3b94b-5487-477f-aad5-55c69444055d
1989,1989,Hans Kraus-Hübner,Plutonium / Mangroove,7337bad3-36cb-409d-bdf4-cfdf87c4f2ef
1989,1989,Hans van Seggelen,Blij als een kind / If I Only Had Time,ba570df3-cadc-48a7-b1fb-f192d24a2cdc
1989,1989,Hansi Lang,Chained Up,e8e6c251-f5cd-492d-8d17-019f541967de
1989,1989,Happy Flowers,BB Gun,fb98132d-25cd-4422-92c2-9f843714c703
1989,1989,Happy Mondays,Mad Cyril,6eda5cd1-c9ce-335c-b9c3-1012f97d6cb4
1989,1989-09,Happy Mondays,W.F.L.,12e91ffa-be6a-3bce-87d2-606feb2ad432
1989,1989-05,Happy Mondays and Karl Denver,Lazyitis,eb12b034-bc87-3ba6-8874-af315b449ca4
1989,1989-06,Hari Mata Hari,Na More Dođite / Ti Znaš Sve,bd1b1918-8d59-41f1-99c0-7ff876e96175
1989,1989,Hari Mata Hari,"Spavaj Mi,Spavaj/Pazi Šta Radiš",42796e36-b302-4762-a779-51953a2c67e9
1989,1989,Hari Mata Hari,"Šta Je Bilo, Bilo Je",07dc30f9-7d5d-4ae4-acf0-ea730b74a009
1989,1989,Harry,Komm' wir trampen and die Côte d'Azur,6eb4951f-bb96-4d42-97c4-d9983f0d5d3c
1989,1989,Harry Belafonte,Paradise in Gazankulu,43881620-692a-49f4-a52c-d389aea07502
1989,1989,Haunted Henschel,Black Magic Woman,8eb2109d-b776-4975-a85d-bd1a656b59f7
1989,1989,Hazell Dean,Love Pains,ed770dbd-01b6-3d59-b2e5-e4af43abd75f
1989,1989,Heart and Soul,Not This Time Boy (All Right Y'all),c3fc02fd-da68-406d-8a31-7a62e2383357
1989,1989,Heather Parisi,Faccia a faccia,16a41d3a-c1d3-4d05-a8e5-3e95cc866d6b
1989,1989,Heather Parisi,Livido,bf85f6c8-fba8-4b83-a90c-a952165848e2
1989,1989,Heaven Keys,Let's Go It's Easy,0aa7da54-f864-4c07-82a2-0e2e7bfe4aaa
1989,1989,Heavy D. & the Boyz,We Got Our Own Thang,c4b701a5-851d-3fa9-b539-ac8a74e6072b
1989,1989,Hector,Kesäyö,4105e088-3f55-4e93-a9e9-c7a93d0184e4
1989,1989,Heino,Enzian,cb468353-f41b-4808-8dd7-118ebf9db2fe
1989,1989,Heino,Haselnuss,0fd43879-8131-42f6-8d05-d56a01147c18
1989,1989,Heinz Rudolf Kunze,Alles was sie will,19bd1208-684d-4338-bf97-20712affc28c
1989,1989,Heinz Rudolf Kunze,Reise um die Welt,fcf3dfda-0dee-4d07-9799-6344b03389dd
1989,1989-09-15,Helen Reddy,Surrender (The Remix),7ae24f40-1cc6-3d28-b400-0e3377799d0b
1989,1989,Helen Terry,Fortunate Fool,75a43275-8f3d-4dc1-b40f-a773a2acc685
1989,1989,Helen Terry,Lessons in Loneliness,27b09ade-71a3-4f6f-8261-af758cc1c07f
1989,1989,Helga Feddersen + Olli Maier,Die Lambada-Anstalt,3cf50a11-bf19-4f03-ac71-1401b6a26ccf
1989,1989,Helicon,Black & White,5f83958b-0a6e-4b0f-ae97-4cefcaaa4a5e
1989,1989-03-01,Helios Creed,Nothing Wrong b/w The Sky,40484236-a740-49b3-b2bf-c8e6e692349c
1989,1989-04,Hellbound,Hellbound,3b3877b4-b0a1-4095-bee8-dafe1e04add7
1989,1989,Hellmenn,Blubber Soul,7c44fffc-c05b-4a0c-8ede-97bfba3688e8
1989,1989,Helmet,Born Annoying,eeeb5b62-1db6-3942-9e9b-063fec178471
1989,1989,Helmut Lotti,Bij Jou Alleen / I'm Coming Home,591746ba-fdd1-4ba3-8339-82cc7258b987
1989,1989,Henk Wijngaard,Ik voel me rijk als ’n koning / De kleuter langs de autobaan,7f47b69a-6ff7-4983-95c0-57d10fb8c83f
1989,1989,Henk Wijngaard,"Zo, zoals je bent / Met z’n gitaar en z’n liedjes",a63e4785-9252-4784-ac0d-14ee56d33f8d
1989,1989,Henry Lee Summer,Don't Leave,b63a6ed0-6af4-4e62-a3ef-da92648ee95e
1989,1989,Henry Lee Summer,Hey Baby,f46d2b34-6c57-4ed6-b1f2-b12568a45236
1989,1989,Hepie en Hepie,Ik hou van jou / De Friese kiss,cf3100c4-3fff-4b56-8516-e971712fbde2
1989,1989,Herbert Grönemeyer,What's All This / White Arrogance,6390c97f-a93a-4e2a-b821-8c330f4b8ec2
1989,1989-08-18,Herbert Léonard,Jaloux de vous,a6fd9f80-4bcd-4e65-aa16-1364e59b671e
1989,1989,Herman Lippinkhof,Ay-ay Maria,fd00f6fe-68e4-4b2b-8198-65a888f821f5
1989,1989,Herman Lippinkhof,"Mario, de muzikant / Laat me nog even bij je blijven",bde43b4e-5142-452d-8ebb-38a10749ab97
1989,1989,Herr Seele en The Four One and Only’s,De runderen / Op een zomerdag,2169ae25-8c20-4663-8433-8031582db072
1989,1989,Hertzainak,Aitormena,521cb6a3-be0d-4420-8345-bbb46b033ea4
1989,1989,Hertzainak,Bi Minutuero,1ea3e43f-950b-4579-8671-37c0dd25f229
1989,1989,Het Goede Doel,Met open ogen,3dc6ff4f-c110-301e-a996-6d031f7acf17
1989,1989,Het Goede Doel,Vandaag,a850149b-0480-4ced-b758-200adee166e5
1989,1989,Het Holland Duo,Barcelona / Zoals ’t klokje,af0326c4-11b0-4617-9755-07ec5e465439
1989,1989,Het Holland Duo,Breng mij nog eenmaal naar huis / ’n Moeder,d805f86b-3ef2-4503-93a9-7352e18b1f0a
1989,1989,Het Holland Duo,Samen / ’n Boeketje rode rozen,ecac6b1c-2881-4705-b0d1-5c6792416533
1989,1989,Het Holland Duo,Sei rimasta sola,69c98260-6382-49e8-a908-07916297f309
1989,1989,Hi Tek 3 feat. Ya Kid K,Spin That Wheel,14879da6-a4ea-3df4-a71c-a8b98100498e
1989,1989-11,High Risk Group,Flag,b23b04c3-e83e-4664-a7b4-988b1e1f3661
1989,1989,High Tention,High Tention,b8d082bf-b09b-4dd3-89ad-2ad3f9d8484a
1989,1989,Highway,"Als ik naar jou kijk / Kom op, everybody",f1d28b91-8382-48c9-a858-a4bf76ba0cde
1989,1989,Highway,"Hallo, hallo / Ondersteboven van jou",405a208c-c04a-437c-a2d6-41d590acf2ff
1989,1989,Highway,Kissing Time / Lonely Guitar,88859699-b1b6-4470-a06e-4cc10d6eb473
1989,1989,Hijack,The Badman Is Robbin',317458ff-76ff-44d1-96f8-ecfffad1b999
1989,1989,Hipsway,Your Love,277a6feb-c05d-42a5-a5c1-1672f8207463
1989,1989,Histerya,Histerya,76dc1aec-9bc5-4efb-9820-b2a6a13308e9
1989,1989,Hithouse,Move Your Feet to the Rhythm of the Beat,2760c8f3-3332-472d-a97e-07693abe3c50
1989,1989,Hoef,Magic Touch,a35fba2d-32ec-4ccb-b7cc-ac1088f2e91c
1989,1989-03-27,Holly Johnson,Americanos,62160c98-c4d8-3f9e-a32c-65cb91072eab
1989,1989,Holly Johnson,Atomic City,502d33b0-c2ee-3a98-ab39-a5d4559448a3
1989,1989-11,Holly Johnson,Heaven’s Here,9d306a24-134f-4e5f-b948-6376a51f6d96
1989,1989,Holly Johnson,Love Train,91c0c9b4-f345-40dd-bffd-a57987a5dce9
1989,1989,Holy Rollers,Origami Sessions,89b0c647-c686-4fa8-8a54-0159de31031a
1989,1989,Holy Toy,Mickey Mouse,07eb1436-9380-4375-8555-7d1f6a09fc67
1989,1989,Home and Abroad,Alison Please Don't Fall,b68284fe-db31-4c18-b64e-62dd8b492a87
1989,1989,Honesty 69,French Kiss,a26d2cb0-f966-3fee-8a84-fdf92d827920
1989,1989,HoneyBunch,Hey Blue Sky!,8029a1cd-4521-4a75-b140-bee1b856c5ff
1989,1989,Hong Kong Syndikat,Real Men Don't Eat Gummibears (Reefer mix),9ea0750b-7aee-4d21-a04e-16eacafcafa7
1989,1989,Honolulu Mountain Daffodils,Also Sprächt Scott Thurston,ae27e990-b9f9-436a-9632-f4944dee113e
1989,1989,Horse,You Could Be Forgiven,7ba0f1d4-daf4-4eeb-a8ee-70cdc1ae3ab1
1989,1989,Hot Bugs,Pitch No Pitch,27caa49b-533d-4458-a8d5-de54c7f6d504
1989,1989,Hotline / Girly,Guilty / Saving Myself,e80beb07-0287-4a0c-80f1-421901beaa61
1989,1989,How II House,Time 2 Feel the Rhythm,e687944b-2b52-373d-8e07-fa3904595309
1989,1989,Howard Carpendale,One More Dance in Blue,8a47453c-0245-4a46-aa8f-51ad33802694
1989,1989,Howard Carpendale,Piano in der Nacht,4f08fdf4-339f-46aa-9118-713cf8261324
1989,1989,Howard Carpendale,Sie hatten Blumen in den Haaren (San Francisco),7018d9a3-cc3a-405c-a8be-5d6721a11dde
1989,1989,Howard Jones,Everlasting Love,1b00a669-6bf5-4a6f-b6cd-f9ce54ebb8ef
1989,1989,Howard Jones,Everlasting Love,a3d8468d-c540-488c-a3b5-91c3c906cc66
1989,1989-05-22,Howard Jones,The Prisoner,baa0feee-a805-4f48-bcd7-cdeb70c8a187
1989,1989,Hubert Kah,Machine Gun,c80e7377-87ca-46ab-aefe-b87c636bc707
1989,1989-04,Hubert Kah,So Many People,fa5ec550-a241-3f4f-b22e-006f8489c4de
1989,1989-02,Hubert Kah,"Welcome, Machine Gun",3ae2d48c-7df0-4728-a529-b8d9ec2bfe17
1989,1989,Hue & Cry,Looking for Linda,88406f41-b339-4b3f-9444-71071a5815bd
1989,1989,Hue & Cry,Peaceful Face,71ebd13a-5abb-4456-9ddd-a6c584bed5a8
1989,1989,Huey Lewis & the News,Walking With the Kid,5e267be9-9ce0-3e2a-a8f7-df587702c5a3
1989,1989,Human Beat,Get Back / Free Time,c6f3e467-b387-4161-baf7-152c6b9bf726
1989,1989,Human Beat,Paint It Black / Human Beat,8e638a4a-0651-471a-bb8e-5166dba46597
1989,1989,Humanoid,Slam,4a296931-a4cf-3282-b60c-903beab33343
1989,1989,Humanoid,Tonight,1bdb410c-1101-4069-ac0e-be928daeff64
1989,1989,Hunters & Collectors,When The River Runs Dry,f0bcdaa6-79fb-4c71-b938-db67cc8b786d
1989,1989,Hunting Lodge,Carnivora!,cf80096e-37da-364a-8cff-426d241027bb
1989,1989,Hurricane,Livin' Over the Edge,ab9c1121-a726-4056-95eb-262b1840b945
1989,1989,Hypnoteck,Merry Xmas Mr. Acid,1d5ced97-35a1-403d-a9db-c0b54b67f244
1989,1989,Hypnoteck,Mr. New Beat,f79a1cc7-7ece-4962-b711-289c63917539
1989,1989,Hélène,Ce train qui s'en va,afe7fd12-9950-4a39-be6c-594a96e4d987
1989,1989,Hélène,Sarah,a4012f80-e87c-4a57-8de3-1448d3de2f24
1989,1989,Höhner,Ich bin 'ne Vampir,277c0255-e61d-4add-a7a8-fa46ab084aff
1989,1989,Höhner,Wenn's dir gut geht...,c1cf84a0-aeaf-4a25-913a-12162971d5ff
1989,1989-05,I Start Counting,Million Headed Monster,e789e492-ff8f-413e-9b4e-023cfe89f720
1989,1989,I.M.P.,I'm A Maniac,602a9e01-e3a3-4f6e-a6fc-1eef2b8ca3c6
1989,1989-08-28,Ian & Belinda,Who Wants to Live Forever,7a4eaaeb-dcc5-4133-a52a-fdeef878a467
1989,1989,Ian Cussick,Love Is the System,0a27d8dd-65b8-4ecf-bbc5-4aaa19bc4d99
1989,1989,Ian Hunter / Mick Ronson,Women’s Intuition,1023a546-a4b4-4985-a0e0-695b088e554d
1989,1989,Ian McCulloch,Faith & Healing,f5458ae7-9133-3649-9cac-e0d2b14a2610
1989,1989,Ibo,An Deiner Stelle nähm ich mich,2cb9ff94-d7ef-487a-92e9-c33656510546
1989,1989,Ibo,Das könnte Dir so passen,83d37f45-9c81-4243-8166-9a01dc4e9100
1989,1989,Ibo,Niemals,64af2139-f14a-4577-8849-fda1734042fa
1989,1989,ICE MC,Easy,cede740f-7cae-387b-8a7f-0d127d2e245c
1989,1989,Ice‐T,High Rollers,c3768f07-15e9-4828-a490-27f1ebdf7dfc
1989,1989,Ice‐T,Lethal Weapon,d40515e2-8e5a-481d-8b5c-b4a261c50062
1989,1989,Illusion,Holiday Love,a1f048ba-4bcd-4eb0-ad47-11da74e6c24c
1989,1989,Images,Soleil,6cb20a4b-5978-46fc-813e-3b7358c4d4c0
1989,1989-01-01,Imagination,Body Talk (Frankie Knuckles Remix),c9804daf-c06c-4761-b9db-2dd8db744c8f
1989,1989,Imagination,Love’s Taking Over,be61ad00-7517-4899-a7d3-729a550bcefa
1989,1989,"Imca Marina, Henk Wijngaard",De mooiste stad van ’t Noorden / Er zijn zoveel mooie steden,dd3c519a-b402-41dd-8ed0-4219eab66d97
1989,1989,Impedance,Tainted Love,f5b41193-a0b8-4650-8791-b3140320ce81
1989,1989-06-12,In Trance 95,21st Century European Temptation,1281ac73-a26c-4144-ad7a-a89b635ded19
1989,1989,In-D,Beat In-D Dream,1843f159-17cd-4669-966b-64fae10f3acd
1989,1989,India,Right From The Start,5954d133-df7b-463f-8d22-f7adca1a3849
1989,1989,Indian Engine,Under My Christmas Tree,30d0ffb3-0f90-49ab-b807-649c389a2441
1989,1989-01-10,Indian Summer,Just Like Lovers,15ec0ea4-1d9d-423a-a354-f43c58034e09
1989,1989,Indigo,In The Heat Of The Night,60fb7ae9-fffa-482a-af24-8beeb0157b36
1989,1989,Indio,Hard Sun,bcb3207f-4546-45aa-8c0c-4def0416ba45
1989,1989,Information Society,Lay All Your Love on Me,08dfae4c-5022-4748-8050-974ec2c6c8f6
1989,1989,Information Society,Repetition,2d771b32-1e02-4428-85a0-9b01360e0717
1989,1989,Inga,Something Stupid,a7303c63-09c8-40df-a1b5-95d2f7a8bbd5
1989,1989,Ingeborg,Door de wind,de234997-40da-4b68-b00a-b142edcc3038
1989,1989,Ingrid,De laatste dans,758a5af5-e14e-46d3-a81a-405ec5ac1793
1989,1989,Ingrid,Liefde is 'n Spel,5501894d-32a1-48d0-aaef-69df426790e0
1989,1989-10-02,Ingrid Peters,Bleib bei mir,f2640e84-8f8b-4b13-815b-bfbc36e8eabf
1989,1989,Ini Kamoze,Stress,601d2ed8-9845-47fe-8706-7023f7613b33
1989,1989,Inner Circle,Bad Boys,894525e7-a89e-36e0-9987-403cafd96e46
1989,1989,Inner City,Ain't Nobody Better,8967d940-ebb5-378a-b25a-db59dd1de712
1989,1989,Inner City,Whatcha Gonna Do With My Lovin',cafd1aa1-8b96-4dcd-839d-db873d9c45e9
1989,1989,Insight,Standing Strong,80d9f132-09d3-45ef-8a7b-ea18f56524d2
1989,1989-10,Inspiral Carpets,Move,36d3a746-e387-379d-aaf2-49f096f77ceb
1989,1989,Inspiration,ANYWAY (CD Maxi Single),2ec600fc-f188-4f38-9777-80934ee7403d
1989,1989-10,Invaders Of The Heart,The Unspoken Word,d06c5c97-af63-43b5-be15-c2bc8150eae4
1989,1989,INXS,Mystify,133e53c0-b972-3a4c-9a5b-88d154390430
1989,1989,IQ,Drive On,93b46df1-b465-4ebd-a0a3-36b08162b55c
1989,1989-02-06,IQ,Sold On You,441f0274-e408-4bed-9c63-d4046b1ff795
1989,1989-07,Ireen Sheer,Liebe macht stark,2b04fbf1-83d5-4cdd-aa4c-d35eb0bcd8d7
1989,1989,Irene Cara with Freddie Jackson,Love Survives,abb583d6-2601-4d11-8fcd-776f97076af7
1989,1989-11-06,Iron Maiden,Infinite Dreams,059ce951-73aa-31d2-85e8-e2fa6817cb00
1989,1989,Iron Maiden,Infinite Dreams,e2af10bf-c5bc-42ff-8177-05ad00d5a153
1989,1989,Isabelle,"Music, Music, Mus'hic",e8e67fd2-7035-4742-8eb2-59aa5a9eb9c5
1989,1989,Ismo Alangon Radio,Lokaa ja kuita,2c3753ec-6fdd-3be2-b308-64022fb22fbd
1989,1989-07,It Bites,Sister Sarah,8b29e5af-585c-3895-a245-f8d93f50cdc7
1989,1989-04,It Bites,Still Too Young to Remember,ec01162c-5db6-352a-b2f0-843c18f4de1e
1989,1989-10,It Bites,Underneath Your Pillow,f20f1f06-aa7c-3639-b262-55d01a4e1156
1989,1989,It's Official,Spies! / No Words,5f35af98-1ce2-4db6-8143-f72f18586e99
1989,1989,Ivanov,Les nuits sans soleil,84a80984-2f92-492e-afa6-0663bb18304d
1989,1989,Izit,Stories,5fde9b91-92a3-346b-b2f7-244a695e393c
1989,1989,Iñaki Uranga,No hay nada como una mujer / Soldados de la noche,9ac50307-1d6c-4c45-908f-bac73b3fabc7
1989,1989-08-21,J.D.K.,THE VOCAL from YS,04bc8732-47fb-3851-9ee8-ec9074b696c1
1989,1989-08-21,J.D.K.,プラス・ミックス・バージョン・フロム・イース・イース II ・ソーサリアン・スタートレイダー,e7b85bf6-73cc-46e4-82b1-98642274847a
1989,1989,J.M.K.E.,Tere perestroika,07809b96-d839-3870-a27c-db1879b32050
1989,1989,Jaap Stolkestein,Pakkie brood met pindakaas,44ba2e86-b6e1-4e46-b532-dc76680cbe19
1989,1989,Jack Jersey,Close to You,9ee2795a-9f1d-4280-aa18-01bcfd064d02
1989,1989,Jack Jersey,Hurry Home / A Broken Heart With a Smile,26e43b87-f14f-4df4-a9eb-fab40fd02184
1989,1989,Jack Jersey,Mein Herz Ist Wieder Allein / A Broken Heart With a Smile,8668bf7e-1baf-48d0-bb62-d0b64254ce16
1989,1989,Jackie Jackson,Cruzin,86167590-a3a1-486f-a244-4d4f155fa767
1989,1989,Jackie Jackson,Stay,6f3417fe-90c1-4722-a985-3b8175be2f42
1989,1989,Jackie Wilson,Reet Petite,6f14885b-d2a8-376a-9e9b-af39c9e579c5
1989,1989,Jackson Browne,Anything Can Happen,28790236-f0c9-4ea2-a9a7-392d70305fe1
1989,1989,Jackson Browne,Chasing You Into The Light,3e077bed-4936-4e34-9692-7fd233f424ee
1989,1989,Jackson Browne,World in Motion,6436ef52-7f47-46c7-85d5-811b15bdd44d
1989,1989,Jacky,Rêveries d'un promeneur solitaire au pied du Fuji-Yama,b1874cd1-b5b2-42e7-954e-4eff51f74ae2
1989,1989,Jacques Delaporte,"Bande originale de la série télévisée ""Les Aventures de Pif et Hercule""",5942b6b3-2e13-491e-980b-01fc5e520314
1989,1989,Jacques Higelin,Poil dans la main,65254475-d637-4391-b7d5-bb7c69028f6e
1989,1989-01-21,JAG‐TOY,DOWNTOWN PARADISE,068f013b-2cb6-4bc0-a0af-84e8ec4f433d
1989,1989-11-21,JAG‐TOY,夢見ればタイムマシン,b04ad9b4-77ac-4f5e-99f6-ed66f5c59400
1989,1989,Jah Levi and the Higher Reasoning,Vision / The Living Dub,c52710a2-e9ff-4e41-9bd3-fde6faa5500c
1989,1989,Jah Levi and the Higher Reasoning,Visionary Dub / Armeggeddeon Dub,3952b65a-71c0-4fdf-9396-1d0d2621bde9
1989,1989,Jail Meating,1st Dec. 1989,816d74dd-0d83-44f1-9e68-eda981efbb06
1989,1989,Jakie Quartz,"Non, mais qu’est‐ce que tu crois !",38007114-1da8-4bcd-8128-c4e310d3a65a
1989,1989,Jakob Hellman,Hon har ett sätt,a180d209-aa95-4cfa-ab8e-2662596062f6
1989,1989,Jakob Hellman,Vara vänner,0add0aac-6906-49af-af87-918d72935e26
1989,1989,Jamaica Mean Time feat. DJ Maxi Jazz,Rock To Dis,321b285b-8542-4747-b355-51d6a3f95dae
1989,1989-11-20,James,Come Home,fee1d121-3a5b-48ac-9b04-30b80357f10b
1989,1989,James,Sit Down,bdc0f4da-28a8-3839-8991-2792cb2c479a
1989,1989,James Blundell,Dancers,599f47fc-516c-477e-9f3b-c516c226a1e7
1989,1989,James Brown,Sex Machine / This Is a Man’s World,f5a41e74-c7af-4a86-bf43-71963ffb2934
1989,1989,James Horner,Testament / In Country,971de7f9-9c99-35ca-9632-fa8c9b9ed762
1989,1989,James Ingram,It's Real,af223d3f-050e-4dfd-a750-a61a258a5e40
1989,1989,James Last,Happy Heart / Amboss Polka,ce1e560f-bf92-4d3c-b132-bbd0c905c000
1989,1989-11-06,James Ray and The Performance,Dust Boat,b8dee19f-13a7-312b-8e7e-54d26e43fdd3
1989,1989-10,James Rays Gangwar,Another Million Dollars,00d1c0e9-20c8-3d01-84b7-e012e8f88f6b
1989,1989,James Rays Gangwar,Underdog,640a23c9-76a1-4398-9c3e-c9b9192cbd37
1989,1989,Jan & Zwaan,Tussen het riet / Op een zeemansgraf,5b35ab0f-17f2-42b1-92cc-3953aa982ff2
1989,1989,Jan & Zwaan,Volendam medley / Leef je leven,48b59c76-57f5-42a0-84a8-41255fbd66b5
1989,1989,Jan Boezeroen,Amai amai / Ai ai kom maak er wat van,a1bda99b-a40b-4288-9a58-81a70905f631
1989,1989,Jan ten Hoopen,Amy / Vraag me niet hoe ik me voel,a8ce03db-504c-468f-be8d-beb2697bd7fc
1989,1989,Jan ten Hoopen,Je bent alles / Als me vader en moeder,c01d1c28-9240-4b64-ab9e-55217ad20c85
1989,1989,Jan Verhoeven,Zestien jaar / Oh wat een feest,79c6ee9b-2017-42fc-9c8b-a2b8c43f2dcf
1989,1989,Jane Siberry,Bound by the Beauty,33948518-f7e6-322f-b133-bf8359435439
1989,1989,Jane Siberry,The Life Is the Red Wagon,0ebecc19-293f-3769-ab51-d0edd2d973d8
1989,1989,Janet Jackson,Black Cat,740e78a9-7b06-38af-99ab-1c43251c5671
1989,1989-08-20,Janet Jackson,Miss You Much,9e892b3f-0c46-4941-ba23-8acb39fe8109
1989,1989-10-23,Janet Jackson,Rhythm Nation,c77ffae9-6512-46dc-a5b4-4b36f4692024
1989,1989,Janet Jackson,State of the World,0a28cb14-4710-4f86-9f0d-f609430a5105
1989,1989,Japan,I Second That Emotion / All Tomorrow’s Parties,7bce2635-8655-4536-9126-bb43d12d421e
1989,1989-09-18,Jason Donovan,Every Day (I Love You More),f34aa155-8a7d-46c8-94b7-ff87432918de
1989,1989,Jason Donovan,Sealed With a Kiss,3b3f6ead-19b7-4ec6-917c-3f96c49d8d40
1989,1989-02-20,Jason Donovan,Too Many Broken Hearts,62652565-8c09-3ded-8b15-8a53dd670c33
1989,1989,Jason Donovan,When You Come Back to Me,2e19bd1e-2239-4ffb-a94b-07e3c02ed817
1989,1989-07-31,Jawbreaker,Busy,f314217f-a3f0-305b-ac78-66cb77aa6bb4
1989,1989,Jaya,If You Leave Me Now,61198507-7ed4-4894-9e49-adeec4509df6
1989,1989,Jayne,In My House,3c44c7e0-38bb-4c8d-8ff5-afc9a6b418a4
1989,1989,Jaz,Hawaiian Sophie,1b3f458c-049a-48c3-ba55-707d02068cda
1989,1989,Jazz & The Brothers Grimm,Casanova (Passion Hero),7a8f8fa8-cdda-4b63-ac48-da4ec55d55b8
1989,1989,Jean Guidoni,Je pourris camarade,68d1b2d8-b021-46c1-8750-3c9dd4efa69f
1989,1989,Jean Leloup,Miss Mary Popper / Sorcières,52e764c2-b7ff-461b-b2b7-afd5a07954fc
1989,1989,Jean Schultheis,Météo,20ff4a49-7986-44f6-b98c-20da3f946729
1989,1989,"Jean-Jacques Goldman, Johnny Hallyday, Eddy Mitchell, Véronique Sanson & Michel Sardou",La Chanson des restaurants du cœur,2301993d-1c78-43b1-923c-bfe9197ae656
1989,1989,Jean-Pierre Danel,Chez toi et moi,4858d8e7-7bcd-4e20-951b-35680b305964
1989,1989,Jean-Pierre François,Il a neigé sur les lacs,f0f72cde-d5bc-40fe-9650-02b44770d48f
1989,1989,Jean-Pierre François,Je te survivrai,48a1dd3e-c89e-4da8-8497-3227ebc94157
1989,1989,Jean-Pierre Mader,Dixieland,705e274a-91dc-45c8-ba74-80045447c41d
1989,1989,Jean-Pierre Mader,En résumé… en conclusion,44c2d66b-4f36-4b5e-966c-3df5d78eb60d
1989,1989,Jeanette,China,d27ccf21-ea60-4ce6-9d46-e7439ae4841c
1989,1989,Jeanette,Daría cualquier cosa,d771c878-865e-4a13-8210-fa1fe023f840
1989,1989-06,Jeanne Mas,J'accuse,8dfa72b9-0c0b-4147-ab01-ac5da6884f38
1989,1989-04-26,Jeanne Mas,Les Crises de l'âme,936d47bd-f6e1-4706-9127-8a2aa9afbc30
1989,1989-02,Jeanne Mas,Y'a des bons,1b23f2c0-c25c-4f01-a2b8-8140efe11291
1989,1989,Jeannette,Latin Lover,29c808a4-86b8-45f1-8f89-c84233ce2215
1989,1989,Jean‐Louis Murat,Amours débutants,a977d82b-3ba8-45c5-8322-044cc5d7b188
1989,1989,Jean‐Louis Murat,L'Ange déchu,e31e4fe6-f9fb-4061-9c2a-0a831f96804d
1989,1989,Jean‐Luc Lahaye,Gamine,bcfba107-5808-49c0-91a6-f7719fb95f53
1989,1989,Jean‐Luc Lahaye,Partie sans laisser d’tendresse,ecc760c4-78d3-4d21-9692-b3c4e234e975
1989,1989,Jef Blaaskop,Was ik maar nooit getrouwd,0099c6bc-c85a-4801-af5d-f241f9578cfb
1989,1989,Jeff Beck with Terry Bozzio & Tony Hymas,Guitar Shop,fdb04a6d-b8da-4165-8de6-866b4ae0a917
1989,1989,Jeff Wayne,The Eve of the War,f5543dc1-bba4-4b93-9d0f-2529960cd717
1989,1989,Jennifer Munday,We All Live in a Babylon,1aa26d22-fc1d-4202-8769-a27f68fa84fa
1989,1989,Jennifer Rush,Higher Ground,306eb970-57aa-4123-9440-39eab0bd3ad8
1989,1989,Jennifer Rush,Love Get Ready,fabcfe78-1ac4-4fe3-999b-dd751c08149a
1989,1989,Jennifer Rush,Solid Gold,97000391-604b-4289-8dab-0d3f9d4dec9c
1989,1989-06,Jenny Morris,Saved Me,7d648107-3dc9-499c-aef3-e9c8cd65116e
1989,1989-08,Jenny Morris,She Has to Be Loved,b290c49a-bede-4d92-ad89-538f3285fbd8
1989,1989-11-27,Jenny Morris,Street of Love,4f829a05-bfc3-4518-aa33-4b825df96f22
1989,1989,Jermaine Stewart,Is It Really Love?,8d043d93-5b1d-46d5-b0cc-3c13769667e9
1989,1989,Jermaine Stewart,Is It Really Love?,c424de91-a4dc-4222-b2b9-ba7853e2678e
1989,1989,Jermaine Stewart,Tren De Amor,a71256d0-5548-4805-b99e-a16d67f19e66
1989,1989,Jerry Lee Lewis,Great Balls of Fire / Whole Lotta Shakin Goin’ On,3473107c-c67a-4f46-aa24-c2fbf71e4778
1989,1989,Jerry Lee Lewis,Great Balls Of Fire!,97f5c456-9fd1-44fe-a6d0-14ed4aa74910
1989,1989,Jessye Norman,La Marseillaise,733cba07-5f64-42b1-ba08-34d07159c237
1989,1989,Jesus Jones,Bring It On Down,ce452b97-7821-4b92-abab-bd506cb1669c
1989,1989,Jesus Jones,Info Freako,8cf4a309-41c1-3f86-bc8b-0f8b66b2f232
1989,1989-06-26,Jesus Jones,Never Enough,a3dc5efa-62df-444a-ade5-62b29f0680c8
1989,1989,Jesus Loves You,After the Love,2762ea5f-15f7-3442-bab8-c57797e91930
1989,1989,Jet Red,Not The Only One,137e65a3-651e-4f05-b40e-c6e7dc7bc067
1989,1989,Jethro Tull,Another Christmas Song,850ee030-f55e-407c-a2c8-69371f4ee6d3
1989,1989,Jigsaw,Sky High,34ec9b4e-fcf7-41f0-a974-7bfc13cbfa50
1989,1989,Jigsaw,Strategy,db84f55c-bb34-4b10-aca4-e7da264c3432
1989,1989,Jil Caplan,Tard dans la nuit,1a5208eb-bde7-4108-a30c-223d0e41f23e
1989,1989,Jim Penfold & The Hollywood Killers,Hole in My Room,300de6e8-5def-4ffd-80a0-d0bca95b99bd
1989,1989,Jimmy Bellmartin,Tell Me Why,ebbb2d3c-68de-437f-9b5b-01afa8a0c3e0
1989,1989,Jimmy Somerville,You Make Me Feel (Mighty Real),8ccf44db-e091-37ab-8977-709f5a4391b8
1989,1989,Jimmy Somerville featuring June Miles Kingston,Comment te dire adieu,d18c4763-dd5f-44ae-97fc-f3e961bc99dc
1989,1989,Jimmy “Bo” Horne,Spank (And Paarty Remix),78a7685c-49dd-4327-bc98-d865f5c6986a
1989,1989,Jive Bunny & the Mastermixers,Megamaxi: Swing The Mood / That's What I Like,d5e89dbe-1a6e-456d-a152-b28cb769d612
1989,1989-10,Jive Bunny & the Mastermixers,That’s What I Like,ffd50cc5-e6b8-404c-906c-ad7f07c59f2f
1989,1989,Jive Bunny and the Mastermixers,Let’s Party & Auld Lang Syne,70f884b7-592e-381c-8c2f-106cdd093663
1989,1989,Jive Bunny And The Mastermixers,Lover's Mix (Promocional Radio Cidade - Poa),47ee5527-8f47-42c7-ac80-3b8ff02054ff
1989,1989-06-24,Jive Bunny and the Mastermixers,Swing the Mood,a2a1dec6-6e98-3c42-9a49-c51b7db73792
1989,1989,Joachim Witt,Herbergsvater Mix 90,952559e8-018a-4d55-956c-05ff335c6678
1989,1989,Joakim Thåström,Alla vill till himlen,377bee87-c414-4696-a11b-fdcceade4385
1989,1989,Joakim Thåström,Karenina,57029a11-9feb-4214-b808-9d37f34e26e5
1989,1989,Joakim Thåström,Pang Boom Krash,a0564fc2-c7d0-49b9-970a-0012c20defe5
1989,1989,Joan Jett & The Blackhearts,I Love Rock ’n’ Roll,bda6923d-384b-4319-bd11-b1cc30b3c62d
1989,1989,Joan Orleans,I Don’t Wanna Be Lonely,d4a42265-5218-4e29-879a-07b59f7757b6
1989,1989,Joan Regan,You Needed Me,52e9bf42-9c87-4d7e-9dc4-ec0dc070f758
1989,1989-08-22,Jody Watley,Everything,6be5b67e-3bc4-4b4a-b59e-b147cb19cd02
1989,1989,Jody Watley,Real Love,3f39ce06-f2a8-3495-809e-8cc5eeacf9d8
1989,1989,Jody Watley,What'cha Gonna Do for Me,1a0d1856-6b03-4b9a-ac2d-e4c114998f3f
1989,1989,Jody Watley with Eric B. & Rakim,Friends,27853dd2-0aa8-40da-8f40-87b3020a9d52
1989,1989,Joe Camilleri,Angel Dove,da9282f6-c31e-42e3-8aaa-665556e02213
1989,1989,Joe Cocker,Inner City Blues (single edit),73843e6f-8a06-3e2c-b60d-65868f50a544
1989,1989,Joe Cocker,When the Night Comes,8288df41-6ac3-45b1-bcfb-c5b309fcde92
1989,1989,Joe Grushecky,How Long,1b2fb969-6836-3337-9fef-bf590601f59e
1989,1989,Joe Jackson,Nineteen Forever,3fcdad10-100c-4c80-adae-1a4c3e8805b7
1989,1989-05-05,Joe Mason,Old western village,128969fd-9f0e-4b40-a4ba-1c250ceeb56b
1989,1989,Joe Satriani,Big Bad Moon,e8ad0aa2-df5e-44a5-b14f-e6a41530e1b8
1989,1989,Joe Smooth,They Want to Be Free,294124c6-f532-42db-b628-e690ea843c2f
1989,1989-08,Joe Strummer,Gangsterville,7c57b766-3b09-4562-aede-dc5dac3c6de6
1989,1989,Joe Strummer,Island Hopping,4e18b82c-4a8b-3d3c-abbe-e98a4b39f1c4
1989,1989,Joe Yellow,Wild Boy,c3e88601-f9f9-4eae-a216-d5fd4e98dc18
1989,1989,Joesi Prokopetz,Bitte sprechen Sie jetzt,961d649e-d445-437e-8c16-2b9cae252311
1989,1989,Joesi Prokopetz,Keep Groovin',809e6019-0aa4-4204-8773-3650a26c2ade
1989,1989,"Joesi Prokopetz, Carl Peyer, Ulli Bäer, Chor des FS Oberösterreich",Bitte lächeln,35851ed8-7c99-4cfe-8e43-a5b2d03fa4fd
1989,1989,Johann K.,Der Bätmän bin i,5e3499d6-f97c-4b0d-8ee4-8d9826d29d6f
1989,1989,"Johann Strauss; Berliner Philharmoniker, Herbert von Karajan",Kaiserwalzer / Die Fledermaus,7ac2a0ad-d779-42af-92e5-a291382fa595
1989,1989,Johanne Blouin,Ailleurs,73b17fc3-0f25-4757-ad20-32bdba2a3f13
1989,1989,John & Jack,Dromen van Amerika,60d91ffd-b0a5-4433-91d5-00f8e7b2a2ed
1989,1989,John Cougar Mellencamp,Pop Singer,df620dfb-9b45-40a0-94cb-c83a6b71abb3
1989,1989,John en Jack,Van voor naar achter (Van links naar rechts),0a28f9f0-ca38-4831-b35f-29cdaa4e99c7
1989,1989,John Farnham,You're The Voice,9f73ff80-c1f1-4cd4-80a3-cb9b74dbe7f8
1989,1989,John Farnham & Danni 'Elle,Communication,439ec4f5-8309-41c4-a30d-f2e6b384f5ec
1989,1989,John Fox,Liebe brauch i viel,57e42d8a-67bb-47c7-bba9-9bbd8779a693
1989,1989,John Hiatt,Have a Little Faith in Me,b4b78d3e-fb6c-4674-b8ec-bd3a37c82946
1989,1989,John James,I Wanna Know,8ebfe8f9-6cc7-43bb-b5bb-16b483b1f292
1989,1989,John Kennedy,Out of Town,46258b43-7a6d-4492-b710-355b730bccec
1989,1989,John Lee Hooker,Baby Lee,a8cbb1b8-5186-37cb-a332-6391665ab949
1989,1989,John Lee Hooker & Bonnie Raitt,I'm in the Mood,3a099335-a39a-40bc-8bee-87a4b7b464d4
1989,1989,John Lee Hooker starring Carlos Santana & The Santana Band,The Healer,c773ede0-71e9-4454-8d57-9e19803b7a97
1989,1989-07-15,John Mellencamp,Jackie Brown,9f1cc040-30a2-4394-adc1-01d6641136a7
1989,1989,John Spencer,Bring Back Rock ’n’ Roll,f291235b-3684-4f73-a025-dc1fcf0c7278
1989,1989,John Spencer,I Wanna Fall in Love Again / Seacruise,a5cd36f3-30a1-4fe2-9306-ed24a2293a9d
1989,1989,John Spencer,The Shape I’m In,75fd5f25-a2af-4739-914b-1981c0e569f0
1989,1989-05,John Williams,Raiders March,0ce98a7c-7f95-4456-b215-f4c1c648a376
1989,1989,John Williamson,Boogie With M’ Baby,e992516b-387a-4663-965f-d170401c43a5
1989,1989,John Williamson,Rip Rip Woodchip,17d30ac5-9b37-4317-8187-64dbc8cb9d1b
1989,1989,John Williamson,Special Girl,217294a9-0660-46dd-9e9c-da7c0ccf8c87
1989,1989,John Williamson,Station Cook,19c35cf6-977c-4bff-9292-7b5286235602
1989,1989,Johnny Ace,The Clock / Anymore,f7faaa98-3925-3250-9ab5-b252712f1efd
1989,1989,Johnny and The Strollers,City of a Thousand Dreams,1f040174-2dde-47ab-8b8b-889313d41aa0
1989,1989,Johnny Bach,Buenas Noches From a Lonely Room,72517ffc-3034-4a3c-b952-51255f6bd84b
1989,1989,Johnny Blenco,De tango der eenzame harten,20e3a84d-5546-4efb-99fd-bb64bd7b88b8
1989,1989,Johnny Blenco / Chicken Charley,Dans nog eenmaal… / Zo ’ne goeie!!!! (Cowboy‐dans),fa7d2546-fd99-4be3-bb09-67e626423fb2
1989,1989,Johnny Camaro,Polonaise Hollandaise (Surinaamse Versie),92c98ab9-693f-42b6-8135-b9da108e0f49
1989,1989,Johnny Clegg,Dela,c727c2a7-09ca-429e-be8f-de1a64c5c709
1989,1989,Johnny Clegg and Savuka,"Cruel, Crazy, Beautiful World",8306f743-15e9-4287-9425-ec29e9301d87
1989,1989,Johnny Diesel & the Injectors,Cry in Shame,b41ebe07-c5fa-4f8e-aa1e-193213a38d96
1989,1989,Johnny Diesel & the Injectors,Don't Need Love,8be0252e-e9f3-4616-b3c8-b8f3d81d2549
1989,1989,Johnny Hates Jazz,Turn the Tide,1d384399-db96-4595-bd85-8c07dc401d16
1989,1989,Johnny P,Ital Jockey,0bc3d0dc-c700-4a01-8036-8bfebb7bee25
1989,1989,Johnny P & Capt. Remo,Batty Rider Shorts,e810158a-ff7d-4587-acbf-5832df222041
1989,1989,Johnny P / Johnny Osbourne,Foreign Bundle / Reasons,b96b2974-9be2-4a13-a4bb-fe9c95067b9f
1989,1989,Jomanda,Don't You Want My Love?,153e8cfd-3f72-44da-8402-14012011c666
1989,1989-05-10,Jon Secada,Dias Como Hoy,de03dbc4-08ac-4e5a-92cd-0597d208cc68
1989,1989,Jonas Fjeld,Engler i sneen,7ebf71fc-5ca2-4906-81d0-b5ecf72e244c
1989,1989,Jonathan Bermudes,Mes nuits au soleil,3bad7d1a-0900-4d25-9883-d9faa5bc9405
1989,1989,Jonathon Morris,From Me to You,8afc85fa-7c0c-4ba7-8540-121a5f37ea2b
1989,1989,Jonny Hill,Wenn du bei mir bist,388dbb0c-01cd-4870-9a0f-0dfa651a77bb
1989,1989,Jorge Ben / Nazaré Pereira,Ponta de lança africano (Umbabarauma) / Maculele,a4f4f07d-5c3b-43b4-9b4b-923cdc6a3387
1989,1989,"Jose Brandt, Karel Butler",Dow maar lekker door,a537dc25-5655-4f86-ba6a-cc4a5e8f25d6
1989,1989,Jose Feliciano,Light My Fire,f1470781-50de-4f90-b8bf-a172bb2f12be
1989,1989,Joshie Jo Armstead,In the Right Place,f29ccad0-4ae5-4428-8511-854e208cb5f8
1989,1989,José Feliciano,Never Gonna Change,00ac6ada-1a35-4047-9ab0-d8d77139f9ae
1989,1989,Joy Biasini,In Alto Mare,519d34b6-09fb-4c9a-b98b-e24f3a650097
1989,1989,"Joyce ""Fenderella"" Irby",Guardian Angel,66e1ab7e-6b00-402d-be45-3565ee35a91e
1989,1989,"Joyce ""Fenderella"" Irby",I'll Be There,15967258-62f7-4796-b697-fc0dbf6d8f0d
1989,1989,"Joyce ""Fenderella"" Irby",Maximum Thrust,bd7d24c6-252c-46ad-854c-7f476437b809
1989,1989,"Joyce ""Fenderella"" Irby",Mr. D.J.,290d6c47-59b3-43a7-9596-17bf87e0d756
1989,1989,"Joyce ""Fenderella"" Irby",Mr. DJ,f8b77790-0ffe-4950-a82b-25e854364951
1989,1989,"Joyce ""Fenderella"" Irby",She's Not My Lover,53e32bf9-1583-4d5f-8158-90abccfc33ee
1989,1989,Joyce Sims,Take Caution With My Heart,cbcf6b60-d3db-4323-9df7-d38b2b4ea104
1989,1989,Juan Antonio Labra,Identidad,138781cf-55bf-4ad1-8d1d-f8c6ba068e93
1989,1989,Judas Priest,Living After Midnight / Breaking the Law,01c22a51-b688-4082-8883-a0056c7a5337
1989,1989-05-08,Judie Tzuke,Let Me Be the Pearl,fe99964a-8fb5-40b8-befa-e9e34d3ecae6
1989,1989,Judie Tzuke,We’ll Go Dreaming,3ab70028-5e9a-40ce-b20e-56008488750a
1989,1989,Judy Mowatt,Bubbling,81a04767-6e87-4615-b07f-d5545ab60c3d
1989,1989,Julee Cruise,Falling,51525ff0-3aa8-3b4c-a014-cedde796d78e
1989,1989,Julee Cruise,Rockin’ Back Inside My Heart,a58028dd-c33a-3a1f-bfaa-fcc291a8bc0e
1989,1989,Julian 'Jumpin' Perez feat. Brother D,Let's Work,688df2b8-5432-3254-9b1c-975738cbc0b6
1989,1989,Julian Cope,China Doll,7f0f3b8d-a9c6-367a-8be8-883e436a917b
1989,1989-02,Julian Lennon,Now You’re In Heaven,0257ad49-06b9-479e-a6a7-7819debf40f8
1989,1989,Juliane Werding,Nebelmond,d27b2a54-a67a-4b70-b075-b14cde3a9882
1989,1989,Juliane Werding,Sonne auf der Haut,dab47273-cf19-48b5-a2d2-f91726ceb8ac
1989,1989,Juliane Werding,Wie weit ist Eden,7ead3bfb-f5a8-4925-8c5d-8e6648a65477
1989,1989,Julie Pietri,Priez pour elle,c3e1ca5b-1f52-48c1-ada9-edd71b95f9f2
1989,1989,Julie Pietri,Salammbô,b4995031-7a28-42d1-a91a-a3a92decbd83
1989,1989-03-02,Juliet Jonesin Sydän,Käymme yhdessä ain,9c572cda-7b84-3731-ac39-316ace4bb4c5
1989,1989,Juliette et les Indépendants,Je suis à tes pieds / Qui de nous deux,3a3b4963-80b7-3b80-b3a7-72e067438460
1989,1989,Julio Iglesias,Brazil Mix,686f88c0-43d7-4bb4-ad87-a9925e4ecf52
1989,1989,Julio Iglesias,Caballo viejo / Bamboleo,ad1d9594-8478-49e5-95d7-2e5f9d4dde97
1989,1989,Jump,Loved and Lost,68f97b15-9417-451b-abe5-fe45fce1f9a4
1989,1989,June Montana,I Need Your Love,b977bb36-29d4-3dcb-91e5-a262cb119c48
1989,1989,Jungle Brothers,Beyond This World,e60e96a7-a461-41e8-953f-b0c8cd5b3d2d
1989,1989,Junior Delgado / Pablo & Rockers Int'l Band,Youth Attack / Babylon Wounded,67bda50c-e7bc-4b10-8af9-ac62b8febc71
1989,1989,Junior Demus,Them Bad,c09e4918-a3c6-4467-95fe-e126941ef563
1989,1989,Junior Manson Slags,Plastic Smile,a6a2c930-fbc6-424e-8f3c-4fc1442679f7
1989,1989,Just Because,Come Back Today / His Janice,27b58491-f700-46d6-8f68-65539cf24ce4
1989,1989,Justian & Mandy,More Than I Can Say,5fe95952-1229-4cab-b9b6-7b5773948bf1
1989,1989,Justine Pelmelay,Blijf zoals je bent,de7e2907-5188-41b0-b03b-53d478ccebba
1989,1989-09-25,Jävlaranamma,Kälek,dfa481b7-6ece-405c-90bf-500a4a38d540
1989,1989,Jürgen Drews,Ein Bett im Kornfeld / Barfuß durch den Sommer,87f57cea-21fd-40ca-9fae-09063abb6e9f
1989,1989,Jürgen Drews,"Ich will's jetzt wissen, ich muss Dich küssen!",6248e974-a72f-4b33-9552-7a22011fa546
1989,1989,Jürgen Drews,"Irgendwann, Irgendwo, Irgendwie (Seh'n Wir Uns Wieder)",cc6c3b78-423e-4a59-ad23-73cf7baa2e42
1989,1989-10,Jürgen Drews,Mit dir sofort und ohne Ende,f42283b5-667a-403c-84a5-f57b5d9c8314
1989,1989,Jürgen Marcus,When a Tear Falls,c289fa25-3547-467c-826e-aa3c9be9715d
1989,1989,Jürgen Renfordt,Ich kann dich einfach nicht vergessen,b0d2de28-cefe-4548-bff4-064ecdd6d7e5
1989,1989,Jürgen Walter,Tango für Paul,6c3d0069-8829-46a2-8af4-61fe56abe2f1
1989,1989-01-21,J・トリップス,シェリーに口づけ,18196cd0-1b2b-4bb8-a647-c1129dcc1b67
1989,1989,K.O.C.,Let Your Love Flow,a596d926-f572-4253-aed1-d777ae127fcd
1989,1989-12,KABUKI ROCKS,KABUKI ROCKS,e3d41145-a4bd-46c7-a5f6-71534ffd5700
1989,1989,Kadanz,Dagen dat ik je vergeet / Voor altijd,80994d0f-318f-4626-8a9b-20fda8aa175f
1989,1989,Kadanz,De stad (die Vrijheid heet),2293926b-3776-4cb6-a51d-665729a8a112
1989,1989,Kadanz,De wind,90f629c0-0564-488c-bf3e-455ccb6a35c4
1989,1989,Kahlkopf,Nasse Katze,1f40c9ea-e836-480f-bffd-d981a3aaeb37
1989,1989,Kaoma,Dançando Lambada,ed9b2d5a-143f-424c-9178-02142984183d
1989,1989-11-30,Kaoma,Lambada,7455d01c-9828-35d4-b1f1-c21d5669748f
1989,1989,Karat,Immer so / Hör nicht auf,dc9890c2-88d6-48b1-8b80-21f64a4c8b16
1989,1989,Karel Gott,Du bist für mich wie die Sonne am Morgen,713b183d-63f9-4862-a3f7-6c3772175854
1989,1989-12,Karel Gott,"Hej, páni konšelé",54f4fe9e-dc00-4b20-b3e7-a4a3c200f3fd
1989,1989-05,Karel Gott,Krev toulavá,05e9e612-f2fa-49a1-8cbd-7f63c86f6ef5
1989,1989-03,Karel Gott,Nenech mě za dveřmi stát,f309aa39-7ad1-450f-873b-28424ead16c5
1989,1989,Karel Gott,Nie mehr Bolero,3d920437-4bec-4e1d-935b-a24413f860e3
1989,1989,Karel Gott,Гитара / Музыка,213541aa-db49-4d00-818a-9c1552765e6f
1989,1989,Karen Cheryl,Où sont les anges,92c00125-c0b9-49e6-a49d-a840265ec788
1989,1989,Kargo,Your Time,25ac8006-8c07-4b2a-8de2-5cdf6fdddb02
1989,1989,Kari Peitsamon Skootteri,Pakko päästä Helsinkiin,5f5aaa0d-b224-3236-84b3-89937ef2130c
1989,1989,Karim Kacel,Mother Mother,3285ab71-da2e-4e83-94cb-d7d9463c455a
1989,1989,Karin Roth und Die Suhler Bergmusikanten,Musikalische Grüsse vom Ringberg,2f248d8b-af99-430e-b287-f27e94664d93
1989,1989-06,Kastrierte Philosophen,Toilet Queen,c5dc425e-b563-4860-a731-256963634f58
1989,1989,Kate Bush,Love and Anger,aab6ac99-a8f6-37aa-ad93-f2e5c275d85e
1989,1989-09-18,Kate Bush,The Sensual World,7b9c745a-acce-35fa-b9c2-1349d6cc5c84
1989,1989,Kate Bush,This Woman’s Work,a381b456-b7c2-3dba-8561-7ce933c39fe6
1989,1989-07-10,Kate Ceberano,Love Dimension,3d909c50-91e3-42f7-bca9-6562b9815773
1989,1989-07,Kate Ceberano,Young Boys Are My Weakness,99a782d3-54ab-4220-bccc-3afd1ed87e70
1989,1989,Kathy Mattea,Come From the Heart,8bf1f62f-7409-4308-adfb-905ce63b6f78
1989,1989,Katrina and the Waves,Rock ’n’ Roll Girl,79a9cc58-fd01-4d45-b146-55793e3d2a14
1989,1989,KC Flightt,Planet E,7c05915d-52b8-4a9d-b10f-4c334ff18dbd
1989,1989,Keith LeBlanc,Einstein,168dc6e5-c54a-4cac-a4f1-1875241c18b1
1989,1989,Kellerasseln,I mecht leb’n / I’ll Be Still Here,51560aad-6793-4936-8e24-4da38fe09b39
1989,1989,Ken Laszlo,Madame / Let Me Try,db8d1973-6946-46fb-8f35-ea7043f3aa3e
1989,1989,Kenny G,Going Home,a40eda2d-fcb1-477d-8a0e-ba7b3102fa74
1989,1989,Kenny Rogers,(Something Inside) So Strong / When You Put Your Heart in It,e9c8a896-f298-491f-864e-df0f670525de
1989,1989,Kenny Rogers,Christmas in America,7ed898d0-19fc-462c-a4eb-a7af5ccc71f3
1989,1989,Kenny Rogers,Maybe / If I Knew Then What I Know Now,8607f592-fb13-4094-878b-dc6ac3f2cb1d
1989,1989,Kenny Rogers,The Vows Go Unbroken / One Night,5adfec63-e34d-439b-bcb3-5b15b776ae89
1989,1989,Kenny Rogers and Gladys Knight,If I Knew Then What I Know Now,73fa1c70-1140-4fa7-a1bd-50fbe2538479
1989,1989,Kenzi & The Trips,BRAVO JOHNNYは今夜はHAPPY,50b29b33-5c5d-3bff-b660-a567ccee2d80
1989,1989,Kevin McDermott Orchestra,Wheels of Wonder,4572950c-3253-3fd3-8017-5334136be1aa
1989,1989,Kevin Paige,Anything I Want,189e44b1-b435-4dd9-8bd1-7dcc93372ed3
1989,1989-06,KGB,Wo ist die Rose,c4849994-0429-46ab-a0b1-195d0ca6c9a5
1989,1989,Kiev Connolly & The Missing Passengers,The Real Me,383e5fc8-99c8-437c-b370-85e3076178fb
1989,1989,Killdozer,Yow!,5a1213f0-7f4f-3980-89d8-4b8dd22bde2b
1989,1989,Kim Mitchell,Rock 'n' Roll Duty,c2c0c652-7318-47d0-9abb-70afd82d983b
1989,1989,Kim Mitchell,Rocklandwonderland,0ee5a39f-037a-447e-8d80-9889abc8638a
1989,1989,King Amazin,Double Asunder,4b2aca00-7c04-485c-b9e7-6f8993b1ed96
1989,1989-02,King of the Slums,Bombs Away on Harpurhey,19ce00a9-a2e4-38d2-9df5-2316f905932c
1989,1989-09,King of the Slums,Once a Prefect,a607b67b-0791-36e1-b2e0-150ac855308b
1989,1989,Kings N' Fools,Former Life,c0947b30-feb9-44a4-9706-063cb78f8763
1989,1989,King’s X,Over My Head,e7ee1e64-3a4d-350d-bfbc-5187e5838b6e
1989,1989,Kino,Maman,665aae17-ac2d-4c91-966a-9dc9555f0da8
1989,1989-09-14,Kirsi,Vuonna 2525,f3bf77f7-0b5b-4c19-8849-717696401202
1989,1989-06,Kirsty MacColl,Days,a28d01ff-af60-3ff9-a6b0-253d2f54da9b
1989,1989,Kirsty MacColl,Free World,3bc0c9e9-3080-4756-b617-6f99171be43e
1989,1989-09-18,Kirsty MacColl,Innocence,16433b64-94ae-426c-b963-284a17f900e1
1989,1989-03-03,KISS,(You Make Me) Rock Hard,c9d8ede0-df73-4d6c-90fe-2f6820c4ad8f
1989,1989,KISS,Forever,c088e0c6-05c5-3921-b8ae-8da70f093891
1989,1989-10-17,KISS,Hide Your Heart,b6b31663-f056-3eda-b8df-6663e46b2513
1989,1989,Kiss AMC,A Bit Of..,c11eb061-d6c1-4def-abc5-77d8bcb4117f
1989,1989,Kiss in the Dark,Something Special,2ee887e7-36bd-4ea7-ad74-be4b035a71a1
1989,1989,Kitchens of Distinction,The 3rd Time We Opened The Capsule,1e7cd156-3714-41f6-b4e3-106f96088ef8
1989,1989,Kitsch,Oració,ba0b3937-7ff5-4a40-bf79-b2a973fefa13
1989,1989,Kjell Höglund,En stor stark,c305e676-de91-4f2f-9f6a-f88003ac8e33
1989,1989,Klangwerk,Warte bis es dunkel ist ...,7d11863d-cf24-4fda-b037-9a3accac41aa
1989,1989,Klaus & Klaus,Die friesische Nacht,a45c82b1-454c-490d-b7b6-b9885c7d5dde
1989,1989,Klaus & Klaus,Ich bin kein schöner Mann,21d521f6-935e-4d97-b2e7-f5fdefe96217
1989,1989,Klaus & Klaus,Willies From Germany,9c0d71c5-4f56-4d23-bb49-e7cea361ba2f
1989,1989,Klaus & Klaus & Dave Dee,Zabadak (Karakakora),953f50cd-6229-4ee9-adcf-e7be735449f3
1989,1989,Klaus Brendel,Tropical Island / Sahara Sunrise,cd6f4c82-e9eb-4865-a15b-06605d83c705
1989,1989-09,Klinik,Insane Terror,dd9e12a5-c531-37c2-b2ec-ca4bc26bc0fb
1989,1989-08,KMFDM,Virus,a42c5fad-c11c-3ca3-90de-5ed22a0e31d8
1989,1989,Knightshade,Last Night in the City,e732684e-8539-4573-8b6d-05f31120cb24
1989,1989,Kohu-63,Tervetuloa Jouluun,ad68606e-3c20-400a-95cb-9e1d4f68e8a7
1989,1989,Kolmas Nainen,Lentojätkä ja tyttökulta,a3f0f0fe-8cf1-4627-8f62-3abcc396e38a
1989,1989,Kolmas Nainen,Päivät kuluu hukkaan / Valehtelisin jos väittäisin,e13db3e6-b63c-486e-bed2-d8016c54e5ac
1989,1989,Kolmas Nainen,Äiti pojastaan pappia toivoi,a44a7d99-2bdd-40e7-b7cd-1cd7bdb30268
1989,1989,Kon Kan,Harry Houdini,0b7f98d4-b2d7-4677-937c-9c253e4184f0
1989,1989,Kon Kan,Move to Move,4fc02819-c8b3-4dc2-9c93-8a1c28bbd6d9
1989,1989,Kon Kan,Move To Move,5998518f-6a55-47fc-a283-5388b1b19e6e
1989,1989,Kon Kan,Puss N' Boots / These Boots Are Made For Walkin',7e732926-0323-40ce-8ba3-6ed2b321955d
1989,1989,Kon Kan,Puss N’ Boots / These Boots (Are Made For Walkin’),f275febf-4aaf-45db-bb85-1d23ded4e711
1989,1989,Kontingent 88,1789,487f8089-0537-484b-b3c9-0080ca9c0b91
1989,1989,Kool & the Gang,Raindrops,ec3a45ca-500a-44ab-b7bb-f3f2ec72dc0c
1989,1989,Kool G Rap & DJ Polo,Road to the Riches,4bc9b67e-d6fb-4e3e-b415-1da216025f9b
1989,1989,Kool Rock Steady,You Ain't Nobody,511b9f61-7dc7-39ee-975c-2d39f0db7c4c
1989,1989,Koos Alberts,Ik ben geboren om van jou te houden / Jij bent het leven voor mij,844d55fb-08d1-4351-9090-eba5b6ff95dd
1989,1989,Koos Alberts,Jij blijft bij mij / De stad heeft duizend ogen,48aa60be-2363-4226-9ffc-b76b44f9f37d
1989,1989,Koos Alberts,Nog vele jaren / Een beetje zon,36bf2dce-b93a-415d-8ef9-730afd7a17a8
1989,1989,Koos Alberts,Omdat ik leef voor jou / Jij bent ’t mooiste (dat me overkwam),442ec332-f2ab-4f52-a1e1-d2262f5c35f5
1989,1989,Koos Alberts,Wie wil er in december nou alleen zijn / Geef elkaar een beetje warmte,5c0e0084-14c2-422a-a483-e0a1a3977b67
1989,1989,Koto,Time,d0508b62-3d57-40b1-b12a-dd1efe3049c0
1989,1989,Kraze,Let's Play House,3cbd1782-8895-40d2-9af0-f3a74fdb6fba
1989,1989,Kreator,Betrayer,c3e13554-04b8-41a0-97cf-e4f699ec88ec
1989,1989-06,Kristina Bach,Eldorado,f2ffd086-823a-449a-ab91-523f908190af
1989,1989,Krunch,Tack & Hej,422b5a45-f395-3052-816f-67e8a051ba16
1989,1989,Krystyna,AA O EE (Ready for Your Love),e1fe17d5-a9bc-4dd6-9db0-0b5b367d2128
1989,1989,Kurzschluss,A Biss'n Brot,f5d49281-8e3a-4657-8e34-1384117956f9
1989,1989,Kylie Minogue,Better the Devil You Know,f5d558cd-736f-480e-a65d-83751ded9b47
1989,1989-05-15,Kylie Minogue,Hand on Your Heart,0924ce7b-3020-3f79-be5b-2ccc8e65e242
1989,1989-10-17,Kylie Minogue,Never Too Late,0db14bbe-ffeb-3b0c-a419-05a8f76204a2
1989,1989-07-24,Kylie Minogue,Wouldn’t Change a Thing,18fed951-3dc9-4f23-91b8-d8097cf0b966
1989,1989,Kyper,What Gets Your Body Hyped (XTC),a3010717-def1-402f-98b8-ceb3b0769c09
1989,1989,Kärlekens Vampyrer,Höjdarpudding,cf60d03e-0894-480e-a3c7-802601eb85aa
1989,1989,L.A. Guns,I Wanna Be Your Man,3bda7b1a-5c96-3323-9017-4b6dcc2c114b
1989,1989,L.A. Guns,Never Enough,c08c057c-8299-38c3-93c0-ebdb96a25ae3
1989,1989-09-25,L.A. Guns,Rip and Tear,2ae38763-6219-3c03-8336-7dbfb3ddd3b9
1989,1989,L.A. Guns,Rip And Tear,da9c71a8-8885-4bb0-8597-70ffe02a0ff8
1989,1989,L.L. Cool J,Big Ole Butt,8fb17d14-df1b-4feb-a262-9f648d8ea1b8
1989,1989,L.L. Cool J,I’m That Type of Guy,7f75d718-1fac-4b15-a9a2-cb49184d9162
1989,1989,La Fiancée du pirate,Des cailloux dans les poches (Gone With the Wind),c956a2c0-5b9e-467e-8f9d-bbe1e3eb71bf
1989,1989,La Fiancée du pirate,Tout et tout d'suite,daa6d7a1-5c48-4edf-bb4c-fe92aaebbe0d
1989,1989,La Frontera,Juan Antonio Cortés,a5806e84-9936-4e84-85ef-0744973a7307
1989,1989,La Secta,(Don't Follow) That Way / Somebody's Gonna Feel My Anger,2ba4ff2e-d8e8-4da3-adb4-e699aa1dc900
1989,1989,La Solución,Esta viviendo conmigo / Dame amor,8bbda916-81ee-4909-9551-b1661b7ea318
1989,1989,Lagaf’,Bo le lavabo,0e037098-63ef-4925-b6bd-c5d8d42f7180
1989,1989,Laid Back,Bakerman,25af057a-15f4-4c71-a4da-428cf2d5918c
1989,1989,Lara Fabian,Je sais,e921123a-e043-4023-bbbe-57196ba900f1
1989,1989,Laserdance,Cosmo Tron,9e193615-f38a-4f70-b51f-0df4c3e67726
1989,1989,Laserdance,Megamix Vol. 2,99f6d9bc-1598-4094-a672-e1607560af88
1989,1989,Lasse Stefanz,En enda signal,13cdbc86-622a-4f82-895c-42133ad91c85
1989,1989,Lasse Stefanz,Mot nya mål,ae44a40a-1af6-4f0f-a341-bbcee4b5f8e9
1989,1989,Lateasha,Ghost in My Room,a284ecab-ae9b-4bd3-ab7c-27e4fbc2c956
1989,1989,Latin Playhouse,Dance / Latina Makossa,15e32d42-490a-4e75-b09b-3c95a6f78cd3
1989,1989,Latin Quarter,Blameless,9256cb40-be1e-4d9d-91ae-847106810e75
1989,1989-06,Latin Quarter,"Dominion / Wir töten, was wir lieben",89a28f67-320e-46c0-83de-0525fd476a4f
1989,1989,Latin Quarter,Swimming Against the Stream,a7eabfb1-e7a7-46c5-ac99-ee36cfb37184
1989,1989,Laura Branigan,Self Control / Gloria,73dc845e-5201-4354-bb31-b2d8b38b02c0
1989,1989,Lauren Mitchell,All That I Can Be,50f95253-7df3-4197-a87c-e35e3805c0b7
1989,1989,Laurent X,It's Magic,be9d1071-7b7c-360d-ae18-aeb5e50e67e1
1989,1989,Le Page,My Baby Don’t Know What You Do to Me,a3081cdd-93a4-42f8-8c32-d683f99e2129
1989,1989,Le Père Noël,C'Est C'la Oui!,e021afd7-5ce6-4458-9261-72b9c422352b
1989,1989,Lechtenbrink,Wenn die Nacht kommt,21c18ead-35ff-42a1-ada0-34f929846204
1989,1989,Lee Konitz,Lee Konitz in Rio,522f48d5-ff16-40a3-b8ab-ed641baac488
1989,1989,Leevi and the Leavings,"Amalia / Elina, mitä mä teen?",655cb3b7-c43c-4fe0-b67c-229ac62c51ec
1989,1989,Leevi and the Leavings,Isojen tyttöjen yö,c0c43534-b632-4fda-b79e-1e0bf7969d7f
1989,1989,Leevi and the Leavings,Oikein surullista joulua,44a6e6c3-5fc7-4945-a897-a37439c09799
1989,1989,Leevi and the Leavings,Pikku prinsessa,e25bf56d-7464-4f18-a20d-68beb861759a
1989,1989,Leevi and the Leavings,Unelmia ja toimistohommia / Pihlajankukka,621f8f9d-067f-4390-b0b5-05ed4c8294ba
1989,1989,Legacy / Code 3,Girls Do It Just for Fun / Code‐of‐Acid,50122165-facd-4083-8ddc-a4e2364202a2
1989,1989,Lene Lovich,Make Believe,da06b39b-df22-3e45-8102-870f28c49e38
1989,1989,Lene Lovich,Wonderland,80bd97dd-4d28-41af-afcc-862a690f4a52
1989,1989-07-23,Lenny Kravitz,Let Love Rule,4cbdf3af-be27-3247-8427-4415874d8df4
1989,1989,Lenny Wolf's Germany,Do You Like It,e30805d8-9cba-4ef0-89d7-f96e92d2e28e
1989,1989,Leon,"Sand, Sonne Und Du",a594036a-3bb0-4fd0-a9e0-8d5009454cd5
1989,1989,Leonard Cohen,First We Take Manhattan / Suzanne / So Long Marianne,9a1f6118-8e56-41b8-bd35-93119a90582a
1989,1989-02,Les Coronados,Un lustre,167a93df-576a-4994-957d-1b1a5b61c17e
1989,1989,Les Femmes Erotiques,"Je Táime, Mon Non Plus",f5d22294-0c91-4a89-9b1b-5bdf13e38fc7
1989,1989,Les Garçons Bouchers,Du Beaujolais,693da81a-4d76-4cb2-8411-38df56b987d5
1989,1989,Les Inconnus,Télémagouilles,88ae36ba-37e8-406b-af3e-92331f265364
1989,1989,Les Infidèles,Mon héroïne,ee6d29b1-bc6b-478c-99da-10151efaf6bf
1989,1989,Les Innocents,Cent mètres au paradis,a3372df2-6b0a-4825-81cb-6cc6cda52e00
1989,1989,Les Innocents,Saint-Sylvestre,55b7daba-ad9c-4262-a76a-31e6e37723b5
1989,1989,Les McKeown,It’s a Game,7011e313-186f-4d33-9460-b51a3f92a895
1989,1989,Les McKeown,Love Hurts And Love Heals,268cb652-e5ff-4f13-984e-e224c2f959a7
1989,1989,Les McKeown,Nobody Makes Me Crazy (Like You Do),fac81335-2a7a-422c-b810-808fe5295595
1989,1989,Les Musclés,Le Père Noël des Musclés,022f0af4-b506-4f1a-8493-1c388404a2d0
1989,1989,Les Musclés,"Moi, j’aime les filles",be36e3ec-1424-4804-b8db-bf288fc0c056
1989,1989,Les Négresses Vertes,Il,c74ef25d-0a78-4467-943b-4a27fb70f964
1989,1989,Les Négresses Vertes,Voilà l’été,3af9a6ce-4b5a-40dd-8e75-e01ec716eba2
1989,1989,Les Négresses Vertes,Zobi la mouche,b830ce8e-a6f5-4a2d-a265-3e1736e1627d
1989,1989,Les Porte-Mentaux,C'est juste,48f0cb45-7a65-491e-a70b-012d84156b92
1989,1989,Les Porte-Mentaux,Les Misérables,ca64ef0f-9cbd-4f68-a19a-b8cc3a6e2881
1989,1989,Les Rita Mitsouko,Le Petit Train,05bf3f67-32ed-48a2-89b2-2b3ff9f3d9da
1989,1989,Les Rita Mitsouko,Tongue Dance,2ea5b819-9d9f-4913-a6cc-5eff7514b533
1989,1989-02,Les Thugs,Chess & Crimes,21766c09-3f53-4967-833c-6b99fc3ddf8a
1989,1989,Les Vamps,La Vampada,034010b6-b678-496c-9529-68ed30a20fdf
1989,1989,Les VRP,Je n'en peux plus,f65f11fb-45b3-4229-b7c0-f2a67904cef8
1989,1989,Les Zazous,Crazy World,a3b245b9-fcca-4e73-89b3-c68e7bc94edb
1989,1989,Level 42,Megamixes,f0a3caaa-80f3-3b91-a797-8b049e8291fd
1989,1989-10,Level 42,Take Care of Yourself,591192f1-7e08-318c-a21a-b0e42fd130bd
1989,1989-01,Level 42,Tracie,b6c5adc6-1e21-39ec-bf1e-9610cffe4b84
1989,1989,LeVert featuring Heavy D,Just Coolin’,e5d665b5-7e8a-41fa-ae43-cae8fa979cfe
1989,1989,Leæther Strip,Japanese Bodies,7586d7f8-ab2e-3622-9f20-7622efd15721
1989,1989,Liaisons D,Heartbeat,ee87f9a6-c65d-4f0e-8d63-b8bfaa6f91fe
1989,1989,Lian Ross,Feel So Good,8351b795-8f94-4436-8637-288df278775b
1989,1989,Liane Foly,Chéri,c611bf68-edff-444c-92a8-46a230070386
1989,1989,Licence IV,Vive La France !,3eaf668e-f198-4fb5-997c-1a899939b6fc
1989,1989,Lil Louis,French Kiss,389c8ade-4f8a-4177-a189-bc20edcff27e
1989,1989,Lil’ Louis,French Kiss,2a7295fa-3ebd-3ba9-a74c-78723a6c101c
1989,1989,Lil’ Louis,French Kiss,a66590e6-3fb7-3769-b237-8ca85c18330a
1989,1989,Lil’ Louis & the World,I Called U,60fe5e3a-52aa-3326-a0e6-961305da0d24
1989,1989,Linda Michelle,I Wanna Be Yours,213e3463-58bf-45f1-ab6a-1425f04e66b9
1989,1989,Linda Michelle,Still Lovin' You / You're Coming Home Soon,2fa8f9b5-81aa-42d2-9887-bb07e56ae9af
1989,1989,Linda Ronstadt feat. Aaron Neville,Don’t Know Much,8e23e746-2a7a-3258-a72c-bfc756267cab
1989,1989,Lio,Tu es formidable,0a256832-8ba3-4b50-afb6-a4e576099408
1989,1989,Lionel Bart,Happy Endings (Give Yourself a Pinch),3815f290-65eb-4890-a670-1cb5a374bb7e
1989,1989,Lionel Kazan,Je voulais te dire que c’est fini,f2d1e49e-a3ad-4147-87e5-24ff8b97f004
1989,1989,Lisa Johnson,Say Goodbye,c29aeb23-73f6-4eec-9863-8b5b3acc996e
1989,1989,Lisa Lisa & Cult Jam,Just Git It Together,d38221c2-9e36-4137-9f2a-fe4c126f5ddb
1989,1989,Lisa Lisa & Cult Jam,Little Jackie Wants To Be A Star,1426b858-4de5-4fd2-935d-3d48bee1e152
1989,1989,Lisa M,Rock To The Beat,6df45aed-92cd-4092-930c-7dcaaa153e54
1989,1989,Lisa Marie with Malcolm McLaren and the Bootzilla Orchestra,Something’s Jumpin’ in Your Shirt,a51f631a-613c-34f0-bc9b-d031fa8c2e45
1989,1989,Lisa Stansfield,All Around the World,bf211846-4c4c-455f-b519-8908fddcb771
1989,1989,Lisa Stansfield,Live Together,32095d1b-5016-46f0-90c3-555b8501c7b0
1989,1989-08-07,Lisa Stansfield,This Is the Right Time,6e2bae72-4b3d-45a0-bc1f-4bc39f1e8abf
1989,1989,Lita Ford,Falling In and Out of Love (remix),3ba4eea9-c603-4cab-8c05-e670fb7ce7b4
1989,1989,Litfiba,Cangaceiro,6974af89-cf1f-48bf-8049-88f6acbc47a9
1989,1989,Little Angels,Don't Pray For Me,93ddabd7-3353-483c-a6df-85de79eb3d52
1989,1989,Little Nemo,New Flood / Berlin,dd3fa26b-73a4-4510-a2c6-c0f78d466ea2
1989,1989,Little River Band,It's a Long Way There,5db44e9c-6a2f-4b8a-ae14-10b320d3f283
1989,1989-06,Little River Band,Listen to Your Heart / 48 Hours,7a3c647b-2354-489c-9009-5d23760544b2
1989,1989,Little Steven,Love and Forgiveness,c7d79fcf-d7c4-4b53-83a1-147f2056020f
1989,1989,Little Steven,Revolution,687774e2-0e0b-4049-8d0c-5d53b06057e0
1989,1989,Live Report,Why Do I Always Get It Wrong,fd9038a2-533a-4ed4-8cd9-8e2e879f8446
1989,1989,Living Colour,Open Letter (To A Landlord),4f10ca9a-48e1-4ada-824d-1f8dd0226687
1989,1989-02,Living in a Box,Blow the House Down,e1953e26-c4fe-3d92-8333-435f949138cf
1989,1989,Living in a Box,Different Air,388c1b97-4f77-405f-80f6-046484cbc938
1989,1989,Living in a Box,Gatecrashing,136304c5-ef09-4e46-94b5-b76f20c74bc9
1989,1989-08-02,Living in a Box,Room in Your Heart,b6764578-c4db-3b33-b468-dfa2caa9efff
1989,1989,Liz Torres,Payback Is A Bitch (What Goes Around Comes Around),79fe076f-c6ff-4fa4-83eb-22577abcf442
1989,1989-09-25,Liza Minnelli,Don't Drop Bombs,646de72e-64f7-3379-ae83-490d7149aab5
1989,1989,Liza Minnelli,Losing My Mind,a0315254-248a-3cbf-b540-97b95fd9bbf7
1989,1989,Liza Minnelli,Love Pains,2ec4496e-dc73-3cf3-81e7-734bd2959733
1989,1989,Liza Minnelli,"So Sorry, I Said",7c0ca2c0-c0c9-34c4-99c8-cdc8938147f0
1989,1989-08-21,Lizzy Borden,We Got The Power,eb539bf6-2436-4d39-b727-028b22a9cd0c
1989,1989,LL Cool J,One Shot At Love,f36abd6a-abb0-434a-8c93-83edfd667ba4
1989,1989,Loco Loco,Spanish Beat,d456b713-6597-4883-bfc8-239b78854a02
1989,1989,Lolita Pop,Hey Winner,a8109921-13bc-4cea-b1d1-7f6f8c5220f3
1989,1989,Lolita Pop,Tarzan on a Big Red Scooter,60d6429b-38b1-48a2-98dc-ee67feb90182
1989,1989,London Boys,London Nights,7d201d51-1f39-4af5-a496-b324395de725
1989,1989,Lonely In The Crowd,Hey Girl,5c857a6b-875a-42e2-a6ec-b62e20b3aeed
1989,1989-10-01,Lonely Moans,Shoot The Cool / Texas Love Goat,78818475-6a7a-4aae-993f-e288f5d45672
1989,1989,Lonnie Gordon,It's Not Over (Let No Man Put Asunder),0cf9f584-fd01-3efd-a3a2-086500096348
1989,1989-03-21,LOOK OUT,黒く塗られたYesterday,bfd5d8ab-a8a2-4aa3-9f6d-ea5dd187ac53
1989,1989,Looney Tunes,Just As Long As I Got You,fe6ea2ca-279a-4409-8338-fe8d984fcf51
1989,1989,Loop,Arc-Lite,dfbf1c69-0320-3b0d-ad1a-232dff73f523
1989,1989,Lord Finesse & DJ Mike Smooth,"Baby, You Nasty",425fa002-8e21-330a-948e-03d9e3277f94
1989,1989,Lorraine Ellison,Stay With Me,ebd7ca74-111a-40ee-b489-8ce2d1a0035c
1989,1989,Los Dos Gilbertos / Rubén Vela y su Conjunto,Esperandote / No me olvidaras,36162fbd-7551-4a22-991f-6b618db4b7ef
1989,1989,Los Enemigos,Boquerón,25db534d-060e-4dd0-8c30-12518465614e
1989,1989,Los Ermitaños,Los padrinos / Ayer salí de la cárcel,f1066b57-114d-478e-9e22-2e87dc875150
1989,1989,Los Escalera,Che-Araña / Siempre reñimos,76c282dd-1c39-498a-b59b-45eed4bf3f38
1989,1989,Los Explosivos de Colombia,Como tu mujer / Tu sueño,57c7c5ce-9e3c-4454-b2fd-121ed6c33adb
1989,1989,Los Jacopablos,Moottorihotellissa / Paljon meteliä tyhjästä,91c69abb-de84-4d33-8ede-a5440ba13633
1989,1989,Los Jilgueros del Arroyo,Amor con amor se paga / Corrido de Antonio Trujillo,d81b72f3-24a3-4e24-8164-8defd204a02e
1989,1989,Los Kadys,La negra Tomasa / Ni una palabra más,bf3e847c-7592-40c2-bd97-ef894c1e68ce
1989,1989,Los Marañones,Boie Bagat Wo,a0f46ff5-b06e-4a05-a270-6d649a445f33
1989,1989,Los Medinas,Destino cruel / Flor morena,7ff64780-877f-485b-b545-2599ad902856
1989,1989,Los Rieleros del Norte de Polo Urias,Prisionero sin delito / La golosa,96a85621-a3e8-4483-9bd3-c4bfefae9279
1989,1989,Los Super Jets,Seca tus lagrimitas / Carita de niña,c310dda9-7f3f-496c-8418-e017efb36302
1989,1989-10-28,Lou Gramm,Just Between You and Me,63939f9f-10e8-4dd4-8b60-87dbca94aeaa
1989,1989,Lou Reed,Dirty Blvd.,a4c20347-42f5-450a-bfb0-b70f691e7891
1989,1989,Lou Reed,Romeo Had Juliette,8f39df79-3740-4840-a090-af77e87d3dac
1989,1989,Lou Reed,Walk on the Wild Side / Satellite of Love,f9d2b60b-d084-433c-a8be-ae4bbc47a189
1989,1989-08-10,Loudness,You Shook Me,fdbc6443-1474-4ee3-ac7e-f39f5bf4077f
1989,1989,Louie Louie,Cathy's Clown,a71fa418-3213-4894-99d4-4b773c8a8558
1989,1989,Louie Louie,Only Time Will Tell,4eb93817-3e60-4b34-b57d-effe477f41f8
1989,1989,Louie Vega,Louie Vega (Te Quiero),e2a022fb-979b-4310-bee1-a7282b3c5610
1989,1989,Louis Van Vlaanderen,Mallorca,33fde60b-d38a-488b-ab2e-22f9ccb1b0c6
1989,1989,Louise Féron,Ni avec toi ni sans toi,01d988d4-be6c-4c1a-a9b0-b573bb905ee5
1989,1989,Lova Moor,J'm'en balance,79d145ac-6842-47d7-b287-18d4a39a74c9
1989,1989,Love,Welsh Girl,0eba7ab5-f703-418e-9832-cf63d9636a5c
1989,1989,Love and Money,Jocelyn Square,67487d54-8bf7-46ea-b13f-a13472d85e41
1989,1989,Love and Rockets,Motorcycle,7797bdf4-2e5e-4f23-b067-a0d5c9c75953
1989,1989,Love and Rockets,No Big Deal,98941303-991c-4b8c-97af-ab7c6386c41c
1989,1989,Love and Rockets,So Alive,7cc89289-ceec-3f3e-bfc9-8b6e7889a943
1989,1989-10-01,Love Battery,Between the Eyes / Easter,913a696c-d9df-4d70-9277-fbd2e1e38278
1989,1989,Love Kills,I Want to Become,c4043917-6518-4905-8984-ab0672fb2581
1989,1989,Love Like Blood,Sinister Dawn,6dd43924-fdb0-3642-b565-6e572b2fc020
1989,1989,Low Profile,Pay Ya Dues,7d580d30-47c7-3565-a1aa-4df40493c5a1
1989,1989,Lo’Jo Triban,Siempre,41b7e15c-2a82-495f-8b10-a7762bd521bf
1989,1989,Lucinda Williams,The Night’s Too Long / Price to Pay,6147fb84-20cc-3d58-80fa-1826e0dc45f9
1989,1989-08-09,LUNA SEA,LUNACY (Demo Cassette),74cb8934-0d21-41e0-854c-f5275d27acb4
1989,1989-11-25,LUNA SEA,SHADE,fd174c76-43e8-42ad-ab21-b09eab22643f
1989,1989,Lutgart Simoens m.m.v. Vader Abraham,Mensen zijn er voor mensen / Liedje voor de luisteraar,3155c3bc-2151-412b-bb3d-53e4f2b2bf3d
1989,1989,Luther Vandross,For You to Love,29dc3f37-7e6d-4525-981b-b2f0cdb3ec02
1989,1989,Luther Vandross,Here and Now,c94ab411-8c37-4ef9-911a-d77dfa351bee
1989,1989,Luv’,4 gouden hits,6c2a0b3d-e4b1-401a-b101-c9b50df99ec9
1989,1989,Luv’,Welcome to My Party,ee96c4cd-cf05-330f-ac06-6f6d97170f9d
1989,1989,Lyane Leigh,My Heart Is on Fire,04a54e0c-22fd-4ba6-b693-84e67f571391
1989,1989,Lätty-Kettu & Tehosekoittajat,Letkautus,db2bf5d1-1612-4ad3-9a7a-8c7f026f73fe
1989,1989,Lȧȧz Rockit,Leatherface,85201123-d83b-42c9-8736-a0499b15d019
1989,1989,M,Pop Muzik,51201263-64e3-4e54-984a-5e0963552bf8
1989,1989,M-D-Emm Featuring Nasih,Get Hip to This (Shy Boys Remixes),1508ebc8-60d9-40fc-b07c-9496f060b3f0
1989,1989,M.C. Doc Chill & D.J. Rod,The Pain Is on the Children,1bddf63f-1f38-4a4a-b111-2d45fc2e787c
1989,1989,M.C. Gary & D.J. Barry and The Aggregation,The Cubbies Are Rockin’,c9410d9e-9459-42a1-9ce0-2dee39a0120d
1989,1989,M.C. Sar & The Real McCoy,Pump Up The Jam - Rap,ed766fca-2a70-4e71-bb65-1b35860ac263
1989,1989,Maarit & Sorvalin Upin bändi,Uuden ajan liitto,cf0cda61-0e32-4b2f-9935-f54e4e030c99
1989,1989,Maastrichts Salon Orkest O.L.V. André Rieu,Hieringe Biete (Live),a157db23-fdef-4b3d-a3a7-d39e3c7cf133
1989,1989,Machinations,Cars & Planes,c59b55a4-3216-482e-9885-7af7e3f005ff
1989,1989-05-01,Mad Daddys,Alligator Wine / Take Me Back to Woodstock,486b5e80-3369-4c95-924f-16a9522ae685
1989,1989,Madame X,Infatuation,1264e77d-1eb5-4502-82ad-e62189aa0cca
1989,1989-09-04,Madonna,Cherish,7815f9eb-566a-3189-8d1e-ccaa018453ec
1989,1989-12-04,Madonna,Dear Jessie,c8c9d576-86e2-4a13-b88f-c7690ccb1c86
1989,1989-05-09,Madonna,Express Yourself,3edd9444-9bad-4aa6-b8e8-bbeba4b35b61
1989,1989,Madonna,Holiday / Everybody,a0d0cb1e-0f3a-4992-b311-ac5b2febc1a8
1989,1989,Madonna,Into the Groove / Dress You Up,9bd35831-1c4c-4b1e-add1-b72b99fd57a2
1989,1989-03-03,Madonna,Like a Prayer,ea3a395f-5e10-3332-bba1-e0694a638212
1989,1989-10-24,Madonna,Oh Father,88f09c45-ff8d-4299-b557-3a9ea6f934e5
1989,1989,Madonna & Otto von Wernherr,On the Street,b077b4fd-0fd5-44b4-aaf6-d4ae3ab0a366
1989,1989,Madonna & Otto von Wernherr,Time to Dance,dba24c6b-ca55-4e18-a6ba-b5698ec57476
1989,1989,Madrid Groove,Arsa,8669b460-b38f-4144-8bbc-e1e0f0d7370e
1989,1989,Maestro Fresh‐Wes,Drop the Needle,f89d5b8c-7dfb-4b67-aaac-a9718dd93a97
1989,1989,Maestro Fresh‐Wes,Let Your Backbone Slide,31749c05-4ab0-46a0-857b-7a5472f1eae7
1989,1989,Magnus Lindberg,Chans,a9cfbc4e-2b96-47bd-a715-3931d53327fa
1989,1989,Magnus Uggla,Jag Mår Illa,ec5492f8-81bf-4ce8-92ad-910ef359780c
1989,1989,Main Source,Think / Atom,04efaf5b-79b0-3911-a631-b0a27a5c653e
1989,1989,Major Problem,Give Me A Show,4c51cf8e-b657-45d9-8be4-43ca9cba7326
1989,1989,Major Problem,I Still Have A Dream,86ad42ed-33df-4b67-93b0-f727533eb32b
1989,1989,Malcolm McLaren and the Bootzilla Orchestra,House of the Blue Danube,9188056e-8ab3-4367-95e6-da3ab8062532
1989,1989,Malcolm McLaren and the Bootzilla Orchestra,House of the Blue Danube,9587d43d-4810-3b86-9b1e-5cd33caa784e
1989,1989,Malcolm McLaren and the Bootzilla Orchestra,Waltz Darling,0b761796-90c8-3885-b573-52b1e4e69f5d
1989,1989-11-13,Man in the Wood,Rain,85d4d886-8f19-45b0-b0c8-559d28743114
1989,1989,Man Machine feat. Zen,Denkimi-Shakuhachi,fa9a1de3-3f3d-3ac7-9e1c-e2718755dda7
1989,1989,Mandy,Don't You Want Me Baby,2eaae054-321c-479b-85db-3b2360b9f6bc
1989,1989,Mandy,Victim of Pleasure,1ab05f3a-34bd-4130-b941-09d47534f7e8
1989,1989,Mandy Winter,He's a Man,4a604531-411f-49c1-a599-943d6f8e6a32
1989,1989,Mandy Winter,Light Come and Light Go,9fd34960-4be6-4887-9e61-c1d24c210f07
1989,1989,Mandy Winter,The Age of Romace,bc4d6f64-b5ee-4e72-b46d-f20c6c864102
1989,1989,Mandy Winter,Welcome to Heaven,e922bbef-8b3a-4249-a5fd-7c689ca8d33f
1989,1989,Mango Groove,Dance Some More,43f16015-816a-4c3a-9db4-05cbcfaee03b
1989,1989,Mango Groove,Hellfire,5f6ac601-5cb2-46ba-b3c5-58960bbde467
1989,1989,Manke Nelis,Ze kunnen kletsen wat ze willen / Overal cactussen,2959b3e9-c727-462a-ac0a-ae55945defd9
1989,1989,Manke Nelis & Zijn Trio,Het mooiste kerstfeest,28981b3e-1538-4245-a0c8-5c6f0a1ac5ff
1989,1989,Manke Nelis en De Belbeats,Kleine jodeljongen,ec4d7208-8b21-442b-94c5-b70dd2021025
1989,1989,Mano Negra,King Kong Five,88e8251b-fcc0-40e7-bc9f-afeb3d53c9da
1989,1989,Mantronix,Got to Have Your Love,79c8ff8d-0457-3171-aac5-386bb4db6de2
1989,1989,Marc & Dave,Handen omhoog voor Oranje / Handen omhoog olé,f8d202c8-c2cf-4cb2-bb20-8331ee9a8bc3
1989,1989,Marc & Dave,Wat moet ik met de dag / World Without Love,bec74005-16dc-4742-bf15-c64ce9a6ecff
1989,1989,Marc & Dave,Wie wil d'r nog een pizza? / Copacabana bij nacht,e5d60f2e-181e-461a-b6ae-7bd17ecc2a9d
1989,1989,Marc Almond,Only the Moment,8f687fc5-899e-4dd1-ad44-d00adc85b15b
1989,1989,Marc Almond featuring special guest star Gene Pitney,Something’s Gotten Hold of My Heart,40e2fd0c-4d36-45ba-95e3-01e213fc365d
1989,1989,Marc Lavoine,Ami,002bdc6f-6dd4-4627-a945-b4ff42978323
1989,1989,Marc Lavoine,C’est la vie,80286587-fa99-4a9b-85e4-11c0168eece5
1989,1989,Marc Morlock,Let Me,fbcbf0fd-a27e-4009-b17e-b0656023a4d5
1989,1989,Marc Seberg,"Quelque chose, noir",50c06201-4bcf-4d99-88ba-8be310bf6e1a
1989,1989,Marco Antonio Vázquez,Te vas ahorita mismo / Mi Dios no la castigues,16f33edb-1eec-417d-b247-cf488b74f958
1989,1989,Margaret Singana,We Are Growing,ccb7807b-78db-4b4d-ba31-76e1d8b5188d
1989,1989,Maria,Kiss the World,42a5eddd-8db3-4144-ad1f-9018bb944b74
1989,1989,Maria McKee,Breathe,17c11e68-02ea-4538-b1c2-7daae91017e9
1989,1989,Marianne Rosenberg,I Need Your Love Tonight,c213d568-f634-41c8-91f4-a78c91a48e2b
1989,1989,Marianne Rosenberg,Ich denk an dich,29051ecd-6c29-4b50-acb9-1990bada9911
1989,1989,Marianne Rosenberg,Ich denk an dich (Roseclub Remix),584848d8-c2d1-4f23-a756-f401d4eec68a
1989,1989,Marie Denise Pelletier,L’Âme sœur,9775ed94-8610-403a-96d7-312fb5d8ebd5
1989,1989,Marie Denise Pelletier,À dix‐sept ans,db9137ca-7989-4877-9c48-6fafdf0cfee0
1989,1989-02-22,Marie Fredriksson,Sparvöga,1c06fd67-3edd-3881-9ef8-e7eb6e07dbea
1989,1989,Marie-Paule Belle,L’Heure d’été,d5a4aa21-5f97-4e7c-a81c-c0b87ec1f9ca
1989,1989-08-24,Marillion,Hooks in You,6cd178d8-22b8-39d3-b963-65b7550b2ce2
1989,1989-11-27,Marillion,Uninvited Guest,a05622d6-6152-3f92-8e77-760a93dd7105
1989,1989,Marilyn Monroe,I Wanna Be Loved by You,8189ce21-61d2-4282-98d7-69a6b1650447
1989,1989,Mario de Zingende Cowboy,Lenie / Rijden cowboy,b2b4f9a5-be4e-4808-b002-0cb30d1b0853
1989,1989-11-10,Marius Müller‐Westernhagen,Weil ich Dich liebe,8ad38d95-9d86-441e-a321-d8f6f4eb470c
1989,1989,Mark Boyce,Hey Little Girl,894b82b1-246e-4615-91b9-adf31d25f5c2
1989,1989,Mark Germino,Caught in the act of being ourselves,d9a2110d-4c70-4e49-96d7-8809d266d795
1989,1989,Mark Williams,Home And Away,98d7851c-1460-4960-8a5f-6c2403c2566f
1989,1989,Marley Marl,The Symphony,6a762959-abb5-4f66-8913-62e7e26dc50c
1989,1989,Marquis de Sade,Conrad Veidt,e82a9966-9961-496f-9daf-659c57c036e4
1989,1989-06,Martha's Vineyard,Old Beach Road,8dea3b52-f027-397d-a8d0-2f82a8ed58db
1989,1989,Martika,I Feel the Earth Move,f250372d-f5ae-3113-9855-48479c2d1bbc
1989,1989,Martin Eden,Jezebel,7e947e65-db87-4a1f-bda1-64983be488d9
1989,1989,Martin Gas,Rosalyn,8d755b1b-87e6-4037-ae4a-8dcc7f015d1a
1989,1989,Martin Javůrek,Kamufláž (Camouflage) / Když léto přijíždí,f4c5754a-1901-444e-b500-f882ca32fc19
1989,1989-03-23,Martin Strayd,Just a Cut,4bf65c74-c131-4985-bdca-1a9fc732079c
1989,1989,Mary Duff,Goin' Gone,3b6968a3-7e9d-4608-aae8-1f1df93bd4fd
1989,1989,Mascara,Bi Mole,8bcc7b84-7048-4b83-83c8-ea6e18a9911c
1989,1989,Mascara,Small Boy,c7e8bb96-9eb9-4514-8cae-2e86cba427c9
1989,1989,Master Program,Central Europe,b7a7a61d-48fa-490d-917f-b317a381c347
1989,1989,Masters of Reality,The Blue Garden,978f39fa-7b51-4e08-9fc0-a59d781fc040
1989,1989,Masters of Reality,The Candy Song,515483d5-7f16-30f8-b520-b3012458d7f5
1989,1989-09-21,MATAHARI,SPY GAME,a0988f02-06bb-4b87-929b-97e668ef1a01
1989,1989,Material,Equation / Ineffect,44a2433b-bf49-41f6-bcb9-de41c1642a94
1989,1989,Matt's Phantasy Club,Big T,a0c11a40-9ec7-4fce-8702-c23982b5ab46
1989,1989,Matthew Sweet,Easy,130a9aa9-3cc0-4b3b-942d-23b9ff5016b9
1989,1989,Matthew Sweet,Vertigo,59219b2c-efe3-4ddd-b242-7a68e2db2687
1989,1989,Matthew Sweet,When I Feel Again,b6b76bf8-9c1e-435c-9a2a-7db8e7a968f6
1989,1989,"Maurice Ravel ; Bernard Kruysen, Frans Vester, Vera Beths, Anner Bylsma & Gérard van Blerk",Ravel Kammermusik,3ca0bf8c-1782-44b8-a132-7b5abe1e0e59
1989,1989,Mavis Staples,20th Century Express,81ab3098-be65-484b-8e68-fb9dc3b2aa82
1989,1989,Mavis Staples,Christmas Vacation,40fe944e-8607-4176-8ce1-ceb68bb25803
1989,1989,Max Coveri & Roby Gabrielli,Love Will Keep Us Higher,bc4d5089-7911-4eaf-90e9-4c7b19bb9150
1989,1989,Max Müller,Wir steh'n hier jeden Tag,efbf7094-a73f-3f41-a767-42150f213fe9
1989,1989,Max Q,Way of the World,6a6dd63a-4149-3b55-ada9-35c026f5ec3a
1989,1989,Max Teawhistle,Amsterdam lacht,98430876-398a-48b2-9353-f23ed5a07545
1989,1989,Max Teawhistle,Een gipsie,34c0723b-3b84-4a34-ac4b-7a008abecd2f
1989,1989,Maxime Le Forestier,Bataclan 89 : San Francisco,dc60c47d-6135-4bf0-94e2-e15c4130e034
1989,1989,MB,Genocide of the Menses,832a2e94-4eec-49d7-9993-208bed94f907
1989,1989,MC 900 Ft Jesus with DJ Zero,I'm Going Straight to Heaven,fc85890a-7ca1-3e47-b0b0-78b775e79d9a
1989,1989,MC 900 Ft Jesus with DJ Zero,Truth Is Out of Style,5d94ebdc-0bb2-3d8d-9095-e0d295893bca
1989,1989,MC Duke,I'm Riffin' (English Rasta),888cd00d-5d3d-3cfb-be45-65b54f3cd517
1989,1989,MC Einar,Hva' Fanden Er Det For En Tid At Komme På?,f7f5116d-5436-4fd3-9632-fab52fc0ab56
1989,1989,MC Einar,Kniber!,58aa0b61-be90-483a-bc4a-821ce05eb5cf
1989,1989,MC Luscious,I Got Your Boyfriend,4e025eae-50c0-42e7-a078-751c21c91e29
1989,1989,MC Lyte,Cha Cha Cha,e7ea0618-edcc-4492-951d-ea953343bbd9
1989,1989-01,Mc Miker G & DJ Sven Starring Mc Miker G,Nights Over New York,bff2bae0-4e25-41fe-b723-713bce064b82
1989,1989,MC Miker ”G”,Show’m the Bass,ad5bdf86-f74f-4180-a1ff-ec8afa406844
1989,1989,MC Sugar Ray & Stranger D,Knock 'em Out Sugar Ray,7e789e4b-8ed0-42f5-84d6-f4880259020a
1989,1989,MC's of Rap,We Can Do This / Come & Get It,7ef2c6df-6f25-4410-a012-d2ed0cf94220
1989,1989,McCarthy,Keep An Open Mind Or Else,d3ac9bf4-b884-465b-af3b-5bb752244fce
1989,1989,Meat Beat Manifesto,Dog Star Man,811be34f-b87a-3887-8528-a0d1e8d80433
1989,1989-02-20,Mecano,Figlio della luna,7dd462a4-f893-44dd-95de-ac8f81d2d8ec
1989,1989-04-03,Mecano,La fuerza del destino,c8aa638e-0472-4b64-8ae7-7885c9c3442e
1989,1989-10,Mega City Four,Awkward Kid / Cradle,4ab2e30b-406a-46f8-ab03-58c02c15da49
1989,1989,Megadeth,No More Mr. Nice Guy,0d9b4010-be3f-45d3-b4ca-c31dd6ebf92f
1989,1989,Meindert Wulff,Een leven lang,55c78f5a-c2b5-4aff-9d70-6d7f5b9cbc6a
1989,1989,Meko,Pictures,7a6eaf9e-bce0-43a7-b95f-5537538a5513
1989,1989,Mel Brooks,It’s Good to Be the King Rap,7ace3300-df76-483f-976c-3f99e275d8d1
1989,1989,Mela,Everytime You Make Me Right,e4319314-97ca-4ccd-ad5d-aa8660acf043
1989,1989,Mela,Help Me,f2e39e80-2c86-4a62-8afa-efc9dd129e43
1989,1989,Melba Montgomery,I’ll Go Somewhere (and Cry Myself to Sleep),2d2fb5f2-e1b6-42cf-b70b-ee928e1c1fea
1989,1989,Melchior,"Jij, jij, jij",bdd03151-e875-4e97-8afb-d8f01e3be66e
1989,1989,Melissa Etheridge,No Souvenirs,8d22a190-6f70-459e-83d9-29d8231d9b43
1989,1989,Melissa Manchester,Walk On By,c6b4da3c-6458-44a7-b8ac-b07d0d15bd60
1989,1989,Melody,Y'a pas que les grands qui rêvent,af6b5cb5-f282-41eb-bb43-6446c498efc9
1989,1989,Melvins,"Outtakes From 1st 7"" 1986",1012c4a8-1bd5-4bd7-a7f4-5c5e7c0722f8
1989,1989,Melvins,Oven,f4f57a55-c5b1-41d0-8f57-996478311612
1989,1989-01,Melvins / Steel Pole Bath Tub,Sweet Young Thing Ain't Sweet No More / I Dreamed I Dream,685b6cf2-494a-4a8e-86ec-5aa34497df01
1989,1989,Melvyn Matthews,Six Days a Week,7fd52fef-030b-45b9-a33a-7740fb54b9ec
1989,1989,Mental as Anything,Rock and Roll Music,0ff9adaf-1368-4ffd-8ee6-6768aefcc389
1989,1989,Merle Haggard,A Better Love Next Time,d95ddba6-0a69-4ee2-92f9-3b09681f9095
1989,1989,Merle Haggard,If You Want to Be My Woman,151199ba-5997-42ca-bae5-733c4785aedc
1989,1989,Merle Haggard,Me and Crippled Soldiers,ef8ceafc-88b3-4c40-8a92-90d7f29545ff
1989,1989,Merlin,Alles nur geträumt,e9815b14-adeb-41d3-87f9-de3cb9c35920
1989,1989,Metal Church,Badlands,f20355cb-84ac-4eeb-aa7d-1db3d7739948
1989,1989,Metal Church,Fake Healer,822c7d76-9afb-48d8-9389-3043d1188019
1989,1989,Metal Pitcher,A Careful Workman Is the Best Safety Device,b192dddd-2c16-4d3a-b54a-a5addd6fcb4f
1989,1989,Metallic Traffic,Daktari,7774571d-8985-478a-95ac-692585cfcec9
1989,1989,Metallic Traffic,K.K.,cb362850-85d4-40cb-9bd8-013dfbf12960
1989,1989,Mia Martini,Almeno tu nell'universo,102f16a7-8e13-4745-a737-eaa21145801e
1989,1989,Miami Boyz,Forever Stand By Me,6de69a21-65c5-4b22-8793-fc774fe32f76
1989,1989-02-06,Miami Sound Machine,Anything For You,92d91ac6-8e5a-4a7c-aadf-88373cb4e44b
1989,1989,Mica Paris & Will Downing,Where Is the Love,b6af0770-a91b-3287-854d-541c827abe00
1989,1989,Micha Marah & Rex Gildo,'t is te gek om weer verliefd te zijn / Vom Stadtpark die Laternen,aecb59f4-07a0-45fb-9dda-e274acd2fec5
1989,1989,"Micha Marah, Danny Fabry, Marc & Dave",Wij houden van de schlager / Jij bent ’t einde,37b492d8-7cdc-4889-9f89-67357634b61b
1989,1989-01,Michael Ball,Love Changes Everything,429a19cb-a2ca-43a1-996d-f89f476bbf56
1989,1989,Michael Bolton,Georgia on My Mind,e3b4215c-cecc-3731-b490-523b2aba0899
1989,1989,Michael Bolton,How Am I Supposed to Live Without You,2a742cf9-f88d-4c85-8d9a-e8234a20036d
1989,1989,Michael Damian,Cover Of Love,d7671a6a-ba92-46c1-b926-7ef4a45dd498
1989,1989-05,Michael Damian,Rock On,faaacbd6-80cc-3f5b-b476-c329dc3cf943
1989,1989,Michael Davidson,Warehouse,60bb20b8-eb5b-4e0b-9e8a-cc6867fe4e9c
1989,1989,Michael Ellis,Special Lady (89 mix),ceaf9255-f5cf-471d-911c-eb4677480933
1989,1989,Michael Jackson,Leave Me Alone,1788a097-19dd-4c27-b573-743d80928e6d
1989,1989,Michael Jackson,Liberian Girl,48a5853c-7ad7-4ea9-9b3c-4e9fd4ccf653
1989,1989,Michael Jackson,Speed Demon,9d2bb79f-15b8-4d78-8347-3b7ee03ffab4
1989,1989,Michael Jackson,Thriller / Off the Wall,2201ded0-8c81-4095-a095-679e2523fa79
1989,1989,"Michael Kamen, Eric Clapton, Vic Flick, Steve Ferrone & Olle Romo",The James Bond Theme,457e5a60-3bf4-478e-ac0e-3a4abad18a0d
1989,1989,Michael Monroe,"Dead, Jail or Rock 'N' Roll",db06a5cd-a471-48d8-a251-2d011c572bd2
1989,1989,Michael Monroe,Man With No Eyes,63cabc01-3981-49df-adf4-83a9dbc1eb51
1989,1989,Michael Monroe,Not Fakin' It,0a824c02-3601-4613-a28a-f474672a81c2
1989,1989,Michael Penn,No Myth,b968bc58-e788-42cd-8c8b-512d96e99a3d
1989,1989-07-04,Michael Poteat & Jury,"Joana (Oh, Girl)",a9260507-23a9-4c00-a8cb-ef8938b6dc95
1989,1989,Michael Pregl,Reality Dreams,4e502682-21d7-40b3-b7de-4296348a5d67
1989,1989,Michel Delpech,Pleurer le chanteur,07b3d702-a18c-46be-b63f-d3a81c314f70
1989,1989,Michel Jonasz,La Chanson du producteur,59f73b7c-f328-46db-b6c8-428ca5b31c50
1989,1989,Michel Jonasz,Poussy / Mister Swing,40ee7418-c873-448c-83ee-e45c2350c647
1989,1989-06,Michel Polnareff,Good Bye Marylou,3a66dfa7-4e34-4c85-a131-ba7363f717c3
1989,1989,Michel Sardou,Attention les enfants… danger,f712b3f2-7ecb-47c8-a68f-a6dc73668b42
1989,1989,Michel'le,Keep Watchin',e8ba8104-03d0-42d5-b5cd-8c5a815082c1
1989,1989,Michelle,Touche Moi,29f556f7-0a82-4f88-8227-6e40f8053ac7
1989,1989,Michelle Shocked,(Don't You Mess Around With) My Little Sister,ec566bcf-fcc3-485e-b4da-612e194c638b
1989,1989,Michelle Shocked,On the Greener Side,522b39e2-140e-373e-a5e7-0b373729204b
1989,1989,Michel’le,No More Lies,e442b44e-fe68-426d-86ea-8778211da87b
1989,1989,Micky Weel,Saturday,9056fd0b-56bb-43a0-87e0-607f23cd572c
1989,1989,Midnight Fantasy,Why Cry?,68f27ead-0e60-4b72-9eff-9d082e79ebe8
1989,1989,Midnight Star,Snake in the Grass,be726eb3-10b4-42c8-a4b7-e97640ae0123
1989,1989,Mien Froger,De meid van de straat / Nooit meer bloeien de rozen,b7b87e67-c7cc-408e-b0f1-642bd78c2f2f
1989,1989,Mien Oostvogels,Amor amor amor,102d33a7-c901-4b17-8cec-3ed70a5de3ce
1989,1989,Mien Oostvogels,Napoli bij nacht,e8718b05-fe08-41c3-8555-c21e1d649339
1989,1989,Mike + the Mechanics,Nobody Knows,48499925-6daa-4a31-bf0c-a2632893d932
1989,1989,Mike + the Mechanics,Revolution,75ccdf1d-8cdb-4c2c-b0f6-eb5972501598
1989,1989-04,Mike + the Mechanics,Seeing Is Believing,a6a1fbe9-edb9-4bcc-ba36-78a1fc089b38
1989,1989,Mike Krüger,Nockermann,cbcd16db-c963-44ac-9d81-87fe2bf73f19
1989,1989,Mike Krüger,Unterhemd,9b283a5b-c0ce-407c-98d7-60e14a32c569
1989,1989,Mike Majzen,Move It Up,c5ff4f74-b914-49c1-b274-1d2e9dbb56b0
1989,1989,Mike Mareen,Right Into My Heart,93e98d32-120b-4728-b68c-530c88509f28
1989,1989,Mike Oldfield,Blue Night,749511f0-16ad-4ec6-a06d-ad0f88b2fedc
1989,1989,Mike Oldfield,Earth Moving,3c36f74a-065e-36ad-881c-e9e8355756dd
1989,1989,Mike Oldfield,Innocent,f3a2ea91-fc37-4efc-bca2-76f734bbe24a
1989,1989,Mike Oldfield,Nothing But,25bb6a71-4000-416f-bbbc-d527055ad32b
1989,1989,Mike Oldfield with Adrian Belew,One Glance Is Holy,29674ab6-89a9-30f6-b884-6c9674bf7c25
1989,1989,Miki Honeycutt,Soul Deep,bc015c50-278c-3a0b-8d5e-eeb0e666aceb
1989,1989,Milan Knížák,Broken Music (Details),fa91e772-07bb-4a1f-aeb6-22e42dab7ed5
1989,1989,Miles Davis,Jo-Jo,ec25eede-c8f3-4353-a395-6b190d6dbefe
1989,1989,Milli Vanilli,All or Nothing (The U.S. Mega mix),226cf1d0-bc31-4fd5-8ff4-172c9a88e87c
1989,1989,Milli Vanilli,Blame It on the Rain,71c8f70a-1743-393a-8fa6-5905369b45d6
1989,1989-06-01,Milli Vanilli,Girl I’m Gonna Miss You,ff6b6268-94fa-30ff-a6ea-1be1654004b5
1989,1989,Million Dollar Secret,Don’t Think Twice,ca71488a-6b95-4cd3-a52a-a5a849357297
1989,1989,Mimi Boesnach,4 sprookjes,32059af2-beff-4628-915a-c1dd4a5416ec
1989,1989-05-31,MINAKO with WILD CATS,勝手にさせて,50e71298-ea10-4080-8b73-10c0e804d74c
1989,1989,Mind Body & Soul,White Rabbit,bae308fc-7c94-4809-bff3-028e114110bf
1989,1989,Minister of Noise,One Track System,c0f0020d-6193-4ce4-a9b0-e7f20adb1bea
1989,1989,Ministry,Burning Inside,ba1ff36e-9a63-306a-a823-5d9fe7760943
1989,1989,Mireille Mathieu,Embrujo (Himno al amor) / Por tu amor,9941668d-00c4-4b35-8d50-ba04c4873067
1989,1989,Mireille Mathieu,L'Américain / De Gaulle,f10680cd-2454-404e-b50b-13aba18e2b50
1989,1989,Mireille Mathieu,La violence celle qui tue avec des mots / Des soleils bleu blanc rouge,52227ef2-c9b7-43c7-a774-128b31742eaf
1989,1989,Mireille Mathieu,My Life / Till We Meet Again,bcfa0ecc-2008-4b6c-9fb3-ebbf8b4705bc
1989,1989,Miss Nicky Trax,Hooked on You,84c317a6-aa51-3c3a-9ac2-011eb55b4579
1989,1989,Missing Link,Claim of Love,40d48a5c-bd9b-4460-ad02-585c1e7de094
1989,1989,Missing Link,Give It,a31a4bd3-79c5-43f1-8a82-d7c2a14ecca5
1989,1989,Missió,1,059c5dc5-b3c6-4de6-b71b-301483bd890d
1989,1989,Mister Mixi & Skinny Scotty,I Can Handle It,dbf1ff63-3ff3-39da-929d-1803fa7378c5
1989,1989,MK,Somebody New,f5def23b-4fd7-3bd6-a293-234d0946ca27
1989,1989,Mo & The Gangsters in Love,Don't Want To Weep,7ff74462-6710-45aa-affc-e79557e8a1db
1989,1989,Model 500,The Chase,b8a179b6-8c76-32d1-a2ef-5f67f4aafa0f
1989,1989,Modern Vending,Kendle/Sandy Duncan/Cockamamie,fb6740c4-b129-4c67-b0a1-f9bf66627e0f
1989,1989,Moev,Crucify Me,071287c3-158d-4a24-bc4f-6a0e8afcb4a6
1989,1989-09,Mono Men,Burning Bush / Rat Fink,93e9f7ee-2b73-46cf-ab84-713d38dec085
1989,1989,Montanablue,Zeb and Lulu,4a93e2f3-b644-46d7-9883-7db011643cf1
1989,1989,Mooncussers,Surf The Earth,b38fefb1-1ea8-4ef7-bc87-a10f93560841
1989,1989-07-02,Morbid Execution,Demonolatry,434f5d11-1a98-4e72-953d-abd0501ec6cb
1989,1989-06-11,Morbid Execution,Welcome to the Graveyard,59b74aa7-b3c3-45d9-99a6-2f2fe95d314c
1989,1989,Morenas,Hazme soñar,e6ee5371-1d1a-451e-9f57-97ac62d8bad7
1989,1989,Morituri,Travel in Love / Triste Faim,d8f6bec1-ed94-4560-9207-a05f6f761e24
1989,1989-04-29,Morrissey,Interesting Drug,7f8be302-1ef4-3efd-97ee-9dcfe77b6c92
1989,1989-11-13,Morrissey,"Ouija Board, Ouija Board",e94d47a9-dd2c-308f-b7c4-73631501f05a
1989,1989-02-11,Morrissey,The Last of the Famous International Playboys,659bd715-52ff-393d-9ffa-8fc494bbfeae
1989,1989,Mortal Sin,Voyage of the Disturbed,c2cf8d30-dbdf-47ed-8507-fa93e1551ad8
1989,1989,Mosaic,2 - Hypnotic EXTC,426cee33-b9c0-42ae-8f9f-4c3f25061010
1989,1989,Moses P.,Can This Be Love,47cf43b0-e15b-42e3-827d-bb16911616bb
1989,1989,Moses P.,Raining Rhymes,ad584501-7b70-46eb-8e6b-17ae752fb6bb
1989,1989,Moses Pelham,Thanx to the Dealers,690a903b-01d3-48a1-9cb1-6c9ded5c4acd
1989,1989,Moss Icon,Mahpiua Luta,b784160c-0573-40a7-b92f-e0c17cabbbf7
1989,1989,Motorband,Heavy Metal / V říši ptáků,ba4d30c2-7d87-4fd1-8cf9-40d1e3004502
1989,1989-12,Motorcycle Ride,Motorcycle Ride,6530f203-bd53-30eb-9054-bcc0b9082f06
1989,1989,Mott the Hoople,Solid Gold,df630ba2-72ec-44cf-80fa-6cbefe5f9104
1989,1989,Moulin Rouge,Baby I Miss You,ca3f4caa-20d4-4c7f-96ce-5acfdbc38a68
1989,1989,Moulin Rouge,Stranger,bdf81c15-889e-4480-a2bd-96179242d54d
1989,1989,Moulin Rouge,Words Are Something Special,a14453f6-4d98-4f92-ac86-09513a96a7eb
1989,1989,Mousefolk,Songs of Love and Hate,d2e0db61-b8a5-4c96-be6e-e3033031d3df
1989,1989,Mr. Fingers,What About This Love,2b83dd3b-597e-3e76-93ef-192d9f1cb3ad
1989,1989,Mr. K / Ubik,The Mix Max Style / Techno Prisoners,739eab0a-2f8a-4770-a337-6d44b9877e7a
1989,1989,Mr. Lee,Get Busy,57dda1cb-a22d-3854-82b2-f8aebe46ac73
1989,1989,Mud,Dynamite / Tiger Feet,e5025abb-b2d7-4418-98f3-e5ef854ee1f0
1989,1989-11-01,Mudhoney,This Gift / Baby Help Me Forget,ef12aa24-2d34-3bed-90ef-13c7bfc89020
1989,1989-05-01,Mudhoney,You Got It (Keep It Outta My Face) / Burn It Clean,cf413b74-7a6a-469a-a5ed-a1313667f5d7
1989,1989,Mudhoney / Melvins,Hate the Police / Symptom of the Universe,6b2b1345-c779-4b0f-b6f6-6aa65b548bba
1989,1989-10-21,MULTI MAX,SOME DAY,c8c109b8-3def-4bfd-9761-2b7d5032ac7e
1989,1989,Mundo Earwood,A Woman's Way,f177e0f4-7fb2-4a76-b057-f455ba3dbd4e
1989,1989,Musical Breed,Save The Little Children,f35a3465-abcc-4b9a-bfca-799d63ebe5e5
1989,1989-02,My Bloody Valentine / Pacific,"Sugar / December, With the Day",188a6d41-0c98-4723-af92-22b82e0a6e47
1989,1989,My Life With the Thrill Kill Kult,Kooler Than Jesus,a155c55a-bfe8-360c-97bd-a09f6aad2897
1989,1989-12-04,Mylène Farmer,Allan,35b52440-006a-4a5e-a4d6-f4f83831767e
1989,1989-02-20,Mylène Farmer,Sans logique,7235981c-65d2-3a48-82e2-e974235d9115
1989,1989-07-17,Mylène Farmer,À quoi je sers…,0290a76a-bd6a-46b0-b089-f45947a612a2
1989,1989,Mysterious Art,Carma (Omen II),7712ffba-be63-46c8-950e-4e196c3efc2e
1989,1989,Mysterious Art,The Omen,1b456ad5-7ffd-4312-9b23-9111ebd2f5ec
1989,1989,Mysterious Art,The Omen (Part 1),d75e3ec1-3ceb-3623-abbd-6c7234b9a7e1
1989,1989,Mystery Slang,I’m Mad at You,e9d59ec3-88ec-40e3-84d4-6dc8d2550b3e
1989,1989,Mötley Crüe,Don’t Go Away Mad (Just Go Away),1cb2c741-b626-429b-b1db-38cc516585d9
1989,1989-09-25,Mötley Crüe,Dr. Feelgood,c678a19e-2d51-49d8-89a7-5779e47fd97e
1989,1989-12-21,Mötley Crüe,Kickstart My Heart,55989ef8-bafe-4cf7-8db6-4ebf62ee1a60
1989,1989,Mötley Crüe,Same Ol’ Situation (S.O.S.),345911f2-f908-41dd-af2c-42eae13b4dd9
1989,1989,Mötley Crüe,Without You,0e0bd247-2018-4867-bbc2-c15759cb7bc7
1989,1989,Münchener Freiheit,Verlieben verlieren,e17ebae9-2514-46aa-806d-6d35c0c0d9b5
1989,1989,N.M.C. & A.D.J.,Messiah / Insane,37a000bc-5c4c-439f-b8c9-7e4544c49cc8
1989,1989-09,N.W.A,Express Yourself,85070bdf-9814-4018-9761-333612750dab
1989,1989-05-25,NADJA,PRIVATE TRIPPER / CAN IT BE MAGIC?,0c466715-cd13-42cf-8677-8af86c519030
1989,1989-10-01,NADJA,VELVET RAIN／頬に紅い恋,0d3f9ca9-2a2f-4401-bf27-048a2ee7f815
1989,1989,Nana Gemann And The African House,Hip Hop The Jungle,463dafce-e0d4-4ad0-9cc7-4e39b2cfe47a
1989,1989,Nana Mouskouri,Le Grand Secret,305fdecb-1127-40b6-b781-ee553af4db92
1989,1989,Nanci Griffith,I Don't Wanna Talk About Love,cd2d84cb-a218-44c1-853a-a743bf9e9340
1989,1989,Nanci Griffith,It's A Hard Life Wherever You Go,b047bb26-7fd5-4fba-8d90-a7253f94c344
1989,1989,Nanci Griffith,You Made This Love a Teardrop,ee54e3d1-8b49-4d96-9402-d09efd2f4f85
1989,1989,Nancy Boyd,Sooner or Later,6519fb30-10fa-4f09-8fef-6b474d58530e
1989,1989,Nancy's Vengeance,Don't Stop Me,97c708fa-21e2-4b86-ab99-a2734d61d602
1989,1989,Napalm Death / Electro Hippies,"You Suffer / Mega Armageddon Death, Part 3",ae467508-3af2-4464-9eea-a3fe6da74855
1989,1989,Nasih & M.D.Emm,Get Hip to This (Frankie Bones Manic mix),9032b9bf-43e8-454d-973f-6a77d44455ae
1989,1989,Natalie Cole,I Miss You Like Crazy,891ecb72-40e7-3680-8189-1231381fdebe
1989,1989,Natalie Cole,Rest of the Night,cc2549d7-90f6-4738-971e-e85431ab9952
1989,1989,Native,(What a) Wonderful World,383b77ff-ef13-4afc-861c-a3b551aacea2
1989,1989,Nazareth,Winner on the Night,1a993efb-1496-418c-a0f7-a19ce967c5d5
1989,1989,Nec + Ultra,Je rap',5860dc32-7f0e-4dfc-95e9-51a2a5153bcb
1989,1989-09-22,Necrophobic,Realm of Terror,a5653fe5-054a-4893-aa14-48efaffee81f
1989,1989,Ned Kelly,Sign Language,c2db096f-6f60-4a4d-a1b3-afe11c98d1db
1989,1989,Negazione,Sempre in bilico,45f808db-9855-3904-b521-2d9966d82b42
1989,1989,Negrosex,God & Evil,4bbf6e55-72f0-4fee-b08c-2ea50e8b6a23
1989,1989-10-20,Neil Young,Rockin’ in the Free World,6d1e12e8-12f1-3037-84b1-077a45029720
1989,1989,Neil Young,Someday,3c3d1a09-bf71-4704-850d-7602bc500428
1989,1989,Neljä Ruusua,Joulun tähti,fbecb26c-0acb-483d-8ac6-8a5025edf8ff
1989,1989,Nena,Wunder gescheh'n,d084d0d7-c56a-42a8-ad9a-4267979bab23
1989,1989,Neneh Cherry,Heart,fc39a754-d009-4703-9fc4-fe784226303a
1989,1989-12,Neneh Cherry,Inna City Mamma,085850c6-8f1f-4ffe-ad8e-f9f26c632dbd
1989,1989-07-31,Neneh Cherry,Kisses on the Wind,30001b3a-da72-4eed-a53f-172772823fe6
1989,1989,Neneh Cherry,Manchild,9d6b56db-a91c-317d-98d2-a8866b79bdc7
1989,1989,Neu Unrhyw Declyn Arall,Neu Unrhyw Declyn Arall,402d9491-68c1-46e8-a6f5-750cb3c2bc8c
1989,1989,Neville Morrison,Summer Magic,4436ed70-dcdd-449b-a511-52cc5825098c
1989,1989,New Busters,My Feet on Fire,5ae25797-0af3-4de8-9395-1612190db2ba
1989,1989,New Edition,Crucial,15315fd1-b998-4c70-86ad-6b1f314ee580
1989,1989,New Edition,Crucial,e0044735-508c-43d1-a0a1-eb336385606c
1989,1989,New Edition,N.E. Heart Break,1c75ca8c-918e-4ea3-9a24-f56dac855d35
1989,1989-06-26,New Fast Automatic Daffodils,Lions,e3b0ecbf-d7ae-3ec5-9b37-5672fc4764ee
1989,1989,New Kids on the Block,Cover Girl,ae9406a3-7f7c-474a-9431-6cbe62fd86f1
1989,1989-09-04,New Kids on the Block,Hangin’ Tough,c2065c4b-791c-42d2-8d60-45d7dbfd4909
1989,1989,New Kids on the Block,I'll Be Loving You (Forever),a35d785b-46d1-479b-bd30-ee878dd698fb
1989,1989-10-12,New Kids on the Block,This One's for the Children,f7c537ea-aa74-49fa-937b-28d6904dd23f
1989,1989,New Magic Orchestra,Magical'Amadeus,60daf957-ed99-44ea-97f2-30ea088502ab
1989,1989-06-04,New Model Army,Green and Grey,4568724f-955b-4d66-9177-e65f222e870d
1989,1989-01-15,New Model Army,Stupid Questions,f88335cc-43a2-38a1-a407-5162a9488a2e
1989,1989-03-05,New Model Army,Vagabonds,d3348304-fb16-43cd-8853-060f6b1762c1
1989,1989-02-27,New Order,Round & Round,d60c29a1-5c10-442b-9732-73bc5e2467ea
1989,1989-08,New Order,Run 2,70db74e6-43fd-3e4c-9651-5a07e68866c8
1989,1989,New Scene,Out of Control,4c12fd53-783d-36fb-9bdb-4d2d3081174d
1989,1989,Nick Cave & the Bad Seeds,Rye Whiskey,9667acee-c8ed-4c09-bde5-855295307e92
1989,1989,Nick Heyward,Tell Me Why,6d1fba27-94ee-416e-8d90-1a3e26fa18d8
1989,1989,Nick John,We Stand Together,bdc74116-8829-4c6c-b09e-003014bc56d1
1989,1989-04,Nicki,Vasolidor,201400e4-9d35-4908-b011-c8b2373c4fd6
1989,1989,Nico Haak,4 gouden hits,8c951a4f-abae-31b3-a066-74c6bb3ada60
1989,1989-07,Nicole,Happiness,11e278c9-d155-4d3e-8fda-0fda6eb24418
1989,1989,Nicole,Johnny (Nur noch einen Tag),6c5a2bcf-1b51-4349-a79a-49aa243ebf6c
1989,1989,Nicole,Kommst du heut' Nacht,a140a599-6287-4440-bd7a-7ae986c211a0
1989,1989,Nicole Mery,Sluit Me In Je Hart,c335a0d5-76ed-4fcd-841f-a98bafb0c4b8
1989,1989-12-11,Nightmares on Wax,Dextrous,c19bb190-fe7c-3fd7-9f3c-be035521bab4
1989,1989,Nightreaper,Heroes Die Young,413faf1b-e8b4-4578-9bb5-d5164a7859d8
1989,1989,Nights And Days,Lookin',5ffcb0af-5511-4ad5-a501-0118be8d0ffb
1989,1989,Nikki,Mucho Macho,ed9f1faf-1ed5-4dd9-81ec-3eacdd3ad68a
1989,1989,Nikki,Notice Me,b9317e01-afbb-409f-a72f-fcbf1cd4e001
1989,1989,Nina Hagen,Love Heart Attack,4290943d-d5ad-48ba-8476-6fdc59700a6c
1989,1989,Nina Hagen,"Michail, Michail (Gorbachev rap) / Hold Me",7b2335f9-034d-4028-b800-6f39b5658477
1989,1989,Nina Simone,It’s Cold Out Here,ac723aa2-0a8a-4b74-a980-e4220e6c8fcd
1989,1989-09-15,Nine Inch Nails,Down in It,6af5f6a8-9d1c-3bf3-a24c-3d0562573ae9
1989,1989-04,Nino de Angelo,Flieger,f00288ec-4dac-47d7-bcac-ef84cb323113
1989,1989-04,Nino de Angelo,If There Is One Thing That's Forever,be78a0c5-c8d5-4d55-9e04-a3548562026d
1989,1989,Nino de Angelo,Samuraj,5906b0c8-af2c-4e47-b57c-bedaa6e0c454
1989,1989,Nino de Angelo,Who's Gonna Love You Tonight,9ef65aa3-e117-4716-9177-139f09da12f4
1989,1989,Nino Ferrer et,La Marseillaise,047544df-1683-4728-b78d-693feacd6965
1989,1989,Nits,Home Before Dark,14a56d97-b8ff-3ef1-af94-46fd0d388ade
1989,1989-01-30,Nitzer Ebb,Hearts & Minds,3bd4c000-cdef-3f45-8777-6e847ee9f070
1989,1989-10-23,Nitzer Ebb,Shame,6e3a9ee8-b869-33d8-9cb0-d3e87d85d507
1989,1989,No Noize Red,If I Fall,fb59f0cf-6468-4e3c-8f91-ffedbe1f7959
1989,1989,No Remorse,Time Will Tell,385c1da7-5e03-46e1-b086-0a0da6e7f513
1989,1989,Nocera,"Summertime, Summertime ('89 Remixes)",8c40ba5b-c800-4a1e-88ce-f6c6dd047a8f
1989,1989,Noel,Change,26fec75d-a825-47e6-998d-ce03fb6fb537
1989,1989,Noice,Vi rymmer bara du och jag,4a2c86dc-3da0-4401-b2d4-3488fb78c008
1989,1989,Noir Désir,Aux sombres héros de l'amer,8ebedfd5-82a2-4c11-8c4a-781304010072
1989,1989,Noir Désir,Les Écorchés,cbcc70ac-c7b1-425e-ba37-0007c0b854ef
1989,1989,Noise Control,My Fight,cd409853-4ac5-32d7-baae-60bad7feb53e
1989,1989,Noise Unit,Deceit / Struktur,fb4c73e5-0915-3563-87f2-2a9a36afab83
1989,1989,Noitalinna Huraa!,Puujalkaiset,67d152c4-fbdd-44a3-ad63-a2e4a1e60d8e
1989,1989,Noitalinna Huraa!,Taikaturbaani,9dd947b2-e5e4-496a-8b88-402e8c778e5d
1989,1989,Nomad featuring Daddae Harvey,The Raggamuffin Number,93d30e78-bd4a-48ac-ad06-fbd2fec1d309
1989,1989,Nomber 9# Dream,Suntan,f001ab55-2319-4d06-9254-a583b0adadd9
1989,1989,Noname,Fashion,cc5c27dc-9f99-42bf-bd09-fa3c52a3039f
1989,1989,Normaal,Rechttoe rechtan,67f1295f-7bb8-3fb5-8f6f-21044630ab63
1989,1989,Norman Cook,Blame It on the Bassline,6ecba261-9c1c-47f7-8649-7f703417783a
1989,1989,North / Clybourn,O Ban 1,00f39c3e-37de-4e45-ae72-b35c50c22c38
1989,1989,Nostromo Dept,Evolution,f396e5f2-9ea8-3161-b81c-fa082ad8eadb
1989,1989,Novo Band,Take It to the Street,98e6fca2-d1a5-488e-9ca9-a77e74b70294
1989,1989,Nuclear Valdez,Summer,cfc24b3b-8942-42c9-a006-38c9ba7797b9
1989,1989,Objetivo Birmania,Los amigos de mis amigas son mis amigos,9983f2ce-e61f-4941-9327-ab5db7bac806
1989,1989,Oh Well,Oh Well,f14dbf45-f10a-46fe-b7de-c8cf1ff604c6
1989,1989,Ohi Ho Bang Bang,The Three,28f75bbb-47b7-3f0f-80bb-1814ada1400b
1989,1989,Oingo Boingo,Flesh and Blood,878e92d0-3eb4-3d1f-a0d6-05e6301ce81f
1989,1989,Okay,"The Wild, Wild Western, Vol. 1",95d0056f-bb12-4811-8e89-3aee1278aab0
1989,1989,Okay,"The Wild, Wild Western, Vol. 2",222ffcd7-8ec3-4dd8-be9d-98bfe344eaa7
1989,1989,Olivia Newton‐John,Reach Out for Me,34c427e1-8c74-448d-ac9a-ea2e9f692e88
1989,1989,Olympic / Žentour,Ať / Promilujem celou noc,0dc54dce-47c9-4e96-86d0-a31e1a6174ca
1989,1989,Olé Olé,Búscala,d59bc542-d291-47aa-8040-9ee0697bf8fe
1989,1989,Omar Santana with The Brooklyn Bandits,Do What You Want / Acid 1990,6044771a-29e0-4eab-a072-ed803a3c0a8e
1989,1989,On the Rocks,Are We on Air,1ccd8048-1a55-40ae-a8a6-377d324ff310
1989,1989,One,I’ll Wait,1a3ca2d2-4417-4de6-a139-d03876bfbbc7
1989,1989-12,One 2 Many,Nearly There,85eb2684-8925-4bcc-8899-afd02655f70d
1989,1989,One Style MDV,Jump for Joy / His Majesty,dc8aeaea-1ab0-4485-a2b9-2fb39d4740c7
1989,1989,Onslaught,Let There Be Rock,28d5d1b0-1e09-309f-9cca-b1641a5965ab
1989,1989,Onslaught,Speak!,06c89bf4-669c-46dc-b1d9-6efba328924a
1989,1989-12,Orbital,Chime,9081de4c-0e86-3236-ba54-ec4270b3aa57
1989,1989,Orchester Der Wiener Staatsoper Dirigent: Josef Drexler / The Piccadilly Six + One,Ouverture Zu Orpheus In Der Unterwelt / Bugle Boy March,11876109-1b72-4bf9-955f-cb22860fb351
1989,1989,Orchestral Manoeuvres in the Dark,Enola Gay / Electricity,0cf26b52-b0aa-4cf1-ab60-88831dda5082
1989,1989,Organum,Drome,10771195-32e8-475d-8aa1-4360605c8fe9
1989,1989,Organum,Meister Nix,627248f1-c793-4476-ab91-69203f693731
1989,1989-08,Orig. Nockalm Quintett,Spiel nie mit dem Feuer,d1864a47-40b9-4405-a31c-b3ed4aa3d0a7
1989,1989,Original Naabtal Duo,"Schutzengel, bleib bei mir",38d99892-eaf6-4d29-a2cd-7d92dabcbbca
1989,1989,Orup,Då står pojkarna på rad,3bbdb1ca-4d15-4006-9b13-4564fbd8bb02
1989,1989,Orup,Regn hos mej,be5ac7f6-0377-4d05-a25c-aa1f744da8d3
1989,1989,Os Resentidos,Galicia sitio distinto (2ª parte),a6cd603e-3b51-3f3d-b69d-51d5d3d56b0d
1989,1989,Oscar Benton,Chansons de Blues / Are You Ready?,a5e6674e-f796-4e20-a859-acf48589fded
1989,1989,Ostbahn Kurti & Die Chefpartie,A Schritt vire (zwa Schritt zruck),05f730c9-77a4-44f6-a3d9-3c0a5eb59066
1989,1989,Ostbahn Kurti & Die Chefpartie,Da Joker,dad1fd0c-843c-4230-82d3-c359191f4cb4
1989,1989,Ostbahn Kurti & Die Chefpartie,"Schee, schee, schee",876345b8-f17d-45c6-bc80-888a5f9e751d
1989,1989,Otis Day & the Knights,Something Dumb,2b7353f7-176b-3955-8fe1-53607259311b
1989,1989,Out of the Ordinary,Play It Again,7d4f14d1-9980-41cd-9bfe-f34e920d6d6a
1989,1989,Owen Blundell,Can’t Stop Playing Those Sad Songs,a515d7c4-f597-4987-a105-c69fd810b75d
1989,1989-05-02,Oysterband,New York Girls,e17ea007-c7ac-49f6-80f7-ea8e441ce01d
1989,1989,P.J. Proby,Sign of the Times,9d773396-d0fd-4b4c-b295-2d2988127c41
1989,1989,P.M. Dawn,Ode to a Forgetful Mind,d4b82cc0-c02f-4d10-a9f2-c3da83209416
1989,1989,Pacifique,Quand tu serres mon corps,046b0d6e-4999-4cc7-8e7e-1f16e4859685
1989,1989,Paco Ortega e Isabel Montero,Solamente tu boca,19147a96-9a42-414e-89a9-ae95562ce991
1989,1989,Palo Santo,No pido revancha / Noches felices,0e792234-b853-4fb1-ab65-fe4224ee6624
1989,1989,Panama Club,Mallorca,4625a6ae-1a76-4087-a89d-978f01709241
1989,1989,Pandora’s Box,It's All Coming Back to Me Now,7ab6ff05-b117-4758-914c-4264d2ebadcd
1989,1989,Pankow,Kunst und Wahnsinn,9570e875-adc2-3909-a672-d39831eeea6e
1989,1989,Paolo Cilione andMan 2 Man featuring Man Parrish,Male Stripper (Out Of The Ordinary Techno Mix),e3184cce-937d-4b84-b755-c2bd2af60562
1989,1989,Papa Bue's Viking Jazzband,White Christmas / Rejsecentrets pris,93deaef3-661f-4f98-8da6-798b8860c1e8
1989,1989,Paper Tyger,Girl / Arabian Nights,51b0e025-9b5c-4d54-b539-34902b6e3b09
1989,1989,Paris,Break The Grip Of Shame,4e892d48-739d-4e2d-8fe8-7624c5780956
1989,1989,Park Cafe,Monsieur,1d548e83-2905-4fdd-a375-8b7ff8d6cd62
1989,1989,Parker,Black Dog,2b343153-e0a1-46c6-8cca-fbb7bf31e6a2
1989,1989,Parkinsons,Betjänten,0a1b70b9-da64-4644-a5ea-5f262bd4065d
1989,1989,Partenaire Particulier,L'Amour à trois,8eb89c63-56e4-4ac5-9354-112c554f25b0
1989,1989,Partners in Kryme,Turtle Power,b95a28a3-7434-38ee-9724-e3c3cf18f814
1989,1989-03-21,PASSENGERS,午前1時のベルが鳴る,fac8a7a4-dd4d-4af2-83a8-7ba30cf31b21
1989,1989-08-21,PASSENGERS,気が遠くなるまで抱きしめて,0921c046-d1ae-4629-94aa-ad073d567b4d
1989,1989,Passion Fodder,Blood Thicker Than Love,c7673a98-c754-4b55-b894-afe145bc5fab
1989,1989,Pat & Mick,I Haven't Stopped Dancing Yet,c743ddc1-9d4f-41b0-a510-2d4d11a3f2a7
1989,1989,Pat & Mick,I Haven’t Stopped Dancing Yet,0985cce4-d35d-4421-94d6-3182e59e35b0
1989,1989,Patricia Kaas,Elle voulait jouer cabaret,3d6f618d-59d6-49b1-a7e8-421baa07816c
1989,1989,Patricia Kaas,Quand Jimmy dit,d1756e87-251b-43b4-9a7e-80445dd5c787
1989,1989,Patrick Bruel,Alors regarde,62a576f6-91ff-42e9-9cf7-068f301529be
1989,1989,Patrick Bruel,Casser la voix,31ec88fa-de5b-42b3-874a-828b92ff5d97
1989,1989,Patrick Bruel,J'te l'dis quand même,575c4f36-b41b-4b80-a130-01575c7fcffc
1989,1989,Patrik Heischrek,Du Weißt Nicht Was Du Hast - Bis Sie Weg Ist,bbafdcb0-90bf-4680-98cf-469142fc8499
1989,1989,Patrizius,Aber dich gibt’s nur einmal für mich,bd50fba8-6c84-47c7-95c2-61c272dc0ac3
1989,1989,Patti LaBelle,If You Asked Me To,bf06bfc0-631d-4f1f-a2fb-05dbe02b0173
1989,1989,Patti LaBelle,Yo Mister,0e641188-7500-4122-908f-a3a70b8f8565
1989,1989,Patti LaBelle,Yo Mister,ebb5b0a6-1942-40ab-a22e-5d889839406b
1989,1989,Paul Carrack,Battlefield,24f49af4-525c-471e-8bb4-f3f56e91bfbd
1989,1989,Paul Carrack,I Live by the Groove,306f3b31-ead3-4e67-8da5-5f70c29df18f
1989,1989,Paul Chain,Mirror,46ae0bbd-601d-4c0a-a9cd-69450780daae
1989,1989,Paul Haig,Something Good,1c418aff-39f2-47ae-bd8e-e5c442f8138f
1989,1989-05,Paul Hardcastle,Sound Syndicate: Are You Ready...,fd34d70e-2af3-4a6d-9df0-0fadeba9b0a0
1989,1989,Paul Johnson,Masquerade,be47299d-9836-4b93-8f74-1a92405f095d
1989,1989,Paul Johnson,No More Tomorrows,10c9398d-c719-4fd9-be6a-54f1a358a0ce
1989,1989,Paul Lekakis,You Blow Me Away,14ebd3f5-8b8e-4c22-927e-a6cfb10a639d
1989,1989-11-25,Paul McCartney,Figure of Eight,6c0af8a7-25de-412d-980b-4c2cf8a927e0
1989,1989-11-13,Paul McCartney,Figure of Eight / Ou est le soleil?,fd0dbe25-c24c-4473-b69e-3d66ab92c267
1989,1989,Paul McCartney,My Brave Face,c581cdfc-4f42-338f-9d0f-43c529ec8c09
1989,1989,Paul McCartney,Ou est le soleil?,b40d8306-3728-4c0d-8c71-0e7d33945ac1
1989,1989-11-23,Paul McCartney,Party Party,384132de-cfc0-3705-945b-50fc14d786d6
1989,1989,Paul McCartney,This One,5962969b-da29-4992-85b7-e2d1c5b5726a
1989,1989,Paul Rein,Burn Me,45f5d6e7-a97b-4a1b-991d-2d3fecf9510d
1989,1989,Paul Roelandt,Weet Je Nog,3f6b13e6-ee8a-43cd-a029-a34f54e373b2
1989,1989,Paul Rutherford,I Want Your Love,5a7100ab-54c5-44fa-9ff2-726cf953a479
1989,1989,Paul Rutherford,Oh World,fc9d359c-bca1-4d71-a48c-e64246042d72
1989,1989,Paul Severs,La nuit bleue / Hey deejay,805ded46-827a-48d3-9cec-30be418cc953
1989,1989,Paul Severs,Loop niet voorbij / Op rode rozen vallen tranen,f53becab-4dee-4490-afdf-1c0b15055dba
1989,1989,Paul Severs,"Maar toen kwam jij / Wat nu, my love",6d6de68f-754b-4d75-9bad-c661d02f1088
1989,1989,Paula Abdul,Cold Hearted,ed0c6f9e-0a28-3763-bc8d-39d950e3c4cd
1989,1989,Paula Abdul,Knocked Out (The Shep Pettibone Remixes),e1724dd3-fa9f-4cf9-a8fb-6b223ec797f4
1989,1989-10-28,Paula Abdul,Opposites Attract,a31844f9-1f06-3e51-a1b3-37e3c223ae08
1989,1989,Paula Evans,Ciao,4d21003d-f37e-4eb9-97b2-e1ea1f54d343
1989,1989,Pauline Ester,Il fait chaud,8b125e50-afc8-48cc-9ef7-3950dfd3bc62
1989,1989,Pauline Ester,Une fenêtre ouverte,0f13c003-62bd-461e-8c37-9a554d2b2a7e
1989,1989,Paulo Gonzo,Can't Be With You Tonight,18673fd1-cf38-41aa-be0c-82b56d29b627
1989,1989,Pedro Vassiliu,Les grillons,6d9deab2-6bca-4e06-a9ad-bb3ab84003f4
1989,1989,Peer Günt,Wake Me Up / Go Home and Eat Your Fish,45a30c86-8729-41d0-a844-b674c2ce93ff
1989,1989,Pere Ubu,Breath,0cca1223-caff-4fa7-9ee1-0073ad74a9cd
1989,1989,Pere Ubu,"Love, Love, Love",bda4819d-41ca-3bee-a470-b455f87d2498
1989,1989,Pere Ubu,Waiting for Mary (What Are We Doing Here?),212046f8-46a0-4fa7-b20f-0b8da63a729f
1989,1989,Perry Keyes and The 2-0-2's,I Waited All Night,cbbb6d11-3b99-41fe-ac59-98e779d5cc52
1989,1989-11-24,Pers Garage,Småstad / Om hon visste vad hon ville,a8df2260-05f7-4f85-9daa-408fe5fdb523
1989,1989-05-25,PERSONZ,7COLORS (Over The Rainbow),f90143d0-8880-40ba-baaf-4ea81361b723
1989,1989-06-26,Pet Shop Boys,It’s Alright,7470a65c-085b-3bca-a9d3-43dc2c42e20b
1989,1989,Pete Townshend,Fire,e41722a0-31e2-48de-a709-20d6ac32c995
1989,1989,Pete Townshend,I Won’t Run Anymore,a1cf3e01-f1ea-496e-9dfb-0fcdb42e4a31
1989,1989,Peter Alexander,"Gestern jung, morgen alt / Wo sind die Clowns",4db1d2d2-fd13-4464-a491-8ccd1ceb85b9
1989,1989,Peter Beense,Kom weer in m'n armen / Ik leef met wat jij achterliet,9c9c342a-bd82-4ab5-9b35-6e3c9afd0db4
1989,1989,Peter Blakeley,Crying in the Chapel,dc6729e9-f3b3-4677-8515-416f2317c932
1989,1989,Peter Cornelius,Lang hab’ i g’sucht,3a4d535f-3714-465d-8fe4-cb95e57eb861
1989,1989,Peter Cornelius,Yuppie,ad466fbc-e3fd-4592-9c71-bd5c9556eb33
1989,1989,Peter Himmelman,245 Days,112be216-707a-455f-be04-c61af039326f
1989,1989,Peter Jefferies / Robbie Muir,Catapult / The Fate of the Human Carbine,47fc10de-eb8f-4b38-9853-cca14ea7a8cf
1989,1989,Peter Koelewijn,4 gouden hits,3dc79e26-fd44-49d0-a0bc-ff7eb8952b30
1989,1989,Peter Koelewijn en Miker-G & DJ Sven,Kom van dat dak af,7ba426c7-c5c3-4be6-93eb-344e1f391709
1989,1989,Peter Kraus,Rock ’n’ Roll‐Party,096f07c2-36b7-4d86-8e0d-72d6ed4cd094
1989,1989-09,Peter Maffay,Tiefer,dcc490ac-fe33-42df-9c34-4f2e90318fd3
1989,1989,Peter Murphy,Cuts You Up,2600fca2-f36b-4c92-bd49-53b2f6bc6d55
1989,1989,Peter Murphy,The Line Between the Devil’s Teeth (And That Which Cannot Be Repeat),73a691d8-e845-4d17-bd8d-a689dbf8cc7b
1989,1989,Peter Sebastian,Mit dir in Rio / Das macht das Rock'n Roll Gefühl,62c8f24f-a38f-4135-a740-58b6cf2d365b
1989,1989,Peter Sebastian,Schwarzer Zigeuner,7e565684-468f-43d9-899e-9f0e03351f61
1989,1989,Petra & Co.,Just Let Go,c9c8b831-6959-4863-894c-6799cc1218c8
1989,1989,Phantom Blue,Why Call It Love?,6760f0c8-50bc-40f7-b36e-10059ced1f86
1989,1989,Phil & Angie,Nooit meer alleen / Liefde zonder einde,ef723df2-1c42-4aef-827b-783a8d301418
1989,1989-10-30,Phil Collins,Another Day in Paradise,4f2e9695-245c-3024-87ac-32c18c1a427f
1989,1989,Phil Thornton,Forever Dream Part 1,84d78a62-d5b7-451c-a9b1-6cebecf39a33
1989,1989-09-11,Phil Wilson,Better Days,c93b3699-f920-4036-bc49-b4211f419124
1989,1989,Philippe Cataldo,Ne t’en fais pas,710a01ed-c967-4e17-a960-7c1edf11d012
1989,1989,Philippe Lafontaine,Cœur de loup,ad4fa0ba-bd1a-37cc-8c81-8d6393349a0b
1989,1989,Philippe Lavil,La Chica de Cuba,69837ece-381e-4826-83b5-667f6be4975a
1989,1989,Philippe Russo,Emmenez-moi,1fb3ab6d-56c6-4e44-8590-2e6ed9fd71bb
1989,1989,Phillip Boa and the Voodooclub,I Dedicate My Soul To You,f3ecc72c-0f67-488d-9d8f-376758676351
1989,1989,Phuture presents III Phase,Do You Wanna Get Funky,e9824784-9abc-333a-a6fa-534ac0f7aa28
1989,1989,Pia Zadora,Heartbeat of Love,78fb7f1f-7834-4dfe-b1ea-0b71057705c2
1989,1989,Pierre Bachelet,Tu es là au rendez-vous,67b1c3de-4480-4fcf-92fd-5dd5bbb1ceac
1989,1989,Piet Bambergen,Zotheid over zorggeregel,ab89dffd-0cb6-475c-b9a2-5eff7da3f2de
1989,1989,Piet Veerman,Cry of Freedom,308d5102-8149-4095-80f0-d7e97c18d6e1
1989,1989,Piet Veerman,Follow Me,194673f8-dfc3-49f8-8b6e-57c542ed1069
1989,1989,Piet Veerman,Starry Night,57d5b4fd-5cb2-4050-bf61-7136e481e3a2
1989,1989,PIG,Sick City,4be99607-4cf0-397d-b99b-276a4ef45337
1989,1989,Pittbull,I've Given Up,f50383e3-502a-38f0-9602-a375b879f215
1989,1989-07,Pixies,Here Comes Your Man,29a4231e-a74a-3bd6-a3bf-a0378f0de4aa
1989,1989-03-20,Pixies,Monkey Gone to Heaven,8fed1e70-1827-36e3-88a2-dc301f0ec78a
1989,1989,Placido Domingo • Jennifer Rush,Till I Loved You,64d4b2cd-cfd0-46c2-9684-fb128d0c0eb4
1989,1989,Plastic Bertrand,Slave to the Beat,6f261615-a7bc-4730-8e11-2f3e716f6c14
1989,1989,Plavi orkestar,Proljeće / Tell Me Why,1f76d129-51e5-4f62-8fac-e022c0f9add3
1989,1989,Plavi orkestar,Ti si moja sudbina / Ne mogu ti ništa osim srca dati,6c09d20c-b558-41eb-8bc0-6383028adaa2
1989,1989,Playa del Sol,Pobre catalino / Mi caprichito,02e7a78b-c46f-4f75-840c-8d191524e5e4
1989,1989,Plaza,Yo-Yo (ten years ago),f8451d44-5187-4475-9fa7-b83114913dd5
1989,1989,PLB System,Artificial Defence (Esta Loco),b3f0380f-ec17-4171-b623-c4ac773e07a6
1989,1989,Pleasure Game,Can You Feel Me Dancing ?,bb8f78de-d308-4a00-a4a8-5c6171173499
1989,1989-06-09,Plunderers,I Didn't Even See Them at All,4a74fdc9-1271-43ce-9c6e-65cd6df64f32
1989,1989,Pocket FishRmen,The Leader Is Burning,ee52e55f-ed25-3d43-8db6-166d30ba669e
1989,1989,Poco,Call It Love,5104f6e9-b5e0-3dd0-b6e6-bf23efd47c70
1989,1989,Poco,Nothin' To Hide,605957ec-3b9b-4a15-9ad8-987927e1e156
1989,1989,Poesie Noire,Taste Of Candy,fe33b920-6279-4092-8ac0-9cbac96e1843
1989,1989,Poi Dog Pondering,Living With the Dreaming Body,d5a3f716-7bcd-4ebb-a6d2-b962c1f2acf0
1989,1989,Poison,Nothin' but a Good Time,c394484e-f178-3e72-ace2-77f9d47bc057
1989,1989,Poison,Your Mama Don't Dance,93462c5e-6f7a-3170-9cfd-e06e4039ff6e
1989,1989,Poison Idea,Just To Get Away,7b395889-176a-401d-b82b-3823a8c1e3d2
1989,1989,Poison Idea,Plastic Bomb / We Got The Beat,64928447-d246-48b2-91b0-568ae84ea415
1989,1989-06-19,Poisonous Little Creatures,"Head 7""",23f9bf0d-4f4a-4735-b985-65fc454cb187
1989,1989-01-30,Pop Will Eat Itself,Can U Dig It?,b337d721-b40b-3a58-b822-b3b8e9cddd79
1989,1989-04-01,Pop Will Eat Itself,Wise Up! Sucker,fd72ca53-60de-3a9a-996c-bab8d048e53a
1989,1989,Popeda,Paulin taikakaulin,1f955a9b-3827-440a-a375-3cda78439f42
1989,1989,Popeda,Sä lähdit taas / 4711,616079eb-e9e1-416c-880d-a9c0236b9148
1989,1989,Positive K,A Good Combination / I'm Not Havin' It,3e141756-52b5-4337-a588-18bda2278b91
1989,1989,Potato 5,Do The Jerk,20502324-2c28-493d-a1a2-76d16aaa64ca
1989,1989,Pouppée Fabrikk / Ater Koma,Die Jugend / Depressiva the Voyage,d0f6d492-900d-386b-ae4d-035aad7fdee6
1989,1989,Power Skins,Mittel Europa,b3202030-a0ce-4e32-8f13-516712fd8be2
1989,1989-12-13,Powerage,Rock and Roll Damnation,a00c2c7b-c069-465d-9c42-ef5e4bb93a07
1989,1989,Poésie Noire,Deja Vu,ad1de653-3634-406a-b149-f3674ddcdd2d
1989,1989,Poésie Noire,Oblivion,66250b10-1260-32a2-8025-55f15464a947
1989,1989,Praga Khan,Bula Bula,2248ffd3-aa74-4428-85b7-de5bd73746a3
1989,1989,Precious,Definition of a Track / In Motion,3d9a66aa-aac7-4ec3-a548-d418ff82f1df
1989,1989,Prep‐EMC,I Like Girls,d8f5283c-68c9-474b-b81d-e0b4a141efa7
1989,1989-02,President Gas,Video Killed the Radio Star,ef034bc3-6c18-46c3-9962-c4afa9eaeea4
1989,1989,Prince,Batdance,008e1019-4c8c-3798-abac-fe673f984381
1989,1989,Prince,Erotic City,ff29dd3e-4780-3886-94b1-ff2cae3e3479
1989,1989-08-18,Prince,Partyman,2b4aed48-7e6f-3a70-84ed-b32a1d60517c
1989,1989-11-29,Prince,Scandalous!,cd35b016-0ecc-39a1-ad15-8713f7216ca7
1989,1989,Prince,The Future,8d4e41f0-59ea-3b39-835f-9e3719df9323
1989,1989,Prince,Trust,986f828b-f7f7-4db1-bb4d-15bb560b04e6
1989,1989-10-16,Prince with Sheena Easton,The Arms of Orion,9474799b-2bfd-3398-be32-239619bd6812
1989,1989,Princess,Lover Don’t Go,77572af4-5d6d-38c0-811f-689a125e9592
1989,1989-04-21,PRINCESS PRINCESS,DIAMONDS,37817c7a-8a38-4d49-860f-e4e4c94b2a84
1989,1989,Professor Supercool,If You Love Somebody,7f01aa09-a884-444c-90bb-3dcf84f66728
1989,1989,Professor X,Professor X (Saga),1f77121e-ab63-49ee-ac71-c517151258be
1989,1989,Project 69,69,9e258755-9911-4882-9119-bd95be36d407
1989,1989,Prong,Third from the Sun,51ea84c8-645a-40bd-a31e-8719820d9745
1989,1989-10-31,Prophecy of Doom,Calculated Mind Rape,63c83f7f-edd5-4eb7-9ed5-698aea0f3038
1989,1989,Proton Energy Pills,Survival / Symmetry,6da88936-7d0b-4ab4-b271-209e09e92d1c
1989,1989-09-03,Proxyon,Space Guards,d2460d67-9ae7-4efc-9ade-19bbdf1ffaf1
1989,1989,Proxyon / The Immortals / Why Not,Space Rock 2,e3bbf4c3-f2ae-3d18-80b2-c2fa9190a4b6
1989,1989,PSB,Pet Shoppibone (Mega-mix) / Device (Remix / Megamix),e7c4ce9d-4862-4fc1-896c-4f939ab5165c
1989,1989,Psychoplasma,Skitzo,8f011152-56c8-333d-a322-8aa26a64a5e2
1989,1989,PTP,Rubber Glove Seduction,ef0919a0-ad35-3b8f-9ec7-bd76101348c0
1989,1989,Public Enemy,911 Is a Joke,6d41b69e-3fa4-4488-a55b-73b6613e0027
1989,1989,Public Enemy,Fight the Power,787fc2ce-28c8-3edc-9e17-42fae3a1dd88
1989,1989,Public Enemy,Welcome to the Terrordome,4e32b8f4-c4cd-3f48-9acc-5165435076ce
1989,1989-04,Public Image Ltd.,Disappointed,34841556-faa3-34a3-a54f-769a335fbf2b
1989,1989-07-17,Public Image Ltd.,Warrior,411639c0-665d-3593-b196-b45624120c60
1989,1989,Puhdys,Frei wie der Wind / Herbstwind,613946b1-2037-4733-a3b5-144b0f9fd231
1989,1989-05-21,PumpKin,恋はおまかせ,82b50e43-0d2a-4750-84db-aab892b18803
1989,1989,Pure Gold,(Please Chase My) Christmas Blues,53a264c9-60c5-47c5-a857-2d2118261f0f
1989,1989,Pure Joy,Now I Know,40c5e61c-9c51-43e1-a9ff-4aff28ceed55
1989,1989,Pure Mania,Peepshow Baby,55ec315c-66df-4b42-83bc-48428485917f
1989,1989,Pünktchen Pünktchen,Der Tiger / Meeresstille,a4828b2e-c0b3-455e-b8fd-d0ae4a67adf6
1989,1989,Q,Girl Of Today,70588606-c07d-497e-862c-866f6ebdd910
1989,1989-06-19,Queen,Breakthru,3fd9e3d3-bb58-3274-ac0d-04c9ca9477c2
1989,1989-05-02,Queen,I Want It All,d7d745da-6714-3283-a96d-7913879a04ee
1989,1989,Queen,Scandal,ce691271-e17a-4d7a-bbfa-da726cf5dd58
1989,1989,Queen,Scandal,d84b0775-bf64-4b8d-9499-65c3e163798d
1989,1989-08-07,Queen,The Invisible Man,f5c7509b-0ce7-4cac-8b17-a26a071018c4
1989,1989,Queensrÿche,I Don't Believe In Love,e1d8d862-1f01-406e-b04c-7654ca9e1aab
1989,1989,Queensrÿche,I Don’t Believe in Love,7c440c48-a029-335d-a719-ba15f15c86dc
1989,1989,Quincy Jones featuring Ray Charles & Chaka Khan,I'll Be Good to You,683892ac-403e-3532-b9a8-9e0a44ea46c4
1989,1989,Quincy Jones featuring Tevin Campbell,"Tomorrow (A Better You, A Better Me)",382224a4-0d91-4881-8725-1479a5f3c81e
1989,1989,Qun Qun,Desconocida,2ed8a65e-4e81-43d8-a35e-24fbc7342966
1989,1989-05,R-Tyme,Illusion / R-Theme,6c49c1f4-cd1e-3b26-8529-6c8f41776d17
1989,1989-12-25,R.E.M.,1989 Fanclub Single,ee2be5ca-62c2-33af-97f4-23f16479c5b4
1989,1989-05-16,R.E.M.,Pop Song 89,9f4e0ce2-d2ba-4e92-bfef-fec02856cf33
1989,1989-01-23,R.E.M.,Stand,8382fefb-8a7a-3948-b513-ab5b021c6782
1989,1989,R.F.T.R.,Fantasy,23f381c6-7557-480f-af5f-f0a4a73bf7c8
1989,1989-02-08,RA MU,青山Killer物語,54b7bcd2-99f1-46f0-bb3e-e57bf3cea55e
1989,1989-05-21,RaCCo組,WATASHI半人前,94f18dd5-b311-4def-b5c1-08798fd0c924
1989,1989,Radiant,Let's Go All the Way,dbf63f63-4d3a-438f-849a-022c5f47311b
1989,1989,Radiant,Something's Got a Hold on Me,76e9afc8-1d98-4a73-9f40-3e1e5cd4ee4a
1989,1989,Raft,Didididam (Dimdam),a6ee2ac3-1e77-41d1-bc62-caa84ea8a47d
1989,1989,Rage,Invisible Horizons,a2ee67c5-886c-42fc-8dd8-4571cf855cc6
1989,1989,Rainbirds,Love Is a Better Word (White City of Light),060d4249-112f-3e90-94e7-25eea11d4457
1989,1989-06-26,Rainbirds,Not Exactly,30bbd41f-956f-3db9-a410-2981ff009c31
1989,1989,Rainbirds,Sea of Time,c779ba01-4b2d-3efc-bb2b-f495c292133a
1989,1989,Rainhard Fendrich,Es ist ein Alptraum ohne Stammbaum,3cce3602-c3be-4fb2-aa6e-339978650bb2
1989,1989,Rainhard Fendrich,I Am From Austria,b9cd3425-2bfe-46ed-b5e6-f0566d0d14c6
1989,1989,Ralf Bursy,Wer bist denn du?,54c48a1d-d0ed-466b-9bbd-dd2bf92f20ba
1989,1989,Ralph McTell,Streets of London / Spiral Staircase,71a1a334-db73-4cc8-9ff8-6f99d0de6917
1989,1989,Ramon,"Mijn Lieve Mama / Oh, Die Vakantietijd",430ccc44-a755-4bfd-9565-880e7c27c7d2
1989,1989,Ramones,I Believe in Miracles,f64f01a4-2e74-47b0-9324-a02e79266e5b
1989,1989,Ramones,Pet Sematary,8748fd02-2d5c-4227-af55-14e24f4ef706
1989,1989,Ramses,S.O.S. Do You Love Me,2d5eb970-0cbf-4bb9-9950-804d2879a7af
1989,1989,Randy Crawford feat. Eric Clapton and David Sanborn,Knockin’ on Heaven's Door,aa517c4f-6f6b-4ffd-8ff6-c70de99f5f71
1989,1989,Randy Newman,I Love to See You Smile / End Title (I Love to See You Smile),b7ae5bf2-f901-4ab5-b5fd-f4a1ae956ea1
1989,1989-08-01,Rapeman,Inki's Butt Crack b/w Song Number One,cd2b832d-512d-328e-9f80-5a72013f2f10
1989,1989,Ratt,I Want a Woman,49f5dc35-05c6-44c1-8759-d5f823f03227
1989,1989,Rattle & Frost,Samen / On Night Like This,28836cf3-f2b0-4556-b11d-29d5b0ae76c7
1989,1989,Ray Anthony,Theme From Winds of War & War and Remberance,cf866c37-0555-474b-ba40-23b5b6a25d35
1989,1989,Ray Charles & Dee Dee Bridgewater,Precious Thing,80b77381-ac23-4106-9e52-84f5face7435
1989,1989,Ray Norrish,Blood Money,d46887f8-3e75-433d-b34d-f624a5910cd1
1989,1989,Raze presents Doug Lazy,Let It Roll,2679aa60-4e83-49ce-8e39-0a591eab7c3a
1989,1989,Raúl Orellana,The Real Wild House,0f13ee11-6165-30f0-847a-2e948e7076f7
1989,1989,Ready for the World,Cowboy,16fb7d93-06d4-4e22-958d-0d96d7c5bb24
1989,1989,Real Life,Send Me an Angel,cfee8ab3-6683-4820-b3fc-361bf8107605
1989,1989,Real Life,Send Me an Angel ’89,dc0540ca-af31-31bd-abb0-2dfed3b1b698
1989,1989,Reba McEntire,Walk On,f7b7ee95-2449-4144-b091-b20c2e35a3e5
1989,1989-09-15,REBECCA,スーパー・ガール(スーパー・リミックス),d3b35f1e-0553-4fda-868f-5fa6e097745b
1989,1989,Red Flag,All Roads Lead To You,727dcf97-41b2-425e-922a-df67d899c779
1989,1989,Red Flag,If I Ever,6ddda45d-cf19-4b9f-a8fd-0b886d8cd706
1989,1989,Red Hot Chili Peppers,Higher Ground,7388e13b-4203-4fd3-a902-288def471972
1989,1989,Red Hot Chili Peppers,Knock Me Down,8d533b99-1ceb-4fe4-a9a3-f093f7706ec5
1989,1989,Red Hot Chili Peppers,Taste the Pain,f7fcfcfd-7f59-3e85-a92e-93a11b9ff997
1989,1989,Red Lemon Electric Blues Band,Heatwave,a91d3fcd-8939-4bbd-997e-f6d1089fbbc5
1989,1989,Red London,The Day They Tore the Old School Down,9ab396d6-a818-4328-948d-c1aa324ec379
1989,1989-08-14,Red Lorry Yellow Lorry,Temptation,7d116cbe-b0f5-4df7-8ed5-18c5a913b8be
1989,1989,Red Temple Spirits,New Land / Exodus From Lhasa,bf65f48d-d90a-4edc-a10d-ae44e6e08102
1989,1989-02-01,RED WARRIORS,LADY BLUE,cb840fbd-e6be-4f1e-8dbf-dfaa097d1a77
1989,1989-07-01,RED WARRIORS,SUNDAY SUNSHINE,3e33bbcf-12e5-45cb-a84c-fd4a4844d9ed
1989,1989-05-21,RED WARRIORS,欲望のドア,f6aebb24-5b87-4055-948d-e25f85ad792a
1989,1989,Redhead Kingpin and the F.B.I.,Do the Right Thing,8ebd4f81-d8b0-301b-8ed3-bd3a9709f094
1989,1989,Regina Thoss,Träume von zu Hause,4d6339d7-0132-4816-a8fa-241e6fe7a520
1989,1989,Rein Gerlofs,Wordt vervolgd clublied,ec0b6f9f-0f80-42de-aa8a-9d66284248f0
1989,1989,Relax,Der Bär groove'd (Der Berg ruft),0d8237e3-dacc-4894-9a5d-692d3f8ce0e1
1989,1989-08-28,Remo,Café,3b40c928-2024-4349-b34d-380676f6d3a5
1989,1989,Remo,Verknallt in dich,ddc3e2ea-9e17-455f-9be2-2b81725b6af2
1989,1989,Renaud,Allongés sous les vagues,8e9a8198-6c87-494e-b2d3-c9573ccf7244
1989,1989,Renaud,Me jette pas,e6a294e3-42ac-474a-8e14-c1ea9e30a63b
1989,1989,Renaud,Socialiste,45e7fe03-2c1b-4a3d-942f-58a9c0e88b42
1989,1989,Renaud Hantson,C'est du sirop,55b106a7-9d7d-4316-8720-cd81bbf755f0
1989,1989,Rendezvous,Eviva Rosita,589890db-7d3e-4456-a041-8654f4ffe478
1989,1989-10,Renegade Soundwave,Space Gladiator / The Phantom,82d16775-75ab-3938-b39d-c6ef99f850dd
1989,1989,René et Nathalie Simard,Le Ciel en plein cœur,005c8ccf-450d-4682-9662-c4d9a5808b6b
1989,1989,René et Nathalie Simard,Prends soin de toi,7381efa6-40e9-450f-8169-c90a543fa3e1
1989,1989,René Froger,Back on My Feet Again / The Water Is Wide,5af43a0b-81a8-4055-9ff9-322218cf4eb5
1989,1989,René Froger & Het Goede Doel,Alles kan een mens gelukkig maken,11313973-5528-45f7-8635-b8d0a08270ce
1989,1989,Renée de Haan,Alleen / Pierrot,65487a92-4e7c-4015-87a3-4dadec397af6
1989,1989,Renée de Haan,Lach maar / Ik voel me prima,9cf80c64-224e-4ef0-8554-522a994fde8e
1989,1989,Renée de Haan,Neem mij nog één keer in je armen / Toen kwam jij,d048480e-4471-43e4-b5c2-f9412d3841c2
1989,1989,Resistance,Across The Ocean,6bacda14-2193-4d72-bc9b-71ba806d63b1
1989,1989,Revenge,7 Reasons,9f3c5ed3-1b78-3185-99cb-fe405abca6e7
1989,1989,Revolting Cocks,(Let's Get) Physical,bd3aa6f3-4129-305d-84b5-7dd11f7a5184
1989,1989,Revolutionoids 9,I Am Not Mistaken in Mind,f92baac7-4fc7-490c-99bc-04dbc8ca23ba
1989,1989-07,Rex Gildo,Copacabana / Und wenn ich träume,94653f7f-235c-4b0c-934e-7bed54b01b6f
1989,1989,Rex Gildo,Erinnerung an deine Zärtlichkeit / Enya,04e6a840-015b-4f1d-814c-17f3b224e6c3
1989,1989-05-02,Rex Gildo,Mexikanische Nacht / Mit den Augen einer Frau,a422a5a5-c234-4e31-8d83-db1b5ac15746
1989,1989,Rey Mora y el Grupo San Martin,Su cuerpecito,29e7102b-9860-4aac-af9b-35dec1497451
1989,1989,Reynolds Girls,Get Real,8cf0931f-534e-46cb-a164-d7d4617a1a21
1989,1989,Rhythim Is Rhythim,Beyond the Dance,142e9f37-929a-35ad-ba0b-0890763aac33
1989,1989,Rhythm Device,Acid Rock: Remix,7ea0fb5a-1df9-3444-b10f-47696972bb46
1989,1989-12-06,ribbon,リトル☆デイト,db6a3c41-ff4f-42d0-9498-6117b7350a73
1989,1989,Richard Elliot feat. Bobby Caldwell,In the Name of Love,4154368d-b412-3227-a544-a21b9ff0f1a4
1989,1989,Richard Marx,Angelia,f5d950ad-c0d4-4aca-b003-7ae14825b519
1989,1989-05-02,Richard Marx,Repeat Offender,3d42f82f-7397-3376-903d-3b17d52515e6
1989,1989,Richard Marx,Right Here Waiting,3095281a-c0fa-3536-a9d8-3db1e52cb75f
1989,1989,Richard Marx,Satisfied,0751cfcd-1353-4f22-a9bd-340b9c7db0eb
1989,1989,Richard Marx,Satisfied,247abb84-bf4a-430c-9846-867956fe8fa5
1989,1989,Richard Marx,Too Late To Say Goodbye,d9a6b2ea-5450-40ff-b686-c6bf6e9915b6
1989,1989,Richard Valentine,My House,ad2ad113-8a33-4d61-a88c-a635a9341687
1989,1989,Richenel,Are You Just Using Me,69dcb5e4-904f-45ab-ae17-3c09ce47b475
1989,1989,Richie Rich / Kariya,You Used to Salsa / Let Me Love You (Rebuilt),83211e90-e3d1-32ce-bb83-fe00ff92b1fb
1989,1989,Rick Astley,Ain't Too Proud to Beg,cb5dc7c7-cd8a-311f-b875-bb1fce9818c5
1989,1989,Rick Astley,Giving Up on Love,cf5a16ee-361f-3184-be0c-010136d6af5b
1989,1989-01-30,Rick Astley,Hold Me in Your Arms,e065d0dc-58da-42a6-ba87-962e885c30a6
1989,1989,Rick James,This Magic Moment / Dance With Me,67a6c38f-8100-4179-add2-7a85cafa9dfb
1989,1989-10-20,Rick Sanford,To Fly / Mary Mary,7d44d567-61b8-43a2-9a3d-859d019946a4
1989,1989,Riff,All or Nothing,f7325a38-2610-4b93-aa03-eca111d7e86c
1989,1989,Riff,No Mercy,2c21b0e4-4d56-404d-856e-d116176dd948
1989,1989,"Riff Raff, Columbia, Magenta, Narrator & The Transylvanians",The Time Warp (Remix 1989),e67379a6-bb39-4581-bbf1-2a66111fb55d
1989,1989-05,Rififi,(Theme From) Shaft '89,01b2b9c6-9b0d-4c62-b1e7-f9f16cc73112
1989,1989,Righeira,Garageamos / Adalas Omaet,f1ddfd5d-2c72-4b99-8788-e54eb52492bf
1989,1989-10,Riivattu kissa,Raja / Kissan kävely,51402866-2fd9-430e-a9b4-778c0645a867
1989,1989,Riivattu kissa,Toteemin juurella / Sidottu,4a9b0c8c-a6b8-47d1-b665-6ad491a5cc85
1989,1989,Riny Bay,Jij hoort bij mij / Waarom liet jij mij alleen,473e1a36-de70-4766-b02d-21a501cf041b
1989,1989,Riny Bay,’t Is weer mis / Ik kan het niet geloven,2ab20498-09cd-4a25-b2da-8c508b7634dd
1989,1989,Ripe,We're All Trying to Get There,cb04fb8f-2871-49dd-92f8-fae9bc58854c
1989,1989-06-01,Riprize,Bewitched,d096caeb-d91d-48dc-94d0-bf9253a441d4
1989,1989,River City People,(What's Wrong With) Dreaming?,7df9494d-3a7d-4c5a-8a88-0dd876da7232
1989,1989,River City People,(What's Wrong With) Dreaming?,f0267595-9616-4361-bb33-84de58c5a82b
1989,1989,River City People,Say Something Good,066f4735-6338-428a-bbea-55f3e763b167
1989,1989,Roachford,Family Man,0a212957-50e3-4d78-a664-bd8fe477604a
1989,1989,Roachford,Kathleen,2fc24249-6879-456f-9c9d-8838b2a99cbc
1989,1989,Roadrunners,Snake in the Grass,757834a7-e48d-4dff-a17a-f8a272779e91
1989,1989,Rob Base,Turn It Out (Go Base),63a1b5ca-e650-499d-843c-51a1a516f387
1989,1989,Rob Base & D.J. E‐Z Rock,Joy and Pain,584f95f4-e664-30cd-b696-368a00256629
1989,1989,Rob Zorn,Steeds maar weer / Centraal Station,3f54561d-da34-4ef9-917f-74a5d3f4e62a
1989,1989,Rob ’n’ Raz feat. Leila K,Got to Get,f6981e7b-161a-3858-8dc4-5717f1bc98ad
1989,1989-03,Rob'n'Raz / Papa Dee,Microphone Poet (Club Version),b6241f98-e57e-4dcf-8955-b43c2288997f
1989,1989,Robbie Nevil,Somebody Like You,e84c777f-3777-4640-b891-849f1d71cc2e
1989,1989,Robert Holmes,Angel in the House,e11ad6e1-3597-4b3d-a6b7-d2674f691c63
1989,1989,Robert Long,Krullentijd / Medley,d2220c07-8715-4bd3-9233-fe81aefe2835
1989,1989,Roberta Flack,Uh‐Uh Ooh‐Ooh Look Out (Here It Comes),cd5e2163-e788-4144-acda-df4daa84d42c
1989,1989,Robin,Girl Of Today,f50800a3-729c-41ff-9ea4-aacf50bd36cb
1989,1989,Robin Beck,Save Up All Your Tears,771e85c4-7e42-4ea1-8c0a-18809b0e33ba
1989,1989,Robin Beck,Tears in the Rain,1ed620c0-edcf-4cc9-9b78-e476b230f294
1989,1989,Robyn Hitchcock and the Egyptians,Madonna of the Wasps,0ea05808-0d04-3405-95e0-42d486e68ac0
1989,1989,Rocco & the Carnations,Marina,6aef9c8d-ae34-4cb3-9e9c-598a58d6a207
1989,1989,Roch Voisine,Hélène,7351f0e0-4551-4592-ae2e-4aa9f491add4
1989,1989-11,Rock Aid Armenia,Smoke on the Water,0cbb3423-17cf-3312-ad6b-887fef29aa65
1989,1989,Rockip,The Boxer,2ae27b6c-346c-45da-be22-db6c157602e4
1989,1989,Rockwell Noel and The Poet,Massacre,dddd9012-fd3f-4d22-9e9f-e997b7e8aee4
1989,1989,Rococo,Italo House Mix,2b3cdcaf-d690-43f2-917c-f152b357d99e
1989,1989,Rod Stewart,Downtown Train,d33ec8bf-2049-3524-835b-0d50cdecd36c
1989,1989,Rod Stewart & Ronald Isley,This Old Heart of Mine,9706091e-308f-4037-b4c3-bc039ba2eb5a
1989,1989,Rofo,Rofo’s Theme,017a38cf-7055-3882-9a4a-edd19fdb54a2
1989,1989,Roger Christian,Take It From Me,9ac11582-7a36-4f88-8397-88ef40c813e4
1989,1989-10,Roger Whittaker & Cindy Berger,Bleib heut bei mir,6a12663c-73a5-46af-8a80-c31e62f9a445
1989,1989,Roland & Bluesworkshop,I'll Give All I've Got,623f2a43-e80d-4b93-8ce1-b4a09761a648
1989,1989-09,Roland Kaiser,Frauen,6b6ab46d-e025-4a9e-8969-19773816fe42
1989,1989-01,Roland Kaiser,Jede Nacht hat Deine Augen,4ba8469e-1eae-4c3f-9933-dfa470dd3f3f
1989,1989,Romantic Flamingos,Du bist mein erster Gedanke,8e2549a3-8fca-491e-a0ab-3e02c9c670ca
1989,1989,Ron Andrews,If It Don't Stank,ab5861f4-49a0-353f-ad34-9cd59114d159
1989,1989,Roni Kamras,Jälkeen valomerkin / Muistan ryyppösen,6ff2e8d0-dbda-42aa-8967-b20d595e6f01
1989,1989,Ronnie Tober,4 gouden hits,d0b7727b-39da-4271-b9a9-78c1b5a9ad5d
1989,1989,Ronnie Tober,Morgen schijnt de zon voor jou / Blijf nog ’n uurtje,4937380d-e34e-4f54-aa83-069f5d434414
1989,1989,Ronnie Urini & Leeza Vermeer,The Shiver,664ce1f7-5690-46f4-a23f-33b7a54861a6
1989,1989,Ronny Arlando,Country in De Kempen,6b3dd561-8ed9-4f9d-b309-1f68ef8cae8a
1989,1989,Ronny Arlando,Ronny Arlando zingt Roy Orbison,9209f717-a3d5-4307-b230-c6a2ea6fa090
1989,1989,Ronny Jönsson,Schwarzeneggernegger,8b936128-dcff-302d-b7cd-5363f9bbad61
1989,1989-11-16,Roommates,Voices In The Dark,fe19d960-28a3-42e1-beb0-72a5d213e202
1989,1989,Roos,De zon in m’n leven,2361dfda-bf63-4c0f-8b12-6808cba28b09
1989,1989,Rory Block,Lovin' Whiskey,f10974c2-84ea-487a-9746-f8d1a8db305a
1989,1989,Rosalyn Keel,Crying Over You,f0d35a36-1202-409b-81bf-61c17f71bbbb
1989,1989,Rosanne Cash,I Don't Want To Spoil The Party / Look What Our Love Is Coming To,212c81b9-4ec3-4e00-966f-57e1ff043f29
1989,1989,Ross Higgins,Monster Mash,0946aab8-0292-4c89-8d72-03776a9f17e1
1989,1989,Roussia,je suis Rousse,9a8b7a6b-4529-4edf-ad41-3432c59dbe19
1989,1989-05-02,Roxette,Dangerous,09371990-d6aa-3631-9a09-874f84eb7756
1989,1989,Roxette,Dressed For Success,9da2006a-c3eb-4f7b-8422-ea866c945abe
1989,1989-01-12,Roxette,The Look,97800ced-fe97-46af-8f89-27c7f10d8471
1989,1989,Roy Black,So wie damals,f006b034-a8cf-49a8-8655-1e9d8784b23b
1989,1989,Roy Orbison,She's a Mystery to Me,81616507-8a39-3e0e-808e-3639e8716b8a
1989,1989,Roy Orbison,You Got It,ff97c35f-5939-39f6-900e-b446dbbe7e4d
1989,1989,Roy Orbison and Friends,Oh Pretty Woman,26a2e116-6633-465b-9033-56ed192ba63e
1989,1989,Royal Crescent Mob,Hungry / Corporation Enema,aed5b41e-6786-4351-9774-d32819784a0d
1989,1989,Royalty,Baby Gonna Shake / Throb,d5bab01a-d196-46b2-ba63-1a9e7c2fc9d7
1989,1989,Ruby Turner,The Ruby Turner Soul Set,3ddc5b7b-4a7d-4bc3-954a-a9e23f9cbda5
1989,1989,Rudy Bennett,Oceans Away / The Heart of the Matter,6a026f4a-44d7-43be-8916-fada27e03a18
1989,1989,Rufus & Chaka Khan,Ain’t Nobody (remixes),74f9fb5a-5f6b-4943-9dc2-c6eaa2be17c0
1989,1989,Running Wild,Bad to the Bone,382ed574-1451-3171-8992-c2a075c5e83d
1989,1989,Run‐D.M.C.,Ghostbusters,07ae8fe7-5492-46f7-84c2-ea30789b13a6
1989,1989,Rush,Show Don’t Tell,14ce20ef-ce74-40ed-9a7d-d6a128b7b77c
1989,1989,Rusty,Everything's Gonna Change,8d409350-315b-4baa-b6fc-31072c2b332e
1989,1989,Ruth Brown,"If I Can't Sell It, I'll Keep Sittin' on It / Good Morning Heartache",764465c4-2934-4b02-b6ff-c7c445dafd95
1989,1989,Rygar,Spaceraiders,8f46ffa4-b053-40b1-afe7-1a91a9a7ae0b
1989,1989,Ryuichi Sakamoto featuring Jill Jones,You Do Me,1eb9bf22-61e3-31ae-aaf7-f4e3cb7b41d8
1989,1989,Régine,Mes nuits vidéo / N'y touche pas !,1ac70eb1-83e2-4b73-95fd-a83a7631f022
1989,1989,S-50 Projekt,Tutti Frutti,d6601d36-58d9-4183-9e60-2b48ffed2dd9
1989,1989,S.L. II,Do That Dance / It Ain't Nothing,742cf61b-51db-4af5-864d-e50c5ce45131
1989,1989,S.O.S. United featuring Chris Thompson,Lullaby for Grownups (Good Night),21bf751d-2c6f-4391-ae08-8fb069075a24
1989,1989,Sa-Fire,Gonna Make It,e1e92af0-d8a2-4d27-bad4-11bb6b5443b1
1989,1989,Sabbat,Wildfire / The Best of Enemies,ec542f75-3eae-42e8-b026-97372de2096d
1989,1989,Sabbat,Wildfire / The Clerical Conspiracy,f4b1e112-ec73-4a46-8752-d309f9a09fb3
1989,1989,Sabine Sabine,Can’t Tell You Why,6d24cea5-e623-4076-a5d1-7837038a15e8
1989,1989,Sabrina,Gringo,dcd0848e-b824-3945-8af2-67627390fe52
1989,1989,Sacred Miracle Cave,Heavy Black Noise / Summertime,0f4468d9-f6d9-4477-8e28-7b6a5609053b
1989,1989-08,Sacred Miracle Cave,Summer Time,c20b997e-9b6f-40f9-94dd-d33efb16e2d6
1989,1989,Saga,The Nineties,63dccd68-d028-3574-91d6-4de7a15ce3b2
1989,1989,Salvation,All And More,2f3aee6e-5892-4751-ab3a-20bf7e53b865
1989,1989,Sam Dees,After All,6778a299-176a-4112-aa4e-20097b7439d4
1989,1989,Samhain,On Earth as It Is in Hell,c81142d6-d97d-4eeb-a7d4-0cc14a43f3af
1989,1989,Sample Syndicate,TBM Mix 2,e5bb57f4-1fae-4df5-aae0-19eac07ddf51
1989,1989,Sample Syndicate,TBM Mix 3,21c5a74a-6454-4e80-99e6-0081b88fd962
1989,1989-04,Sandra,Around My Heart,285f1cd7-b537-4a5a-8474-553b3be421a1
1989,1989,Sandra,Hiroshima,d93dfdcf-3eea-30cc-8940-a136c0d81099
1989,1989,Sandra,La Vista De Luna,2dc7453d-6453-4133-b1e0-bc3eba140b03
1989,1989,Sandra,We’ll Be Together (’89 remix),ce6fe61f-a4bd-4f2e-a468-248434d324d4
1989,1989,Sandra & Andres,4 gouden hits,d96be812-149c-4450-bcf6-e9c134c16b6c
1989,1989,Santa Lucia,Ruusutarha,f3dd0ae1-d783-4d55-85c1-49e259d784ea
1989,1989,Sarah Brightman,Anything but Lonely,ff35a964-7f5c-49be-a9a7-17735f22d47e
1989,1989-09-13,Sarah McLachlan,Steaming,a20abaf1-9b47-3112-b844-aa25e37e860e
1989,1989,Sassa,Straight From the Heart,d115718a-f6a2-4ddf-a781-c8355dec96fc
1989,1989,Savage,Good-Bye,0486adc4-06f7-4a0f-8613-15349636b520
1989,1989,Scandale,Délit d'Initié,899f664b-ae4b-44f2-ac95-d973654179ce
1989,1989,Scarecrow,Black Door,47de25bb-d3c3-3f05-8c47-a07bd53251c6
1989,1989,Schelde Trio,Ik hoor nog zijn kreet in de golven,e5a74f04-2f6a-48c2-9337-fa38d2222f28
1989,1989,Schubert,Universe of Fantasy,c45d0f50-4bbd-4908-b974-c60f09cf7ef9
1989,1989,Scorpions,Can’t Explain,27b342fd-12bf-4e2c-bf3a-60f34400f230
1989,1989,Scorpions,Holiday / Lovedrive,f217c80f-1faa-49b4-8c3f-c6bac90e3c74
1989,1989,Scorpions,Is There Anybody There,f9224624-7a9f-49d9-b703-529ff8099fd0
1989,1989,Scorpions,Rock You Like a Hurricane / Still Loving You,d2e86a17-fbd6-4925-ab06-3e05821a9ee9
1989,1989,Screaming Marionettes,Like Christabel,26c92cbc-01e7-45b9-8df9-48fff23ccec2
1989,1989,Scruffy the Cat Vs. Young Fresh Fellows,Love Song #9 / My Boyfriend's In Killdozer,891553f9-31a6-423d-8f90-5622db172db1
1989,1989,Sebastian,The Nights We Shared,f4ce1332-ff9c-41e5-b611-6cf95cbf2ede
1989,1989,Second Decay,Killing Desire,3120b8b4-899c-4628-b373-6adf18b9caab
1989,1989,Seduction,(You're My One And Only) True Love,a4367da8-dc2f-4214-a8de-c78a2a866833
1989,1989,Seduction,Two to Make It Right,0724737c-7099-4fcb-ab05-f9f1fcf81fe3
1989,1989,Selena,And My Heart Beats,f81a719c-dcf8-40d9-bb73-0c9e416ba450
1989,1989,Selena,Timebomb,fb0a49d0-a5c8-44b3-b915-378c8a580a7a
1989,1989-10,Senseless Things,Too Much Kissing / Trevor,e936aee5-c217-4a8f-a962-7c9625f90a6c
1989,1989,Sereno 88,Hablame,28326f70-640b-4de5-9946-55b9b615a949
1989,1989,Serge Perathoner,Ushuaïa : Bande originale de l'émission TV,e198235e-a8df-48e7-9533-f989224181c2
1989,1989,Severed Heads,All Saint's Day,7dc85602-b899-34fa-bfa5-0d7bfeafb185
1989,1989,Sgt. Fury,Cold Cold Sunday,9b6ac3a9-1673-471e-8e93-b864ad8ddb84
1989,1989,SH!,Min dam,045ebebe-d2c8-4894-949c-0023fa0e419a
1989,1989,Shabba Ranks / Daddy Blue,Uno Fi Move / Run Out Of Town,ac2bcee0-17d1-40bb-b929-99197fc7e100
1989,1989,Shahara-Ja,I'm An Arabian Knight,0a9a2eb0-1bae-4a6b-aa8f-0fef7f86149a
1989,1989,Shakatak,Turn the Music Up,b405b56e-7626-40e8-a640-4d9c0672c448
1989,1989-09,Shakespears Sister,Run Silent,1ec40f56-f3fe-39a6-8915-0ff2bd0d4a63
1989,1989,Shakespears Sister,You're History,e94b255b-d26c-3299-b018-40a5390d6c9d
1989,1989,Shakin' Lee Taylor,Wildcat Wanderer,9a2c5085-2332-43c5-a1b4-7d79eedce6c5
1989,1989,Shaking Family,Tic Toc,9c16dd19-1152-4c33-8cd7-34e30099f473
1989,1989,Sharon Redd,Can You Handle It,24df1e6b-e9d7-4583-876d-8dbc5b20a5d7
1989,1989,Sharp,Playboy,a0aa37be-59c6-4a11-b0ed-01d84f69d1c7
1989,1989-06,Sharpe & Numan,I'm On Automatic,63882207-d07e-4b51-a2d2-2385e4cd5397
1989,1989,Sharpe & Numan,I'm On Automatic,bbbad9c3-3af4-4bae-8208-069ea808d67c
1989,1989,Shavonne,"So, Tell Me, Tell Me",889deff0-4224-44e1-ae5c-da644006f6af
1989,1989,Shawn Pittman,Dreams,e3d78277-3db3-4d73-8257-6e0982cc3d9a
1989,1989,Shawn Shegog,Living In The Dark Side,5ae95575-7444-4728-8fc0-a3cd4ee69932
1989,1989,Sheena Easton,101,29942d7d-3a32-4cff-8bc1-5ef475c0ba9b
1989,1989,Sheena Easton,Days Like This,8d3e8aee-7036-305b-bc35-e19af6bd2aa1
1989,1989,Sheena Easton,Follow My Rainbow,75cf1f07-5eae-4ba9-b78a-d867c69bd6c1
1989,1989,Sheena Easton,"No Deposit, No Return",571c0503-0d67-40af-915a-07e686a0d276
1989,1989,Sheila,Acid Kiss,48bc9a77-f8f8-49f7-aed0-669ae5c045f3
1989,1989,Sheila,Le Tam tam du vent,386ba206-47ab-406b-85cc-a22b9f3df224
1989,1989,Sheila Stewart,Tonight,1c33773a-edd2-49f8-9742-82cbd7e94ff8
1989,1989,Shell and the Ocean,Imprisoned by Emotion,e30e203b-707a-49db-b542-f41506b9e5cb
1989,1989,Shelleyan Orphan,Shatter,42aef5ff-c39f-4494-b13f-9ad33f145092
1989,1989,Sheree,Woman's Work,ab5c3e9b-cb8e-4920-914d-5d281282cb1f
1989,1989,Shiny Gnomes,She Is All the Rage,6ea9f698-40b6-47a0-976e-77dd743779d1
1989,1989,Shirley Brown & Bobby Womack,Ain't Nothing Like The Loving We Got,ecc31ee3-259d-4750-b71a-cd976d18112b
1989,1989,Shooting Star,Hollywood,03185c20-a742-4c88-93bf-96a3e6b8e929
1989,1989,Shout,Showdown,98c4d058-b295-47af-8984-de2922d274e5
1989,1989-06-07,SHOW‐YA,私は嵐,998088d3-2122-4988-b32d-3075819f12a0
1989,1989-02-01,SHOW‐YA,限界LOVERS,4c1adc31-809c-4196-9727-da65ec9893ab
1989,1989,Shrine of 8,Perfect Crime,118b90a9-e85a-428c-ac5d-712919414a25
1989,1989,Shudder to Think,Medusa Seven,8f25ef9f-e37d-449b-858b-bb18238aedc9
1989,1989,Sid Vicious and Friends,(Don't You Gimme) No Lip,59b78da2-3cb5-4efb-9c09-d0f533425bc8
1989,1989,Siglo XX,Summers Die,be1460f4-b0e0-4d50-8db3-b278f7890dbc
1989,1989,Sigmund und seine Freunde,Erdbeermund,9ae99c2e-c5c5-4453-a56e-c1bec72462f9
1989,1989,Sigmund und seine Freunde,Erdbeermund (remix),55f5ad6c-3bcb-441b-bdb1-0a032582edfa
1989,1989,Signal,Does It Feel Like Love,b9e1e3c9-ae7b-4d37-a445-33c1529f2bdb
1989,1989-05-02,Sigue Sigue Sputnik,Albinoni vs. Star Wars,93ac0f6e-7225-4374-a8d8-2279dd537960
1989,1989,Sigue Sigue Sputnik,Rio Rocks,f8b7249f-3962-4985-866a-dee1f853d3e8
1989,1989,Silent Circle,What a Shame,4119775c-311f-44cb-9130-b29f4ff77b5f
1989,1989,Silicon Dream,Ludwig Fun (Classic Acid Mix),dc650dd5-72a4-401d-8c8d-299081461770
1989,1989,Silje Nergaard,Does Anybody Care?,13e7f84a-66b6-4a80-b5e8-374c5977b98f
1989,1989,Silly,Verlorne Kinder,5f37f435-1dba-4820-8341-dc85951a4434
1989,1989-12,Silver Bullet,20 Seconds To Comply,7e052db3-9315-48e7-8d52-4f8f413058e5
1989,1989,Silver Bullet,Bring Forth The Guillotine,0f6cb76f-17b2-41fc-bf9a-82be9e209daf
1989,1989,Silver Bullet,Bring Forth the Guillotine (The Ben Chapman Mixes),84aad400-c6bf-4447-893d-fd273befbecb
1989,1989-07-17,Simple Minds,Kick It In,82638161-31dc-48ef-a356-b8d325203860
1989,1989-04-10,Simple Minds,This Is Your Land,1bebc601-520b-3472-b4ba-8976bd38a104
1989,1989,Simply Red,A New Flame,8c61680e-6031-489c-8302-c45d1d47f7b2
1989,1989,Simply Red,If You Don't Know Me By Now,61ad9f66-5ca0-440c-be0c-ed8a977eb8ac
1989,1989,Simply Red,It’s Only Love,a78a7a52-ecc7-481a-85ef-72235bd46078
1989,1989,Simply Red,You’ve Got It,e237c65e-277d-4732-887c-318d22e80be3
1989,1989,Sin Recursos,Poco Seso Y Su Mujer,69a4929a-2abd-49fa-aea9-7610bf0558c5
1989,1989,Siniestro Total,Cuánta puta y yo qué viejo,606d365c-43fe-44bf-8459-d573adb17cc7
1989,1989,Sinitta,Right Back Where We Started From,ef80283f-6d35-40d0-a474-47549460235d
1989,1989,Sir Mix‐A‐Lot,Iron Man,9d863c05-b478-43e4-b765-e893dcb709e0
1989,1989,Sisley Ferré,Please Stay With Me,610ff1b7-af3a-4f86-8c30-5a86f8da7658
1989,1989,Sister Ray,Psycho Sis / Bathroom Blues,b23d0cf0-5234-4068-8f08-772d0b5381c5
1989,1989,Sister Sledge,We Are Family / Lost in Music / He’s the Greatest Dancer,b672a5c5-44be-4fd1-b02c-72c32aecb558
1989,1989,Siw Inger,Das Leben meiner Träume,7d3b27cc-94c4-479a-a248-bed59e554a17
1989,1989,Sjoerd de Boer,Waarom heb je mij verlaten?,f44787fc-7654-4446-a532-8d17d07d7ef2
1989,1989,Ska Boom,Romeo / Ska Summer,6b7662f8-65d2-43e4-8a4e-a368270c29de
1989,1989,Ska-Boom,The Plan,264c1f48-a916-4fde-86fb-2f2b4ca2e7da
1989,1989-06,Skid Row,18 and Life,8204bc89-c282-3c0c-95c6-e67705de1a97
1989,1989-11,Skid Row,I Remember You,2d35f934-b4b1-3986-9d1e-b29da53bd668
1989,1989,Skid Row,Youth Gone Wild,b423edb3-edf9-4941-bcee-a810daea0b95
1989,1989,Skid Row,Youth Gone Wild / Delivering the Goods,d786d269-5519-43a0-ae71-c4fe81edbf41
1989,1989-10-01,Skin Yard,Start at the Top / Watch,27694ff1-5227-4d5f-95df-85dbba1f8a97
1989,1989,Skinny Puppy,Testure,882d88a7-f9c0-3c0f-bbe6-1bce22d82acc
1989,1989,Skinny Puppy,Tin Omen,2b15c71e-6125-311d-9f39-8d242b299f73
1989,1989,Skipper Wise,Standing Outside in the Rain,66b392d1-e547-4bcf-b87f-267a4df1aabe
1989,1989,Skipper Wise,"Tell Me, Tell Me",1bf4428c-44b0-45b6-8245-00a09c04f17b
1989,1989,Skrewdriver,Streetfight (1977),fc35775a-97fd-4c9e-a471-005b07b215c4
1989,1989,Sledgehammer,Aggro,24552d2d-d916-4079-aa92-987a9b66c2d2
1989,1989,Sleeze Beez,Stranger Than Paradise,b100913e-0644-4f0c-90c5-8c6c9cabf344
1989,1989,Slim Newton,I’m Sorry Buck,4b91ef15-69b3-450b-a68d-f2a0a9ee5025
1989,1989-06,Smokie,Young Hearts,5bfc850d-1049-4d05-b320-a7b9737d534c
1989,1989,"Smokin' Gang feat. DJ Jack Boy, Rapper",Just Rock (Rap House Anthem),93898075-5299-3538-9eab-5edae2fdab30
1989,1989,Snakepit,Waste,fb9c71e5-33b1-43e5-91b2-6f5edfad275d
1989,1989,Snuff,Not Listening,5984ae88-dae1-3881-a346-7727aa29c4b1
1989,1989-04-11,SOFT BALLET,Body to Body,92782917-f600-3528-b43d-7df5dcedd1f7
1989,1989,Sol y Mar,Condición / El musico desordenado,f4f71b97-cc1f-4a0e-9ec9-772f7d77d213
1989,1989,Sombre Septembre,Le nez rouge,d958f357-1d13-4b7c-a3f6-aee08115f955
1989,1989,Somebody Famous,Love Will Stay,be8af84d-b663-406f-9ade-b4debf3a9e68
1989,1989,Somos Música,Yo no me llamo Javier / Mandruka,8b0f65cd-7e79-417c-892f-6730d1e4fdd0
1989,1989,Sonia,Can’t Forget You,9463e791-3054-464c-97ca-31c98b3f4052
1989,1989,Sonia,Listen to Your Heart,14b14066-ee6f-3c2d-ac39-804124f23f86
1989,1989,Sonia,You’ll Never Stop Me Loving You,3abf5dc6-6684-3fc6-b19c-66fd1b1b37bf
1989,1989-11-06,Sonic Boom,Angel,94f6f29a-2454-37a6-be58-270c92470789
1989,1989,Sonic Youth,Providence,539b0946-2602-4ea6-a97a-8ba2f5664642
1989,1989,Sonja Lumme,Mua jättää et saa / Pääsi rinnallein painuu,6ddc2336-c46e-4a13-b3c5-fdcbe32f8612
1989,1989-06-07,Sophie,My World,c70eedfc-71de-40a8-a16e-5f2a32099c48
1989,1989-11-27,Soul II Soul,Get a Life,59fbf16e-68d4-31d6-84d7-5ff85655f967
1989,1989,Soul II Soul,Jazzie's Groove,9fa040d5-80c6-4da1-8f5f-a6155cbbb813
1989,1989,Soul II Soul,Keep On Movin’,83d94640-73ed-480e-9926-f226252e1448
1989,1989-05-29,Soul II Soul feat. Caron Wheeler,Back to Life,8a30eddf-e321-36bd-90da-63d8eb24e8fa
1989,1989,Soulsister,Blame You,b241b901-1090-4549-bfe3-9bf197e05fad
1989,1989,Soundgarden,Flower,d3d968a3-7660-3bf6-991b-b9ae1e4c869f
1989,1989,Soundgarden,Get on the Snake,c11d718e-8385-400f-b2ae-70d5d0901781
1989,1989,Soundgarden,Hands All Over,1427418c-872f-318a-9f23-03442f063cc2
1989,1989,Soundgarden,Loud Love,0d128526-0b96-473b-8e2b-643b368d73a3
1989,1989-08,Soundgarden,Loud Love,17d6587a-a899-4382-9091-6e49d67f99ad
1989,1989-08-30,Soundgarden,Loud Love,544917a6-9587-4688-a802-41d6601716cc
1989,1989,Soundgarden,Outtakes,ae0ac335-9988-45ff-af91-c67cbec00892
1989,1989-06-06,Soviet March,Honor,7a708eca-43b8-4159-bcfb-cae5b9aef25d
1989,1989,Sow,Manripe,4b5faeec-704e-318a-9503-a175d4ae3ebd
1989,1989,Space Opera,Electro Wave,dc72a780-8a2a-4702-a584-888b39c6a394
1989,1989,Space Phlegm,One Silhouette / Wasted Space,e98cb327-c01b-46d5-808a-7a4dfd686b24
1989,1989,Spacemen 3,Hypnotized / Just to See You Smile,4c539a8c-6805-3791-b514-0e1f53ee2490
1989,1989,Spagna,This Generation,6c158e46-8d5a-4332-963d-460495a76a3b
1989,1989,Spandau Ballet,Be Free With Your Love,2e098e0b-4ce4-4030-b2c7-aae7ac2df1b5
1989,1989,Spandau Ballet,Empty Spaces,254f9df0-2711-4ac5-906b-0c82caf6b2ae
1989,1989,Sparks,Just Got Back From Heaven,bc728ced-b971-4907-9173-418c521812c4
1989,1989,Spice,I Need You in My Life / Attitude,a8c7f47b-8293-43f7-a41d-407dd247dfad
1989,1989,Spider Murphy Gang,Bussi Baby,0cfdaa7a-7c71-4687-b9fe-1da53e481da6
1989,1989-04,Spider Murphy Gang,FFB,f17dc093-1700-4475-8e4c-816e87c6b852
1989,1989-01,Spider Murphy Gang,Geh zoag ma doch dei Ding,469504e7-13b6-460c-9dd0-bcda07b85889
1989,1989,Spiel Inf Rgt 28,Spiel Inf Rgt 28,27029996-5e4d-480f-b30f-7b38a79ff7b2
1989,1989,Spirit of the Forest,Spirit of the Forest,c2dbef1f-31ec-4ed5-a19f-9729a5f6b9c7
1989,1989,Spiritual Sky,Sky My House Band (Ecoutez et Répétez),31872f41-e866-4e73-a440-f3f4a9e800c1
1989,1989,Splash / David Wheatley,Dizzy Miss Lizzy / Tiffany’s Theme,7c31499f-1375-4344-ab0e-09c803736a2b
1989,1989,SpringtOifel,Asozial & Pervers,3060a08d-fbca-486c-9b8a-450ffcfbdd9d
1989,1989,Squeeze,If It’s Love,99171523-6314-4196-a69d-863ab0810069
1989,1989,Squeeze,Love Circles,a551313f-087f-4a3d-a11c-2bbcb3d49f09
1989,1989-09,St. Christopher,All of a Tremble,c934bef9-9149-376b-948f-5124fa3121a3
1989,1989-01,St. Christopher,You Deserve More Than a Maybe,52ddc529-968b-3272-a93b-7163613c0d38
1989,1989,Stacey Q,Give You All My Love,26b47090-e23e-49d7-9e5a-8b835b048005
1989,1989,Stacey Q,Give You All My Love,e5a52610-2822-4872-9000-3f9dc42bf5ab
1989,1989,Stafke Fabri,Vruuger tijd,9da2fffa-c081-4c87-b886-63f5cf3ff1e1
1989,1989,Stairway,Distracting Nation / Cats,4a871587-dde4-4156-8f8a-386ec6a9b102
1989,1989,Stan Bush,Never Surrender,123e1d6c-b7e8-4797-8728-a33d1e4ac12e
1989,1989,Stan Ridgway,Calling Out to Carol,2b035a53-f7c0-3437-8833-0826053115e5
1989,1989,Stan Ridgway,Goin’ Southbound,d48eee1f-5122-4592-8657-70ec071413b2
1989,1989,Stan Ridgway,Lonely Town,d1f080b8-e6b2-4b4a-b60f-bc403c34d97d
1989,1989,Star Voyager,The Inter-Galactic Cruise,323f253a-afda-4894-afc3-b6daddfaf955
1989,1989,Starlight,Numero Uno,24e4c821-aba1-4d7e-a17c-65209eb0bde1
1989,1989,Stateline,Emergency,8f7e9a00-c4d5-457e-aa03-47ba62bbcb47
1989,1989,Station K,Feels Like a Wish,8f639310-4603-4793-a866-6d2f167ad341
1989,1989,Status Quo,Not at All,86764950-721a-4a63-99c9-2bddfef0e6c2
1989,1989-10-24,Steady B,Going Steady,4b38a5d6-5601-4edd-8a1c-90aa384f7b6a
1989,1989-04,Stefan Dennis,Don't It Make You Feel Good,363a9bc0-ecaf-3c69-a366-17fb55d78fed
1989,1989,Stefanie Werger,Amoi im Joah,a83c2054-19b8-44a7-a03a-6a4abeb74126
1989,1989-09,Stefanie Werger,Flamenco Turistico,d6adca7a-5394-4202-a556-ebc4d32506fa
1989,1989,Stefanie Werger,Ich zeig' dir meinen Himmel,85927d1a-f755-478d-86df-5295b406fa22
1989,1989,Steinwolke,Viola,15210b40-0a41-43c9-ac71-13ba28b849df
1989,1989,Stella,Eens scheen voor ons de zon / Vergeten kan ik niet,f0603c91-bf48-4547-a2cb-4b0289883c4b
1989,1989,Stella,Gezondheid en geluk is niet te koop / Kleine crimineel,5ecf5f4a-c2e1-4e3b-a3dc-9d9f4bd04f2f
1989,1989,Stephan Bax,Als jij maar van me houdt / Wie ben ik zonder jou,452f7aa9-180c-4d59-8a3a-d3053df3aa94
1989,1989,Stephan Eicher,Guggisberglied,3901bf94-b0b2-42dc-b2c2-5e44e1b7118e
1989,1989,Stephan Eicher,Sois patiente avec moi,613c272d-a6a6-4f60-998a-53ffddc79fbf
1989,1989,Stephan Remmler,Einer ist immer der Loser,6d6d651d-7e9e-496f-8cf2-8a7e8d12f36a
1989,1989,Stephanie Mills,Something In The Way (You Make Me Feel),b179aeb6-1bcf-4ef9-8a2a-d6de184c178d
1989,1989-10-09,Stereo MC’s,Lyrical Machine,596c9350-af69-4715-b2f5-cb96de710d2d
1989,1989,Sterling Void feat. Paris Brightledge,Set Me Free,0108874b-f136-3990-8f8e-d7f96fe308c3
1989,1989,Steve Earle,Back to the Wall,cadd2e36-6b7f-47b8-ad96-b47919a0b5f1
1989,1989,Steve Powers,Blame It On My Conscience,3e9f1844-b624-4cf0-a205-8e7198c7e55e
1989,1989,Steve Stevens' Atomic Playboys,Atomic Playboys,9a449d17-1af1-4a5e-a9ce-cc969bd893e6
1989,1989,Steven Wayne Horton,Tennessee Plates,1fa33dac-5667-457f-9d96-8cba895dbe4e
1989,1989-07,Stevie Nicks,Long Way to Go,3a6782b5-0e22-4cc8-ad33-9afee9773060
1989,1989,Stevie Nicks,Rooms on Fire,df88253a-6307-3fcf-a85e-d2d4cf37d92c
1989,1989-10,Stevie Nicks,Whole Lotta Trouble,d6c76fc3-47b4-3fd0-b74d-683a1eaf201b
1989,1989-08-11,Stevie Nicks with Bruce Hornsby,Two Kinds of Love,3923bee8-9f4d-49b0-87b8-aab0c8553d4a
1989,1989,Stevie Wonder,Free,34642eba-5fa6-4427-997d-c143270466aa
1989,1989,Stichting Vastenavend,"Krabbe, lat oew eige nie kenne",95d85eeb-32ca-4c40-ac6b-0d8451c638b0
1989,1989,Stiff Little Fingers,The Last Time,2d2c3c0f-7aad-420b-8fb6-e6bcf720f2ad
1989,1989,Stigma,Prisoned in the Guts of Heaven,172c9342-920d-4990-a6bd-34f72320b40f
1989,1989,Stormwave,Hold On,a1087467-f4fd-4423-8013-252a18183352
1989,1989,Straight Line,Give Me A Sign / Dreamin',04c4bd4f-c254-4ad1-931e-e993415c40be
1989,1989-04,Strange Boutique,Easter Island,ff9654bc-00bf-4f42-a702-3f8542cc55fb
1989,1989,Stratovarius,Black Night,5cee664a-9062-3d79-a05c-e9869a19c281
1989,1989,Stray Cats,Gina,53b30501-de7d-4622-b668-93f8566bfa28
1989,1989,Structural Damage,Structural Damage,a9fa88cd-21ea-4756-86c8-f4c039228a89
1989,1989-02-25,Stryper,Keep The Fire Burning,c7a77a43-0669-4748-b0da-c3f64625a145
1989,1989,Stud Puppet,Joy,d1b3247b-5e66-3dd8-9df4-79ad50c3c00a
1989,1989,Stukas,Gonna Kill Her,1d569504-84af-47af-ad73-dafa7fac2454
1989,1989,Sue Ann,I Still Love You,c3e48c1c-daf8-4d7f-b746-73f4bdc7ba82
1989,1989,Suede,Be My God,90882d64-9793-4d19-b21e-9bedc01835d4
1989,1989,Sueño Latino,Sueño Latino,f045152c-8abe-45e2-9884-f3a0842f5719
1989,1989,Sugar Black,I'm Yours,6e9e58ac-b2bf-4494-88c0-f64978c4c02a
1989,1989,Summer House,Summer Beat,21b752e6-578d-4ad9-ba2f-a7f7cbeb8807
1989,1989,Sunday,Langzaam gaat de nacht voorbij,4a455009-17d2-4e7b-94df-d141dfbcaddd
1989,1989,Super C,Old Pan A Knock,728a0aa4-b260-4ad1-a2df-244834824a9d
1989,1989,Super Grupo Intimo,Fue en primavera / Oye mi cariñito,0a0a8077-a857-4683-9f01-a06e4c33d832
1989,1989,Super Nova,B.C.L.D.,1ab7165c-89d3-4500-82c5-70e1a9e9bdcc
1989,1989,Superchunk,Slack Motherfucker / Night Creatures,64a1ff2a-f4f9-39dd-92d3-849e5ee7cc6c
1989,1989,Surgery,Not Going Down,5d070fb6-ceb3-32f1-9b66-ca68452c8e89
1989,1989,Suspenders,Who's the Teacher? Who's the Fool?,36f33f8e-d5ab-43d9-a6b2-e6ec76fabf4d
1989,1989,Susy-M,Stapelgek,02f3de1f-a836-49c6-a4dc-06f8746b70b0
1989,1989,Suzi Quatro,Baby You're a Star,ec03c7a8-3dc9-4b80-88c5-edc9575475de
1989,1989,Swans,Can’t Find My Way Home,4feef8f8-cf65-3fcb-baf8-f943f42131a6
1989,1989,Swans,Saved,edca004c-c024-368c-90be-cc4327e030f3
1989,1989-04-24,Sweet Connection,Heart to Heart,e65bd707-7df1-4607-adc3-c853a6571991
1989,1989,Swing Out Sister,Forever Blue,086eba70-6eb3-4570-94a7-c12ef935416e
1989,1989,Swing Out Sister,Waiting Game,b2f9c42f-f275-4eb5-bc41-bc55cf962fb4
1989,1989,Swing Out Sister,You on My Mind,f19ac52a-ca5d-4fe8-9cc8-c0e9c6cbf63c
1989,1989-12-11,Sybil,All Through The Night,8b555055-4dde-4fd4-934d-2a6dac210395
1989,1989,Sybil,Don't Make Me Over,5ea17af2-c7d9-3ad3-acf6-fd2e07564468
1989,1989,Sybil,Walk On By,c2fb7b13-cd56-4a71-9219-d7c82bcd402d
1989,1989-08,Sydney Youngblood,If Only I Could,76ac1582-2db1-3dd2-8486-1eed52f7511c
1989,1989,Sydney Youngblood,Sit And Wait,d70a9061-8dd9-4b99-b84a-49aef14b0761
1989,1989-11,Sydney Youngblood,Sit and Wait,f8af260b-ff48-47c8-9345-e1e89dd26be5
1989,1989,Sylvester,Do Ya Wanna Funk (Remix) / Don't Stop,0cbe9d4f-a4a8-4491-b4a4-80182d2c4fc0
1989,1989,Sylvia,Öppna Dina Ögon / Lambada,d14ebda2-cd12-468c-899f-41e5117b6d38
1989,1989,Sylvia Vrethammar,Na - Na - Na Nee-Nee-Nee No - No - No / Wenn du mich nicht mehr lieb hast,2d54aa38-b5c0-49e6-9489-e0d5ab1fbff5
1989,1989,Sylvie Vartan,C’est fatal,68b79649-392a-456d-90cf-0dab92927ada
1989,1989,Sérgio Mendes & Brasil ’66,Mais que nada,24a14372-8b9b-41a9-8d46-58391ca796eb
1989,1989,Séverine Ferrer,J' Veux Pas Grandir Déjà / Mon Frère,bf3b443b-591c-4155-9539-81ddd032af1a
1989,1989,Söner,Längtans arméer,50d45f84-f43e-4615-9e4c-096e0abaf103
1989,1989,Söner,Stockholm Stad,d7ee46b9-e9e0-4958-b482-a41010d58a90
1989,1989-09-14,S’Express,Mantra for a State of Mind,6e31f1f4-13f3-30f5-8875-c8a43e1d946c
1989,1989,S’Express,Music Lover,abc63436-1252-304c-b1d8-8bfd4de30a23
1989,1989,S’Express,Original Soundtrack Megamix,0fe69ffa-bb8c-437c-9c6e-f1317e6aa6e8
1989,1989,S’Xpress,Hey Music Lover,c3501603-b759-35cd-8ed0-e5c5f57a7dda
1989,1989,T La Rock,Housin' With the T's / T-N-Off,3d4e922a-6614-4379-bf6e-19609f206fa5
1989,1989,T.A.G.C.,Broadcast Test,6792f677-735b-4b1e-bcbb-7369d4629632
1989,1989,T.O.T.B,The Best of My Love,328f1900-25ef-4d10-b4df-98ab7b207696
1989,1989-02,T21,Works in Progress,434d3459-19d9-4a9e-8231-1b84033e158a
1989,1989,T99,Too Nice To Be Real,96a72f32-8db4-4565-b2d2-3893139c9b4f
1989,1989-04,Tackhead,Mind at the End of the Tether,3e9bc13f-b8b9-4474-98c5-0551da6deb36
1989,1989,Tackhead,The Game,597b925f-13e9-4a45-a485-f955964c95d4
1989,1989,Tackhead,Ticking Time Bomb,744f2155-8a23-4d35-b79d-3f5fd47c1dca
1989,1989,Taco,Love Touch,5a34a23f-11ab-31f5-b3b6-23c45ff4a53d
1989,1989,Tad,Loser / Cooking With Gas,fbdf7ac4-351f-4806-a09e-9a07ce2ce7b2
1989,1989,Tad,Wood Goblins / Cooking With Gas / Daisy,3f932209-f73e-4143-a517-0e2c8bd148cd
1989,1989-06-01,Tad & Pussy Galore,Damaged I / Damaged II,ef85f563-47c1-4a2e-8d7a-8266c9cdcd5b
1989,1989,Tafuri,What Am I Gonna Do (About Your Love)?,c7b8e7ab-aa25-4888-a303-318329b8dfd5
1989,1989,Talking Heads,Love Goes to a Building on Fire / Psycho Killer / Once in a Lifetime / Burning Down the House,0af40b5c-9bc4-4fa2-b0c6-fd780d9a84a7
1989,1989,Tallari,Maatalouskoneiden vapaapäivä / Lemmen marttyyri,4052246f-b7d5-4480-bac6-8f978ef1c25d
1989,1989,Tambourine,High Under the Moon,e0d53478-249a-4f30-a432-337785e2e6c9
1989,1989,Tamika Patton,Your Precious Love,683d8fc1-04c5-4c40-8428-a7e760b667d9
1989,1989,Tammy Wynette,Liar’s Roses,dfaba83a-cb07-4b05-a379-787bf9b9c4db
1989,1989,Tammy Wynette,Thank the Cowboy for the Ride,7ab3a24d-adc4-4620-a076-c9d43fc5a0c4
1989,1989,Tamsin West,Round the Twist,c6ac1171-0779-46db-ad61-af06395d5551
1989,1989,Tangerine,Tangerine,fba34625-725b-41fb-890f-db8a5e821479
1989,1989-12,Tangerine Dream,Alexander Square,ef331983-85f6-4fa7-88c0-4c4a3bd4bd31
1989,1989-03,Tangerine Dream,House of the Rising Sun,686f2980-f747-4789-8f78-1682d3d3b445
1989,1989,Tangier,On the Line,180d6e8f-39a5-32e5-a500-1d083fa955fb
1989,1989,Tangier,Ripcord,eb5a08b7-236a-33fa-b20d-2c2a27b49ffb
1989,1989,Tangier,Southbound Train,af81360f-8e5b-3cb2-acf1-98327881e861
1989,1989-02-27,Tanita Tikaram,World Outside Your Window,d6982a83-4219-46ca-b044-c84c1c29aae0
1989,1989,Tarzen,Inmediate Obedience,7e8d1407-45ff-4449-9aa7-25bc713ba167
1989,1989,Taxi,"Sedmnáct / Láska, cit a kousek místa",6f04fc8d-7973-4976-922a-3f7573dafef3
1989,1989,Taylor Dayne,With Every Beat of My Heart,e650fd1e-4044-4372-a379-a9f3ec5ad283
1989,1989,Tears for Fears,Everybody Wants to Rule the World / Shout,c8dd8399-2311-4849-812b-854360af1886
1989,1989,Tears for Fears,Sowing the Seeds of Love,d744b476-243f-394d-8198-e82cd65c5261
1989,1989,Tears for Fears,Woman in Chains,8dae58bc-99b5-36cb-bf31-09b7d8c048d5
1989,1989,Tears for Fears,Year of the knife,51c35d52-3030-45a4-b7e5-ab29e6784723
1989,1989,Technoid,Technoid,052c72f6-3c35-4c45-b3ea-b6e31127cea4
1989,1989,Technoid,Technoid,3a651ae4-634b-4b7e-9403-a97d391ee5a8
1989,1989,Technoquake,You Say I Said,e7e39875-3cfc-43f6-9b0b-a54c287335ad
1989,1989,Technotronic,Pump Up the Jam,8d7c9f67-63e3-4a1f-beeb-25dec30bce29
1989,1989,Tecno-Rockers,Tecno-Rock,52f869bc-abe5-4557-a1bc-533665c36805
1989,1989,Ted Herold,Der Mond über Hamburg,f497a1ce-e969-4399-b6fa-962ccc96efea
1989,1989,Ted Nugent,Fred Bear,ba506ec5-42bd-4b21-9675-d30c3dbfee92
1989,1989,Teen Dream,Keep It Funky,e64e94a3-8a5a-4be4-b009-518900093221
1989,1989,Teenage Kicks,The Hit Songs Are Made Out of Broken Hearts,acefec17-a816-4ba5-bb13-b15afb09c690
1989,1989-12,Television Personalities,I Still Believe in Magic,6c61b096-a45f-4dfb-8578-5758257027d2
1989,1989,Telex,Twist a Saint Tropez (remix),2d8273aa-7c2f-4ad2-bd89-2ca91f949e02
1989,1989,Ten City,Suspicious,50fa102f-5138-3dc3-bb37-0e6df476900d
1989,1989,Ten City,That’s The Way Love Is,d63f8677-d808-4729-abd4-921b1e240ccc
1989,1989,Tenor Fly & Daddy Freddy,Dance Hall Clash,07271ed0-e4b8-4eb9-8d44-71476347b943
1989,1989,Terence Trent D’Arby,This Side of Love,205946b6-c72e-47ec-99d0-b90a55d953c6
1989,1989,Terra Rosa,Mr.Freelance (Live Version),ab969427-f7b1-48fd-8f0f-714d9c9e7a33
1989,1989,"Terry, Blair and Anouchka",Missing,92d460f0-fa05-4e2a-983a-e42c0c86ab6d
1989,1989,Tesla,Heaven's Trail (No Way Out),bd690464-8297-3ab4-ac91-a1929d7bd276
1989,1989,Tesla,Love Song,59bcadbc-b2f9-3b72-9df1-df2c91608c4d
1989,1989,Tess,Arabesque,590f104d-305e-4705-af8c-abf642f6556b
1989,1989,Testament,Greenhouse Effect,fd5eba55-c89f-4b92-a19d-f77eb812c161
1989,1989,Texas,Everyday Now,9d212d47-302b-355f-b7f9-5177528257be
1989,1989,Texas,I Don't Want A Lover,c1fc45c8-be39-4111-a201-3a9a81e2c048
1989,1989,Texas,I Don’t Want a Lover,2c15194e-cb4d-3e20-9387-f9987c5d78da
1989,1989,Texas,Prayer for You,09ed5bb8-cc47-36ed-bd49-9797e792d3a4
1989,1989,Texas,Prayer for You - Remixes,ea6423d4-77d0-4bae-8eda-372b4c8e0d02
1989,1989,Texas,Thrill Has Gone,db18c604-2802-3f49-b0fa-a6de354eb3c4
1989,1989-12,TGT,Revo,3b86f148-afc3-4ade-bca3-5cadad691695
1989,1989,The 2 Live Crew,C'Mon Babe,b207e97f-ff13-4d3c-96d8-a43b93320e72
1989,1989,The 2 Live Crew,May We Introduce,cd89f6f6-82aa-436f-9371-6fa5d85953c3
1989,1989-06-10,The 2 Live Crew,Me So Horny,4703055b-3b4e-46da-96f3-6b7e70a203f6
1989,1989,The 2 Live Crew / Blow That Bass And Pump That Whistle,We Want Some Pussy (Rap-House Remix) / Miami Bass (Original Mixes),f0710abf-a2bf-4405-be81-e4ed8327fa26
1989,1989,The 28th Street Crew,I Need a Rhythm,acdbdf75-4a96-44b1-9e1e-365daf479c0c
1989,1989,The 45 King,The Red the Black the Green,ceade51d-b035-44ff-b5d0-407501b5c840
1989,1989,The 7A3,Goes Like Dis,830550e9-5ec1-444e-b1a1-9e3cc7a7cdf4
1989,1989,The Ace Cats,Sheila / Move a Little Closer,1cc6d7a1-7669-4d30-b2e8-fb524b8a84b3
1989,1989,The Adult Net,Waking Up in the Sun,15ba2c2f-14c8-4e7b-bb95-3343bd3e3f1e
1989,1989,The Adult Net,Waking Up in the Sun,1c00c505-033b-4b07-9789-2225cf480d9a
1989,1989,The Adult Net,Where Were You,042d566a-ec6d-4bc8-bf13-6b25920f6ddf
1989,1989,The Adventures,Washington Deceased,af28e6d4-d0f7-441d-b2e4-29499a3adf9e
1989,1989-04-01,The Afghan Whigs,I Am the Sticks / White Trash Party,772bfa0b-d0d4-4711-b75b-1f2442bdebfb
1989,1989,The Alarm,A New South Wales / The Rock,9aea37a6-a901-46d6-a7c0-166735bd41db
1989,1989,The Alarm,Sold Me Down the River,e4535ec0-9a3e-3b21-b8ad-f8a71fae6d83
1989,1989-10-25,THE ALFEE,恋人の歌がきこえる,406983aa-5743-42b3-a2f9-8b9e05f87185
1989,1989,The Allegiance,Rough Justice,1a99f281-8452-4c99-9524-ac0925b80d68
1989,1989,The Almighty,Destroyed,2c1e219d-2b61-47b4-baad-951b27926977
1989,1989,The Amazing Stroopwafels,Mens durf te leven! / Geen leven op Mars,18073a4b-2859-4d3c-9742-59c97e653d9b
1989,1989,The Arizona’s,Bella bella Donna,211ef5c1-d518-4156-b10e-3b07a0e265da
1989,1989,The B-Tunes,Someone Like You,2b4ab308-df0f-45cd-b115-cc440dc12a52
1989,1989,The B-Tunes,The Way That I Do,ab121024-4f3e-4044-8929-ee280eb7da95
1989,1989,The Backlot,Tower of Love,831c81b8-414a-414c-9ac4-e3e8a03cb742
1989,1989,The Ballroom Bits,Orient Express,9c54dd34-2c96-45c2-908c-41ccae7f22a8
1989,1989,The Beach Boys,Still Cruisin',157268b0-eb39-447e-a02a-9ca98f8d4a2f
1989,1989,The Beat Pirate,Are You On 1 Matey? / Pirate Style,934bf7b4-f567-431a-9cfe-732fdea1c2cf
1989,1989,The Beatmasters featuring Betty Boo,Hey DJ / I Can’t Dance (to That Music You’re Playing),8164c9f4-755e-3aa7-a05c-2ee9adef5baa
1989,1989,The Beatmasters with Merlin,Who’s in the House,6cb9e16f-e1e5-410b-8945-4074a07cc30f
1989,1989-11,The Beautiful South,I'll Sail This Ship Alone,94f72d72-0541-3321-9540-b80552cbe916
1989,1989-05,The Beautiful South,Song for Whoever,f149506a-e36c-3e8c-9e8f-dd877dc7d434
1989,1989-09,The Beautiful South,You Keep It All In,f49f6ec3-e0ca-3a44-a520-cb6ff9e08840
1989,1989,The Becketts,Hot Water Music,a27f5cb6-070e-3c8d-bd0b-d8879c907694
1989,1989,The Bees,Mamezala / Never Give Up,ce6e2c1f-c0b1-4d1f-bf99-6472b8292144
1989,1989,The Beloved,The Sun Rising,669bb564-74b1-32db-af5a-b999c7902657
1989,1989,The Biggest Square Thing,A Square Thing´s Prerogative,d8f2518b-5261-4aee-bed1-055a8c2ef5e7
1989,1989,The Bizarre Orkeztra,She's Got,2b9abad0-70a6-4f77-b114-25201f6bf14b
1989,1989,The Bizzie Boyz,Hold the Lafta / Droppin It,ba404cc3-10b3-4931-a2cf-921b998fc49d
1989,1989-04,The Black Dog,Virtual,0d960d1c-acc2-3f54-8607-edf6339bf623
1989,1989-03-20,The Black Retrievers,Elaine Robinson,630425ae-1a55-4fbe-8f64-6148c05acf14
1989,1989-11-16,The Black Retrievers,"Forget About December, Baby",fd64eb1e-0d73-4aae-bb87-0999b3d67e78
1989,1989-07-18,The Black Retrievers,Prettier Shades of Green,a06a2910-3310-4dd5-8c5e-ea354a354402
1989,1989,The Blue Diamonds,4 gouden hits,f1f80952-0375-4753-b625-8f5da79ed660
1989,1989-06-21,THE BLUE HEARTS,青空,0c0c0403-c491-4dea-bafc-56bac5d5f4b4
1989,1989,The Blue Nile,Headlights on the Parade,3178ad69-8a33-3a0f-8c7c-09c524103705
1989,1989,The Blue Nile,The Downtown Lights,1091e396-deea-3bd7-a01c-c2ac37619cc1
1989,1989,The Bodines,Decide,9a5ce704-0ea9-4cff-9b41-19c33e7f3b46
1989,1989,The Bogus Brothers,Running Away,33b8447a-fb75-432c-8d80-90340017457b
1989,1989,The Bomb Party,Why Don't You Behave (More Like a Man and I'll Behave More Like a Woman),643d63ab-10d0-4e27-b1da-21b968024a69
1989,1989-09-21,THE BOOM,星のラブレター,c7b6ba16-020c-48b7-b5d3-7ce68984f80e
1989,1989,The Break Boys,Listen To The Rhythm Flow,4eabf34a-5e0c-4fa1-a775-d2c33ccd9d1a
1989,1989,The Brotherhood of Sleep,"New Beat, a Musical Phenomenon",2e1da7af-1b09-3ca5-a867-6d9371ab43f4
1989,1989,The B‐52’s,Channel Z,3bf4f37d-29e4-33da-b7c7-14ba8fc125c1
1989,1989,The B‐52’s,Deadbeat Club,e8968fd3-e701-3aac-8fcb-8f72a4fa26a1
1989,1989-09-26,The B‐52’s,Love Shack,13810781-fe0d-4263-b372-5cd4cdaed92c
1989,1989,The B‐52’s,Roam,1176acd3-6afe-3985-99b0-19a07190b043
1989,1989-07,The Caretaker Race,"""I Wish I'd Said That""",35656916-5f50-4fa8-8a6f-5261d49fb5d1
1989,1989,The Cassandra Complex,(In Search of) Penny Century,dd2ac01a-f346-452f-9147-94d8db00ad1e
1989,1989,The Cattle,Cattle Call,01ba5f57-c183-4c8e-8ce6-f1e2fb4b0fcd
1989,1989-07-05,The Checkers,Cherie,00b17f92-85a1-3c30-8657-ec70aee78470
1989,1989-12-06,The Checkers,Friends and Dream,a138df6f-9c12-3738-b065-529d015afee1
1989,1989-03-21,The Checkers,Room,71dd37d0-b6d1-3c69-80e3-4fda22fb4b70
1989,1989,The Chimes,Heaven,868e840a-9e11-467d-8320-3690bdd46687
1989,1989,The Creamers,Sunday Head,25e5bb00-2342-4313-bc41-0bdf6511ded3
1989,1989,The Creatures,Standing There,6a090b0f-784b-4aaa-be0d-4317be3df0d2
1989,1989,The Crime Fighters Inc.,Bat Attack '89,fc1c537f-3e2a-3607-9ad3-38a249c69097
1989,1989,The Cult,Edie (Ciao Baby),f0e4ecef-8c4a-3463-9779-a4b5075fa524
1989,1989,The Cult,Fire Woman,0b96c21a-d969-3490-ba69-0503511e205d
1989,1989,The Cult,Sun King / Edie (Ciao Baby),58a54f9a-fdad-41d8-b262-1c58cccf9bb3
1989,1989-04-10,The Cure,Fascination Street,e42f2bb1-863a-3120-afc5-f5249cb51a26
1989,1989-08-19,The Cure,Lovesong,7c41a7b3-fb13-39f0-a71c-e8260ff0b3a0
1989,1989-04,The Cure,Lullaby,a0cd9f1e-639f-3dc0-98ad-e63e480b0c38
1989,1989,The D.O.C.,It’s Funky Enough,fce9b22d-c69d-4eb1-87bf-547d7f7185a5
1989,1989,The D.O.C.,Mind Blowin’,1a56edd1-4ea8-3b91-823e-08e5f77168c6
1989,1989-12-19,The Darling Buds,Hit the Ground,3826b431-6232-4214-b198-61f79a35a77e
1989,1989,The Darling Buds,Let's Go Round There,d381ae15-8202-4c91-9676-f5001c91816c
1989,1989,The Defenders,Chant Down Babylon / Rock Your Bones,b0c9e195-fdd8-4d0c-b783-28bbb7ee6585
1989,1989,The Deltones,Make Me Smile,a455476a-8b06-443b-a30f-73ca401f1ee0
1989,1989,The Deltones,Stay Where You Are,292bc56e-3c31-45b0-abca-6dadaf1ab11d
1989,1989,The Dickies,Attack of the 50 Ft. Dickies,1928b00d-6a09-48fe-acfd-47d43fb7376b
1989,1989,The Dickies,"Out of Sight, Out of Mind",dd5d51fc-0314-4a0f-9ffa-6bd1f224d9b8
1989,1989,The Dickies,The Dawn of the Out-Take,ea4ba13c-013c-44a3-939e-8909f0ff4a3c
1989,1989,The Dogs D’Amour,Satellite Kid,34c8ccdf-54c5-4875-8b9b-bfd3f9272d60
1989,1989,The Don Burrows Quartet,Just the Beginning...,312da939-c8dd-4a49-9920-de4f94d7e767
1989,1989,The Doobie Brothers,Listen to the Music / Black Water,2bc91143-5659-4715-af2a-42a322b819e5
1989,1989,The Doobie Brothers,Need a Little Taste of Love / I Can Read Your Mind,ed78e2de-062b-48bc-b9f7-b3b8197e1738
1989,1989,The Doobie Brothers,One Chain (Don’t Make No Prison) / The Doctor,f261045b-d1ef-4852-8917-2aba2ec51641
1989,1989,The Doobie Brothers,The Doctor,8b973eed-2dd1-4b05-87b5-25e2d948cfac
1989,1989,The Dragsters,Waikiki,bd1b5994-1184-4722-943c-46f0c711a926
1989,1989,The Dutch Boys,'t Is weer 'ns later geworden / Gerstenat,82e23a87-cbcb-4dd5-b08f-3533890c3f7a
1989,1989,The Dutch Boys,We gaan van 't jaar niet naar Zwitserland / Al win ik morgen 'n miljoen,f3d58def-4f30-422a-8f22-c75aa17478ae
1989,1989,The Dynamic Duo,In the Pocket,60f7eb86-854c-4f0a-98c4-006cf7492554
1989,1989,The Edsel Auctioneer,Our New Skin,27be8f1b-12c5-3d0a-baf7-e61e78edd4f2
1989,1989,The Everly Brothers,All I Have To Do Is Dream / Bye Bye Love / Wake Up Little Susie,b9ebb2f2-afc3-4c44-a9a1-2f4aa3a7a005
1989,1989,The Ex,Lied der Steinklopfer / Stonestampers Song,bb7c213e-a395-4953-a832-89372f0bc691
1989,1989,The Fall,Cab It Up,7ac46e47-d74f-4b18-ba9f-c7ffdfb65b12
1989,1989,The Family Cat,Tom Verlaine,c04ad3a1-9b8e-33e5-b193-8ed678ecb0c6
1989,1989,The Fatima Mansions,Only Losers Take the Bus,28c89354-e0fb-39e0-9592-7bbc0ecd8458
1989,1989,The Field Mice,I Can See Myself Alone Forever,046cf5a9-90e4-400b-8f66-c3a550a53105
1989,1989-07,The Field Mice,Sensitive,5d569478-4ac6-300c-add9-d48de702fef6
1989,1989-01,The Flaming Lips,Drug Machine,d524582f-6c18-4ce5-b4bf-d9f58a9d6f27
1989,1989,The Form,Colours of Ever,6833e2b1-4ac8-40b5-943a-00382f16dd8b
1989,1989,The Game,Walk Away,e9127099-11a1-4d49-a0a4-6fe5af428bf5
1989,1989,The Gap Band,All of My Love,b5416198-2ba3-4abb-929b-e46d982969e4
1989,1989-03,The Go Team,Breakfast In Bed,9e2b27a4-bbeb-3259-b8af-317cae27f135
1989,1989-06,The Go Team,Go Team Call,050bcc92-a8d2-3565-9998-5cd9906f4e7b
1989,1989-04,The Go Team,Milquetoast Brigade,9edc7786-dd61-30f2-8e90-d0d005aca715
1989,1989-02,The Go Team,Outside,bcdac780-3b5b-31fe-80ed-b75cc345e95c
1989,1989-05,The Go Team,Ribeye,baf9c4c5-8b17-354f-85d6-8cbb1568b029
1989,1989-01,The Go Team,Sand,a97de7b6-7384-3c6e-9c35-01a5f396a2ce
1989,1989-07,The Go Team,Scratch It Out,def86ae6-50c2-3807-92fb-6235f11130e0
1989,1989-09,The Go Team,The Pines of Rome,2c9db82a-e795-3b18-90a9-4e05f93ae7c7
1989,1989-08,The Go Team,Tummy Hop,bb4dee53-fdf5-32bc-8636-72aeb56902c6
1989,1989,The Godfathers,She Gives Me Love,da5ab0f6-2b6b-4319-a20e-a3ae52c8dfd7
1989,1989-09-11,The Golden Dawn,George Hamilton's Dead,3f85104c-dd24-34c2-941f-4cd99992f327
1989,1989,The Graces,Lay Down Your Arms,25ccbe34-0248-330f-a688-529814c09be9
1989,1989,The Grapes of Wrath,All the Things I Wasn’t,82585f8c-7465-3033-b176-cc304a956d04
1989,1989,The Grapes of Wrath,Stay,28364e5c-1536-3ed4-8929-4ceba578ceef
1989,1989,The Grief,Che's Talks,cca8aab1-44cd-4118-87fb-145438894217
1989,1989,The Gruesome Twosome,Hallucination Generation,52d113d5-a3e5-3f0b-a088-2cf86fc15abc
1989,1989,The Gun Club,Sex Beat,35a25243-e08c-49a2-b6df-2c75c12b95f2
1989,1989,The Happening Thang,Drive Away,8c40fb71-715e-4f11-b5ab-57d49463e871
1989,1989,The Happening Thang,I Don't Wanna Go To Work,6371cd82-22d6-4bb1-9e46-ac8b4256be27
1989,1989,The Highliners,The Benny Hill Boogie,0616c27e-1bbe-4818-bbae-676118d0525d
1989,1989,The Hitmen,Perfect Pain / Tiger Carpet,466fbc3e-5825-43c0-b298-1ec7af57ce81
1989,1989-11,The Honeymoon Killers,Get It Hot b/w Gettin' Hot,9eb70edd-e517-4398-a19a-241572de58fc
1989,1989,The Hooters,"Brother, Don’t You Walk Away",11b427c8-e7e1-4e36-b9e8-26d56f71d49c
1989,1989,The House Crew feat. MC Juice,All We Wanna Do Is Dance: Chapter 3,07ae7c01-f9ac-39d3-a58c-39831bb262e4
1989,1989,The House Crew Featuring M.C. Juice,All We Wanna Do Is Dance (Adamski Remix),12664fb3-b341-4278-a439-414fa10d6531
1989,1989-11,The House of Love,I Don't Why I Love You,39cd1cbc-473e-36b5-b4d0-d91d3194abb0
1989,1989,The House of Love,Never,4bb5a333-2e48-3512-a1d7-98681ad34fb2
1989,1989,The Hummingbirds,Blush,4a08a47f-1f83-3a39-97c4-e4f6c4e3b1d7
1989,1989-11,The Hummingbirds,Word Gets Around,136a0c7d-d905-3db5-9897-23d56f74b606
1989,1989,The Incredible E.G. O’Reilly,The Birth of Maudie,405d29a6-cc7d-4936-80eb-53478cad04fa
1989,1989,The Indian Givers,Hatcheck Girl,90549cb2-5c30-4b6a-a675-9954a29d6080
1989,1989,the innocence mission,I Remember Me,c4eacd21-7127-4a84-933c-c22144c66d47
1989,1989-02,the innocence mission,Wonder of Birds,10d5ab62-53ae-4991-951f-0757c678b57f
1989,1989,The Invincible Spirit,AOU!,0a02293a-9aa6-3338-bd4f-729db4f0b056
1989,1989,The Invincible Spirit,Devil Dance,028e5b10-6745-3899-a490-04d4b3495dc5
1989,1989,The Jacksons,Nothin (That Compares 2 U),b14c9a68-2b59-429c-8619-657441e3c7dc
1989,1989,The Jason Load Experience feat. Iyona,Mainline '90,8ff4e30e-2554-47ec-aa62-84f598de3c93
1989,1989-10-16,The Jazz Butcher,New Invention,460e6bfc-3c79-46ce-bf8e-e3029b8cc978
1989,1989,The Jeremy Days,Brand New Toy,4cbeeb67-8f2d-49ea-a44f-78bc4cd8619c
1989,1989-11,The Jesus and Mary Chain,Head On,017bf507-eeb6-31f0-a7c2-0c44dc1078a1
1989,1989-03-27,The Jesus Lizard,Chrome,fc6e4124-a14d-4d14-bbdd-3f3c2db1f358
1989,1989,The Jets,You Better Dance,9cc37ddd-9039-439c-9159-6429629a9c8a
1989,1989,The Kelly Family,Sean O'Kelley,06563c40-afe7-4813-b497-b1daf96afb0c
1989,1989-01-03,The Kinks,Come Dancing / Destroyer / Rock 'n' Roll Fantasy,1d66743b-5158-3d5e-9ccc-724313d668c2
1989,1989-01-03,The Kinks,Father Christmas / (Wish I Could Fly Like) Superman / Lola (live),1260e015-0c2d-36f5-8b4c-e6a22cc24a0c
1989,1989-05,The KLF,3 A.M. Eternal,40a131d4-feb0-3789-8d64-ec09ffbe61e8
1989,1989-07-31,The KLF,Kylie Said to Jason,0988b4e5-2750-3972-bec8-e1c1377d5209
1989,1989-03-23,The KLF,Last Train to Trancentral,c5ffd170-bb52-39f2-b815-21bb44d503ad
1989,1989,The Latin Rage,Sueño Latino / Està Loca,d19ab0ae-8d10-49a2-bf9f-b5273cd62a3e
1989,1989-09,The Lazy Cowgirls,Loretta b/w Hybrid Moments,41733f7d-e28e-4052-b6c9-0da0ff418edc
1989,1989,The Legendary Pink Dots,Blacklist,25060d69-87e6-48ee-9138-d12dc0bf4c8f
1989,1989,The Lemonheads,Luka,e0b3a50e-6a49-4abe-b8b4-0d471446f18b
1989,1989,The Lightning Seeds,Joy,3b3ab6d6-ab84-3595-92c4-d3e7114c2830
1989,1989-06-12,The Lightning Seeds,Pure,d1afb5af-5a9e-3d66-94d8-24b1e7093164
1989,1989,The Lilac Time,American Eyes,f6f0db5f-d76a-43c9-ab58-ab47d5c5ee2a
1989,1989,The Lincoln Boys,Check It Out / Get Up Get Down,6db82038-a837-3070-b75a-1e0de7707ed6
1989,1989,The Loafin' Hyenas,Scatter,2d6a5a82-f49a-4a6e-b3da-87618f8ea80e
1989,1989,The Lords,Come On Move,2ecac70e-951e-4d51-ad30-2fc15f5ad11e
1989,1989,The Lords,Stormy,106875f4-5f5f-4ebe-8716-a132b74173ca
1989,1989,The Lords,Walking To The Moon,e55711ae-d221-48e0-b9bb-4e6db64a4a36
1989,1989,The Ly-Dells,High Horse,4fb7329e-f950-4f37-b731-c4590b36449b
1989,1989,The Mamas & the Papas,"California Dreamin’ / Monday, Monday / Dedicated to the One I Love",1a8b22d9-ef18-4aa1-826c-c384e365c6d9
1989,1989,The Maxx,Ha Baby,6d0ac290-d874-4f94-82db-6203a72f6a33
1989,1989,The Mayfields,Deeper Than the Ocean,1dc7c0f9-a1e6-4bdc-bbae-182b57cf77ad
1989,1989,The Mayfields,World of Your Own,2315c68a-38c1-4ce5-8983-acc70d448520
1989,1989,The Mekons,Club Mekon,494660b1-291a-4e44-8f4b-408a244e7fd4
1989,1989,The Mekons,"Memphis, Egypt",e9eb460b-450e-4ea7-95d5-59bc44f9480c
1989,1989,The Men They Couldn’t Hang,A Map of Morocco,41d2d0eb-6224-3a36-b791-07602b595a0b
1989,1989,The Mighty Lemon Drops,Beautiful Shame,61e177ab-52c6-4c79-a696-d54b330b2cfc
1989,1989-08-28,The Mighty Lemon Drops,Into the Heart of Love,5c245d1b-99f1-4563-9305-8e36681a563d
1989,1989,The Minutemen feat. Norty Cotto,Bingo Bongo,3987319e-cd0f-4bba-b427-45999d8d7660
1989,1989,The Mission,Butterfly on a Wheel,810887cc-8dbf-324e-8abc-af1d04e26b88
1989,1989,The Mission,Deliverance,24d539e5-9944-3d40-9821-f86186761691
1989,1989,The Mist,Flying Saucers in the Sky,3393141a-23b5-4036-887d-6319986fcbc2
1989,1989,The Mixbuster Featuring Liaison II,Dance Floor Justice,93e3c416-509b-4fc4-9e40-e3934ff0446f
1989,1989,The Mixmaster,Grand Piano,53d8d0eb-3285-4573-a11f-d765e76f2822
1989,1989,The Mobile Homes,Feeling Better,8553ea97-ff3f-41e3-bcaa-8463053f957a
1989,1989,The Mock Turtles,Wicker Man,bdacec0b-d9fc-4137-bf60-a71fec5a2a06
1989,1989-11-21,THE MODS,NAPALM ROCK / GO JAM DOWNTOWN,3d49d8a0-55b8-499b-8081-6091fa179f16
1989,1989,The Moody Blues,Had to Fall in Love,d1214e02-f1ee-4f63-b6e3-1b2969f75b8f
1989,1989,The Moody Blues,Question,9e3681b9-091b-340e-a158-d3309b14ebe8
1989,1989,The Name,Last War Song,c6ac5048-f0e1-3f5f-aeda-7f48cbcabf83
1989,1989,The Neighbourhood,Missing Out,fa297f41-803f-40d5-993b-17c2036a42e5
1989,1989,The Neon Judgement,1313,525303e4-0973-4bd7-83bc-466af251cae8
1989,1989,The Neon Judgement,Games of Love,587a6c69-3ba5-38aa-a425-989f0cdd551b
1989,1989,The New Age Orchestra,Let’s Dream Together,af640234-ec92-4f83-a768-406343e195a4
1989,1989,The New Four,Heimwee naar jou / Zo moet mijn meisje zijn,54ce9bf8-dc0b-46f4-a01d-2d0e05f3cb05
1989,1989,The New Four,"Macho, Macho / Lady of the Evening",5a2aea78-f0b1-44cd-b18f-746d2d5820c9
1989,1989,The Nylons,A Touch of Your Hand,c55805fc-f373-4796-85be-c28309302d88
1989,1989,The Octagon Man,Free‐er Than Free,d4033c83-de7e-4469-a61f-78e52e279c42
1989,1989,The Orb,A Huge Ever Growing Pulsating Brain That Rules From the Centre of the Ultraworld,9ec39d17-e225-3a42-b5d8-9c7874912b45
1989,1989-09,The Orchids,What Will We Do Next?,7e7987a0-066c-3289-91e3-2e5f9af01f94
1989,1989-10-09,The Oyster Band,Love Vigilantes,490152d4-1537-4508-bd83-1181847083af
1989,1989-01,The Oyster Band,The Lost and Found,86aa1c08-2a03-40c0-8567-caeff2b386f9
1989,1989,The Oyster Band / The Cool Notes,I Fought the Law / Spend the Night,a51c25b3-6f44-45eb-974f-7255163f43c3
1989,1989,The Painted Word,That's the Reason I'm Alive,118c0676-3924-4575-8a94-48685b25d7d5
1989,1989,The Parachute Men,Bed And Breakfast,8d280cb8-d9b4-43e3-b86a-8c80e7876589
1989,1989,The Parachute Men,Leeds Station,a9ffc0e6-bd79-4eee-8178-370a2c79745d
1989,1989,The Past,United States of C.C.,62f111e7-a632-4588-8b81-39ba84c4660e
1989,1989,The Pastels,Baby You're Just You,d1cefa82-43e7-4d36-be1b-e4a55ce090e2
1989,1989,The Pogues,"Misty Morning, Albert Bridge",7c04fb19-b09b-3266-bf67-f913132841fa
1989,1989,The Pogues,White City,409b7042-e166-4501-8348-12948a63fb2c
1989,1989-03-03,The Pooh Sticks,Dying for It,c4548e99-77d1-48f7-9d43-932bbaba80e2
1989,1989,The Pooh Sticks,Go Go Girl,2818e267-3a39-4db4-9881-c9463977a049
1989,1989-04,The Pooh Sticks,Hard on Love,267668f2-efc6-40c8-88c0-b19c74a24d71
1989,1989-10,The Pooh Sticks,The Pure Styx,d5d74a4f-80dd-489d-8740-fd5cd7796774
1989,1989-04,The Popguns,Landslide,19052e95-303d-482e-8045-1493f534cc48
1989,1989,The Popguns,Waiting for the Winter,15e338a1-a9e8-4ed4-9b47-6696872e59bb
1989,1989-09-22,The Primitives,Secrets,b974885c-9a55-3080-b214-66f28ee1a4ab
1989,1989-07-23,The Primitives,Sick of It,04c9dfda-919e-3b5b-beb4-66536be04ae5
1989,1989,The Pro 24's,Technotronic,c9876c46-8426-4ca0-acf5-008db35e143f
1989,1989,The Proclaimers,I'm on My Way,26116249-f0ea-462c-905b-723ad661acd1
1989,1989,The Project,Can Batman Escape,654c8849-9df5-418a-ad17-fac027c8b2e3
1989,1989,The Psychedelic Furs,House,0db75d05-89af-3588-a796-14f3763508fd
1989,1989,The Pumpkin Fairies,Love Me,c8764d87-7e05-424b-990a-aaee9606c4c6
1989,1989,The Purple Helmets,Brand New Cadillac,5e342de9-0f66-31d4-966e-e20ade1e05be
1989,1989,The Pursuit of Happiness,She's So Young,3c618e48-ec5f-4762-ab8d-65c12ee4303b
1989,1989,The Quireboys,Seven O'Clock,ec11f4f0-7a88-4dc5-993c-8907a0c35fb6
1989,1989,The Rankmen,Walk Between the Days,d0d92464-c747-461d-8ca6-9ddc6e828071
1989,1989,The Rattles,Little Miss Wunderbar,3e3dfebd-688e-4542-9a34-2236e069aa7d
1989,1989,The Rave-ups,Hamlet Meets John Doe,0eaa1492-3532-455b-8b8f-37b77cef3662
1989,1989,The Real Thing,The Crime of Love,3ce33ad5-a487-45e2-988d-63cf5bef6d74
1989,1989,The Reegs,Chorus of the Lost,b6275cbe-e059-45c5-a167-becd3b6854c8
1989,1989,The Reegs,See My Friends,90240be9-7846-44cb-a539-7ae0f8a14829
1989,1989,The Replacements,Achin’ to Be,4902467c-3a2f-4f54-add0-fe6d2f58fa60
1989,1989,The Replacements,Back to Back,0e4e4828-40d5-42b8-aef8-6282f6f2eaf1
1989,1989-04,The Replacements,I’ll Be You,1392e2e8-575f-42ab-8ece-04e237523ea5
1989,1989,The Residents,Kaw-Liga (Housey mix),74a46a36-f3af-4cb6-ad66-b7200ba00a7f
1989,1989,The Rhythm Method,Call of the Wild,8d68c89a-2bfd-49a8-8419-0c0d9c494c41
1989,1989-08-17,The Rolling Stones,Mixed Emotions,13b184c6-21d0-3e73-959d-10be91c59c15
1989,1989-11-13,The Rolling Stones,Rock and a Hard Place,8de099fa-ca08-3bce-a014-6441725706e4
1989,1989,The Rolling Stones / Cyndi Lauper,Mixed Emotions / My First Night Without You,5a58d4fc-5494-4c5e-b53a-1dbbfb937b0e
1989,1989,The Rolling Stones / Martika,Mixed Emotions / Toy Soldiers,db8a3375-1125-4dd7-b060-0ec9a9dd9dfb
1989,1989,The Rolling Stones Revival Band,ACIG Mix,fc9f779e-6b47-43e0-952e-99c48f05684f
1989,1989,The Rose of Avalanche,Never Another Sunset,4b1d21ee-cfd2-497f-aea7-0c1d145dff52
1989,1989,The Royal Philharmonic Orchestra,Mixed Up Classics,8faa797d-c36d-4b58-a1e5-7f84d5ea8a30
1989,1989,The Rubettes,Megamix,0e4f8592-2394-450a-8da5-ddf42cb66d4d
1989,1989,The Rubettes,New Way of Loving You / You Gotta Laugh,e065f26f-10e0-4ea4-83fa-b4466d0abcaf
1989,1989,The S.O.S. Band,I’m Still Missing Your Love,84b9b292-1e6e-42e4-ba8a-5d2a28af0ee0
1989,1989-10,The Shamen,Omega Amigo,0432d994-342c-36f9-84e0-d90bbb32ee3f
1989,1989,The Shamen,You Me & Everything,e1f0cfc6-9680-3f9b-bc14-243306ed6588
1989,1989,The Shams,Only a Dream,42fe4272-1fa3-40fa-8a28-9b596bc54ef0
1989,1989,The Silencers,Razor Blades Of Love,1415b6ff-9bb5-47e5-ab0b-4346e1d7945a
1989,1989,The Silencers,Scottish Rain,a8c21621-2b64-4b22-a35b-75635bf6cfe6
1989,1989,The Silencers,The Real McCoy,fb293b43-64ad-48dc-b747-17beaf55c3a0
1989,1989,The Sixguns,Back From the Dead!,c97e5835-0756-4286-a5d9-e304667f5ac6
1989,1989,The Sixguns,Buenas Noches From Hell,d08886ed-60ea-49ae-99a4-152baf37c1e2
1989,1989,The Sixguns,"Silver, Sex & Sixguns",392ae149-a476-4be4-a8b5-4cd43a2daa88
1989,1989,The Smalltown Boys,Beatski Mix,fec7ea2f-4975-41fe-bbc1-ba48c09ad39e
1989,1989,The Smithereens,A Girl Like You,560c9dcc-6561-47ff-9aba-794913f72bbc
1989,1989,The Snapdragons,Dole Boys on Futons,2433c0bb-2e3e-4365-a811-2d8de111ad3a
1989,1989,The Snapdragons,Eternal in a Moment,39a4ac66-6558-4bef-90c0-69c011a605ee
1989,1989,The Snapdragons,No Expectations,6a82243a-022c-4850-947b-2a8ceab5cae4
1989,1989,The Snivelling Shits,Isgodaman?,14c4ecd6-9250-46d6-b15c-bb50a8f34230
1989,1989,The Soup Dragons,Backwards Dog,a3a5ddba-3c79-4c91-b569-96c9f26f236c
1989,1989,The Soup Dragons,Crotch Deep Trash,badbe237-5582-4010-9a48-c20a4569de85
1989,1989,The Springfields,She Swirls Around Me,02d2ef3d-594d-4c7e-8174-4af6fb4f94fb
1989,1989,The Steffin Sisters,I Still Need You / Guitar Fiddlin' Joe,36502832-4cc9-4e7a-98b4-d06810d82bbb
1989,1989-11,The Stone Roses,Fools Gold,df6f4439-fcc4-3e40-9849-5e83dc5a660c
1989,1989-11,The Stone Roses,I Wanna Be Adored,bae44001-1508-3aa9-8e42-37c71cf47fbc
1989,1989-02,The Stone Roses,Made of Stone,3863a22f-aeea-393d-8f25-1eb89387283b
1989,1989-07,The Stone Roses,She Bangs the Drums,caebf819-aea6-3d03-bf86-ebfc39b14e13
1989,1989-05-25,The Stop the Violence Movement,Self Destruction,10806b6d-676c-4350-9bbc-297fcda9a6ef
1989,1989,The Stranglers,Grip ’89,6d6708f6-fa57-442e-bd96-2308c017f902
1989,1989,The Stranglers,Solid Gold,40ec66e4-7b4b-348b-ba35-7c0375363bbe
1989,1989,The Subdudes,Need Somebody,db88a40b-55eb-4254-91b3-0855becf01e3
1989,1989-11,The Sugarcubes,CD•6,0c7645d7-45c4-4515-8a71-2ceb11a9caa2
1989,1989,The Sugarcubes,Planet,3e235cca-79ca-3d67-8b8e-b96b73e3573f
1989,1989-07,The Sugarcubes,Regina,0c7e980e-105e-47d9-8b3b-033c803de69f
1989,1989-01-30,The Sundays,Can’t Be Sure,1b5d7393-af16-32b2-9b98-3561a128e3ce
1989,1989,The Sunstreams,Duizend mijlen / Daarom houden wij van Griekenland,de9e3ff3-e075-417c-9bf9-6ca4ffecf757
1989,1989,The Sunstreams,Mijn allerbeste vriend / Laat mij toch blijven tot de morgen,dbd47f05-36df-494d-8543-ffb16c2edbdf
1989,1989,The Swinging Laurels,Push & Shove,9981822e-7b5f-418e-a293-e5716363bf67
1989,1989,The System,I Wanna Be Your Lover,6655a0a1-b328-46aa-ae6c-b0f870da4aab
1989,1989,The System,Midnight Special,459dc392-62bd-4a5a-b8d0-c22b523b3698
1989,1989,The Tater Totz with Special Guest Cherie Currie,Instant Karma! (We All Shine On),878b778f-c71a-4042-883b-c549b5921331
1989,1989-01,The Telescopes,Kick the Wall,e64f7dae-0463-33cb-b00e-c2b1b33881e4
1989,1989,The Temptations,My Girl,8b5a5b6d-0ad4-4504-a493-3a0e4f69d4ba
1989,1989-11,The The,Armageddon Days Are Here (Again),be7058dd-cf26-33b2-9726-9033c6eec619
1989,1989-07,The The,Gravitate to Me,b0fac060-7574-496e-9a75-8806ee426a91
1989,1989,The The,Kingdom of Rain,71136001-ac84-4637-b632-ec4c59702f24
1989,1989-03,The The,The Beat(en) Generation,e7a181e3-55f6-3769-9405-c628fdb02eb3
1989,1989,The Tommyknockers,Snake Lightining,f2eaf8d1-c1d3-4bf1-9349-6016db49d37b
1989,1989,The Touch with Terence Trent D’Arby,I Want to Know (International Lady),4aa89788-ca84-4663-aa41-27195784e086
1989,1989,The Tragically Hip,Blow at High Dough,b8bba036-b72e-47b3-8035-84ae06ffba57
1989,1989,The Tragically Hip,New Orleans Is Sinking,ba3aee07-a7f2-419f-8333-4b3d840dd0d3
1989,1989-03,The Triffids,Goodbye Little Boy,c01fe44d-01ac-37af-9388-9e1d6d301f5c
1989,1989,The Twist,Wolves,0db9cf08-6670-4ebd-9cd7-134a1df21c1d
1989,1989,The Undertakers,A Block of Flats,1efd6f7b-8d91-409a-9072-20d4d06f51f0
1989,1989,The Vanderbilt Connection,Braindamage,977e99e7-b36d-46f0-9452-3ce8d444d863
1989,1989,The Vengeful Widows,What Made Us Change,0d2fbcda-c614-4075-98c0-0eee148fe50a
1989,1989-10,The Wake,Crush the Flowers,cff418d1-df78-375b-b508-1cd3925095a8
1989,1989-06-19,The Waterboys,And a Bang on the Ear,0cfaa532-f1d2-31be-a6ae-97f045af60a5
1989,1989-01-07,The Waterboys,Fisherman's Blues,0fcc145b-5968-3f45-af30-996c85f9eda2
1989,1989,The Waterboys,How Long Will I Love You,39c9e3a5-b260-4c42-9683-b173e759bae8
1989,1989,The Waters,I Don't Want Nobody (If They Don't Want Me),6d2b3484-db7e-4609-a0aa-f65384a2cd03
1989,1989,The Weathermen,Bang Bang!,8844e3b6-0360-38ee-9725-1635b4d69f4e
1989,1989-03-21,The Weathermen,Bang!,ec99232b-a4f0-43fc-b9a9-b70ba426c4f3
1989,1989-10,The Wedding Present,Kennedy,f9e508be-36a8-3ded-8d97-e22913748bd9
1989,1989,The Wee Papa Girl Rappers,Soulmate,4c07617d-ee57-4744-affa-4dabb8557970
1989,1989,The Wilderness Children,"If You Love Him, Let Him Go [7"" single]",cde1f729-295a-4129-a0b7-703e66a4d9ec
1989,1989,The Wilderness Children,"Plastic Bag From Tesco's [7"" single]",059d49ad-70e2-47d7-8eb3-4ea79f42de2b
1989,1989,The Wolfhounds,Happy Shopper,6353d80e-671c-44d3-b132-1beb95e0fd43
1989,1989,The Wolfhounds,Rent Act,e8682d76-6018-4bda-abff-3c20455ce412
1989,1989-09-11,The Wonder Stuff,"Don’t Let Me Down, Gently",28c5031f-e73f-4d39-a3e6-300acc26d710
1989,1989-10-30,The Wonder Stuff,Golden Green / Get Together,de946a03-6001-3588-a41e-32979b4b27df
1989,1989-02-27,The Wonder Stuff,Who Wants to Be the Disco King?,aebb532c-e82a-3860-9572-09952c7615bc
1989,1989,The Wood Children,Fine by Me,f5fdde38-1a3e-4d50-b0ba-9a4c0b51876a
1989,1989,The Wylde Mammoths,Before It's Too Late,1ec2db56-f935-443f-94cc-d0fc6139119d
1989,1989,The Younger Generation,We Rap More Mellow / Rappin’ All Over,2c0aeb4a-4ca3-41d8-b554-48d7a9cd835d
1989,1989,The Zombies,Time of the Season,e8d3c19c-c30a-463c-ae75-52893632e51e
1989,1989-10-21,The ピーズ,バカになったのに,f3c99de5-e629-437b-a236-6b6c0d0764d2
1989,1989,Theatre of Ice,It's All Over Now,6066e235-ceb2-4df9-8832-db84c6100143
1989,1989,Thee Hypnotics,Justice in Freedom,affdae96-e47a-4c0b-80f1-7e361fe61a68
1989,1989,Thee Hypnotics,Soul Trader,b57bc51e-7a55-419e-800b-31c81dcec9c1
1989,1989,Then Jerico,Big Area,a620a0a9-82e4-32e2-bc19-364c3d1ee057
1989,1989,Then Jerico,Sugar Box,9f832c69-5d11-4250-9d01-7d20a07441a5
1989,1989,Then Jerico,What Does It Take?,f52b0fd1-859c-414a-b129-a0879e0e5a36
1989,1989,They Might Be Giants,Purple Toupee,2d130e49-4e62-34d1-89f5-4938360e2d05
1989,1989-02-10,They Might Be Giants,They’ll Need a Crane,f46d86ac-a70c-364e-ac26-65b0170218d3
1989,1989,Thierry Hazard,Le Jerk !,43fcece2-d774-4389-967e-51e298546f9d
1989,1989,Thierry Mutin,America,2cb48399-ad9f-48de-af3e-05f0c55294ee
1989,1989,Thierry Mutin,Conquistador,4a220ebd-66ca-475c-b15c-e307208a497f
1989,1989,Thirteen Days,Ain't Nothing but a House Party,e9ceb60c-19da-439b-8755-26476d3f30c2
1989,1989,Thirteen-One-Eleven,My Bible is the Latest TV Guide,44c16659-71eb-384b-b918-25723df45d24
1989,1989-06,This Ascension,Isabella,79122b3a-3b00-4a5c-9675-b2025cce294a
1989,1989,Thomas Anders,Love of My Own,e7fba8ad-0031-43f9-aee5-617762e71a94
1989,1989,Thomas Anders,One Thing,bcc47715-20d8-4c32-93f9-652024217636
1989,1989,Thomas Anders,Soldier,1cf9adb2-d564-40d2-b256-e14c88eecdd9
1989,1989-08,Thomas Dolby,My Brain Is Like a Sieve,278f23e3-1e4f-3a2b-aec0-4b15d5d7e738
1989,1989,Thompson Twins,Bombers in the Sky,4554c871-058c-4ee6-b933-693deef93d04
1989,1989,Thompson Twins,Bombers in the Sky,ddda0616-1abf-4f2c-8072-9294539a9931
1989,1989,Thompson Twins,Sugar Daddy,107145be-16a6-42a8-ad17-5db49f021ea4
1989,1989,Thompson Twins,Sugar Daddy,8dd1d996-4c52-4015-a2e8-c46b30f9e2f9
1989,1989,Thompson Twins,Sugar Daddy / Monkey Man,9450daaf-016b-3d43-b11b-31ae33557d83
1989,1989,Thorleifs,Jul,08fd955c-f86a-4ceb-bd00-86eccfc4f008
1989,1989,Thorleifs,Spar Dina Tårar,c06a1c8d-6b1a-4cac-88db-2347cd26980b
1989,1989,Three Times Dope,Funky Dividends,03665723-5d45-4cce-a326-1d5933b23bbb
1989,1989,Three Times Dope,Original Stylin’,c6983862-3fdb-4611-9d58-40dfddf74178
1989,1989,Thresher,No Dirty Bomb,68852bd6-cc0b-43a2-b123-f4088d852be7
1989,1989-02-13,Throwing Muses,Dizzy,7606d6bf-24aa-3558-a0f9-901daa758870
1989,1989,Thule,La Jamais Contente,8693c93d-ea23-4a5e-9f67-21306a8669c8
1989,1989,Thunder,She's So Fine,ca91eb77-c4bd-47bc-8bf5-498cedcfeff8
1989,1989,Thunder,Until My Dying Day,4129c0f2-33a5-41a8-b766-303b3a9eb520
1989,1989,Tigertailz,Love Bomb Baby,3725af22-34b8-3ab1-a05a-7e46280e483d
1989,1989,Tim,Happy New Year,8bd48e77-448f-45b6-902f-867cc6fbe749
1989,1989,Tim,Tracey Lee,80c31b43-1c02-4856-ad61-82e20390dd4c
1989,1989,Tim Taylor,Talk to a Lonely Man / Talk to a Lonely Man,06b065c6-2c89-4748-8b83-1fc712b22b5d
1989,1989,Timo Turpeinen,Kulkuriveljeni Jan / Kaksi ystävää,85d72ac7-68f8-4b8d-a2b8-8241904ef90b
1989,1989,Tin Machine,Heaven’s in Here,d3f0e029-6e10-4bac-a7a2-367a1b5da62d
1989,1989,Tin Machine,Maggie’s Farm (live) + Tin Machine,a95a2002-c8f7-4562-b330-e288e4a8285b
1989,1989,Tin Machine,Prisoner of Love,edc278d6-37a5-4f03-9a57-3a59638dcfa5
1989,1989-09,Tin Machine,Tin Machine: Live 89,65f616ca-c87c-37d9-aa77-c13c5e56f5f5
1989,1989,Tin Machine,Under the God,a2968d60-2006-4f2f-af7b-7e2734991224
1989,1989,Tina Trucker,Hou ’m tussen de lijntjes,34963d21-cc24-415b-9301-37cec321d532
1989,1989,Tina Turner,I Don’t Wanna Lose You,0c4bc9e4-7355-4a89-a811-4ef450c25873
1989,1989,Tina Turner,Steamy Windows,8eb5e5ef-70a1-4131-861f-e81b7b342ba4
1989,1989,Tina Turner,Steamy Windows,cf1a9ac9-313d-4881-8a41-7285b1ce363c
1989,1989-08-21,Tina Turner,The Best,fb9cd7fa-ea2f-4f93-be5e-cbe199905e6b
1989,1989,Tina Turner & Robert Cray,634-5789 (Live),f5ebc453-3a36-4860-939d-892bd9d6d17f
1989,1989,Ting Voice,Ting Voice,2c6bd4f5-d4cd-404b-8dcb-1f1fc7da8739
1989,1989,Tiny en Pierre,Mooi Griekenland,dfc179a1-cde2-4482-90f4-d01cffce5a53
1989,1989-12-11,TISM,I Don’t Want TISM I Want a Girlfriend,29834521-9151-4e5d-85a6-bd19882b248d
1989,1989-07-24,TISM,Martin Scorsese Is Really Quite a Jovial Fellow,ca6d9698-9608-4ed3-bd40-10085d37df85
1989,1989-03-13,TISM,Saturday Night Palsy,a9ac7946-3e24-481b-aab2-938bbc129fab
1989,1989,Titiyo,After the Rain,50534d1a-77a9-4b25-8e15-7b829928d774
1989,1989,Titiyo,Talking to the Man in the Moon,16d47d0f-1110-4ef4-9f6a-cb805fd3cc9d
1989,1989-04-15,TM NETWORK,GET WILD '89,0f53e340-2189-45c2-9e7f-d818592fe379
1989,1989,TNT,Intuition,26f000d0-7219-4e66-9dc9-a7647a2fbf61
1989,1989,Today,Girl I Got My Eyes on You,c21c5844-f7a2-4238-857a-384fbec50aa0
1989,1989,Todd Rundgren,The Want of a Nail,b58d5dfc-0f1c-4d04-a945-09ad37231879
1989,1989,Tokyo Blade,Dark Night Over Paradise,f4e56d05-c167-4400-9b19-e7fb13ec031b
1989,1989,Tol & Tol,Eleni,ab1c3df1-b5a0-4516-a0b7-38e9c66081ef
1989,1989,Tom Ludovic,Dove Sei,82224c20-755d-4f6e-9c2a-013f57ef264b
1989,1989,Tom Petty,A Face in the Crowd,08257257-1872-4a3d-b198-c1fa610140d9
1989,1989,Tom Petty,Free Fallin',46a47b13-732a-497d-b4d8-f98f4868eb66
1989,1989-04-03,Tom Petty,I Won’t Back Down,ede497b4-00d7-3119-8d27-d8c3ee9f517c
1989,1989-07-18,Tom Petty,Runnin’ Down a Dream,048c2a05-6aa6-42d0-915d-bd46c32a6272
1989,1989,Tom Tom Club,Suboceana,be6a6bb2-7989-49a6-af97-9268001c9a1d
1989,1989,Tom Verlaine,Shimmer,c9070177-11e0-4aa7-805b-fe6d8ff07dee
1989,1989,Tommi Stumpff,Lobotomie,46c7ac1d-4a19-466e-8d8e-26f26dc2901d
1989,1989,Tommy Fischer,Ich tu’ alles für dich,44d6dd1e-c511-418b-909e-f96a10a182a8
1989,1989,Tommy Nilsson,En dag,05d6a9ad-bea5-4ec7-a700-d32357532791
1989,1989,Tommy Page,A Zillion Kisses,37c69ef6-e549-4495-8792-f941c5ed5b2f
1989,1989-10,Tommy Steiner,Ich bin verrückt nach dir,23437473-2da9-490a-8be4-4d97d8275edd
1989,1989,Tommy Stewart,Bump and Hustle Music,4ed61690-dec3-46dc-b81e-05dfacade9da
1989,1989,Ton Bavelaar Collectief,De Rijn / Santiago,30b494ac-58e7-41a3-8170-96ddc46a1623
1989,1989,Ton van der Wielen,'n amsterdams liedje,0bc6e774-3693-4dfa-9c21-77d0b1db7c85
1989,1989-03,Tone‐Lōc,Funky Cold Medina,83222e3f-2e9d-3338-a2bd-ce5d7559f416
1989,1989,Tongue ’n’ Cheek,Encore,88e7adc2-aac0-4b18-8f38-a574c75813e2
1989,1989,Toni Childs,Many Rivers to Cross,aa0a32b2-92ae-4d79-8b8b-68d1d68bad48
1989,1989-03,Toni Halliday,Time Turns Around,4fe41072-8cb9-3951-a445-e61c16ad26b4
1989,1989,Tony Carey,Comes the Flood,333f75a7-9acd-415c-bae6-658ca6082811
1989,1989,Tony Carey,I Feel Good,829781e1-ba87-4ce0-8c5c-1fdc6b293255
1989,1989,Tony Marshall,Auf der Straße nach Süden / Mané‐Ula,4623c12a-5871-4932-a4fa-7c6ffffd9faa
1989,1989,Tony Marshall,Heute hau’n wir auf die „Schöne Maid“,66d91441-e390-4813-aa3b-29280526a494
1989,1989,Tony McKenzie,House Party,9b7b0f8e-fc3b-4d2c-b026-aeb0ae845ca5
1989,1989,Tony Scott,Get Into It,15beca64-a3ce-43be-9aea-064a0b2fc613
1989,1989,Tony Scott,That's How I'm Living,b121bbde-f7da-4d73-ae37-4ed30d71bf27
1989,1989,Too $hort,City of Dope,e81a81f5-24ba-4d5c-aad5-a831499d73ce
1989,1989,Too $hort,Life Is… Too Short,82d7a8e4-4428-4f33-8267-ab91efe24675
1989,1989,Too Badd,Too Badd b/w Cumin' Up,1b138a3b-ab63-4d7f-b124-eb1b40578a50
1989,1989,Too Nice,Cold Facts,bd7d14f2-96f3-3c4d-9b6b-17cab5e4ad87
1989,1989,Too Nice,I Git Minze,e57cc533-3e71-48d2-837c-793484554fe2
1989,1989,Too Poetic,Poetical Terror / God Made Me Funky,f04312a4-7fac-4c46-bcec-e6ae2a9e20b9
1989,1989,Tora Tora,Phantom Rider,e6470c01-b41e-44a1-98b3-e598ad7e03e1
1989,1989,Tosca,All Night Dancing / One Day You Will See,31fddee1-b656-407f-b54b-dd1e12d4820b
1989,1989,Total Recall,The Force,e04bd766-c0c5-4787-a591-c9283b2c7723
1989,1989,Totten Korps,Reh. '89,6e9049e5-3f2c-4c30-8172-f327276c5cc6
1989,1989-10-09,Toys Went Berserk,Have No More,8dd94078-390f-4cab-9904-59425ae724ea
1989,1989,Tracy Chapman,All That You Have Is Your Soul,d798a808-a0ef-4cd0-b44f-384c0fe80ce4
1989,1989,Tracy Chapman,Crossroads,76fdc4b2-7aff-3d03-a73e-973a97c99590
1989,1989,Tracy Chapman,This Time,da5ab0ba-8b6e-4816-a071-4f1992efeae0
1989,1989,Traddodiad Ofnus,Rh. 2,f4c2d08b-e906-4c29-b4f9-3a0df5391737
1989,1989,Tragic Error,Klatsche in die Hände,a1103564-795d-4d6f-a623-9ed2c4851919
1989,1989,Tragic Error,Tanzen,8b3ce2de-746e-38e3-a5b9-8a939c162d7f
1989,1989,Trance Dance,Push,d08d8411-6b5d-48cf-8de2-b6d59a90e823
1989,1989,Transvision Vamp,Baby I Don't Care,b0c452b0-bb69-392a-ad0a-c1f021d214b8
1989,1989-10-16,Transvision Vamp,Born to Be Sold,3d68028b-9feb-3e20-a35e-e7b564a6e574
1989,1989,Transvision Vamp,Landslide of Love,ad261afb-8523-31c0-9705-91671b6ca378
1989,1989-05-27,Transvision Vamp,The Only One,e2ab742c-b398-4706-95d2-aaeb61827d6d
1989,1989-02,Traveling Wilburys,End of the Line,fad6ccae-0631-384b-a715-b3f8408ebbd7
1989,1989,Traxx,Malfunction,a69ff68f-c88c-4889-a157-6bb5ea44b689
1989,1989,TRBNGR,Route Zero,41787fa0-4eb8-389d-9952-887d17088d45
1989,1989-03-25,Treat,Party All Over,b90c738d-f15a-42e2-91c7-c911bddf76d9
1989,1989,Treehouse,Wild Medication,3316f5a1-c6d8-4c63-8beb-9b3feb6f6a21
1989,1989,Treepeople,Important Things,971a8a97-2ba6-44fd-bf4e-f21e4c1465ab
1989,1989,Trevor Knight & Smoky Dawson,The Bombs Fell Down on Darwin,9306964c-87ce-4809-ac91-183ae3aea170
1989,1989,Trinere,Can't Stop the Beat,bc2d16e4-b196-3709-a47e-a9c71c204d87
1989,1989,Trini Lopez,La bamba,e3273ee3-2574-36ff-b0e4-a81c6319c855
1989,1989,Trio Manke Nelis,We zijn toch allemaal gelijk,60853d49-c98d-4abf-a14f-38ac62129f62
1989,1989,Tristan,Je veux un bébé,cd4f397d-87d6-4395-8dfd-2a160e45ba9a
1989,1989,Troll,Jimmy Dean,4f65bc2b-710d-41e4-82ac-f2f1484cade5
1989,1989,Troll,Jimmy Dean,e960dc3c-6b42-4ed7-9bd4-1f845be72e36
1989,1989,Troop,All I Do Is Think Of You,a88e1454-4f84-4bea-965e-26a48bfb9712
1989,1989,Troop,Spread My Wings,f5543489-b806-4938-932a-09b870110939
1989,1989,Troublemakers,Hjältarna skålar i blod,d00c7757-42ca-3857-bb62-7bf569a0d911
1989,1989,Truck Stop,Lass' dir nie den Tag verderben,e385a438-cf2a-4cb6-9b79-f93e79544e40
1989,1989,Truck Stop / Hanne Haller / Lechtenbrink / Milva,Metronome CD,b69e3747-dd5b-496a-baae-6b90def1137a
1989,1989,True Blue,A Love That Will Last,e007ef1c-da47-46bb-bf39-d7a904eb3ba8
1989,1989,True Blue,Jorden är din,b447d83d-1463-4f9b-aba0-5262eea55275
1989,1989-12-01,TUBE,Stories,ea389bfc-65d2-35e2-8cad-1ac17cb0d9f0
1989,1989-06-01,TUBE,SUMMER CITY,be928007-5b61-334a-8ba2-7b936ff6b350
1989,1989-03-21,TUBE,サマードリーム,7e1f48a1-b4f6-32fe-a04a-77c9e433071f
1989,1989-03-21,TUBE,シーズン・イン・ザ・サン,787c16b3-04f0-339a-a1ec-649923f68325
1989,1989-03-21,TUBE,ベストセラー・サマー / センチメンタルに首ったけ,bd116983-3d63-3b0e-ab44-0094c00fccd5
1989,1989,Tuck & Patti,Honey Pie,f90bb10c-345e-4d13-ba54-614444abb839
1989,1989,Tuesday Blue,Cut and Dry,0a204c16-2894-4978-a96a-798bf4ed3617
1989,1989,Tugga terrier,Svår i huvudet / Säg det,7a4d21b1-dbd6-47b6-814d-d599c91e8ffc
1989,1989-12-01,TULIPIAN,風のスケートリンク,5363037d-8fd6-4dfb-8b36-df4843ccab08
1989,1989,Tumppi Varonen,Kuuma rakkaus,6d13659a-563e-4b9c-a051-8802bdc140e7
1989,1989,Turboneger,Computech,05da90b8-8340-4412-ab16-1c67c8423d05
1989,1989,Twenty 4 Seven feat. Capt. Hollywood,I Can’t Stand It!,bbca5fa1-f8fc-4080-9e19-04546fc11f4f
1989,1989,Twice,Need You,2f6165fd-6a58-4080-855f-90ba0612ba0b
1989,1989,Twice a Man,Skyline Angel,9e5083d7-d9b8-4054-be23-9bcad144453f
1989,1989,Twilight Too Jam,Music Makes You Wanna,cd8ed18e-a27d-4a50-bd39-7c4898f77c95
1989,1989,Twin Hype,For Those Who Like to Groove,f39e03bb-81db-487d-8939-9362b9f79926
1989,1989,Twinkle,Hello,b5227a56-b9a0-4f30-8895-7247214c3f22
1989,1989,Two Without Hats,Try Yazz,2af9770d-383a-466a-a891-9a3b70f3355a
1989,1989-07-10,Tylon,Feel the Rhythm of House,a54cf9f7-72d0-452e-aef0-e93dd4efaef4
1989,1989,Tymes / Clarence Carter,Miss Grace / Slip Away,90ff0f99-9c91-4f98-9f7d-f09540fdadeb
1989,1989-04,Tyree,Hardcore Hip House,45a01dd0-a507-49c9-b36b-2743d35ef8e6
1989,1989,Tyree feat. J.M.D.,Move Your Body,59eb9c32-fe6b-39e8-94a5-b4c2019c8cbb
1989,1989-03-13,T’Pau,Only The Lonely (7 inch),4cfef3df-9138-46e4-a0df-5da85dc0d8be
1989,1989,U U Madoo,Life,04f8cfe7-f93b-460f-aaeb-783a21104bbe
1989,1989,U.U. Madoo & Bounty Killer,Teenager In Love,33802ee3-693f-4201-8567-ceda71a2fa7c
1989,1989-06-12,U2,All I Want Is You,36fd3f7e-2461-3809-9d2a-b9a12b96bb82
1989,1989,U2,"The Missing Tracks, Vol. 2",f19b9cef-b4ac-44ee-87cd-ee9e2282de82
1989,1989-04-15,U2 with B.B. King,When Love Comes to Town,c3dc9ef2-400d-3335-983c-8c128ee7e37c
1989,1989,UB40,Here I Am (Come and Take Me),89878d82-d801-4c86-8bb9-d3350a824b88
1989,1989,UB40,Homely Girl,0e47c7d7-1d82-4fe9-8db6-d557be0c6084
1989,1989,UB40,The Way You Do the Things You Do,0af530e9-22b7-4b8e-99bb-a7882868ed17
1989,1989,UB40,The Way You Do the Things You Do / Here I Am (Come and Take Me),66e9f154-1c21-4a32-b210-4fb2a402e866
1989,1989,Udo Jürgens,Sogar Engel brauchen Glück,642c44f2-c48a-494c-81c2-38485e9d1c0e
1989,1989,Udo Jürgens,Wie im Himmel so auf Erden,81258182-796c-4d03-a5da-8f0f84c32de5
1989,1989,Udo Jürgens,Womit hab' ich Dich verdient,46855aff-05cb-4514-9ea9-70c8a996c23b
1989,1989,Udo Lindenberg,16 Jahr,03e8f4d2-f962-4ccc-beca-d51195e6514c
1989,1989,Udo Lindenberg,Reeperbahn,155084c6-070b-457a-b21d-afed82f7dae0
1989,1989,Ulf Krueger,Dr. No,402a9450-034b-4676-9a54-ad23ff97c7d0
1989,1989,Ulla Norden,Lust auf mehr,e0e0e2e3-5962-46f3-b9bf-629a37814207
1989,1989,Ultimate Force,I'm Not Playing,b2e3a470-ba96-372e-94a0-92c89cdb36d4
1989,1989,Ultra,I Can't Stand a Bitchy Chick,8694d946-a7a0-495a-8b74-444c8b1c5579
1989,1989-04-24,Ultra Vivid Scene,Mercy Seat,7e31d426-fefd-41bb-9d95-0c9e7f859ddf
1989,1989,Ultra Vivid Scene,Something to Eat,20e3c724-20b1-3239-84c8-4ad178570a22
1989,1989,Ultramagnetic MC’s,Give the Drummer Some,daaca600-2bcf-3fe6-b7fd-aa7442911cab
1989,1989,Ultramagnetic MC’s,Traveling at the Speed of Thought / A Chorus Line,529ada52-6873-4460-818f-3bd76b829e93
1989,1989,Umo Detic,Fahrenheit,86dcfd04-f80b-4df4-b7e3-7b6415d98db9
1989,1989,Under Neath What,Straight Ahead Money (Peace Out),ef919d08-a75d-4a2a-b00b-2c46ff360b8c
1989,1989,Underworld,Change the Weather,4e7cb69b-ee71-47a8-9c1a-063a9bd841cb
1989,1989,Underworld,Stand Up,90e4b31e-fd21-4fe3-b49b-c7de77256adf
1989,1989,Underworld,Thrash,8022be3d-30fc-4fa6-9827-61e2a9a19d23
1989,1989-04-29,UNICORN,大迷惑,a88dfe2d-582d-3351-b686-278281ae8915
1989,1989,Union Carbide Productions,San Francisco Boogie (Hoffmann mix) / Down on the Farm,18a38bd0-d77f-4049-bce5-3a35c4fce2a4
1989,1989,Unique,Pure Dynamite / Axe Maniac,01a97d9b-fde5-3ccd-9ef4-02012487fe5a
1989,1989,Unique 3,The Theme,65411082-76db-32ad-93c7-b71f737ca24e
1989,1989-01-16,United Balls,"One for the Money, One for the Soul",6cc73394-92d1-4c65-9882-9e07814c776a
1989,1989-08-28,United Balls,Sing a Song,8a6d4258-8ddc-4ced-8bcc-03afb1838942
1989,1989,University of Love,Souvenirs,c97765e7-5250-4712-aa2a-e97e2b83df7b
1989,1989,Upper Hutt Posse,Do It Like This / Basketball,7b20b48e-853d-32e5-8ced-e1920e8f1c04
1989,1989,Uptown,Dope on Plastic / It’s My Turn,425f628f-a7b9-42f1-9451-b43beb913b35
1989,1989,Urban Nature,Get on the Floor!,234cef05-8423-4f41-958e-e6e80f4a71f3
1989,1989,Urban Nature,Work Your Body / Everybody Get Funky,aaa29ef5-ac7b-48ce-abfa-89e198d9b878
1989,1989,Urbanrobot,Voodoo Chile,e136f014-e2c9-4ed6-989e-49e6595342d2
1989,1989,Uriah Heep,Blood Red Roses,75cfce14-7976-48c0-a334-494b63a6dfd4
1989,1989-05-02,Uriah Heep,Hold Your Head Up,bd07c187-7370-49a1-8439-cc52e18f516e
1989,1989,Uriah Heep,Lady in Black,6158634b-2ff8-32c2-98f9-17c651199106
1989,1989,Vader Abraham,Bedankt lieve ouders / ’t Kleine cafe aan de haven,c07dc442-1214-4802-af00-fac342009add
1989,1989,Vader Abraham,De kinderen hebben vragen / Romeo en Julia,21218924-1621-42fd-9bac-7c70f70d0c98
1989,1989,Vader Abraham,Op de deksel van de jampot ... / Vader's gouden hitparade,69234cac-d682-4372-a6e9-90d8d6eb983e
1989,1989,Valli,Light My Fire,291ef491-8285-4dab-aee0-bde6e082f16f
1989,1989,Van Halen,Feels So Good,70671aa5-7b21-3d3e-bb3f-cdd30bb5fa30
1989,1989,Van Morrison,Have I Told You Lately,29143422-c16f-4d78-8da8-f256edb492f6
1989,1989,Van Morrison with Cliff Richard,Whenever God Shines His Light,a381ba5b-08e0-43be-bdea-7d8ee670f628
1989,1989,Vanessa,Eternity,a837c1b9-406c-4a29-9228-dcfa80b922c7
1989,1989,Vanessa,Just a Game,c6123538-c278-4819-bc7e-1acb96658954
1989,1989,Vanessa Paradis,Coupe coupe,17cdf698-fb52-4924-95da-e3958e5d9b54
1989,1989,Vanessa Paradis,Mosquito,61113d34-c9a1-4084-b036-94d33c3bb3cc
1989,1989,Vangelis,Missing,7eed0b2b-0784-41f4-bd75-7e985655be64
1989,1989,Various Artists,Baby Don't Say Goodbye / Something's Jumpin' In Your Shirt,a1a37aa5-7bf1-4f23-af92-e0f0179900fe
1989,1989,Various Artists,Chemical Imbalance #8,8ca015a3-d201-390e-a062-cf2673b10c30
1989,1989,Various Artists,Dope-Guns-'N-Fucking In The Streets Volume Three,3573fee7-28b4-4692-b57f-ca3ad9521246
1989,1989,Various Artists,Dope-Guns-'N-Fucking In The Streets Volume Two,242855ab-5872-4d8f-85c5-f3650fd7eea5
1989,1989,Various Artists,Ferry ’Cross the Mersey,1ee0891b-229d-4697-89e4-c7240e90bddc
1989,1989,Various Artists,Hotsound Megamix 3,240a38ba-021f-4d23-9577-f1885d7f31d4
1989,1989,Various Artists,Latin Disco,52670189-2fd2-4da7-b7d9-925e021da53d
1989,1989,Various Artists,Sound Power ’89,3b91bb97-6954-482d-a6e8-eacbf3947b95
1989,1989,Various Artists,"The House Sound of Chicago – Megamix, Vol. 1",0e868f88-686b-4d89-bcdf-7013f23f1071
1989,1989,Various Artists,為自由,394f0936-5ce0-42cc-9f52-9f56dde0ed46
1989,1989-06-01,Various Artists,銀河鉄道999/宇宙海賊 キャプテンハーロック タイム・トリップCD 4曲シリーズ,5543ace3-b5d9-468f-8d59-02a003c726de
1989,1989,Vendetta,Don't Let the World Drag You Under,29361cc0-1a05-491e-a926-5b38dd36377c
1989,1989,Vendetta,So Do I,d080dafd-c845-4864-a8a0-fb0e5e1aef08
1989,1989,Venice,Ever and Eve,74184b42-64d0-4a8f-9bff-ad75c79cd3df
1989,1989,Venus,Bang Bang,9fc0c1ee-ea5c-473b-afba-3d77ce5502a5
1989,1989-05,Veronika Fischer,Hey du,d00a229f-d439-489c-8e83-c86e006fc551
1989,1989-09,Veronika Fischer,Ich verzeih' dir,4106c6d8-03f7-4f7e-820f-80f8be81c52e
1989,1989,Vertigo,Bad Syd,8f54faf5-f5f3-4c38-98b1-ea32c05b2127
1989,1989,Vicente Fernández,Aunque Mal Paguen Ellas,0c2ff340-0f5b-417c-b4c2-a010e0bdccb1
1989,1989,Vicki Morgan,Always on My Mind,d73469c5-304c-3cb8-998e-bfa8d1fa2a30
1989,1989,Victory,Don't Tell No Lies,bda5d6ef-9fcf-4260-9229-3dfd9d658a18
1989,1989,Victory,Never Satisfied,c843270b-6bda-4ebd-8e00-802eb13a3010
1989,1989,Vienna Lusthouse,Ready for Radetzky,d850db94-2d59-31c1-9dc1-5e109c00e18a
1989,1989,Village People,Megamix,b3aa405e-7cfd-4b9a-ba4e-31d1ad2d2c5c
1989,1989,Ville Virtanen,Sebastian,33695f0f-a0d9-4d11-9e8f-dd689f8f816b
1989,1989,Vince Vance & the Valiants,All I Want for Christmas Is You,c6b9f357-a093-41b2-b369-e6f1e1d2af24
1989,1989,Vitamin Z,Burn for You,df9a893c-621f-4906-89ec-f6e29e289a6b
1989,1989,Voivod,Into My Hypercube,a2b28e39-53c6-492d-9213-078b9bd03341
1989,1989,Voivod,Questionface,7b6487f2-bb0a-4034-84ed-1f9f38f2b772
1989,1989,Vonda Shepard,Don't Cry Ilene,372a489a-c6a8-4b6e-aae3-05cf41778777
1989,1989,Voodoo Doll,Women Beat Their Men,547d6a8d-4fd0-4c81-acd8-cc401f679cd0
1989,1989,Voodoo Doll,Women Beat Their Men,55a03120-39fc-4484-b586-758fca1d5ef2
1989,1989,Vrag,Regret,8c280afe-44e6-4f0c-9c44-601cd1a57c66
1989,1989,VTM Nieuws,Newsbeat,2d395d7c-9f83-4cfe-a850-83d39fb8bea4
1989,1989,Véronique Jannot,Love Me Encore,5ca96e06-4a0a-4bb4-ae6f-7d9903672969
1989,1989,Véronique Jannot,Mon héros préféré,9b69b5fb-d918-482e-823f-883e351ef757
1989,1989,Véronique Rivière,Capitaine,ccc692af-7fb6-44af-8fd9-6dc5883235da
1989,1989,Véronique Rivière,Tout court,43e3c5ef-be36-497f-ae32-b6134f501c8f
1989,1989,W.A.G.,Depende De Ti,80fd3a73-fcc2-44c4-a3ac-98f38b215df5
1989,1989-08,W.A.S.P.,Forever Free,08f6cf6f-680a-37d3-9d2b-f25a445c7c45
1989,1989-02,W.A.S.P.,Mean Man,5a9e7735-ad15-359d-8e4c-fc641282416d
1989,1989-05,W.A.S.P.,The Real Me,2071387c-f3d1-35a6-8dc1-e35369493be4
1989,1989-02-06,Wa Wa Nee,So Good,f8d1575e-cb31-429e-927c-e545c7535f4c
1989,1989-01,Wall of Voodoo,Mexican Radio / Tomorrow / Call of the West,2a1161e8-3f61-3622-a470-ec177502aa76
1989,1989-03,Waltari,Rap Your Body Beat,c439c278-0076-4e5b-ba2d-5e66948c7498
1989,1989,Wanda Dee,To the Bone,84bd7c4d-41ca-4a69-8c31-2ea9dc3350b5
1989,1989,Wanna-Bees,On a Vacation,e065d746-de81-453f-9e25-15fc32ea57f7
1989,1989,Warrant,Big Talk,f349cd31-80a2-3e16-8283-3c33fedbf9a4
1989,1989,Warrant,Heaven,29782103-db93-493c-8151-b9879bdf7a24
1989,1989,Warren Zevon,Run Straight Down,cbe7b63c-e9bb-463e-8463-83d2c9694708
1989,1989,Warum Joe,Sang famille,83b71c39-8d5a-4e9b-bce0-dd9b31f5d1ae
1989,1989,Watchtower,Dangerous Toy,1419e8aa-0da5-4463-a3a8-bde8ffd5383c
1989,1989,Watchtower,The Eldritch,cfaa774a-8674-41f1-beb3-d36d0adc512f
1989,1989,Waterfront,Cry,54ae51ae-7ed7-4503-89ba-fb62a66e9de0
1989,1989,Waterfront,Nature Of Love,c151fe3d-a3d5-4c8c-b0b1-aaf7e1f3db7c
1989,1989,Waterloo,Frieden auf der Welt / Freunde,e5b63329-5d0c-4dda-930e-33c52c6ef9e0
1989,1989,Waterloo,Love of My Life,2f40269f-9665-4c8b-9c1f-70506ca95eb6
1989,1989,Wax,Wherever You Are,ca848936-adf7-4b8a-b5d7-311584655dd8
1989,1989,Waylon Jennings,You Put the Soul in the Song,2c4e222c-b232-426c-9ed7-36aecd01cf87
1989,1989,Wayne Newton duet with Tammy Wynette,While the Feeling’s Good,4774f929-73be-494b-b1c6-dc48849bd331
1989,1989-02,Wendy & Lisa,Are You My Baby?,aea7e390-7bff-3642-8a70-94574c0f9d22
1989,1989-04,Wendy & Lisa,Lolly Lolly,ead7385d-70d0-3e29-b0d0-06eee44a3621
1989,1989,Wendy & Lisa,Satisfaction,d327b6e9-c715-4d06-84ca-a9e2dbf5b23e
1989,1989,Werner Wichtig,Pump ab das Bier,9526e342-f4a3-315d-94f6-7c33f4c482ed
1989,1989,West European Politics,Women,ea76d70b-9deb-4c64-a35f-26cdff6ab3d4
1989,1989,WestBam,And Party,d492cc00-772f-4fc7-aaba-713d301928bb
1989,1989,WestBam,Cold Stomper,a9609c5c-e952-417b-8e1c-841e272d0408
1989,1989,WestBam,Hold Me Back,8b310c4f-3e6d-435c-a5a1-d17f3b6620e2
1989,1989,WestBam,Monkey Say Monkey Do (Remix),3f0d6ed9-0211-4b5d-95f6-9d579787deac
1989,1989,WestBam presents Rhythum Asyllum,Cold Train,8f96776c-876a-44e9-bff6-db5c2c1b9072
1989,1989,Western Union + Peter Tschernig,Wir beide sind uns nie zuvor begegnet,9683530a-e3ff-4f6b-9339-c7ebce4b4188
1989,1989-08-01,Westernhagen,Sexy,f7ae20d1-0233-446b-aadb-aad4bcff440d
1989,1989,Wet Wet Wet,Broke Away,4fd48ea4-f403-465f-a2da-c504c447bd37
1989,1989,Wet Wet Wet,Sweet Surrender,63249a0f-27b4-383b-9fd5-12baa8ca6df0
1989,1989,We’ve Got a Fuzzbox & We’re Gonna Use It,Walking on Thin Ice,ca9d08e4-f81a-494a-9228-0138b9503876
1989,1989,White Cat,With You,a498c459-88c8-4c25-af52-f9b42744e919
1989,1989,White Lion,Cry for Freedom,a99a64dc-36b8-30d8-919d-5463fe4be528
1989,1989,White Lion,Little Fighter,2c1b1750-2c94-4509-a684-b576baa1bd75
1989,1989-07-05,White Lion,Little Fighter,b6a21211-7b28-4961-a4fb-1df69a9433ea
1989,1989-10,White Lion,Radar Love,90c0cd37-2ad4-4ad3-a9f1-f19ac3d898ca
1989,1989,Whitesnake,Fool for Your Loving / Judgment Day,b210690f-48e7-441e-8af7-b82b43b45f5a
1989,1989,Whiz Kid With YSL,Cut It Up Whiz / Kick the Bass,c47c9959-cc56-413d-a5e6-4345370df62b
1989,1989,Who's Next,Crazy Nights / Fool,0cd4075d-247a-4313-b1e0-5e94f722eca8
1989,1989,Wiener Wunder,Nicht mehr los,3644f99e-1a4f-4bb9-b995-7054dcab9760
1989,1989,Wiener Wunder & Christian Schmidt,Böses Spiel,e4a68a18-845c-4625-ae5b-e20f9e61d34d
1989,1989,Wies Cavé,Huilen om jou / Van Leiden zal ik mij nooit laten scheiden,6d1c938f-509b-4a1b-a97f-89124f83887c
1989,1989,Wies Cavé,Van Leiden zal ik mij nooit laten scheiden,e18dabb5-16e7-4665-a056-0490ec9830df
1989,1989,Wiglaf Droste & Bela B.,Grönemeyer kann nicht tanzen,156b283e-3711-33d1-b6b2-325cd483ed36
1989,1989,Wild Boys,Pussy Thang,4d2ed8ea-c0c9-45da-845a-5cd816fdcf3a
1989,1989,Wildecker Herzbuben,Herzilein,e8501245-78f4-4128-adac-d6379f7a5724
1989,1989,Wilfried,Musique mon amour,b6338123-99e3-46b6-9feb-ad08a24d0cca
1989,1989,Will Downing,Come Together as One,ad52b421-cf4d-45ee-9c51-863ea8ee32a1
1989,1989,Will Downing,Test Of Time,97584ec3-8083-43dc-8d3d-cab18ae79207
1989,1989,Willeke Alberti,4 gouden hits,3b7e7186-3db6-4cbe-ac9d-06c6943f4d60
1989,1989,Willeke Alberti,Mijn droom / Even maar,65b1b922-745f-42b3-b04e-5253fb7ac6f0
1989,1989,Willeke D’estell,No Regrets,ddbe9e68-bb9c-4d92-acdc-37dd9cafb2ad
1989,1989,Willem Duyn,M’n allessie,10a4bb3c-6ecd-4978-938c-c169072ea179
1989,1989,William Beeloo,Ik schrijf je naam / Dein Platz ist hier,3674ea7e-a2ac-4362-bc26-1aafe95e6acf
1989,1989,William Sheller,Le Témoin magnifique,6e56aefb-ed4d-44ee-9fd1-2ae65cd353fa
1989,1989-05,Win,Dusty Heartfelt,6f458685-0c54-38f9-8edd-08596f5419bc
1989,1989-01,Win,Love Units,b79add9d-136d-41ae-8629-c97e8b10c052
1989,1989,Wind,Mamy Blue,1e45a169-2347-438f-85e7-a3b3a8bc8edd
1989,1989,Wind of Change,Rain,f6c03331-e7cc-4a2c-9f54-17b90368c5ee
1989,1989-11-01,Wink,One Night In Heaven 〜真夜中のエンジェル〜,ab61ec2d-f006-464b-8ddb-ea37a3cdab71
1989,1989-03-16,Wink,涙をみせないで 〜Boys Don't Cry〜,3a353601-5c12-4781-a00d-404e011df946
1989,1989-07-05,Wink,淋しい熱帯魚,98a1a3ed-b2ae-4a46-b785-852997257ccc
1989,1989,Winter Hours,Roadside Flowers,29a85dea-8957-47ef-a291-01b1a4215a1e
1989,1989,Winter's Reign,Ticket to Ride,b3197a2e-57a4-4697-88e2-da5b2ca4d0ad
1989,1989,Wire,Eardrum Buzz,e6a33501-e4d1-443b-8903-77e628863118
1989,1989-07,Wire,In Vivo,2502ff86-2076-3520-84a4-1eeb6d6cc5a5
1989,1989,Wolf Maahn,Manche,afe5493d-514a-4ba1-b2cf-7dc301ecf120
1989,1989,Wolfgang Ambros,Erste große Liebe,047ac3fa-ad40-4637-894b-8ead842f96ad
1989,1989,Wolfgang Ambros,Idealgewicht,d8380700-892b-4bf7-9ac7-9ff241e098fa
1989,1989-03,Wolfgang Ambros,Zwickt's mi 2000,b8f83e7f-e862-4766-b41b-ca9213143a6d
1989,1989,"Wolfgang Dauner, Wolfgang Haffner, Dieter Ilg, Volker Kriegel, Albert Mangelsdorff, Charlie Mariano",Happy Birthday: 20. Geburtstag von Zweitausendeins,a38117b2-c358-48a2-9890-3288917cb80b
1989,1989,Wolfgang Petry,Einmal mit dir,256ec1db-5ba3-495b-8461-c4a5400990ec
1989,1989-07,Wolfgang Petry,Nur ein kleines Stück Papier,a74c32b9-58c7-4240-b1db-ee486d513577
1989,1989,Wolfsbane,I Like It Hot,7f400d07-55e9-39eb-a254-04c6b0023aff
1989,1989,Wolfsbane,Shakin',4bf47274-1dbb-4184-bc9c-825bb8044a15
1989,1989,Womack & Womack,Celebrate the World,3a572260-bd3c-4a83-80a7-75e8b21e97bb
1989,1989,Womack & Womack,MPB (Missin' Persons Bureau),7f07326e-c093-4fea-aa2c-cb50df6c0943
1989,1989,Wonderama,Everyday Should Be My Birthday,1db314e1-75e8-419c-92c3-3537e71395b1
1989,1989,Wood Allen,Airport '89,45ed828b-ff01-471a-acda-b49c6ca4fe04
1989,1989,Working Week,Blade / Waiting in Vain,e7b1c5cd-9b9b-457b-aac2-ac80465efb32
1989,1989,World Domination Enterprises,The Company News,9075b741-3587-3b4f-b0f7-2177f0691fbd
1989,1989,Wreckless Eric,It’s a Sick Sick World,8ec08028-68ef-47b6-b2b6-22a316ead0d5
1989,1989,Wrecks-N-Effect,New Jack Swing,6c5d21fe-3a82-45fa-994c-576787d258d0
1989,1989,Wreckx‐N‐Effect,Juicy,2e0ba7d3-9e11-48ba-b289-6fcb266401b4
1989,1989,Wwax,Pumpkin,72e8ce34-9fd5-49a1-a2a8-56bd6b212ffb
1989,1989,X,And More,9aee7e16-0877-4a38-9c52-f72bd01ce563
1989,1989-12-01,X,ENDLESS RAIN,355b4ca7-5ca7-318c-adf1-8b2eb4f13791
1989,1989,X Marks the Pedwalk,Arbitrary Execution,bea7530b-55d2-33da-af29-6c0572f741d0
1989,1989-01-01,Xmal Deutschland,Dreamhouse,740a2133-5929-300f-9b88-7598ee88b634
1989,1989-06-21,XTC,King for a Day,48b9aba0-4060-3598-af17-4af978c0a048
1989,1989-01-16,XTC,Mayor of Simpleton,a8a22eec-b5b5-3f0a-86d9-9180e69330ed
1989,1989-08-29,XTC,The Loving,3a76130b-4728-4d72-8948-fd4754eba076
1989,1989-06,Xutos & Pontapés,Se Me Amas / Submissão,d9a2bb1a-aaff-3ee3-843d-aa79c7ce5c89
1989,1989,Xuxa,Dançalinha da Xuxa,f55d21f3-b1aa-4cce-b953-d510c1207ddd
1989,1989,Xymox,Imagination,67aa406a-9721-4191-b6f1-98789cef12e8
1989,1989,Xymox,Obsession,5294c307-d771-3a53-b7ac-155a343302cc
1989,1989,XYZ,Inside Out,497ffd97-bb58-4edb-9bb4-a1a9342c9fc9
1989,1989,Yada Yada,The Jam Jam Jam Song,61f5deb1-d8e4-4b72-9ec1-3b54e303a2a1
1989,1989,Yann Andersen,"Heartbreaker, Lovemarker / On the Dark Dark Side of the Sun",90994163-d522-402f-bd5b-d31487c83db3
1989,1989,Yardbirds / Deep Purple,For Your Love / Hush,0afc877e-ce2b-4739-96ee-5ef030aaab78
1989,1989-01-30,Yazz,Fine Time,c929e9c4-47ec-4638-b648-d0f3812537a2
1989,1989-02-27,Yazz,Where Has All the Love Gone?,9fe6627b-c5f1-3f12-89bd-0e7c054c7cd6
1989,1989-07-24,Yello,Blazing Saddles,b0ac75e5-9157-3099-b611-48846385fcd0
1989,1989,Yello,The Race,325d6413-639a-4da8-9b42-c788cf428323
1989,1989,Young M.C.,Principal’s Office,cac96fc0-0369-3ff4-976d-e6302cc031ff
1989,1989,Young MC,Bust a Move,b9742fb5-9545-3ccd-95a7-f3b991dd2786
1989,1989,Young MC,Bust a Move / Got More Rhymes,1633df6e-44b8-4a16-bd84-eea23d60f609
1989,1989,Youssou N’Dour & Peter Gabriel,Shakin’ the Tree,a5ed37eb-5d6c-4588-bd10-d7b1d6ce0d06
1989,1989,YZ.G-Rock,In Control of Things,033ee95e-81d0-4410-966d-4cbf875da324
1989,1989,YŌRAN,THE ATOMIC LOVE,edc94862-1726-470d-beff-ba70d1b38cbc
1989,1989,ZAG,Rauchen,6a3543e3-48fd-422a-b76f-cdd0498bc1b1
1989,1989,Zangeres Zonder Naam,4 gouden hits,2fc9e83a-8fa9-428f-9760-b74a94cfca13
1989,1989,Zeke Manyika,Love You Feel,27e0c88b-2c1a-48bd-8c88-1264d2f41570
1989,1989,Zeke Manyika,Runaway Freedom Train,73b4869d-1258-4e3e-b021-7e6d1a08e098
1989,1989,Zeltinger Band,Der Mönch von Köln,09063706-fcf5-458d-a465-51b0eb0d3bf5
1989,1989,Zeltinger Band,F.C.-Lied,41140dec-72f2-4133-ba6b-84dd9c46e432
1989,1989-02-24,ZIGGY,ONE NIGHT STAND（c/w:「SHOUT IT OUT LOUD」）,88dca293-58ab-41c1-996c-60ec53d67892
1989,1989,Ziggy Marley and the Melody Makers,Look Who’s Dancing,deb66bc2-f21b-47d9-a4d9-2d3d07ea2509
1989,1989,Zillertaler Schürzenjäger,"Tirol, I bin a Kind von dir",a2f2d755-44a3-4a94-ae46-4ff74937f008
1989,1989,Zircus,Jenny,80f19934-da13-4e8e-9038-5eb6fdff00ec
1989,1989,Zoo,Więcej Sexu / Romantyczna Gra,d6c235a8-8e85-4b8a-8628-82de1933d428
1989,1989,Zouk Machine,Maldòn,f4516a0f-6f97-4cb3-9ce3-02ad1c868942
1989,1989,Züri West,Aber Dich gibt's nur einmal für mich,ef1ad930-1938-46dc-b12b-612c9f3d6f9d
1989,1989,À caus’ des garçons,Pas envie d'expliquer,f3d2ab8e-96d8-45ea-af54-ddae9c7ebd8b
1989,1989,À La Carte & Mungo Jerry,Dancing in the Summertime,c7abb5ce-494a-45a4-a509-6740bfc600a1
1989,1989,Élisabeth Anaïs,Toutes les mêmes,ed25fc8b-9499-4c6f-bd0c-6e37d73949d2
1989,1989,Éric Morena,Hissé......O,00355f56-542f-4c8f-ad9c-f5d30acfcdbc
1989,1989,Étienne Daho,Caribbean Sea,f006465e-add8-40bb-b11e-9ee41d71ee13
1989,1989,Étienne Daho,Le Grand Sommeil Live!,d7c85312-b2a4-426f-ad3a-8b261f76eb01
1989,1989,Østjydsk Musikforsyning & Sylvia Vrethammar,Så' det sommer / Kalle Jævnstrøm,9ff93642-5738-49a0-ad04-ee8946ae6d5d
1989,1989,Βίκυ,Something's Gotten Hold of My Heart,a7ace17a-4075-4dfd-b81c-51eac0585e6c
1989,1989,Βίκυ Λεάνδρος,Πυρετός Του Έρωτα,72d2521a-5320-4f6f-a8b7-2651e5db3d9c
1989,1989-11,Φοίβος Δεληβοριάς,Εκείνη,c476fa53-7941-4da6-9ecb-cb9bdab7ba99
1989,1989,Όρα Μηδέν,Μόνα Λίζα,8a7456d2-cc31-4e96-b8c8-566b08e00754
1989,1989,Алма’та Студио,Джулия,fa9f15e6-e590-40ff-a69a-ea5f95a1c729
1989,1989,Борис Гребенщиков,Radio Silence,716f558b-7c91-4b58-a450-42a421c75479
1989,1989,Борис Гребенщиков,The Postcard,ec8288a2-25ba-4d9e-9f49-492c2dc9f244
1989,1989,Будни лепрозория,Отдых,dc2f036f-aa3b-447d-bdf4-06866debdde1
1989,1989,Ласковый май,Белые розы,ef395d01-a0f6-4748-a8fa-42e140efbcc1
1989,1989,Олег Газманов,Люси,ebc209e7-fe52-4317-9487-f5c308d9deb3
1989,1989,Центр,Navsiegda,5deaac9d-6529-4cbf-be95-78e6706694ce
1989,1989-10,אבי טולדנו,החיים רק מתחילים בגיל 62,ae9bb4a5-00fa-4648-b600-01355348be5f
1989,1989,אילון קרני,שומעת איך הפרחים צומחים,96734035-0fb4-4ed1-9547-42b9f790d022
1989,1989,אילן בן שחר,בורגר ראנץ׳: שיר התפריט Remix,e4b99e67-a505-441f-bf7c-20ff13bb4c92
1989,1989,אילנית,גשם,13d48fd7-bb7c-4f47-a626-3057837faf6f
1989,1989,אריאל זילבר,הלוואי ויכולתי,c2a3c9f2-edc8-48dd-b53d-3ea2445af7dd
1989,1989,אריאל זילבר,חולם,ac49106d-b850-46cc-ae66-e93c64b384e6
1989,1989,אריאל זילבר,להתראות במבול הבא (The Ozone Dance),9872a12b-7582-4002-bacd-fc16058da015
1989,1989-03,אריאל זילבר,לעולם,00492444-304c-49a2-b187-6a0329b7ac84
1989,1989,אריק איינשטיין ויוני רכטר,אדון שוקו,39e564ff-4123-4227-9719-b1139e456455
1989,1989,אריק איינשטיין ויוני רכטר,הצריך הזה,f4eb592b-f300-470c-835d-bc076d2f9a85
1989,1989,אריק איינשטיין ויוני רכטר,כמה שרציתי כלב!,47f751c4-6854-4970-a0bb-b7b1d7241925
1989,1989,אריק איינשטיין ויוני רכטר,לולו,a8699988-9a2f-42c4-bc78-30994ba48929
1989,1989,אריק איינשטיין ויוני רכטר,קִלפתי תפוז,102f6bd5-1863-400f-8e2e-7253cf469ff2
1989,1989,אריק איינשטיין ויוני רכטר,שותפים / גברת עם סלים,cd9fc109-75f8-46f9-bbe5-d5b373022d47
1989,1989,ארקדי דוכין,אני לא אוהב,86ccce12-47ff-4323-b39e-a7c504680491
1989,1989,ארקדי דוכין,טמבל,5acef7ea-eaa4-4ec0-932a-c4e39888a973
1989,1989,ארקדי דוכין,פארוס / שיר לירי,db712970-83f2-4c55-ba15-50a752c5d3c3
1989,1989,ארקדי דוכין,צמרמורת,2e19be04-fb96-4ed5-b64e-3df8e94ce263
1989,1989,ארקדי דוכין,שקי האיגרוף,c2724e28-2bc6-463b-955f-841409276f5d
1989,1989,אתניX,אין לאן ללכת,437f431b-a0c1-4e52-9b6b-dbad12cfe576
1989,1989,בעז שרעבי,אילת,c05f45a5-9a54-45ba-981a-b539a18d0b04
1989,1989,בעז שרעבי,בחיי,c16e153c-8660-4de0-8cce-5def29624b42
1989,1989,בעז שרעבי,כח להמשיך,2eda6a66-87e8-4a06-800f-ff66c9c759ae
1989,1989,בעז שרעבי,נע ונד,4c61cefa-676c-4707-b2a8-404b70fc9938
1989,1989,בעז שרעבי ורון שובל,פמלה,33da45e9-7c66-4836-9018-22498197bbcf
1989,1989,גידי גוב,אני שוב מתאהב,b00210e2-94e5-4e5a-b4f6-4c9678899ecc
1989,1989,גידי גוב,באותו סולם (פסטיגל 89),2e702fc3-fe64-4414-8c9a-e76931f4abd5
1989,1989,גידי גוב,למה ליבך כמו קרח?,6d6b393b-5722-40fa-b591-4ede284a3a71
1989,1989,גידי גוב,מה אתה בכלל יודע על אהבה?,8d9bb0bc-dfaa-4b48-8bcc-751c392c6e0e
1989,1989,גלי עטרי,זר יקר,df6b4ae7-f3ea-4f93-ab06-c76604135c67
1989,1989,גלי עטרי,כאילו סוף,7abddbcb-f504-4f89-a543-51f3cd064d95
1989,1989,גלי עטרי,מראה מכושפת,2e341338-f468-44d6-bada-26b82642a0b7
1989,1989,גלי עטרי,עוף מוזר,a7eea738-3038-475c-99dd-a6eeb111a2ff
1989,1989-01,גלי עטרי,פרח משוגע,617e3e70-d77d-42d0-abaf-16e6a8befb9d
1989,1989,דודו זכאי,כה קרוב,796e0e90-af60-4caf-ba7a-c5bef1bcb68e
1989,1989,דורית ראובני,עד שער החלום,5b4f0b7a-6620-41ee-b56c-80b097066549
1989,1989-01,החברים של נטאשה,יש בך,d4c41bdb-0c89-4788-8cf3-0010bc664ae0
1989,1989,החברים של נטאשה,יש זמן,2beb5268-a958-4ef7-9f01-26ec83fa7646
1989,1989-02,החברים של נטאשה,מלנכולי,f2dc0318-7e3d-4178-91f0-6f028a0f5b80
1989,1989,הכל עובר חביבי,עוד מעט מסך,c2d084fa-8f19-4b18-926e-92f9367cba2f
1989,1989,חוה אלברשטיין,אל תשליכני,6035d1e4-db91-47d9-a206-4370af7366ac
1989,1989,חוה אלברשטיין,גם אתה תעבור,38795624-c6ca-4e4e-8278-daf4556ea4b5
1989,1989,חוה אלברשטיין,חד־גדיא,200181fa-82c0-4096-b637-3f08d2e273a6
1989,1989,חוה אלברשטיין,יש סיפור חדש בעיר,e46bb343-47fc-43f0-bcfe-bc84e8cc4616
1989,1989-03-26,חוה אלברשטיין,לונדון,3004e5fc-3f86-49e5-949c-ac50f54294df
1989,1989,חוה אלברשטיין,מה יהיה,c36e0d47-938a-47ca-b07e-f77b5cbc6443
1989,1989,חוה אלברשטיין,רמז,ed5ff3e4-6520-4093-aef6-37cb345fddc6
1989,1989,"יהונתן גפן, פורטיס-סחרוף",ולס עם מתילדה,cbb9eb3a-7be4-41d1-b499-859114a31e78
1989,1989,עפרה חזה,Fatamorgana,a40e788b-9b97-3e8f-8cda-e4794e0a2fc1
1989,1989,עפרה חזה,Wish Me Luck,b8948dbc-a17f-31dd-9a0a-6493bef98159
1989,1989,עפרה חזה,Ya Ba Ye,1968191c-df5b-31de-aa8f-9b42cea99e3a
1989,1989,“Devastator”,Cold Blooded,d9a39aed-aaa4-460a-baa9-6c756c21c446
1989,1989,“Fast” Eddie Smith,Most Wanted,558c7f90-f8e0-4208-a10f-f517123eea29
1989,1989,“Weird Al” Yankovic,Money for Nothing/Beverly Hillbillies,7a0c273d-1e8a-4002-a59c-d5900892bd74
1989,1989-07,“Weird Al” Yankovic,UHF,d34e56cd-1d0f-4467-b659-49bc112e3cbc
1989,1989-11-21,うしおと一郎,夜の銀ギツネとタヌキ/かりあげクンのかりあげ一日(ぐらし),a4eac61a-6ce0-4f77-b188-0a453f4cd26e
1989,1989-08-10,たえこ & ゴメンドーKIDS,WANT YOU!,fe129d4e-633b-49d1-b611-102399ab341e
1989,1989-02-08,ゆうゆ,もう一度ピーターパン,14f16045-ff2b-41aa-9172-076224cf5643
1989,1989-11-10,アンナ・バナナ,Ka・Chi・Kan,461d7808-6c2a-46a7-8547-273ec84d9059
1989,1989-07-25,アンナ・バナナ,こわれもの,50eb4f94-4682-4379-a2c3-e2724cba13d9
1989,1989-09-05,カルロス・トシキ & オメガトライブ,花の降る午後,4ec3cfed-2835-4c5e-bbcc-ab3faf191941
1989,1989-07-01,キューティ鈴木,泣かないで,011cc28c-d194-4465-90ea-f4680c2abfc7
1989,1989-06-07,サザンオールスターズ,さよならベイビー,626ec884-996c-42dd-a757-967b34b558ab
1989,1989-11-21,サザンオールスターズ,フリフリ '65,54cfa52c-5532-49cc-9bf7-1f05f7a0af7e
1989,1989-04-12,サザンオールスターズ,女神達への情歌（報道されないY型(ケイ)の彼方へ）,237115df-d4a8-46e3-8404-f580e4fa998e
1989,1989-09-12,ザ・ハーレムQ,ザ・ハーレムQ III LOVE Love Love 言いたかないけど I LOVE Q!!,63d32912-2774-40eb-b4ed-f99204aa24be
1989,1989-06-07,チャイルズ,レベルUP! ときめいて ～チャイルズクエスト～,0185b763-d62e-41f8-8e24-ccee469329f7
1989,1989-07-26,テレサ・テン,悲しい自由,3a79322c-187f-4c1f-a71f-74a8e0126cb3
1989,1989-03-08,テレサ・テン,香港,8bce91d7-4d70-4013-bb17-396a5ee2063c
1989,1989-10-21,ドリーミング,生命あるもの/ユートピア,47f9ba9b-1cf5-4d3e-aed9-1aa8e94d9454
1989,1989,ビスケットホリック,Magic Strawberry,b0595294-f6a5-4865-b2f5-1312419fc9a6
1989,1989-01-21,マルシア,ふりむけばヨコハマ,e0ca23f6-8d2a-4cf1-811d-92bd8bffdc82
1989,1989-03-21,ミニー,SHERRY MOONにくちづけ,bc58b8be-3138-4499-bfcd-364955051c3f
1989,1989-06-21,レモンエンジェル,夏のMAJO,644a7654-7d1d-4a8e-a0a6-a5e883e717f2
1989,1989-08-10,中山忍,夏に恋するAWATENBO,34e02ee0-2b65-4b30-931e-fecf8bd293c9
1989,1989-02-01,中山忍,涙、止まれ!,922b2494-9dbc-4951-9c27-2d0a44ee0a92
1989,1989-05-01,中山忍,負けないで、勇気,521548f8-fd3f-4453-a398-3369ee871c6e
1989,1989-11-01,中山忍,駈けてきた処女,e3d7e83f-100c-4b61-b3e0-d4c9de96584c
1989,1989-02-21,中山美穂,ROSÉCOLOR,990b5d5a-157a-47d4-9770-db09b425117c
1989,1989,中山美穂,ROSÉCOLOR / 人魚姫 (mermaid),3211351b-8b3f-4658-99dd-d302d8936204
1989,1989-07-12,中山美穂,VIRGIN EYES,db952f60-dae9-4d0e-b35c-a2e87e251604
1989,1989-03-21,中島みゆき,あした,f7855583-f7fe-46c1-9f41-389210f65d4d
1989,1989-04-12,中村あゆみ,ともだち,d1547908-6a63-459d-9cf2-893732a98468
1989,1989-07-19,中村あゆみ,メインストリート,765e1d5a-24b1-449c-9bd6-7bd99b8f1599
1989,1989-06-07,中村由真,Dang Dang 気になる,2f5a8800-b4cb-476e-bc45-ea8c6b2ddd1a
1989,1989-11-29,中村由真,HEAVEN,68e458ce-3464-4776-afea-19e8c03cccb6
1989,1989,中森明菜,Close Your Eyes,b340654b-2793-4577-baa4-bd72ae8a8453
1989,1989-04-25,中森明菜,LIAR,d20d4b47-a7d7-4f33-9e8f-76e77bfa8791
1989,1989,中森明菜,TATTOO / スローモーション,148af506-5d38-4012-bed1-b04bf3845813
1989,1989-06-28,中野麻衣子,Dear My Memories,9eeb34dd-5ab3-4118-86c5-233683a839d7
1989,1989-11-01,久保田利伸,TIMEシャワーに射たれて,2c244963-e46b-4bc9-b88b-55375fefb567
1989,1989-04-21,久石譲,NHK「驚異の小宇宙・人体」テーマ曲,b9ab98ff-c179-4643-822a-56ecab7bb32e
1989,1989-10-25,久野綾希子,もういちどYESTERDAY,ebc5e025-5e49-40e0-ad5e-bd096d216c3f
1989,1989-10-21,五十嵐寿也 & 橋本 潮,GET UP / 愛を信じて,27715714-9643-445d-a531-ee010e7db9f1
1989,1989-10-10,五味美保,ベッドの中でラブソング,5d796096-b27e-425f-a550-07357ab85ca2
1989,1989-05-25,五味美保,夏の終り⋯,fe3a213c-2a1d-48bc-8092-a574398a846b
1989,1989,井森美幸,セピア・あなた・かも,dd82c592-6094-4e2d-9ea6-843bb979a4b3
1989,1989-12-01,亜蘭知子,秋,158a80e7-6675-4da2-8c55-61a94d20a3c2
1989,1989-12-05,仁藤優子 / KISS ME QUICK,そのままの君でいて / MIDNIGHT BLUE,20caa86a-7ad6-4eed-a1e2-81707d1df728
1989,1989-02-21,仲村知夏,Beat Town Kids,0942741f-46f4-42c2-979a-fa33dabe9460
1989,1989-12-21,仲村知夏,Dream Town,d1851f44-3f7f-400a-8182-328bad685412
1989,1989-04-25,仲村知夏,ひとりぼっちに帰らない 〜I THINK WE’RE ALONE NOW〜,7231333a-c8d3-4006-97c1-2b183a801e03
1989,1989-07-23,仲村知夏,天使は眠っている,74cdc3ee-9223-4ac0-8ee5-e0a3db55138b
1989,1989,伊東たけし,Cowbell,d08e45f0-237b-4b90-aa2c-1f9577e564af
1989,1989-03-21,伊藤智恵理,キッスでささやいて…,b36c65bd-aeff-4380-8319-4a30289081b4
1989,1989-03-21,伊藤美紀,RISAの片想い,361586c2-3b34-3d4c-815d-a590130b1013
1989,1989-11-29,佐々木望,やっぱり恋だろう！,fd94f29e-aa94-495f-9b51-926e9ea96f00
1989,1989-02-25,佐倉しおり,Relax,cc22aaa3-b59b-4037-8ecc-e68def3290d2
1989,1989-04-21,佐野元春,約束の橋,3a3e79dc-fbe2-49eb-89fe-bcd99d83d19d
1989,1989-03-06,光GENJI,地球をさがして,9a557a68-a4a6-4e87-972a-ebfbe9d28afd
1989,1989-07-20,光GENJI,太陽がいっぱい,7499dc64-4e43-48d3-8f77-d561c587250c
1989,1989-08-05,児島未散,夢の手前で,f58d2cea-ef3e-40d0-ab7a-c337ffea550b
1989,1989-03-10,八神純子,セニョリータ,7135cea3-4474-4099-b2f0-0f3e034f5555
1989,1989-07-21,内海和子,風はエンドレス・ストーリー,b8c841e9-cc52-4206-b40a-775da6fcb505
1989,1989-03-21,円谷憂子,バツグンの気持ち,cfd5e813-576b-4f5d-823d-52e26386c2ea
1989,1989,劉德華,只知道此刻愛妳,3e701a7a-0913-49e8-acc4-a0729ab98e52
1989,1989,劉美君,緣·痴心誤會,cd5183e8-05d5-45ec-a293-8657316e7b83
1989,1989,加藤温子,君がやさしく⋯,0a003b03-3f1b-4888-91c7-3aa93f7eb877
1989,1989-06-21,南野陽子,トラブル・メーカー / 瞳のなかの未来,39dd7a8c-65f7-4950-b86b-61713b77c07e
1989,1989-11-29,南野陽子,フィルムの向こう側,49dffb08-d991-4ebb-a65e-5408c0308771
1989,1989-02-15,南野陽子,涙はどこへいったの,7906e024-5479-47ed-8642-30e5b44e022d
1989,1989-09-25,吉村明宏 & 真由美,だってしょうがないじゃない…いろいろあんだもん,d12c2908-ff1f-4b88-9237-06d9600779ea
1989,1989-03-21,吉田拓郎,夏休み,28be4eb3-f3b6-4e6e-8f0a-9050771ad2c0
1989,1989-09-13,吉田拓郎,落陽,ae0f7688-2314-4c05-8cf0-037d0b1d151a
1989,1989-12-10,吉田真里子,嘆きの天使,af83b7a8-3a77-412e-9ffd-30991ef7b348
1989,1989-02-10,吉田真里子,夢を追いかけて,626e456b-aeaa-4625-bdb8-8f4bc76abe74
1989,1989,吳國敬,困獸Remix,bf9a04f6-5a27-4bc2-8592-f4106089dfb4
1989,1989,吳國敬,在那遙遠的地方,36c8b206-cc66-4003-a605-9507c3387007
1989,1989,吳國敬,遊戲制度,8be4c145-8bd5-455e-81ab-f0bb2210d05e
1989,1989-11-02,吳小芸,寒椿／街角,42a6b639-e580-467c-9847-70f2783a402e
1989,1989,周潤發,飛砂風中轉,911c9dd6-0c57-490e-bbab-da0c83ada92b
1989,1989-07-05,国実百合,きっと・・・,5d6e9153-896e-436a-b71e-087172a69ecf
1989,1989-10-21,国実百合,北風にひとりぼっち,09eeb236-1936-4973-8320-7055a78a311f
1989,1989-04-26,坂上香織,プラトニックつらぬいて,38d0f100-60a0-48dd-af97-0e6ee26d9f97
1989,1989-04-21,城之内早苗,夢までTAXI,8ef92d39-0364-3e53-831a-2752cd4426ee
1989,1989-06-01,"堀江美都子, ザ・チャープス, 猪股裕子 & 小林亜星",キャンディキャンディ・花の子ルンルン,597b902e-898b-4c8e-aa3a-08133172e1f3
1989,1989-04-28,増田未亜,ハートは水色,84976e99-14a4-466b-9ab4-d8f0a9cb03c8
1989,1989-11-01,増田未亜,冬のウインド,d47781ef-ca0f-4a23-a263-ae9a375e0a4f
1989,1989-08-01,増田未亜,夏の瞳Doki･Doki,03ba8b2f-7316-493e-a9c6-a9ebb97c4e9d
1989,1989-05-21,増田未亜,電撃的ロマンス,f2d13ac2-350f-4c4c-ac03-d54b1d619cd9
1989,1989-10-21,大江千里,Bed Time Stories,d902b1a2-c3c3-4f95-b61d-5fadd69affad
1989,1989-10-25,大江千里,WE ARE TRAVELLIN' BAND,aff47a91-47fe-4105-8e6f-9091a1655fda
1989,1989-10-21,大江千里,YOU,9ead49fc-580f-4ad7-a121-484e1d6d3bce
1989,1989-07-14,大江千里,おねがい天国,1696f71b-3226-40ae-988f-b9c34e4f2330
1989,1989-09-25,大西結花,MIDNIGHT TV,265d9c6a-8dce-41f6-b586-553b4b5256dd
1989,1989-04-25,大西結花,好きにして…,b2a0e367-99a7-4cdc-a774-b6bcb0df743b
1989,1989-11-01,大野雄二,ルパン三世 TIME TRIP CD 4曲 シリーズ 20,7705a06d-08a1-4ab3-bdcd-e8bd928aa4a4
1989,1989-06-01,太田貴子,GIRLFRIEND,e3354638-2203-4990-bc5b-c3f5b4748066
1989,1989-02-05,太田貴子,HURRY UP!,757a5f32-de37-4060-b053-d8ec1e86e603
1989,1989-10-25,姫乃樹リカ,スタンド・バイ・ミー,3a03636e-b18d-4ad4-b745-137c927990b8
1989,1989-04-12,姫乃樹リカ,ロマンの騎士,d90d62af-8134-41b0-a249-4b5996313970
1989,1989-06-21,守谷佳央理,Try Love Again,5ee2d7e5-8247-491f-90ae-f5e109d705b8
1989,1989-02-01,守谷香,悲しいのはこまるの,cde81843-9d45-4fd8-87b1-1515d97ee1e1
1989,1989-09-15,宮沢りえ,ドリーム ラッシュ,faa3cf36-234b-4ac7-bc6a-dec02179a2d8
1989,1989-12-01,小室哲哉,CHRISTMAS CHORUS,ebab90cb-7cfd-49a4-a5e3-4c5514128163
1989,1989-07-12,小川範子,夏色の天使,394f91a3-0bd1-4ea9-b251-6674fc46cdc7
1989,1989-03-08,小川範子,桜桃記,95a30d0d-3843-4061-add5-b04c655f0a39
1989,1989-11-15,小川範子,無実の罪,08b05a1e-ba36-45a5-a5aa-19f0a45bbbd1
1989,1989-03-01,小川美由希,NEVER GIVE ME UP!,9396b233-f9dd-433d-9847-8b855976a2c9
1989,1989-05-21,小林彩子,ブルー・プラネット,00bb80a4-495c-498d-acc7-4cd199011d44
1989,1989-11-22,小林彩子,風の地球儀,fd2f749c-1c63-407f-9c6e-146df3b8cb5d
1989,1989-04-07,小沢なつき,Private Panic!,2c9efba1-03f6-48df-8606-f7bcad1c6015
1989,1989-05-10,小泉今日子,Fade Out,93574f82-3705-4162-81b0-7c86c70fb047
1989,1989-07-28,小泉今日子,Fade Out～Super Remix Tracks,25f76f8c-0669-4804-b20a-ccdf1fe78784
1989,1989-11-01,小泉今日子,学園天国,6bd7dd49-541e-477d-9c17-b65423eeb680
1989,1989-03-21,小高恵美,情熱のささやき,fb2d24ee-fd18-4133-beba-e4bf3914aa0f
1989,1989-08-30,小高恵美,週末のシンデレラたち,d4bc6684-b7be-4d47-a5e5-c2c31066206f
1989,1989-02-01,少女隊,ANNIVERSARY,032c07ca-5262-42d7-8f96-e9a83964d239
1989,1989-06-19,少年隊,まいったネ 今夜,4c99011e-51e6-4ee5-adef-5ca0b06a7d4a
1989,1989,山下達郎,Get Back In Love,e6831812-4d75-4ed6-ae30-b7a0e500dea7
1989,1989-10-18,山口弘美,つよがり,8b3145c2-8c2d-4df8-8488-6f85e6ff25fa
1989,1989-04-25,山崎真由美,YOU MAY STOP,58acf4d0-28cb-4b73-a833-d50717c81c44
1989,1989-07-01,岩崎良美,硝子のカーニバル,07511d99-3392-4fd9-9e4a-80ede871c143
1989,1989-05-21,島田奈美,愛を走らせて,bc7ce3a3-a44b-31f7-8632-2be49b19e8d7
1989,1989-02-22,島田奈美,春だから,2e09a525-03e6-3c9b-8d7f-e43ced9b62dd
1989,1989-05-21,川村康一,Good-Good-Good,aa24f61c-6fbf-4b38-8dda-b2bfabdeba0c
1989,1989-09-21,川越美和,夢だけ見てる,5623c182-2eab-4639-8c44-2994f78e3053
1989,1989-02-22,川越美和,天使とYū‐Waku,b818164e-0732-4a34-b3ef-62627bfc5cd9
1989,1989-07-05,川越美和,女神の瞳〜Little Lullaby〜,ebcc7167-1b1d-4174-ae71-e7ab34df335a
1989,1989-05-03,工藤静香,嵐の素顔,ef883a22-a3ca-4dc2-bc9d-83e6085a1c1b
1989,1989-09-06,工藤静香,黄砂に吹かれて,112a4621-fff9-4fb5-9d4d-c2cbd359520c
1989,1989-09-05,弘妃由美,奇跡の獣神/反逆の戦士 ～リュウドルクのテーマ～,e4f11c4f-2ba4-4570-baaf-b43a6e5ee326
1989,1989-05-01,影山ヒロノブ,CHA‐LA HEAD‐CHA‐LA,bf6c32ef-25ea-3caf-9843-9de4bd56ffc5
1989,1989-09-21,徳永英明,MYSELF ～風になりたい～ / 心のボール,f83ebb6a-41d6-425f-996e-e105401a26b8
1989,1989-08-25,惣領智子,翼,79fbdd22-e62d-4d65-83cf-8653ed3431a5
1989,1989-04-19,慶田朱美,エンドレス・トワイライト,4ef709de-5166-4019-959d-4f4959fc7a08
1989,1989,戸川純,バージンブルース／星の流れに,d0cf46f3-709b-4604-9035-7022e36c0198
1989,1989-06-21,斉藤唯,Midnight Sympathy,357e7675-bd6c-4c8e-be49-e8c8e4f9ba8e
1989,1989-11-21,斉藤由貴,Ave Maria〜Who,9a39fe9b-f812-4a16-ae97-180b6996765c
1989,1989-04-21,斉藤由貴,夢の中へ,8cf4f9de-443b-4d9e-bdf0-daa0c386cabc
1989,1989-11-21,新谷由美,さよならのシグナル,551174ce-9444-4bda-ac97-b00500db2838
1989,1989-05-10,早見優,BEAT LOVER,e1202be7-7177-47d4-8847-bda8d045bc6b
1989,1989-08-30,早見優,夕映えの中で,25d48808-290d-475c-ae69-81e5cb5ff08a
1989,1989-12-05,本城未沙子,DEEP DUNGEON,86856573-854d-4c77-82d1-59e6fc565950
1989,1989-07-01,本田理沙,さそって入口 ふるえて出口,f9ce1d0a-23ca-4e75-be59-f879495ad4bc
1989,1989-11-01,本田理沙,容赦なく愛して,e1170c9f-d42f-4898-acba-f0bf8e2d04bc
1989,1989-03-08,本田理沙,本気!,6b124c64-c9e0-4083-9758-33dd271ce677
1989,1989-10-11,本田美奈子,7th Bird “愛に恋”,c39214b2-1373-4d17-a808-90fdabc4ecdb
1989,1989-05-17,杉山清貴,プリズム・レインに包まれて,f99c6a83-aa49-401c-a7a2-a598059d6757
1989,1989-10-21,杉山清貴,君がここにいてほしい,3fb01ba1-f3e3-48af-a8bd-ae899cd2041a
1989,1989-04-12,杉本彩,日曜はだめよ,1d032f4c-4713-439b-97a2-552994a8401d
1989,1989-06-07,村田有美,？のパレード,30e6ce9e-db5b-4a1c-975c-504a632c9c4c
1989,1989-07-26,松下里美,Myself,746baf1e-797d-4dcc-bdee-00062d4ca503
1989,1989-01-25,松下里美,Sixteen,1340ec03-4e9a-4178-b4be-f812d7a5b27b
1989,1989-11-01,松下里美,いろんな涙,b75c6b48-459e-4a1f-99be-1e78aa917b45
1989,1989-06-28,松任谷由実,ANNIVERSARY〜無限にCALLING YOU,e4b97723-9d9f-4952-8c7c-d564ac407944
1989,1989-11-10,松岡英明,I Wanna Know Because I Don't Know,8f54d3b7-def7-4f87-93fc-fcc6854109ab
1989,1989-07-14,松岡英明,Kiss Kiss,58f5bdd2-1228-477e-93b8-b2a0e70a61f6
1989,1989-03-25,松岡英明,STUDY AFTER SCHOOL,20110787-a0f1-4606-820d-53a0303e865c
1989,1989-09-21,松本伊代,悲しくてやりきれない,4e200554-5525-4aac-a1ad-f30bd95d0367
1989,1989-04-21,松本彩,TOKYOわがまま娘,91bf59a1-5901-400c-9531-d777cd5f58c6
1989,1989-11-15,松田聖子,Precious Heart,330a0d5e-8792-4100-91e5-d2579ab630bf
1989,1989-03-21,松田聖子,Strawberry Time / Pearl-White Eve,40ff5388-cae4-45ae-aacb-d37dc0445c23
1989,1989-03-21,松田聖子,天国のキッス / 瞳はダイヤモンド,cb1141de-e8e8-4402-83b2-bcb5076fe9fd
1989,1989-03-21,松田聖子,赤いスイートピー / 風立ちぬ,b8e5e123-b417-49b9-920d-9fa68c3917cf
1989,1989-05-25,林原めぐみ,約束だよ,6563f6ed-e08a-4cb7-a6b4-a24c0246c57a
1989,1989,林子祥,勝敗之間,d65a98e9-0da8-4f04-b0ba-da2dbbd70cd9
1989,1989-12-06,柏原芳恵,あなたならどうする,52ea63d5-0366-4484-afc6-45c6f6caefd4
1989,1989-02-22,柏原芳恵,化石の森,3befadc7-da02-4578-882e-be02a65c37ba
1989,1989-08-21,森口博子,夢の合鍵,95230961-da5c-4e3b-ac11-92e2736c89ef
1989,1989-08-21,森進一,うさぎ,c82bad76-3e96-4188-8d76-80d5ad2571f5
1989,1989-01-01,森進一,冬の桑港,580de70e-c10a-495a-b79b-b8f77420def4
1989,1989-11-01,森進一,夢をつづけて,c5a7fbcd-bf76-49b4-81d2-47c20e2c0da2
1989,1989-07-21,森進一,指輪,b8125a2a-ab4c-4ee2-89d7-2f11ac264df3
1989,1989-05-25,森高千里,17才,02a91ad0-19e6-4b38-b328-2f2ddf55b1b9
1989,1989-09-25,森高千里,だいて (ラスベガス・ヴァージョン),b2ad42e3-e68d-4ed6-8761-dc8c8209c353
1989,1989-02-25,森高千里,ザ・ストレス,b5b5abcc-fdc4-4a69-b5a3-961c47b82e75
1989,1989-09-21,椎名恵,LOVE IS ALL-愛を聴かせて-,cf3b19cb-0bee-4cb0-b6b3-1acd5f0f8179
1989,1989-12-17,楽天使,天使たちのシンフォニー,e9549596-b4ed-4095-90fa-fe41e7cb410c
1989,1989-06-21,氏家えりか,白いウェディング・ドレス,a983a96a-89bc-4bf3-a6a9-91eb50fa8854
1989,1989-04-19,永井真理子,Ready Steady Go!,ff67acfd-d3d3-4790-a82a-1d7472122ba0
1989,1989-07-01,永井真理子,Time,7ba6bcbb-4273-467e-99bb-3d2574eb149c
1989,1989-10-01,永井真理子,ミラクル・ガール,17ada595-89b3-4739-82ab-32030b6feca1
1989,1989,河合奈保子,ときめき・夏変 / 幸せに見える女,bdbb3dc8-b4a8-4528-88e6-b3b408e43079
1989,1989-11-10,河合奈保子,悲しみのアニバァサリー,a12d0d47-ee70-4fef-bb0b-dec30ff9d273
1989,1989-11-22,河田純子,HERO GIRL,2258205e-a6cd-42b0-8dc8-32ad51cbbb5b
1989,1989-07-21,河田純子,ステキに わ・が・ま・ま,c1d15ef1-ccd3-43e6-8892-03694ca59dc9
1989,1989-05-12,河田純子,君の夢のために,f9f0c63c-1b43-41c5-a3d4-f2660e473e43
1989,1989-03-01,河田純子,輝きの描写,7a6ca418-ec3e-420a-8ed9-926864627553
1989,1989-09-27,浅香唯,DREAM POWER,b889cb16-96c2-4449-a010-62b2ab432402
1989,1989-03-22,浅香唯,NEVERLAND〜YAWARA!メインテーマ〜,054e1d67-64cd-41bb-86d6-4c22d462fd24
1989,1989-01-25,浅香唯,TRUE LOVE,e72e1308-eb3e-4e1c-a0a7-036bf31384b6
1989,1989-07-05,浅香唯,恋のロックンロール・サーカス,a6fdb012-10e2-4bd4-b232-320b4102fc0c
1989,1989-03-21,浜田省吾,BIG BOY BLUES / DANCE,8036bc6a-b8b4-47b8-86fd-d07a248054dd
1989,1989-03-21,浜田省吾,木枯しの季節｜涙あふれて,628b2875-ffcf-4f8d-9be3-84aeafc15dde
1989,1989-03-21,浜田省吾,路地裏の少年｜愛のかけひき,0daaf9f1-40ec-4d92-9e26-eb6f95dd96cc
1989,1989-11-08,浜田麻里,Open Your Heart,e4fa040e-ec6a-4b1d-9e99-09565a149c87
1989,1989-04-19,浜田麻里,Return to Myself〜しない、しない、ナツ。,3c7fe6cd-1b78-4f48-80b8-a72cf14c1c9c
1989,1989-08-21,清水咲斗子,SET THE FIRE,7346daed-3831-4704-b2b5-6df662b9af9d
1989,1989-04-21,清水咲斗子,SHINING SOUL,3ff8e3c1-0be1-493c-b256-80c5f5c54c94
1989,1989-08-05,清水咲斗子 / 西村智博 & 立木文彦,アディオス・DE・ガンダム / ペ・ペ・ペのぺ,d0a6f596-6653-416f-9524-a26a58187150
1989,1989-08-01,清水香織,不思議なピーチパイ,119f7e71-c952-3faf-b94a-73eefd0242e4
1989,1989-03-01,渡辺満里奈,カレンダー,bec834fa-2d05-44c5-ae59-c85c9170578f
1989,1989-11-22,渡辺満里奈,胸がいっぱい,85868c5e-8d6f-49c4-8b7d-09921ecf5134
1989,1989-07-21,渡辺満里奈,虹の少年,38a585a4-2777-4112-8af6-8d4178536403
1989,1989-06-14,渡辺美奈代,Winter スプリング、Summer フォール,88b6c9c0-669f-4d6f-882d-ab1850500dd3
1989,1989-11-21,渡辺美奈代,恋愛紅一点,856733c5-b55e-49be-8cd8-8195736294b9
1989,1989-01-21,渡辺美奈代,愛がなくちゃ、ネッ!,9cd3c54b-2711-4145-8be3-3755da33f0fb
1989,1989-09-01,渡辺美里,すき,794a6966-c925-4ef8-a422-7cd7a3c460ea
1989,1989-06-01,渡辺美里,ムーンライト ダンス,4c36523f-fb2d-4182-ab8b-1b0a9f1a6fda
1989,1989-10-21,渡辺美里,虹をみたかい,098b6040-21ee-45fd-96ff-e8745c95a367
1989,1989-07-19,爆風スランプ,リゾ・ラバ,5cef3569-b728-429f-8ee5-5bd065e42c38
1989,1989-10-21,爆風スランプ,大きな玉ねぎの下で 〜はるかなる想い,f33c5f5c-d52c-484c-8c2f-06942ae6ced9
1989,1989-04-07,爆風スランプ,月光,2f5e139b-e6f7-4b09-aacb-d520f9a1ee69
1989,1989-03-25,玉置浩二,氷点,4dcd79e2-f62e-47bc-8d86-df13ab58afef
1989,1989-11-20,玉置浩二,行かないで,98c0fb1f-061c-45a1-b18d-cf3d008f873f
1989,1989-11-22,玖保キリコ,シニカル・ヒステリア・ワールド〜玖保キリコ・ミュージック・フォー・チルドレン,251d8e30-8477-4e5a-a7bd-0c10826bce32
1989,1989-01-25,生稲晃子,ファンファーレが聴こえる,bcb10bca-4808-4bcb-a38a-b2070fec1957
1989,1989-09-27,生稲晃子,忘れたいのに,e255e732-1e9b-4a41-9c08-e97782ecc87f
1989,1989-07-21,田中律子,Wave’n Surf,a3571022-3b3d-40d1-94ef-27845d7410ab
1989,1989-03-21,田中律子,また夏が来る…,d7e3495c-ee24-4867-974f-73c465b943a3
1989,1989-11-01,田中美奈子,Be my baby,424d2232-8d5c-48b8-be35-bc2af649c2e0
1989,1989-04-19,田原俊彦,ごめんよ 涙,85e8fb49-e947-4d88-b044-75e06505b057
1989,1989-09-26,田原俊彦,ひとりぼっちにしないから,c9e2c133-e1eb-4a30-abae-cf30819738fa
1989,1989-01-11,田原俊彦,愛しすぎて,9f829b5b-c4d3-4283-95e1-e71de130fc53
1989,1989-03-15,田村英里子,ロコモーション・ドリーム,5b24d9cd-431a-3a10-aba2-39863c318613
1989,1989-06-21,田村英里子,好きよ,b8a8aefc-db8f-40c8-afb3-d9a4adb48c9e
1989,1989-09-06,田村英里子,真剣（ほんき）,ed248f93-37b2-452b-9a13-04ae8bcb1a74
1989,1989-08-02,男闘呼組,CROSS TO YOU / ROCKIN’ MY SOUL,aba7b4d5-35e9-46f8-9544-4366931d54e6
1989,1989-02-28,男闘呼組,Time Zone,94f1204f-5110-4bae-85d1-600dbc12efb4
1989,1989-12-10,畠田理恵,花と小父さん,ac53c302-e1e3-49e7-b6ac-5987f0b64871
1989,1989-06-07,益田宏美,夢見るように愛したい,b12f57e3-5b9d-42f7-960f-aa1f856a5685
1989,1989-01-25,相川恵里,サブウェイ・シンデレラ,ff8f3ec5-9319-495c-b1e7-be962c48a2fc
1989,1989-05-17,相川恵里,渚してみれば,e8fd8460-2cc5-4fe8-863d-586b18170ef4
1989,1989-11-15,相楽晴子,MID-NIGHT CALL,0a30b564-e9a4-4338-b927-0b02dc3b4fcb
1989,1989-04-19,相楽晴子,東京マリオネット,4cd5b402-170c-462c-8f73-85c1665be98a
1989,1989-02-21,真弓倫子,こしゃくなMy Halation!,e07078e8-9f21-4558-b539-d7a1dde937df
1989,1989-05-03,真璃子,ふしぎなぼうけん,9806dfa6-3e23-47d4-b6c3-62aa1648021c
1989,1989-05-24,真璃子,セシルの週末,44474b71-c9cc-4b55-9377-8d8f8134ac46
1989,1989-11-15,真璃子,元気を出してね,e9617a71-0e4f-47e8-a784-5607147cd94c
1989,1989-02,真由美,セミダブル・・・・,6e976058-bd10-4a5f-853b-e516094d2189
1989,1989-11-22,石井明美,オリーブの首飾り,8d02d80e-57c7-427a-a915-e4afc776580b
1989,1989-07-21,石川ひとみ,みなしごハッチ,217f5bef-d26a-4680-ab9f-7eca59ab669e
1989,1989-09-06,石川優子,Silent Melody,3db5ae89-bc3d-4340-b88f-4709967da227
1989,1989-01-21,石川秀美,Private nude,31f0e877-f505-4255-bf24-4c78bf25ab82
1989,1989-04-21,石川秀美,Silence Blue,5dde9195-8419-4bb8-9f36-13d588d8b1b6
1989,1989-09-21,石川秀美,もっと je-vous-aime,883bad2d-c731-43fe-9225-ad8fa43cbea7
1989,1989-07-07,石田ひかり,Natural Choice,d80c2381-ca78-47d6-b9e7-b5d856ea0d2a
1989,1989-02-21,石田ひかり,恋なのにね,14e659a2-590d-4b68-81f9-00da6773d10d
1989,1989-10-18,石田ひかり,風のヴァレリーナ,0c489fcb-e34b-4e18-86a1-e34e6e1d55f9
1989,1989-01-21,研ナオコ,冬のカトレア海岸,eeb610b4-7971-485d-990b-abca2fa28c3f
1989,1989-03-08,磯部恭子,不純？,213e86cb-f61c-4e2f-9b11-351e622f3db4
1989,1989-11-22,種ともこ,笑顔で愛してる,f3981103-09a9-44b4-9861-c7c7a269bacf
1989,1989-11-05,立花理佐,DO YOU DO YOU?,c7508cae-d069-4584-8406-85cf92c8d39d
1989,1989-09-12,竹内まりや,シングル・アゲイン／Hey! Baby,08601758-91a9-410b-b1f2-6f2ab9a11c9b
1989,1989-09-25,笠原弘子,ASSEMBLE INSERT,bb1d2b06-828b-4142-bd93-d313068b424b
1989,1989-10-21,米米CLUB,FUNK FUJIYAMA,535e1adb-e55a-4d0e-b89c-7b378bc8aba9
1989,1989-03-20,米米CLUB,PARADISE,1c63b97d-fdfd-40d5-9ea4-4fc40c799ffe
1989,1989,細川直美,君はどこにいるの,17ec764b-e904-433c-88df-b3896ceba1b1
1989,1989-08-02,聖飢魔Ⅱ,白い奇蹟,200a776c-29bf-4fe1-879c-4d71bd282e8e
1989,1989-09-27,荻野目洋子,ユア・マイ・ライフ,2c7ec33f-cc9a-481e-8e8d-94be0a752fd6
1989,1989-01-18,荻野目洋子,ヴァージ・オブ・ラブ,0cc7306a-f07e-4202-a5a8-19570a0ac464
1989,1989-06-07,荻野目洋子,湘南ハートブレイク,faad4f65-1354-4eaa-aa0f-4716b2bd4974
1989,1989-02-05,葛城ユキ,好きやねん/Fighting In The Danger,1d568c07-9a85-43c7-b02c-b2eafc5f8eef
1989,1989-01-25,薬師丸ひろ子,語りつぐ愛に,87638f68-74e3-46c4-ab24-830890ade4a6
1989,1989-04-25,西尾えつ子,じゃじゃ馬にさせないで,8b7f84c3-b557-479a-baf6-9819377dc8ff
1989,1989-10-25,西尾えつ子,ド・ン・マ・イ来々少年 〜Don't mind lay-lay-Boy〜,8bcd5fbc-d0c9-4fe5-8339-9a463834dde9
1989,1989-02-15,西村知美,さよならの学生通り,420de9b0-02ef-4314-9bc8-d9aa1864b786
1989,1989-11-08,西村知美,愛にDESPERATE,dfd1054b-56f9-4cf8-9660-82d320508cdb
1989,1989-06-28,西村知美,眠り姫,882baa1d-6e80-4ee1-b197-e824afa4f11f
1989,1989-07-05,西田ひかる,Natural Summer days,cf332443-35e3-4e55-8124-ecdf55d08a40
1989,1989-03-15,西田ひかる,恋は白いTシャツ,6838b77e-3bd6-4071-ba3b-1bd0ba86ceaa
1989,1989-10-21,西田ひかる,涙のPEARL MOON,f35ec8a3-3fdb-4a08-b66d-d71ff2d0ce6c
1989,1989-06-21,角松敏生,Okinawa,6663d9a8-9ceb-4353-8074-a14f2ddbc422
1989,1989,譚詠麟,的士司機（taxi mix）／刺客（assassination mix）,b96e67e8-1bcd-45b2-9eef-71c4d0847860
1989,1989-07-21,谷村有美,明日の恋に投げKISS,25638cef-7792-431c-942a-0a1a520f1ab3
1989,1989-03-05,辛島美登里 / ひろえ純,Last No / COOL,cfb5dff1-dd30-4e49-b505-d1057639292f
1989,1989-06-01,近藤真彦,Just For You,2b522e5b-a7da-415f-b7bb-480647aae712
1989,1989-11-10,近藤真彦,アンダルシアに憧れて,83e94208-6d83-47ce-8eb6-bbf282364194
1989,1989,近藤真彦,夕焼けの歌,d6244e54-6192-49fb-82d1-a1752886469b
1989,1989-11-21,酒井法子,All Right,356136fb-ec14-4ba3-93f1-c81ae336c2f1
1989,1989-04-26,酒井法子,Love Letter,c81062cb-1e3b-4a5d-bd32-e81dc1d7b360
1989,1989-02-14,酒井法子,おとぎの国のBirthday,49c320da-a60e-4664-b7f0-adf6f5827809
1989,1989-08-02,酒井法子,さよならを過ぎて,a2b77148-45ab-4053-b0a1-5ebdd5e5f410
1989,1989-01-01,酒井法子,ホンキをだして,d6530b91-b12c-4bea-8986-cfb3d40ddc66
1989,1989-04-21,里中茶美,ティーンエイジ・セレナーデ,5fa87b3f-46b5-4eb6-b166-6ca4cf792c71
1989,1989-10-21,里中茶美,失恋,b6cffe7a-3007-49f7-a70b-fffcf1d63bf2
1989,1989-07-21,里中茶美,魔法のビート,79a797f7-fad7-4747-a51b-de7027eae3b1
1989,1989-11-21,野沢直子,まじかるハット,03f7df0f-5a78-437f-850f-ae48db0c870d
1989,1989-04-20,鈴宮和由,朱鷺色怪魔 一～闇の血族編,b6b94f44-caf6-4c38-8679-17e018e76c05
1989,1989-12-21,鈴木ゆかり,宗谷本線終着駅,ffc48493-70a7-429a-abcf-be680a8cbca9
1989,1989-09-01,鈴木雅之,別れの街,db137177-6ab9-4a18-bbc0-a619e186207c
1989,1989-04-21,錦城薫,CRONUS・CRONUS,d649587f-483c-4e23-973b-7c7bd8c0f33b
1989,1989-02-21,長山洋子,瞳の中のファーラウェイ,a18d4458-fd24-4a42-8902-90bfae9401d2
1989,1989-07-05,長山洋子,肩幅の未来,ca6a1f57-d041-4593-8290-f307d6b38630
1989,1989,陳百強,留住夕陽,0cf98f38-2ceb-4e43-902b-d343707b5188
1989,1989,陳百強,陳百強,3699148f-2db6-4931-abb1-9504b8658212
1989,1989-06-28,青木愛,愛は蜃気楼の中,4bcdba18-e612-4eba-87f6-d743778d6cdd
1989,1989-11-21,香坂未幸,神無月にかこまれて,564ed2ba-b0f0-4d25-a6b8-4000198c2b2c
1989,1989-05-10,高山みなみ,元気になれそう,ac05cea0-3b79-4675-b324-16e481a0abd6
1989,1989-02-25,高橋良明,夢で逢えるさ!,9e8818ba-9f8f-43b0-bcd0-5fed04795970
1989,1989-10-04,鶴久政治,Angel Eyes,0ae649ea-3ae2-3e66-a1b7-dd420b6518c9
1989,1989-06-07,鶴久政治,暴れる女神~HURRICANE GIRL~,76bd8868-859a-3658-9b82-1256ac50e59d
1989,1989,鶴久政治,貴女次第,b8c8a789-2d53-3a1d-951c-8997859892c3
1989,1989-07-21,麻田華子,1人でいいもん,6f407cfa-e819-4a00-bb6c-df7b73471814
1989,1989-02-21,麻田華子,さよなら、DANCE,9f120925-bcb9-41b1-a054-fa79d71ee0ca
1989,1989-11-01,黒沢光義,Try Again,fa5adb84-1d2b-4aa7-a13c-0f4cd776a4a3
