jahr,erstveroeffentlichung,interpret,titel,mbid
1995,1995,$wingin’ Utter$,Nothing to Rely On,ede80ec1-ae1f-41e9-94a4-b69c47b02de0
1995,1995,091,Un hombre con suerte,31395c8c-9596-3243-a011-8a08139aa062
1995,1995,1+1,Mind Your Own Business,add0a437-a901-4a2b-841a-86c22f3ef616
1995,1995,1-800-Dis-N-Dat,Punany,297882ad-3e12-46f0-b6a3-c3baf85ebad8
1995,1995-03-30,100 debija,Uz sapņiem,9b1d56b5-6b1a-329d-9eae-c959b342f912
1995,1995,1000 Mona Lisas,How Would You Know,aced0e69-13d9-4eeb-b14e-dc2b9cf81c19
1995,1995,10cc,I’m Not in Love (acoustic session '95),8d8c609a-0f0a-3853-9cc6-581558c9cf42
1995,1995,10cc,Ready to Go Home,3f33dbf3-d8f6-47b2-b24b-6cafdacd37da
1995,1995,12-10 Series MK 1,Bubbles / All That Jazz,e069bcba-600c-4797-83e8-9fb63c56d892
1995,1995,13 / Eyehategod,Wrong / Southern Discomfort,c2c14f0a-10f0-4f3a-90f4-f95e4ce94b13
1995,1995,1313 Mockingbird Lane,Devil's Weed / Tamala,93024806-85d3-4bdb-b0c0-5ec46d186991
1995,1995-01-16,16,Tocohara / 16,63a4b1e2-3fd5-3880-9e40-001bf04f6ce1
1995,1995,16 Horsepower,Black Soul Choir,3b5ac1b0-12b8-3a2e-b95e-80344f01d0c6
1995,1995,16 Horsepower,Haw,db617d46-ad15-4562-8958-e48e7774135d
1995,1995,16 Horsepower,Heel on the Shovel,98489168-493d-3b18-8fb5-4b8457c0a5f4
1995,1995,16B,Sex Dive,3415e5ef-fd7b-4fd3-84fd-988503bdeb53
1995,1995,16C+,Release !,af70047f-1ad9-45de-a264-8f111852363a
1995,1995-04-06,18 Wheeler,Boddha,bddd7793-afbe-3842-b6f5-727bd054fb7e
1995,1995-06-22,18 Wheeler,Steel Guitars,561380b4-49f2-4510-ab95-180a2082fc9e
1995,1995,18th Dye,F*4 / Trains and Boats and Planes,bc34f1be-3203-40a8-ada8-522be287e103
1995,1995-04-04,1st Down,A Day Wit the Homiez,85ee3de9-597b-3cfb-af36-3be4e4f04507
1995,1995-05-15,2 BMF,La flaca,456900ce-4a78-370f-b2d4-ad8650f5eee0
1995,1995,2 Brothers on the 4th Floor,Come Take My Hand,efa43974-52f4-3417-a808-191d6b5967d3
1995,1995,2 Brothers on the 4th Floor,Fly (Through the Starry Night),2984a483-55e0-37e8-bcc8-a12aef5b45e3
1995,1995,2 Chord Genius,Black Widow,c823f30b-07e9-4f67-8047-4ff596a76d4f
1995,1995,2 Croozin',Reach Out / Don't Hold Back,e6d87857-6f73-436d-a613-9f409860ed1e
1995,1995,2 Dance 2,Feel The Rhythm,a711eb44-799d-47b5-83ec-84101e8a9c6a
1995,1995,2 Fabiola,Lift U Up,e6529519-52f1-3da2-b6b2-7e507b6b512a
1995,1995,2 Fabiola,Play This Song,7d59713d-535f-323a-acaf-2586515e128a
1995,1995-05,2 for Love,Ding Ding (O Nana),9e4bd6de-a588-40cf-a4b3-b0b13af5f4ca
1995,1995,2 High,2 High's Theme,a683c62d-e28b-4de0-8761-cdd47bbe93d9
1995,1995-03-20,2 In A Room,Ahora Es (Now Is the Time),ac3153d6-e04b-492a-8144-8dde6bdb3f01
1995,1995,2 in a Room,Ahora! (Now!),5d5076af-36e7-4933-9a3f-5bed4ed12e68
1995,1995,2 in a Tank,Boogie Woogie Bugle Boy (Don't Stop),62256101-e9b2-4b6c-91c4-c3b34f3751d0
1995,1995,2 In Line,Sankaritarina / Nukkekoti,bd60960f-96e6-482e-b150-37c6d4370351
1995,1995,2 In Line,Varjotanssi,06b5eb9e-15d3-3fc5-821e-9d4fca30a60c
1995,1995,2 In Time,Deep State / Roll Up,b4d963d9-3483-4d39-803d-dded839986ed
1995,1995-06,2 Player,Extreme Possibilities,bb8027dd-9110-4bec-a6fe-d152b43a892f
1995,1995-10-02,2 Unlimited,Do What’s Good for Me,c5def550-1419-40fd-9c07-314da45474f6
1995,1995,2 Unlimited,Here I Go,97891d2f-90ba-328d-9880-a2c3ad4100f6
1995,1995-08-07,2 Unlimited,Here I Go / Nothing Like the Rain,df58f34b-c86f-4029-82dc-f0459121116f
1995,1995,2 Unlimited,Kids Like You And Me,566146d0-ab14-474a-8029-263082806271
1995,1995-06-06,2 Unlimited,Nothing Like the Rain,2e0265d6-b29a-3a24-a4d9-f44fe3e1828c
1995,1995,2 Xperience feat. Cru-L-T,Sweet Dreams (Do What You Want) / Never Give Up,48be12b7-d983-4487-b4dc-cbcab1857d30
1995,1995,2-Nice,Wanna Make You Mine,284a2038-408b-4400-9c97-80742c4e491c
1995,1995,20 Fingers,Sex Machine,29816e73-9c38-41cd-be66-1ed6f80d20f6
1995,1995,20 Fingers feat. Gillette,Mr. Personality,57135836-2995-37a4-a81c-c1da88403f33
1995,1995-10-23,20 Fingers featuring Gillette,You’re a Dog,63851414-c516-4daf-ad13-8e31b1bfa1ee
1995,1995,2000 and One,Sunk Ice,fab8772b-feb5-4b2c-866a-6725909a2ed2
1995,1995,211,That’s How We Livin’,c05b941f-57a2-43f3-979f-22c24beb2a2d
1995,1995,215 Asasinz,Guaranteed Hot Sh--,5c83fd78-68ec-492a-850f-4e8d038fe125
1995,1995,21st Base Project feat. MC Major,Chords of Love,eceeaf60-0c28-44cf-8129-1daa570771b4
1995,1995,22‐Pistepirkko,Gimme Some Water,2ab365e6-834c-3c98-afc1-cba8c5a6ec84
1995,1995,24K feat. K-nock,Teenie-Weenie,f03f2b43-7823-3f5b-93d2-fca5760f339b
1995,1995,2G's (PX 1),Hunt And Seek / New Name,c84b8fe5-8104-42a6-a4ee-6013c766b2e7
1995,1995,2G's (PX 1),It's My Thing / Big Up Ya Chest,978b049b-f862-4fd2-b9ed-f573c4e276d4
1995,1995,2Heads,You Don’t Know,a8795095-5d5f-4275-ab3f-4661f1b73940
1995,1995,2Pac,Dear Mama,8aca14ed-72bd-4eae-ac2c-3d421a8e429c
1995,1995,2Pac,Me Against the World,e81fcaa7-9ffc-4267-a93b-a616c3105768
1995,1995-06-13,2Pac,So Many Tears,ed6808a7-d0e9-45a8-98b5-66a002f46125
1995,1995-08-29,2Pac,Temptations,3a30014e-5c42-42dc-9305-c3d3fed2558c
1995,1995,2Pac featuring Dr. Dre,California Love,c1cbd46a-4cfe-365a-925f-d254722704d6
1995,1995,2WO Shell,Every Day in Love,b3e39b30-6121-3617-a5ff-fb83a22c7d7b
1995,1995,2wo Third3,Ease The Pressure,8a677a72-ef19-42b4-b6cf-dea278d7d72b
1995,1995,3 Coups,Check la devise,e5800d41-15c9-4248-919e-5a62be9473f4
1995,1995,3 lb. Thrill,Diana,3677787a-86d9-4947-a30d-865056695c96
1995,1995-04-03,3 Thieves & A Liar,Feel So Good / Hold Tight,50ab4a94-cb5c-407f-b8c1-381b48d878c8
1995,1995,3-O-Matic,All I Want Is You,f889aa66-baae-4cde-bbe4-4143685e67cb
1995,1995-02,3-O-Matic,Hand in Hand,8be70077-156d-40ee-824a-2ca7f5d2835c
1995,1995,311,8:16 A.M. / Omaha Stylee (remix),73e267b5-2a98-4b09-90e5-5cc707d30299
1995,1995,311,Down,ae15fe2e-a5da-3e35-ace0-16197f0368b0
1995,1995,311,Jackolantern's Weather/Guns (Are for Pussies),c38aa3c9-9533-4439-855a-2b96070b85cd
1995,1995,3D House of Beef,Buster / Slip Connect,f145fe12-451e-44d7-a753-66b054562147
1995,1995,3T,Anything,29b0c5f7-4c5d-35d6-93b5-4514f232b063
1995,1995,4 In Action,Wind of Change,d509f241-6ae2-497b-8000-58b208c8760e
1995,1995,4 Non Blondes,Misty Mountain Hop,91c4cb80-6a17-4dd8-8c19-667929aedee5
1995,1995,4 People,4 People,4f7bad74-4e4f-4191-859b-9cfedf2de565
1995,1995,4 Promille,Trinken und Fahren,8f69baba-b06c-46c6-b92a-14764a61d5d4
1995,1995,400 Hz,I've Got the Music in Me,9f9c2120-7578-3064-af54-3eb57999f939
1995,1995,4hero,Mr. Kirk's Nightmare,5f0aca03-7540-3d67-aed1-5894a0051562
1995,1995,54 Nude Honeys,Happy Honey Pretty Go!!,1d401f96-9047-43cb-a724-9d81faa51c5b
1995,1995-06,59 Times the Pain,Even More Out of Today,0158e1c8-02a6-4f6c-a1ba-eb5e02b97d44
1995,1995,5ive Style,Kiki's Cookout,7f527e5e-dfac-4482-9343-8b350c220a56
1995,1995,5th Ward Boyz,Situations,ec38ba82-d2a3-4d4d-9fb2-cba887d88501
1995,1995,5th Ward Juvenilez,G Groove (Remixes),35845e7c-3c61-434f-a3ca-54310bb9aaaf
1995,1995-11,6 Mile High,Homebaker,ccb3d6d0-c06c-44b1-a11b-7fc5b6aa4042
1995,1995,69 Grey-C,Spicy Wax,079d60fe-d11a-42c5-97db-23dcf7c2135d
1995,1995,6th Sense Approach,Aquatech,7972b41c-622f-42c5-bcde-0c3473eb0978
1995,1995-09-27,7 Signs & Julia Simon,Missing,86de352c-3380-34ab-a8f3-121c725b495b
1995,1995,70 Gwen Party,Through the Heart of Sunday,4eaa6330-5988-45bd-b587-8a7557d3d03d
1995,1995,740 Boyz,Bump! Bump! (Booty Shake),33f39e30-ddc4-38c8-8a39-a49d1781d053
1995,1995,740 Boyz feat. 2 in a Room,Shimmy Shake,a5c702a0-b8b1-3741-ad89-b5293660edc9
1995,1995,7th Movement,Odyssey,499ad1d2-9069-4fe0-bfc3-cc79adfdfa72
1995,1995,840,I Want Your Love,5cc675a3-558a-445e-b883-0de05cf34de9
1995,1995-07-03,88.3 feat. Lisa May,Wishing On A Star,5c6916d5-ae92-4e97-8162-42974d9769e2
1995,1995,883,Una canzone d’amore / La radio a 1000 watt,dc71e733-a425-4c83-acb8-206c5ed81dc0
1995,1995,8Ball & MJG,Space Age,1ffa5352-4b36-424b-a27e-5b65a434b246
1995,1995,95 Degrees,Ich bin richtig glücklich,9fbf7d8f-5e86-4a98-b404-87667c5c0561
1995,1995,95 Nil,Car Brain / Sprung,4fb9cca9-59c1-4083-a8d2-f174cdce4061
1995,1995,95 North featuring Sabrynaah Pope,My Life,d25c60a5-ceea-4201-93b9-bd4264c072ea
1995,1995-01-10,95 South,Rodeo,37ea1c68-d9e0-31c9-9253-c2f070a981ae
1995,1995,99th Floor Elevators feat. Tony De Vit,Hooked,dbd1df4a-b277-3f9b-a440-3a92a83fce55
1995,1995,:wumpscut:,The Oma Thule Single,0cfc8059-982b-3c14-a410-1aaabaccca8f
1995,1995-12,[Active] Media Disease,Lost,b6d5d9ad-242a-3f15-89ee-1ad175b16f30
1995,1995,[unknown],Loose,e6036e0f-a351-478d-b1b3-831e415ea068
1995,1995,[unknown],Soul Christmas,639129ab-2125-3c52-bc63-93e576d90045
1995,1995,A Few Good Men,Tonite,1554dc68-a118-3897-a6f0-05dee3ed7823
1995,1995,A Flock of Seagulls,Burnin’ Up,a358a097-e92c-3651-87a9-f82e0a80e9e8
1995,1995-11,A Loose Confederation of Saturday City‐States,Plagiarism / How Can I Face Tomorrow,10774d63-5abf-418a-ac8e-e65be91399ae
1995,1995,A Minor Forest,"So, Were They in Some Sort of Fight? / Fatal Wound",6e627a56-3dac-4673-b690-2af67c91b02f
1995,1995,A Sense of Summer,Around the World / On Top (The Remixes),144c5681-f62f-45fb-9fe8-8698d5dd1424
1995,1995-01,A Sense of Summer,On Top / Easin On,d2a66cb0-6916-4881-9460-309be6c332c3
1995,1995,A Touch Of Jazz,Respected Not Accepted / Taz,14b79f54-fb45-42a8-a1cb-55c74af66c40
1995,1995,A ZED&TWO NOUGHTS,MY FREEZE LIVE,f38e8413-51ca-4609-bf51-314fe259f41c
1995,1995,A-Town Players,"Wassup, Wassup!",fa572768-da81-4132-9447-1ce0535f1b3b
1995,1995,A.D.A.M. feat. Amy,Zombie,7b1bb377-4aee-3987-9fff-0081dd581d90
1995,1995,A.D.A.M. featuring Amy,Memories and Dreams,a6b9450d-5cf2-30e2-938e-209d593ba75b
1995,1995,A.D.C.,The First Assault,a8c00239-8945-47ae-b221-b82b155005c8
1995,1995,A.M.E.N.,Elephant,63c52896-7edd-440f-96e1-0875c64bcf43
1995,1995,A.S.P.,Unnatural Selection Process,db564b26-ac42-4438-afbf-eb0380f34ef6
1995,1995-10-31,A18,This Years Enemy,182b8e52-0a2d-3293-a240-100085ef40ec
1995,1995,A:Mor,"Up, Up And Away",0382e661-8cd5-4abd-a144-5a462fb5aaf3
1995,1995-09-04,Aaliyah,The Thing I Like,431dc5a3-00a6-339d-9796-70db7d6831df
1995,1995,Aarne Tenkanen & Tempuntekijät,Hemaisevan seksikäs pörröpää,aeb65b84-f089-358c-a5e2-5cb561eba4a8
1995,1995,Aaron Hall,Curiosity,319b3344-cf0a-4fb9-8574-7e631f7e3523
1995,1995,Aaron Tippin,She Feels Like a Brand New Man Tonight,7a729a2e-72fd-4186-a445-da5f8556ff19
1995,1995,Aaron Tippin,That's as Close as I'll Get to Loving You / She Feels Like a Brand New Man Tonight,9d57565a-a6b9-4986-9a15-3d538db709de
1995,1995,Aaron Tippin,Without Your Love,fe27e4ff-7e36-4a76-acc2-4929d3eeabee
1995,1995,Aba Shanti-I,Positive Vibration / Love & Unity,f8160f77-9c60-3a36-9709-261864eef68c
1995,1995,ABBA / The Wedding Band,Dancing Queen / Bridal Dancing Queen,c15d87e8-9ebd-4439-81cd-b4d39659b090
1995,1995,Abbacadabra,Voulez Vous / The Visitors,f970630c-a2d8-49ba-9076-6238bd9e8142
1995,1995,ABC & D,Seven Eleven,03c3db06-4f7b-4ebf-abb2-d65876e762b6
1995,1995,Aberdeen,Fireworks,4673f8b4-e872-3352-8730-2a1d034aadad
1995,1995-08,Aberdeen,Snapdragon,82804f3c-88c5-3393-8665-5a9644a57b9f
1995,1995,Abet,The Sweetest Song,03bf8ded-6bb2-4f3f-be19-4e106d4e0da6
1995,1995-11-13,Abigail,Constant Craving ’95,ea51f1f0-7b5b-3091-8b6a-bfbf1069fcc1
1995,1995,Above the Law,Kalifornia,10681f0e-8729-4108-9fbd-49e4f68047bd
1995,1995-03-20,ABS,C’est la fête,41687df4-5846-4d77-8719-02a78d805784
1995,1995-09,Absoluuttinen Nollapiste,Sivulla jatkuu,53e09853-90cf-33e0-93ef-3ae8d4877902
1995,1995,Abstract Reality,Static Smack,60f8bc09-8a07-408c-a27e-35e2d682b1db
1995,1995-09,AC/DC,3 Ballbreaking Tracks,0a1839a5-3f4e-4eb6-9470-b9aba22f9b18
1995,1995-12-06,AC/DC,Hail Caesar,f6e6f465-5fec-350f-b08b-a43f18cfc864
1995,1995-09-15,AC/DC,Hard as a Rock,d4702669-2523-3a95-a705-5341ad332460
1995,1995,Academia,Dance To The Music,8d6262a2-2f61-4760-a360-4d61778912c6
1995,1995,Accordeonette,De lederhose polka,76f1bcdb-c2d7-43fa-98eb-b77a20f948bd
1995,1995-10-27,Ace of Base,Beautiful Life,4c85044d-79db-316b-9a75-c6dfcc17a119
1995,1995-10-09,Ace of Base,Lucky Love,e037f1a4-27dc-3e0c-a87f-3c38b073441e
1995,1995,Ace of Base,Never Gonna Say I’m Sorry,e362b0c6-4610-3c65-963f-dfdbdbdb16f6
1995,1995,Acetone,The Final Say,642a6ee4-7459-4c55-b85a-0accf9a4c5f7
1995,1995,Aceyalone,Mic Check / Headaches & Woes / Feet Upon Da Table,96c7fe05-0a83-448d-b064-84833f37bc79
1995,1995,Achim Mentzel,Komm nach Cottbus zur Bundesgartenschau,db5970bf-6077-4f8f-bf3e-febe58a5ff9f
1995,1995,Achtung! Kabel,Nicht zurück,2b6f5fa3-77e9-407b-a08b-c9af078b8235
1995,1995,Acido Domingo & Elvis Paisley,Live In Vegas,eba23253-c30f-4aae-8114-7c8036226081
1995,1995-11-01,ACO,不安なの,eede3f7b-a5e5-387d-8908-846fe93fa75f
1995,1995,Acrid Abeyance,For Your Safety,92649731-0ff1-4e98-a9de-0f0cc4025c8a
1995,1995,Acro,Superpod (Remix),1a234d18-1b5a-40df-b69d-2f851dfefee4
1995,1995,Activa,I Try,a2dd2bf3-661c-422b-a19c-de18c5a3d50a
1995,1995-09,Activarium,Shock Control,837c6a1f-5937-47e4-b43f-9e200a49f1e2
1995,1995-05-17,Activate,I Say What I Want,09c8d4a5-19f6-44b4-af17-b0c213bda506
1995,1995-10-16,Activate,Tell Me,cf3d3645-f4f6-4750-9461-e021838ea510
1995,1995,Active Member,Άκου μάνα,f8081219-81b3-3eb5-b649-428430b2e209
1995,1995,Acut Genius,I,4fb3f39d-e477-4722-8c35-603a276c1462
1995,1995,Acut Genius,II,3d37be96-81e2-49dc-9996-e6c359bde8e1
1995,1995,Ad & Karin,In de Stille Oceaan,65d2429a-516c-429d-be1f-37bd2f96db2e
1995,1995,Ada Dyer,You Make Me Whole,c4e1cf82-2e46-355f-827e-0b6d83c3ccc5
1995,1995-03-27,Adam Ant,Beautiful Dream,c8fe4c35-a30a-30d4-ac3f-46dca0f947cc
1995,1995,Adam Ant,Gotta Be a Sin,df270078-cc80-4821-8b4c-2541f4b93dc2
1995,1995,Adam Ant,Wonderful,929ef7a9-1ef5-3151-97d5-0b4b8874b303
1995,1995,Adam Beyer,Drum Codes 1,a92fe446-3282-4e13-9262-e54cbc8b4724
1995,1995,Adam F,Burning Deep / Enchanted,13b57a1f-b151-4014-9b1d-4db285e74fbd
1995,1995,Adam F,Enchanted (DJ Krust remix),d6b789c7-5cfd-4e7c-9dd9-61eecc94658a
1995,1995,Adam F,Enchanted Part 2,f7abe33d-31ef-4683-b37a-3650ae52b91f
1995,1995,Addis Black Widow,Innocent,af9889cd-5b26-4385-93fa-756a6c47dec6
1995,1995,Adeva,In and Out of My Life (The Roger S. Remixes),b1bb6d10-82cf-4e51-9b61-90e781a9309c
1995,1995-09-29,Adiemus,Adiemus,0b0f63f7-1002-3338-8e7a-19fc96e7a23e
1995,1995,Adiemus,Kayama,aa43cb88-de82-45de-b7ad-2af2a310b410
1995,1995-03-23,Adiemus,Remix,d117d70b-62c8-459f-9f5b-44eb2bf19134
1995,1995,Adiemus,Tintinnabulum,20e63a05-1509-482b-b8ea-6c0ac2f93e87
1995,1995,Adina Howard,Freak Like Me,d796f83f-3e55-34e8-bc5d-ab3de3f63ff5
1995,1995-02,Adventures in 3D,Over the Rainbow,c5dbbd7b-bbd4-4157-b15a-73911f99416b
1995,1995,Aeon Flux,Be My Energizer,364385db-b652-48f3-83a8-2119e5e55c9c
1995,1995-01-13,Aerosmith,Walk on Water,f09af63d-a18a-4685-a44d-7bfc0adb3577
1995,1995,Aetherius,Symphony of Drums / Piano Impossiblé,16ae8811-f6b9-46c1-a650-f83833e7d9e3
1995,1995,Afrika Bambaataa,Just Get Up and Dance: ’95 Explosive remix,461939dd-255c-4f98-8d7f-d3519d5476b5
1995,1995,Afrika Bambaataa Presents Time Zone,Throw Ya Funky Hands Up,f6de61c0-d677-41bd-9b5f-a6ffe58c2218
1995,1995,After 7,'Til You Do Me Right,a9212c08-b748-4d51-8b33-aaadbd75a942
1995,1995,After Touch,She Wanna Dance,e4eac27f-14d3-43c0-8082-aa84547c01d5
1995,1995,Afterhours,Dentro Marilyn,d858ea46-fb8f-4ecc-9239-85d12be2cda0
1995,1995,Against All Authority / Less Than Jake,Against All Authority / Less Than Jake,1af6a275-ee84-371a-8e6e-ea3eb71938db
1995,1995,Agent Provocateur,Red Tape,0dffbc1e-57c5-3a4e-b20e-9bc8d09c31b2
1995,1995,Agnes Poetry,Once Upon the Weather,b8221b98-1e7c-34cc-9001-ff2a49c98a20
1995,1995,Aida,Fear Of Love,505ac66b-e9ab-41d6-973e-da235a8f9b7f
1995,1995,Aikakone,Odota (Remixes),51e105d3-e61e-4a5c-a419-1adb89043dbc
1995,1995,Aimee Mann,Long Shot,0de87495-0dcb-364a-8aac-afa93911bdf4
1995,1995-11-20,Air,Modulor Mix,63846780-0921-35f7-94b4-f7d8224d7ef3
1995,1995,Ajax,Ex-Junkie,c9acb716-1cc3-3900-8012-772baf27508d
1995,1995,Akhenaton,L’Americano,6c46ed53-b852-3b6f-a864-e7e8c78c8903
1995,1995,Aki Sirkesalo,Naispaholainen,7ef07759-78d9-44be-96f9-a7a24030c399
1995,1995,Aki Sirkesalo,Pelkkää kuvitelmaa,f73d8005-4772-4ec5-a1a9-b566bb4f1d5c
1995,1995-11-01,Akiko,Sweet Christmas,e1922baf-7713-4653-8c1c-a86fb354deb0
1995,1995-11-01,Akina,Tokyo Rose,4568b99a-e69d-4a81-ab71-d7dadcf69495
1995,1995,Akinyele feat. Sadat X,Loud Hangover,243c445e-99fe-39eb-b2d0-eb07f64f5610
1995,1995-06-12,Aknestik,Hellemaa,59126ff6-ea5e-3cdf-95f9-540133434005
1995,1995-02-13,Aknestik,Tavallista elämää,7b808a90-f4e6-480e-900b-a1d39e9fc3ec
1995,1995,AKO-PRO-FIS Big-Band,Compulsory Pieces,12b5fa58-48b2-4099-ac7f-86f5a83dd21e
1995,1995,Akustik Research,Original Silencer / Back Against the Wall,2c88e9bf-0691-4f93-8a1e-c8240e6015f3
1995,1995,Al Larsen With Katrina Mitchell,Change Everything,efd50d13-4f63-438b-9622-0689b3361617
1995,1995,Aladdin,Mash Up Yer Know / Geni (Lost in Zanzibar),f4fba1bb-5a88-44e1-9b0d-f746e6fa5173
1995,1995,Aladdin’s Quest,Dream of Reality / Time,3845e323-4658-4f6d-9f64-03821a9bc3c2
1995,1995,Aladino,Stay With Me,8e1b81d0-ff2a-4a2d-ae47-015fe275dc23
1995,1995,Alain Bashung,À perte de vue,54e86f29-ece7-4621-bee1-35966756870b
1995,1995,Alain Souchon,Sous les jupes des filles,8085eecd-b615-497e-9165-b38ebda6b1b3
1995,1995,Alan Conoid,Dong Walk / Random Walk,4530e5b5-324f-468f-a09e-31666f168fd9
1995,1995,Alan Jones,Wonderful Life,eff89d59-bbcb-4e05-870b-10058d2c99a0
1995,1995,Alan Parsons,Limelight,d8c4736c-2f49-4190-acb3-2fbcb0f59641
1995,1995,Alan Parsons - vocal Chris Thompson,You’re the Voice (From the World Liberty Concert),e7d8cff2-4857-4c18-962c-668df7e01bbc
1995,1995,Alanis Morissette,Hand in My Pocket,9127f91c-94d2-3aa2-a020-f93a5dada9ba
1995,1995-07-07,Alanis Morissette,You Oughta Know,eedb58ec-d753-3ac8-adfe-939939127e6f
1995,1995,Alannah Myles,Family Secret,54429b7e-f3a5-3784-92b5-45abb64525a8
1995,1995,Albert Hall,Look of Love,ad7e99e9-ce9e-4f14-8190-548013831cb0
1995,1995,Alberto Colucci,Ti Amo,964146b3-e974-48d4-bd38-79396cf83664
1995,1995,Alcatraz,Giv Me Luv,c9e24f22-b84b-3ac5-bd58-28607d1e6a2b
1995,1995,Aldus Haza,He-A-Wa,3d5d8ff5-e05c-4203-9a1d-4d52d1bd2d4c
1995,1995,Aldus Haza,War mixes,d2d14044-dffb-4605-8585-088bf7e658e9
1995,1995,Alec Bathgate,Pet Hates / Happy Hound,05a28d87-6df1-3f46-af16-ffffe3f8f3fa
1995,1995,Alec Empire,suEcide (The Wonka Remixes),1bc663d6-500b-4474-a69b-5f38e5840ce4
1995,1995,Alex Neri,Planet Funk,6f483316-1273-4c2d-8c27-fffc67993394
1995,1995,Alex Neri,Planet Funk / Funky Love,decc128f-7e14-4a1b-acfc-3f7dc8b77260
1995,1995,Alex Party,Don’t Give Me Your Life (remix),bdb95980-8647-4c00-a682-59d4f71a9705
1995,1995,Alex Party,Wrap Me Up,3877efe9-7782-4c0b-917b-e6d742fa475a
1995,1995-12-04,Alex Reece,Feel the Sunshine,014146ef-d048-3524-8a40-69c1880325cc
1995,1995,Alex Reece,I Want You / B‐Boy Flavour,c54154cb-6bac-3f50-8569-cd8ae6791f3e
1995,1995,Alex Reece,Pulp Fiction / Chill Pill,c45a5556-2cda-3ae6-9819-77b2119360c6
1995,1995-04-24,Alexander Hope,Share - The Remixes,a7968568-77f4-43ff-b2f2-13c94d820889
1995,1995,Alexia featuring Double You,Me and You,4076303a-bd2a-3fcd-9f60-3378ccb9790a
1995,1995-08-14,Ali Campbell,Let Your Yeah Be Yeah,4dd0924d-5c17-49f4-944b-8563e7399e4f
1995,1995-05-08,Ali Campbell,That Look in Your Eye,55ae51e9-5b78-49fd-b42d-e3a94e6a0c34
1995,1995-10-18,ALI PROJECT,雨のソナタ 〜La Pluie〜,3b264477-87ab-3830-b34a-282ceb8e498c
1995,1995-11-06,Alice in Chains,Again,b203eaf1-d16a-4cb3-83a3-99959c249e4c
1995,1995-10-30,Alice in Chains,Grind,d064dc52-999a-303c-9112-a37fe0d9940a
1995,1995,Alice in Chains,Heaven Beside You,cf5eb1fe-3e62-30d6-9190-ac8ffdf84cfa
1995,1995-11-07,Alice in Chains,Over Now,6a7e77d5-5b4f-335d-9280-c03cef8169b4
1995,1995,Alice in the Fields,Smile,71bbcab5-4b40-438f-b97c-aafd30933d63
1995,1995,Alici And Ralphie Dee,Primitive Passions,e50adb91-cffe-4d61-a43b-19a97b0a5dc6
1995,1995,Alien Factory,Get The Future Started -Remixes-,4eace886-0eae-47ea-9879-6909c12bd832
1995,1995,Alien Resence,Mango,7397271e-32e4-4534-aadb-d0db3b51b69c
1995,1995,Alien Sex Fiend,Inferno: The Mixes,48f6a3d8-144c-3609-adc6-bea7cb39642d
1995,1995-02-20,Aliens & Strangers,Bloodfix,04fb2932-6978-4c71-9d45-465dbf101f12
1995,1995,Alison Krauss,"Baby, Now That I’ve Found You",6276d84c-69c1-354f-a7ac-a23f59ca6893
1995,1995,Alison Krauss,When You Say Nothing at All,ad110492-c397-3fa3-9e91-e3accc7a2ca4
1995,1995,Alison Krauss & Union Station,When You Say Nothing At All,ceda02fd-6fae-49f5-ba10-9db72fa8b304
1995,1995-08-14,Alison Moyet,Solid Wood,ddd12c95-f59e-4761-9710-51a1d7aa50ef
1995,1995,Alison Moyet,The First Time Ever I Saw Your Face,671d62af-4436-3bf1-8653-993eec9a87a8
1995,1995,Alison’s Halo,Dozen / Calendar,a755cf52-799b-402a-a2fe-dfcd08481f16
1995,1995,Alk-E-D,Raw / Home (Luna-C remix),14c2993e-4c1d-4939-ac47-9093136934e2
1995,1995,Alk-E-D / The Timespan,Selecta / Shown (Remixes),0fe7c331-4ab3-4167-b532-86168b2c4382
1995,1995,Alkbottle,Fliesenlegen,2e46ae3e-9a85-3df7-95cc-d061245327db
1995,1995,Alkbottle,Geh scheissn,c29a9de9-bd68-3c7e-9461-6545fe1fe25c
1995,1995,ALL,Million Bucks,bd70bc74-42d0-407b-845a-5c4183b97107
1995,1995,All About Chad,I Know a Girl,de97457c-c870-4b28-a518-62997e966dd6
1995,1995,Alle Vijf,M’n tante heeft een olifant,eddbfe05-952b-4bcd-bc50-f097cdc82c8d
1995,1995-10,Alliance Ethnik,Honesty & Jalousie (Fais un choix dans la vie),07710bec-3bcf-3bd9-9669-43ac6fd6394d
1995,1995-05,Alliance Ethnik,Simple & funky,1ed8332a-60e2-3f01-a797-b93870dec4e1
1995,1995,Alliance Ethnik avec Vinia,Respect,98a0738f-0b4e-3f7e-ab71-fb94a485c15b
1995,1995,Allnighters,Black Is Black,1b8f1b5c-cc7d-4f41-b691-4cbf038717a3
1995,1995-05-22,All‐4‐One,I Can Love You Like That,6e6a5c7c-7701-4658-8940-195e32fde9a8
1995,1995,All‐4‐One,I’m Your Man,3cc45d1c-1c7f-406b-a9ee-0fdafb057f51
1995,1995,All‐4‐One,These Arms,620cebc6-a8d0-4054-a4bc-e9e1b1954c0c
1995,1995,Alpha Beat,Summer of Love,fedbea08-4f28-34f6-a726-49c325244afc
1995,1995,Alpha Process,Je T'Aime,5076312b-983c-41e4-b023-321c4e93b279
1995,1995,Alpha Squad,Distorminator,0a265f5d-53c6-4368-90ed-d8b4e667c9b1
1995,1995,Alpha Team,Racer X - Challenge of the Masked Racer,773a44ca-8739-3f7b-894e-159c3643953f
1995,1995,Alptraum,Ich will Kühe!,2962a26f-2445-4c6d-a5b8-e30d3eaf1c9b
1995,1995,Alter Native,Joy Factory,ec3df09e-56b6-4be5-8e78-ac393a848beb
1995,1995,Alternative Art,Techno Mania,f89f3b64-c620-407e-8276-dccba479c1cb
1995,1995,Alvin Purple,Headcase,9ff07204-82bf-49f1-bb0e-ed305f97ab13
1995,1995,Alëem,Why Hawaii?,d5aa9de2-c160-4c41-a4a3-ab4d121f23af
1995,1995,Am-bi-dex-trous,Glowing Hands,05687eab-814c-43f5-94c7-fc873b7f141a
1995,1995,Amanda Lear,Everytime You Touch Me,b4b536c8-bf7c-39ce-883a-2a900f6140d2
1995,1995,Amanda Lear,Peep!,e0fd247f-26ae-3126-9bea-a5f0115c8326
1995,1995,Amanite FX,Trance-Mission / Trapachnika,077bf2cf-9dc4-45d9-9677-18271a2bd88e
1995,1995,Amazon II,Crazy Trip To The Tropics / Deep In The Jungle (Remix),5e50b0a1-f521-4bc8-ae23-23e01191a585
1995,1995,Amen,Passion,d48e594f-9a09-425b-825e-6f440cf9abaf
1995,1995,Amfibian,Pa Relax,7fae559c-eb11-44dc-b915-6916359b8f52
1995,1995,Amistades Peligrosas,Me Quedaré Solo,080abb4b-bfeb-49c5-b2bb-72d5fb6b2c9e
1995,1995,Ammonia,Drugs,67524b4f-b451-3660-b7ee-09d6acf16532
1995,1995,Ammonia,Ken Carter,67970421-69b0-314f-af34-a49ec872f22a
1995,1995-09-25,Amos,Church of Freedom,2afd0b22-eaa0-4e0e-ba26-866ec6d9ba30
1995,1995-03-13,Amos,Let Love Shine,9158951e-274b-4242-8a85-c524c4b71434
1995,1995,Amy Grant,Oh How The Years Go By,c186bc8e-69fc-4897-b5b8-daf25ac3bd71
1995,1995,An April March,Instruments of Lust and Fury,e8ecea1b-5cf8-30eb-be50-a5126400d1c5
1995,1995,An Emotional Fish,Summertime,c43295a7-3892-3e95-90bf-560a0db6d1cd
1995,1995,An Emotional Fish,Superman EP,10de2548-2089-35de-ae02-b0eb3e91c72b
1995,1995,Analog Dynamix,Welcome to My House!,917067ad-cb3b-4dae-a407-1e0551e26208
1995,1995,Analoge Dynamix,A-syd Again,2ac1c657-000c-4f06-92ef-7291112930c6
1995,1995,Analogues Are Dancing,I Wish I Was Your Lover,3df7ffb7-0773-4176-868f-9aca5687ebee
1995,1995,Anasarca,East Bunk Hill / Eugene Debs,92f48473-93e2-4464-ac62-0ad0d83b5081
1995,1995-01-30,And One,Deutschmaschine,108ea53c-d3f7-3503-8e81-30fef87a039b
1995,1995-07,Andrea Berg,Einmal nur mit Dir alleine sein,10050c07-c1d1-453a-8603-9c77ea02fb02
1995,1995,Andrea Bocelli,Con te partirò,2535b2b1-4a91-3eb8-955f-14af9f446aa7
1995,1995,Andrea Bocelli & Judy Weiss,Vivo per lei (Ich lebe für sie),dcf1ecbd-1a8f-47e2-a1ac-bb2e699402e4
1995,1995-08-07,Andrea Jürgens & Das Nockalm Quintett,Wir greifen nach den Sternen,3e7cc605-28c1-4fe1-8fdb-a674c16f8321
1995,1995,Andreas Dorau,Die Sonne scheint,ec658d5b-e03a-404c-bd11-d653b14fd34d
1995,1995-03,Andreas Martin,Das kann nur Liebe sein,3ca729fc-9ff9-4a5a-976d-4586038d8247
1995,1995-08-01,Andrius Mamontovas,Singlas,261bcb62-4cee-3b67-b468-290da4110fe8
1995,1995,Androgeny Featuring Michael M,Let's Talk About Me!,46d0de70-79be-499a-8f08-8173c39f7bc0
1995,1995,Andromeda,Renaissance,2528ecde-e253-43ee-b117-7497c29ca5e8
1995,1995,Andru Donalds,Mishale (Remix),d78ad1e2-a92c-4390-b111-5d93f68229bf
1995,1995,André Hazes,Volare · Terug In De Tijd,117cb47c-fad7-426e-83e8-cce4b21ba2a6
1995,1995,André Parker,Bleib ganz cool,897eafa3-9b5e-477c-8f50-65baffcd2ec4
1995,1995,André van Duin,De Buurtsuper,23a6ab37-0145-479a-b6f0-99c76e764c85
1995,1995-11,Andy Borg,Für immer für Dich da (mein Kind),0a49663a-0b9a-46c0-9b20-ac54a264f7e8
1995,1995-01,Andy Borg,Lieber jetzt und ohne Ende,b5578a3d-ab24-3d85-b6af-608828bbb683
1995,1995-05,Andy Borg,Schenk' mir eine Sommerliebe,f9832379-9cbb-48eb-af52-9a730a10014f
1995,1995,Andy C,Cool Down / Roll On,acc775e4-9b67-3828-a4a0-92df54273190
1995,1995,Andy McCoy,Let It Rock,8a4bf757-f020-475c-aee1-30f50bc2dfd3
1995,1995,Anethum,Silence Is a Rhythm Too / I Can Make You See God,54f89587-3251-4d27-9d5d-1d70bed50934
1995,1995-12-25,Angel Deluxe,I Wanna Be With You,dd23a2af-b2d1-4439-b77e-c8379800c6b2
1995,1995,Angel Heart,Come On – Let’s Work,568e8da0-3e25-4a7e-ae03-59853c30dbee
1995,1995,Angelika Milster,Hast Du Liebe gesagt,2c380db5-c9ba-4c19-8d1a-2633e0ed8d15
1995,1995,Angelina,The Power of Love,a5abf684-0517-4d94-a3ec-0e31896a69f4
1995,1995,Angry Samoans,Generation Next,8125d574-05e6-4900-9bb6-3e9285dfacd2
1995,1995,Ani DiFranco,Shy,e515e371-3552-3cae-8aeb-dd5617163937
1995,1995,Anita Baker,I Apologize,a0d96bc5-b322-43ba-962d-971e9a2fb55e
1995,1995,Anita Baker & James Ingram,When You Love Someone,0eddb17c-3777-38e8-ac1a-05dfc3cc40dd
1995,1995-05-11,Anita Lane,The World’s a Girl,062ca7bc-13b4-30e1-b31c-87f7840c0a4d
1995,1995,Anja,Lellebel / Vlieg kleine vogel,40d0894a-e0b3-4f06-8119-f5690c6c170c
1995,1995,Ann-Marie Smith,(You're My One & Only) True Love,278381a6-49b1-4602-a177-b301fa09f383
1995,1995,Anna Hanski,Siipia vaille enkeli,4bd93ced-edef-45ff-b613-7686bb8ff6be
1995,1995,Anna K,Vzácnej Den,f24b4ccf-7297-45dd-b1a5-7262a02b5e7b
1995,1995,Anne Clark,Elegy for a Lost Summer (Remix),24b6e141-4527-4e1e-b4be-89be2519a8c2
1995,1995,Annette Lindwall,Heaven Knows Your Name,fd361752-1913-46a5-a054-edc43d1a2e77
1995,1995,Annette Lindwall,I Believe (Life Can Be Kind),323773da-64d5-4037-bfc5-fcdb30ed3e99
1995,1995,Annie Lennox,A Whiter Shade of Pale,f22e1175-2eda-42a2-b77e-7224522ee8a9
1995,1995-02-18,Annie Lennox,No More “I Love You’s”,37f0b741-c7f4-3542-9ada-65ed65604fdc
1995,1995-11-24,Annie Lennox,Something So Right,b6828d52-7841-3591-8352-09a17f0ffeae
1995,1995,Annie Lennox,Train In Vain,6605220c-c127-4dd7-b3dd-2dfeb9f4e811
1995,1995-09,Annie Lennox,Waiting in Vain,2955551a-fefa-42f6-9b62-d6068b4114ac
1995,1995,Ann’So,Hey Jo!,8a53f039-65cc-420f-a27d-34357f71900b
1995,1995,Ann’So,Tout me rappelle à toi,dee549fb-dac0-440f-96ab-f6198671790a
1995,1995,Anomie,Disenchantment of the World,61bd6e6b-7168-4af3-930a-97204cfaea07
1995,1995,Anonymous v. Anasarca,Anonymous v. Anasarca,f99d8852-1a91-4172-b841-fbad55f702f0
1995,1995-03-21,ANOTHER ROOM,この想いつたえられると…,b3b847cf-2e0a-4f4d-9f94-9c965e77e404
1995,1995,Ant-Bee,Child Of The Moon,d7d4fa84-eb5d-4082-bbb3-864887cb6b3e
1995,1995,Antares,Ride on a Meteorite,9e3a063a-a848-4ecd-8eff-f3296339b516
1995,1995,Anthill Mob,The Makeshift E.P.,71d889fb-d648-4ce5-a5a4-7ad792ce3c16
1995,1995,Anthony Acid,HA HA,c27886d3-e60a-4c3e-bd88-3ed68544ce0e
1995,1995,Anthony Way,Panis Angelicus,b38e6d43-a218-408c-9aa2-5a713bd24d79
1995,1995,Anthrax,Fueled,efdd2523-9261-329e-a2a1-45ba79ee90e8
1995,1995,Anthéa,One More Time,847a1fe0-105e-43b6-9bb5-282767038b36
1995,1995,Anti-Heros,Murder One,7f6354c7-c802-399a-b056-8d6f2bdd1837
1995,1995,Antic,The Ultimate,976a4d52-fab5-3d69-b5cf-bbe19af9c76d
1995,1995-03-21,Anticappella,Express Your Freedom,224be9e7-f931-38ec-a201-b5cbed0b6997
1995,1995,ANTiSEEN,It All Breaks Down,3418a039-94ca-4cac-ab26-42fcb617a105
1995,1995,Antonella Arancio,Più di così,bfca1e3c-6a90-4cf7-a565-23048894b9e9
1995,1995,Antonomasia,And I'll Be There,a798e52f-a5fe-4451-b6e3-83b1b7487dd8
1995,1995-04-21,Anya Alexeyev,Paul McCartney's A Leaf,ff523078-356b-4480-8f01-20bb18f6ebae
1995,1995,Aon,In Pain,04533575-5038-4089-8b0c-54f529b887b7
1995,1995,Apache Indian,Make Way For The Indian,c859dcd0-23ec-4ebb-a9f1-c7e151eb4b4f
1995,1995,Ape Hangers,I Don't Want To Live Today,83d734a5-5673-4a55-b09b-68b28f12f5dc
1995,1995-07-18,Aphex Twin,Donkey Rhubarb,a0f5d35c-b03b-3d7b-b2f8-35dc49052ae6
1995,1995,Aphrodisiac,Pressure Drop / Feathers in My Face,fef27fd9-1d7e-3310-be8f-55a22742de40
1995,1995,Apollo,Hallelujah (On His Way to Heaven),58ee456d-c9a6-4af1-a17e-ca28d2403369
1995,1995,Apollo 13,Space Dust / Wobble,ff72422b-0911-4840-9c42-1525739921a7
1995,1995,Apollo 440,(Don’t Fear) The Reaper,c2c4f165-cb86-3234-aa97-62b4f58b8737
1995,1995,Apollonia Love,"Abracadabra, kleiner Prinz ich liebe Dich",7684d224-6533-4828-a1bf-eff901c2fe5a
1995,1995-04-01,Apoptygma Berzerk,Non‐Stop Violence,47e8b2f6-c955-3153-86ce-ad25cd8f652f
1995,1995,Appendix Out,Ice Age,8883637a-0903-345a-825a-40d5a318bbe6
1995,1995-10-20,April March,Chick Habit,e420860c-02f5-4188-97be-0ceefd282199
1995,1995,April March,Voo Doo Doll / Kooky,584d29b9-88c9-4c9c-9c71-1748d7aa96f8
1995,1995,Aqualite,Rhythm Control,d2004d62-5cbe-4608-b284-050a944d0998
1995,1995,Aqualite,Wavemaker,f436b16d-9ffb-4bce-a104-0ccb9380ddfc
1995,1995,Aquarius,Drift to the Centre / Wave Forms,a8527ce3-1afb-3c39-a3d3-821cf1ce43f0
1995,1995,Aquarius & Tayla,Bringing Me Down / Soul Searching,2b27b685-e612-3cd6-abd8-86d656d278c7
1995,1995-09-25,Aquasky,Dezires / Images,987098cc-373b-3382-8a5a-05156cbc3404
1995,1995,Archers of Loaf,Private Street for Bu-Bu-,7034adef-fd77-4099-b351-2dcbde91a23b
1995,1995,Arcus,Happy Rose,d6c5b620-259f-464c-a650-bf9eb829a5e9
1995,1995,Ardis,Original Sin,bf5ce520-ca89-45f4-9296-60627f07f400
1995,1995,Ardis,Shotgun,7b73f447-5306-3943-823d-b6ccb191a6c8
1995,1995,Area 39,Mental Patient (Out Patients mix) / Twisted Brain (Area 78 mix),246d22e1-f997-422f-8893-5a6b820748b5
1995,1995-04-03,Area 39,Sparkling,5b2ecc3a-f9e2-46e2-9f87-fb604da6dffe
1995,1995,Arie Ribbens,Ik ga uit m’n bol aan de Costa del Sol / Het laatste woord (Jij hebt altijd het laatste woord),c68d0e20-4574-47c2-a410-d2188601b05c
1995,1995,Arie Ribbens,Oh Antoinette / Het zijn weer eindeloze nachten,082b91ca-da43-4f4c-9347-9a4153de1cf7
1995,1995,Armadillo,The Hopper,6f6e3278-33a4-4661-8c77-545432007f33
1995,1995,Armagedon,Nina's Rinse,62ebeb7b-d0f5-48de-8fe7-c663bf7f49fd
1995,1995,Arme Ritter,Disco '95 (singt und schwingt das Bein),88498dd0-650e-389d-a464-03e08272763a
1995,1995-11,Armed Response,Go Further,c1abbc90-3dfd-3309-af64-6d2432574cc9
1995,1995,Army of Lovers,Give My Life,c880a0b7-a770-3d8b-9f9a-b5f5209acfc2
1995,1995,Army of Lovers,Life Is Fantastic,c359e12f-c1ed-4c42-8ad0-02d640be3b6c
1995,1995,Army Of Lovers,Venus and Mars / Megamix,7951fe7d-88b2-4dac-b74b-a122c15d9feb
1995,1995,Arne Jansen,Ik wil nog meer / Durf het leven aan,851156e2-dc4b-4a92-9ebb-d13e6247f6de
1995,1995,Arno,Elle pense à lui,9cf23039-8766-4cba-8186-92b8cf3ae36b
1995,1995,Arno,Les Yeux de ma mère,ba119952-ea97-4308-9bef-ff2c2807adc2
1995,1995,Arno Kolenbrander,Why God Why,f29de5c8-8d1c-4d34-836f-65a5b47f209f
1995,1995,Arnold Turboust,Le Philosophe,2abdc5c8-9a51-4b17-b5c2-4ee9601848a9
1995,1995,Art Mengo,La mer n'existe pas,fb20eaef-e0b1-49be-86a5-8a9042195ce5
1995,1995,Art of Silence,West 4,a453fe07-9351-37ab-8ab4-e5e22462d2b6
1995,1995-01-16,Art of Trance,Octopus / Orange,e8f54e58-a164-3942-861d-0aa4eb65db68
1995,1995-04-03,Artemesia,Bits + Pieces,43958aa6-c81e-33e0-b23c-7788b1616230
1995,1995,Artifacts,Dynamite Soul II / Who I Am,e0f64178-c7b0-31c9-b53c-c7b67684200b
1995,1995,Artificial Intelligence,Get Down (remix) / The Vision,68e70a47-f22e-4843-9c65-3831d5c6ff4e
1995,1995,Artificial Intelligence,Get Down / Reach Out,cbc6089d-ca72-476f-9bad-e790ab7a655e
1995,1995,Artinis,Inner Rhythm / 4 A.M.,b6a7e156-6a66-4c1b-80a1-7d23d6f253d1
1995,1995,Arturo Sandoval,Colors of the Wind,6a0ddfd5-2f5b-33f2-a889-fbb17ea6ed3f
1995,1995,Arzach,Arena / Rub It Out,e19cff99-c71a-4b16-913b-0023ad768e4e
1995,1995,Arzu Ece,Sev,be3adf6d-2763-404b-aebe-23616b7758cd
1995,1995,Ascention,U Lift Me Up,6f70c9ca-6c64-439a-b8ff-51757678a2f1
1995,1995,Asend,Can't Hold Back (Back 2 Basics Re-Touch) / 12 O'Clock Drop,1935e616-3f1c-4d03-97e2-3c1a4aaf98e2
1995,1995,Asend,Can't Play Bass (remix) / 12 OClock Drop (remix),605e2848-3ad0-4f12-a07c-719d3f765a55
1995,1995,Asend,Can't Play Bass / This Time,6f17aaa6-b339-45f8-84b9-2310fa082af8
1995,1995,Asend,Take Your Soul (Northern Connexion remix) / Orange,b2c728d9-8d72-4cac-90fb-94d7f48acb35
1995,1995,Asend & Ultravibe,Real Love (SS Rollers remix),a1793a4f-8261-4c62-8ed1-ecbf4a43fe9c
1995,1995,Asend & Ultravibe,Real Love / Just A Little!,d8d6b86a-7ced-4803-9093-0ddf6772d3e0
1995,1995-10-09,Ash,Angel Interceptor,e23390e2-a8b6-3089-a536-96a489ce3a44
1995,1995,Ash,Get Ready,dcbb8aa2-9fee-46be-b500-2298d67ab2f0
1995,1995-07-31,Ash,Girl From Mars,8d57706c-13d7-3677-966e-c241d1c1454a
1995,1995-03-20,Ash,Kung Fu,864d10d7-e702-3686-9f75-55af19148ddf
1995,1995,Asha Senator,One Bible,1da098ea-2827-4bec-969f-886b4760509a
1995,1995,Ashley Beedle,Revolutions in Dub: The Remix Mafia,d1139ea0-3569-406a-9080-9124d23d4a0b
1995,1995,Ashley MacIsaac feat. Mary Jane Lamond,Sleepy Maggie,1b66adf0-2ff4-41e8-b0a2-5f9cc0238d10
1995,1995,Ashtray Twins,Ring My Bell,23e40081-5cbd-48c5-8f77-989e00e22947
1995,1995,Asian Dub Foundation,Rebel Warrior ⧸ Strong Culture,94d8a202-36d7-4b61-a7d1-adc7aadd2887
1995,1995-01-01,ASKA,晴天を誉めるなら夕暮れを待て,1c8f90d6-658c-4b62-a84c-c25f26614fe6
1995,1995,Asphyx,Promo ’95,8a5ba731-fa78-44dc-9086-c7648c9547f5
1995,1995-07,Assekruus,Slavenkoor Carnavalesque / Mexicaly Rose,53a03a91-eff3-432e-af63-7cea611f1d8f
1995,1995,Assign,Thirtyone Years,c2eae958-85a7-447e-9434-8dcae8c59495
1995,1995,Astralasia,Mother Durga (Change the World),975b29f0-621c-3a17-85af-84901862b5d0
1995,1995,Astralasia,Nomad,e60e6284-e5db-31d3-9742-1b973767de96
1995,1995,Aswad,You’re No Good,00eb8f76-288e-496d-8b2a-aea6528b5464
1995,1995,ASYS,Acid Train / Sweat Room,3d9c5980-d6c3-47f6-8939-a1acf7ea1e57
1995,1995,Atari Teenage Riot,Kids Are United / Start the Riot,908d657f-5d9b-3cde-b2ae-f0fc7a4dfc5d
1995,1995,Atlantide,Do What They Say,303b39f1-83f2-421f-b422-4f6c23a46898
1995,1995-12,Atlas Shrugged / New Day Rising,Atlas Shrugged / New Day Rising,d66e111d-d64f-42e6-9abe-dcaabc8443e7
1995,1995,Atlas Strings,Miss Judas,0c286e89-8e0d-4a39-987f-dfbdad4b5699
1995,1995,Atmosphera,My Soul,bbd1a4f9-d1c5-4fa3-9463-045469c8e80e
1995,1995,Atomic Dog,N.B.K. Rebirth / Future Now,8e39ddc6-8c33-4f88-aa44-c3ec54b209fc
1995,1995,Atomic Kids,Zob,a3dcd475-7468-439c-a0ea-e3ac6243b0eb
1995,1995,Atrox,EKG,bb9dbfdd-6dea-41c6-bc68-04bb162e93d1
1995,1995,Attica Blues,Blueprint,03223581-e621-3d75-adf9-92f598360c08
1995,1995-12,Aube,Re-Chant / De-Coda,fb7e59a8-4f23-45a2-99d0-f1cab448c7c9
1995,1995-04,Aube,Vibrate-Flasher / The Silent Light,76187070-f120-4fe4-9e63-c8ddcecaaa02
1995,1995,Audio Active,More Tokyo Space Cowboys,b9e84ec2-a19b-461f-a549-74372ca2ad5b
1995,1995,Audio Murphy Featuring Melinda,Tighten Up Your Pants (The Yodelling Song),a910d1a4-e171-47a8-a8dd-e3a5b4ed3d72
1995,1995-10,Audioweb,Sleeper,f0f8c136-81cd-30e5-8b34-5e154971d58a
1995,1995-05,Aura,Air,fadc02a8-f1d6-492e-b727-bae80a041e47
1995,1995,Aura,Caterpillar,e06d1f8a-a7d4-48c6-91f3-f788d9faa2e2
1995,1995-11-27,Aura,Puffdub / Dreamride Part 1,2d0a211c-4483-4109-872b-cb83ad947a97
1995,1995,Austin M,Destroy / Come Now,817f9ba8-9796-3727-9efb-f2354ee803ec
1995,1995,Autohaze,White Bird,ea763f6c-c0e3-4f5e-b0ef-56455b729cd5
1995,1995,Automatics,Slow Song,fa742c45-837c-37eb-a4ed-aeae599544b3
1995,1995,"Automatics, The",Deep In My Mind,28d543e7-00a1-4204-8745-5ad32890e7fd
1995,1995,Autour de Lucie,Ce que l'on tait,a2b5a2bb-c415-4794-956e-6cdf6fe786fb
1995,1995,Avalone,No Proper Time of Day,68111e78-74c1-4e2a-839d-52ab488e6f72
1995,1995,Avernus,Blood Gathers Frost,2b627fa7-eea6-4786-9c4b-b1ac954ca608
1995,1995-12-10,AWeX,Back on Plastic,bf4cbeac-24da-3d26-a75b-4c594e8ae72f
1995,1995,AWeX,FloorControl,91e0bcd3-1d9a-49c6-b129-605581e80975
1995,1995,Axel Stephenson,One Direction,0403ae85-eb66-403d-8b2d-c88527cd0cd1
1995,1995,Axelle Red,Le monde tourne mal,785ada57-fd83-4eba-84ac-d0a7bf8934ec
1995,1995,Axis,Come On,33338b22-4d97-4002-ba9f-30503ac46c77
1995,1995,Ayreon,Sail Away to Avalon,88752239-989a-3b48-91f6-62ca974d2b32
1995,1995-09-21,AYUMI FEATURING DOHZI-T & DJ BASS,NOTHING FROM NOTHING,9f7b7e16-ba07-4fb8-8e8a-59a691406220
1995,1995,AZ,Gimme Yours,8869ad53-998e-4a3e-994a-4bf50d6a204f
1995,1995,AZ,Sugar Hill,5737c60c-721e-4384-a103-1a971a4d66ca
1995,1995,AZ,Your World Don’t Stop,ebec9fa5-60be-43fa-806d-c1b6b878855b
1995,1995-01-19,B-Cap,Send Me An Angel,95d8755e-dec0-4dc4-ae75-6881565c80ed
1995,1995,B-Code,Feel Good,ffc12ea7-31d7-4212-a5d1-76bf2bab5a1c
1995,1995,B-One,The Rhythm,98345202-353c-4875-ba04-0031ed72b0ba
1995,1995,B-Tribe featuring Deborah Blando,Nanita,025d3121-f478-4749-9bb2-9fcff6045cfb
1995,1995,B.B.,Good Enough,a42fc330-7d3c-498e-aba7-db9856db4762
1995,1995,B.B. Nation,Too Many Walls,1e601290-5b78-4f9d-a7d0-aca059872fb1
1995,1995,B.G. The Prince of Rap,Can't Love You,d40dda5d-078c-3453-8307-497b6d9c09c1
1995,1995,B.M.U. (Black Men United),U Will Know,73873c1b-d137-4d8e-9d6c-fa1288705b68
1995,1995,B.O.S.,Under One Roof,69574135-c492-42a3-8a39-6f1e8f447f98
1995,1995,B.V. / Teego,Vision of a Vision 12,fe374653-c656-4e66-ac61-248030ab43ca
1995,1995,Baaba Maal,African Woman / Gorel,46ed63ce-1722-4a96-a488-8b985df5247d
1995,1995-11,Baader Meinhof,Baader Meinhof / Meet Me at the Airport,22d56635-91a6-4198-9997-efd23174e1f2
1995,1995,Baba G,Dig A Jig,be981a88-4f4d-403c-b6d4-9a23883e986a
1995,1995,Babes in Toyland,We Are Family,80d1e268-55f2-47d9-8127-3645621e0d27
1995,1995,Babilonia,Too Easy,d8313aa0-e1d4-4a9a-a207-e163c1c43ade
1995,1995-10,Baby Bird,Snake Caves / Lemonade Baby,a59ad2d8-efc2-4ddc-9468-9c96233d81df
1995,1995,Baby Bitch,Rock It,ca900efd-1fda-37d9-a773-b149ba3550f0
1995,1995-05,Baby D,(Everybody’s Got to Learn Sometime) I Need Your Loving,fac4cdcc-12bf-48bf-97d1-05f95cc96853
1995,1995-11-20,Baby Doc,Gimme Boy,ccbb5edf-53a1-4081-b2ad-359559b2cbe5
1995,1995,Baby Doc,Sienna,9a262449-b011-4dce-9a76-9973de997c09
1995,1995,Baby Doc and the Dentist,A Sports Day at Dream Inn,31b58844-9bea-40c2-bf7c-2921c70d8207
1995,1995,Baby Doc and the Dentist,Tales of the Seraphim,070383b1-0eb0-4425-b867-a4ba2b61e792
1995,1995,Baby Harp Seal,The Things I Think About When I'm About to Die / On Power,c65eadb8-a2c5-34ae-be03-610ac50fc0bd
1995,1995,Babylon 5,Yes Yes '95,32fd2820-68c7-4efc-a7e2-210f4886add8
1995,1995,Babylon Timewarp,Mistermen Vol. 3 - Durban Poison '95,ec489eee-3a40-46e2-9def-c63fbc5ae17e
1995,1995,Babylon Zoo,Spaceman,febc7c6b-413a-3769-8abd-f136d552b87e
1995,1995,Backstreet Boys,I’ll Never Break Your Heart,f51fc083-65ac-3887-98f8-fcca3a769543
1995,1995-10-09,Backstreet Boys,We’ve Got It Goin’ On,f0a3f7ae-1007-36df-89ad-5bb471b9248a
1995,1995-10-09,Bad Behaviour,Find the Source / Damascus Danse,ae60697c-09f3-426f-8469-5729c429eab3
1995,1995-06,Bad Boys Blue,Hold You In My Arms,4ea16575-05ab-4c47-b118-c32e1519e54e
1995,1995,Bad Brains,God of Love,8609eee7-0d17-4f4a-a974-6723d17e92cb
1995,1995,Bad Influence,That's The Way Life Goes / Thug Thang,1031413a-9b4d-4f1e-a7ba-507629d3f6e1
1995,1995,Bad Man,Lover Man,a9239c16-4d8d-418d-83c9-35d836971ca0
1995,1995,Bad Religion,Bad Religion,f5bba917-9f2d-487c-a5c6-df58e78ffb26
1995,1995,Bad Seed,Promo Single,6d3ea40d-594f-4db2-8f81-b1e7a16bb1f4
1995,1995,Badesalz,Jesu S.,9a499372-3b96-3811-b4e2-50bafbf22f36
1995,1995,Bahamadia,UKNOWHOWWEDU,4a65eeea-5acb-4817-9519-276bf2f1ee05
1995,1995,Bailter Space,Retro,e364ba8d-a7b7-430f-813f-ce8a43ca4a90
1995,1995,Bakamono,Gypsy / Ms. Pac Man,681d41e7-d643-35f6-b0e4-ea376ba0c217
1995,1995,Balsamic,小夜時雨,f74011e6-162c-4cf8-882b-ad18ca275cf0
1995,1995,BAM,A Rough Z'Aggin Bible (Pray at Will),f256ce90-dc49-4bc4-add3-b8b890a8686a
1995,1995,Bam Bam,Street Beat,ab5dda69-2011-4ff0-a6f0-3d14095316bb
1995,1995,Bamboo,Du,bace1aab-50ee-4aa1-84e1-4cb81f0d00f8
1995,1995,Bamboo,Es Ist Nie Zu Spät,d0ed245c-36da-4f4b-897b-3c5b3cff71db
1995,1995,Bamby,Ding Ding Dong,d906fdf7-5881-4c23-afb9-8e44712f98f4
1995,1995,Bamby,Sandman,3e45fe8d-debd-47ce-b8d2-bc8b2fed6e49
1995,1995,Bananarama,Every Shade of Blue,e4ba7cba-ef89-3936-bb19-6eb45195778a
1995,1995,Bananarama,I Found Love,c02be0c4-f459-3e83-9002-01574ba20abb
1995,1995,Banco de Gaia,Kincajou,e30d1ec3-65f3-3a75-8a0a-91fdac42a23f
1995,1995,Banco de Gaia,Last Train to Lhasa,057cd4be-ef14-366a-84c9-def7a748a309
1995,1995,Bandit,9 Dog MCs Remix,3bd0b961-7b86-4126-8a26-3e4bb1b359b3
1995,1995-02-02,Bandit Queen,Give It to the Dog,d39fcc78-3e49-4e81-9c68-388cbbaf8272
1995,1995,Bandulu,Now,44d2af9a-1011-4cde-8e3c-06f9384ff0c1
1995,1995-04-24,Bang Bang Machine,Breathless,ae3fcb88-fd8b-48e7-a9e5-beecc714f8a4
1995,1995,Bang Bang Machine,Love It Bleeds,a19ecea8-565f-4d6a-bacd-300cf4673d87
1995,1995-02-13,Bang!,"Everybody, Everywhere! (Move On Up)",9069fe04-8646-42fc-aa63-793e10a50999
1995,1995,BAP,Ich danz met Dir,ccd60e8a-53ca-4c26-829b-00280930c5e2
1995,1995,BAP,Wahnsinn,0a754130-e091-4338-88cf-7420fa94a470
1995,1995,Baraka,Nutty Bass / I'll Be There,b32684c1-df9d-41be-8fdc-4fac34a99d5e
1995,1995,Baraka & Master Laquar,On One Against One,a1e0ed72-0212-4d51-8f5e-9c3c579006a7
1995,1995,Barbara Douglas,Shine,496836f0-c097-43a6-8348-298a1f777066
1995,1995-09-11,Barbara Tucker,Stay Together,0fc735a5-ea81-34e9-b9d7-af8836d3c147
1995,1995,Barbecue Bob and the Spareribs,Snack Time!,927be471-e0cf-498a-8df2-29a38ae51187
1995,1995-11-22,Barbier guest vocal IZUMI SAKAI,クリスマス タイム,fa80eb48-0101-488a-83da-09ac442c8872
1995,1995,Barbie’s Dead,Room No. 9 / Sin Creeps In,93747133-2099-4ac6-b867-6fecdadc10ab
1995,1995,Barefoot Contessa,To Be Continued (Definitive Version),b77bb53e-90d1-41ff-97bd-271cb4f8668e
1995,1995,Barghest,Re-Recycled,7f400c8f-efd2-4628-9dfb-e202f6364804
1995,1995,Barnet,Gimme All Your Love,c2136775-909c-4833-bfb7-42597c9115c7
1995,1995,Baron Noir,From Paris to Goa E.P.,25625419-c945-499b-8ba2-4408107cb169
1995,1995,Barrington Levy / Beenie Man,Murderation,7e2a519a-18e3-4d57-a3a6-838603dc07f8
1995,1995,Barry White,I Only Want to Be With You / Come On,97b7c124-226c-4c53-92aa-45b19258004a
1995,1995,Basia,Angels Blush,6cf0a6fc-e03d-31d0-a146-99d901b58a7d
1995,1995,Basic Bastard,Basic Bastard Vol. 3,67dddadd-3908-4e2f-b301-b16c3c4c1ddf
1995,1995,Basic Element,Queen of Love,cd07a105-1a55-4060-b906-c3fb61ee2a91
1995,1995,Basic Element,The Fiddle,87ebfe60-067c-4b3e-a078-84f8e27e8938
1995,1995-07-13,Basic Element,This Must Be a Dream,53a776cc-3a02-3664-8834-d0b3171b160c
1995,1995,Bass Bumpers,Keep On Pushing,b37d65c7-268e-4cf1-8559-1d05020fc619
1995,1995,Bass Expanders,Bounce,7e57f6bb-1c35-45e7-9cd3-98742519a1e5
1995,1995,Bass Foundation,I'm Not Crazy,091b87e5-fc08-4d18-9e39-8e27893abd71
1995,1995,Batmobile,Bambooland,e756c117-6835-46ac-86c6-cff13f5b4db7
1995,1995,Battalion of Saints A.D.,Hell’s Around the Next Corner,cca634e3-4614-4adc-9173-ceff4fa20453
1995,1995-11-13,Bawl,Bathroom,e5238a71-7b13-442f-889f-eb88ddd8649b
1995,1995,Beach Party,Night to Remember,5d7f89ae-6f0d-4e28-8dc6-ea5e31dc0cf3
1995,1995,Bear,Tracks,b8f75b92-c06b-49b3-a89d-ebebb6052a2c
1995,1995-07,Bear / Bardo Pond,If There's Such a Thing as Angels / New Drunks,afbdd78c-a429-4f9e-aa9c-7e66bc96945b
1995,1995,Beat Freak,Rhythm Is Fundamental,2c4d30fb-aa5c-47d3-bef8-c6162537d749
1995,1995,Beat Mafia,Trumpets on Heat,a89132d1-af2e-30b5-b81a-cdd8a508c112
1995,1995,Beat Society,Feel The Beat,78e70413-f0d2-4a41-894f-bfd6a265204f
1995,1995,Beat System,Lights Of America,3ac6a88b-f93c-4829-8bbe-153bd1f4ef08
1995,1995,Beat System,Stay With Me (Tell Me That You Love Me),92933bf1-87b4-3895-bf8b-083f1306da27
1995,1995,Beat Twins,Dance the Night Away / Lovin U,bc1852ef-9b02-4973-96fe-0ee54878c56b
1995,1995,Beatcounter,Shake Your Ass,5344a587-8cf9-4be1-9e4f-c9011ffa4d40
1995,1995,Beatmen,Imagination (4 The Floor Recordings - Volume 8),63815d2e-27db-4a7c-a587-76e79ad9aab1
1995,1995-11-20,Beatmen,Na Na Na,51a69a81-0da9-4397-beaf-973d09a71904
1995,1995,Beatmen,The Crawler,dfdf0589-aeae-4c4d-96b8-a8784cff0358
1995,1995,Beatmen,Warehouse Party (4 The Floor Recordings - Volume 7),2fa05263-4d37-4e1d-bbb5-ab2220c41bba
1995,1995,Beatproduction,I Need Your Love (I Want Your Money),fb940fec-d472-41da-9702-075a79f7b6ed
1995,1995-11,Beau Dommage,Tout simplement jaloux,9ec81f77-d928-4617-b321-e0e5bfb40f08
1995,1995-04,Beau Dommage,Échappé belle,b97c06c3-bf25-4aff-ab56-a4d875aeb3c3
1995,1995-05-01,Beaumont Hannant,Psi-Onyx,3ca6fcbc-cf39-3863-8c01-99e98cc00f94
1995,1995,Beautiful World,Children Of The Future,77f438ae-5895-4523-864d-15fd7683d659
1995,1995,BeBe & CeCe,Love Of My Life,190d5176-ac72-4f71-a964-9cbcf5b5aa33
1995,1995,Beck,It's All in Your Mind,0e3f353e-6e4a-348e-a210-ce80eff571e9
1995,1995,Bed & Breakfast,Stay Together,b2f05847-8a6b-41b3-9e25-72889a74c7d8
1995,1995,Bed & Breakfast,You Made Me Believe in Magic,b0424190-f7c3-49db-8072-5f0d3a756932
1995,1995,Bed & Breakfast,You Made Me Believe in Magic,b36c4812-49e3-4a77-9129-0a09798acf5a
1995,1995,Beenie Man & Marvellous Cain,Slam,1e9f760a-2cff-4ecd-bed4-0125718da5e7
1995,1995,BeitThroN,My Dreams • EP,13aff9fc-118b-476b-9a33-9a201d27cf70
1995,1995,Beitthron,Triple W,98972bc6-13da-416d-bc77-74083435e6a1
1995,1995,Bell Bar,Did You Love Me?,41c73147-4ac0-4e76-b171-bba5886df5f3
1995,1995,Bell Bar,Red Alert (Paris 2013),42c67754-c8ea-3d08-828f-6a7325689cc1
1995,1995,Bell Bar,So Unique,ff4ce2c4-1e37-4e8b-a08c-ea00a933cda3
1995,1995,Bell Bar,This?,a59c6b6c-f5a2-4410-b41f-10529f3908a6
1995,1995-01-23,Belly,Now They'll Sleep,8ddbaafc-3bb9-32dc-ad05-178aee5baad5
1995,1995,Belly,Red,5ef97088-6408-4b32-964f-3a4554f9e14a
1995,1995-07-10,Belly,Seal My Fate,eeaedb98-a724-3d61-bd96-82152730851c
1995,1995,Belly,Sun,3c5a05a7-b04e-4fe3-8809-2d4bde7468b9
1995,1995,Belly,Super-Connected,5b2392b7-c98b-3b2f-957c-61e62958126c
1995,1995-11-30,Ben Harper,Gold To Me,3dc94a96-ceca-4edf-9cc7-b5e05b6fb8d1
1995,1995,Ben Taylor,I Will,7c3739b3-9ac0-448b-9d11-c7b84751e784
1995,1995,Bender,Music For Four Ears,92f99baf-d59c-41fa-88fe-adbf11eabda8
1995,1995,Bennet,Curly Shirly,8e83b31d-9656-4800-9ac5-bf41afede36d
1995,1995,Benny,Cielo,ebffc3a6-ba21-43d2-945c-a80333854e02
1995,1995,Benny Blanco / Northern Connexion,Remember Me? (From the Bronx),7dc0f08c-2fda-46a1-8f51-96f2942dce39
1995,1995,Beowülf,2 ¢,b270e6af-c9bd-4f08-bb06-583dbdd61f05
1995,1995,Berit,"Ystäväni, muistathan / Satujen maa",d8471100-cf05-458b-ae0f-abb3db9de04a
1995,1995,Berlin Inc.,Berlin,519bc5b0-8c3f-405e-9bd8-336c769dad8c
1995,1995,Bernard Badie,Love Explosion,f324a50a-acc0-3cb1-92f7-7ce66293a3b5
1995,1995,Bernard Lavilliers & Jimmy Cliff,Melody Tempo Harmony,2e3d32ec-abd3-34cd-91e1-2a2c56421e19
1995,1995-08-03,Bernhard Brink,Nie mehr (will ich ohne dich sein),2c6b471e-994b-4dcf-b540-fdcce2dbc576
1995,1995,Berri,Shine Like a Star,54abba95-a041-3de4-b3fa-740435d729b7
1995,1995,Bert Heerink,Heineken: De Hits,fce8410a-6a62-3473-b25d-f9f8b5c46f60
1995,1995-07-01,Bert Heerink,Julie July,2bea5932-1f80-3070-9aac-2844b916e766
1995,1995,Bertocucci Feranzano,XTC Love (Remixes),d7791107-25db-49b1-857f-d947b01622da
1995,1995,Bette Midler,To Deserve You,3d40a8ab-42d3-3597-9e62-2ecdd7a68c87
1995,1995-06-13,Better Than Ezra,Good,e1cd62e7-ecbd-41e9-bd62-038432df8be5
1995,1995,Better Than Ezra,In the Blood,620827cd-2c7f-481a-9045-a4a6d9e77bf8
1995,1995-11-07,Better Than Ezra,Rosealia,5471ca7d-bdb3-36ac-bfac-dc1927d9d9b2
1995,1995-01-09,Bettie Serveert,Crutches,80c4ac31-8de6-4a14-8713-eb8907f716c1
1995,1995,Bettie Serveert,Ray Ray Rain,4bf6d832-dfe4-4c2c-bedf-8c5f81f02cde
1995,1995,Bettie Serveert,Something So Wild,2477a36d-1c27-474c-a357-64966c977910
1995,1995,Betty Blue,Hootchie Cootchie Girl,f8f47e9a-ec3f-49b0-9285-85d105a0138b
1995,1995,Beverley Knight,Down For The One,afbfe1cb-5554-449d-8f56-c427153a68b4
1995,1995,Beverley Knight,Flavour Of The Old School,1bef387a-3b76-4aa1-a2ca-f1423716d9a9
1995,1995-03-15,Beyond,アリガトウ,ffe3e22c-e986-4016-85b3-4ba27e3fc3e3
1995,1995,Beyond,孤單一吻,a924cb7a-0217-4689-bd6b-c3c2ac78cfdb
1995,1995,Beyond Reality,Mind Runner,6c46cede-6fff-32ee-be9b-5c1f2cb124f7
1995,1995-11-20,Bi-Boys Action Squad,Got to Learn,003afe0a-1865-48b3-999e-96337c9a3eac
1995,1995,Bianca,Sterne über den Bergen,dfe29bec-dbac-4a48-9417-49f5ce88aece
1995,1995,Bierpatrioten,Die Russen Kommen,674d9992-980c-3bf4-93c4-c65c8da34fd1
1995,1995,Big Audio Dynamite,I Turned Out a Punk,4ae02b2c-4698-4916-bc1b-fe72a803cbca
1995,1995,Big Bang,Across the Space,d23a66b5-6bd6-4bdd-8835-335c491c9421
1995,1995,Big Bud,Faceless / New Vision,fe6f4390-ad24-4906-b6a3-224a8158e7a0
1995,1995,Big Bud,Temptation / Fantasy,91dbdcd6-bd3d-3656-8b6a-fad1ed5f0e02
1995,1995-10-23,Big Country,NON!,84acad70-6cab-3ac9-ac4a-ba1007c24300
1995,1995-08-07,Big Country,You Dreamer,79aa3e6e-f648-406c-bf95-a0804d866948
1995,1995,Big Deal,The Right Place,9d0f75b7-0643-4bfd-9ca8-b18c7912e5ec
1995,1995,Big H,Time Machine,23e9b05a-888f-4847-8db9-4fd4eef3d530
1995,1995,Big L,MVP,1b9249cc-8b87-3881-a0b0-59a7562a2bf2
1995,1995-02-14,Big L,Put It On,e9e8c9b1-6405-40c1-8708-762eeeb54ce6
1995,1995,Big L,Street Struck,d4c769cf-02da-4323-ae05-b3bf825ee978
1995,1995,Big Light,Ain't Got No Time,55b3aa70-199b-4fc6-88b6-cb77783d2675
1995,1995,Big Light,Come Together,51df7b4c-de1c-4e5c-93b9-f2790353ade0
1995,1995,Big Mama feat. Pip,Shake Your Body,61da8545-6cfd-486e-8621-789de3bcb027
1995,1995,Big Squig,Keep It Going / No More Running From Cops,b4f72ff8-f5fd-4c44-b1fa-08f903257104
1995,1995,Big Sugar,Ride Like Hell / A Night in Tunisia,40de2e95-e3c3-4d01-99a0-38db94abf071
1995,1995-09-25,Big White Stairs,Help Me Out!,d0bfec57-5aa2-4884-99af-6c0b9c607f86
1995,1995-06-26,Big White Stairs,Non Star,7a6db47f-a210-4fbc-bb79-e65f3da6b055
1995,1995,Big X feat. Stefan B.,Wissenswertes über Erlangen,b63de3ca-7019-4ecf-a3e9-d97607d02350
1995,1995,Bigga Tee / D Styles,19 Funky 5,fdc7f366-e453-4a97-83a1-a9dca1ca1ab8
1995,1995-10,Bikini Kill,I Like Fucking / I Hate Danger,c6d15cc5-c50c-3045-ac2c-1d01e6e77970
1995,1995-07,Bikini Kill,The Anti-Pleasure Dissertation,61311eea-a2e2-3a91-be39-a7be4c48af64
1995,1995,Bill Nelson,Selected Cuts From After a Satellite Sings,5bd68f6c-98ae-42f3-b554-2d293e95b0fe
1995,1995,Billie,Out of the Deep,49e448d6-1503-3d21-bc16-cf03b1999b09
1995,1995-09-26,Billie Ray Martin,Running Around Town,b09ec4fb-07e4-3419-a80d-1cfda8cce74a
1995,1995-10-23,Billy “Daniel” Bunter + D-Zyne,Ride Like the Wind / Rock to the Beat,42366692-b55e-4342-a39d-2e598189aca9
1995,1995,Bim Skala Bim,Skeleton,97a6358e-2091-4daf-86c4-78148e73d8a1
1995,1995,Bintangs,Rhythm of Your Heartbeat / Excuse Me,1f5230ac-9b9a-46ef-b8f1-8b530d7c2eb9
1995,1995,Biosphere,Novelty Waves,d5efdb02-c807-39ee-8660-243e3fba912f
1995,1995,bis,Disco Nation 45,bebb83b5-4df7-3c17-9db3-054f3cfa8835
1995,1995,Bison,Dead Center / Kerosene,bb12e414-bb49-4991-97c0-abf5681f49fc
1995,1995-03-14,Bit Machine feat. Daisy Dee,Somebody Real,815b89e1-83c2-3067-90a8-0d98e8a13db2
1995,1995,Bit Machine Featuring Karen Jones,Any Kind Of Vision,e2699a89-11b6-4236-83c4-d5bff7be9580
1995,1995-03-27,Bitty McLean,Over The River,3717fdee-249c-4be9-94a6-08aafc087802
1995,1995,Bitty McLean,We've Only Just Begun,f96e619d-bbe7-455d-a080-1360905b3eea
1995,1995,Bivouac,Monkey Sanctuary (Cynic),5e99b568-a2bc-464a-b71b-707f9fa8fbe1
1995,1995-04-24,Bivouac,Thinking,ed9c8f16-5ce8-4336-8370-83e3607c98e8
1995,1995-01-01,Bizz O.D.,Suzanne Goes Shopping,d8f87fc2-c577-4ed6-a824-fc755476c529
1995,1995,Bizzy B / TDK / Dexterous D,Come On People / Wicked Man,0a4f9ae2-2411-4e8e-9c0c-5c3e269a79b1
1995,1995-04-21,Björk,Army of Me,78d9a35e-4e06-42a3-9770-163b9a56ab56
1995,1995,Björk,Hyperballad,cf8297e4-9891-3858-9eef-614803b23161
1995,1995-08-07,Björk,Isobel,3728be4b-6435-3deb-9e03-9f28b56e915b
1995,1995-11-13,Björk,It’s Oh So Quiet,925a9637-ddd2-3eb7-b5d2-6e06b829f239
1995,1995,Björn Again,Black Is Black / I’m on Fire,5c11086a-ead8-42e0-8a93-be7eef199fd6
1995,1995,BKS,Take Control,2254a2fb-284e-325f-a1fa-29a3ec2d5231
1995,1995,BKS,The Square Dance Song (I Wanna Go Higher),3cdd9711-de75-4c88-8b13-7a9280ad31d8
1995,1995,Black Acid,"Feel Me, Touch Me, Kiss Me, Love Me",b51deeaf-5bf5-49c5-86a4-c3316082d559
1995,1995,Black Acid,Stargate,9dccda48-0f08-4b44-a420-612ba7a00a69
1995,1995-11-27,Black Box,A Positive Vibration,c999b753-3ca4-413d-867a-fcabc7a08916
1995,1995-02-21,Black Drone,Do Not Remove The Fix / Bike Rev,33272b8f-5aef-43a1-b797-9d40d5caae51
1995,1995-07-24,Black Grape,In the Name of the Father,44f507df-fe31-3c80-8003-b013ee0e21a1
1995,1995,Black Grape,Kelly’s Heroes,9f837461-4b00-31bf-9262-b7f365d99672
1995,1995,Black Grape,Reverend Black Grape,95c4b580-efd4-36b1-9869-dba53dd1a57b
1995,1995,Black Ingvars,Black Christmas,8b536032-16a1-48b7-80e6-b4c72725e8e9
1995,1995,Black Ingvars,Mitt eget Blue Hawaii,34a3d2c4-d3b8-445b-8a47-278d50f7c158
1995,1995,Black Ingvars,Tiotusen röda rosor,a4081881-aea9-38c7-ac1a-c9127e1484b7
1995,1995,Black Ingvars och Sven‐Erik Magnusson,Sveriges nationalsång,da526cb6-0b62-4406-b208-5326b9de16ac
1995,1995,Black Lung,The More Confusion... The More Profit,da95fe8e-0f4a-376b-aa88-35e798e26fa0
1995,1995,Black Machine,U Make Me Come A Life,81a43491-11d1-478d-8ae9-ac0af991ae78
1995,1995,Black Menace,Say David,68af79c0-cfb6-46f7-9987-692cdbcfc410
1995,1995,Black Russian,Hi Hy Ho - Old Mc Donald,6eefa9ff-c71b-4b1e-ad6c-3da00a2e8ec2
1995,1995,Black Sabbath,Get a Grip,fd063e91-fac7-4d9a-893f-9ea5695adab3
1995,1995,Blackeyed Blonde,BEB Jam,8aed1e6d-2b50-44d3-aa11-13ca7abad000
1995,1995,Blackman,Bastards,2b853bc4-492a-496f-9e55-7c87aaaa5d69
1995,1995,Blacknuss,It Should Have Been You,31dfd249-d47f-48fa-936f-0af6438a95da
1995,1995,Blacknuss,Rising to the Top,ca7b8ec3-1e75-49f1-802a-7e18c110be52
1995,1995-05-30,Blacknuss featuring Titiyo and Jennifer Brown,It Should Have Been You,c9b4f387-66d0-425e-b281-14de34debea0
1995,1995,Blackout,Paixão (Passion),0b8436ec-1478-489d-b0e7-e1285526b09a
1995,1995,Blackout,Sinfonia Do Amor,86f6caad-2136-4fbe-8e83-bb8cc45130b7
1995,1995,Blackout,Sinfonia Do Amor,b370ceb9-5d66-439c-90cf-d639dccfdb4c
1995,1995,Blackout,Sono Profundo,f69ae773-02f3-4142-8cab-47f7b9dd9908
1995,1995,Blackstar featuring Tenor Fly,Alaska Ride,a42287ba-ddeb-416d-9f2c-f50bef12cb52
1995,1995,Blackstar Featuring Top Cat,Champion DJ,05a120ae-f128-4d26-bfaa-e703435b2fee
1995,1995,Blackstar Featuring Top Cat,Champion DJ (Remixes),50dbfee6-55d6-4299-b52e-4cb01c4162b0
1995,1995,Blackstar ft. Sweetie Irie,Get Wild,dc87c3af-ba1f-43de-8e5c-6b05c9d2aaea
1995,1995,Blackstract,Diary Of A Mad M.C.,834dd9b7-edb6-4519-9fa2-5aec261f5d7d
1995,1995-03-17,Blackstreet,Joy,ef0fdcd0-5d29-4237-981d-5ee5e83fcf4d
1995,1995,Blackstreet,Tonight's The Night,c32ea44c-62ab-4767-b282-e3baecec8f36
1995,1995,Blahzay Blahzay,Danger,46a86444-2441-32f7-ab3b-d078614871df
1995,1995,Blair,"Have Fun, Go Mad!",4c3cf41c-89e7-4f7a-b84e-a0e7e7901577
1995,1995-12-31,Blair,Life?,50d5d3f5-f8ab-4a31-9b33-1d4126f9f3db
1995,1995,Blairmailer,Wyona,c6d5887f-5bd8-4a87-bc2c-a11e464c09fd
1995,1995,Blak Mayl,O-Yeh!,009bde88-66f0-43e3-a6c6-fd35ecacf439
1995,1995,Blake Baxter,Reach Out,529860c9-bfbf-43c6-96e3-707e5feaac30
1995,1995-01-09,Blame & Justice,Chapter II,43044261-da6c-44d7-a60e-4fbc169585c9
1995,1995-12-12,Blame & Justice,Nightvision (D'cruze remix) / Nocturnal (remix),c47b1768-de4c-46ae-af32-497f2bffd0e9
1995,1995-02-13,Blameless,Don't Say You're Sorry,4d9e0fab-06dd-4f26-b051-b259547ef1a3
1995,1995-07-14,Blameless,More Than I,e69321be-8bd8-4222-a942-3156b6fb934c
1995,1995,Blameless,Signs...,87c61649-84d9-3555-8c0f-7a30222cb61b
1995,1995,Blank & Plunger,Blank / Plunger,005488d3-eadd-427d-8184-80e3a4728548
1995,1995-01-25,BLANKEY JET CITY,Girl / 自由,d96f5f95-fc67-313c-a557-f9f84451b970
1995,1995-10-25,BLANKEY JET CITY,くちづけ,8e11cba7-e8f2-3a29-9d44-756e5d4b8f8d
1995,1995,Blanks 77,"Speed 5""",66a2624e-5b78-4391-9495-74a278a3d5cc
1995,1995-05,BLAZE,-BLAZE-,33d5d39d-4844-4a78-8e81-7d7b0c708570
1995,1995,Blaze,Fly Away,6b16dd3e-b7d0-350b-aa05-35b2e2e6c8f0
1995,1995,Blaze,Passion,cc24a0b9-38be-41d4-9b48-0c120d8ca8c0
1995,1995,Blekbala Mujik,Walking together,b8970a77-2a48-4d2a-a22e-ec6b07f1287b
1995,1995-10-13,Blessed Ethel,Fat Star / Veronica,b3986521-1d6f-4d30-99f0-340f715edd7b
1995,1995-02-06,Blind Guardian,A Past and Future Secret,f834b332-8d3a-3d76-891f-1dc6b015d764
1995,1995-06-21,Blind Guardian,Bright Eyes,2828b600-60af-34b0-8f8e-bbda8717b0e6
1995,1995,Blind Melon,Galaxie,e32e1da3-e6b9-3d38-88f5-0e3c7079137f
1995,1995,Blind Melon,Toes Across the Floor,b4b039e6-3477-42b7-8eb9-bbeede54cd54
1995,1995,Blind Zero,Recognize,b09e47c8-af2c-4ab6-bfa5-7cca892d9389
1995,1995-09-06,blink‐182,M+M’s,eef7b918-e1b8-42c0-88b2-f82874941bda
1995,1995,Bliss Team,Hold on to Love,f406afad-e80c-4262-b734-f6d3a57ef260
1995,1995,Bliss Team,You Make Me Cry,9f0c8af4-06e2-4140-8709-9b8fb3e05922
1995,1995-01,Blister Sisters,Volume 1,fcd43dd3-6e0b-4b50-a79b-b13ed863f3b0
1995,1995,Blizzard,It's Only Love,b21d9d13-e165-4348-992c-3f22f1445947
1995,1995,Blonde Redhead,10 Feet High / Valentine,3c39ba63-2211-30d7-88df-75bdd9f4b106
1995,1995,Blonde Redhead,Flying Douglas / Harmony,5feb0171-a588-3684-a862-44bd74e21ef0
1995,1995-05-16,Bloodhound Gang,Mama Say,fff60070-d153-38a1-a9af-96219d6a9c66
1995,1995,Blu Peter,Magic,114becf8-cdc7-455b-be2d-d9eccc95bc8c
1995,1995,Blu Room,Spread Love (Let's 'Ave It Ibiza),ececb2f7-e933-4b2f-bf35-439e4bc011a4
1995,1995,Blue 101,Angry Man,f3142fce-aa23-4b6c-90d0-34c9a59798be
1995,1995,Blue Bamboo,Funky Feelings,3639f48b-9203-4477-89ee-41ac008045a9
1995,1995-09-21,BLUE FIELD+,マーマレード・キス,5fb4bcf7-951f-4911-8f48-bb3851820d10
1995,1995-09-11,Blue System,Laila,b486c130-a76a-3242-8578-0dff8f01da60
1995,1995,Blue System,Laila (remix),3b9959a4-2dfc-4de4-835c-1e158f2dbcb3
1995,1995-06-27,Blueboy,Dirty Mags,2cdea367-653b-37bb-a655-30aee4a7c000
1995,1995-08-29,Blues Traveler,Hook,66155461-5bdb-39f0-bbc1-49983fd7620a
1995,1995,Bluetip,Past Tense / Ephadrephin,788db3cd-6a76-4e11-a983-db3e5d3c9304
1995,1995,Blumfeld,Verstärker,96535796-2b3b-357a-8e92-160dc9639f69
1995,1995,Blur,Charmless Man,6491d13d-4c2d-3124-be1c-50298ce937b3
1995,1995-08-14,Blur,Country House,1213dc05-e1a0-37da-8f78-fc564e175b13
1995,1995-11-13,Blur,The Universal,e7693ce7-e5c2-33d8-843c-fdd9cf293ac1
1995,1995-11-13,Blur,The Universal II: Live At Beeb,edd16eee-110b-4169-b7c7-b31b81e94af0
1995,1995-01-05,Blur,This Is a Low,fe609e4c-2717-47f7-a26c-c247ed619a96
1995,1995,BLØF,Verkeerd gedeeld,83c7ec6e-74ae-421f-bef7-df21d8d2371c
1995,1995-10-22,Blümchen,Herz an Herz,cf96af01-1570-333f-bdc2-401e27bd409b
1995,1995-03-27,BMX Bandits,Gettin' Dirty,0ff7e736-2f2d-32e7-a81d-04e932cc60ef
1995,1995,BMX Bandits,"Love, Come to Me / That Summer Feeling",9c8c490f-1ad2-4883-8cd6-8d69df4d0bdb
1995,1995,BND,Here I Go Again,03d1d407-c53f-4c64-b96f-a9da91560949
1995,1995,Bob Dylan,Highway 61 Interactive,5818d7cb-060a-4597-aa0f-1ae33a2489ef
1995,1995,Bob Dylan,Knockin' on Heaven's Door,4d93d9b5-4e04-4753-94e1-3d5d65a8b49e
1995,1995,Bob Marley & The Wailers,Blackman Redemption 7'',fe11001a-380a-487c-9f48-b7e11efdec06
1995,1995,Bob Marley & The Wailers,Easy Skanking,d3c7c2c9-a815-4910-a2f8-76f652849323
1995,1995-05-08,Bob Marley & The Wailers,Keep On Moving,d4ddda06-24a6-44a7-b540-d51b313a062d
1995,1995,Bob Seger & the Silver Bullet Band,We’ve Got Tonight,53934125-ce89-400e-b86a-841f3f0c6251
1995,1995,Bob Tilton,Songs of Penknife and Pocket Watch,e3fd807f-02c5-4967-99c4-350955230abd
1995,1995,Bobbie Eakes & Jeff Trachta,Once in a life time love,bb04936f-d61d-4215-888f-c758bbeeaee2
1995,1995,Bobby Brown,Humpin' Around (The K Klass mixes),a4cda205-b9d1-3d48-a22f-151c04a28a7f
1995,1995,Bobby Lone,Give Me Your Love,0df69f4d-6e0e-480f-8c99-d1c6b5048570
1995,1995,Bobo In White Wooden Houses,Travel in My Mind,31a650cb-fe81-4b0b-9596-1e7603b01643
1995,1995,Bodeco,High Window,3eadffbd-aca2-460a-b625-dd280483b4ac
1995,1995-07,Bodyjar,Gee and Al / Do Not Do,71ebe48a-29d3-33eb-a13d-708e0dc350d5
1995,1995,Bogus Brothers,Could You Be Loved?,ba7264e0-bf94-4eee-aeca-614f9cf0a53a
1995,1995,Bolland & Bolland,A Few Good Men,a859c7b3-f274-4a46-9e82-385cf9dcd8d4
1995,1995,Bolland & Bolland,The Good Die Young (In Memory of River Phoenix),a15b3f47-8b1b-42ff-a0e4-cb93c5655acb
1995,1995,Bolland & Bolland,You’re in the Army Now,b32bc3f9-7193-471e-82df-c5037e969bf3
1995,1995,Bomb the Bass,Sandcastles,923ffd19-f0da-3e86-b44c-071789c21877
1995,1995,Bombers,Independent Love Song,de2b1321-6d22-45d1-ad44-7d1c55e498ba
1995,1995,Bon Jovi,Lie to Me,35cff62c-e9f0-4945-a414-5136a3a90483
1995,1995-02-05,Bon Jovi,Someday I’ll Be Saturday Night,32e38712-f017-4932-916a-ba0840d92da3
1995,1995-09-30,Bon Jovi,Something for the Pain,0135b2ed-873d-3ff8-ab4d-306f60d19822
1995,1995,Bon Jovi,Something for the Pain / Lie to Me,e9ff3f15-4a25-4f55-884c-735da35b7765
1995,1995-06-07,Bon Jovi,This Ain’t a Love Song,d86048dd-d4c2-3653-bca0-7b102452325f
1995,1995,Bon Jovi,Wedding Day,a56d436c-465d-42a9-8096-f9373171eccf
1995,1995,Bone Thugs‐n‐Harmony,1st of tha Month,88bdd1d6-6e8a-334d-ad56-c8585ade01d0
1995,1995-11-21,Bone Thugs‐n‐Harmony,East 1999,41fe8f00-373c-4b51-b7cb-396bc901e7f5
1995,1995-02-04,Bone Thugs‐n‐Harmony,Foe tha Love of $,452af6fd-2189-4565-b4a7-418bc2e98e07
1995,1995,Bonepony,Presents...A Personal Shade Of Blue,a1fec660-a6fe-41f0-ba28-aa51070700eb
1995,1995-12,Bones & Natty,Pow / Thunder,f5b9d669-a021-4bb9-b504-0f5f3821a869
1995,1995,Bonnie & José,’n Engel als jij / Ik heb genoeg aan jou,71fa88ae-cba2-45d0-b288-4bc988543026
1995,1995-10-20,BONNIE PINK,オレンジ,1b57dfd8-ed72-3252-966e-28152f71a91a
1995,1995-02-12,Bonnie Raitt,You Got It,b2639613-adaa-4eb5-bb63-ebb69f7bdbc2
1995,1995,Bonnie Raitt and Bryan Adams,Rock Steady,87041d05-adea-3103-8db9-41b6e71b8be4
1995,1995,Bonnie Tyler,Making Love (Out of Nothing at All),f72197db-5c38-3ba5-a5ee-22863f5b5cf8
1995,1995,Bonnie Tyler,Two Out of Three Ain't Bad,9f29ffda-452e-401c-a1f2-3b52af3acca1
1995,1995,Bonnie Tyler,You're the One,d8ddab0f-c10f-4f51-82e1-23e00574d1e6
1995,1995,Boogaloo,Humongous Steps (Back Down To London),db078e81-b435-4c52-92fb-be7ca608660d
1995,1995,Boogiemonsters,Honeydips in Gotham,f5b4fd88-4769-4f34-aa41-64db4314034e
1995,1995,Booyaka Crew,Ghetto Youth / Unguided Youth,6a7378aa-2079-4402-91ae-e27ff7000a2d
1995,1995,Boris,Soirée disco,50d7bfe8-293c-3062-a7d4-b19565794ab7
1995,1995,Boulevard Bou,Geh Zur Polizei,2ebf3bd6-a1c1-427e-8045-43f8c5689a72
1995,1995,Bounty Killaz,Do It Now! (Pulse remix) / Do It Again!,b2892858-a868-4fb3-9dac-ce21b87f5cc5
1995,1995,Bounty Killer & Beenie Man,Borderline Mobster,29fc141d-c837-46b2-9d0d-ea0e886e70ac
1995,1995-12-04,Boutique,Butterfly / Shame on Jane,964594ea-da54-46f4-9642-fc12feabd48a
1995,1995,Boy George,Funtime,1c2ec039-22c5-300e-b929-40479e0e532c
1995,1995,Boy George,Il adore,b3ce3f35-be8c-4150-86dc-629e70e5f3f0
1995,1995,Boy George,Same Thing In Reverse,f25c8718-0014-4762-8431-bbe0f324731d
1995,1995,Boy George,These Boots Are Made For Walkin' / Il Adore,3052790d-e5ab-469e-aebf-7ca2bf9fdc5a
1995,1995,Boy's Life / Giants Chair,Boy's Life / Giants Chair,86d8c433-95f4-40ca-98cd-acf220a5cce0
1995,1995,Boytronic,Blue Velvet,4a5135a3-330e-4a0e-bb34-5be0976c4c28
1995,1995,Boyz II Men,I Remember,14f9f8e6-6b55-4be5-9c26-a072812f34fe
1995,1995,Boyz II Men,No dejemos que muera el amor,375e845a-f7c2-4d7e-bc89-f2b948863ae6
1995,1995,Boyz II Men,Thank You,c9764676-4d71-4ae9-bba1-28508d67777b
1995,1995-02-14,Boyz II Men,Thank You,cf25c7de-dcea-4634-a839-438ea3c1eef2
1995,1995,Boyz II Men,Vibin',b8883d84-6392-33b4-861d-b013a92bf2db
1995,1995,Boyz II Men,Water Runs Dry,32ab9c58-0534-3a1f-a814-909d8ec023a0
1995,1995,Boyzone,Believe In Me,c796ef16-bdad-4829-b350-1403f4525c5e
1995,1995,Boyzone,Father and Son,a6ae88d9-a49a-3e45-8d58-15a83fe2d8ba
1995,1995,Boyzone,Key to My Life,f59885a8-4a17-3f86-9e74-1740fb37dc1a
1995,1995-07-31,Boyzone,So Good,35b6411f-1e93-4898-bb3f-110814852d4e
1995,1995-01-12,Bracket,5:35,6157e30f-355a-4b4f-8fb5-c212c4362928
1995,1995-08-26,Bracket,For Those About to Mock,6eb6ac3c-3e70-3055-b516-ee63e4984169
1995,1995,Brad,Screen,868625a0-d54f-4861-89a2-f17c1e13d0b0
1995,1995,Brain Crasher,Brainless,04207f41-416a-40f6-b36a-9c42a3997755
1995,1995-10-06,Brainiac,internationale,9deab1a0-1702-3503-8ca8-e5137a65775f
1995,1995,Brainpool,Bandstarter,552a98b8-a8a0-3d2b-9496-1123a38491b8
1995,1995,Brainpool,Tomorrow,a0ec4d46-cce2-3bcc-8141-13b3abfa15c6
1995,1995,Brainvibe,System Of Love,e4067ab3-c25f-4159-bef1-62e85e933376
1995,1995,Brandy,Brokenhearted,50459f64-5201-37a1-861c-d6136b304f9d
1995,1995,Brandy,Peak Performance,f0a4362e-329a-475b-92fe-bf367a57cc17
1995,1995-12-12,Brandy,Sittin’ Up in My Room,eef9d2ff-1bf7-3e8a-b884-20eecabc8ce3
1995,1995-11-21,Braulio,Amar es lo que importa,292830ed-7a8a-43b5-954d-11b23b87d36b
1995,1995,Bravo,Solo sin tu amor,bc9582ab-039a-48d5-894d-1b0309d980df
1995,1995,Breakeven,Breakeven,a89a5096-5081-4bc1-95c2-c70f95a20d55
1995,1995,Brian May with Carmine Appice's Guitar Zeus,Nobody Knew (Black White House),1c5c1127-3fbb-4f49-89d9-e9f41e568f5a
1995,1995,Brian McKnight,Crazy Love,6f1b3bd5-26d8-4e73-984b-e21d9755ffc0
1995,1995,Brian McKnight,On the Down Low,99c6a12c-683e-4ae5-bb69-c3aede50162f
1995,1995-11-24,Brian Wilson,Do It Again,a1c20f7c-52e7-4652-96df-e163497624e7
1995,1995,Brigitte Fontaine,Comme à la radio,07bf69cb-09ed-495c-ae40-5084f468e8b7
1995,1995,Brigitte Fontaine,Genre humain,9ecf9a88-5e2a-4275-81de-9674004ad4fa
1995,1995,Brigitte Fontaine,Supermarket,68c5d529-b566-437f-823a-a1e95f533d36
1995,1995,Brixton,Expojun,9a7ded55-46a1-4886-aca3-747d54e5bed3
1995,1995,Brody,Against Forgetting,8acd706b-c812-4d5c-b424-5da4b2f65c8b
1995,1995,Bronski Beat,I Luv The Nightlife,ec0d5cb9-3ac8-4f8a-8f9e-9cac74463168
1995,1995,Bronski Beat,Kickin' Up the Rain,d4ddb4bd-8f3f-3103-aded-7818ad01f0ef
1995,1995,Brother Cane,And Fools Shine On,240556ea-c545-4de5-a2dd-007e582dcf8d
1995,1995,Brothers in Crime,How Deep Is Your Love,7646e713-efb2-4203-95b8-6b428178957c
1995,1995,Brothers With Soul,Music Is So Special,eee88858-b7b4-42e5-a4ae-8bdb10ea7fbb
1995,1995,Brown & Dangerman,Something Else / Distorted Minds,aaca512c-e911-4176-b1eb-4125e84ede10
1995,1995-04-11,Brownstone,Grapevyne,83e6e994-25f9-329e-ad19-6db63c98582e
1995,1995,Brownstone,I Can't Tell You Why (The Remix CD),894a5929-a21d-455b-b030-351cb22990db
1995,1995,Brownstone feat. Craig Mack,I Can't Tell You Why / If You Love Me (Street Vibe Remix),f8657a97-d205-4344-a4be-c3092cd87c23
1995,1995,Bruce Hornsby,Walk In The Sun,c7d96a91-1bb5-4f74-962b-dfb874d2acd5
1995,1995-03-20,Bruce Springsteen,Murder Incorporated,3ee68846-8c74-4b34-9db6-3902f93e8da9
1995,1995-01-01,Bruce Springsteen,Secret Garden,f3528c02-dfa0-3b65-b12d-c252a6290770
1995,1995,Bruce Springsteen,The Ghost of Tom Joad,b5997972-f5c4-45c9-9625-29aba78dfe98
1995,1995,Bruce Springsteen / 3T,The Ghost of Tom Joad / Anything,b9c61c34-1202-49ac-b424-2cc56b3241e9
1995,1995,Bruce Springsteen / Luca Barbarossa,Murder Incorporated / Sciogli L’Amore,7748f4ca-6bfa-4f53-ba22-2674861579da
1995,1995,Bruno Pelletier,Ailleurs c'est comme ici,1e360167-b099-4166-aa65-7f7f9cb9a848
1995,1995,Bruno Sanchioni,The New Age,3f5415d3-1f27-33f8-a222-b50df9451373
1995,1995-04-03,Bryan Adams,Have You Ever Really Loved a Woman?,e085eb42-b6b8-3d96-90bf-de74e3c1968e
1995,1995,Bröderna Knäck,Mor,e2f6937f-75f0-440e-8f94-c03c8055a38e
1995,1995-02-16,BT,Embracing the Sunshine,337cf842-e201-3b31-b3f4-2095664661df
1995,1995-08-24,BT,Loving You More,e4fbb04d-4d4a-3db3-85d8-1fa92729fd96
1995,1995,Buckle & Fogey featuring Pastor Juggler,Yeow,6c3a705b-dc86-4bca-8903-da6ef8504e74
1995,1995,Buckshot LeFonque,"No Pain, No Gain",0ccd38a6-ef07-499b-b7d7-eb2651f384b6
1995,1995-03-24,BUCK‐TICK,唄,ddd36c3f-85bf-381e-ab0b-4671b4665ee7
1995,1995-09-21,BUCK‐TICK,見えない物を見ようとする誤解　全て誤解だ,4424a327-d684-33dd-b3a6-898eee96515a
1995,1995-04-21,BUCK‐TICK,鼓動,be320a77-aeab-3ebe-a6ad-6027bdf22f28
1995,1995,Bud Alzir,The Single,470e0c91-bb82-4e25-b3f3-cb765b7d4508
1995,1995,Buffalo Tom,Summer,74a9731e-a5de-36c2-99fb-9d189e4e97c7
1995,1995,Buffalo Tom,Tangerine,d1eb792f-a4fc-36bc-a2c2-5318fefea2c5
1995,1995,Built to Spill,Car,431fe16b-496f-3903-a98a-eb03f81c97f1
1995,1995,Built to Spill,Distopian Dream Girl,f3df290a-daa2-4750-928c-0a6efefe39f4
1995,1995,Built to Spill,In the Morning,fbdeab28-fe3e-3943-b219-a0752dcbfe09
1995,1995,BullTaco,In My Day,fb399fa9-011a-46b8-bbb4-0814e3e1df96
1995,1995-08-21,Bum Bum Club,Play This House,72431985-f4f9-3bb6-96fd-6426bbbd7559
1995,1995,Bump!,My Name Is Revolution,c4f64fd8-6d0a-46ce-89e6-05d851d6a978
1995,1995,Bump!,Play It Again,099ff38c-869a-4536-8a42-816e00f430d0
1995,1995,Bunny “Rugs” Clarke,Now That We Found Love,28cbd902-c321-41d6-a776-f112f62c4b6e
1995,1995,Burning Vinyl,Fax Me Up - Communication,fed38c64-2e60-4832-9099-e025e739c0eb
1995,1995-09-26,Bush,Comedown,6b6d9c63-bcd0-46de-a242-10f262005e82
1995,1995,Bush,Everything Zen,e73acf3d-d6f9-389f-958e-c1b4501a8342
1995,1995,Bush,Little Things,660ddf2c-31a9-3c55-b7e4-ed2076cbab07
1995,1995,Bush League All-Stars,Mashed Potatoes,631aa0d7-0ab9-4b97-9c80-8ccc10efd817
1995,1995,Bushman,No 1 Else,ecb167f0-7044-349b-9c2c-7d151e865c8c
1995,1995,Bushwackas,Caught Up In The Game,d380abe2-fb96-46b0-ae89-cec0d3cb2949
1995,1995,Butterglory,Wait for Me,04aa87d5-5f1b-4b69-a4c5-19a5211d0357
1995,1995,Byron Stingily,Don't Fall In Love,2f3fd2e3-534a-44b1-ba17-e1097370dc98
1995,1995,BZN,Santo Domingo,d20e18ab-e508-41d3-ae1b-d1f602505b8c
1995,1995,Böhse Onkelz,Finde die Wahrheit,69c7cd78-a74e-3b44-80d3-445557ccaf91
1995,1995,B‐Zet,Everlasting Pictures – Right Through Infinity,72060e2d-2603-34d1-8ad5-7a14b8210148
1995,1995,B‐Zet With Darlesia,Caught Within (Gonna Miss You),a8447b1a-84ed-4815-a547-5be7157c3591
1995,1995-07-07,B’z,"love me, I love you",0c38dc69-64c0-3224-9ea1-126361f4929f
1995,1995-10-11,B’z,LOVE PHANTOM,3ade576d-17f6-39e7-be6d-99e90b65621d
1995,1995-05-31,B’z,ねがい,4d093e9b-03db-3128-90b6-1817e20c7bbc
1995,1995-04-21,C+C + T.K,Silent Lover (Tetsuya Komuro Mix),29d8e63f-1451-420a-9f03-5d38c3146a60
1995,1995,C+C Music Factory,I Found Love,5d7baacf-cd33-44ff-9766-c65f93219f9b
1995,1995-09,C+C Music Factory,I’ll Always Be Around,3d784dcd-948a-4f0c-8c78-11f8989fbd23
1995,1995,C-Bizz,The Crowd Says Rewind (A-Sides remix),44f3daf4-70ee-49e8-b5ea-9faa88e1e130
1995,1995,C.A.T.,Revenger / Buzza,3ee85f3e-fbf9-4929-bb5f-3904279587f2
1995,1995,C.C.C.C.,Live at AS 220,db248812-2c52-43cb-a11d-7a48e854f019
1995,1995-09-01,C.J. Lewis,R to the A,a3a5770f-17e9-350c-9181-dfcc79321bd7
1995,1995-04,C.O.R. feat. Mike Nova,Children of the Revolution,2cbb9df3-a8eb-39e1-a8d8-610083c019ee
1995,1995,C.P.U.,Power Generator,52732314-1a00-4728-8c0d-4e1daf0f7f3d
1995,1995,Cabballero,Dancing With Tears in My Eyes,2b3d67e0-8b09-3ae8-bb69-46c3f6f0998b
1995,1995,Cabballero,Love Is The Message,7ffc6943-4885-4fad-844e-e44a69809332
1995,1995,Cabballero,Nanaya,9578c20b-3e69-4e40-8c95-dc9e567e6023
1995,1995-09-18,Cable,Blindman,4b4f562c-1717-39fd-be22-5186fe0adaa4
1995,1995,Cable,Seventy,7f7832a4-6182-37d0-917a-0e239f1bc764
1995,1995,Cagney and Lacee,Time,689fadd5-8b41-4d86-9de6-773ec05db88d
1995,1995,Cajmere,Get Up Off Me,8710d9c6-29a9-47e3-aa7c-6dc2d44a5ee9
1995,1995-05-01,Cajmere,Horny (Remixes),c39d101b-4804-4898-86f9-8dce9b86048a
1995,1995,CAKE,Jolene,ff14b5a4-97a0-35bb-aa96-78798b1ae8b4
1995,1995,CAKE,Ruby Sees All,3a24ecec-3d52-373e-bd86-a84b48b1e213
1995,1995,Cake Like,Mr. Fireman,abda8972-844f-4086-b94c-1dfe3bedcc67
1995,1995-07-24,Cal-Q-Lator,Wash Malfunction,f0d16d7c-fe50-4303-9a4d-e7e8c30cf003
1995,1995,Calabash Case,Calabash Case,83f59513-3e7f-43ad-808c-186406e25fae
1995,1995,Cali' Davide presents Free Ghost,Blue Dav,3f4224f4-2b36-4248-a00f-d0fa5b7bf1dd
1995,1995,CALIGULA,機械仕掛けの天使,41cee3e6-a60f-46b0-af0c-c433a5c15ff2
1995,1995,Call O' Da Wild,Clouds Of Smoke,262dd504-b349-427f-b75f-7f846f56c345
1995,1995,Call O' Da Wild,Sometimes the Neighborhood / Clouds of Smoke,4a2fc6c5-9d15-42cb-8323-8da70a70de17
1995,1995,Camden Connection,Deeper,cd5e296f-3f08-4be5-86b9-89ebcdca674e
1995,1995,Camelle Hinds,Sausalito Calling,349faf24-3ebe-44bd-804b-bd9683c4762a
1995,1995,Camouflage,Bad News,fc1548bb-f6c0-475b-96d8-36817dfc236e
1995,1995,Candiria,Deep in the Mental,0dd86e98-582f-4c90-809a-fc82933b39aa
1995,1995,Candlebox,Best Friend,f7eb35d1-86c8-4278-82d4-c79b35849cbe
1995,1995-09-11,Candlebox,Simple Lessons,17543541-f8e9-4aa4-b6be-93fbff57afad
1995,1995,Candlebox,Understanding,c7223d35-d436-4888-ade7-c72efb956791
1995,1995,Candy Dates,Gimme Manna,78928da3-3fbb-454f-aa5b-ccf167a28904
1995,1995,Candy Girls feat. Sweet Pussy Pauline,Fee Fi Fo Fum,245c01a5-c44a-3c3a-8ec8-81205497f879
1995,1995,Cantankerous,Da Heads Ringing,63c443ab-838d-4184-93de-8c17b6175b5e
1995,1995-06,Capercaillie,Dark Alan (Ailein Duinn),ac6e28a2-ce00-39bb-8ba5-d7406b55a405
1995,1995,Capital Sound,Give a Little Love,2e8bf5b8-29c1-3997-8c41-9494fb1de451
1995,1995,Capital Sound,Love Comes Around / I Can't Wait,91d9d0df-a86e-455e-b191-0b95dbb7ad92
1995,1995,Capleton,Live Clean,7ae844ae-edee-4bf2-9826-3d94de32dc36
1995,1995,Capleton,Wings of the Morning,854510f7-6505-4ec2-9c7b-1b73112e4c8b
1995,1995,Cappella,Don't Be Proud,978a8c48-a7d5-4eed-938d-97ed7b8fca58
1995,1995,Cappella,I Need Your Love,a44e5039-c0b4-4e49-8ed7-b2deac5dd81e
1995,1995-07-10,Cappella,Tell Me the Way,1b1a4647-7213-35b5-90af-ca68ffcad9ae
1995,1995,Captain & Tennille,Love Will Keep Us Together,e321eb67-6856-383d-8d81-0542c824b007
1995,1995,Captain Cool & The Blue Soldiers,Neanderthal Man,111da85d-0fad-4337-9283-b3231bfb21aa
1995,1995,Captain G.Q.,Rockin' Through the Night,d5712f04-7271-368c-b94b-e17aa0ee6f0f
1995,1995-03-20,Captain Hollywood Project,Find Another Way,cfcc91bd-9803-3ae3-8a54-d52e67f2a1a3
1995,1995,Captain Hollywood Project,The Way Love Is,ec1ad7b1-c84f-4b63-8a1a-e2280e479918
1995,1995-07-27,Captain Jack,Captain Jack,3cf31abd-b95a-37cc-a3b8-c614f326eb76
1995,1995,Captain XF,Into the Future,a6194c5c-fa35-4f10-9f38-eee6e5396ee9
1995,1995,Carat Trax,Carat Trax II,380b8186-cbbe-3778-b932-bf1caca707bf
1995,1995-04,Cardiacs,Bellyeye,7388f4e9-3f58-4e9f-b923-85570d814cb1
1995,1995,Caribbean Project,Hasta la vista,8c73be46-7dfd-48ac-9eb5-e8738e383b6a
1995,1995,Carisma,New World,cc8b8d43-b549-411e-b093-edddf4c0a52f
1995,1995,Carl Craig,Science Fiction,1a138fe9-820a-3371-be7f-ff1a7e3c1a0c
1995,1995,Carl Craig Preresents Paperclip People,The Climax (The Touche Remixes),dbae1994-db2f-40cc-bf4c-b52f2a04a75e
1995,1995,Carlito,Heaven / Carlito's Way,b4e67223-ba90-33ce-80d4-e9a77e15c967
1995,1995,Carlos Peron,C'est Moi...,5df96acc-00c4-48b2-b5da-6fad2dbe3ed1
1995,1995-07-25,Carmine,Magic,b8323d0c-1074-4822-abc5-6b3a1c89cdc8
1995,1995,Carol Bailey,Feel It,4a1fd8f1-ecbf-3e35-ab21-907a7050cc91
1995,1995-08-14,Caroline Lavelle,A Case of You,802751b1-299c-317c-99c4-b255bb59815b
1995,1995-05,Caroline Lavelle,Moorlough Shore,c1171c76-c22a-36ec-8b79-b3f7a0bae83e
1995,1995-11-25,Carpenters,Christmas Song (Chestnuts Roasting on an Open Fire),fe330c79-fb40-4395-86fa-7ba869bb8e8a
1995,1995-11-03,Carpenters,青春の輝き,2938cdc1-7401-4247-8881-3400cb13f08e
1995,1995-07,Cartel,Cartel,725d0ad2-786f-4d30-80a0-01bae1df78cf
1995,1995,Carter the Unstoppable Sex Machine,Born on the 5th of November,21d6c8a1-8417-3ccf-ae9d-0a38f2263b3a
1995,1995,Carter the Unstoppable Sex Machine,The Young Offender’s Mum,15827dcd-e20b-3e32-a467-a70086d0ef0f
1995,1995-08-07,Cartouche,Miracles,e0f951a4-6c47-3f8b-a575-df66ca330bbe
1995,1995,Casio Brothers,Last Anthem,0b52f884-860e-4a0a-8439-8779600eba58
1995,1995,Casio Brothers,Partytime,06f0e4e7-cf47-3e9c-838e-76fa88797765
1995,1995,Casseopaya,Carma In An Ocean Of Joy,18036745-d947-4e6b-afb5-a2e64167bc03
1995,1995-09-18,Cast,Alright,6f9ca881-6d47-3c40-b80d-86bc7dee97ce
1995,1995-07-03,Cast,Finetime,998b761b-649f-3b49-a13c-07a710531723
1995,1995,Casual Sanity,Casual Sanity,b2d9e55b-e82f-44e7-b6ab-af593f944399
1995,1995,Catalana,The Summer Of Love,60a2227b-15ab-4432-8b1d-8f9c8d8e50c8
1995,1995-02,Catatonia,Bleed,fbd24ce5-416f-36f0-9a5c-f540c477f7e4
1995,1995,CatCat,Kyyneleet,82a646b7-2400-4921-a59d-fc33e4187466
1995,1995,Catfight!,Mamie Van Doren / Clover Girl,ec0aded5-b83b-47b5-aec3-84412c6468e7
1995,1995,Cath Carroll with Beatleplex,Bad Star,1e77cfba-4008-425b-a306-99bb6c50debe
1995,1995,Catherine Ribeiro,Vivre libre,ade3640b-02e7-42a3-b5a4-c459faa6a046
1995,1995,Catherine Ringer,La Chanson du film des Inconnus : Les Trois Frères,35749f6f-f821-4bc6-8613-7d6dabfc554f
1995,1995-07-24,Catherine Wheel,Waydown,7fa0714c-01d6-4b80-983c-b218c04346df
1995,1995,Catherine Wheel with Tanya Donelly,Judy Staring at the Sun,d8125c23-309d-4904-92be-6f5208af85a2
1995,1995,Catherine Zeta Jones,In The Arms Of Love,5468d698-d1ec-4f26-985f-0f35f690c522
1995,1995-03-13,Cathy Dennis,Love's a Cradle,78b51423-1641-4b3f-923a-7ba8ad371fd0
1995,1995,Caucasian Boy,Hotrox,e1014ab8-7bcc-4496-8945-9e79f5a423ad
1995,1995,Caught in the Act,Let This Love Begin,6c7ca205-0816-4d39-8615-ac9d8371cac8
1995,1995,Caught in the Act,My Arms Keep Missing You,dcb34d9d-4925-4aff-8af7-0e04bdd72ee7
1995,1995,Caught in the Act,You Know,51ccbf3e-bb36-4447-9637-a46ea74d7e31
1995,1995,Caustic Resin,Yeah Right,90fc1548-05a4-457d-bea9-7faf49624b59
1995,1995,CB Milton,Hold On,acf72d50-aa57-4b16-bd2d-db4b4bf57ad9
1995,1995,CDB,Let’s Groove,316dcbe0-c3f5-41f4-a1cf-ff305c904980
1995,1995,Ce Ce Rogers,Come Together,ca17cc8a-8a3f-4b39-8927-754d8f72922c
1995,1995,Ceasefire,Trickshot,6ecccfed-8fb3-3b93-9dd6-f7882bfc2501
1995,1995,Cecil,No Excuses,01ce0bf2-1437-328a-8415-923c82cd9327
1995,1995,Cecilia Vennersten,Det vackraste,a16c0931-d088-3b28-be34-f04335be463d
1995,1995,Cecilia Vennersten,Skogens rå,930741bd-bd7f-4764-8cf1-7c3f064bc3b2
1995,1995,Cella Dwellas,Good Dwellas,2d86f1e6-a3f0-3325-b970-9f789081988f
1995,1995-05,Celvin Rotane,I Believe,8ec626d9-95ac-4386-aa1a-5243ce54b380
1995,1995-04-10,Celvin Rotane,I Believe (uuh!),74224796-4d5b-3059-a01e-66bc7b2b8375
1995,1995,Celvin Rotane,I Belive,5903bc91-33ae-48c2-b6a4-02b15cb1f327
1995,1995-06-23,Celvin Rotane feat. Frankie McCoy,Push Me to the Limit,fe050f4c-33ba-415c-9db8-cc996f26df99
1995,1995,Celvin Rotane featuring Frankie McCoy,Push Me To The Limit (Remixes),870f3c3f-dc32-45e3-a03e-09f3e2369b46
1995,1995,Cenith X,Feel,8dfdfd67-68ec-3add-8446-f95f7c9f737a
1995,1995,Cenith X / Flyer,Feel / Up,e7e69af6-2217-4563-aa4f-e41245bbbdee
1995,1995,Cenobyte,Tales From The A-Side,7ca68751-2c15-4f59-8d10-96f834742f2e
1995,1995,Cesária Évora feat. Deep Forest,Cancera,506ff7c6-768f-4edf-bc9f-ec5e030b4841
1995,1995,Cha Cha Cohen,Sparky's Note,6fa27159-3332-4964-ba51-2cee7e0efb91
1995,1995-05-10,CHAGE & ASKA,Something There,b6e11782-5fc9-49da-99eb-f6b7424d235d
1995,1995-01-01,Chaingun Operate,Kaavakekauhu,207d8c79-d1ed-4431-9790-a27503bc5aeb
1995,1995,Chak,Summer Party,4080fcae-1b0b-3451-9951-fcf1464bd49b
1995,1995,Chaka Demus & Pliers,Love You Like Crazy,9f9136f6-db03-4d6a-baba-effea5203344
1995,1995,Chakka Boom Bang,Tossing and Turning,0e02e3af-e1c0-3dd7-a8ce-efcfdb775159
1995,1995,Changall,Communication (From Space To Earth),30e59268-d2ea-4c72-b27a-6b76c2538849
1995,1995,Changall,Penomylo,15d7e523-bdd4-4f7c-8194-bb7f8e060fb6
1995,1995,Changall,Penomylo,412a7f73-2119-402a-afb9-fa0c99f9b973
1995,1995,Changes,Fire of Life,eff7feff-7d81-4c79-af6f-72d6c98b0178
1995,1995,Changing Faces,Keep It Right There,425a26d0-3dc3-47f4-977c-c0ddc94c1003
1995,1995,Changing Faces,We Got It Goin' On,64504b31-bb8d-4cf8-9814-20b6216b4912
1995,1995,Channel 69,Believe,73f09f8f-a501-4629-87f5-d2ca2d2ba9e8
1995,1995,Channel Live,Sex for the Sport,1233a40b-fb95-4b8a-b0d2-a712c451e9dd
1995,1995,Channel Live Featuring KRS‐One,Free Mumia,0577d1a7-2ec3-4680-9568-47a504b7330e
1995,1995,Channel Zero,Help,01e8b05a-2677-418e-a84b-678d06c137ce
1995,1995,Channel Zero,Run With The Torch,3026ceb5-a9a4-485e-9b3b-1d5c6a919465
1995,1995,Channel Zero,Suck My Energy,9295d282-187e-4a64-8d7b-cf3ef13bea6a
1995,1995-07-21,Chara,Tiny Tiny Tiny,3db046f4-a159-31a3-9507-02e7b82ddb14
1995,1995,Charalambides,Devils,672321da-c512-4cd0-b690-ff01490e742b
1995,1995,Charles & Eddie,24-7-365,ea9c3e98-7b5c-3d35-87e9-2003a968f318
1995,1995,Charlie Landsborough,My Forever Friend,205d9366-52da-45cf-841f-7728e20014ef
1995,1995,Charlie Sexton Sextet,Everyone Will Crawl,66608f98-ff37-4a50-a607-03cbb818b119
1995,1995,Charlotte,Where We Are,2dc84b50-9828-48e6-9fb8-581e91f936f7
1995,1995,Charlotte Grace,Any Day Now,43c1160e-bfbb-3565-96cd-279370beeec1
1995,1995-08-28,Charly Lownoise & Mental Theo,Stars,d3afa839-1a46-3f1e-82d6-8b0e342b1f31
1995,1995,Charly Lownoise & Mental Theo,Stars (Remix),9eae1b8e-46a4-4ea5-a29e-4086c05f2e32
1995,1995,Charly Lownoise & Mental Theo,The Bird,2e385751-e8df-3446-a933-022c02fb8084
1995,1995-08-01,Charly Lownoise & Mental Theo,This Christmas,0fba3c95-4c45-4d7f-b6d9-cc617d0d5cb0
1995,1995,Charly Lownoise & Mental Theo,Together in Wonderland,493b481c-8a68-3881-9118-f03a66831b0c
1995,1995-02-01,Charta 77,Herrarna i sandlådan,9d20f584-62ad-4db3-bb28-07e67d95bc06
1995,1995-02-01,Charta 77,Världsamvetet,e862a83a-e39f-41cf-9d04-882256cbc045
1995,1995,Charts,Je m'envole - Live,b4c2f601-366e-4b3b-be21-bac58f7dca70
1995,1995,Charts,Les Charts,286e93ab-e569-3968-b955-e1b4079d6036
1995,1995,Charts,Libre Enfin,316f3ad6-4b47-4f66-8bc8-b816bfc2cc12
1995,1995,Chase,To The Top,01d85fa6-e41c-4492-ab2f-d99bb80d6ac8
1995,1995,Cheap Trick,Cold Turkey,fd96da45-898e-480a-8f97-55921cabcca2
1995,1995,Cheater Slicks,Trouble Man / Hook Or Crook,ddc6c2ae-4636-4e29-bda7-ea9487175de9
1995,1995,Cheeba Garden,The Return of the Skunkadelic,c76875f8-4054-4bcd-ad74-8c598c97d6f3
1995,1995,Cheer-Accident / Star Period Star,His Ass Was His Only Feature / Shatner Washed If I Say Soul,87209c5f-ae6a-4203-a62d-3dee3a912d31
1995,1995,Cheers,"Alice, ik geef geen X om Alice / Cheers, ik geef geen X om Cheers",5adee202-4988-4d76-ab8e-e1f64b5dccd8
1995,1995,Chef Raekwon,Ice Cream,0dacda2e-75f7-46ff-963a-7ec29330d3af
1995,1995,Chef Raekwon,Incarcerated Scarfaces,28af0778-db91-46c8-9c5f-3b5b49fd4993
1995,1995,Chelsea Grin,Animal Factory,b70a4113-cc59-45be-b3b6-b83398943705
1995,1995-10-16,Cher,Walking in Memphis,15130919-0cd5-3ac7-a200-3389492526eb
1995,1995-03-06,"Cher, Chrissie Hynde & Neneh Cherry with Eric Clapton",Love Can Build a Bridge,0fb6aee1-3bce-33b0-b6b3-c77b6db3c692
1995,1995,Cherie Lee,Love Me or Leave Me,98b2e2df-7170-400a-b58d-c0433abe5d0a
1995,1995,Cherry Coke,"No hagas el indio, haz el cherokee",07a17767-ad92-33c8-9f07-10e3e57c0be7
1995,1995,Cherry Lips,The Right Way,dfa9e62d-3522-42cc-9217-d14f707dfdd2
1995,1995,Cherry Moon,Everybody Get Down,fdfe4980-fd9a-425f-8539-05b2450e5ac2
1995,1995,Cherrymoon-Trax,Trax III,f64f6229-fab1-42a8-b049-eafc9f811bc7
1995,1995,Chez Damier & Stacey Pullen,Forever Monna,02d9ffa7-cfd1-4291-902f-e70b772cbe48
1995,1995,Chick,Demented,24cadc22-80c5-45f2-a887-c7bb88396d2e
1995,1995,Chick,Malibu,33ee0662-67fe-421e-99e1-ce04350e73df
1995,1995,Chickenpox,Juvenile Gangster,575801c0-bd56-4029-beb4-1f9034550f18
1995,1995-12,Child Liners,The Gift of Christmas,fc1bc02b-30e5-3f58-9da4-7b37780309cd
1995,1995,Children Within,Gallery,797bcbee-cb9a-4e1a-b5b6-2a8155b1e299
1995,1995,Chill,Nana,64f22832-1b58-462e-966f-091e304032da
1995,1995,China Black,Almost See You (Somewhere),3575e991-2f12-4117-9fbf-e0289eb90bb2
1995,1995,China Drum,Barrier,ab9cc229-26d5-379e-9943-172565c4e839
1995,1995-09-04,China Drum,Fall Into Place,68b3503e-8875-3fe5-8de8-39b550ee07e9
1995,1995-12-04,China Drum,Pictures,4cc66b84-65ce-45e5-ad6f-0724dfc71294
1995,1995-01-01,Chinese Detectives,Situation,91960460-4c16-3910-8fb8-ecb908ab0b4e
1995,1995,Chino XL,Deliver,4f3fe6ff-96c4-4301-8775-836b5a94bc32
1995,1995,Chixdiggit!,Best Hung Carrot in the Fridge,bc0b0884-b0db-330c-8df9-1dd0c06fe721
1995,1995,Choci,Timothy Turtle,bada8605-fd9e-4f65-b82e-1e669ee79589
1995,1995,Chop,(B.O.C.),7a41aeb9-1401-4128-a33e-aa2bd6a7a51f
1995,1995,Chris & James,Fox Force Five,3216488c-e942-4b11-a520-3b85894bf05a
1995,1995,Chris & James,Tune In / Calm Down,812b7273-2ded-4f1e-b2dc-e728c1dbeb1e
1995,1995,Chris Connelly,Candyman Collapse,5d8bcd3a-1022-34c7-818c-b4e55458df8f
1995,1995,Chris de Burgh,The Snows of New York,797eca3c-dc96-40ad-afcd-45ad67af61c2
1995,1995,Chris Isaak,Somebody's Crying,7d08120f-d168-3bf8-8bd0-9069e663cc66
1995,1995,Chris Knox,One Fell Swoop,c95595ef-0542-3e9b-a188-5116e2fc910d
1995,1995,Chris Norman,I Need Your Love,db392383-074e-4098-8bb2-f06a0f5e99a6
1995,1995,Chris Norman,Obsession,828297e6-182f-40b1-85dd-60f6a2fbfd8b
1995,1995,Chris Norman,Reflections of My Life,2fab4588-ede9-4d41-9f03-41ddb2707c58
1995,1995,Chris Sheehan,Fly Like An Eagle,9c6cda0b-3c5f-4447-b5db-58c9f80f7d15
1995,1995,Chris Whitley,Din,d59eb773-22a6-4e50-aaff-e9f19b0f6bce
1995,1995,Chrissy Ward,Right & Exact,aee2de2d-82f3-383c-a24f-a3b78c4f819c
1995,1995,Christoph Heemann,Retrace,58742740-448c-4712-9b7c-c0deac27d011
1995,1995,Chrome,Bumper / Fixation,85e2ac82-3c27-4c72-8d68-364b1e221e96
1995,1995,Chronic Chapter II,Keep on Pushing Harder,ef163d7b-528b-438d-9d68-a20fcf322476
1995,1995,Chronicle / Chilla Rinch,Two Sounds / Hold Him,d4e5a772-e5de-4667-bf84-236d2194a3cf
1995,1995-04-21,CHUBU END×SATOMI,DA.GA.NE,f432dfa1-eb61-4ba9-8692-1e703c4f1285
1995,1995,Chuck Prophet,Longshot Lullaby,4f675b02-15c8-4ad7-8df3-cdc42a297f3b
1995,1995,Chuck Prophet,What It Takes,4a05cf06-49d2-41cb-aba9-46bb4a33913c
1995,1995,Chumbawamba,Just Look at Me Now,4c3b3afd-5d42-42f9-b286-e0a97f40c8ec
1995,1995-09-25,Chumbawamba,Ugh! Your Ugly Houses!,a446c9b4-d5cf-4a28-9e45-9f1089982b7c
1995,1995,Chynna Phillips,Naked and Sacred,76be02d0-cc33-3d08-b251-01ee926e3d32
1995,1995,Cibo Matto,Birthday Cake,f138a2c3-9808-3c74-bfa0-8dd691a597d8
1995,1995-10,Cibo Matto,Know Your Chicken,654159cb-0acf-3e1b-bd1d-3263d75611ba
1995,1995,Ciencias Naturales,60 Días,abf72d4d-29a5-49af-9280-2e9e4a9b6213
1995,1995,Ciencias Naturales,Como Roma Pero Al Revés,196df4c4-230a-4349-baab-5eb372dd6fb6
1995,1995,Ciencias Naturales,El Poeta Enamorado,9c2e7766-3db0-41a8-b11f-533f5e545d2c
1995,1995,Ciencias Naturales,En El Andén Del Corazón,c134dc18-4057-4e51-bbc9-55da51886093
1995,1995,Cinderella,Through the Rain,9dfc9683-37ee-3e2b-8848-9853e0ca3749
1995,1995,Cindy & Bert,Gib mir Zeit,465c452a-3f2d-4e19-9dbb-7ec7fa063147
1995,1995,Cindy Berger & Gerd Christian,Forever grenzenlos und frei,4ff48047-8f67-4006-82e3-3a4f8e2e2bf4
1995,1995,Circle,Ghatarian,52ce0227-41de-4973-972d-1286dda724ee
1995,1995,Circle Jerks,I Wanna Destroy You,d1f5f0ca-aecf-354b-a118-401c6d4ff684
1995,1995,Circle Jerks,Teenage Electric / Fable,5179d575-97f3-4e56-a64b-2ccbe3957406
1995,1995,Circus Joy / Ain Soph,Baltikum / Desolazione,223ea4fc-467f-49d8-9500-31ac392c28c0
1995,1995,Citizens’ Utilities,Chemicals / Blood Bath,6f705338-9279-4fcc-bc11-a21c01976531
1995,1995,Citizens’ Utilities,Spool / Columbine,abe6cd89-0b5c-469f-9777-3e34f25284a5
1995,1995,CIV,All Twisted,80d7b5a5-1d11-4c30-aa3e-1bb552e10597
1995,1995,CIV,Can't Wait One Minute More.,46e3d12c-6acb-365f-8841-e865f99f9d85
1995,1995,CIV,"So Far, So Good, So What",be08fc94-f6e7-310c-b46f-445614ad61a9
1995,1995,Cixx,Ride to the Rhythm,91295e91-39a6-4785-b490-4789a0e09e15
1995,1995,Cixx,Ride To The Rhythm,ab83962f-566e-4a72-8253-70a8756b6d5e
1995,1995,CJ Mac,Powda Puff,5643f4fc-d4cf-413d-bb64-017e2ecc78dc
1995,1995,CK-1,Danger Valley Jungle,8fcd6809-c02c-4d5f-aeaa-4ec34538fc55
1995,1995-01-24,CKP,Dream Your Dreams,710d473a-b373-4120-86d6-59242f57c4f0
1995,1995-10-25,CLAIRE / YOKO TAKAHASHI,FLY ME TO THE MOON,73305e64-7ada-3ec0-8ab7-59d61936821e
1995,1995,Claire Vezina,Dégivre,275c14e1-09d4-4fbb-9957-8165eee30e49
1995,1995,Clarence Gatemouth Brown,Solid Gold Plated Fool,7aae8313-9a52-3221-bba0-c6a0a65815ee
1995,1995,Claude Barzotti,Je t'apprendrai l'amour,7fed0409-ba80-40ad-a446-00e042704b7a
1995,1995,Claudia Jung,Wer die Sehnsucht kennt,13aff688-7e25-3c9b-8004-1394ecdde194
1995,1995,Clawfinger,Do What I Say,415e272b-b3cf-3231-a8b3-22040639c149
1995,1995,Clawfinger,Pin Me Down,faa41414-a96c-40d6-8956-5430e531c692
1995,1995,Clawfinger,Tomorrow,6512a160-36e4-3443-9b50-0a46b7306afa
1995,1995,Cleanhead,Time Clash / Obsession,cbe5a619-6fae-420a-81c5-bf983b3ab2b1
1995,1995,Clem,Wichita,2a1f804f-a0c5-430c-ba05-e4cff4c6ac32
1995,1995,Clemens Maria Haas,In Keuschheit und Demut,7597a645-66f6-4442-8e23-8e513fb5eb27
1995,1995,Cleo & Marcus,I've Got the Music in Me,57597c40-5374-36c4-843b-3cb2975fdb2d
1995,1995,Climax,The Stuff,2105909f-7487-47ea-a792-4537834272f6
1995,1995-03,Climax Absolüte / Disturbed Genitals,Big Brother Is Watching You / Halogen,33b57558-fe2b-438d-8535-5e83af805d90
1995,1995-02-20,Clock,Axel F / Keep Pushin’,9ef7000d-c13a-43a0-8e9a-64d6a0abfdbf
1995,1995,Clock,Everybody,7ec35aea-9954-4acd-a126-90317d97fe3d
1995,1995-11-06,Clock,In the House,511e2001-3964-3292-812f-60d2b02f4ddb
1995,1995-06-19,Clock,Whoomph! (There It Is),c2fe3e18-e6fc-306e-b72e-914ffc26b3f3
1995,1995,Clone I.D.,Funky Hell,c79f2e9c-895d-43b1-a852-3f15b844e4f0
1995,1995,Cloud 9,Snow / Jazzmin,cd4cdc89-aff6-3ee3-a51f-a1817619e08b
1995,1995,Clouseau,Laat me nu toch niet alleen,d1c42ae6-1ca3-3914-b8f8-03400759f0f8
1995,1995,Clouseau,Swentibold,e71daae0-50eb-498a-807e-ede6eba74955
1995,1995,Club 69,Diva / Warm Leatherette,9897c5a6-f9c2-3674-a6d9-199f08847c1c
1995,1995,Club 69 and Annette Taylor and Kim Cooper,Sugar Pie Guy / Warm Leatherette,8ee4a3f4-7e3a-494e-a8c5-3fdff3b22b61
1995,1995,Club House feat. Carl,All by Myself,472b55e0-8005-4084-ab54-8912b20df857
1995,1995,Club House feat. Carl,Nowhere Land,80a96c64-f93b-4dd5-92f1-7409a1a38318
1995,1995,Club X,The Sequel (Lalala),98ab453a-029d-4652-84df-fa0672844426
1995,1995,Clubhouse feat. Carl,You and I,76d9eec3-d372-4015-a179-622bf0de3cd7
1995,1995-08-09,Clublife,Feel So Good,e918495d-a5cd-409a-9664-f14cd9fc3918
1995,1995,Clubzone,Hands up,cce39eb1-cbbf-4b4a-a5b6-6c44d592bcfa
1995,1995-11-16,Clubzone Featuring Ricardo Lyte & Beverli Skeete,Passion of the Night,d537e3f5-045a-4c14-a8c1-f09a467ea8f5
1995,1995,Clutch,Big News,2e88f3f0-c716-3f2a-aa4d-c1c9ee724c2f
1995,1995-03,CMX,Pelasta maailma / Joet,f7a52098-17fb-3dc3-86cc-11a60e68c9d9
1995,1995,CO.RO. feat. Lyen,Run Away,93f6c512-435a-371d-8fa4-0ffdb5ee114d
1995,1995-06-12,Coast,Polly's Domain,a71ff7bc-c76f-4d23-8ab2-b5f3f77ca1b4
1995,1995-10-09,Coast,Slugs,5999bf4d-12bb-467f-aa35-93f8c2184b56
1995,1995,Cobra,Born 2 Love U,0ca26c32-8349-4c73-bc99-6dc7ca3b510c
1995,1995,Cocker & Lazonby,Astrology,eb01644c-9738-458f-9117-a6e6fda210d6
1995,1995,Cocktail Twins,"Remember, Remember, Remember",65024b0c-514f-4f03-8252-2a9ef3ade8b0
1995,1995-11-27,Coco & the Bean,Western Ways,87e1d025-5446-4c50-8edb-20e3fe9f3aaa
1995,1995,Cocoa Tea,Israel King,51839de8-a9e2-4973-8a19-d769709b1163
1995,1995,Cocoa Tea & Sizzla,Bruk Down,9c362459-60a5-4858-aa32-2da36369ea7f
1995,1995-03,Code 11 + 12,Spacecut / Nightfly,41d6a8b2-7b73-45d5-8cb0-d8ca08a0b31d
1995,1995,Code 13 + 14,Welcome Stranger / No Limits,2319a231-0511-44b8-8f17-b00c369bc0fe
1995,1995,Code 15 + 16,Take You Higher / Mystery,c53e7e05-9e0a-45a9-996b-ac8dcd2a2717
1995,1995-11,Code 17 + 18,Pure Energy / Overflow,a747e082-391f-4bec-8599-0d4d43cbf272
1995,1995,Code 19 + 20,Es Geht Los / Progressiv Attack,50a41c4e-e712-4af6-873a-fa54ae1d0dee
1995,1995,Code 21,Wanna Play House,87ea2ae6-7433-43f7-b589-9790c49cd754
1995,1995-05-01,Code Blue,Angels in Dub (DJ Crystl remix),79944861-5f42-4979-84ee-986e80c7b046
1995,1995,Code Blue,Don't Squeeze The Juice,3490691f-9369-4d94-a7db-e31489f2cc47
1995,1995,Code of Practice,Can We Change the Future Remixes,edf0dd7a-8575-4efa-aca3-8478a3992a72
1995,1995,Code of Practice,Infiltrate / Can We Change the Future?,2ddd6953-5628-3331-aff0-7772030aa12b
1995,1995,Code-15,Take You Higher,09a8baeb-778c-46ba-9aea-a067b61befbd
1995,1995,Code-16,Mystery,ba4321f4-8502-414e-8cb2-03adca09aa72
1995,1995,Code-17,Pure Energy,3d135105-7ce7-4cf7-8339-56d9eca28978
1995,1995,Code-19,Es geht los,1841ca77-628f-43b3-b6f9-17c69a3fef78
1995,1995,Code-20,Progressiv Attack,ae275d34-54d5-4d23-9768-0e76ff8ee1c9
1995,1995,Cold Cold Hearts,Yer So Sweet (Baby Donut),ec09d627-a4d6-434b-9296-9c7751b8252b
1995,1995,Cold Mission,Comin' on Strong / Guest Spots,d67763f8-83e0-4d11-a1a9-9def9582a3ed
1995,1995,Cold Pizza,Jij zal altijd bij me zijn,2c63d7c9-eff5-41e4-963c-5e585156123d
1995,1995,Cold World Hustlers,Everyday Thang,353d86cc-c20e-40eb-8225-ecde9487e572
1995,1995,Colinda,Fax me,9de9272f-1d88-4dcf-ab06-1b2b2083ab84
1995,1995,Collage,Diana,beeeca89-6f13-4986-88b2-be32d84a20ff
1995,1995,Collective Soul,December,450292b7-7bbb-4b18-b544-6fb2d9e47a7a
1995,1995-03,Collective Soul,December,d5da95cd-90ce-43dc-a259-7bbffdcb6e29
1995,1995,Collective Soul,December / Gel,36685ece-4c84-43ff-be9f-acfa7740e6db
1995,1995-11-14,Collective Soul,The World I Know,fbde3c86-52a1-308f-b987-6c61c7ba63b4
1995,1995,Collin Bros,Pontti,cf97d1d5-571d-38d3-970b-adc155fda11d
1995,1995,Colonel Abrams,As Quiet As It’s Kept,d8d8375a-f08e-3a84-9c92-cd5c5754bf9d
1995,1995,Colonel Abrams,Celebrate,4baa13a5-f78f-4754-ba3a-7ea348302f89
1995,1995,Colonel Abrams,Victim of Loving You,f5344aa4-b069-36dc-8ff1-d1fe06662bf0
1995,1995,Coma B,Have Fun,b233a9fb-d115-3730-8c82-700d55f439be
1995,1995,Come,Cimarron,f95faf4d-15e1-4431-bc3c-9ae9c933bdb4
1995,1995,Comet,This Is Freedom 7,04061f5f-e7f0-43dc-a595-4f46c488bd23
1995,1995,Commander Krilly,Raptures Of The Deep,cfd8c59b-4f4b-4815-93b8-67e1e9c8df5a
1995,1995,Commander Tom,Are Am Eye?,12447a41-1410-4740-99e1-d59540aebf1d
1995,1995,Commander Tom,Volume One,6b98d7de-55aa-424d-b67b-412be5f7020f
1995,1995,Committee,Trance Line,e2573537-bb3c-4170-a910-c75ffe607506
1995,1995,Committee,Welcome,fca1615e-cac1-4645-8649-cbf203062d05
1995,1995,Common,Resurrection,f13ce34a-18c5-338e-a33e-f8723375fe9d
1995,1995,Common Sense,Live It Up,e610c8da-03e5-4ab8-b603-50bd40f634e5
1995,1995,Community,Over Like a Fat Rat,c9ea0488-cfea-4f45-bdd5-e31390495a0f
1995,1995,Conception,Guilt,b6b493e0-769a-4aeb-a274-94159ede2f0c
1995,1995,Conflict,B.B.C.1,6c6a8b29-6878-457e-baa4-b5607a34755d
1995,1995,Confussion,Living In Rave,70235d90-2af4-456f-8adf-6aa1612f6b5e
1995,1995,Connie Nice,Dancing in the Night,b5661b27-1753-4724-a01a-002bccca88a5
1995,1995,Conquering Lion / Congo Natty,Banana Boat Man (Congo Natty Dubplate Mix) / Natty,aab62bd3-5396-4747-9820-cdc6bbbc872a
1995,1995,Continental Breakfast,Music In My Mind,321cc175-8e7c-49d2-8eba-ac3aed23471e
1995,1995-12-01,Continental Breakfast,小さな世界,034d36c1-6032-4b51-8afc-de610b3374dd
1995,1995,Con‐Dom,Servitude,da01b61e-c1fa-40f6-ba21-0ff100e0dfd6
1995,1995-09,Cool Breeze,Can't Deal With This-Remixes,0e072c84-981f-4541-870d-eb1cf13666eb
1995,1995,Cool Breeze,Let Me Know / Herbalist,a0ba87fa-9eed-4d29-8d5a-4a4d8a8d87ac
1995,1995,Cool Breeze + Digital Audio,Drums in Space / Certain Sound,aa158f5e-9d50-4a11-a6cc-8e4c89017664
1995,1995,Cool Breeze + Digital Audio,The Steppa,8b00bcde-3a2b-4b5d-a0a8-25385465d50d
1995,1995,Cool Breeze + DJ Steelie I,Finger on the Trigger / Kick It 2 Um,95b7a20f-971f-4c38-837e-bceb5c714f49
1995,1995,Coolbreeze / DJ Tyme,Back II Back (Vol. 1),8849b78e-7c1c-4ee8-a95b-eb97275c5124
1995,1995,Coolio,Too Hot,9b0e0fa9-ab53-37ae-9486-ff09b7bdee23
1995,1995-08-01,Coolio featuring L.V.,Gangsta’s Paradise,02994ff3-e782-30da-9d57-1f35d67a2c67
1995,1995,Cop Shoot Cop,Any Day Now,fd9fc677-4ada-3e35-b181-f8718c094c05
1995,1995-06-12,Copa T.,Hyper Samba,beac2a4c-ebd9-4ba4-8e33-4d498a948e31
1995,1995-02-26,Copper,Copper,9792add5-4850-40c5-b9a6-f6592b6c43ab
1995,1995,Corinne,Ho già l'età,e0c5ff92-0bdb-4c10-92f7-e89cd9691dad
1995,1995,Corleone,Io Sono Illuminata,1f07abfc-c0ad-43b7-ac0d-b69e55998bd5
1995,1995,Corm,The Conservation of Momentum,11c7726d-98ef-4a61-988c-aa31836c7a55
1995,1995,Cornershop,Wog,5fa3ece5-ce9a-427f-9abe-dde2a9f250a5
1995,1995-04-25,Corona,Baby Baby,740c1fed-7b7e-3e6a-a729-68c16429ece4
1995,1995,Corona,I Don’t Wanna Be a Star,e6fbf0ac-fd7a-365b-a69e-4667bceb21fe
1995,1995-10-21,Corona,Try Me Out,c17b5012-0330-3434-a70f-b706866e42f4
1995,1995,Corrosion of Conformity,Clean My Wounds,b9a35d24-aa39-383d-b329-415f9fe3c1f6
1995,1995,Corrosion of Conformity,Seven Days,9860d34b-a231-43c7-a6bd-c8266bce2f86
1995,1995,Corry Konings,Schenk me deze ene nacht / Leven en laten leven,32938d88-c131-40de-a365-eb28ef5ff481
1995,1995-06,Cosmic Baby,Stunde Null,a4462fe5-77e2-4b71-81db-177352b5d1b3
1995,1995-04-28,Cosmic Trigger,Firefight / The 'E' Spot,e0c307de-78bc-4eeb-ab8e-906d77c1b3b0
1995,1995,Cosmix feat. Ernie,Quietsche-Entchen,ea2cdace-6558-3c8a-93a8-974ef33a4fcd
1995,1995,Cosmix Featuring Krümelmonster,Kekse (Lecker Happa-Happa),d0c2cbba-9cdf-4d43-9886-229f9d4b997f
1995,1995,"Cosmo Kid, The",The Theme,cfbbaec7-95ac-42d0-8920-624078feb239
1995,1995,Cosmo Zaloom,Summertime,4a1b7791-821e-4573-b796-4db80a766878
1995,1995,Cosmopolitan,Cry Boy (Let U Down),d0d7fe57-a9e2-457d-8e17-1b8bb5e7098f
1995,1995-11-06,Cosmosis,Deus,c1bd7fb8-6f38-45d0-9ae2-2624a0fd1139
1995,1995-01-02,Costa Cordalis,Himmel auf Erden,64b397ec-8148-43b0-ab46-5b78a96e477c
1995,1995,Costa Cordalis,Ich komme wieder,390eb550-ff32-43f7-9536-9cce2bb0b750
1995,1995,Costa Cordalis,Nur mit dir,f0523995-e905-473d-895d-80237dc3e705
1995,1995,Count Indigo,My Unknown Love,8811618c-45f7-3fda-abfa-895525b312a2
1995,1995,Coup d’État Phonique / Petits Boss,Dans ma tête II / La voix claire,7ab610ed-dce3-4570-b453-987c541361c4
1995,1995,Courtney Pine,I've Known Rivers,a117ed6f-9d74-4194-b0ae-bafc120da318
1995,1995-10,Covenant,Figurehead,4a9975c2-3019-30af-a49d-5d9665380080
1995,1995,Cover The Child Of Destruction,Underground Flow,864f1da3-18cc-47e1-be7b-3e9f0a5a3e58
1995,1995,Coverdrive,Trip for Your Brain,011a3cb9-2ef4-4b34-b597-64aea19b4616
1995,1995,Cozette Morgan,Killer Blues,0948845a-496a-4615-9e76-db6ef95831b1
1995,1995,Cradle of Spoil,Solar Eclipse,19049e0d-6135-30ed-9122-c05d938be3b2
1995,1995,Craig McLachlan & The Culprits,Everyday,bdc5e64c-5318-4f3d-80d5-8c92264efc7a
1995,1995,Cranes,Lilies,a550263f-f88e-3595-9e84-b3d7019fc97b
1995,1995,Crash Vegas,3 Song Sampler,3b5b62a4-8f33-3e78-9d4f-b8b56ca1473d
1995,1995,Crashed Out,Memories of Saturday,0f7e627b-107e-4def-bd71-4766b58efca0
1995,1995-09-06,CRAZE,NAKED BLUE,5b3bd169-4478-40fc-b884-419c429fc409
1995,1995,Crazy Leo,More Than I Can Say,b357c036-ac88-4cef-a929-ca05775e8c61
1995,1995,Crazy Loops / 3 The Hardway,Lost Our Minds / Smooth Operator,d63c9f8d-abff-4093-bb20-9485c82a2821
1995,1995,Cream Shut,Just Remember,b5f6656b-4467-4636-9154-0ab43a4f371c
1995,1995,Credit to the Nation,Come Dancing,4fb02230-d3c3-474b-9814-d36eaa176180
1995,1995-07-10,Credit to the Nation,"Liar, Liar",98bf8f20-bd41-3313-8e77-abebfa2bab5f
1995,1995-09-11,Credit to the Nation,Mad Dog,3af572e7-c7a0-4203-9903-6b0d84071b85
1995,1995,Creme 21,Ich mag Tiere,59022d43-8e9d-48c6-ab0d-61f06997ae81
1995,1995,Creme 21,Traumfrau,6e5164df-301e-4b20-b187-4105212c1f37
1995,1995,Crescendo,Are You Out There,76cbc508-a916-35c3-a839-1d7cbbc32984
1995,1995,Crispy,Everybody Go,8b3cc266-217d-449e-92bd-f7ae3db16891
1995,1995,Cristiano De André,Cose che dimentico,bc479244-9c6c-3d8f-ac8f-19c8b872710b
1995,1995-06-13,Critical Mass,Dancing Together,9dd352ff-ba15-4b2f-afcb-8f1c3451b043
1995,1995,Critical Mass,Happy Hardcore,0de2d294-0601-4084-aab6-80d34925cdf3
1995,1995,Critical Mass,"Happy Hardcore / Thunderdome ""The Awards"" Entry Ticket",681241ca-0b94-4999-82fa-35a444b69eef
1995,1995,Critical Mass,I Don't Care,51dfc708-aeca-484c-94b5-599dc2bbd634
1995,1995,Critical Mass,Take Time & Class Clown,1f35bf7f-ea7f-4bcf-8a2f-b13cb5ecbe5b
1995,1995,Crooklyn Dodgers ’95,Return of the Crooklyn Dodgers,5e0e2bfd-8bbb-3c32-9bc5-6858c6e19502
1995,1995,Cross,Paradox,3c93c587-d748-4c3f-9518-1c214b2ee7d9
1995,1995-08,Crow,Privilege,5653c3c9-f092-4a7d-9d03-1a4d639f5aba
1995,1995,Crowd Pleasers,Volume Three,1c998bc7-999e-4cf2-8272-2a6e29079ebc
1995,1995,Cru-L-T,I Can't Take the Pancake / Latch the Door,500899e8-bd26-4456-a14c-eb47ab6b41fa
1995,1995,Crumb & Fun‐Da‐Mental,Swallow,0cbfef1a-0c05-469e-a014-110f7972a0d0
1995,1995,Cryptic Force,Berliner,aace784e-83ed-4a45-ad79-801ab9f1ecb2
1995,1995,Crystal,Love Is Like Oxygene,4336babd-3431-4d67-9511-7162334c87cc
1995,1995-01-24,Crystal Voyager,Eastern Forest,0f8f6e23-969f-4e7c-9c52-2d9d242bd1f0
1995,1995-11-13,Crystal Waters,Relax,3e05e170-1a7a-4b80-818d-6a1508bc30be
1995,1995,Crystal Waters,What I Need,812a6669-3efc-4c99-b933-c95329ba4f89
1995,1995,Crystal Waters,"What I Need (Erick ""More"" Mix)",b09cbe36-4e3d-4f69-9703-26cab63c7d42
1995,1995-09-01,cub / Potatomen,The Day I Said Goodbye / The Beautiful & Damned,cea5bfb2-e0c9-3b85-80e2-c6944543e473
1995,1995,Cult of House,The Party,69ce2b3f-4a39-442a-a6ba-291275e8091d
1995,1995,Cultivated Bimbo,EP. 1995.,6b05dde2-0751-46ec-8fcd-473ce099f8df
1995,1995-05,Culture / Roosevelt,Culture / Roosevelt,d51e2bec-aa9d-48a1-83fb-61d314a9a04b
1995,1995-01-01,Culture Beat,Inside Out,cc66d473-2d82-410d-97c2-9825dc1909f5
1995,1995-11-24,Cultured Pearls,Tic Toc: The House Remixes,b3900ebe-5b56-3966-9f57-1abb8bd57dcb
1995,1995,Cultus Sanguine,Cultus Sanguine,0af70edd-a9c4-3a1f-ba36-5a9b4eb80275
1995,1995,Curdlefur,Anthemic Tune,c03a95cf-344d-4684-854c-37947b4e2cd7
1995,1995,Current 93,Where the Long Shadows Fall (Beforetheinmostlight),d2ada848-36f9-3e59-a157-009dfe356bc9
1995,1995-11-20,Curtis Stigers,Keep Me From The Cold,47e1a886-3201-4443-850c-a88e1c7530a8
1995,1995-03-06,Custard,Alone,f60dd80a-de3d-3277-a5f4-51fad2846021
1995,1995-10-16,Custard,Apartment,a31063a2-999a-32bc-9c2c-25d53d7d1ebd
1995,1995,Cut & Run,Building Shaker / Let's Go (Remixes),721b7650-868a-46dd-b5d0-7eca83342929
1995,1995,Cut 'N' Move,Real Emotion,e3b81eab-ccec-491b-9d1b-ad0f20bf35d1
1995,1995-10-03,Cut ’n’ Move,I’m Alive,9c9603d0-f697-3bf7-afe9-22f91cc05a3c
1995,1995,Cutback feat. Federal,Rock to the Rhythm,16e9024c-d3eb-466e-ad8a-a4422b9e010d
1995,1995,Cutty Ranks,Remixes,9359ca08-fba5-4e09-bbcf-68bc9b65ee1a
1995,1995,Cyber Axis,The Way I Feel,c2e3a371-eec8-3061-9557-de161cb0c678
1995,1995,Cybersecrecy,The First Experience,b50ffafb-e3bd-40e1-8012-500558a5f2a0
1995,1995,Cyborg,Moments In Love,ae78f19a-e99f-41aa-9b31-17a1affb1b4e
1995,1995,Cyborg Unknown,Return of the Cyborg Unknown,42692c6d-ae3f-4b27-883e-e01ba238cf72
1995,1995,Cyclone Tracy,Piano in Trance,89b4aca7-9219-45d8-bc14-c0c64ce85ca4
1995,1995-05-12,Cygnet,Hypnotique,818e4710-1483-4134-a1ae-9b4b32a48380
1995,1995,Cygnus X,Turn Around,c1ba6389-5111-3966-9591-38b290861ad2
1995,1995,Cymurai feat. Thea Austin,Magic Touch,88ca340d-b921-3768-9e1b-7213e572542f
1995,1995-08-24,Cyndi Lauper,Come On Home,1e3c74ce-1ea1-40c4-8981-f30199a552ed
1995,1995,Cyndi Lauper,I'm Gonna Be Strong,940ba0a5-27e3-4522-8d59-ed214ef86c27
1995,1995,Cypress Hill,Boom Biddy Bye Bye,65baf7b4-2f44-4fe7-bf6e-057d4b1ba4be
1995,1995,Cypress Hill,Illusions,e02c81af-d860-434d-af86-50f0dc27f466
1995,1995-09-25,Cypress Hill,Throw Your Set in the Air,f8a0fca2-e353-31e6-b856-d5f01f0a99a3
1995,1995,Cyrano,Chanson d'amour,bf6a74d9-cf9a-453c-8f0e-ba16d6eed378
1995,1995,Cyril's Magic Journey,Power Of Love,b5caf424-9a97-4c27-bfdc-61c9a88af5a4
1995,1995,CZ 101,Consequent,e11a8363-87ad-483a-b7e5-dab580d2e95d
1995,1995,CZR,Groove to This,b141491b-9d02-4ff4-b2c5-4bacc788152d
1995,1995,Céline Dion,Je sais pas,3d733e3d-69b2-45fe-ba44-30fa38620abb
1995,1995-05-08,Céline Dion,Only One Road,c2887fae-fe31-31dc-9159-8f278f44d80a
1995,1995-08-28,Céline Dion,Pour que tu m’aimes encore,0b9ced1b-22d0-3617-bc44-cacc15c45714
1995,1995-10-21,Céline Dion,To Love You More,9e49e339-f1c8-3669-b426-03895aa90346
1995,1995,C’est Tout m.m.v. Antonius Hapt,De tandenborstel-jive,4451f071-23c7-4352-bfe4-08bf7bc2b0f1
1995,1995,D & T,Up And Down,ba02f48e-ac93-4f28-aca6-ad2d50178d59
1995,1995,D'Agostino Planet,Fly,a52b26e5-f3e8-4d9b-9c11-97b7fa110e1a
1995,1995,D'Bora,Going Round,0a803837-438a-45f9-8da5-aca1578547df
1995,1995,D'Jumpmaster,Dance 2 Da Bells,7ae95dd0-0114-4912-a094-1415baf2aaa5
1995,1995-03-13,D*Note,The Garden of Earthly Delights,af897731-92de-3f0f-bb49-2cf5c62780f8
1995,1995,D-Mark,Lass uns auf die Kacke haun’,1f356116-7abb-4ab0-a445-4752fec40dc6
1995,1995,D-Natural,Dr. Beat,156a8c2a-4b50-491d-9918-2568356a5da8
1995,1995-05-29,D-Noiser,Got To Be Better,93bb4af6-ad2c-4d1b-93e9-181ad17c467d
1995,1995-11-20,D-Noiser,Pump Up The Bass,c96251e2-b8a2-48b8-b764-e9245ac368dc
1995,1995,D-Phase,I Owe You Nothing,8412820d-901b-4208-b76a-73cd4dce1707
1995,1995-06,D-Sign,Rave Pour Adeline (Feel the Music...),865254e3-ea1d-3d05-ab46-18d1dbf66218
1995,1995,D-Stressed,Love Me Forever (Dam Dam Dam),6e0579a9-1bed-4f5f-893f-9c69147a5b45
1995,1995,D-Vibes,Trauma,5b1eea94-f821-491f-8c0a-18d123be013c
1995,1995-02,D-Zyne & DJ Fury,Timez 'R' Changin' / The Horny Raver,b181f0e7-b0fe-4dae-865d-bd85de9a17ad
1995,1995,D. Styles 'N' Hopkirk,Sensi,6d102144-38de-4a71-b7ca-64bac456f84d
1995,1995,D.A.R.K.,Lennon and MacDonald,84229a1a-8df3-471e-a68b-cfe734e8e1bb
1995,1995,D.A.R.K. Bewitch the Voodoo Queens,[untitled],95f4c9fd-b347-4c4e-b5ab-c70edca4c1ba
1995,1995,D.I.P.,Do It Higher,6fbfa9e8-0834-4bb7-a2e1-4f0fb86b6049
1995,1995,D.I.P.,Give Me Your Lovin,2411e4fb-5f34-4e6a-bc1a-7d994d4b8ef2
1995,1995,D.I.P.,Give Me Your Lovin,4deda817-8fa1-4b79-bbfd-465f9e3e4de0
1995,1995,D.J. BoBo,There Is a Party,eb56e9b2-cdfb-3f3f-a660-e73b414485d7
1995,1995,D.J. Fokus,Pulse / I Want,415dd0f1-b9c6-40fb-8b65-fc27de5040e7
1995,1995,D.J. Manic,Synthetics,c0aa789a-1406-4f5f-97ee-0eca2d969e8e
1995,1995,D.J. Max Contrucci feat. System 4,Obsession,9bc2b355-d27f-454f-b618-b61c0678e008
1995,1995,D.J. Mix It,Just Take Your Time / What A Feeling,71bce152-cf9d-4afd-b61d-5f4522d4b77c
1995,1995,D.J. Sueño,Cerang Vol. 1,82c89b85-d927-44ea-9bb3-abd120062f04
1995,1995,D.J.F.,Trancit,20e7bb90-20d9-4c0a-9ca9-d03b6ec201cf
1995,1995,D.N.A,D.N.A,b8263fca-8580-484f-9c72-a024e82c6a15
1995,1995,D.O.C. (Dance On Command),Take Me To The Stars,6ac54594-106d-46c0-99bd-ed08afac8335
1995,1995,D.O.M.,Acid War (Liberator's 303 Attack Mix),9273e081-c403-47a6-9767-d331cc8f267c
1995,1995,D.O.M.,Acid War (Wah Wah's Acid Intensifier Remix),58088a45-f995-4121-a565-ce685c2dd68d
1995,1995-11,D.R. Base vs. Karim,Barracuda / Funky 303,82df685b-dffd-464d-b6d0-220438d2e588
1995,1995,D.R.S featuring Kenny Ken,Everyman (The Remixes),a91d0688-cfde-467c-b710-7c5874617e66
1995,1995-04-21,D/FORCE,"Love,The Light",857bab63-c313-41ad-8154-fb0169627a34
1995,1995,D4,Hear Me / Bad Acid,a6896832-cc81-4712-9997-a914dc45c670
1995,1995,D4,X-Attack / Careless,f629989c-9a63-4cf0-a227-c745f366da91
1995,1995,D:Ream,Party Up the World,35e0f206-18dd-306f-be53-b03c2af177bb
1995,1995-06-26,D:Ream,Shoot Me With Your Love,5aa5fe35-989d-3b4e-ace4-e47de8256670
1995,1995,D:Ream,The Power (Of All The Love In The World),b79ac547-6944-4423-8e95-9a966b467bf1
1995,1995-05,Da Beatblower,Fuck Your S Off,2340b9e8-25f3-4f13-a51f-479d0ab0f277
1995,1995,Da Biz,Alpha 95 / Jungle Girls,ca0da4df-46c7-445a-a32d-fd59460b23a0
1995,1995,Da Blitz,Movin' On,1fb34ba9-58d4-3238-85d4-5541f5ac17ca
1995,1995,Da Brat,Give It 2 You,00570ead-42c4-4b83-beee-d7738ef117ae
1995,1995-11-01,DA BUBBLE GUM BROTHERS,恋心キュル,b993f885-630f-467e-a2cc-2bcaf385658f
1995,1995,Da Bush Babees,Remember We,4e4fa379-4e36-4a69-a61e-d17fa718dcb1
1995,1995,Da Corruption,Step to the Side,189bbd04-01dd-4fa9-97d0-28b72c7148a8
1995,1995,Da Germ 'n' Roey Marquis II.,The Real Sh*t,64557b1f-dd29-4650-b11a-01e6d584e5e3
1995,1995,Da Intalex,Mercy / I Like It,3e24eb53-596d-4a67-bd0b-fe4acd90acd8
1995,1995,Da Intalex,Mercy / I Like It (Remixes),c0b972c0-4a49-44c0-9ac2-472b61c2ed06
1995,1995-12,Da Soulman,Shiki,4d3632bc-9056-4cf7-8e60-a068f1e33ae9
1995,1995,Daan Hendriks / Jo Erens,Doe / Limburg allein,5229a213-c853-4367-90a8-ce63269aac6f
1995,1995,dada,I'm Feeling Nothing,4639a48f-1727-33b3-951a-f666ba6196ec
1995,1995,Daddy Boastin,Stor stark,848652eb-15c7-4da9-935d-578eace0e909
1995,1995,Daddy Lizard,Jump Up,47b7d041-2e43-403c-8e69-dece4856a0d6
1995,1995,Daddy Screw,Open Your Legs,0325c9b0-0aac-4662-8291-d1b92959cb57
1995,1995-05-10,DaForce,Underground Blackout,f8c1ede9-a9df-4580-a19b-504aafb1be43
1995,1995-12-07,Daft Punk,Da Funk,d86198a6-29e6-3748-93a8-1a4a0fadef57
1995,1995,Daft Punk / Jovanotti / Bop to the Trax,Musique / L'ombelico del mondo / Make It Funky,5dd37d7e-a5da-412e-8e69-169fd0389ff0
1995,1995,Daily Planet,Milky Way,7899d9bb-cab9-4311-bd5e-0abb4f5f673f
1995,1995,Daisy Chainsaw,You're Gruesome,ed601e75-cfcb-314b-95c5-64603bb73604
1995,1995-10-04,Daisygrinders,Cardriver,375d5b16-4e37-4246-a736-a321387464fa
1995,1995,Dajaé,Day By Day / Get Up Off Me,bfabeb4c-b164-4788-9a06-c9a8a61e8bff
1995,1995,Dalbello,eLeVeN,a1706ce1-8990-43a1-801c-2a7684cfe23f
1995,1995,Dale,Whatever / Soulful Moaning,2d11c17c-1319-44fe-8124-86d47f55a73a
1995,1995-06-13,Dale Crover,Drumb,cdcbaa64-75c2-4b85-91a5-c6be7499d82e
1995,1995,Dalida,Besame mucho / Génération Dalida,df995a88-ed8a-49fe-b8e5-1611d09e8ea4
1995,1995,Dalida,Jusqu'au bout du rêve,2271ca1f-f81c-40e6-bdbf-817a9c0490fb
1995,1995,"Dallas Austin, Joseph Kirkland, Joi Gilliam",Freedom (Theme from Panther),f3c66d08-4d7d-3c46-9914-0b23b125d38b
1995,1995,Damage Control,Trust,bd74ab9d-eb80-4366-92e9-07ba172abca5
1995,1995,Damage Inc.,Turn Around,2336ff69-f4c1-49cf-94e9-ec78a66ae56e
1995,1995,Damon Wild,Red Dog,7936b6b8-8c4a-3676-b971-d9698d52ff1c
1995,1995,Damon Wild & Tim Taylor,Bang the Acid: Remixes,83fd0dfa-e48d-3055-b69e-b4823ed0b336
1995,1995,Dana Dawson,3 Is Family,debdbe99-12ad-3b14-901b-d1b2347adac9
1995,1995,Dana Winner,Geef de kinderen de wereld,7891da62-8b19-43c7-8caf-d3e94899aa08
1995,1995-04-01,Dance 2 Trance,I Have a Dream (Enuf Eko?),5a5a8d4e-710e-35e3-88fe-ded215bd2b62
1995,1995,Dance 4 Color,More of the Hot Stuff,e42b0620-1ee7-4573-8042-7df20b2e79fd
1995,1995,Dance Floor Virus,Message in a Bottle,8392c309-0a73-302e-b723-aa0868171847
1995,1995,Dance Floral,Terry in the Jungle,84bd7dbc-e473-4469-9efb-a598f7d2838a
1995,1995,Dance Hall Crashers,Enough,a49f3a43-b77a-4c1e-962c-08d219a65293
1995,1995,Dance in Peace,Give Me Your Lovin (Radio Edit),89bbb97b-4f51-4208-ba04-d222c8f54949
1995,1995,Dance Into The Beat,Madonna Collection,fb0a5a90-8e4f-4f4f-88cc-4fa950cae3fa
1995,1995,Dance Nature Featuring Lisa Hunt,Rhythm Of Love,550997ec-9c91-45ed-a398-05831773a784
1995,1995,Dance or Die,Minute Man,e7798d2f-51e5-40de-bb39-5e5ed7ba2288
1995,1995-04-24,Dance or Die feat. Scarlett Wollenmann,Galaxy of Love,ceff3afe-183a-4c49-9877-ea1a56d78a24
1995,1995,Dance Revolution,Dreams,05283c7e-b600-42fe-b3f9-6173013d2dcc
1995,1995,Dancefloor Syndroma,Power Of Luv,add680c0-eb50-44cd-b1ba-1eba13051d11
1995,1995,Dandelion,Weird-Out,a5c6960d-cd6e-40ee-98dd-fe77bb8f692a
1995,1995,Danger Gens,The Fireman Single,50ed96ac-49fc-4f11-826a-abd6b7a07ac1
1995,1995,Daniel Menche,The Chrome Homicide,3de5eb01-6972-4694-abb4-a7ba9aa18ec6
1995,1995,Daniel Menche,Vulgar Scratch,bb59f87f-3faf-4e4a-bff5-39c7619b7058
1995,1995,Daniel O’Donnell & Mary Duff,Secret Love,2996d547-fc48-482f-a1db-414d42edb92c
1995,1995-05-11,Daniele Gas Presents Groove Planet Pt. 2,Acceleration / Groove Planet 2 / Planet Theme,10df4827-7c4e-4853-9b31-325d6384b612
1995,1995-09-28,Daniele Gas presents Groove Planet Pt. 3,Sunflowers / Lumalaikai,ca3d8a9e-8239-4f76-933d-82ce1b4dcf74
1995,1995,Danny,Save a Little Love / Gear Up,8427bf39-0893-4cdf-968e-44444d5889b7
1995,1995,Danny Breaks,Step Off / Rollin' (EZ Rollers remix),a6d7c8ea-bb29-4f69-8c4f-fa8717785977
1995,1995-03,Danny de Munk,How Deep Is Your Love / Feel So Strong Tonight,ab61085c-abe3-4a19-90a0-eafccbbcf5b0
1995,1995,Danny de Munk in duet with Vera Mann,So Slowly / Does Your Heart Still Break,b942edb9-ffcb-480c-a193-96d1be348a67
1995,1995,Danny Dziuk,Kairo Mond,fa21455b-9250-4dd6-af6e-10239e5bd22e
1995,1995,Danny Dziuk,Tag im Januar,b7bf9e66-8f22-49b7-b19f-386bb882925c
1995,1995,Danny Lukassen,Ajax is kampioen,299c550a-edf3-49da-954a-38941d44dc86
1995,1995,Danny Lukassen,Zomer in Amsterdam,945eb73c-724f-41ec-8e7c-a42c19623ea1
1995,1995,Danny Nicolai,'k Zag Je In de Trein,31c9c1b8-72b9-4000-bb21-4685a38884ac
1995,1995-12,Danny Styles,Life Is A Roll,3399f6be-9702-4e1a-a588-79de1959daa1
1995,1995,Danny Tenaglia,Look Ahead,af88dacf-c45b-4ad7-a823-16ad3fc02b76
1995,1995-05,Danzig,I Don't Mind the Pain,5a37a658-566e-3b46-82de-edf8ec358d79
1995,1995,Dao Dezi,Ti Eliz Iza,5686dc4d-18e2-4bc9-ab26-5cf1ef931024
1995,1995,Daphne,I Found It,92506a51-0e4e-3d1d-909b-08ff4a3f7a71
1995,1995,Dara And The Shooter,Schizophrenia,7752a905-9145-4107-8ae3-af91c05a419c
1995,1995,Darja Švajger,Prisluhni mi,222b97ab-1dde-4adf-b5dc-44dadcae5bf4
1995,1995,Dark & Deadly,"Dark & Deadly, Vol 1",0e265c33-e8da-4686-b09b-08cc321c6509
1995,1995,Dark & Deadly,"Dark & Deadly, Vol 2",ecfc7a92-d0d8-4bbf-bb7d-ab02b900f76f
1995,1995,Darkman,It's Driving Me,be660820-3106-4562-b260-e7d2c8f69afe
1995,1995,Darkness,In My Dreams (Remixes),6cc1412e-c2b6-4569-9f3c-14a982d26949
1995,1995,Darlin’,Untitled 18,ee59b176-2ecd-4156-b6ff-0d6d1431c3c6
1995,1995,Darlin’,Untitled 33,d8e7a97e-1b99-4315-9537-2d84ab5d832d
1995,1995,Darrell McCall,Two Song CD,d1158383-14f2-4cf3-9b90-3af04f8df10d
1995,1995-03-03,Daryll-Ann,Stay,74fb4cc2-6941-435d-9edb-45033b41c2c4
1995,1995,Das Auge Gottes,Das Ding das durch den Wind geht,6a213db6-f8aa-470e-ab3e-70c9afaa37d1
1995,1995,Das Auge Gottes,Kleines Lied,2c49e036-b085-4d18-a694-30a88031a55f
1995,1995,Das EFX,Microphone Master (remix),2f34df3f-890e-4ce6-87b9-f605e477fb1a
1995,1995,Das EFX,Real Hip Hop,9fe03832-c36e-49ba-abb0-984c1ab1295c
1995,1995,Das Modul,1100101,4653fdb8-c98a-3069-abbe-348ff47ce947
1995,1995,Das Modul,1100101 (Remixes),0dd76cf3-c207-4c2e-b9c3-cb71fccad04a
1995,1995-02-06,Das Modul,Computerliebe,dccde6a8-17b6-3591-91b4-dbedf83a7a41
1995,1995,Das Modul,Computerliebe (Remixes),d3632a52-320c-4e3a-97a5-3634d7933d9f
1995,1995-06-06,Das Modul,Kleine Maus,4cc37c3f-7171-3070-9acb-cd9bf9fc9d3f
1995,1995,Das Modul,Kleine Maus (The Remixes),a5eeeeea-9067-46b0-b342-7180e37f336f
1995,1995,Dash Rip Rock,Dosed,ff693bbd-7a18-42b0-8e10-c5c25d212694
1995,1995,Data Storm,Listen Up,860c1b7a-2429-4084-9921-aa728a5ba824
1995,1995,Data Storm,Traumatic,c7ddb5db-0077-4791-816a-fac5495b4970
1995,1995,Datura,Angeli Domini,c0744dd8-9c92-31a9-93ff-f498d763b08e
1995,1995,Datura,Live Remixes: El Sueño - The 7th Hallucination,6040a7e4-f48c-4f62-b7c4-12bc3a5bebeb
1995,1995,Datura,Mystic Motion,e872822c-9d3c-3b86-8555-abf388e30872
1995,1995,Datura & U.S.U.R.A.,Infinity,a5da9196-57d1-4204-b637-432741ecb2e9
1995,1995,Dave & Domino,Friday Night,bfbee188-ded9-4836-95cd-9ea39049ad78
1995,1995,Dave Clarke,Southside,a3980469-6078-34ff-bddf-69d201aff44f
1995,1995,Dave Davis,Transfiguration,327333a2-343f-4298-af77-dd078c957cc8
1995,1995,Dave Matthews Band,Ants Marching,b1c7ffa1-81cb-3058-9546-8d34907914a4
1995,1995,Dave Matthews Band,Satellite,b3e91e55-a7b8-44fc-a7e3-f5bbfef4c5e6
1995,1995,Dave Matthews Band,Typical Situation,fa610e06-cdad-44ce-996c-7cf07f864b0c
1995,1995,Dave Stewart,Jealousy,2768a02a-e8f1-42bf-949c-4926282c2f8d
1995,1995-10-30,Dave Stewart,Secret,dad364d9-32e7-3aef-a3f1-a743a61167c2
1995,1995,David Bowie,Hallo Spaceboy,da393837-3e82-33cf-b3f3-80194b506478
1995,1995,David Bowie,Strangers When We Meet,d838e6bb-f943-3487-975c-041a6df7e38a
1995,1995-09,David Bowie,The Hearts Filthy Lesson,f83f57d0-558a-3083-a592-638dd19a050c
1995,1995,David Caron,Fantasy On A Fantasy,bd31db7e-7e41-4444-a67a-31c87838a622
1995,1995,David Dexter D.,Casablanca,9e3d786f-1086-4b01-8759-3ec373582f99
1995,1995,David Hasselhoff & Laura Branigan,I Believe,693a27e1-14b0-4030-aae3-502ed2204553
1995,1995,David Holmes,Smoked Oak,9c73d06e-0bdc-445c-bb60-3790e34e302f
1995,1995,David Josias,Mind Blowing,be4e6ff2-872f-4381-94a2-3378abd8f775
1995,1995,Davide Calì,Pensiero Notturno,cd50a91b-40e5-4e40-a119-b1b941ab322a
1995,1995,Daytona,The House Is Mine / On The Uprise,55b003fe-43f6-4200-8a93-5f396e7c4f82
1995,1995,Daz,Identity / Liquidizer,bddd4084-3333-4660-846b-443d11963ea6
1995,1995,dc Talk,Colored People,77986f82-668f-4979-8f04-3bd4de66c600
1995,1995-08-01,dc Talk,Jesus Freak,6c8b2f29-9938-3b1b-a309-c595cfb7dc6d
1995,1995,dc Talk,Jesus Freak,fae0cc8c-05f9-4d18-8dfb-162f0073d0b8
1995,1995,De Bloaskaken,Geeuw van de Leeuw,a3edf739-3724-3c51-b931-b6f78637c32f
1995,1995,De Brugse Strangers,Zwarte Lola.. En Eddy Ready,a73d0d0b-466b-445b-93a1-186070449d68
1995,1995-04,De Dijk,Heb je het hart / De schuyt,decb2e9b-e074-4c47-8d43-5d7c7a1c4acc
1995,1995,De Drie Musketiers,Het moet niet gekker worden (M’n moeder is niet thuis),426b3e88-20ff-4cc1-886b-9da4bd6c6c0e
1995,1995,De Havenzangers,Meisje,41071862-107d-45b6-bccc-0d517bd727ce
1995,1995,De Havilland,The Stand / Now,c50c2131-188f-491a-be76-22a9f4e40d04
1995,1995,De Jazzpolitie,Allemaal wel / Soms wou ik dat ik...,3035d1ff-c2c7-4aaa-8046-c764a3163f29
1995,1995,De Jazzpolitie,Vrienden / Ga uit m’n hoofd,81b4fec7-38ad-441c-ae56-43f9818bdd59
1995,1995,De Jazzpolitie,Wat zou het mooi zijn,7b2adfb3-e2a2-4533-b728-6a8d94d78a07
1995,1995,De Kast,Een teken van leven,071bd822-8ac6-4ac7-86f3-99227e436561
1995,1995,De Kleintjes Pils,"Hallo, wij zijn de mannen van de nacht / De heilsoldaat",0d41d094-4276-4613-9fc9-23f98bad3c05
1995,1995,De Ku Dilacht,Electric Shock,ab6db314-e018-4ecc-b651-bf6adcfa0491
1995,1995,De Luna,Moon River,49102924-796d-456f-ba0d-4b5cb3b51a05
1995,1995,De Lux,Dream A Dream,a119b15c-4779-495b-90d3-d46441579255
1995,1995,De Lyckliga Kompisarna,Tillbaka till sagolandet,197ed768-82dc-39d3-8a39-a6ec954e4eac
1995,1995,De Nachraove,Polonaise,a5fba1e9-c22a-4386-8ecb-1f39e7bd6462
1995,1995,De Nachraove,Sjeng aon de geng,274bc098-7185-472d-aa1a-d8c6d86116e2
1995,1995,De Palmas,Comme une ombre,e2d4b755-e112-439d-ad82-1234979cf4d0
1995,1995,De Raggende Manne,Poep in je hoofd,7e8160ce-8b85-3e08-a9d5-04c783089680
1995,1995-05,De Sjonnies,Dans je de hele nacht met mij,9bd180c8-387d-34c4-9fb2-1461af8e16bb
1995,1995,De Smurfen,"Ja, wij vieren feest",cb9c93af-512e-4e44-8dcf-c9a6752deb08
1995,1995,De Stipjes,"Feel Lucky, Hippy?",439c1480-ec69-418a-87de-3d189aa2b7da
1995,1995,De Strangers,De kwakkelbak,34696515-9612-4585-aae4-c685d9372545
1995,1995,De Strangers,Oh! What a Kiss,58c081e1-178a-4871-8840-c4ce74b703de
1995,1995,De Twee Pinten,Ik zou wel willen maar ik kan niet / Randje van de stoeprand,9af24625-d622-478c-afef-850fab4b20d9
1995,1995,De Vrijbuiters,"Ciao, ciao, Marina",72e4dbd9-5dcd-4f74-ad73-1f6cf7f45a8f
1995,1995,De Vrijbuiters,Dans met mij Corina,40b11915-55c3-462e-8a17-8a738beb79b2
1995,1995,De Vrijbuiters,Tiroler polka,54b7265f-e9ff-4d78-9eda-c261e2bf4e39
1995,1995,De Zingende Fresia’s,Pogonaise,bcd38e36-2aea-4104-9999-3ac0e4d111b4
1995,1995,De Zingende Fresia’s & DJ Foxx,Een beetje verliefd,17b92e81-d76f-4073-bc7c-21f8a708eaab
1995,1995-01-13,De/Vision,Blue Moon,fd1f2c6b-96be-33d1-9ec9-7516cad5d421
1995,1995-07-31,De/Vision,Dress Me When I Bleed,3ffa7871-b8d5-3a45-933e-3b9417ff003c
1995,1995-07-17,Dead Calm,Searchin’ / Urban Style,81ea1028-366f-4aa5-bf33-b9e81b7ab460
1995,1995-01-30,Dead Calm,Urban Style (DJ Pulse Remix),5ce067b3-92ac-485f-9ee0-1f85ce835061
1995,1995-01-30,Dead Calm,Urban Style (DJ Pulse Remix) / Can't Hold It Inside,1d1de780-ac86-4471-a123-2910c1bd4d83
1995,1995-10-21,Dead or Alive,Sex Drive,522d2aae-577d-4a57-9f2d-3a0bd5219b25
1995,1995,Deadly Avenger,Milo's Theme,ad7ec38d-59da-3367-a3d7-775ec8d7b53d
1995,1995,Deadly D,Listen Dis / Murder Yuh Blood,0b5d1bfa-cc6d-41b3-aff6-e66857904eee
1995,1995,Deadly D,Punani Nuh fi Nurse,f0afb9f1-9587-4639-9627-5fd5c854c930
1995,1995,Deadstar,She Loves She,b5e0b19a-958d-4a41-ba10-753d34545d11
1995,1995,Death in June,Black Whole of Love,dc168fee-64e6-38a3-9379-904c6e929b83
1995,1995,Death Trip,Please! Skin Me Alive,31bcc48d-9ccd-3976-aa1a-b2d50e0c636a
1995,1995-04-16,Deathline International,Venus Mind Trap,747c5e66-a706-3100-b620-be99910c1b86
1995,1995-07-25,Debbie Deb,There's a Party Goin' On,6e42660d-9a0a-3a02-9a78-20bfded81ae8
1995,1995-11-06,Debbie Gibson,Didn't have the Heart,4c2c32a8-1436-4fa3-8ca4-1424a313ca7e
1995,1995-06-12,Debbie Gibson,For Better or Worse,fb803c0c-5f23-4e9c-a00b-7cd294e4466d
1995,1995-08-21,Deborah Cox,Sentimental,18255a0a-d3de-4a70-810a-5979f5d62c51
1995,1995,Deborah Cox,Who Do U Love,4f3002f0-4bc6-33c3-bb53-135a001eb303
1995,1995,Decadance,Bailemos,26751cf4-3459-4ecf-8e0a-ab4b100404c9
1995,1995,Decade Up,Third From The Sun,a3c01e98-5358-4942-8664-0756dc71dea1
1995,1995-05,Decay,Milwaukee's Metal Music Mania: Industry Sampler,8340c1cf-ee3c-46e0-aea1-e407c47a32c4
1995,1995,Decease,Dreams,977fcd7c-4ebd-4177-b80a-87a552e0135c
1995,1995,Decoder,8 Tap / Knowledge,5851f075-069b-4cfd-b5b0-1f4265569651
1995,1995,Dee Dee,Tell Me What U Like,dc526b2a-4f06-4304-a689-75bc6d1fd833
1995,1995-12-11,DEEN,LOVE FOREVER / 少年,23e4ea2b-7626-3b23-b8b1-90e4bfed6989
1995,1995-03-27,DEEN,Teenage dream,b0a3b84f-b48f-371c-823b-c9a26220a403
1995,1995-06-19,DEEN,未来のために,d5b9d01d-ab88-3fea-bbc2-bf91ecb21045
1995,1995,Deep Forest,Boheme (The Remixes),593f3cdb-a620-4d8e-b1cf-9a226aa90050
1995,1995-05-23,Deep Forest,Marta's Song,5513abbd-f7e1-3e1a-aa6f-07b368b104b5
1995,1995,Deep Turtle,Tungo,d09ae8ef-bd41-4a3b-975f-2f1ed1031e84
1995,1995,Deep Zone,It's Gonna Be Alright,5909330f-7afe-49ee-b937-9676d36bc2a2
1995,1995,Deeper Throat,Pedal Power,a71a899d-a95c-4672-aa33-eb61c4f19424
1995,1995,Def Dames Dope,Show Me What U Got,743aefa7-f0cb-4f1f-af4a-be157f6f8b4f
1995,1995-08,Def FX,Kill the Real Girls,183f8fb4-b28c-327f-b2ff-d25514838726
1995,1995-10,Def FX,Psychoactive Summer,e23c88d3-0b70-32a3-b875-1ff477d3ec67
1995,1995-10-02,Def Leppard,When Love and Hate Collide,42cc5ca3-0145-3f8b-9481-51ebf819d584
1995,1995,Def Real,Me & The Pizza,eb6998d4-bf65-416d-815b-fac0194246c4
1995,1995,Defect,Let Me Go,4e58bb49-4a9e-46b6-9efb-c51f1a0e0a4a
1995,1995,Definition of Sound,Boom Boom,d13051a3-953f-4065-b6bf-25073912352f
1995,1995,Deftones,Bored,e3afe8d5-07ef-489f-9cbb-d342e3efb69b
1995,1995,Dein Cyan,An solchen Tagen,d646323d-93f0-40aa-b0ef-b914c8acf0cd
1995,1995,Del Amitri,Driving With the Brakes On,c9804370-6cf8-3569-b316-4d7dad3c5ff1
1995,1995,Del Amitri,Here and Now,bd2508a4-f70a-4734-9b4e-0546205dbeff
1995,1995-06-26,Del Amitri,Roll to Me,3761eed7-b40d-318d-be7d-a060dd21502b
1995,1995,Delegation,Can’t Let You Go: Remix,245cfd7a-aeb0-46ce-bab1-1c4e4203512c
1995,1995-04-03,Delicatessen,C.F. Kane,81a8d9df-0020-476e-83a9-871a99e9b8d7
1995,1995,Delicatessen,I'm just Alive,9a798ff8-cc2a-4901-8f5b-5ff3322d4529
1995,1995-03-13,deLillos,Enda mere,b8389f7a-7646-3278-984e-f4fa32ca7083
1995,1995,"Delly Ranks, General B",You Late,dc8e57bf-2b6f-4d7d-91c1-78348c9a053a
1995,1995,Demba Conta,Raggamuffin Rebel,a4ef157d-ca65-4255-9d03-20226318f539
1995,1995,Demo feat Sarah,Light Years Ahead / Dreamin,b3c0fc96-3b74-4491-8f9e-c72effd2a25e
1995,1995,Demolition Doll Rods,Power Cruise / You Gotta Do That Do!,a637bc06-71ba-3b39-86bf-b329800c1dbf
1995,1995,Demote,Graduate,5673d77d-d09c-476c-9c91-a5e04335a5a8
1995,1995,Deni Hines,It’s Alright,88d51e80-aa3f-3bb6-9dd1-d0615d1a82a6
1995,1995,Dennis Brown / Ruddy Irie,Mr. Fix It / Modeling a Gwan,d1df3966-525b-45e1-8678-7f4a43863060
1995,1995,Dennis Delano,Believe,4d814862-1c79-4cf4-ac4a-14551b945b36
1995,1995-07,Depth Charge,Legend of the Golden Snake,aabf6b50-1214-3d94-b457-6a406400b757
1995,1995,Depth Charge,Queen of the Scorpion,7c4b88fc-2871-3948-aa36-a75f00a4ee48
1995,1995,Depth Charge,Shaolin Buddha Finger,f4280147-ad7d-4be0-b9af-9d29f4f9d673
1995,1995,Der Dritte Raum,Deep Sea,8ee63660-6436-4397-810f-b2691e31d3ca
1995,1995-07-26,Der Dritte Raum,Montiee / Magnetic Fields,5ed13747-b694-4409-b679-7af82c6734a6
1995,1995,Der letzte Schrei,Altbierbraune Augen - Düsseldorf,5cb434eb-8112-32f8-96b2-b18881fba1ee
1995,1995,Der Steps Und Seine Combo,Wright Or Wrong - Es Rappelt Im Karton,dd2777cd-e3b1-4b61-abf2-ce5ffacc59f9
1995,1995,Der Tobi & Das Bo,Morgen geht die Bombe hoch,d8c3c40f-641a-3e3b-9f04-2c7632090949
1995,1995-03-24,DER ZIBET,楡の木の上,e011538b-d11c-4c17-bab8-e42f592bf4a6
1995,1995,Des Man DeAblo,Love Mantras for DeAblo,966bf222-ff47-49d1-829f-09ca9bbdf366
1995,1995,Desert Storm,Wake-Up Call,bfbefbc5-0f00-450f-b9f0-72f08a769825
1995,1995-04-04,Deshabillz,奴隷デモ、影デモイイカラ、束縛シテ欲シイアナタヘ・・・・,571f7bf7-76c1-4e87-bd35-739564a2116d
1995,1995,Desired State,Goes Around / Here and Now,38027e63-db5e-4e03-8067-b23ae06a04b1
1995,1995,DETH LA BEAU DE MODE,猫,98334f79-9a06-4794-b576-a31da6ae0fca
1995,1995,Detour,Detour,90346178-39ad-481d-9381-258b66bb71cc
1995,1995-04,Deuce,I Need You,ec5210ef-1f5c-42dc-aaa0-29cb5475ec69
1995,1995-07-31,Deuce,On the Bible,bf99ef71-fd5c-30f1-88a7-ae3d805344c5
1995,1995,dEUS,Hotellounge (Be the Death of Me),ccc20ec9-68da-3abf-a8b9-834a81eb09a1
1995,1995,Deus Ex Machina,No Silence On My Face / S.D.S.,b03e7452-5017-4d1f-969a-6a43bacd1a96
1995,1995,Devastator X,(Stinky Feet) Toe Jam,98660fd2-5ec3-4f86-be19-f08bdd31d0c8
1995,1995,Devilhead,We Like You,d9050881-8016-31ab-9928-36520d4f1552
1995,1995,Devoné,Energy,47e29cc0-66c4-47db-9e74-5df6895a0f0b
1995,1995,Devotion,Move Me,8a3d23d9-668d-3475-a211-f735fe7a6091
1995,1995,DEX,What Is Going On,42b97631-8404-44ae-83ee-c5b40a91cd52
1995,1995,De’Lacy,Hideaway,a4e407f6-826e-3a78-b2ca-d160a07cd7c7
1995,1995,DFM,You Like That?!,ee494f8f-63c2-4d72-a02e-6227888ce814
1995,1995,DFS,Oueeeou,56745d94-0db3-38ad-9ff5-b9b348e00660
1995,1995,Dia Psalma,Hundra kilo kärlek,4e0f437b-d343-394e-8cd6-16b7c6f6c14e
1995,1995,Dia Psalma,Luft,d2be62fc-0464-3969-a8dc-da4e7f88f806
1995,1995-04-25,Diana King,Ain’t Nobody,2aa25bc8-1996-40cc-8617-d624179573e5
1995,1995,Diana King,Love Triangle,71b19abf-e5fb-3df0-afc4-ea2e53eeb4e9
1995,1995-07-08,Diana King,Shy Guy,5c044789-54db-3bfd-aae7-b7c3e8d60ea3
1995,1995-10-30,Diana Ross,Gone,9cdb6607-2f7f-3725-9dc8-173e09aee10d
1995,1995,Diana Ross,I’m Gone,bcd445e6-f8ea-32f3-ae97-4ed0d4c91abf
1995,1995-09-05,Diana Ross,Take Me Higher,f23eaab8-f34c-3872-91fa-9f4a3072fbcd
1995,1995,Diana’s,All I Need Is Love,e31d2471-4283-407d-9dbc-b562fa570f74
1995,1995,Diane Tell,Liaisons nombreuses,e33ee5c7-f5ec-4717-b26e-a63aea97d4ce
1995,1995,Didier Sustrac,Comme les animaux,ad56c3a9-3370-4b79-80d3-c0d60798b2bf
1995,1995,Die & Bill Riley,DNA / Nasty,361ff945-3218-3a06-b03f-6584f2665e4a
1995,1995,Die Allergie,Gott ist tot,c36397ce-fa82-38b1-b735-05da9b0db816
1995,1995-10-06,Die Doofen,Jesus,8c5ad0c5-b7c7-4e87-93aa-738ecd2625f3
1995,1995-05-03,Die Doofen,"Mief! (Nimm mich jetzt, auch wenn ich stinke!)",132b9793-98c3-397b-b5fe-fc5e4ac84ff8
1995,1995,Die Fantastischen Vier,Sie ist weg,f7f505f3-3e67-3681-85b1-7d06f8b5b9ef
1995,1995-05-24,DIE IN CRIES,種,160e0f60-36a8-4184-9158-44a8aff6c627
1995,1995-03-17,Die Klasse von '95,Die krasse Klasse / Hip Hop und Rap,4e29ad2b-1fa1-4946-869d-a4b294d817ea
1995,1995,Die Krupps,Fatherland / Bloodsuckers - Radio,ad5eab37-90c7-4625-a752-b7c58d725b80
1995,1995-07-03,Die Krupps,Isolation,87c30d75-d362-3250-8837-db2acf214757
1995,1995-10-09,Die Krupps,Scent,d226dff1-4de1-3c36-9038-c62040d4f3b3
1995,1995,Die Lassie Singers,Tantra Tantra,dca6e042-e665-4a80-abf0-d87e04baa793
1995,1995,Die Münchner Wirte,Des is München bei Nacht,fc3cfe2c-78b9-4e43-8e89-beb7bc91c9c4
1995,1995,Die Prinzen,Du mußt ein Schwein sein,414d368b-06bb-34ee-a154-bae61eae10df
1995,1995,Die Prinzen,Ich will ein Baby,3f7195e6-531d-4293-b366-d9b4e504d14c
1995,1995,Die Schlümpfe,Keine Schule!,00871d1e-804c-4523-a984-1fe9c92c3429
1995,1995,Die Schlümpfe,Schlumpfen Cowboy Joe,0b538824-2a54-4d45-9b74-6dd93dcf70ed
1995,1995,Die Schröders,Laß uns schmutzig Liebe machen,1b0b8691-22c6-48ce-aa06-355518fca879
1995,1995,Die Skeptiker,Total TV,0df6fbef-5400-43a6-b67a-4218737921ae
1995,1995,Die Toten Hosen,Musik war ihr Hobby: Die frühen Singles,f4de5ffc-78d6-3604-9a29-5f630cd315a3
1995,1995-12-08,Die Toten Hosen,Nichts bleibt für die Ewigkeit,4f2abd76-b862-3967-b4eb-97a4d4dd644f
1995,1995,Die Toten Hosen,The Return of Alex,97fdf69c-d7c4-452b-a48b-d43771de128a
1995,1995,Die Toten Hosen,Tout Pour Sauver L'Amour,36feae5d-7e6a-4113-8a7b-8c9263ac6d36
1995,1995,Die Warzau,All Good Girls,268097d4-1fc2-3b2b-9d57-8406def36ebb
1995,1995,Die Zocker,Ich bin der Skatmann,61c500b4-9c17-4449-9f93-18e7691f7707
1995,1995,Die Ärsche,Spass Ha'm,1d8414eb-4f80-4aa5-adc8-24ad6ef14586
1995,1995,Die Ärzte,Ein Song namens Schunder,466d97aa-772f-319a-be13-bddb202ae8d1
1995,1995,Die Ärzte,Hurra,c32303c4-a075-3e6d-87ba-7324428a3976
1995,1995-02-06,Diesel,15 Feet of Snow,86fdf337-79d7-4935-a0de-acc25eeb0887
1995,1995-06-05,Diesel,Get It On,46ce5c7a-41b0-410c-bd73-b18dffd2536c
1995,1995,Diesel Park West,Natural Things,25455855-9bc2-439f-9105-037ae24345f4
1995,1995,Dieter Troubleyn,Tussen Jou en Mij,b486a3c6-e41a-4a0c-96b9-934cda782758
1995,1995,Dieudonné,Code de la route / J'm'en cure le zen,e4123e46-29e9-4230-a3b3-29f5ab93f1df
1995,1995,Digable Planets,Dial 7,5ec01a3f-3c45-4385-a38c-ce9db0f0dae0
1995,1995,Digital,Touch Me,be7b78a2-d22d-4526-8291-dfab3d23abe4
1995,1995,Digital Disorder,Mandy,fb0fbf77-1314-44b1-baf9-6057d2d46fbb
1995,1995,Dilba,Not Directly,bc09c051-dda8-4f87-a818-c5bdee4d6099
1995,1995-12-08,Dilber Ay,Dağlar Kar İmiş,1c96b8c8-51cd-4049-98e6-12c4fbe9b1d1
1995,1995,Dillinja,Deadly Deep Subs (remix) / Perfect Match,1b3b5db8-b888-3393-acb7-a08183d6bd9b
1995,1995,Dillinja,Muthafucka / Sky,d1cac904-49c5-3f3c-8051-fc2ee3a9d574
1995,1995,Dillinja / Big Vern & DJ Ash,Ja Know Ya Big / Squeeze,83ebbd3f-3f38-4685-a5a4-024ffcda8da8
1995,1995-06,Dimension 5,UFO / Light Sensitive Data,4f80a303-ea29-4209-9a99-ad3688d79534
1995,1995,Dimitri From Paris presents Da Mothahunkin' Prog,Jazzin' the House,359df993-743d-4143-bb70-38ec553f4cd9
1995,1995,Dimmer,Crystalator,cefcebeb-4251-3ab4-8062-43501a000d5d
1995,1995,Dink,Green Mind,5866d7fb-ba87-3d9f-a199-63b2de05615b
1995,1995,Dionne,Images,aa6089c5-49ce-3e89-8955-4d03d8620c22
1995,1995-05-01,Dionne Farris,Don't Ever Touch Me (Again),55433fb2-98df-47ac-96b1-b397c9397cc1
1995,1995,Direct 2 Dance feat. Rachel Taylor,Burning Up,95958782-fc1f-42e3-92bd-780ad0dcf73a
1995,1995,Dirk Daniels,Sternenflug,7b87b09d-21fb-45ff-9a66-7eeda3fec673
1995,1995,Dirt Merchants,Bullfight,55580657-e8c1-4137-b6f2-36dad975db0c
1995,1995,Dirty Dozen,Gonna Get Your Love,07418923-769f-4f95-b0d2-4a4529abc589
1995,1995,Dirty House Crew,Disco at the Edge of the Universe,6c0071a1-8cca-35f2-9842-f8dca6308170
1995,1995,Dirty House Crew,High / Groovin',c3203fa9-50f9-3f2a-a5da-c70961a8b587
1995,1995,"Dis 'N' Dat Featuring 95 South, 69 Boyz & K-Nock",Freak Me Baby,6b66ad73-248b-4be1-889a-804d649b9821
1995,1995,Disco Citizens,Right Here Right Now,ddc2957f-08df-4b36-8d4c-ac6b7deb5428
1995,1995,Disco Sluts,Full Flyte / Return Trip,f6ff79bb-dc6b-3d9c-9f69-65be53f59359
1995,1995-07-03,Disco Volante,Moonraker,5b4feca4-75a5-4730-832d-37b03df7f9f0
1995,1995,Discocaine,House da Crowd (Movin’),5d0f384c-4c80-465f-9df0-191285541d26
1995,1995,Discotron,Stomper,b1c88911-d366-3f4e-a99b-014f6d466135
1995,1995,Discount / Pohgoh / Combination Grey,Three Piece Suit,fca0ffc1-3c9e-44b3-97c5-4d32ca8ba439
1995,1995,Dishwalla,Charlie Brown's Parents,9aed8ada-683e-45bd-8156-05dbbeb163c1
1995,1995-08-03,Dishwalla,Haze,87413f84-c2e1-3183-90a5-b25843a1da87
1995,1995,Disintegrated Pulse,Disintegrated Pulse,9fbb5773-f84a-4acd-843d-c5d0a115f791
1995,1995-08-14,Dissident Prophet,Generation X,da50b612-e2c8-4f0e-98ba-814a033bf674
1995,1995,Distortion,"Little Rollers, Vol. 3",2ab0f38a-b1e2-49aa-9014-2e40e84fa58d
1995,1995,Diva,The Sun Always Shines On TV,823453d7-0049-42b1-962e-8ed420ef6994
1995,1995,Divididos,Agua en Buenos Aires,aa06102f-6e00-4e1b-8293-4a201c416e65
1995,1995,Divididos,Tomando mate en La Paz,5a0a1df0-369d-43b1-9e99-9f4ab55cc67c
1995,1995,Divinyls,I'm Jealous,976110a4-3f81-4a4a-ba30-644abc6836ee
1995,1995,DIY Present Fresh and Low,Rack Up / Interlude,3bbf3876-8f73-4b00-9588-d7a37dbd13c8
1995,1995,DJ (Ravers Choice) Vibes & Wishdokta,Want Your Love / Rave Is a Mystery,c6e83a58-8642-45e4-85c3-75ea8c8bd64e
1995,1995-08-28,DJ - Pulse feat. Professor Stretch,Voyager / Let You In,8a45ed1f-cdf6-4e3e-9b02-178883c31105
1995,1995-12-12,DJ - Pulse Featuring Professor Stretch,Let You In (Wax Doctor remix) / Return Voyage,73ce5233-9a73-4e1e-a339-6584472f55cc
1995,1995,DJ Atomico Herbie,Feel Good,932a5172-77a2-4f3e-8971-25b6ae3da5e3
1995,1995,DJ Baby Anne,Abercrombie,735a00ae-c247-4856-a669-b9d7cba1189b
1995,1995,DJ Bass-D & DJ King Matthew,Let's Get Fresh,1658f089-72af-4666-a5f8-b1aab8a801c3
1995,1995,DJ Biggs,Sunrize / The Hunter,60bafd5d-9114-4fe8-9bff-0cccabfc296f
1995,1995,DJ Bittor Base,Informant,66e63dad-2b93-4339-914a-680ef110e967
1995,1995,DJ Blaster,Life,3669f965-05d5-4d90-8762-129332d62221
1995,1995,DJ BoBo,Amazing Life (CDM),f50692f9-36da-396b-a5a3-4a386859fa52
1995,1995-09-06,DJ BoBo,Freedom,e8bcf325-4b48-3613-9652-5b8419146670
1995,1995,DJ Boris,Black Damien,b2bdbb8f-50b3-358e-84aa-36cc9f020e9e
1995,1995,DJ Brisk,Airhead / Thru' the Knite,44988435-af7d-45bc-aebb-202b43ea1fc0
1995,1995,DJ Cerla & Moratto,Wonder,4ef0bcb7-cc90-455c-9d95-cfea779766b3
1995,1995,DJ Cerla & Moratto,Wonder,9263570c-41c4-49e8-a416-8bb44daff8c5
1995,1995-10-09,DJ Chewy,Rock This Place / Starjump,a51cc575-a190-48dd-acca-a2dae5109bbd
1995,1995,DJ Company,Cybersex Lovegame,ee547ba2-a4e6-4672-a490-fa7742ee63fc
1995,1995,DJ Company,Holiday In The Land Of Love,69799911-754d-4bf9-8365-d922e782796b
1995,1995,DJ Crack,Follow Me (In This Analog World),c3dea78a-3def-4e8b-ab79-3cc27c7a5897
1995,1995,DJ Crack,Singular,87094b74-b972-429d-8fcc-97598817eb0a
1995,1995,DJ Crack,The Century Of E,2c81b210-1169-418f-953b-71df91d560a3
1995,1995,DJ Creation,X-Files / Paradise,6e98ab78-40f4-4ba0-a4f6-20d63f1dbe0e
1995,1995,DJ Dado,Face It,23c04ed3-f087-49e4-b2e3-bef0dcbf2ea7
1995,1995,DJ Darren Briais vs. DJ Peewee Ferris,I Feel It,c36b562e-5257-46ec-9be7-0bb420f4740b
1995,1995,DJ Davie Forbes,Apocalypse Now,053d9613-5e90-4907-95cb-b2d1a7d396c1
1995,1995,DJ Deeon,Induced EP,45154e54-9be4-41be-9061-c5fe8d4433b5
1995,1995,DJ Delirium & Guitar Rob,The Rhythm’s on Time,4d8a4ee3-19c8-435e-92e4-c4377700f15e
1995,1995,DJ Demo / DJ Fade,Feelings / Need Your Loving,f1a78aa6-071e-3a33-8de2-080d26e1dc6b
1995,1995,DJ Dero,La Campana,a9d2b4fb-d036-4d62-8e40-da763a814996
1995,1995,DJ Dick,Sono In Coma,adff8ae4-22e6-4356-8ba1-ff7b035d2e31
1995,1995,DJ Die,Play It for Me / Soul,9285471d-e086-363e-be7b-1166467410ad
1995,1995,DJ Don Juan,Have You Ever Really Loved A Woman?,fae64de1-d8ee-4259-8662-69aa22a8b2cd
1995,1995-10,DJ DSL,I L.O.V.E. You,d3ac3388-981e-305a-bfd2-82eb7c4ab9dc
1995,1995,DJ Duckpower,Get the Duck Out of Here (Move It!),7d74d451-9cd6-43f0-ad14-bc1688b88b54
1995,1995,DJ Errik feat. Alina,Wonderland,0b73ab32-b990-3562-a790-f3367593a2b0
1995,1995,DJ Fade & MC Smiley,Rhythm Ryder / Now You Know,e737246e-2133-432d-84c8-182988969e36
1995,1995,DJ Fallout,Lullaby / Major Respect,f8e098a4-7784-461d-a7a8-bae4d6d14308
1995,1995-04-01,DJ Flash,Pulp Fiction / Pulp Fact,0ecc3d49-00a8-4215-b4fa-5d417d1c10e0
1995,1995-06,DJ Food,Freedom,c045dc4b-85d2-49d3-be2b-1804c3d1e8d4
1995,1995-09-15,DJ Fox & seine Gang,Von Den Blauen Bergen Kommen Wir,3d8c572e-19f2-448f-bd31-699e0f164f65
1995,1995,DJ Francois & Jeremy,Statements Of Techno,909a0c56-90e7-4b1a-a4fc-31dfb189374a
1995,1995,DJ Gizmo & Larsh,Baby I Know,72eceb6c-e566-44ca-9391-49cd6173f06c
1995,1995,DJ Gunshot,Soundboy / Soundtest,c10988a0-47ef-4bc7-8149-c411f737b941
1995,1995,DJ Ham & DJ Poosie,Master Peace / Thinking About U,36c4aa86-ed64-4066-abff-62a205ad0970
1995,1995-10-01,DJ Harmony,Hear Me Now / Future Music,df0d0840-faa4-4039-8932-267d4b2bc2cf
1995,1995-05-15,DJ Harmony,Let Me In / So Real,a69e8d66-b373-4ee3-b60a-6b89e287cc13
1995,1995-07-03,DJ Harmony,Remixes Pt. 1,5b0bf9a8-c210-4d98-bf43-45278f447527
1995,1995,DJ Harmony,"Remixes, Part 2",49396526-5bff-3273-ba97-e488c5c5921e
1995,1995-01-01,DJ Hitch-Hiker & DJ Jacques Dumont,A New Dimension,968113ac-dcb1-40b2-8e7b-e6ba5c4d364c
1995,1995,DJ Hitch-Hiker & DJ Jacques Dumont,A New Dimension / Raindrops,b7f04faa-4570-47ae-867e-fa4948f0184c
1995,1995,DJ Hixxy & MC Sharkey,Toy Town,e030b0b8-59b7-47d8-aa4b-8f1bc0a72d00
1995,1995,DJ HMC,Phreakin',52a46f1b-2d32-3a4e-bdfc-6c292a07cc45
1995,1995-07-01,DJ Honda,Out For The Cash,0ed80351-fb98-4f77-8bfa-74ed82078c1f
1995,1995,DJ Hooligan,I Want You,b766baee-39a6-4cac-b362-c4e53d816ba7
1995,1995,DJ Hooligan,I Want You (Remixes),88222d92-5534-4b1c-a35e-7deb6db2f9df
1995,1995,DJ Hooligan,Rave Nation (Remixes),3eb92f32-4f22-49c7-91e6-d2812808f065
1995,1995,DJ Hooligan,Sueño Futuro: Wake Up and Dream,98446973-256d-304f-88de-067c21ede827
1995,1995,DJ Hype,Remixes Vol 3,5707750c-5edc-4e9e-b3a8-1242853488f7
1995,1995,DJ Hype & Ganja Max,Volume Six,bf4618a7-4222-4144-ad82-acce68f93689
1995,1995,DJ Isaac,Dumcore,4ba2f1de-ec62-486a-bd03-c6422c74a2d4
1995,1995,DJ Isaac,Fuckin' Boots,fe075aa5-c0c5-4eab-a896-b88aec83629a
1995,1995,DJ Isaac,Fucking E,cd28ece0-3bff-46a5-9e41-caa0b6fd701e
1995,1995,DJ Isaac & Pagan,2 Definitions,8c1b1eaf-da12-4109-a036-6b081cb1b116
1995,1995,DJ Joe,I Want Your Body,ed4accd8-e003-470c-b1ba-ab774280cdc3
1995,1995-03-20,DJ Kane,Game Over / The Enemy,247d4983-e45f-4227-9dd3-f292310a5cbf
1995,1995,DJ Khetama,Jungle Force,c3e1ba8c-95af-4943-937c-de1c1e7ff3a7
1995,1995,DJ Krome & Mr Time,Ganja Man (DJ Hype remix) / Cyberfunkin,770918c8-d63f-4f80-b3ff-d98f62053418
1995,1995,DJ Krush,A Whim / 89.9 Megamix / Yeah,1ff50f4e-7cb2-3cc1-8e38-279d2b55fc88
1995,1995,DJ Krush,Big City Lover Remix,59113e0f-07c5-45cd-af37-ab7ec729e184
1995,1995,DJ Krush,Dig This Vibe (DJ Krust + Roni Size Mixes),88b44869-eecd-467e-b881-b9a391b0b7db
1995,1995,DJ Krush,Yeah / Dig This Vibe,8222a35c-ed8c-40af-9bcd-4d4e110f0aeb
1995,1995,DJ Levi,"Majestic Intelligence / Nema, Child of the Void",24f23480-afae-45ea-ae26-d3ca12107ce0
1995,1995,DJ Lewi,After Hours,a052ac9d-87da-4ba2-b6d1-d65ec57921da
1995,1995,DJ Looney Tune,II,5e7e932d-9bd1-40be-a498-19f575253696
1995,1995,DJ Luna-C,6Six6 / Kaos & Fire,99de859c-1f7e-44f5-b9b2-2e123440712f
1995,1995,DJ Maikel,Clear Sonar,cfceffc7-0a02-45db-8741-ab167c7adab1
1995,1995,DJ Marcello & Derrick May,Serenity,01443474-a927-332d-8b05-cfbcaca45c46
1995,1995-03-20,DJ Mike S. Feat. Ben Elvis,Jake,a51d9804-2889-453a-a5d2-5d4db591c774
1995,1995,DJ Mike-Ski,Old Dirty Beats,ea03c380-6bab-445c-841c-3a586b470655
1995,1995,DJ Miki,Dance Piu,35d23947-d0df-456d-adf3-8a7636e01542
1995,1995,DJ Miko,Hot Stuff / Lovely Lullaby,57e95109-34a8-3f8f-8449-8860e76078b2
1995,1995-08,DJ Mimmo,Give Yourself To Me,899525a7-9300-40ee-8553-6f04682487ef
1995,1995-05-22,DJ Nick feat. Nail,Randy II (Let's Do It Again),11e2fcd5-7f61-40ae-adc0-535ea7319c2b
1995,1995,DJ Norman,Get Up And Dance,27bd8056-d776-4ed4-8eae-750a4c651797
1995,1995,DJ Oh Oh Omar Santana,Wizard of Oh,bd5bc391-30f2-462c-ad73-edf9ce5f345f
1995,1995,DJ Paul Elstak,Don't Leave Me Alone,588b4f03-f560-3ebf-b75c-6b9089d2a060
1995,1995,DJ Paul Elstak,Life Is Like A Dance,d539db54-aaeb-45e2-944c-d7a6f7842188
1995,1995,DJ Paul Elstak,Life Is Like a Dance,e69ce238-952c-3d9c-aa9a-bf084eeb8eb1
1995,1995,DJ Paul Elstak,Life Is Like a Dance: All New Remixes,5281bff0-f7a4-32b3-a9b5-1c623401e7a1
1995,1995-07-20,DJ Paul Elstak,Luv U More,38f5a7bf-e86a-3284-b09e-3d465e86948c
1995,1995,DJ Paul Elstak,Luv U More,f39e20c6-38b7-4fa7-a98c-2b3cf87f4f5c
1995,1995,DJ Paul Elstak,Luv U More: Italian Remixes,987ed933-eb13-3110-957a-065671715f54
1995,1995,DJ Paul Elstak,Rainbow in the Sky,a2777414-a686-369d-86b8-730fae7458f6
1995,1995,DJ Peewee Ferris vs DJ John Ferris,Time to Make the Floor Burn,d290936d-aede-46e9-94c5-6a7dbf88caf6
1995,1995,DJ Phantasy,.44 Mag / Just Waiting,840bc9ec-4dd7-4bb5-a0a5-d3e61b8f0154
1995,1995,DJ Phantasy,Atmosphere (remix) / Knowledge & Wisdom,3617e43d-52b9-41ff-9e31-86e43514ead2
1995,1995,DJ Phantasy,Kind of Love / Relax,47acf1f4-10ce-45d2-a5ed-12dd87f4f61f
1995,1995,DJ Phantasy,Relax / Kind of Love (The Remixes),e8b94c18-913a-4550-b291-60c3ca2b2980
1995,1995,DJ Phantasy,Ruff and Ready,fb8cfd28-4c6d-4e60-b24e-26d15badb587
1995,1995,DJ Phantasy and MC Reality,Open Your Eyes / What Is Love,e9c65826-882b-4c50-98ad-5fe7d4babd66
1995,1995,DJ Pierre Presents Spank Spank,I Believe,798334b3-f92c-3227-9aab-cd38667520a6
1995,1995,DJ Pooch,4 The Floor Recordings Volume 10,409d57be-dc73-4ef7-8dbe-38ad061e3dbe
1995,1995,DJ Pooch,4 The Floor Recordings Volume 11,5fc2b996-bc08-4069-bc5a-a6b3747c4cd3
1995,1995,DJ Pooch,4 The Floor Recordings Volume 9,c0817d24-95fe-4b12-8b82-6b86ade66da1
1995,1995,DJ Pooch,Don't Stop / Son Of A Gun,d1165183-dea7-44bf-b37d-61e6a6923c53
1995,1995,DJ Pooch,Feeling This Way / Warior Beat,acbea230-19d7-48cf-8e2f-652f6fecb4c2
1995,1995,DJ Pooch,Live For The Future / How It Started,17658cda-7550-4025-8190-fd2e17954846
1995,1995,DJ Pooch,Skruffneck Remixes,8de045fb-b0c3-4637-8dc9-744bd7478821
1995,1995,DJ Pooch,Take Control / Generator,b12c7419-e85b-44a2-a4b1-1989c2ec764c
1995,1995,DJ Pooh,No Where To Hide,e0163378-b3c3-4fbc-8c84-cf8b9c5e755e
1995,1995-01-23,DJ Pulse,Stay Calm (remix II),5c7a0e19-8e3e-4a53-8658-f85eb058a604
1995,1995-09,DJ Quicksilver,Bingo Bongo,f764b311-3401-335e-b238-2718540a2a6b
1995,1995,DJ Rap,I Can’t Stop / Fuze 1+2,495d7c2b-47b1-476c-9475-ff0b44ffac63
1995,1995,DJ Rap,Intelligent Woman (On a Positive Vibe),528247cc-52f3-3868-93a5-69f4931ab487
1995,1995,DJ Red Alert & Mike Slammer,In Effect - The Remixes,8eb1a9db-b5ac-4838-adc4-9b3c38273e8f
1995,1995,DJ Red Alert + Mike Slammer,The Ride / Music's Got Me,3c7906cf-6966-44fe-b5ab-80905a04b85b
1995,1995,DJ Remould,Forever For Now,0201720a-ac63-437e-910e-d0c5781f6821
1995,1995,DJ Ren,In The Sky,6683b37a-733d-44b3-9391-5321aadbf9bf
1995,1995,DJ Ricci & MC Hair,Sgam Sgam,35d7647f-5b21-4b49-a30d-d93b4d2dc7f1
1995,1995,DJ Sammy,Life Is Just a Game,f04828f4-1bc5-378c-aef8-762e3e3595d1
1995,1995,DJ Scoobie,Deep in Dub,a324b2b1-e958-492e-989d-cf6f7a4c2bee
1995,1995,DJ Scott,Sweet Dreams,7950a994-1936-3c9d-94f2-6f7f2fc1c0c0
1995,1995,DJ Scott feat. Lorna B.,Do You Wanna Party,88022c7c-1247-4a4a-a1c1-d54956c0842c
1995,1995-07-17,DJ Seduction,Itch It Up / Sample Mania (remix),b6f58782-40a1-46ed-aaff-8ef89361e805
1995,1995,DJ Sonic,Turn On The Music,8387d36a-8da4-4d32-ab4a-0488183901b4
1995,1995,DJ SS,Black,0872deb1-ceb7-4e95-999f-afe98542ef55
1995,1995,DJ SS,White,9997d229-8436-40a0-ac7e-3867f947d5a0
1995,1995,DJ Stan Feat. Cloée,Elles Sont Toutes Les Mêmes,1dd15d61-1e2b-46ed-9817-3bfca99b0567
1995,1995,DJ Thoka,You Make Me Feel So Goood!,569d5da7-94cd-4fd6-bde9-bdc8c7e060b7
1995,1995,DJ Tom & Norman,Bass 4 Love Remixes,057bea46-d435-47d8-84b5-7aa6af10a808
1995,1995,DJ Tom & Norman,Thundergod,808fdce2-415d-4cfe-8d3c-4a13e3d70ae2
1995,1995,DJ Tomcraft,Viva,eabb3367-1b00-4c93-817c-6dd59940dfbe
1995,1995,DJ Tomcraft & Mephisto,This Is No House,efe0a122-a350-479d-b82e-72d3c87eea9f
1995,1995,DJ Trace,By Any Means Necessary,a885010c-c59d-45c8-835d-2f3f825977bd
1995,1995,DJ Trace,Stoppin,4e42ef76-6e4f-465a-82c6-d1776c7bb999
1995,1995,DJ Trance,Run From The Sun / Melanie's Song,ed383a19-866a-4dcd-9fc3-06bd2d364a8f
1995,1995,DJ Vern & DJ Ash,Squeeze / Magnificent,802b5707-b581-398f-ba76-8fead20310f1
1995,1995,DJ Versatile,Bido Bido 95,565761ca-e501-464b-b950-7faf12fbd096
1995,1995-01-01,DJ Vitamin D & Ben Pound,The Lift,a4b6acfb-ef9e-4a41-a276-9f61e8d39d03
1995,1995,DJ Waxweazle,Come With Me,33108d80-aed4-4fa5-bda5-fb38c3c81518
1995,1995-06-20,DJ Weirdo & DJ Sim,Go Get Busy,055fc70e-25cf-433b-9951-d508f7f62fc9
1995,1995,DJ Weirdo & DJ Sim,Pump That Stupid Bass,8a563800-0c91-49d3-aa30-2679085152b3
1995,1995,DJ Who feat. Tanisha / DJ Who vs. Bassbin Twins,Rhythm / Untitled,06be4e28-1ff3-4cdd-b8ec-362d58c32d0a
1995,1995,DJ Yves,The Main Man,779f67a0-2ac9-4016-8c67-456b384d1eb6
1995,1995,DJ Yves & DJ Maikel,The Kiss,686e1573-3401-46c8-ba35-ba8588739c12
1995,1995,DJ Zinc,"Remixes, Volume 4",6bc2e96f-c656-3f99-a454-81b08333ebe6
1995,1995,DJ Zinc,Volume Seven,295cf5a5-ce86-3e4d-b528-ad0301fec88c
1995,1995,DMS & The Boneman X,Sweet Vibrations (The Remixes),79592aca-9762-490f-a000-66396c6614c5
1995,1995,DMX,Make a Move,425364b0-7945-49c6-a8f5-e708e4dfe450
1995,1995,DNA,Let Me Feel What You Need,17b14bab-5bf5-4523-b3eb-0010c36817aa
1995,1995-07-07,Dob Russkin,Muse (Never Never Never …),41527cf8-08bf-3267-98cd-14785563263a
1995,1995,Dob Russkin,Time After Time,315655fb-e290-3db8-8468-cdfc3ad354d3
1995,1995,Doc Scott,Drumz '95 (Nasty Habits remix) / Blue Skies,71feb820-81a3-3478-8447-9e785de39d70
1995,1995,Doc Wör Mirran,Mao Tse Tongue,0884a5fb-c803-41f6-b5ce-ac2fd775338c
1995,1995,Doctor Love,Slow Dancin',2ad30387-c14e-3225-bc23-e3323d6bd4dc
1995,1995-03-05,Dodgy,Making the Most Of,59cc3857-8a73-3b02-af0e-09c1e68b0bab
1995,1995,Dog Eat Dog,No Fronts (The Remixes),e82a1da5-4771-35cf-9002-ecfeebff1aea
1995,1995,Dog Eat Dog,Who's the King,afd28618-655f-3021-90b5-9090b27cdfd0
1995,1995,Dokken,Too High to Fly,668ef39c-eba9-36a2-b202-ac3254db989d
1995,1995,Dolls United feat. Die Blechbüchsenarmee,Blechbüchse roll!,d40372bf-6af1-3866-a110-660252667945
1995,1995-07-28,Dolls United feat. Jim Knopf & Lukas der Lokomotivführer,Eine Insel mit zwei Bergen,e3e85fd5-91bc-3a72-a1b3-bf0b0f6544ec
1995,1995,Dolly Buster,Make Love (Make No War),2b6cec86-e666-482c-aaae-3e90c0962a67
1995,1995,Dolly Parton with special guest Vince Gill,I Will Always Love You / Speakin’ of the Devil,9ea49c32-176e-435a-a7e4-4f5fe36b6dd8
1995,1995,Dom & Roland,Volume 2,12f60fe9-5fae-4e9d-a388-cc80fa9cfb7a
1995,1995-07-28,Dom-Unique,Before Our Time / Future Is Not Set,a7e83326-2ff5-4fbc-813c-f0204edf6963
1995,1995,Dominatrix UK,Possession,b9492446-5b24-30cd-9c5b-a5eb549de6c4
1995,1995-10,Dominique A,Le Twenty-Two Bar,33c9f070-96a2-43b3-91d7-1cc13fcdcdd7
1995,1995,Don Henley,The Garden of Allah,78ead7ab-4e48-432e-8094-85a69b73d4ac
1995,1995-03,Don Huonot,Aurinkotanssi,f0f3b099-4f3b-49e7-8782-efec3fc1cfcc
1995,1995-06,Don Huonot,Avaruuden lehmipaimen,9df82ca1-7534-43a5-99aa-f7613a4bdecc
1995,1995-09,Don Huonot,Seireeni,ee9370d3-8196-4f30-a6b5-fcd53f9719ea
1995,1995,Don of Don's,We Intelligent / Blood Babylon,437931a7-eb3b-411e-a2cc-7debd62b0cb6
1995,1995,Don Williams,"My Rifle, My Pony and Me",e6dfa418-ca6f-4a5c-a7bb-cfa2b3e252ae
1995,1995,Don Yute,Tie the Knot,50fbb370-50fd-427c-b1a9-f01bc62b0ff3
1995,1995-08-23,Donald Duck,Mr Duck (That's Donald!),19ea88d6-1477-4180-9f4d-9af95ee405b3
1995,1995,Donald O,I Got Love In My Heart (The UK Remixes),ba7433e0-defe-4acb-a68c-169b041869d0
1995,1995,Donavan Steel & Brown Lion / Computer Paul / Juda,Bun Power / Mr Ressie,29ca286a-6804-49c1-bdac-ce250c7506f7
1995,1995-04,Donna Summer,Any Way at All,cf715c24-fd60-4eef-b994-d68fa97b4ff9
1995,1995-09-04,Donna Summer,I Feel Love,eecaedad-8bad-4371-8d55-921490f5bc82
1995,1995,"Donovan ""Bad Boy"" Smith",Universal / The Water,ce2930d2-656d-4c68-8359-f6500dd39ba1
1995,1995,Dont,Longway,50067136-d4a0-45fc-8794-3d09c95105d1
1995,1995,Doo Rag,Swampwater Mop Down,2480c3e4-9f5c-4a8e-854e-fdd67e881f1d
1995,1995,Doof,Angelina / Weird Karma,a8a9b8bc-3183-37cd-b315-2d864f11cd9b
1995,1995,Doof,Youth of the Galaxy,4220bf54-e563-3c1e-b92e-b8efc25259a1
1995,1995,Doop,Wan Too!,28a72cdf-0383-474e-ab25-ba7e41bd45cd
1995,1995,Dope Dog,Keep House Unda’Ground,a205cb4c-870c-4a64-a2b8-eb951d8ed46e
1995,1995,Dope Jam,Step 2 Me / Payback,3cbf31db-3736-44fb-b5c0-59d93e2b5dc7
1995,1995,Dope Skillz,6 Million Ways / Yo' Son,999274ad-86d6-42a8-99e8-3ac857e7dfca
1995,1995,Dornröschen,Straßenkinder,7ded914f-1243-40cc-a58c-8209729b5f3a
1995,1995,Doro,Ceremony,6f8a8a30-c276-4b1a-8d92-7f536d847842
1995,1995,Doro,Ceremony,77613865-bd01-4a62-9fe4-2656500537ae
1995,1995,Dorothy,What's That Tune? (Doo-Doo-Doo-Doo-Doo-Doo-Doo-Doo-Doo-Doo),60459adb-0b6d-4eb4-83e1-70eb84d3de06
1995,1995,Double A,Step,fdfb97c3-c1f5-4c8e-a3dd-cf46631bc067
1995,1995-06,Double Active,Hocus Pocus,ce521501-ad17-452a-818a-fa526be65b55
1995,1995,Double Dare feat. Yvonne F.,I Believe: Remix,2a19c8a6-8d73-43a8-a1ef-d37630e414d5
1995,1995,Double U Fresh,Music Non Stop,74e00634-680d-4c10-a503-2e07adedb718
1995,1995,Double Vision,All Right,2e13a6b7-1446-3634-aa61-e5b12ea88258
1995,1995-12-18,Double Vision,All Right,316b2be4-f926-40c4-9a0c-aafb9da06515
1995,1995,Double Vision feat. Kate,Free Your Mind,098ddb39-39da-457c-af4a-5b37aba1daa6
1995,1995,Double You,Because I'm Loving You,00c81743-e9d2-4329-bb1d-c5f5b6be17b4
1995,1995,Double You,Dancing With an Angel,227d20a4-8153-3c70-95ad-2b346d36ee60
1995,1995,Doug Laurent,I'm Rushin',547a55c4-cd7e-3800-9b51-c73bff37ef41
1995,1995,Dougal & Eruption,Party Time,f708974d-4ef9-4408-af1a-87b9933275fe
1995,1995,Dougal & Mickey Skeedale,Emerald / Power Within,830ba5a8-cae5-3156-81dd-d394be2c8d50
1995,1995,Dougal & Mickey Skeedale,Innervation / Seven Ways,646f0f1f-0bbf-4959-a9c5-ff460b28c73c
1995,1995,Dove Shack,Summertime In The LBC,64b637cc-7bb9-42ae-abb8-641b09341095
1995,1995,Doves Loves Dubs,Tomoko,59cbbf9b-b6f1-4318-a04d-b337304426ba
1995,1995,Down,Lifer,b149d1bc-3fbb-4ffb-bb0a-73f903049e75
1995,1995,Down,Stone The Crow,4a8da8c8-4f2c-4cc0-95c0-e405a7b6f4d1
1995,1995-12-27,Down Low,Don't Look Any Further,5120e087-43a9-4de5-9f8f-f89b3c0beb5b
1995,1995,downset.,downset.,1efa986d-d5f1-4e6e-90b4-429c94726e0d
1995,1995,Dr S Gachet & Audio Maze,The Dreamer (Remixes),06203048-fd74-4a2a-8f40-3c796fdaa805
1995,1995,Dr. Alban,This Time I'm Free,3eeae28b-61d9-3080-90e7-006ff737c5a9
1995,1995-03-07,Dr. Dre,Keep Their Heads Ringin’,9af070a6-5368-3b7c-9369-eaf836f7622b
1995,1995,Dr. Dre & Ice Cube,Natural Born Killaz,cccefd51-6bae-4e07-b60d-1dca8308adbe
1995,1995,Dr. Droste,Mark Ohhh ... hörst du mich ???,c5aabe00-09d7-4885-810b-9cc273e9bf89
1995,1995,Dr. Fernando,High Pressure / Stomach Substance,be1b2751-c217-4409-ae3c-91eb442c96d6
1995,1995,Dr. Mo,What A Wonderful World,f9a17530-5ea3-4d74-a466-e89d7df8b11e
1995,1995,Dr. No,In The Middle Of The Night,867bdcb2-e187-4573-bd1a-38c72e30f121
1995,1995,Dr. Octagon,Earth People,292b35f1-7340-4e74-a1bb-e81429e7222a
1995,1995,Dr. Pravda,I Am... / X-Beat,cf79d66e-3a9a-47b4-b9ad-53dde6d7cf83
1995,1995,Dr. Ring‐Ding & the Senior Allstars,Green Pepper / Dance All Night,342542e1-5924-4edc-8dc8-ae227bb32c1b
1995,1995,Dr. S. Gachet,Remember the Roller / Touch My Toes - ('95 mix),79e49c4e-65f9-4d03-a2e6-f430771acb37
1995,1995,Dr. Stefan Frank,Der Arzt Dem Die Frauen Vertrauen!,9bc39574-a319-414a-8867-034226e66701
1995,1995,Drag Triplets,Crushing,427b90ab-c3c3-49a3-a968-9a3b1fcde3fa
1995,1995,Drax,Amphetamine,8ff5a2f0-27e2-4dfd-8043-19311100cbfd
1995,1995,Drax,Cascades Parts I + II,e9893af6-5187-47dd-ab67-71212060fc6a
1995,1995,Dread & The Bald Head,I The Conqueror / Ganja Plant,d760b2a2-118b-4525-b1c0-a419ae377ed1
1995,1995,Dread & The Baldhead,Wicked Piece a Tune / Twenty Four Seven,1c975f81-1016-4747-8566-dc44a50455ce
1995,1995-03-13,Dread Bass,Baby Tears / Moods,c306792c-99a1-423a-8824-8f44816925dd
1995,1995,Dreadzone,Captain Dread,0090667b-041e-44b3-b194-20b932472d2e
1995,1995-12,Dreadzone,Little Britain,63919be1-b0d4-32d3-abff-d0c09a2fbb33
1995,1995,Dreadzone,Zion Youth,c510caa0-c24b-35fc-905a-98d827677c5b
1995,1995,Dream Beat,Everybody Move,68b775e1-f3ed-47a4-9f0b-396e78eb9fae
1995,1995-12-21,DREAM DOLPHIN,Dolphins TALK TO You,a59b070e-6e9a-4459-9a4b-02611dfbd5df
1995,1995,Dream Warriors,California Dreamin’,1c60d9aa-3a27-3854-a12d-92a1e48fef49
1995,1995,Dream Your Dream,Flipside,091f31df-96d8-439a-84a2-deae92bf6fb3
1995,1995,Dreamhouse,Stay,6d2d3e1e-6057-319b-84d6-61816cbc1ce8
1995,1995,Dreamland,Anything For U,4f2d28b9-e42f-41f1-8c7b-638652a274e8
1995,1995-07-24,DREAMS COME TRUE,LOVE LOVE LOVE,136b1d16-bd46-30a6-b120-bc0a3e4ac434
1995,1995-10-30,DREAMS COME TRUE,ROMANCE,6d8c0083-04a5-3002-92ef-a082b4914160
1995,1995-02-22,DREAMS COME TRUE,サンキュ．,f401d6be-386d-378d-963d-1971c3f66352
1995,1995,Dreamworld,Movin' Up,1e76f1c0-a383-3920-b701-2dfaaaaf59cf
1995,1995,Dred Bass Featuring The J B,World of Music,83fb7ba3-118e-4dca-b275-b413daec5131
1995,1995,Dred Bass Featuring The JB,World of Music (Remixes),495c2351-4f1b-4fcf-93bc-a650dcaa7003
1995,1995,Dries Roelvink,A Boy From Nowhere / Love Me With All of Your Heart,14bdda0c-a72a-4009-b88a-d04245dcacbf
1995,1995-06,Dries Roelvink,De hele wereld mag het weten / Als ik de Dam zie,0737e0dd-d825-436a-ae61-759acdc0c660
1995,1995,Dries Roelvink,Een melodie voor jou / Om het wachten te verzachten,9270865e-7516-43f9-b3b8-23a5f085a6ad
1995,1995,Dries Roelvink,Ik kan mijn geluk niet op jouw tranen bouwen / De wereld is geen Hollywood,f76a5aa2-04e1-47c3-a83e-c9efe93bb6ba
1995,1995,Drop City,Apple Tree,711d98bd-919b-37bc-abdd-607fd0bc21ac
1995,1995,Drop City,Setting Sun,8aa43c0c-3939-32a9-a256-c2f98d0cb5bd
1995,1995-05-30,Drugstore,Fader,9a289e15-3959-381b-b790-8dcef1cc805a
1995,1995-01,Drugstore,Nectarine,c1516125-1628-39ff-9024-38295ff9552f
1995,1995-03,Drugstore,Solitary Party Groover,f5c6f869-d767-3d31-b79e-b2e425478b12
1995,1995,Drugstore,Xmas At The Drugstore,63fe5a68-f284-4dbd-aecc-e128f4cce8ff
1995,1995,Drum 'n' Black,Wha Do U,3b3eaf17-695f-4fbe-b9e7-afb5f8f6959b
1995,1995,Drum and Bass,We Come Back,acbdbcce-50bc-4f2d-8c8d-8a6b50879a42
1995,1995-05-12,Drängarna,Vill du bli min fru,325348b2-f52a-43d1-bc45-21b94e41d8e6
1995,1995,DUAL 003 ZONE,Digital Dimention,bbc6c1f2-7f31-49e1-b7dc-eafbe043d263
1995,1995-10-25,Dual Dream,I Say Hello,3c776dd5-8cd8-417f-854c-61b57ab4bf22
1995,1995-06-19,Dual Tone,Dub Radiation,aa711579-1d4a-3231-b770-2ea926455d73
1995,1995,Dub Narcotic Sound System,Bite,ab801428-3d2a-42c2-b80b-394f19ca871b
1995,1995,Dub Train,Pam Pam,cbcaa7c8-56e8-48bf-ac39-8eb6a2a77068
1995,1995,Dub War,Enemy Maker,870f4164-02cf-4c40-8574-f91a4e5acf3a
1995,1995-05,Dub War,Strike It,9ad0ad35-83c4-323f-9dce-a872feb7ce12
1995,1995,Dub War,The Jungle Mixes,18eb8df3-793c-460d-bbc2-db1d6131bcc6
1995,1995,Dubbelglas,Ik baal als 'n stier / Rosemarie,1204db55-7971-4230-818f-a9755db435b0
1995,1995,Dubblestandart,Sound Is In The Air,90c6eb5d-3f95-4651-b8d2-b64903936baf
1995,1995-09,Dubstar,Anywhere,18bcb967-5ff7-3e86-a218-923c44f2fa61
1995,1995-12-27,Dubstar,Not So Manic Now,79c8056c-9ec4-3fe9-aed8-60e5f43d8f4e
1995,1995-06-12,Dubstar,Stars: The Dance Mixes,484c88ca-9acf-3f87-907c-ea7430de2c0b
1995,1995-06-12,Duffy,London Girls,16245dd0-d50b-4c4c-aa17-e64c057c040b
1995,1995,Duh Règah Buigahs,Krèg Dûh Pløris,690cb756-2b86-4b17-8960-0c485b3e61c7
1995,1995,Duke,Make Believeland,4a37af38-015a-49ad-abda-197be2b34340
1995,1995,Duke,So in Love With You (Pizzaman & Ibiza Remixes),1d3423c2-7679-498c-b8ad-a406acc778ac
1995,1995,Dune,Are You Ready to Fly,d0017eb4-5c9e-3016-b5b1-cf910ad8c69e
1995,1995-10,Dune,Can't Stop Raving,d8e4624c-4618-3721-b558-1ea9cf82d1f0
1995,1995,Dune,Can't Stop Raving (Remix),d860dcb8-d375-4f74-b66e-1c6d05edb224
1995,1995,Dune,Hardcore Vibes,c089f45b-0086-30f8-befb-09909f02bd63
1995,1995-02,Duplex,Another Night,0d11352e-26e2-448d-9d83-0c52860b7458
1995,1995-03-13,Duran Duran,Perfect Day,c3965cd7-4162-3656-bdee-03ab9ea884bb
1995,1995-06-12,Duran Duran,White Lines (Don’t Do It),3f05f135-4541-4343-8dea-a54d6144eec5
1995,1995,Dust / Omit,Fore‐Casts,06fcf86a-e22e-488c-97c3-81920f5d3184
1995,1995,Dusty Springfield & Daryl Hall,Wherever Would I Be,3e4dc26d-59fc-35fd-9c5b-e01b8e587071
1995,1995,Duvalby Brothers,Duvalby Brothers,f04b39c4-5693-4bf3-979a-36965100bf06
1995,1995,Dyewitness,Masterplan,1a93a77e-bcd2-4968-b2fa-e046536b01ee
1995,1995,Dymension,Move Into the Rhythm,75ce10a3-cc0d-4fed-9c26-4114ef460eee
1995,1995-06-13,Dynamic,Lift Me / Yeadon,08eebb04-9f4f-3e4e-90d5-455b96a35d35
1995,1995,Dynamic Base,All of My Life,b4ce01e4-771a-4905-9b47-97a3ef094a3c
1995,1995,Dynamic Duo,Shadow,c933bbfe-f711-4f79-b090-f3570e75eab6
1995,1995,Dynamo,Party People (Jump),645e7e4c-2147-4308-80f5-07e7587b696d
1995,1995-03-10,Dynamo City,Urban & Free / Shape-Shift,bd42ac01-e322-4816-bd4a-6380b76b0af0
1995,1995,Démocrates D,L'amour du risque,4c37d31b-9b9b-4ddf-931f-a804fd4f6ecb
1995,1995,Démocrates D,Le Crime,65f53436-cb4c-4640-ace8-697796078999
1995,1995,Düreforsög,Monkation,805176f2-42f6-4ca7-9254-c7aedf5b4e6b
1995,1995,D‐A‐D,Reconstrucdead,999236e1-1c8c-4b28-a313-014313361b10
1995,1995,D‐Lay,H-Music,a1f05d6d-7288-32df-8a3b-6966b1cd7b18
1995,1995,D‐Mention,You're No Good,88e5e91f-c9e4-3b8f-b25f-32ca373e1921
1995,1995,D’Angelo,Brown Sugar,a1933fbb-9e54-4ee8-8bcd-1b17db10a1b7
1995,1995,D’Angelo,Cruisin',c6e6284e-cc1b-363c-aa22-f1639a1e77b4
1995,1995,D’Cruze,Are We In / Heaven,b0e2189a-1d62-408a-8be9-95440739ace0
1995,1995,D’elsquel,D'elsqueL 白,f5aefadf-2f75-4dfa-ba36-c92a990c7804
1995,1995-01-25,D≒SIRE,楽園,d767fbcc-24ad-4309-a860-013c045fd197
1995,1995-04-10,D≒SIRE,追憶,4e44730e-5cd3-4573-9d85-b9693a4be79d
1995,1995-06-12,D★Influence,Midnite,9cd1d5d4-fea8-4224-9d46-6a96fd8e9e4e
1995,1995-11-13,E'voke,Runaway,ee584fda-a498-4ddc-9a09-d6cb17296be1
1995,1995,E-Max,A Higher Dimension,5db95660-dd5d-4082-be9f-0217066fbb4e
1995,1995-08-30,E-Motion featuring Pryme,So In Love With You,170158c3-4f0d-4de4-8715-689da89e9fd5
1995,1995,E-Or,Mike,780078ae-e5d7-4ea4-ae6d-5feeefe9c935
1995,1995-02,E-Type,Do You Always (Have To Be Alone)?,ff591b3e-a921-41b3-b1f6-4730979abc8a
1995,1995-09,E-Type,Russian Lullaby,216f9074-7015-3ac0-8560-149bc7b6c063
1995,1995,E-Type,Set the World on Fire (95 remixes) (The DJ-Promo Double Pack),a69aad7e-bb74-4430-a17a-a60658e410f6
1995,1995,E. Sensual,B. G. Tips - You Should Be Dancing,80ca233d-1d90-3f32-a668-9bd6bf8b9214
1995,1995,E.C.P.,E.C.P.,2f806579-0784-39a6-89bc-e9ba3835cc9a
1995,1995,E.C.P.,Generate / Drum Typecast,73361ae7-a2a2-3ea9-8ed6-2f62773a2d88
1995,1995,E.L.Danger,Yes Man,abd8ddc6-e2e1-4fe8-884a-9661a4ff36b9
1995,1995,E:Motion,Into Eternity,587e94b8-b938-4a08-94f8-627b5a47219e
1995,1995,E:Motion,Open Your Mind,5dbc883a-a3db-4a33-a680-c174d5aeb05c
1995,1995,Eagles,Hotel California / New Kid in Town,5d35cdcf-76d1-4ccf-b412-526ad4419df6
1995,1995,Eagles,Love Will Keep Us Alive,a76af061-ef1a-492f-909d-07826f2f4dd4
1995,1995,Eamon & Grander,Eamon / Grander,1ce37a43-2163-474c-8106-921af3252c65
1995,1995,Earl Grey,The Lick,cd56c102-0550-457d-b044-dd5341b3f427
1995,1995-12-15,Earl Grey,The Lick (Intense Remix),7c1ceeff-2b13-413a-aa50-16f38bf2da75
1995,1995,Earth Nation,An Artificial Dream,1c756452-88d6-36cb-9c93-c8eedc459860
1995,1995-03-03,Earth Nation,Liquid Desert,e2bb178c-6294-461d-a359-eb6d4f15b81c
1995,1995,Earthling,Echo on My Mind Part II,c09adade-c8f6-3683-b159-82d40024d078
1995,1995,Earthling,Nefisa,c22cd362-01cb-3f54-8a4b-5770d1528d3c
1995,1995,Earthling,Nothing,320f587f-6aff-4346-87d3-da5102949dc3
1995,1995,East 17,Hold My Body Tight,20ed018b-ab57-3e44-bb08-9719bc83ac18
1995,1995-06-12,East 17,Hold My Body Tight (Single),b1947837-2ea7-4131-a2be-0ece2b3af256
1995,1995-03-13,East 17,Let It Rain,118fa4f0-bc3a-3bbe-824b-69c4b24cc388
1995,1995-10-23,East 17,Thunder,ddafbcee-d910-4b17-b269-16f39ecf6708
1995,1995-05,East Anglia,Unmanageable,abbf7009-2149-4f97-ba8a-b167d7ea5d10
1995,1995-02-13,EAST END×YURI,MAICCA,047744e9-dc3f-4b57-a6e0-d2049da4d692
1995,1995-04-21,EAST END×YURI,いい感じ やな感じ,33fc6d13-9712-45f0-9176-cf56010fbeab
1995,1995-12-01,EAST END×YURI,ね,c8eb8c3b-f0a9-4e73-adbd-2c5dec7f7ce4
1995,1995-07-21,EAST END×YURI,何それ(from denim-ed soul 2),d4711c9e-5f60-43f6-a41f-a8338a374110
1995,1995,East River Pipe,Bring On the Loser,f267eace-94e6-4c70-a4c2-b4fea36dc2bf
1995,1995,East Side Beat,So Good,55b38ff0-161c-4d0f-b9ec-2b85ccf8e157
1995,1995,Eating Habits,That's Quite Meaty,be1a61d2-132e-4d19-bbf3-7267fedac783
1995,1995-12-05,Eazy‐E,Just tah Let U Know,62f85fff-c74b-4a30-aaf9-28a364f7f4a1
1995,1995,EBN,3:7:8,c01e811a-69d1-350e-973e-742d60ff31c7
1995,1995,ECD,DO THE BOOGIE BACK,ccc7b275-c33f-43e1-99cf-80a6018250d8
1995,1995,Echo Bass,Givin' It Up,627b7cc8-f10c-4888-b255-29ce18bd9267
1995,1995-08-21,Echobelly,Great Things,5fef3385-7339-3828-96ba-99f38822bb02
1995,1995-09,Echobelly,Here Comes the Scene,ced203a6-54c4-47af-93d9-ab02f8718eb6
1995,1995-10-23,Echobelly,King of the Kerb,79dfd5a3-068c-3f99-b368-810304ba2847
1995,1995-03,echolyn,As the World,bbe31999-efb1-39ba-af43-7c0b42357d8c
1995,1995-10-23,Eco,Schmutz,7a5ed0ce-cf1d-3f96-bd56-31295d8366dc
1995,1995,Eco Tourist,Wild Lettuce / Downtown Chic,47a32837-f4a4-3799-ae54-10edb7e0449c
1995,1995-03,Ectogram,Mary,0c218bda-45a9-4f43-a0b2-473e9d4f19a0
1995,1995-02-01,Ectomorph,1,630ebdb3-827b-4767-ba57-5ac177a25347
1995,1995,Ed Ball,If A Man Ever Loved A Woman,3e2fadd5-0d77-4ece-8dac-30d3495f5cea
1995,1995,Ed Kuepper,Highway To Hell,fe86e035-5dc0-4981-940a-dc582d647ce8
1995,1995,Ed Rush,Gangsta Hardstep / The Force Is Electric,66734582-c24d-3ad4-b5d5-77e8689579ac
1995,1995,Ed Rush,Guncheck / The Force Is Electric (remix),c8351a3e-62de-384a-9be0-7742dcc4147a
1995,1995,Ed Rush / Nico,West Side Sax / August,27e88cb9-5a8a-385b-9de8-ee99a6e07c52
1995,1995,Ed Rush / Solo Featuring J.T.,Guncheck / Pressure (Dubplate Version),e6e67b17-25f9-40da-a695-7c7b9b2c717e
1995,1995,Eddie Floyd,Knock on Wood,0e0c45f2-7d70-44c4-9aab-e40de39e65b0
1995,1995,Eddie Friel,Dreamin',91142f59-0508-43f4-96c1-a7c457c70ca1
1995,1995,Eddie ‘Flashin’ Fowlkes,Stella 2,d0a548e5-8f40-3252-9b64-c596c997783e
1995,1995,Eddie ‘Flashin’ Fowlkes feat. Maurissa Rose,Let Us Pray,39bcce7f-86ba-386e-996c-6cd6827ddd24
1995,1995,Eddy,(You Bring Out) The Best in Me,a74c9d5b-68ae-3238-94e8-0cb04faaf392
1995,1995,Eddy Mars,Samba in Mexico,90a4c1cd-51c9-49dd-a0e4-b95efde82339
1995,1995,Eddy N.,Really On My Mind,020db00c-fe1d-442d-86b3-ead2284240ec
1995,1995,Eddy uit Kluisbergen,Zeg He-la-ba,b629113f-9360-4c2a-9a77-f8d0b89c453e
1995,1995,Eddy Wally,Amor (is in da House) / Como Mercador,f8c79ff4-6e3b-3d14-a1da-d5f99b7ffed6
1995,1995,Eddy Wally,Chérie,d199b353-b219-43ca-9303-d29e686603c0
1995,1995,Eddy Wally,Ik spring uit ’n vliegmachien,6b3c0e59-7d34-4c16-a0ec-5c0365b18f19
1995,1995-05-22,Eden,You Make Me Feel,4fd5e062-c495-4726-a3ee-cbee5f72cda2
1995,1995,Eden Burning,Be An Angel,243b7a6f-7535-4877-ac8b-01cb6f50480b
1995,1995,Edo / A Beat Power,Too Young to Fall in Love <Y & Co. Remix> / Jungle Night <B4 Za Beat remix>,de71096c-a6f2-4f64-ae2e-fefa0f222af7
1995,1995,Edo Zanki,Mach es mit mir,9473d744-36d8-4fce-9f9d-2df7e7144242
1995,1995,Edo Zanki & Sheryl Hackett,Genug ist nicht genug (Enough Is Not Enough),2d17f705-0839-4633-989d-4aae53df7e41
1995,1995-02-01,Edsel,No. 5 Recitative,a16943f8-c352-4ae1-aa2b-f27d777a4b35
1995,1995,Edward Reekers,So schmeckt der Sommer,04a991bf-a2d2-3299-82e3-48f3136a320c
1995,1995-10,Edwin McCain,Solitude,249d80e0-2a6b-3636-9579-d35d130743c9
1995,1995,Edwyn Collins,If You Could Love Me,b4f72c51-22dc-4821-bb12-6adf23b157dd
1995,1995-04,Edyta Górniak,Dotknij...,20174d2c-bbc5-37e9-b953-216feca95468
1995,1995,Egma,Make My Day,0ac67a99-e2e5-36dd-b596-74074bd1c1a3
1995,1995,Egma,Tell It to My Heart,f6bd5e85-73ce-3751-9162-f294ad0d6cd5
1995,1995,Egon Egemann,Panta Rhei,b51e3ba5-2a92-469c-9666-3bc33d154df3
1995,1995-05,Egotrippi,Kesäpäivä,a70dd3d7-7a4a-42a6-8591-306589950159
1995,1995-07-21,Eins:Vier,Dear Song,66d20d8c-f032-485e-b34a-6e1caf9cca9b
1995,1995-10-18,Eins:Vier,君がすて去ろうとも,14a1195b-d4e2-477e-a3dc-a965d49ac771
1995,1995,Einstein Doctor Deejay,Cosmic Radio Station,9b08ad85-d8e2-4776-b3c4-807a62748907
1995,1995,Einstein Doctor Deejay,Space Bubble,dbc8a55e-e0c4-43a2-890d-e8fe38e48e9e
1995,1995,Eject,Love Me Inside Out,3a97f0ff-2afc-4b70-bf13-c3f18abc533f
1995,1995,Ekki Göpelt,"Ich will doch nur, dass man mich liebt",10c02b31-8f4b-43a7-8f47-95b45fc03954
1995,1995,Ekki Göpelt & Harry Wuchtig,Unser Schlauchboot,aa1ccd46-937a-45a1-baf1-2293cf864a5d
1995,1995,El Bruto,Hypnotizing,3a6304a2-784c-4ee9-a849-567d8e1b65df
1995,1995-01-01,El Bruto,Watch Me Dance,e303db72-9851-4961-bf6b-3025a405be8b
1995,1995,El Otro Yo,Alegría (versión naciente),9b53e09e-f161-4c91-ac92-43eb31a101b9
1995,1995-02-02,Elastica,Waking Up,95777c67-4939-3812-87e0-a3c56c3661f7
1995,1995-07-04,Elastica / S*M*A*S*H / Supergrass / Gene,Helter Shelter 1995,5f85c2d7-cd89-48ab-b00e-87eed2f57c3a
1995,1995-07-31,Elcka,Boho Bird,843cae7b-b897-46a3-a737-1c80fda47c99
1995,1995-04-03,Elcka,Leather Lips,e71abd28-2358-4e19-9f42-70351d44d9ff
1995,1995,Elda,Through Night and Day,1b2fd781-7ca7-405c-99af-90a6f297a6e3
1995,1995-08-28,Electrafixion,Lowdown,a22e4a59-a565-3c4d-932e-aeea2ab4cd78
1995,1995-10-23,Electrafixion,Never,f6fcbc0f-27ca-4eb5-a9c6-1ee9174121a9
1995,1995,Electrafixion,Sister Pain,c4dd8d9f-95c4-38e4-a364-50ee5be0c952
1995,1995,Electric Gold,Hey Mr. Devil,274acfd5-f5e7-4185-b756-e079122c6fd9
1995,1995,Electric Universe,One Love,bca277af-9e43-3fee-8a35-292c01a2ad0a
1995,1995-04-18,Electrip-C,Bussard Fusion Ramjet,f82e0ff5-a8a5-4c05-8c5d-a07b4e3778f6
1995,1995,Elegant Machinery,Watching You,82ca82a2-f6c3-3ae9-9cf0-f6e795aa833f
1995,1995,Elektrochemie LK,Da Phonk,c0ff81fb-fb1f-499c-a7a7-41c7c04a2458
1995,1995,Elements Of Noise,Warning (Sign Bomb) / Temper,9727a7ce-5ea6-45f2-9f40-c31e3851cfe2
1995,1995,Elementz of Noize,Chillin on the Funk / Other Side of Town,977763f5-92f8-3a79-b9e0-9203248ce7ab
1995,1995,Elevate,Mrs Brown,658a0be8-b917-419e-8b77-1b73fb02b3fe
1995,1995,Elevatorman,Fired Up,3ccc6334-2dd5-4ca1-adfe-62a2e3d37b00
1995,1995,Eleven,Tomorrow Speaks,0867285f-c6b8-4fdf-baaf-74ced779982f
1995,1995,Elfi Graf,Du bist ein Bild von einem Mann,5fb7af09-6361-4f90-bb4d-d6ce541e5920
1995,1995,Elfi Graf,Lieber Leierkastenmann,31b6c215-c2ef-4e4c-a3bf-a390c5c754db
1995,1995-04-21,Eliana de Lima,De Bem de Mal,a288dd99-aafe-4879-b797-525ffb85c545
1995,1995,Elke Martens,Dann träume ich wieder von dir,90e3c463-609e-483c-803e-ffef9927f010
1995,1995,Elke Martens,Ein kühler Morgen,ac980100-2abf-4d43-a929-550a2d59e9ba
1995,1995,Elke Martens,Ich bin verliebt,592fcbbf-f3af-4782-beb5-3777c9151457
1995,1995,Elli Mac,So In Love,6a504950-11ad-4f2c-81d0-f4bd75c15f60
1995,1995,Elliott Murphy,Stolen Car,fe7d6a9a-65b9-48b7-a5ec-c2319278e6a3
1995,1995,Elliott Smith,Needle in the Hay,8a0b6b77-0328-33dc-9d04-52aef288d1e9
1995,1995,Ellis D Feat. The Specialist,Nice Up Ya Scene / Ooh Boy,84528683-4647-4349-915f-ad7007df5c2e
1995,1995,Eloy,Childhood Memories,1bfd7cf7-25ad-3a5b-9047-b7925cf07f98
1995,1995-02-20,Elton John,Believe,2608b1ef-90ce-3977-9db7-7181bd89ea2f
1995,1995,Elton John,Blessed,2e40dc87-dcea-4822-9e5b-9267e3680d23
1995,1995,Elton John,Made in England,0386c571-aff6-313a-a6b8-f8a08b8a79ca
1995,1995-12-01,Elton John,Please,a0ba7e55-ec19-4db0-919a-31947dcd29f1
1995,1995,Elvis Presley,The Twelfth of Never,834a7a4a-c601-4a3b-ab32-3cd8d60f46f6
1995,1995,Elyse Marquis,"Demain matin, Montréal m'attend",f2d208b1-290d-445f-8e09-2854d4defbd1
1995,1995,Elysium,Master of the Rainforest,8d9837f4-21f8-4dd4-aadc-a4c5382745cc
1995,1995,Eläkeläiset,Pyjamahumppa,23e4ca0a-750b-3223-9b0c-2fd88befad37
1995,1995,Embee,Rude Dog / Ruff & Tuff,d3c62d90-a7c4-4860-ab79-058a22ecc49a
1995,1995-01-20,Emel Müftüoğlu,Hovarda,39d9bb28-db91-44d1-9b25-08dfce3846a5
1995,1995,EMF,Afro King,6f716b4f-2668-3c5d-84e1-5b8f507a53a5
1995,1995,EMF,Perfect Day,fb2f299a-3319-4b1d-a002-eeca607585fe
1995,1995-06-26,EMF & Reeves and Mortimer,I’m a Believer,48f5daab-60b8-3683-8179-a381b30bfe20
1995,1995-10-04,EMILIA with BASARA NEKKI,HEART&SOUL,5ebcb013-a003-3b27-99db-a2cf772def2c
1995,1995,EMJ,Real Love,94afdd68-746b-4b98-99d9-fb314510c129
1995,1995,Emjay,Fascinated,278cab15-4686-3bbc-8a6e-95b6bd58bacf
1995,1995,Emjay,In Your Arms,17fff388-d7c9-3b48-a7ad-8cce25950711
1995,1995,Emmanuel Top,Climax V 1.1,ebe5a35d-fa87-3a1a-ae35-599dee0ad668
1995,1995,Emmanuel Top,Fly-Tox,b2c50419-f8df-398a-aad5-0966acdac8eb
1995,1995,Emmanuel Top,Stress,e8b7d853-28e2-3579-b3b5-f15c9b2dcd27
1995,1995,Emperors New Clothes,Darklight,9319bf2a-b77c-48b6-a39e-3887d3e48553
1995,1995,Encens,Instramentality / Dialogue,2fa00d35-44b4-4771-a534-3bafac120dc7
1995,1995-11,Encens,Venus Zen / Morphic Resonance,dd081719-51cd-4877-bab2-ac606edea768
1995,1995,Enchanted,Love Vacation,41a774ec-68ec-4e9a-bc80-2541e05ad76c
1995,1995,End in Sight,Deep Wound,753e94bb-7d84-3db5-9239-cd0bca76dc40
1995,1995,Endangered Species,No Doubt / S.M.O.K.E.,83e90074-f175-421b-bce2-7b2de3818365
1995,1995-06-24,Endive featuring Georgia Lewis,The Feeling,796ef69c-11e1-47c5-8e62-f93857dd1872
1995,1995,Endlos,Endlos,dee268fd-45db-4650-aa8e-fd001a0cec7e
1995,1995,Endstufe,Die Welt gehörte uns,4a5d5a8d-13ff-4ddc-8e7e-3fd55599b5e8
1995,1995,Energizer,Energy Trax,ddb4fda2-86f9-4ecb-b18e-76e536749f6a
1995,1995-01-31,Energyzer,The Planet Is Waitin',aa698ba6-983e-49fb-b8f7-80b76ad95a8a
1995,1995,Engine Kid,Heater Sweats Nails,c4e2efd3-404f-4308-b1fb-32ef9d1bab70
1995,1995,Engulf & Devour,Wake Up!,a6e65690-9dfb-4535-98b0-db320f2f81d0
1995,1995,Engulf & Dvour,S.N.E,8fe5abd0-0fcd-4412-ab5d-22e67c853fc4
1995,1995,Entombed / The New Bomb Turks,Entombed / The New Bomb Turks,dd81e903-a4bc-4160-8372-1c232df05f0c
1995,1995,Enuff Z’Nuff,Bullet From a Gun,d4076a40-254a-4955-b59e-97686d2e42f9
1995,1995,Enuff Z’Nuff,Life Is Strange,7398d403-0740-41b4-a00f-4f43e032f25b
1995,1995,Enveloppe Generator,I Wanna Make You Dance,c1bd8685-55e2-43f8-aab8-c09455134ac8
1995,1995,Enya,China Roses,9bf3df99-fbfd-4d7a-8d02-f988c325c617
1995,1995,Enzo Enzo,Les Naufragés volontaires,2e344afa-44c0-43b6-ba1e-d3154ad7f355
1995,1995,Equality,Time,b4c6ebef-5318-4920-a0e5-6682ac32cb16
1995,1995,Era of Futile Potentialities,December / Killing My Name,14c2aef8-b9c8-47de-a15d-1659a5f6c882
1995,1995,Erase,The Handsome Trip,75a80ec6-ffff-4fe7-82d6-d0bdab2eec95
1995,1995,Eraserhead,Life Is A Mystery,06128853-728d-4076-a3b1-8ef57fedbc27
1995,1995-11-27,Erasure,Fingers & Thumbs (Cold Summer’s Day),b48232ef-ea04-38fa-b9c7-abf8443c239c
1995,1995,Erasure,Stay With Me,128ca116-c496-4049-8f48-8d3070f580c4
1995,1995-09-11,Erasure,Stay With Me,7627b4ee-c074-347b-ba32-4eee056898c9
1995,1995-09-11,Erasure,Stay With Me (mixes),d2f86751-4b4d-4603-871d-192b17d56bce
1995,1995,Eric Gadd,There's No One Like You,e0600f58-6958-4b14-825f-730de3f84734
1995,1995,Eric Gadd,"Why Don’t You, Why Don’t I",f7e3f309-bd6e-44c9-929d-e13abc07d28e
1995,1995,Eric Matthews,Fanfare,dcf0afff-488d-359e-a558-961b498b4a99
1995,1995,Eric Sneo,Mysterious Playce,762e0f59-8b70-451b-9323-9109066dabbe
1995,1995,Erick Sermon,Bomdigi,39ba1e35-469c-4c4c-aebd-8af29c10332c
1995,1995,Erick Sermon,Bomdigi (remix),eb6094e1-7025-4e9e-b688-168e331234fd
1995,1995,Erika Norberg,Super Sonic City,ee661927-9c2e-4c88-8407-cfbb4f02679f
1995,1995,Error,Abort / Retry / Ignore,c0a30f9c-e213-442f-9b31-3fb1d5f41939
1995,1995,Eruption,All You B**tards / Don't Stop,2cbd1461-a1ca-4acb-8d1b-e362af8cba18
1995,1995,Eruption,Pop Bang Lovely / There Goes The Boom,3b6b0c3d-3509-4e6e-a81b-7b5ca343f942
1995,1995-09-25,Escrima,Deeper,7b1ab0f9-0bac-46a8-be50-6b152b5527b4
1995,1995-01-30,Escrima,Train Of Thought,1bfebee8-fdb4-4212-97a6-a309151092f3
1995,1995-11-13,Essence of Aura,Everybody / So This Is Love (Omni Trio Remix),c8a97cfc-d8ec-4dd3-8645-f16d190e4d1f
1995,1995,Este Rito le Sugerimos,two,2a7b7a8f-8158-402e-aba5-7773049c10b0
1995,1995,Eternal,I Am Blessed,18db7d11-798b-317a-8b44-36d172c51467
1995,1995,Eternal,Power of a Woman,043b9a12-9281-4e45-9004-a725e2c520a2
1995,1995,Eternal,Power of a Woman: The House Mixes,c76299d3-0afe-3b12-8d57-a78da4a541fd
1995,1995,Eternal Bass,A Piece of Drum n Bass / One Movement,1f4493be-5f2a-415f-9719-bce2e12e8230
1995,1995,Etnica,Astral Way / Asian Code 7,3a2bf56f-3023-4c04-8df4-5e1ec67e0ca5
1995,1995,Etnica,Tribute / Astral Way,16df104a-4b42-39d2-b1df-e1333438d8df
1995,1995,Etnica,Tribute / Intense Visitation,8cb01d23-e123-4cb0-bb2c-50a7cd521ccf
1995,1995-07-24,Eurogroove,Dive to Paradise,a098878b-184f-3a72-8faf-fafe79cf1cc0
1995,1995,Eurogroove,It’s on You (Scan Me),63ca565a-8308-393c-ada0-000f06615f8c
1995,1995,Eurogroove,Move Your Body,690d9cf7-54bb-411b-b4b9-44b0d0e2e3b8
1995,1995,Eurogroove feat. Dannii Minogue,Rescue Me,6a99ec68-72c0-34df-ba76-f33a1f851739
1995,1995-02-08,EUROGROOVE feat.CUILING,RESCUE ME〜奪回愛恋〜,6ab7403f-ba84-4015-8c22-641270235557
1995,1995,Eusebe,Summertime Healing,2af56bf9-19f6-452a-a43b-e699f085f8bb
1995,1995,Euterpe,Tribal India / Jahcai,739b0d0a-ac27-4c89-885e-9619982a02af
1995,1995,Eve Gallagher,Love Come Down,6cbeb827-2dfc-4a7c-9d32-af38f6225544
1995,1995,Eve Gallagher,You Can Have It All,43617509-2020-4f9e-823e-d885b4f02dbb
1995,1995,Evelyn,Movie Star,07714e7e-d6ec-4a46-ac81-c38ef5f82d8f
1995,1995,Everclear,Heroin Girl,11ed7e83-8402-3a2a-9d59-aa62b65c6afb
1995,1995,Everclear,Santa Monica,a444dd2a-e46b-343e-b500-542f32f641a5
1995,1995,Everton Football Club,All Together Now,5235c626-0500-4791-be35-02cdf2b62a99
1995,1995,Evil Conduct,Boot Boys,7627a46f-d769-446d-93d1-ed9cfdd6a2e3
1995,1995,Evil Stig,Bob (Cousin O.),0751e889-51f4-4d64-8f85-a7905977d93c
1995,1995,Evolution,Look Up to the Light,b4953ffa-7ca1-41f7-8376-1e9507c98bc0
1995,1995,Ex-Ignota,Amy's Day / Truce,e398286e-ffa2-45b6-9ce9-cbde938d3b66
1995,1995,Excess feat. Valery D.,Get Closer,6d3494e4-cf70-4695-9ec6-cb5278efb609
1995,1995,Exit,Fly Away,197f25a6-32d2-347a-915b-de72e6c3bb5e
1995,1995,Exit Way,Welcome to the Future,b5127dc9-41d9-4d17-8a93-82516b6a0df9
1995,1995,Exodus To Paradise,Rock-It,9037148d-fa01-4357-bf02-fb6543e5d886
1995,1995,Exoterrist,Jupiter Trigon,c427d073-f1c7-4c8f-ad87-2f5683b32166
1995,1995,Exotica,Can You Imagine?,70463898-cff3-4d8d-b430-bda1f7a3fdaf
1995,1995-02,Experimental Audio Research,Delta 6,aae92ae4-8835-48ba-b273-2a29f99ec0e4
1995,1995,Exposé,I'll Say Goodbye For The Two Of Us / I Specialize In Love,6680189b-411e-4ab5-89ca-45958df2e8f7
1995,1995,Exposé,I'll Say Goodbye For The Two Of Us / I Specialize In Love,de83c6e9-0213-4c0b-acf0-903d18414fa0
1995,1995,Express Feat. D2,Andy mit dem Handy,0833f96f-6072-4eda-9d09-eafbc3a20cb0
1995,1995,Expression Direkt,Mon esprit part en couille !,1dea0d90-bfe7-4555-98a3-6d1499d07ffd
1995,1995,External Space,Dreams,e52a2e42-fe6b-4269-a512-69b4692fa2a9
1995,1995,Extince,Spraakwater,f5a5702e-0927-3b19-9abb-95e07d19b7fe
1995,1995,Extreme,Cynical,d84707bb-51a1-43d7-8e70-74270b278904
1995,1995,Extreme,Hip Today,5e839c02-2dce-359a-a87c-f5280d48f533
1995,1995,Extreme,More Than Words / Hole Hearted,a9916ffb-8391-4041-aa6a-c827e71f367b
1995,1995,Extreme,Unconditionally,d166b0d9-14d2-497d-a170-99d7cef721d6
1995,1995,Ezio,Saxon Street,3e544317-881d-330d-a58b-98ded7bd958b
1995,1995,Ezio,Saxon Street,f76628e6-9d92-301e-9e09-be35d8058a8f
1995,1995,Ezio,The Further We Stretch,2fb95e1f-8949-3fb4-8744-5d0064039d25
1995,1995,Ezio,Wild Side,a3eaecc2-fc31-3e6d-84f4-439815b600e7
1995,1995-03-14,E‐40,Sprinkle Me,76f8fa90-bb36-4429-86cc-3d009486c5c0
1995,1995-03,E‐Rotic,Fred Come to Bed,8f7a26f8-0264-4cde-9aeb-2ff0e891cedb
1995,1995-06-06,E‐Rotic,Sex on the Phone,d026d0b5-8c9f-3dd9-b112-e2ebe9a2c325
1995,1995-10-02,E‐Rotic,Willy Use a Billy… Boy,d6b57581-e2e4-3dda-be28-4910fc1f000f
1995,1995,F.A.B.,F.A.B. am Mikrofon,2dbe8f15-5768-3133-8b1a-9b0385b12de8
1995,1995,F.C.B.,Excalibur ('95 remix of O'fortuna),3bb1e6ed-65fd-34bd-b964-b9128d78eece
1995,1995,F.U.N. Unlimited Nation Feat. Ayda,Girls We Want More Girls,56ee75fc-f6a9-4104-9967-77f3bda48fa5
1995,1995,F.U.N.O.,Bee in My Bonnet,dc0a5c3f-688e-40ef-a431-6df166c3d905
1995,1995,Fabe,Lentement mais sûrement,fde1a60b-f206-4c46-8db0-118082ab3d31
1995,1995,Fabe,Ça fait partie de mon passé,12aec321-ebee-423e-8dcb-c8d2ae2ab643
1995,1995,Fabel,Jordbær og grasbrann / Månedans,30a807da-997a-482c-8e70-e31a04e03f32
1995,1995,Fabu,Just Roll,fe85cebc-c62c-43bf-9746-79eeca8081fa
1995,1995,Fact of Life,I'm For Real,b89452a7-299b-4bb1-8f8e-f4f0ddb11a3e
1995,1995,Factor Six,"The Time, Die Zeitansage",ffe0a970-9c72-4249-bc8d-44b33090e76d
1995,1995,Factual Beat featuring René Dif,I Believe,affdb34a-14d9-4ce5-aab8-c6a02894bd6a
1995,1995,Fade,Separation,9d77f734-d031-3efc-bf5c-37e653803a98
1995,1995,Fade,So Good,415bf9af-7f83-390f-9af8-1dff071b7764
1995,1995,Fading Colours,Lie,0a013a2a-f711-37d9-a0dc-18ab9769c83f
1995,1995-09-25,Fahrenheit,Panacea,07a27337-7d5a-497f-acaf-b39c037e4700
1995,1995-03-25,Fair Warning,Burning Heart,41b1a244-18e5-489b-87fb-79ebd9be09f1
1995,1995-09-21,Faith Evans,Soon as I Get Home,749e5efc-52c9-4cad-8173-3fbe4b3a7d2f
1995,1995-07-13,Faith Evans,You Used to Love Me,214edb0e-bccf-439a-be78-70bc97fef50a
1995,1995-02-27,Faith No More,Digging the Grave,b70e815f-41b4-38cf-935e-a867f96d6f8d
1995,1995-05-08,Faith No More,Evidence,6cf6defa-b4e5-3ddf-9347-741ffdc6e938
1995,1995-05-01,Faith No More,Ricochet,ec26b533-058a-34e0-99a2-ba2760191aa5
1995,1995-11-27,Faithless,Insomnia,0626b22a-4f4e-3d9b-bcd9-03b051822d6f
1995,1995-07-24,Faithless,Salva Mea (Save Me),1c19140d-86ca-35df-8977-0e478e8d8fbe
1995,1995,Falkenbach,Promo-Tape '95,010b9453-76d8-3a91-a1a0-b575ff158c70
1995,1995,Fallen Angels,Taken Over / Frequency (Tango remix),bbbdc4d2-fe8b-4dd0-8935-88ced6f12e31
1995,1995,Falone,Sarah's Nights,fadcd42f-3edc-4f46-946e-06a0bd07e995
1995,1995-07-14,Family,Say a Little Prayer,7801d367-fe94-320f-9135-3154631e4b58
1995,1995-11-25,FANATIC◇CRISIS,Memories in White,274c1e60-e526-4a97-8863-9dee5e8ea399
1995,1995-08-21,FANATIC◇CRISIS,Truth,a0dc71e1-adee-4287-bf78-55ff136b3587
1995,1995,Fancy and Band,I Can Give You Love,ac0a8b33-2603-4a90-b617-26e1a743ad49
1995,1995-10,Fangoria & Iluminados,Sono come tu mi vuoi,e5d80041-4df1-492f-9ac4-9317d307be9e
1995,1995,Fargetta,Midnight,7339d1a0-9260-4d69-bde9-b329d8051847
1995,1995,Fast Eddie,Pump It,3297802c-4e88-4fda-aaff-b9b6cf0ed91c
1995,1995-09-11,Fat,Downtime,d929f33b-09b3-4250-9093-aa7fdafba570
1995,1995,Fat Joe,Success,ab7c6083-ec38-38d1-898c-acd8f8bbc103
1995,1995,Fatboy Slim,Everybody Needs a 303,86d9f039-6f18-3995-9938-4b25571277cf
1995,1995,Father DJ und seine Raver,Aus Rave Housen,ddb01a3c-cdc9-4078-acce-a0fe174a2a6f
1995,1995,Father Dom,Rumors,6ef80361-9533-4f09-a717-642f8a81d194
1995,1995,Fathoms NY,Brooklyn Beats,f2fe2758-f2cf-3076-a657-820702073b88
1995,1995,Favela,Skykiss,2e30b6a3-05c5-4b3e-bf11-e5d659cc9a65
1995,1995,FBD,Just Visiting Mars / Velvet,f38cd4d8-f74f-4ae2-8486-e2e280029ee8
1995,1995,Fear Factory,Dog Day Sunrise,ebaee418-18b5-3384-9489-f4a85a8882dd
1995,1995,Fear Factory,Replica,e14cbdab-4c69-4e03-a600-c6cd7c422799
1995,1995,February,Bliss / Into Red,f10cd1ab-9dc7-4f99-b733-37605c003fba
1995,1995,Federal Hill,I've Got Something for You,8abb6fa5-6c5f-445e-b420-64e571d5a414
1995,1995,Feel X,Que Sera,50135196-ef27-4450-baf2-327bdf6ce497
1995,1995,Ferocious,Get On Up,32664197-e954-43ec-8ba6-d7e18231477e
1995,1995-11,Fettes Brot,Gangsta Rap,c262ea88-3e3d-3aa9-af08-119d5a912055
1995,1995-02-27,Fettes Brot,Männer,cf96b28b-c142-3340-acad-d627cfe83c37
1995,1995-06,Fettes Brot,Nordisch by Nature,d5e6530e-654a-3590-9da5-3c8f04ad4275
1995,1995,Fever feat. Tippa Irie,Staying Alive 95,179c3904-98a8-4eb2-ac0c-d569c23c8462
1995,1995,Fiction,Básníci ticha,5019c64c-c8c7-4485-a6a4-bce1034f7cb5
1995,1995-11-13,Field Of View,Last Good-bye,d0c4210d-bb2d-4cae-8eef-2ebeb15ff83d
1995,1995-07-24,Field Of View,突然,6eff52df-01d1-41e8-a398-269ad3e6eb79
1995,1995,Fierce Child,Men Adore…,83bc45e2-276e-4583-b654-eda9de626214
1995,1995,Fig Dish,Quiet Storm King,af819c16-77cc-362b-8f8c-8a1138690572
1995,1995,Fig Dish vs. Everready,Eyesore / Weezer,c71db430-ac72-4dc2-9dfc-95317247d7f4
1995,1995-03,Fila Brazillia,A Zed & Two L’s / Harmonicas Are Shite,c862462e-c167-4d16-b0c3-58ecb4429c7a
1995,1995,Filter,Dose,3ec2533e-de5b-3a71-8f83-1d8bd27205f9
1995,1995,Filter,Hey Man Nice Shot,93f328f9-6e1e-3392-92aa-f4461071f31c
1995,1995-03-06,Fin,Jetstream,0ebf5529-409f-4a95-a236-237076e32c76
1995,1995,Final Fantasy,Controlling Transmission,4279268d-8651-4875-a561-e8cec62fc249
1995,1995,Finitribe,Love Above / Sheigra 5,ca09f0f2-9881-36ad-9790-3895e296c153
1995,1995,Finn,Suffer Never,e04fc27a-77f2-3530-8118-5aaf6d1c4633
1995,1995,Finsta Bundy,Feel The High / Where Ya At?,785d2009-4342-47fd-bee5-557c355b958e
1995,1995,Finsta Bundy,Who I Be / Bomb Shit,bfe987e7-282d-4470-9574-af08b38ba083
1995,1995-02-20,Fire Island feat. Mark Anthoni,If You Should Need a Friend,cc3b7780-83da-4edf-bd23-9e9587f19235
1995,1995,Firefly feat. Ursula Rucker,Supernatural,60eea79e-f1f3-4ce5-ae97-0c1963d4b690
1995,1995,FireHouse,I Live My Life For You,07d8745a-65fb-42b6-acb4-bfabf46f84e5
1995,1995-11-08,First Base,Love Is Paradise,65a7b506-3233-44bf-8e79-29cace505ee8
1995,1995-01-25,First Impression,love‐affection,253218ac-473d-4d5e-a0d4-fa7419275df0
1995,1995-06-10,First Impression,STARTIN’ OVER,56ea7cf4-4394-42c2-974f-6393835b95dd
1995,1995,Fischer-Z,You Never Cross The Same River Twice (Turn Back The Clock),506757fb-42e7-4c84-b6ea-29b2525e00fe
1995,1995-03,Fischer‐Z,Need Protection,f4bcac72-ae40-4de9-a61c-8b3c53757469
1995,1995,Fish & Chips,All About Eve (I Wanna Know),8ca1ddda-64bc-41d3-a44a-0f49e6c97aa2
1995,1995-08-14,Fish feat. Sam Brown,Just Good Friends,4f2799d3-55a2-3c23-a960-2dc9d490f30d
1995,1995,Five Starcle Men,Gomblasemba Lumbieca,aef69b5e-029c-4825-835b-a0dbc143dbce
1995,1995-11-25,FiX,Ballet,969895e7-540e-462d-b331-af914b5bbb19
1995,1995-09-06,FiX,Shangri-La,4bd0a982-1c24-4fbb-a821-b125489738a0
1995,1995,Flair,You,c3bbd42d-6ecb-4a19-89d2-c2af7b6c5b1a
1995,1995-03-13,flamingoes,Scenester,addc7fa5-34f3-4e01-b4b3-481b28b51513
1995,1995,Flamman & Abraxas,Drugs,fc551292-6a3c-3a55-a58a-a5ef3bdd0158
1995,1995,Flapjack,Fairplay,8073c601-3dd1-4d1a-925f-1fa5175539d6
1995,1995,Flash,In The Middle Of The Night,3fa061dc-bf24-4cc3-87dc-68d4c95baf1c
1995,1995,Flash,You've Got The Music,6c81393c-39bb-4fbb-83b2-b0add2f10c64
1995,1995,Flash Feat. Michael Cornell,In The Middle Of The Night (New Remix-Version),6a056a13-308d-4573-a8ed-e167126b068d
1995,1995,Fleetwood Mac,I Do,fbbf7033-38fa-44c9-bea0-af1657bc804c
1995,1995,Fleischmann,Ohne Traurigkeit,a6106e7e-d5e7-3868-a5e2-2c95e181f396
1995,1995,Flex,D.X.7 / Big Up,454552ea-b283-4412-a170-7a099ae715bb
1995,1995-11-29,Flip da Scrip,Throw Ya Hands in the Air ’95,f55566b1-7d31-3edd-8415-b0909db4b9a3
1995,1995,Floodplain,Pardon,f0073471-3344-44e2-b4f2-c956b2368458
1995,1995,Floor / Tired From Now On,Floor / Tired From Now On,f3385dc8-6a93-4e16-a2f4-44cbe4599acf
1995,1995-06-26,Floorjam,Stoneage,cf77d57e-a31d-4787-a099-6410ae9c1a4b
1995,1995-10-16,Floorplay,Automatic,9c6ece74-6077-4b1e-9e72-3fbbd8868e62
1995,1995-05-15,Floorplay,Universal Language,0cdb00ff-db27-45a6-96bf-90dde591939e
1995,1995,Flop,Act I Scene I,2c0cff55-7a2c-4ce1-ae2a-c6539a5ca921
1995,1995,Florent Pagny,Bienvenue chez moi,ce310d9c-a296-4587-8bad-60ceb3bf001b
1995,1995,Flotsam and Jetsam,Blindside,c56352e1-e263-3cb1-a549-0a236b72c81e
1995,1995,Flotsam and Jetsam,Destructive Signs,1c31fea7-89a3-4e6c-8aac-d4eef5c38e50
1995,1995,Flotsam and Jetsam,Smoked Out,594a658c-d5b9-43d4-ba20-9f64ff1f49bc
1995,1995,Flowchart,Accoustic Ambience,0778d264-1269-43e6-afb3-797aa6eda364
1995,1995,Flowers,Kiato,76cb84df-3d83-4606-b736-87a7d422c13b
1995,1995,Floyd George,Fortune,29c08abe-8ff0-48ae-b75c-6f0b0e87d204
1995,1995,Fluke,Bullet,0119c3f5-e2a7-3215-a389-d2b9931320e2
1995,1995-11-16,Fluke,Tosh,bd6a4008-c99d-3d7f-826b-fdace54b76c5
1995,1995,Flyer,Uni-Tone / Up!,9c2ee2d5-9f93-4966-a8f4-657121e472c8
1995,1995-04-24,FLYING KIDS,とまどいの時を越えて,3f17c41a-0caf-41cd-baad-378381ba0821
1995,1995,Flying Norwegians,Lonesome Cowboy,57a91fbc-13b2-4d87-882b-df4fa8107e9a
1995,1995-04,Flying Saucer Attack,Beach Red Lullaby,643cb3df-7ad4-3142-9a42-f84fd6daee9f
1995,1995,Flying Saucer Attack,Outdoor Miner,0aeac802-bdfc-34c5-a0e7-9ec55cf81df5
1995,1995,Flying Squad,Mayo,8ecc4169-3569-3d25-bd14-cacb71604327
1995,1995,Flynn & Flora / Aston,Silk Cut / The Sign,2d1dc3cf-dd2a-442d-9140-a1bcb93dcac9
1995,1995,FM Scout,Living Colours,1457b2b7-2e13-4291-994e-ff1e03068ea1
1995,1995,Foetus,Verklemmt / Be Thankful,4a429031-787a-4710-92d9-9626d7b0ecb4
1995,1995,Fokus,On Line,b63f1701-2b8e-40b4-9078-57d3fff3d078
1995,1995,Fokus,Trigger Happy,efc4cf78-aba2-4d0c-87bc-0a6f257f2d10
1995,1995,Fokus,Wired / Brave New World,c19c949b-4533-49fa-830c-e442b1a54f80
1995,1995-06-12,Foo Fighters,Exhausted,1aaa26cb-7cc7-4a4e-90db-1021ec938506
1995,1995-11-20,Foo Fighters,For All the Cows,24fca0e3-1b24-37a2-bc88-233e2c74c368
1995,1995-08-28,Foo Fighters,I’ll Stick Around,11860ae7-db08-37ec-a27d-d95d0bb3b360
1995,1995-01-19,Foo Fighters,This Is a Call,69d2a157-4344-3432-b4e5-fea77f8f63f3
1995,1995-07-04,Foo Fighters,Winnebago,da530a63-d6f8-3a09-a5aa-4af877bb19cf
1995,1995-11,Fool’s Garden,Lemon Tree,7724a4d0-ef89-3747-893d-8181ab04aa9b
1995,1995,Footprints,Guard the Dome (remix) / Pelan,ba825192-65b6-4944-b0e4-f4fcaa57db3c
1995,1995,Force & Styles,All Over / Pump It Up,3ffcebca-7516-44d6-8e44-2ea655782bc8
1995,1995,Foreign Bodies,5 Track Sampler,0cba2779-001a-4d07-83fc-30788778cd16
1995,1995,Foreigner,Rain,6ca3279f-0dba-4eb4-8c90-b5972d3f9968
1995,1995,Foreigner,Until the End of Time,c56badfe-2c53-3708-af8e-a2e6c10e719c
1995,1995,Formic,A-Formic / Quinaldine Blue,1b9d3618-37ff-311e-adec-e8c8dd2d0131
1995,1995,Formic Acid,Dreams Of Fantasy,ca887426-b1e2-40e4-9b79-bb0289f6b646
1995,1995,Formic Acid,The Creation,48a28de5-f449-49cb-a1d0-7ed06d271ee6
1995,1995,Formula,Biotit / Quarzo,76596c2d-5b08-40ad-a20d-dafba4a16f01
1995,1995,Formula 7,Dance With Me,a860e561-47b0-4f52-ab4c-d0864c942b0f
1995,1995,Fortification 55,Organism,d83bcf3f-b45d-4aeb-8033-163ff8d646bd
1995,1995,Forté,Do You Know (When You're In Love),8a48bea4-7edd-4d54-8ecc-38f9111e98d2
1995,1995,Foul Play,Volume V,ec2db3ca-a788-499b-8053-57dbb97f8c4e
1995,1995,Frances Ruffelle,God Watch Over You,0f26053e-e33e-4aba-8ce5-7630f9046968
1995,1995,Francis Cabrel,Samedi soir sur la Terre,40413399-bbe7-4771-88d8-979f2be0a805
1995,1995,Frank Black,Men in Black,22529833-defc-36c3-a7b3-39776c2386eb
1995,1995,Frank Black,The Marsist,e7ea5207-f639-4885-90d8-fbe084bb744a
1995,1995,Frank Boeijen,Niet alleen naar huis,73208df3-47d9-4ddf-8aa5-4eaf6c322469
1995,1995,Frank Booth Band,Gravity 3 / Play Pretty,54aa3d3c-d312-4095-b867-8e8ec5b577e8
1995,1995,Frank Bruno,Eye of the Tiger,08010f9e-71a2-3961-930a-f8a830b9eeb5
1995,1995,Frank Schöbel,Jetzt oder nie,2a493762-4e41-476a-afaa-1217e2a94651
1995,1995-12-13,Frank Vanoli,After Dark,ca46ca1b-b131-4c71-84c0-2279d60696e0
1995,1995,Frank Verkooyen,Ja jij / Zin om te leven,379869c5-095d-46e7-9c8c-9a7943381f9d
1995,1995,Frank Verkooyen,Nog één nacht / Echte vriendschap,9c9e8e9a-ca5b-468a-b906-a102acb9a6a6
1995,1995,Frank Zander,Axel macht Musik,8bf4019f-d13e-4750-b527-44bb7a3c5dec
1995,1995,Frank Zander,Dracula ist wieder da,eb1c2d7b-6a14-40e5-b7fc-fad1940f0a34
1995,1995,Frank Zappa,I Don’t Wanna Get Drafted,86971a4f-d1f3-43fa-8180-09aaf0ab0d22
1995,1995,"Frankie Cutlass feat. Doo Wop, Evil Twins & Fat Joe",Boriquas on da Set,8351b049-574f-4d59-8c92-6d3b838693ff
1995,1995,Frankie Knuckles,Passion And Pain,ac6f1836-6954-412f-a7e2-eb3f35ea4308
1995,1995,Frankie Knuckles feat. Adeva,Whadda U Want (From Me),f28ad790-6964-3fac-94f3-5ae204373ada
1995,1995-05-02,Frankie Knuckles featuring Adeva,Too Many Fish,58446cb3-eeae-317d-8341-1fbedf0e6e8f
1995,1995,Franky Fonell,Never Forever,8d5623fe-c94a-48da-9c69-c0e42388acf3
1995,1995,Franz K.,Alles wird gut,0e48cf4e-fc87-49fc-a98d-8413273bce8f
1995,1995,Franz K.,Die Eiszeit ist vorüber,4f46758f-1f3c-48b6-b788-63563674a10e
1995,1995,Franz Tornado,Doc. Jekyll Mister Hyde,de438c03-40d1-4d79-b6e0-0e84e547c87d
1995,1995,François Feldman,Destination,d2a95d60-d43e-4810-9f51-2b29e1af6fd2
1995,1995,François Feldman,Exit de la nuit,19e2b642-7604-48d6-badd-a47883e97827
1995,1995,Françoise Hardy & Malcolm McLaren,Revenge of the Flowers,0183c1f7-7423-4b61-bc12-44f15c7f9b04
1995,1995,Freak Power,"Turn On, Tune In, Cop Out",137f737c-3b0d-437e-9426-17ff889b0d1b
1995,1995,Freakwater,South of Cincinnati,5c33119d-4ee5-4e9e-87af-893157fb8fc0
1995,1995,Fred Blondin,Elle allume des bougies,465c4a4e-8633-403e-9d52-ba7d1674a3d2
1995,1995,Fred Feuerstein,Fred komm ins Bett!,58a616b0-e9b6-4df2-92ed-52b9403c86b4
1995,1995,Fred Feuerstein,Fred komm ins Bett!: Die Remixe,988f253d-01a8-4be6-8ec1-04bb717dc7dc
1995,1995,Fred Giteau & ODC,Isis,176e509c-bb3e-40ea-93a6-747054f32ca9
1995,1995,Freddie Fresh & Woody McBride vs. Drax,Psychopocalyp,c59f6b1c-d592-4e25-a790-3bf915d58341
1995,1995,Freddie Jackson,Private Party,36b53611-81e0-4150-a9f7-69d30c7c8703
1995,1995,Freddy Fresh & Tim Taylor,The Penguin / Scissorhands,6a265059-3fae-379e-add5-84c70c76b213
1995,1995,Freddy Taylor,(Take Me To) The Matador,33b2b349-cc87-4986-9383-5ccf304c620f
1995,1995,Free the Spirit with the Sue Nieto Theatre School Choir,Mary’s Boy Child,3c95b677-096e-4d4b-9b40-93108d9fc25c
1995,1995,Free!!,Doctor Beat,d8ef4e17-e267-4059-946f-43a97ce8f824
1995,1995,Freespirit,No More Rainy Days,627c8626-b35e-4a2a-91cc-5fd7c7e6bb47
1995,1995,French B.,Maintenant ou jamais,3628fd6f-8c5d-4fd4-ae5e-fa2212fc67b2
1995,1995-08-21,Frenzal Rhomb,4 Litres,adbc3356-63df-3d74-a27a-d82f36311085
1995,1995,Freshco da Flowa,Bring the Funk Thru,e34c8e89-b244-48e0-827e-3154d1518023
1995,1995,Friction & Spice,Pure / Journees,5ce53404-d346-4d0e-aa7b-4515c275b9d3
1995,1995,Friendchip,Harmony,259fc8c4-b4de-4ae6-aa1d-f58b810c9b10
1995,1995,Friends of Dean Martin,Polena / Seashells,15e3af46-0ef5-4eb8-a050-f67831582f05
1995,1995,Frits,Dankzij de dijken,0079997a-4b0d-3705-9b02-4efd9541e8c3
1995,1995,Frits,Quo vadis,33c553b4-e265-32a0-a0b6-7a4d8bcef9a4
1995,1995,Fritten & Bier,Mundgeruch,5c9daac9-8057-4b0a-a996-2674f5e218e3
1995,1995-01-04,Fritz Brause,Shilly Shally: Let's Dance Tonight - 95er Remix,25e7989f-6821-3d0d-a433-912542fe8657
1995,1995,Frodus,Sound Laboratories,a1af2cc0-d8c0-45c2-90e2-1a980c0562a6
1995,1995,Front End Loader,Trains,b2d99637-c3a3-3dd8-bb46-8b4aaf7e8913
1995,1995-09-01,Front Line Assembly,Circuitry,112b9067-826f-359e-8558-43d8714da982
1995,1995-01-24,Front Line Assembly,Surface Patterns,bb15566c-de72-3d18-a76f-5e30ffdf3671
1995,1995,Frontier Man,Express It Thru the Dance,361f2f92-65d3-4aa9-bc1b-764b6d4c1b53
1995,1995,Frontline,Falling,f87aa273-f039-4c32-8af9-e823c03e3eb2
1995,1995,Frozen Sun,A Trip To The Future / Saturn Rings,105adbaf-9d76-433e-8da4-5d389010e1c4
1995,1995,Frustradicción,Frustradicción,cf1a94ed-ad49-3a94-b0c6-4d5cab27ec6f
1995,1995,Fuego,El Diablo,3a961c6c-9700-43d1-9f66-2c81cdb94791
1995,1995,Fugees,Fu-Gee-La,ded07082-60a5-3c21-98f1-e84bf61086d7
1995,1995,Fugees,"No Woman, No Cry",95746655-6878-4a5e-9e79-895b3708281b
1995,1995,Full Force,Back Together Again,848bf256-84c7-4a9e-97c1-b66ae3fd363e
1995,1995,Full Intention,America (I Love America),86d55863-51f3-48f5-80aa-5783e2e7d3f7
1995,1995,Full Speed,Happy,678145e2-ae98-47ef-892e-817c505043e5
1995,1995,Fun Factory,Celebration,5182d418-d538-336f-90aa-415e744ee7fd
1995,1995,Fun Factory,Doh Wah Diddy,436d3a77-8201-4f92-81a7-7355b87d4010
1995,1995,Fun Factory,I Wanna B With U,ab762d38-0259-3798-be8f-37233c2a5033
1995,1995,Fun Factory,I Wanna B With U (Remixes),e015e76e-f134-4f18-a5cc-75e73ef71a40
1995,1995,Fun Factory,Take Your Chance / Celebration,97b7f9b3-e03b-4c22-90ba-80ab7ec9e67b
1995,1995,Fun>da>mental featuring Subi Shah,Mother India,762dcf61-144a-45a9-b631-da9ae7d61db8
1995,1995-07-24,FUNK THE PEANUTS,恋の罠しかけましょ～FUNK THE PEANUTSのテーマ～,e95d748f-8a5a-30db-96d7-be978f556de4
1995,1995-09,Funki Porcini,Ashabanapal Big Pink Inflatable,a50d9f42-d8ca-31f5-9277-a5933e28584c
1995,1995,Funki Porcini,Dubble,4474c229-9b62-4ac9-a02a-890ad4fd41bf
1995,1995-02,Funki Porcini,It's a Long Road,c90ba54f-c6b8-4388-a9bd-5adc0dc62bd8
1995,1995,"Funkmaster Flex & The Ghetto Celebs feat. Mad Lion, Rayvon & Ricksta","Safe Sex, No Freaks",d3d12229-cce2-4dbf-96a4-2e9db35d34eb
1995,1995-05-25,FURIL,夢見る愛天使,469e9bc1-dea8-3d52-bccc-7076697b48ee
1995,1995,Further,The Further John Peel Sessions,b9c018ae-1140-4758-bc3d-36762dc1fa6d
1995,1995,Fury in the Slaughterhouse,Dancing in the Sunshine of the Dark,cc6976d4-f8fc-3ffe-8dd1-f6a457770887
1995,1995,Fury in the Slaughterhouse,Down There,982d5245-9ca4-4c30-960c-4a168f4efdc4
1995,1995,Fury in the Slaughterhouse,Milk and Honey,929d0ebd-dd26-41b8-9162-5b25cc3f4432
1995,1995,Future Beat,Power Of Love,396be1ae-93f0-47cb-bb69-b603017020a6
1995,1995,Future Breeze,Read My Lips,e6e58910-ddc2-43e6-99d0-d3ab82b1e318
1995,1995,Future City,Only Love,2870fef1-ec17-46d3-8e23-9ac6ae22528b
1995,1995,Future City,Only Love,3474e94f-33f5-4ff5-b35c-70d88810a315
1995,1995,Future City,Only Love,703c29fc-2150-4a6b-aabb-f1f6a1c5b1a3
1995,1995,Future Funk,Dark Side of the Moon,9e1fab94-85d1-4689-9e71-5dc87db49276
1995,1995,Future Primitive,Feel It / Ban This,821f0df8-292c-4c51-8087-e54b98236c62
1995,1995,Future Primitive,Full Metal Jacket / Twinkie,eabadacb-8c47-40ab-962b-5c9f4db7c8b8
1995,1995,Fuze,Peyote Dream,92a5d949-b844-376f-a514-a26058d63427
1995,1995-03-16,Fuzzy,Lemon Rind,27e06b07-7dcf-45cc-9018-e95598152372
1995,1995,FX,The Sound of FX,ab8dea2d-0271-499b-85f5-b57a53bbb5d4
1995,1995,FZ,You Never Cross the Same River Twice (Turn Back the Clock),18569bc8-f96e-4386-b281-908422f34323
1995,1995,Füxa / Flowchart,Somewhere / Some Air Disturbances,c987a8af-c7f0-31dc-aa14-b1d27fd90673
1995,1995-07,G & VJ,Gonna Get the Boy (Italy vs. UK Remixes),5f0eeb9f-144e-410c-ac53-9fa71a1d9e44
1995,1995,G-Dubs & Matt Wood,Do What You Want,aed38b5c-70a3-4792-a517-306bde47f83e
1995,1995,G-Flex & The Bandit,Call of the Drum / Space O,6c2de11e-afe8-4696-a034-d31797cef7d2
1995,1995,G-Flex & The Bandit,Party AK47,2c8077c5-e0b1-47ca-9688-5fb242517490
1995,1995-09,G-Force,Out There,b8fc77fc-4aba-4cb5-877b-d0ce31d53814
1995,1995-06-06,G-Mo,Ballin',c71a1a58-5691-3d51-947e-762d8cfa1001
1995,1995-02,G. G. Anderson,Ich lieb' dich jeden Tag ein bisschen mehr,380fe63c-0aa6-484a-8c16-4e58ae8f4882
1995,1995-06,G. G. Anderson,Komm mit mir im Frühling nach Venedig,38c9ce1a-bbcc-4777-be72-291c4ad72371
1995,1995-11-17,G. G. Anderson,Lass uns nie mehr auseinander geh'n,fe05e76f-09be-4c0d-acc8-ab68b4a61991
1995,1995,G.E. Con-X-Ion feat. Samira Besic,Gotta Have the Music,941ca85c-f438-4a2f-baff-bcfad7290f84
1995,1995,G.E.M.,Quiero volar,935eef81-42f1-3ca4-9d6c-7ac713528ec1
1995,1995,G.M.C.,The Aqua Booty Theme,001d4874-1899-4f2c-a0c5-9713e295c4da
1995,1995,G//Z/R,"Drive Boy, Shooting",91686070-2263-4eaa-8d98-0ca2bb5cf66a
1995,1995,Gabriëlla Massa,Non no L'eta / Big Girls Don't Cry,534d6b35-0732-461b-a8fd-0df443020cd2
1995,1995,Galaxy P / Judas,Big and Broad / Can't Make You Stray,14df71b1-f7c1-4422-a52d-4a1fb9acbca4
1995,1995,Gamble 202,Red Index,8ea6c17c-ddb8-4804-aa26-7d578d0284fb
1995,1995,Gamble 202,Spicy Bred Of Charity (Part II),1429aa2c-d536-446d-affd-81bb11d0f24c
1995,1995,Gamma Loop,Perpetuate,5302bcba-baf6-4d0d-aefb-3c75f0eead66
1995,1995-05-03,Gamma Ray,Rebellion in Dreamland,501f4fc4-39a5-3b72-ba85-658802f880d6
1995,1995,Ganesh,Crisis,cf1d92d0-d8bf-488b-8dd3-f4e524b0951c
1995,1995,Gang Green,I'll Murder You,239756e8-5cc3-4dae-9ea4-fc4078decf4e
1995,1995-08-04,Gang of Four,Tattoo,06571d9d-c4fb-349c-80ec-7cdc0908069e
1995,1995,Gang Related / Mask,Oh My Gosh!,404ee753-1580-4bab-8089-b7a98e8a5148
1995,1995,Gang Related / Mask,"The Terradome 12""",8ddb413f-37d6-40b4-9238-3218f336ed9c
1995,1995,Gangster Sound / The Urban Dread,Selecter / Top Priority,40ea9720-1566-439f-95e4-8c244ffdbf03
1995,1995,Gappa G & Hyper Hypa,River Nijer (Remix) / We Go,ca257d20-6f38-49d0-b886-689a7e051df9
1995,1995,Garageland,Come Back Special,7af23002-1260-30b3-9c12-8f070519f7da
1995,1995-05-28,Garbage,Only Happy When It Rains,d70f559e-dce0-3072-8b58-948264d2a40b
1995,1995-10-30,Garbage,Queer,1741fc88-535f-3d15-a0db-04521dd25b4d
1995,1995-06,Garbage,Subhuman,5857ef77-a8bb-3a3a-824c-67c830385bbd
1995,1995-03-20,Garbage,Vow,7c14d304-c322-37ca-b80e-1654fd0da3fe
1995,1995,Garfield,Cool Cat,1c788765-872e-483d-94de-b59bccc1a24e
1995,1995-07,Garfield,Cool Cat (Remixes),bc4e3902-fe75-4788-a496-4212d999fdaf
1995,1995-11-20,Garfield,Party of Love,be36eea4-5878-4adb-9b50-67b32c8853ca
1995,1995,Garth Brooks,She's Every Woman,21d57082-b075-3f1e-b911-626ba3991d7c
1995,1995,Garth Brooks,She's Every Woman,d3fdb98c-4463-4d83-8677-7144e4ba13a9
1995,1995,Gary,Rockin' You Tonight,eab3d9e4-cede-49d8-996a-146ae7b9e4ab
1995,1995,Gary D.,Love Is An Ocean,d125b5ff-37e9-4ee8-84dd-8a48fc5838fe
1995,1995,Gary Glitter,By Public Demand,6bdbf30f-22e3-4b4e-bb84-5eccf1cf38a3
1995,1995,Gary Moore,Need Your Love So Bad,57c509d3-3cbe-309c-859c-4fd50c72d929
1995,1995-03-20,Gary Numan,Absolution,3983d9a3-8317-310f-9b64-a168816f6521
1995,1995,Gaskin Street,Stay A Little Bit Longer,f826f927-029c-3aff-8c2b-533523d660e7
1995,1995,Gavin Friday,Angel,1848c72a-51b8-3eea-9076-0c58bb8a0bb7
1995,1995,Gayle San,The Way of the Dragon,b89d0484-3bd6-45b5-96b2-eea086384de4
1995,1995-10-31,Gayà,Lovin’ the Way,ee4808be-c637-4814-94d1-0c134706d1fd
1995,1995,GBT Inc.,Vol. 1.,12af448b-2ede-4d43-a442-d61c97cde469
1995,1995,GBT Inc.,Vol. 2.,9109c379-2c89-432f-8cd6-81176fb0448a
1995,1995,GDR Feat. Puhdys,Alt wie ein Baum,36aa5cd8-3f27-484a-93f9-aab233f77858
1995,1995,Gems For Jem,Lifting Me Higher,71e33d14-83c9-3967-b50b-2da5d522c1cf
1995,1995-02-20,Gene,Haunted by You,4b5801b4-39ac-3b0d-b4ce-970ca94c74da
1995,1995-06-13,Gene,"I Can’t Help Myself / Be My Light, Be My Guide",edca0423-233b-39eb-95ed-6ec934d992e8
1995,1995-07-10,Gene,Olympian,1fffc877-b8a6-3061-9b4a-1e6a06adb8ea
1995,1995-09-25,Gene,Still Can’t Find the Phone,05a17a59-4c11-3bdf-96eb-abc2e45fea4e
1995,1995,General B,Bad inna New Clothes,f99d2ff7-490a-4202-83f6-701200573738
1995,1995,General B,Good Body,0206da11-1eb9-486c-8698-a1208645458f
1995,1995,General B,Tek Yuh fi Fraud,78b47053-3797-4b55-9ab4-9ddb68f18382
1995,1995,General B,Well Den,e5e8d4e0-bc4b-468c-924d-3238dc81e245
1995,1995,General B & Ghost,Another Man,dd1b63da-dfe4-4402-9a51-91fe654a7079
1995,1995,General Base,I See You,d71d1558-09a6-4e93-9846-eb63005120e8
1995,1995,General Public,Rainy Days,01f73607-7d8c-4f43-9b1c-07648b2d99b3
1995,1995,Genetic Atmosfear,Loosin' Control,b64e5e6f-9cbe-4691-8479-366e5fdd6bdc
1995,1995,Genlog,Airwalk,b19a4466-0a4d-4d93-9c2c-c3e8c856e89d
1995,1995,Genlog,Airwalk: Remixes,388e8d40-0fc4-31b1-8a61-b7339a09871d
1995,1995,Gentle,I'm Watching You,41f6a95d-7b41-49a4-bbf2-98c47979f176
1995,1995,Gentle,The Rhythm Of Love,283de0d7-fce6-4777-ade8-bc904f311d0c
1995,1995,Gentle,World Of My Fantasy,8a63097a-d8c1-4efa-830c-10333e06d296
1995,1995,Georg Danzer & Band,Mei’ Gitar’,abd6fd36-e14c-4e5a-ad7a-2770f4e6865a
1995,1995,George Duke,Life And Times,b527e227-35b0-428e-8541-5c645b6e03bc
1995,1995-01-01,George Gee Swing Orchestra,Baby It's Cold Outside,ae71f0ac-6b68-44c5-a387-541c5ce69c0b
1995,1995-01-01,George Gee Swing Orchestra,Cool Yule,f8b03c9a-a04a-4aa7-b9ca-4cf2b24e2935
1995,1995,George McCrae,Do Something,1ee7044d-5139-43e6-a748-5df659f51a7b
1995,1995-09-18,George Strait,Check Yes Or No,2889db52-77b4-4a62-83dc-bf3d04da9f50
1995,1995-12-11,George Strait,I Know She Still Loves Me,cf2a161c-79f7-4352-9f7f-2290834be565
1995,1995-07-31,Georgie Porgie,Everybody Must Party,4c49af98-b043-4e83-a125-8bb5ecab8ecf
1995,1995-09-12,Gerald Levert and Eddie Levert,Already Missing You,f8f36149-25ea-4f6a-bb27-1f556cae3f1d
1995,1995,Gerard Joling,Doe ’t licht uit (en ga maar slapen) / Is alles voorbij,5b72b75c-367d-46fc-94e5-8b841b6b9348
1995,1995,Gerard Joling,When I Need You / Love Is in Your Eyes,a1bf922e-8bd0-4730-8c6b-6f7faef97b71
1995,1995,Gerard Joling,Zing met me mee,9570f345-9306-483d-8fa8-484903460a60
1995,1995,Gerard Joling en Shirley Zwerus,Heel even / Soms,8f6bd708-ca93-4152-8fb3-6fc19cf7bd8c
1995,1995,Gerd,Arkest's Blaze,8bafafe7-737a-4e7f-946b-684ec6b83ec8
1995,1995,Gheto Concept,E-Z on tha Motion / Hard Copy,16e230d6-1a6a-4a33-a233-a4c65adc8728
1995,1995,Ghettolandz,Can He Come Out? / Getcha Open (Like Nature),f35f2823-22c6-4245-b60e-20c8412e1866
1995,1995,Ghost & Judas / Don T,Mind Over Matter / Good Caan Done,21fdc23c-5454-4ca6-9037-bc9cee3064ac
1995,1995,Ghost Town DJ’s,My Boo,f659d7e2-0b6b-3b7e-b536-286b02531c14
1995,1995,Giacomo Orlando,Acid Brain,85bdc436-c959-445d-b7ce-22a631461813
1995,1995,Giacomo Orlando,Synphoniko,0a301dee-4396-416c-bc3a-f065bc7a3b9d
1995,1995,Giampiero Mendola,Thank You for the Jazz,4448fa91-aa07-3ec5-a45d-52e0578db919
1995,1995,Gianluca Grignani,Mi historia entre tus dedos,683046e8-b953-4c94-ab89-c33033f72103
1995,1995,Gianna Nannini,Meravigliosa creatura,b407f481-5d07-4356-bb67-ac2cf637d9a9
1995,1995,Gianna Nannini,Piangerò,4327e06a-21c0-4843-a36d-b7660c7f8606
1995,1995,Gianni Bella - Gino Vannelli,Belladonna,117ee42f-47eb-4ac4-b4cd-8895005244b0
1995,1995,Gigabyte,It's My Life,30f04a2b-cb1e-43aa-8562-a98919a56b65
1995,1995,Gigi D’Agostino,Melody Voyager,cc87d18b-1683-41cd-8423-00dd9fd343ed
1995,1995,Gigi D’Agostino,Sweetly,4a172383-e96e-455c-b0b0-08c83c541527
1995,1995,Gigi Galaxy,Disco 2000,379df620-76cf-4b27-95ee-4d7aea63f1f9
1995,1995,Gigolo Aunts,Where I Find My Heaven,72cc606a-a19f-34db-afac-cf7e4cd73918
1995,1995-06-21,Gilles de Rais,シオンの花が咲く丘で,066bcd33-62ca-44ca-95be-c2c1b9803ecb
1995,1995-05-05,Gin Blossoms,Til I Hear It From You,7bb49774-e8b9-344c-85b4-101a868581e8
1995,1995,Ginette Reno,Laissez-moi rev'nir sur terre,cbbb2c44-6556-4f41-b85e-458c9afbee2f
1995,1995,Ginette Reno,Tu me fais voir des étoiles,8feeed4e-ca3a-4b14-b37d-779cb1d8e30a
1995,1995,Gino Caria,Got to Do It,9cc14037-107d-4a75-b506-b6181a668188
1995,1995,Gino Caria,Naked in the Night,ac39eb76-3d65-4e3c-9b45-a907e8e41afe
1995,1995-08,Giovanni,Girl In My Eyes,8e8a16d3-e19d-4ce0-a6c9-3f3058122cd9
1995,1995,Girlie Style,Back For Good,a1b2ee4d-6084-415e-bb20-10e7a8984dac
1995,1995,Girlpope,I Was a Teenage Jesus,4721c10e-eb59-476d-ac54-e9a082e477b5
1995,1995-02-13,Girls Against Boys,Kill the Sexplayer,f2ee2119-c3f6-3185-9393-145e17dbd97f
1995,1995-11-13,Girls Under Glass,Die Zeit,bfe90d9e-6cef-36a4-a034-f5ee619cd4e0
1995,1995,Glasshouse,Like an Alien,9d562b03-bf27-4d8e-869c-40d04f68dd91
1995,1995,Glassjaw,Our Color Green in 6/8 Time,47b31a68-12e8-4348-be49-7e09d19766c3
1995,1995-05-17,GLAY,ずっと2人で…,b744aa75-6f27-4210-bb40-5e4db6c7d465
1995,1995-11-08,GLAY,生きてく強さ,62992e51-3602-4a40-b1af-e28ba57a0ec0
1995,1995-03-23,Glenn Frey,This Way to Happiness,9185c81a-3b3c-4ace-9e70-659d3c6963a0
1995,1995,Glenn Underground / DJ Sneak,I Feel Love (Glenn Underground remix) / Ezeckiel 25–17,1afeacaa-3eeb-3292-a9c9-9c3c769bf861
1995,1995,Glenn Underground feat. Cei-Bei,Take Me Back,329bd234-2692-3d25-8c5d-73ea4c9247f6
1995,1995,Glennis Grace,Here I Am / One Time in Your Life,f1955146-4b89-44e2-aad5-244be122cc1e
1995,1995,Glennis Grace,Real Emotion,a0362d90-a44a-4216-a7c0-18188ff96a05
1995,1995,Glennis Grace,Somewhere in Time / Is This a Dream,a5cb55d4-3814-4f64-a326-2e65526883d1
1995,1995,Glide,Something,f62e3d58-be9c-4885-8706-2077a45b28f7
1995,1995-05,Glo-Worm,Wishing Well,4b228d5e-944c-4d65-bccb-d4814f1f9078
1995,1995-08-09,globe,Feel Like dance,f589bd14-337e-327d-a346-fad92ce8a315
1995,1995-09-27,globe,Joy to the love (globe),69c2e0c5-1d34-35a7-8455-97e66bef4272
1995,1995-11-01,globe,SWEET PAIN,fd757064-8eed-34c3-9c0c-11018c3d0d04
1995,1995-10-03,Gloria Estefan,Abriendo puertas,d14f6988-ad48-4db5-b98f-0e7a2905c9fe
1995,1995,Gloria Estefan,It's Too Late / Cherchez La Femme,4fdb62a6-1cbd-4757-9376-42f8e33d4392
1995,1995,Gloria Estefan,You’ll Be Mine (Party Time),61af07e8-9c0a-3f73-8a44-5a683d0a21f6
1995,1995,Gloria Gaynor,I Will Survive,e35dcadb-292d-35a5-aeda-47732d952f8c
1995,1995,Glycerine,666,94c2eed8-440f-4630-8008-a0ee3c7c1a4f
1995,1995,go green,Don't Dance Dirty With Me,d8d4e34d-67d5-4923-b572-63009727b209
1995,1995,Go Sailor,Don’t Go,0c83e975-aa7a-4e16-8e2b-41c0a7cb98ff
1995,1995-07,Go Sailor,Long Distance,ff94be7f-5ffe-442a-acb5-c2a44abbf98b
1995,1995,Gob,Green Beans and Almonds,517edd04-45d1-4f98-a3cc-f78c67f1c677
1995,1995,God Bullies,Millenium,1a5f8229-fddd-49b5-8fea-946a9b8057fd
1995,1995,God Father Fresh,Burn Burn,e5834a15-73f3-45a9-a5d7-1a75131daef0
1995,1995,God Lives Underwater,All Wrong,b7acdeaa-0f22-48d2-b84c-b11e07da10ca
1995,1995,God's Groove,Rain Falls,f9368f43-4eba-4c51-b4e6-afe4d89e4cbb
1995,1995,Godfather Don,Stuck Off the Realness,302daa3a-c644-4821-9c83-868c3046344c
1995,1995,godheadSilo,Elephantitus of the Night,80b09b33-2e4d-3ab3-befc-e8dedfb27e4c
1995,1995,Godzuki,Toast,78844a4d-4aeb-496a-9c56-2c487aaa8671
1995,1995,Goldbug,Whole Lotta Love,733b762b-e6da-3f77-8d36-c0c0bf045ca5
1995,1995,Golden,Chet's Jalopy,12923c1c-c586-46e9-9e1f-84340e0cc21f
1995,1995,Golden,Victory is Ours! / Lance A,f228fc86-8a5e-4b71-a57a-653e99b6f71a
1995,1995,Golden Earring,Angel / The Unforgettable Dream,8b7f8bd2-18f1-4a8f-8162-3f0e08afdbcc
1995,1995,Golden Shower,Rumpelstilzchen,d19b0aca-b4de-4983-8ad7-6c3c7eb45a40
1995,1995,Goldfish,Condor / Fondly,e4174f1b-8b44-4b76-92bf-028990f7bbc9
1995,1995,Goldfish,Rotor,b9d3da80-7c0f-3f55-b418-d003e7e8f93e
1995,1995,Goldie,Angel,db90e006-b73d-371b-a717-88e229572f8d
1995,1995,Goldie,Inner City Life,beea89bc-b954-3394-b2fc-ff95488fffdc
1995,1995,Goldie / Photek,Still Life / The Rain,1aaadc29-a5b4-32ee-bcad-755c72f0dd46
1995,1995,Gollum & Gary D.,Black Arrows,9c777ec0-7de8-4b25-93b4-66ef5dab2351
1995,1995-05-03,Gompie,"Alice, Who the X is Alice?",79c0e89e-0d8f-3d5c-a106-969fed022b7f
1995,1995,Gompie,Life? You Never Saw My Wife!,169926cc-a0ad-4922-a810-47c1b6fec2df
1995,1995,Gompie,Tarzan & Heidi,c7ed6030-78ef-4cfa-a833-f8649ef7b205
1995,1995,Gone at Last,Smoke on the Water,d396d70a-b273-4e5b-82f4-03bad351357f
1995,1995,Goo Goo Dolls,Naked,a6351b10-31cf-3283-8043-77fc80f7133a
1995,1995-09-26,Goo Goo Dolls,Name,239085d6-e920-3916-8e40-ad6b356ecd00
1995,1995,Goo Goo Dolls,Only One,7ed9ab71-4c66-3d22-9ed1-30da5d687afe
1995,1995-08-26,Good Riddance,Decoy,40901af8-bb16-34cc-b395-c74a0a405f8f
1995,1995,Good Shape,Come Closer,bef2d8de-68f5-40ce-b1bc-6227d81c4db8
1995,1995,Good Shape,I Will,af157f43-7eb7-434b-8905-0e053028d6a3
1995,1995,Good Shape,Stay the Night,a9e06418-95bc-47f3-9096-18d32fd37667
1995,1995,Good Shape,Stay The Night (Dance Remix),20a95fd3-32fe-4b59-83e0-0fe726e88626
1995,1995,Gordon,Omdat ik zo van je hou / Liefde zonder eind,96ee9bc6-3a08-40a1-9351-07fd56da32e0
1995,1995,Gorge Trio,He Bringeth Me Low Noisebag,76a912e4-9fca-45e5-9d5f-9fa4f468e37b
1995,1995,Gorki,Lang zullen ze leven,3b5c4d47-49e2-4707-b3d1-e1731a64eb6f
1995,1995-06-26,Gorky’s Zygotic Mynci,Gewn Ni Gorffen,b72657a3-f1ec-4124-bb0f-d8978aba082b
1995,1995-11-13,Gorky’s Zygotic Mynci,If Fingers Were Xylophones,a791132b-5edc-4bbe-a795-9297527b743e
1995,1995,Gottlieb Wendehals,Dumm gelaufen,696c76ed-b107-4757-8dbe-d0a929d11cc3
1995,1995,Gottlieb Wendehals,Polonäse Blankenese / Herbert,034071d1-bb81-452f-94d4-a805e56679d0
1995,1995,Government Cheese,It's a Rock 'n' Roll Party,54e1ab33-d444-4896-a77f-dbf792ffe1eb
1995,1995,Government α,R=L,699e4717-1c8f-49cb-9c6d-1920af7a1507
1995,1995-08,Grab This,Get Yer T*ts Out for Xmas,d0edf6ba-398b-4e43-8551-c6bbfa5084e3
1995,1995-08,Grace,I Want to Live,948368b1-c9e0-3496-a4f2-2b406cbdeffb
1995,1995,Grace,Skin on Skin,adb905a6-28b1-3d99-8b7a-295d888179f0
1995,1995,Graeham Goble,Crazy Over You,9bcd34c4-4b11-46fa-84fb-7bd9c211454e
1995,1995,Graeham Goble,Stop,3bcf8fd7-2404-4bbb-b8d0-28c3ae868260
1995,1995,Graeham Goble,Two Emotions,0e83fe42-85a7-4f2a-9bbc-c2a6a56cec67
1995,1995,Grand Puba,A Little of This,03a9b4e4-2afd-4fac-937e-b87b11ece4a7
1995,1995,Grandmaster Flash & The Furious Five,The Message,bbea064b-bbe1-4b1b-a29a-04071a942def
1995,1995,Grandmaster Flash & The Furious Five,The Message ’95 (Die Fantastischen Vier remix),5549c698-ff80-4772-8ff2-d55e7d6da96e
1995,1995,Grant Lee Buffalo,Honey Don't Think,c9a14d7e-8230-3c89-91e2-d7a787dbbb94
1995,1995-01-23,Grant Lee Buffalo,Lone Star Song,cf04b986-df89-4622-a260-f3edfdc1bf59
1995,1995-01-30,Grasshoppers,Smoke Machine,3208e9e8-b597-4700-86f6-84fe9f6b54e8
1995,1995,Gravediggaz,1-800 Suicide,f78dcb7e-d7df-4089-a733-0d7f9defb762
1995,1995,Gravediggaz,1-800-Suicide / Mommy What's a Gravedigga?,52486da7-1452-4eb4-9b13-ea87141280cf
1995,1995,Gravediggaz,"Mommy, What's a Gravedigga?",23aa3913-2061-4324-95bb-20e8abd008f4
1995,1995,Graylock,Acceleration by Bush,44dfb2a1-0514-4ff0-b9ff-83da0fdba424
1995,1995,Graylock,Acceleration by T.R.A.N.C.E.,595a97f6-cc13-3a1d-be8e-71efa7bd7018
1995,1995,green,Comaneci,7a5a26d7-daba-4755-ad1c-0c3f2e612989
1995,1995,Green Day,86,5c9da14e-4806-46e1-938e-c9f72c794e52
1995,1995,Green Day,Brain Stew / Jaded,53a63bd2-1a19-3cb3-a094-23ea65ea304c
1995,1995-09-22,Green Day,Geek Stink Breath,6957fa3e-57d1-3736-a0f6-3d8713f6751c
1995,1995-07-10,Green Day,J.A.R. (Jason Andrew Relva),9d4826ed-78b3-4765-9cc2-1585a5810e2d
1995,1995-05-05,Green Day,She,538a626e-a6d2-4a9f-ada0-265f824cdb72
1995,1995-12-22,Green Day,Stuck With Me,58307570-7252-3f39-9648-42eb667bf536
1995,1995,Green Jellÿ,Fixation,af8a84ad-49a9-4283-8c6f-9060a41b515e
1995,1995,Green Jellÿ,The Bear Song,ae2f547a-7bfb-4595-a114-8de5fb3a66fb
1995,1995-06-30,Green Nuns of the Revolution,Conflict / Cor,b562c0e6-2536-4acd-853c-fee593267c55
1995,1995-09,Green Nuns of the Revolution,Optimum Creakage,2da3a64b-b662-4582-8d65-dd82da385eb4
1995,1995,Green Velvet,Flash,5114dd15-55c7-3626-aaa1-5f8af5cedb19
1995,1995,Greenfield,No Silence,4292757b-28c7-4db5-887e-0c639ca15477
1995,1995,Gregor Schenker,Küss mich!,6369c148-309d-412e-b126-35f740c8a5f9
1995,1995,Gregor Schenker / Die fidelen Technotaler,Küss mich / Almhütt'n,232db48f-e2c2-4e67-ba53-60463f2c95d7
1995,1995,Gregory Gray,The Pope Does Not Smoke Dope,ce2cab38-4359-4a9d-8b28-1c37e461c51a
1995,1995,Greta,Some People,04203b29-c689-417a-a742-eab130f5f276
1995,1995,Greyboy,Whirlwind / Land of the Lost,05655f36-0dbe-3e98-8a95-ab91eca9e8e5
1995,1995,Grieving Eucalyptus,Drive In,3d9dbbe8-7271-4dc8-b0b4-df7dc986900d
1995,1995,Grip Inc.,Ostracized,8506350b-37c3-4ccb-a9c3-43dd3ce43479
1995,1995,Groove Gangster,Probier’s mal mit Gemütlichkeit (Du-Bi-Di-Du),0b5d66f7-fd4d-4ab3-9fd6-5c0676006924
1995,1995,Groove Park,Hit The Bang,27b8398b-f44a-4173-a537-053eafeb0d7c
1995,1995,Groove Park,Memories / Carrousel,a33bf9d7-1ade-44f4-9856-31fd1a0edeab
1995,1995,Groove Solution,Magic Melody,a4a44c3a-1e4c-4469-b9e4-062110a484cc
1995,1995,Groove Theory,Tell Me,40939d63-a0bd-39c7-bc2a-884a290dd765
1995,1995,Groove Theory,Tell Me - The Remixes,cded497a-989b-38c1-9552-196f6be59c1a
1995,1995,Groovecult,Midnight Dream,9108a10e-e474-4dba-afd4-825c87c3dd0a
1995,1995,Grooveminister,Verdient,cbd08c54-98d1-3b91-ae34-01d213d138a6
1995,1995,Grooveyard,Watch Me Now,585e12ac-b200-3ecb-a997-a0e3950b9cf4
1995,1995,Groovie Ghoulies,Beast With Five Hands,88a2745d-b2d9-31ad-a1b4-50cf7df12cea
1995,1995-06-07,Groovy Boyfriends,Angel,cb8f5a70-2e5b-457a-9538-b6222c1b1483
1995,1995,Group Home,Livin’ Proof / Supa Dupa Star,e60d5366-7571-40be-bebe-6362033e494d
1995,1995,Guesch Patti,Amnésie,d376f4ed-19ac-4331-a59a-100c08811a5e
1995,1995-06-06,Guided by Voices,Motor Away / Color of My Blade,df2564e9-2446-39b5-ac85-0741f2cccbc9
1995,1995,Guided by Voices,My Valuable Hunting Knife,08dc2161-ead1-3cd3-9c32-f674b0f71be9
1995,1995,Guided by Voices / New Radiant Storm King,Guided by Voices / New Radiant Storm King,04dff80a-7c74-386a-8fea-9ae5f9b99610
1995,1995,Guido Hoffmann,Hallo Du,317cbaa2-d0fb-456d-8222-54f0e58fd5b4
1995,1995,Guido Hoffmann,"Und heut Nacht, da brauch’ ich dich zum Träumen",dffa0f27-70f1-4432-9e5b-a54611549958
1995,1995,Guido Hoffmann,Und mein Herz schlägt einen Purzelbaum,342a1ad6-de0a-4885-b805-45e407984a2e
1995,1995,Guildo Horn und die Orthopädischen Strümpfe,Ich find' Schlager toll,24e8ccce-c012-4fda-820e-a3dc78db6285
1995,1995,Guitar Slingers,This is Forever,c83c9969-7465-4e72-917f-dc24c3db8468
1995,1995,Gun,Something Worthwhile,397b2baa-8564-4aae-b773-d34a861a57b6
1995,1995,Gun,The Only One,c4bb9fee-cae5-4876-b4b5-8b366ce14e36
1995,1995,Guns & Ammo,James Bond Theme,49e30453-1e5b-4b4a-9cb5-2bdec3935061
1995,1995,Gunter Gabriel,Der letzte Wagen ist immer ein Kombi,0c635047-c25e-40c9-b564-d0cda052750e
1995,1995,Gunter Gabriel,"Truck Stop, Tom Astor & ich",5fdac3d1-3051-4ced-a227-9353120a19f8
1995,1995,Gunther Levi,Hey Harley,f99745c6-53a8-4c34-b146-14fe31919653
1995,1995,Gunther Levi,Hou jij van mij,84efddf5-8ea7-4afe-a7d2-aa6c93205848
1995,1995,Guru,Feel the Music,86b02450-c560-3341-b880-0ae0973bc3aa
1995,1995,Guru,Watch What You Say,b1980f37-42eb-3e38-bbd8-e6dadb95a542
1995,1995,Gusto,Disco’s Revenge,d3e77807-5066-30e7-b61b-3857b842576c
1995,1995,Gut/Lane,Yadi Yadi,e5e894ff-9747-4ee9-b214-505d33c97980
1995,1995,Guus Meeuwis & Vagant,Het is een nacht... (Levensecht),a3798600-b9e5-3ebf-a367-95d469d196e1
1995,1995,GWAR,S.F.W.,51c5525d-679a-3f0a-9f0c-9327e12ff890
1995,1995-05-08,Gyllene Tider,Det är över nu,b8736308-ed5d-4c8f-9db6-95ab342f0df6
1995,1995,Gyrl,Play Another Slow Jam,bcad4c47-02b0-4a74-8048-19316e764de5
1995,1995,GZA/Genius,Cold World,d7b7600b-a9f9-319d-acbb-65c16d658d5e
1995,1995,GZA/Genius,Labels,2293ae4a-6424-42dc-85bc-540d736fe9bb
1995,1995,GZA/Genius,Liquid Swords,3e56d123-8b66-47f1-912a-e2e4cda69c5e
1995,1995,Gérard Blanc,Bout d'chou,2d8dca4b-ddd3-4960-9054-da8e1d40cef0
1995,1995,Gérard Lenorman,Maria de Belem,1f61c4de-9ad4-4109-b621-b8b9da4810ec
1995,1995,Gütt,Jetzt komm ich,ef28b1c8-dd6d-4085-b2d9-aba8385293b9
1995,1995-07-19,H Jungle with T,Going Going Home,33061f24-346d-3dac-bdae-f6bf997172f0
1995,1995-03-15,H Jungle with T,Wow War Tonight,598a5b0d-fb35-3eb5-9f42-5e90b54e9e49
1995,1995,H-Blockx,Go Freaky,a2e0ffda-1fb9-3eff-ad8d-5c98406b0f1a
1995,1995,H-Blockx,Little Girl,37407126-de5e-3439-8169-eabd855edfc8
1995,1995,H.A.L.O.,Eclipsed,2ac1746b-cf81-376b-9c3b-6b5ed3bffe85
1995,1995,H.M.P,Runin's,8c5092ed-1523-40f2-a936-ea660ae56df0
1995,1995,H2O,Livin' for the Future,38bb10d8-fec9-400d-b120-e2ada5715876
1995,1995,H2O,Satisfied (Take Me Higher),e0552897-3bce-3bed-8996-3d74766b06fd
1995,1995,Habit Trail,Turning Mid Young / Let's Go Writing,d157b45c-5b07-43d3-8626-0f341fc85376
1995,1995,Hackney Hardcore,Rudie,cab331ac-bf05-4847-b280-45c95e0c5678
1995,1995,Haddaway,Catch a Fire,08c72c33-60ca-4a73-b80d-c96b2967ebda
1995,1995,Haddaway,Fly Away,4c24943a-7731-44b9-959a-5336ed6798bd
1995,1995-07-03,Haindling,Mama,506d5d2a-11b9-441f-acf2-7816f5d0a5af
1995,1995,HAL FROM APOLLO'69,BOOSTER,c50cf689-7d26-4e2a-a619-d5ed6206181d
1995,1995,Half Breed,Dark Justice / Every Posse / Bonus,c1758a1f-e808-4ae2-b880-e40c5697f7be
1995,1995,Half Hour to Go,Don't Forget the Children EP,33236ba0-5ab1-45f0-aadb-361068db35c4
1995,1995,Hallo Venray,Split Sec / Drunk Again,e92c7be1-ad59-4491-aa27-08226aa07ac1
1995,1995,Hallo Venray,The Beach,8feab3e1-5f4f-4bb7-a558-b864d4d95724
1995,1995-04-24,Hallucinogen,Angelic Particles / Soothsayer,221021f8-1d50-3594-b092-8ba9a34afb3c
1995,1995-08,Hallucinogen,Fluoro Neuro Sponge,b420b08c-42be-355d-8a8f-41430dcdc99a
1995,1995,Hallucinogen,LSD (live mix),0ce7addc-cfcc-3c46-ba34-804b64a717a9
1995,1995,Halothan,X-Chromosom,d7c8c539-2854-4356-83eb-55af9659084e
1995,1995-06-21,Hanayo,Dang Dong,96e4a976-57b5-4764-a654-4f3b4230d387
1995,1995,Hannah and Dean Friedman,One Day,ad965a08-b9a1-4b95-a239-6383ca803022
1995,1995-01,Hanne Haller,Für immer du,47f7f30c-aeb3-4690-98c8-94ecbee3aac1
1995,1995,Hanny,Eerst wil je dit / De huisvrouwen rock,3c0ed527-2847-465a-b657-1b6a5797724c
1995,1995,Hanny,Ik ben geen Mata Hari / Als jij nu niet snel verandert,58804182-318d-4d9c-9bc6-e52adde6ed60
1995,1995,Hans Sommer,Ik hou van jou,04f6c036-48a6-484e-b13f-833690f9d868
1995,1995,Hans van Seggelen,Cherie,14552967-bdab-40fe-9447-7de22a0750ea
1995,1995,Hans Zimmer,Broken Arrow (Deakins' Theme),4ad7492e-6452-37ac-8709-aa9c3321466f
1995,1995-02,Hansi Hinterseer,Du bist das schönste Mädchen,e911b7ba-ee4b-4e78-870e-e67585a39b79
1995,1995-08,Hansi Hinterseer,Wenn man sich lieb hat,54251c02-9a05-49d8-be72-7ce1082992d0
1995,1995,Hanzel und Gretyl,Shine 2001,414c0647-3265-30e5-a457-e9c86c81c0f4
1995,1995-08-14,Happy Clappers,Hold On,c0cc7434-e5b4-4de4-add6-aef106e0157b
1995,1995,Happy Clappers,I Believe,429211a8-8270-3eec-aa4d-208813384644
1995,1995,Happy Colours,All Together Now,74be071d-3acc-4b8d-a5f4-c32b91ec6c02
1995,1995,Happy Division,You Make Me Happy / I Got Your Pleasure,8de19f18-c005-4ac8-98ee-7e3c4a96cdf2
1995,1995,Happy Ravers,World of Landru,6e1e2044-15e0-4985-b64a-2978a901f8fe
1995,1995,Happy Tunes,I Want You Baby / Intelligent Vibes,2c068e52-50f3-4e9b-84c4-d3959b6c7024
1995,1995,Happy Tunes & DJ Hixxy,Set Me Free / Feel So Good,1990b74e-8e76-4568-851d-18fb0be339ee
1995,1995,Happy Tunes / Midas,Rushin' on Pink Champagne / Imperial March (Star Wars mix),8b716b06-57a3-4c11-8c99-e92660fd8be0
1995,1995,Har-Ell,Brain Flower,d0f8ff7d-aa1f-47a9-8bd1-574d8a7a5b19
1995,1995,Har-ell P.,Brain Flower,99bd128a-2eb9-4640-8013-c5327353f64a
1995,1995,Harajuku,Can You Feel The Love Tonight (Dance Version),0aee7981-04a1-49d9-8962-93f18e752a43
1995,1995,Harajuku,Colors of the Wind,dc033320-a13a-3160-a703-65f74ed0716a
1995,1995,"Harald „Sack“ Ziegler / Joe ""Foolkiller"" Rössler",Crazy Club,d4017148-a1fb-319c-be7b-28ea6e67ac35
1995,1995,Hard Hop Heathen,Ohterior Motive,12314608-7626-489f-a5b7-6d7e20d41e25
1995,1995,Hard-Heads,I'm a Gabber Baby,56758cdb-75ba-3d39-99c8-b906c9c8f7bc
1995,1995,Harde Smart,Laat mij maar alleen / Zuur,1811d258-6340-3a1e-87c2-ca518566aa4e
1995,1995,Hardfloor,Mahogany Roots,b1a734a4-d66d-3767-9881-f8422502d050
1995,1995-07-31,Hardkiss,The Phoenix,86bdbe46-05f6-4d62-8f2d-0e254828397c
1995,1995,Hardsequencer,The Sound Transformation,e5fb5e76-8e26-320b-b467-326e6ed20111
1995,1995,Hardware,Yout Man / Gangsta Shit,f6cb122e-0ad6-4f74-97d5-800401fcc36f
1995,1995,Harlequin,Time Travellers / Fuck You & Your Family,36521cc8-0a8e-4d91-bdc1-b5e0e4d17202
1995,1995,Harlequin / DJ Menace,Mission Control / The Old Ultra Violence,b502cfd7-ed3d-4970-aac5-e43f828fba74
1995,1995,Harlequin / Sultan,It's Over / Raw,c8f1946b-c235-4c89-8c92-33c397649562
1995,1995,Harmony & Xtreme,Boo / Watch This (Back 2 Basics & DJ Harmony Remixes),8035ea12-4b54-4677-ba23-cea88381ebfa
1995,1995,Harmony & Xtreme,Boo / Watch This (Remixes),13d239b5-0457-44b2-9b62-eaa4f5a95db3
1995,1995,Harriet the Spy,Circle A Indicator,1734e308-ef81-48ab-80a7-31fc4870b78e
1995,1995,Harry Pussy,Black Ghost,f18ee777-f480-4a6c-8056-bf1decd76898
1995,1995,Harry Pussy,Zéro De Conduite,ff1201b5-fd5f-47b3-9a74-07bc92875eaa
1995,1995,Havorum,The Sombre,fccb79ab-5ed4-4a6f-a62e-9dbb248d4a50
1995,1995-09-07,Hawkwind,Area S4,ba28953c-c725-4080-adae-c2be122b7ee7
1995,1995,Haze,Tom Dooley,8a2904ff-2591-4c83-871e-c29b6e046994
1995,1995,Head-On,I Want Your Love,fb3253a6-229a-4b1e-b72d-5d191626bc05
1995,1995,Headcase,Critical Rhythm,8328b8a5-504e-47a6-a407-2678c087f96a
1995,1995,Headcase,Easy Now,5c6416f8-2827-488d-9946-7b023745980c
1995,1995,Headcrash,Death Certification,981135d0-5fce-4f35-ba29-93a012ac8621
1995,1995,Headman,We Love You,9df20dcf-55bc-4bda-aa10-48dc2f86af48
1995,1995-02-13,Headswim,Crawl,e08fb0b0-8fe3-389d-88ce-7b03db106a43
1995,1995,Headswim,Years on Me,21a5e3b7-ff03-49b5-baac-8b70d831ee44
1995,1995,Heart,Barracuda,02a243b6-4cc4-4a6a-afcd-8e6af1615360
1995,1995,Heather B.,All Glocks Down,d4eec01d-b007-4659-b717-4228398c2f77
1995,1995-08-25,Heather Nova,Maybe an Angel,73bb2309-76fc-3122-8d04-cf08cdef42c3
1995,1995,Heave,Pig Pretty,f94fc332-81d4-42f7-8ff3-26e8ab8172c4
1995,1995,Heave,Suna / 12XU,276236f7-9bc4-4add-8fb7-bb6264e60f22
1995,1995,Heaven,Mandy,45a7f43b-2824-4a09-932c-5f791d7dc1a6
1995,1995,Heaven,Mandy (The New Mixes),d92bda82-4661-4f4d-a1ce-46693b764c2b
1995,1995,Heavenly,P.U.N.K. Girl,f46dcaab-fb34-3dc8-805c-63d8732d512f
1995,1995,Heavy Johnson Trio,Pine Marten / Negator,3afac1b4-033f-4e8c-af6e-bfa0ec1f98c1
1995,1995-07-10,Heavy Stereo,Sleep Freak,af8687e1-ac16-36ce-8c41-c6b751c9d075
1995,1995-10-16,Heavy Stereo,Smiler,455d1c76-0c24-3225-9449-828c10b4ec16
1995,1995,Hector,Wow / Satisfied,003b88cf-0e09-4464-bfb8-0c0475b25934
1995,1995,Hedge,Not a Drop to Drink,0e0562dc-27d8-37c9-b9f6-a872c43cc666
1995,1995,Heideroosjes,"Goede tijden, slechte tijden",ea4e8f14-8efd-4e0d-90ed-1073b7df0281
1995,1995,Heino,Danke ist mehr als ein Wort,31dcd2ef-8c01-4ec5-874d-4f62e3b51b4b
1995,1995,Heino,Wie ein Felsen im Ozean,199b0685-177c-4bff-b2ba-7bb23c96cfd9
1995,1995,Heintje,Mama '95,0206d131-9da2-4213-89b4-82a84cd5ce9d
1995,1995,Heiter bis Wolkig,Auf Urlaub,9c8e6998-ee11-3c23-909d-5f310dc2d7c2
1995,1995-02-02,Helen Love,Ahead of the Race,e18294fd-6d5f-379c-8fce-bb1cbb72b83a
1995,1995-07-03,Helen Love,Beat Him Up,1c498077-a29c-3785-a6b3-18d684f51285
1995,1995,Helen T.,Ruff and Rugged / Ganja Feel,4c07c917-a5d5-4739-8245-d1d2fd2e2e4d
1995,1995,Helge Schneider,Gartenzaun / Verlorene Worte,52b3d60d-4354-4453-93a4-4868ea8a955a
1995,1995,Helge Schneider,Klapperstrauß!,6e65ab2b-bc12-4147-8a46-e2190e8f29ec
1995,1995-09,Helium,Superball +,2874eb67-ffb3-39b3-a25b-a54271dda358
1995,1995-03,Helix,N.D.E. / Before Your Eyes,dc52f090-97d3-42d9-b6dd-ad71eb258bd3
1995,1995,Heller 'N' Farley Project,Ultra Flava,76a3edf7-cfd7-396a-9997-baabc49f5b0b
1995,1995,Hellfire & Brimstone,Shaky Ground / Restless Road,3ae47103-2452-485c-9285-6bea91168d27
1995,1995,Heltah Skeltah & Originoo Gunn Clappaz as the The Fabulous Five,Blah,55fcd0cb-3ba9-4f70-ab2c-b88590d441fc
1995,1995,Hem,Be Completely Full Of......,8b051c36-4320-444e-92e8-5ba2a850dbca
1995,1995-11-20,Hemi,J. Holmes,af4ee097-514c-38d7-966d-0f4e51b99556
1995,1995,Hendrik Bruch,"Wenn Du mich liebst, dann lieb' ich Dich auch",deb12d3c-c6e8-4226-900a-c7dfec8451e6
1995,1995,Hendrik Bruch,Wer wagt den ersten Schritt?,d2542b85-4c56-4b31-a40d-cf85f712a321
1995,1995,Hendrik Bruch,Wie ein Stern,a553130d-402b-464a-8cee-abc9afed48f1
1995,1995,Henk Wijngaard,Da’s leuk / ’n Leven zonder jou,9b367ec0-9f55-487e-a0c7-e2e70655bc87
1995,1995,Henk Wijngaard,De vlam is gedoofd / Ochtendliefde,71ca716c-20ac-49d0-8c57-e9a9649e35a6
1995,1995,Henk Wijngaard,Ik ben voor de liefde / Ik keer terug naar jou,f9872a57-e434-479c-933a-05b9fd159ea5
1995,1995,Henning,Kallt blod,368ea5ff-a0de-4b3d-9555-021660168296
1995,1995,Henri Salvador,J'ai du faire le con quelque part,88ac839d-e6b2-468e-8fcd-38f7e99cc9a2
1995,1995,Henry & Louis,Deliverence,3533b4f9-01cf-4c2e-a124-888eb38caaf7
1995,1995,Henry Arland mit seinen Söhnen HANSI & MAXI,Bergkristall / Mamo,a2033c37-51a3-429e-bb6d-cba2245c5c68
1995,1995,Henry's Dress / Flake,All This Time for Nothing / Deluca,0e8b1d67-7e83-4818-9ccc-0043172cf514
1995,1995,Hepie,Laten wij opnieuw beginnen,fa9f3871-7011-4834-a125-9bd829120fc1
1995,1995,Hepie,Strauss meneer Strauss,2acce4a9-9b1c-4011-adb1-9013ebdbda1e
1995,1995-05,Her Number Thirteen,Of Has Twice Pieces,8407c6f9-41a1-3dd3-a822-764b7b7dbb10
1995,1995,Herbal T,New Name for Gangster / Special Request,1dcaa91a-3645-4376-959e-23eca9247d83
1995,1995,Herbert Grönemeyer,Halt mich,32567229-b8ee-47cb-b735-75c7d3d988b1
1995,1995,Herbert Grönemeyer,Morgenrot: The Mixes,334d0826-801c-45d3-9ab6-0710785abbec
1995,1995,Herbert Léonard,Je serais fou de l'oublier,1b413033-8c4d-424e-bc63-5475ef89bb32
1995,1995,Herbert Léonard,Je serais fou de l’oublier,4c7a090b-db2e-4b92-91a1-1d714edd83aa
1995,1995,Herbert Léonard,L’Été de tous les plaisirs,b4304807-25b2-4614-b966-806aa45bc24c
1995,1995,Herbie,Big Funky Dealer,38ae6892-d53d-3400-aed4-0d7ced7b5136
1995,1995,Herbie,I Believe,505bf0bd-ed54-4541-abda-b2a7e024147d
1995,1995-03-06,Herbie,Right Type of Mood,02d11ba0-6537-43e2-ab78-a6789c391a29
1995,1995,Herbie,Right Type of Mood,c718ce40-a71e-3294-83d2-a692951afd11
1995,1995,Het Holland Duo,Oh zilveren maan / Het huisje,83e2d68e-8fc2-4202-a46e-3e648454c4e6
1995,1995,Heuristix,Uganda,9980a55a-8844-4e87-b3fa-ae1fdd23630f
1995,1995,Hi-Score,Alltogether,0e421ba9-040a-4777-ae2f-a50a11905d7a
1995,1995,Hi-Score,Once Upon a Time in the West / Spiel mir das Lied vom Tod,446c18bd-832b-4e2d-bbb7-10da3519a63e
1995,1995,Hi-Spirit,Too Much Heaven,fe6b1937-ebe1-42ed-995a-caad7aa0fd46
1995,1995,Hickey,This Ain't No Fucking Melodic Punk,c60e9721-063d-434b-bf9a-0c39b9931e8b
1995,1995,Hidden Agenda,Is It Love?,ad1ae774-32be-3b84-add8-c918884ad2e5
1995,1995,Hidden Agenda,Pressin' On / Get Carter,3f857bb7-7f4b-3e36-987b-489b9431ad08
1995,1995-10-13,Hidden Agenda,Swing Time,972f2c8a-1095-45e4-89e0-3763a2c6188f
1995,1995,Higher Level,Feel the Sky / Makes Me Feel Good,74070160-5086-4c7f-a115-31d76370e0c6
1995,1995,Higher Sense,Bizarre / People of the Universe (remix),15b8f2ca-a298-42dc-bf0e-00f06cbfc15e
1995,1995-11-22,HIM,AQUARIUS,93a47d68-4bb1-48cb-90ec-abeb858bbb96
1995,1995-04-21,HIM,BECAUSE OF LOVE,768d22f1-efaf-42ca-8c8d-d3e2c0d692b4
1995,1995-12-01,HIM,HEARTBEAT SNOW ~THEME OF SNOW BEAT,9745836d-04f6-4a9b-86ba-4c32c4206e9c
1995,1995-07-21,HIM,"NO MORE KISS, NO MORE CRY",5ad3c709-af89-44e7-ba19-fdd2e900b1a1
1995,1995,Hip Optimist,Anafey,62124ab0-4dc5-4f12-b41a-4ca0d02f3ff9
1995,1995,Hipshakers,Journey To The Future,b5b1600f-b976-41a5-9255-de4fca86e204
1995,1995-10-18,Hiromi,立入禁止,6777ef23-c5c8-4cb3-8835-dc2b2b55bd0d
1995,1995-02-22,Hiroshi Takano,Blue Stone,2ff4f23b-53ca-452c-a6e2-2515428c8336
1995,1995,Hiroshima,Ödeland,0ce65f19-149a-4fa4-8087-88614299be87
1995,1995,Hitch-Hiker & Dumont,Journey Of Love,41aa6dcb-42db-43e2-b772-7a02587cb859
1995,1995-04-21,hitomi,CANDY GIRL,36f971a3-3514-4e0f-8a18-77bcbc670567
1995,1995-07-26,hitomi,Go To The Top,0cdccab1-79fb-4375-b190-6dfe829f8643
1995,1995-02-22,hitomi,WE ARE ”LONELY GIRL”,bff2a01f-8cb3-4035-8b48-443aab8a0ed7
1995,1995,Hodge,Head Nod,5799755c-0ecb-45af-a2c3-758f1c0386a5
1995,1995-12,Hole,"Softer, Softest",a8dba207-3234-4356-bc58-abf38e058b2a
1995,1995,Hole,Violet,6cb206aa-aa6c-3589-b19f-43e3ce650056
1995,1995,Holly Cole,I Want You,748a5f8f-14d2-3713-b4dc-8b060b712564
1995,1995-05-31,Holly Cole,I Want You / Falling Down,6f8a0bc4-d02f-3ae5-b050-1ccf39ad9b0f
1995,1995,Holly Cole,Jersey Girl,5e1a06b9-3edc-3397-a14e-40059cc483f8
1995,1995,Holly McNarland,Mr. 5 Minutes,cd39b481-ccd1-3031-9034-7fcaf9abec46
1995,1995-07,Hollywood Sound Machine,Sound Of Hollywood,7aa2107b-3296-445f-981e-ce71383627d4
1995,1995,Holy Garage,Surprise,d2800b17-e95e-359a-bcd3-36c2c54474f9
1995,1995,Home Boyz,Centerfold,f5622698-1df5-4635-8c06-598475981486
1995,1995,Homeliss Derilex,Only On Thursday / Critical Meltdown,c28ff7f3-8229-4e0d-bd1d-39fc84925055
1995,1995-05-22,Honeycrack,King of Misery / 5 Minutes,85d471fa-6dea-448b-bd56-33035cae7314
1995,1995-10-23,Honeycrack,Sitting at Home,57c188fe-f77f-3fcb-9bd4-9b584e5fe307
1995,1995,Hood / Carmine,Hood / Carmine,3df3f50a-66ae-49cd-9bf9-a196026c265c
1995,1995,Hood / Hem,Back From Wow Vol. 1,f08aa0ae-7be5-3536-904a-0f1ae06f43df
1995,1995-07-24,Hooker,Cheap Watch,1bc6eb93-6a45-4f17-8e42-87b164e94e19
1995,1995,Hootie & the Blowfish,Only Wanna Be With You,02e8ce16-4564-4330-b153-c7e9d488a231
1995,1995,Hootie & the Blowfish,Tucker's Town,16006479-646e-3252-a435-82e13c0a1d19
1995,1995,Hooton 3 Car,Danny / Numena,c7f42b1e-32fb-4d3c-8781-35691348abc6
1995,1995,Hope Bombs,Having Sex With Euclid,fc3ce83d-f5f8-40dc-bea9-885249473ad3
1995,1995-06-16,Hopper,Wasted,23bbff5e-9029-44f1-ab6a-f334c5ee3398
1995,1995,Horrid,Awaiting for the Truth,354e5039-a745-4e50-a96c-938e9026eadc
1995,1995-08,Horsemilk,They Milk Horses Don't They?,1dab6905-6245-3697-8368-2ff9ca780a57
1995,1995,Hoschi,Moonshine / Return to Zero,39acc354-bffa-4855-ad31-26cba6e01f57
1995,1995,Hoschi / R-Damski,The Tribe / Project Part One,f2a2d15f-c86a-4869-b75c-f6b505e16c47
1995,1995,Hot Lizard,The Theme,3179061e-4d50-454e-9eb8-643d50267243
1995,1995,Hot Steppers,Vol. 2,47e6afdf-ff8d-4fb2-9bbc-515468bb6911
1995,1995,Hot Steppers,Volume 1,d8e2d3dd-2b15-4dba-abca-694091603c31
1995,1995,Hot Water Music,Eating the Filler,c4906633-2c71-47f6-89db-7d7c0db5c31e
1995,1995,Hot Water Music,Swivel Stick / Hot Water Music,e849a842-2289-451f-ad8c-aa99dcc7e4f0
1995,1995,House At Last Featuring Mrs. Ruth Fassematzion And DJ Marko Beyer,Feel The Vibes / I Like To Jam,61f0dea5-666c-4c10-92b2-0f658eea97f6
1995,1995,House of Pain,Greatest Hits Mini-CD,7f7c8713-0cbd-33a9-a9e8-c3fda2189574
1995,1995-06-19,House Of Pain,Over There (I Don’t Care),f7f9056b-50cf-42c1-8f92-f0d7f2540fb0
1995,1995-05-18,Housecut,All of My Love,4425ae1a-9c32-4de3-b558-a3a305287124
1995,1995,Househeads,Try Hard,efbad8da-6fdc-48c9-a85b-fcc6c780c543
1995,1995,Hovercraft,Zero Zero Zero One,5cf54189-263c-4686-ad54-5e94910e049e
1995,1995,Howard Carpendale,Christine,b06abcdc-0af8-48ac-8d4e-d361ecb241bb
1995,1995,Howard Carpendale,Das bist doch nicht du,566d87aa-14e3-4b49-b417-d4f36313ddfe
1995,1995,Howard Carpendale,It's Not Over,eb251035-e6cf-44c6-8b9e-fae4e292311d
1995,1995-06-01,Howard Moss,Delilah,a02d76da-bc6a-41f8-8b7b-a7b1ebfa7843
1995,1995,Hubert Kah,C’est la vie,e9ad7137-a765-4e3b-ba17-7d1c94a3ed75
1995,1995,Hubert‐Félix Thiéfaine,Est-ce ta première fin de millénaire ?,ef8eceb8-17ef-48e3-9680-f638ea9d28a1
1995,1995,Huevos Rancheros,Come In Tokyo,47de0bea-56da-4a10-be3b-a3e33f753212
1995,1995,Hugh Cornwell,Everybody,3a050a4a-acaa-4dab-a48b-3155d9ce2ab4
1995,1995,Hugh K.,Unreleased Dubs (Shine On),0049f7c7-e123-4c07-a616-4a555391f7f8
1995,1995,Hugo,La Nacelle,3beb828a-3591-4ce8-a42b-392c0410dee5
1995,1995,Hugo Race + True Spirit,Valley of Light,55875ffb-8a3c-3695-82ae-7e9f797d7627
1995,1995-07,Hulaboy,"January 17, 1912",6ee6e7dc-28c1-44bf-bf37-417c45a3078d
1995,1995,Hum,I’d Like Your Hair Long,f76f98a6-eebb-432b-a497-d50b5734d7fe
1995,1995,Hum,Stars,11ba34b4-8e37-3901-a4e0-5b507a45129b
1995,1995-12-04,Humate,Sound,f759ecb0-d4fe-4ed9-a603-ddd74ae86548
1995,1995,Hunajamelonit,Sankaripoika / Kotimies,99d82fc1-c324-4def-bd44-35f4ec8314b3
1995,1995,Hunch,Template,d065e1c8-9d19-3130-844f-37d2684fd9c0
1995,1995,Hunter featuring Ruby Turner,Shakaboom!,3609dff1-75ec-4093-bb01-021de57ef758
1995,1995,Hurl,Madison Earful,0988b57e-aae2-4677-9aae-c1c875848bb5
1995,1995,Hype,All of Your Dreams,c8282c39-0d84-4723-ad10-aefefbd5bf8a
1995,1995,Hype,Hands Up,dc26e7f8-c6a2-3071-89bf-9aa45cca3139
1995,1995,Hype,U Don’t Know What I Want,6c197c09-efd4-4259-a84e-26683320683a
1995,1995,Hyper Pearl,Can You Feel the Pain,08ab5f04-06c6-49e9-a338-a3ce7e93a468
1995,1995,Hyperactive feat. Ivan Rebroff,Tanz Brüderchen,1efa8a60-b3c3-395f-b0f4-ecea9d5a2d9e
1995,1995-07-17,Hyperlogic,Only Me,ac071530-6c89-4396-9071-457f2709e547
1995,1995-02,Hyperspace,Arabian Knights,f1f885b3-4f59-434d-9565-222db294a6c3
1995,1995,Hypocrisy,Carved Up,77b7a6c4-7533-46cc-bd5b-51b3fec32e6b
1995,1995,Hysterie,You're the One,666f887c-2251-4796-9602-fa5418287665
1995,1995,Hélène,Moi aussi je vous aime,559381e2-3f82-4235-b1e7-2ab72d90032d
1995,1995,Héroes de la Fiesta,Eviva España,a71edd4b-6c87-49e8-8518-b954a7961aef
1995,1995,Héroes del Silencio,Iberia sumergida,f5c4186e-3e34-4d76-add7-99f887dd32c6
1995,1995,Höllenboer,Het busje komt zo,6a15d674-6b1f-44e3-90a5-232a1ee0e437
1995,1995,IAM,Une femme seule / Sachet blanc,4ca079c3-7a13-4c2b-b048-d1ca0aa65382
1995,1995,"Ian Levine, Tim Eames and Iain Simpson",Make It So: Star Trek Generations,48a804bb-0e69-4536-994a-d9995c3acf4a
1995,1995,Ian Pooley,My Anthem: US Mixes,092d026b-96b3-40da-b3b3-c742cd6cbffc
1995,1995,Ian Pooley,Rollerskate Disco,b38a0810-25e1-359f-9c10-c3cc183baf57
1995,1995,Ibo,Ich brauch dich in der Wirklichkeit,ffa11a27-742f-409b-875b-75b1b8eeed00
1995,1995,Ibéria,Bicho Homem / Quero,4ea25cc3-6b3d-3966-8237-b5311e1ebacd
1995,1995,ICE MC,Bom Digi Bom (Think About the Way),fc0d9c1c-53fd-35dc-8b49-addcb808a291
1995,1995,ICE MC,Megamix,3a0bf3ef-47a3-4a19-8772-cae24cfa204d
1995,1995,ICE MC,Take Away the Colour ('95 Reconstruction),8a2347b0-570c-3e4c-868d-af3ae9b111fe
1995,1995,Icons,Aspects / Inspirations,2f9d2ad3-1bd5-4053-8d54-2dd4a2b71065
1995,1995,Icons,Time Undefined / Walking On,411078e4-2010-4fd9-aac2-e44c82f0ce6c
1995,1995,Ida,It's Not Alright,a84ffd1a-7d45-4209-bd29-5aa19f5d237c
1995,1995,Idde Schultz,Fiskarna i haven,db130a77-9395-3edd-ab1d-3a94d2483fea
1995,1995,II Young II Rave?,Song for You,250f76fe-5a24-431d-997c-3d007923ca78
1995,1995-06,Ikon,In A Lonely Place,cec1a063-eb55-4a8b-8f8e-33a6f2b1e1a6
1995,1995,Il complesso misterioso,Christmas With the Yours,112acc3c-ccd9-3f1b-a074-73134e7dbb5d
1995,1995,Il gabinetto del dottor Caligari,"Lapide bianca, fredda dimora",e44cba9c-b92a-4f42-b1fd-41a0cc861699
1995,1995,Ill Al Skratch / E Bros,Don’t Shut Down on a Player / Funky Piano,8b46a0c9-fe1d-4036-a93f-c66b850f6867
1995,1995,Illegal 2001,Dosenbier macht schlau,9fe803f7-937a-3775-b205-964e8dfdb0dd
1995,1995-12-13,illmidus,Thazen,b09abc81-158b-4fcc-9a47-f04fa673379a
1995,1995-05,ILLUMINA,柩の中/心の肖像,3a3ec272-3364-4b23-afaf-46e44c7b706d
1995,1995-05-19,Illuminatus,Acid To Acid,ad452b33-101d-4556-8630-1b3e3b30cbf4
1995,1995,Ils & Solo,In the Area / Sweet Sunshine,fcef9252-5a79-3a6f-a31c-1db48ed96a9e
1995,1995-08-01,Image Transmission,Shoot Your Shot,cbe4c11c-7bbe-415b-8b54-9ecd7b5601cd
1995,1995,Images,Naomi (Jaloux de vous),800e4b87-847a-4c92-975a-8790506a8ac4
1995,1995,Immature feat. Smooth,We Got It,c554abe5-5e51-49e8-b5e7-c38ad54f136a
1995,1995,Immortal Minds,Pinakle Vision / Flux,fd94c16c-d301-4a8a-800c-7dc4da4ba455
1995,1995,Imperio,Amor Infinitus,d636c6db-0427-367a-91e6-58f299c42616
1995,1995,Imperio,Nostra Culpa,003379ab-38e4-4daa-aaf0-a5b3cfde752d
1995,1995-04-08,In Between The Lines,95 Rampage,9bce9201-a9bc-44fb-aae5-d627ff8352ed
1995,1995,In Between The Lines,DJ-SS & Roni Size (Remixes),7df64930-01eb-4606-9dc0-6588eeac34aa
1995,1995,In De Steen,Het grote bed / Ik moet je hebbe(n),7188844d-6446-49af-bd18-30e92eff1c5e
1995,1995,In'sanity,Paradise,23ea7444-5d19-4059-8ae0-23b2b80ecca7
1995,1995,In-Cock-Nito,Driving Me Crazy,e42b4496-4aab-49db-87de-e6ee1429dc7d
1995,1995,Inaura,This Months Epic,4f56744b-d969-4514-a187-76552cae9dd6
1995,1995,Incapacitants,Alcoholic Speculation,d457ba13-8af1-4e25-a34d-25ef1e16f952
1995,1995,Incapacitants,Sarin Will Kill Every Bad Aum !!!,dcec1b4f-29c8-46a4-9a4e-464c9eda9c6e
1995,1995,Incapacitants / Macronympha,I Hate Derivatives / Wet Panty Contest,1f66309f-524f-4a59-beca-c5e1783634dc
1995,1995,Inch,Inch,bbb4953b-e385-4e45-8bfa-49fdfdf5549c
1995,1995-05-09,Incognito,Everyday,416acd36-a823-4455-b295-011bcd5595b0
1995,1995,Incognito,Everyday,b2ae1842-bee8-4d9d-9835-d7b6a38a852a
1995,1995-07-17,Incognito,I Hear Your Name,1633a370-99a9-37dc-b5b0-73c8033a9ef1
1995,1995,Increase Joy,I Need Your Love,f4b1e739-7e96-44d0-8099-0b020f845d13
1995,1995,Incredible Force of Junior,Blue Cheer,3a1faf89-dda9-41a3-b1a9-7e07f97b541b
1995,1995,Incredible Force of Junior,Stronger,5cad3b20-ea03-44a4-aee8-6cea0fd2e353
1995,1995,Incubus,Give It to Me / Stoned Love,2d630224-4caf-491e-b32a-cb88b70f3bb0
1995,1995,Indian Fire,Hold Me,b7d66e62-294d-4377-9205-4ebac42b15b1
1995,1995,Indie UK,Apollonia,295fa52a-8dfe-45de-a50c-28e13edecbd2
1995,1995,Indiens Sacred Spirit,Yeha-Noha,35f960cf-63aa-4cae-b68b-739664e44e29
1995,1995,Indigo,Funky Thing,31d9f970-83cd-4184-a09a-4214bbd68f96
1995,1995,Indigo,Higher,714a33df-f03f-457e-b294-1b91736422e4
1995,1995-10-10,Indigo Girls,Bury My Heart At Wounded Knee,f9c795f4-0e52-4f40-86ce-e958d68c491a
1995,1995-02-28,Indigo Girls,Power of Two,976ebdb0-77fe-340c-bd64-9670db98340a
1995,1995,Indra,Anywhere,b019cb6e-b66b-4453-bff0-7e6f245fdd11
1995,1995,Ines Adler,Was soll ich in Hollywood,51ba59b2-0edf-4a92-9509-5111721f1a2b
1995,1995,Infectious,I Need Your Lovin' ('95 Happy Hardcore & Jungle Remixes),6eb3f216-0b0e-3be5-8651-1fb7aeeb1b8d
1995,1995,Infernus,Funcore,edb949d7-55b8-4b6f-95cf-99ba7e37dc07
1995,1995,Infinite Mass,Area Turns Red,30d4bc9f-aeb7-3551-a492-b770e4ed3c79
1995,1995,Infrequent Oscilation,Burning Phibes / Hi Hat Escalation,431602ba-678c-48c0-b5a6-da39a22fb613
1995,1995,Infusion,Smokescreen,987292d9-208e-37db-ae1b-28e72029d735
1995,1995,Ingrid Peters,Komm wir 2,1257b2b8-bab8-46c2-b001-f114d71b830e
1995,1995,Ingrid Peters,Wahnsinnstyp,dbaeeef3-f2a2-4e1f-b57f-549609315500
1995,1995,Ingrid Raack & Gerd Christian,Mein Oberhavelland,791cd4b6-b990-440a-9ee6-17daeb1a102a
1995,1995,Ingrid Schroeder,Bee Charmer,079a21e0-64c5-461a-8e95-f27ddb0e0d95
1995,1995-10-15,INGRY'S,Just Only You ～君に逢えたから～,b9dc43e3-b047-468e-9e1d-b35e33ca38e9
1995,1995-03-01,INGRY'S,明日もここにいる,9d44140c-7829-4c7c-b7ca-973f1a4c9284
1995,1995,Ini Kamoze,Listen Me Tic (Woyoi),e1531a79-15f4-3eea-812b-3675b69561a1
1995,1995,Inner Circle,Whip It (With My Love),f9827a56-0c0a-4b89-ba15-263ddb47db14
1995,1995,Inner City,Your Love,a0424eda-021b-4841-98db-5a43366d69d8
1995,1995,Inner Dream,Love Will Find a Way,a02d6049-486b-4523-b4a9-17cf85d32e43
1995,1995,Innersphere,Out of Body,0bcc56b0-359e-36ec-906f-920facd97ddd
1995,1995,Innocent Blood,You Got to Love,43490984-dbfc-35b4-ae4f-862e22fe02d2
1995,1995-08-28,Insane Clown Posse,Chicken Huntin',f71e4bb9-7d7b-37e4-823b-08ada52eb12a
1995,1995-10-30,Insane Clown Posse,Mr. Rotten Treats,0025866e-11b2-397c-9196-949f3d25e658
1995,1995,Insideout,Lover,1f2a9c49-ab1f-4597-a468-6b689b936411
1995,1995,Insideout,Will You (Still Love Me),727aa5f4-70bf-4681-ad27-dc64c19030b7
1995,1995,Insider,Enter The Electra World (World 1),d273476e-cd3a-4bbb-b85b-ddadd8fb816d
1995,1995,Insider,Enter The Electra World (World 2),82bcde11-c9ec-4174-b17a-2d09d0d5cfbe
1995,1995,Insider & Stephenson,Inda / Ckassadandra,c36b09e7-2e03-4f9f-990b-23c93f246aa8
1995,1995-06-25,INSPIRAL GARDEN,LOVE PACE MAKER,01d8971c-3c2c-41ee-833e-72833d4e6c28
1995,1995-09,INSPIRAL GARDEN,SECOND EYES,db9c0398-cab9-452a-a598-c6e33c797299
1995,1995,Instead Of 2,Fantasy,d7a9ae6f-7a44-4fab-b46a-3d6a95ba040e
1995,1995,Intastella,The Night,eca2b51e-fc17-49de-a724-07d84f6a9e31
1995,1995,Intelligent Concept,Electrik Journey,5608f72e-cbec-4e89-a0d2-4e007cdd8bbb
1995,1995,Intense,Breathless / Streams of Thought,05f7d37e-077d-3913-851c-a5c318ea2942
1995,1995,Intense,Chronicles of Intense Volume One,8cdf9a35-377f-4c5f-9ff1-054852b9924f
1995,1995,Interactiv,Shout,42fccf95-3cd7-4a0a-bbaf-ff2c7ca65996
1995,1995-03,Interactive,Living Without Your Love,71e6d22d-1dab-3422-b7e2-27caa578cf43
1995,1995,Interactive,Tell Me When,1221d3d4-03c4-47b3-a33e-c46657ad425e
1995,1995-08-01,Interactive,Who Is Elvis,099adf55-5e22-3630-9fcf-ae38fe37b307
1995,1995,Interactive,Who Is Elvis (The 2010 Remixes),759d4d81-082e-4590-a08c-9976a793a7d4
1995,1995,Interactive Force,Step Into the Groove,99cf091c-3790-4c58-8d3b-bbe236955cc3
1995,1995,Intermission,All Together Now,3cba2088-dc4f-4d27-8763-04e677be7425
1995,1995-05,Intermission,Planet Love,afce087d-db2a-44e4-b36f-30920420805f
1995,1995,Internet,Ballroom Boogie,0a8f1296-fbf6-4ca6-8deb-2f5e7d1517e6
1995,1995,Interrupt,Upside Down,e260e22e-0743-4ee5-9aed-4ec0c533e661
1995,1995,Intonation,Device II,b564f4ed-e428-4584-bbd8-dcd5d29de099
1995,1995,Intonation,Device III,f34c7583-00c5-4571-864d-4b2b0183338b
1995,1995,Intrance,Take On Me,01a5d5c3-926f-4bc8-839a-750b457806be
1995,1995,Intrigue,Got to Get Movin',84574481-1b5d-46c3-91fd-7e8154ace0eb
1995,1995-10-25,INVOICE,ILLUSION,5c09769d-fafd-4000-b5d8-39ca62fbc8bf
1995,1995-02-22,Invoice,幸福が・・・,ebad3a64-ec6a-4e3b-9083-9ebee7cb658e
1995,1995,INXS,Original Sin,8ca1dc2b-42d8-4ba9-976c-75c4f4f4a1b1
1995,1995,INXS,Original Sin,fa442520-4d48-4ba0-a8f9-61c2b51485b3
1995,1995-07-03,iO,Claire / Libre,258e4e26-8c3d-446f-9823-047e7d709598
1995,1995,Iodine,Buttercup,b7471b42-9660-4832-a93f-f395c19c2e58
1995,1995,Iodine Jupiter,Stäm blod,f681303d-4692-381d-954e-813f916485a8
1995,1995,Iodine Jupiter,Tomma boots på väg ut,3124595a-0b1f-3916-a5ae-3aa1a0f32573
1995,1995,Iodine Jupiter,Vilda lilla blomma,958c83d1-c5af-3455-8c76-52164deffeae
1995,1995-09-21,Ireen Sheer,African Blue,80ee100c-456b-48de-b718-ee98af2f98fc
1995,1995-11,Ireen Sheer,The First Noel,ec510569-ca15-4abf-b783-a8c332318f78
1995,1995-05-01,Irene,Without Your Love,7d7810e4-7dde-3351-904f-3651af775809
1995,1995,Irene Cara,Rhythm of My Life,c1bbd787-7702-41fd-9c0f-c72d4a377c1a
1995,1995,Irene Moors & De Smurfen,'k Heb Nieuwe Schoenen,845ec796-ebb3-4812-a747-7437003f4aef
1995,1995-08,Iron Maiden,Man on the Edge,fd15cdb5-6f55-3de7-92f7-9ffae74f792a
1995,1995,Isaac Hayes,Black Moses: Old School Revival!,7804b667-35f0-42c2-ab7d-f7101db230e2
1995,1995,Isaac Hayes,Fragile,662d8fae-99c6-4d51-bb65-dd42a1c54a39
1995,1995-07,Isha D,Stay (Tonight),644da20d-c2ba-3510-b64a-7d5fcf3a0804
1995,1995,Ismo Alanko,Kun rakkaus on rikki,8d2a58f4-29ea-36e3-9e41-dff3e36ffcda
1995,1995-01,Ismo Alanko,Taiteilijaelämää,daad7245-d385-338e-a600-0725859353e3
1995,1995,Israel Vibration,Rudeboy Shufflin,b291cd60-9eef-4fd5-b66b-3559d4b15bde
1995,1995-02-22,ISSAY,いとしのマックス,fb8948b0-0107-41db-aa19-b6690c6a5cf5
1995,1995,Itch‐E & Scratch‐E,Howling Dog,0ae667f5-7b0d-3266-a859-e72b33b476e9
1995,1995-11-13,Itty Bitty Boozy Woozy,Tempo Fiesta,a168f363-d3d1-44a6-979f-df6dab86ff87
1995,1995,Itzhak Perlman,In the Fiddler's House,0d555a6d-be57-395a-a7a4-3ff25eb96a89
1995,1995,Iugula-Thor,The Hollywood Smack,c7115e0f-0232-414a-86f7-fb97567b48a4
1995,1995,IV Xample,From the Fool,1aebb110-55b3-4aae-bff2-126c9444bf3f
1995,1995,IV Xample,I'd Rather Be Alone,d95c61f5-4a17-45e7-ad3d-83f746e640e0
1995,1995,Ivan Matias,So Good (To Come Home to) / I've Had Enough,bce18d4b-be5a-4026-9a7f-86545d593c42
1995,1995,Ive,Follow Your Love,2bfff5e9-8a04-4502-b3b1-3fd53bd25a48
1995,1995,Ivy,Don't Believe a Word,1d5a7ade-b830-373d-a0ad-d9dc4a4d5249
1995,1995,Ivy,I Hate December (Remix),d7a14479-2030-4a9f-a09d-b7d5b056f31a
1995,1995,J & J,100 Tons of Bass,54d17fa0-7101-4669-91ec-5631e44e6ff2
1995,1995,J & J,Midnight,18319cc2-5dd7-486b-82d0-f45f73509ca0
1995,1995,J & J feat.Secret Corner,Sweetest Taboo,ef0de5fb-199d-4ead-bdbe-afa93937cd4d
1995,1995,J & J Presents General Levy,Wikked - A !!!,ce9fd23d-123d-4555-90cf-f836c8db2f05
1995,1995,J Church,Racked,9214fef4-eb6e-4315-8b4d-46f53e97b2c1
1995,1995,J Majik,Arabian Nights / The Spell,e510fd4a-ca15-38df-ba8f-a7111697ef6d
1995,1995,J Majik,Jim Kutta / Needle Point Majik,5632bd17-9034-3c4e-b712-a362c7cc9658
1995,1995,J Majik,Lush Life / Melancholy,39d4aa1a-4687-3760-9d19-fd42fd0065f3
1995,1995,J Majik,Your Sound / Tranquil,23a09c66-39da-3c8c-a346-986238fd8566
1995,1995,J-C Russel,Artic Dance,9b36b10c-f79e-45f4-b140-318b90a6a7c5
1995,1995,J-Force,Bull's Eye,a664cec6-81cb-4fe6-bb61-1e883b00dbce
1995,1995,J. Daniel,The Way,65bec8c8-c97d-4295-90bc-80e269eb3992
1995,1995-05,J.D.S.,Higher Love / Stomp It Up,be381f27-1526-4fbe-885e-087ab645e064
1995,1995,J.E. PRO#1,Machine,182b4aa7-ff59-44c4-b987-3e0a9514c609
1995,1995-12-05,J.K.,My Radio,8fb06c89-64e1-4d84-8d18-fb5f0cbb9602
1995,1995,J.PAC,Nutter,201afd63-a7d1-3480-8c17-ce7c672e75ee
1995,1995,J.PAC,Nutter,77228936-6646-3c8b-8129-b96bc2ea0c33
1995,1995,J.PAC,Rock 'n' Roll (Dole),a144969e-472b-3c05-935d-77235de627bc
1995,1995,Jaacro,Spirit of the Light,84578a93-09cd-48fd-8f4a-dfc7b2dd6661
1995,1995,Jaap Stolkestein,"Oh, Oh, Westland",5983ae0c-51b4-46be-b3cc-9e9349d32a35
1995,1995,Jabberwocky,We're Just Bom Bom Boys,daae02ea-9162-4335-89da-8ff637936477
1995,1995-11-06,Jack,Kid Stardust,acb1216c-ffa0-4771-aa67-4770cc74e47a
1995,1995,Jack 'n' Phil,I Like It (Remixes),e75a1694-bb0e-4a31-901d-0c389a00e753
1995,1995,Jack 'n' Phil,I Like It / Listen,c264063b-d487-465a-8ca5-ad692ffda041
1995,1995,Jack Kunkels,Weet jij wel wat ik voel voor jou,0f3aadcf-1d29-4a91-ae83-a15671ab3459
1995,1995,Jack Ruby,For Adults Only / The Shadow,27ed78d4-613a-42a7-bcab-e999d5d6e34e
1995,1995-08-21,Jack Ruby,Global Torrents / Another World,1f75230e-d894-469e-bfcb-098b9066c9a8
1995,1995,Jack Sheldon,There's No One Like Nomo,fba212b7-334c-3624-977e-72c73c5716d1
1995,1995,Jackie and the Cedrics,Scalping Party / Sukiyaki Stomp / Justine,d0776d33-be16-3724-b7de-bc8e8e0a8aad
1995,1995,Jackie Leven,Leven's Lament,9e03cf2c-68cf-49df-81bd-e9e694d0f85a
1995,1995,Jackie Leven,Some Ancient Misty Morning,e6f47ec4-24e3-4467-b83d-46ab93640093
1995,1995,Jacob’s Optical Stairway,Solar Feelings,76088903-e56f-3fc3-8441-44da8db5f860
1995,1995,Jad Fair & Phono-Comb,In A Haunted House,cc51cf17-bf9b-4a3d-84ee-454f720e44ec
1995,1995,Jaki Graham,Christmas Song,6385f288-e4ff-46bd-bf58-4149f94597fe
1995,1995,Jakkpot,Just One Fix,40ee4857-26cc-4c02-a1f8-214641b7bd81
1995,1995-05-05,Jam & Spoon,Angel (Ladadi O-Heyo),81e5f230-c282-3b34-b0f8-b89517650c70
1995,1995,Jamal,Fades Em All (Pete Rock remix),c0780712-5dde-4eec-a4a4-772bb3a04bda
1995,1995,James Reyne,It's Only Natural,956e6c81-b38d-3596-ac6f-89d378acfb2f
1995,1995,James Young Group,Heaven in Your Heart: The Single,5cbf24ce-c364-4269-94d1-1dbe686b0bf6
1995,1995,Jamie Dee,So Good,54dcc635-1f00-4f1e-afab-3869beec6eca
1995,1995,Jamie Irie,Loving You,9630e3b2-971f-497c-b01e-9297bd71f9bb
1995,1995,Jamie Lee,Just 4 Your Love,5f3e3ecc-6b06-4420-9e6f-efbc0313b22d
1995,1995,Jamie Watson,All Cried Out,dc610a14-f627-46e1-8202-3237d8368818
1995,1995,Jamiroquai,Morning Glory,164aa421-031f-40e9-b50b-316b784b3e95
1995,1995,Jan Hellriegel,Geraldine,b7dcf0a4-ccf9-46cc-bdbb-e84aa347c94a
1995,1995,Jan Mühren,Never Change a Winning Team,4355bfc7-0394-4ab2-9725-d8abbb4fec8b
1995,1995,Jan Pravda,Haus-Traxx Vol. 2,c42873a1-6e0b-4161-a9b2-1d396788ca97
1995,1995,Jan Rot,Is dit liefde / Nog meer liefde,43a44c55-21ec-43c2-b76c-1b756d40deb8
1995,1995,Jan Rot,Niets aan de hand / Moedig voorwaarts,4ab64743-1ccb-4b6b-b826-17a906634bd5
1995,1995,Jane Siberry,Lovin’ Cup,871925e3-c01e-306f-9ed7-660be6f7fc4e
1995,1995-09-19,Janet Jackson,Runaway,70063235-077f-30e8-9994-a1a9c29f67cb
1995,1995-10-02,Janet Jackson,When I Think Of You (Deep Dish/Heller & Farley Mixes),1016b2fc-496e-4bd4-8e09-637d0b24fb49
1995,1995,Janet Jackson,Whoops Now,d1a1b248-1dca-37e9-8969-fa23fe648c28
1995,1995,Janet P.,A Guy Like You (Original Dance Version),73e72119-0078-4e5e-878b-a5c5356fa23e
1995,1995,Janine Boudreau,Longtemps,9ac882ad-8307-4357-8d15-ee2e434f9076
1995,1995,Jann Arden,Could I Be Your Girl,e12a3b00-6b56-438a-9c08-3f552107fdce
1995,1995,Jann Arden,Insensitive,63a50264-2a04-3ee2-b90e-5521e0b03b0a
1995,1995,Jann Arden,Unloved,92f803b9-661d-394c-8565-af1c503b387f
1995,1995,Jara,Jara,c37b392b-5d1a-4b26-9325-66beadfb7bd2
1995,1995,Jari Sillanpää,Satulinna / Oot täydellinen,540e8c6a-0a15-496b-acf4-389f33172ca2
1995,1995,Jars of Clay,Flood,1e3d7318-0ac5-47ac-9a1c-45ae2a83d2b2
1995,1995,Jawbox,Absenter / Chinese Fork Tie,c7d9f4d2-b99a-334b-bc9e-832c69359cec
1995,1995-09,Jawbreaker,Fireman,2d360281-6527-3a52-8813-7a5b8fa115dd
1995,1995,Jay,Now You're Gone,24a4d964-076a-48cc-ae08-5172f95683a6
1995,1995,Jay Cee,Storm / Calm,16636e6a-06bd-431d-b37b-f76b835e996e
1995,1995,Jay Parkes & Tone-E-G,Soundboy Pt 2,d7019b9c-f478-4ffb-92de-6dac74423f9d
1995,1995,Jay Parkes / Nerv,High Jack / Arabian Flight,8543bfb0-91fc-47c2-9ca8-343924454d65
1995,1995,Jayne Collins,No Turning Back,3a2f70db-88ec-4868-8152-5229980f06da
1995,1995-07-25,Jay‐Z feat. DJ Clark Kent,In My Lifetime,2dca9505-7aa4-423f-afe0-b75e6975fd0b
1995,1995,Jazz Juice,Jazz Juice,d74b5481-1e3a-477f-9675-8ec4a423fb55
1995,1995,Jazz Vibes,Lucky,6d8ca587-8b4e-4604-a13a-d3dba6534fd9
1995,1995,Jazz Vibes,Sax,c707dd68-b71a-4593-9832-a0148624581a
1995,1995,Jazzkantine,55555,9c6f2c6b-9aa1-344e-8825-8d7222845335
1995,1995,Jean-Pierre Kusela,Nauravan kulkurin paluu,46d03e91-faa6-3098-8032-13447f6c9411
1995,1995,Jeanie Tracy & Bobby Womack,It’s a Man’s Man’s Man’s World,8f23973a-4785-49ba-b083-530880cb4230
1995,1995,Jee Beat Squad,We Make the Bass... And Boy It's Banging!,558e0651-d3c4-4b6b-be84-9623c8ce5e72
1995,1995,Jeff Buckley,So Real,7b734c91-a3ab-4135-81fd-67b39d79e35b
1995,1995,Jeff Dahl & Freddy Lynxx,Born To Lose,2066a2da-841c-451a-9a30-58f03157afc7
1995,1995,Jefferson Project,All I Need Is The Night,5c2e4c93-86df-4a7e-b222-7ca78f4969d1
1995,1995,Jefferson Project,You Got Me,e9c03c91-e489-478a-933b-d4ceacaa59df
1995,1995,Jennifer Rush,Das Farbenspiel des Winds (Aus dem Original-Film-Soundtrack von Walt Disney Pictures Pocahontas),c7bdc360-4937-41ce-964c-0d9a15a51319
1995,1995,Jennifer Rush,Out of My Hands,e0c3fbe3-2c85-4ca3-b5de-0f3e42cb3525
1995,1995,Jennifer Rush,Tears in the Rain,372caf4b-c7b4-4d53-9824-dc005e63c76a
1995,1995-05,Jenny Morris,Rhythm and Flow,ea8f77a3-6a0d-4ad0-89de-870cbd5bdbc0
1995,1995,Jeremy Jackson,French Kiss,150ea817-0fc1-4e0e-b2e6-7dbe99cbd432
1995,1995,Jeremy Jackson,You Can Run,7ad418fa-5184-4083-96fd-ce550e473fb6
1995,1995,Jermaine Jackson & Theresa Rhodes,Save Tomorrow,3f9fdbfe-5a30-4724-a17f-a04883d04ce0
1995,1995,Jerrell,Tell Me The Secret,779b5141-19b8-4970-892b-fc33582529ff
1995,1995-10-17,Jerry Goldsmith & Joel Goldsmith,Star Trek: Voyager: Main Title,53abffb9-6e6a-3ee4-8659-4ae27e2e5e56
1995,1995,Jeru the Damaja,Da Bichez,1af3d6fc-f32a-4f8a-9b4e-9ff5e27d3856
1995,1995,Jestofunk with Ce Ce Rogers,Can We Live,dc182f47-75ed-3d60-bd21-4bcb490dc2e1
1995,1995,Jesus Messerschmitt,Nie irgendwohin,d1de2b63-6617-46b3-a15e-18f9248e2a82
1995,1995-01-07,jesus2099,Is It Really MEGA ?,69c20cd2-4b74-44cc-8bb4-d914f81fd6c7
1995,1995,Jet Black Joe,Higher and Higher,300eb91c-9795-4a9c-a46e-26b27abe3fd0
1995,1995,Jewel,You Were Meant for Me,9e886189-f49b-31b3-90ac-0bd451bb0a35
1995,1995-05-29,Jhelisa,Friendly Pressure,003cacab-5bd8-3d5d-afe4-05d4607d8c31
1995,1995,Jiggerwatts,Jiggerwatts,d0d57b20-bae1-4c68-b12e-740bb095724d
1995,1995,Jill Dreski,Heartbreaker,c8faa6a9-5808-4346-96b7-8a1f6da81cfc
1995,1995,Jill Sobule,I Kissed A Girl,5a7d9300-779d-4294-a292-953702da1495
1995,1995,Jimi Tenor,Take Me Baby,1c149526-386e-3480-a738-c1474c5b0e6e
1995,1995,Jimmy B.,Ik ben een vent!,c03265f8-2591-4dd0-9414-78e6069e6340
1995,1995,"Jimmy Cliff & Lebo M, Debbie Davis & Angélique Kidjo",Hakuna Matata,14350d78-6a08-40d0-b24b-def887f76f33
1995,1995,Jimmy Eat World / Emery,Jimmy Eat World / Emery,0fd89933-721d-3963-a149-25a4f639bbb2
1995,1995,Jimmy J & Cru-L-T,DJ's in Full Effect / Let's Go,8710202e-81cb-43e0-9dfe-830e3d608dc0
1995,1995,Jimmy J & Cru-L-T,Six Days,47bee7c1-d56a-3b2e-9a30-d50a8c97f8bc
1995,1995-04-04,Jimmy Page & Robert Plant,Wonderful One,c76242dd-4547-3180-ba00-4eafda19086d
1995,1995-10-28,Jimmy Somerville,By Your Side,6730a30a-e6d6-4db3-805d-948887232e93
1995,1995,Jimmy Somerville,Hurt So Good,380d1999-5d6b-4cd0-a055-29731ada48d2
1995,1995-12-04,Jinny,Wanna Be With U,2eca59ff-1d16-3b04-ad91-41e5af2863db
1995,1995,JLM,Groovy Beat,5f254aef-5dca-4046-89a5-6c2787d73c90
1995,1995-11-28,JMJ & Richie,Free La Funk (PFM remix) / Universal Horn (J. Majik remix),f83b51e4-e837-4854-ae47-476e28477dcf
1995,1995,Jo,Panik / Apollo 9 (remix),8c75a32b-261e-456d-81c3-4e819255979c
1995,1995,Jo,Raw / Overload,ff21aec7-2c38-413d-b5ab-f0a11e6b2cca
1995,1995,Jo De Poorter,Liefde op het eerste gezicht,9676608d-da83-45e3-80a1-d96ead24ff76
1995,1995,Jo Leighton,Love You Now,39a2b073-19a7-4796-93d2-8af72e7f867d
1995,1995,Joachim Witt,Goldener Raver,2d0648c7-a3a0-411a-ad93-cd16a9c20734
1995,1995,Joan Jett & Paul Westerberg,Let's Do It,72bf8841-243f-32d5-91c1-d1e3205014a0
1995,1995,Joanna Daik,Feel Me,00c1692a-5311-4cbd-90ba-457fa26a5b6a
1995,1995-06-05,Joanne Farrell,All I Wanna Do,3dc3e507-1e19-3e3f-9c84-5b77ee279eb3
1995,1995,Joby's Opinion,Natty Bohemian / Ntwadumela,6f55b2d9-d3f6-497a-9e4d-600c7f4632f4
1995,1995,Jocelyn B. Smith,Give Me a Man,753cf5d4-bcf2-4eb0-908f-a0c2363f0ebb
1995,1995,Joddla med Siv,Pilla näsan,c15f1bca-50ba-3bab-b463-e78e8b4db950
1995,1995,Jodeci,Freek ’n You,6d7f7faf-eedd-357b-85ab-3f705311b662
1995,1995,Jodeci,Love U 4 Life,eb18160f-b6c7-3c96-b182-ce4b6799f0e4
1995,1995,Jodeci / Mary J. Blige,Be Happy / Freak Me,670f5b6c-e868-317b-9295-7ca93c72b4a3
1995,1995,Jody Watley,Affection,d4eb4e22-29b8-4fef-9754-86c74f59222c
1995,1995,Joe,All the Things (Your Man Won’t Do),0bb5dd8e-8b40-4335-8820-1ede3c0cd155
1995,1995,Joe Camilleri,All Saints Hotel,7025c83b-ceba-462e-8418-9fcb456d2d8d
1995,1995,Joe Cocker,Have A Little Faith,afa75ca6-25ba-41b5-a0ec-fbfeccdee1cb
1995,1995,Joe Grushecky & the Houserockers,Chain Smokin’,59ea19a4-eb99-48cc-9da3-ff193fadd053
1995,1995,Joe Grushecky & the Houserockers,Labor of Love,9d40bb0b-5363-4190-a5cf-48a69f9b2121
1995,1995-06,Joe Samba Jr. feat. African Vibes,I Like Summer,e5a81008-45a1-4301-a05d-d4c235348651
1995,1995,Joe T. Vannelli,Pecamé: The Remixes,89365ff3-b5ec-3674-b958-7a1b4964a8a3
1995,1995-06-05,Joe T. Vannelli Project,Sweetest Day of May,76be5a86-5967-43e9-9b41-29526f0c077a
1995,1995,Joei Mae,Promise Me Your Heart,8f190951-e57c-36b8-a905-423bbfb4d786
1995,1995,Joelle,Upside Down,bba0853e-7300-4268-9ff5-d8b2ddbedf7f
1995,1995,Joey Beltram,Game Form,1d4d6f50-b6dd-38bb-8a5b-08ceadd2b1f5
1995,1995,Joey Tempest,a place to call home,1bb2ce08-f28e-4137-8fd1-999f32dda00f
1995,1995,Joey Tempest,Under the Influence,b37f32e8-4c04-4c09-8446-306f9c6e6557
1995,1995,Joey Tempest,we come alive,c46920d6-c85d-4fb3-9056-ea3df6a89c60
1995,1995-05-22,Joeyfat,Little Big Man,d5372c37-fde0-4b9e-bbff-8be6da1539dd
1995,1995,Johan Verminnen,Het geheim van de wielrennerij,1bac4ed0-0ab5-477e-a04e-f56959ead782
1995,1995,Johannes Heesters,Heut geh ich ins Maxim,68052dc4-759d-43cc-ae72-3f474a5fb483
1995,1995,Johansen,Se På Mig,7b4c2e8a-a05a-4f8a-89ea-7f66c1f575d7
1995,1995,John & Jack,Potverdorie nondenju,48a82054-8bb2-4cab-a9fe-0c2e2dec35e5
1995,1995,John Charles,Bounty,f0c40dc4-8e02-4846-a26e-c3e37a1c2d78
1995,1995,John de Bever,Als ik je straks weer in m’n armen hou / Wij waren vrienden,c961a9f1-ea43-4c29-9b32-eea84689c0fd
1995,1995,John Hudak,Natura,4223b08f-409f-48a1-b1c0-09f7c2ebad75
1995,1995,John Lee Hooker,Chill Out (Things Gonna Change),d31236ba-8e5f-4ec9-966c-a93728e2ac1a
1995,1995,John Lennon,Lost & Found Tapes,d969dab3-6e3a-40ab-8385-99f1938c1cd4
1995,1995,John Michael Montgomery,Sold (The Grundy County Auction Incident),b6190b7b-465f-4524-be26-104c616d6737
1995,1995,Johnny Bach,Du machst Wunder wahr,a0aeb011-6fa3-46e8-942e-429b1d634cf9
1995,1995,Johnny Cash,A Thing Called Love,1492ee9d-663e-4589-92fa-8f457140a255
1995,1995,Johnny Jungle,Killa Sound (Remixes),010b511b-2e69-4769-8e9d-433eaac3d7c8
1995,1995,Johnny O,Fantasy Girl,b23a1665-731b-3b3a-a6de-695e8406dc0a
1995,1995,Johnny Romein,D’r uit is d’r uit,15e5563d-0769-4e4e-874f-138e1c9e71cb
1995,1995,Johnny Violent,North Korea Goes Bang,c3ac72f2-8f29-376f-82d6-8397fc14e722
1995,1995,Joia Jeffries,There for You,cd7302ca-3c1f-46ec-8225-585e22c91510
1995,1995,Joint Venture,Just a Dream / Don’t Ever Stop,f3a7fba7-6ecf-4188-81e9-32191e53f375
1995,1995,Joint Venture,Take Away / Sunrise,94603651-0a03-43e5-be63-98e6740f66f3
1995,1995,Jon B.,Pretty Girl,6109b2e0-179d-3cd6-a8cb-177e4560d341
1995,1995-04-03,Jon B. feat. Babyface,Someone to Love,de508dd1-6ab2-478b-a18e-b350df0133ff
1995,1995,Jon Randall,I Came Straight to You,7cb59105-a75d-30ee-b337-23a79537a887
1995,1995,Jon Secada,Alma Con Alma,e19f7488-f336-4318-bd68-e2b5efb2b57e
1995,1995,Jon Secada,Es Por Ti,6572fcc7-6b28-44f5-81f0-2b46eb3166d8
1995,1995,Jon Secada,Mental Picture (Remixes),352a6c5c-265d-4d68-9499-10289434942d
1995,1995,Jon Secada & Daniela Mercury,If I Never Knew You,cf2746e5-7a11-4ab8-8500-aef967011c71
1995,1995,Jon Secada & Shanice,If I Never Knew You,b6c5d272-9541-3f7a-8072-80f20d64d1dd
1995,1995-09-25,Jon The Dentist,Elara,0cfd74bf-f235-48fa-9441-8802c09a95b3
1995,1995-05-15,Jon the Dentist,Global Phases,a7c83eaf-ba9d-4b27-a89c-51c60fa266b5
1995,1995,Jon The Dentist,The Simirillion,24959ec1-5d90-46ea-a28c-039c70c66626
1995,1995,Joni Mitchell,Big Yellow Taxi,eaa4c570-f952-38b2-a65c-ed12aec37da0
1995,1995-04-10,Jonny L,I'm Leavin',50ad722a-9366-48d6-b2ef-e6bfaf38c7dc
1995,1995,Jope Ruonansuu,Pappi vaan joi,a82b937c-9e96-4bd7-93d6-649429cf25a6
1995,1995-08,Jordan Hill,Remember Me This Way (Music From the Motion Picture Soundtrack Casper),01a4f7a5-4b7c-38b4-8172-bc3603bb5a25
1995,1995,Jordy,Coolman,bf1b8cc0-1f8e-4c03-a431-9e30f2c14fb5
1995,1995,Josh,Burundi,3c30f16d-7224-444a-a796-5cf56e8e3554
1995,1995,Josh Clayton-Felt,Window,b9f49af5-1a12-3114-ad01-2e48ec189bcd
1995,1995-04-24,Josh Wink,Don't Laugh,e494aa6c-3a3f-4a31-a2f7-a2ec38d90237
1995,1995,Jovanotti,L’ombelico del mondo,3648a0ea-3cab-37de-b576-003a561618b6
1995,1995,Jovanotti,Penso positivo,d6dc6a13-bff9-470e-8b85-25c696186ecd
1995,1995,Joya,Gettin' Off on You,c7f4bff6-f5fe-437c-b20e-6347adf2b103
1995,1995,Joyce Sims,Who’s Crying Now?,56d1cddb-efb3-4d4a-9e19-d3590e5b5b7d
1995,1995-11-01,Joyrider,Fabulae,e59da163-cc72-33d5-b3cb-cfeafbb16479
1995,1995-03-01,Joyrider,It Moved,64c1b2b5-47c8-3d80-893b-b64e86b99db7
1995,1995,Joyrider,IV,2eb0b21a-5e79-4bfb-a747-890e3364f254
1995,1995,Joyspeed,Itzy Bitzy,e2e150b8-b5f1-4c2c-9984-e4bd440c7dc7
1995,1995,JT & the Big Family,I Tried Hard...,6ec94280-c13d-438d-883d-ffc80d6f66ac
1995,1995,Juda & Triston Palma,Tickle Me Once,f98a5389-8ee0-4321-ba00-91e7ba85dc74
1995,1995,"Juda, Bad Dog & Stevie Face",Live Some Life,1b114582-0b2c-4710-9199-3db01ec07cf9
1995,1995,Judah,Poor Man Airfreshner,89fddfcd-7aef-473f-816a-58d1b3d75328
1995,1995,Judas,Can't Hear & Deaf,78f12a65-ff20-45fc-b689-fc5c0f0b6ecb
1995,1995,Judas,Drop Off a de Island,c19281c6-86b9-497f-9d7c-872d9809af06
1995,1995,Judas,Gun a Lick Like a Bomb,8bf4e657-4654-4367-a6ec-526b7706f41b
1995,1995,Judas,Kill Out the Breed,4a200605-c290-4097-b5b9-4fd137f1aa55
1995,1995,Judas,Mi God Not Mi Gun,9effa55c-edf9-4770-8507-95e891a08178
1995,1995,Judas,Pause for a While,329cbe18-ede1-45ce-80ef-9f2735c69995
1995,1995,Judas & Tinga Stewart,No More Will I Roam,c7bd16a9-f014-48c0-8155-e97383a064c3
1995,1995,Judas & Tony Curtis,Jennifer Choosy,8adf21cb-cf2e-46bd-8993-baf7d2104b37
1995,1995-06-19,JUDY AND MARY,Over Drive,b6bcb926-37b0-38fb-984a-7bfc7a06ab51
1995,1995-10-21,JUDY AND MARY,ドキドキ,bf1126e1-a85e-396c-abd0-2941698cd4f8
1995,1995-02-01,JUDY AND MARY,小さな頃から / 自転車,73877cbd-9c86-3205-8416-491bcbdb3986
1995,1995-06-05,Judy Cheeks,As Long as You're Good to Me,06edaaee-d8dc-4a3d-8d2b-66ecb1d81615
1995,1995-02-20,Judy Cheeks,Respect,4f4df5c5-fb71-42a6-af64-613a89173bb3
1995,1995,Judy Cheeks,This Time / Respect,ca73c354-5cef-4728-880f-6f0093fe85c3
1995,1995,Judy Weiss,Schütz mich!,8c8f690c-e1c5-438a-8b67-ce454a7e826b
1995,1995,Juicy,I Feel Love,84ea69a5-5d89-4f36-a608-a432b06bcb3f
1995,1995,Jukka Tolonen Trio,Mr Big Foot,a78ca6f8-a20e-47e5-977b-708cb9f8bdb6
1995,1995,Julia,Kathy,05a0aa60-6953-4f95-8105-1fb9864f910c
1995,1995,Julian Cope,Try Try Try,8a4a010c-3190-3f0d-82be-ddb464c8aa23
1995,1995-04-18,Juliana Hatfield,Universal Heart-Beat,ba5f6d48-8ef9-39d4-a39a-b944eba35b12
1995,1995,Juliane Werding,Alles okay?,e8583aad-1f0b-4cfc-b6a6-b98ff03acd26
1995,1995,Juliane Werding,Gib niemals auf,9c87a7e0-d150-40ae-8893-4985c99270f7
1995,1995-01,Juliane Werding,Singles,cc3ecf69-afdf-4aba-a595-a0e4f31eafe4
1995,1995,Julie Pietri,Je pense à nous,cfa99e7b-efb7-4f15-a4b3-f06fec0884bb
1995,1995-01-21,JUNCA,パイナップル・プリンセス,9d9090e6-e276-4eac-86d5-316a289c8894
1995,1995,June Pirate & DJ Jordan,Deep Obsession,5b32aeb1-ea98-4d76-9c4c-e87e0bb5a3a2
1995,1995,Juned,Possum,1e12b63e-a790-4d0c-b184-14ccb3d15d67
1995,1995-12-06,Junichi&JJr,0点チャンピオン,82ed2639-4fac-4275-8b09-8fa0ad0d0eff
1995,1995,Junior Flex,Work That Love,e07f38e1-46d4-47fc-81b4-3e23d6e118a3
1995,1995-07-21,Junior M.A.F.I.A.,Gettin' Money (The Get Money Remix),7b27aaa1-a328-3963-b490-c515c6772b5d
1995,1995-05-30,Junior M.A.F.I.A.,Player's Anthem,baeb5c12-c503-44e9-9dab-2ff539bd4bc1
1995,1995,Junior M.A.F.I.A. feat. Aaliyah,I Need You Tonight,3063da13-476c-380f-8013-54976922fc61
1995,1995,Juniper,Manna,f2cc4a55-b2d0-4b59-838e-0fc1dffbec2d
1995,1995,Junkhouse,Burn For You,01685c51-7e21-4486-adac-81dc5b4e085b
1995,1995-10,Juno Reactor,Guardian Angel,fac778c2-e3f0-39aa-8294-bd7158688802
1995,1995-08-29,Jurassic 5,Unified Rebelution,daa75986-36db-3e84-96f3-f08ebc948f62
1995,1995,Just Another Artist,Good Love / Full Circle,6c4ae434-2ef6-472a-bc36-5ea376e86c19
1995,1995-05,Just Another Artist / Sunshine Productions,Rhythm / Take Me to the Top (Remixes),3a03acb1-22bb-43e3-add6-34dfa5ccffc8
1995,1995,Just D,87-87,73c2c6e2-376a-3f45-ad55-863a6c6426da
1995,1995,Just D,Hubbabubba,e9ace606-96cc-318d-8e7e-c16ee63dcf52
1995,1995,Just D,Sköna skor,69315bb7-70d8-3429-ab90-8488d86e0536
1995,1995,Just Friends,Ever and Ever,d3f570fd-c9b8-3294-b9c4-c9415334ffce
1995,1995,Just Friends,The Present That I Want,e926461f-6ac3-4486-9130-57337c4564f7
1995,1995,Just Luis,American Pie,19bbf843-11a0-4e0a-99c1-a1bd8912e4d9
1995,1995,Justin Time,Help Me / Lose Control,f1195641-56dc-4256-9bda-fe2c92b627dc
1995,1995,Justin Time,Sweet in Pocket,5093db38-c5a5-4881-b2a2-fffde48c822e
1995,1995,Juxi Demus & Drum 'n' Black,Jungle Mode,251b21a9-a335-4b62-a37e-842b07ce3b9b
1995,1995,JWM & Rankin' D,Night And Day,5f5cc31c-7acc-424b-968b-9a2ea364f8c3
1995,1995,JX,You Belong to Me,053f3163-6dfd-3457-8b65-58f016c0ec49
1995,1995,Jörg Evers,Herzblatt,828a6281-9fe5-4040-b557-7e8a99865ee1
1995,1995-06-12,Jürgen Drews,Wahre Liebe,8bba55d8-ccf9-45bc-a2ba-ef6ebcae9738
1995,1995,Jürgen Drews feat. Luana,Durch und durch,444d4d16-4169-4295-961b-f4ec78e06cd8
1995,1995-10,Jürgen Drews featuring Silke,Durch und durch,93e400d3-699b-4493-a415-d8adb5ca31e5
1995,1995,Jürgen Renfordt,Und dann geht das Licht aus,562158e2-8535-498e-bab5-a2ff77342997
1995,1995,Jürgen von der Lippe,Der Blumenmann,93210ad1-7b7d-4b03-95c8-411ad9ec2394
1995,1995,Jürgen von der Lippe,Komm laß das doch,9c143976-e196-4efd-bc94-ca07496cd32a
1995,1995,Jürgen von der Lippe · Dirk Bach · Herbert Feuerstein,"Marmor, Stein und Eisen bricht",9b5b72e1-30d8-4108-856b-6231fe657eda
1995,1995,Jürgen Walter,...und ganz mein Herz,73f32492-c098-4726-a7a1-814e5be867e9
1995,1995,J‐Live,Longevity / Braggin' Writes,ab8ef884-a7fb-47ba-96d4-52f1bdbd9838
1995,1995,J’N’M Trax,Yeah!,98ce9fc2-28ff-4273-b418-e93c37f14b7f
1995,1995,K. Da Cruz,Love Is Lifting Me Higher,f03b5dfb-dc02-4c4d-b77f-746779821b8a
1995,1995-11-07,k.d. lang,If I Were You,376f989c-8f2e-4248-af4c-6f7828abb98f
1995,1995,K.L.J.,Fly Away With You,5a62dbea-0d94-400a-9cb0-84f085080417
1995,1995,K2,Grosser Bär,7914626e-2b8e-44be-8812-8c18fc5dfad6
1995,1995,K2,Lederhosn,2fc25efa-efd0-409a-8d06-611c7378ba12
1995,1995,Kabah,Al Pasar,32263201-c732-40fb-9327-3646b84b517b
1995,1995,Kabah,Al Pasar - Remixes,e0c50742-3e7d-4e10-80d8-6727a2b33670
1995,1995,Kabah,Encontré El Amor,530774c6-c40a-4900-aea3-aea9352bb227
1995,1995,Kadoc,You Got to Be There,a4c0cac4-c259-37c0-8508-31dd5921d5c4
1995,1995,Kaija Koo,Maailman tuulet vie,2c91aa4a-3976-4182-9b7b-36fa3ba2e287
1995,1995,Kaija Koo,Menneen talven lumet,1e5cdc53-4527-43bf-a22a-eca41d77063c
1995,1995,Kaija Koo,Seuraavassa elämässä / Menneen talven lumet,6950e828-1211-4026-b8a9-108f008bd702
1995,1995,Kaija Koo,Taivas sisälläni (... Tähtien rauhaa - versio),a876ed24-a530-4341-ad88-30f2d7536813
1995,1995,Kaija Koo,Viisi vuodenaikaa,26825160-fea7-4b5f-95b7-87cc4e6a8d76
1995,1995,Kaikhosru Sorabji; Charles Hopkins,"Gulistan, KSS 63",d3c0719d-6031-4022-8a18-ebe808c3b3d7
1995,1995,Kajsa,Angel Eye,11537d4e-2066-4ed5-8ff0-7f5ae5281caa
1995,1995,Kajsa Grytt & Staffan Hellstrand,Solen i dig,b5b7f107-135b-4a55-81f0-34e4de69297f
1995,1995,Kaliphz,Wass the Deal?,73f0840e-d1b1-4243-a461-730f58acb743
1995,1995,Kalle Baah,Juliette & Romeo,e9613a3a-d30a-3ebf-8c0e-57af529b1058
1995,1995,Kamaflaj,Bring It On / When,11227ec9-14b8-47b3-a76e-0d3c4be3856a
1995,1995,Kamasutra,Waterfront,77a9faa8-0015-4ffd-ae76-f5e981228c10
1995,1995,Kamelot,Tomáš,f2cb5fb8-162f-3f9b-9532-094c413c7c27
1995,1995,Kamiel Spiessens,"het isj nie moeilijk, het isj gemakkelijk!",b5f50b6d-a012-4852-a0a2-868f0fe6d83b
1995,1995,Kanabis The Edit Assassin,Feel,770e8d6c-a527-4c08-89a2-5b0ccb2fc2ff
1995,1995,Kane & The Paraquat,Supa Dupa,a61b8ac9-b9a1-47f9-8800-12ee2fce3d44
1995,1995,Kaos Theory,Sooth My Soul / Vintage Wash,a7a12be7-d138-4377-bee8-dcb265b127c0
1995,1995,Kaotic Style,Get In Where You Fit In / Down 4 Whatever,9b890a31-30d6-4563-b884-6f90aa2d734b
1995,1995,Karat,Unter dem Wind,ca33cc56-e6e0-48ea-bf04-52404618b9da
1995,1995,Karate,Death Kit,dae21938-5472-4514-9126-6db80fad059f
1995,1995,Karel Gott,Cara Mia,2f8c0eb1-f0f6-4d28-b2f9-c51505984fff
1995,1995,Karel Gott,Die Biene Maja,4e6f7ab0-45e7-3267-926e-fbcd7a07ea11
1995,1995-08-04,Karin Krog,YOU'VE GOT STYLE,5fb882d3-d27b-4fa0-8b3a-2515ec72c250
1995,1995,Karina,Let Me Care of You,31ad857c-40b3-4473-9a0a-df5ef4b17a3b
1995,1995,Karine Costa,Lonely Nights / Mes nuits blanches,61ec337a-8cf2-4c2a-9694-732fead8dd03
1995,1995,Karine Costa,She’s Leaving Home (remix),accaf0a5-64e4-4821-8fa2-b05a92441795
1995,1995,Karl Hendricks Trio,What Everyone Else Calls Fun,a67e97d1-013c-471c-8a46-dccdf4cede43
1995,1995,Karma,Reality,6d0d7179-8df2-4857-b302-d12f67a53bdd
1995,1995,Karsten Koch,Aryx,f8ff3d64-89d1-4f84-81f0-1d04e2b89990
1995,1995-07,Kashmir Twist,An Act of Health and Safety,c9b95c78-b6d1-4bde-8575-2810277e95ea
1995,1995,Kat Onoma,Idiotic,4ccd44e9-bfb4-40f7-bb9a-709093f1ce48
1995,1995,Kat Onoma,La Chambre,48ed0179-faa5-41f4-83ec-227cf4c60c77
1995,1995,Kat Onoma,Radioactivity,481940c6-96c6-4158-a9e7-6dda9c53e273
1995,1995,Katariina,Marleena ei muutu / Melkein täydellinen,a80a3280-1bf3-4d4d-86a4-178f5ca6476d
1995,1995,Kate Ceberano,Change,4fcad77c-bc6c-436b-a3ce-d44298c76ddb
1995,1995,Kate Project,No More “I Love You’s”,4e979251-bda5-32e7-a7a6-025f23ed4f67
1995,1995,Kausion,What You Wanna Do,cc877cfa-c91c-4a1d-8ded-8bf5c245a40c
1995,1995,Kava Kava,Swivel,1d4dcef9-bc08-4dc6-ab62-dd138480f23c
1995,1995-01-12,Kees Verlee,Politie te paard,c60373c1-9295-4c3b-b080-54f1104f4107
1995,1995,Keith Emerson,The Christmas Single,cc05850b-210a-4054-8a50-46385003c16e
1995,1995,Keith Martin,Never Find Someone Like You,24c2ce82-6169-4ef1-802a-13ff8ffe8bdd
1995,1995,Keith Murray,Get Lifted,f75a21ca-6c7a-4351-9e06-3c86703139b3
1995,1995,Keith Murray,The Most Beautifullest Thing in This World,e5283f26-21e8-4852-b59c-02adc809226b
1995,1995,Keith Murray,This That Sh*t / Dip Dip Di (remix),75d07bab-0529-4799-aacd-ce216e0fd3c4
1995,1995,Keith Sweat,Get Up On It,11033b00-483a-499c-b0c6-b825a14cce01
1995,1995,Kellee,My Love,e350b952-a38f-342d-bd27-25f4c2dd6631
1995,1995,Kelly Llorenna,Brighter Day,cc444ff5-c781-36df-84eb-93f92381aaa0
1995,1995,Kemet Crew,The Seed,b6b53cec-56f7-4267-bf7e-caa96b2a4c01
1995,1995,Ken Ishii,Extra,74b4d87d-4e12-3d9f-802e-25a0849e1fc0
1995,1995,Ken Martin,Virtual Love,cf3a8c52-ba5a-400e-8658-8075f4e47dd6
1995,1995-01-23,KENJIRO,や・ば・い,f9525f12-5787-42ea-a7e2-523d95154b90
1995,1995,Kenlou,Moonshine / Hillbilly Song,0eb3ecb9-d42d-38c6-898a-3f6e66cd02d5
1995,1995-05-01,Kenlou,The Bounce / Gimme Groove,bacd52c9-ef26-30b5-80dc-356c2a4e9c62
1995,1995,Kenny Ken + Cool Breeze,Cool Groove / Ice Cold,fe43074d-0167-4f5b-b262-0946d24de13a
1995,1995,Kenny Larkin / Sean Deason,Chasers / The Shit,19d9de79-415e-343d-87c3-969b78208fb7
1995,1995,Kenny Loggins,The Jungle Book: Two Different Worlds,99507609-a8c9-450a-b2f8-7c2c2f598986
1995,1995,Kenny Thomas,When I Think of You,cece75aa-1c8c-3db1-a55e-5911d608156c
1995,1995-05-29,Kent,Frank,03ed65b9-7a91-3744-ad36-447188f360f4
1995,1995-03,Kent,J'aime un pays,33145ab6-796b-431d-8ac6-bae7e31bd312
1995,1995-09-18,Kent,Jag vill inte vara rädd,f6b9bb79-d504-4166-adb6-ac35a344f98c
1995,1995-02-06,Kent,När det blåser på månen,2535f119-3ed8-3a20-b621-008539c7f900
1995,1995-03-27,Kent,Som vatten,846ebab0-7b8e-3781-925c-54211552d6db
1995,1995,Kenzi & The Trips,BAD BAZOOKA,d606c3e0-3343-3f0b-aa15-7ee7567330c6
1995,1995,Keoki,Caterpillar,95623326-3654-3c6d-8e69-804c7b8808df
1995,1995,Kerosene 454 / Angel Hair,Kerosene 454 / Angel Hair,d577ac9f-b52f-4c4e-bf99-a7c49dcaa776
1995,1995,Kettle Cadaver,Horronomicon,99ec1571-79e9-48bf-aea3-e101bd9a17ba
1995,1995,Keziah Jones,If You Know,121b8032-e772-4d7a-905f-06095aed6015
1995,1995,KGB,Bless Ya Life,54d37bb5-3a63-3868-b7ab-68f741e4099a
1995,1995,KGB,"Bussi, Bussi, Bussi",5be73449-f390-4116-b756-c9aa415b3b91
1995,1995,Kicks Like a Mule,The Bouncer '95,1c88a55a-595c-3b9e-8214-15cc43b30681
1995,1995,Kid J,Sound Boy / Infinity,5ff39c74-33ae-4a47-b45a-f3577c9bd23e
1995,1995-06-11,Kid Loops,Alien Resident / Digital Beatdown,869aa524-f4c7-3ee4-9de7-c4b0767f9e74
1995,1995-09,KieTheVez,Destinies,8161a4e6-e39a-3dff-b79c-535bbd6f35d3
1995,1995-02,KieTheVez,Nothing I Can Do / Anything Higher,0a4e92ec-630c-350b-b492-60dbdd99aa0b
1995,1995,Kika,I Can Live,becba20b-3353-4126-b8dd-c140b5f2a6c1
1995,1995,Kikka,Love Me Tonite,70c2eb52-0705-4827-88e6-46f4493af93c
1995,1995-03-06,Kill=slayd,Peripheral,71d3e3c8-b4fe-49aa-9aa7-eadc93cd228d
1995,1995-04-16,Kill=slayd,フィロソフィア,56f1e47e-0840-46b0-b0db-a66c4a411848
1995,1995,Killer Bug,Cunt Explosion!,12f70353-2d38-4381-9579-8bbcf097fb4d
1995,1995,Killer Motive,Volume 1,d81e607f-c79f-4d12-a5a7-6ce29066804a
1995,1995,Killing Joke,Democracy,86c51f84-dc69-3f18-ad2e-ef387302f642
1995,1995,Kilrow,Wishing on a Star,465cf1e5-8bc3-4a84-8fdd-8ab9ac3f9f2e
1995,1995,Kim English,I Know a Place,e989664d-28db-4e1e-888e-9bb8db3867c3
1995,1995,Kim English,Time for Love,752936a5-8035-4fcb-b9a2-bab43a96c215
1995,1995,Kim Ono,Big In Japan,69cb34ba-9df9-4f7f-b5ec-80b42a2be461
1995,1995,Kim Ono,Big In Japan (The Remixes),c8cebe64-54ce-408a-b8bf-30415500915e
1995,1995,Kim Salmon and the Surrealists,What's Inside Your Box,85daacf6-a59f-4045-9166-caad4f11fbc9
1995,1995,Kim Wilde,Breakin' Away,24c7b583-e977-476c-b447-9419bbb1990b
1995,1995,Kim Wilde,This I Swear,97db465f-6da5-36b0-99b0-b4a796512d63
1995,1995-04-23,King Crimson,Dinosaur,bba5f4d2-7ae8-4281-ac02-e961972c6dc4
1995,1995,King Crimson,Sex Sleep Eat Drink Dream,a9b193ac-0a03-3406-81ea-35cd6dbfed42
1995,1995-01-01,King Friday,North Carolina,6caa0432-0f6d-49e2-985f-6e62a06a08e5
1995,1995,King Junior,Stand By Me,92fa6e93-31e0-4f74-90ed-36007f5542a3
1995,1995-05-24,King of Hearts,My Desire,924d647d-249b-4f33-b800-465cabf66b43
1995,1995,King Prawn,Poison in the Air,477e9331-8e34-4e7b-84f2-69e593788ca3
1995,1995,King-O,Give Me Your Poison,67a64c8f-a20e-41b9-8bc8-f7b53fe5381d
1995,1995,Kingmaker,In the Best Possible Taste,b0e506f7-cf82-4cfb-bae7-3c65ce8491e8
1995,1995,Kingmaker,You and I Will Never See Things Eye to Eye,6612cacb-a402-3e85-aaca-483d4c0fc056
1995,1995,Kings of Tomorrow feat. Densaid,I'm So Grateful,46e12a5c-141a-46ee-81dc-7109a20f834d
1995,1995,Kinky Machine,London Crawling,9cb49a6a-d3a3-3645-b19d-e4a26060872f
1995,1995-01-01,KIRBY,Boyz II Men,662276d2-3e85-4c65-a87f-c2ee91efa7bd
1995,1995-02,Kirk Brandon's 10:51,Children of the Damned,595df828-ccf7-366f-8a37-e2ceefa06e5c
1995,1995-02,Kirsty MacColl,Caroline,64c0de6a-ff45-3f15-9085-e95664f4a7cb
1995,1995,Kirsty MacColl and Evan Dando,Perfect Day,899904c5-5aba-4e1e-81ec-30f1ca972f43
1995,1995,Kirtap Yesnil,Holy Zwitsch,8c358296-a81c-414d-acf1-91242eeb20ff
1995,1995,Kispál és a Borz,"Fák, virágok, fény",84b9197e-c832-3b6e-8dc3-1ac136fae866
1995,1995,Kit Hain,Cry Freedom,84d49224-5b1a-4223-a757-aca200dd4057
1995,1995,Kittens,Calico,755c2fb0-f479-4036-9ce4-a69a1575fc61
1995,1995,Kittywinder,Bats,9d965ac7-c0a3-4dac-9ee1-76fe3fbfeb0c
1995,1995,Kiva,Into The Sun,5cf5f412-e28a-45e0-8c21-ec12d408ecf7
1995,1995-04-17,KIX・S,NAKED WOMAN,73692e3d-927d-45d0-a990-d7244edc1a91
1995,1995-08-21,KIX・S,自由に歩いて愛して,58808b8c-29f5-4309-9bcb-cb5670f2578f
1995,1995,Kjell Höglund,Drömmen om Atlantis / Ungdomens källa,b2c4265a-a839-43a5-836c-c5831405c488
1995,1995,Klaas Veen,De kriebels in m’n maag,b698b714-4c3d-4dd2-b15b-003b4c0bc018
1995,1995,Klamydia,Arvon(lisäveron) mekin ansaitsemme,20c5bd8e-2751-30ce-b92f-db508b08166a
1995,1995,Klamydia,Narkkarirakkautta,a7403c44-cb31-398e-88fd-1f315f6a6f16
1995,1995,Klamydia,Saksaan,a66580d6-5aa8-3482-9b9c-d59e28b06e0f
1995,1995,Klark Teknik,Sling,44a10b3e-f466-4efa-acab-40b52dc0e314
1995,1995,Klaus & Klaus,Bauer Cotton Eye Joe,1b0d3d29-1bc4-4063-aea0-445bca47fae3
1995,1995,Klaus Densow,Das kommt mir spanisch vor,5004ed02-1bba-48ad-90f9-7ac42daad62e
1995,1995,Klaus und Klaus,Der Boxer,dc76e570-af87-4fc0-ac55-be10210886b3
1995,1995,Kleine Boiz,Eine Kleine Nacht Musik,4af58e67-a965-4580-9dd7-92473ca5033c
1995,1995,Klubbheads,Work This Pussy,9a8c0aec-39e0-4607-8113-46e196a0f5ab
1995,1995,Klute,F.P.O.P. / Survival,b3cd6698-a9f6-3239-a943-bbca7c75ef4f
1995,1995,KMC feat. Dhany,Somebody to Touch Me,6c0aedfd-4aa0-3216-8242-f2fd9ea6af04
1995,1995-10-31,KMFDM,Brute,bcbb8d69-8486-37e2-93a2-9f917b605763
1995,1995-02-28,KMFDM,Juke-Joint Jezebel,4ff1be43-9dbd-3808-8626-fe67d821fab0
1995,1995,KMFDM,Juke-Joint Jezebel (The Giorgio Moroder mixes) / The Year of the Pig Collection,da7652f0-4b11-4df7-ba1f-9e997528e419
1995,1995,KMFDM,Trust / Juke Joint Jezebel,5a6aaca4-c48f-3692-889a-1143ddbf48c1
1995,1995,Knights Of The Occasional Table,At One With Nature,89780a7e-dac8-4c64-850b-27c5929a90a5
1995,1995,Koda,Crisis / Time of Signs,952658dd-66b1-4ae1-b2cb-eada142f43e6
1995,1995,Koda,Dat Sound,422a25d0-f06f-4932-9c07-560ec18d8a3e
1995,1995,Kode IV,Near to the Divine,78677384-fa1c-38ca-9025-bcb3c5099dae
1995,1995-12-06,KOJI 1200,ナウ ロマンティック,f5e837fa-45c2-402c-adfd-1cefb6dfb6a1
1995,1995,Kolmas Nainen,En oo kuullut mitään / Pyörteeseen,0b034bc1-9784-45fd-b018-457ce90a257d
1995,1995,Kolt 45 And Ruff Blockade,Island People,f6a2f1ba-4077-4326-9d23-2b4b55fc9dd9
1995,1995-02-27,Komakino,Outface,8085ce28-e177-3546-9b5c-c8cc6091b76a
1995,1995-12,Komatose,Move On,8fbfaebd-77c7-4276-ba69-68e3828e08d0
1995,1995,Kool Cut,Gangster's Paradise,ad7cab28-04e1-4084-ad13-e4b599ffbaca
1995,1995,Koos Alberts,Amsterdamse Hitmedley,47a71e46-de68-43a3-a2bb-2648d0cd396d
1995,1995,Korn,Blind,52062160-5648-320d-8e22-fcd6a59d6574
1995,1995,Korn,Need To,9d2836f9-b737-3ded-857b-1e0bc4c6b8a4
1995,1995,Kosmic Messenger,Eye to Eye,c73ee164-e801-3b2f-ab18-8c95709f3db6
1995,1995,Kosmic Messenger,Flash,ef5c9acf-9a1b-3290-a3a8-e4e2fce61500
1995,1995,Kosmotak,Sputnik,3eaa4c37-3e1a-45fa-a200-fca5ccb12e57
1995,1995,Kozmix,Készüljetek Fel!,597dd74f-456e-4d3d-8db2-b938ef441aff
1995,1995,Kreator,Isolation,82f12ee0-2eb2-3d34-9046-d4602fcf2db8
1995,1995,Kreator,Lost,1fbc066a-ad15-457d-afc9-6583be7e6616
1995,1995-08-26,Kreesan,One of These Days,668bcbd5-c1b3-4421-a439-4fb83ce4c379
1995,1995-11-21,Kris Kross,Tonite’s tha Night,8076b656-9da2-4461-87a1-4c8cdb3509fe
1995,1995,Kriss Dior,Designer Loops,16f50762-1767-3f24-9365-07e4580e9a73
1995,1995-12-04,Kristin Hersh,The Holy Single,914dfc1d-3bd5-3269-b974-20457ee3ccb9
1995,1995-10-02,Kristina Bach,Hörst du denn noch immer Al Martino,b3e5097d-1a80-4c14-81ec-60f0849012f8
1995,1995-01-02,Kristina Bach,Und die Erde steht still,afeebf67-9dbd-4953-97ff-cf6de9e326d6
1995,1995,Krokez-Nous,L'Ami Caouette,1d14bc05-7345-465b-90f2-bdbe7449a4e2
1995,1995,Kross Culture,Feels Like Heaven,88ea234b-cd64-441a-8d62-76de1342b5d5
1995,1995,KRS‐One,MC’s Act Like They Don’t Know,834b23e8-6adb-3212-b9e1-5414b3c45578
1995,1995,Krust,Guess / Maintain,ab671952-4545-311c-b2d0-92eb4af1dcf8
1995,1995,Krust,Poison / Set Speed,d72c45cc-85d0-326b-931d-0b08e80388a2
1995,1995,Krust,Quiz Show / Future Talk,fd1947e0-b14e-39df-b297-f836da03bf35
1995,1995,Krust,Set Speed: Remixes,67e1a379-996a-3778-befb-b8ea94855fee
1995,1995,Kula Shaker,Tattva,e2cfd7e9-e60c-38c1-8f2e-a40e3d8296d1
1995,1995,Kurtis Blow,Freak Rock Till the Breakadawn,adbb5010-3a34-4d0b-8399-57c5495f2595
1995,1995-07-17,Kylie Minogue,Where Is the Feeling?,022860f8-685c-3e37-b2be-df9f55884005
1995,1995,Kymelle,Knock Me Out,cc78fdc4-3698-4bdd-9150-f7110d95bcce
1995,1995,Kymelle,Show That Body Baby,65b6a3be-5291-4804-9712-d12c0721e862
1995,1995-10-13,Kyo-Mai,TOMORROW~果てしない予想~,f91aac2b-d9cc-3081-bc34-9d362657e193
1995,1995,Kyra Rubella & The Shanks,Love in a Void,6eb091cd-ebd7-4981-8518-949edc7d0843
1995,1995,Kyuss,One Inch Man,a145b980-3701-31d9-b056-99fd219753d7
1995,1995,K’s Choice,Little Man,d5e59322-4df9-4299-88c8-289f660007ab
1995,1995,K’s Choice,Mr Freeze,cebc09a6-0edd-327d-8d38-ff66b2440e25
1995,1995,K’s Choice,Not an Addict,788b4854-d5a6-35fe-abea-5b0b3e581772
1995,1995,L & B Project,Dreams Of Energy,74fe912e-a27c-4858-a32b-0f0d23bcdc41
1995,1995,L & B Project,Spleef the Rag,0b0a2dec-8055-453d-abac-354e3c9eb73a
1995,1995,L Double,I Need U Now / Your Love,9b77212c-795c-48a8-b5e4-2fbfc4d79cc4
1995,1995,L Double,Music for the 90's / The Mad Phunk,b12a40ea-26a5-456b-9a0f-9f46256805f3
1995,1995-12-18,L Double & Liccle D,Dubplate Special / Hail Him,688bf38b-bc91-40bd-bd7b-bed0f891c017
1995,1995,L'Age Synthetique,Do You,412df1ce-4653-45e0-b461-d852df3d5c8f
1995,1995,L. Swift,How Itz Going Down,826179d8-bc55-40c6-a57f-c81cd57d579b
1995,1995,L.A. Style,Got to Move,a15f7108-8fd3-3901-9b29-26962b22d67c
1995,1995,L.A. Style,Magic Trip,e8bdd7b8-114f-325a-9a1a-3f3795fbab9a
1995,1995,L.A. Work,Crazy Boy,0540602e-e760-4c86-a14a-49ad2d6d3a87
1995,1995,L.A.D. feat. Darvy Traylor,Ridin' Low,d00c9b97-4ec6-4a05-9643-7d7a298370af
1995,1995,L.B.C. Crew featuring Tray D & South Sentrell,Beware of My Crew,abc03b94-9955-438b-ab8e-b11f6b955b5b
1995,1995,L.E.T. Generation,Send Me An Angel,a8be01bc-ecd5-40a3-adec-7a51f7012784
1995,1995,L.J. High,Self Belief / Sweet Dreams,3557d0e3-2993-4195-9ed2-3b78aa3236c5
1995,1995,L.L. Project,Work In Progress,0b106bc4-3a33-49bd-959a-408c6b4e651f
1995,1995,L.T.,John Fraud,044af973-bdc4-452a-8cac-d9a1fbb19622
1995,1995,L.T.,Vampire,f88ca06b-6297-47af-82f6-56fb7b41df1e
1995,1995,L.V.,Throw Your Hands Up,cca57b1c-0eb1-4d76-a7bc-3eb66afd9f5b
1995,1995,L7,Can I Run,ad204c46-6b7d-45f9-bd1c-1899c36da116
1995,1995,La Bouche,Be my lover,1a54f1a4-90ca-4c41-a346-5a36bf160fc6
1995,1995-03-02,La Bouche,Be My Lover,5f3d477d-c7da-3158-bfd4-98f9c221c3c9
1995,1995-06-14,La Bouche,Fallin' in Love,6a927371-3189-3535-a138-063ba8827685
1995,1995-11,La Bouche,I Love to Love,de4d5f4e-6473-4f69-94a8-eb23adeb0db9
1995,1995,La Crus,Nera signora,1095bca0-69a6-45ec-a3c9-1ea6a1ace6f0
1995,1995,La Fortuna,Why Can't You See,2c368142-f6d3-41be-831e-b15928cd33ac
1995,1995,La Ley,El duelo,0ef9de03-762f-441a-af77-9e856ef7a166
1995,1995,La Roba Buona,Calo Mega Calo,b52af5cc-33c6-42e8-9256-d27f2d280aff
1995,1995,La Verona,Love of My Life,dfb015a5-844d-40a9-8aa1-c841236c22da
1995,1995,LaBelle,Turn It Out,1f454423-8c3d-4665-9423-980449b2a686
1995,1995,Labradford,Julius / Columna de la Independencia,b97f2b25-9a92-3083-91dc-85044b0cc232
1995,1995,Labtekwon,I Am Here,91347158-4574-441b-8b4d-217dd8dd6b6f
1995,1995,LAC,Welcome to the Space,128a1475-7742-4e3e-9d6c-26736dd3d4bd
1995,1995,Lady Shelly,Get It On,c8abad4d-9509-3c32-b555-d0398766f8fd
1995,1995,Ladysmith Black Mambazo,World in Union '95,1bfdc566-9116-414b-93ce-59b5815a4b22
1995,1995,Ladysmith Black Mambazo / Imilonji Kantu Choral Society,Shosholoza,46836f07-795b-3881-8733-c3b60deee0ee
1995,1995,Ladysmith Black Mambazo Feat. China Black,Swing Low Sweet Chariot,7d2470aa-1668-4c70-a52c-3f0057545643
1995,1995,Ladysmith Black Mambazo feat. China Black,Swing Low Sweet Chariot,f7a7c7ed-ef26-3b3b-90f5-f95fcbcfe6de
1995,1995,Lagartija Nick,El próximo lunes,c0f36eb2-5c1b-3c76-b377-4be4c6f4e3ed
1995,1995,Lagartija Nick,La curva de las cosas,8d31b832-b9cf-3c05-b67b-776fbc0ae887
1995,1995-05-01,Laibach,In the Army Now / War,9a65be30-7385-3608-be9f-a304c182ed02
1995,1995,Lambchop,Your Life as a Sequel,8a09227a-b06c-4816-8391-729a88f07993
1995,1995,Land of the Loops,Multi-Family Garage Sale,30b5aa56-fbca-4fe1-87d2-3b879af37e21
1995,1995,Landspeed,Tunic,23d90644-65e9-4ed4-b73c-da4f0049fcd3
1995,1995,Lapinlahden Linnut,Enää en sano sanaakaan,a89ebad6-bf7b-4df1-931c-fe26da74c83c
1995,1995-07-27,LAREINE,DEMO,4c7c169b-2fd9-3faa-9791-23ccc153a97a
1995,1995,Larossa Feat. Livio Valli,Cyber,cf3a5d21-d876-4311-bb00-ef8225e3e4f9
1995,1995,Larry and The Lefthanded,Punk Rock Hold-Up,eb9a79d7-472a-4e8e-be84-5cc6eb897c16
1995,1995,Larry and The Lefthanded,Älä Peräänny!! (L'Energia Contro Corrente!!),47dd4854-2e1a-4d82-9b63-ce550f2db6e4
1995,1995,Larry Coryell,I'll Be Over You (Single),77a4d67f-e93d-4f76-8293-b69f3fd316dc
1995,1995,Lasard,Psycho Trax,98c7dbed-fca4-4846-9573-78b2c9bcbc04
1995,1995,Lasard,Ulysses,3d39a0c6-e2d8-4b09-8352-62151c93a303
1995,1995,Laserman,One Two,04aba156-3727-40f0-b48f-f69e4e90cc6e
1995,1995,Lasse Holm,Lasse Holm In Da Mix,1b63da71-919a-43f8-84f5-c89cf9851bf3
1995,1995,Lassigue Bendthaus,Overflow,bfa80aff-03f5-401a-a431-83a0f80c6abb
1995,1995,Last Delay,Jail,ac5d856d-b57c-302a-9b24-eb1160db9e83
1995,1995,Laura Branigan,Dim All the Lights,49e462d5-3d88-420c-8cc1-f1445fcdc44b
1995,1995,Laurent de Wilde,The Back Burner,bc072b7d-6352-4a95-b914-b12ef60d8b1c
1995,1995,Laurent Voulzy,Rockollection live,08face93-fb98-3cf1-a05a-04d96e6aac9c
1995,1995,Laurie Anderson,In Our Sleep,f7c80e74-7c0a-35a8-a0b1-f422d1ef8d41
1995,1995,Law and Auder,Feel It / Acid Jungle,df9f7fed-7d2e-4e5e-a37f-a8149e3a843d
1995,1995,Law and Auder,Gimme (The Weed),032b97fa-f95b-41f3-99a4-ca924df45757
1995,1995,Law and Auder,Too Right,19599524-15f7-434a-8b22-f4b0feed135f
1995,1995-11-13,Laxton’s Superb,What You Want,7662e7a2-01d5-4c67-b213-0f9605413ac8
1995,1995,Lax’n’Busto,Fes la teva,d7fbdff5-6dbe-3594-847a-d7f4c15d8d18
1995,1995,Layla,Gotta Find Love,fc9aa0a3-d2e2-424d-95fa-440f0d0cb66f
1995,1995,Le Camembert Radioactif,F...! Chirac,becbf11c-65c5-4dfe-b485-10e00e4267e3
1995,1995-11,Le Mans,Dry Martini,9e7a7723-4196-4f71-b1eb-382637a47ac5
1995,1995,Le Park,What's Up!,4e49cba4-e7d8-40ca-8e01-d78587ffdc63
1995,1995,Lea Kiss,Don't Stop the Night,3b695dc2-1b10-410a-9073-8f9374d5deb7
1995,1995,Leba,I'll Be There,e11e3bfa-f597-4d06-8106-9b5f1757fa45
1995,1995,Lee Kernaghan,Country Crowd,b925dd3f-dc38-453d-bbe5-41b276d216a3
1995,1995,Lee Kernaghan,Skinny Dippin’,1fb27445-9f75-4fc6-87fb-a8ff870042eb
1995,1995-05,Lee Roy Parnell,A Little Bit of You / Giving Water to a Drowning Man,b15e5ac7-b312-368d-a9b6-4f3a6625e97e
1995,1995-08,Lee Roy Parnell,When a Woman Loves a Man / If the House Is Rockin',0e824a9f-9891-31a3-85de-423aaa1c2b68
1995,1995,Lee Towers,The Drinking Song / Clementine,2e663723-effe-4343-bd07-b5a67ba30ae2
1995,1995,Leevi and the Leavings,Itkisitkö onnesta? / Vakosamettihousuinen mies,5ba627ae-9895-42af-89fe-500fc2bd87ef
1995,1995,Leevi and the Leavings,Luonnollinen valinta,0abaefcc-9617-44af-9bf8-dd93c781a530
1995,1995,Leevi and the Leavings,Rei Ban Bombay,0791419d-f50a-4df3-aad3-86a7227d60d9
1995,1995-03-13,Leftfield Halliday,Original,ce2a6857-858f-40b9-adc3-154e99910ee4
1995,1995,Leg Action,Tailgate,10d58257-a633-4826-9cf9-71a08677e7f6
1995,1995-10-25,Legacy of Sound starring Lori Perry,Wait (For Our Love To Find Us),a59b55cc-b7fe-4581-9c1f-d71f2ee3e8e9
1995,1995,Legacy Of Sound Starring Meja,I Wanna Give You My Lovin',d284dc46-d82f-4dbf-bcae-4a7c7c44f5dd
1995,1995,Leila K,Electric,35e4c7dd-338d-3bb3-9e36-2970e19c5df0
1995,1995,Leithfield School & Roger Lusby,Sing Out Kiwi,5b296564-18a5-4fac-8ecc-f17955b9b3b2
1995,1995,Lello B.,Clear World Phase One,78d18f8d-b9bf-44a8-a8d3-d5d3834fa240
1995,1995,Lello B.,Clear World Phase Two,692b2bd8-33a8-45b3-8cc0-39225f391834
1995,1995,Lello B. Presents Black Out Vol. 6,The End (Of the Swan),ab0f9247-668b-431a-aeb0-35526afb5f9e
1995,1995,Lello B. presents Experimental Groove 95,Labirynt of Lullaby,5da9bccb-f6cb-4c13-974e-bd43f029f706
1995,1995-11-17,Lemon D,I Can't Stop / Change,8c1fa204-4bdf-3159-94e5-303cfe779655
1995,1995,Lemon D / Manix,Cutting Edge 1/3,e9e274e2-bfc6-3d0f-bb0a-3c5140bd8a65
1995,1995,Lenn Hammond,Just the Other Night,71f0a0bd-9183-40d5-8bff-10f954e2d679
1995,1995,Lennie De Ice,Jack That,529d99a6-f892-4809-a12d-e2f1618d652d
1995,1995,Lenny Dee vs. The Speed Freak,I've Made a Change / Worst,bd5b691e-6d92-4b39-a9b7-a021d11ce43c
1995,1995,Lenny Kravitz,Can’t Get You Off My Mind,80ec680c-13d0-4312-967b-31290b5da770
1995,1995,Lenny Kravitz,Circus,c7578d02-f84e-4166-bf9c-e513fad25705
1995,1995-07-26,Lenny Kravitz,Rock and Roll Is Dead,1081eee2-dfe8-32a0-9522-0f9d3f3bd4ad
1995,1995,Leonardo Amuedo,Autumn Leaves,f99609f6-5ec9-4581-927d-477b2638940e
1995,1995,Leopold 3,Van kop tot teen,70ef5641-f527-41e5-a24e-a188a448f083
1995,1995-11,Les Colocs,Hého,15f8fba3-0fc7-4408-8f19-ab9d4aed30c3
1995,1995,Les Enfoirés,On ira tous au paradis,ac81390b-bf12-49d6-8007-6c3c9367128e
1995,1995,Les Garçons Bouchers,Arthur,952a3ac9-b8d2-485d-9197-3bcf6f8efc64
1995,1995,Les Garçons Bouchers,"Écoute, Petit Frère !",8f0fdf60-62c2-4e88-85f9-45a80d954c70
1995,1995,Les Innocents,Colore,5d5b4ca3-e4cc-40ca-bac5-a329d8701436
1995,1995,Les Innocents,Un monde parfait,fffd8d39-32f0-468e-bc63-96de8b951115
1995,1995,Les Joyaux de la Princesse & Regard Extrême / Zarah Leander,Die weiße Rose,c83bdf69-a043-442f-a4cb-3ae6d948f0e5
1995,1995,Les Lee,I'm Hot For You,d53a52b3-f311-48fb-a477-4f23af52dccd
1995,1995,Les Négresses Vertes,À quoi bon,58df5303-4aca-4fd9-8f14-c9d9b2bc8c44
1995,1995,Les Sages Poètes de la Rue,Amoureux d’une énigme,6c92fbe2-3531-4525-b972-645d32d5e9ca
1995,1995,Les Sages Poètes de la Rue,Qu’est‐ce qui fait marcher les sages ?,9e7e98dd-0c77-35b6-93a4-f683e1b0af74
1995,1995-07-17,"Les, TPD",気持ちはING,f1b33ac7-9cc6-4262-af63-942266a33b17
1995,1995,Leslies,The Lime Song,624d0182-ee6b-35fd-8abe-a65cc94e2317
1995,1995,Let Loose,Best in Me,41e5d94a-3ed4-3093-9dc3-568ae0d074fc
1995,1995,Let Loose,Best in Me,f9f25618-5260-306b-9591-80dc67a680ca
1995,1995,Let Loose,Everybody Say Everybody Do,29c06892-ae2a-3a11-b8f8-de9c847dbe2f
1995,1995,Let Loose,Everybody Say Everybody Do,fea6a8f1-28d1-37e5-891a-a6e0785df61d
1995,1995,Let Loose,One Night Stand,a679958c-1ac6-3b0f-aba7-45629cc9cfeb
1995,1995,Let Loose,One Night Stand,de536a39-7ad4-3e58-a152-907250a83c53
1995,1995,Lethal Kemistry,Yaga Yung / Gunshot Reverse,9b094bda-7b33-4155-9b2d-d07dd6ed48b3
1995,1995,Letters to Cleo,Awake,e8efcfa6-08d3-4583-a685-fa506daa5349
1995,1995,Letters to Cleo,Here and Now,4c6fad47-383e-3bf0-93fb-0c59c47cc043
1995,1995,Letters to Cleo,Letters To Cleo - Awake (Promo CD Single),3bc5eaa0-cacd-4657-a5e8-3d0b7cae61b2
1995,1995,Leuroj,Requiem,c1ac7a52-7327-4d5c-89fe-2d9faa1caeb0
1995,1995-10-02,Levellers,Fantasy,99a44ee2-46ab-3d7b-ae87-f5c22c1ffab9
1995,1995,Levellers,Haven’t Made It,2d1c2d94-b14e-4296-8a0a-4b23aa36d0df
1995,1995-07-31,Levellers,Hope St.,2306e398-18d0-3fd3-a499-05633bf8dac5
1995,1995,Leviathan,Go Back,4b31d8f1-9f2d-4a9e-b76d-4a6b6baf8bbd
1995,1995,Levy 9,Running Up That Hill,fd0a72cd-6c3a-4ec1-9764-d2ad7714988a
1995,1995,Lewi & Chopper,Make Love 2 Me,ef99f503-c5d0-4020-b3b4-5714e39c1086
1995,1995,Lewi / Screwface,You Better Run (Unreleased Dubplate version) / Touring Foreign,e74a9d4c-bad7-4c28-99e5-3a084771fc0a
1995,1995,Liberal Music,"In the Valley, in the Cosmos",cc283744-7e22-4c75-b981-056b2286f805
1995,1995,Liberator,Seven Sisters,214e5fe8-09d0-4ce8-b66d-11d3c4f9c57a
1995,1995,Liberty City,That's What I Got,ca9f802f-2d9f-4ad8-9199-f62618590d2e
1995,1995,Libra,Closer to Me,f96c39e9-ca6f-4419-a7cb-7439fb0edf38
1995,1995-10-20,Lick,Filming,006e256e-850d-444a-a4aa-cf315edc4cf1
1995,1995-07-31,Lick,Stand Up!,5634a507-0763-4d5d-a44f-600efd11dc19
1995,1995,Lick feat. Kentucky Martha,I'm the Girl of Your Dreams,d0b63f0f-42a9-33ce-9a35-04cb6c57ed7b
1995,1995,Lift,Meine Schulden,5379102e-93b3-4855-b835-f838dd2ebbfa
1995,1995,Lifter Puller,Prescription Sunglasses / Emperor,d3d56842-1089-41c2-a0ef-e2d03786152a
1995,1995-10,Lifter Puller,Slips Backwards / Nassau Coliseum,6297e2eb-c851-447b-90a6-8ae5ff58dcf4
1995,1995,Liftin' Spirits,Cup-A-Cha,f0664320-bf8c-34a6-ae7b-361133669eb9
1995,1995-09-25,Ligament vs Space Bike,Ligament vs Space Bike,5bb50c84-035f-4d00-bb49-badf66c4a3ee
1995,1995,Light,Turning/Presence,bc615c4c-c4a8-4967-a8ba-1a67d1d655c5
1995,1995-05-22,Lighthouse Family,Lifted,41dfe9ee-ff86-36a0-ba6a-0f14ca4717f4
1995,1995,Lighthouse Family,Ocean Drive,d705c289-bb73-4dca-9dc7-81c02b2127ab
1995,1995-04-03,Lightning Seeds,Marvellous,a0b0b6eb-91a8-3a70-9a73-2d5ad6ab0e25
1995,1995-07-10,Lightning Seeds,Perfect,6a6308e6-5a88-3147-80bb-b529ed6b993a
1995,1995,Lil' Mo' Yin Yang,Reach,cd9c7b78-b784-3862-8c7b-8e890c08a30e
1995,1995,Lil' Suzy,When I Fall In Love,253db23e-8338-4504-9149-cf9e5ae858a8
1995,1995,Lilicub,Voyage en Italie,103888de-05b6-3097-8ccb-47b3f72678e6
1995,1995,Lily Margot,Élément,d9f339a6-67b3-47e9-9098-30c61329407b
1995,1995,Limblifter,Screwed It Up,bc7d07d2-757d-352e-ace3-a3b9140e1b0e
1995,1995,Lin Que,Let It Fall,3202959b-df1d-4b64-a6eb-82ddcf35acfb
1995,1995,Lin Que,Let It Fall / Par Ley,32a3365c-4620-4106-a17e-83a1672c77ea
1995,1995,Linda,Fill My Belly,0c2bc922-02fd-4cd6-b85c-1aafb09af846
1995,1995,Linda E.,Sprich langsam (Ich bin blond),a371b340-6d82-48c0-a13f-132f9ea985f5
1995,1995,Linda Feller,Tiefer als sonst,5b99af17-90f7-45fe-8536-badc40e3d11b
1995,1995,Linda Feller,Weil du mich liebst,c2e4142e-f8e1-4e0a-bfa2-0096f8a24e7c
1995,1995,Linda Rocco,Fly with me,65ce9a64-0e91-46d1-93f3-18a52153c243
1995,1995,Linda Ronstadt,The Blue Train,32b9fb9e-09ab-4e20-8bdc-857571aa9202
1995,1995,"Linda, Roos & Jessica",Ademnood,608068e7-81cb-3c9c-9607-45ab96c2c9e3
1995,1995-11-17,Lio,Le Banana Split (Remix 95),9e909dfe-c91d-4ee6-a7bd-7e27ca60f359
1995,1995,Lionist,It's a Shame / Ruff Cut,db3126e0-501f-4e67-b3ac-b7ea0a1f3a82
1995,1995,Lionist,Loving You / Dub Plate,c9d541fe-852e-4b47-a270-c71b2b65a40d
1995,1995,Lippy Lou,Freaks,69f5fbc5-c7d8-3131-8d3d-e634006df0c6
1995,1995,Lippy Lou,Liberation,d1841c47-c9a7-3abc-aaf9-96b655654604
1995,1995,Lipstick,Back For Good,2aa66794-5290-4761-93cd-208410221667
1995,1995,Lipstick,Queen of the Rhythm,f3f1dfa7-6d51-4c6c-8537-bb5b47da3eb0
1995,1995,Lipstick 69,I'd Love You to Want Me,481dda0b-5405-4778-9857-9924225fb231
1995,1995-10-09,Liquid,Closer,0f3a354f-9d4c-34cb-aa15-b61248b3a31c
1995,1995-06-26,Liquid,Sweet Harmony / One Love Family,aa07c8dc-8ccf-346c-8861-75ecc116b90c
1995,1995,Liquid,Sweet Harmony ’95,8ab58c3e-b979-4b9d-b197-017d8700952d
1995,1995,Liquid Bass,Nation 2 Nation,6d26ea6e-0c04-4684-baa3-a82f4a050dce
1995,1995,Liquid is Liquid,Tease Me,36836a0c-cb1b-47ec-83a2-e418904e1993
1995,1995,Liquorice,Stalls,d21455b8-cc2d-49a7-9c0b-669adea4bbc1
1995,1995,Lisa Germano,Cry Wolf,1152b12a-6ca5-426c-a9ae-b1794baede61
1995,1995,Lisa Gerrard,Sanvean (I Am Your Shadow),c05dd7c4-7d57-48de-8fe5-eebb67850724
1995,1995-09,Lisa Loeb & Nine Stories,Do You Sleep?,0f772441-b2bc-3e5d-88ce-1b42a02a41e9
1995,1995-09-19,Lisa Moorish,I'm Your Man,f095e9d0-c327-453c-b339-da1c4ff998b0
1995,1995,Lisa Nilsson,Vad Du Ser Är Vad Du Får,213529ef-7cb6-482a-8626-f4378b100917
1995,1995,Lisa Oakfield,La La La (Like Your Firelight),292384e3-c852-4545-be6d-5848fe0d93ae
1995,1995,Lisah,Thank You!,77ed9c10-738f-4a8c-b86d-3b12d4f26f16
1995,1995-04-28,Little Axe,Another Sinful Day,861534ab-9a0b-4553-8fdc-6309fc52b192
1995,1995,Little Hero / Judas,Nuh Member God / Rose Garden,9a0228c2-1fff-49f7-a6e4-12899622bcf9
1995,1995,Little Jam,The Last Tatanka,e20d7070-85d1-4b00-a14c-ff54c01938da
1995,1995,Little River Band,Forever Blue,732a83b5-bcc8-4309-9edc-88335713bd2c
1995,1995,Little River Band,Forever Blue / Help Is on the Way,42d1f4b7-0ea1-4319-9bad-f94a982b4d75
1995,1995,Little River Band,Home on Monday / Ballerina,3c3874ba-83be-4134-80ae-a902ee42c739
1995,1995,Little River Band,Lonesome Loser / Happy Anniversary,45a49f57-8249-40f5-a0a7-3145c89b24e1
1995,1995,Little River Band,Reminiscing / Lady,981257be-c404-4b52-8767-98b8635492de
1995,1995,Little Steven,The Time of Your Life,9ccf664b-f59b-4fc0-906f-3fdbf6d4a625
1995,1995-11-20,Livingstone,Good Intentions,bfd19021-e01b-340e-94eb-0d1ccafe1b78
1995,1995-02-16,Liz Phair,Whip‐Smart,19d8d780-42bb-4cfe-8e01-fe9b71146457
1995,1995,Lizzy Mack,Don’t Go,5a555f9f-d2f4-414f-a3a5-c4e65200b046
1995,1995-10-31,LL Cool J,Hey Lover,b87f913b-cbc3-455c-961e-c07ddddd908b
1995,1995,Llorca,Talking Twins,9edd45cf-44d9-4812-a995-893e390d2a62
1995,1995-08-26,Lloyd Cole,Like Lovers Do,c538543a-d9a1-4cb0-b813-23e70282b538
1995,1995,Local H,Mayonnaise And Malaise,4318bf89-9590-4615-95c1-8266713a8d87
1995,1995-11,Lochi vs. Immersion,Confused / Serious Tangent,25d80b69-943a-47dd-a3bc-c42d6d70afde
1995,1995,Loco,Te Gusta,ee9cd0d9-accd-33b5-88cf-105ab1a222f9
1995,1995,Lofofora,Holiday in France,6f62c2f7-296a-479b-bd3a-3fbc036968fa
1995,1995,Lofofora,L'Œuf,295cd997-c923-4c32-adcf-25d215258f87
1995,1995,Loft,Don't Stop Me Now,f54ad2e2-2064-4120-9f13-2fb05ce51d0b
1995,1995,Loft,Don't Stop Me Now (Remixes),1727e7b9-8612-49ee-a7df-c6146da4c2bd
1995,1995,Loft,Free Me,f286177e-89ba-4f3d-9a6f-215855f6feac
1995,1995,Loftgroover & The Maniac,Kneel Before Me (Remixes),2d9acaf2-10b4-460b-9342-9a3f3598e790
1995,1995,Loggi,I Don't Mind / Loggi's Life,527358a0-b9e4-4a3f-a496-bdeae811fd16
1995,1995,Lois Lane,Unity,2f22b3bd-47d1-403e-8e15-19e70b4f5b6a
1995,1995,Loli & the Chones,Weenie Choker Rock And Roll,3e7682ff-17fa-4d20-84d1-813029afb1eb
1995,1995,London's Most Wanted,Girls Dem Want It,d087ad5a-17f0-4e69-b07c-ba0e25007f05
1995,1995,Londonbeat,Build It With Love,2e0e1eb0-92d7-4114-ab9c-618b4f36f7e7
1995,1995,Lone,Cool dans la place,92aef156-c343-43c7-b117-bda6bf724257
1995,1995,Lone,Tricard,97ba3c09-b8fd-4450-b2c9-8c752ea4a567
1995,1995,Lone Star Trio,Demo 1995,8994bfa0-8f06-4ea4-8f77-b6d7fd82ab94
1995,1995,Lonely Planet,Music from the Lonely Planet,ec6e7917-75c1-4361-ab82-82745c84c71f
1995,1995,Longpigs,Jesus Christ,eb0ea31a-139f-35c8-8407-5baf4213889f
1995,1995-07-10,Longpigs,She Said,63006730-013f-3a0d-b6e0-8bc59ceb2c01
1995,1995,Longstocking,Goddess,f2443c7f-74e5-452d-9b1a-0f027b9567a9
1995,1995,Look Twice,Feel The Night,010235ec-3493-416c-ab41-30fad6cd0932
1995,1995,Look Twice,Go Away,ec06f9ba-decc-4cd4-be07-12268552b72e
1995,1995-10,Lopez,Why Can't It Stop?,8745c78d-c526-3ff3-abbd-0c1c592107be
1995,1995,Lord Finesse,Hip 2 Da Game,767594b8-8b1d-4664-b277-d665b84ce5c5
1995,1995,Lords of Acid,Do What You Wanna Do,94eab052-5624-3d01-8b66-78de95eb1dfe
1995,1995,Lords of the Underground,Faith / Neva Faded,f61b9a7f-6aed-4a96-bb24-a779e12404bf
1995,1995,Lords of the Underground,What I'm After,d0f6594e-305d-47f7-982b-67d7ebf1bc19
1995,1995,Lords of the Underground,What I'm After,ec9b6dd4-8355-4a5e-817e-e16dd49a2290
1995,1995,Lordz of Brooklyn,Saturday Nite Fever,a67ed4b1-810c-42e3-aacb-e55f01d78ce8
1995,1995,Lorella Cuccarini / Massimo Ranieri,Un altro amore no / La vestaglia,bf2fc634-93bf-443b-bd30-90f69d03e495
1995,1995,Los del Mar,Macarena,03ee2683-7394-3228-92ee-18e60becd8fa
1995,1995,Los del Río,Macarena - Bass Bumper Remixes,b670d8c8-4560-441a-80de-e8eedbe79789
1995,1995,Los Flechazos,En tu calle,8fc43fcc-8fa3-301d-8192-c828bc3a5b48
1995,1995,Los Flechazos,Si tú te vas,00ee95a3-32f3-3f81-bc33-511bc894b52e
1995,1995,Los Lobos feat. Antonio Banderas,Canción del Mariachi (Morena de mi Corazón),1f16906a-914b-4cb6-bc05-3d56a34db1ea
1995,1995,Los Locos,El tiburon,50818457-8f53-4ae9-8b07-bee80f810a2a
1995,1995-06-20,Los Pablos,It's A Dream,192fb9b9-cbb5-4820-89f9-9fd3defce6ec
1995,1995,Los Planetas,Himno generacional #83,bdf828a6-a611-3448-8e1b-f8b97a0093a8
1995,1995-05-01,Los Planetas,Nuevas sensaciones,fc8410ea-9bf8-3c54-b922-82c4177c2043
1995,1995,Los tres amigos featuring Chaly Albert,Macarena: Remix '95,93ef0076-ace0-43c7-acc2-111eea300da9
1995,1995,Lost Boyz,"Jeeps, Lex Coups, Bimaz & Benz",19e0b5b0-25bf-4f6c-b756-d95f33507dd8
1995,1995,Lost Boyz,Lifestyles Of The Rich And Shameless,8ef6dd0c-ef61-4d01-bf06-cb8c32eb014b
1995,1995,Lost Boyz,Lifestyles of the Rich and Shameless (Remixes),9a073a43-9372-44b9-9bf9-53431fc7f7d6
1995,1995,Lostsidon,Lostsidon,f4dba3de-9196-36f4-a73a-3274cbeb1ccb
1995,1995,Lotti Huber,"Guten Morgen, Chef",d609b63c-c670-421d-93db-96c52c2f0aa0
1995,1995,Loudon Wainwright III,Grown man,20cf348a-7f84-472b-81eb-7a6dc9d03906
1995,1995,Louise,Light of My Life,0b386ee6-b9de-48ba-8346-40f582c6731e
1995,1995,Lou²,Freaky,196a37a8-e9e7-4d76-9d61-af4f4fd21889
1995,1995,Love Battery,Harold's Pink Room,c2858b3b-ece3-4b26-aa31-5f2c0a43b514
1995,1995,Love City Groove,Love City Groove,42804b05-2690-41b6-b1bf-352416cbb179
1995,1995,Love Religion,Don't Cry My Love,3c4083c5-f5e2-4957-a390-eab4eaf3c101
1995,1995-11-06,Love to Infinity,Someday,409c9c6f-56ae-492e-b54b-9b73bfdfa0c9
1995,1995,Lovedeejay Akemi,It’s What’s Upfront That Counts,7541001a-6355-4b56-a328-66b05dd7ca10
1995,1995-01-02,Loveland,I Need Somebody,9adc27c0-f8ab-4ae6-be33-289f165f3cfe
1995,1995-08-21,Loveland,The Wonder of Love,3371c9ba-93db-4bdc-806c-d1a9f1882009
1995,1995-05-29,Loveland featuring the voice of Rachel McFarlane,Don't Make Me Wait,9ef5326c-ab4f-4d20-bdf4-290698927fd1
1995,1995-03-06,Lovestation,Love Come Rescue Me,406cb368-68d7-3913-94d1-b9c5ef72b5bc
1995,1995,Loving Loop,Gimme A Sign,42c68469-308b-46cd-bca9-bc37faf9b9c7
1995,1995,Lower Level,Top Notch / Favorable Fluids,46bd0a23-8c91-4638-be0e-e128d923f5df
1995,1995,Lowercase,Brass Tacks,28d1dd9f-8816-43cd-820f-dec122b78b8e
1995,1995-07,LTJ Bukem,Horizons / Rain Fall,93e134e4-a9f3-32cc-890c-77dedb9f9af4
1995,1995-10-04,Luca Carboni,Inno nazionale,9b879836-0b6a-4a20-a870-dc11bf2f95ab
1995,1995,Luciano,It's Me Again Jah,605f3c37-7f93-4c63-927c-16ca0e1b73ef
1995,1995-01-01,Lucifer Jones,The Fury,099fdb28-ec73-4ffd-a51b-597177f5ec44
1995,1995-07-01,Lucifer Jones,Whips & Chains,d2775d6d-497f-45c4-afad-8b2f95d5df5e
1995,1995,Luck Mervil,Coule-moi,e5881524-c008-4297-a4ee-5dc24afd886a
1995,1995,Luck Mervil,On veut faire la fête,2e0b7424-3336-4fbf-914d-f2eadcf0e6e4
1995,1995,Lucky People Center,Sundance,27606fc2-0e1e-42ad-ba21-e1fc7f489e1a
1995,1995,Ludwig Hirsch,Wunder,1e8be585-4592-4d26-acd9-0bf9b6faf05e
1995,1995,Ludwig Hirsch feat. B.A.M.B.I.,Spuck den Schnuller aus,0a2afafd-d0d5-49ec-bfbe-db1a9a4ca974
1995,1995,Lumbar Trio / Wheaton Research,Lumbar Trio / Wheaton Research,753e0fb7-e28c-4827-b2da-16d2af82fc86
1995,1995,Luna,Bonnie and Clyde / Chinatown,7f96453a-a2eb-32a5-8bae-0504a0f1ee52
1995,1995,Luna,Hedgehog,7f8eb350-9934-37c4-8f77-6cbbb96efec1
1995,1995-11-13,LUNA SEA,DESIRE,431994a0-2ee2-3b52-bc43-54b0be1963fd
1995,1995-02-22,LUNA SEA,MOTHER,a1188c89-15ec-39fd-967d-6876dd5d4ebb
1995,1995,Luna-C,Piano Confusion / Piano Ommision / Piano Progression (remix),9bffa4a1-0ac3-4f52-9f06-d9b83002b158
1995,1995,Lunar Module,Mental Acid Trilogy (Part 3),658a3e0a-5f7e-4220-b9d2-b4a2d6027763
1995,1995-08-31,Luniz,I Got 5 on It,8f67fa1b-d2d9-34dc-aa44-177a50632d55
1995,1995-10,Luscious Jackson,Here,111e95cf-7a12-330c-ae14-71cf742661fa
1995,1995,Lush,Single Girl,8b8f7f81-ae9b-4538-babe-7caf0250b2af
1995,1995,Lutefisk,Aerosol,94ca5884-9b85-4fcc-976e-94e485a637cf
1995,1995,Luther Vandross,Ain't No Stoppin' Us Now,cd7ebabf-b39d-4362-b4f4-3e9451ad3a7b
1995,1995-12-08,Luther Vandross,"Every Year, Every Christmas",e7d4bfc3-f1a0-3965-a84d-9a2e10efc708
1995,1995,Luther Vandross,Power of Love / Love Power,4856754c-2220-42f4-b634-2e511ef8bd9d
1995,1995,Luxor,Superstitious,ca36c242-e2a6-3ded-904b-91139d753f72
1995,1995,Lynda Lemay,La Visite,297ce587-f2d5-459d-8adb-a5973f607026
1995,1995,Lyres,"""7""",412443c7-416b-4b02-8fd0-28d2ee815b5b
1995,1995,Lyrical Terrorists,Payback / Don’t Worry,c97ed376-120d-4f2c-ad57-776f4b53fb09
1995,1995,Lïve,All Over You,e13bcb44-2019-3131-8b50-a75181c15ac3
1995,1995,L’Affaire Louis’ Trio,L'Homme aux mille vies,49d3fce0-f4ec-4343-bddc-5f66edeed3c1
1995,1995,L’Affaire Louis’ Trio,Tranquille aujourd’hui,051aa3e2-6bc3-428c-825e-be4eba0a8511
1995,1995-07-06,L’Arc〜en〜Ciel,Vivid Colors,51db81ba-524d-3571-b7d6-56281b1023bc
1995,1995-10-20,L’Arc〜en〜Ciel,夏の憂鬱 [time to say good-bye],5315b32e-2283-33ac-9253-6133a4efb879
1995,1995-01,M,Razzia 2,778789e5-b4f7-4920-b85d-371901bd6ab6
1995,1995-07,M,Running (The Future Is Now!),7ef95207-c8e6-4d75-b36e-7da760faead9
1995,1995,M & J Project,Livin' Drums,ba644b3d-0ae4-47e1-b61c-82113cb6d4df
1995,1995,M People,Itchycoo Park,b271c481-803c-42dc-b4fb-9a1685f57025
1995,1995,M People,Love Rendezvous,63d12a7d-2458-32b2-a0c3-d0c40c26c89c
1995,1995-05-02,M People,Open Your Heart,8c3488bc-0663-3eac-83a1-0849a7c0860d
1995,1995-06-01,M People,Search for the Hero,198e25f7-16de-4028-9f7e-d0464bd35296
1995,1995-09-05,M People,Search for the Hero / Padlock,8faeb12e-9525-4eba-b91e-4b9600ec1cb5
1995,1995,M-Beat,Free,5f6e0153-5e72-4d0c-811d-0aedf540c6df
1995,1995,M-Beat,Unique / Watch It,4114c88c-57ee-4874-a8ef-fa9fd44d26a2
1995,1995,M-Jay & Dan-Vee,The Sun Always Shines,7a635393-37dd-4315-953f-64159bb601f3
1995,1995,M-K Ultra,Freedom EP,7bf5e430-0442-4348-9745-9b436e605887
1995,1995,M. Walking on the Water,Easy,44a3306c-e3b0-43a8-a202-0bf46fa4e458
1995,1995,M. Wolleitzer,Zambia,0e7b9858-d15e-4914-a272-72a669417600
1995,1995,M.A.N.,Down Under,642afa60-1390-4f67-ad85-e656e4f2dcaf
1995,1995,M.B. Ant,First Session / Second Session,4c2dd1db-890d-40d6-af59-4346e2d6facb
1995,1995,M.C. Beto,El Mago,0d548d62-94d8-4116-b809-035206745a97
1995,1995,M.C. Hammer,Sultry Funk,ad12b641-8d28-4ddb-8f1c-1487c2066400
1995,1995,M.C. Lenni,Make Some Time,8694e538-c76e-4d2a-b9e4-c1f0a1d567fa
1995,1995-10-25,m.c.A・T,Breakdown ～Let's Go! Rookie Boy～,f36c352d-0102-40d8-92c7-de1094f72091
1995,1995-01-21,m.c.A・T,Oh! My Precious!,2db47211-03e9-42fe-9053-97c98b2f4411
1995,1995-04-26,m.c.A・T,SUPER HAPPY,3772401b-55e0-49bb-86a8-5dc6fc9fdb0a
1995,1995-09-27,m.c.A・T,ごきげんだぜっ!,e7f05e8d-18ab-4c43-bdd7-5d321567d626
1995,1995,M.Gi.M. Big Time Music,Be Good to Me,8ff38d3d-0bce-4b33-a364-51503aac6a64
1995,1995,M.P.G.,Invocation,93261c8d-919f-4351-aa3f-6761d4956dcb
1995,1995,M.P.H.,Get Ready,c430fc7f-7f09-4d27-a856-b6f5835c3db1
1995,1995,Ma'Radscha,Cuckoo 4 Your Luv,4feafc83-826e-3475-b374-035c707533f0
1995,1995,Ma'Radscha,Right Now,dfecea23-3f00-3dc8-8714-37675f1711e8
1995,1995,Maanam,Kolekcjoner,720f0039-9565-488f-9c5a-5d93153350c0
1995,1995,Mac & Serap,True Love,d0b2fa28-4d4e-40aa-82f7-a8982583650b
1995,1995,Mac Acid,Mind Flow,bb2aad15-67bf-4cda-92c2-a8cff87e5ce2
1995,1995-09-01,Machel Montano,Come Dig It,8bf896f7-5de0-4cbb-9055-182fec1a7f1e
1995,1995-05,Machine Head,Old,9aabda83-914b-3b23-858b-7c367ce25b47
1995,1995,Machine in Motion,Color in the Rain,ff377f7b-370a-3f6e-95af-f6904df82987
1995,1995,Mack 10 feat. Ice Cube & W.C.,Westside Slaughterhouse / On Them Thangs (remix),56d4d1ec-fd9e-46d0-b238-045358ec0816
1995,1995,Mack Stevens,It's Over Now,b5639d22-7184-409d-ab3f-e621d6dc35fe
1995,1995,Mack Vibe feat. Jaqueline,I Can’t Let You Go,f695dea8-167b-3b16-abf5-0eb310aefe6a
1995,1995,Mad Dog,Rumblism (Remix's),069e68c2-41db-4f58-a048-eb8ef69b1d84
1995,1995,Mad Lads,You Spin Me Round,1076c710-5757-4dac-8ef3-dd05100ffe56
1995,1995,Mad Scientists,It Turns Me On,7fd6bfc5-6bea-46d1-9d41-057a9ee3bcf2
1995,1995,Mad Season,I Don't Know Anything,6368fbd2-6f23-433a-aeee-065f9f580508
1995,1995,Mad Season,Long Gone Day,45d78e64-bea1-4ed1-8410-1ab2f2222792
1995,1995,Mad Season,River of Deceit,19496503-df8c-3c68-90e2-eb4ac880c66f
1995,1995,Mad Skillz,The Nod Factor,88f7566f-ae4c-472f-b740-2467c26fde4c
1995,1995,Madame B,It's Not Enough,a2b2d615-30f7-4429-805f-3bd0500e7fea
1995,1995,Madame-X,Evolution,8eba17ca-6eeb-40b9-929e-0e3569781443
1995,1995,Madd Man,Nod Your Head,62bd5ed5-aa98-4358-a6f5-193823b3ae13
1995,1995-03-23,Madder Rose,The Love You Save,2d4d84cd-5a13-3c7c-96a7-1769a672c1e4
1995,1995,Madder Rose,Ultra Anxiety (Teenage Style),5f84b88d-6606-4c99-8a5e-89b9f09ed7d8
1995,1995,Madeshda,Bette Davis' Eyes,333acdc1-d8bc-4494-85d7-85886be1342e
1995,1995,Madland,Fog in Your Brain,63742953-a44f-462d-b551-d94622c6b1e9
1995,1995,Madness & Dizgrace,Living in a Dream,3f16c692-cebe-4419-9e72-49a6bb14d72a
1995,1995-02,Madonna,Bedtime Story,1c91c363-0171-3d04-ae6f-ffe3fd158d59
1995,1995-08-01,Madonna,Human Nature,d7ac6f35-c566-3522-94b4-9842d77369a9
1995,1995-08-10,Madonna,La Isla Bonita / Human Nature,5dcf793e-6111-4fb1-9bd1-2f2b3bf10fd3
1995,1995,Madonna,Veras,2b3079a3-e7a8-479a-8cfe-4c58fe3dbad3
1995,1995-10-23,Madonna,You’ll See,3100844c-7ac3-3107-a503-7a9c234e2e03
1995,1995,Madonna 303 / Gizz TV,Praise the Lord / Truck Driver,7a349a93-5fa3-45ac-9d84-c47847e9eb84
1995,1995,Madonna Hip Hop Massaker,Super Pop Peep Show,917f4fc0-d7d6-476a-b219-993b28addb19
1995,1995-05-29,Maduar,Mystic Party,a50c3632-eb7a-45ea-807b-ba49aea09ffe
1995,1995,Maduar,Space,a2b66e67-9c99-4fdb-9b0c-05fceef188f3
1995,1995,Mae Moore,Watermark,53e52605-6eb1-4e6f-be96-76f8f9109f3b
1995,1995,Maeror Tri,Physis,946ef5eb-7e63-3a40-aa32-9463b2b026f7
1995,1995,Magic Affair,The Rhythm Makes You Wanna Dance (Remixes),cd2f8975-1a56-4d8c-977c-11e954ef8070
1995,1995-07-07,Magic Affair starring Anita Davis and Jannet De Lara,The Rhythm Makes You Wanna Dance,603cf460-5cc5-4038-a393-40f911513346
1995,1995,Magic Juan,You Don't Gotta Clue,917e8b7d-6828-4dad-85ab-0788af27eeee
1995,1995,Magnetic Pulstar,Pulse,4848a4d6-430a-4c76-8f07-0f01b1ea5ce0
1995,1995,Magnus Johansson,En julberättelse,f7e2c07e-be9b-422c-862c-f1a726f7d7a5
1995,1995,Mahoney,Lets Go on Holiday,33da4613-dc84-4bbd-b032-259168b036a9
1995,1995,Mahoney,Soul Shaker Groove Maker - Choke,aa418f6e-e882-477a-b9b6-5441d7453039
1995,1995,Mai Tai,History '95: The Jupiter Remixes,0c884b1c-1a7d-345e-abd4-e955ddfae8f3
1995,1995-05-29,Maids of Gravity,Only Dreaming,341994d5-9b04-4802-8116-e38222ebab49
1995,1995,Mainspring,Mainspring,b81475d6-745c-4f97-8c9c-4ea07edb5dcd
1995,1995,Mainspring / Roosevelt's Inaugural Parade,Mainspring / Roosevelt's Inaugural Parade,9b54b626-85d3-4de2-bdea-dd57660116ad
1995,1995,Mainzelmännchen,GuudnnAaaabnd - Der Original-Mainzelmännchen-Song,9bc436db-8d8f-4899-8a06-ba7731dca33b
1995,1995,Maja Catrin Fritsche,Alles singt nur hu la la la,4a5f449b-f60a-4e2e-85c7-06ab0827fad6
1995,1995,Maja Catrin Fritsche,"Ciao, ciao, ciao",73a6efe9-7936-4807-9d05-5e26c7129502
1995,1995-03,Majesty Crush and Spare Snare,If JFA Were Still Together / I Got You,7c9f9596-edcc-4e5a-bd8a-388d3ffa51f9
1995,1995,Majistrate,Tell Me / Music Lover,45aecf7d-5eb8-4bc4-bac0-8830d5f4e2f1
1995,1995,Major Bones,What a Thing,9233f6a1-3152-4d70-827f-71a6bcc989a2
1995,1995,Major Dundee,A Night on the Town / Nobody’s Fool,c158df3d-bb74-459d-b894-4b3fb391c43d
1995,1995,Major Dundee,Raised on Love / The Chesnut Tree,da5b60fd-a7ef-4303-a1d3-1609a9c24927
1995,1995,Major Healy Featuring Marnie,Surviving On Love,6e0eefe7-99df-40b6-a064-fdbb914c66b8
1995,1995-05-19,Major T.,Tell Me Why,8b29d4e1-25d5-41fc-80a4-7ab1742b1cd6
1995,1995-12-10,MALICE MIZER,麗しき仮面の招待状,9c917d6a-c3fc-3a06-8313-8cc373bd19f5
1995,1995,Mama’s Jasje,Wunderbar,add921d7-87ca-4cde-8153-993a8e8a2baa
1995,1995,Mami,Kesä maistuu,aa2ee288-f040-4c27-8140-dc92c09712bb
1995,1995,Mamonas Assassinas,Chopis centis,91eb67a2-1464-4fc5-9755-458ef4f36259
1995,1995,Mamonas Assassinas,Robocop gay,8028cf19-2273-4dfc-8ad8-2b0b95f7d20d
1995,1995,Mamonas Assassinas,Vira-vira,ed795bd6-4ed1-4c7b-8aa2-6026c418b504
1995,1995,Man Made,Space Wreck / Industry,0e2d2d9e-5913-37d3-aac1-8a1ce5e66e26
1995,1995,Man of the Last 3rd,The Tube / Secret Vision,8d53b384-c40d-4ff8-9788-c12691484b4a
1995,1995,Man or Astro‐Man?,Haystack,080fe218-1ac0-433c-93f5-ac1b61ce4f0c
1995,1995-03,Man or Astro‐Man?,Postphonic Star Exploration,87e64777-4ec1-388d-bcfc-6d28e3ff73bb
1995,1995-09-15,Man With No Name,Floor-Essence,7a4c56df-41f0-339a-802e-e4f4ebd24958
1995,1995-12-11,Man With No Name,Lunar Cycle / Neuro Tunnel,068dd350-2bc7-3299-b471-bec3245ad6da
1995,1995,Mana Rapa Nui,Mana Rapa Nui,02fa7adc-54b6-4d26-af9e-fe24cccb71cd
1995,1995,Mandala,Evolution Theme,5dc94e64-c944-4ecf-b2f1-83bd36c49dd1
1995,1995,Mango Kings,Under Di Mangotree,d968c587-6191-468f-bba7-bba1e3305568
1995,1995-12-04,Maniax Traxxx,You’ve Got Me Flyin’ / E-Funk,e40e9a11-54e5-4335-aa51-4b590a12fd00
1995,1995,Manic Eden,Do Angels Die / Crossin' the Line,7ab68076-79ba-4306-8b1a-4c2631c44d44
1995,1995,Manic Hispanic,Mommy's Little Cholo / I Don't Care About You,4e9cba91-d566-4ccf-8922-3ab818b88010
1995,1995-02-20,MANISH,煌めく瞬間に捕われて,37df36b0-c57b-3e4f-bc5d-caf834cd5c5c
1995,1995,Manna,...From Heaven,df86a80f-5095-433e-b23e-99031b091c27
1995,1995,Manna,Our Earth,5d2c8237-c888-3a0d-9ceb-80bc4d8388c1
1995,1995,Mano Solo,C'est en vain,73adf8c7-e564-42aa-824c-8d9fd8e72aab
1995,1995-11-27,Mansun,Skin Up Pin Up / Flourella,9e21c74d-f856-4f4f-b9c1-3284f14e6f6b
1995,1995,Mantaray,Hide & Seek,9b5c0455-d3a1-43f5-ad67-360d4b178e7e
1995,1995,Mara Kayser,"Glaube, Liebe, Hoffnung",3fe1a98f-5007-42c8-8393-3e5ebf9e830d
1995,1995,Marc Almond,Adored and Explored,dbfa706c-2071-3302-bfdb-8ff3b2f2d01d
1995,1995,Marc Almond,Child Star,fa8660e9-546a-39d8-a2c0-f99682bfc1f9
1995,1995,Marc Almond,Out There / Brilliant Creatures,f5c04f4f-0940-30ae-9e1f-018c298ae23a
1995,1995-06-01,Marc Almond,The Idol,8cad96eb-a02f-37ff-8010-546539acb119
1995,1995,Marc Anthony,Nadie como ella,abfd51b1-7a74-40cd-8490-54d410bf838f
1995,1995,Marc Anthony,Te conozco bien,cd369da2-f2fc-4682-bb47-53cdad9da223
1995,1995,Marc Daniëls,Emily,1b8e526f-4d8d-4d1e-8aaa-9d1b35eb127c
1995,1995,Marc Daniëls,Wie zet de eerste stap,c2794644-c949-4092-8c3c-13aa8983312e
1995,1995,Marc Lavoine,Reste sur moi,46f55fc2-33ab-48ea-92eb-0bb0f632dca0
1995,1995,Marc O Polo,Oporticus,5b62f455-1479-469b-9937-500caad06f1b
1995,1995,Marc Smith,Pump Up The Noize,c6ed3adf-f4d2-40a1-b380-eb0b4125a215
1995,1995,Marc Z presents Morphosis,Caught In A Dream,ae5b5dd1-9060-4967-aca1-e2eef25c7318
1995,1995,Marcel De Groot,Mag ik naar je kijken,a4dabc2a-1484-4680-9712-a6af3a5a0a30
1995,1995,Marcelle Moncrieffe,Come On Down / Take Me There,b11f4e36-38e8-4eb1-8dc0-f45e71d99312
1995,1995,Marco Borsato,Ik leef niet meer voor jou,d2376a6f-4853-4eff-80ae-08c1adea97f8
1995,1995,Marco Borsato,Je hoeft niet naar huis vannacht / Als jij maar naar me lacht,be834802-1aa6-4f6e-874b-ae31eb795f1c
1995,1995,Marco Borsato,Kom maar bij mij / Domanica,511abe5a-546c-4d2c-837b-6320b934f14f
1995,1995,Marco Polo,A Prayer to the Music,cf2f5183-3316-3c00-89c7-b6bd31836c6c
1995,1995,Marco Zaffarano,Pandora's Box,3be1b0ec-d763-44ce-b628-4b351acb7824
1995,1995,Marga Dredd,Fat Bottomed Girls,f0938d39-ee6a-49de-96d3-1eb0ab57bcad
1995,1995,Margaux,Le Lac Majeur,831f14e2-f560-4738-ada5-dd1e9d028872
1995,1995,Margaux,Tout Fait Mal,e28b855b-fe65-4248-abfb-d84510a52530
1995,1995,Margaux,Va Savoir Pourquoi,e1b089aa-59f1-4f81-ba31-e70ca676e402
1995,1995-09-11,Mariah Carey,Fantasy,1648d909-a941-3f3a-bfc1-95320a351320
1995,1995-11-14,Mariah Carey & Boyz II Men,One Sweet Day,c54c1738-02f8-3520-9a59-1c3d4d533720
1995,1995,Marianne Faithfull,Bored by Dreams,945c3069-fc16-4559-82f7-f9bc91254eac
1995,1995,Marianne Rosenberg,Frieren,c8c0a38c-824b-4ab9-8eeb-7295497f65c6
1995,1995,Marianne Weber,In de sterren staat geschreven / Straks valt de nacht,b8beb4fc-d2d8-423c-b15c-fc0a7cb9f48b
1995,1995,Marianne Weber,Kind van mij / Bij moeder op visite,d4aa37f3-9361-4798-bea7-c957f3ce3378
1995,1995,Maribelle,Ik wil jou / Hier bij mij,9f4ad8a4-605d-490f-9b36-25ff2b15c3a8
1995,1995-11-01,Maribeth,アヴィヤンガ,7f452112-681e-4ca9-97f7-efe7bf62b0ae
1995,1995-05-29,Marillion,Beautiful,486cc9a7-9f6e-3322-8f1c-055c3d370dc5
1995,1995,Marilyn Manson,Dope Hat,a9410c33-15a4-3a47-b8c1-a9bd8dfee986
1995,1995,Marilyn Manson,Sweet Dreams,24633305-1581-319d-b2e0-82fc6acdfc57
1995,1995,MARIMARI RYTHMKILLER MACHINEGUN,Since Yesterday,6125d903-87c9-47ec-9cd6-32f63d4f7db4
1995,1995,Mario de Bellis,Fire,c3f0c4c6-db5d-4956-b843-bb8c27601179
1995,1995-10-09,Marion,Let's All Go Together,de7aa133-60dc-3335-a992-50efd2cc8875
1995,1995-02-13,Marion,Sleep,5c92a724-8e59-3e58-9b54-a1042f091c5d
1995,1995-05-01,Marion,Toys for Boys,90e9c4b8-aa35-341b-9147-290b1985ba79
1995,1995,Marisa Turner,Who's Gonna Kiss That Man?,782c5e9c-00a8-3d34-be67-1ab8ef8c77d5
1995,1995-09-21,Mark Burgess and Yves Altana,Always Want,56070492-a6fe-40bc-8e16-0a1ab359ee68
1995,1995-08-14,Mark Burgess and Yves Altana,Sin,25e44687-93c3-432e-8030-500f5b582a4f
1995,1995,Mark Caro,Jack It Up / Itch It Up,98d4ee79-5ef8-4cb9-bd18-6dc915c3aa8d
1995,1995,Mark Caro,Jack It Up / Itch It Up,9a40abd7-57b4-45ab-9e63-1936a77335ad
1995,1995,Mark Caro & Darren Beale,Sling Wide,cc13032c-32b1-4fdc-91ef-d2eabced9b1a
1995,1995-02-22,Mark Dean,Sunday Father,33dddb4f-ed6f-4cd6-a394-2ccb59ddf7b7
1995,1995,Mark Grant,Touch Me,c98fa96e-46a3-30ad-87ad-e3764aa20723
1995,1995,Mark Lanegan,House a Home,5625d875-c3b3-3873-a98e-b7b407570588
1995,1995-04-10,Mark Morrison,Crazy,b675003b-b8ae-43a0-9552-901ff6197734
1995,1995,Mark N-R-G,Brain Is The Weapon,03f7bee5-9fc0-444a-bc1e-149330f46d90
1995,1995,Mark N-R-G,Don't Stop (The Remixes),ba04b32b-30e3-4749-ab5f-b753d6db095d
1995,1995,Mark N-R-G,Don't Stop / Wake Up,4517b866-390e-4066-9e6b-a89a7b22723d
1995,1995,Mark N-R-G,In My Brain,761c3308-2f10-4491-adde-5af5554dc03d
1995,1995,Mark Narkowicz,1000 Tears,195f06c5-bf55-4331-b49e-aeaaf2e5e577
1995,1995,Mark The 909 King,Can You Dig It,a7ec3fa0-71e0-4f3e-aac6-fedbe19634ed
1995,1995,Mark Tschanz,Love Song,98e53cfe-f4b9-4178-aae4-1775beaa2b6b
1995,1995,Mark ’Oh,"Droste, hörst Du mich?",32991fb8-945e-46a1-8367-e4028eb39cd5
1995,1995,Mark ’Oh,I Can't Get No (Wahaha),bcefdee8-eff3-313d-b636-1536c583bb78
1995,1995,Mark ’Oh,Tears Don't Lie (Remixes),3e217853-5748-4b70-8d4a-e373da9789ca
1995,1995,Markus,Ich will Spaß '95,88dfb245-26eb-4c1a-9a3b-5db024c951b6
1995,1995,Marky Mark,No Mercy (The Fist of the Tiger),1476785b-b16f-3c88-aa7a-f72286652f23
1995,1995,Marla Glen,Believer,354da9b5-7104-4022-ae55-430c9c234cce
1995,1995,Marleen,Waar Moet Ik Heen,2791ae60-b3ca-4827-b149-27892cc279a2
1995,1995,Marley Marl / Cool Hand Flex,Feel It / Bass Injection,cc6f5400-e83d-43e5-988d-008582ddc9ae
1995,1995,Marmelade,You Are The Star (Dance Version),2b5ec1ed-b889-482f-b0d1-92dda4d00862
1995,1995,Marque,God Gave Me a Sign,cc19c881-ce2e-4edd-a684-4d08a80e4130
1995,1995,Marque,Something in My Eyes,01cd1a1d-698d-4902-8b28-5c78ae00094f
1995,1995,Mars Black,Tribal Warfare / Mars Black,069f23e2-c140-47f8-87e6-bc72b05f6b69
1995,1995,Mars Plastic,Model With Me,dbadd77b-0fec-4e8b-8775-c7587dd6994b
1995,1995,Mars Plastic,Wonderland,acf37fde-f1cc-4a7f-9ccc-d9dbc3a636df
1995,1995,Marshal Stax,Rok Star,e381fcaf-985c-469c-9b2d-7ecb15111d37
1995,1995,Marshal Stax,Switchead,deca78ee-aba3-470d-bf7f-46cdac9ebb47
1995,1995-07-29,Martha Byrne,Why Do You Love Me,b42db10b-454f-40ff-9073-80ed71c2b06f
1995,1995,Martin Dams,Hart vol verlangen / Als een mooie diamant,8bee48e7-71f0-4ebb-a74c-4e2c6589e920
1995,1995,Martin Zellar,Let Go,41c94218-d93a-46d3-a0a9-41e379f37538
1995,1995,Martin Zellar,Lie to Me,a95e4932-d1cf-4021-a428-1b51310f6af1
1995,1995,Martyn Joseph,Talk About It in the Morning,7c8fa3ca-19c7-420a-a222-162cea9c5e5a
1995,1995,Martyr Colony,Operations,61fc91a7-d1d5-4314-8e59-7cf76d433a01
1995,1995-06,Marusha,Deep,6fa0b161-c011-4d44-aae7-40c0a62c204f
1995,1995,Marusha,The Deep Mixes,72df1dd6-e3ee-3ded-92a0-c53741abab38
1995,1995-10,Marusha,Unique,00d533d8-49c3-3dd6-aa3b-1a0d9acf7ec4
1995,1995-11,Marusha,Unique (Remixes),f0a25c17-6218-4bec-b12d-0001c1b15bbb
1995,1995-01-01,Marvellous Cain,Chewbacca / Creep,6d45825c-2709-4c81-a85f-10cab01a43bb
1995,1995,Marvellous Cain,Dub Plate Style / Jump Up,bd54b974-83a0-4f46-b714-86fd68b2a957
1995,1995,Marvellous Cain,Guinness Punch / Snapper,faead520-d828-49af-836c-e45fc84a5937
1995,1995,Marvellous Cain,Hitman Remixes (Part I),771c4669-36cc-491d-8df2-5ae186a280de
1995,1995,Marvellous Cain,Hitman Remixes (Part II),298b0e23-f249-42de-88cf-937aabee1880
1995,1995,Marvellous Cain,Life Is Rollin',061e3f2e-3bdd-468b-8632-c646c768882d
1995,1995,Marvellous Cain,Will I See You?,fb7c2e85-0fa0-433d-934d-30e07ece936b
1995,1995-09-04,Mary,Ich bin eine Dame,2f0e0287-0990-41bc-83db-323ce4ff7ce7
1995,1995-05-30,Mary Beats Jane,Grind,3da66890-d76b-3b00-986d-f6c264e0a9a9
1995,1995-12-04,Mary J. Blige,(You Make Me Feel Like a) Natural Woman,27dc87f3-ebad-369c-aa0f-f40fe979e3f4
1995,1995-04,Mary J. Blige,I'm Goin' Down,a97620e6-3694-38fc-95ee-08dc9b5c0996
1995,1995,Mary J. Blige,Mary Jane (All Night Long),d2374dbe-e045-35fc-a63a-57565785a3aa
1995,1995,Mary J. Blige,Various Remixes,88d27f27-cd72-4614-959b-742126e62c2d
1995,1995,Mary J. Blige,You Bring Me Joy,cfa89ed3-c057-4fa6-9816-396b1432038b
1995,1995,Mary Jay,"Hey, Call Me Now",923f17e8-24dd-4c7d-b347-20c474b4a187
1995,1995-07-31,Mary Kiani,When I Call Your Name,3af6eef7-ec97-30b3-a884-674910e44a3e
1995,1995,Mary Roos,Mehr als ein Gefühl,6be1df72-93af-423d-9bbb-4467f1451d74
1995,1995,MARY☆RUE,MARY☆RUE,ab69cd32-8814-4bd8-8c7c-bad010e815e4
1995,1995,Mask,Alright / Reese,64dc9061-8b7a-403b-9bd8-3eaa6ade83a8
1995,1995,Masonna,Destructive Microphone,5a9b1cbd-8daf-4c22-8af3-86559c6e7ad6
1995,1995,Masonna,Dispersa / Susie’s Gone,e261cc9d-5089-4e70-bbe7-8eda3e06c75f
1995,1995-06,MASQUE,MELODY,ee2d01aa-ba7a-408e-93c8-d4ff0b399128
1995,1995,Mass Hysteria,Donnez-vous la peine,c54126e1-adfb-48d4-816e-035925e867d2
1995,1995,Massimo Di Cataldo,Una ragione di più,fbf8faa7-f4ad-45a9-b4da-81b0bbf06b86
1995,1995-03-20,Massive Attack,Karmacoma,83cd8284-49b5-307c-bcad-96781813ec2b
1995,1995-01-09,Massive Attack with Tracey Thorn,Protection,751030cb-44c8-3542-8e75-42b3e4f820fa
1995,1995,Masta Ace,Music Man / I Got Ta,e75ef258-38ec-422b-9200-8da16bb16393
1995,1995,Masta Ace Incorporated,The INC Ride,ac553f12-be66-4593-a52d-167acff4dd22
1995,1995,Master Beat,Rakkaus antaa,dbbf74eb-918e-4905-8cb8-ac278ca24ed1
1995,1995,mAster Wel,When I Was a Sperm,650be63b-c983-39dc-82d1-e6f7fc39f243
1995,1995,Masterboy,Anybody (Movin' On) (Remixes),bea7c2ec-afbe-4af6-96e3-f30425e4bc12
1995,1995-09,Masterboy,Anybody (Movin’ On),9ccb70b2-9707-49f1-ad0d-6d36286a54a2
1995,1995,Masterboy,Different Dreams,779670a6-62d0-4929-85d2-d9918ed8a7b1
1995,1995-03-17,Masterboy,Generation of Love,3e107563-cbd4-3bac-b263-95d09cb2ad49
1995,1995,Masterboy,Megamix,86a90c6c-cc20-4acf-bc64-0ebc4db4e5fb
1995,1995,Matador,Ritmo Nacional,cdcfc698-cc0a-4036-8004-b8d2e3c4274b
1995,1995,Mathieu Boogaerts,Bien,7b7e676f-3374-40cd-abba-04f6c53b8d3c
1995,1995-10-16,Matin Braga,Friday Night,6999d3f3-af33-4dee-b897-e4fd5891793d
1995,1995,Mato Grosso,Moai,aef632b6-ad56-4be4-85b0-cefc92c78b8c
1995,1995,Matrix,Take a Piece of Your Heart,e9cd45c8-0abd-4c20-a53b-5bd27653ff4e
1995,1995-08-10,Matt Bianco,Lost in You,b98d79f4-cba7-325f-a4c2-19272a0e3bbb
1995,1995-06-01,Matt Portune,Total Control II,b47a2509-187b-4028-b717-7c8b7ae0e74a
1995,1995,Matthew Shipp Duo with William Parker,Summertime,529bd353-3f0b-499c-ac68-4bf097bb4c76
1995,1995-05-15,Matthew Sweet,Sick Of Myself,122acdda-c2a0-41f6-9c7c-e2a73235dc20
1995,1995,Matthew Sweet,Super Baby,7c9105aa-49fd-4ad1-b6a7-09d91b5e7fad
1995,1995-07-31,Matthew Sweet,We're the Same,d69bcb3b-8024-4812-b88b-6470e69d7863
1995,1995,Maui,Summer fun,5d69a872-26f5-43bb-bf99-4d12e7a7d345
1995,1995,Maurane,Différente quand je chante,5ac0fc13-4e0e-4b59-871f-c01de3c4507e
1995,1995,Mauro Pilato & Max Monti,Clap Clap,8536454e-527b-45a3-910d-8211286cb248
1995,1995-08-21,MAX,"Kiss me Kiss me, Baby",b58058f0-5dcd-3359-9829-38a2b5e995e1
1995,1995-05-10,MAX,恋するヴェルファーレダンス 〜Saturday Night〜,10a31dd9-4850-4aa8-8262-d54c80a8f911
1995,1995-02-28,Max Da Fly,Shake Dis Place,1f37c1d0-9a6f-4a22-b163-49d8c04fe71d
1995,1995-06,Max Sharam,Be Firm,1a0c87cd-7968-3402-a625-70e6b5d040dc
1995,1995-11,Max Sharam,Lay Down,37582bcb-4592-30ee-ac6d-d08be97f9e45
1995,1995,Max-A-Million,Sexual Healing,2d15dbea-8239-3fe7-99d3-733cadc901f0
1995,1995,Maxime Le Forestier,Passer ma route,a2b91b72-db04-44d3-8c20-85fa96ac7d9f
1995,1995,Maxine & Dubwise,Let It Flow,51222515-d7b3-4dcf-9afd-fb5db420bb20
1995,1995-07-03,Maxx,I Can Make You Feel Like,932ba9f1-281b-47b7-82b6-c62f1cb9807c
1995,1995-11,Maxx,Move Your Body,93e5f8a3-0893-43fe-877b-67bcc1eca2d9
1995,1995,Maydie Myles,Keep On Luvin,e724089c-48ff-4d63-9c78-f0a91d109166
1995,1995,Mayte,If I Love U 2Night,d7524897-f931-43e8-a09f-f764c0b945fd
1995,1995,Maze,Joy & Pain / Too Many Games /I Wanna Be With You,1609dc75-7152-4b8b-92f4-78075b68170c
1995,1995-08,Mazohysteria,two Loves,b04ff7bd-914f-449e-82a9-31862666d3f7
1995,1995,Mazola Party,Hur är det?,73567111-c094-4911-9032-c76f9d2fb0ae
1995,1995,Mazzy Star,Halah / She’s My Baby,b0708e63-3444-4dad-ab0b-4616a005ecaa
1995,1995,MC Erik & Barbara,Summer Nights ’95,9bcb1c06-ffc2-4fc0-b214-c03c5f2cc76e
1995,1995,MC Erik & Barbara,U Can’t Stop,71e6c9b4-b584-400a-aed2-77a73cc1f99e
1995,1995,MC Franky Gee,Wolly Bully,4033fb21-3e27-4914-8174-fc7021791a02
1995,1995,MC Nas-D,Girlz Wit All Da Booty,64c4c548-3f5c-3b33-b271-15f9fe1502c9
1995,1995,MC Rude,Real Live G,cff02ff0-1658-3911-9f59-d1af6408bbb3
1995,1995,MC Sheep Featuring D. Jee,Whiskey in the Jar,930d4568-457b-487d-8691-8fb5ba62e2e3
1995,1995,MC Solaar,La Concubine de l'hémoglobine,6551e8df-3b78-41ea-ac85-a4413289ac99
1995,1995-03-04,MC Spy‐D + “Friends”,The Amazing Spider-Man,8fcbc049-240f-480a-b9fd-295c4c6fd48d
1995,1995,MC-X,The Night Is Mine,370c9e73-e8ed-49d8-9c7b-dd39490ce421
1995,1995,McAlmont & Butler,Yes,221d8259-91ac-3322-a24c-b1fa5db9a334
1995,1995,McAlmont & Butler,You Do,9dedd3b9-9c9d-4f36-944e-621a6e401dc7
1995,1995-05-05,Me,World Peace Now,6d24a86b-3085-4ca3-87a0-b9ac37582167
1995,1995,Me & My,Baby Boy,b7850dcb-a380-403e-ba26-06d772538344
1995,1995-08-24,Me & My,Dub-I-Dub,aad52cdf-481f-4c90-a37d-ebddbd670cc4
1995,1995,Me & My,Lion Eddie,07f1a06d-3f10-4784-a562-9f63232b9338
1995,1995-11-06,Me and Jack,Viva House,aac718fc-e166-4049-a8c6-6c597a665182
1995,1995-08-26,Me First and the Gimme Gimmes,Denver,1031174e-d252-3a91-971b-af282db26893
1995,1995,Meat Loaf,I’d Lie for You (and That’s the Truth),e09ceb8f-d5b2-33c1-9507-1ee46ee4fb31
1995,1995,Meat Puppets,Scum,cf45ba09-66ba-4ec0-9ecc-f569f34239d1
1995,1995-09-12,Mecca Normal,The Bird That Wouldn't Fly,35c6b658-f03f-4581-8747-ac2f6a1705a5
1995,1995-04-26,media youth,Missing,35926b1a-d87b-4263-8d4b-06ac4227017f
1995,1995,Medicine,Candy Candy,af556e59-6ad5-4dd5-bcc7-f6654c41e849
1995,1995-07-21,Medicine Hat,C'mon Here,225f6a14-7224-4fa8-9e39-52148d245a40
1995,1995-08-21,Meechie,You Bring Me Joy,c7505f34-0bae-42f5-b581-aa0ad69b0c48
1995,1995,Meeuw,Tabernakel,2a435051-6e32-4383-a05c-e5c12ad7c8ce
1995,1995,Mega City Four,Skidding,76f07c05-72d7-367c-8894-b8b4ea650dcf
1995,1995,Mega ’Lo Mania,Emotion,b8483f1d-f9ec-3afe-9e59-80142a3fd997
1995,1995,Mega'Lo Mania,Close Your Eyes,382cbdd0-4d2d-4778-9cf2-83a738999da7
1995,1995,Megan Metcalfe,Let it Rain,3977925f-2841-48d6-b9aa-2cc42ea10d71
1995,1995,Megan Metcalfe,Truehearts,f2b46ffe-1fba-4414-b955-465c49f6101b
1995,1995,Megasterz,Elixier,c04a91cb-6ff9-4185-860e-e10565d44381
1995,1995,Mekon,Revenge of the Mekon (remix),c92f6459-e1a9-4291-9dde-f7c4a9647756
1995,1995,Mekon feat. Schoolly D,Skool’s Out,1fbce5bc-7265-37a4-9856-9be6346e9a9e
1995,1995,Mel O'Ween,Groove Avenue,0457fdb2-1c54-416b-a58c-e77c9d038a21
1995,1995,Melanie,Rock in the Road,5a49fff5-9fad-4c6e-89e2-697b34372ae2
1995,1995,Melissa Etheridge,I Want to Come Over,b1ae2419-0b39-3376-a654-26fb778fe4a0
1995,1995,Melissa Manchester,Here to Love You,a2b84e66-c063-4312-8f8f-ed9d8409ae64
1995,1995,Mellowman,La Voie du Mellow,a777b730-2812-41d2-8729-6a9e64d58fcd
1995,1995,Mellowman,Pyromellow,3adacaa9-f1df-4288-ab26-676bae5f2fac
1995,1995-02-10,Melodie MC,Anyone Out There,80bf5920-d04e-4d0b-acb2-02f29dfaeb2a
1995,1995,Melodie MC,Bomba Deng,b27ba70a-ab8d-4600-b4c5-c58c10544652
1995,1995,Melodie MC,Climb Any Mountain,874f6fbb-504d-41d4-a88b-dd846d8b1e66
1995,1995-12-16,Melody,GET LOVE,703786cd-d78b-4d73-9898-d8f5b0ca5a2e
1995,1995-04-21,Melody,世界中の微笑み集めてもかなわない,b4078455-b1bc-41a5-917d-f311bd40dd21
1995,1995-08-19,Melody,運命’95,6054fb15-ef58-4025-a700-3fca70eadd1a
1995,1995-07,Melt‐Banana,It's in the Pillcase,65180039-72c3-37f3-9868-363c3399d3ff
1995,1995,Melvins / Guv’ner,Porn 2,b471d1ed-a2ad-4b5f-ba22-084b283666a0
1995,1995-01,Melvins / Plainfield,Cowboy / Hillbilly,29beccc0-6bad-42b3-bf63-33861ab3032c
1995,1995,Members of Mayday,Great,328267b4-8b99-3f80-91d9-407c73132b15
1995,1995,Members of Mayday,The Bells of Reformation,3f8a197d-e399-3707-92e2-bdc5098de729
1995,1995,Members of the House,Keep Pushin’ (Hold On),1d3e588d-dcc6-387c-b60d-67c191223465
1995,1995,Memphis Blue,The World,b90c19be-101e-4c50-bebe-8518416528f1
1995,1995-06-19,Menswear,Daydreamer,290ae994-97ab-309f-9c92-12814c175462
1995,1995-04-03,Menswear,I'll Manage Somehow,9e07d594-1d27-4a70-95de-94f2dfc8057a
1995,1995-11-27,Menswear,Sleeping In,c95ae000-c03b-31cb-ba20-b0d89094bfaf
1995,1995-09-18,Menswear,Stardust,081eb732-5e5e-3367-9294-ec2bc7a853a9
1995,1995,Mental as Anything,Mr Natural,ce3d85a1-4a5f-490b-9561-59ad5df4212a
1995,1995,Mental Glue,Accuphase,405011a2-8211-499a-8f50-eb1f6e44cb1f
1995,1995,Mental Hippie Blood,Still Pounds,270fdeb1-7e6a-462c-af76-41572dfdbaa1
1995,1995,Mental Overdrive & Outlander,Disto Disco,c1d2c4d2-1046-4820-a951-46109988090a
1995,1995,Mental Power,Red,ba37745b-8e44-493b-bfcb-55547fe8280c
1995,1995,Mental Power & DJ SS,Blue,85505760-bb28-4247-825c-7c4f7418b4bf
1995,1995,Menthol,USA Capable / Crystal Keg People,c4321318-1804-466d-b5ad-a4560d0c778c
1995,1995,Meow,Laid Down Low / Your Mark,2b9a9bf0-82be-441f-a0c1-eafc1a3c87dd
1995,1995,Mephiskapheles,Doomsday,e5daa9bc-dd24-443b-86ed-93818242ce8c
1995,1995,Mephisto,Back in Time,90ab3852-c285-4fbc-a0fa-3d6aab450499
1995,1995,Merauder / Stigmata,Brotherhood,462c4ee8-5745-4cd5-9c2d-d5d6a5291622
1995,1995,Merciless,Nuh fi Nurse,66a03358-9d2b-499c-9553-66ba4ca24f46
1995,1995,Merja Raski,Polttavaa tulta,49d166f3-a991-4035-b7a0-f52b63668b00
1995,1995,Merlin,Return of da Funk / Encounters,f2d8bd93-29ba-403b-989e-9ec675ab6b74
1995,1995-07-24,Merril Bainbridge,Under the Water,9d1c647a-1629-4d54-be56-69411890bae9
1995,1995,Merzbow,Electroknots,f9de81d2-2117-30e4-bf15-c352bb4db35e
1995,1995-12,Merzbow,Wakantanka / Aboriginie of Anniversary 50 Years After War,6174285a-752e-4264-8ea7-c47c9476ba2e
1995,1995,Merzbow · Tea Culture,Whizzerbait,bfd46f8a-4e16-417c-a482-4917bba89e42
1995,1995,Meteor Seven,Analogical Elements,6ce72adb-348f-3349-b349-1fa95507fdfe
1995,1995-06,Methadon,Synthetic Fruits,6e3e583a-9e12-4052-94f8-4ab27f9a3f08
1995,1995-04-25,Method Man,I'll Be There for You / You're All I Need to Get By,c81ce724-266c-330f-9865-51a9718ff0fb
1995,1995-03-27,Method Man,Release Yo' Delf,d6ae832f-0a23-34fa-b41d-c66f74efbf0a
1995,1995-10-24,Method Man,The Riddler,ba96333e-5528-36db-833a-f4af12dc37f4
1995,1995,Method Man & Redman,How High,19190b1c-0422-49fd-8b33-ba17a7bfa37a
1995,1995-05,Metrix,Slow Down,2a893716-5dfb-4cc1-ae0f-815a235122fd
1995,1995,Metro Dade,The Andor Voyage / Lurandi,34ddcef4-f7fb-4d72-b070-61470c88754d
1995,1995,Metro L.A.,To a Nation Rockin,8bccb8b6-91f4-4b16-b398-c41ed72fb646
1995,1995-07-21,Meu / ムーンリップス,“らしく”いきましょ / ムーンライト伝説,74571406-a152-4847-a1eb-675a9b49e540
1995,1995,MI5,I Can't Understand / Experience,357d2bd4-7db4-4628-8870-7e435ae687ec
1995,1995,Mic Geronimo,Masta I.C.,fa1fd856-5e96-3269-8d4e-4892aa9574ff
1995,1995,Mic Geronimo,The Natural,3a34eaf8-1d0d-42a1-b8cf-c4c62defe192
1995,1995,Mica Paris,One,7a8e0952-9258-34f5-938a-9f40faa6154c
1995,1995,Micado,It's Gonna Be A Fine Night,ad71ffe9-8136-4e82-86aa-7452dbcda4d8
1995,1995-11-15,Mice,Mat’s Prozac,31d645e2-c2dc-3f6d-ada1-9e8cd11a9b99
1995,1995,Michael Ball,The Rose,e09f7a2e-a6c1-43b1-a86a-f8b339ce5cc3
1995,1995,Michael Bolton,A Love So Beautiful,5ba54931-a6c5-4618-a4fb-7371288ede7d
1995,1995,Michael Bolton,Can I Touch You… There?,083baf9b-0064-4a4f-bb10-5223f6985ab1
1995,1995,Michael Bolton,Can I Touch You…There?,3af7a3ab-6f63-4509-8784-f55d2f2302db
1995,1995,Michael Hansen,"Yia sas, Malia",30b947fa-d776-443d-82a8-04612fdb49c9
1995,1995,Michael Holm,Tränen lügen nicht (Remixe '95),63ac0f3e-b0ad-4596-927b-d02e6112bf72
1995,1995,Michael Jackson,Childhood,b59e166c-6719-485d-8c99-98ad5e0f15b8
1995,1995-11-27,Michael Jackson,Earth Song,1156227a-83b5-345f-b05a-c6c8aed8baea
1995,1995,Michael Jackson,Megamix / Megaremix,e3eaf887-1cf0-4079-9802-9c8f32232e11
1995,1995-05-31,Michael Jackson,Scream,c77c02cb-ad6e-3c2d-88b5-dba891b5a4e3
1995,1995,Michael Jackson,This Time Around,0a91b303-9e0c-4701-9fec-8d6240aefe51
1995,1995,Michael Jackson,This Time Around / Earth Song,4ac39e9a-6d0d-4abb-b253-3d8e86868304
1995,1995-08-15,Michael Jackson,You Are Not Alone,29753391-8fe5-3edd-8a4e-32269c9a5019
1995,1995,Michael Learns to Rock,That's Why (You Go Away),f51117c7-02c5-4eaf-b9a0-6b70fd440952
1995,1995-01-16,Michael Morgan,Mal angenommen,c7baa74c-ec5b-3344-807b-535b72200134
1995,1995,Michael Morgan,Paradise Dance Mix,ecfadc16-c6ee-4a52-a978-9f4d197e013e
1995,1995,Michael Morley / Bruce Russell,Radiation / Four Letters,0ff99125-1614-4c02-89bd-a59b3d74faf0
1995,1995-10,Michelle,Dornröschen ist aufgewacht,74c8d62c-2966-4f46-b9a6-8a1d1d53bb5b
1995,1995,Michelle,Kopfüber in die Nacht,2217aad6-bc8e-419f-ab45-53fb62b308d0
1995,1995-03,Michelle,Traumtänzerball,c06c6ef3-3e61-4904-9dd3-9529a7daf7a8
1995,1995-08-14,Michelle Gayle,Happy Just To Be With You,98db5bd3-52a9-46cd-99e6-eeeed9bced86
1995,1995,Michèle,I Can Feel,d021f635-933e-47cc-9797-cdf8c919fddf
1995,1995-09-01,Mick Harvey,Initials B.B.,bc2142fd-5a35-327c-be15-554fedaa709d
1995,1995-11-07,Mick Rippon,Brother,1f6f1d38-dc89-48b6-8cf4-3aa7c5979682
1995,1995-09-02,Mick Rippon,Esteem,0e3139e6-2d72-47d9-9d66-1f13217cf52d
1995,1995-10-30,Mick Rippon,Existing,e2c4b872-fb72-4c75-8968-c4b058bc9367
1995,1995-06-18,Mick Rippon,Tea Cosy,1a1f7d7f-3f72-4ab2-8b49-45afcad79fc3
1995,1995-06-16,Mick Rippon,Wake the Baby,7e9d728c-0e7e-4e31-8fc5-49fd86498a14
1995,1995,Mick21,Time to Change,8428f821-149c-4e28-ae3f-9c85013d22b1
1995,1995,Microcosmica,Fascinated,9887e28d-bd85-4eee-9109-5ce9403de5fb
1995,1995,Midas & DJ Vinylgroover / DJ Fade,You Take Me Away / Music Is My Life (Remix),ea8655ef-8d4c-4d5a-8eda-c03d47c26b31
1995,1995,Middle of the Rave feat. Chris Roberts,Du kannst nicht immer 17 sein,10e7e268-44f7-41e5-a72e-a3d1dc063766
1995,1995,Midfield General,Worlds / Bung,c0f67e7f-1a16-430a-83c9-8f03d03267c5
1995,1995,Mig 29 featuring Natasha,War in Heaven,c91dd6c8-6374-424d-b1f8-8e31e3aa4de7
1995,1995,Mighty Dub Kats!,Son Of Wilmot,2234adfb-74d6-4be2-8675-57e1afd4d4f4
1995,1995,Mighty Dub Katz,Just Another Groove,b6d95ebe-81ae-3dce-9d09-162a4fb8fbc8
1995,1995-06-27,Mighty Dub Katz,Magic Carpet Ride,916efe35-1062-36fe-a7d3-40896d6f01d5
1995,1995,Miilkbone,Keep It Real,58173c0d-754d-4e5b-a66f-5bdd10ef8fb0
1995,1995,Miilkbone,Where'z da' Party At?,0cac25ac-083d-48c5-ab00-6df657940a01
1995,1995,Miisa,All or Nothing,ee8e12de-ad54-3df1-9033-ecf2d9e4c5a0
1995,1995,Miisa,Lovin' U,baffe8c5-7fd5-31c5-bae9-f720f1855e64
1995,1995,Mikado,Feel the Bass Chapter 2,11a4f9b4-abf1-3351-a4e7-29f3c8012828
1995,1995,Mikael Erlandsson,Mr. Weirdstough,7ccde850-44c6-44a7-b2b9-5290f8818790
1995,1995-06,Mike & the Mechanics,A Beggar on a Beach of Gold,519ad33d-3351-310e-9a91-2b66f06e28f4
1995,1995,Mike & the Mechanics,Another Cup of Coffee,5afbefee-e027-3468-bb5b-03a3ff22d18e
1995,1995-02,Mike & the Mechanics,Over My Shoulder,e392554a-9b91-478b-b752-befaede21f8a
1995,1995,Mike Bauhaus,"17 Jahr, blondes Haar",0cf4b6dc-6d2d-4779-873d-fc040b096fdc
1995,1995,Mike Chipper & Talec,Freakmacheene,23979f9c-a1c5-4b71-8033-a4355e9c5630
1995,1995,Mike Dearborn,Razorsharp,8f2dba1a-7c1d-486b-b577-5c63d10b0927
1995,1995,Mike Eggert,Eternal Power,23acf49c-960e-470d-8519-f213fb5e3788
1995,1995,Mike Krüger,Cheese for Peace,2b46feff-f90a-4944-ba3c-90608195f53a
1995,1995,Mike Oldfield,Let There Be Light,874aca94-a46d-3406-b378-6ef9a99cff05
1995,1995,Mike Oldfield,Tubular World,fc5e099d-93b5-4826-b2b7-82bbe8e21e43
1995,1995-09-04,Mike Scott,Bring 'em All In,3d5923bb-485c-3b9e-a71a-cb0875c35bd3
1995,1995-10-30,Mike Scott,Building the City of Light,9264af1a-9a79-39d8-b83c-f4cdacd64ac0
1995,1995,Mike Watt,Big Train,0e54667c-49b3-49ad-80b9-cb5a446264f3
1995,1995,Mike Watt,E-Ticket Ride,8e6de51c-4c76-48f5-8f1e-349f25f650f2
1995,1995,Mike Watt,E-Ticket Ride,af074d1a-bb9a-3313-9f73-a8a66cf90cd3
1995,1995-07-31,Mike Watt,Piss-Bottle Man,c353525a-a97b-404d-b7a8-51bae07036b4
1995,1995,MikeroBenics,Die Remixe,5b3a9be6-2ef3-4806-b553-0ccc988f0d14
1995,1995,Mikey General,Miss Taylor Bwoy,6db3d7e6-3fbb-4e2a-8f64-0ba820b25e7d
1995,1995,Millencolin,Da Strike,9ba11d4b-d714-31c4-872d-7816b977f3f4
1995,1995-09-20,Millencolin,The Story of My Life,7b1906d5-b1be-321a-bdcc-d6df4aa1dc69
1995,1995,Mind Evolutions,X-Pander / Stellar Collapse,c114c79f-6162-4a62-9e09-e1cf83f4160b
1995,1995,Mind Junkies Feat. Giacomo Orlando,The Man,156449f9-c480-4817-acdc-fec6a3c597c8
1995,1995,Mindfield,"20,000 Worlds in a Perspex Box / The Knowledge",bb5728d4-db68-4ca8-a207-e689454e6066
1995,1995,Mindfield,Let's Get Stoned and Watch the Freaks / Green Worm,1b48009c-e96a-4602-9fdf-6e594551ca08
1995,1995,Mindphaser,Oh Jeah,8595d9f0-d73b-42c7-88f7-ca2410e6d766
1995,1995,Mindprobe,Here Is Justice,cf63e88c-069e-4796-a6e2-dbb4cf502dab
1995,1995,Mineral,Gloria,6cc2f357-93e7-3eda-b78b-188613692d7f
1995,1995,Minga & EYƎ,EYƎ Love MINGA,ae8e3762-1a07-336e-a624-28dd8c8dcd05
1995,1995-12-05,Ministry,The Fall / Reload,4e586ebd-9af7-3595-8234-761e7a2f73a6
1995,1995-12-01,Minty,Plastic Bag,c2e8a3e9-9257-4da6-b5ee-cca5aea58268
1995,1995-02-10,Minty,Useless Man,581cf638-2f04-30ca-a384-019784b2c00f
1995,1995-03,Miossec,Regarde un peu la France,59e961e5-1a44-46c5-be1d-6e786b5a826f
1995,1995,Mirage,Deep Rage / Bewildered,a30c79ee-98bd-3b0e-a32e-0f6d6a97f3e0
1995,1995,Miranda,Timeless Worlds of Space / Athena,e41e9a26-e749-45d9-80c6-90969be48fbe
1995,1995,Mirco Nontschew,Mirco Nottschew weltweit erste Herz-Form CD,bfeb87df-8da4-4368-b1ef-5e82687ae361
1995,1995,Mireille Mathieu,Vous lui direz…,1378126b-83a4-4e31-8837-e53ff77d8628
1995,1995,Miro,Metropolis / Orient Express,09a0ca95-b78e-4f6d-af1c-3e186f64906d
1995,1995,Misdeed,Isolation,acd9fe34-f065-4042-b5d6-42f5a96e2997
1995,1995,Misery Loves Co.,Kiss Your Boots,60df34fd-884d-4086-97be-ecd3938a7ff3
1995,1995,Misery Loves Co.,Need Another One,081cedc4-8c6f-33c3-84f4-776689383d4d
1995,1995-09-22,Mish Mash,Fuck With the Programme / Hopper,a98cd1b5-dc70-45bb-990c-38667b77f384
1995,1995,Misjahroon,Turn Me On (remixes),aba7b50a-3d3b-4d60-90bf-6529b35b8519
1995,1995,Mission,Think Twice,56cefd84-236c-4a71-89e1-9aef17750908
1995,1995-10-15,Misty Eyes,Count Down Love,ec87bc75-641e-4073-a1cb-4a9da9f84a6d
1995,1995-04-21,Misty Eyes,Hello Dreams,18b40186-7e16-4343-80e1-73705e7b170e
1995,1995-06-21,Misty Eyes,SUNSHINE,108b5d12-e711-441a-8135-c3a8d95e9603
1995,1995,Mizra,This Cut / Science Man,ee0fab6a-f7b1-4eca-8a3d-e612c3d3de6c
1995,1995,MLO,Dreamlab,296ae437-0728-4282-ac89-61174462eb8c
1995,1995,MLO,Samarkand,e3d208bc-1cf9-4853-910c-18f41cd40de0
1995,1995,MN8,Baby It's You,34263dd2-1c62-4fe1-8cad-fe18125e3552
1995,1995,MN8,Happy,84a27219-32e2-41a0-893b-4bbde5e2b56f
1995,1995,MN8,I've Got a Little Something for You,a683e6e9-8f9a-3637-985b-8931e18f8de1
1995,1995,MN8,If You Only Let Me In,3654c4e4-a600-3fd2-9313-6ee6d4f8a9dd
1995,1995,Mobb Deep,Still Shinin’,dd475b47-4688-4082-95fb-711530d23a78
1995,1995,Mobb Deep,Survival of the Fittest,576a0e1c-3bfb-4e9b-af5d-81955a5addbc
1995,1995,Mobb Deep,Temperature’s Rising,66ff2d3b-898b-449a-8c8d-4961ff1ac2ec
1995,1995,Moby,All That I Need Is to Be Loved,9f232c49-3552-4df0-beea-532e2167d9d2
1995,1995,Moby,Bring Back My Happiness,5f46cdb5-aff9-4210-a2ad-e6bda627a318
1995,1995-09,Moby,Bring Back My Happiness,db4c5a10-e3d7-3321-827c-debdadbf0f9e
1995,1995-07-18,Moby,Disk,0560e4b8-f9d8-3bc6-a8ca-89088c048640
1995,1995-02-13,Moby,Everytime You Touch Me,cfae8f46-6d56-3f61-95ae-1b3ace291c8d
1995,1995-06-19,Moby,Into the Blue,db63874f-e18d-3600-8102-4490816df107
1995,1995,Moby,Into the Blue (remixes),8d06b029-a562-448e-afba-f03baafd1978
1995,1995,Mocket,Pearl Drop,411fb659-61de-4f71-b25d-b7024c4c121e
1995,1995-04-26,MODE,WILD SIDE,fb642d14-6750-4288-b0a2-2504fe36d14b
1995,1995,Model 500,Starlight,5619e2b6-b203-38f3-8233-7196a6c7c080
1995,1995,Model 500,The Flow,a606565f-4d23-36c7-ae15-79e1e8e16d6f
1995,1995,Moist,Freaky Be Beautiful,52a414cc-e255-3f60-8336-d9522772aa57
1995,1995,Moistboyz,Second-Hand Smoker,c4cd2efa-7fad-4bc3-a4b6-b746629b8f0d
1995,1995,Mojave 3,Love Songs on the Radio,be016b58-d014-4748-a9f9-11066a8702be
1995,1995,Mojo Pin,You,2bf9ec78-dfee-421c-bb8c-c1b007c32fee
1995,1995,Moka DJ,Time Pass Age,3dacdf9b-f2da-4892-bfd1-b79fa0cdb59b
1995,1995-05-30,MoKenStef,He's Mine,adf0edd2-c180-427e-94e4-4d57122cd872
1995,1995,Mokum,Ajax Heeft de Cup!,cff0199f-75ae-4f7c-bc1f-a140a503ec07
1995,1995-10,Molasses & Minimum Chips,Molasses / Minimum Chips,c04bf8c5-ab0e-4098-a671-6ae0c0ba5117
1995,1995,Molella,Originale Radicale Musicale,fed7e376-e9ca-3199-ace3-860f6ccf3fee
1995,1995-09-01,Molella feat. The Outhere Brothers,If You Wanna Party,66f74e15-8ce6-3b67-b990-fba447d8335d
1995,1995,Molly Half Head,Breaking the Ice,266f4c83-2f18-3c0d-b838-981c4853fd8f
1995,1995,Molly McGuire / Iron Rite Mangle,Molly McGuire / Iron Rite Mangle,80c733cd-ae66-4112-ad8d-36393222f56b
1995,1995,Molodoï,Elephant Reggae,ef6d4697-e3c8-43fd-9350-d3422980fc46
1995,1995,Molodoï,Âme errante,cbab1753-a5af-406f-9b02-bd1ad8ea5e85
1995,1995-08-21,Moloko,Fun for Me,79847d87-4642-395e-9c89-dc57b9771451
1995,1995,Momus,The Sadness of Things,b1e5c9ac-168c-4f1a-b6c9-65e5b1561acd
1995,1995,Mondano,Feelin’ Good,58cf79d3-b04f-499a-a686-eb92bc793ad6
1995,1995-07-28,MONDAY満ちる,Sunshine After The Rain,96a36b37-f602-474e-99f3-e836ff7134f0
1995,1995-03-17,Mondo Grosso,Souffles H,1dd8ec47-f678-42a4-8479-af9169878389
1995,1995-05,Money Mark,Cry,17202440-5e20-4067-b86e-5b09eae491f9
1995,1995,Monica,Before You Walk Out of My Life & Like This and Like That,56a78b79-5fae-3f43-8e50-7edb7ac805f8
1995,1995,Monica,Before You Walk Out of My Life & Like This and Like That (remix),84563d3b-4cc2-3136-a44b-96ba0d2cd2c1
1995,1995-04-10,Monica,Don’t Take It Personal (Just One of Dem Days),cccbd8ce-9033-3d01-af60-c9a88d7a8c1c
1995,1995,Monica,Like This and Like That,5958564c-ba8e-45ee-aeed-e79b7c047110
1995,1995,Monica,Why I Love You So Much / Ain’t Nobody,e45e3645-ec2b-36af-9dca-cdbf49167233
1995,1995,Monk & Canatella,I Can Water My Plants,6d1dfb9f-52d0-4eef-9ccf-dcc0c15c280b
1995,1995-09-18,Monkey Mafia,Blow The Whole Joint Up,946ac4dd-434a-4ec7-8c26-7941dc24caec
1995,1995,MONO∴TONE,PRIDE FOR MYSELF -overconfidence-/白夜,1d964771-d6a9-466c-b84f-560bc83c919a
1995,1995,Monster Magnet,Dead Christmas,5f251100-8bc8-364f-bb43-59935c8d82b2
1995,1995,Monster Magnet,Dopes to Infinty,205e5bfd-d30e-4757-b8a6-b80943fb91bb
1995,1995,Monster Magnet,I Talk to Planets,2d59550d-4d25-4e29-90a0-005945050ae3
1995,1995,Monster Magnet,Look to Your Orb for the Warning,3d8969e5-9297-4107-928d-d9e1cde8ef95
1995,1995,Monster Magnet,Negasonic Teenage Warhead,674a9ebe-62ad-3dcc-acca-e4337dbdba60
1995,1995,Monster Voodoo Machine,Inside These Walls (Salvaged & Recycled),30713da4-812e-3cf7-803f-57bb4bff0c1a
1995,1995,Monster Voodoo Machine,Inside These Walls (Salvaged & Recycled),3de1e630-6bfb-4de4-926b-eaf27841ad5d
1995,1995,Montell Jordan,Somethin' 4 Da Honeyz,593b4a41-fab6-4009-9463-604d75a8e7bc
1995,1995-04-25,Montell Jordan,This Is How We Do It,900497ac-da7b-3a38-ada4-6685b8d28ab5
1995,1995,Mony Honey,Devotion,7aaa9421-fd99-4f9b-ab48-719c1f8e710a
1995,1995,Moné,We Can Make It,c7406bf8-9ece-4dde-a1d1-6f9ad9f5b5c2
1995,1995,Mood,Hustle on the Side,c5c20450-96fa-4fef-a787-ae0599e9804c
1995,1995,Mood II Swing,Move Me,45bfef3d-5ac2-4df7-a053-f08a71b395bf
1995,1995-03-22,Moodymann,Long Hot Sex Nights / The Dancer,4b039c03-f8d4-3d69-88d0-df040d42fab3
1995,1995,Moonbreaker,H.E.L.P.,16a51abb-95f0-3830-90da-7a68f14fb789
1995,1995,Moonbreaker,Liberation,f6d2e4d1-452d-32f5-a231-c314c7f7b757
1995,1995,Moondog Jr.,Jintro & the Great Luna,344ba685-9763-305e-839e-2d45d93c3578
1995,1995-10-09,Moondog Jr.,TV Song,e70a79f6-10af-3d4b-8ff4-4ea9da42d0ce
1995,1995,Moonrise,Instrumental Rehearsal,0af6da36-ceed-4ed7-ae5d-06342e33f41c
1995,1995-01,Moonshake,"Lola, Lola",c9ecad5c-c326-4d5b-ab8e-33ef60594b1c
1995,1995,Moonstruck,Moonstruck,826e70c7-7737-4979-b058-154a58ee7443
1995,1995,Moonstruck,My Favourite Girlband Is Playing!!!,3ff1fac6-5b48-459a-8ff7-d83c7518b397
1995,1995,Moped,Sibling,6364e64c-03f9-4c2a-9305-b93bb574e30c
1995,1995,Moped,Turkey,2bd04fb4-c675-4bd1-b3a7-31c29a91941c
1995,1995,Moratto with Scarlett,Radar System,e90b2ac1-fefc-4995-92b6-967661205060
1995,1995,Morcheeba,Trigger Hippie,086bb533-57ff-4364-b267-7b4f1d725803
1995,1995,More Rockers,You're Gonna (Make Me),5c018487-9743-4481-8f18-e151bc57182c
1995,1995,Morgan / Wild,Flowerchild / Avion,e45169ec-ee56-4cc7-af64-34ce185a21d2
1995,1995,Morgans,Half Girl Half Jesus,f45a3713-a7d3-4ba4-a652-2194b340cc9d
1995,1995,Morning Shakes,I Wanna Get HIgh!,f91cb07d-a6fb-4b0b-ade8-16fe63bdc79a
1995,1995-08,Morning Wave,Dreams,3dab592f-938d-4baa-bb1c-a4a05a6177a9
1995,1995,Morose,Dark Art of Death,c1e5c9b2-e496-4aaf-9590-5e4d91c787c1
1995,1995,Morphielder,Morphing Fields,3f37d088-14d7-40cc-922c-927c85e28af6
1995,1995-03-07,Morphine,Honey White,774d755f-f3c7-3115-9bee-92d6d73f63c6
1995,1995-05-16,Morphine,Super Sex,70e3a657-aab0-310d-9a9b-7f0ec87b7fcb
1995,1995-01-21,MORRIE,犬,3289b43d-0430-466a-a0ac-1fefc0f318d6
1995,1995-01-16,Morrissey,Boxers,5743d7aa-6533-32f0-a236-6739b48734bd
1995,1995-08-21,Morrissey,Dagenham Dave,a1f3b30b-371d-33ff-9149-fb29453ac490
1995,1995,Morrissey,Have-A-Go Merchant,17e5bf9e-c33d-4e98-828d-36b7e8d90950
1995,1995-12-11,Morrissey,Sunny,4b67f8ec-dc8a-3a2b-b302-99c68465304e
1995,1995-11-27,Morrissey,The Boy Racer,e279b31c-c962-3f11-a7fc-aded45db99ed
1995,1995,Mortal Vision,Great Terrorist or Shiny Teenager,ce988b84-6915-4667-9edb-124cadb6df87
1995,1995-08-07,Morten Harket,A Kind of Christmas Card,52da2122-4229-3800-ba28-2df119960d25
1995,1995-02-19,Morten Harket,Spanish Steps,0f89f665-2e57-4ba3-9a34-c03427fce523
1995,1995,Mos Eisley,Statik,8b2d43a6-8491-4882-a67f-14cb5d3db0cc
1995,1995,Moseph Cat,My Children,0cf4235b-030e-4ca5-8932-1849b65fbf2a
1995,1995,Mote,Litter,cdfcb071-2da8-46d2-9a0d-37238f434688
1995,1995,Mother’s Pride,Floribunda,2e2900f9-c904-3f29-8e41-1710fce0dea9
1995,1995,Mother’s Pride,Nightflight,cb312a01-a3b7-31d5-a112-3f59ffd432a8
1995,1995,Motiv8,Break the Chain,5beaf67b-3cf5-35e1-881a-8be9a339dd48
1995,1995,Motorpsykkel,She Loves You,f7a5b959-2f67-34f7-8c16-5579743a93b5
1995,1995,Motörhead,Sacrifice,3f3fd89a-4e2a-330b-b235-b60c0e1afa21
1995,1995,Moul'e & Lucida,Aquarium / City In The Clouds,037a627a-6427-4c11-8726-7ab6fde6fc3b
1995,1995,Moulin Rouge,Can the CanCan,aa8389b0-de6e-4cb9-a7cb-32e5c015231a
1995,1995,Mouly & Lucida,Chilled / Spirits,ce7f4be4-1481-4601-8cab-0805f198af39
1995,1995-09-01,Mouly And Lucida,Chilled / Spirits,ee9b9243-2409-4d3e-b33e-a80ac7277675
1995,1995,Mouse on Mars,Bib,303bb6a0-ed55-34cb-81ca-3de724d5bc92
1995,1995,Mouse on Mars,Saturday Night Worldcup Fieber,2f8842ce-940c-3448-9933-d59e58c51425
1995,1995,Movetron,Alla koivupuun,8e599ec4-22ce-46b4-ad6f-e7dcd3edcb35
1995,1995,Movetron,Mitä mielessä liikkuu,9e607b79-807c-4141-bec8-e5ec736e0fe5
1995,1995,Movetron,Rakkauden tähti,83f5525c-396b-4e02-a83a-53b1d217d16a
1995,1995,Movetron,Risti nolla,8772c784-265f-4cdc-85e3-50bc26cf2f72
1995,1995,Movietone,Mono Valley,fd94d612-4177-3c22-a181-9ba16d1ee630
1995,1995,Mower Queen,The Remarkable Effects Of Vaccination,cfe8ff00-ade8-4bb9-ab3e-2f489365590b
1995,1995,Mozaic,Sing It (The Hallelujah Song),4f2b1d5a-7cd9-40ad-90e3-931a17c17a19
1995,1995,Mo‐Do,Gema tanzen,36c08fa6-fb82-33f1-874d-d1d8177fe582
1995,1995,Mr Jack,Only House Muzik,961e83df-1f33-4f93-93c5-7a3fc4120daf
1995,1995,Mr Jack,Only House Muzik (Remixes),73f766a9-788d-469d-ba84-8a499669026b
1995,1995-01-09,Mr Roy,Saved,02ad0691-0d91-3b1f-9934-6e5131c0525e
1995,1995-12-04,Mr Roy,Something About U (Can't Be Beat),e13982ee-e075-3612-90e3-fb079bdf711b
1995,1995,Mr. Ballistic,Volume 2,599f7ff3-cf52-4a6a-9ab3-e76474d3b3f3
1995,1995,Mr. Doctor,Bloccstyle,2c64b3e2-24cd-440b-9593-e5e7bab1b4c4
1995,1995,Mr. Doctor,Bloccstyle,6ccb77f0-f4ed-41ee-94ca-634498e8f856
1995,1995,Mr. French Junior,I Feel So Good,2409a966-e073-4434-8975-72088d4fd9eb
1995,1995,Mr. Happy,Come Back to Love,85362db4-b51c-39a3-88d8-7cc456aa4127
1995,1995,Mr. Jack Daniel's Original Silver Cornet Band,The Rangers Waltz / Tennessee Squire Dance,c382f3ab-5b4c-3f38-8b8b-264ece3b2c7d
1995,1995,Mr. John,U Gotta Move Me,867cc87f-dce5-4613-97e6-1a7090124e54
1995,1995,Mr. Malik,Malik Goes On,fce5160c-2026-4acd-96dd-e03e109c844e
1995,1995,Mr. Mirainga,Burnin' Rubber,d7a9b466-a620-3c64-bc3e-3a1e19651627
1995,1995-05-09,Mr. President,4 on the Floor,02259f8b-ad20-4f28-b035-67f67ff64852
1995,1995-08-31,Mr. President,Gonna Get Along (Without Ya Now),c03927d3-361a-4565-a4a4-0386c4000638
1995,1995,Mr. President,I'll Follow The Sun (Remixes),fea2dbe5-e87d-4793-82ea-2c963178518f
1995,1995-03-03,Mr. President,I’ll Follow the Sun,c2bac564-af74-4b71-8bfb-db7d1a1d40e5
1995,1995-05-10,Mr.Children,【es】〜Theme of es〜,be186b25-e592-393b-9dd2-d9cd194f54d5
1995,1995-08-10,Mr.Children,シーソーゲーム 〜勇敢な恋の歌〜,d56fb537-74c0-3948-8376-dc2fea6e9a6d
1995,1995,Mrs. Wood,Joanna,5df60864-1b2d-3a85-a4f2-f9a287c14c5e
1995,1995,Ms. Tee,Hit The Road,d2138491-b561-43c8-9118-0675809dc989
1995,1995,MSBR / Speculum Fight,Stultification,6fdaaad5-9148-4a80-99cc-b57d5385b567
1995,1995,MSX Collective,Back Home At Biscome City,63d7dbe0-91ba-4234-bb40-a4604d86929e
1995,1995,Mud,Désolé,223d0da0-58dd-4116-b4dc-607f3ac607f7
1995,1995-05-22,Mudhoney,Generation Spokesmodel,3df28731-890c-3e58-88ce-213a079ac5e0
1995,1995-02,Mudhoney,Into Your Shtik,d5c8df6c-dc8c-412a-8385-cd879e415b86
1995,1995,Mudhoney,"Judgement, Rage, Retribution and Thyme",2b598a85-d3ef-47f8-a025-bd0b73c01599
1995,1995,Mudhoney / Strapping Fieldhands,Porn 3,eaed9702-96e6-4030-9ad1-bd17a10b5db1
1995,1995,Mudshark,Cut on the Grain,076791f2-4d1b-43bd-a547-1b21ba6c0b02
1995,1995,Muler,On the Rug,095bd892-e8bf-4c7b-98a5-06bf62211439
1995,1995,Munion,Give Me Some Love,ffb86862-a2c4-48ed-9964-24cf1e9c977c
1995,1995,Munion,Love-Ton,ba76dd8f-0d8c-425d-bfe2-fff6a02b8009
1995,1995,Munion,Poly Boy,4297884f-1dc5-4caf-9581-d57bd1c46cd7
1995,1995-10-05,Music Instructor,Hymn,b8950b32-d718-3630-a045-1536207ae4e7
1995,1995,Musica Antiqua & Christian Mendoze,Sinfonie Di Concerto Grosso; Concerti Per Flauto Dolce - Musica Antiqua Toulon (Ch Mendoze),6445c91d-75f6-4eb9-9088-0fdd558ebcf3
1995,1995,Mutagen,Clone / Helix,33d26f7e-68b3-48bb-9b62-d75d00e9106c
1995,1995,My Dying Bride,The Cry of Mankind (edit),e21e5bf7-293f-40fb-af55-61d3e28d05c4
1995,1995,My Favorite,The Informers & Us,1ff90d66-dc0d-4bb2-861f-b14017491277
1995,1995-08-21,My Little Lover,"Hello, Again 〜昔からある場所〜",9e70cf86-8811-4881-8813-aaed8ff5228e
1995,1995-05-01,My Little Lover,Man & Woman / My Painting,d55e119e-aba7-48a5-8c5f-07abd062cbec
1995,1995-07-03,My Little Lover,白いカイト,83c55031-4b2b-4688-839f-b4b112d5cf3b
1995,1995,Mylo Bigsby,D'Yer Maker,843386f6-6ee5-4711-8206-0f4f50f5e638
1995,1995,Mylène Farmer,California,00e9447c-56be-3ce5-ade5-9390d4943543
1995,1995-12-12,Mylène Farmer,L’Instant X,3c8d448a-674a-3d0a-a755-d3320fc405ac
1995,1995-12-12,Mylène Farmer,L’Instant X (dance remixes),3b6d1f59-9c7a-491e-b952-5271d7d15a10
1995,1995-09-18,Mylène Farmer,XXL,42ca9e2c-cafa-3f78-831e-3e819234caf4
1995,1995-04-01,Myrmidon,2,ec3cbfa2-a5b3-4632-bd20-669757f598bd
1995,1995,Myslovitz,Krótka piosenka o Miłości,e367fc94-a326-3c6f-8800-3aaededb9629
1995,1995,Myslovitz,Zgon,79e20068-bca6-37a3-babd-fd56ab35f64b
1995,1995,Mystic Moods,Amazon,2d7c6fd6-7145-4689-abd5-019c9c081bf4
1995,1995,Mystic Moods,Listen,aebb4388-7eed-42c6-b109-cb2ca16351e0
1995,1995,Mystidious Misfitss,Upside Down (Word Is Born) (Digga mix),e7bd0d0c-a56e-4017-b08f-46c5b1bdd24b
1995,1995,Mystikal,Y’all Ain’t Ready Yet,c8e5626d-5017-4a47-bff4-9edfdcd249fc
1995,1995,Märy Kiani,I Imagine,d4c76aa0-ef03-4133-9599-74443f7b685f
1995,1995,Mémoires d’automne,Mémoires D'Automne,a3e555f0-6241-4d9b-9000-ee906f04ca63
1995,1995,Ménélik & La Tribu,Tout baigne,ed29b6d9-95bf-43d2-adba-e743eecb3ec0
1995,1995,Ménélik & La Tribu,Tranquille,1ac3a855-4235-4e50-b3d1-a42157645137
1995,1995,Mónica Naranjo,Sola,7dce3cfb-8cc6-4a7e-8ae6-fe49d3d44459
1995,1995-08,Mňága a Žďorp,Nejlíp jim bylo,1954f7fb-e5a1-3af2-96f7-c845abeb21fb
1995,1995,N'Ything,I'm With You,7e001183-e9cf-477c-a4e8-3db6b62d7fb8
1995,1995,N-ZO & DJ Invincible,Funky Sensation (remix) / Get Higher,48235bd5-3785-4787-9963-5ea11f58bb27
1995,1995,N.A.S.,Anty,f90cac2e-1300-4d11-b46c-49361d473b0f
1995,1995,N.T.T.,Mortal Axis,207ee20c-abc3-48a1-8541-30ea64534645
1995,1995,N.Y.L.A. feat. Stephanie McKay,From New York to L.A.,009989a2-0d50-4c0e-92bc-61c73e0b7949
1995,1995,Nadia,Live on Love,c705aeb6-7f60-328d-92fa-a5d1975d4739
1995,1995,Nadine Renee,Don’t Take Your Love Away,05874623-ddd0-459e-b541-c3c8f8d69f5d
1995,1995-07-01,Nakatomi,Free!,3a3b5d48-e3aa-35e7-9a38-543a2e813470
1995,1995,Nalin Inc.,Call U From Düsseldorf,e90c09ac-aa23-4ac4-b640-08d1e978e91d
1995,1995,Nalin Inc.,Planet Orange,25a625f4-18d4-4c2e-9600-45ff0c7d998a
1995,1995-10-25,Namie Amuro,Body Feels EXIT,32ddda99-33fd-3e37-8144-e139a21531f2
1995,1995-12-04,NAMIE AMURO,Chase the Chance,7cf65e28-d714-3586-99ee-0083daa94f84
1995,1995,NAMIE AMURO / SOPHIE,Stop the Music,5f153b75-e5fe-4981-8c58-933276ff77d9
1995,1995,Nance,Love Is…,1162bc3e-79eb-43dd-b245-89b75306b06c
1995,1995-06-23,Nancy Boy,Are 'Friends' Electric?,bb2b0a3b-40d6-4607-bcfc-129c2064c7aa
1995,1995,Napalm Death,Cursed to Crawl,bba1e608-57ea-422f-a2fd-0036ceceb6bb
1995,1995,Naph-Tali,The 22nd Book,fa1bac14-676e-3abd-b20d-503c6314935c
1995,1995,Natacha Atlas,Laysh Nat'Arak,ade34b0a-7e9f-35c2-8906-df431f908fc6
1995,1995,Natalie Merchant,Carnival,36c7595f-cb34-4e90-82f7-edaeced986b6
1995,1995-11-16,Natalie Merchant,Wonder,4c57193d-91c8-35ea-ab59-08f7f02c8136
1995,1995,Natalie Robb,Take Me To Paradise,08058acd-2aff-45fc-a1c0-e899393a230b
1995,1995,Natascha Wright,Say You Think of Me,ee9995b4-c6e0-3361-8ec9-b442baa07b53
1995,1995,Nathalie De Borah,Heart but House,11132b63-658a-4305-8ff5-09e94033fc5d
1995,1995,Nathalie Santamaria,Il Me Donne Rendez-Vous,147be2d5-c45f-4098-938a-294a2f68f78c
1995,1995,Nationalgalerie,In Wien,17cb4664-c810-4ecf-8008-9408845e0e49
1995,1995,Nationalgalerie,Tütensuppe,2890e1b4-0da7-4422-93bf-3e3160dadd2c
1995,1995,Native,L'air du vent,304df097-6e98-4266-807a-e605dc5880a4
1995,1995,Natural Born Grooves,Universal Love,5ee9ce80-2c28-4bfa-ae05-ad1367b3bc04
1995,1995,Natural Mystic,Natural Mystic Vol. 1,284bfb22-04bf-4270-b713-56b6b4cd5347
1995,1995,Nature,Z-Man's Party,b17fd918-8cbf-38e7-a221-b35341f8f390
1995,1995,Nature One,The Sense Of Live,b4fe2cc1-d295-4613-825a-fadae681e5df
1995,1995,Naughty by Nature,Clap Yo Hands / The Chain Remains,ce7582dd-59ad-4749-86dd-6d8aa8fa756d
1995,1995,Naughty by Nature,Craziest,158ee54f-11af-4691-9ea2-1aa997dcb5a9
1995,1995,Naughty by Nature,Feel Me Flow,3fed79ca-efb0-3663-b053-fef1abb9de4a
1995,1995,Nautilus Pompilius,Крылья,798322b9-18f4-4c16-abf1-1431e62fc052
1995,1995,Navayah,What About My Love Boy,9fc6a1de-dfc6-4cd8-a003-a5af7474de65
1995,1995,Naya,"We Need Love (We Gotta, You Needa)",0e2c6abc-8714-452a-a253-795cab8a5e4d
1995,1995-06-12,Nebula 2,Frank,5a911572-c34e-4035-9b31-95971cc2fbd5
1995,1995,Nebula 2,Scream / Pid,ac443416-0304-41d1-9265-2bd884a3ec50
1995,1995-09-15,Necros,Skyscraper I Love You,40bdb034-c719-4e0d-824d-363961e57889
1995,1995,Nedeljko Bajić Baja,Zavicaj,dd948daa-ced9-4fa7-9b97-c148c0b632ea
1995,1995-03-10,Ned’s Atomic Dustbin,All I Ask of Myself Is That I Hold Together,ad3fd258-f720-3807-a79f-ef0d3f7c98ba
1995,1995-03-10,Ned’s Atomic Dustbin,All I Ask of Myself Is That I Hold Together (The Black Dog and Beaumont Hannant Remixes),07b2c3e1-afee-351a-be58-cc84ebea9402
1995,1995-07,Ned’s Atomic Dustbin,Stuck,294ebc24-fde8-384a-8ff7-717a93f4a8a4
1995,1995,Nefertiti,Walk Like an Egyptian,2759b18f-af96-4fe7-b37a-ca355ff9b18e
1995,1995,Negu Gorriak,Hitz egin,0bce343a-5556-443f-bd74-ac97bf9c43c8
1995,1995,Neg’Marrons,La Monnaie,aa6aad72-00ed-4168-bef0-051d1cf2b38b
1995,1995,Neil Trix & Danny Mills,Urban Visions Vol. 1,6e9f177b-ea31-4612-b3e9-101733761401
1995,1995,Neil Young,Downtown,41049e75-c304-488e-902f-aee027998311
1995,1995,Neil Young,Peace and Love,c6464f3f-130b-47f0-b278-90085979a27c
1995,1995,Neil Young,Throw Your Hatred Down,7db9d612-8db3-494a-9150-e81d4ce1e563
1995,1995-01,Neil Young & Crazy Horse,Change Your Mind,584a3acc-6e5f-375a-a904-71b8260134bb
1995,1995,Nelsons Wedding,Ohne mich,dced5f20-7d2d-4ab3-b7bf-f797607ffec1
1995,1995,Nemeton,D.E.,f3874cb2-c33a-47fe-a2ec-1e9dc8659ea1
1995,1995,Netzwerk,Memories,8378479a-0266-3ff1-be15-476d2800aa8b
1995,1995-12,Neuroactive,Neuron,17c68713-de54-3366-9e2f-bc978b9bf05e
1995,1995,Neurotek,Crowd Control,f21ad497-6c72-495a-9841-041f47418c51
1995,1995,Neurotek,Power Surge,2dbbc751-6644-4fac-8ac1-f1822454a981
1995,1995,Neutral Milk Hotel,Everything Is,1da59d77-e87e-3473-aba8-cab781d42e90
1995,1995,Nevada,Don't U Bring Me Love,ea0e1bf2-b24d-43c3-81c6-c4203f010e6a
1995,1995,Neville Morrison,Your Gonna Leave,42d948b1-5598-4369-aa11-f5a2dc9208e0
1995,1995,New Bad Things,Nesting,b539adbb-fe58-4724-abc8-efd57fd62307
1995,1995,New Motion,Break Release / Looking for Love,c2b41ae8-1e20-49fb-a2e9-e2328afc0921
1995,1995,New Motion,Looking for Love (DJ Brisk remix) / Tear Up the Party,e36c3a1c-682b-4652-9797-40d29c952363
1995,1995-07-17,New Order,Blue Monday‐95,54fe5b1d-88f3-340a-bb9c-5411dc873c18
1995,1995-01-09,New Order,Nineteen63,278c79ff-24cb-304a-a1f0-baf8f754edf3
1995,1995,New Romancer,Classical Ecstasy,d2811aad-dfdb-434b-a3e9-87b5e1dcb352
1995,1995,New Sweet Breath,Silka,52d6ca7a-0b80-40e0-adc9-6d8940b14309
1995,1995,New System,This Is The Night,ee0bd003-c3c3-454f-9111-2a9a29a66670
1995,1995,Newton,Screamer,76862776-6e53-4d58-be41-9baa0c8d29a4
1995,1995-07-15,Ng Pei Sin,Misty Heart,b2f341d6-5c3f-474b-b174-95c989ddc2b3
1995,1995,Nice Device,March '95,08a632d1-8375-4155-9a71-54d8803a2c65
1995,1995-10-02,Nick Cave & the Bad Seeds & Kylie Minogue,Where the Wild Roses Grow,b2e119a5-35b6-3b52-9470-265fdc736eae
1995,1995-05,Nick Land,Meltdown,88c8c04b-14c6-4fd0-9d68-56e49e163547
1995,1995,Nicki,Des was i brauch,49627d4a-665f-4360-a7b8-ffdffabfbca5
1995,1995-03,Nicki,Immer nur bei Dir,d7f298c1-87cd-470e-8d86-db7873e625ed
1995,1995,Nicki French,For All We Know,154eb5a1-cd4f-4759-a33a-7cdc590a1f5e
1995,1995,Nicki French,Rockin' Around The Christmas Tree,235bd76b-d430-4bf6-9281-30f8cd7df3d4
1995,1995,Nico Landers,Amor amor amor,0cd76e8f-9e17-45fd-864e-0d2035a2b8a8
1995,1995,Nicole,Die zweite Liebe,b603090a-44a6-42d1-87c8-410fc91962f9
1995,1995,Nicole,Mehr als ein bißchen Frieden,7215f8e3-09b8-4f8c-9746-c449aba45d21
1995,1995-01,Nicole,Und außerdem hab' ich dich lieb,17d71184-8cba-450f-b46c-3e3f98a231ab
1995,1995-05-01,Nicole Blackman,Indictment,4d32c48a-3c66-4e60-8836-9c2f8dd88e0e
1995,1995,Nicolette,No Government,386cff07-6b40-3130-bb4f-61f58252361d
1995,1995-08-16,Nightcrawlers,Don't Let the Feeling Go,2d44fa55-a10c-3be1-a24e-3706f8f89905
1995,1995-11-18,Nightcrawlers,Should I Ever (Fall in Love),c56f6663-d09c-414c-a9ee-ee703c0e0e3d
1995,1995-05-12,Nightcrawlers feat. John Reid,Surrender Your Love,0b1bfb75-d3c2-4766-827f-9d095bea0f76
1995,1995,Nightcrawlers featuring John Reid,Let's Push It,6051ec20-51b6-4c0d-ab92-0a3cfeef0261
1995,1995,Nightlife,That’ll Do Nicely,824b1da9-0dd7-4650-bde8-1043f97e1a74
1995,1995,Nikka Costa,Treat Her Right,b0b42e58-961a-4e48-a473-7e76666664fc
1995,1995,Nikka Hollywood,Loose Your Fantasy,32e80ee1-5fac-40c9-9742-82ffde28ea9b
1995,1995,Nikolai,Ready to Flow ’97,8b63b606-fa93-4771-bdb6-b472323da181
1995,1995-07-03,Nilon Bombers,Cracked,4eb407ab-ac9b-3567-bdae-4e52fd0a1bb6
1995,1995-01-02,Nilufar Usmonova,Singles,7e4e82dc-b3ec-4caa-8813-2d271a06d2ca
1995,1995-06,Nina,Until All Your Dreams Come True,77a35fe0-26ac-4468-892b-234858e8a0b6
1995,1995,Nina Hagen,Tiere,774670f9-3512-4fc6-8ed7-dac8786f4e3b
1995,1995,Nine,Any Emcee,b0262451-8cf5-4df0-b54e-37c6ad735274
1995,1995,Nine Inch Nails,Hurt,1cadba33-e120-3e3e-8a9e-df878eb29b62
1995,1995,Nine Inch Nails,The Perfect Drug,84c8b3b4-0db2-3673-96d1-401b7e559539
1995,1995,Nine Inch Richards,Closer to Hogs,2377cdcd-7e24-34c9-9d99-bff9086bcb60
1995,1995,NIP Collective,Extra - Sensory - Tunes,8d7430ae-927e-406b-b09c-19de8b029d7d
1995,1995-05,NIP Collective,Track 1-4,cf0f8097-437f-4914-a564-a4b1a0559f6f
1995,1995,Niro Clippse,Damned / Step Ta This,80799220-4095-4b6c-bdf6-4ac8d1d67f90
1995,1995-01,Nirvana,The Man Who Sold the World,457b353c-67a3-3380-a297-19e93804e877
1995,1995,Nirvana,Your Opinion,53a43880-5e47-3da2-838b-c62a949da0d1
1995,1995,Nitin Sawhney,Migration,d4b1ce45-baca-37ed-9ba5-6d3e3a9f4cbc
1995,1995,Nitocris,Haemorrhaging Souls,9b90a075-4696-37e3-91d1-5faeaf93b0c1
1995,1995,Nitribit,Jimmy Crackcorn,28c34d5b-585e-428f-9527-2ad4ab127e37
1995,1995,Nits,Broken Wing,813a961b-8de5-3e5d-a9ee-d052cf61f290
1995,1995,Nits,Mourir avant quinze ans,bfe18aca-0d56-3781-ab8d-69bfecbd19d2
1995,1995,Nits,Road Not Taken,cc6edc30-85fd-3a99-b974-e1bf55637741
1995,1995-09,Nits,Tomorrow Never Knows,6d8adccf-ad66-3539-a88f-9c1ea84b1b0b
1995,1995-04-24,Nitzer Ebb,I Thought,6d4ec4a3-560b-3533-b855-76684087cf8a
1995,1995-02-20,Nitzer Ebb,Kick It,10d966d3-6f79-3bb1-8337-4d3ae5fbc314
1995,1995,No Doubt,Spiderwebs,3920bd63-2ba1-3f34-855c-422af52eacd8
1995,1995-06-01,No Fun at All,In a Rhyme,99476eb2-7747-32d5-b30a-36d501107d63
1995,1995,No Knife,Kiss Your Killer,dd48851e-1757-4db0-9a56-cf1f09641f78
1995,1995,No Mercy,Missing,fbd84f3f-0f56-303b-83f7-00b6e7cd8741
1995,1995-09-25,No Nuke,Mystery Xtc,2dbc0e66-1b46-4ce1-a25b-98dc9731a638
1995,1995,No Remorze,Slaughtering MCs,e49b01bb-972c-3069-b176-32c25422f6e5
1995,1995,No Sé feat. Ménélik,Quelle aventure ! Remixes,e52f0956-8385-320d-b459-4e629ef20774
1995,1995,No-Neck Blues Band,Live,df4c8133-2915-44e0-8725-bf5ef573444e
1995,1995-01,Nockalm Quintett,Roter Mond von Surabaya,ae258135-4c44-440f-a22a-4b3c0a3f00bd
1995,1995-05,Nockalm Quintett,Sternenhimmelgefühl,c64c7580-7f19-4315-aa90-25b7086c96cf
1995,1995,Node,Terminus,7e1ed516-7b5e-3231-bf1a-9d51fbc3beb2
1995,1995-05-19,NOFX,HOFX,d49bc48f-9499-35f7-a3d5-e8f762f987f6
1995,1995,Noice,"Vild, vild värld / En kväll i tunnelbanan '95",915d5ba3-4606-4cbf-8b05-9c101579a1c6
1995,1995,Noise Gate,Noise Gate / Illusions,173b02f0-5a91-4e37-a706-cf3e2938d9d4
1995,1995,Noizement feat. DJ Kai,Let's Go,80025a7d-915c-4fb2-bf39-7ebd095cf0f2
1995,1995-11-22,non²,抱きしめたい気持ちがあればこそ,15be29e6-e4dc-4ab0-b46f-24a10c3fd8f1
1995,1995-10-24,non²,衝動 〜DO‐Forever〜,0d19e52c-5936-45d8-8639-862ee1576916
1995,1995,Norbert & die Feiglinge,Bayern hat verloren!,0fde5a94-2f64-41a7-a6b7-f4766a21ce54
1995,1995-03-13,Nordreform Sound System,Nordreform Sound System,f234d947-35e4-4a28-a158-cb8ba80b321a
1995,1995,Normaal,Wi-J goat noar Winterswiek (De HALVU Hooligans),d3b816d5-8873-3dcf-89ab-c4be8656e5ff
1995,1995,Norman,Wave Access,f7447b88-5e27-4ccb-a07f-1b8d316ff57d
1995,1995-04-21,NORTH EAST×MAI,DA.CHA.NE,1c745910-8ad5-4dab-87d3-0e01b560d779
1995,1995-04-21,NORTH END×AYUMI,DA.BE.SA,90936ee2-4edc-4152-ba10-422bdc3c29df
1995,1995,Northern Connexion,The Bounce (Remixes),e3419d39-e531-4cdd-bb33-162e33b4a40e
1995,1995,Northern Connexion,The Bounce / Reel Funk,81aee785-2785-4630-928c-0bbaf9a5c204
1995,1995,Northern Connexion / Asend,Spanish Guitar / Shotgun,a160faae-af74-4a46-a8dc-e7d3f7f696a5
1995,1995,Northern Light,Take Me Higher,d7b7a367-d160-48a2-88fd-edfe4270b36b
1995,1995-10-09,Northern Uproar,Rollercoaster,77dfdccb-c204-32fa-b87e-20171013dee5
1995,1995,November,Memory,900d3fdf-275a-3f81-a57f-fe8a8a40fde0
1995,1995-10-01,NOW,Beeper Love,2aa749a0-8c5b-4e37-a95a-bfb7f428c5b4
1995,1995,Now,You Spin Me Round,ce976d43-1afe-4f07-9467-bb405d1d000e
1995,1995,Nu Era,Stars,d45adadd-5195-3c18-b7a8-6f0421ffb46e
1995,1995-09-04,Nuff Sisters,Serious Situation,849c893a-a905-4de9-97d8-ca0b32bf93f6
1995,1995,Nurse With Wound,Alice the Goon,7bb97c8d-92bc-3da7-90b6-bd50434d674c
1995,1995,Nurse With Wound,Yagga Blues,4e891bab-3bab-349e-9aed-b53990b68fd9
1995,1995,Nursery Boys,Singsong,2be6dcce-7ad0-4870-915a-fa48508a0abb
1995,1995,Nush,Move That Body,0301cc32-40db-4177-ad69-ea2d1e8032de
1995,1995,Nut-E-1 + Technarchy,Tuneful / You Cannot,00205e79-a3ef-449d-ab81-3abe4817312b
1995,1995,Nuttin’ Nyce,Froggy Style,97a5b948-95f2-46cc-937e-178925662667
1995,1995,Nuttin’ Nyce,Nasty Girl,46c49b04-5034-42c0-b212-7cc5ae592721
1995,1995-11-22,nuvɔ:gu,Dance Romanesque,3e7811be-f92a-4b22-99c7-10d3bf827c42
1995,1995-09-21,nuvɔ:gu,SENSUAL WORLD,a53ef0e4-052a-49b7-a914-f72f2fcf1253
1995,1995,Nylon Beat,Oot kuin karkkia mulle,141e00a2-737b-4ae2-a7b4-40463015aee7
1995,1995,N‐Joi,Bad Things,1f428c73-df37-3b99-abad-4af23a3f13e8
1995,1995-09-16,N‐Trance featuring Ricardo da Force,Stayin’ Alive,eaf70ffa-a7d4-3f01-bea7-1ac3d6985d86
1995,1995,N‐Tyce,Sure Ya Right,da2a0af2-fa4c-4424-a2c5-3c8202312296
1995,1995,O Mega feat. Adrian Johnson,Come Into The Party,5a6a3eae-d4af-4d36-b995-6d9309d7c6b1
1995,1995,o'Ou,Lentää saat,66446275-9423-4cc4-8892-0366b5c7b45e
1995,1995,O.Dance,Dominator,fa3b4bbb-5a58-4b39-9fa7-c6c1b2390311
1995,1995,O.N.B.,Israelites,6f3c3f13-4122-4487-b59f-54e13e7d080a
1995,1995,Oasis,(What’s the Story) Morning Glory?,a051a601-6e66-4b70-8a84-636604f3be81
1995,1995,Oasis,Cum on Feel the Noize,7e515cd2-ceea-4c4a-aaa1-fbf126eead49
1995,1995,Oasis,Don’t Look Back in Anger,05dd97bc-a089-375c-abb1-7d64f31ff5f9
1995,1995-09-15,Oasis,Morning Glory,2253a138-757a-4b9a-995d-8de4d79e96c5
1995,1995,Oasis,Rock ’n’ Roll Star,0819fa88-fdd7-4c7f-8daa-5596752de49c
1995,1995-08-14,Oasis,Roll With It,73101dca-ef5b-48be-bf62-eb8eb3b5da11
1995,1995-04-24,Oasis,Some Might Say,0d2a8f37-5cd5-3c40-80b7-7417bdfbfbca
1995,1995-10-30,Oasis,Wonderwall,1c6dfb4a-3a45-356a-a368-57b6cef05c9c
1995,1995,OBL,The Prison System,3a0ce3e4-cb07-4f3f-b0d8-6e41501cd5ce
1995,1995,Obliterator,Ruff to the Maxx,a15d7ca7-ecb4-4008-8c6f-f3344546cab4
1995,1995,Oblivion,Volume 1,eddbce70-e73c-41cf-a948-262e25cbcdcb
1995,1995,Obsession,Only Wanna Be With You,a6ca660c-6255-4867-8142-d8e8f91fb8ed
1995,1995,Odds,Truth Untold,0dbecf0d-517e-46a0-a924-6e2e7c469596
1995,1995,Oddział Zamknięty,"...Wierzę, że moja bezsenność będzie twoja...",5bcd222b-8f57-4bd4-a521-39a06d54089c
1995,1995,Odessa,Everlasting Love,40bd9847-beff-4bfe-8290-b576218a9c68
1995,1995,Odissea,Black Rain,d08adda8-b42d-49fe-b89c-b82afcd2ba76
1995,1995-03,Odyssey,Everybody Move,c12f3fa6-4554-492f-9210-0c8702b8d759
1995,1995-03,Odyssey,Face to Face,760c811a-9868-4c83-bd65-cbea80d6e310
1995,1995-12,Of-J,SCENE,b4d8f20d-4b10-4222-a9ac-d70e58703d98
1995,1995,Off Beats,Out Of Range (Entio Copihama),e5d548cf-4e5f-48cb-92b7-95a27e2563c9
1995,1995,Off Beats,Teletransportation,b6898180-5a46-4022-be3b-2ee1db78d374
1995,1995-05,Oh! Penelope,Happy Song,7b3c0aca-0851-31b0-92f5-d437e743c47f
1995,1995-06,OKISHIDOLL,For Love & Happy Rainbow,2254b8b6-a408-47b2-ae55-d7e15e9e35ed
1995,1995-10,Olaf Berger,"Berlin, Berlin, wir fahren nach Berlin",c1ba95ae-fd48-4477-9a85-64fa4eea89ee
1995,1995-06,Olaf Berger,Spanische Hochzeit,71dbdbd9-ca1f-4cf1-a877-f135947ef7b9
1995,1995,Olde Scottish,Wildstyle,564761fa-6313-4c9a-b7ca-112b64165158
1995,1995,Oleta Adams,Never Knew Love,f298debd-1e9a-4a1a-8bc9-7f3d166b50b9
1995,1995,Oleta Adams,Rhythm of Life,447b3d39-a055-4f0d-92fb-d35987c314d6
1995,1995,Oleta Adams,We Will Meet Again,3a75137d-3553-49b3-a267-4beb0bc41551
1995,1995,Oliver Lukas,Mann im Mond,f72509ff-944c-4663-a4c0-c026d70119ac
1995,1995,Olivia Newton‐John,No Matter What You Do,516a9ad8-2877-412e-9b88-ed98f51640fe
1995,1995,Olivia Newton‐John & Cliff Richard,Had to Be,66b82fea-49ba-351f-ab0e-5cfbe6ff17f1
1995,1995,Olymp-X,So Wild,6016fbd4-9b7c-45a1-8f78-2b2db2b6efbc
1995,1995,Ol’ Dirty Bastard,Brooklyn Zoo,f8d018e1-30cd-4b40-96b6-813da4e05ef8
1995,1995-06-06,Ol’ Dirty Bastard,Shimmy Shimmy Ya,a10e80c7-b94c-371a-98d5-874d0d3e55d4
1995,1995,Omar,Saturday,d729a4bb-46ce-4695-8afe-bfa33ac04d40
1995,1995,Omar Santana,Car Jacker,61190b76-367f-46ad-a034-8e39dfb129e2
1995,1995,OMC,How Bizarre,9f30db18-9893-3a22-bd5a-d122fe6f77ad
1995,1995,Omni Trio,Volume 6: Nu Birth of Cool / Torn,2b11b509-2c0a-4050-83fe-eb8360e20910
1995,1995-11-27,Omni Trio,Volume 7: Beyond the Fundamental,d6d84e82-ec10-453f-a00d-5bedf0170c13
1995,1995-11,Omniscence,Amazin',6127e942-9d47-4ed8-9c8c-72b130a00862
1995,1995,On,First Time I Saw Your Face,de9202db-1149-471e-bd40-4f97761926f6
1995,1995,On T.V.,Just a Dream,12d1dde4-d42b-4d49-9386-39234f1315be
1995,1995,Once Again,Cosmic Feelings (Is It Real?),91c56235-64d0-4cdf-b011-d9ab784deede
1995,1995,Once Again,Nessaja,006a1d2d-862b-4bcf-b4aa-06f76b6d95fe
1995,1995,One Deep,Crime Stories / As the Beat Goes On,d030df69-0fbd-4c6a-ab9a-e0ab0086febf
1995,1995,One DJ Project,Good Love,29544e46-6c70-49e0-baa6-da9ef12346b5
1995,1995,Onyx,"Evil Streets (remix) / Purse Snatchers, Part 2",3670da9f-9d46-43ae-9ba4-cb6befcc40e6
1995,1995,Onyx,Last Dayz,5ee3663c-47a9-419a-a595-ba35c8b701a5
1995,1995-04-24,Oomph!,Das letzte Streichholz,f1afef9e-28b2-328c-a0da-f2bde997370d
1995,1995-05-02,Oomph!,Gott ist ein Popstar,4a08bb2c-5aa7-3b0b-a15c-de11224ab375
1995,1995-06-16,Oomph!,Ice‐Coffin,cf6878d2-436d-3540-9030-cabf4f5068e8
1995,1995,Ophélie Winter,Dieu m'a donné la foi,750e5553-d09e-42b6-85a6-1834393c95da
1995,1995,Opus,Sara (Love of My Life),beae8202-4346-4e11-85b4-129229fc2cd3
1995,1995,Orange 9mm,Suspect,150cadf5-a566-4164-b782-b58d9bc40896
1995,1995-05-12,Orange Deluxe,Delectable,a9a30331-0971-4d5a-8783-cbc849f10a7e
1995,1995-02-09,Orange Deluxe,Love 45,b5d0acd8-7237-4ccf-8b2d-020247f9098d
1995,1995,Orange State Featuring Pockets & Cyrille,I Want You Movin',74524576-4a15-4061-9192-fea77adc8161
1995,1995-05-15,Orbital / Therapy?,Belfast/Wasted: The Best of Volume EP,a00123e6-c30c-3c9c-890a-0f53af4a8e37
1995,1995,Orca,Intalect Remix / Sample and Hold,902ec85d-9bfe-407c-9c9f-3b1601b4c5bb
1995,1995,Orca,My Eyes / Liar,6a5f737e-1ea3-46ae-93a7-344e7f29c6d8
1995,1995,Orca,Untitled,f86b22ec-7c36-4017-bd87-76865208baa2
1995,1995,Orca,What Kind of World,086eb4d8-ef89-4870-b481-ba9abd85f615
1995,1995,Orca,What Kind of World (remix),800040d9-579a-47cb-83b9-3fa6cfd7f70a
1995,1995,Orca / Acro,My Eyes / Superpod (remix),ed682b6d-b585-4590-a970-dc17431192b8
1995,1995,Orchestre Georges Fiori avec Perry Canestrari,Caruso,09329334-466f-4169-bae9-6d40160c7343
1995,1995,Organum,Kanroku,f830c03a-a1cb-4d05-8321-568d662eb6a5
1995,1995,Organum,Lysis,3282055e-5e52-46a7-b71e-15cfff965a71
1995,1995-07,Organum,Rotor,a44a625a-b607-4da7-b69b-f530d8d49ead
1995,1995-06-07,ORIGA,風の中のソリテア,22540771-84bb-36eb-9c3a-f065b9a8b3c5
1995,1995,Origin Unknown,Truly One / Mission Control,b843687f-be1a-4953-adb6-20432021ebe4
1995,1995,Original,Jiggle Dat Pudding / Dead President's,86cd67a6-55e9-43a1-9726-f5a62851b953
1995,1995-11-21,Orlando,Here Comes the Night,8f30579f-b499-4ff5-8fbe-ce3cddd766de
1995,1995,Orlando,I'm Dreaming,d8e2df79-99c0-4cac-8b5a-f0713fbd67cf
1995,1995,Orlando,She's Alone,cc4c5685-7634-4402-b8f2-2b8f4283ce18
1995,1995,Oswald Five‐O,Blue T.V.,6e173998-6f80-41ab-960b-0d0351dc70eb
1995,1995,Otaku,Reality,957ae6f4-56c7-4c12-a597-8e79b23162b5
1995,1995,Otto Waalkes,Otti-Rave (Drunt im Tal),b0cff691-5920-32c2-b05f-942a00fcf8ca
1995,1995-12,Out of My Hair,Christmas '95,2a11ba52-668a-4df6-8b1d-4902838d5a52
1995,1995-06-19,Out of My Hair,Mister Jones,c33227ca-21d6-35a0-957b-2e773c48ba6e
1995,1995,Out of My Hair,Safe Boy,087d92b4-1bc8-452e-8921-2c1b528486e5
1995,1995,Out of My Hair,Wide Together,f9c0e842-286f-477d-ad1d-2c576be2f0c1
1995,1995,OutKast,Outkast,c9857739-9b9d-4790-8656-f76bc9ff7e55
1995,1995-12-06,Outside,The Plan,d2f94b55-e3e4-394d-aa4e-69ab69a63f0d
1995,1995-10-10,Outta Control,Tonight It's Party Time,de4d523c-8254-44ed-9f23-4786e064cba1
1995,1995,Ovation,Book of Revelation,a95f6af0-d92e-45bf-a84f-3f9431d80fe8
1995,1995,Overdog,Cloudy,a1a712e7-7225-44d4-85c1-f6a538d41bdb
1995,1995,Overrider,Timebomb,a8952888-e373-4757-9051-9e1b758b8a12
1995,1995,Oxidation,Ic!cle Gun,eadc5f42-91ce-4a3e-8d51-515fe014c6bc
1995,1995-04-21,OYSTER END×YUKA,HO.JA.NE,ca5c7f6c-f88e-4aaa-91dc-af04ec039d4e
1995,1995,Oysterband,Long Dark Street,5c1a0e06-ade5-494c-a501-5a9a544d4fad
1995,1995,Ozzy Osbourne,I Just Want You,54c6a7cb-76f9-38fc-8274-1f7abe71bb0d
1995,1995,Ozzy Osbourne,Old L.A. Tonight,1dbf94bd-abff-4f8e-a2f1-5e268950209f
1995,1995,Ozzy Osbourne,Perry Mason,b680b459-19f0-39c7-9b4a-cff8abe6e30b
1995,1995,Ozzy Osbourne,The Ballads of Ozz,ddb96e5e-dba7-4406-816c-cb5a67d8e896
1995,1995,P J Harvey,Long Snake Moan,1a678fdc-cf00-47fa-94de-c3f2927e33ab
1995,1995,P-Funk,P-Funk Era / Xpandin Minds,7752a7f4-40df-490f-9955-3dd38a8a25b5
1995,1995,P-Funk,Return of the Funksta / Mindstresser (It's a P Thang),a5a49301-bc11-4052-b137-711dcc4665af
1995,1995,P-Nut,Mesmerized / High on Plastic,d2ef20d6-9374-3009-b8b1-6b437f6f583f
1995,1995,P. P. Tronic,Hey Pippi Langstrumpf,0ed77ac4-91f9-4ef7-98cc-c66ac442e8b3
1995,1995-09-05,P.M. Dawn,Downtown Venus,43ab89bd-3d9b-3fbf-812f-68bb138b306c
1995,1995,P.M. Dawn,Sometimes I miss you so much (dedicated to the christ consciousness),19a4d20f-9ba7-4c58-a324-f1633cda318b
1995,1995,Page,Förlåt,018db957-a9dc-3e27-a004-42c78b6bd933
1995,1995,Page,Jag väntar,a1bd4969-6c60-382e-b1fe-1a867d647f22
1995,1995,Pagemaster,Drug Center / Platonic Rain,77b8016f-72b3-46d5-adb1-35b318e1fde4
1995,1995-07-26,PAMELAH,I FEEL DOWN,0244c845-14c8-418c-879f-7966eedd4427
1995,1995-02-21,PAMELAH,LOOKING FOR THE TRUTH,e2f78945-b5c8-4dd7-ae4a-f2bde2560921
1995,1995-11-08,PAMELAH,キレイになんか愛せない,d839120e-9f86-44a5-97c3-2b0ac4e23275
1995,1995,Pandora,Don't You Know,a5a2e125-6c31-4dee-ae7f-11a5a98a07f4
1995,1995,Pandora,The Naked Sun,c978cf53-a860-4a8a-936f-b580d9e3ad1f
1995,1995,Pandora's Lunchbox,Honey Bee,8940b075-6607-4d8e-9f5a-fe9880123509
1995,1995-01,Pansy Division,James Bondage,997eac85-ff2b-39b2-8951-b5a1280520e5
1995,1995,Papa Dee,The First Cut Is the Deepest,38bb6b1c-8996-440a-b26b-aed23a92dfdf
1995,1995,Papas Fritas,Passion Play,a10208a1-1256-3e91-9020-81c555883cc2
1995,1995,Papermoon,Catch Me,5d9a0ac5-9c83-43ca-8a8a-c7d6bf84a520
1995,1995,Para Doxa,We Are Ravin',395de9f2-4077-3ac8-9e2a-00dbfa612a6e
1995,1995-07,Para-Noise-Terminal,Fraktale,fa8ecba3-ddc6-477c-afa1-b5c7e56fec3f
1995,1995,Paradise Lost,Enchantment,fcc0ac38-86a3-40c7-8adf-5fd562d8b246
1995,1995-09-25,Paradise Lost,Forever Failure,be0564e6-d121-3cc2-ba54-f188486dfb50
1995,1995-05-08,Paradise Lost,The Last Time,e59fce34-d8b5-344c-88bb-c041094ebab2
1995,1995,Paradox,Pray / From My Mind,dcf949da-1ab9-4d82-9b61-939ce77069ac
1995,1995,Paraphonatic,Reincarnation (Original and Remixes),e16e7427-b0bc-41e7-b0a7-3b4935eeddfc
1995,1995-10-09,Paris,Guerrilla Funk,1db21078-40c5-484c-a393-27e931428b8d
1995,1995,Paris by Air,All Around the Sound,121b3889-c1c6-4af7-b65e-7b211c4d421d
1995,1995,Parlay,Homies,7e9da8a9-75f7-41d5-aee8-93aa9222bdd2
1995,1995,Partners in Time,Looking for an Answer,a3fdfc38-0e02-34db-8e7e-9a9756fa9752
1995,1995,Party Animals,Have You Ever Been Mellow?,37dd8b1f-9626-411a-a8f8-8c1664ba650e
1995,1995,Party Zone,Zondag,916cf7ed-2199-4576-a36c-9d4ce4801745
1995,1995,Pascal Obispo,Tombé pour elle,3725dd06-2b6a-403a-bd4b-cfc49a5182ac
1995,1995,Pascal Rogé,Après la pluie... Satie,37210a43-6c7d-4de5-be90-678868256a37
1995,1995-10,Passengers,Miss Sarajevo,44443690-be1b-46a0-88b2-85031208783c
1995,1995,Passengers,Your Blue Room (edit),78ed68d2-9e7e-46b8-89c9-2143bb156f49
1995,1995,Passion Wave,Tell Me Why,d2a5597c-5ed8-4c7b-9eb5-f687bade12ac
1995,1995,Patent Ochsner,Jacques,e23816a6-80a0-4d42-9c23-6aef3399b01e
1995,1995,Pato Banton feat. Sting,Spirits in the Material World,2f1dd99b-a1be-4fae-b5e3-f28ec27e8ab8
1995,1995-07-18,Patra,Pull Up to the Bumper,2f7af45a-952d-46e5-920a-7bc039bbbef9
1995,1995,Patricia Paay,I’ve Never Been to Me / (I’ve Had) The Time of My Life,64d11fa7-a068-4634-b5b8-f5ba90f13f6e
1995,1995,Patrick Fasseau & Stéphane Akenan,Acid Drums,87d74d90-247e-4c37-8766-c9056398ec68
1995,1995,Patrick Juvet,Où sont les femmes ?,101516fa-c5bb-4c70-86d4-d9d8a8d8de7c
1995,1995,Patty Pravo,I giorni dell'armonia,5ea93510-e17d-4aa0-acdc-407d558f84e6
1995,1995,Paul Carrack,Eyes of Blue,fc175f45-682a-41ff-83c5-0a86eaecb5e2
1995,1995,Paul Hardcastle,19(95),a4de9775-6690-49b0-ac74-410230cb9358
1995,1995,Paul Hazel,Go,3ac4faae-b008-4631-968b-71283690e845
1995,1995,Paul Kelly,Deeper Water / Behind the Bowler's Arm,7977f609-f16a-39f4-a60b-9d59587c67c5
1995,1995-10,Paul Kelly,Give in to My Love,922d8122-2b10-35ae-bc36-ee739edb5b6e
1995,1995,Paul Severs,Doe je ogen toe / Do Want to Dance,aa9bda1f-22b9-49cc-9ade-d6cab41d0c91
1995,1995,Paul Severs,Er is niemand... / Angel,72818f91-d91e-4331-8f1b-67a1b038ba75
1995,1995-07-03,Paul van Dyk,Emergency: The Remixes,070c87e1-7526-3a41-b22e-784011b92748
1995,1995,Paul Weller,Broken Stones,e1dcef31-1e0a-3a33-ad06-81f3e5bcaf30
1995,1995-03-22,Paul Weller,The Changingman,e76c6eb7-d73e-32f0-b23c-19a1c65c134e
1995,1995-07-06,Paul Weller,You Do Something to Me,97fe328c-8970-33ef-8eb2-69acb0a2333b
1995,1995-08-22,Paula Abdul,Crazy Cool,3ddd2b37-696c-3ba0-9e44-9bf807be691d
1995,1995-06-20,Paula Abdul,My Love Is for Real,e38a852e-e5fc-3145-9ba0-4e64b1da8525
1995,1995,Paula Frazer,The Hand,80f19836-fd83-4a56-bca3-e6e0847b6a67
1995,1995,Pauli Hanhiniemen Perunateatteri,Kaikille joskus käy niin,8175453a-177c-3026-8014-7b6f2ae7cf65
1995,1995-12-04,Pauline Henry,Love Hangover,5e6369be-1f78-4513-ba89-3cf509455fc3
1995,1995-06-20,Pavement,Father to a Sister of Thought,f315c1ef-bd6a-312b-9917-43464065256f
1995,1995-01-13,Pavement,Range Life,d2596667-edbe-348d-8b7e-82f8460652be
1995,1995-03-20,Pavement,Rattled by la Rush,77973ab5-7068-3f6a-af9b-c26f51f099bb
1995,1995,Paw,Hope I Die Tonight,79f4387f-1506-4541-a97c-82757e28e8a8
1995,1995,"Peace, Love & Pitbulls",Das Neue Konzept,b9adb8ab-179b-4442-a843-85b4ee0ba8b1
1995,1995,Peaches & Bobo,A Place to Turn,e94b145e-8c7a-363f-b0a2-27b7cda248a0
1995,1995,Peaches -N- Cream,Jump To The Limit,57523f9e-b2a5-4aaa-899f-e51f4243e462
1995,1995,Peanuts,Lieske weë is schjerp op Lieske,02b9ca9a-62ac-4f56-9a8f-dcb3b27235c3
1995,1995,Pearl Jam,1995 Fanclub Single,74bfd679-e0e6-3a73-b4b8-50d2776e2fdd
1995,1995-06-06,Pearl Jam,Immortality,abbea98b-1c59-38c9-b559-bac8c0655e61
1995,1995-12-04,Pearl Jam,Merkin Ball,bbbd9fe7-7241-3a55-aafa-656665856d82
1995,1995-03-09,Pearl Jam,Not for You,076b1b23-f5f7-3fe8-8cba-3b9c1bdbc30a
1995,1995,Pebbles,Are you Ready?,f102936d-b615-4f45-831f-4f4bfe5463b3
1995,1995,PeCh,Blinded By The Light,8a497118-c77e-4e92-9aaf-eb0cf8331081
1995,1995,Pee Shy,Yellow Race Car,bcf1db02-5804-40b6-8bf5-d51d9f602925
1995,1995,Pee Vee,Circle of Life,5eaf573e-8d39-4f3f-a417-679fa1f23f9f
1995,1995,Pegasus,Forces of Evil,b1b6e473-9272-445d-9f90-4eb938c1fb8b
1995,1995,Pendulum,Awesome Party / Insecurity,72fa504c-cd50-4588-865f-23379e70a889
1995,1995-07-05,Penelope,Take A Chance,8137ef7f-e794-44da-80f9-0d0a5398f12f
1995,1995-09-30,PENICILLIN,EARTH,a7cc2d2d-eba9-4557-98b7-9edcba943fa2
1995,1995,Penny Flanagan & New Moon,Piece of You,9d4c383b-1872-37df-b1b5-316462e193b9
1995,1995,Penny McLean / Vikki Benson,Lady Bump / Easy Love,593eac0b-0caa-3d72-a7d9-c06a0ee75c70
1995,1995,Pennywise,Same Old Story,2a76ff7f-75a5-3349-aab7-115bd2bbd617
1995,1995,Pennywise,Searching,bc1984f1-5562-499e-bbf9-a3c7a7647f73
1995,1995,Pentaura,Ulma Gets to Linger,35c1574d-5e6c-4220-946a-d785195ec06f
1995,1995,Penthouse,Ript 'n' Happy / Baby Peeler,618ab207-8481-454c-b6eb-4440e5d5c466
1995,1995,Per Höglund,To The River,b7632604-29c4-41e9-bc28-dbde74be7488
1995,1995-05-22,Percy X,Odyssey,63b87c93-9964-321e-bbb9-939df56516b1
1995,1995-01-16,Percy X,X Trak 1,ee29952d-37af-3562-9419-6c3e2d5c78ce
1995,1995-11-13,Percy X vs. Bloodsugar,-3,a794d8d9-53c7-417f-a35f-ea70c23b4bff
1995,1995,Pere Ubu,Folly of Youth See Dee Plus,73f3eb57-9406-3c9f-8612-a530ff83e300
1995,1995-10-01,Pere Ubu,The Hearpen Singles,46fc1c1d-febd-4115-8684-fbbcee1253db
1995,1995,Perfect Combination,100 Years,2c3d5302-a549-42f0-90bd-57f9d0deec6e
1995,1995,Perfect Combination,Deep & Devastating / Playin 4 Pleasure,4e87731d-417b-4f23-bd28-da9d0808b752
1995,1995-01-23,Perfecto Allstarz,Reach Up (Pig Bag),bf3a06bf-c0b6-39d7-bc7b-8ac9b9c84f43
1995,1995-01-26,Perfume,Lover,becbbc88-7856-3dc9-9c0f-16beb8b8a69e
1995,1995-07-31,Perfume,Yesterday Follows You / Rising Star,c04ce3b3-3c1d-4dd2-ab4d-9fefe754fdbd
1995,1995,Perfusés,Révolution / Limo Life,d5a09053-ab7a-4775-8d5b-e5ef9c663e39
1995,1995,Perplexer,Church of House,ff16af25-f92b-3a9d-a67c-a39cfa69117b
1995,1995,Perplexer,Love Is In The Air,5de0726b-cdbc-4fb8-8416-bd797b046480
1995,1995,Perv,Losin My O,c3ba568c-97e4-44b2-9cee-fccf074d1be9
1995,1995,Peshay,Futurama / Endless Thoughts,2da9da60-7e6f-4a8a-bcce-1d6bd3f2d210
1995,1995,Peshay,Piano Tune / Vocal Tune,73591e78-cb2b-3498-8a45-8a9bd8890621
1995,1995,Pet Lamb,Where Did Your Plans Go,3ba1d37e-6253-38d0-912b-f84324a5da40
1995,1995-07-24,Pet Shop Boys,Paninaro ’95,0c192f04-0171-32ad-85df-3ccb7ade539f
1995,1995,Pete Droge,If You Don't Love Me (I'll Kill Myself),7e509a92-c725-39aa-b735-588f88c09c97
1995,1995,Pete „Wyoming“ Bender & Bettina Bauer,Love Is Real,76a3764c-5b80-45de-b284-9feaa5cdea7e
1995,1995,Peter Albert,So wie du,99052078-6507-4222-96eb-ff74f9a9e3da
1995,1995,Peter Andre,Mysterious Girl,217205c9-e605-3d34-8f30-ba8d17d1b01d
1995,1995,Peter Andre,Turn It Up,05c8cba6-c61e-4cca-a9bd-f117b6268c61
1995,1995,Peter Boom,Träume sind Betrug,649c94ba-fd25-448c-9270-ea9e24fc9d1d
1995,1995,Peter de Koning,Het is altijd lente in de ogen van de tandarts-assistente,0598e078-e113-425b-9700-398a30652a0c
1995,1995,Peter Kingsbery,There’s No Magic to It,2f479bcb-6c3f-4196-b15d-33f40e7be092
1995,1995-06,Peter Schilling,Terra Titanic,8f3e5748-ad22-49b2-be7f-1f5d36013d3b
1995,1995,Peter Wilson,Into the Night,4bfce26a-d9ab-48ee-85f4-6509601e10d2
1995,1995,Petra Frey,Hey Du,ae9a9792-976b-460e-8d38-7cc349a4658d
1995,1995-03,Petra Frey,"Wenn nicht Du, wer denn dann",35fd7f41-d014-4bf2-9278-b5d9b81d6eec
1995,1995,Petra Polak,Walk On By,c15ea591-b8e9-46ef-8c1d-0cfa28051065
1995,1995,PFM,One & Only / Dreams,60caf742-19ea-3db7-9d11-770344faf828
1995,1995,PFM,The Western / Hypnotizing,ab99a41e-b245-3ee3-b98e-c7dabfc06343
1995,1995,PFM,Wash Over Me / Love & Happiness,1d930563-8718-313a-9a90-f94a91ed4d25
1995,1995,PFR,Wonder Why,5787c90a-ce35-44e7-ae1e-d514f6805923
1995,1995,Phantasm,Gut Suckers / Sewed Back to Life,e706ecc7-7ae7-42cc-9d27-254a51bfc00d
1995,1995,Pharao,World of Magic,ab2a5d74-5886-3299-b044-c7c38b4bdd3d
1995,1995,Phat Austrian,House Fanz,0abdfb58-9756-4ade-bda3-f47a1be104df
1995,1995,Phaze 1,Phaze 1,eb1c8060-2c99-42b5-8160-a15b5b9dfd8b
1995,1995,Phaze 1 / S.O.S.,Natural / Space Funk,fd513a30-3d62-49bc-a54d-d299906c623c
1995,1995,Philipp Fankhauser,Members Only,1457321b-2843-4f26-8c6a-e3c2386904a3
1995,1995,Phillip Boa and the Voodooclub,Deep in Velvet,f883ed98-dded-33df-88e3-503568c14380
1995,1995,Philorene,Arked / Bola,d1203fa7-99d1-4f31-b1f5-78f9131c777a
1995,1995,Phish,Gumbo,9c529967-89c2-3ecc-a3f9-5f1f727f0a00
1995,1995,Phobia,Bass 4 Mind + Feet,ec552266-3f6e-422c-b983-4489e3cd4638
1995,1995,Phobia,The House-Transmission,110f65d7-1754-4f7f-b921-c4e586418102
1995,1995,Phorum Feat. Marvin B,The Harvest Festival,0a57592c-7dfe-4047-869d-702c057b51aa
1995,1995,Photek,The Seven Samurai,a3892b3d-534b-3991-b7dd-61515662fd66
1995,1995,Photek,U.F.O. / Rings Around Saturn,cd6a884e-ba04-3c98-83f8-d757f55f3f00
1995,1995,Photogenic,Singing The Blues (We Say Goodbye),2a7df416-e43a-40d4-98f4-a359b788468d
1995,1995,Phunk Phorce,Phat Phorce,51222442-9f2f-4a3a-8701-78327b47c6e9
1995,1995,Phyzix N' Tricks,Crazy Tings / Meridian (Remarc Remixes),03484079-77dc-49d2-b68f-2a8604c58d90
1995,1995,Piet Veerman,Heaven Stood Still / Wind Beneath My Wings,13a83332-d2cb-4ff5-acb0-9a4687627d63
1995,1995,Piet Veerman,Under the Boardwalk / A Place in the Sun,f3979d78-569d-4eca-ae21-f32b6f0c6eba
1995,1995,Piet Veerman,Voy a ser / Cheek to Cheek,d9e25d2d-fd0e-4038-99c2-81b308abc451
1995,1995,Piet Vilten m.m.v. De Makkers,Vakantie,965576d5-bf3e-4288-937c-1f3f370c7d90
1995,1995-02-22,PIG,Painiac,5b15c68e-64ec-3ccf-a5b0-1260e8e46be4
1995,1995,Pigalle,Let The Rhythm Pump / Voyage,6fbe091c-25aa-44ff-b1ab-d45cbc59e729
1995,1995,Pigmy Love Circus,Drug Run to Fontana / Centralized 1 & 2,e74884f0-0951-400a-8fa0-29a650a1e7ba
1995,1995,Pilar Stupa,Chanson D'Amour,17ded1b2-fc1e-4ed0-a9ff-43a61356179e
1995,1995,Pills,Autobahn Cosmos,c200aedf-105f-4f4b-af00-548258d2ebd9
1995,1995,Pills,J'me sens bien,9a68c35d-3812-4c13-ba34-45a1ab811fca
1995,1995,Pine State / Trailer Bride,Pine State / Trailer Bride Split EP,5828a126-e3aa-48f1-8c47-463ee66bf5b6
1995,1995,Pink Cream 69,20th Century Boy,660bc8e9-6d06-4e23-9a66-b4b3cbe1536b
1995,1995-05-04,Pink Floyd,What Do You Want From Me,252eabcc-253d-48d5-bfa3-ab8bfb7c8470
1995,1995-07-20,Pink Floyd,Wish You Were Here,07088662-1c13-35ca-bc5f-bbcf371b6e2b
1995,1995-04-21,pino,「イイじゃん」,b2293b5e-37a1-45f7-bfb3-a3ebe2087798
1995,1995,Piper Cub,Chance,d361c081-3175-41c2-ad88-0edea2fefc8c
1995,1995,Pippo Pollina,Questo vivere soltanto,ba1a5457-f347-4f26-a34e-c36935e593f7
1995,1995,Pizzaman,Happiness,c50d1de5-031b-3ee3-8534-4a11c9dd5eda
1995,1995-12-24,Pizzaman,Sex on the Streets,ce683410-e32f-3e4d-b226-dc0cd5ccce79
1995,1995-10-21,Pizzicato Five,Triste,2262a67d-5e64-4cb5-a6ca-a0b3d847f4f7
1995,1995,PJ & Duncan,Our Radio Rocks,686ea413-2ce6-4f4a-b65c-1f3727df9b01
1995,1995,PJ & Duncan,Perfect,63a1500f-22a5-3ebb-b725-054258ad54dd
1995,1995-07-17,PJ & Duncan,Stuck on U,0b234090-346e-39cd-9acd-f1ddb8483324
1995,1995,PJ & Duncan,U Krazy Katz,f33fa507-108b-4e00-a44b-615123db9d33
1995,1995-07,PJ Harvey,C’mon Billy,de47a073-8169-3bb0-97ff-a6e3541945a1
1995,1995-02,PJ Harvey,Down by the Water,ccc9ed44-627c-38c7-ae3c-1264a4b55423
1995,1995-10,PJ Harvey,Send His Love to Me,56173ebf-2fc3-41d3-9c90-481ffa135b0d
1995,1995-10,Placebo / Soup,Bruise Pristine / M.E.L.T.D.O.W.N.,a4ed8024-0d3a-446d-b37c-5124a9226a44
1995,1995,Plainfield / Circus Bogus,Plainfield / Circus Bogus,59fc2086-8c53-4b42-bd39-47aba76df3ef
1995,1995,"Planet ""E"" Team",Music From Planet E,bd721dc3-6aab-405f-8b42-69b679f24ced
1995,1995,Planet Soul,Set U Free,962ee86a-81c8-319c-b45c-146e2cd95e2e
1995,1995,Planet Waves,Superficial,2c5c4f2b-d6fa-43ef-8dd4-377bd505164a
1995,1995,Plastic,Sexy Groove,03290114-2f2f-4f91-b870-b7fbb28707fa
1995,1995-12-11,Plastic Tree,Poison biscuit,af2c9d26-f030-330e-85cc-eeb10630068c
1995,1995,Play the Bass,Move Your Body,83afb1d8-8f67-4c69-9d94-38a402182565
1995,1995,Playahitty,1-2-3 ! (Remixes),1254fa50-6d66-4dea-8ee0-9790def4ee8e
1995,1995-07-10,Playahitty,1-2-3! (Train with Me),664768e8-6efc-43da-bffa-6840236acb67
1995,1995-08-10,Please,If I Was God,1963c7a8-7419-45ce-9803-e8620eafbf6a
1995,1995,Pleiadians,Pleiadians / Boarding Pass To Balangan,da2b61dd-d610-41de-828c-636268ee7078
1995,1995-11-07,Plexi,Part of Me / Caught Up,b3702ce3-e9d0-4b50-8b05-cfa54452fe4a
1995,1995,Plunger & William Martyr 17,The Golden Rule Of Silence,63866fe5-441c-4765-819c-cfc76d4dba38
1995,1995,Pluto,Can-Can (I Get A Kick Out Of You),ab05f8af-e223-4ee5-807e-735613891896
1995,1995,Pluto,Failiure,076d537a-22c7-45cb-b11c-8a0d2205990a
1995,1995,Plutone,Fire,b5b3906f-0744-46ad-a273-8b3e2881388d
1995,1995,Plutone's Hands On Yello,Oh Yeah,93d9fe5d-619b-3c96-9a56-8d1fd71ea6c9
1995,1995,PO.LO,I Want You,e8ead6e1-4348-48bb-813e-b1f436fe72da
1995,1995,Poco Loco,I'm The One,68787ca7-9ca8-4888-8a9b-df03282cf111
1995,1995-09-25,Poe,Trigger Happy Jack (Drive by a Go-Go),703bdbcd-bb1e-3574-8ccf-8ab985f21bce
1995,1995,Polaris,We Are Leaving...,e39b613c-0256-4930-8594-fa0e8568e40b
1995,1995,Polaris Feat. Minouche,Frozen Luv / Ocean Blue,ab82c99c-4ec3-4b2c-badc-efd79317dd7d
1995,1995,Polecat / Sunbrain,Polecat / Sunbrain,d5e16cd4-ccd5-353c-87b8-c0f032b360b8
1995,1995-09,Pollyanna,Lemonsuck,d134bcdc-52c4-32f6-bd98-ea3ad2e15724
1995,1995,Pooch & Wivvy,Think / Riding Rhythm,dab1f450-911a-4185-83c1-2c5d1fcac8ee
1995,1995-07,Pop Secret,Cool and Free,3a5790f2-934a-4eae-83fd-329539ec6749
1995,1995-09,Pop! Featuring Angie Hart,Tingly,32d88d66-8a62-4170-93d1-e434a25922f6
1995,1995,Popsicle,Not Forever,6226385e-f0fc-3806-a800-2c6b95333ed4
1995,1995,Porno for Pyros,Pete's Dad,bd3204fb-13f0-4a56-b547-78904015faa7
1995,1995,Portastatic,Sandals With White Socks,772f3820-d850-401f-a667-15edffd75512
1995,1995,Portishead,Wandering Star,c6f69669-0e8f-4dce-89a4-df3a3cf40dec
1995,1995,Portrait,I Can Call You,326d7735-9ea3-43d1-a425-582349c8a054
1995,1995,Positive Division,Got to Move It,a6e3e7ad-a5e6-4c79-9e52-8a523f90f193
1995,1995-04,Powder,20th Century Gods / Dizgo Girl,e873e7f0-f8a4-4a57-b292-5f077beee393
1995,1995,Powder,Afrodisiac,a6006b86-fd8e-34e0-a3ef-deb8e2225c96
1995,1995,Powder,Deep-Fried,52d47fa6-9f94-3e64-b4c0-1e6d06572460
1995,1995-02-27,Powderfinger,Save Your Skin,65920f9b-1111-374c-9048-498a0de4eb16
1995,1995,Power Saw,Golden Dub,3b646908-8169-425c-9758-908b5b9434d5
1995,1995,Powerplay,Casper / Ghostbusters -95,9c7d8fd3-133f-41cf-a2e2-5f8d0eee18f2
1995,1995,Powerplay,Runaway,cfb30978-b1fd-45e9-b27e-ce55cb548c14
1995,1995,Powerplay,Skin to Skin,fe0b8da5-1193-4e2e-a928-8fdb72f5aaae
1995,1995,Powersound,Freedom Forever,72a3961b-841e-49e3-aaa9-64eb39308b1a
1995,1995,PPZ30,Jumpin Jehosaphat,d66fef7a-591a-3107-94cc-e2707b971647
1995,1995,Praga Khan,Gun Buck,07c5fe2d-4988-4454-9aa0-d2617e1c4f26
1995,1995,Preacher,Lick My...,e0640d51-8856-4bdc-a180-0028e500682a
1995,1995,Pressure Of Speech,Mothmath,38a20f07-76e2-493b-9c17-4a64497b8122
1995,1995-09-22,Pretenders,Brass in Pocket,73ad15d4-278a-4c1f-aa96-7f0b5ef4ea67
1995,1995-09-29,Pretenders,Kid,4039a5e2-b09c-42ed-9df6-daf28473f119
1995,1995,Prezioso,Anybody Anyway / Don't Stop,e1f74654-1984-4950-968a-f072ca9641cc
1995,1995,Prezioso,Don't Stop (Remix),c1a72752-2df2-411e-823e-41028687ed99
1995,1995,Prezioso,Feel the Rhythm,00e39bd2-7b72-48f7-807e-5152c352c335
1995,1995,Primus,Mrs. Blaileen,96b4539d-03ee-3e6e-8327-f46966de2f97
1995,1995,Primus,Wynona’s Big Brown Beaver,98df6cd8-4a50-3718-959f-e11eb8d278c0
1995,1995-09-12,Prince,Eye Hate U,a7c236cb-2aae-4f54-8251-e57fd16c613b
1995,1995,Prince,Gold,940218ec-64ef-4f85-8b25-45ad7a9bdfa4
1995,1995-03-03,Prince,Purple Medley,b9578cb2-f586-3793-8d7d-d5a713004883
1995,1995-12-03,Prince,Pussy Control,24c2a8e6-44b0-4b25-bdbe-d5deb1f334ae
1995,1995,Prince Ital Joe feat. Marky Mark,Babylon,2a16ad39-1e31-48d2-824e-80b0ab872f46
1995,1995,Princess Erika,Faut qu'j'travaille,bca06469-c6b3-307a-91d5-473ae1f15d32
1995,1995,Princess Erika,Viens,0e37f579-60f4-4eb8-85fa-1687f06d538e
1995,1995,Priority,Do That Dance,9166de76-190b-494a-acc1-bfa3b1b60894
1995,1995,Priority,Time To Unite,a8d4d7e8-639c-4da9-9744-81dd795cd32e
1995,1995,Prisoner,Mr. Fix It / Bob,71622a58-4da6-479e-af3f-f86db872e902
1995,1995-04,Private Productions,Vol.1 - Education / Children of the Ghetto,287beaee-3edf-4299-a77e-6853dcd96b27
1995,1995,Prizna,"10,000 Babylon",b614d8b0-d3c9-4bb7-95e3-0551abb2c4ff
1995,1995,Prizna,Carlito's Law / Can't Stay Away,d79bd81f-cb96-47f8-bf3f-c3dc99dcb3ef
1995,1995,Prizna,Niggas in the Hood / Eastern Promise,06ed2871-2baa-4469-9aa4-e043051754ff
1995,1995,Prizna,River Nile,f66e394f-2e1a-4164-93d2-c482003bd1f8
1995,1995-04-24,Prizna feat J. Demus,No Man No Bad,60ff03c1-2938-4072-bbfd-e1efba385005
1995,1995,Prizna feat. Tenafly,Inna City,43755aee-5913-46a9-9421-548a695ad59d
1995,1995-03-13,Prizna feat. The Demolition Man,Fire,c363cbce-997b-310c-b73a-f4155897ba07
1995,1995,Pro-Active,Back To Atlantis / Cult House,f881bec5-d7db-479d-9006-75d9d9b1c02a
1995,1995-05-08,Project 'A',Get On Up,822ad264-70df-49ec-866c-8c2354ab939b
1995,1995,Project Dark / Band of Pain,Heather Mills / Miranda Grey,e41c1cd2-a45b-4c4e-be16-d781a2620b5e
1995,1995,Project W,Snake Legs,935d619d-b0e3-44ce-9693-ed9a8a7b4a7e
1995,1995,Project-X,Promotional Greed,7c529ee3-7b86-49d8-8078-698edfffaf40
1995,1995,Projet X,Love Reflex,183ccc2a-5a4d-465f-be72-63d1b4faa3cf
1995,1995-11,Prolapse,T.C.R.,ab6caf4b-c14a-3164-853c-2ede4f486fa2
1995,1995-05,Prolapse,When Space Invaders Were Big,9703acaf-ade0-3998-beb2-3bed50d24651
1995,1995,Prollhead!,Fuck Jaques Chirac!,b8afeeac-88c6-471a-8413-887c09e7f3c4
1995,1995,Prophet,It's Gonna Be The Night,0a0019d9-3d0a-4d69-9093-adb91f9f1d52
1995,1995,Prophets of Rage,Lost in Space,d7f887d8-190d-4663-a62e-9057518599b6
1995,1995,Protectors of Bass,Awake in Neo Tokyo,230d5bc0-6249-44c0-8bf2-415456499c97
1995,1995,Práná,Voyager 2,f5322224-4123-4272-add2-a5742be7d1e9
1995,1995,Psilocybin,Delicate Substance,c36a96a6-9219-33d1-9784-52006e54fc4b
1995,1995-12-11,Psychaos,Science Fiction / They Tried to Grab Me,af7a57d5-7b0e-4b0e-a1c4-de2650450aa6
1995,1995,Psychodream,Feel It,741e11c7-9cee-44e7-88f0-92a2cbe51718
1995,1995,Psykis,Pretend,281582ce-62f9-41e2-a147-8b1d292fcbb2
1995,1995,Psykosonik,Unlearn,322dd2c0-61e8-32b1-91df-f39508a3d97d
1995,1995,Public Enemy,So Whatcha Gonna Do Now?,ff4e9320-0ff9-395c-bf21-4ff0987880df
1995,1995,Pudgee,Everybody Want To Be Hard / Inner City Blues,24dcf43a-1cee-4b7d-a683-6a0ee72b4c83
1995,1995-05-17,Puhdys,Ewig leben,29fe6b8f-88d2-42b2-9316-1ae11198ef4e
1995,1995-05-29,Pullover,This Is the Life,3f5a7181-8994-451a-9f00-ad6ba614c32e
1995,1995-10-23,Pullover,White Horses and Shooting Stars,918a0a9a-e4d9-49e8-94ef-7f8be077e134
1995,1995-05-22,Pulp,Common People,81b56e79-e6ab-30ea-a627-7b0e06b167b6
1995,1995-11-27,Pulp,Disco 2000,0a15d4a2-9aba-3a53-9bf0-64d63264c482
1995,1995-09-25,Pulp,Mis‐Shapes & Sorted for E’s & Wizz,2242ab30-bdd4-3a17-9f0c-01dd085243e3
1995,1995-02,Pumpkinhead,I Like,d6708e36-b458-3122-9139-2b31d6c30c0b
1995,1995-07,Pumpkinhead,Third Eye,8ed53e99-237c-3186-b83f-a1aa8f0fbfe6
1995,1995,Pur,Abenteuerland,6703ec19-0d44-4130-84cb-1ebcb060cff6
1995,1995,Pur,Ich lieb’ Dich,31156c43-1c46-46ac-aba5-532dd95bc39b
1995,1995,Purple Beat,Don't Stop Till You Get Enough,4572a7d3-7073-4814-ae15-1da1c588eeb0
1995,1995-11-13,Purr,Float On,7d4ab3a3-f57c-429d-83a5-dad6b8284c87
1995,1995,Pusherman,First Time,e2fecb39-a88d-419d-adba-6d075a6942e0
1995,1995-07,Pussy,Suck My Pussy,46aede18-757a-4f8f-b52d-4c6a8b1da3fa
1995,1995,Pussy,Suck My Pussy (Remixes),51ddb13c-e0a6-41d2-85a2-8069116efbad
1995,1995,PxMxWx,Back Up Off Me,b60f25fa-9f16-4edf-83f9-3fbed8de8401
1995,1995,"Pyceral / Andre Tyrell, Dave Kelly & Frank Bassy",Heavy Metal / Big Squa,0c6f5f85-e62c-4597-bf45-3850fe5e82e4
1995,1995,Pyogenesis,Twinaleblood,c085918f-75c1-45a8-a0da-123d66090611
1995,1995,Pyrate,Bycance 1995,3a5578a2-ecee-4056-b7cc-7d2a8e77d2be
1995,1995,Pérez Prado & His Orchestra,Guaglione,2766b1ad-b3ad-3238-9831-f6585b28aefc
1995,1995,Q Project / Ray Keith,Champion Sound (Amen VIP Mix) / Sing Time (VIP),caf1b05c-eb75-4c2a-880b-b9baf18793c6
1995,1995,Q-Club,Tell It To My Heart,0903294d-f8cf-49b7-9fc5-3b70aa2bcab6
1995,1995,Q-Tex,"Equazion, Part 4",e7f4bc08-c3e2-440d-a1f5-32b4614d9561
1995,1995,Q-Whirl,Ei / Saures,eee3a3bb-af5f-4aa9-9410-e532ecf1152d
1995,1995,QBall & Curt Cazal,My Kinda Moves,1fdaec58-07a1-45f9-abff-ca1632202370
1995,1995,Qkumba Zoo,The Child (Inside),584715c8-38b7-3679-93bf-0fdc495710db
1995,1995,Qliford,Freak Me,bcd49b6d-7d05-496e-b804-36c9da711c33
1995,1995,"Quad City Family Featuring Quad City DJ’s, 69 Boyz & K-Nock",What You Want For Christmas,66fc3aa2-f2df-47b9-8dac-0fd30aada34d
1995,1995,Quadran,Eternally,824638fa-146f-4a69-a159-6faf4b689219
1995,1995,Quadran,Eternally (Remixes),981e94ab-988e-43b1-8090-e97445751857
1995,1995,Quadran,Eternally (Reremixes),c9327ef7-a161-4434-a9c3-c165edb6c7ce
1995,1995,Quadran,Free Your Mind,8ca4e325-e063-4bac-8d03-b1350f8bd10a
1995,1995,Quartette,O Canada,af51165d-a727-40c0-9ff9-26e0c1029ea8
1995,1995-09-25,Quartzlock,Love Eviction,6b4536aa-875a-46dd-bb44-e1c18d87828c
1995,1995,Quasimodo,Memories,1aa4db7c-99a3-49e9-87b7-ca4f99684ae4
1995,1995,Quaterback,The Mood,1d3fc2c2-16c1-4fc3-bd4b-913a938b1a8b
1995,1995-12-18,Queen,A Winter’s Tale,61cb36c5-e15b-3e03-963e-ee5972e7e5de
1995,1995-10-23,Queen,Heaven for Everyone,dbc78f6e-89a8-40e1-9097-280ca35b05db
1995,1995,Queen,Too Much Love Will Kill You,e98c4ea8-24d2-4543-b6d4-b1a16e6456a2
1995,1995,Queens Boro Crew,Drop Da Noise,84857fa0-6a27-449f-b74f-c792ac1228cd
1995,1995,Queens Party,Bitch,e3e342c5-c254-429b-a153-bb0faeca1c30
1995,1995,Queensrÿche,Disconnected,3426a1aa-1a5c-32e8-8186-f7e49f262977
1995,1995,Question Mark,????? (Volume 5),b01273fa-c8f4-4f7e-a8fb-91e33e29de76
1995,1995,Questionmark Asylum,Hey Lookaway,1823c1df-b8da-4399-a981-91f21cf33c72
1995,1995,Quick Reverse,God's Reason,5720914d-b6b3-4a0c-9d17-b3c1c0ea99a1
1995,1995,Quicksand,Delusional,10b22175-91e0-4e78-b18f-459713e71e8e
1995,1995,Quicksand,Landmine Spring,7edd562d-d621-4909-9281-626be38a3efb
1995,1995,Quicksand,Thorn In My Side,6bfc8c10-f029-4878-9fb8-0deef46c4afa
1995,1995-02,Quickspace Supersport,Quickspace Happy Song,913c1966-586b-491a-9d68-be5c5a3d7ad5
1995,1995,Quincy Jones introducing Tamia,You Put a Move on My Heart,97584bd7-dc69-4fd6-8d96-9f7fd7895952
1995,1995,Quivver,Believe in Me,4e66c190-08b2-3506-a169-7d97740e6a88
1995,1995,R-Damski,Ma' Friend,09a1cbad-fe68-4461-a38e-c3305881ad0f
1995,1995,R. Kelly,I Can't Sleep Baby (If I),7fbccf49-fea4-32db-af44-057f95be5efc
1995,1995,R. Kelly,Thank God It’s Friday,c87c5bff-1fa4-3a26-9d45-8926ee7b7cd7
1995,1995-10-30,R. Kelly,You Remind Me of Something,7b31d067-c4d9-4ac2-83fa-98586bc55225
1995,1995,R.A.W / The Original R.A.W,Feelin (MC Jay-J remix) / Annihilation of a Soundboy,986dbf12-1f4a-4a62-86f6-77c0d4648073
1995,1995-12-25,R.E.M.,1995 Fanclub Single,9efde1e0-8646-3eb3-a81f-38a11546b8c4
1995,1995-01-23,R.E.M.,Crush With Eyeliner,01b02ca6-ec57-3dc5-88ac-75f13528c5d1
1995,1995-10,R.E.M.,Songs That Are Live,f5cdc3cf-4197-3ce9-9bfa-7134db709bd9
1995,1995-03,R.E.M.,Star 69,2bfeccde-7953-452f-8551-a6ea0c8b65ea
1995,1995,R.Hawtin,Call It What You Want!,dcd9663a-212e-3e14-962f-2e276aaa908d
1995,1995,R.N.M.,Jazzy Groove,5fa7ebe7-feee-4549-b0c6-333a855c3d2e
1995,1995,Racer,Kan det være nødvendig å være så sint?,8349f270-ef3e-3865-9eb7-c97b1f4773af
1995,1995,Radic,Mafia Man / Guns Don't Argue (Drum & Bass mix),40774885-3499-4bed-b12e-4a8ce284bdde
1995,1995-05-15,Radiohead,Fake Plastic Trees,78690342-5a02-382c-9778-6b1c3dd741a2
1995,1995-02-27,Radiohead,High & Dry,96838f33-94ec-3d55-9147-f158e2247bf3
1995,1995-08-07,Radiohead,Just,c61da894-4c25-3e7b-a211-cd674f979d9d
1995,1995,Radiohead,Planet Telex,894e8d3c-1258-391e-9455-1d103f114e45
1995,1995,Radiorama,It’s a Lonely Wait,ca9f0609-9837-46de-80a9-8dbe6529c733
1995,1995,Radiorama,Let Me Be,a18c6970-d3ff-4fd5-bc2a-f502202ef41a
1995,1995,Raekwon,Ice Cream / Incarcerated Scarfaces,5c882728-ae09-4e60-aaa4-0ba8b3a8d2cf
1995,1995-06-23,Raekwon feat. Tony Starks (Ghost Face Killer),Criminology / Glaciers of Ice,2ee90c84-6e29-4579-a8a4-a7154556c312
1995,1995,Raf,Sei la più bella del mondo,67b88e64-6ef3-35ea-a5a5-8db541a9c0ce
1995,1995,Raf,Sei la più bella del mondo (Fargetta remix),32a1c35f-c191-4edb-8706-eb46801dd725
1995,1995,Raga Rockers,Ole og Ali,96d3f3c9-ce42-4016-9a1e-d8249b5b9b56
1995,1995,Rage,My Cryings Done,73d8dca8-2d9b-4327-8c1e-34149e687413
1995,1995,Rage,The Crawling Chaos,00928e8d-c374-42e2-9f0c-4197b407f7a8
1995,1995,Rage Against the Machine,Year of the Boomerang,74160370-0a09-4045-b5da-51fb676ac322
1995,1995,Ragga 2 Sunshine,Sunshine Love,d183bd23-4c35-4175-ae56-5f45ad2ca9c3
1995,1995,Raggadeath,One Life,2f2cc2f5-ccf8-4588-8ebf-b3c0eb4fbf43
1995,1995,Raggasonic,J'entends parler,92617297-bd0c-474b-b036-79c7da905264
1995,1995,Raggasonic feat. Suprême NTM,Aiguisé comme une lame,36602b0e-e1db-420a-904f-8a4a03288544
1995,1995-07,Rail,Immune Deficiency,6cab1752-32ae-37dd-8467-61b2b4b8c943
1995,1995,Rain Still Falls,Fence / Satisfactory Free Idea,c6360896-1ef0-4126-b2ef-5d6c9326e9af
1995,1995,Rainhard Fendrich,Handyman,17ae305b-c562-435c-a6a2-c7ccf46d5da7
1995,1995,Rainhard Fendrich,Macho Macho (Flamenco Version),db310fb8-2e07-4dac-aaa5-2646c82bbac7
1995,1995,Ramirez,Baraonda,384dda57-eb76-48ab-87c8-a977af83f7ed
1995,1995,Ramleh,Night Hair Child,42871569-4d84-4db8-ac3d-c040c29fc8e2
1995,1995-07,Rammstein,Du riechst so gut,4f8445b1-53a6-3484-a005-fe736897b73e
1995,1995,Ramones,I Don't Want to Grow Up,47eebeee-eadc-4191-a155-e4cc33cfd6d5
1995,1995,Ramos & Sunset Regime,Tribal Chant / Forever Young,5f9ba395-e879-3f34-852f-0dbb660d71ee
1995,1995,Rancid,Ruby Soho,e2123ac3-2708-346d-9189-62fe2ddf33bb
1995,1995-11-01,Rancid,Time Bomb,e995afed-b749-3f72-989a-0328b5ba6ab8
1995,1995,Randy Bush,Elevation,e2520bcb-ce5c-417d-b656-99ce340b45e0
1995,1995,Randy Crawford,Give Me the Night,b50690d2-877d-3ecb-b279-a9c505ac18ab
1995,1995,Randy Newman,Can't Keep a Good Man Down,5cee743b-d765-4d07-ba81-86824ffaf9c0
1995,1995,Randy Newman,Happy Ending,cf5b2132-5add-4a8d-9542-e759e90928a1
1995,1995,Randy Newman,You’ve Got a Friend in Me,4afb4342-5032-4121-9af6-255dd629a4a2
1995,1995-03-14,Raphael Saadiq,Ask of You,47656309-9f05-4f4e-bf61-20d18b8f9b6b
1995,1995,Raphael Saadiq,Ask Of You (Dallas Austin Remix),a698bee6-75ef-4c0e-b87a-efd81a6c80f9
1995,1995,Rappin’ 4‐Tay,I’ll Be Around,0b39e13f-f265-4fc1-bff6-907fa5a47e12
1995,1995,Rasthof Dachau,In der Strafkolonie,30008cc8-efdc-4947-939e-dc43c42c4457
1995,1995,Rat of Doom,Before the Breakdown,ffc8cf4f-fdf0-4300-bdc3-1a06d9912e83
1995,1995,Rave Club,Marmor Stein und Eisen bricht,02242b37-c113-4b2f-b3ad-9ca62ec33709
1995,1995,Rave Nation,Going Crazy,80642ac1-8683-4de7-8fd7-8adc30aa90e0
1995,1995,Rave Over Beethoven,"Moonlight Sonata (Piano Sonata No. 14, Op. 27 No. 2)",db45e2fb-e30c-3711-809b-06c3eed055e2
1995,1995,Rave-o-lution,Falling in Love,79008e6c-d8e7-36b8-9924-992955c8b6d4
1995,1995,Ravelab,Seeing Is Believing,ed2b8c12-7731-499a-b88f-d8fa9bcaf139
1995,1995,Raven,Rehearsal I,68b05ea3-9810-4c64-93a9-3edd39eed2dd
1995,1995,Raver Dave feat. Katja O'Kay,Ich Will Sex (Rave remix '95),dc61ea92-8d1e-4426-9aba-75af733f65e1
1995,1995,Raver's Nature,Stop Scratchin',6295b554-104f-4a26-8012-d9676e55638e
1995,1995,Ravers United,Skandal im Sperrbezirk,57706c18-0106-4019-8c41-24aeb3ca81e5
1995,1995,Ravers World,Paradise of Rave,eafdff95-8a63-3ea1-b487-ba5d72d7734a
1995,1995,Raver’s Nature,Bring Me Noise!,b0a2f01f-4398-49b7-b573-be772bbbc9f4
1995,1995,Raver’s Nature,Take Off!,97247729-a8ed-3c10-ab89-4f790ddb7260
1995,1995,Raver’s Nature,Take Off! The Remixes,780572dc-cf1b-37b1-bf39-4816ebb06a92
1995,1995,Ravewizards,Trip To Raveland,5efc10c5-2afc-4dd4-b43c-2a35b13033b6
1995,1995,Raving Star,Raving Star,6f9f9251-d2d2-4328-9280-143f489885cc
1995,1995,Raw Produce,Cycles / Make A Mark,cf45ad21-499e-4e23-aaf4-144780c44e33
1995,1995-10-25,RAZZ MA TAZZ,Season Train,d71d9241-3838-4589-988c-3ec805a3c3ef
1995,1995-09-21,RAZZ MA TAZZ,夜明け/素敵な君,d2b3a035-9924-4a79-968c-1d7900213132
1995,1995,RBL Posse,Bluebird / Funkdafied / Don't Give Me No Bammer,331e98da-5208-49c2-b479-ac627b939f37
1995,1995,Re-O-Do feat. CCR,Three Four Give Me More - DaDaDa,00605eca-16f6-4af0-9b56-3bd79220930c
1995,1995,Reagenzclaas,Reagenzclaas,86630239-3a55-41db-a3a1-5b3ae47c093c
1995,1995,Real Joy,La Danse d’Hélène,c25c8534-ee9c-355c-8fdb-6df8fd714f48
1995,1995,Real McCoy,Automatic Lover '95,48baf847-5d5e-44ff-a661-1c0de523be02
1995,1995,Real McCoy,Come and Get Your Love,c847db4e-ad0c-42a1-bef0-2125476a9966
1995,1995-04-14,Real McCoy,Love & Devotion,347a2ce0-5ea4-43a0-99a9-3340246ca032
1995,1995,Real McCoy,Love & Devotion,77646c80-df37-44ee-a7ee-2082b405d498
1995,1995,Real McCoy,Sleeping With an Angel,f1e46dfc-9063-3d4e-902b-4ac8cda7c3b2
1995,1995,Realistic,Welcome To The Beat,3f76a029-a04f-40d6-a781-26af8277a084
1995,1995-09-16,"Reba McEntire&Martina McBride, Linda Davis & Trisha Yearwood",On My Own,e7377f8a-692d-4b83-b9a0-c48c248b71aa
1995,1995,Rebeca,Mas Que Un Engaño,1f9573e5-b0b6-48f4-9114-c226d798630b
1995,1995,Recall,Go On,53c6cfc7-8de9-4b45-b2b8-b8739bd13f34
1995,1995,Reciprok,Balance-toi,ab4432c2-c876-3bd4-9f70-0b8b4cdf0d4e
1995,1995-01-09,Recycler,Do The Narrhalla Dance,7a55a3ba-71bd-4b4c-bb29-45763a4eecf1
1995,1995,Red 5,Mister Universe,b500e179-c838-3545-a555-c25e8e8448b2
1995,1995,Red Dye No. 5,Fuzzbomb,60b97f68-8e37-43d7-829c-743de6b768ef
1995,1995,Red Eye,Special Delivery to My Heart / Reservoir,e99fec2c-f549-4717-a7a0-012a6c28435c
1995,1995,Red Hot Chili Peppers,My Friends,7585d853-262f-301b-a351-d8e171b5e3fa
1995,1995,Red Hot Chili Peppers,Warped,433546be-2498-3573-8b5c-492ddf009338
1995,1995,Red House Painters,Summer Dress,d90ceb4a-a2b5-42c0-8aec-679472b1d096
1995,1995,Red Light,Get Up / Sensi,7ab4c24e-f27d-4059-aa8d-89b9e7dfa0ed
1995,1995,Red Light,Selekta / Hunt & Seek,44ab8f4e-7c0b-4336-af40-c1d49251e442
1995,1995,Red Light,The Remix / Killer Sound Boy Nitty Gritty,3fe74f1b-d6aa-4d65-b3b9-7cc260685b5d
1995,1995,Red Peters,Holy Shit!... It's Christmas,34d311fb-c01a-4a79-8687-0b7b9d526890
1995,1995-09-26,Red Red Meat,Oxtail,e6d2429c-ff68-4931-aff9-3a684966683b
1995,1995,Red Stars Theory,Castle Rock b/w Slow Curve,107ea5c8-2f93-43e3-b52f-2cd2583b3f06
1995,1995,Red Velvet Featuring Jenny Bee,Lady Don’t Cry,b5156a41-8c2e-4095-9630-f4d9978cc593
1995,1995,Redeye,Luck Spray,0ba522eb-494c-4e38-b356-234843928835
1995,1995,Redeye,Resort Annexia,cd2f33d9-0976-417e-b0b2-7b6223c54f5e
1995,1995-05-22,REDIEAN;MODE,愛シキレズ 憎ミキレズ,54746f4f-9336-44ed-bda0-8c6ce2b30750
1995,1995-02-22,REDIEAN;MODE,遥かなる哀しみの果て,ed352761-f7a3-47f1-8551-2c49035b2dd8
1995,1995-02-07,Redman,Can’t Wait,f2b95340-47c8-4b3a-9e86-45476fa93858
1995,1995-03-15,Rednex,Cotton Eye Joe: The Armand van Helden U.S. Remixes,4707acc0-570b-4696-aaa5-bbfc4bf5b978
1995,1995,Rednex,Rolling Home,1d62553d-bc21-4018-8f6b-091d91f830cd
1995,1995,Rednex,Wild 'n Free,783efd0a-d4ef-410b-8efc-29ae71489b67
1995,1995-04-10,Rednex,Wish You Were Here,a948f82d-3eaf-371f-bee3-185c1f97bc30
1995,1995-04-03,Reef,Good Feeling,e09e925e-8aa5-4fe5-9cd6-c2b671db0f14
1995,1995-05-22,Reef,Naked,d078f1a7-b7f2-3272-ba33-e16cf2997a11
1995,1995-07-24,Reef,Weird,e5f1ecc6-7878-4dfa-9401-64d8b27b3796
1995,1995-03-20,Reel 2 Real feat. The Mad Stuntman,Conway,09ef1681-7749-3afd-a425-cf1878e1abf2
1995,1995,Reflection,Float Aquaria / Space Map Of The Night Sky,f37d2118-cd04-4f61-ad0f-b36fcbb773e5
1995,1995,Reflection,The Wall With Paintings / Flowers For The Moonlight,3819d1b1-0848-437e-a47e-87a1df421978
1995,1995,Regina Thoss,Es wär so schön mal wieder was von dir zu hören,2894980a-af11-4f26-8074-6f45a03454b0
1995,1995,Regina Thoss,Mit viel Gefühl und Phantasie,d1234c63-a2b9-48c2-a970-81a1ff37a221
1995,1995-06-01,Regnant,Inicios,5bae5ec0-50aa-41e1-bcce-7fb74170227d
1995,1995-11-05,Rei,Just believe: ストリートファイターII V/春麗のテーマ,033037a0-2ba9-4a5d-8a8d-11ff304f9544
1995,1995,Reinhard Mey,Ich liebe meine Küche,06f240bc-5fc1-4f32-8724-ee8a406920a1
1995,1995-04-24,Rejuvination,Don't Forget Who You Are,cdb2cda2-6f31-37b8-a5dc-82da6e267fe1
1995,1995,Relax,"Amore, Amore, Amore",1327a21b-1165-42ce-bf00-a2f266a78c5b
1995,1995,Relax,I bin so gern bei dir,df389103-fc8f-4f1b-909e-a3c1dee1e1a0
1995,1995,Relax,Nur bei dir,20a4f6d8-7e3b-41b5-9b61-a5ebacb677d4
1995,1995,Remarc,R.I.P.,0bc8abd4-6372-4c16-856a-114c05d95662
1995,1995,Remarc,R.I.P. / Ice Cream & Syrup,0556a7ff-3473-416d-aedf-f76cf00515c0
1995,1995,Remedy,In Absurdum,00130cdc-bf61-3752-abf8-899edf8d9ee5
1995,1995-09-28,REMIGE,Stay With Me -ORIGINAL VERSION-,88d59ca6-2e41-4bd0-8d08-1b7ecd7dcf5a
1995,1995,Remon,Runaway,a78295cb-1a64-4179-bb6b-852bd8081c91
1995,1995,Remy Zero,Temenos (Here Come the Shakes),c37787a2-cd11-47ac-9176-eb9ff7d9f703
1995,1995,Ren & Stimpy,I Wanna Be a DJ,874dcb22-6a1c-4e96-ae3e-ef2e979db4e9
1995,1995,Renaud,Son bleu,90c38806-1829-4c73-923d-2a45b16ac0cb
1995,1995,Renaud Hantson,Si tu te bats,fc336cf5-e26b-4ed3-bc23-cbab1291d00e
1995,1995,Renegade Soundwave,Brixton,95a56bbc-be15-4a10-bfbd-436d9f1275f2
1995,1995,Renegade Soundwave,Positive ID,f5c6ef33-6a58-4f3c-b629-5d5cfff98f27
1995,1995,Renick & Night People,Take Me Tonight,9ec82c56-f826-4a97-87c1-c4389d4e6cb6
1995,1995-04-01,Reno,Mental Disturbance,4a8d417d-8482-472b-871b-0988701c0cac
1995,1995,René Froger & Friends,You've Got a Friend,df679631-ad6e-48e8-b424-0ad3c4997823
1995,1995,Renée de Haan,De man in m’n leven / Angst voor de liefde,e2679b07-4b4f-4138-8668-e5d544484ccc
1995,1995,Renée de Haan,Want in die zomernacht / Ik ben Renée uit ’t café,cf644f0c-8703-403d-a28d-4ea6eae837cf
1995,1995,Repercussions,Promise Me Nothing,60653e06-4920-4c0d-95f9-1de1a5f5efd5
1995,1995,Req,Req's Garden,73993d66-4089-3c16-b05d-2812777c5440
1995,1995,Resistance D,Echoplexing,f1220eba-7fe9-43de-abed-55462fefd4fa
1995,1995,Revelino,Don't Lead Me Down,faae91b4-182d-424f-a9bc-0795481413ba
1995,1995,Reverb,Down Tonight,3a2f97b7-ea44-4aec-ba71-3ca515777e80
1995,1995,Reverb,The Man Who Came Back,58119a25-6a0e-4d04-8fa3-eabdd19a0d50
1995,1995-10-27,Revil O,Little Little,4a5eec64-addf-4fad-b67f-eff6b364ad73
1995,1995,Rex Gildo,"Sag, hast du heut schon mal gelebt",c75d3a8a-e4cd-4adb-bfcd-ce2530a69a32
1995,1995,Rex und seine Freunde,Jingle Bells,515254cf-6cc2-4a38-b89e-d65d2a44c401
1995,1995,Rexanthony,Capturing Matrix,2b6969ce-a810-43b7-b2e8-27d058a82782
1995,1995-12,Rexanthony,Polaris Dream,a384ab7f-32e4-4173-9cbf-98a51b1602e6
1995,1995,Reyhan Karaca,Gölge Çiçeği (Soundtrack),fc9595fc-c4d3-4073-bae0-77e75110e671
1995,1995,Rhett Akins,I Brake for Brunettes,53c04ff5-6dee-45c8-b8ff-f17321b110d2
1995,1995,Rhythm For Reasons,DJ SS Remixes,01c0ed2d-7df3-47c4-aded-081b95b6688e
1995,1995-09-15,Rhythm of Space,The Sky Fell In,60b60ed8-95da-384c-9cff-4475a6370774
1995,1995,Rica Featuring Rami,Find My Own Way,0ae2e7ba-3357-499f-822a-9592d6488b6c
1995,1995,Ricardo Villalobos,The Contempt,374eb304-a103-3103-8356-16c0e636578c
1995,1995,Riccardo Cocciante,Notre histoire,d750e545-b539-4962-bdc0-f66aee4508f1
1995,1995,Richard Hell,Go Now,aae1195d-6c39-4378-bf08-d341d1afbb43
1995,1995,Richard Souther,Vision: The Music of Hildegard von Bingen,a9aaae48-79fa-38ea-92e5-51dbc83070b1
1995,1995,"Richard Strauss; Czech Philharmonic, Zdeněk Košler","Eine Alpensinfonie, op. 64, Trv 233 (Live)",132fd8f8-0135-4f6b-9b14-eae02f045d72
1995,1995,Richie Whizz,Song of Angels / Get a Life,000a0325-9a98-4a8c-806a-600ff6dd945c
1995,1995-10-15,Rick Sanford,33.3,94a17ad6-04dc-41dd-96cb-2247c06adb64
1995,1995-06-01,Rick Wakeman,Welcome a Star,e3c90dd9-048e-48aa-b984-e49ea558ecc2
1995,1995,Ricky K,Bass In Yer Face,da93ce3a-8a42-4246-88d6-3db5a66e784a
1995,1995,Ricky Martin,"(Un, dos, tres) María",9454ce98-aec9-3a39-93aa-d56a2b7f4cce
1995,1995,Rico,On s'la donne,7adb55a8-b7eb-4165-8905-4bebd10ccc06
1995,1995,Rico,Rub a Dub Style,93ae3e00-840d-4eac-ac33-3f285c4fad5c
1995,1995,Ricochet,Daddy’s Money,376f9528-066a-41ea-9467-58be48bd5f69
1995,1995,Ridley Don,The Terrestrial / Extra Terrestrial,978338e8-4326-4b7d-ad2a-8c8e4d924e57
1995,1995,Right Said Fred,Living on a Dream,d070be29-ee3e-44df-ba12-9889cfa2f453
1995,1995,Rike Philipp,Ich träum mich,bc378e40-308f-470c-bc3f-24c2710c3fb1
1995,1995-12-01,Rim Shot,Everybody on the Floor,b155643f-08e9-4e80-85ae-0cc9d4c7aa83
1995,1995,Rini Valentijn,Wat is de waarde van het leven?,0cdfc934-fe05-43d6-bba9-978c6f60f7a8
1995,1995,RinneRadio,Aromaa Alt,b9912808-5776-49a3-a9e5-7ca0014bcee7
1995,1995,Rio Bravo,Thank God I’m a Country Boy,0236a5ba-8b8e-483b-a4f2-0cbc07b57ebe
1995,1995,Rio Bravo,Thank God I’m a Country Boy Remix,919a04f5-910b-4d14-8045-95615f54b296
1995,1995,Rio Reiser,Strasse,8adf160b-bbde-4ad4-9246-a37ee9d326d7
1995,1995,Ripe,Good Inside,d4dd7c49-8368-4842-8658-158d0c3797ef
1995,1995,Rise & Shine,Hungry Animal,4bff0a88-70e5-45fd-8120-1a9502b8246f
1995,1995,Rise & Shine II,Body Movement,5e585ff9-2b0b-47e0-9943-8defe4fc2d4d
1995,1995-06-26,Rise and Fall of a Decade,Mistake,9fc2883d-9346-4aff-91fb-8ba5a3fb8dc8
1995,1995,Rit-Mik,2night,d421f4da-7997-43d0-b41a-d3f8927f8c62
1995,1995-04-10,Ritmo de Vida,Havara,34ec1f1c-6e42-33f3-87a1-d48fe56a8f2b
1995,1995-10-13,Ritmo de Vida,The Spirit Is Justified,192d3944-fc28-333a-bbd9-81cf743c9a6b
1995,1995,Ritmo Ritmo,Ritmo Ritmo,c68ea475-8610-4f1c-a7f1-40b6d8dc0c59
1995,1995,Riverdales,Back to You,52eea625-ccf7-430b-af62-e5d2dd7247d4
1995,1995,Riverdales,Fun Tonight,8c649c00-917c-496e-a863-df2041a2c4f8
1995,1995,Riverside People,Fantasy Dancing,47b70235-018f-4e65-a434-b104ab0cd9a9
1995,1995,Riviera Splash,I Love Paris,d6cdc56a-0109-4c65-bdb5-b37a82b82a8f
1995,1995,Rix-Thyna,Another Illusion,0ef592a1-34a5-4bd9-a6bc-ce9df55cc9c1
1995,1995-07-24,Rizzo,Housework,9b51dc29-94e0-416f-9730-5460824b5b89
1995,1995,Rizzo,Keep Ya Head On / Tick Tock,a47d8d0b-13da-4062-b685-83f625905bea
1995,1995,RMB,Experience (Follow Me),5c07fec6-c22b-3e2b-8a0b-ff3c69019d66
1995,1995,RMB,Love Is An Ocean,25673e77-e8e1-31be-ae69-71d196b94025
1995,1995-11,RMB,Passport to Heaven,c703a7b8-269e-35e0-8b8c-b69f15302318
1995,1995,Roach Motel,Work 2 Doo,f7b9280e-5589-3669-becf-e970ef49ed7a
1995,1995-03,Roachford,I Know You Don’t Love Me,d9dec2bc-78fe-42c5-a6c9-67f026bc6141
1995,1995,Roadrunners,L.A. Party,008b9dad-1cf4-4c5e-b35c-f0b6aeeb0174
1995,1995,Roadrunners,Macadam River,ec26b0ea-c6b9-48bf-890e-c3ef2aacf7b3
1995,1995-10,Rob Aitken,Special,dccd561d-84e4-472c-bb2f-6ab2258f4e42
1995,1995,Rob Crosby,Lady's Man,87e513ca-7dfc-48a1-9952-923940da11f2
1995,1995-02,Rob Dougan,Clubbed to Death,f3292d0e-8e4f-351d-b946-baad70df6b31
1995,1995,Rob Dougan,Hard Times,7ae738ba-9129-4042-8993-b374ae95d9db
1995,1995,Rob Janszen,Wie ben jij?,2659b41f-7a34-40e2-8ef5-01ed6fdc8087
1995,1995,Rob ’n’ Raz feat. D-Flex,Mona Lisa,e20a7125-b14f-49dc-ac4e-a32cf6b67776
1995,1995,Robben Ford & The Blue Line,Rugged Road,9a359127-49c4-41ed-981a-a3e148d7d92d
1995,1995,Robbie Robertson & The Red Road Ensemble,The Vanishing Breed,04353870-1110-4f4d-89ff-980356799f1a
1995,1995,Robby & the Splash,I Can’t Get Over You,d326a11a-ae1a-48fc-8448-55d5171cc92b
1995,1995,Robert Hood,Master Builder,ea763a63-2275-4683-a89d-aff7d018ab18
1995,1995-08,Robert Miles,Children,8bbe679e-7558-31c5-893f-40ea263b7b0d
1995,1995,Robert Miles,Red Zone,f2be92da-cd38-485e-ba79-6ec1fa0e6d24
1995,1995,Robert Palmer,Respect Yourself,bf5d1880-a842-4849-9625-f92b496300c3
1995,1995,Robotnico,Can You Feel The Beat,334c0e58-9af5-4b1d-abd7-b40e8fb35500
1995,1995,Robotnico II,Backtired (Remix),d7701b3b-ea70-4054-abd6-d03f6d237b01
1995,1995-10-01,Robson & Jerome,I Believe,9a4b7a5e-0cf0-3784-b1b4-27c47bd9b8a8
1995,1995,Robson Green & Jerome Flynn,Unchained Melody / White Cliffs of Dover,6e4f2a9b-fbb7-40b2-a969-084efcc612e0
1995,1995,Robyn,Do You Know (What It Takes),6c17d1c9-cb60-30b9-80a9-e38213b8ac27
1995,1995,Robyn,Do You Really Want Me (Show Respect),a3d5deb3-995a-4c16-bd03-38139d7d3f41
1995,1995,Robyn Hitchcock,I Something You,e51f2a86-0036-44e0-ac7b-6de19e95f40c
1995,1995-04-24,ROC&KATO,Alright,583d1e95-6265-4327-a2ce-e14acf0b797e
1995,1995,Rochelle,Think Twice,f91c0cbc-b274-34f7-9730-5cc316415c65
1995,1995-08-14,Rochelle Fleming,Suffer (The Consequences),72bfcfaa-14f2-4d42-a1de-e9ff01d640e5
1995,1995,Rock Band No. 47,New Boyfriend,4424e640-f079-4867-8793-d99fe5859c76
1995,1995,Rockers Hi‐Fi,What a Life!,50076fcc-7882-49f8-b6ba-9fcd05174da8
1995,1995,Rocket From the Crypt,I Flame You,0c12a6be-2dff-47e8-b0d9-e11d709632f3
1995,1995,Rocket From the Crypt,Tattoo,9b9d9f69-9624-4542-838c-524c79480d15
1995,1995,Rocketship,"Honey, I Need You / She's Gonna Make Me Cry",ba2a3476-e6dc-4de0-a510-5d24d88ac614
1995,1995-08-04,Rod Stewart,Lady Luck,4fec4fb1-9b06-44c5-a9c7-c3b0493f1ab3
1995,1995,Rod Stewart,You’re the Star,66e7d82b-e80f-4214-b7b2-a326a1921890
1995,1995,Rodd-Y-Ler,Mission Fulfilled,43a1818b-facb-4d5b-ab22-95bfbc507c27
1995,1995,Rodg,Always / Mobbin',6748e896-8f09-4b5d-b88d-5e00bd385b83
1995,1995,Roel Butzen,Railroad,c037b072-eb5d-416f-9ffc-86040e75ba7e
1995,1995,Roel Meelkop,1 (Veramente morto),13f6e31b-0ff7-43d4-99e0-493bf6b48ffb
1995,1995,Roger Johnson,Walk Of Life / The Drifter,95a1615b-e573-4fcf-883f-87b8e02e43ea
1995,1995,Rogue Unit Vs The Dream Team,Good to U (Rogue Unit mix) / Good to U (Dream Team mix),5a24810d-3322-4559-93ca-87de20813762
1995,1995,Roland Kaiser,Alles was du willst,03c2b0cd-416b-4755-a702-705efd403fc6
1995,1995,Roland Klinkenberg,Solartrek,38d8dda4-0d42-4d87-ab0e-9e8568fc05a3
1995,1995,Rolf Herricht & Hans‐Joachim Preil / Jürgen Walter,3 Hits von JPM Berlin,b0bff53a-daff-4508-8a8a-5b9097e5251b
1995,1995-08-25,ROLL DAYS,プラスティック・サマー,fd1fde4d-debb-4a87-8e01-4405a8636afd
1995,1995,Rollers Instinct,Haze / Mid Town Method,8f0f5177-f1cf-38be-8233-8018bfb9add7
1995,1995,Rollin’ Rocks,I’m Sittin’ on Top of the World,d85d267d-9ffc-4b0d-82b7-f538117b2e9b
1995,1995,Rollo Goes Mystic,"Love, Love, Love - Here I Come",537c9eb0-6b77-32e4-9b4d-58cf81527022
1995,1995,Roman Photo,Sounds of Summer,04b8c7f6-cece-3f00-9195-06b9dfb04c28
1995,1995-05-30,Romance for~,楽園への回帰 The quest for the Grail,be6a8488-4931-4f04-a7f1-863804d3bd6b
1995,1995,Romanthony presents Eve Angel,It’s Not the Same,bc17d428-68b7-4f33-bca6-31773f067062
1995,1995,Romanthony presents Lifestyles,Trust,148ae086-8f29-4108-b5f6-34503fdc99e8
1995,1995,Romeo,Two Tears From A Broken Heart,7ccc74fe-7864-44dc-b62e-f14b731f8604
1995,1995,Romy-Dee,Expensive and Dear,5fd62f98-dcb6-41fb-8c69-0dd46f42c3f7
1995,1995,Ron Schneiderman,The Complete Recordings 1995,94edaff8-5710-45db-9c58-52735a923cc4
1995,1995,Ron Tom,Gi' Me da Weed / Pirates,3d4d0cbc-ec7c-4d67-a634-69b473aa4240
1995,1995,Ron Trent & Chez Damier / The Collective,"The Language 12""",cb3d54df-6b6b-461a-a749-852fdedb9eb2
1995,1995,Rona Da Lár,Somebody / B-Rotation,84518d07-9ad8-4c4d-aa10-2016515f6db2
1995,1995,Ronald,Goeiesmorgens allemaal!,2434783c-ab3e-4d8e-a4ca-777c233dcdaa
1995,1995,"Ronald, Peter Beense, ’t Ajax koor","Ay, ay, ay Ajax / Ajax en de Champions Leaque",23674de2-38f1-4737-85aa-e04274c84dd4
1995,1995,Roni Size,All the Crew 'Big Up' (95 lick) / It's a Jazz Thing (Ladies mix),c3915421-e7fc-46a5-85d6-0be18c00e4f8
1995,1995,Roni Size,Fashion / Fresh (remix),ce1f6c90-8ffa-4a29-baa8-e93eabc9d72c
1995,1995,Roni Size,Fashion / Step Up,4c2afead-0965-44fe-87a8-30b601313905
1995,1995,Roni Size,Timestretch / Phizical,1eb5ead2-2da0-3f70-b431-0bc94270d84d
1995,1995,Roni Size & DJ Die,11:55,8e4b4370-44af-3699-9078-6e12cb497004
1995,1995,Roni Size & Krust,Selektor Bwoy,28a004bf-1e82-4eea-b913-1b01149a51d9
1995,1995,Roni Size / DJ Krust,A Touch of Daylight,f8189800-681f-308a-9674-b18a7d62e5f4
1995,1995,Roni Size / London's Most Wanted,Sexy Girl / Girls Dem Want It,374de58d-eaf5-41a0-8e82-335ba38a5992
1995,1995,Roni Size / Ray Keith,Phyzical (Vintage Remix) / Rinse,ead82933-d225-44b4-9b68-c5547afc996b
1995,1995,Ronnie Rocket + The Burning Chrome,Girl with the MirrorShades,3b505b6e-9f9f-473b-ae80-e943e4ebbfbd
1995,1995,Ronny Depp & Ramblin’ Minds,Jämna plågor,323650cf-f965-4714-aaa3-6fc1a70eaab9
1995,1995,Ronny Money featuring Jeffrey Jey,Don’t You Know (The Devil’s Smiling),361bd0de-29b9-4c62-85e0-72dd9eb38e7a
1995,1995,Room 42,The Rhythm Of Life,c9742878-977d-45e0-9d83-3fe9f6e50608
1995,1995,Roos,Dit gaat nooit meer voorbij,66e86bde-3295-4598-951d-643e96015fb1
1995,1995,Roos,Ga niet naar de stad / Ode aan tante Leen,2a0a5a25-0552-480c-8f83-f085bce8a195
1995,1995,Roosevelt's Inaugural Parade,Roosevelt's Inaugural Parade,d40544e9-015e-3054-9c15-e114bcf25fae
1995,1995-09-18,Rosenstolz,Lachen,19b25c1a-cd04-3c0a-8261-8d662d1fb052
1995,1995-02-20,Rosenstolz,Mittwoch is' er fällig,07b97ccc-41fc-4620-96ec-ececec36b1bb
1995,1995,Rosie Gaines,I Want U,4e799429-70db-4d7f-a81d-4dba54831ad3
1995,1995,Rotation,Let The Music Play,42cd95a5-18da-495b-beeb-e97e0c90def1
1995,1995-07-05,ROUAGE,理想郷,0052a7d2-8c61-4684-b26b-ec8f4870e12b
1995,1995,Round Head & Jason Sweetness / Judah,Rude Boy Don't Live Long / Trouble at Home,100b71fd-eec3-44ed-9d58-0c44d31b54f8
1995,1995,Round Two,New Day,95bcff87-0ae2-39f3-9de1-c31c3fd73254
1995,1995,Roxanne,Stand by Me,0fcc51ae-7766-4ea2-b252-fdd252543543
1995,1995,Roxette,She Doesn’t Live Here Anymore,b3172d6f-a75f-4a7a-a621-d10d29307810
1995,1995-11-13,Roxette,The Look ’95,11f5d00f-0653-35a3-bbeb-1be189fd9a6d
1995,1995-02-23,Roxette,Vulnerable,c403dd8d-b077-3129-92ab-e0e9eb902e35
1995,1995-10-02,Roxette,You Don’t Understand Me,360d93f9-c9e6-4cff-a70d-a47c82f102bb
1995,1995,Roxxy,I'll Never Stop,bf7c2acb-3edc-41ea-95c3-786359363396
1995,1995,Roxxy,We Can Touch The Sky,5f9e3806-666e-4245-8fac-045d32aed3e0
1995,1995,Royal Beat,Crazy Pipes,581f0f4c-33c7-478c-9766-cc055e239704
1995,1995,Royal Trux,Map of the City,5b563adb-e0d8-4bfa-96a4-5d3f16e05a38
1995,1995-05-25,Royal Trux,You’re Gonna Lose,b355325b-ed41-44ba-9abc-299b396045b3
1995,1995,Rozalla,Baby,a5d27b44-be3e-32fc-aaa0-0037a960e31f
1995,1995-09-16,Rozalla,Losing My Religion,02cb4812-e05e-46a0-bb11-4a6ab4a2d812
1995,1995,Rozlyne Clarke,Knockin' Me Out,4333d078-e972-410d-9334-e2f57ac4ef17
1995,1995,Rozlyne Clarke,Take My Hand,31489e85-8e99-479e-b3ed-1514344944d3
1995,1995,Rozzo,Zorro,33a2487d-0c90-4b5e-b414-99f25dcbd6c8
1995,1995-12,Ro‐Cee,Gettin' All Da' Babes,9163c952-16e7-390f-af2f-a3ef2a7c9684
1995,1995,RRR,Rendezvous / Chat,41046afa-f097-4319-971d-ba4e08b2e1ee
1995,1995,Ru-Rapente,Rising Rissol,6296b528-c2c9-4f86-9dcf-438e0fc6e56c
1995,1995-09-14,Rub Ultra,Brown Box Nitro (Dog's Life),cf50f5d7-6799-4ca3-b4d1-026dc672d32d
1995,1995-11-08,Ruby,Paraffin,291b0422-217a-3f73-b6f3-c8a9b4ce49cf
1995,1995-02-12,Ruby,Tiny Meat,725af63c-9cf7-3069-ad59-53ce1622f006
1995,1995,Ruddy Irie / Steely,Selassie I / West Green,80fff684-df53-4e28-89ee-eab28ab6c3f2
1995,1995,Rude & Deadly,Lightnin and Tunda / Mash Dem Down,4e41d989-66c0-4d6e-8343-9bfa62fc26d2
1995,1995-03-20,Rude Bwoy Monty,Out In Da Streets (Remixes),61834d84-9376-4153-8b81-dea2853fc3a1
1995,1995-10-05,Ruffneck feat. Yavahn,Everybody Be Somebody,84f68866-6476-3e9f-a9ac-556b85617503
1995,1995,Run On,Miscalculation,dbafef56-8b42-453a-9b7c-a0c730069027
1995,1995,Run Tings & Liftin’ Spirits,Come Easy / Invincible,19b31f55-7887-4944-b652-1c13ab91c81a
1995,1995,Runrig,An Ubhal as Àirde (The Highest Apple),a529c165-ffd3-3b6b-8dd8-dab946dd712a
1995,1995,Runrig,Things That Are,1fb5b3f2-5eab-3a2b-9c27-4aab597c1740
1995,1995,RuPaul,Free to Be,5b7c8054-0cf7-3584-9d65-fe00acaf8c82
1995,1995,Rusted Root,Send Me on My Way,a8273745-13d6-3ba5-86c2-b6c1bb482991
1995,1995,Ruth Ruth,Uninvited,98927bc1-1887-3713-988d-eef19f80a380
1995,1995,Ruy Lopez,Ridgevale,46e112c6-8e15-436a-8904-00cdc62c327a
1995,1995,Rye Coalition,New Sheriff in Town,23b1c0e4-fede-3933-9835-9072adfb71e4
1995,1995,S. Jey & Andrew,Let It Roll,3636b479-7a01-4d26-a438-2af80f0998ab
1995,1995,S. Jey & Andrew,Waikiki Night,3d373563-a995-4a6a-8618-9c4df263f7f5
1995,1995,S.A.Y. feat. Pete D. Moore,Winner of the Game,600005e2-6024-44bc-b0c8-ad1a639b1f67
1995,1995,S.O.L.,Gumbayea,9f9fce22-8449-4b02-9d11-27bdd9bd61bb
1995,1995,S.O.S.,Es wird viel passieren: Marienhof,508487ae-3867-35cb-9a79-4fa2b7ed0410
1995,1995-04,S.P.O.C.K,All E.T:s aren't Nice,4cf44b97-9a75-33c6-b9f5-43dfc7616eca
1995,1995,S.U.A.D.,Hidden Strength / 2nd Thoughts,67ef5861-0763-40b2-ac2e-17b8a2114acc
1995,1995,Sabrina Salerno,Angel Boy,ed711613-c091-3cd5-9d90-d85f45ab3115
1995,1995-03,Sabrynaah Pope,Not Gonna Let,d55e796f-28bf-4c73-80a1-0229fd9be3df
1995,1995,Saccoman,Inspiration,849c72af-151f-4513-8b63-d82e97658845
1995,1995,Sacred Sin,Eye M God PromoCD,3c02aff4-252d-4274-b48b-fbea2fe863ef
1995,1995,Sacred Spirit,Wishes of Happiness & Prosperity (Yeha-Noha),8e0f8a93-ad5d-4756-bfe7-d50c69bc3cd7
1995,1995,Sadden & DJ Guille,Con Su Blanca Palidez,061183d0-8b33-4e49-a8e2-044a1a56e1e9
1995,1995,Sadistik Exekution,Demon With Wings,b5da5198-985c-4a34-920f-06299b7cc574
1995,1995,Safari Sounds,"Droppin Science, Volume 07",2dc7a944-061b-4ed2-a8fb-1635f2da283c
1995,1995,Safe,Love Is All We Need,7dcf1c53-1802-4aef-b09f-17872d5bde7f
1995,1995,Saigon Kick,Eden,70b7bc0e-65f7-43ac-b93b-6a8331e4c7d3
1995,1995,Saigon Kick,Spanish Rain,64d1f2c7-532f-476d-9f1e-c57526d01616
1995,1995,Sailor Moon,Sailormoon,ef896acc-5156-4ebc-b1ba-10f5f732d2be
1995,1995-10-30,Saint Etienne,He’s on the Phone,e78d9a3f-ab70-3fcd-ad6b-63e6363d3d3f
1995,1995,Sal Da Vinci,Vera,0a9ab3c9-4a27-4920-827c-250e7d16661a
1995,1995,Salad,Drink the Elixir,ae28eb2d-ac42-37df-a165-b3d637ad5298
1995,1995,Salad,Granite Statue,04892059-4b46-3fb5-9bfa-249c57b24a5a
1995,1995,Salad,Motorbike to Heaven,4a638c3a-1dd1-33c6-98b7-600c4b64fd6f
1995,1995-07-24,Salamander,Tempest,b1367680-76a3-3605-8a51-ba671805a0bf
1995,1995,Sally Timms,It Says Here,15c39bb6-8f29-475b-959b-abdaf5b7454e
1995,1995,Salmonblaster,Vroom!!!,a886fbb1-0872-49cd-841b-7708b8359cc5
1995,1995,Salt,Bluster,45326cc9-7d63-34fb-a3f2-4b651dad4936
1995,1995-02-20,Salt City Orchestra,Storm,4489efec-ac11-47a3-8949-cdced758e9e0
1995,1995,"Salt Fish, Ackee&Bakes",The Gunman,5747ce4e-2536-45ee-958b-c538a36a85f3
1995,1995-10-03,Salt‐N‐Pepa,Ain’t Nuthin’ but a She Thing,9e89b209-1034-3d9b-95ec-7fbe7e42afc3
1995,1995,Sam Sever and the Raiders of the Lost Art,What's That Sound?,43d151e1-558a-3184-b9f2-34fefc46a438
1995,1995,Samira Besic,Love Train,402c87db-eff0-49dc-9c98-1c51ebab2d76
1995,1995,Samira Besic /Megatronic,When I Look Into Your Eyes/Into The Fire,4190fd51-ceda-49ea-a12d-462546f83d3a
1995,1995,Sammy,Chili Lite / Kohut (Little Darlings),db044520-c257-4aef-98c3-c1d634fcec82
1995,1995,Samplesonic,Doctor Who Enters the Jungle,d4664c23-64b2-4e7a-a11d-9d4d0deabb7a
1995,1995,Samuli Edelmann,Sinusta lauluni teen,f540188d-4966-4845-b744-ac5723c5347b
1995,1995,Samuli Edelmann,Valoista kirkkain,5bbd81da-b30c-4625-8c59-d57239ac62d4
1995,1995,Samuli Edelmann & Sani,Tuhat yötä,9c9e623e-89ae-48a0-82d3-6e9045ad6165
1995,1995,Sanchez & Triston Palma & Round Head / Beenie Man / Sugar Minot & Judas,Showcase Disco,22ccda4b-0ab9-4439-81be-f5c31cb3273d
1995,1995,Sandman,"Right Here, Right Now",62aea28c-afa8-49a0-ad58-89a94400b4b5
1995,1995,Sandra,Nights in White Satin,ef4190da-d215-30fe-ad39-732da73f08a8
1995,1995,Sandra,Won't Run Away,70c62581-21a7-316f-b7e9-ab01b295723a
1995,1995,Sandra & Sheila,Z'n computertje / Ga nooit met vreemde mannen mee,cad95583-a155-412c-8772-77fb7edaa630
1995,1995,Sandy,Bad Boy,e7af048f-b971-484c-a171-339732dfeb52
1995,1995,Sandy Dirt / The Pastels,Klein International Blue / Guiding Star,553e6caa-a2d7-4d4c-b4e5-821c0a68b8ad
1995,1995-05-19,Sandy Reed,Just Can't Get You Out of My Mind,303b6aab-f28d-4e2d-8801-00060f9c1f0c
1995,1995,Sans Transition,La vieille école,dd7d8db3-2873-451a-8692-ef8c4ace497d
1995,1995,Santos,The Piano,c86cd4b7-134b-4d54-b407-abf32240fd3c
1995,1995,Sara Mandiano,Cool,be17801e-85e8-4a66-8a5f-d63fc04bfc0f
1995,1995,Sara Mandiano,Play,41956fff-d2ee-4969-9f11-480b48c2364b
1995,1995,Sara Parker,My Love Is Deep,83ddea31-9780-3285-b344-7958c20d4ac2
1995,1995-10-06,Sarah Brightman,A Question of Honour,11a39dec-347f-301b-bea1-1229361e8ac8
1995,1995-04-19,Sarah Brightman,Heaven Is Here,211b7443-cf99-3934-9b5e-a6b553de142a
1995,1995-06-23,Sarah McLachlan,I Will Remember You,18198005-85eb-3679-97f2-a3540f9c367d
1995,1995,Sardina,Me and My Arrow,c8969caf-c6a5-46ff-a401-723c0d2a9338
1995,1995,Sargant Fury,Turn The Page,b5e133fe-7b22-4aaa-a4da-93d1662d3e5e
1995,1995,Sascha Fox,I Just Can't Stop,e15302ce-42ad-4a65-bc41-be8f5b59530f
1995,1995,Sator,Even As We Speak,1d521d6c-e021-49f1-ba7d-2a911cdcd240
1995,1995-02-10,Sator,Out of the Void,928db30f-3f15-49d5-9f96-d53f9466d0df
1995,1995,Sator Codex,Final Curtain,0f06cfbb-88d2-4297-81d2-399baeae0edf
1995,1995,Saukrates / Choclair,Father Time / Twenty One Years,92799cc1-c32d-4f28-93be-c5a467df297c
1995,1995,Sauli Lehtonen / Jari Sillanpää,Mun aika mennä on / Lago maggiore,bbde0c1c-2710-40aa-b967-c5cbe86a7a26
1995,1995,Savoy,Velvet,e60b0c31-d7a2-46b7-951b-bdfa893c1c53
1995,1995,Saxon,Dogs of War,c80465c0-dd4e-413a-9a74-877885ef458b
1995,1995-03-01,Scanner,Full Fathom / Above Your Eyes,ed76d701-ecb2-3abc-b0c4-474db15bd3ec
1995,1995,Scape Goat,Unwanted Erection,f73387bb-2894-4d62-85f9-ab08aa00683b
1995,1995,Scarce,Freakshadow,826e9db8-50e2-3e7d-a02c-a77c12747f46
1995,1995,Scarce,Glamourizing Cigarettes,67a3d302-ca0b-3185-b43d-d47d344ccd86
1995,1995,Scarce,Honeysimple,e946cb97-2d0a-32df-96ab-3fcfdc39497a
1995,1995,Scarface,I Seen A Man Die,0bcb6013-bb1e-455c-844f-43dbf8aff9c5
1995,1995-05-15,Scarfo,Skinny,978af26b-4f26-43cf-b469-9157ca5c5229
1995,1995-12-11,Scarfo,Tunnel of Love,a8b35662-cd9d-31e3-ba56-db3af0b92fef
1995,1995-04-29,Scarlet,I Wanna Be Free (To Be With Him),4d37dbea-892e-34bd-b08c-ac35093e14cc
1995,1995,Scarlet,Love Hangover,8420e5e2-57e7-47be-9ff4-38248c5dfcf0
1995,1995-10-21,Scatman John,Scatman’s World,b5718132-8326-35b2-ab40-14db1c907138
1995,1995-09-22,Scatman John,Scatman’s World (remixes),ad0c49af-6d8d-47e6-a07b-1fa7f37469bd
1995,1995,Scatman John,Song of Scatland,d70dff5f-7564-4697-a301-5ec06bdcb218
1995,1995,Schizo,Tones of the Absolute,f782c66e-0613-4cfe-99c9-4cffaa25efc3
1995,1995,Schtum,Skydiver,4812a0c9-1877-30ef-b16b-9e8b4b079a74
1995,1995,Schwester S,Hier kommt die Schwester,4d8f7b86-ed27-4c6b-92f6-09b63d4511f4
1995,1995,Schwester S feat. Rödelheim Hartreim Projekt,Ja klar,663079bb-ec2d-4fd7-bc4e-6008e83c8c4f
1995,1995,Schürzenjäger,Des taugt ma,a846e1ae-f98e-43db-aee7-78a767248c53
1995,1995,Scion,Emerge,4c115319-3f21-3010-94b6-78c5a2793827
1995,1995,Scooby Don't / Boris the Sprinkler,Somebody Please Kill Lenny Kravitz / Ready Steady Go,c419cf42-9634-4a00-9937-c353be7c72ec
1995,1995-12-20,Scooter,Back in Ireland,9a0f355c-00fc-4245-b3e4-fe7d97c62c76
1995,1995-11-14,Scooter,Back in the U.K.,fd0ab966-920b-3571-aba3-f35dfb961e8c
1995,1995-07-26,Scooter,Endless Summer,290ac452-9943-3008-85c5-3b50879a4f48
1995,1995,Scooter,Endless Summer / Hyper Hyper,33201900-9d73-4da8-b474-704b49dd6c4c
1995,1995-04-06,Scooter,Friends,decc6126-dd28-3708-977e-c67377755b2f
1995,1995-03-14,Scooter,Move Your Ass! Remixes,a6a608e3-77bc-3374-bf90-1721a66388fd
1995,1995-09-06,Scooter,Shake That! (Remix),892515e6-b2f2-4523-b423-dc421c12e104
1995,1995,Scorpions,Edge of Time,497e1557-85e1-4be3-8364-3a5631d1d6e7
1995,1995,Scorpions,In Trance (studio / live),a8f47ffd-c0c9-4d82-8b92-fd5300acce27
1995,1995,Scorpions,White Dove,46922bd1-740d-3a81-8f95-a6b8c35f68b7
1995,1995,Scot Project,U (I Got A Feeling),d0df396f-a893-4ddc-9695-161db2438ebe
1995,1995,Scott Brown & DJ Paul,Feel the Music,7b9df1c9-66c8-3a06-95eb-db6f5885f80d
1995,1995-01-01,Scott Brown & DJ Paul Elstak,Smoke This MF,bc0a9bee-8574-47b7-8432-eb76d57a9aa7
1995,1995,Scott Brown versus DJ Rab S,Now Is the Time,2782da23-8323-4eb7-8d43-e5aa97a6f082
1995,1995,Scotty,Milkyway of Love,dd3a866c-a66f-3572-8023-6b135e56c794
1995,1995,Scrawl,Good Under Pressure,d8275a22-8f23-497c-8cb4-78f999536e32
1995,1995,Screamfeeder,Fill Yourself With Music,c2d35862-85d4-3b6a-9a76-f0ccf769a44b
1995,1995,Screamfeeder,Who's Counting? / Sweet Little Oranges,02671757-91dd-3616-9897-91baf57ebc40
1995,1995-08-22,Scud Mountain Boys,Knievel / 1/2 Way,1dc54cee-c865-4a42-aee5-be97194dee00
1995,1995,Seal,Don’t Cry / Prayer for the Dying,b1330924-bcd0-4cc3-b96f-d67df9643843
1995,1995-06-12,Seam,Hey Latasha,de06b565-fdd2-4312-aaf3-30b3923270f4
1995,1995-06-12,Sean Maguire,Now I've Found You,6661a270-db2c-4cfb-a6f8-7874c004884e
1995,1995,Sean Maguire,Suddenly,e250a28c-31d3-4a6f-b185-83f2a425fb79
1995,1995,Seasick Pirates,Little Sad Things,a8b15fae-a34f-4b5d-b398-dbbb50bfaf09
1995,1995,Seaweed,Magic Mountainman,7bf6f418-aecc-4565-bd79-bd2b2c76f4a2
1995,1995,Seaweed,Start With,56658dab-24c0-4c62-b318-3d469b44ed0c
1995,1995,Sebadoh,Not Too Amused / Hank Williams,271c499b-09fc-468e-afd0-feb73e0cf79f
1995,1995-02-14,Sebadoh,Rebound,e05c3243-93be-371c-a237-284d48de3ed2
1995,1995-11-13,Second Child,Disappear,e740fa19-59c7-36c5-b15d-51d9d6a094e7
1995,1995,Secret Alloy,Second Chapter EP,6ce7020f-1e83-4e5f-8aa4-07af8ac23d07
1995,1995,Secret Cinema,Straight Forward,7fa73d7c-c16e-4c64-98c2-b4d5fd63a250
1995,1995,Secret Garden,Nocturne,fa6281bf-7264-4813-9395-480df2908170
1995,1995-06-16,Secret Hero,Control / Freeze Play,dc334888-46a9-40d2-8171-51450836a5ad
1995,1995,Secret Square,Secret Square,38e84d26-04a5-3877-8fee-11aaa3abcc76
1995,1995,Secrets,Secrets Volume I,8f75b5a8-03f3-4f0c-bfbb-121568b46583
1995,1995,Secrets,Secrets Volume II,bf01c528-5658-48c6-b90a-1dd1edf7cdd1
1995,1995,Section X,Galaxians,fffb7ef1-5492-37a0-8ecc-9635a11574ca
1995,1995,Section X,Sector X,36665ee2-e650-4d1a-988f-0a3038d04172
1995,1995,Section X,Space Control / Identify,7264ecc1-335e-4ed7-aad4-89e776f5a573
1995,1995,Sector Sexs,Lås din dörr,7f94e2ac-26c6-4dd9-b673-3b9852714c8a
1995,1995,Secular Mechanism,Disciple,0c969834-2cc1-4f76-a5e7-9b122da30935
1995,1995,See Saw,Everyone Knows This is Not Hot,34999f86-c3b0-4148-bd57-76936ad5d356
1995,1995-02-01,See-Saw,また会えるから,838fd2fc-8f56-469a-95a1-1582d74993d8
1995,1995-06-21,SEEK,Round Trip 〜その手を離さないで〜,298575ca-785c-4169-b11e-dff8fc1695c7
1995,1995,Seigmen,Lament,5f0e609e-7205-365b-bf5f-d476db6bd0da
1995,1995-10,Seigmen,Metropolis,2212f2d1-a0b0-3714-9a3a-059187b0655e
1995,1995,Selena,Dreaming of You,e1903729-d5fa-4032-a878-0fff0089b4e2
1995,1995,Selena,I Could Fall in Love,2269fe87-6578-3b9b-95c9-71a13b2791bc
1995,1995,Selena,I'm Getting Used To You,9847b5f1-76dd-4ede-aaf0-d91e970f828c
1995,1995,Self,Cannon,8f734674-cde5-4cad-8924-f20113e3860c
1995,1995,Self,Stewardess / Borateen,1a80dcb4-47e2-47c9-b1c9-145385a2e1b8
1995,1995-06-12,Selig,Ist es wichtig?,eb68ba7a-bc66-451c-bb32-e975915fb6e2
1995,1995,Selig,Ist es wichtig? Remixes,51b87bcd-6265-3135-ac0b-499556e512ed
1995,1995,Selig,Lass mich rein,e5a4630c-8a49-41e4-bb83-f87b379eb97a
1995,1995,Semisphere,Mindhouse,7b5a6dff-1d99-3f0a-aabe-70c8523c541d
1995,1995-03-17,Senap,Kalla minnen,a7b67256-21f1-30c7-ac74-662d5b23f2e9
1995,1995-10-30,Send Nø Flowers,Send No Flowers EP,c81286fe-f649-4d32-b102-068a8e2dc3a3
1995,1995,Sens Unik,What I've Got,77b6f3a6-1532-4dbb-aebc-cb621ea061b9
1995,1995,Sentinel,Just Can’t Stop / Feel My Love,a480f55d-320a-4cc1-8449-93383d6ef2b7
1995,1995,Sequencial,Realize,eecab4b7-61c3-4067-8967-7bea2db48bf8
1995,1995-07-31,Sequential One,Happy Feelings,851a8b72-1ea0-42b8-9965-5f497de277df
1995,1995-08-28,Sequential One,Happy Feelings (The Remixes),337b5f04-ecd0-4686-b8c3-92c7a1355ee5
1995,1995-03-27,Sequential One,Pump Up The Bass,2a65207c-9a1a-4fb0-8bd5-42a68524caa4
1995,1995-05-29,Sequential One,Pump Up the Bass (Remixes),d23efb8f-b63c-4cd6-994f-ec0c3c6b8d07
1995,1995,Serious Intent,Murda' Ride / Easy Dred,10c44eb4-3c18-4de8-b332-b83bc80ee5de
1995,1995,Serpents,Have Fun,166092aa-812e-4b49-9a52-f74a4b05a039
1995,1995-09-23,Served Chilled,Skunk / Dawn on da Block,341c5233-bccc-4e03-a4b5-1a8e66d14b93
1995,1995,Seven Grand Housing Authority,Love's Got Me High,9fe425a4-57c7-438a-a856-8a71bbdae0eb
1995,1995,Seven Mary Three,Cumbersome,e862bdff-f55b-3131-a6d2-d75fd6432eef
1995,1995,Severed Heads,Heart of the Party,8d642ea4-8490-31cd-a115-6c37b31e6437
1995,1995,Sexepil,Jerusalem,a1750570-a0c0-432d-a5cd-ea190f72b0da
1995,1995,Shabazz the Disciple,Death Be the Penalty,5d2374e0-e3bc-3b51-a8be-7c1494a77069
1995,1995,Shabba Ranks,Let’s Get It On,89d7bf8e-67b1-45a6-8454-dc656148fd66
1995,1995,Shade,One World,dddac6ed-0a4e-483b-885f-a8e93fff8f37
1995,1995,Shades of Love featuring Meli’sa Morgan,Body to Body (Keep in Touch),c2399dca-ddb3-48bc-952f-5b885ca40145
1995,1995,Shades Of Rhythm,Wandering Dragon Pt IV The Return,7b21ac1e-a9ea-45ed-b2b9-485f59395e5c
1995,1995,Shadow Dancers,Silicium Head / Hard Nova,88f15bdf-d7cc-4d80-81b5-f4b28c3eb3e5
1995,1995,Shadows,Sad & Lonely,7bf4945b-a647-4552-95de-50b99228f514
1995,1995,Shaggy,Boombastic,3df7b2b3-0e05-47e6-9d3f-40d9fbba5641
1995,1995-06-27,Shaggy,Boombastic / In the Summertime,4b88c502-1342-36b6-b9b3-9c563eec72d4
1995,1995,Shaggy,In the Summertime,fb1f1965-2620-469d-b34e-6ce503d82e28
1995,1995,Shaggy & Scoobie,You Can Feel It,b8ee5863-2b16-4e68-bd63-3e2e05426698
1995,1995,Shahin & Simon,Do the Right Thing,16c30de6-8b89-38c1-9db3-e499c249e42c
1995,1995-09-26,Shai,Come With Me,618c8fbd-3c55-34cb-934b-24d3abdaece1
1995,1995,Shaka,Settle / 6 in the Morning,0cc220e9-4895-40a9-9212-2957123a6f0c
1995,1995,Shakira,Un poco de amor,0932cae7-fe97-409c-8ff6-89782401cb9f
1995,1995-09-01,ShakkaZombie,Shakkattack,705be241-0d92-305d-a4fd-c9c6bff8cd39
1995,1995,Shalima,Don't Let Me Go,86a4e9ae-409b-4d4d-b28e-17c701642c43
1995,1995-02-06,Shampoo,Delicious,d36798f3-ddc7-3e30-966a-6e2ae85e8263
1995,1995-08-23,Shampoo,Girl Power,37bec579-8600-3d64-af4c-5d43439f2c91
1995,1995-11-29,Shampoo,War Paint,771700e7-0fbf-4b4a-afbf-4ef870e9ba52
1995,1995-05,Shane MacGowan & Máire Brennan,You're the One,fa828893-070e-43c2-acfc-37e6942b857a
1995,1995,Shane MacGowan & Sinéad O’Connor,Haunted,01795871-ede3-3d23-9feb-3b3315b285c8
1995,1995,Shane Sutton,I've Got Your Number,02dc5f46-0059-4070-838a-fa1daf6e1dbe
1995,1995,Shania Twain,(If You’re Not In It For Love) I’m Outta Here!,f2424377-bb2f-4535-a3aa-239e8af26e67
1995,1995-07-24,Shania Twain,Any Man of Mine,263fae3e-6f23-47a6-ad40-73a55039d910
1995,1995,Shania Twain,No One Needs to Know,3888c5a2-1a21-4c05-88b2-fc8570da321e
1995,1995,Shania Twain,The Woman in Me (Needs the Man in You),1c9af613-148a-47e7-892b-0705f9e0f44f
1995,1995,Shania Twain,Whose Bed Have Your Boots Been Under?,20f29425-39f8-4cd7-9707-71b7cc66a513
1995,1995,Shannon,It’s Got to Be Love,c4c7cc23-f14b-4dfa-9c32-3966a763ce4d
1995,1995,Shannon James,Far away,6cde71cd-80d4-4dda-87a1-3879ae54f369
1995,1995,Shape Dance,It's A Fine Day,5759ec7a-6f21-4e7a-b94b-82ba92ec5c75
1995,1995,Shape Navigator,Flow,aead9cb7-9839-408e-8421-f6eb5fdb9afc
1995,1995,Shape Navigator,Flow (CD2),04b93da0-6234-4e2e-90cb-be7f47ed76dd
1995,1995,Shaquille O’Neal feat. RZA & Method Man,No Hook,2d259b8f-7449-36c3-897f-ce13be6ec90e
1995,1995,Shara Nelson,Rough With the Smooth,c457f904-dea1-4df7-bb9c-d73912138009
1995,1995,Sharam,Kiss My Ass,46d4108c-8eb2-450d-b076-99fe95e986fc
1995,1995,Sharam,Let's Go,d285da72-5f16-48fe-81d1-2e500c88ab0a
1995,1995-02,Sharif,Pearls of Peace,8781a638-a472-3788-93d1-d3d7d75b291d
1995,1995,Sharkey & Dee,"Can, Can You Do It / Dreamin",f879c94a-8aca-4386-8f7e-016a5e89ae68
1995,1995-01-30,Sharon Forrester,Love Inside,bccc0fe1-3927-4c6b-b6cc-91699db3e282
1995,1995,Sharon S,Gimme Your Love,1688d040-3fa0-3da9-9463-f9446a00e23d
1995,1995,Shauna Davis,Get Away,411b9324-06fb-42e3-9886-a34284bcfc51
1995,1995-04-07,Shaw Blades,I’ll Always Be With You,453e329d-e6a4-4568-b35e-760ae49572d1
1995,1995,Shawn Benson,Natural Thing,4fc28960-3607-35e9-b3e6-750f3bc84e2e
1995,1995,Shawn Colvin,I Don't Know Why,6dd5b040-066d-421c-8504-36635b995774
1995,1995,sHEAVY,"Dalas Tar 7""",5e233876-8538-3c8d-8dc7-47fdd5f2d472
1995,1995-05-01,Shed Seven,Where Have You Been Tonight?,4a2057d5-8277-3250-b05c-e3b27caacf24
1995,1995,Shee,Do You Love Me,c519633d-321f-4784-8468-200ab5d0c0f0
1995,1995,Sheena Blue,Techno Love,61680e46-a41c-45b8-9f55-6a83c3708018
1995,1995,Sheena Easton,My Cherie,be194248-524e-4a4a-8e83-a606f866b2a4
1995,1995,Shellac,Billiardspielerlied,bd78ec8e-8afe-3b97-817c-83179c46f648
1995,1995-04-03,Shelley,Reproduction Is Pollution,61992f79-b8de-3e4c-b8ca-64ec1fbd3ba7
1995,1995,Shelter,Here We Go,38965d5d-dfe9-41bf-af46-6a28c165bd0b
1995,1995-08-07,Shelter,Here We Go,bd2942f9-f621-428d-b2ef-5cdd26af23c6
1995,1995,Shelter,Message of the Bhagavat,7cc8bea1-04ef-4e64-9dff-7d28aa2cfcd0
1995,1995,Sherlock,Time Breathin',6d461b6b-8549-4562-bb99-36ca37f2fdeb
1995,1995,Sherlock Dreadlock,Don't Dis / Run Ridim,9e27e57b-2a0b-4ba7-bc37-847f75c228f9
1995,1995,Sheryl Crow,Can’t Cry Anymore,790e04c7-cf42-3e8d-8773-50ab305e7c26
1995,1995-08,Shihad,Bitter,f0957c72-fc1d-320a-be70-0e812c76ff42
1995,1995-11,Shihad,Gimme Gimme,bd845035-bfa1-346c-a46a-23fbcd7154b3
1995,1995-03,Shihad,You Again,fb8b2fee-a93e-3bd7-9389-f9ebabc961bd
1995,1995,Shikisha,Pretty Vacant,4e092492-a4ec-4b3f-b9ef-bce7381167b6
1995,1995,Shimatsu Miru,Freedom,e648c7a6-59a7-4ef8-af46-9b496a1bbc3d
1995,1995,Shiner,Floodwater / Cowboy,9d8e92ae-d238-4f8d-b985-94c4f8da0dcb
1995,1995-05,Shinola,Vodka,c8ebe231-f332-4553-ad13-6478dd0a92c0
1995,1995,Shiva,Freedom,aa1d8c3c-782e-4169-9093-de13f1644bde
1995,1995,Shiva,Work It Out,12156804-99b6-38db-8741-fe11ebddedf9
1995,1995-11-22,SHO,Let It Go,081023d5-3157-4ed9-8598-46784c8a8f2f
1995,1995,Shoes,Tore A Hole,eb52c07d-e322-42b8-a930-686ad353f9d0
1995,1995-08,Shoestrings,Some Things Never Change / Afterthought,4019fe09-bf15-420f-be77-3b011640afb2
1995,1995,Shogun,Just For You / Paparazzi,ff8e94eb-8579-43dd-a83f-6890f061f1c6
1995,1995,Shogun,Pure Alchemy (Part 1),72197f8f-5371-4a59-9373-84a7c260af93
1995,1995,Shogun,Pure Alchemy (Part 2),64b960a3-f082-40d5-8a9b-ac61fff3bab1
1995,1995-08-21,Shoot the Moon,Mad About You,c091db65-4135-4060-be51-14adf6722e82
1995,1995-11-27,Shoot the Moon,Oxygen,1c809b97-eb1a-4f3e-a480-bb4819632676
1995,1995,Shorty Bone,Groovy Dreams,a86cc925-51b7-48c2-9332-508147a7e98e
1995,1995,Shredhead,Dork,06d83927-37cc-4287-a1a1-b8068a8528e6
1995,1995,Shriek,Girl Meets Girl,ad7812bd-476b-4f79-9600-7918713219b3
1995,1995,Shroomunion,Shroomunion,7cd683f7-35e2-4723-9127-7c49796c3b1c
1995,1995,Shudder to Think,So Into You,c44e3456-b876-4709-b295-13193fa09d63
1995,1995,Shut Up And Dance Featuring Richie Davis & Professor T,I Love U,6333f43f-ecd1-44eb-9d56-419a24bb38b0
1995,1995,Shut Up And Dance with Dee II and Ola,The Weekend's Here,c8a85d52-eed5-4a65-b80c-98e7859b7d54
1995,1995,Shy FX,Simple 'Tings,ed30125c-8262-40d5-964d-539507331ca8
1995,1995,Shy FX,This Style,487fe2bc-c4f1-4482-b25c-44c0e02de21e
1995,1995-10-21,SIAM SHADE,RAIN,8e373b49-3636-4b70-bf31-0d7338f38df1
1995,1995,Siamese Minds,Mr. Mafia / Killer Instinct,38c1f803-3603-44c4-bb4a-5aa745448e9f
1995,1995,Sid Young & Chronicles,Step Up,727a5dbb-faf3-4465-81a4-f6f91842d9ca
1995,1995,Sid Young & Chronicles / Lionist,Step Up / It's a Shame,2eeca649-45f7-4fd5-b856-c2ead15ee596
1995,1995,Sidewinder,Anything You Want,58c5150f-70c6-42d0-a56b-088cd7f9b482
1995,1995,Sidewinder,Evil Eye,abcc00ba-78e8-4311-bfb4-da4434cea027
1995,1995-06-22,Sidi Bou Said,Ode to Drink,ef1fc0ad-5642-35f3-a64d-8ca3ff0e5253
1995,1995,Sidi Bou Said,Wormee,6fbf5c28-af5f-3380-bfe3-3059989bcbed
1995,1995,Sign Of Zodiac,Für Elise,4d344811-e703-496a-8ecf-1a6d111e1268
1995,1995,Sikaduo,Felicia,8fa225f0-ff22-4e14-96a3-3c256cb3abf9
1995,1995,Silence Gift,No Sense,ddbbd5c6-3761-3ecd-bbec-fe2317f6ed83
1995,1995,Silence Inc.,This Sound,8cfa030a-8cd0-46cb-bc74-86b754ab8095
1995,1995,Silencer,Fear and Drinking,334b35d0-952c-3188-bb26-97791e20758c
1995,1995,Silent Breed,Chemicals,c207f2df-0bd8-47f7-9f4c-aad223d52962
1995,1995,Silenzi,Empty Houses,4dbf9567-b0dc-4aa8-8f0d-3eeda99a30b5
1995,1995,Silicon Dream,Marcello The Mastroianni 95,484694bb-2adc-497d-943c-431453e696da
1995,1995,Silje,Gå en annen vei,158d19e8-7c3b-4437-b7f2-4525e0bcb6c8
1995,1995,Silk,Hooked on You,84393dee-3e3d-3048-bea3-ecf1143f5e2b
1995,1995,Silkworm,Couldn't You Wait?,505e8593-f2de-4472-8720-2b096cbb14ca
1995,1995,Silmarils,Cours vite,ff6688b4-6474-4f29-9c97-3acbe1373733
1995,1995,Silmarils,Mackina,d98fb2d3-18e1-4efe-8086-a7f86f080344
1995,1995,Silver Salute,Happy Eyes,782ffab4-96ae-4a0f-a8c6-30bb9c5578ac
1995,1995,Silverbox,Exciter,d0f700a9-8a60-4650-827d-977eece75350
1995,1995-04-17,Silverchair,Israel's Son,56ef140e-017b-3cd6-9dfc-312f8548a36f
1995,1995-01-16,Silverchair,Pure Massacre,3bb39c5c-f62c-3629-bae2-1d074bc236a8
1995,1995-03,Silverchair,Shade,15bcbf1a-f76b-3ae9-b49d-cd47d57b09ac
1995,1995,Silverchair,Tomorrow,648e9b4e-9a54-3c79-b729-2409353f882c
1995,1995,Silverstar,From Bremen With Love,8bc7c840-8abe-4483-be41-6cfba0f9c0d2
1995,1995-05-10,Silvia Coleman,All Around the World,48e373ea-6ed7-306a-8be7-338e2fce21ff
1995,1995-10,Simone,Heute Nacht,5fe4d3a9-f8b0-457a-844e-e5351af82e96
1995,1995,Simone Kleinsma,Zonder jou / Kus me,7b594884-12c1-38ab-82cb-ef7a03797a30
1995,1995-03-27,Simple Minds,Hypnotised,80e9a0da-0501-4d09-8ebd-fcc3817bd080
1995,1995,Simple Minds,Night Music,b654c973-9d87-39ee-9977-fd461078f9b5
1995,1995-01-16,Simple Minds,She’s a River,06344e21-1c37-30ee-a30a-23b194bfc39e
1995,1995-09-15,Simply Red,Fairground,356675f6-5ac1-459f-9845-802a5fb37190
1995,1995,Simply Red,Remembering the First Time,0d22f4de-897c-4201-9614-fa33f9ffd2f5
1995,1995,Simply Red,Remembering The First Time (The Remixes),312d8cc3-f4c1-46c1-aadc-d01edd55952e
1995,1995,Sin With Sebastian,Golden Boy,d75b41db-0304-4b14-a0f1-2230854d7a8d
1995,1995-02-24,Sin With Sebastian,Shut Up (and Sleep With Me),cc6a8c50-0f1a-342a-a321-498089d2011b
1995,1995,Sinclair,Sur le vif,4e0975aa-95b0-4377-aad0-1e1879839b67
1995,1995,Sinclair,À la ronde,dc9db693-09a2-425d-8c36-fafbb6952ac7
1995,1995-04-26,SING LIKE TALKING,みつめる愛で,cf4d4354-fd85-44b6-85fb-5d6b02dc7ea1
1995,1995,Single Gun Theory,Metaphysical,8938d540-6c01-4589-8a55-544f83f4b146
1995,1995,Sinus,Chafs,8a8a84f5-ceb7-43db-b115-d8226c849bba
1995,1995,Sinéad O’Connor,Famine / All Apologies,6980c0ef-da51-4651-bd59-ef408f8b540d
1995,1995-02,Siouxsie and the Banshees,Stargazer,7814deb3-f4b9-304a-8329-6ec16846b189
1995,1995,Sir mr. Taf,Nuotiolla,307e0c8c-0d42-417f-93e2-e8470e85092f
1995,1995,Sister Bliss,Oh! What a World,b4210812-e5c0-32e2-b32f-363a8a5a807c
1995,1995,Sister Machine Gun,Hole in the Ground,5c6e6c04-a11c-3526-a671-8d954e06d5cf
1995,1995,Sister Queen,Let Me Be a Drag Queen,4338d361-41fe-353c-afcc-5b01a4e006fb
1995,1995,Sister Queen,Let Me Be a Drag Queen,8fc66ad4-8551-42fa-97d2-91450bef51d1
1995,1995-06-01,Sister Rabbits,一寸桃金太郎,006c40b5-661f-4bc8-b250-7400a9758fcb
1995,1995,Six Finger Satellite,Rabies (Babies Got the),d346c7e0-7a65-4477-abb3-8d99535a331f
1995,1995,Six Was Nine,Will It Go Round in Circles,910abc3b-8faa-45a6-8fb5-2e691ca10a5b
1995,1995-02-13,Sixteen Deluxe,Idea / Honey,dda1cf58-d5cb-43a2-b907-f93e7e9081ab
1995,1995,Size 9,I'm Ready,4fb44ccc-9824-40fd-9fda-864fed241610
1995,1995,Sizzla,Holding Firm,507cb286-d6cd-426f-8fc1-42df13b7356b
1995,1995,Sizzla & Louie Culture / Sizzla,Ins And Outs / Love Amongst My Bretheren,be4f09dc-aa42-4f27-8924-d5f8822b30ed
1995,1995,Skankin' Pickle,"Hi, My Name Is Erik Yee. My Favorite Band Is Green Day!",8b35c6a1-42c1-48cc-973f-e4f393181e7e
1995,1995,Skanna,Find Me,30c03c49-fe9a-4a19-a83d-67240f76b2ac
1995,1995,Skee‐Lo,I Wish,b4080c1f-c374-380b-ba71-7e49149f6b3e
1995,1995,Skee‐Lo,Top of the Stairs,0c6644da-9ad7-421f-b5ed-9b492eb8178a
1995,1995,Skid Row,Breakin' Down,17d3ba00-8497-3528-894b-8e10f2ae059b
1995,1995,Skid Row,Into Another,d0034dac-61ed-491f-b91c-b7559841af37
1995,1995,Skid Row,My Enemy,0080ad32-0c3e-41cc-9e7f-6e8b6dfc07aa
1995,1995,Skillz,Move Ya Body,6fc4b345-e092-35b5-980a-278d49e80a29
1995,1995,Skin,Take Me Down to the River,16311b22-58a0-47c9-837c-18520c775ee3
1995,1995,Skin Limit Show,Walking Knife,1c379a82-00e0-44bd-999b-1013388b32c8
1995,1995-06-12,Skintrade,Andomraxess,6cfdd0b0-0aac-3645-b61e-57dbd8a5a584
1995,1995-09-01,Skirt,スカートをはいた果実,e8392a83-668d-4cd4-bb90-209b8bb56420
1995,1995,Skoffin Allsorts,Supanova / Gosh Blink,0d7c78cd-e058-4879-bf60-ecb2ed0c24ed
1995,1995,Skold,Chaos / Neverland,2825eca2-c595-4bfe-aa30-b2e17d416d33
1995,1995,Skool Of Hard Knocks,Autorinse / Locked Up,b0f1be1b-7a2e-4909-bbf5-228675c0385b
1995,1995-04-24,Skool Of Hard Knocks,Dressback / The Bommer,0cde49e1-ee02-42d1-ab18-54b146682d6e
1995,1995,Skool Of Hard Knocks,Everybody (remix),18e9165c-ad51-48e8-8b26-00aee0dd1adc
1995,1995,Skool Of Hard Knocks,In da Jungle / Wid da B-Boyz,fbacd76b-4d6d-4d33-96d4-a6c778c72689
1995,1995,Skool Of Hard Knocks,Kan Ya Feel It (remix),ad6f1cea-a34b-4e5b-9f86-d81c1fe35bbb
1995,1995,Skull Flower,Village Sorting,081fbb22-2982-4fe7-bab9-3405397fdbd5
1995,1995-08-21,Skunk Anansie,Charity,d82340af-b10a-3e82-9156-0801a2444fd2
1995,1995-06-05,Skunk Anansie,I Can Dream,6a38f863-67ab-36b7-bcf2-4abebed99f1f
1995,1995-03-13,Skunk Anansie,Selling Jesus,570dece6-7be9-3828-aa02-2e09496bf3d3
1995,1995,Sky Joose,Fire Burning,c11c76a0-1cde-4549-a0a6-29915406c15d
1995,1995,Sky Joose,You're the One for Me,fec41c68-7020-4dbf-b4c1-461e4c636257
1995,1995,Skyflyer & Bruno Samm,Skyflyer 3,6a2a4fd0-32fe-468c-9f4f-89604515a3a4
1995,1995,Skyflyer feat. Spokenrider & Kane,"You Sexy, Sexy Dancer",03a712d2-a822-4de5-b60b-e75a15de9e78
1995,1995,Skylab,Oh!,33835461-a590-44e2-91cc-53ed44c06f15
1995,1995,skylab2000,Auburn Mixes,865cd863-b2c4-4e63-8cc7-68e8f2c153d4
1995,1995,Skyline,Dream In The Night,6c2d0f72-c14e-4f7d-8d55-3cd7bdc65c6c
1995,1995,Skyscraper,Never Again,f565d159-8e36-4941-b3af-41c09549274d
1995,1995,Skyscraper / Grady Sisters,Skyscraper / Grady Sisters,cdee0fa7-8ce0-49b0-922c-8d85e5bc51fd
1995,1995,Skywalker,Little Jesus,11595536-43a8-47a5-ad46-83d04fddb1b0
1995,1995,Slam,Back To Music (Remix),514417e2-13ba-4b03-85ac-6ddf7e955239
1995,1995,Slam,U Got 2 Know (Doodappenbadappen),51d0c686-3689-43b1-a39e-24a0d5243da9
1995,1995,Slam,U Got 2 Know (Doodappenbadappen),60c799b1-dfbb-44b9-a690-2e02c4838a97
1995,1995,Slam Creepers',Joe's Got the Right to Be Mad,b227ef7a-67f8-49d7-aad0-7ea21c8e05ed
1995,1995,Slammin’ Jack,Stop the Rain,0c03048e-463f-4b15-b974-6e33f19868ed
1995,1995,Slash’s Snakepit,Beggars & Hangers-On,3e221812-c1f6-3a1e-9d93-a3560017e1c2
1995,1995,Slash’s Snakepit,Good to Be Alive,561e4319-5343-415b-929b-ecd281256631
1995,1995,Slaughter,Searchin’,d14f95bd-6b09-4e42-b7c5-178e149c4914
1995,1995,Slaughter Shack,Fuck You/ Fuck You Too,b164f214-e61b-4460-85fb-268b873be7da
1995,1995,Sleaze Sisters,Lets Whip It Up (You Go Girl),f939dc02-bf5e-41c4-9129-e6e71544e8ee
1995,1995-07-25,Sleep My Dear,Ask for Eyes,c3eebccd-c24a-421d-83a6-cd6d7d58021b
1995,1995-05-02,Sleep My Dear,From Inside of Brain,7c2dfa94-63d4-4af4-a570-bd30b396feb2
1995,1995-09-25,Sleep My Dear,To Dears...,9260a278-15f1-41c7-8f6f-7bb57fe678ac
1995,1995-01-09,Sleeper,Inbetweener,2bb656f8-a7ed-3883-bc8b-573a52b8857e
1995,1995-03-23,Sleeper,Vegas,7bda1efd-c2f8-3e4a-96ed-5d0f6efe4d1b
1995,1995-09-25,Sleeper,What Do I Do Now?,8a53dcb2-942d-3c55-8e21-cac84ff3d04c
1995,1995,Sleeping Dogs Wake,Hold Me Under the Stars,b16a7693-1c85-3f54-b5e3-7cda7ef020c1
1995,1995,Sleestack'z,Ruination / Crystal Clear,088dc969-e69c-48d3-99ed-641d94e734a3
1995,1995,Sleeze Beez,Youth Is a State of Mind,abf4a63b-8dbf-407f-b926-afc898843a49
1995,1995,Slide,One Good Reason,165f80bc-b807-4249-973d-add35ebc89a9
1995,1995-08-21,Slipstream,Come Back,b29a1a1d-6d65-4a97-8950-145034e89dcf
1995,1995-08-21,Slipstream,Up in Heaven,8899bf08-7b6c-44ce-a276-837a5c96598a
1995,1995,Sloan,Stood Up / Same Old Flame,09dbba96-d1c0-4b3f-90fd-1b63f21f1530
1995,1995,Sloth / Floor,Sloth / Floor,42371d12-251d-4fd6-8fa3-354d0aac1255
1995,1995,Slug Bug,On the Dime,47a875c8-2c5b-4e8d-a51d-cdeb19383e0e
1995,1995-12-23,SLUM JUNKIE,Child with vacant eyes,92423c45-73ba-4f58-9cb6-8bb2ae6c03ff
1995,1995,Slut Burger,This Is Fucked!,bf52a40f-9b75-4972-8eff-6a29d2e4d431
1995,1995,Small,B Is for Bridge,bccecad3-3311-4c18-9eb2-4e431af7ce6e
1995,1995,Small,Mona Skips Breakfast,8064f9e8-89fa-4e99-9eaa-a395141c5ea1
1995,1995-02,Small Cruel Party,Before the Dream,cf763e40-b494-4e00-8023-202669d77bf3
1995,1995-09-07,Smaller,God I Hate This Town / It's Closed,b8be9bad-af10-4110-b76b-37a627a2b81b
1995,1995-03-03,SMAP,KANSHAして,2a4c7a2e-eaf8-4d23-8ed8-5bf42da599d6
1995,1995-06-06,SMAP,しようよ,b4a27307-0cc4-4474-abe3-9168876d3a6b
1995,1995-09-09,SMAP,どんないいこと,c6ff57ff-567a-4711-9ad9-5f5d31d425be
1995,1995-11-11,SMAP,俺たちに明日はある,7fa8cc60-adb6-4b0d-b0fa-5711bf57a8d7
1995,1995,Smart Brown Handbag,Untitled,981b968a-277b-4292-a5b1-d69fd433d6d4
1995,1995,Smif‐n‐Wessun,Wontime / Stand Strong,15410dd1-959d-3026-90b1-344031821189
1995,1995-01,Smif‐n‐Wessun,Wrekonize / Sound Bwoy Bureill,a5d571a4-bdde-37e8-acd4-19496b9faf7c
1995,1995,Smile,A Good Time,41420339-3f45-4392-b35b-5b893b4eb189
1995,1995,Smile,Sleepover,98d0587d-82e7-4d68-99b5-ea87a1095625
1995,1995-06-12,SML,Mixdown,a0f098c5-0059-33cb-b437-8850f929137c
1995,1995,Smokie,Surfin / Who the f... is Alice?,e28254d9-f408-4058-982a-1d63f7542d82
1995,1995,Smokie,Who the F... Is Alice?,4ed00132-b233-47c7-a19c-2a6c2a695f15
1995,1995,Smokie feat. Roy ‘Chubby’ Brown,Living Next Door to Alice,87d11eb7-7deb-4a30-a57f-8786813c35a2
1995,1995,Smooth & Simmonds,Vertigo,dc43b188-e43c-4c90-ad27-395aa2991f82
1995,1995,Smoothe da Hustler,Hustlin' / Broken Language,04f2dc8e-7592-416d-a36b-7bdbe58968a5
1995,1995,Snake Charming,The Battle of Jericho,2a539a1c-c48e-383d-9869-2ad06e91b09f
1995,1995,Snap! feat. Summer,The First the Last Eternity (Till the End),93afc0c5-f1f7-3663-98b7-763bd51d1614
1995,1995,Snap! feat. Summer,The World in My Hands,6a68fab7-cfc5-4816-be29-17c01a395c46
1995,1995,SNK,Samurai (remix),b71fd944-e95d-4ab1-9639-0b9824c08d46
1995,1995-09-25,Snout,Night and Day,89dcfcd7-661f-39eb-a873-1e783bd50205
1995,1995,Snow,Anything For You,845736d2-bcee-4c5b-837b-874b67987dc4
1995,1995,Snow,Sexy Girl,739f91f0-7f82-4425-ae2d-4bd5f3a8b3d8
1995,1995-12-11,Snuff,Theme From Whatever Happened To The Likely Lads,4f9a04aa-427c-4c00-af97-1a0fa9322ac2
1995,1995,So What?,Share Your Shirt,a0370887-fbc7-450f-8a17-54995afcc42d
1995,1995,Soap,Mister Manners,82171a39-6bb5-4e2c-8d92-89bb76f540e8
1995,1995-11-20,Soda,The Young Own the Town,a2356ac0-3ec4-423f-b6c5-f61287c155d0
1995,1995,Soda Stereo,Ella usó mi cabeza como un revólver,2d896667-a762-48a0-8602-6784e4c6f7cb
1995,1995,Soeur Plus!,Dominique,d4328f8d-ddc1-476a-a22f-77025b653098
1995,1995,Sofie & Bobby Womack,I Wanna Know What Love Is,2205ce7d-6080-4afe-949c-892f19bcca63
1995,1995-04-21,SOFT BALLET,You,0faa7844-e040-318d-a754-fc60d9e1ebb5
1995,1995,Sokoloski,Peace And Harmony,89695b5e-59e5-4788-a94f-1fc32d181ecb
1995,1995,Solar Quest,Cosmosis,b2db43cd-8ca4-4da1-8f36-7fc15c0d1959
1995,1995,Solar Quest / Choci,Mesmerised,4a1de0a5-304a-4eaf-bc93-dd004227c1f1
1995,1995,Solar Quest vs. Choci,Kirsty Cried,a7ee3c79-2d12-465e-9aca-3f1a55a063c2
1995,1995,Solar Race,Not Here / God Wants to Know,a7de8082-e2cf-3f74-b50b-b0573b54efa5
1995,1995,Solid Base,In Your Dreams,c280cbce-1ce7-4137-bb11-0ddce8b7e842
1995,1995,Solid Base,"Mirror, Mirror",fdc90036-34ad-3bd1-b6c8-e14fcd98968b
1995,1995,Solid Base,Stars In The Night,764543c7-adfa-43f1-b8c3-a52e5deefd7b
1995,1995,Solina,Show Me Love Tonight,d182ea69-bc19-4a1b-8067-acb43c1401f0
1995,1995,Solo,Heaven,07f5a8b4-77c3-4cd7-8bde-ec6d2beb52b7
1995,1995,Sombre View,Invocation,3d9848ba-35d1-4763-ae20-33641d4283c2
1995,1995,Sonar Nation,Thrill Me Said the Thinker,ac11901a-b2e0-4845-8a04-2ae11d08ce3c
1995,1995-04-26,Sonia,天地無用！,f4fe8c76-78ee-3868-948a-c1b421d88d4c
1995,1995,Sonic Beat,I Can Fly: Caballero Remixes,23db742a-1234-3213-9c45-9bc1f631c041
1995,1995-01-16,Sonic Dream Collective,Don't Go Breaking My Heart,b794d56c-8b0a-33f9-b650-7a0899c6466e
1995,1995,Sonic Dream Collective,"Oh, Baby All",1e206e8d-99dd-4332-9e0f-b8a7f6084cea
1995,1995,Sonic Dream Collective,"Oh, Baby All",ae34c061-23bd-4a5c-b327-1dcf73624d01
1995,1995,Sonic Surfers,Anything,873a0f4a-8edb-4bea-ab7f-d99820825611
1995,1995-09-25,Sonic Youth,The Diamond Sea,b9e92d11-fc16-387d-9d5a-4b8503cf7440
1995,1995,Sonicdriver,Standing on the Top,92f435a7-0b81-4c21-963b-f50615f74341
1995,1995,Sons Of Ilsa,Jetzt geht's los!,8cc7449e-aaea-4995-89be-08c2ceec589b
1995,1995,Sons of Ilsa,Pulsingers Nacht,2ce3715d-926e-48a3-a872-ef968498d439
1995,1995-03-21,SOPHIA,SOPHIA,f98d38dd-848f-45f8-8afb-0328f6d2392c
1995,1995,Sophie B. Hawkins,Did We Not Choose Each Other,28c70b76-5eff-3013-98a4-222a6cb308a8
1995,1995,Sophie Zelmani,Always You,a4d6203b-bd32-4ba2-9eab-32c2a3bde2b7
1995,1995,Sophie Zelmani,Always You,aa81a604-1d65-4647-8d01-0b6077ed0de1
1995,1995,Sorry About Your Daughter,Something About '94,ade6b193-1adb-49b3-b844-274518e2f8c2
1995,1995,Sorry About Your Daughter,You Gave Up,7762817e-cd1e-4b08-8c26-c57d24faf130
1995,1995-11-16,Soul Asylum,Just Like Anyone,75b7b144-d9fd-35fa-ae1f-1715037a8b95
1995,1995-06,Soul Asylum,Misery,67e3eeca-2e75-37e5-bc83-d35165163b61
1995,1995,Soul Asylum,Promises Broken / Can’t Even Tell,243e9763-40a3-3cb6-beac-0ca2c42162ac
1995,1995,Soul Asylum / Massimo Di Cataldo,Misery / Una ragione di più,9bb0b77e-761a-4bba-9dba-9d939b3372d9
1995,1995-04-25,Soul Coughing,Down to This,6d1c47d2-2ad3-3c26-9184-3481b58615be
1995,1995-07-18,Soul Coughing,Sugar Free Jazz,421d8beb-599c-37b9-a4f6-78e28c4e7dc1
1995,1995-04-25,Soul for Real,Every Little Thing I Do,6206b390-d38d-470b-9917-251f93f96d09
1995,1995,Soul II Soul,I Care,8fa40f4b-4035-482a-96fd-ec02431976cc
1995,1995,Soul II Soul,Missing You / Do You Love Enuff (Remixes),c7efceab-3707-4cd7-b655-eff666120c68
1995,1995,Soul Slider,Hard Drive,511ac445-2136-47ab-8c43-86542679bae9
1995,1995,Soulslider,Reach The Top,ad23fc15-e2de-4066-8a5f-44cbe32a4468
1995,1995,Sound Craft,House Is ?,51cd4e91-7f6c-4748-969c-7663485fec25
1995,1995,Sound Enforcer,Re-Enforcement 1.2.6&7,736319c5-62b0-444b-a0f7-d979529f34ba
1995,1995,Sound Exciters,Luv Me Baby,834bb7f4-0fd5-4cbd-a97b-7a5af51ada63
1995,1995,Sound of the Future,The Lighter,84619eea-6b25-4f4a-8828-473df3e77b0f
1995,1995,Sound Source,Voice Control,649958c0-3bbd-4e66-b084-6ad6b053fac0
1995,1995,Sound Station,Sound Station / Lost in Sound,82e0c94f-b36d-451b-bc0b-05f42e74bd3f
1995,1995,Soundclash,Armed & Dangerous,82d9d6cb-5388-482a-b1df-a4a26678995f
1995,1995,Soundclash / Undercover Movement,Armed & Dangerous / Back 2 Front,194f5630-a50c-4476-9065-5189162bc094
1995,1995,Soundcraft,Series One,25f5c552-d286-45b2-9ee8-565442e9d84e
1995,1995,Sounds of Life,III,a7806c8b-da78-48cf-b740-64126bb92e75
1995,1995,Sounds of Life,The Remixes,4d98857b-2762-458f-ac66-a031459f3df3
1995,1995,Soundworks,Party Mix,8f68b1de-b3bc-4500-986c-b31cef1df450
1995,1995,Source Direct,A Made Up Sound / The Cult,6ce08deb-2e59-3161-8755-89e87ab07e87
1995,1995,Source Direct,Approach & Identify / Modem,344605b9-d942-37a6-9e91-a2b07c17b4c4
1995,1995,Source Direct,Different Groove / Stars,82eceee0-c77e-49bc-bf68-afc0d27cbc7f
1995,1995,Source Direct,Fabric of Space / Bliss,53971f53-dbc2-442c-b189-597138e61623
1995,1995,Source Direct,Snake Style / Exit 9,59798f61-e2e5-4a5d-acbb-0def9129d779
1995,1995,Sourmash,The Blessing,aad5643d-e2b6-4581-b6a5-ac7e8bb7637a
1995,1995,Sourpuss,Solvent,abb30b14-30c2-44d6-bd6d-312072c3ee9e
1995,1995-04-21,SOUTH END×YUKA,SO.TA.I,1985036a-b14a-4359-a9a8-2f4a4bf48d38
1995,1995,South West Unit / Academic,Untitled,65778aab-e18a-4e2e-a28f-582fa422fd70
1995,1995,Southern Culture on the Skids,Camel Walk,f1d05395-c030-3fab-96ee-5fdbfe090363
1995,1995,Southern Culture On The Skids,Merry Christmas Baby,e8648b91-16c6-4f7e-8855-7175a7d11429
1995,1995,Southern Culture on the Skids,Soul City,c11831c1-5489-4839-b897-033d0c8e5246
1995,1995,Southern Culture On The Skids With Don Howland,Hell Blues,84b0b1a7-6222-4778-babd-4102d8cfbfe7
1995,1995,Southern Funk Playas,Playa Hata,0813847c-0357-4925-bd89-19e1fcfc5929
1995,1995,Sox,Go for the Heart,9fe6a285-d5b5-4c20-8eaa-d1a94c663253
1995,1995,Soylent Green,Trip to Mekka,efa3b08d-dcce-49c3-9468-90ff77ee6371
1995,1995-11,Space,Money / Kill Me,e9bd3e51-393c-44b9-89e8-c3f53cd1aa30
1995,1995,Space Brothers Featuring Free-Man,Magic Fly,7bd56b0f-fbe0-44ae-b288-5869080cb85e
1995,1995,Space Cube,Kommerz Killer / Big Bam Bam,c11cdb8c-5072-3a84-ba71-7d3511190dc9
1995,1995,Space Frog,Lost In Space - The Time Slip Versions,b2b4acaf-16ff-49ca-874b-f33e10162389
1995,1995,Space Girls,Braintranceplant,ed87cb15-d203-48fc-be6e-e88866f9a048
1995,1995,Space Head,Tainted Love,50bf7dd3-5f77-3896-9b24-2ff6caf11c98
1995,1995,Space Link,Timezone / Offset Jazz,88fa80c0-0bf0-4949-ba4d-05e533b956b1
1995,1995-01-19,Space Master,In the Name of Love,65df7cc2-9849-4eb5-8680-b6e4e7634f00
1995,1995,Space Mission,Red Martian (Planet Disco Dance Mixes),18e82996-1b76-46b6-a005-360fcad7b49b
1995,1995,Space Needle,Sun Doesn't Love Me,884e4a31-ecae-43ac-878a-c4c1bc08dd67
1995,1995-07,Space Pilots,Trip To Orion,fb84053e-9309-4ebe-8dae-9076d9e21f07
1995,1995,Space Pirates,Fly to the Sky,652874b9-67fb-449a-8a45-1888dbf04f4d
1995,1995,Space Shuffle,Groovy Sunlight,ca4b3b4b-8940-46d0-acef-eab2d62f98ad
1995,1995-11,Space Shuffle,Victims Of Society,fa487496-2df0-41ff-b7c8-d5fa8a4044eb
1995,1995-07-08,Spacebaby,Free Your Mind,c4d5804b-9e87-4520-a412-b72db317e424
1995,1995,Spacebaby,Spacebaby,fa2e9871-6987-45c3-8daa-8e04e38fd10c
1995,1995-02-17,Spacehog,Space Is The Place,5f0e9682-004c-4c69-9475-d291efa54cda
1995,1995-06-05,Spacemaid,Teen Sensation,3403dd5f-2d84-4b5d-9eff-f838ef5da97b
1995,1995,Spaghetti Surfers,Misirlou,8220e4c7-0f14-32ca-95b5-c723de4f50aa
1995,1995,Spagna,Gente come noi,06330c53-e10b-395b-a4dc-883b0a29190e
1995,1995,Spain,Dreaming of Love / Phone Machine,6bbbf4ae-b8fb-47a3-a594-0ee1dafae520
1995,1995,Sparc,The Chosen One,24d5ac67-63e7-4704-89d1-8291f101c44b
1995,1995,Sparklehorse,Hammering the Cramps,1f2f3945-c4b2-4035-ba9f-6a0f67691830
1995,1995-10,Sparklehorse,London,b5942a35-9bc4-3fa1-a2d2-7b4e3bfc403c
1995,1995,Sparklehorse,Spirit Ditch / Waiting for Nothing,63129c74-a7b1-4878-9238-e0790a47540f
1995,1995,Sparks,Now That I Own the BBC,b46ad9b1-136f-34a4-9849-0a27f0f577ca
1995,1995,Sparks,When I Kiss You (I Hear Charlie Parker Playing),b20c4056-e090-3393-845c-e6c503c50374
1995,1995,Spatts and The Lab Rats,Intelligence,4e9e3158-8955-49ea-8e02-36abf4476696
1995,1995,Spdfgh,Give Me Time,ea94c422-1d5d-4382-9997-c4dd5d2d5254
1995,1995-01,Spdfgh,Wikky's Ode,4728c7df-4208-4312-8837-1b7ba2e7ca1b
1995,1995,Speaking in Tongues,Speaking in Tongues,6e255648-ba09-4cbc-a22e-3ad672171493
1995,1995-04-18,Spearmint,Somebody / I Can't Sleep,ce3edf55-7ce5-4d46-bae6-47c465e99d0f
1995,1995-06-27,Special K,Deep in Space / Power of Love,679b913e-9b2c-40c9-851a-9fd537516603
1995,1995,Special K,Soundcheck,e44c0274-9ca0-4f5e-bcb2-6541386b6058
1995,1995,Special K & Rasslin / Special K & Ruff Cut,What's Goin On / Kill or Be Killed,de56649c-7b84-4c77-9c6f-a7106c2e0ddd
1995,1995-06,Spectral,Kundalini / Moonstone,878f8b3d-34c0-41e3-b3d3-e419bb3953ef
1995,1995,Spectre,James Bond Dance Theme,afe13e5d-d6d6-416c-b3bf-c93607bfab81
1995,1995-05-16,Spectrum,Take On Me (rave version),b4a554b0-7e6d-31d3-a415-4d818a701853
1995,1995,Spectrum / Stereolab,Soul Kiss Glide Divine / Tone Burst / Tempter,df5e5da2-41a6-4f3d-96e1-1ee70f7726f7
1995,1995,Speedking,Black Mono Time,5871d3a3-8bb0-4d82-ae3b-cf110d502607
1995,1995,Speedway,Entertainment,3b12d5f5-006c-4979-8c6c-73d3035b797c
1995,1995,Speedy J,G Spot,df16c4f8-ddea-3ea7-b02c-4ec269ef05fd
1995,1995-03,Spermbirds,Pop Song,ab145f69-b4be-4ce5-aa7f-c42baf832af8
1995,1995,Sphinx,What Hope Have I,63de00e2-f4b0-4020-aeab-22883cf6e548
1995,1995,Spice,Get High on the Music,c4f9dae4-9cca-4185-8d53-4fd28a021228
1995,1995,Spice,Never Let You Down Again,1e72f081-5a63-4aa3-bac9-262762f91131
1995,1995,Spice,Spice,20d68cee-52ab-4961-9fbc-0bed9d8bc452
1995,1995,Spice,Where There’s a Will,c3a093c1-3a8a-4481-afd5-981783916eaf
1995,1995,Spice 'n Dune,Time Traveller,c44aa9f4-c122-4838-97e4-609d9fda92d5
1995,1995,Spice Ltd.,Orbital Overlap,5115d0e9-ebf2-4d8a-8b8f-8abc28c14968
1995,1995-12-11,Spiderbait,I Gotta Know,7ac78623-ed1d-3292-9bf1-329d81fee636
1995,1995-08-28,Spiderbait,Monty,5123ae2f-e6b5-305d-bdad-40005a69cd3f
1995,1995,Spirit,Feel The Spirit,aa7654be-9cd6-4da3-afa6-f015605af02c
1995,1995,Spirit of the West,Tell Me What I Think,f46ea28b-c275-4a6d-ade5-4d142e67bcb8
1995,1995-03-27,Spirits,Spirit Inside,e6d9c710-7605-4531-9f37-47e9247d2ae5
1995,1995-09,Spiritualized,Lay Back in the Sun,337a118a-eba4-328e-a3af-5c241089f69b
1995,1995-01-16,Spiritualized,Let It Flow,67915188-55e3-370d-b814-124e2b09d6ca
1995,1995,Splash,Babylon,fd58cf62-b4b8-49ce-bf4e-fc0149cdfcc7
1995,1995,Splash,Babylon (DJ SS & DJ Trace Remixes II),8fcb979e-3f55-4919-9c5c-ba51e03e48ef
1995,1995,Splash,Babylon (DJ Trace & Ray Keith Remixes),b3ad3f94-4433-477e-8b96-63392e166b0e
1995,1995,Splat Graphix,Splat Graphix,be2ebe5f-9127-4965-a966-b4aaa70de9ec
1995,1995,Spokenrider,Goddess Of Love,22f026e1-0b97-4d22-98a8-201d70f051f5
1995,1995,Sponge,Rainin',0232c436-2786-49ef-9d95-1bee2784172b
1995,1995,Sponge Finger,I Love to Be Queer,a6da7350-4478-4ad3-a8f2-828407f90835
1995,1995,Spoo-Key,Video Killed the Radio Star,917b4725-eee4-37fb-8098-e622137a4e4e
1995,1995,Spookey Ruben,These Days Are Old,d185816c-eb02-4c30-9a96-db97f0cc5e55
1995,1995,Spring Heel Jack,Lee Perry,369b2162-95fb-4fd8-a04a-91e338f4d42d
1995,1995,Spunk,Blue,055dad3e-48af-45fb-bdb4-53b61739b4d9
1995,1995-07-21,SPYKE,Vision of life,63fd08aa-48b3-4342-87bd-e66962bccf94
1995,1995-11-01,SPYKE,見せかけだけの強さなんて,a6b4e2c3-1987-4fa1-9565-e699c77bbfda
1995,1995-10,Squeeze,Electric Trains,bb7bb0d0-4a7e-388d-ae0f-32b51b549081
1995,1995-06,Squeeze,Tempted / Black Coffee in Bed,5e2329f7-29d4-3f33-acc3-ebd0305b8161
1995,1995-08,Squeeze,This Summer,dd473cf3-c192-36f9-b2b5-36d22b0210dc
1995,1995,Sr. Chinarro,Lerele,a7cb6c99-0846-3d01-8fc9-50ba787cde90
1995,1995,ST Files,"S.T. Files, Vol 1",0e318869-a18a-457d-8a6c-31472d451ace
1995,1995,ST Files,ST Files (remix),1117629c-28b5-42a6-a883-4f5422eac1cc
1995,1995,ST Files,Systematic / Sky High,ef5e06b7-057a-4ad9-9499-875b30ce41cd
1995,1995-06-26,St Germain,Alabama Blues,22e927f5-d4a3-3c79-8c9e-401eb2b93b50
1995,1995-01-01,St. Johnny,Scuba Diving,71380683-c1dd-4fb6-acd8-fdc045898ef7
1995,1995,Staccato,Swan Rave,3415a8ff-d678-4dcf-9b77-b41f20e683ae
1995,1995,Stakka & K.Tee,Brockin' Out,29361fb4-f8e1-3637-8ba4-ac94f2683004
1995,1995,Stakka & K.Tee,Danger Zone / Hear Say,ccaa6013-b24d-368a-8af4-34605ba5f7e3
1995,1995,Stakka & K.Tee,Living for the Night,74a63cfd-3ddd-324b-b3a5-33607e17d8ec
1995,1995,Stakka & K.Tee,Rugged + Raw,49a38038-8b0b-37bd-81f0-416a3504f421
1995,1995,Stakka Bo,Great Blondino,03ef1524-3ea4-489c-b749-5266c91090d5
1995,1995,Stanford Prison Experiment,Quicksand / Stanford Prison Experiment,28902ff6-4f25-4317-a18e-cd4dbfea53f8
1995,1995,Star 69,Mama Don't Let,d0f22f7a-5332-4a5b-8743-789f9b261c2d
1995,1995,Star Gate,No Sex (Until Marriage),04a221a4-d7e9-4f5c-b8fa-8cba2a2abe75
1995,1995,Star Wash,Disco Fans,7b01a5f3-fc39-3f35-8177-58c2de1cee4d
1995,1995,Star Wash,Strong Like a Lion,52886337-97a7-45af-8122-26cc12bf52b6
1995,1995,Starflyer 59,Goodbyes Are Sad,2edef932-b780-3515-89c7-d5fcdb2c2272
1995,1995-11-17,Starmarket,Amber,e4f3418e-bd5d-4c32-8dc4-56ce3b2cb71f
1995,1995,Stars & Stripes,Good Morning America,f33894f5-06bd-44a4-bc25-563b58c00e23
1995,1995,Stars für UNICEf,Ich zünd' 'ne Kerze an,0edd123f-16ad-48fb-83f4-1fea37ad2ebf
1995,1995,START!,När kommer hon igen,0f005a9c-5dfa-3060-8cd8-1196746387af
1995,1995,State of House,Invasion,7cf289f4-87a7-4fa6-9d42-49ca2beb37fe
1995,1995,Statik Sound System,The Winter Collection,3facf707-02da-3454-a9c6-9a5d8b69f89e
1995,1995,Station 27,Deutsch Bass,e37ecf57-0786-4ab2-9a8b-877577d0aaeb
1995,1995,Staxx,You,6c525681-c39d-4bfd-8cf3-f7bbd2ff1f21
1995,1995,Stay-C,Wham Bam,86b5d3ca-7449-437c-ba81-d3348f62da94
1995,1995,Steel Pole Bath Tub,Auf Wiedersehen / Surrender,383d96aa-63ca-4fbc-8a4e-026473e50d52
1995,1995,Steel Pole Bath Tub,Tragedy Ecstasy Doom and So On,f85c6b50-b5d7-4ef3-807a-413ee8a4ec29
1995,1995,Steel Pole Bath Tub,Twist / Surrender,b8e363d7-3fb3-4730-84bb-7b094638a34f
1995,1995,Steely Dan,Reelin’ In the Years / Peg,56af4ec2-ace0-4d09-8dbe-e4495ceea524
1995,1995,Stef Bos,Vrouwen aan de macht / Salvador Dali,d6f8a018-d0b2-4cb9-be59-710c5d72704b
1995,1995,Stefan Raab & Die Bekloppten,Ich mache nur noch Volksmusik,3ca18aa7-ddfe-3b8b-a41e-be04744301d0
1995,1995,"Stefan Raab & Die Bekloppten feat. ""Onkel Jürgen"" Drews & Bürger Lars Dietrich",Ein Bett im Kornfeld,cd4e71f3-609e-35a2-b77f-4934cc77c45a
1995,1995-02-13,Stefanie Hertel,Wenn nicht deine frechen blauen Augen wär'n,22fad550-a615-4021-af58-6961e5e75d76
1995,1995-12-18,Stefanie Hertel & Stefan Mross,Du bist mein kleines Geheimnis,1d9666ae-c9d8-4003-938e-a2f7650c49f2
1995,1995,Stefanie Hertel & Stefan Mross,Ein Lied für jeden Sonnenstrahl,f5c79f6d-9bb2-4b10-8b39-44d93ba5386c
1995,1995,Stefanie Werger,I denk no vü zu oft an di,b031b4aa-3a03-4efc-8f02-dc27de8348eb
1995,1995,Stefanie Werger,Nur dieses eine Mal,64854c44-0e90-4405-8e0e-e47be5c0eb99
1995,1995,Steinberg,Interactive Phrase Dance,ce3d701c-f0c4-4cc5-b73b-e5652e015d77
1995,1995-08-07,Stella Maria,・・・Tabularasa・・・,4da78511-85d3-4962-8332-99d561767977
1995,1995,Stepchild,Hangin' Around (Sicka Gettin' Treated...),816960ad-62d8-4b47-b996-22253a173439
1995,1995,Stereo Total,Allo... J'Ecoute...,09a63577-d332-45dc-88cf-a24dbd49ddc6
1995,1995,Stereolab,French Disko / Super Electric,7f5a7440-ead2-4eb8-a985-416fdc00ac45
1995,1995,Stereolab,John Cabe Bubblegum / Revox,f2eef7e9-c914-4896-a62c-7abc35f64262
1995,1995,Stereolab / The Cat's Miaow,Stereolab / The Cat’s Miaow,fdbd5b96-e761-4a63-845e-2e6dd2b3d28f
1995,1995,Steroid,Out Here We Are...,2b4c4c24-d054-41cd-8025-47352de8791d
1995,1995,Steve B + DJ Zinc,The Groove,68f3cdba-1a3d-4eab-99cf-e76df4890aa2
1995,1995,Steve Baltes,Shadows of Sin,314a4943-3e25-3fdf-b2a2-44273fe8bcef
1995,1995-01-28,Steve Bug,Bugwahn,83e69762-8572-49e9-867f-b40f24feb18e
1995,1995,Steve Cooper,Moving Waves,164d21c6-c29c-4178-a45f-f9ca75b3f50a
1995,1995,Steve Face & Judas,I Swear,d6c8903f-5b71-480b-967a-1d67cadc4902
1995,1995-10-20,Steve Mason,Heaven Rushing Out,edb39b3e-64fe-4b0e-a32d-eb5903caa63d
1995,1995,Steve Mason Experience,Shallow Grave,f5c1a7ec-7ac9-4627-8656-dcb0f286fe4c
1995,1995-10-30,Steve Poindexter vs. AWeX / Tesox,Bodyheat 1995,e5c4a5a9-41ca-4d92-9460-960cbb147ef8
1995,1995,Steve Stoll,Elements,10079567-f2e9-31dc-8215-055ed1a49518
1995,1995,Steve Vai,Tender Surrender,789a78fd-590d-4793-9ad1-030da69a99b4
1995,1995,Steve Winwood,Reach for the Light (Theme From Balto),176ecefd-3b76-4f04-be71-d06cdf4b2708
1995,1995,Stevie B,Funky Melody / If You Still Love Me,5b4690df-090e-494c-beaa-479cfb1985d7
1995,1995,Stevie B,Funky Melody / If You Still Love Me (The remix),03d67431-37fa-4474-81d4-34b6819850c0
1995,1995,Stevie Ray Vaughan,Taxman / The House Is Rockin',cd526857-4a06-4130-a19e-cb3527fc546e
1995,1995,Stevie Wonder,For Your Love,c67d77ff-d4a7-4803-b426-7a4c30b589c7
1995,1995,Sticks 'n' Stones,Back II Me,58102d4a-641d-4542-9c56-eff80821eb65
1995,1995,Sticks 'n' Stones,I Want You In My Bed,08590624-948c-41a5-b0aa-7e9cd54f3bd1
1995,1995,Stik E & The Hoodz,Shake Whatcha Mama Gave Ya,ec6902c4-7589-465e-8aab-173c3ffdc42a
1995,1995,Stilluppsteypa,Keep Checking Speed and Completeness of Urineflow Cut-Off,d9c381fe-8b7d-41a2-bfff-ddb44811c372
1995,1995,Stilluppsteypa,Nova-Disco,fd4d3e16-d091-4194-bbf2-364224c0e87b
1995,1995,Sting,If You Love Somebody Set Them Free (A Brothers in Rhythm Soundtrack),030c49e1-7170-4232-9d9a-a337da3385a4
1995,1995,Stingray,Let The Bass Be Louder,badff18e-a2a4-49cc-80ef-16fa8a02a6ee
1995,1995-04,Stingray & Sonicdriver,As Cold As Ice,03200976-05fa-4361-a567-18627972c0c2
1995,1995,Stingray & Sonicdriver,As Cold As Ice (The Remixes),679feb87-46cc-49db-8b0a-eaa9b8e928bf
1995,1995,Stompin’ Tom,How do you like it now?,72d7ad39-f11c-41a4-b865-4334b8aad41c
1995,1995,Stone Temple Pilots,Dancing Days,bd60ef26-6fe0-4ca1-99e3-dc7e0f7fa375
1995,1995,Stone Temple Pilots,Pretty Penny,93efb1e2-0762-442e-bc13-079c36be04c3
1995,1995,Stoned,Pizza Pete,c1880526-c484-3a9a-95bb-bfbee5a12618
1995,1995,Stormlord,Cataclysm,c197ab9d-0978-403e-a251-9656610fe4ed
1995,1995,Straat,Dance De La Rue,930e8b53-7324-466f-9c02-ecdf398044da
1995,1995,Strange Cargo,Million Town,20284985-74fc-3e9d-a6f6-681b96f81d6d
1995,1995,Strapping Fieldhands,Sun Sun,1d0d49c3-7118-45e6-a31f-0b0362612c8b
1995,1995,Stratovarius,Wings of Tomorrow,bdd87cde-5f28-3eac-89d9-3a58e6279d96
1995,1995,Street Poets,Mindless / Out ta Flip,07cf88a8-7e56-4301-8776-bc51e016726b
1995,1995,Streetlife,Love Breakdown,67409379-f2f4-43cd-8a2c-603d5d9c3aad
1995,1995,Strictly Ballroom,I Love…,f8799933-f15a-401a-a387-20526a23f8f0
1995,1995-08-29,Strictly Inc.,Only Seventeen,5aef2506-d5f7-4633-a177-7beb3cd9d56a
1995,1995,Strife,Grey,3926b4d2-f001-4d7c-ad67-659500803054
1995,1995-09-11,Strike,The Morning After (Free at Last),dd18c861-f147-335a-b188-b5de71e1b948
1995,1995-11,Strongarm,Trials,bc905288-1420-438b-9dad-52ec9004e67b
1995,1995,Studio Pressure,The Water Margin / Fusion,d6eec92a-86f5-3939-a6db-18c3286131ad
1995,1995,Stuntman,The Right Channel,2f633e99-8db5-4a32-a0c6-65694365251e
1995,1995,Stymie,Creepy Boss / France,129ee6ad-3ee6-49ae-9c5b-d080c2e1e88b
1995,1995,Sub-Stance,Edge Of Reality,c04d3ed0-ff9a-4965-b524-dec192a88d6a
1995,1995,Subject :13,Legacy / Joy,72a8f779-c516-4d7b-a638-54e01505cb8f
1995,1995,Sublime,Badfish,b888c7a1-f627-3315-8c4a-a36437ed9c8f
1995,1995,Sublime,Ebin,54ad3f89-3a5f-428b-89a1-0faa58dd80b9
1995,1995,Subliminal,Big Up / Lose Control,69370ebb-cc92-42f0-917d-dc5bdfb1332a
1995,1995,Submission,Wanna B,6759be41-670d-4227-a222-a41406dc2de3
1995,1995,Subnation,[untitled],c0b8d78f-c3f0-4262-8a9e-7019f28e7dbe
1995,1995,Subreption,Listen Up / Time-Zone,ee5443c2-dd71-4695-87cc-d45eda66748d
1995,1995,Subsonic,Lost In Space,31db12aa-93c9-427e-8c1b-937434b2e70a
1995,1995,Subsonic Force,Everything Counts,c242a033-6ca5-4d7b-9af5-a104d82c3dd2
1995,1995,Such a Surge,I'm Real,d59e5c52-c348-39a2-ab88-054668f3dc0f
1995,1995,Such a Surge,Schatten,08bc40fd-e355-356c-8398-200ed8b408b8
1995,1995,Such a Surge mit Jazzkantine,Ich bin ein Träumer,6a9fc506-bb9a-4a9d-b5b4-49e25879c8cd
1995,1995-01-30,Suede,New Generation,3d70fbd3-e105-3617-8b3b-4c9d4192f9ce
1995,1995,Sufi Mind Game,Grozny / Shango,3f047374-3777-42e1-94dc-6d7e53d1df6c
1995,1995,Suga,What's Up Star?,988aa238-6de9-4687-8c3a-e3ea76d67b60
1995,1995,Sugar,After All the Roads Have Led to Nowhere,29ff557f-49ad-4c3a-85a9-e02c50d3ad93
1995,1995,Sugar,“Gee Angel” Live,27638c08-19a3-46d5-8cc3-e71c198f9a4f
1995,1995,Sugar & Spice,Simsalabam (Bam Bam Bam),9b4d1e13-c064-4364-8491-635713af01a4
1995,1995,Sugar Ray,Iron Mic,144b0475-dd8c-4a59-ad7e-85186e348e23
1995,1995,Sugar Ray,Mean Machine,b934e9fc-3a75-4396-b529-538f2562f137
1995,1995-07-03,Sugarbabies,Magic In U,0559a6bb-0003-407a-b22c-957e66fb4b47
1995,1995,Sugartooth,Booty Street,28a70963-34fc-416d-8f4b-064aa983bb59
1995,1995,Suggs,Camden Town,3873e131-2ce3-31ac-a48d-35b723c50df7
1995,1995,Suggs,I'm Only Sleeping,1caebdd9-c594-3328-8614-8ee9ae1a304d
1995,1995,Sulata,Never,6154e7f2-5dbb-4aa1-82f3-6042ef52c408
1995,1995-11-01,Suman Chatterjee,Tribeni Suman And Nachiketa And Anjan,90baf117-3328-479a-b0c7-c7b3a4fd13a4
1995,1995,Sun,Woman,ddaf1776-cf7d-476f-af2f-9d6e193f5e65
1995,1995,Sun-Only-Project,Spirit Of Africa,1408749d-3fb1-4c6d-a6d2-e609e900c552
1995,1995,Sunbeam,Love Is Paradise,29853d10-e9b9-48c0-84d2-98ed67fd4da8
1995,1995,Sundial,Bad Drug,039ccef5-f9f8-4c66-9b5f-b44a55569fe4
1995,1995-06-01,Sundown,2 The Top (Take Me Up),174f6c20-17df-4e6f-b8ba-97e9af0876df
1995,1995,Sunglass,How Long Can You Stay Angry?,a3639933-1487-483c-ac2f-f3d8bd732f34
1995,1995,Sunrise Society,Robot Rebellion,b0b5eb1b-f241-3882-8dfa-0b1093b81b0b
1995,1995-11-06,Sunscreem,Exodus,120949a9-bd0d-34ce-9ad0-938cf3ef0213
1995,1995-08-21,Sunscreem,When,005e8c94-ea77-342b-9890-1dba98c9f483
1995,1995,Sunshine Productions,Above the Clouds Remixes '96,272c563f-3d91-4233-9a17-36bf45af5c64
1995,1995,Sunshine Raver,Sunshine Reggae,649205d7-5100-43e6-9806-9a392b87e56d
1995,1995,Sunshiners feat. Roussia,Ailleurs,71c010e8-9dce-4be9-8ffc-ecae02d6b9b1
1995,1995,Sunz of Man,Soldiers of Darkness / Five Arch Angels,68db817a-7dbb-3f2b-a600-130a185bd87b
1995,1995,Super Cat,Trash and Ready,a77adf5a-ecc6-4afb-98e0-1ffc089660be
1995,1995-03-27,Superalmendrado,Gotta Give It Up,a4821c5a-ed73-47c9-b76f-70e3958f8149
1995,1995-08-24,Superchunk,Hyper Enough,1d2243d2-1ee0-3a32-9f1c-eb8b1d6c46b0
1995,1995,Superchunk,"Yeah, It's Beautiful Here Too",1a326f6d-5bb7-45b1-9796-9a2cf03936d3
1995,1995,Superchunk / Tsunami,Kicked In (Acoustic) / She Cracked,1bf5a29b-1bef-4914-933d-57c4a590f130
1995,1995-06,Superdrag,HHT,a5eadcf6-525b-4812-9e2a-3f2afd982656
1995,1995-09,Superdrag,N.A. Kicker,8f8e5fdb-d8da-3af8-9f19-650ea1722f9e
1995,1995,Superfly,Move to the Omen,db3646a3-c424-408e-bd7f-4f3991d2f8e5
1995,1995-07-03,Supergrass,Alright / Time,d53d32a0-43b4-3a80-8230-46da26b11a6f
1995,1995-05-01,Supergrass,Lenny,f82a2c62-731e-3cdd-90f3-590c64ab4d2a
1995,1995-03-14,Supergrass,Lose It,49450bbc-5852-42a8-a243-4cbe36e3fdcd
1995,1995,Supergroup,It's Not Like That Anymore / Telepathic Catchy,e21c84f3-404d-4a4a-ac3e-e5876a42edc2
1995,1995-10,Supermodel,Penis Size and Cars,c01faedf-e46b-4433-91c9-12921f908c2d
1995,1995-07-11,Supersuckers,Born With a Tail,e903dd0c-b480-45d3-979a-8a89bd9d29ba
1995,1995-08-14,Supersuckers,Marie,054f4d15-88dd-4519-8f40-9788146fded7
1995,1995,Supersuckers,Sanitized For Your Protection,c1864b22-01c3-30d6-80a6-99d6d277f8ee
1995,1995,Supperheads,Life's Just A Picnic,061543f4-9c59-466e-bc89-f03ce30c8fd2
1995,1995,Suprême NTM,La Fièvre,0cbb5830-5389-300b-b17b-4113f8b443af
1995,1995,Suprême NTM,Tout n'est pas si facile,c040c36c-ee79-3f56-91e6-55699947b83d
1995,1995,Surface,Old Skin Virus / Canna-B-Is Green,a8795b1e-a13d-45a8-b922-fa921dbd1b76
1995,1995,Susan Aglukark,O Siem,8bc9cfdf-39fc-467a-b5f1-c1ef10da5433
1995,1995,Susan Aglukark,Shamaya,6438b79d-e75c-460b-a15d-47c347275867
1995,1995,Suspected Hippies in Transit,Anti-Heroin Campaign,c72f7c4e-4f47-48e2-ac37-4519a9efd548
1995,1995,Suzanne Little,Tragic Flaw,39e9669e-fcc2-4575-9f47-ad0e5fee9ad1
1995,1995,Suzi Quatro,What Goes Around,73c47fd4-9938-4478-aa54-67c5157ab983
1995,1995,Svelt,Ditty,924d3d10-b266-40e2-afa4-7bd84233ef7a
1995,1995,Sven Gali,Samples,2d7c7bba-87f5-4b3e-85ff-461ebd36dd20
1995,1995,Sven Väth,Ballet-Fusion,5aa7752b-e390-346c-bb8f-88d9a44ffc4a
1995,1995,Svenne Rubins,Aldrig Mera Skall Jag Spela Korp,3b0bd49a-bab2-4c5a-bf09-fad2d4ee553c
1995,1995,Sway,American Love,33edbcd5-dcaf-3528-8f33-09bd0d7f992c
1995,1995,Sway,Yum Yum Gimme Some,077a7161-df5b-408a-9a8f-dedca29a836d
1995,1995,Sweet Drop,Hallelujah,f6cae221-6b29-4a8e-92f6-94336875d17a
1995,1995,sweetbox,Shakalaka,428719ff-fb57-4296-98d5-3ec00f1fa386
1995,1995,Swell,What I Always Wanted,1fd5249f-3658-406f-884a-ce04bf159421
1995,1995-03-10,Swervedriver,Last Day on Earth,da87df52-7459-4124-a9c7-e9f1d3ffa453
1995,1995-10-09,Swift & Zinc,Fatters / 12 O'Clock Drop,3dbdf4d5-3012-422a-8abe-c97167d00f31
1995,1995,Swimmer,Sinking My Tin Boats,8b038f1e-4d59-4ace-b41f-d3800443407a
1995,1995,Swimotion,The Way of Light,2611a300-f3cf-4628-b028-a7ccceea84a9
1995,1995,Swing feat. Dr. Alban,Sweet Dreams,350f00d1-cc07-3f68-96e1-8c0b61b99fb6
1995,1995,Switch,Take Me 2 The Top,92de2a25-f5c7-425a-8986-56e129199603
1995,1995,Swoon,House Of Naf Naf,fcca90bb-ba87-4f50-9fa0-8f0caaee2732
1995,1995,Swoop,Apple Eyes,c2fce802-122c-347b-af28-3ad18aac0141
1995,1995,Swordmaster,Promo Tape 3,222dd244-6bb1-4476-8810-2486d4a3e40f
1995,1995,Symmetry,Hardcore Vibes,eb5cb7ae-fc68-4f70-a2e5-56df3246af1f
1995,1995,Syn-R-G,The Age of Syn,8d15b6ff-94b7-433c-818f-c2bbf868f16d
1995,1995-11,Syntec,Angel,2ebcc0b8-80eb-3b3a-befd-c38f16fdd164
1995,1995,System 4,Feel No Way / Ghetto,1b87d235-4a0b-4ae2-8695-1e30827884c8
1995,1995-04-03,System 7,Alpha Wave,59cc7f24-1426-3796-8934-485cac0f1d9a
1995,1995,Systematixx,Move It Up (Gimme Your Lovin'),7e6195a7-16a1-4ff5-a95f-8d9c2a226f49
1995,1995,Systematixx,Power Of Love,f5bb717c-29c8-4f56-8fc3-5e5385b2702f
1995,1995,Szandi,Jódli-Dili,092a723f-98e7-44d0-84cc-ef6b99fa0111
1995,1995,Szigeti Csaba,Új név a régi ház falán,03a2227f-d1ef-4da6-ae4a-df89ce939b79
1995,1995-09,S·Core,Finger Mark,d6248b17-277a-4988-b753-d0a775dcd7ed
1995,1995-01-01,Sísmicos,Ticket To Ride,302af6bc-7983-40c3-9af3-fb4a1b2e1e84
1995,1995,S‐Connection feat. AnaBelle,Bodytalk Remixes,d745167b-7bb9-4766-b9a1-2720aec9a0a5
1995,1995,T 4 II,Last Train to Love,3e7f7a47-9718-440b-b3c4-68dfe83a54fe
1995,1995,T Power vs. MK-Ultra,Mutant Jazz,9ba9a6cc-d4ea-415f-ba69-5d3fff4e4289
1995,1995-08-02,T's WORKSHOP,時を越えて,33177a9d-165d-4229-9940-28b765750291
1995,1995-08-28,T-BOLAN,SHAKE IT,06e12203-9643-4b32-a37e-ec277a0608ec
1995,1995-11-20,T-BOLAN,愛のために 愛の中で,6cd6d407-a481-4af8-a19d-710985b7df10
1995,1995,T.A.S.S.,Lust for Life,852e2f4b-b71c-4264-8d5e-fac3c11de7fc
1995,1995,T.E.K-No!,Organsm,9de0405d-9ed2-4b17-bcb9-ca4166844e2f
1995,1995,T.H. Express,I'm on Your Side Remix,af5423c2-5ce5-31e6-8caa-425eab079a4e
1995,1995,T.H. Express,Missing in the Rain,16fda8f5-32f4-4c62-a42e-2bc500d05a2f
1995,1995,T.I.C,Far Gone (remix) / Night Vision (remix),36efd05a-652a-41b1-889d-ef0a9eff39ef
1995,1995,T.I.C.,Far Gone / Night Vision,7f9a14d0-cda6-4f13-b5e1-aff5bf9212ac
1995,1995,T.K.C. Overload,Livin in the Jungle,0c7f2219-5982-461f-b035-bdb2518ac4f1
1995,1995,T.O.F.,Feel This Groove,89708ca5-8aa9-4d7c-ad7e-e03dd95e9346
1995,1995,T.T. Fresh,Get Loose,5f5e5a16-eb93-415f-82e4-cc4cae224dbb
1995,1995,Tab Two,No Flagman Ahead,70768a86-ee24-436e-8639-b6d7b7e04b3c
1995,1995,Tab Two,No Flagman Ahead,b368a65d-b1f6-4d14-bc26-2a13577545d3
1995,1995,Taboo,I Dream of You Tonight (Bab Ba Ba Bab),b9740b77-9a45-4c02-84ae-dbb93c0cc5e9
1995,1995,Tad,Dementia,a1af69fc-4ba0-4469-a1c9-3df4f80fb4c9
1995,1995,Tad,Red Eye Angel,93971339-346f-399a-a43e-65d7480f5dc4
1995,1995,Tad Hunter & Prento Youth / Military Souljah,Sweet Senorita / Tek U Man,95785d7a-c231-4701-b5c4-009d1df3a06e
1995,1995,Tad Morose,Sender of Thoughts,81698651-9ef7-4d42-9007-6fbe9ea84db6
1995,1995,Taft Hotel,Free the Witches / Purple,7d8df23d-a56e-4fa3-bd87-464f381a58fa
1995,1995-09,Tag Team,Funky Situation,80c669f4-71f8-3460-8213-94bb85576f4f
1995,1995,Taikapeili,Nyt kun nähdään taas (Moi),12501e7d-41e8-4fb1-a8ec-b9a015e921f7
1995,1995,Tak Tix,Feel Like Singing,6020cad8-e877-4ec9-881d-a71a970d8964
1995,1995,Take 6,Almost Paradise,6024954b-5f73-4749-b911-c4b43a082dae
1995,1995-03-27,Take That,Back for Good,0ff1f39e-c597-3b3c-b120-44c8fbb37618
1995,1995-07-24,Take That,Never Forget,9d821a05-2625-3c96-8229-7baf3ea0d182
1995,1995-09-21,Take That,Sunday To Saturday,43374d90-3305-497a-b459-5707b2cdd644
1995,1995,Takáts Tamás Dirty Blues Band,Az asszony mindig pénzt akar/UFO,d020bccd-e7c8-3cac-815c-dd8f8bae5752
1995,1995,Taleesa,Burning Up,e1bc518c-76da-3182-866f-deb848eb4f2b
1995,1995,Taleesa,Let Me Be,66a62860-01a6-3d64-a2c5-50b1b3915726
1995,1995,Talitha K,Autumn,399f9a0a-ccfc-4cf1-9a1e-095ed662ab21
1995,1995-01,Tall Tales and True,Moonshine / Happy Birthday,d845fe41-c57f-4f21-b5b2-0370c0620ef3
1995,1995-03,Tam Quam Tabula Rasa,Cotidie Morimur,18bb6961-1b1a-40c7-ac9c-8cb0a23e8cef
1995,1995,Tammy Why Not,Party on the Prairie,6b137ed8-ed7e-4264-843e-c26d22e4c94a
1995,1995,Tan-Ru,Changeling,7f74c67b-36a7-4007-a9ee-6891ba3c1e1a
1995,1995-06,Tangerine Dream,Tyranny of Beauty,7038d35e-7a34-4dc9-b1e4-99de3318596f
1995,1995,Tanita Tikaram,I Might Be Crying,e65253dc-ffc6-377c-bc07-08f609f79009
1995,1995,Tanita Tikaram,Wonderful Shadow,15437e37-e197-45cf-b1ca-f4578024b3e7
1995,1995,Tanita Tikaram,Yodelling Song,820757b5-2538-43ab-9af5-a671dabf13c2
1995,1995,Tankard,Minds on the Moon (Rough-mix),74b55ef5-947d-4532-b750-760f16ea71de
1995,1995,Tansads,I Know I Can (But I Won't),d8c8bf34-0f03-4a4a-8e92-306dd44bdd57
1995,1995-07-17,Tao,Power House,40f35692-4afd-4de6-b11b-61e207ee0ef1
1995,1995,Taone & Datman,Kill Dem All / Nile Prophecy,9540f78f-30a5-4ddb-8b8d-fccdcd1694f9
1995,1995-01-25,TARAKO,JUST LIKE A MOTHER,9f6a665f-d717-4843-bed7-1d3111a4fa1b
1995,1995,Taras Bulba,Basta Cosi,c619de0b-8981-4080-b82b-c41bfe8615a4
1995,1995,Tarkan,Şıkıdım (Hepsi Senin mi?),7a995c2e-39b5-3201-be2d-ddd8fa60830e
1995,1995,Tasha,Take You to the Top,24d213c3-2258-4e7e-8ccb-50f70d60a993
1995,1995,Tasha Killer Pussies & Chris Liberator,Break It Down / Avenger,0e4fb7d2-4649-41ec-adde-8f69411deca3
1995,1995,Tata Box Inhibitors,Protein,c0185933-20e5-40f8-b473-49bff28546c9
1995,1995-09-11,Tatjana,Santa Maria,652db5de-56a2-49fe-b6e4-8ab834774bd4
1995,1995,Taucher,Infinity,f4545d3c-56a9-3830-930a-af8ec91d48dd
1995,1995,Tausend Andere,Tausend Andere,87f31758-2b78-405a-b1ac-b19d3ecf5c65
1995,1995-11-06,Taylor Dayne,Say A Prayer,cb9aed13-3c5e-4bf4-b640-fd2c4e1ea0a2
1995,1995,Taylor Dayne,Tell It to My Heart,ec9a235a-8a30-3023-87c7-c10613ef4c35
1995,1995,Tazmanian,Mastermind,38d045cb-61e3-4aab-b7d9-1f5cbf9ba3e0
1995,1995,Tchaikovsky,Classic Mix: Nutcracker,03bda0e6-7226-4645-92e9-91aa44e640bd
1995,1995,TDK,Hype Time,42c46e5e-2e0d-4081-98ca-6f4a6a47fba5
1995,1995,TDK,War in New York,d9995b39-65c1-4173-9a58-cbd5ad8b744d
1995,1995,TDK & Formula 7 / B-Jam,Untitled / Funkula,d84cac86-ee8f-4767-aaf5-7fcadab2da54
1995,1995,TDK & The Chemist,Part 2,d72771ff-951d-4fc2-a83d-f5ef01453714
1995,1995,Tea 4 Two,Lecę,1c953ce7-90b8-44ee-9177-5270964aa28c
1995,1995,Teach-In,The Hits 15 Original Hits,92282c90-349a-4467-8551-9d0525a48728
1995,1995-11-22,TEARS,あの空を忘れない,4f863cad-aaee-48df-9ab8-67f51901b2d0
1995,1995-10-03,Tears for Fears,God’s Mistake,e2bff8d9-39d5-3862-a4f6-f372c2e7af98
1995,1995-09-25,Tears for Fears,Raoul and the Kings of Spain,aeaa2fee-f9b3-3945-9457-305edcddc326
1995,1995,Tears for Fears,Secrets,5383888f-3a5f-463d-8ccb-52039e280042
1995,1995,Technique's,This Old House,59ef52f9-761c-30d7-83f5-bb020a040a1b
1995,1995,Techno Cat,Bounce,7b61720a-767d-44b9-9f03-fec66deb4a40
1995,1995,Techno Junkies,Act Two,957c466f-634f-469d-a8df-5b92c0a4e910
1995,1995-11-20,Technocat feat. Tom Wilson,Technocat,bd4a4d81-b2d2-30f9-a25d-c2339912647c
1995,1995,Technohead,Headsex,eb55b553-1ba8-4aea-9f6a-ce89854eb666
1995,1995-07-01,Technohead,I Wanna Be a Hippy,6907d196-8be2-37ba-9b0f-f7dbeacfd3a4
1995,1995,Technohead,I Wanna Be A Hippy (Remixes),999d7d9c-11b0-4d44-8dbf-7736b738214c
1995,1995,Technosis,Rushbins,016b01a0-b6c3-48e8-be09-5602dfec1d2d
1995,1995,Technotronic feat. Ya Kid K,Recall,c31b0915-6f23-35ae-b424-3a407f05abfd
1995,1995-10-23,Technova,Transcience Remixes,66433475-039b-4148-ab3b-257582d6c280
1995,1995,Ted Nugent,Hot or Cold,a9bc9759-17c6-4cf0-b1d4-19e39c74706b
1995,1995,Teddy,Are You in the Mood,141ed16b-4090-4d78-b2ee-4c1ad2bda45a
1995,1995,Teddy Boy,Master of Sex,8a5c5d4f-2f0c-4306-8098-286ec0811e56
1995,1995,Teen Angels,Teen Dream,cace1bd0-c195-44bd-a1ad-525e040d01b0
1995,1995-03-27,Teenage Fanclub,Mellow Doubt,0bacd94a-9d4e-365b-a613-08248d602688
1995,1995-08-21,Teenage Fanclub,Neil Jung,66a0c8d5-a6f8-3bb4-b2d3-a69f86b12a5f
1995,1995-05-15,Teenage Fanclub,Sparky's Dream,38237175-da2f-3f25-89c6-44ef0463dcc6
1995,1995,Teenage Kicks,Call Me on the Phone,289e6011-f857-4100-ad4c-cd92c38d254c
1995,1995,Teengenerate,Out Of Sight,a84110c1-af7a-4788-a8f0-5073ee9d56ac
1995,1995,Tehosekoitin,T12VM,f8a372b6-0ae6-36c3-9ff8-e989d72d5422
1995,1995,Tek 9,"Old Times, New Times",e734d8dc-dc30-47ad-bfa2-741c950444bf
1995,1995,"Tek 9, Manix",Inside Outside / Jus' Can't Keep My Cool,e38e568b-b084-4d9b-bc0e-95a7e59fd5e8
1995,1995,Tek for Trek,Degh,0adbeef4-a8c9-38a6-8035-5ca8fed316ff
1995,1995,Television Personalities,Do You Think If You Were Beautiful You'd Be Happy?,3f6f1484-9c27-41b4-b45f-520f58aad54c
1995,1995,Tellus,Get Em Up (Boom),e45bd410-7fdb-4d3f-8689-4759b2d65443
1995,1995,Telstar Ponies,Her Name,6f2e31db-81c7-3214-9dbf-b61476b3cd79
1995,1995,Telstar Ponies,Not Even Starcrossed,5ec5b5b1-59d8-3633-9371-827a245f89b0
1995,1995,Telstarr,Paranoid,aa9ce867-b1f0-35aa-8e1c-a4ba3829aa33
1995,1995,Temperance,Never Let You Go,bcb01317-0064-4bcf-9cbc-69e1a229a4b8
1995,1995,Tempest,Keep The Secret,15f9102d-398a-4472-8046-c5f0229cd956
1995,1995,Temple Gods,Heavens,87d72449-b3d0-4a6b-9b1d-9f9453d94f09
1995,1995-11,Templebeat,Wicked! (And Other Shocking Stories),969169d4-bb94-4241-8930-d6fffdba226a
1995,1995,Tempo,Een Hele Zomer Lang,fd886b5a-aef8-47c4-bb51-cadf2f546c5b
1995,1995,Temptation Project,Planetary Feelings,6734b70c-92c5-47db-afc0-ab23e138d1ca
1995,1995,Ten Minutes,Love,52b7fc54-6d95-3c9a-b7a8-cb734cc3afd2
1995,1995,Ten Minutes,Your Toy,7d9e9c5a-ba83-3d72-b23a-4bd8fae11870
1995,1995,Ten Sharp,Feel My Love,dc5ac438-39b4-46c6-bdaf-f673c7a99f9b
1995,1995,Ten Sharp,Shop of Memories,db30eb0c-8209-47e9-b11d-2fefcbf364e0
1995,1995,Ten Sharp,Whenever I Fall,99cd8b8c-ab1f-409f-8843-a958b9a1cbd5
1995,1995,Ten Thieves,It Don't Matter,f83942eb-0a19-4ef7-a25e-526d5cd22ecd
1995,1995,Ten Thieves,Straight From the Slums,31dd754b-da4d-4d75-9b55-f7a66fcbaee6
1995,1995,Tennessee Ernie Ford / Gene McDaniels,Sixteen Tons,96ddf7b6-ed52-49e8-8210-46beccc5cc54
1995,1995,Tenor Fly,I Get My Kicks,3fd6d5de-c3b9-48e8-87bb-fa787d7e7606
1995,1995,Teremoana Rapley,Four Women,76b702ff-98db-4cff-8eec-6f39745fc633
1995,1995-03-27,Terence Trent D’Arby,Holding On to You,0a33426d-c520-37b9-853b-8de95ca0faf9
1995,1995-06-21,Terence Trent D’Arby,Vibrator,8015a231-08bb-34a3-bfdb-1c101599f251
1995,1995,Terms Of Being,Methodes Of Deep Diving / Ionic Migration,40ed53a4-c892-4253-a19a-d9a1f4f31922
1995,1995,Terratropin,Channel Pressure,38e40ecf-ac3b-4172-8cdf-70605c177330
1995,1995-03-20,Terror Arnold,Terror In Darmstadt,aa472fb1-8f18-44bf-a256-45329cc5d9f5
1995,1995,Terrorgruppe,Keine Airbags (für die CSU),63f96098-d9c0-4c37-b2e3-ec2eda3bc0cd
1995,1995,Terrorgruppe,Kinderwahnsinn,c13d11e5-bd83-4716-b826-1cbd2da91a7e
1995,1995-03-06,Terrorvision,Some People Say,5a8377d6-e1e1-3942-a603-640aca1967d2
1995,1995-08-18,Terry Edwards and the Scapegoats,Girls & Boys,f9b3d55f-3e0f-4bab-a8bc-e4c7a5b12dbe
1995,1995-10-09,Terry Hall,Rainbows E.P.,7cc09d06-fed0-4216-86d3-666e902f006a
1995,1995-12-12,Tesox,Experimental,7970ed6c-988b-356b-bd4f-55dbb5d1e827
1995,1995,Tesox,Funky Bassline,e7c5bd17-6d60-3ad2-b021-89cbd3e96101
1995,1995,Tesox,So What You Want Me to Do,082d8739-7909-36a0-bda7-c4ff302cedd5
1995,1995,Tesox,The Hand of God,5aac210d-5b2b-3284-aa70-79c9a5864367
1995,1995,Texture,Take A Chance On Me,f7edd5af-10a6-42d4-b1c7-9f2089a9d256
1995,1995-02-28,Tha Alkaholiks,The Next Level,9c79d85a-b00f-4e8d-a210-fa4be80eb57d
1995,1995,Tha Dogg Pound,Do What I Feel,3f05be10-0c06-471d-a044-8967fe2ef5d2
1995,1995,Tha Dogg Pound,Let's Play House,1d5be86c-9fab-4fee-b74b-3f81659255ca
1995,1995,Tha Dogg Pound,"New York, New York",84a06174-44ec-4903-9203-a94b3ee60bde
1995,1995,Tha Dogg Pound,Respect,6f8b2d30-8467-4d00-a29f-05057a98d5ee
1995,1995,Thalía,Amándote,ce8f0a66-9b51-4fb7-9753-9874e703b854
1995,1995,Thalía,Piel morena,ddafd2f1-fab7-4bcf-9111-f20a306fa6a2
1995,1995,Thalía,Piel morena (remix),8ad2c6d4-17dd-4f75-972c-68cb814e1421
1995,1995,that dog.,He's Kissing Christian,1e53dea8-c14c-4d32-bacc-7ec4049aebfa
1995,1995-03-20,That Uncertain Feeling,Brother,91010dbb-1ace-4132-9616-6dc98b1dec1f
1995,1995,The -X-,New Dawn,b8edc53f-a077-470e-b801-94a1849b5c3f
1995,1995,The 4 Beater / Oasis,Let Go / Incredible Bass (Slipmatt-Awaited remix),d969b140-29aa-4be4-b6b2-eea33eb9741d
1995,1995,The 69 Eyes,Velvet Touch,c2313e32-26b8-428f-b177-cf2b37affa43
1995,1995,The 6ths,San Diego Zoo,4760cebb-aae1-4f7e-823a-f4713f157d95
1995,1995,The Absolute feat. Suzanne Palmer,There Will Come a Day,a5ff248e-b561-363f-9884-22f9080e0ec7
1995,1995-11-13,The Acoustic Hoods,Cycles of Time,9e8d90e2-565c-47c7-ab7b-a2c17de27df3
1995,1995,The Affair,If Only You Could Be Mine,d0ef800d-ea8f-4108-a47f-117546c57569
1995,1995-05-01,The Aloof,Favelas,dd990309-f9ef-4b98-a278-222543efde86
1995,1995,The Aloof,Stuck on the Shelf,803ded14-8303-4902-b47f-e39b676496e5
1995,1995-10,The Amps,Tipp City,4548d14a-99ec-3437-b686-37bf07fb9d90
1995,1995-06,The Angel,Step Into the Light,9be49dd8-a987-3e17-ad7f-c6312d74e2ed
1995,1995,The Angels,Turn It On,e6434bb5-2896-46b1-a544-6d47fbd1918d
1995,1995,The Apples in Stereo / Heartworms,The Apples in Stereo / Heartworms,fc31a5a8-f732-3338-9ca7-17d7f94d0272
1995,1995,The Apples in Stereo / Sportsguitar,Stolen Ecstasy 45 Chapter Two,7edf8e2d-6d67-4b24-a985-12479c379a15
1995,1995,The Assailant,Rolling in Bass / Next Step,bd1333a4-71dc-44d0-8adf-322489909421
1995,1995-01,The Asteroid # 4,The CIA Took My Dog Away / Mellow Beach,1502c570-0cba-3143-8849-babab00da5a4
1995,1995,The Asteroid # 4 / Lenola,The Asteroid #4 / Lenola,8cbbb4c8-eb12-3f86-b90e-1cbbe68bbe33
1995,1995,The B.U.M.S.,Elevation (Free My Mind),bd6f5944-fbe0-406f-92fa-18882adcc177
1995,1995,The Badlees,Angeline Is Coming Home,b71c8858-2f26-4c22-aed4-d61553751572
1995,1995-10-09,The Bardots,Carrion,965653b2-36ab-419d-90d4-e7b6b2d0179b
1995,1995,The Bates,A Real Cool Time,2ecc0313-e30a-442f-b4ed-fac5a63a33d6
1995,1995-06-26,The Bates,Billie Jean,177b63ae-6455-3f09-8bfd-a4886fcd32f7
1995,1995,The Bates,Say It Isn't So,977c8706-87fb-31e2-97ac-73f16b72ea56
1995,1995-07-04,The Beatles,Free as a Bird,6ae45e48-6f64-3041-a532-8fb3eefe20f5
1995,1995,The Beatsquad,Miles of Smiles,35e0b5a7-dc78-4510-a890-afa3cbedfc61
1995,1995-07,The Beautiful South,Dream a Little Dream,0dc63974-5ec0-3e57-b031-c79e3c7a4451
1995,1995-11,The Beautiful South,Pretenders to the Throne,ede7971d-b2ce-3b88-ad15-ee337de623f9
1995,1995-09,The Behemoth,The Behemoth,a9732806-0402-4010-a590-f93ef7dcad4b
1995,1995,The Bellamy Brothers,We Dared the Lightning (dance mix),c8011aaf-64b4-3781-a81a-ba78ffd1492b
1995,1995,The Beltway Bandits,Groove It Y'all / Higher,e7ea303f-f0fb-37cd-a32c-be22bed4f7a3
1995,1995,The Bevis Frond,Dolly Bug / Green Park Saturday,120488de-677a-46d1-a3c2-acb420822948
1995,1995-05-01,The Bevis Frond / Prime Sinister,Sociopath / Images,86cf8931-9b53-4992-a2d6-8f7c6fd09336
1995,1995-07-10,The Black Crowes,Wiser Time,25490b15-80c1-3abc-9578-8290d99a9601
1995,1995-06,The Blackeyed Susans,Let's Live,c019b767-7c8c-3877-9b6d-26d655253956
1995,1995-09,The Blackeyed Susans,Mary Mac,2c1c7081-b921-3949-843a-61c76b6ceb36
1995,1995-06-12,The Bluetones,Are You Blue or Are You Blind?,63967246-7bc6-3579-88d4-c0c3627e63e2
1995,1995-10-09,The Bluetones,Bluetonic,99d124a7-23d6-3b1e-8ccd-3082a5461476
1995,1995,The Bogmen,The Big Burn,273013cd-7410-3044-889c-4aea4af23f49
1995,1995-04,The Boo Radleys,Find the Answer Within,5f2b7119-a4eb-3c51-8f87-e2f13538d53a
1995,1995-09-25,The Boo Radleys,From the Bench at Belvidere,7a3e49e3-713f-37c5-a99f-7f83d8a9cda6
1995,1995-07-29,The Boo Radleys,It’s Lulu,aeb97e58-daa4-34f0-b05d-cb83fc29b347
1995,1995-02-27,The Boo Radleys,Wake Up Boo!,3663c9df-d2a2-341d-abf5-15372b6a832f
1995,1995-03-24,THE BOOM,風になりたい,840b20b7-acc0-4cc6-9427-cd573ce5d335
1995,1995,The Box Tops,The Letter / Cry Like a Baby / Choo Choo Train,d508a0c5-3951-4a49-8597-23f94d81f39b
1995,1995,The Brand New Heavies,Close to You,2192b125-cee0-448b-8497-d898cdbbf6fb
1995,1995,The Brand New Heavies,Mind Trips,95bbe45a-ae1f-4186-bf59-ed7854acd31a
1995,1995,The Brandos,The Light of Day - The Single,897540e1-ebd5-4b8d-932d-5effeb85c6b3
1995,1995-05-10,The Breath of Life,Shining,ec13d951-756c-33b8-85df-c28201b383c1
1995,1995,The Brentwoods,Do the Bug With Me,ae7849f2-bd02-373e-a8fe-ea7f39121080
1995,1995,The Broadcast Choir,Songs That Sunk the Titanic,d1f5e20d-abb3-4b9b-83b5-0b8b86d4ae70
1995,1995,The Broadcast Choir,The Chapel Song,7bfd5fb8-de5e-4ab6-817e-698fee9169bf
1995,1995,The Brother Hood,Brotherhood Vol 2,c465befb-7d74-4ced-9607-af87d0e39449
1995,1995,The Brotherhood,Alphabetical Response,73d1529e-b16c-46a6-b934-fc5da5e5d900
1995,1995,The Bubble,The Bubble,4e27aac5-b212-499e-942d-823b1bdbfe9e
1995,1995-02-20,The Bucketheads,The Bomb! (These Sounds Fall Into My Mind),cfa79b5f-3ef8-31ba-a70a-2a54afd4a3da
1995,1995,The Campus Tramps,Power Pop Pauline,2e7f4d64-be28-415a-a9fe-9a583cffea15
1995,1995-05,The Cardigans,Carnival,56990216-e03a-315e-a8c3-4a5e90890ba8
1995,1995-05,The Cardigans,Hey! Get Out of My Way,c038a8d6-cd71-3e47-b820-581c6d4789a6
1995,1995,The Carpenter,Nitrious Oxide,522b46f8-a805-4073-9c78-d004b70acc30
1995,1995,The Cartell feat. Ruby Turner,Walk On By,ee1bf582-2327-40d3-9234-2d47f36c030a
1995,1995-08-25,The Chameleon,Just Close Your Eyes & Listen,22a84ec0-f124-4d73-9789-c3f627a77a7c
1995,1995,The Chameleon,Links,1186f60d-fe6c-4e4c-8e1c-211da29e865b
1995,1995,The Chameleon,Links / Just Close Your Eyes & Listen,cf5297cc-e1bc-3955-9104-685787219185
1995,1995,The Championettes,Vlaamse medley,28c4000f-e8b9-4d8b-a626-db5b4abaee5c
1995,1995-05-08,The Charlatans,Just Lookin’ / Bullet Comes,fb1a6582-e871-36c3-98f0-65e395ed3f9b
1995,1995-08-14,The Charlatans,Just When You’re Thinkin’ Things Over,610513db-f409-30a4-a4e7-e8d5579b85eb
1995,1995,The Charlatans,The Charlatans UK v. The Chemical Brothers,f9cacd95-a247-3e42-b103-1ccb68b0dde4
1995,1995-12,The Charles Napiers,Valerie,8c4fcba4-65e8-4c53-9d99-1d547c5054ce
1995,1995-06-05,The Chemical Brothers,Leave Home,794d4d43-8952-31c6-97fd-741603f8deef
1995,1995-08-28,The Chemical Brothers,Life Is Sweet,b2801fa9-1052-3f1b-b207-00d0d720449e
1995,1995-07-17,The Chieftains feat. Sting,Mo Ghile Mear (Our Hero),0a67e7ca-4f28-4643-920f-4609cd17e590
1995,1995-03-03,The Chieftains with Van Morrison,Have I Told You Lately That I Love You?,6a9783f5-9bb5-41db-ac8d-b3bf56d7b5f3
1995,1995,The Chipper,Acid Elic,7de73eef-db1a-4b3d-80cc-f9bb9e67e496
1995,1995-12-30,The Choir of Wrath,Body Horror,b0eaed51-c8fd-4de7-a75b-791c121071b9
1995,1995-12-25,The Choir of Wrath,Insult to Injury,172f0ff4-d038-4096-a8dd-4a67d5264120
1995,1995,The Clement Peerens Explosition,Foorwijf!,22161def-3b88-3c7d-915e-00ecd763c001
1995,1995,The Click,Hurricane,4a14cbca-1fa8-4ae0-bf08-96c6b38c57ec
1995,1995,The Coalminers’ Beat,Probably,510e4288-95dc-4a50-8d24-b603a13b5b46
1995,1995,The Coalminers’ Beat,What D'You Want?,070bc265-e176-4ad0-ac5b-a92947d31c31
1995,1995,The Cogs,(I'm Moving to) Seattle,c21ae554-8e08-498c-837a-9f7a256b15bd
1995,1995,The Cogs,The Dianetic Lover,6c9c6884-2ae3-4502-a76a-295d269e8cb5
1995,1995,The Concept Of Alps,Intensity,7edcbf49-24f4-43eb-adfc-89a917d3fb82
1995,1995,The Connells,Doin' You,82fae20f-58f2-4c57-8a55-cd0f2ff82fa8
1995,1995-12-23,THE COOL CHIC CHILD,GROWING UP!,7e7634b0-bac8-4270-b9f0-a6ffb7391d69
1995,1995,The Coronation Street Cast,The Coronation Street Single,ade25ebb-1ec1-4bbf-bbc0-55cf791cfc6f
1995,1995,The Corrs,Runaway,7c00e619-901f-3f34-abfc-da5425280b4c
1995,1995-05-20,The Corrs,The Right Time,e2e215e2-7523-31fb-983d-96015209b73e
1995,1995,The Coup,"Fat Cats, Bigga Fish",2a738192-8322-4267-a66f-fe04ed9b3661
1995,1995-02-20,The Cramps,Naked Girl Falling Down the Stairs,aebc13f1-6a8e-4f9a-b515-7bb87a39f768
1995,1995-02-21,The Cranberries,I Can’t Be With You,e575639f-04e2-3899-974f-94218e37c300
1995,1995,The Cranberries,"Island Records, Inc",fa99d90f-8a1f-44e9-b240-4e8dc2b78942
1995,1995-07-31,The Cranberries,Ridiculous Thoughts,bdb8bcae-290b-35c5-95fc-a9ba55f3f087
1995,1995,The Crownhate Ruin,A Primer,57ca3685-46bf-4665-90a7-142c3ae8cc3f
1995,1995,The Crownhate Ruin,Elementary,8e39bb64-944f-4e5e-9603-3e46d33857dd
1995,1995,The Crownhate Ruin,Intermediate,9055e8f8-b6ee-41ef-9506-7e6a57e4ab4b
1995,1995,The Crystal Method,Keep Hope Alive,3c5f0d24-9007-3f04-a433-f93466a3b5e0
1995,1995,The Cure,Dredd Song,a774a372-dbbd-3120-88dd-cec04b4f5615
1995,1995,The D&D All-Stars / Big C,"1, 2 Pass It / Look Alive",3d8e6f19-b3ec-4965-866f-85b964c594b4
1995,1995,The D.O.C.,Return of da Livin’ Dead,17b2844f-5ed7-4c09-860c-2e5b57852dd0
1995,1995,The Daffodils,All I Have to Do,02826730-0dca-45c9-a278-40f424b32c5d
1995,1995,The Dambuilders,Drive by Kiss,d9c72af1-315e-3779-82b1-2c6a39a33be6
1995,1995,The Dambuilders,Smooth Control,bbd7ac14-00ea-3a0b-bc23-d1977994ad7b
1995,1995,The Dambuilders,Teenage Loser Anthem,b7220c5a-8a73-32d1-b22e-0fdd5f177df6
1995,1995,The Dave & Deke Combo,Chew Tobacco Rag,311bb488-2983-4899-a2bb-c9a5b759054a
1995,1995,The Deflowers,Just What It's Like,841ba310-c48b-4230-9cfe-6edf47306495
1995,1995,The Delgados,Monica Webster,a4d3960d-bcb9-30d9-98fd-5b83455e9861
1995,1995-12,The Delgados / Van Impe,Liquidation Girl / Piranha,e9f0a990-7678-4cdb-a121-adc7c752aa5d
1995,1995-05-09,The Denison/Kimball Trio,Landshark / Whirlpool,cea96bea-f37f-4f3a-85bd-5df361d416a9
1995,1995,The Dental Ravers,Toothbrush Party,d8e93d68-0a63-4c2f-82be-faef8adf6a29
1995,1995,The Dentist,Pulp Fiction,011a7812-d5b5-495f-a659-439e3cf44790
1995,1995,The Dinky Toys,Don't Give Up,c3e1fb98-af3c-41f6-9449-769964c214e6
1995,1995,The Dolphin Crew feat. Exia,The Light Is,bc72ead2-6d24-4ae9-9c54-e9c0e3d8239b
1995,1995,The Dominion,Fusion,43f5124d-698d-4941-b438-b1e6932c55a9
1995,1995,The Donnas,High School Yum Yum,e8e29c88-f4a3-4b05-a308-0d6c9de6da24
1995,1995,The Dream Team,[untitled],6b1c4c16-276a-492f-b1ad-407e1231554c
1995,1995,The Dream Team,Ja / Gimme,2867b2b9-8888-4a55-a635-4974027bdd16
1995,1995,The Dream Team,Rollin Numbers,5d905652-2f39-4431-a2d4-202e04f37785
1995,1995,The Dream Team,The Roller / The Ride,d8eb4414-c6ca-4ee6-a3b5-ad5904b06140
1995,1995,The Dream Team,Watch Out,70eecba9-a4ef-416c-8b1e-fd3106e7123f
1995,1995,The Dream Team,Yeahman / Sweetie (Remixes),d8a558d7-dba3-4138-8712-9c27725495b1
1995,1995,The Dream Team / Cool Breeze,Hard Factor,d5749478-b669-4e92-bed6-b4c33965466d
1995,1995,The Dream Team / Joker,Lion / Jazz Lick,c58ce116-6ea4-4ec8-9c26-39f488be7687
1995,1995,The Dreamside,Nuda Veritas,bc1ca49a-e5fe-3d2d-8080-59d048d5f7b5
1995,1995,The Dreamteam,Sweetie / Lighter,fc1896ad-eff6-4a92-bec4-cd9578ae2966
1995,1995-01,The Dude,Hidden Power,e2f56943-222e-45bc-9abe-c9b43b5f6885
1995,1995,The Elite Club,Don’t Stop The Music,c60eb024-8b22-461a-83f4-1b7694cf9242
1995,1995,The Ellen Jamesians,Tattoo,84816a9d-12b2-40d2-a882-23e8ea0132fe
1995,1995,The Essence,Intelligence / Running,8c44da4d-0d20-48a0-9b46-e2bcef94dc59
1995,1995,The Ethics,To the Beat of the Drum (La Luna),63eb91c6-da4d-36c4-86d2-331b82c76ca3
1995,1995,The Famous Monsters,In The Summertime,7faaf4cd-9e9f-44db-a23c-b3d067ea5d53
1995,1995-03-27,The Fauves,Caesar’s Surrender,3fa9e50c-bb1c-3653-9823-3b2745c6fd47
1995,1995-02,The Fauves,Dwarf on Dwarf,2089a8d6-05ba-3565-98c8-a3bc50d5f473
1995,1995-11-27,The Fauves,Everybody’s Getting a 3 Piece Together,3625624f-58c1-3821-9dd2-a05f50a5455a
1995,1995,The Favorite Occupation,Waiting,8e5a42f9-e78f-47c1-b266-744eda215155
1995,1995,The Figgs,Christmas Shake,929f5365-d706-4284-9597-14dadf3531ba
1995,1995,The Finn Brothers,Angel’s Heap,f7f4d645-beae-3229-9884-a87b85318cdd
1995,1995,The Flaming Lips,Bad Days,5680c1aa-9b3a-316f-b1ff-faa4c2cda2f0
1995,1995,The Flaming Lips,What's The New Mary Jane?,f6f07d27-5847-4299-af1f-652c0a44b507
1995,1995-08,The Flaming Stars,The Face on the Bar Room Floor,c6e3ea4e-ea8a-45d3-a40f-b297d9f60ecd
1995,1995-04-17,The Flying Medallions / China Drum,Flying Medallions / China Drum,ac3a4230-e6ba-31be-8427-35468bdf70bb
1995,1995,The Fog Beat Feat. Paula Randell,I Wanna Know What Love Is,a69622cc-4f48-4b56-bc57-31f030044288
1995,1995,The Folk Implosion,Natural One,50f81064-b603-322b-a912-cf757a595664
1995,1995,The Folk Implosion,Palm of My Hand,7df58ed0-9ea2-3508-bdf7-7e2b068e6961
1995,1995,The Free,Shout!,e4a4368d-9108-4223-b9c8-b964883ddc6c
1995,1995,The Freedom of Sound,Feel It,9076f94e-ddc4-4d9d-9913-fad6411866b5
1995,1995-05-15,The Future Sound of London,Far-Out Son of Lung and the Ramblings of a Madman,53fedd1c-131e-3ee1-a5a8-0663a5bc8dad
1995,1995-01-23,The Fuzz,God Bless the Radio,cc767194-7055-4fcd-8796-57ccb463368a
1995,1995-07-10,The Gambino Family,Hold On / Roll the Drums,ff84d6f5-5d6c-4e1d-b4ba-a68662db30f9
1995,1995,The Game,Still on the Game,917559be-c264-465f-8e7a-bf56b02f9915
1995,1995,The Gathering,Leaves,764feb13-5d01-4a21-a3fc-4eb2fa28fb19
1995,1995-11-01,The Gathering,Strange Machines,02809fb5-9a40-3c53-a945-8cf09084cfed
1995,1995-06,The Gentle People,Journey,338998ea-e411-4b84-aad1-ddf98cd32b61
1995,1995,The Geraldine Fibbers,Dragon Lady,1c0dc12b-d13c-4a5f-b471-80d626b7459d
1995,1995,The Geraldine Fibbers,Marmalade,bb8a8256-f685-4cd9-866f-0226fedc851f
1995,1995,The Godfather,Somebody,dc71624a-6da0-4126-b5ae-949030ca2525
1995,1995-07-07,The Godfathers,That Special Feeling,71235785-faa5-4226-a46a-ed10438c81c0
1995,1995,The Gories,Bug House Waterburg An Roach Traps,5f1a8baf-8962-4303-b3b4-f0f145abf668
1995,1995,The Gories,You Little Nothing,1616b673-0017-3bc6-9e2c-c3a416136e12
1995,1995,The Grey Wolves,A Wealth Of Misery / Lest We Forget,ad15c69d-e8ab-4b6e-8639-7ceafbc83605
1995,1995-09-11,The Grid,Diablo,b326dd96-087a-3d90-a040-a6dde841c9dd
1995,1995,The Grifters,Stream,47c890ea-5b2e-4ffc-8259-ea11398fbef7
1995,1995,The Grove,Get Down Saturday Night,a42d485a-039b-4710-bcc7-9d8c22fb1c54
1995,1995-11,The Hafler Trio,"Who Sees Goes On, Part 1: Timerape",2f1f8379-9c5e-31a6-a3d2-69481fb6ccb6
1995,1995,The Halfbreed,Jungle Hop,b5a0a26d-3863-43ae-b3ad-b11ec3a18e62
1995,1995,The Halo Benders,Don't Touch My Bikini,67385a61-3548-330a-a4b8-76d8549aa33c
1995,1995,The Hang Ups,Top of Morning,4e8c7a92-b130-49be-8b59-e50de1bb6fbb
1995,1995,The Haters,The Subsequent Rip,d28f5bda-b605-491d-868e-c43538a1e9c1
1995,1995,The Heads,Coogan’s Bluff,2303682d-7326-47bb-9eb4-c46b7f048700
1995,1995,The Heads,Television,4f48b90c-7dbb-4382-ac03-a790d571393d
1995,1995-12,The Hellacopters,1995,c90da303-84f1-36ed-8098-5c929cd5371a
1995,1995-02-23,The Hellacopters,Killing Allan,e9dcd08d-56a8-3cc2-9e44-866c17f66baa
1995,1995,The Hentchmen,So Many Girls,985f314a-500a-3e2c-802a-53acbcb6e4c8
1995,1995-01,The Herbaliser,The Real Killer,1408b81e-d874-4d24-894e-719616451317
1995,1995,The High Llamas,"Checking In, Checking Out",a8b0cff8-f81d-35ab-86e0-2543a7902fe9
1995,1995,The Human League,Don’t You Want Me (remixes),98c505d6-14b3-47d7-a195-873f780622b4
1995,1995-06-05,The Human League,Filling Up With Heaven,e97ec90a-f899-3033-ad24-68cac917f1ae
1995,1995-03-06,The Human League,One Man in My Heart,007bfd50-745e-326c-b125-81ba91a2a3a6
1995,1995,The Hypnomen,The Urge,b9d3932b-4192-453f-9e52-93663a211834
1995,1995,The Imposter,The Chant / Joys of Life,5f6683db-b38f-44da-af4b-eb2392ec5881
1995,1995-09-15,The Infinity Project,Alien Airport,2f0d9e99-42b8-35d5-bba1-b38e6869dd74
1995,1995-12-01,The Infinity Project,Stimuli,0ee139be-3112-36f0-8fed-c8b0dd580363
1995,1995,the innocence mission,Bright as Yellow,6bf581d6-353b-3596-96d2-a538a4debe3c
1995,1995,the innocence mission,Everything’s Different Now,5af610e3-b1d6-47f3-be77-55f02cba5d78
1995,1995,the innocence mission,Keeping Awake,5efd3b51-a1c5-31a0-91d6-1d273f7be7d0
1995,1995,The Interrogator,Awareness / Fire Play,0fb56a63-bea9-3e9e-9e07-46bba076b717
1995,1995,The J.B.,Back 2 Life (The Dedication),7df1457f-2a95-4eec-976e-b38c8964df59
1995,1995-04-24,The J.B.,Back 2 Life (The Dedication),9fd7ffb3-df2a-46bb-800e-a4247aae112a
1995,1995,The J.B.,The Realm / Set You Free,6a7468d6-a307-442f-aa0a-3d0eee5f25dc
1995,1995,The James Taylor Quartet featuring Alison Limerick,Love Will Keep Us Together,ce6ca53b-4f23-48dd-9a20-f9a9d9c8e9ef
1995,1995-07-03,The Jayhawks,Bad Time,69722612-44c2-4948-a7d5-ffb1317b8226
1995,1995-02-03,The Jayhawks,Blue,77e9fd50-2634-4e16-b6da-5e069ba91bc3
1995,1995,The Jayhawks,I'd Run Away,b1903bd2-6534-4bef-b443-e508530b1edd
1995,1995,The Jazz Butcher Conspiracy,Sixteen Years,b1844fd2-453b-465e-b2ec-0458dab32a6c
1995,1995,The Jeff Healey Band,Stuck in the Middle With You,a67b4e32-b215-4953-bcd9-2318963b3e51
1995,1995,The Jesus and Mary Chain,I Hate Rock ’n’ Roll,a96beb58-ef1c-33ef-94d2-526bbc45389e
1995,1995,The K-Stand,"Ooh-Ah, Eric Cantona / Eric The King",10455990-fdd0-4b54-ac98-7877e7ceb6a9
1995,1995,The Kelly Family,Ares Qui,b54fca1f-20b5-4ada-aa5c-ddff459d11aa
1995,1995,The Kelly Family,Entrevista y Saludo de navidad,5162a385-ac13-425d-ac1a-09912ad052ec
1995,1995-09-28,The Kelly Family,First Time,2b970ff8-c8e6-43ea-8c7c-2d4a7ba757ce
1995,1995,The Kelly Family,Quisiera Ser Un Ángel,c3094b97-af8e-48c2-b031-49dedd3b6fdf
1995,1995,The Kelly Family,Roses of Red,fdac5ad2-d1ce-42a5-85d7-be51f67f16f3
1995,1995,The Kelly Family,Who’ll Come With Me (David’s Song),8ddf796e-44cf-49bb-88f5-62793ebeb2a7
1995,1995,The Kelly Family / Tasmin Archer,Why Why Why / One More Good Night With the Boys,0705d565-c3f6-450d-81fd-a8c5e62f6be8
1995,1995,The Kinky Boyz,You Spin Me Round (Like a Record),d41712db-4c9f-347c-889d-c8c23a2fac03
1995,1995,The Korgis,Everybody's Gotta Learn Sometime / If I Had You,161496c6-113b-39ff-a2b6-20bf7b3a164b
1995,1995,The La Donnas,Long Legs,20a77697-f911-35ae-b561-9a7b9fe5fe2e
1995,1995,The Lovers,Love Me to the Limit,26fd5c93-eafb-4473-a8d4-511774b7fa06
1995,1995,The Lovin’ Spoonful,Summer in the City,203f5be0-847c-46ba-930b-da8c5b7598dd
1995,1995,The Lumieres,Cinder Hearts,0edeb02e-7755-484e-9d80-5f5be7143e39
1995,1995,The Machine,Shake the Beat,82a03dd2-57b1-4d56-beca-88cecbd10cda
1995,1995,The Mackenzie,Magnetic Attraction,1b51d3e8-5350-4494-b374-6a3b0e35ddc7
1995,1995,The Mackenzie feat. Jessy,I Am Free,c63d584c-cbe4-463c-ab29-02362d1cadf6
1995,1995-12-16,THE MAD CAPSULE MARKET'S,神歌,ecbc1631-aabc-4552-bff2-1f6d75042cff
1995,1995-12,The Magnetic Fields,All the Umbrellas in London,f2d54715-3eee-3829-b363-de9c396b092e
1995,1995,The Magnetic Fields,Why I Cry,d8ccbf27-cd54-42d3-bed3-800a8d4c2712
1995,1995,The Magnificent Bastards,Mockingbird Girl,c940dbd9-3750-4a01-8a09-46c5a8b18ea7
1995,1995,The Make-Up,R U A Believer,9998f202-f2a5-4c20-bf25-b8b3304dbb5d
1995,1995,The Make-Up / The Meta-Matics,The Make-Up / The Meta-Matics,63fa6dc7-e6e2-4894-a88b-ad6eeeacbc14
1995,1995,The Mavericks,Blue Moon,2723488f-d6a0-4b09-8023-dc6a3bceb06a
1995,1995,The Mavericks,Here Comes the Rain,6b13941a-b8c7-4f20-8d24-6e0bf8bc18b3
1995,1995,The Mavis’s,Moon Drone Gold,1e2bc4c5-3f6e-3280-9c85-8315ab8defb4
1995,1995,The Meanies / The Boots Collective,It's a Long Way to the Top,97477347-0b8e-4dce-aca6-76be78e220a3
1995,1995-05-08,The Mekons,Untitled 1 & 2,602a446f-548a-465a-9499-99df80b27fd1
1995,1995,The Mellow Maniac,Call Me Tiger,f9793b9d-60f7-4f41-b161-793f02b26f84
1995,1995-10-16,The Melniks,Drew Romance,dcf4ab4f-68e9-4e68-a25f-b28d8934ddc1
1995,1995,The Melons,From Hell to Helsinki,8714daec-2152-3436-a5b6-40cc65f188b1
1995,1995,The Micronauts,Get Funky Get Down,92f9a988-f1ce-33b8-9c20-a8c7610a4c96
1995,1995,The Micronauts,The Jazz / The Jam,4d38f8c6-c9e4-3538-b4fc-a3418677162d
1995,1995,The Mighty Mighty Bosstones,Heck of a Hat,faab32c7-0d93-432f-bc88-08113e01f66a
1995,1995,The Mighty Mighty Bosstones,Pictures to Prove It,d9d80b49-482a-42f1-88d2-7444a23ec97d
1995,1995-12-18,The Mike Flowers Pops,Wonderwall,4b08e4bc-1e0a-3211-99ad-3a26d44fadcb
1995,1995,The Milk,Last Night a DJ Saved My Life,fcfdaa91-5fe9-4354-afad-b45880700613
1995,1995,The Mission,Lose Myself in You,ebe81066-0025-3e3a-86f6-ba4fb3bda211
1995,1995-01-23,The Mission,Swoon,3e5b1e24-5bb2-3a35-8ea7-439eb29971e8
1995,1995-09-01,THE MODS,LESS THAN ZERO / LONDON TIME IN BLUE,6aca2223-f76f-4d07-8206-4ca30615bbb5
1995,1995-06-07,The Mole People,Break Night,f622023a-2952-455f-a6ef-747454895973
1995,1995-09-18,The Monochrome Set,I Love Lambeth,1c0c3285-730c-3f6c-ba2b-3196bdd8bfa1
1995,1995,The Montini Experience,Astrosyn (Your House Is Mine),9c2e02f8-a920-378c-9a76-dcf4291bc410
1995,1995,The Moonwalkers feat. Ultra Naté,10.000 Screamin’ Faggots,a10ece83-6cf1-4a6f-8313-bbfa671da458
1995,1995,The Movement,Bounce,40f7761a-9069-4afc-8c84-b25a0c873d8f
1995,1995,The Mover & Lunatic Asylum,Frequency Surfers,921104e9-4b64-4853-a669-24f954ef2df1
1995,1995,The Muffs,Sad Tomorrow,d5af4e3d-457a-46ec-a14f-f6f389525c37
1995,1995,The Mummies,1994 Peel Sessions,ededeae5-2d86-49b1-8dcd-2a95a12db4d9
1995,1995,The Mummies,Get Late!,52b646e4-89ac-460a-a674-622fcc4dc9a7
1995,1995,The Murmurs,White Rabbit,d475f5c1-fe7f-34f8-abdc-921c8f355b6c
1995,1995,The Mururoa Movement,F... Chirac,574e092a-13c2-4bd7-988b-fe120ea96b5e
1995,1995-07-31,The Mutton Birds,Dominion Road,5a18e517-bde0-437d-a357-534578c3aafd
1995,1995-07-10,The Mystics,See You,2c309f49-4d9d-4c9a-a855-dfa221f6f350
1995,1995-10-20,The Mystics,Who's That Girl?,23f8828b-f471-46a8-8c50-2771da3c7df1
1995,1995,The Mystreated,Don't Do That,26bf7bb9-4fdb-44c7-bb3b-a9b4d163108e
1995,1995,The Mystreated,Never Question Why,ea2ab750-fa13-4774-8828-436e7c032fd6
1995,1995,The Neanderthals,Arula-Mata-Gali,877663c7-13d4-4462-aedc-cbdbc6dfedfa
1995,1995,The Neanderthals,Twinkle Toes,a57013c0-33fc-4369-8060-de864f6deefc
1995,1995,The Nefilim,Xodus,9a3b63a4-dc06-4bdf-baf3-f5f619c2b581
1995,1995,The Neon Judgement,A Nicer Person,504e2a11-4e9e-4d53-992c-ed1d416727b5
1995,1995,The New London Boys,Gospeltrain To London,f18c643d-847e-44b0-8d81-5ac0f8328705
1995,1995-09-25,The New Power Generation,Count the Days,1367eb1f-912f-44b1-a975-7438f12c43be
1995,1995-06-13,The New Power Generation,The Good Life,165faad3-1f92-40d7-9c77-77042a0c36c9
1995,1995,The Nightraver & DJ Trevor feat. MC Cyclone,Around The World,a4ff3069-400c-42f5-b830-e61e0a0970fc
1995,1995,The No-Neck Blues Band,The Clearing,27834e0e-8cff-4884-834f-6a34c7f594ef
1995,1995,The No-Neck Blues Band,The Math of Crack,a4327de3-a010-41be-95e0-868d8f46a31d
1995,1995,The Notorious B.I.G.,One More Chance,b6c5500a-476f-3d33-8451-ef4f93183d62
1995,1995-02-20,The Notorious B.I.G.,Who Shot Ya? / Warning,d91a8176-700c-4e61-bf81-25be698a8f28
1995,1995,The Notwist,Torture Day,d0cb45b3-1e11-3461-a417-945fa9a11b69
1995,1995-03-20,The NPG,Get Wild,99007a40-72fd-3d94-a71f-f18750d48cd2
1995,1995-02-06,The Nubiles,Layabout,4a45db88-6fd3-4ee2-a64b-7a4db9c97164
1995,1995-10-09,The Nubiles,Tatjana (All Over Me),c7d6e747-9130-447d-ba9a-cebfee38a6b8
1995,1995-05-15,The Nubiles,Without Waking,50f4676d-bbbc-4926-a34e-215e3dba1d98
1995,1995,The O,Now,c6cf0508-f033-4812-8120-df14fb0c8aa3
1995,1995,The Obsessed,Altamont Nation,c55e47c0-f771-3dbf-997e-c3b7af3e8baa
1995,1995,The Octagon Man,Biting the Dragon’s Tail,f582e89f-15cb-4647-8d04-19baffa728f2
1995,1995-07-06,The Offspring,Gotta Get Away,f4ae3253-df0b-3e74-8d22-ca0d9013d8a2
1995,1995-12-04,The Olivia Project feat. Paula,Xanadu,4dcb9a83-51a4-3d02-95a1-6b911e0ec7c0
1995,1995-05-08,The Orb,Oxbow Lakes,d6963e5e-90c6-36e3-87bf-5f25c7429f26
1995,1995,The Orb,Plateau,9a4bbbe2-7523-3761-8b92-ad5733f77c90
1995,1995,The Original,B 2 Gether,627b1468-08e8-3038-a77a-741eb62cbd94
1995,1995,The Original,I Luv U Baby,9c093a25-f4e7-3048-b9b1-3b109cd82d4b
1995,1995,The Original Evergreen,Puff the Magik,51f5d50d-7bd5-4705-86d7-1d0ca7ccf808
1995,1995-04-17,The Original R.A.W,Satisfied,34ab4b23-ff32-4ece-aa5a-b8b8b3cea8f7
1995,1995-02,The Other Two,Innocence,cd0e0dd2-4f68-40a2-88da-562e334f38be
1995,1995-03-15,The Outhere Brothers,Boom Boom Boom,2963f6cc-02db-309c-87ee-c2b08f261a07
1995,1995,The Pastels,Worlds of Possibility,92fe0f4e-dc2d-4bb7-856c-ac91eb2cf9c0
1995,1995,The Pelicans,I Didn't Know,a9fee446-c45c-4015-ac86-993e4c3fc198
1995,1995,The Pharcyde,Runnin’,5cbcdff9-223b-3f43-ba11-a72d5378413d
1995,1995,The Philosopher Kings,Hurts to Love You,26a345e7-673e-431d-9534-3d4452b31eec
1995,1995,The Phlow,After All These Years,c140869a-4597-499f-89e2-73b962c5ddc0
1995,1995,The Piano Project,Love 2 Love,5cfe0479-fd8d-4428-a02c-fb95cbc6518b
1995,1995,The Pilgrims,Can't Resist,f236604d-1af0-44b6-9a95-6c1d4759166b
1995,1995-03-24,the pillows,ガールフレンド,36ae5973-9986-3026-bfbe-12044afdb62a
1995,1995,The Play Company,Come Together,87089d4f-20f5-48ec-aa9d-becda084974c
1995,1995,The Playboys,Rock 'N' Roll & Rhythm & Blues,8c037530-859d-4f2c-aa03-7b57fbcfa924
1995,1995,The Pogues,How Come,46d0aa15-f4a5-3e28-ad88-cae7cced2f09
1995,1995-05-01,The Police,Can’t Stand Losing You,cc7c25c6-3c1a-3f66-b9bf-1f342cf19870
1995,1995,The Pollinator,Clone III,bc6e0676-28bb-3ab8-b508-220128f7b42a
1995,1995-03-28,The Pooh Sticks,Cool in a Crisis,ea3fe791-798d-48b7-9bd2-88521f4152ae
1995,1995,The Popguns,Get Out,cbf52076-18ba-4edc-baa7-488f21b0beb9
1995,1995-12,The Powder Monkeys,The Supernova That Never Quits,25b802c0-1fef-4812-9fad-929d901c6fde
1995,1995,The Presidents of the United States of America,Fuck California,c47140a8-21e2-3fd4-b2fe-1c66dfb805b7
1995,1995,The Presidents of the United States of America,Kitty,9955ea56-96a1-3988-af43-65aff42120a8
1995,1995-08-08,The Presidents of the United States of America,Lump,67e045b3-732b-3f09-b711-619159e96f11
1995,1995,The Presidents of the United States of America,Naked and Famous,5d596781-9779-454d-8daa-8cf52706a335
1995,1995,The Presidents of the United States of America,Peaches,3d9fbf20-dfd6-35ac-8006-a1acaf1ed0e6
1995,1995-11-24,The Pretenders,2000 Miles,7d482263-99d8-48e9-b117-3297498a797c
1995,1995,The Probe,Feel the Heat,4ff25ec0-c009-4084-80a1-03c9f0737826
1995,1995-02-27,The Prodigy,Poison,6786fc98-0ec8-3dbd-8d76-e42974343913
1995,1995,The Promise Ring,The Promise Ring,32682cb9-19c3-4dbf-af08-b3a6d7918f26
1995,1995-10-24,The Prophet,Big Boys Don't Cry,a371421d-65e1-4900-baa0-adb627da740b
1995,1995,The Prophet & DJ Delirium,The Way You Make Me,ba69eec1-86a3-400d-a101-e3f50542f19c
1995,1995-10-13,The Prunes,"Headz, Headz, Headz",3cc2efd3-5f48-492a-835a-8abd8bfdf0cd
1995,1995,The Pump Panel,Confusion / Re-Mover,d10fa342-7975-3f0d-8e58-a4df2f292fd2
1995,1995,The Pump Panel,Confusion Dub / Ego Acid,d9a42143-b5c8-48a2-acb2-1dc4ed6835bd
1995,1995,The Queen B's,(Didn't Think) It Was You / You Didn't Tell Me 'bout Your Girlfriend,51033e84-c727-4ee0-bcf8-f6b9bb02cf66
1995,1995,The Quitters,Meet the Quitters,443741b7-e4e4-40df-a061-66b33788dc08
1995,1995-07-31,The Ragga Twins,Freedom Train,b3032dd3-e2ea-45a9-a42a-30e8ef7ce218
1995,1995,The Ragga Twins,Money,e9304729-9217-4ca1-8e25-434475bb6d72
1995,1995,The Rattles,Oh Oh Oh (Your Love),ef56e476-21e4-4b09-b01a-8952991f94cc
1995,1995-05,The Raymond Brake,New Wave Dream,1262b1f3-143d-4faa-8078-76114ef7a00d
1995,1995-09,The Raymond Brake / Rebar,Rebar * The Raymond Brake,808e3eb1-224b-4561-b3da-a3a7693245f9
1995,1995,The Real Bang,Love Will Tear Us Apart,77cc3ff8-b6c8-42c2-abcb-caa2cb91a80f
1995,1995,The Real Group,Grisvisan,1b66fda2-fc31-319e-b0b2-a9de8e32d1a9
1995,1995-06-26,The Real People,Bring You Down,7edb36cb-66d0-4fe6-aa90-5323d85bf557
1995,1995-11-20,The Real People,Every Vision of You,00f8f40b-1bd9-4a87-85bb-14bab02100d3
1995,1995,The Registrators,I Hate You,3ba1873d-1802-41f4-9f54-bc01ad33d794
1995,1995,The Rembrandts,Don't Hide Your Love,a21bc123-41d8-4ab6-800b-90d28720d3fa
1995,1995-08-07,The Rembrandts,I’ll Be There for You,9f3e4670-9052-3448-ac4a-22bad5571892
1995,1995,The Rembrandts,This House Is Not a Home,9e30b263-80be-404c-b27d-68c8a64bbf8b
1995,1995,The Rentals,Friends of P.,eb2ca4e3-6d7a-3322-800f-95f4bf104a32
1995,1995,The Rentals,Waiting,420a8e8c-c48f-4e12-b8c2-3bdf64a53ab0
1995,1995,The Rip Offs,Go Away,414efc99-71ba-4447-a82e-d1f0bd5636aa
1995,1995,The Rip Offs,The Savage Middle Aged - Fan Club E.P. 1993,4dd7d6a2-cb51-4697-b4ab-c735083859d6
1995,1995,The Ritchie Family,I'll Do My Best (Remixes),8cbf398a-8c2a-4661-9c2e-fb6e34d3d3d3
1995,1995-10-02,The Rockford Files,The Bone,0f5793f5-fd14-45e4-bcff-0013c6b69dd8
1995,1995,The Rockford Files,You Sexy Dancer,bb6da6c4-4d7f-37eb-a72b-62370cb6a213
1995,1995,The Rolling Stones,I Go Wild,ab7348c0-f7f1-3c1a-bfc1-f88ce6932a3f
1995,1995-10-30,The Rolling Stones,Like a Rolling Stone,d868edad-052d-37aa-a30c-d5111e5a6224
1995,1995,The Rolling Stones,Street Fighting Man,10f551de-bfc1-4b0d-a5fd-4d03c46fdecd
1995,1995,The Rood Project,Thunder (RJ Remixes),020ec071-9f5f-48a4-93d5-3405d6452955
1995,1995,The Roots,Silent Treatment,da6259b6-2d6d-4bd0-8752-05f8b4e5f8a0
1995,1995,The Roots with Roy Ayers,Proceed II,fcf94e3f-a1a6-45b5-aa9f-a0497108a7f4
1995,1995-09,The Ropers,Revolver,0f6eb25b-d255-4b82-b1fc-d1ebf53b918f
1995,1995,The Roy Wood Big Band,I Wish It Could Be Christmas Everyday (live),64c569ef-c18b-4b8e-8f4d-7f89335e77bb
1995,1995,The Royal Pendletons,Smokin' EP,c4689129-2f46-46c4-9143-fa2e09dcbb98
1995,1995,The Samples,As Tears Fall,7bade865-fd5a-3f97-84c9-41054413843b
1995,1995-02-06,The Schramms,Heart Not Within,316c74d7-f79d-494b-812d-7c9a5943eac6
1995,1995,The Scotchman,Happy Vibes,237a2ea5-0a8d-450d-a82e-50994a6d4a23
1995,1995,The Sea and Cake,Glad You're Right,ea67c86b-1546-4a95-8670-5432483c1568
1995,1995,The Secret Stars,Wait,2036d5da-2329-48c2-9115-ce0c30077b3b
1995,1995-12-21,The Self Preservation Society,The Whoop,bd6157ce-e599-47ba-9e72-d44752f33302
1995,1995,The Sentinel,Awakening / Genesis,525040d9-0f4d-4533-b462-cebd6ebbfb2d
1995,1995-08,The Shamen,Destination Eschaton,85463f7e-e5fc-4d52-a30d-6099f276e2b3
1995,1995,The Shamen,Heal (The Separation),518bec95-2df0-3541-b8ff-c92349ab0108
1995,1995,The Shamen,MK2A,8e47b053-90fd-4016-be6b-8474b7caa6c3
1995,1995-10-09,The Shamen,Transamazonia,1fcdf510-4eb3-30eb-aa47-17796f937247
1995,1995,The Sharp Boys,Sharp Tools Volume One,c0bcb4b5-924b-45bf-a6fe-1530732cee5c
1995,1995,The She-Brews / Ninian Hawick,Leave All Your Old Loves / Scottish Rite Temple Stomp,f944c1c8-dd07-433f-b2d1-917dd2417940
1995,1995,The Shoes,In My Dreams / Donna,29246085-1224-4b5a-8e5a-18cc6bdbe6a4
1995,1995-06-08,The Shreds,Brutally You,b29985f5-b863-4776-8604-db5db12f9a8e
1995,1995,The Silencers,Number One Friend,5d8f28e4-f944-44eb-96ef-6f7a6ea47f17
1995,1995,The Silencers,Twenty Seven,89c8533a-c817-4186-b4df-25a7e77b2cd3
1995,1995,The Silencers,Wild Mountain Thyme,5b09599b-0be2-4287-82ad-a58b04ace3af
1995,1995,The Simple Ones,Rift City,fbf26141-913a-4422-ad0e-96ced9c84924
1995,1995-10-23,The Smashing Pumpkins,Bullet With Butterfly Wings,e5a7a682-a3fa-465b-ba32-f9a0e210e455
1995,1995-08,The Smashing Pumpkins,Muzzle,be2a1b0d-08ad-4b8c-9ff9-ad7aaf0da1c7
1995,1995-05-23,The Smiths,Sweet and Tender Hooligan,e831e444-9827-3903-8ae5-52b317e87436
1995,1995-12-11,The Smokin’ Mojo Filters,Come Together,3c5e540a-9efd-43c6-9d77-80b3cc00a9c4
1995,1995-01-01,The Smugglers,Talkin 'Bout You / Chimo!,86ba7b9e-0b7b-44ca-a60b-82691545e4b3
1995,1995,The Solar Question Mark?,Acid Baba,8511c330-6091-4873-ba70-8dd8fc011644
1995,1995,The Solid Collective,Can You Feel It,747d00b4-1243-4bb4-97d7-875fb736949b
1995,1995,The Source,A Gangsta's Tale / Slip & Slide (Devious D remix),cb65113c-8fdd-4838-8015-200737781c8e
1995,1995,The Source,Celebrate / We Are at War,4af42d6b-9f9e-4c27-b4f6-f9de6118a5e1
1995,1995,The Source,Horns of the Ghetto (remix) / Mind Blowin',09c4a3de-5d3b-42c6-801b-be15cc33f5b5
1995,1995,The Source Experience,Synaesthesia,ff81d054-83af-481a-b5f8-04e466c279d2
1995,1995,The Specials,Hypocrite,17fb94e5-3536-4b99-945d-c1e6b4c19eaf
1995,1995,The Spinners,I’ll Be Around,9d706961-e6c6-42b3-94b6-76ef9d0dbb18
1995,1995,The Statics,An Un-Respected Man,3bf4557a-7561-4819-87ee-8665e11c47ba
1995,1995,The Steppers,"Alice, Who the F..k is Alice?",aca710b8-92c8-412e-bb72-a5bf3057ac1c
1995,1995,The Stickmen,Impakt / Tweek In,79a19864-2810-469d-bdc4-82d2d1a18479
1995,1995,The Stickmen,Shaker,97de22f4-348c-3c05-bad7-1f5cc4781b8a
1995,1995-10-30,The Stone Roses,Begging You,75f3c78f-c971-3cfd-b4d4-e3c505abad0b
1995,1995,The Stone Roses,Ten Storey Love Song,f4233cae-489b-35b0-80b9-38d279dbeb5d
1995,1995,The Strooker,I Get High,124ee591-c25a-4862-8af5-aeca1ab3d79a
1995,1995,The Summer City Crew,Radio City Love Songs 4 Medley,57c67e49-2907-4c7e-a00a-1f9840b460c2
1995,1995,The Summer City Crew,Summer In The City Vol. 1,e02936f2-bf8e-43a4-b406-90e46057fd16
1995,1995,The Swingin' Neckbreakers,"Rip It, Rip It Up / This Bottle Of Mine",e372f427-4997-4bec-9562-1be9e48f1422
1995,1995,The Tabernacle,I Know the Lord,787dc565-890c-4fff-9d2e-53def26437ef
1995,1995,The Tallis Scholars,Miserere,ed1dace3-d88b-4e91-9ddf-153bc82b9c70
1995,1995,The Tards,Pissed You in the River,bb36e7fd-6bda-4342-9eaf-b21e5b754d0d
1995,1995,The Tea Party,Fire In The Head,f46bcdb7-a696-43a4-903b-6fa1c4d2fdfd
1995,1995,The Teenage Graves,Hippie Headhunt / Drug Crazed,83caa0c0-8006-4adf-bfbb-6f36ebe9ff85
1995,1995,The Temptations,Some Enchanted Evening,c37e1e0e-6dfd-436c-9dea-c8abb66d9a74
1995,1995,The Terrorist,Sing Time,d68722bd-8d24-40c8-b3c7-5ea41653bd65
1995,1995,The Thieves of Impressions,Sophia's Nectar,2972cc4b-314e-372b-89eb-718529779423
1995,1995-06-23,The Third Sex,The Third Sex,aa97a895-e36a-43d6-8e38-e9156eb21fc8
1995,1995,The Third ’Itch,The New King / E Z Ride,553696d9-d0e1-43c1-9696-5615d0100dfd
1995,1995,The Timespan & Bertie,Don't Mess / Our Soul,9c0ea1d1-8b7f-49eb-8843-dbd014fedec4
1995,1995,The Timespan & Krazy Fresh 2,The Paper Bag Edition,7ff4ba0d-00db-4710-be92-06ff1f30ad30
1995,1995,The Todd Terry Project,Weekend,65c4f809-8aa7-337d-9260-f06244e76735
1995,1995-11-06,The Tony Rich Project,Nobody Knows,d8baf09b-7c20-3a2b-9fe3-12ba43d46623
1995,1995,The Tramps,Silver & Gold,93513438-561c-494d-812b-8a8ce1878866
1995,1995,The Truth,Let's Stay Together,dfb2016f-96b8-447f-b3c3-66f01152e01f
1995,1995,The Truth,Spirit of Man,22353aa3-d6f7-453c-922b-851f37de2513
1995,1995,The Two Amigos,Recycled Part One - Set You Free,ec3011fe-fc2c-4e2a-9a1b-1320b70fe74d
1995,1995,The Unity Mixers,The Unity Mix 6,21d9405f-3949-4204-8852-1b0f92879963
1995,1995,The Urban Dread,Top Priority / Breezing Through The Jungle,3665e1da-0d25-41ae-ab28-a10baf8649b7
1995,1995,The Urban Dread,Top Priority / Breezing Through the Jungle,d829d97d-41b3-402e-bbe1-8a8e923d4ad4
1995,1995,The Urban Sound of Amsterdam,P.A.R.T.Y.,15b640c8-3cca-45c4-8017-bc041760bfd8
1995,1995-09,The Verve,History,52be23b7-341c-395a-b520-4d88b7d1b223
1995,1995,The Verve,On Your Own,7d0f390a-d5d1-4f1d-af48-f766dbe5942a
1995,1995-06-08,The Verve,On Your Own,933fe5a1-2109-393f-9ff8-aaf5913ea7c4
1995,1995-01-05,The Verve,This Is Music,77fc7efb-cd3b-3a98-85c7-b71ccc12f8f7
1995,1995,The Voyager,The Voyage,e57f73af-1ea4-4c77-921a-a732326a17b4
1995,1995,The Wannadies,Might Be Stars,6b67c80f-dbb7-3aeb-94d5-04467bdb66bc
1995,1995,The Wannadies,You and Me Song,ef70c5e8-d242-3fbb-9bdd-78fe213d76b9
1995,1995,The Warners,Crazy Horses,6ad2fa4a-cd8b-4874-94ec-1237e8a8bb04
1995,1995,The Weather Girls,"Oh, What a Night",82c2ec8e-8797-41aa-92ab-1a234f2b3169
1995,1995,The Wedding Present,Sucker,4085fdc4-45c9-48e0-9860-6b171b6d66a0
1995,1995-07-03,The Weekenders,Inelegantly Wasted in Papa's Penthouse Pad in Belgravia,71b18480-d99c-472d-8e29-97925da49b3e
1995,1995-03-06,The Weekenders,Man of Leisure,98077e4a-c31a-4bbd-93ba-dbe198907dae
1995,1995,The West Section Line,Airliner / Chicago Chalk Outline,f36bc84c-6662-45ee-a978-f21221468311
1995,1995-02-02,The Whitlams,I Make Hamburgers,0a11ef0a-40bb-38ae-b1b8-991670039ab3
1995,1995-06-02,The Whitlams,Met My Match / Following My Own Tracks,5714d321-c6cf-3ceb-b242-b60175cadc82
1995,1995-02-27,The Whooliganz featuring B Real,Whooliganz,efd0f611-1bfd-496a-946b-e49666b745a6
1995,1995,The Wild Family,Sadly Lookalike,2278faea-5e94-4017-84f7-3bcf8bdd132c
1995,1995,The Wild Things,Sadly Lookalike,0d54558a-2378-354a-9ff0-657a8fa01bc9
1995,1995,The Wildebeests,Just Like Me,6aa93ec8-4a3c-4257-aba3-7669fb50583f
1995,1995-04-24,The Wildhearts,I Wanna Go Where the People Go,2fb931b7-208b-384e-ab4c-b66daf77061d
1995,1995-01-09,The Wildhearts,If Life Is Like a Love Bank I Want an Overdraft,dff18cee-1888-33d3-b434-fe858d021aa3
1995,1995-07-17,The Wildhearts,Just in Lust,a401848b-bf4c-3b7c-bede-3421daf93db7
1995,1995-02-25,The Wildhearts,Naivety Play,03049514-ab5c-3724-bf94-99966835c20b
1995,1995-06-01,The Wiseguys,Nil by Mouth,15a094d9-d65d-3513-9d78-4c047fa2e8c1
1995,1995,The Woggles,Do Just What I Say,4e8289ad-48e9-3d11-8224-ff37c4805453
1995,1995,The Wolfgang Press,Christianity,55cf462d-c089-44e8-8d75-21ed56fd5a3d
1995,1995,The Wrens,Life Stories From the Union,9e2414c9-4425-3e73-a8ec-6818a7c29770
1995,1995-01-21,THE YELLOW MONKEY,Love Communication,7c4d3f99-8d39-353c-a29f-9d79dfb9fcbd
1995,1995-03-01,THE YELLOW MONKEY,嘆くなり我が夜のファンタジー,88e3d9d7-c9ac-4afd-8cc7-28726bda7633
1995,1995-09-30,THE YELLOW MONKEY,太陽が燃えている,8e4b12e7-9cbb-424f-9a4d-be233c4db305
1995,1995-07-21,THE YELLOW MONKEY,追憶のマーメイド,cb17b36e-a8ca-4485-a1ae-d451f3f353fb
1995,1995,The Young Gods,Kissing the Sun,a715899b-3a0b-3b84-b108-8c4d82d837d0
1995,1995,The Zombies,Time of the Season,0f99ef5f-233f-4b81-a730-9f93c8d01892
1995,1995-01-01,THE 虎舞竜,ロード~第三章,74a85d41-5775-4b53-8be4-07d32ccb3c77
1995,1995-11-22,THEATRE BROOK,あふれ出すばかり,4434282d-386c-4394-bb2a-6e503f833a97
1995,1995,Thee Headcoats,A-Z of Your Heart,53a136f1-b4ca-4cf0-a380-f527d35ac408
1995,1995-01,Thee Headcoats,Gun in My Father's Hand / The Day I Beat My Father Up,08158f7d-d174-46f4-bfc2-1e37dbe4dc98
1995,1995,Thee Headcoats,Louie Louie,e9fdb0ef-42a0-4562-9a31-a2e436f22718
1995,1995,Thee Mighty Caesars,You Are Forgiven,ca5551cf-6c03-4e53-9bd2-a3e31787351d
1995,1995,Thee Suddens,How Things Go,ffaa07d8-6e9b-4bac-95a3-45fabf2ef4cc
1995,1995,Thelma Houston,Don’t Leave Me This Way: Remix,1484e631-e492-47bc-9281-db053275f42c
1995,1995-11-06,Therapy?,Diane,87b29ad0-2d3e-3aaa-9b10-ee3d1acb8d63
1995,1995-07-17,Therapy?,Loose,d421f5ce-f273-42b2-8dfd-464096d2c33c
1995,1995-11-11,Therapy?,Misery,d5671f67-908d-4b44-8db6-581338cc7741
1995,1995-05-22,Therapy?,Stories,22891eb2-5d7b-3d07-8e73-318d1486b3f7
1995,1995-08,Therion,The Beauty in Black,a715ff41-275d-3905-b41c-cc71d0118e77
1995,1995,theShirlies,The Little Fat Policeman,66bb93e7-1901-3b79-b968-52edc182820e
1995,1995,They Might Be Giants,Sleeping in the Flowers,10aabb4f-db91-4c5b-a7f1-d9e92ba5792f
1995,1995,Think Twice,OK Corral,38a5799c-e2be-486d-bda1-6eea1b0c2071
1995,1995,Thinking Fellers Union Local 282,Everyday / Selections From a Fistful of Dollars,a28ec2b3-15fd-4237-bb22-f677a23c39b5
1995,1995,Third Eye Butterfly,Something Happened - All The Way To Riyadh,1ac31f1c-e98a-4264-87ef-a3c6d789bbd6
1995,1995,Thirty Ought Six,Talon / Moreau,b70c344f-82e7-452c-a837-c2b7858df8e0
1995,1995,THK,So Big,bb6ac9a8-c2ef-3d3b-afda-3b98895781a1
1995,1995,Thomas,My Sharona,5e6684f2-37ae-4cf3-9494-ab7f0dab508c
1995,1995,Thomas Anders,A Little Bit of Lovin',3418c43f-0e91-45b1-baec-0606dce50be1
1995,1995-03-10,Thomas Anders,Never Knew Love Like This Before,da42f4c0-193f-4134-b0d6-fe5a06f58f7c
1995,1995,Thomas Anders,Never Knew Love Like This Before - The Remixes,cf77f4f1-88c0-4e41-8072-69b0f8d0e357
1995,1995,Thomas Fersen,Louise,ed41ced9-9ce9-4ad9-8873-07e5e30a39d9
1995,1995,Thomas Jefferson Slave Apartments,Down to High Street / Cheater's Heaven,4b218ffa-d743-4c89-8383-3a906f1d1501
1995,1995,Thomas Jefferson Slave Apartments,Punk Rock Secret,4b7db52c-6800-4206-820f-538b694e715d
1995,1995,Thorleifs,Gråt inga tårar - Jubileumssingel,334485c3-6c4d-4db1-8d44-88fe9a64e6d2
1995,1995,Thorleifs,Med dig vil jeg leve,1dc1d61a-ffa7-49ea-ba3e-6e2252512d9a
1995,1995-02-20,Those 2 Girls,All I Want,e8620760-4830-49bd-9bdf-f33e311d566d
1995,1995,Three Disciples,Gwarn (remix),5a323c64-27a8-4152-9d26-4c20135834cc
1995,1995,Throwing Muses,Shimmer,226536f0-7610-47a7-95ef-f9143e9fac10
1995,1995,Thug Life,It Don’t Stop / Str8 Ballin’,ce44ab30-579d-4832-98e7-6a407508185d
1995,1995,Thug Life featuring Nate Dogg,How Long Will They Mourn Me?,5e9d6573-bd70-48fc-921a-074ca683c6e2
1995,1995-04-24,Thunder,Castles in the Sand,07fb513e-c6ff-47ea-9d65-d82575654431
1995,1995,Thunder,Castles in the Sand,cfd0aa89-7047-4e22-95b8-c7cde092f036
1995,1995,Thunder,In a Broken Dream,5b1c5729-f6e2-46dc-adbf-16c1d687343c
1995,1995-02-13,Thunder,River of Pain,fe0a5e29-0949-4810-a73e-c7716e431451
1995,1995-02-10,Thunderball,Thunderdance (The Remixes),29cfccb2-6b4e-4a9e-9589-4933108e3ac4
1995,1995,Thunderhead,Snap,a4c7ba23-338a-436d-8840-56db1ccfdfbf
1995,1995-04-03,Thurman,Famous,4b437d78-3161-47d6-8f24-10d4f1b775a2
1995,1995-09-11,Thurman,She's a Man,04332564-062f-4721-92b9-988c2db6d4c1
1995,1995-11-10,Thursday Club,A Place Called Acid,eb5e428b-ec20-4365-a845-6a332ade78ed
1995,1995,Thurston Moore,Cindy (Rotten Tanx),586df7e6-10a0-49f4-b10c-891213e33d23
1995,1995-03-11,Ti+Dee,・・・to you,1e7a3edf-2ee6-4075-b2a0-8a8e990b9967
1995,1995,Ti.Pi.Cal. feat. Josh,Round and Around,7d93e94f-c719-42f7-ad0b-44e6582dc8d2
1995,1995,Ti.Pi.Cal. feat. Josh,The Colour Inside,eb4975e6-3a95-3df5-b025-a7538d1086c3
1995,1995,Tic Tac Toe,Ich find’ dich scheiße,f4012a3b-f0f5-32bf-937d-54d54f39e123
1995,1995,Tichá dohoda,Kde Spí Andělé + Heroin,f47e9c07-ba9c-4881-a00f-33d67a10fe24
1995,1995,Tigertailz,Belly of the Beast,d404c968-2740-3885-8b46-2e2697aee920
1995,1995-11-20,Tilt,I Dream,301057e2-94a5-3f13-854d-57b3a27df628
1995,1995,Tilt!,A Tribute to The Pogues,021d0fab-18ef-40aa-a6ad-53aa241dda09
1995,1995,Tim Düysen,Interludium,b883b16d-4772-4e36-b5e1-6d816ea9000b
1995,1995,Tim McGraw,"I Like It, I Love It",a57da492-5bfd-4dbe-a57f-b1576a61710c
1995,1995,Tim Taylor & Dan Zamani,The Horn Track,b45ef922-8c47-3903-a978-e8b70992c394
1995,1995,Timbuk3,I Just Wanna Funk With Your Mind: Remixes,de4b1e73-b69f-4f5b-9a43-cc8c8ad48685
1995,1995,Timbuk3,Just Wanna Funk With Your Mind,39314ec5-ed99-401f-af64-fa44a07e81bc
1995,1995,Time Machine,Run Away,ca681db0-a8fa-44a3-9da7-f69c3ff805af
1995,1995-01-20,Time Stretch Armstrong,Ad Astra / Silver Surfer,64eb3b3d-8130-4253-927f-60a1b29e8618
1995,1995,Timeshift,Crazy 4 U,726f2ea9-1c62-438d-baf5-f54ff72a26c9
1995,1995,Timeshift,Dancing in the Sun,612594ce-fed2-487d-bf99-11667d75cedb
1995,1995,Timeshift,Queen of Clubs,a6e1d3c0-7b1c-427e-9f1c-bd41e134a333
1995,1995,Timide et sans complexe,Plastique,d3584ffa-1212-4dc5-a790-5d489dda7aa3
1995,1995,Timișoara,Acid Bath,b341c916-d4f7-408a-9f0f-868ea295bf71
1995,1995,Timo Schmidt & Virve Rosti,Parhaita kavereita,9705cb78-abe0-4ab8-b46e-667c6a5ef8f5
1995,1995,Timsen un sien Lüüd,Ümmer mehr,b26d6fdc-961f-4626-a068-621548aeb792
1995,1995-03-13,Tin Tin Out feat. Espiritu,Always Something There to Remind Me,71026921-704c-353d-9f19-d47c0773f19b
1995,1995,Tina Arena,Heaven Help My Heart,905691d0-773d-3eb4-9e1d-e3f393507729
1995,1995,Tina Arena,Show Me Heaven,1898d413-8109-327d-82c7-3e270fbdd636
1995,1995-02-06,Tina Arena,Sorrento Moon (I Remember),3a456bac-0371-4370-96e8-cd0ccc7bd35c
1995,1995-09-25,Tina Arena,Wasn’t It Good,04687db1-fadd-4a1c-a9f8-a89b1c869b78
1995,1995,Tina Moore,All I Can Do,4c8068a6-82e6-41c9-af20-685e841e35a7
1995,1995-11-06,Tina Turner,GoldenEye,e16c1712-7ece-3462-b207-585c0cdde476
1995,1995-03,Tindersticks,No More Affairs,8c812e5d-7f72-3c4a-82de-c1b922fa8833
1995,1995-03,Tindersticks,Plus de liaisons,dcc219d3-c1ba-4ca2-9c79-d7550d56d1fc
1995,1995-05-22,Tindersticks,The Smooth Sounds of Tindersticks,ea6abc3f-b893-434a-816b-5b87d292032b
1995,1995,Tindersticks,Travelling Light,bc117c8d-8364-3fcd-8679-ae4503a5b19c
1995,1995,Tinman,Gudvibe,4f4310f5-bd74-3b88-b95a-73157ffe6566
1995,1995,Tiny Traxx,Tiny Traxx Vol. 1,3457b123-68c4-4265-9f55-0c17474e321c
1995,1995-06,TISM,(He’ll Never Be An) Ol’ Man River,ca56677c-f1ab-366d-96e4-a9bd23088b67
1995,1995-07-31,TISM,Greg! The Stop Sign!!,cd86aa13-2a23-38b1-8f86-f7b08eec2c31
1995,1995-02-13,TISM,Jung Talent Time (The Re-Mixes),8cb7a037-82b9-4f3e-a181-1b87677c7f3b
1995,1995,Tizzy,Igloo,a5327184-de31-4dd5-baf3-d5d1960f688e
1995,1995,TK Smoov,Mr Money Man,667f2c52-e79c-49d2-88b6-ea03141fa7b5
1995,1995-10-19,TLC,Diggin’ on You,4d1baec1-cc32-4f34-a5ed-6111b04fc871
1995,1995-02-27,TLC,Red Light Special,d09af0c6-8a97-42aa-8073-5e9ef1520273
1995,1995-07-21,TLC,Waterfalls,4f106000-ef8a-3d24-9952-6f3d3751d923
1995,1995-04,Tlot Tlot,The Girlfriend Song,29d0d489-2641-4153-a486-3318f35081d0
1995,1995-08-21,To Be Continued,TRUTH,d1f95d62-824c-46e2-a19c-0a13aa26da01
1995,1995-11-22,To Be Continued,抱きしめるたび,9cb10ee2-6323-4393-986a-32bcebb99ca0
1995,1995,Toadies,Possum Kingdom,e6804ee1-4ff1-4599-ad05-e7a2a8e41718
1995,1995,Toadies / Slowpoke,Belated Valentine,81678015-1b3a-4958-a7a8-ecfa4180894d
1995,1995,Toby Keith,Santa I'm Right Here,7720f879-6028-49c5-854f-b46ffefea1d2
1995,1995,Tocotronic,Du bist ganz schön bedient,cc4f8ab1-615d-4d62-9495-c828e137173b
1995,1995,Todd Edwards,Dancing for Heaven,d13611e3-a9fd-48e6-93a8-9711337adfb7
1995,1995,Todd Edwards,Saved My Life,d0720d26-94f8-48c2-88a5-5cfd0914238f
1995,1995,Todd Snider,This Land Is Our Land,b234efc5-ce67-4c98-bbce-d9bcc3cf023b
1995,1995,Toenut,Mouthful of Pennies,69ea3e6c-eddf-4c20-bf75-4cc94214fd7b
1995,1995,Tokapi,Take Your Time (Do It Right),a8a8b73a-5a67-4eb8-8a7d-6f5d48c1e388
1995,1995-08-21,TOKIO,SoKoナシLOVE,c6d23b65-c778-44f7-b143-627e0cb7a91a
1995,1995-04-12,TOKIO,うわさのキッス,92370e04-8bea-4b1b-b8c6-658f4b0bbdfc
1995,1995-06-21,TOKIO,ハートを磨くっきゃない,88df9fb1-efb7-433c-b1eb-835b5d67e265
1995,1995-10-21,TOKIO,好きさ〜Ticket To Love〜,30f46e25-301f-450f-9fb7-bdd099550f46
1995,1995-12-02,TOKIO,風になって,c59815dd-158a-469c-a126-c333a56609ab
1995,1995,Tokyo Ghetto Pussy,I Kiss Your Lips,48984d40-309e-32e3-b418-70cecd94fb66
1995,1995,Tokyo Offshore Project,Hyperambient / Hyperfunk,b0e5f61e-547c-3dbd-853c-c58fef685c3e
1995,1995,Tokyo Policewoman Duo,"デビュー記念イベント ""パトロールに出発!""",e28c7501-35dc-412b-9763-b6c0d4b446bd
1995,1995-11-01,Tokyo Policewoman Duo,待たせて、ゴメンね,e3d2b32b-4039-417b-a23b-716ab623c415
1995,1995-03-24,Tokyo Policewoman Duo,晴れのちパレード / We Are POLICEWOMEN,bb21286e-33eb-4671-8e7f-f2cafdc09739
1995,1995-10-23,Tom Angelripper,Delirium,d42cc757-a724-30b3-9982-3ed3fcb8ead6
1995,1995,Tom Cochrane,I Wish You Well,a7d46d94-5d73-3b3a-a091-39e29b8fd8e2
1995,1995-10-25,Tom Jones,She's A Lady,6ff08933-e6d2-48c6-ad62-14b2e142fc53
1995,1995,Tom Jones feat. Tori Amos,I Wanna Get Back With You,fb8aa91e-67a9-34f2-9e8e-149b062329d7
1995,1995-08-22,Tom Petty,A Higher Place,b386d638-3961-4718-8a5e-88d844afc40a
1995,1995,Tom Wilson,Let Your Body Go,f3e5efb9-9204-3f85-b805-e5947c8f829a
1995,1995,Tom Wilson,Techno Cat,3b4abc12-6bf8-3017-8280-5354aca55ae6
1995,1995,Tomcraft,Rollercoaster,b3f351d5-a646-4170-bbff-72dec2d50fcc
1995,1995,Tommi Läntinen,Mä matkustan,1551d3b6-0aea-38d9-a3fe-7177d271191d
1995,1995,Tommy Dysart,GO G GO (The Goggomobil Song),f374efd1-1ccb-3fc9-a3e7-15b245fca3cc
1995,1995,Tommy Emmanuel,Classical Gas,4e3a9696-6b1d-4493-a334-99f7e009064b
1995,1995-03,Tommy Steiner,Brennende Herzen,f8ae9f0f-134f-43e1-9b39-bea52cc5f43d
1995,1995,Tommy Steiner,Engel Der Liebe (Liebesengeldancemix),05d84fdb-502d-48f9-a2ac-504f4dec397c
1995,1995,Tomstone,Over My Shoulder,b04fc02d-ecfe-489e-a4d4-02d18d19e8ae
1995,1995,Tone Theory,Limbo of Vanished Possibilities,b383a4d5-8217-477d-ac80-45aa1cc037eb
1995,1995,Toni Pearen,Joy,f34eae94-f4ea-4ea6-a13e-c0448dab24ca
1995,1995,Tonic,Keep It Real,5f0fd413-5282-489e-9227-8b3cfc26cb39
1995,1995,Tonic,King Shit,334eb31e-bc51-4d86-b1a8-2e140025b1ce
1995,1995,Tonic,The Mack,5f600af6-2689-4ef9-b647-5d5a3c61d6e6
1995,1995,Tonic,Wake Up Call,a949ee6a-d946-4837-bab5-3d0b75a2de0b
1995,1995,Tony Cabana,Een vrouw voor het leven,c0fe9aad-d072-4bb5-8810-f29293ec5a2e
1995,1995,Tony De Vit,Burning Up,18a44ec0-3084-40c2-9a0d-0b7f9e749e10
1995,1995-05-08,Tony Di Bart,Why Did Ya,8fe947a0-aa97-45fe-ae37-d25c34c6447d
1995,1995,Tony Marshall,"No, no es ist nichts passiert",c43fff1c-0f9c-43b8-83d5-b2b96d236b27
1995,1995,Tony Salmonelli,Hey!,4177ef08-46ad-425b-b19a-e2f804e8c6eb
1995,1995,Too $hort,Paystyle,ad347cad-786a-32f9-9422-b2a8168e85c2
1995,1995,Too $hort,Top Down,0beb137d-fbea-4fa3-a65e-63e119bd0613
1995,1995,Too Fast for Mellow,M.F. Bass In Your Face,866cc90a-ae90-4cc2-8b30-2babfc699f7e
1995,1995,Toolex,Open Your Heart,ee86dd52-8c7f-4b84-a85b-67f4d76dd999
1995,1995,Top Cat Meets D.J. Rap / A Klass Krew,Ruffest Gun Ark / Ruff Neck Business,87e37259-f1d9-4765-b379-8d9742f8ba7d
1995,1995,Torsson,Bertils bror / Herreje / Ansgars handskar,d6931947-767f-4da7-8002-996247c1008b
1995,1995,Tortoise,Gamera,d13d6c0d-6c9e-3052-bcf9-a8499bf9d5ea
1995,1995,Tortoise,Why We Fight,cf03c656-d49d-332b-a574-6fd59ebf1cc5
1995,1995-03-15,Toshl,Asphalt Jungle,6a1a0e87-42ca-42ae-8df4-59b6cd800c8a
1995,1995-02-21,Total,Dog Throat Sun,3c58369a-674e-4303-9a49-ebd294990691
1995,1995-11-27,Total,No One Else,da8823d5-9eab-4cfa-b2f4-8c704c0bc20e
1995,1995,Total Eclipse,Can't Do That / A Little Bit of Heaven,757fab8d-6400-4f34-bdb3-bd6e8b95ef8a
1995,1995,Total Eclipse,Le Lotus Bleu (Remix) / The Crucible,fa3be062-1643-4003-a52a-fd98d9f104a2
1995,1995,Total Eclipse,Toxic Caterpillar / Far Beyond Speech,57ebd306-323e-48eb-a352-71012e128538
1995,1995-03,Total feat. The Notorious B.I.G.,Can’t You See,1c555a46-30fd-4f31-819e-ec3d8902f327
1995,1995,Toto,I Will Remember,c852a4b2-eaa1-4a1d-9d43-1a7c7eef5d8c
1995,1995,Totta Näslund & Josefin Nilsson,Alltid inom mig,6e128b5a-f60a-4a29-bae6-4bae31d21377
1995,1995,Touch el Arab,Cosmic Muhammar,342bf8b0-e21a-4ea3-8555-4796a427fec1
1995,1995,Touch It,Party Inferno,55052665-592e-4242-918a-777c894d6403
1995,1995-09-12,Towa Tei,Luv Connection,5b31281e-b8d2-46d0-987f-7497a94b08d2
1995,1995,Towa Tei,Technova,9f2a89da-677c-3fa2-be9d-50a9477c713d
1995,1995,Toy Dollz,Lazy Sunday Afternoon,6f9cdea9-740d-3fe7-b055-ec6ff611548d
1995,1995,Toy Shop,Bang Bang Bang,c2fcf64a-60c2-41d0-a51c-62077a157e69
1995,1995,Trace,Have You Know / West Coast Flavor,12e72736-e966-4a65-bf5c-6b5b6cf01a66
1995,1995,Trace,Lost Entity (remix) / Jazz Primitives,ba08e58b-ef77-42b2-8a65-0d5376dfa0b9
1995,1995,Traci Lords,Fallen Angel,e11bdc96-34ba-4cb9-84a9-cc8cd1689c26
1995,1995,Tractor Hips,The Sovereign and the Dogs,fb645f25-8c5b-4efb-8e7b-db90949bea4e
1995,1995,Tracy Chapman,Give Me One Reason,a2934ca0-32d3-3363-9929-837a823d544e
1995,1995-06-21,Trade Love,Seaside Love,8901cefd-b200-4003-b440-3a36e32304b0
1995,1995-04-21,Trade Love,Sunny Summer Days,49f4ee78-eca7-4ecb-98ec-8b7d207a8a8c
1995,1995,Traesch Goes Party,Born In The Universe,4f1d153e-3b29-491c-b518-d718aae1305f
1995,1995,Tragedy,Pass Da Tek / Da Funk Mode,399b97ad-1e8e-4291-a458-6a165053aa23
1995,1995,Trance Logic Feat. Jocelyn B. Smith,The Inner Light,8cea55ed-9526-431b-bc4a-a8e06bc5447a
1995,1995,Trance Opera,Theme From Rain Man / Debut (2nd Edition),1b431b32-3589-4667-811a-527de1d88558
1995,1995,Trance Pose,On a Mission,32610bbf-67d3-4905-88ec-5c6ce5969e2e
1995,1995,Tranceformer,Lunatic Angel,4fce7890-c430-454d-aa0e-07c5e7d692cf
1995,1995,Trancylvania,Colour of Love,15edd949-04c4-4b02-8391-1f747c77b461
1995,1995,Trancylvania,Reach Out,86c50692-9b2f-447e-9787-36b65b7378a6
1995,1995,Trans-Fusion II,Infinite,4d3e6c0d-8f08-43de-ab5a-31a905e732a5
1995,1995,Transcendental Love Machine,Revolvalution,46c713f0-39d9-4acb-a91d-8bf4468691c3
1995,1995,Transcendental Love Machine,Satellite,0f2d7851-cfc3-4d85-96e0-bfe62a640a1c
1995,1995,Travis Pickle,Sound Of Sleep / Cheesehead,80a81c85-4e7c-4bd1-a35b-abd39fb4998a
1995,1995,Trax's & Gemini,Dreamscape - Simply The Best,75bb51c0-0cd7-4814-8f78-0c4b0707fb87
1995,1995,Trax-Star,Rave-O-Matic,eb0ee3c1-86a0-4917-bcf2-c2c0727aa4ec
1995,1995,Traxmen & DJ Lil' Tal,Trax 4da Women,f0c909b3-98e1-4b08-a19a-a5234d62a971
1995,1995,Trends of Culture,Make a Move,d8eb1e0e-0251-4093-a3c3-f64af690f6f9
1995,1995,"Treponem Pal, Reuno de Lofofora",L'opportuniste,88c7cb0b-dd89-412a-a27c-a3310be6324c
1995,1995-10-25,TRF,BRAND NEW TOMORROW,f5d8a93f-1476-46c2-999b-2acc5b1861b6
1995,1995-01-01,TRF,Crazy Gonna Crazy,f798277a-49ff-3c65-b8ad-8977f8c10212
1995,1995-12-11,TRF,Happening Here,a8fabd7a-27b4-449a-806b-70609fb18d7e
1995,1995-02-01,TRF,masquerade,ddf86028-d25e-49e3-8096-70f96330f6b7
1995,1995-03-08,TRF,Overnight Sensation ～時代があなたに委ねてる～,9c332de7-27d9-499a-8204-56c7ee4db64d
1995,1995,Tribal Nation feat. Linda Zemboot,In De Ghetto,20be2de6-ec3d-317d-ba81-7d2f6596699c
1995,1995,Tribe,Just You and I / So in Love,7034a085-7856-3da8-a124-1e7a20863748
1995,1995,Tribute,Distant... Relational...,b6b119f8-6c9c-4e2a-9e2a-316046fe6b27
1995,1995,Tribute,Names In Concrete / Rye-Grass,7b931cc9-c1bc-4fe7-86b7-58d8445c7346
1995,1995-04-03,Tricky,Black Steel,ce6c9e65-b54f-3aaf-a2f6-e3f7e649884a
1995,1995-01-16,Tricky,Overcome,8f3a3567-fa8f-3cd7-8b6e-01500b0406bd
1995,1995-10-30,Tricky,Pumpkin,7b6afb82-7aff-3d73-bdf0-989a0451021f
1995,1995,Trife,So What?,6c684396-2038-30c8-9cfd-0622187640a1
1995,1995,Trinity,Gangsta / I Selassie I,4d2cda24-cf29-438c-8b4c-1b37f6a8b461
1995,1995,Trinity,Gotta Go,081ee506-6e57-485c-a942-9ea29f6fefc6
1995,1995,Trio Hasjee,Er hangt een foto in m’n auto,11947023-450b-456d-91a7-f7e9d4c58369
1995,1995-11-10,Trip Hazard,Analog Retention / Army of Shadows,7931b6ba-7163-43ce-a255-89a102570c27
1995,1995,Triple R + Walker,Aufraeumen !,2ffdbfec-478f-4678-96de-d77b2ddfd620
1995,1995,Triple X,X-Files Theme: The Truth,7b4ba291-2f48-3e77-9bd1-4863e312c378
1995,1995,Tripping Daisy,I Got a Girl,7459a61d-b496-4854-9bc7-dab2c52f56d7
1995,1995,Tripping Daisy,Piranha,bd2c758a-1afd-4eac-a841-92b42c0fcfb0
1995,1995,Trona,Red Hot Slag / Black Box,61f853c3-ac9a-4fd5-b4f6-7898844b1547
1995,1995,Trope,Amphetamine,73904329-ccfb-4bfd-91fa-248f2e0612ce
1995,1995,Troublemakers,Änglarna,d0454aaf-4652-3103-a104-9c62d9207a96
1995,1995,Trout / Cha Cha 2000,Trout / Cha Cha 2000,de797ae1-2b28-344f-9ab1-8678ab7c37ce
1995,1995-08,Trout Fishing In Quebec,Ooh La La,e8a02e22-63b3-4da1-ae55-a51b4a69d392
1995,1995,Truce,The Finest,46c94b21-f4d5-4910-b17c-0c72989fac88
1995,1995,Truck Stop,"Emmylou, Emmylou",c6c34879-0625-42fe-9ca0-d5b6cab870b8
1995,1995,Truck Stop,Sally & Dan,f64d713f-2751-445b-969a-81ecfdf790f0
1995,1995,Truck Stop,Wohin der Wind Dich treibt,aa36df53-0451-47fd-95bf-0ce06145c994
1995,1995,Truly,Blue Flame Ford,9644665e-851e-43fb-8ac7-e6c5d812026b
1995,1995,Trybet,Drifting Pitch Remixes,a6b182a1-9f5a-4766-bdc7-25b13177fa9c
1995,1995,TSD,Heart & Soul,a84e7ef5-a491-4bd7-bcc9-21acf0735a34
1995,1995,Tsopana Rave,Η Κορνηλία,f8f46f22-9d7a-47d8-8ac5-611f8ee12bc3
1995,1995-07-10,TUBE,あの夏を探して,03ef0181-ca25-3643-8854-6938cb716fb2
1995,1995-04-26,TUBE,ゆずれない夏,e61af5aa-70b5-3163-85c8-c0cc0e02e84f
1995,1995,Tuck & Patti,Heaven Down Here,63a3f4f5-5862-4c57-8df9-f707529f4c8c
1995,1995,Tuff E Nuff,Just The Way You Like It,afd0956d-e2e4-4ab8-ba5a-7560ff22bcf1
1995,1995,Tufáan,Tufáan / Probe (Green Nuns Of The Revolution Remixes),421ff433-a0fc-4eed-aa47-0bc71a6248f9
1995,1995,Tulku,Life Force (Kupuri),cb022014-29ec-3040-9b98-081067be6ac4
1995,1995,Tullycraft,Bailey Park,eddca0f3-64b1-4269-8e2f-6c253cb27825
1995,1995-05,Tullycraft,True Blue,acd920ac-3c07-4b74-ba3d-a7564d726210
1995,1995,Tumbleweed,Armchair Ride,3943a254-77f4-3d04-acd2-dfd25b469c7a
1995,1995,Tumbleweed,Hang Around,3b40e6c1-58f1-3a7e-b968-8f8045c9d815
1995,1995,Tunnel Vision,Volume 4,15f2dc4e-0c5b-4746-9746-ee1771ceadca
1995,1995,Turboneger,Denim Demon,39074ecc-d2bb-4063-a758-a27391716475
1995,1995,Turboneger,I Got Erection,2b9e24a3-1fac-44d4-bfa3-ced1b0fe515f
1995,1995,Turboneger / Anal Babes,Flabby Sagging Flesh! / Death Time,a6e61df4-bf5a-44fe-969b-2f3ea79fadb9
1995,1995,Turbonegro,Bad Mongo,4dcf3924-e220-4543-9d4f-7939c8d076ed
1995,1995,Turkish Delight,Try Harder,a0f9f4c5-b1fa-4242-bda5-98150d504c96
1995,1995,TWA,Unity,cc11e3da-392b-4d54-9691-2a8c080a382b
1995,1995,"TWA feat. Lady JoJo, Queen of the GoGo",Nasty Girls,486adf89-7fbb-4b56-8d24-5d6f00447e82
1995,1995,Tweety,So Cool,23c0ff70-7891-44ae-93a4-4000094c30ca
1995,1995,Twenty 4 Seven,Keep On Tryin’,d6fef202-796e-37dd-aebc-cb5cd03150ae
1995,1995,Twig,Parade,5eaf183c-fee2-4993-9b7e-ac68ca7f4526
1995,1995,Two 4 You,I'll Be In Your Dreams,0762521a-aa50-4087-9a96-d1d951c1db1b
1995,1995,Two Doo,Sexual Intercourse,6302e994-9710-4b29-9566-32b8e1e6d6a0
1995,1995,Two Heads,Do You Really Want My Love,8b4d0a41-ec81-46c8-9776-4d55ef3e14df
1995,1995,Two Ruff,I Want You / Bouncing Darkness,e6b9fb12-2d68-4aa0-92d9-d17ce9d8049c
1995,1995-04-29,TWO-MIX,JUST COMMUNICATION,14d425d9-9784-43a9-a20a-481160c00ad8
1995,1995-11-22,TWO-MIX,RHYTHM EMOTION,bda947d8-b805-4fc0-bf5b-f54e0442e0d5
1995,1995,Tyranny,Innate / Beyond Reality,8a406eed-26c1-4ab2-a2c6-fd2662537b04
1995,1995,Tyrant,Black Crown Promo '95,8d65d98b-96bc-42b6-be98-7c764915e34c
1995,1995,Tó Cruz,Baunilha e chocolate,06398263-bd1d-4af6-a28e-6197a00ec10b
1995,1995,T‐Spoon,A Part of My Life,2b69efc5-93c1-4278-a360-3a477c798981
1995,1995,T‐Spoon,See the Light,c059896f-cf38-4aaf-94f3-23d3e7908e13
1995,1995,U.F.O. Squad,Dead & Bury,446e5ff8-a94b-42da-9d88-1525fc2b06b5
1995,1995,U.N.L.V.,Scrap Up !!,d7a6d992-4a52-4e2e-8a8a-93818e18237d
1995,1995,U.N.V.,So in Love With You,bf3b6299-3607-3654-926b-9ee501cab4d1
1995,1995,U.S. Maple,Stuck,55677955-37b7-4189-b3b6-b8782cd5edde
1995,1995,U.S.U.R.A.,The Spaceman,c3b7f77d-9718-4c45-aacd-233081f87eac
1995,1995,U2,"Hold Me, Thrill",733ec332-132f-402a-9917-46d301d6cd0d
1995,1995-05,U2,"Hold Me, Thrill Me, Kiss Me, Kill Me",9ace1888-92c2-386b-96bd-9389766ddf56
1995,1995,U96,Boot II,6a36558f-233a-42f9-bd3e-594fb1f1276f
1995,1995-07-22,U96,Club Bizarre (Steve Baltes Slow Tekk Mix),2d3eae2b-1554-4b5d-a003-03f615e996a4
1995,1995,U96,Movin',0baea347-4904-37c2-bd3c-3e0838dac1bd
1995,1995-09-21,UA,COLONY,e6119434-b158-37f1-896b-1dd4f2213e7d
1995,1995-06-21,UA,Horizon,19159804-9a02-300f-a94e-d5522a528d50
1995,1995-10-23,UB40,Until My Dying Day,a606301c-777f-3cfc-a280-292da9162b13
1995,1995-12,Udo Jürgens,Heute beginnt der Rest deines Lebens,796cf494-0ef0-4e26-84b1-468c8ad90feb
1995,1995,Udo Lindenberg,Ich bin ein Single,b8cdd111-76cc-445a-92ea-fb30c4dc33b8
1995,1995,Udo Lindenberg,Ich will den Platz in meinem Herzen neu vermieten,ad17c8e8-2651-4bd4-8975-b55dda7af965
1995,1995,Ugly Kid Joe,Cloudy Skies,1e39d82a-b9a8-4210-8ac8-9bedc7cad072
1995,1995,Ugly Kid Joe,Milkman's Son,2b76cedf-b92b-3c34-907c-42edd2fcf578
1995,1995,Ugly Kid Joe,Tomorrow's World,681d4727-5cb1-4ba4-ad41-bc2a7eccbd5a
1995,1995,UK Subs,Betrayal,4758d80e-a078-4f11-8cb5-cd4a56d5e89d
1995,1995,Ulla Norden,Schnall dich an...,9347236c-059f-4e73-acb5-124e523e77d7
1995,1995,Ulli Schwinge,Bring ein bisschen Liebe in mein Leben,336b8acb-198a-48e6-85ac-ceccbc9493e8
1995,1995,Ultima Thule,Blonda svenska vikingar,4e6147ed-45e0-42da-927b-108d7004b60c
1995,1995,Ultimate,Hypnotic Feeling,862f2351-1f57-4282-8793-0fb53316e90f
1995,1995,Ultimate Buzz feat. MC Bee,Rock da Bass,6f9bf175-62fc-38cb-be68-03c9821840ca
1995,1995,Ultimate Kaos,Hoochie Booty,26d16cdd-a0f2-458d-87ef-4ffb4c14986f
1995,1995,Ultimate Kaos,Hoochie Booty,9c7c3aea-6eaf-48b1-a425-f5573a36adbe
1995,1995,Ultra Naté,Party Girl (Turn Me Loose),7c8dfd78-37df-442e-8823-aeaa10c2f546
1995,1995,Ultra Shock,"The Sound of ""E""",f76f2d2a-1edb-385d-9ea7-15fddb2392a4
1995,1995,Ultra-Mid,Tagasi Su Juurde,4f48617f-41f7-46b7-a9a2-9fb2df1e2cc8
1995,1995-03,Ultra-Sonic,"1,2,3,4",3b3d78fa-8f2a-4981-81bd-87f7b26705ee
1995,1995,Ultra-Sonic,Check Your Head,91d21018-5149-43ce-be0e-fbeb874dae3c
1995,1995-10,Ultra-Sonic,Make That Move,698e3d36-b006-38ae-8232-007520f79446
1995,1995-09-11,Umboza,Cry India,3ad8617f-b4bf-4c6b-b91d-c2bdb2c6e2f8
1995,1995,Umfufu,Ponytail,09f7144e-1b89-4d53-8ed4-8ac555313c10
1995,1995,Undercover,Every Breath You Take,3ccb9459-ab52-47d6-89a0-a57992547b6c
1995,1995,Undercover Agent,Oh Gosh! / The Instrumental,48817964-6875-441c-bd96-81de8d7f68a1
1995,1995,Undercover Agent & The Kriminal,World Mash Up / Jah Works,6bb61ccb-2a53-4418-80c7-4cc64960147c
1995,1995,Undercover Agent / Sid Young & The Chronicles,Oh Gosh! / Step Up,85edaaea-1610-4f8b-a272-61a5513458e6
1995,1995,Undercover Movement,Back 2 Front,4f3624ea-9fc8-4fc4-87f0-7fa3920e74b7
1995,1995-05-01,Underworld,Born Slippy,c8d9bd5e-c1d2-3ce7-bce0-b52065e2387d
1995,1995,Unholy Swill,Shoot My Boss,7ecd433c-fa4c-4117-80c1-0321599a996f
1995,1995,Unicorn,Living in a Fantasy,59fe491d-afc8-3d8b-a115-98d6eb705814
1995,1995,Unicorn,Love Me!,d87dd6b8-7023-35b5-b00c-f1bdb7b264b0
1995,1995-05-15,Union Jack,Red Herring,4e68d3e7-967f-3bef-a54a-8f225d2f669b
1995,1995-06-16,Unique II,Free,01e319ec-7000-3f07-ae07-8f030ec9545a
1995,1995-02-25,United Future Organization,Stolen Moments,5a545a04-6168-3076-9808-3471d0f1040c
1995,1995,United Rave Orchestra,Auferstanden aus Ruinen,221a024b-6afc-4823-81f4-36ba5c270575
1995,1995,United Zeros,Lila Traktor,09121969-5c4f-495d-8dc5-f4af0900d52f
1995,1995,Unity Loops,Part Of You,71421a32-03c6-4800-9806-7e3fd1f7ed4c
1995,1995-09-11,Unity Power,I Feel The Music,1ad3f49e-29a3-49f5-b6d2-580f0b82336a
1995,1995,Universal Love,Deeply,44d985cd-3f7e-4b62-a7b8-4117361490c6
1995,1995,Unknown Artist,Shelter,2d7f500a-a05c-4d2f-818e-aa857b08b7bb
1995,1995,Unknown Artist,Untitled,5165053d-c929-4fcf-ba69-2b54c47e50b9
1995,1995,Unknown Artist,Untitled,fe0c5157-736b-40ae-b8af-a81863b8fd49
1995,1995,Uno Clio feat. Martine McCutcheon,Are You Man Enough,80b70ce2-94d0-4e50-abb7-fd0bbe15a3ec
1995,1995,Unrest feat. Beverley Skeete,Feel So High,5aaece26-f3da-4c31-a3f3-d6da1df0e4a5
1995,1995,Unsatisfied Evil II,Roughadam Meets Gangstadam,b5e7b0dc-9b75-4596-ba89-9ef13c8ede16
1995,1995,Unter Null,Eisbär,1b3645fc-07b0-47a4-afec-dde5143b7914
1995,1995,Untouchable Warriors,Never Die,924f9ad6-1b0a-407a-9baa-c14091ac01a6
1995,1995,Up Yer Ronson,Lost in Love,3afd7df0-4bcc-461d-a0bf-1650fc081baa
1995,1995,Up! feat. Melanie,Raver Star,9803315f-d8e7-478a-a073-c0cde84f44a6
1995,1995-06-01,"Up, Bustle & Out",Revolutionary Woman (of the Windmill) (La Bandora Del Molino) - EP,9f4e311e-0ae6-4c13-a98f-078b66ecdd4d
1995,1995,Upside Down,Change Your Mind,0105e362-ea7b-3f57-99df-019b5e2ec897
1995,1995,Urban Cookie Collective,Rest of My Love,0ed92ec6-179e-4eab-b82f-57f6c919d514
1995,1995,Urban Discharge,Wanna Drop a House (On That Bitch),06141a2a-6198-4dde-a2bd-01dc04d9d89e
1995,1995,Urban Knights,Chill,11217c5d-f7b2-3963-9868-420ea98cbe9d
1995,1995,Urban Shakedown / The Dream Team,Arsonist / Stamina,aa583641-423e-44ee-a688-c66ff598cd48
1995,1995,Urban Shakedown featuring D.BO General,Some Justice '95,7f12717e-477d-4f60-b13d-00fd4be0e833
1995,1995-05,Urban Shakedown Featuring D.BO General,Some Justice '95,d42bc852-5d7f-4ff0-ad1f-aea2ccaf2664
1995,1995,Urban Soul,Sex on My Mind,40ea468d-1d34-3247-b3ff-d627a9e2e557
1995,1995,Urban Thermo Dynamics,Manifest Destiny,0c50aa6e-9099-438a-8eb4-df524fba16c5
1995,1995,Urban Trance Plant,Music Drops Down,8daf3d88-9d43-45eb-a583-073f929200ab
1995,1995,Urbanus,Poesje stoei / Dikke Rik,7bf42e08-62a9-4e65-b286-ff437a4e6c87
1995,1995,Urge Overkill,View of the Rain,43a0c608-12d9-4500-a6e3-2e9c9585b783
1995,1995,Urgent C.,Wish You Were Here,20fb2bef-67bb-4f11-a78f-a96e6e190c72
1995,1995,Uriah Heep,Dream On,f0176d28-27f9-37eb-bec7-28703f355d0b
1995,1995,Urusei Yatsura,Plastic Ashtray,eab5d30a-6e69-3434-9183-96bccff52072
1995,1995-08-29,Urusei Yatsura,Siamese,d88acdd4-c6ea-4805-a09a-4e89ade586ca
1995,1995-12-11,Usher,Comin' For X-Mas?,46f7a561-b4e7-4aef-8c89-dbfa23ee8583
1995,1995,Utah Saints,Ohio,a33ccb32-8c49-4c31-963f-c0599cc02d23
1995,1995,UTE,In The Meantime,19bbc9b5-c5c7-3146-be0e-5955a7a92668
1995,1995,Ute Freudenberg,Was hab' ich schon verloren,126ce131-a07b-4312-b1f8-31c5166841ab
1995,1995,UVX,Billy Whizz,55b865ea-9ef9-32a5-b407-85fa97f0f6ed
1995,1995,V,Sub-Machine / The Unheard / Vliezwei,20b678df-db7e-3750-996d-fe18b36e84dc
1995,1995,V Tracks,Mental Flow + Limits,72331bac-0df9-4be9-9593-dc7a15bf3906
1995,1995,V-3,American Face / Son Of Sam Donaldson,b679f52c-952d-401c-886e-dd23ed2f6b62
1995,1995,V-3,Russian Roulette (Chinese Style),08a91ec2-5790-4fcb-8666-de2cf4049e80
1995,1995,V.C.M. Power,Wizard Love,d60abbb5-34e5-4f45-8f38-1fdae5281957
1995,1995-11-01,V6,MUSIC FOR THE PEOPLE,3c57c2fe-573b-472a-b24d-29599f6fad71
1995,1995,Vader,An Act of Darkness / I.F.Y.,945f2a69-faa7-4af0-afe2-6c8e64c841aa
1995,1995,Vader Abraham,Als je inlegkruisje maar goed zit / Hoera leve het inlegkruisje,d77f985a-9304-36ba-b6dc-bd080079d3a1
1995,1995,Vader Abraham,Van Breda tot aan Maastricht / Sarah en Abraham,915b3a57-0858-4d32-81b6-f4896642a53f
1995,1995-06-01,Vahrzaw,Namiros,4620d630-ce08-4bdd-a023-66fd71ed261e
1995,1995-04-21,Valentine D.C.,BRAIN GAME,a7766d50-898d-477a-ae90-8152ed940e31
1995,1995-01-21,Valentine D.C.,Tomorrow,1e18c2d6-5dd7-4529-a2e8-556b34592369
1995,1995,Valhalla,Monumental,60f4a55b-a2be-4919-bc34-e9d76561ca85
1995,1995,Valve,The Cumming Of,6fe4be9c-907e-45d8-8b4d-7b82552f29af
1995,1995,Vampire State Building,nXt,4e398d00-6231-35af-9efa-b31a31622397
1995,1995,Vampyre State Building,Surfin' Hell,892ccc25-09c9-4b96-b373-4cc0bc422c33
1995,1995,Van Basten,King of Death Posture,9697140e-0321-4709-85d5-bba7f0a3b24f
1995,1995,Van Den Mynk & Snyderman,Tendancy,d7d69cd9-c516-494f-a33c-97b13f3c4120
1995,1995,Van Halen,Amsterdam,e25a212b-e3db-34ea-aabe-da3784af5bc6
1995,1995-03-14,Van Halen,Can’t Stop Lovin’ You,e793d102-7a1d-3d76-9536-5f4385574ac7
1995,1995,Van Halen,Don’t Tell Me (What Love Can Do),b18d4d17-7e26-3708-a9c5-dce370378021
1995,1995-06-25,Van Halen,Not Enough,ee9acee5-db9c-3d9b-8211-cdcd00ae7a34
1995,1995,Van Morrison,Days Like This,173b7849-81c4-41d6-a448-0ce1fa50a1e0
1995,1995-11-20,Van Morrison,No Religion,28d2daef-e60e-4f6a-b6f6-194ec9e83500
1995,1995,Van Morrison,Perfect Fit,72b33ad9-9db8-4f1d-bb3b-c83acfe3f779
1995,1995,Vanden Plas,Fire,7f663a4b-b066-4cf3-9656-e2db5ebd5ca9
1995,1995,Vanessa,"Laissez faire, laissez passer / The Eyes of Love",185c8184-b155-4a7c-913e-e7e6c083268f
1995,1995,Vanessa,Lidia / Out Here on My Own,c645a03d-206d-446e-bd67-5fd457b21123
1995,1995,Vanessa Daou,Near the Black Forest,dda49133-9ea5-4f03-bbec-deb38d2dc397
1995,1995-06-21,Vanessa Williams,Colors of the Wind,edda0da6-05fe-3f8a-9bc9-3fc747c41023
1995,1995,Vanessa Williams,For All The Children And Colors Of The Wind,d384fd9f-6f53-42f7-9f1b-fa9b1e780b43
1995,1995,Vanessa Williams,The Way That You Love,c8cd86b2-2d51-408c-8bfb-ed5c977b89dc
1995,1995,Vanessa‐Mae,Classical Gas,58987d62-a7ba-36eb-b1db-d8706113ca4e
1995,1995,Vanessa‐Mae,Red Hot,cbebd50c-6b68-4fe4-adc0-c44448c9ad5f
1995,1995,Vanessa‐Mae,Toccata & Fugue,688b21f9-c6ec-384d-bff0-e02e2d0d0279
1995,1995-10-06,Vangelis,Voices,419ef2c6-b88a-3ee2-ba75-93fde5f1a08f
1995,1995,Vangelis with Stina Nordenstam,Ask the Mountains,d46fd720-edff-358d-a791-e4e7632d873b
1995,1995-11-11,VANILLA,ヌードと愛情,b2004458-bb0e-4016-b8bb-32179b761c22
1995,1995-07-21,VANILLA,愛をちょうだい,054cacb3-cf40-405f-93af-cfae04a49341
1995,1995-12-21,Vanity,Trouble / Delicious,c6c1051a-9e02-4142-ae8a-2d8edcd4e0b1
1995,1995,Various Artists,[untitled],edfe18ab-25c1-4dda-8b6d-c04efa3b68fd
1995,1995-07-21,Various Artists,CDドラマシリーズ 聖獣伝承DARK ANGEL 第一章 蠢動,685eb1c3-5013-49d4-bdce-2c2659323c26
1995,1995-10-13,Various Artists,Dracula,078d84d6-40e8-47f8-bfc5-8389b560d3dc
1995,1995,Various Artists,Egzemplarz promocyjny,b5d2abdd-05a0-489f-845d-e0dfd13d2df6
1995,1995,Various Artists,Future Shock 2001,246540b5-392c-4061-b6ad-47920321e1f3
1995,1995,Various Artists,Going Global Series: Singles Boxset,80d91411-055f-45b0-9e1b-aa6fe20c1cf4
1995,1995,Various Artists,Historias del Kronen,3ab98b98-75d3-428b-ab6e-3384bf6bd16e
1995,1995,Various Artists,I Feel Love / Forest,382df626-8960-3d62-9c07-a02bd1692c4a
1995,1995,Various Artists,ID&T - Promotion Copy,b391af88-8da7-4ce8-bc39-ba0018273b73
1995,1995,Various Artists,Melody Four,3f82a34d-bc18-4bde-a4ac-a71efac70f72
1995,1995,Various Artists,Milky Way's Magic Dance Music,7b291c1a-0c24-3db6-b0a7-a524e80366b6
1995,1995,Various Artists,Original SK Sturm 'Gruabn-Song',4b7bb6da-c980-4752-b6ac-f63b539f23f7
1995,1995,Various Artists,Soil X Samples 19,a7cec26b-74e3-4dd7-a609-8e9c2b86f25a
1995,1995,Various Artists,Strings of Life,2b76cc96-5786-39be-8609-30532fd9f632
1995,1995,Various Artists,Strings of Life,7735389e-dc7c-3513-a6ac-e30552f4a627
1995,1995,Various Artists,"Super Dance Megamix, Vol. 3",3922c4b2-d0ea-4741-b49c-f26e0fc55703
1995,1995,Various Artists,"Super Dance Megamix, Vol. 4",bd590c71-26b7-4275-ae86-737eacc26497
1995,1995,Various Artists,Take One - Get Two,0d8d153b-f93c-3b8e-a03c-a4d160f2737d
1995,1995-02-25,Various Artists,TEKKEN: Windermere the Jungle mixes,6b9342ed-5ab7-464e-8c00-fa0aa13123f0
1995,1995,Various Artists,The New Electro Sound Of London Volume 1,86d8b611-d056-4fb1-8afa-a134a353a9c9
1995,1995,Various Artists,The Points,639a1ef3-084a-4b2f-9817-163b674ace69
1995,1995-07-01,Various Artists,Thunderdome IX: The Megamix,013b39a6-ae55-44a8-b003-94f1c9a1da8d
1995,1995-06,Various Artists,Thunderdome VIII: The Devil in Disguise (The Single),ac660538-2092-46fc-9f8c-3c7abc4b1c73
1995,1995,Various Artists,Thunderdome VIII: The Megamixes,6e38c770-7843-424c-ac39-c8b7b38eb3db
1995,1995,Various Artists,Thunderdome X: The Megamix,0dfabdf1-f692-4cd0-bf79-fe27a09afc5a
1995,1995-11-03,Various Artists,WHAT’S UP GUYS? / MASK,402ba334-4882-47aa-aaa2-c7805c5110e4
1995,1995-07-05,Various Artists,アニメ雑誌の編集は3日やったらやめられない/おさかなペンギンのテーマ,0dacc9e9-3542-3197-b8bd-09c5eb852fa9
1995,1995-04-01,Various Artists,ウルトラまいどCD,8d6d8585-4469-4e95-b90b-8783e7607852
1995,1995,Various Artists,少女コミックオリジナルCD ふしぎ遊戯,48a5b8d1-44d1-4702-a5a3-0778abb66bad
1995,1995-07-05,Various Artists,聖獣伝承 DARK ANGEL CDドラマシリーズ主題歌 天壌の風/夢の砂,de63425e-6e5a-4dba-9f5c-57feb93ca806
1995,1995,Varnaline,Party Now,f0ca19f5-c83f-4fc9-ae44-5ef8210f4f85
1995,1995,Vaya Con Dios,Don’t Break My Heart / Movin’ On,10e04731-017b-3b1f-9e5f-abf066532052
1995,1995,Vaya Con Dios,Stay With Me,e57cfc0d-a281-3392-a82e-c1371d9646d4
1995,1995,Vector,Phantom Cart: The Advent Remixes,6c166c7e-8b77-4e15-b176-8b95dc82dade
1995,1995,VEIRL,Base of voise,6c4a8ad6-3b53-4aa0-a12b-7b6e06c9be5c
1995,1995,Velocity Girl,Seven seas,968bd93b-eea5-4ffb-aa21-152f84f14cef
1995,1995,Velvet Lipps,French Kiss,b5f2b3e2-148d-40ad-bbdc-16277a547604
1995,1995,Venus,Zombie,0a74563a-c15a-4bbc-b821-c527b2359adb
1995,1995,Vera Lynn,Give Me Your Hand / Land of Hope and Glory,b4c45a0b-17cc-477d-9dd8-f17a373890ea
1995,1995,Verbena,I Say So,6fc98720-0972-3245-af80-48384f0f2c6c
1995,1995,Vereinigte Arroganz,Liebe machen,5d060375-084d-4d9a-8c16-67010a96a29c
1995,1995,Veronika Fischer,Abflug in die Stadt,37687507-a1b7-464f-9cf0-88a142765dde
1995,1995-05,Veronika Fischer,Auf der Wiese,77123f5e-11e8-4af6-9a3a-74e79319d7da
1995,1995-04,Veronika Fischer,Träumer wie wir,7b91ffd4-5552-4c0a-abc2-e5b387f2e0ed
1995,1995,Veronika Fischer,Verlorenes Herz,8f474c5e-2818-41f0-a934-a0293a518978
1995,1995-01-17,Versus,Big Head On,675e8d61-063b-4bdb-b894-2c2f7558e9ed
1995,1995,Vertical Vibe,Everybody's Free,88de4d3a-f375-333c-99dc-2119a73a3637
1995,1995,Vertical Vibe,Only You,889f7caa-2058-3471-88f1-ad62d08462b0
1995,1995,Vertical Vibe,What It's Like,96b0b834-080a-36ba-b0ac-df1467ba2034
1995,1995,Veruca Salt,All Hail Me,4706e589-cbbc-405e-ac13-2047a119c1d0
1995,1995-06-19,Veruca Salt,Victrola,f43e725f-b091-31a7-829e-e3429d61d394
1995,1995,Very Reasonable,Very Weed,ada03702-1f31-4b45-92bb-5a0c415a8dc0
1995,1995,Vibes & Wishdokta,Want Your Love / Rave Is a Mystery,3c21126c-0eec-334e-b055-a6b44a82813e
1995,1995,Vibes & Wishdokta / DJ Seduction,Drop The Bass (Vibes And Wishdokta Remix) / Destiny,a2cef160-ad54-4199-98bd-4a200bee5e5f
1995,1995,Vicky Leandros,"Es ist so schön, dass es dich gibt",e9c80788-1902-4c71-a283-f42b837f339e
1995,1995,Vicky Leandros & Tony Christie,We're Gonna Stay Together,221dbd45-6222-4241-9396-8a58b2c4f85e
1995,1995,Victoria Wilson James,Reach 4 The Melody,b5ef382c-4ad5-4b53-891e-d7abad213bf4
1995,1995,Vidar and the Jan Tores,Fra Lille Lørdag,a79ce191-389a-3db1-b5ba-77ce552ff5d3
1995,1995,Vince Neil,The Crawl,21eb9257-ef94-4cff-bed6-b2c56b584f39
1995,1995,Violent Onsen Geisha,Balloon Collector in the Wilderness (Who Is Totally Naked) / Real Wild Thing,0aecc91c-1c3c-4c89-8790-dcab04182c02
1995,1995,Violent Onsen Geisha,The Erotic World,dce39280-c658-4a1c-8dbd-072777c6b35f
1995,1995,Violet Ray,Secrets,8b4f28f7-1e4e-4f52-a159-16c3c6e1bfdf
1995,1995,VIP Crew,Inspirational Vibes,e374eb06-e9de-4fd5-a678-4073a82a9cdf
1995,1995,VIP Crew,Special Request,8e716215-eca3-450b-9497-89a5564fcb86
1995,1995,Viper,Car Alarm,d35d166d-92d2-4e20-b767-de17f9457fef
1995,1995,Virago,Virago,74b14d2e-a111-405e-ba96-ff553dae80e8
1995,1995,Virginia,Rainbows,69d1d517-3419-4908-86ae-d2ebee3dd260
1995,1995,Virgo,Make Believin’,964e0f87-8012-428d-8b75-2a6a5b8b41c5
1995,1995,Virtual Symmetry,Information,20dc20d0-25a3-4d82-a5b0-3d7b4444bc3a
1995,1995-08-14,Virus,Sun,b323f05a-f953-3728-b19f-b88cfc297946
1995,1995,Virus 1,Brasilia Carnaval,9b86f7d2-c795-4219-af6b-4b70021ceea1
1995,1995,Vision Four 5,Purple Lamp,e6944c1f-1c88-3edc-b248-2c9f073fc941
1995,1995,Vision Of D,Then I Dream,eb104815-511b-4e9c-8742-08c6d291ae04
1995,1995,Viva,Je t'aime I Love You,9fc9cfdc-537b-42fd-8095-4e45d7ffcb1e
1995,1995-08,Voice of the Beehive,Angel Come Down,19dd1247-65f1-3451-91ba-37836b8a7dd1
1995,1995,Voice of the Beehive,Scary Kisses,ec8d8fec-784a-48a6-ac38-7e9039bfe51f
1995,1995-06,Voodoo Child,Higher,402c6d70-c3b9-3137-b8ff-fe93a4fbc1ca
1995,1995-07-10,Voodoo Queens,Eat the Germs,db14dc10-f340-40f1-9356-00549c1607c5
1995,1995,Voyager,Parastroika,7ccc0942-d13c-4537-a4cb-51a9c5ea1f0e
1995,1995,Voyager,Part 1 - Knowledge / Haunted,2ee7c888-4dda-4431-8636-2ec1019ff91a
1995,1995,Voyager,"Voyager, Part 2",761ef439-0243-4537-9a24-839c07c6a98d
1995,1995,Véronique Sanson & Marc Lavoine,Une nuit sur son épaule,14e9c2f4-bce5-46ff-af7f-8a2aaf984f57
1995,1995,Véronique Sanson & Michel Fugain,Alia Soûza,55c00223-4a6d-4f17-8f2e-2f9ab7701da9
1995,1995,W.A.S.P.,Black Forever,a5eb35e6-d4d7-4657-9f8a-28b35cc434fd
1995,1995,W.O.W.,Words Of Wisdom / Invocation,69f89d0d-f4dd-4866-9812-82e8d8c62397
1995,1995,Waco Brothers,Bad Times,80d1d62a-4d08-4c2c-b1c3-f7225eb98f89
1995,1995,WAG,Gör det med mej,cd567154-fcce-4c52-b623-af86afc34105
1995,1995,Waking Hours,Isn’t It Alright,8b647701-21b6-47c6-b85c-4c52d5573a40
1995,1995,Waldo,Give Me Your Love,aed1461c-8f91-43d6-b42b-6546a8147814
1995,1995,Waldo,It's About Time,539e0401-0600-4a60-aa71-037653a10a5a
1995,1995,Waldteufel,Der Grosse Rausch,1ad95b79-eb13-4a58-9484-940d382db148
1995,1995-07-04,Walker / Back of Dave,Walker / Back of Dave,515723a4-0027-4531-8eaf-b8801f076c7b
1995,1995,Walleye / Damnation A.D.,"Split 7""",242b9e61-20de-42c5-b9d2-f04d0e5e4a1d
1995,1995,Waltari,Atmosfear / Feel!,301254f5-73ea-472d-971c-8798f310d900
1995,1995,Waltari,The Stage,6f678709-d71b-3d5c-a0ca-01ef826421ba
1995,1995-05-30,Walter Trout Band,To Begin Again,f7220e2b-c7b4-4540-8478-bf43169e0b5d
1995,1995,Wanderer,Forbidden Love,79743130-3e14-45f8-919d-16196dd9919a
1995,1995,Wandering Lucy,Really Truly,15569c2a-2b20-4f8a-aa34-888521f18927
1995,1995-12-04,WANDS,Same Side,c9501988-2153-476b-9213-13bbf480bb37
1995,1995-02-13,WANDS,Secret Night 〜It's My Treat〜,8bf05e9b-e230-4202-b7c9-4be767d209e3
1995,1995,Wapistan,Anishinabe Child,6f627e78-1029-4eb0-adfa-a680c030208f
1995,1995,Warcraft,Warcraft,818557c3-3935-4a73-aeb1-157aed9efdd4
1995,1995,Warlock,Delirious,0abfb7ea-5410-4895-b897-c0d0dfad6c21
1995,1995,Warm Up,Take Me Up,30b17c80-914d-4cc0-86b5-37fe92c7f352
1995,1995,Warp-9,Kazoo,0452a6a7-514d-44f7-abd7-04645fd59b05
1995,1995,Warrant,CD-Sampler,05b241dd-8e8a-45f1-aea9-29c057be627c
1995,1995-08-02,Warren DeMartini,Surf's Up!,6d8abe03-7342-4723-b11f-3cbdb3a7376e
1995,1995-04-24,Warrior Soul,The Drug,e775a7ee-cf62-3da8-bb3c-2b8b025f9b84
1995,1995,Warriors of Love,Somebody Scream,af2009d6-cb09-4e96-861d-09a02bb3a9dc
1995,1995,Warris & Fly,Life On Mars,53727f9c-248f-40e3-abe6-7909914864ad
1995,1995,Water Shed,Brainville / The Throes,4c36d769-e421-4108-9a7d-c9bd6450253d
1995,1995,Wave Kid,Baby I Need Your Lovin,522c5ee5-0c47-413e-8edc-65a7506a82fa
1995,1995,Waving Corn,Doin' It,c1295412-e11d-3a50-8fcd-ea3fb3cce591
1995,1995-11-06,Wax Doctor,Atmospheric Funk,7f965958-6d40-4f69-ae2d-dd82d0700a95
1995,1995,Wax Doctor,The Spectrum / The Step,443d6311-c913-35ae-abb3-eda7d7162de1
1995,1995,Wayland,On Bread Alone?,69a6ba4f-9385-42eb-8cbd-94ec71cf87fe
1995,1995-04,We 3,Groovy Dimensions / Solid Gone,d3a52124-45e6-443b-b9bd-7f0b5fcc81ee
1995,1995-11-20,We Know Where You Live,Don't Be Too Honest,e1baa067-9b25-45a3-acab-fb853dce5aaf
1995,1995,Weapon of Choice,Count Mackuluv,aa27b6c7-bb9c-40db-9e82-41b7744c50c8
1995,1995,Ween,Freedom of ’76,2796f743-e938-31ec-af7b-6d3f5cb57da6
1995,1995-07-13,Weezer,Say It Ain’t So,908c75df-b9e0-345c-a885-17a7fea106c2
1995,1995,Welcome,Glue B/W Low Cost Solution,0f22ee5d-abb1-4f44-939a-88bec5541040
1995,1995,Welcome to Julian,3,9af529e4-44e6-48d9-b129-6fa6f6f1e442
1995,1995,Weld,Loop,72d8d6ab-d2b9-44e7-82f1-d2cf9cd7f5e9
1995,1995-03-01,Welle: Erdball,W.O.L.F.,553e184d-8bcb-39be-9778-dd117cedd65f
1995,1995,Wendall Morrison & Marilyn,Back Together,fc442519-a6bf-41ac-b43c-781224e82796
1995,1995,Wendy Matthews,Say a Prayer,7dc9df5e-77be-42a4-9488-36b9b2fbee06
1995,1995,Wendy Van Wanten,Kiss Me Goodbye,c27dd4cf-37b2-436d-987a-98bb2d84c2dc
1995,1995,West End,Love Rules,bb9e66fb-10bb-4e50-a35a-6cc700875ee6
1995,1995-02-22,WEST END×YUKI,SO.YA.NA,89c7be12-62f2-439a-b17a-b55822711631
1995,1995,West Inc.,Bright Eyes,90201f9c-5eff-431d-8bac-b8e19f2662f9
1995,1995,West Inc.,Mr Livingstone,eca75f90-8ec7-4db9-88e0-8cbda9236489
1995,1995,WestBam,Wizards of the Sonic,6848fc01-e035-429e-9522-8f5d52e5e14a
1995,1995,"WestBam, Koon & Stephenson",Always Music,60aef64b-c4c9-30f8-9106-71d210a36117
1995,1995-01-09,WestBam’s Hands On Yello,Bostich,3a70e2ed-65d3-35bc-b023-8f63cd70a88d
1995,1995,WestendBoyz,Lizten2Mee,4530737b-59b3-4b80-a835-1215e443fc9c
1995,1995-02-06,Westernhagen,Schweigen ist feige,49e981f3-0007-4029-ace7-27430e678a50
1995,1995-06-12,Westernhagen,Tanz mit dem Teufel,a58e44b4-5b1c-42fe-97ee-899db8448f23
1995,1995,Wet Wet Wet,Don’t Want to Forgive Me Now,3018c1a9-31bc-41a6-9d64-821f7aa20dbc
1995,1995,Wet Wet Wet,She's All On My Mind,26d99979-ac53-4f6a-b484-b6f6de1e0ed0
1995,1995-09-15,Wet Wet Wet,Somewhere Somehow,d575e94f-e619-4390-821d-a466ff3c14a6
1995,1995,Wet Wet Wet,The Little Picture,ca55a9e0-c161-40dc-9e16-7ec3cc8f8ee1
1995,1995,Whale,I'll Do Ya,98b6e259-3872-3260-a5cd-fd936249f393
1995,1995,Whale,Pay for Me,860c7bee-f0ac-450f-a3d9-5704a3c3ea8f
1995,1995,Wheel,Livid for Today / Cyclone,1c040996-f96f-48fc-8864-2c85ec70a303
1995,1995-08-15,Whigfield,Big Time,70048218-b01d-470b-b8c4-c6aa6d5e43d1
1995,1995,Whigfield,Big Time / Last Christmas,269781bf-8dc7-46e6-b2c8-93f72618dd18
1995,1995,Whigfield,Close to You,adc1d88b-5994-4071-ad34-2633aedeb09d
1995,1995-11-10,Whigfield,Last Christmas,ad9593ac-a054-45c3-90b8-5b6c713f21d3
1995,1995,Whigfield,Master Mix,75e4d3dd-a2a2-4c75-bd8c-94810dad64de
1995,1995-05-08,Whigfield,Think of You,35710175-b6b2-33a2-ad6d-35209ec2ba68
1995,1995-05-12,"Whigfield, Darrin Friedman & Hex Hector",Saturday Night (U.S. remix ’95),ead6d57f-ecc1-4475-a75f-2b15078c4870
1995,1995-07-17,Whipping Boy,Twinkle,c33ff5c5-a304-35d5-8caf-bd20084983e8
1995,1995-10-02,Whipping Boy,We Don’t Need Nobody Else,c60295a1-1692-3b75-9030-cec52a10495c
1995,1995,White Dawg,Stickin’ and Leavin’ / I Wanna Lick That Pussy,d01ef798-ea13-410f-89ef-6e4b8b874c55
1995,1995-08-28,White Zombie,"Electric Head, Pt. 2 (The Ecstasy)",cae2d1ed-9067-3266-ad5d-687bf9a5390e
1995,1995,White Zombie,More Human Than Human,52bbbb57-04a1-3e8d-bc5c-dc43ff122574
1995,1995,White Zombie,Real Solution #9,182c49e1-ae7c-357b-bf89-8a0044002bb0
1995,1995,White Zombie,Super‐Charger Heaven,e6e624c4-a11c-3a35-a781-8eae54736c90
1995,1995,Whitehead Bros.,Sex On The Beach,253c3e4d-48ef-497b-8f0d-8a519b96d24f
1995,1995,Whitehead Bros.,Sex On The Beach,53973870-b550-4012-bfba-3125b382b3c2
1995,1995,Whitehouse,Dictator,fade9bf5-4613-3966-8d74-d344b4399165
1995,1995-02-06,Whiteout,Jackie's Racing,87499a83-bdde-31b0-b0b8-2616082f4cc6
1995,1995,Whitey Don,Artical,9eb173e6-4be2-4796-9c58-2855d26d16df
1995,1995-11-06,Whitney Houston,Exhale (Shoop Shoop),c9f5e65e-32fa-3a06-b4b4-1e5162d43c2d
1995,1995,Wia Buze,Winnaar,b563f333-b593-4add-a075-ccbe8b6cd9c3
1995,1995,Wick Wickinger,Lasse Reinbøng,10900b27-a89f-4702-90f1-2ce7a6705729
1995,1995,Wicked Wipe,Rock Da House,52a9e8f9-f7ec-4965-af5a-dc14ad08b809
1995,1995,Wicked Wipe,Rok Da House,93b12d6f-413a-48a5-8c5b-4cbb4aa28e7e
1995,1995,Wig Wam Bam,The Right Move,8f75ea77-6f75-41c8-872e-3ec7ba82a41d
1995,1995-01-26,Wiggins,Days In The Sun,4e6984ce-fc5e-40f0-a367-e50f6ef998ad
1995,1995,Wilco,Box Full of Letters,fc55202e-353b-47d9-ae8b-582ce44803ae
1995,1995,Wild Colour,Dreams,81ad232e-c5ea-3fa9-bbd0-148acf4670db
1995,1995,Wild Corner Heartboys,Herzilein Rave '95,a75e9f85-a9a9-428d-a063-bcd4aea166c8
1995,1995,Wildchild,"Legends of the Dark Black, Part 2",fe40f951-8bc2-3617-8bec-a81372f1d004
1995,1995,Wildchild,Renegade Master,6e09543e-9681-3df6-91cc-2feda1718f8a
1995,1995,Wildman,Jump,40985e52-b4c9-4de4-af4c-cd74161c695d
1995,1995,Willeke Alberti,Kus me met je ogen / Spiegelbeeld,cbf2d6e5-e15d-4047-bf29-2270ad21df30
1995,1995,Willy DeVille,Still,d593f167-0447-4b71-967f-c33064a4bfdb
1995,1995,Willy Sommers,Azzuro,613bc3f7-e0b8-4129-96d6-dc07d2034368
1995,1995,Wilmer X,Jag är bara lycklig när jag dricker,a99605db-a28a-3f76-b689-5083e4e1ab10
1995,1995,Windsor for the Derby / Desafinado,Earnest Powers / Envy The Big Noises,bd8dd14c-836b-4c3b-8aa1-bd42e6bd801e
1995,1995-05,Windy & Carl,Emerald,0b3ab35d-eff6-4437-a23e-43271bdf28f6
1995,1995-09-15,Wink,Angel Love Story 〜秋色の天使〜,be2e022a-2170-492c-8377-509a64828a13
1995,1995,Wink,Don't Laugh (Remixes),e192e33c-ee27-4066-a6da-1c9f395b98fd
1995,1995-01-01,Wink,Higher State of Consciousness,8a907524-c7b1-333d-9e94-6a2d84c08d6c
1995,1995-06-25,Wink,JIVE INTO THE NIGHT 〜野蛮な夜に〜,d42f6387-c6ad-4c59-83ed-cb304f171dc5
1995,1995,Wink,Thoughts of a Tranced Love,d9287620-2b33-37c8-b6fd-8fba2b2a07e9
1995,1995-03-01,Wink,私たちらしいルール,9ac70f60-1230-4477-98ea-efee7dd9f519
1995,1995,Winx,Don't Laugh,15851a53-358a-4111-aaff-93079bfb4ca4
1995,1995-04-24,Winx,Don’t Laugh,a9a9d910-bcdc-49b4-9ce4-119fcdb166a1
1995,1995,Wippenberg,Neurodancer,138153c8-f32f-4996-b720-610aa7ca2a36
1995,1995,Wish,Snowflakes,1e9a8fd9-b680-4a85-8457-c20863cd6f7a
1995,1995-05,Witchy Poo,Mixed Metaphor,88035256-dbad-41d4-bd2a-47f054a0a2db
1995,1995-05,Wolfgang Ambros,Der Bessere gewinnt!,c9568662-afa5-4dbc-8a4a-507b40ae88d3
1995,1995,Wolfgang Niedecken,Ich will Dich,ba6783ac-552d-499a-8c0b-62ea76f4d857
1995,1995,Wolfgang Niedecken,Jeder's manchmohl einsam,6e65a400-4a01-41c1-bcf3-211bd3cacf55
1995,1995-04,Wolfgang Petry,Jede Menge Liebe,0b7956a5-6a21-4e14-8b21-3392a693fd26
1995,1995,Wolfgang Petry,Scheissegal,a63ed822-7d49-4b3e-9d55-33cb7f90b08d
1995,1995-11-17,Wolfsheim,Closer Still,859c9f75-8668-31f5-943d-6052e8c72add
1995,1995-06-13,Wolle Kriwanek Band,Die große Flut,369a02a3-8d6d-4fb7-8433-f91096376daf
1995,1995-10-23,Wolle Kriwanek Band,Gib deim Herz'n Stoß,46155303-43c4-4a49-bcb3-1b90560761e6
1995,1995,Wonderboy,Wave of Rave,cfbcbccc-fe2b-41a2-9f59-c22c54ea1153
1995,1995,Wooden 'n' Farley,Journey to the Other Side,a05413dc-effb-4ea4-b326-e4f70aa5093f
1995,1995,Word Up,We Wanna Go Back / Like Old Movies,8dca86fb-a455-4467-85f5-9982bdcf500c
1995,1995,World Inside the Music feat. DJ Panda,It’s a Dream,dbb333d6-745d-46d8-829a-c523b802874c
1995,1995,World of Leather,Booster,209dcaae-2986-4c66-a590-fd68948ca194
1995,1995-02-03,World of Leather,Boots in Space,b3218481-9c36-45f8-a735-9e235d02219e
1995,1995,World of Leather,Jesus Christ Superstore,ba3c70fd-cfc2-4c57-b0b0-9620d79da10a
1995,1995,World Renown,How Nice I Am,5e762a84-9915-425b-bd26-97c6d2ee8c38
1995,1995-09-07,Worlds Apart,Baby Come Back,3ba2c303-7e74-3900-8091-38ac4aa4a154
1995,1995,Worm World,FUCK ME,c6290858-8b26-46ed-8b83-7aac45ea646a
1995,1995,Worm World,Give me high angel,40654c35-f41a-413b-85a5-af442870d8d8
1995,1995-03-30,Wormhole,Lay It On,c38c2901-17b5-48b9-933b-469dd55cdbf5
1995,1995,Wreckage Inc. / PIG,Salvage / Painiac,31b9783c-8bf9-46fa-bd22-5dbdda4c3245
1995,1995-03-27,X Marks the Pedwalk,Facer,45c163de-3739-3ad8-bedd-b85e22c9ff43
1995,1995,X-313,Interferon (Remixes),9030c5f0-75d1-45e1-884f-b3b8c29efa83
1995,1995,X-Ander,Achtung...Tanzen!,d717165f-d0e2-4a36-9095-610b4040a07c
1995,1995,X-Ander feat. Maddy,Die Musik Maschine,c1841efd-e0dd-43ad-93d4-079a6e44db99
1995,1995-03-27,X-Brite Hits The G.D.P. feat. The FBR,Polizisten,267b93dd-9277-4925-a790-20eff8fd27c8
1995,1995-12-04,X-Cabs,Adena,05335ea3-567f-4816-beff-a45e4d02001a
1995,1995,X-Clusive,Exclusive,da5c16ae-d73c-46b7-bbe4-530f77ce514a
1995,1995,X-Connection,Watch Them Dogs / Funky Drive,68823c5b-a88f-4814-a036-d012635b037a
1995,1995-03,X-Curse,Odyssey To St. Petersburg,a2208dc4-5320-43a1-b632-5bfa4cf80a66
1995,1995,X-Fade,Dance,03e69d6d-3954-49ac-9f9b-9444c470362c
1995,1995,X-Files,Intensity / Forbidden Medicine,80e6cdb6-c9b3-4112-86f2-debeadbd68fe
1995,1995,X-Odus,You Ready Now,0192dd48-919f-47cc-bcb1-860f8f0c3b2e
1995,1995,X-Pansions,That's How Music Should Sound,4253928a-c13b-401b-848c-6248137b4b48
1995,1995,X-plane,Flight To Desire,c69a9d57-4c61-4166-8e8b-740b0eb07ef5
1995,1995,X-Pression,There Is A Light,54de8634-dd15-44d4-beec-23f00e82505e
1995,1995,X-Pression,There Is A Light (Remix),06d4aa71-a786-4992-a6a8-8bd201151de0
1995,1995,X-Pression,This Is Our Night (Remix),21120ac3-ff11-4f1d-96de-a613078ae89b
1995,1995,X-Rotation,Trancendentale Phase,60885595-d204-493b-bfed-5b18a24b7667
1995,1995,Xaviera Gold,Bad Girls,f90f027c-8893-4abc-a0d7-68c877789a08
1995,1995,XLR,Take You Higher,5606149a-67bb-4395-ae9f-ae5e31389fc3
1995,1995-04-02,Xpansions 95,Move Your Body,02fea9d8-e2f4-35b6-a09b-87e44a1c83b3
1995,1995-08-14,Xpansions 95,Move Your Body,a9663969-8b2c-410b-b41a-0ce0c4173622
1995,1995,Xscape,Can't Hang,5a9c52cf-8216-4148-8bc9-ebc6adb1231b
1995,1995,Xscape,Do You Want To / Can't Hang,e13f84e0-a25b-4ae2-b530-71681b4c637a
1995,1995-09-25,Xscape,Feels So Good,22c71c8e-8c14-4bce-a186-aeac6522ab36
1995,1995-10-03,Xscape,Who Can I Run To,15d2efdb-6cb5-363d-b730-740798fb7b5b
1995,1995,Xscape,Who Can I Run To (Mr. Dupri remix),a05b08a9-e34e-437c-adb6-346b8994970e
1995,1995-04-03,"XXL meets P. ""Cool Man"" Steiner",Geierwally,342afec3-50d8-30da-a3c7-8d3748471742
1995,1995,X‐Kameron,I'm Givin' You (La La La),df91d3ad-e302-457f-81ea-afb9344fa3fc
1995,1995-05-11,X‐Perience,Circles of Love,44e0517f-6fb9-3bfc-9126-2781d35354cf
1995,1995,X‐Press 2,Muzik X-Press / London X-Press,54bba323-62f1-3134-b76f-b87acda600b9
1995,1995,Yaki-Da,Deep in the Jungle,3a951140-5ffb-4ac6-a5cd-6d54070760a6
1995,1995,Yaki-Da,Pride of Africa,6e26bcb7-95e2-47c9-912d-50329bce1437
1995,1995,Yamul,Mr. Ed,49780211-8d0c-4a66-8cc8-2ca50ec69156
1995,1995,Yantra,Goatshaver,bb78bf26-632a-401c-bc0e-515550608668
1995,1995,Yantra,Purple Vicar,2187e137-a7fd-480c-b1ce-e92b976ca93a
1995,1995,Yassine Dahbi,La Fille plurielle,086bd1b1-4564-450b-a70a-28e8903d4731
1995,1995-10-30,Yello,Jingle Bells,8d537bf1-4139-3068-a657-249973aeb94f
1995,1995-04-10,Yello,Tremendous Pain (Suite 904),a6bdb510-c273-3d9c-b88a-39e57ec9c0ea
1995,1995-04-24,Yello,You Gotta Say Yes to Another Excess: Jam & Spoon’s Hands on Yello (Great Mission),42b8e563-d89e-31d5-b04b-f29783871262
1995,1995-12,Yen Pox,Deliver,8c176d14-15b4-3d9a-90e1-3b93667cd358
1995,1995,Yena,Feel the Beat of Love,7885bbff-7002-4eb4-b1dd-16e9397b52ea
1995,1995,Yeni Türkü,Telli Telli Remixes,ae31189e-0733-33e0-b92b-3397e137abcb
1995,1995,YGM Geez,Tonight's The Night,51989432-c92c-4c95-9a34-6a151bf965ab
1995,1995-04-04,Yo La Tengo,Tom Courtenay,7fc4564e-a99e-38ac-8c8e-4f5c23381f11
1995,1995,Yo Yo,Ga Ga,7cb11bdb-7fc4-3417-abfd-55521f48850a
1995,1995-02-10,Yokiboys,Find a Way,6bb7cf95-400b-4c3a-b3b9-8a093cce73fc
1995,1995,Yolay,Say Me,43ff9930-928b-43be-9529-e5079cc0d90a
1995,1995,Yoly,To France,33a65f00-678e-4f64-924f-22fff1ea7f85
1995,1995,Yorgo,Proud,6a62cfd6-045d-49c1-8ef4-375e36d2edc9
1995,1995,Yorkshire Chamber Choir feat. Tony McPhee & introducing Roz Mizen,A Carol for All God’s Creatures,fadd4c1d-8680-3970-9287-6aa59193857e
1995,1995-11-20,Yosh,It' What's Upfront that Counts,b9a6727b-6299-4f53-98b5-dee593f406ed
1995,1995,Yoshimi P-We,3,aec5f945-69c7-4832-84b7-331d68979850
1995,1995,Yoshimi P-We,Three,5faaab84-59fc-3d62-9361-9ac1d4cccbcc
1995,1995-01-16,You Am I,Cathy’s Clown,846f1880-39e9-34f5-a690-ddcac33f67c8
1995,1995-04-24,You Am I,Jewels and Bullets,62aec39b-de76-377c-b765-f1d5f1127817
1995,1995-12-04,You Am I,Mr Milk,093d7cb7-c7de-3ac6-a142-b7c2bf5de8e3
1995,1995-06,You Am I,Purple Sneakers,22a4b046-0449-31c6-b251-46837b5bdccf
1995,1995,Young & Ruthless,Run for Cover / Nuthin but a B.G.,4a566cac-d6ff-4ae8-9159-fe4c0501a345
1995,1995,Young Fresh Fellows / The Dugans,Lyrics by Ernest Noyes Brookings,e73833e0-d847-442a-ab21-76568e37c0ae
1995,1995,Younguns,Don't Walk Away,0cc01376-f4f1-4b35-b74a-cd3758013cb9
1995,1995,Youth Brigade / Screw 32,Spies for Life / Blind Spot,41d33235-699a-4e1e-867a-b43cfd331418
1995,1995-10-01,YOYOYO,恋をしよう！,47c3d8fa-f740-4fb5-82f3-e46340d85ac7
1995,1995-06-01,YOYOYO,男なんて星の数,559af5b6-e025-4a10-9b66-d3b3dcdf4115
1995,1995,Ysa Ferrer,A coups de Typ-Ex,e2b7ca47-2374-4dd1-817f-cef95c19afbe
1995,1995,Yum Yum,Let Me Go,5ccbabce-2bf8-436f-8adf-e29d80111b65
1995,1995-02,YUP,Homo sapiens,bc0840c7-692a-3cd6-899a-59ff19e5d198
1995,1995,Yves Deruyter,Calling Earth Remixes,70eed6f3-5af9-365d-b52a-d44e00f96c20
1995,1995,Yves Deruyter,Calling Earth the Limited Edition Remix Collection,ff131f28-5431-455e-bbd4-de628066d212
1995,1995,Yves Deruyter,Calling Remixes,f92ec759-4c9f-4130-b221-7eb6ee30b24e
1995,1995,Yves Deruyter,Ousiders,0c2f0254-2836-4bb2-b7b1-d32d32e0ae38
1995,1995,Yves Deruyter,Outsiders,35131c09-f08d-427b-9394-9c7652400cc8
1995,1995,Yves Deruyter,Outsiders: Remixes,85048fbd-9133-4971-81fa-d1c0938e05da
1995,1995,Yvonne,Frozen,0b81219e-8556-3c59-b6f2-e0ffc6c4a33c
1995,1995,Yvonne,Wires,f9854e42-448e-4f3a-b564-1bc514658ab1
1995,1995,Yö,Sua muistoistani pois en saa,262daa26-fdf9-4520-85f6-b1b0dcf1a86a
1995,1995,Z,Based on a True Story / In My Mind,8ad2ff36-d0e3-4f5a-b2cc-1cc5655b9805
1995,1995,Z,My Beef Mailbox / Purple Guitar,ed3e35de-b34f-4a26-bdbf-2cc8806d4b6d
1995,1995-11,Z to A,Next Stop Oblivion,cc9d2ca2-18e9-46a3-b894-f636921359eb
1995,1995,Z-Plane,Hopium,02185ead-3a82-43c3-a07c-15ce11730d2e
1995,1995,Z100,Arrivarriva,45a57ebe-1dc9-34ae-8911-291a55b0e791
1995,1995,Z100,E non finisce qui,ab6de21f-15be-48bb-8c24-8e90ddd5c64a
1995,1995,Z:O·Ë·Ë,Tekkno Wonderland,49fc26eb-6544-45de-85b9-bbee3e0cf9c2
1995,1995,Zaak,"Hey Schumi, Gib Gummi",e0aeb0f9-8bb3-40d5-89ea-bb256ed1e95a
1995,1995-02-01,ZARD,Just believe in love,22114f91-acc5-43c8-8cad-bb8baed275a2
1995,1995-08-28,ZARD,サヨナラは今もこの胸に居ます,af4d618d-999f-41ad-af48-e4a07b54337e
1995,1995-06-05,ZARD,愛が見えない,f7023725-cc44-425a-885a-6d462c2714e5
1995,1995,Zargo / Da Hubble Cluster,Discovery / Acid Cluster,56ce3f76-c083-316a-85f9-ffe1b7792987
1995,1995,Zazie,Larsen,4de1fce6-ed27-4280-8867-dc5cebfbccc9
1995,1995,Zazie,Zen,f526004a-91f6-4ee4-bd6a-7f1a80553295
1995,1995,Zebda,Le Bruit et l’Odeur,5cf7415b-b4c1-4dd9-8007-3a2f292e9b96
1995,1995,Zebda,Ma rue,ac9eb5b9-e2ca-402d-9bbc-85757e18ae28
1995,1995,Zen Cowboys,Mad World,b08eddd2-b27f-48b6-962e-91a35af0fc3e
1995,1995,Zeni Geva,Implosion,9bbdf633-7439-48e3-988d-e0b945007168
1995,1995,Zieke House,"Kèk nâh, da leg mu klâh",b5389105-5925-479c-85aa-d572e983cc5c
1995,1995-01-01,Zig & Zag,"Hands Up, Hands Up",5a5aeeca-d508-41d9-a1bc-0d9a558ddf33
1995,1995,Zig Zag,Global Subject / Juno Transportation,159d2991-c593-4bbe-b048-43d2e8b504c0
1995,1995-03-29,ZIGGY,Jealousy 〜ジェラシー〜,c1733390-a4a8-4bd1-9955-d3e7ebcbc865
1995,1995,Ziggy Marley & The Melody Makers,Power to Move Ya Remixes,5575e1cf-6a2c-4b17-a48c-c1c086ea0147
1995,1995,Zion Train,Healing of the Nation,4d7c328b-cac7-412d-ac23-1e0c26c1eea8
1995,1995,Zmirnoff,Drecksau,33be1305-9297-4f0a-9a3e-f629f9973868
1995,1995-04-26,ZNX,Don't Look Back,bc923fa7-6da6-47ce-95c5-708cf1a84eaf
1995,1995,Zodiac,I Believe,dae54c23-2c0c-4571-9f50-fc8d773895e8
1995,1995,Zodiac,The Ding Dong Song,c57b94b4-d037-4b05-b655-da5b94edeee6
1995,1995,Zone 1,Feel,a3285a2d-e4c8-49b5-9052-9a3ac4162779
1995,1995,Zucchero,Il volo,3bd9f60c-a2f3-31a2-bcfc-9cb5d7836877
1995,1995,Zucchero,My Love,aa247b31-e27c-4ede-91ed-bd6123cdc7db
1995,1995,Zucchero,Pane E Sale,3bf4dcbc-1f39-41da-a173-f85d142f4db1
1995,1995-11-13,ZYYG,JULIA,87fd615d-5adc-4184-bfbc-f9d2aa46c069
1995,1995-06-26,ZYYG,ぜったいに 誰も,096d6bac-4ec6-30ce-b49c-abadda683a54
1995,1995,ZZ Top,PCH / World of Swirl,ef45f5bb-9ad6-4afa-822d-0adb73063661
1995,1995,Ámokfutók,Szomorú Szamuráj,21cc09b9-19af-4483-ba7c-0f3643b0d652
1995,1995,Éric Lapointe,N'importe quoi,c87ef1c4-ee3b-46a2-935c-385f7fae320a
1995,1995,Étienne Daho,Tous les goûts sont dans ma nature,86f970a2-05fe-4473-8227-ba63a4447e4d
1995,1995,Ünlü,Estarabim,4bf77d38-bfb7-3ca9-8f83-5809919d434b
1995,1995,Šum Svistu,Kos kokokos Remixy,5cea99d4-2620-422c-9106-0289079e4f0e
1995,1995,Βασίλης Καρράς,Θα μου κλείσεις το σπίτι,d03a2618-241b-4a2b-8d7e-b626e7f25dd9
1995,1995,Διάφανα Κρίνα,Λιώνοντας Μόνος / Κάτω απ' το Ηφαίστειο,4222a80e-b5b0-4dc5-9de3-c9deb389e12a
1995,1995,Διονύσης Σχοινάς,Αν Μ' Αγαπάς (Το Δαχτυλίδι) & Εσύ Κι Ο Χαρακτήρας Σου,7e6bc295-d363-405a-9cbc-4f7475769d3d
1995,1995,Ελευθερία Αρβανιτάκη,"Ζωντανά στους βράχους, Καλοκαίρι '95",1c019ee4-3e58-3e7d-9b27-12f5a9ca4de8
1995,1995,Ευρυδίκη,Αυτά που κρύβω μέσα μου,66eae8a9-585c-48a7-839e-dc7ad54c2b03
1995,1995-08,Μιχάλης Ρακιντζής,"Καρδούλα μου, εγώ και εσύ...",e317b0ee-c0f6-4814-a93c-8a243e989516
1995,1995,Στέρεο Νόβα + Νατάσσα Κ.,Λιγότερο απ' αυτό,81b51a78-7e7d-3268-b6e7-b9b935cc8aed
1995,1995,Браво,Ветер знает...,91b16db4-d1f0-3cec-af7d-91b42548e8e0
1995,1995,Вадим Казаченко,Благослови,68009163-c512-4e35-bb16-b57f9f805ba1
1995,1995,Валерий Леонтьев,По Дороге В Голливуд,478dc4a3-2e5a-4ecd-ba44-2c8a30357e9e
1995,1995,Валерия,Моя Москва,8945c67d-1b67-4b69-8931-2abe594958d6
1995,1995,Дюна,В Городе Большом,2f4c9834-1b7e-4ade-9f96-3e82b5af2873
1995,1995,Ирина Салтыкова,Серые глаза,70de0e4c-b4ef-461a-a5df-347cbbd6b5a6
1995,1995,Маша Распутина,Хулиганчики,ad73d277-477d-4b66-b6db-6fb3f4ea2586
1995,1995,Мурат Насыров,Шаг,c2788cc0-4b54-4599-b4cb-1e4658a50128
1995,1995,Натали,Розовый рассвет,62353cf6-8d4a-412c-8c6a-d6c04c042202
1995,1995-01-01,Наталья Верич,Блуждающий огонь,1440e2b1-a07c-45f0-bcd2-4b63f4e6049d
1995,1995,Нюанс,"Хей, ла-ла",7f2e9796-0135-48e5-a4f6-f1684b18eb5c
1995,1995-06-17,Тарас Чубай & Плач Єремії,Вона,bcf35df8-dc7b-4e96-acda-8db86ff48f33
1995,1995,Чиж & Ко,Чиж & Ко,9b938db5-a543-4742-82a0-284ce3d8f7c7
1995,1995,אילנית,כשהשושנה נובלת,2be4c92c-5b2f-4618-bad5-bb090c538508
1995,1995,אריק איינשטיין,יש בי אהבה,4b6bf0d1-00dc-45de-8800-6b7b6f44c66c
1995,1995,אריק איינשטיין,סע לאט ב׳,921c98d9-e9c3-4ee0-8424-6d31f55ecb22
1995,1995,אריק איינשטיין ושם טוב לוי,אני מתגעגע אבא,a97261b6-e09a-40f7-aaed-a7eb3a12d73b
1995,1995,אריק איינשטיין ושם טוב לוי,בגללך,911034a1-717b-4efc-9471-1e53ca93f29e
1995,1995,אריק איינשטיין ושם טוב לוי,זה פתאֹם נפל עליה,a580effb-78ce-46e4-b94b-584e9b819d1f
1995,1995,אריק איינשטיין ושם־טוב לוי,המשתה,e72aa0c0-cae1-44b1-ada3-1a40e6e6e7d6
1995,1995,ארקדי דוכין,חדר משלי,93b11b40-820a-4065-801e-13d8dba7925a
1995,1995,ארקדי דוכין,מרוב אהבתי,16860132-9be0-49be-83ad-8b76f0032113
1995,1995,ארקדי דוכין,צובר,bc45ae9f-d85e-4368-b6ab-98c1213614a9
1995,1995,גידי גוב ומאור כהן,אחלה עולם,b9b2874e-c1c7-43bb-8e50-cb3b90c64fb3
1995,1995,דויד ברוזה ואהוד מנור,"”איתו אני לא נוסעת, בחיים.”",3185ca23-1518-437b-b3f1-b33c313931c5
1995,1995,החברים של נטאשה,שיר נאיבי,bae8884e-1c4b-496e-86de-b4b630749a78
1995,1995,חוה אלברשטיין,דרך אחת,ba070d9c-6bb0-4e52-b350-31a12add525d
1995,1995,טיפקס,יש לי חברה,7883e03a-1bb4-41b0-a134-eb1f5f7d148d
1995,1995,יוני רכטר ויהודית רביץ,שוב ושוב,16670b57-bb62-44fc-8667-18178983100e
1995,1995,מוניקה סקס,תן לשים ת'ראש על דיונה / הסיפור המתוק,aca66fc6-4d5b-4c39-90c6-2df8c8f5770d
1995,1995,עפרה חזה,Mata Hari,a3e57223-7454-3572-9b28-20b8fcac1ae7
1995,1995,שרון חזיז,הולכת ממך,26fb7599-57f4-4778-ad65-d05aae81b3cb
1995,1995,’68 Comeback,High School Confidential,f8c72579-0098-4d18-9e47-81182c124eef
1995,1995,√R2DM,Ding Dang Dong,246957f2-fac4-3ef5-af22-c8752c1db9b6
1995,1995-03-15,あがた森魚,キットキット！！遠く遠く！！,12a6e95b-1738-4cc7-a066-dd3f3a7ed8ba
1995,1995-11-13,のはらしんのすけ,パカッポでGO!,b714cb4e-1564-4384-baae-96f78c0a10aa
1995,1995-11-22,るるる,NIPPONの未来,ce7e9591-9965-48e9-b726-51b186c858a5
1995,1995-02-24,アイドルプロジェクト,Don't Stop! -ス・テ・キにめぐり会いたい-,fa85936f-b886-4e04-926c-9dea868772b2
1995,1995-05-24,ウルフルズ,Osaka Strut,7ae552cc-23a8-3dc0-beb6-f22df46ec048
1995,1995-12-06,ウルフルズ,ガッツだぜ!!,5ae58bb9-3764-3ebc-8ff1-030660be1465
1995,1995-03-17,ウルフルズ,トコトンで行こう! Mission:UNBELIEVABLE Vol.1,1d6bded4-3856-3890-909d-c99749eba13e
1995,1995-10-16,カズン,冬のファンタジー,4007beab-751c-3f60-b751-93f80df1082c
1995,1995-10-16,カヒミ・カリィ,Good Morning World,428080ef-f048-3b5f-9d00-dc244131549d
1995,1995-11-01,コニーちゃん,なまでこ,865a7b17-c11b-4423-8f8b-73d5b62b8de4
1995,1995-11-09,ゴスペラーズ,Winter Cheers!/Higher,39b999e1-eb00-45c0-bf7a-462c1311b7bf
1995,1995-07-17,サザンオールスターズ,あなただけを ～Summer Heartbreak～,090e8185-d805-4850-a4e2-403c964078cb
1995,1995-05-22,サザンオールスターズ,マンピーのG★SPOT,df43ac14-e670-4783-baa3-94cd19f479f2
1995,1995-06-07,サヨコ,Mr. LOVER MAN ～ベッドの中 愛をいっぱいにして～,16afa39d-6609-4001-a5bd-38d81544e43e
1995,1995-01-11,サヨコ,上を向いて歩こう / 夢の旅人,2d29e590-3363-4b9b-8bd2-ec73af754038
1995,1995-10-21,シャ乱Q,My Babe 君が眠るまで,9b5cf498-7504-3527-a4bb-c34f97b2e379
1995,1995-05-03,シャ乱Q,ズルい女,4e8c8cbf-2450-3f19-909e-d6054a1f3fbf
1995,1995-08-23,シャ乱Q,空を見なよ,dcbc0c27-cb24-3de5-8833-04c727292032
1995,1995-04-05,スピッツ,ロビンソン,03c69165-ec72-427a-be4f-fa1bea93b433
1995,1995-07-07,スピッツ,涙がキラリ☆,32a683ea-2e62-41e5-8e8d-ed2f170dee89
1995,1995-07-24,チエ・カジウラ,…だけど ベイビー!!,a6e3f1a4-4a8f-30fd-ac1b-e19f545e1536
1995,1995-09-21,チエ・カジウラ,恋がおちた,d9dac33c-a3d5-4447-ad27-21f85d231ae1
1995,1995-12,トルエン,種の起源,be7c3810-c156-415d-9c4b-6985b4c00d94
1995,1995-05-21,ナラミカ×OZ,Sister × Sister,10fdfb1e-d707-4876-839e-367617800d87
1995,1995-06-21,バナナフリッターズ,INTERACTIVE COMMUNICATION,0e3986d3-5cb4-43f6-af3d-c1a57242ee2f
1995,1995-10-25,ビビアン・スー,くちびるの神話,b2ce14e4-ac68-4683-a195-abdb9ecad17d
1995,1995-11-25,フィッシュマンズ,ナイトクルージング,88bcc307-919a-44cd-bd9e-fce7a252d828
1995,1995-05-26,ブラック・ビスケッツ,Bye-Bye,97b7ef0e-b928-4d11-9d84-f8410a953388
1995,1995-12-01,プリティキャスト,Morning Moonで会いましょう / 三時の妖精,8940915d-87bc-47a8-aa3a-5247f45b594f
1995,1995-09-01,マルシア,しあわせになれる,fe4ac70a-4935-4848-b3ff-c47b9473521b
1995,1995-11-22,モードロック,おしえて神様,ac392c6a-739f-4bb0-a90e-d34a70079cb2
1995,1995-10-14,ラヴィアンローズ,in rubbish,74110211-118e-49be-becf-9fab688b7f93
1995,1995-04-29,ラヴィアンローズ,偽終止,44b9c6b9-b28a-4de4-92b3-bf0ed07fad8d
1995,1995-11-08,リカ,キス,741f6dc2-215f-4713-999b-78b05e7bb3f0
1995,1995-12-22,ロビン,PAYAPAYA 2001,5c7a2ac2-deee-4b2c-8be2-3e13ef4513c3
1995,1995-06-10,三浦理恵子,"Girls, be ambitious!",6cb2527a-b675-41de-b661-b385dcd1ad05
1995,1995-04-29,三石琴乃,BLUE SEED 妖精より愛をこめて ACT.2 小梅編,8abcf135-d002-420c-b3d5-bdcb859f16b7
1995,1995-11-22,三石琴乃,あなたになりたい,b340fee6-926f-4586-b814-8a04b5354f02
1995,1995-10-21,三重野瞳,Dollたちの独立記念日,59a2b271-be5e-3b74-9c98-36eadcf3e7ca
1995,1995-05-24,三重野瞳,Wonderful Bravo!,5fe8c1cc-8d66-39ad-abf1-ceb4f7453674
1995,1995-07-21,三重野瞳,はじまりの冒険者たち～光の地図～,521b8f1b-55c3-36ad-8e57-dd7a6462d725
1995,1995-05-17,中山美穂,Cheers for You,2cb75fec-d219-4892-a253-183c34be04d1
1995,1995-07-21,中山美穂,Hurt to Heart〜痛みの行方〜,6cdc8569-55d3-413a-94df-220ba5651ebb
1995,1995-11-22,中島えりな / FURIL,Wedding Wars —愛は炎— / ヴァージンラブ,eb24b496-c184-471a-87dc-528ec2a9adba
1995,1995-05-19,中島みゆき,旅人のうた,3e5a911f-ab84-33d1-919c-ae3745d01937
1995,1995-05-10,中村あゆみ,キライになれない,35c62f4e-aa32-48e8-ad46-f1047fcd78a9
1995,1995-09-01,中村あゆみ,風になれ,41a0c72b-1e30-4ee5-85f9-6315f075e57f
1995,1995-06-21,中森明菜,原始、女は太陽だった,c76d5f22-17f6-4564-8550-1c8c786aaafa
1995,1995-10-21,中西保志,唇のかたち,d3b8e51a-2757-4f40-b6e0-41d01e597fc0
1995,1995-11-22,中西圭三,Why Goodbye,84dac471-5006-4116-b968-4ca34096adfc
1995,1995-05-24,中西圭三,新しい僕になろう,82bcbace-506a-49f5-ac65-9e855755d645
1995,1995-07-07,久保田利伸,虹のグランド スラム,c418fe4a-32fe-4b19-94a3-f549f96bd334
1995,1995-10-02,久宝留理子,コンクリートジャングル,2da0a61b-9bcd-48b3-ac7b-4c54f89521a3
1995,1995-07-17,久宝留理子,プライド,2ec4bd30-8e8b-4c0d-9428-397c5e9295e0
1995,1995-07-21,久川綾,ため息が眠らない,991b2e0f-0c52-4dc5-bad7-b38de1c1ed6e
1995,1995-04-21,久本雅美,涙の河,e067a1e7-4f9b-4f4c-927d-551dbbb1d53a
1995,1995-10-21,久松史奈,大っキライだけど愛してる,66017d86-63de-45f5-915c-e764af8278d4
1995,1995-04-26,五味美保,僕だけのピンナップガール,c9e8b007-fce8-494e-94b0-3e1bc820d580
1995,1995-10-25,五味美保,瞳の中のBlue Ocean,8b54c92c-7112-47dc-8c56-de3f46971fd9
1995,1995-06-07,五味美保 & LaLa,永遠の真夏,0785c9be-0158-4760-b9b0-fb5944862cc7
1995,1995-10-01,井上堯之バンド,傷だらけの天使,87b6e9f0-fa53-490e-a7e5-cc3809e33b03
1995,1995-11-08,井上昌己,純心,074718c4-b77d-48d8-8c91-1b78dd0320f8
1995,1995-09-21,井宿 (CV:関智一),ふしぎ遊戯 キャラクターズ・ヴォーカル・コレクション⑥ 井宿/花鳥風月,1665e7d5-d602-4d94-9e15-28c994185403
1995,1995-08-19,"今野久美, 椎名へきる & 根谷美智子",Dear Myself 〜私だけのタイムカプセル〜,3d7fc0bc-e3b0-4125-afd9-1c1f6d11bc76
1995,1995-05-21,今野友加里,ときめきの導火線,f428510a-4d0c-4bfd-9673-4052a29aea3a
1995,1995-03-25,伝説の魔法騎士,モコナの絵かきうた,043b1f37-97fa-4dbf-af8c-6ac796489b48
1995,1995-07-26,伝説の魔法騎士,モコナ音頭でぷぷぷのぷ,b9167f02-1753-49f8-a53e-7c3834e5adc8
1995,1995-07-15,伝説の魔法騎士 (椎名へきる・吉田古奈美・笠原弘子),少女よ、大志を抱け,a58423dd-ef4d-416b-b3ff-ac3a502e8af1
1995,1995-02-17,佐藤聖子,Heartbeats Groove,b18bd7f6-9fe2-480f-aa2c-61a5c4060739
1995,1995-08-19,内田有紀,BABY’S GROWING UP,ee5be5c8-aff1-4ea7-9e12-ac7f615d9f20
1995,1995-04-21,内田有紀,Only You,4c3d809b-7719-4393-8106-eacf01882eae
1995,1995-04-05,内田有紀,明日は明日の風が吹く,688a0636-ecf9-4c2e-97e2-efe686adc7a1
1995,1995-05-25,冬馬由美,この夜のときめきを…,090b8ebf-a981-37da-a221-ea5cee04f7c8
1995,1995-06-21,初代鬼風刃,明日はゆずれない,150863fd-5274-4c49-8bea-04597e60bbaf
1995,1995-10-10,加藤紀子,Truth,34b77ccd-5f20-44cb-a9d5-d5af28a67e05
1995,1995-01-21,北畠美枝,恋をしよう夢を見よう,dffc7c18-f76b-48c6-9190-87b439c9d57d
1995,1995-10-21,北畠美枝,黄昏,f2ee5162-49df-4b00-adb7-5a51f99733a6
1995,1995-09-21,南英子,100万回のLove Me Do/薬指のジェラシー,ae1e3104-e993-48de-8744-d2898c7c9543
1995,1995-09-06,原田知世,あした,8f9e1c41-2d50-4f94-94ae-b2ccea7e20f4
1995,1995-02-17,取石皐月(CV.三石琴乃),アイドル防衛隊ハミングバード ザッピング de ショッキング 取石皐月編,99ff45d7-321b-4d22-94f1-4231719c4cee
1995,1995-04-21,古内東子,歩き続けよう,895ef4ce-a4a0-4bce-a82a-52769c1bb2f7
1995,1995-11-03,古本新之輔・林原めぐみ,WHAT’S UP GUYS?,68c7d1c9-c68c-48e8-931f-96f6031c696b
1995,1995-10-25,吉成圭子,いつか輝く,14754a91-c0ce-41b8-9739-b57a21e672ec
1995,1995-03-15,吉成圭子,君だけの道,a62125ed-31a1-406a-ad1b-4698822d1178
1995,1995-05-24,吉村麻希,Sarah～胸に吹く風～,51495817-7d61-4881-896c-71118c9c053e
1995,1995-08-23,吉村麻希,秘密,94de89a7-4d4f-4ad2-b40e-0d282f485747
1995,1995-12-06,吉村麻希,絶対 会えてよかった,86c438d3-7a54-49c2-b41d-fb990ea85b06
1995,1995-02-08,吉村麻希,誰のためのSolitude,c1e0d750-2023-4de7-ae2f-9d5756c25ed9
1995,1995-06-21,吉田拓郎,君のスピードで / とんとご無沙汰,223cd58b-ff13-4b08-83aa-28c848e36512
1995,1995-11-22,吉田由香里,夢は終わらない ～こぼれ落ちる時の雫～,2fe31efe-c11a-42c7-8ef0-7b389b5f8d4f
1995,1995-07-21,吉田美奈子,声を聞かせて,1eee8789-4e2f-4f37-8f90-e68ab36d51b3
1995,1995-11-25,和久井映見,Living In The Town,47dd4a4a-12fa-427b-bdf5-ca6191c445ad
1995,1995-05-25,和久井映見,毎日会いたい,48c61266-3ab7-4c26-a011-a18d1de50f9f
1995,1995-07-21,嘉門達夫,怒りのグルーヴ～震災篇～,e7da1253-103f-4a3d-8f85-920fac468a3f
1995,1995-12-01,嘉門達夫,激突! ハンバーガーショップ,607eb62c-387c-4116-af96-4461371811ce
1995,1995-01-21,國府田マリ子,Elles Cinq I エル・サンク こいきな彼女たち,8d235697-7059-4d19-91a6-5ce8e258a534
1995,1995-03-01,國府田マリ子,melody -抱きしめて-,f1c89cfe-4514-4f6d-a04b-6efeb943e8d6
1995,1995-07-01,國府田マリ子,Sunday Island,44eb6269-4326-4bdb-850f-76c911b098be
1995,1995-07-21,國府田マリ子,みみかきをしていると,3e2ee01b-7697-3301-b7fc-fd7c02424c5c
1995,1995-04-26,國府田マリ子,キミがダイスキ♡ / 國府田マリ子,df37906f-82ef-3279-834a-16c7294b80de
1995,1995-04-01,國府田マリ子,不思議の国の美幸ちゃん,d9a3adc3-9c49-49b2-b0f9-441e5f735a7b
1995,1995-04-26,坂上伊織,ぬくもりだけで,32f807c4-4775-4391-8e82-77d82585c6b3
1995,1995-09-21,坂本千夏(柳宿),ふしぎ遊戯 キャラクターズ・ヴォーカル・コレクション⑤ 柳宿/風の旋律,2188401a-f46d-485e-88d5-4b7fef913aa7
1995,1995-01-25,堀内孝雄,夢酔枕,75a54648-86c5-4a74-9328-eb484fa73668
1995,1995-10-21,大橋純子,20才の頃,bb129c2e-8182-4603-abbc-6c732e5e149c
1995,1995-04-21,大江千里,何度も叫んだ / ぼくらの階段,5f80de54-5225-4ec7-be68-7921905c5e0e
1995,1995-11-25,大沢樹生,ANGEL ORGASM,7657678d-e0d5-48e8-afe5-86dafab9fb3b
1995,1995-06-21,大澄賢也,愛されてチャチャ,8d4e4ab5-02f9-41ac-9b55-447a630f0b0d
1995,1995-05-21,大石ルミ,It’s Just Love!,362b1e74-463f-4cbb-ac7c-65bc4b8f2259
1995,1995-07-21,大阪パフォーマンスドール,Shiny Days,632ae062-30d2-4644-8bb1-de6cbf82a3ad
1995,1995-02-01,大阪パフォーマンスドール,笑顔に大接近,e773bfe0-0011-41f0-805b-ef5b07c262df
1995,1995-05-03,大黒摩季,いちばん近くにいてね,a394eb0d-b10e-31d7-9df1-9014861e918c
1995,1995-02-20,大黒摩季,ら・ら・ら,cd511203-b039-365e-9864-f210e866cea7
1995,1995-11-06,大黒摩季,愛してます,31081e4b-7f6b-437c-8c52-0882c5460f1c
1995,1995-06-25,奥井亜紀,晴れてハレルヤ,a03b4f79-3426-4b98-91f1-1abaf1461f37
1995,1995-11-03,奥井雅美 & 松村香澄,MASK,29b0333e-8987-4d68-8690-6cb361726e90
1995,1995-07-05,奥村チヨ,恋の奴隷'95,81cab900-7ebf-47c6-98ea-1a236fc23858
1995,1995-05-21,奥田民生,コーヒー,6ab27069-f4db-42a0-a6f3-5acb4249645d
1995,1995-01-15,奥田民生,息子,69bc566a-dc41-3661-939d-6974609c0018
1995,1995-10-01,奥田民生,悩んで学んで,83989bf3-3b0a-3e2d-bcce-c4fd308aff10
1995,1995-08-19,奥菜恵,この悲しみを乗り越えて,1b19b1b4-576f-4b98-b78b-1e26b46bc090
1995,1995-04-26,宇井かおり,さよならが言いだせない,66a8f923-2c2f-4c97-aa93-557df7f8f4d0
1995,1995-01-16,宇徳敬子,あなたは 私の ENERGY,cbff1e3a-1520-401e-860c-166eafa3c976
1995,1995-06-12,宇徳敬子,不思議な世界,91e08c6e-cf3d-4158-b295-505e6b3cdf59
1995,1995-02-08,宇都美慶子,愛について私が知ってる2、3の事,5891c920-0194-4e67-bb95-4d26261c6d29
1995,1995-08-23,安井弥麗,REAL DREAM,b32defcc-e62f-403a-a743-69ecf1b17770
1995,1995-07-24,安室奈美恵,Stop the music,238379a1-ee41-33f3-b991-27b034823e77
1995,1995-04-26,安室奈美恵,太陽のSEASON,3e090f22-b372-3f47-94ac-08c8ae8a32ca
1995,1995-10-21,宍戸留美,DON’T YOU KNOW?!,de707c53-fb03-4132-8112-e39c28e25387
1995,1995-10-21,宍戸留美,ヒ・ロ・イ・ン,1b2d92e4-43ac-49b1-8695-f774d77b8c8a
1995,1995-07-21,宮村優子 & 岩田光央,恋をするなら,e958485a-094f-4d3f-9058-3c0d03adb01f
1995,1995-09-25,小川範子,それぞれの愛,8b6ac137-314a-4f3c-8232-d6f8bdb2e15c
1995,1995-03-29,小川範子,信じていいよね,289a131d-1730-4777-8f54-c6137015bc66
1995,1995-10-21,小林清美,さよならさえ言えない,62b79d63-ddeb-4358-94eb-5c926fdfb8e7
1995,1995-03-01,小林清美,会いたくて,81e06ba1-0e26-4af7-8023-2f27944cff71
1995,1995-10-25,小桜エツ子・井上喜久子・夏樹リオ,不器用じゃなきゃ恋はできない,4de5d1c3-fa71-4969-867a-a8f8ea15f92c
1995,1995-09-21,小森まなみ,Fight!-最後の天使-,95bbda97-a2c4-41f3-b692-7b351862a618
1995,1995-08-25,小椋佳,歓送の歌,aacf3312-fea0-465d-9958-8f4ee25a7bee
1995,1995-01-01,小比類巻かほる,Justify My Love,8cb02e78-4c40-4ce6-9ff5-c256dc420e4d
1995,1995-07-21,小比類巻かほる,リスペクト,1d921472-891c-4760-8ef6-b8c2bb71802d
1995,1995-07-01,小池映,KNOCK DOWN,e7af4aed-c78c-49b9-a9f3-1b07f32b7cee
1995,1995-11-05,小池映,あふれる気持ち,587c292d-0827-4234-adeb-7ca118568ad3
1995,1995-11-08,小沢健二,さよならなんて云えないよ,1d974eca-f6c0-4624-a35c-46e72f85d959
1995,1995-12-20,小沢健二,痛快ウキウキ通り,1716cdef-e954-4b03-aa96-5521741ab317
1995,1995-11-01,小泉今日子,BEAUTIFUL GIRLS,1d9402be-fb20-4402-baea-884209816de7
1995,1995-07-21,小野正利,いつのまにか君を,7a851e5b-3c9c-4526-aeab-e2f9e3b30957
1995,1995-10-01,小野正利,いつのまにか君を（アコースティック・ バージョン）,58833485-0807-4434-b5da-5a2e4bea89ed
1995,1995-08-21,小野正利,キレイだね,845463fd-33ae-4b7c-9cd5-c2dfcefe12cb
1995,1995-12-01,少年隊,Oh!!,30eeb22d-9780-4a19-babe-d08f8e791574
1995,1995-11-22,山下久美子,Close your eyes,c3efc824-14b5-452d-8471-ba5c64878d3d
1995,1995-07-26,山下久美子,永遠の夏,674a539b-09f7-4cf3-a25d-1ed2a77571de
1995,1995-11-01,山下達郎,世界の果てまで,2f276c8b-63e5-4220-b86d-2056fc174a91
1995,1995-02-22,山根康広,Everyone,ec729a7a-f013-40c6-b75f-c1cbc2016232
1995,1995-05-17,山根康広,恋という名の翼,65993277-72d2-4779-a795-91401984338b
1995,1995-05-19,岡崎葉,突然、炎のごとく,1e7f5a35-5e18-480c-a263-3ec394be4de6
1995,1995-04-21,岡本真実,ゆきずり,e950b50a-423e-4163-a532-368266d3e7fa
1995,1995-12-23,岡村靖幸,Peach X'mas,8d864f88-0d3b-4b27-a0da-a146a8046029
1995,1995-10-21,岡村靖幸,チャームポイント,944d1e30-31fe-477c-bcf7-49bad66d8532
1995,1995-10-21,岩崎宏美,朝が来るまで,2ca9558c-a116-4c4d-9d27-6251590fea6f
1995,1995-03-17,岩男潤子,シャッターチャンスの連続,36ad7fa5-8fd3-360a-8ff6-f897340c5f04
1995,1995-11-01,岩男潤子,恋人が宇宙人なら / STARSHIP 1996,e4e03bbb-a64d-4731-bafd-b5d11655b76d
1995,1995-08-25,川村かおり,HEY HEY,f56b738c-d3fd-4e8a-adc0-7e84b35fbbd6
1995,1995-07-21,川村万梨阿,能あるライバルは爪を隠す,9dd8dde3-abd0-4e02-a40f-c2d23850f29f
1995,1995-01-18,川村結花,あなたを失うことより,977c986a-04d3-4faf-92a0-b4b969349004
1995,1995-02-21,川越美和,涙くんさよなら’95,69a03fdd-f07c-4d0f-8820-ebcf216a1b6f
1995,1995-11-20,工藤静香,7,730ad965-a89f-4756-90ba-db3857f57b4c
1995,1995-05-19,工藤静香,Moon Water,2c875182-1b1b-46b0-971d-ff0017228cb9
1995,1995-01-25,布袋寅泰,POISON,4585b202-3dd4-4242-98d1-7e46d38a445b
1995,1995-10-18,布袋寅泰,スリル,792e62ab-4419-339e-9131-a25592d8fdd8
1995,1995-05-13,平井堅,Precious Junk,c31e3f4b-b3c1-3a50-9e2e-5e00ecd737fd
1995,1995-11-22,平井堅,横顔,8ca77aa9-f46c-39aa-af97-9913ca9d9a3c
1995,1995-06-21,平井堅,片方ずつのイヤフォン,79875fdd-bf53-3132-9105-a55a22187068
1995,1995-11-20,平松愛理,おしえて神さま,321b6a74-3b17-4dfe-9099-af4de33b7cfa
1995,1995-12-01,広瀬香美,ゲレンデがとけるほど恋したい,7f580e9c-8516-4406-b1fd-3a8e117c8e96
1995,1995-01-25,庄野真代,Day by Day 心のままに生きて,18d95be8-31fe-4ace-bb3d-c3cca185c2c1
1995,1995-10-21,張宿 (CV.川上とも子),ふしぎ遊戯 キャラクターズ・ヴォーカル・コレクション⑨ 張宿/紅い伝承,e472febd-bd28-4151-b353-9012ccbedfe2
1995,1995-07-01,影山ヒロノブ,僕たちのスタート,d477df63-4e92-44eb-89f5-1822fb69a985
1995,1995-07-21,影山ヒロノブ / 大矢晋,俺がやらなきゃ誰がやる,7c0feb30-1c05-47f1-aa18-88803c856a53
1995,1995-03-01,影山ヒロノブ / 大矢晋,最強のフュージョン,ded49dfc-63d3-4fe0-abff-61bc561db407
1995,1995-04-29,折笠愛,BLUE SEED 妖精より愛をこめて ACT.3 竹内編,d214ecd6-2711-4f0f-b671-7c991da71486
1995,1995-09-21,折笠愛,恋愛の時空,ee423695-16e8-4824-812d-e12de5830b06
1995,1995-04-26,折笠愛・高田由美,銀河で直立歩行,d7ed5fec-f37f-40db-8586-9bfdbc4714dd
1995,1995-11-22,折笠愛・高田由美,電波の海原,e16fce18-0428-4a04-99ef-68e0480e22f8
1995,1995-10-25,斉藤祐紀,明日のわたしのために,447598e8-5a45-4d49-84bd-364db875a7c0
1995,1995-01-11,日置明子,Winter comes around,e7a1cda9-1aa4-4770-9cfb-28339da5c929
1995,1995-07-21,日高のり子,Be Natural,b37f87a3-db13-3386-a050-b481fc6f6507
1995,1995-11-22,日高のり子,未来への翼,c725d3fb-e598-34c9-8ff1-3f2a27c5c4cf
1995,1995-06-07,早見優,CHANCE〜めぐりあいを、宝石にかえて〜,d414cf9d-f5ee-4657-bb93-38b00a619611
1995,1995-09-21,明日香,あなた逢いたいよ / あなたのこと感じてる,4abe21bb-b538-46a1-92d2-33aa48149a42
1995,1995-05-20,朝川ひろこ,Moonlight Destiny / Moon Revenge,c70e4043-2e87-46a0-a227-2dd66f80acb7
1995,1995-10-21,木原さとみ,Carnival,4cbc69d6-5359-4e33-ba21-6705ca959fbb
1995,1995-06-25,本名陽子,カントリー・ロード,d237ca9d-dcff-4178-b122-0ad94896b135
1995,1995-01-21,本多知恵子,Elles Cinq II エル・サンク こいきな彼女たち / Natascha Pavlochaeva (CV:本多知恵子),f15a0f1d-c9ab-4bb7-968d-134b2f8963a4
1995,1995-10-18,本田修司,今、明日のために,9780e6f6-2c4a-4312-9b3f-78c096ec4309
1995,1995-05-10,本田美奈子,ら・ら・ば・い〜優しく抱かせて,605bcefd-b91b-4549-80e5-0579915fbd15
1995,1995-07-26,本田美奈子,僕の部屋で暮らそう,f39ec1f5-9fd2-4459-83a8-cdc717b4639c
1995,1995-11-06,本田美奈子・楠瀬誠志郎,Fall In Love With You—恋に落ちて—,9e4e8205-8fdd-4b2c-841f-d4e39f7452c0
1995,1995-06-25,杉山清貴,永遠の夏に抱かれて,f075e2cf-a568-4d71-8e3d-e95ea28471d3
1995,1995-08-19,杏里,Legend of Love,028f7954-0eac-4cbd-810f-17f01972f774
1995,1995-04-21,村田和美,気楽に行こう!,6ac02fed-07f7-462f-b504-fbbe7d3e24dd
1995,1995-08-05,杜けあき,愛の行方,55cc2b47-f2d3-4bdc-abaf-ab84c0a2af87
1995,1995-12-01,東亜佐美,LET’S TRY,7be10085-7a4f-41e6-8067-6967e7da33b0
1995,1995-09-21,東亜佐美,仕事も遊びも夢も友達も趣味も恋も,8e6e79df-3f80-41c8-b42e-f70b6f9c1a34
1995,1995-05-21,東亜佐美,夏がキライ,9253c3e8-01ca-4ded-a3b2-14afbe16b26f
1995,1995-02-17,東京Qチャンネル,Say! Happy Birthday,cdfd91e1-90b8-4c88-a8a5-521b65a10044
1995,1995-02-22,東野純直,確かに愛したとき,69ee0769-1103-433e-bf8a-13181f102ceb
1995,1995-11-13,松任谷由実,輪舞曲(ロンド),dd115857-e15d-4524-ac24-fb388e528844
1995,1995-10-21,松山千春,泣いてしまいたい,748d2bbf-19b9-44cf-9135-a58f919b5ff1
1995,1995-04-21,松山千春,船,7980b841-8652-4fb2-bfaf-a2bc99b10a44
1995,1995-06-21,松岡有紀,青い空の写真を見た。,d82aa122-907d-32c3-9363-79ef37c46f93
1995,1995-06-21,松本梨香,Magical Beat!,38279400-10b3-4d05-a9be-1fd94fcd0655
1995,1995-04-26,松本梨香,スリルに恋して,57b28f5e-21bd-4108-b154-2aed4182a9ce
1995,1995-12-01,松本梨香,心で見つめている,3ac77437-c4c0-4944-827f-7ee907fe64b4
1995,1995-05-24,松本梨香,明日へのFree Way,2c68ee2d-237c-4deb-bff2-accf5b50943b
1995,1995-12-21,松浦有希,あなたをずっとみつめてる,f2d888cf-089b-4b1b-9aea-56ef53ed4574
1995,1995-10-25,松浦有希,願いはひとつ,485748cf-36f4-493f-8c5b-f936373b6f31
1995,1995-05-25,松田樹利亜,Fly So High,d4a0c207-5105-48d0-8ae6-4bfa3d40e259
1995,1995-11-13,松田樹利亜,I WANT YOU,02b5b937-3bdd-4cbf-bea5-245c075b49df
1995,1995-02-25,松田樹利亜,本日快晴,162bf117-0d8d-4a24-a534-4329e77f8df5
1995,1995-04-21,松田聖子,素敵にOnce Again,f63931d5-3607-4194-ae18-a5189717a006
1995,1995-02-22,松阪晶子,伝わりますか,f5aecb30-0f61-4f00-8164-b23aa247d98a
1995,1995-11-08,松雪泰子,時を越えて,9650bc0e-1fea-4ed6-9a7c-5fd2d6a48823
1995,1995-04-25,林原めぐみ,BLUE SEED 妖精より愛をこめて ACT.1 紅葉編,9e52619c-08cd-4f1f-8438-1602c80e16ac
1995,1995-12-06,林原めぐみ,Going History,482deae1-ac48-4018-aa6f-b203f3ae3b97
1995,1995-07-21,林原めぐみ,MIDNIGHT BLUE,044e6bf1-8479-38ee-8b46-a9c8cb9c9811
1995,1995-01-21,林原めぐみ,宇宙の騎士テッカマンブレードII elles cinq IV,a105ba94-d0c8-4168-a963-9a33a04efb1c
1995,1995-05-24,林原めぐみ・奥井雅美,Get along,cb042c0a-2a88-37ec-ba6d-50de617d5a86
1995,1995-02-22,林憶蓮,Pieces of Mind,16ee7992-6bad-339d-8c0a-5db9c6464c82
1995,1995-07-21,染谷俊,今より君に近づくために,41f1b02a-2675-4013-90bc-aa16109f6d6a
1995,1995-08-21,柾木阿知花（林原めぐみ）,ALCHEMY OF LOVE ～愛の錬金術～,160717e6-d9c7-4088-a33c-1ba8cd9b05ca
1995,1995-01-23,桑田佳祐&Mr.Children,奇跡の地球,c12ad510-216e-4410-9e43-e03bccd8482b
1995,1995-07-24,桜井智,"BABY,BABY",a0e79bd9-8d94-454f-9bef-80793abed136
1995,1995-09-16,森下玲可,運命にKISS,59e59a20-300b-45cb-8fa2-0820a9809879
1995,1995-09-21,森口博子,あなたといた時間,1a27cb94-acba-425b-b308-8ae6cd85bc71
1995,1995-06-21,森口博子,あなたのそばにいるだけで,96f44cf9-b8e3-4199-bceb-cd5266e985c1
1995,1995-03-03,森口博子,もっとうまく好きと言えたなら,424e00fd-330a-4763-9dc8-ea0dcb0cd943
1995,1995-07-26,森川美穂,Close Your Eyes,a1f1e143-c6d1-4826-b498-920a8a3426bf
1995,1995-03-01,森進一,ひとすじの白い道,8e3c0d3e-7a9b-405d-ba36-ad7733efbc1a
1995,1995-06-21,森進一,女恋港,d9c59bd4-2a0c-4eee-aa3d-9922481c637d
1995,1995-09-22,森進一,悲しみの器,fc7b05c6-8910-45ab-9624-c8bb533c6081
1995,1995-01-01,森進一,泣きむし東京,3b7fa44d-f0c5-4fe5-a9bb-8297d3d299c9
1995,1995-12-01,森高千里,ジン ジン ジングルベル,5ee4a956-9208-4d43-80b1-5bc0c9a08bbe
1995,1995-02-10,森高千里,二人は恋人,8e35c5ca-8246-4fd6-8b4c-0b84d4575fd8
1995,1995-10-10,森高千里,休みの午後,d366a675-2629-4e94-84c9-c208bd5945c0
1995,1995-03-08,椎名へきる,せつない笑顔,d1127c32-7aab-3c00-9856-acd2a24d7589
1995,1995-09-01,椎名へきる,ラッキーDAY,0fde6b93-da4a-3663-87bd-4171b0d99df6
1995,1995-06-07,椎名恵,I’m all right,a4c97506-7c16-450c-85e7-436ed4af7d93
1995,1995-09-21,椎名恵,がんばれ!,7b43e15e-79ab-4315-87ff-6289e5cd11a8
1995,1995-10-21,樋口沙絵子,未来への約束,a2184d33-c82f-4aad-97c2-066cc576d3e7
1995,1995-08-04,横山智佐,Funny Funny Little Girl,552c17d9-2654-4a2f-8e5f-6d9e7a94d28b
1995,1995-07-21,横山智佐,Sleepless Angels 〜眠れぬ夜の天使たち〜,bfa5cd66-e733-4c26-b9a3-0d97fdb61697
1995,1995-06-28,横山智佐,ちゃんと夢を見ましょ！,2e1db34a-cebb-4b92-9d8a-b6438f7d996f
1995,1995-11-21,横山智佐 & 緒方恵美,奇跡の超鬼神,1d9c01e3-ff38-4a1e-9595-ce3ee2cb883f
1995,1995-11-10,横山輝一,ALWAYS,0b6bc193-70ab-4318-b821-790d9c6a2523
1995,1995-05-24,橋村芽利加,Girls Be Ambitious,4d5ebb75-3b0e-4e4a-abf4-57afefac41ed
1995,1995-02-22,橘いずみ,スパイシー・レッド,c33a0235-3b0c-4217-bd12-be50da44b85b
1995,1995-09-01,橘いずみ,真空パック嬢,c99e8660-6ee4-4b49-acdc-a4de23ff1f05
1995,1995-10-21,武内由紀子,Ruby,4967baac-8a93-4ce8-9a3e-ba898f3d2d87
1995,1995-09-25,水森かおり,おしろい花,adf52493-98a7-48b0-9f84-d639b188ea8f
1995,1995-10-25,氷室京介,魂を抱いてくれ,98fe7771-1899-429b-b006-5bfad98a9c02
1995,1995-06-21,永井みゆき,恋する大阪,ac5ccc1d-f9eb-49db-9b96-c27b39e12b82
1995,1995-07-21,永井真理子,飛べないBig Bird,464eddd3-a269-4a2a-ba19-2187abc7073a
1995,1995-12-01,永岡昌憲,マンモス☆チャンス ～とびきりの恋～,510750e8-e013-430d-8a29-41f2d32599f6
1995,1995-07-26,永岡昌憲,情熱男・灼熱女,95c3d40b-f351-4141-9374-73adadd8761a
1995,1995-03-10,沢田知可子,Day by day,056548af-5905-4c7a-8a88-03f40514efa7
1995,1995-04-21,沢田聖子,風になりたい,42f026ad-e0f1-4bcb-97eb-eb163c234991
1995,1995-04-25,河相我聞,たまに忘れてもずっと忘れない,8f7876dc-b736-46ca-a103-babc38636668
1995,1995-05-10,浅倉大介,SIREN'S MELODY,94712187-fcc4-4568-8a78-b9098c7f9aad
1995,1995-06-10,浅倉大介 expd. 葛山信吾,RAINY HEART ～どしゃ降りの想いの中,bdce9952-847a-4b27-b949-5ec1ae4c4afd
1995,1995-02-01,浅倉大介 Pred.AXS,COSMIC RUNAWAY,de0c8cd9-8566-42f8-b25a-85be8cf38a95
1995,1995-05-25,浅倉大介exped.西川貴教,BLACK OR WHITE?,6d766bb0-7f26-484c-a7d9-cc6da4bee1c3
1995,1995-07-25,浅田真季,戻りたい戻れない,21fc22f2-5859-4488-9fd0-48fa75e87892
1995,1995,浜崎あゆみ,THE PAST OF A.Y.U,6783995e-6df8-4c08-884d-5731bd92a5e6
1995,1995-01-20,浜本沙良,What is Love,d981cba3-dbdb-4ca7-8012-749e8f9ab35e
1995,1995-11-17,浜本沙良,ふたり,94edaf3b-99e8-4b65-8ff8-96f7dd01a5ca
1995,1995-05-19,浜本沙良,風の輝く場所で,d570df60-8e11-432c-a02b-3e52fb7ca981
1995,1995-07-01,浜田省吾 with THE R&S INSPIRATIONS,我が心のマリア／恋は魔法さ,e9f431e4-02b9-494d-a9c8-403b56ecd014
1995,1995,浜田麻里,Hey Mr. Broken Heart,5031515e-c22a-4a88-8c8f-28a1e1751af2
1995,1995-01-21,渡辺久美子,elles cinq III エル・サンク こいきな彼女たち / Anita Branigan (CV:渡辺 久美子),a68aa837-72d4-47c2-aa8c-f82503472a95
1995,1995-02-22,渡辺満里奈,うれしい予感,9156172b-65aa-4318-a06f-83bb05a65fa5
1995,1995-04-26,渡辺美奈代,オフロでGO!,eaac2da5-35d1-4386-b66f-9c689b59ea9a
1995,1995-02-01,渡辺美里,シンシアリー [Sincerely],55f64d84-730b-4e8f-974c-bcff06c6c502
1995,1995-06-01,渡辺美里,世界で一番 遠い場所 / Promise,01414cc8-5d6f-42a0-a725-0f177845f831
1995,1995-10-21,濱田マリ,フツーで行こう,8d81f1f9-a4b5-4d58-8447-5a7eeeab0098
1995,1995-11-01,瀬戸朝香,この情熱はダイヤモンド,4be0f0d0-4039-441e-8ea4-b5356f489bdb
1995,1995-07-21,瀬戸朝香,夏色の「永遠」,b2fad9e0-43c4-431c-9786-1b6597d7b5f6
1995,1995-03-01,牧瀬里穂,誰にも明日はやって来る,5faa5f03-6637-485d-a947-7c0e6fbe391f
1995,1995-01-25,狩人,あずさ2号（ニュー・バージョン）,ee272c43-47b5-4551-86ca-ecbf8041993f
1995,1995-12-01,獅堂光・龍咲海・鳳凰寺風 (椎名へきる・吉田古奈美・笠原弘子),魔法騎士レイアース イメージ・ソング 聖夜の天使たち,5bf37ef1-8dfc-410a-9fb7-342eae46b572
1995,1995-04-29,玉川紗己子,BLUE SEED 妖精より愛をこめて ACT.4 桜編,1004ec7c-6f08-44a6-879d-927ae2d354e3
1995,1995-12-01,王様,鉛の飛行船伝説（Namarino Hikousendensetsu）,4e4fc6da-3427-4a2d-a786-071e775266d2
1995,1995-06-25,王菲,夢中人,b0744575-267f-4c45-9754-8e85fea76d84
1995,1995-04-26,田嶋里香,会いたくて会いたくて~Voice Of Moon~,bb67dfaf-99d0-4604-abed-29ab42398a5a
1995,1995-11-08,田嶋里香,忘れないでね,e6262d68-108a-4427-b902-4f1a7e2da06d
1995,1995-09-06,田村直美,Touch me,3683536f-65c2-4afd-a50e-722cd9793678
1995,1995-10-25,田村直美,光と影を抱きしめたまま,71691cf8-9bd3-4c02-b53d-8be35fc8bc9e
1995,1995-05-10,田村直美,地上に舞い降りた天使達,10343cfe-a3eb-4070-8159-030b043dd853
1995,1995-07-19,田村英里子,寂しさに壊されても,b420933b-5505-44d6-ac63-8120a96a98ce
1995,1995-11-01,白鳥由里,あたらしいくつ,242157e5-1774-46ef-b7c0-9d231cf37c92
1995,1995-11-08,相川七瀬,夢見る少女じゃいられない,0f4f518b-c377-31be-8981-5897273064c2
1995,1995-06-21,真心ブラザーズ,サマーヌード,ec5b61c6-f3af-3a64-9b82-52a9b7037478
1995,1995-07-21,真心ブラザーズ,サマームード,6330e251-0c94-3dc2-8cf9-63c8818377b2
1995,1995-04-21,真心ブラザーズ,スピード,5b15d37d-0722-38e7-866e-a5801e2a5c00
1995,1995-03-17,真璃子,今度は私の番ね!,3c88e208-8de4-409f-aa93-99d0004c2d53
1995,1995-05-24,矢沢永吉,青空,3bf62013-a13f-444a-9739-ab7f5b7512c7
1995,1995-09-21,石塚裕美,虹のむこうへ,51b370eb-65a3-4f78-836c-cfb32edcf5c6
1995,1995-05-17,石岡美紀,愛は時を越えて,7fa2356d-3816-4430-a5d3-ce785fde3ea1
1995,1995-03-08,石嶺聡子,私がいる,a29ef155-9d57-417c-83d5-c21011379f5e
1995,1995-05-10,石嶺聡子,花,46ef2fb7-0d00-4806-b40c-328191cd973e
1995,1995-10-21,石田裕,ハピネス,b21dea73-6488-42b8-825f-66cdd25f4822
1995,1995-07-21,研ナオコ,ワルツ,9eb58955-8629-4cb8-9ece-36601652fa5d
1995,1995-05-20,神奈弓子,まだ まだ まだ,3afa262a-0413-4b70-80ba-161d83764b53
1995,1995-02-06,福山雅治,HELLO,6b3b78b9-fe00-466b-967b-9e812a093e4d
1995,1995-10-02,福山雅治,Message,ff2d941f-359d-41fa-9da8-6bf38f9f868e
1995,1995-06-01,穴井夕子,Hallelujah!,bb20f422-fba3-42f8-b303-f58e4ad8f2d1
1995,1995-11-01,穴井夕子,promises,9f3ccab5-63ca-496b-9f58-2803a2efe68e
1995,1995-11-20,竹内まりや,今夜はHearty Party,05b934dc-9f2d-4cea-a040-5587cc6dc8e2
1995,1995-06-25,笠原弘子,そよ風のソナチネ,ec8c11f5-e69c-4f17-9e24-3947a4a2001e
1995,1995-02-25,笠原弘子,空へ･･･,4ad12a75-4cd1-4b8d-b3b6-fcabb359cc60
1995,1995-07-01,篠原ともえ+石野卓球,チャイム,c38bd9d3-46a5-3df0-8239-5f4d19f7756a
1995,1995-08-02,篠原涼子,Lady Generation,92818576-0ca1-45c4-8bf6-fbe2801e8341
1995,1995-11-22,篠原涼子,ダメ！,18db6ccb-4ac5-4ada-ba28-f38102a07c40
1995,1995-02-08,篠原涼子 with t. komuro,もっと もっと…,441b5a79-b637-4ed7-8fac-16f180e42c6e
1995,1995-09-06,篠原美也子,名前の無い週末,564cb9d3-46e2-4c7f-a14f-568f5f936b6c
1995,1995-10-25,米倉利紀,無邪気な君が愛しい,c9554c7b-a54b-437f-8ace-55789042dc93
1995,1995-10-01,米光美保,Feel of you,8641a77f-c0b7-4248-a146-1f973a944817
1995,1995-08-19,米屋純,星座の屋根の下で,b8343c08-cdf8-4512-bd5d-52dc42c38e35
1995,1995-04-26,米川英之,Dolphin Ocean Swim,f9784c93-9002-4da4-9350-e5819b583635
1995,1995-05-21,米米CLUB,JUST MY FRIEND,9d01d7f3-bdc2-4f4b-a080-df9400d477c2
1995,1995-04-21,米米CLUB,ワンダブルSUNでぃ,9abd70e3-4ecd-41f7-a02a-ed278d9d8da8
1995,1995-11-10,緒方恵美,RUN/闇の夢,b09cfc9a-a8e3-4de9-90ca-f0c01fe0fb89
1995,1995-12-06,織田裕二,River,9c025ffc-34ee-43a4-86b6-84c4cdbf4e4c
1995,1995-11-08,織田裕二,愛までもうすぐだから,3900b2d0-5ad9-4914-8ba5-896c325a2967
1995,1995,羅刹,桜の花の散るように・・・,656ee7c3-38fa-4175-90f1-7afdec1a8cc6
1995,1995-08-01,美裕リュウ,ひとりぼっちの僕たち,dc2d4280-20cc-44ae-9384-176db8dd32c8
1995,1995-12-10,羽丘芽美 (桜井智),「恋」みたいな感じ,10cd1706-781b-4bfe-b9fa-dddde9ca271f
1995,1995-07-19,翠玲,恋をするたびに傷つきやすく…,67117825-6b9f-4ecc-928a-0e9bd96ae546
1995,1995-06-21,荻野目洋子,幸福への時間,5b679203-a432-437b-9c8d-cfb597c9222b
1995,1995-08-23,荻野目洋子,明日は晴れる!,7cebdcea-4660-4bbf-853a-bd2c05f63103
1995,1995-02-01,菅井えり,晴れわたる町で,956dbe40-e13f-47ef-8dd2-a4a5254a27f2
1995,1995-03-24,菅野美穂,恋をしよう！,5e493330-c27e-494d-a2a9-b5c459be2d1f
1995,1995-10-11,華原朋美,I BELIEVE,25e0857c-1123-4d05-b85b-2404be4ff3bd
1995,1995-09-08,華原朋美,keep yourself alive,a7f81d87-6e3d-4cbe-8c5e-a2adf33f0181
1995,1995-04-21,落合博満・多岐川舞子,縁歌酒,df7f12c2-9775-4bf5-9a23-efaba6fb77a0
1995,1995-04-21,藤井フミヤ,タイムマシーン,6440b3af-3e2f-3060-8fee-8a78cfada483
1995,1995-04-01,藤谷美和子,私たちになりたくて,24020225-3e45-42ac-aebf-32d45887af6f
1995,1995-11-08,藤重政孝,一途な恋 一途な夢,d0429788-296a-4b91-bbc0-fdecece5bf62
1995,1995-05-21,裕木奈江,あいつの瞳,614d46d9-e764-4692-b8bd-bf5168562a54
1995,1995-08-02,西田ひかる,C'mon³!,17d0d413-7787-439a-8973-9fcce448d00c
1995,1995-03-17,西田ひかる,人生変えちゃう夏かもね,b92ba6e0-b133-482e-a8ad-37ea4e034c70
1995,1995-07-05,西脇唯,「二人」に帰ろう,0f5e1840-d709-48d4-ae70-b3c77e1938e4
1995,1995-01-18,西脇唯,思いをはせることだけは自由,57c4e087-520d-43fd-9bdc-a5953d0a3504
1995,1995-02-13,観月ありさ,あなたの世代へくちづけを,4718cbb3-7a82-4366-8904-5a59f7f736e9
1995,1995-05-24,観月ありさ,抱きしめて!,6ab58a0c-09e3-409e-92ad-9579fddd15d8
1995,1995-07-21,谷村有美,MOON,fdf4e845-4281-494d-8ee2-8bc5002d90f4
1995,1995-02-22,谷村有美,信じるものに救われる,54ec0434-7a77-454b-acf5-736c3e28b3be
1995,1995-02-17,貴島サリオ,私からKiss,76e58b89-f281-490c-ab16-d6695a30d556
1995,1995-09-01,貴水博之,I&I,2233b9dc-03ab-4299-965e-0e67348919e1
1995,1995-12-06,貴水博之,教えて,863ffe8d-6f98-4fde-8299-a863d9e05f79
1995,1995-10-25,貴水博之,目を覚ませ,030e560e-8321-4fb0-a543-429e71275a2a
1995,1995-01-25,辛島美登里,水の星座,d892fdcc-79df-48de-8e9c-6b9725dfb1df
1995,1995,辛曉琪,Love Runs Deep,529d014a-df2a-4ae2-9592-41b62d39b192
1995,1995-02-25,辺見えみり,子供を休もう,9b25883f-4630-4bb6-bd98-9b0ed792502f
1995,1995-12-21,辺見えみり,愛しあおうよ,e5bcce10-9596-4b45-8cbe-0492deff06a1
1995,1995-01-25,近藤ナツコ,バレンタイン・イヴ,0fe5d6e0-e1c7-4bef-9f4e-eba17fa805bc
1995,1995-06-25,近藤千裕,花…一人静,e6c00c8e-ebcf-4c42-997e-38579cceb808
1995,1995-07-26,近藤名奈,Kissだけじゃうまくいかない,dda688e7-bd06-4ded-b04d-e83ea7408385
1995,1995-05-21,遊佐未森,たしかな偶然,bae9304a-7d3c-4a9d-b3b7-edf0964c24e8
1995,1995-11-05,遠藤正明 & 越智アキラ,Forever Friends,7cf8d514-7014-454e-8969-8036eef8ab16
1995,1995-05-10,酒井法子,碧いうさぎ,f0848235-2907-4957-93b3-d7cfe479a6d1
1995,1995-02-22,酒井法子 with L・リーガーズ,OH OH OH〜We are the Winners〜,c0e7c4c6-4b8e-4d73-8d23-da29b21f55f7
1995,1995-11-22,金月真美,もっと！モット！ときめき,fcb7375a-a3ad-30ce-b1f2-dd729f69ba67
1995,1995-05-24,鈴木彩子,情熱,2f8d373a-9dd9-401c-9296-1a7aa78ad838
1995,1995-10-21,鈴木彩子,長い放課後,b8b928f7-c84a-4f44-9c1b-6ae4362b4946
1995,1995-04-21,鈴木祥子,True Romance,6790a335-e7cd-3cb8-b526-a4c2d94891fd
1995,1995-08-08,鈴木蘭々,泣かないぞェ,181f7990-425c-4686-b060-3a7daaa2e262
1995,1995-02-13,鈴木雅之,アダムな夜,7474329f-8842-3fac-b869-c22df4d3e8dc
1995,1995-04-12,鈴里真帆,Fallin' Love Again,8b54f115-2e45-4cf5-8485-1a8242997b60
1995,1995-07-21,鈴里真帆,TSU-YO-GA-RI,890f3f00-932e-4378-bbc2-a98d5aa4c150
1995,1995-10-25,鈴里真帆,らしくないBlue Blue Day,55482029-e91d-4ca3-a7cc-8de608a8d5b7
1995,1995-03-24,長山洋子,捨てられて,d23ccbcc-6bb7-4470-97c4-dbacab02064a
1995,1995-01-21,長山洋子,私が生まれて育ったところ,3fb333d8-6a70-4395-87dc-a7fcf1abc04a
1995,1995-11-22,長沢ゆりか,だきしめてよ,1b7a69c2-996a-33e1-8986-f899ebeff0c5
1995,1995-03-25,長谷川真奈,銀河飛行,1de1559b-f335-4de8-925e-3b551f3cc6fe
1995,1995-06-21,門倉有希,どうせ東京の片隅に,c53c6982-e94a-4925-ac3f-ef3bdecba59f
1995,1995-04-21,電気グルーヴ,虹,36919a61-9244-403a-b51a-c044f20da5c8
1995,1995-04-21,須藤ひとみ,STARLIGHT FANTASY,8669397b-e70b-460f-bbfc-f0aeb7daef4b
1995,1995-11-22,須賀響子,"LOVE,TWO LOVE",86aea75b-e710-4ea9-9a7d-6b3367034a15
1995,1995-06-07,須賀響子,近道したい,74d5a353-b8c7-4bfd-9f4e-6272c6e4c864
1995,1995-04-05,須賀響子,青空ある限り,2cc5e8ef-e2ab-48e7-bf5e-de81be8ff56b
1995,1995-04-01,马格,女孩与四重奏,c2943dd3-7e8a-4e32-b543-8f53dafb1afa
1995,1995-02-08,高橋 真梨子,涙の街角,f7fe74d8-e1cc-434b-9de1-73bad82578d7
1995,1995-05-25,高橋克典,Believe Me,31f7fa90-bdaf-4720-95dd-c9e1bc5566bd
1995,1995-10-25,高橋洋子 / CLAIRE,残酷な天使のテーゼ / FLY ME TO THE MOON,c5ca1660-3c0c-40ec-98f4-465d9551aa84
1995,1995-05-24,高橋由美子,すき...でもすき,a0ff23b3-9929-495e-aec4-deb7b22da13b
1995,1995-07-21,高橋真梨子,So in Love,8e2e8212-5be8-4a43-a9d6-8743dbd21f46
1995,1995-08-21,鬼宿 (CV:緑川光),ふしぎ遊戯 キャラクターズ・ヴォーカル・コレクション② 鬼宿/愛という名の聖戦に…,d4f8c91e-8035-425c-944d-84018f36a1a1
1995,1995-12-21,鵜島仁文,BACK TO THE GROUND,833c9778-9c33-4e0b-8f6e-7b5818cf0c9b
1995,1995-05-10,鷹橋敏輝,Tell Me,0c6c1f6d-2c34-4f9b-a253-0816ea550cb0
1995,1995-02-22,鷹橋敏輝,遠い夢,a940a0d8-c9e1-4623-810b-7434be87b84f
1995,1995-11-21,麻倉未有,ミリオン・キスをもう一度,547efad5-d57a-4d12-95f7-f4ca8a2ee529
1995,1995-10-13,黒夢,BEAMS,1b5d1273-f486-4f00-ab88-e65712b2481d
1995,1995-04-26,黒夢,Miss MOONLIGHT,9cb23ff2-72b2-4140-b2e3-7a97d632cfff
1995,1995-03-08,黒夢,優しい悲劇,847629d6-b4dc-4d14-ba10-9538cb66fc18
1995,1995-04-26,黒田有紀,風 吹いてる / cry,ef85839e-b365-4b35-9901-1f05df03b09c
1995,1995-05-25,龍咲海(CV:吉田古奈美),いつか天使になれる,9e0ffa3d-c455-491c-903d-ac4268c55184
