jahr,erstveroeffentlichung,interpret,titel,mbid
1998,1998,!!!,The Dis-Ease / The Funky Branca,23245e7f-15fa-3bec-8a2a-28348e6df2a7
1998,1998-01-19,"""Little"" Louie and Marc Anthony",Ride On The Rhythm,8494c535-5d19-45d4-a821-ec2edded5b35
1998,1998-07-07,$wingin’ Utter$,I Need Feedback,0f4962d7-9006-3b55-99db-3fa7e180f5e7
1998,1998-12-03,*,王,8684c6da-45ee-4847-9b40-e636e9a5abbf
1998,1998-08-07,*ASTERISK,Boys & Girls,0b9f6b22-44aa-48e4-9f03-b564312eb572
1998,1998,*NSYNC,Merry Christmas Happy Holidays,4247a2a9-5048-4d08-896e-c66f0579c86f
1998,1998,*NSYNC,U Drive Me Crazy,3e00f7e2-bc60-4da3-a9b3-9e824fc6ceda
1998,1998-08,02edge,02edge,fbed253f-4499-41fb-ade4-3c4e854d63bf
1998,1998,1 Life 2 Live,Throw It Up Ya'll / Niggaz & Bitches,8175fbc1-159d-49a1-9ffa-6ead8054e483
1998,1998,1 Life 2 Live,Throw It Up Ya'll / Show Love,6cd0047b-1588-442a-a09b-56f39c0da057
1998,1998,"1, 2, 3, Soleils",Abdel Kader,8c6cd1f6-4480-4e1c-9fa1-126d247e3de7
1998,1998-04,1000 Clowns,Kitty Kat Max,fc36e773-f264-3c13-bd63-18385be0bf8f
1998,1998,100th Process,Illogical Digression,5b46a6aa-0095-4210-a317-9f511ccbc978
1998,1998,101 feat. Marvelous D. & Sandra Olajide,Why Don't You Stay?,9ed2c702-913d-4d8b-b5be-e7b39312e6c9
1998,1998,112,Anywhere,c3e316a9-0e64-40a8-98fc-db2404896fe1
1998,1998,112,Your Letter,576dcb6f-2899-4c8a-9708-079b20169bd3
1998,1998,112 feat. Mase,Love Me,c189e979-f134-43bd-9496-2c2f9aa1c95f
1998,1998-04-20,113,Association / Jack-Potes,af906585-0c30-4de7-917f-b8e25d672f89
1998,1998-04-20,113,Truc de fou,6f59636b-0799-4fc2-b617-270861e47810
1998,1998,12 Gauge,Ill Na Na,4eca4979-0e0c-4702-9791-3b6e442ff907
1998,1998,12 Rounds,Pleasant Smell,bfa953c8-72a0-3d96-8e51-aaa4481637ac
1998,1998,16 Horsepower,Live,60d2d1c3-c80a-3cbf-9121-3d1b68a67524
1998,1998,16 Horsepower,The Partisan,27b97052-8ddf-3f63-819c-f81b6558c364
1998,1998-01-19,16/9 / Nid 2 Serpents,Vois en 16/9 / Au pas,a6698700-5ff3-4447-87fb-4fa9ccc5503a
1998,1998-01-19,16B,Black Hole,dbe070ef-b0f4-39f9-a917-543862727da4
1998,1998,16B,Falling,23b039cf-ae63-36c1-b230-a17747175389
1998,1998,16C+,Under 4 Ever,8d535637-f5e4-4597-ad0b-aa9e5691289a
1998,1998,175 Crew,Funk Over Dose / Rippin Up Shows,fa24b921-2c24-4e65-8b85-72900c8a1175
1998,1998,175 Crew,Volume 3,874b3566-d20f-413f-97bf-916c74fa14f3
1998,1998,175 Crew,Volume 4,9345aac1-4f54-4288-8edc-6031abd5cb88
1998,1998-04-13,187 Lockdown,Kung-Fu,57bfaddf-ce86-337f-9880-29a269be6f6e
1998,1998-09-21,187 Lockdown,The Don,4e547765-dfd4-31e5-be09-3fa0e421ccec
1998,1998-11-21,19,あの青をこえて,1b60c4ef-a86e-48ed-82a2-3d17433bbd14
1998,1998,2 Be 3,Don't Say Goodbye,4ff1511e-d073-4075-8f04-2acd793b1551
1998,1998,2 Brothers on the 4th Floor,The Sun Will Be Shining,4508440e-4c32-36d1-b61d-83b7ca345c44
1998,1998,2 Brothers on the 4th Floor feat. Des’Ray & D-Rock,Do You Know?,fdf76565-4fd2-3c71-9e1c-8abc4b57b439
1998,1998,2 Colors / Plastic Voice / Indigo / Radical Playaz,Central Cuts Volume 51,99d52687-c11a-4e12-8a90-7fd10ee5caef
1998,1998-01-01,2 Damn Tuff,Live @ Liverpool,9a9c3b19-95af-488b-ac2e-eb66199d97bc
1998,1998,2 Eivissa,Move Your Body,30b8aeaa-9a6d-38a8-a3bb-4d56de92b2bc
1998,1998,2 Eivissa,Open Your Eyes,58bf5133-6e53-4d26-9b10-516a54db9509
1998,1998-10-26,2 Enough,Gimme Love,3ae5bb85-459f-4b52-b138-c5ec3f265ad8
1998,1998,2 Fabiola,Feel the Vibe,7ee1dca1-ee8c-4901-9b29-688d0e11fc3b
1998,1998,2 Fabiola,Flashback,c2eec373-06f0-4f98-89e1-300401183aea
1998,1998,2 Fabiola,Sisters and Brothers,1d47eb27-5acd-3860-9866-83bc11531e28
1998,1998,2 Headz,Feelin’ Fine / Skanking Dub,add76771-4b3b-49fe-be6f-87c83f35f024
1998,1998,2 Hi!,Er gehört zu mir!,5637c151-b544-405d-ae2a-5870786a47b9
1998,1998,2 Inda Bush,Nutty Drumstick,05ddfd73-773d-4314-a7c3-4f873b798665
1998,1998,2 Live Crew featuring Ice‐T,The Real One,6522d02e-64f7-439e-8ece-b4c764916fad
1998,1998-05-01,2 Phat Cunts,Ride,37292f3a-1489-386c-890b-1eb4f0067baf
1998,1998,2 Quick Start,Hääletult hüüdma jään,e49db2ca-f363-4b29-bcc8-e8ceb515c103
1998,1998,2 Rude feat. Pharoahe Monch & Saukrates,Innovations,fad92592-009b-41af-8e43-f2c49996613d
1998,1998,2 Skinnee J's,(718),1b635099-e71f-318b-a640-4c4d5a9be30e
1998,1998,2 Skinnee J's,Music for the People,cce26515-1a15-32ce-9ead-dfdb77988309
1998,1998,2 Skinnee J's,Riot Nrrrd,7e03d6b4-49b3-3c96-b73c-22ce7777bf84
1998,1998,2 Skinnee J's,The Best,ca59f621-d845-37bc-9b75-ebc55dd6cf1d
1998,1998,2 Slags,Restless,8b094d59-1d86-401f-bc67-af65fd4a0a3a
1998,1998,2 Star Tabernacle featuring Andre Williams,Ramblin’ Man / Lily White Mama & Jet Black Daddy,1e140fb5-bf22-4ce0-8d9e-580acf9594f2
1998,1998-06-01,2 Unlimited,Edge of Heaven,5879fe2a-60be-37d8-8346-111005ada05a
1998,1998,2 Unlimited,Never Surrender,be8f1f57-c741-3497-8dfd-092f4ee62b5f
1998,1998-05-04,2 Unlimited,Wanna Get Up,50f53cc1-ca4f-4ea4-91b5-e8b8e5fa899d
1998,1998,200°C,Love Bugs,e5ffcef7-8b74-4f74-b38e-e93a48c0ebb5
1998,1998,22‐Pistepirkko,Onion Soup,d881487d-0e89-3b6b-b42d-b1356f061ba1
1998,1998-07-27,28 Days,Sand,05ab9fc5-7eec-357b-a1ff-02599561be86
1998,1998,2Pac,Changes,d2f9b1cd-5d1e-381f-9716-36f2d5fba2cb
1998,1998,2Pac,God Bless the Dead / Troublesome ’96,139b6f3e-7e45-4ad1-a235-bf48ad5336d0
1998,1998,2Pac,Happy Home,d4de5463-bb0d-3272-acab-27ccd1c4b1da
1998,1998,2Pac & Notorious B.I.G.,Runnin’ (’98 remixes),c9488a81-ed7f-4b5f-98d5-c17645366d46
1998,1998,2Pac / Daz Dillinger,Unconditional Love / It Might Sound Crazy (remix),80835b0e-63f3-4b23-80ad-adb798bd3502
1998,1998-08-26,2Platoon,RISK/今日から君は,9973b346-2519-44ce-a1f0-9494e9725e14
1998,1998,2–4 Family,Lean On Me (with the Family),c9ccf239-4e8e-3901-ad1d-0d7dd7261199
1998,1998-07-21,2–4 Family,Stay,b3205ebe-ed6a-3c68-abc9-9cf4f398f171
1998,1998-03-25,2丁拳銃,逢いたくて,f88667c5-b3bc-45a3-b71e-942e9e96785d
1998,1998,3 Colours Red,Beautiful Day,918e75dc-ee69-3b4b-b642-2baa1568c02b
1998,1998-01,3 Da Hard Way,Pull The Trigger,d473135e-b44f-4eb2-be8a-9a02fc100bd1
1998,1998,3 Steps Ahead,Paint It Black,3af26709-4a47-4a45-87c2-ef340f6857ac
1998,1998,3-Way Playaz,Swing My Way (Shorty Swings Both Ways),3f6cedcd-784f-40ae-a49f-6e6f93c61053
1998,1998,3D & Snuggles,Empire / Enchanted,17d4949b-efc1-4e18-87be-f0595802a2fc
1998,1998,3Deep,Into You,72695b8f-1dcc-367f-8503-31ea4b7b6274
1998,1998,3Klang,Dreiklangdimensionen,24ba1a37-2d62-4186-9ab1-e866a799bc03
1998,1998-02-18,3P,3P (Licence 2 Kill),6ba94350-4bd7-3531-a2d7-062842031cf9
1998,1998,3ème Type,Éclipse,5c0b2b0c-3c62-4f99-8c6c-72319b1cabfb
1998,1998,4 Fun,Hittegolf,92bdb724-a382-4835-aadc-a668e1dc4a01
1998,1998,4 Hero,We Who Are Not as Others,da205e22-d977-4bbd-8219-ffeaff8178cb
1998,1998,4 Hr. Ramona,Greetings From Pharmacy Park,156066e7-94b0-4b2d-aa58-eb9f40b39149
1998,1998,4 the Cause,Ain’t No Sunshine,ff954a16-b5e2-4205-8b20-1f599af9a7f7
1998,1998-03-30,4 the Cause,Stand by Me,6ab89df5-d0a0-3cd0-8a39-d0aa8188a134
1998,1998,44 Leningrad,44 bpm,34de1ff1-ad54-428b-b2fc-2476dbae4e54
1998,1998-08-03,4hero,Star Chasers,a4bd8e97-85ba-3a73-b66c-a7ac942fd6bc
1998,1998,4Him,The Great Awakening,61b3e971-6e7f-4af0-85c6-c3ab6296df52
1998,1998,4Kast,I Tried,9b6841ea-28f7-4ded-bb34-47d9e53dbb3e
1998,1998-09-20,4T Thieves,Liquid Motion,b9b2a341-7747-4581-ad6f-09365165ab74
1998,1998,4X4,4X4,0ebc6788-d7ee-4165-bf47-22a8766ffca5
1998,1998,5 NY,Open Your Eyes,0a4e9ece-e390-4ff5-a9e2-10f11c1bf402
1998,1998-04,5 Sterne Deluxe Vs. DJ Koze,Happy Hip Hop b/w Discotizer,45f19da4-351c-4a08-880f-562868163116
1998,1998,50 Million,Ur2punk4me,831dca22-2ee8-42ae-bf53-082926eb6374
1998,1998-04-06,54-40,Live at the Star Theatre,5dbc233f-0739-3e3d-9450-651d0cec87b3
1998,1998,5NY,Finally,8a98c27d-f3a8-4670-940d-787eaaa72ab4
1998,1998,5NY,Open Your Eyes (Remixes),46711df5-ab04-4ec0-b360-ed6d55b43a02
1998,1998,5NY,Spirit Song,e07d1f78-eb6e-42b2-bf33-3c87a3ddf5ef
1998,1998,6 Traxx,Insanity,fcab9111-c3e3-4006-a6f4-d93a85b698fa
1998,1998-04-27,60ft Dolls,Alison’s Room,fe4fb10e-fcb9-313c-a9cb-dec7ed18f4f5
1998,1998-06-22,666,Amokk,a740c1b1-c8d2-426b-8216-9f43a3a778b3
1998,1998,666,Amokk / Alarma! The Remixes,b1a87dea-2c00-4e8c-950e-2fbb2679f623
1998,1998,666,Amokk / Diablo,df47f2fb-195b-33c5-815c-a52acedcf108
1998,1998,666,Diablo,2982c787-5f18-38c0-8f25-db451586a5df
1998,1998,666,Paradoxx,ae1d95d2-515d-3910-ba22-85efa86a50ac
1998,1998,7 Mile,Do Your Thing,e6d19a54-600f-365f-9d48-28431033efe6
1998,1998,7 Notas 7 Colores,La medicina,d01e34a2-ef1f-4a57-beb0-4dedf5341725
1998,1998-07-07,7 seven,SO BLUE,83d10d06-56ca-436d-bd64-bbefd1d91e82
1998,1998,70's Age,Reach for the Sky,be61a351-2284-43a4-864a-9a1e25750f6a
1998,1998,78 Saab,Whatever Makes You Happy,6d06d44b-f296-4fdd-a5df-34f3342b52f8
1998,1998,7th Gate,Route 4,78897ccd-2214-446a-a7b0-6e1b35eb28b2
1998,1998-05-04,808 State,Pacific808:98.Cubik98,dec8529c-6ec8-3359-984a-b884a2dca795
1998,1998-10-12,9 Nickel,Capricorn,3f060ef4-e038-4815-9aa0-7c0f98f023d0
1998,1998-03-23,911,All I Want Is You,491bdde9-1324-4b10-8ab2-62408db25d4f
1998,1998,911,How Do You Want Me to Love You?,18f1b462-2ed6-434c-af5f-73c3f57461d3
1998,1998,911,More Than a Woman,5c4d9766-1f50-3078-9b39-a172c8840d13
1998,1998,95 North,Forever Underground,633a9b1c-0f54-49bc-8934-965117acc941
1998,1998,97a,It's in Our Power,e01032f1-1999-35ab-b4b4-03a7ac0558d4
1998,1998-09-15,98°,Because of You,1b8404d7-71be-35db-9acf-8cacd135aa02
1998,1998,98° and Stevie Wonder,True to Your Heart,d385c575-d606-40ff-ae08-91e2f4171184
1998,1998-06-08,99 Allstars,Chemical Generation,e178358a-5ea4-4aae-a030-6508a078b27d
1998,1998,99 Posse,Quello che,d0a951b5-79e5-34a9-9eb7-4f521887ae10
1998,1998,@tak,Joy!,3867e1c1-f5f0-4b00-a518-0b8210adf9f5
1998,1998,@tak,Le Me Be Free,bea1fb81-3df5-4a24-b790-b2b05e046964
1998,1998,@tak,Pizza Boy,9d6b5f6f-dc73-4d1b-a474-bb8daa2175df
1998,1998,@tomika,Dead Flowers,4d3e681f-4bc4-4bfd-b5e0-0d63d2cfa97a
1998,1998,[Disney],Disneyland Park: It's a Small World,67ec13db-8858-4435-aa88-e62a6e28e264
1998,1998,[unknown],Got Myself A ‘Tonic’,cd0ebc7b-b46f-45c7-a31d-4bca1842438c
1998,1998-01-26,A,Foghorn,f2e8b00c-dc0f-4582-8931-5fee178981b9
1998,1998-06-15,A,Sing-a-Long,b2eebc4c-199a-3b7e-ad6d-f1e7b46188a7
1998,1998-10-12,A,Summer on the Underground,56e2198c-853b-4405-9efd-39d2ff911907
1998,1998,A & S Project,Outta My Head,a4146726-5a92-36f9-a459-d3ce1acbdf5f
1998,1998,A Brother From Mars,Move to the Music,83ae1c08-77d6-3350-bd07-42c0e1d5f404
1998,1998-03-23,A Guy Called Gerald,Radar Systems / The Fallen Prince Of Heaven,4766beaa-e8ac-4fb7-a457-78e2a3458ffa
1998,1998,A Man Called Adam,¿Que Tal America?,595ec4f2-5f0f-4e10-af0c-65f4a35b1a0d
1998,1998-10,A Minor Forest / Sweep the Leg Johnny,Post Marked Stamps No. 8,985d6d6b-3ab2-4561-9f80-9fc6a032397e
1998,1998-02-16,A Reminiscent Drive,N.Y.C. Dharma,accc5b35-b337-39b0-9aac-3a7c38827896
1998,1998-08-24,A Tribe Called Quest,Find a Way,f2bca018-7257-3692-a8fc-52fa9f672992
1998,1998,A Tribe Called Quest,It's Yours,ae18846e-43b8-4be5-bbad-cb6b2b5bf1ff
1998,1998,A Tribe Called Quest,Like It Like That / Pad & Pen,6c77e49b-a41c-3066-8984-c6dffa13aef0
1998,1998,A Tribe Called Quest Vs. Aphrodite / The Stone Roses Vs. Grooverider,Old School Vs. New School,fdf02289-1d9e-406b-945a-83265b93e27d
1998,1998-04-13,A vs B,Ripped in 2 Minutes,95f37620-99b6-340d-ada2-e6cbcb50d52d
1998,1998-10-27,A+,Enjoy Yourself,b144d708-cb1c-339f-938e-6da8b8540e3d
1998,1998,A+E Dept,3113,4f66f678-8eb9-4f83-bd6b-25c9d27bbac3
1998,1998,A-Sides / Netview,East Side Jamz Volume One Sampler,fae14853-aba1-40d4-a725-ef0a03f0d397
1998,1998,A.C.A.B.,We Are The Skins,9b0af1fc-e55e-4c8a-8f6e-6885643a6a38
1998,1998,A.C.D.,Kings of NY / Swerving,810a306c-cf0f-4fc7-ad7b-6ee260f4ddf9
1998,1998,A.C.K.,Das Letzte Wort,1c4ca5ff-0a73-43f2-91a8-cd6765bdafeb
1998,1998,A.J.P.,Uplifting,4b4cb724-a0bf-4723-a286-3bcc90f4faa2
1998,1998-09-14,A.K. S.W.I.F.T.,The Professional,beda22d7-c69c-41eb-a9e2-3ad4943486b9
1998,1998,A.K. Soul feat. Jocelyn Brown,Free,076cd6f4-da14-4b4c-a36d-4c23e49ae8d9
1998,1998,A.N.I.M.A.L.,Milagro,dc24529b-351a-4a76-9c49-70ec434c44f7
1998,1998,A.N.I.M.A.L.,Milagro / Loco Pro,1a7f3876-6608-4b78-8315-53fda50e6d38
1998,1998,A.P. Sarjanto,Luuserin laulu,cda724f7-49f1-47eb-a1aa-b7bf227f32c6
1998,1998,A.P. Sarjanto,Mun enkeli mun,77e3b57c-8124-49be-bd9a-9d117807bb6a
1998,1998,A.P. Sarjanto,Suurenmoista Jeeves,3b946c47-bc96-489b-aa92-dbb21b2bd267
1998,1998,A.T.P.C.,Solo Un'Ora,c6ad0789-6f29-4226-b921-177fc3d0db42
1998,1998,A.T.P.C.,Sulla Mia Pelle,73934760-9904-42f2-a714-d632ae689f87
1998,1998-03-02,A1 People,Do It,8870712d-824c-4093-a461-de2329038990
1998,1998,A10,Unlucky for Some,74779df6-31d2-4ae6-98e6-fcfe4352fd80
1998,1998,A:xus,Abacus (When I Fall in Love),5aaafe9e-fef2-30bb-a733-319b5a60236d
1998,1998-06-15,Aaliyah,Are You That Somebody?,83b0f20c-37a8-3a95-acae-103cf18255df
1998,1998,Aaliyah,Journey to the Past,2ea74f7e-fed1-300a-9a83-68901a39578d
1998,1998-04-14,Aaliyah,The One I Gave My Heart To & One In A Million,ee9a01f3-dca1-4973-96fc-566afc7c0e6d
1998,1998-02-23,Aaron Carter,I'm Gonna Miss You Forever,29a3b450-24d7-44fe-93b7-f28481dffe31
1998,1998,Aaron Carter,Surfin’ USA,e19f0b6d-5774-3431-a1ca-a61d525e2758
1998,1998,Aaron Carter feat. 95 South,Shake It,9dc2450a-8173-3074-9eea-799c22044e7e
1998,1998,Aaron Hall,All the Places (I Will Kiss You),bc481714-29e0-3513-a400-9f45a4dcd865
1998,1998,Aaron Tippin,For You I Will,0fc1ac9e-9d82-4b32-b1a7-84919dc82272
1998,1998,Aaron-Carl,Down,8a706a19-f83f-325b-8f69-7a227d4f3548
1998,1998,Abacus,Black Thanx,04cbe6c9-3d35-3a8d-a659-c99e41926f02
1998,1998,Abaddon,Missing,bb4218bb-f5e6-4d6f-b03c-0a799862c0ef
1998,1998,ABBA,Dancing Queen / Waterloo,e7a23ead-8314-3b21-a4bd-ec0f9c7d6e40
1998,1998,ABBA,Our Last Summer / Fernando,90970032-668e-411d-a646-93f9272cef36
1998,1998-05-11,Abi,Counting the Days,063cec8a-d25c-3b48-b49a-4beb15d59baf
1998,1998,Abjure,Turnpike Lane,6c5aa983-fb15-434d-825e-9e7b55d1d8ba
1998,1998,ABN,Algemeen beskaafd Nederlanz,d5072337-94f6-34ca-b2fc-0a54db21bdf4
1998,1998,ABN,Politie polutie,b2a66793-96df-38d3-aa9c-dca1a163ba00
1998,1998,Absolom,Secret: The Remixes,05be712a-14b2-32e7-9e9e-3d07b1b6a664
1998,1998-11-24,Absolom,Where?,46359d8b-ace2-4311-9d7e-01a89a0542df
1998,1998-11-03,Absolute Beginner,Liebes Lied,a041d8bb-0380-3b73-8ec7-14992c3a76f4
1998,1998-08-11,Absolute Beginner,Rock On,a77be6fa-9f26-319c-b5a2-a0d1b215c22c
1998,1998-07-20,Absolute Zero & Subphonics,The Code / Fugitive,c6fe3406-baea-365c-9e52-5290333b53f4
1998,1998-03,Absoluuttinen Nollapiste,Silti,556a0301-dc88-3cce-8cc6-02e5a1293dc9
1998,1998-03-16,Abstract Truth,(We Had) A Thing,e47919a2-977a-3fa0-b75f-7a9e73ab983d
1998,1998-03,Accelera Deck,Sheffield Melodies 1.1,e7491fb7-7516-3a50-bf18-7cdacff40a81
1998,1998,Accelera Deck,The Nearness of You...,e4b08b44-71fa-3a6c-ba51-3f7c35587725
1998,1998-09,Accent-Circonflexe,Vol. 1,30aed0cd-72e0-4e5a-945a-b80d9b239655
1998,1998-11,Accent-Circonflexe,Vol. 2,050a4ce8-2e31-487e-a958-c9ab427842ce
1998,1998-12-14,Acda en De Munnik,Het regent zonnestralen,acd1ee02-307c-39b8-acae-c9c4469480d6
1998,1998-09,Acda en De Munnik,Laat me slapen,d808a129-b00f-4f1c-b3d6-1030483dd39a
1998,1998-12-07,Ace of Base,"Always Have, Always Will",e23c3459-9c3e-3c08-8eee-32c57c7cf4c7
1998,1998-06-30,Ace of Base,Cruel Summer,a31eb448-3fc3-48cf-a100-b359daa53732
1998,1998-07-14,Ace of Base,Cruel Summer (the remixes),1ae6705a-29a8-44c7-8c9e-1aa103f8366c
1998,1998-01-11,Ace of Base,Life Is a Flower,44c22487-561e-34db-961e-77e9b78a1449
1998,1998-11-16,Ace of Base,Travel to Romantis,28d9afd9-1b09-38e7-82ce-5f1a4a0e65c6
1998,1998-10-06,Ace of Base,Whenever You're Near Me,4a451f5d-acf8-3e67-8548-ea386a77bc31
1998,1998-06-16,Achim Mentzel,In Arenal ist Damenwahl,df82c43e-c3fd-49fa-adec-e75b8d2a0356
1998,1998-07-23,ACiD,Jelly Fish,d5a62684-afbb-43aa-898f-9602a1c8a673
1998,1998-11-23,ACiD,アラベスク,4cb6eec3-f91c-4121-98b2-f907d3a9edfe
1998,1998-04-23,ACiD,スカーレット,e6504f49-2f16-491f-95e5-b312885a4caa
1998,1998,Acida,Acida,9f55c92e-97aa-4a07-88fb-3d4c1a2065ad
1998,1998-08-21,ACO,やわらかい肌,7deab81d-7aa4-3085-b608-f6f15f317e03
1998,1998,Across the Border,This Guardian Angel,0a253c15-7d2d-42b3-963e-0fa1b9f4790e
1998,1998,Act of Fear,In Fear,e54f307f-4d61-40b7-8d09-0c42b3fff288
1998,1998,Act of Fear,The Killer,767a94e3-4513-4790-9095-1cabc616e1c1
1998,1998-10-19,Active Minds,Rushin',9174e3f7-a4b0-4b64-8398-03e7ed5a828d
1998,1998-02-14,Act∫ue veil,Viennaの風,94574125-284a-3af6-8403-a0919e5bca16
1998,1998-09-20,Act∫uə √èil,Tears color,d7ba168d-5618-4873-8b7b-c3485b7bf2e1
1998,1998-02-14,Act∫uə √èil,Viennaの風,ab5948f5-67df-473f-b5e4-3c72737a371f
1998,1998-04-20,Acumen,Affection,cab1923e-212c-444d-b0ef-cfbf7fee3507
1998,1998,Acumen Nation,If You Were / Bleed for You,498e1cbd-3b1f-35d9-b66c-b4c21e467cec
1998,1998,Adam Brand,Last Man Standing,0424d053-de0a-4d97-b462-53cf886dd96d
1998,1998,Adam F,Brand New Funk,428f9175-344a-3f8f-af06-65f0d11b485f
1998,1998,Adam F,Dirty Harry (The Remixes),cbe9444b-fe4a-3027-b304-f684187cb868
1998,1998,Adam Garcia,Night Fever,e6f554ba-5f10-4dc7-9a32-b4d76901e06e
1998,1998,Adamski’s Thing,Intravenous Venus,79c37ac7-1b63-421c-a7eb-3b5f421dec5d
1998,1998,Adamski’s Thing,One of the People,3704a387-b456-333e-a629-aaaf9746ba75
1998,1998-07-20,Add N to (X),Little Black Rocks in the Sun,aad3313b-c1bc-327e-8b8b-f383b6b17e7a
1998,1998,Addict,Monster Side,ced95e9a-a2f7-4a2b-a923-1867aa4c8cbb
1998,1998,Adm,Pour toi,4892d98b-61be-43fe-8b83-d1f96a3294c6
1998,1998,ADNY presents Doreen Younglove,Life,3b893eab-3460-4623-b9a1-0bedb8592a06
1998,1998,Adrima,Living on a Fantasy,8b8678c1-1e14-4897-af23-1934401b959d
1998,1998-12-02,advantage Lucy,Hello mate!,5dfde4b2-7047-36c0-92a6-58e19b65e744
1998,1998,Adverse Match,Draconis,d2f0e1f3-ab92-37f3-ae6e-823e544241a0
1998,1998-02,Aemen,I Can't See You,664e2208-c21d-493e-8a81-afeec9f9829f
1998,1998-06-01,Aerial M,October,cc2343e2-66d1-3cfd-a655-95402b509a58
1998,1998,Aerial M,Vivea,fbc6f4e1-0323-3393-9453-ec49739a7949
1998,1998,Aerobitch,How Many Times,8a21ee31-b7f3-4f06-bf7e-b8d5a8cfedd2
1998,1998-07-29,Aerosmith,I Don’t Want to Miss a Thing,55fca8e9-74ee-352a-97a4-82fe299d3826
1998,1998,Aerosmith,What Kind of Love Are You On,1858ea92-20c2-3503-85ed-95b7c0b7e994
1998,1998,African Blues,Word Sound Power,7366183d-61c0-3bc1-a0cd-7ddbbbd75c08
1998,1998-11-03,Afrika Bambaataa,Looking for the Perfect Beat: Brutal Bill Remixes,57f19b01-45dd-3e42-ad68-43ecb5322f83
1998,1998,Afrika Bambaataa and the Soulsonic Force,Planet Rock The ’98 Remixes,45e4f807-7d24-4d41-a4e4-5a039015f728
1998,1998,Afrika Bambaataa feat. Carpe Diem,Got to Get Up,3a0b6f2d-9a9e-32d6-b4e4-7bcc57dead63
1998,1998,Afrob,Prime Time,0648884e-72ea-4eec-bee4-82a3ab5d9246
1998,1998,Afronaught,Code Breaker,99a1b970-65d6-4e29-b602-c3252cd87fa8
1998,1998,Afterhours,Male di miele,b609892f-57d7-4dcb-aec0-7f39d5d24c03
1998,1998,Afterhours,Sui giovani d'oggi ci scatarro su,ce714e9b-f0ae-44ce-b1dd-e592c63d1501
1998,1998,Afu‐Ra,Whirlwind Thru Cities,6efc4ff2-3ed3-484e-8ce2-c64f988b8441
1998,1998,Agebaby,Something Dirty (Boy/Girl),d1bd1d58-1390-46b6-be09-575e36ffa829
1998,1998,Agenda,Heaven,7e72d876-19f2-4996-aece-a377f1f03bee
1998,1998-02-23,Agent 00,The Magnificent,399f5e26-7bbf-3b09-a9cf-7220645555f8
1998,1998,Agnelli & Nelson,Angels '98,391c3b2a-26d9-42f4-965b-eb0d41a8ff98
1998,1998-04,Agnelli & Nelson,El Niño,50acdf7a-d88f-3eff-a811-a34d422fed5e
1998,1998,Agression Verbale / Daomen,Phoenix / Rude Boy,6d8ba8d5-9e22-4f0c-84eb-b75460e5fd09
1998,1998-07-17,aiko,あした,e9e06f98-3287-33a1-855d-265205761055
1998,1998-04-21,aiko,ハチミツ,e04658f2-7d64-30eb-8b5a-daa3a367f769
1998,1998,AION,O Fortuna,c4d0ee73-1fde-3986-92a4-ae252af874de
1998,1998-11,Air,All I Need,80f5c2aa-7071-40b2-ad80-c9600d5d2263
1998,1998-01-14,Air,Californie / La Femme d’argent,5c7bccd2-3034-3014-9698-a1e210dcfe74
1998,1998,AIR,Hair Do (live version),b870cd9e-260d-4a37-bb66-fa30687a7b67
1998,1998-03,Air,Kelly Watch the Stars,7c0264bb-5bae-4dbd-830e-dd7eeb5a82ba
1998,1998-12-09,AIR,ハロー,d97a36de-3b49-47cb-93d7-0019e5a6654e
1998,1998,Airfire,Rape,83a4d6af-ef99-4906-91fc-5dc1101c33fe
1998,1998-08,Airscape,Amazon Chant,14552a54-2c17-3693-9875-4ec1ac60c6a4
1998,1998,Airwave,I Want to Believe,57ccffe7-1a99-45a3-b266-132ee1044cff
1998,1998-11-21,AKEMI,Kid,af08b016-b815-4cb8-b158-ec62815d3250
1998,1998,Aki Sirkesalo,Kissanainen,d66e61a7-794b-4bf6-a3b1-4dc7118be255
1998,1998,Aki Sirkesalo,Äiti,a77bba98-9c69-411a-8225-c0bcbe998e9f
1998,1998,Aki Tsuyuko,Sprout,d67b2057-f015-48c6-8c55-d37e273139df
1998,1998-04-22,AKIMA&NEOS,トライガン エンディング・テーマ,545a8e42-5d60-30d1-9230-f7d20579eb5c
1998,1998-05-04,Aknestik,Missä on mun sinitaivas?,c9596cf2-bc79-4fa4-bd40-3e501058dea9
1998,1998-01-30,Aknestik,Suomirokkia,8df55867-1f28-3e23-a2f2-a36aae91b00b
1998,1998,Al Campbell,Old Time People Say,4c55a383-5078-408f-96e4-833002dbb239
1998,1998,Al Dracu 98,Viața de student,34ca4e47-c1a1-4ef2-9d39-13648dbca788
1998,1998,Al-Faris & Andrew Wooden,Get Down to the Funky Beat,2ec783eb-adb0-4767-830d-7f9f38c3f809
1998,1998-03-21,al.ni.co,TOY$!,221dbea3-6eca-3753-b1ae-3b43b8a287b8
1998,1998-11-11,al.ni.co,晴れた終わり,27df6096-1c45-34f2-9ff1-de99de05c82c
1998,1998-10-26,Alabama 3,Converted,4322f349-390c-341a-beba-2ab167896e19
1998,1998-01-09,Alabina feat. Ishtar & Los Niños De Sara,Habibi de mis amores (Habibi ya nour el ein),340efa22-2649-4906-92a2-25c36e5561f9
1998,1998,Alabina feat. Ishtar & Los Niños De Sara,Lololé (Don't Let Me Be Misunderstood),013aa3a4-6dbf-4779-aba2-f6b7e2ab1d98
1998,1998-02,Alain Bashung,La nuit je mens,56796639-29ad-4c94-8983-dce72f4eb4a2
1998,1998,Alain Bashung,Sommes-nous,c3612de9-e2a9-4ff9-829f-a45bc5399049
1998,1998,Alain Chamfort,Les Majorettes,70405693-4bee-457d-bf0e-b31c77627345
1998,1998,Alan Thompson,Sub-Trax Part 1,da2c6ba3-a207-39aa-9ef8-661ae37d95ca
1998,1998,Alana Dante,Disco-Suppa-Girl,ae38c707-635f-4849-9af9-467f1baecdd4
1998,1998-09,Alanis Morissette,Thank U,da5765f8-4306-32f7-aab0-793739a3599a
1998,1998,Alanis Morissette,Uninvited,5ba8be1a-ed5a-36a1-b0e8-6afeba5b84a0
1998,1998,Alaska & Nucleus,Project Two / Persistence of Vision,95588877-ed0a-3844-a09e-9f1d24aeae5f
1998,1998,Alaska & Nucleus,The Nautilus,e1332926-a1cc-350b-8c3a-5d4a98d7be3e
1998,1998,Albert One,Mandy,6ade0321-9ad9-4b17-b154-8b36a65cf448
1998,1998,Alberta,YoYo Boy,d5e201dc-3cd7-44f0-af1f-18c167d43cb6
1998,1998,Albino,"Heartcore, No Doubt, Meine Erklärung",374dce9c-37ac-4fd3-a21c-12005a19684b
1998,1998,ALBINO FRAISE,ALBINO FRAISE,ef858ff4-a740-4826-b34e-56fe7da85da3
1998,1998,Albion,Air,9ae0f115-c473-3943-94ee-15c9eaaf334e
1998,1998,Alchemicals,Information Centre,ff45f9c2-b056-44a7-ad91-f3a4b6eb8b47
1998,1998-02-02,Alcotomic,Anything but You,99e0e339-c5dd-4046-9417-6d5be7007f31
1998,1998,Alda,Girls Night Out,c556cc52-c00d-46e4-94db-efc563eb759e
1998,1998,Alda,Real Good Time,daa76d20-126e-38f5-bde2-cc23bea6cc28
1998,1998,Aldus Haza,Trojan Horse,c4a242bc-5761-4d72-b5a3-3f11fae5449a
1998,1998-01-07,Alejandro Fernández,Las mañanitas,88d8c90f-1e59-47ad-922f-838677b68355
1998,1998,Alejandro Sanz,Corazón partío (remezclas),5648f9d7-8ee7-3ce9-94f9-1e61e652b29c
1998,1998,Alenko,So Precious (Calamity Jane),b78b7381-88b2-4fa3-a2fe-d1bf036f371a
1998,1998,Alex Britti,Solo una volta (o tutta la vita),6bc6576a-e7d1-410e-a554-fac61fa27004
1998,1998,Alex Peace,I Dominate Break Loops,b85e6135-8d4b-4fa5-97b1-65a0df575941
1998,1998,Alex Prince feat. Mazaya,How We Livin',99968384-26ca-3f64-8f92-030f7feb7af4
1998,1998,Alex Reece,Vicious Circle,d2a0453b-dc30-4dfd-af51-0f251369cbfa
1998,1998,Alex Rosén,Bobby Brown,6eaf7602-56b9-3477-b164-38ef1bbb2dd5
1998,1998-05-11,Alex Whitcombe & Big C,Ice Rain,fc82558f-aafb-4790-ad44-bf04187a4ecd
1998,1998,Alexi Delano & John Selway,Everybody Dance,4714ab29-32fc-4054-b9d0-bde576018801
1998,1998-03-27,Alexia,Gimme Love,d79678f9-b32b-35ba-a396-9df1dce0f6cb
1998,1998,Alexia,Keep on Movin’,ac650ed6-b2e5-418b-974a-ee46ed82fa82
1998,1998,Alexia,The Music I Like,e8b39e99-5737-3cf7-9dee-0d3d968b5318
1998,1998-06-01,Alexis,Feel My Love,5aba7a9f-b992-3b11-94f2-b5e58793b65b
1998,1998-10-12,Ali,Feelin' You,d3bad0b1-335f-4b72-bd10-cf01111c8d8f
1998,1998,Ali,Love Letters,07aa6c9a-9e72-3ccd-86cb-7a71dd1b1681
1998,1998-05-11,Ali,Love Letters,636e0708-3303-4c31-b932-97802f389694
1998,1998-10-21,ALI PROJECT,LABYRINTH,29735b81-13ec-3e94-8388-c0dc67c89666
1998,1998,Alias,Holiday,78564124-22ff-42fc-ae43-ca182771f95d
1998,1998-08-08,Alibi & Leo / Triple X,Lock Off / Bullet to Ya Ego,7d807e13-97f1-4ea7-bc7c-9908239383b9
1998,1998-10-26,Alien Sex Fiend,Tarot,c7797270-d12f-4aa0-aeb4-5b6025ede859
1998,1998,Alien Voices feat. The Three Degrees,Last Christmas,a60c9be4-5366-4ff4-90e2-d5fa2beecbfd
1998,1998-05-22,Alina,Alles ist vorbei,8a12ad62-e3cf-41e8-b907-ab3eeb339134
1998,1998,Alina,Spieglein,e202ee7b-4b9d-3734-bc8d-b7864ca5450d
1998,1998-09-07,Alisha’s Attic,The Incidentals,f61aed76-9916-3d5b-aa87-b4407c34d3f9
1998,1998-12-28,Alisha’s Attic,Wish I Were You,d65eb6bb-b03d-352f-bf4c-9f2144c679f2
1998,1998,Alison Krauss,I Give to You His Heart,1e7a01c7-63ad-3109-ad77-dc5cc6c6b310
1998,1998,Alison Limerick,Let's Hold On to Love,8009b314-e61e-437e-878e-c64133708f46
1998,1998-09,All Saints,Bootie Call,aa7b6336-86fe-39cd-a183-f740a99a5753
1998,1998,All Saints,Lady Marmalade,28540e3d-3f25-40e3-a842-033769e08ea1
1998,1998-05-04,All Saints,Under the Bridge / Lady Marmalade,ddfb2426-2384-38ed-8f4e-719e63aaa0f9
1998,1998-08-31,All Saints,War of Nerves,904f9436-9f12-3d28-9273-2e13782bdc8c
1998,1998,All Scars,The Lineage of Time,66a7c055-ba8f-34c2-aff7-d38e1c57322d
1998,1998,All-Star Group,Love Shouldn't Hurt,a367bcee-77f0-4425-a36a-1df83510a8d9
1998,1998,Allan Theo,J'Aurai Voulu Te Dire,137b7dd1-21d1-400b-9c37-20a6d6c8d141
1998,1998,Allan Theo,Lola,95e8f671-2647-4e13-8d03-3060254fbfc0
1998,1998,Allan Theo,Soñar,6b6e0ab6-c4ff-48a5-ae5a-0c5b4b66329e
1998,1998,Allan Theo,Vivre sans elle,4e792b1f-8953-4c4c-bde6-9b62d84da96e
1998,1998,Alle Vijf,Halleluja,db223d71-4efe-42f9-ae15-4700400eb7ae
1998,1998,Allen Ginsberg / Hula Hoop,Kral Majales / Midget Love,a5145d36-2c22-4a65-8e8d-7f687b1120b9
1998,1998,Allenby,Nobody's in the House,db6bd276-af49-4644-bfa7-273081f26ee9
1998,1998,Allerseelen / Blood Axis,Käferlied / Brian Boru,867a1e55-cca8-4070-a05b-60d8ed51a9e1
1998,1998,AllFrumTha I,County Jail,1f807557-96d6-4eda-9337-dbcfbebd1552
1998,1998,AllFrumTha I,Fill My Cup (To tha Rim),5b96acd8-dc8d-36d1-8dcc-d303157de017
1998,1998,Allniters feat. Sir Shawn & Lady Knight,The Story Of My Life,42a05bfd-bbb0-4dc6-bd4a-71209b8e52e4
1998,1998-06-30,ALLNUDE,PARADISE to PARADISE,82d9f1b9-831a-4640-8c7a-875e6bad803d
1998,1998,Allure,Last Chance,4d4fe03a-b730-4468-9c98-90ac5fdab0e4
1998,1998,Allure,When She Left,c7209818-88d7-4430-b05d-dbde972c75d4
1998,1998,All‐4‐One,I Will Be Right Here,680dadb3-bf3b-4bb8-bff2-c34fb89fc1d6
1998,1998,Alma Lusa,Se eu te pudesse abraçar,935900b1-d6cb-48fd-999e-79e04c4bfb65
1998,1998,Almi,Handy Song,b15450a6-9dc2-43c3-b65c-289478114aa1
1998,1998,Alpha,Slim,540c2281-e2f6-48a2-985f-13a2e373c359
1998,1998-06-10,Alpha Omega,Electro Cyanide / Landscapes,7e033726-fb2b-41e9-9b0a-f3e07a826a22
1998,1998,Alpha Omega,Nighttrain,ff8c883a-79ed-4f9f-b114-a3c3815c6f60
1998,1998-04-15,Alton Miller,Progressions / Time & Space,98ceadd9-bef6-3cd1-a0b0-c3f175f81c8e
1998,1998,Amadou & Mariam,Je pense à toi,2341989f-402a-4a8e-97be-0c7f17f89db3
1998,1998,Amanda Lear,Blood and Honey (New remix '98),91f81449-b46a-386a-a6b6-0313e2bb3014
1998,1998,Amanda Lear,I'll Miss You,3b91ce06-d832-43e2-9ebd-8ec25b1c2ac0
1998,1998,Amaral,Voy a acabar contigo,54eb452e-02a0-43aa-9e8e-25a925a3ce99
1998,1998,Ambisonics,Project 5 / The Uncertainty Principle,78457cd6-9186-4de7-abf8-60fc7ee792b6
1998,1998,Ambra,Brivido (Remix),fd5812b9-6b50-4138-b51e-8c5f3a153aad
1998,1998,Ambrosia,Inside Your Arms,c9092783-ae0d-4934-8410-ddfd0d780d9a
1998,1998,Amethyst,Andalucia,6ae24678-25e8-3403-a4bd-7637e21683c9
1998,1998-12-02,Amika,世界,7b514fd1-134d-4033-aa0d-025443d3990d
1998,1998,Ammonia,Keep on My Side,6d66d1e8-45e9-3389-9cb8-c8d2342473fb
1998,1998,Ammonia,Monochrome,368ed81d-89cd-3bdb-80e1-1e00b84d3478
1998,1998-05-18,Amoeba Assassin,Rollercoaster,4a1c358d-eba5-3445-9e5d-c40e62ffecb9
1998,1998-05,Amon Tobin,Like Regular Chickens,768ac42a-b793-3bd0-a852-917cfb7c3ed2
1998,1998-10-19,Amp,Sunflower,199258b4-76e4-4ec6-9f94-dcdb88f0e018
1998,1998,Amphetamine Discharge,Summer in the City,3ef3a35d-d8c1-3b07-b915-83bb1f8646ba
1998,1998,Amps for Christ & Jalopaz,-Collaboration-,b8bf0f5e-2720-484b-8a9c-7b1799a51452
1998,1998,Amulet,Life on the Edge of Chaos,cdf8e191-1925-41e8-972c-86793822ed57
1998,1998,Ana Gabriel & Jon Secada,Quiero Vivir La Vida Amandote,01d692dc-272b-4966-b5e7-4ab499a33ab5
1998,1998-09-01,Ana Voog,Hollywood,ac7066c9-8408-30d7-8edd-b1d89478aacd
1998,1998,Ana Voog,Please God,083d3354-a5a4-37d0-ba53-f4eb8d89367e
1998,1998,Anastasia,Anastasia,981c0b23-d852-3e2a-a37e-eee8bae5afa6
1998,1998,Ancestry,You're the One,d9435545-cee8-3573-a47e-fe4cd598a122
1998,1998-07-02,And One,Get You Closer,25c59c77-737f-3704-b41f-a49606d60432
1998,1998-08-10,Andrea Berg,Diese Nacht soll nie enden,3ad45cac-60ac-44a0-b234-7900c0a40d8d
1998,1998-01-26,Andrea Berg,Wenn du mich berührst,4c7c40bf-4fc0-4c79-ac6d-48725fd03ea5
1998,1998,Andrea Jürgens,In deinen Armen,a83f0ba0-df67-48f2-b958-b49734fe1087
1998,1998-07-13,Andrea Jürgens,Weit weit von hier,5270b13f-6f16-4269-949d-abd137f63db0
1998,1998-07,Andrea Parker,Ballbreaker / Some Other Level,d6a909f7-d2c3-4f67-a5dd-add1b632364e
1998,1998,Andreas Dorau,Die Menschen sind kalt,3c91135b-cdef-492d-b287-9fcc88554dca
1998,1998,Andreas Dorau,Die Menschen sind kalt: 3 Remixe für Andreas Dorau plus Original Version,b3985466-4bec-43ea-a082-5c11e69cf8e9
1998,1998,Andrew McIntyre,Day by Day,da74646d-7f2f-4a25-b0b6-1ee556ec6f59
1998,1998,Andrew Wilkes-Krier,Room to Breathe,0746f423-881d-4b55-8f54-d7dd6d82e734
1998,1998,Andrius Mamontovas,TV daina,14532285-2e72-38a6-8b5e-9d58a36fa8dc
1998,1998,André Parker,Ich suche dich,659586fd-ae14-4dde-b0a4-bbe686dba39f
1998,1998,Andy,Boem Boem Boem!,f6963294-446c-40ef-b93a-6e12e0eabcf8
1998,1998,Andy,Oscar Superstar,88b1a669-690b-4e4d-b812-f4b01af39b30
1998,1998,Andy & The Lamboy,The Inside,767424fb-ffa0-4137-84fc-4032983ad596
1998,1998-10,Andy Borg,Ich sag’ ja zu Dir,f1d78868-afbc-484b-bd1a-6cbb6e69e851
1998,1998-05,Andy Borg,Komm zurück in meine Arme,df96f4c6-4220-4a9b-94e1-862fb923e6b2
1998,1998,Andy Jay Powell,The Sequence...,77da81ba-6684-412a-8654-a3f65c043b74
1998,1998,Andy Ling,Anuna,d9d3a10f-ed40-30e3-aa82-1bb4c58f9be0
1998,1998,Anfa Afrika,Anfa Afrika,6e652b9b-24f6-4c31-9b61-802b8cb0e5ca
1998,1998-01-05,Angeles,High Horse (& Sunset Sky Remixes),0994397f-7d9f-4f1e-b1f7-19efbb816c86
1998,1998,Angelmoon,He's All I Want,26d8e1f8-6d0b-4d75-846b-92e98d285de6
1998,1998,Anger 77,Ich hab dich trotzdem gern,a7483535-1bd0-4dcd-a2dd-baa131050b49
1998,1998,Anggun,A Rose in the Wind,ee4fb689-5279-4aa5-bfdf-eec731424962
1998,1998,Anggun,Au nom de la lune,89ec62e2-52d7-470a-b493-669848275787
1998,1998-06-19,Angra,Lisbon,41e9afac-1248-3c2c-8f90-216305e0a7c8
1998,1998,Angélique Kidjo,Voodoo Child (slight return),3ca0dd68-1f3f-442f-98c8-121b0de9bb9f
1998,1998,Ani DiFranco,As Is,6bf559dd-e12b-3cec-a721-214ab2eb895d
1998,1998,Ani DiFranco,Little Plastic Castle,9a31682a-cf0e-3ab9-91cf-b385813455e9
1998,1998,Animal Cannibals,Kérek egy puszikát,b8581944-aef7-3db0-b78e-0f9cf75fd9c0
1998,1998,Animated Rhythm,Persuasion,94fcdd50-e112-4414-8f00-2aeccd0ba5e2
1998,1998,Anime Allstars,Auf Weltraumtour (Sailor Moon),1b649dc0-41de-4c10-8335-4a79079c78fa
1998,1998,ANIMETAL,勇気の証,9caf43fa-613b-4e3c-a304-df3a4a2e7e13
1998,1998,Anita Meyer,Nooit meer naar Parijs / Laat je hart,a4c176a2-fab2-4a9b-9bad-bd3fb68d280c
1998,1998,Anita Meyer,Wacht op mij / De jager,6e056fc2-9e4a-456d-803c-63035e14a496
1998,1998,Ann Bell Fell,Frost,9eee227a-a136-3db6-9df2-af8ba2204fca
1998,1998-12-01,Ann Lee,2 Times,27dfcbdb-2d8c-34a6-911f-4cafd4e4122e
1998,1998-12-13,Ann Lee,2 Times (Italo Remix),f1930a8e-27ca-4ab6-a91e-f52f4ad532f8
1998,1998-12-05,Ann Lee,2 Times (Masterboy remix),10f5acfc-9336-4245-bb40-4eaec80b4b31
1998,1998-12-10,Ann Lee,2 Times (Remixes),8a759f65-a90f-4a87-a95d-615c230aff46
1998,1998-08-17,Anna & John,Gonna Miss Your Love,863c02bd-5b99-4056-87be-b11d88e41a54
1998,1998,Anna Maria Kaufmann & Joey Tempest,Running With A Dream,bce18ecd-acc4-44e2-82bf-48dfda54baf9
1998,1998,Annie Christian,Love This Life,b2cfd223-b1a1-34ce-a853-c4f8c358c706
1998,1998,Annie Christian,The Other Way,be0703a8-35fd-3c75-98eb-c7a147aefe4c
1998,1998,Annie Cordy & Le Grand Orchestre du Splendid,Pince‐moi j’hallucine,3098ed5b-9662-45ab-80db-56affba28e1b
1998,1998,Annika Fehling,När en stjärna faller,d54b9880-2f4c-45f3-ae5c-6f94e95cd2ea
1998,1998,Ann’So,Tu m'jures tu l'répètes pas,d484ba99-1f87-4725-a162-e26345e7d557
1998,1998,Anorak Girl,Cybersex,c0535d23-0a6a-30de-a6ae-f5f7a511170c
1998,1998-02-13,Another Level,Be Alone No More,85d872bb-ddec-342c-b5e1-249f7da4cbf2
1998,1998-07-06,Another Level,Freak Me,c2a96c5b-ca0e-360d-9ae2-bba1b87f420d
1998,1998,Another Level,Guess I Was a Fool,c1cf20cb-b03c-45e8-ac7c-a3ef3fc84b0d
1998,1998,Another Level,I Want You for Myself,503f483f-1bb7-4771-878f-f61bb33156fb
1998,1998-05,Anouar Brahem,Al Hizam Al Dhahbi,c6ed60b6-1058-43a6-8cc0-08ba3ac00c27
1998,1998,Antenna,Come On Spring,ecf2fe94-a82b-3fdf-b362-6589ab2a4a0a
1998,1998,Anthony Atcherley,In My House,bfe6dc2e-d614-3745-9ca1-687b4794776d
1998,1998-12,Anthony B,Fire,998bdf3d-f7f9-4d4e-b30b-0bdfa3eabddf
1998,1998,Anthony Rother,Dead Clocking,7caa830b-32ad-3d99-8137-618010d1d89a
1998,1998,Anthony Rother,Trans Europa Express,959bcf7c-df02-36c2-b7d2-61f951be9241
1998,1998,Anthrax,Born Again Idiot,f193cc54-3bd2-3ac7-a3b4-c09272ef466f
1998,1998-07,Antiloop,Believe,a7555164-b84b-3d27-aff5-7702836cd098
1998,1998-03,Antiloop,Trespasser,f5e0b605-2d20-3e4c-9315-b9ce16331932
1998,1998-06,ANTiSEEN,Jailhouse / People Like You,975729bd-d373-4286-b6d8-069557a5dd84
1998,1998-12-21,Antonio,Hyperfunk,2f390ee7-0ed9-3430-a7fb-c341c1e7e372
1998,1998-04-18,ANZA,Dream,edfcc340-d34c-3ea6-92bf-2848fe692a3e
1998,1998,Aphrodelics,Nothing to Lose,365356ea-90c9-3bae-bbc2-fc13f0738c77
1998,1998,Aphrodelics,Shellack Brothers on Chrome,eef88cb3-789c-4fc0-bc6a-b622b3431cbc
1998,1998,Aphrodite,Underworld / Cool Rock Stuff,3162a64b-47bf-4a9f-8083-3d791429facc
1998,1998,Aphrodite & Micky Finn,Bad Ass (Remixes),886d0ef7-573c-44fc-9cea-18081b6dddca
1998,1998,Apocalyptica,Harmageddon,43ab078a-625e-3c5c-9447-555d29686b86
1998,1998,Apocalyptica,Nothing Else Matters,9d443f16-f8f7-4fcb-b0f1-85d4658c50db
1998,1998-07-27,Apollo 440,Lost in Space,d63c168c-d8b3-3ddf-91dd-b8710b28f916
1998,1998-05-05,Apoptygma Berzerk,Paranoia,1e79d7fd-df31-304a-8bf2-e32c73698a85
1998,1998-05,Apulanta,Teit Meistä Kauniin,4ac4ed77-4626-4fbf-87c9-6226fb761c6b
1998,1998-12-14,Aqua,Good Morning Sunshine,c044e45d-113c-3b68-b5f7-a2485cd7d16d
1998,1998-01-13,Aqua,Turn Back Time,1011a1dd-e5f0-3c5c-bf27-4ce5d96ab0a4
1998,1998,AQUA IMAGE,OP.,b293544a-ede0-4fd5-8cb9-a0d0c3f82cc2
1998,1998,Aqua Marine,Ocean Rain,273f2857-4b2e-43e7-8b54-638c5a3e60be
1998,1998,Aqualords,Children of the Demon,41696bb8-f404-409f-b932-4fe8b4ae6bee
1998,1998,Aquarius,We Can Make It,9c8d9417-dd33-4eee-8986-246d96448b0c
1998,1998,Arab on Radar,Swimming With a Hard On,16355223-0c23-3895-83a3-0d127ca57150
1998,1998-09-28,Arab Strap,(Afternoon) Soaps,c90b9382-48e8-37d5-8f2e-4a540d7c1fb8
1998,1998-03-23,Arab Strap,Here We Go / Trippy,281ea138-8ee4-36cc-9914-e0ed2c0c9a16
1998,1998,Arab Strap,Live,94f3702f-7a74-3e84-8207-a639a1da8a7f
1998,1998-02-21,Arabesque,Hello Mr. Monkey Remix,b5a262c7-3d7e-4b15-92d9-3374743a0bcb
1998,1998,Archer Prewitt,Southern Wall / Coleman,41bada1f-e3b0-3f02-8dd2-8bdcc06907cd
1998,1998,Architex Versus Loxy,Submerged / Psychic Mental Discharge,1f66cf56-065d-4e26-a0f6-f896e03c387a
1998,1998,Architex versus Loxy,Submerged / Psychic Mental Discharge,cca4ddcf-1d70-4a00-a4be-dfb2db09e7ee
1998,1998,Ardijah,Love So Right,8ec57e51-f386-3da1-9375-53d4b6053cbf
1998,1998,Area 51,Systematic / Rain Drops,a6ee98c5-e75c-4279-a7f0-5d9feb9259f2
1998,1998,Area-7,Bitter Words,ed94807d-b349-30e9-85ce-bb593a5fd954
1998,1998,Aretha Franklin,A Rose Is Still a Rose,c53b998b-bd74-398b-9fee-8da290b8c30c
1998,1998,Aretha Franklin,Here We Go Again,2aa9b641-1c5d-4caf-bd94-a8c60c397fde
1998,1998,Argine,Marisa Allasio,9d791a50-b3ee-4d8c-ab8a-d5802dfedd31
1998,1998,Arie Ribbens,"Bonjour, adieu, we gaan voor één / Oranje is niet te verslaan",5e5dc46f-e775-4539-b66d-19c6bce372f4
1998,1998,Arie Ribbens,Zak eens naar beneden,f0719638-b429-459b-9ffe-24dd8c8e3a5b
1998,1998-11-04,Arling & Cameron,Voulez-Vous?,b5b96c6e-56b8-3250-94d8-936c09ca5514
1998,1998,Armand van Helden,Pushem' Up,2b353de6-3f97-48f7-86c4-0da57305bebd
1998,1998,Armand van Helden feat. Duane Harden,You Don’t Know Me,39adb872-e605-4b59-8bca-cae92744e1eb
1998,1998,Armand van Helden presents Jungle Juice,Egyptian Magician,36246a3c-f90a-4036-8424-fa60d645ef0e
1998,1998,Armstrong,Dwell / Bank Holiday Monday,b1ec019b-4f58-4f1f-8ca3-90fac26b674d
1998,1998,Army of in Between,The Single,5392abd6-86ce-3f72-a847-b97dd58922fb
1998,1998,Army of the Pharaohs,The Five Perfect Exertions / War Ensemble,cdb7b050-4de5-498e-ad72-db7ec5be40b3
1998,1998,Arne Jansen,Dan gaan de lichten aan / Waar de zon en de zee elkaar kussen,36d7b07f-f741-4f11-be38-99590a03ecc8
1998,1998,Arne Jansen,Het ding / Meisjes zijn ’t allermooiste,6a57418b-3623-4abe-a8e6-3cd30b63aa06
1998,1998-06-08,Arnold,Fishsounds,9ef395d2-cd77-4f56-bf41-ee0bd3ff4426
1998,1998-04-13,Arnold,Fleas Don't Fly,257a0708-223d-4d0f-a1ca-d616e2d219f6
1998,1998,Arnold,Ira Jones Goes to the Country,5983dabd-479e-4be6-b476-5c15085b8eca
1998,1998-09-28,Arnold,Windsor Park,ba946d77-64f0-4a1f-84db-cc6d950329be
1998,1998,Arrakis,Aira Force,35c4c42f-a789-3752-9b34-8c54e240a5ff
1998,1998-04-24,Arrakis,Medusa,f7ee3ff5-134f-3bfa-9782-4353e33c4db5
1998,1998-01-01,Arrakis,The Spice,237e5a07-bbd8-3330-ae9e-25fe3355a672
1998,1998,Arrosa,Stickgirl,8afcf09b-acef-38aa-9da3-c3d90ec2035b
1998,1998,Arrosa,Womb,66f925df-799e-33ef-8e31-8f77f6e0bef1
1998,1998,Arsenal FC and Friends,Hot Stuff,ae03d0ee-ef89-3800-8b7f-72e8f12101cc
1998,1998-10-05,Art of Trance,Madagasga,819ee8fc-e575-3584-87c4-76958a627549
1998,1998,Artemis,Inner Worlds / Sun Stars,d391bad4-2684-386f-8e43-8f3da4e4c58f
1998,1998,Arthur Umbgrove,Contract,4a8b1bbf-52df-3622-9e4b-c9be517ecd8d
1998,1998,Articolo 31,La fidanzata,68a94351-2e33-44b9-87d9-fbcebac717ff
1998,1998-03-19,Articolo 31,Venerdì,b1fdbd1a-7fc7-4dd3-959a-6e377144d265
1998,1998-12,As Friends Rust / Discount,As Friends Rust / Discount,a052c143-489b-3153-99c2-d7fec1298f20
1998,1998,Ascend,What's Up / Orbit,30babcd3-fb74-4a1b-8900-648d5da8926c
1998,1998-09-21,Ash,Jesus Says,f0211dd3-9134-3b6d-b72c-418737fe5668
1998,1998-11-23,Ash,Wild Surf,f4efc7a7-7c6a-3f28-bb2f-3ec7e893babd
1998,1998,Ashley Warren,How Do I Live Without You,2e0f35eb-9bcf-4466-ba87-4969ef83cc69
1998,1998-06-29,Ashtrax,Kafka,771cf622-227e-3dbc-85da-2afd82afe722
1998,1998-07-06,Ashé,Olelé,527a6c2e-4235-4836-88b9-ee6c3a140e42
1998,1998-04-20,Asian Dub Foundation,Buzzin',47ee720c-71bd-378f-a6f5-565e13fda883
1998,1998-10-08,Asian Dub Foundation,Free Satpal Ram,0f3a7489-0e22-3c89-a7b8-d79e74aa0c76
1998,1998,Assassin,Wake Up! Réveillez-vous !,1b7b2a77-f913-3c85-9f09-2991d9e26855
1998,1998,Assassins,Kung Fu Flicks / Danger,55ddc3dd-7dc1-4530-b69f-325444514332
1998,1998,Assault,Non Stop Harmony,4cf4a1f4-d69b-4685-97a7-8b4bc0a9d7af
1998,1998-08-03,Astral Inc.,It Feels So Great,395c5989-04cf-4983-9852-f83f339727d6
1998,1998,Astralasia,One Fine Day,7fbd24b7-0ec6-4335-80fc-ab1eb79a7999
1998,1998,Astralasia,One Fine Day (Remixes),eaad2ddd-d004-41f8-a774-9d629748d83b
1998,1998,Astrid,I Am the Boy for You,d795d505-7466-38f7-a2e2-98681f45d9c6
1998,1998,Astroline,Feel the Fire,e4c894b8-c23a-3b8f-bb12-5ff01d32622e
1998,1998,Astroline,Smiling Faces,cf282257-3433-370a-ae01-a43f1f5666fd
1998,1998,Astronaut,What You Gonna Do?,1812219c-d274-4804-9d1d-9e073a6e6cd4
1998,1998-10-26,ATB,9 PM (Till I Come),fb09f98f-3f49-34a7-8657-b391d759cf16
1998,1998-07-13,Athenaeum,What I Didn't Know,0643aa08-e462-4aba-815f-e1f70c431d5b
1998,1998,Atlantique,Dreams Are Here to Stay,78d5c7f3-f835-4536-806d-7bb6e3953abc
1998,1998,Atlantis 6,Life Is a Mystery,5cbc9792-b014-4293-afe8-9bc862c6c152
1998,1998,Atlantis 6,The New Style,158d90cc-e84a-4e77-8a7f-30d07ee9651a
1998,1998,atmospheriX,Electronic Beats,c8641317-3fa7-468b-b439-e1a77ff85de1
1998,1998,Atomic Babies,Get Up,d10aeaa6-f32d-3b87-9e76-38fb52cc8935
1998,1998,Atrocity,Das letzte Mal,2e53bc13-d81b-4f6a-b7f6-9b44e2abca7f
1998,1998,Aube,Parametalizest,fd961774-d600-4247-ace9-fa2c4c26fb22
1998,1998-05-22,Aubrey,Straight Ahead,58d08d4b-df87-32f9-b51c-8db0360f9105
1998,1998,Audioweb,Policeman Skank... (the story of my life),e048d9f7-39c8-4c26-92aa-0160b4021386
1998,1998,Audioweb,Test the Theory,ba277cee-03d1-4858-ae8d-90722041a8e3
1998,1998,Aura,Slow Down / Escape,2d2d46e3-679a-4de7-a09a-1d8b3ea4f8d0
1998,1998-07-12,Aural Float,New Frontiers,8182b6d0-a192-41ca-b712-99f29b654dd8
1998,1998,Aurora,Concentrate,372f35a4-8085-3102-873a-ca2e70c96a46
1998,1998,Automat,Dreiklangsdimensionen,ab3c94ee-92a4-48a9-a29b-ca016ceba82b
1998,1998-11-23,Automatic,Pump It Up,c3a513f4-2390-4391-9ea8-d8ce9990bcf7
1998,1998,Autumnblaze,Every Silent Moment I Weep,720d5dcf-dd59-420c-94ed-f617bfc22947
1998,1998,AUX 88,I Need to Freak (Remixes),98d48e6a-944d-38f4-81ec-1a012c78fecf
1998,1998,AUX 88,"Play It Loud: The 12"" Mixes",1d7becc2-5fea-3b6c-82be-6120088d27ef
1998,1998,Avalanche,Acid Attack / Kill Roger!,42890e45-e23d-4306-95b1-b4e4d29e4963
1998,1998,Avrocar,Farwest Rider,f1a55169-01f4-44ed-9f13-fb378f5ecf7a
1998,1998,AV幼稚園,[untitled],75258e30-825b-4918-8fc9-e5f33f88194f
1998,1998,Awesome,Crazy,284731bf-cf47-4c6a-8476-737671a64a1e
1998,1998,Awesome,Crazy,edefb4c8-5c7b-412a-a58e-753044421b33
1998,1998,Awesome,Hey Jude,5bd8fa73-00b5-4d28-87b5-3ac5ac7d94ae
1998,1998,Axis,Euphony / High Point,b2d6d74e-aae5-3590-b861-7330f16f63b6
1998,1998-09-30,Aya & Chika from D&D,Kiss in the Sun,06a53708-4793-46cc-9571-647510903c2d
1998,1998-03-09,Ayla,Ayla Part II,a1e42a68-8b0d-3230-bf96-71a70ace4568
1998,1998-11-16,Ayla,Liebe,c9075c2d-d2f9-3b61-9eb9-34a253246a53
1998,1998,AZ,What’$ the Deal/Hey AZ,4fac6428-c131-429d-afe2-b00356109958
1998,1998-11-03,AZALEA,滅びの庭,9436df3e-2ef8-4426-97e6-073f42d6f3d5
1998,1998-06-01,AZALEA,禁断症状,582f44c0-a62b-4d21-9968-6e541d41c671
1998,1998,Azucar Moreno,Olé (The Fiesta Remixes),c505dfb4-91ca-4549-ba65-10556586c153
1998,1998,Azucarillo Kings,Corazón de vaso,9451c3d9-33af-46f1-b121-9b66c2bb7ad3
1998,1998,Azucarillo Kings,¿Por qué soy tan sexy?,c6558592-1376-44b1-8c37-c10ca6bbebaa
1998,1998-04-13,Azure,Mama Used to Say,458df17d-1469-3c67-a7ff-27e4ca8bef45
1998,1998,Azymuth,Ah Voce Nao Sabe,4afc1749-3315-31f5-9a4c-6b2a1a33399c
1998,1998-07-13,A‐Sides,Emunation / Doodle Bug,12963f34-87c5-3733-892f-2d6af2de20fb
1998,1998-05-21,a・chi-a・chi,STEP,891de609-c514-4b6e-bcb4-e25f8ae0bc29
1998,1998-05-25,B*Witched,C’est la vie,e7dfdc09-5fe2-4a9c-ac85-1f2e780cbbb3
1998,1998-09-21,B*Witched,Rollercoaster,aa6376af-d86c-3bf5-bd59-4b9bd4660a70
1998,1998-12-07,B*Witched,To You I Belong,c05dc379-1163-31b7-a401-3f45b27b3d74
1998,1998,B-Boy Electric,Tainted Love,c5825a67-1292-4a24-b472-8bf46f70aecd
1998,1998-05-18,B.B.E.,Deeper Love,5d08224b-b7ea-4c9c-a71b-b9818b15ccbc
1998,1998,B.B.E.,Games,6f79d843-f6c3-468b-b509-e3128f9c47a8
1998,1998-05-29,B.B.WAVES,LOVE & SMILE!!,fa76286b-7ac9-4bb7-a8fd-e2a07c2c7be3
1998,1998-09,B.L.I.M.,Chronologic,de0fca63-aa84-3549-a9c1-5632bb280033
1998,1998,B.L.I.M. & Clinical / System Critical,Infinite Methods of Drum & Bass,5a0e8fb6-aac8-332b-9e4a-6388ddd8128a
1998,1998,B.O.N.Y.,The Hurricane,f66cd8fd-dce2-4521-914a-4351a67fc8a1
1998,1998-04-01,B.P.T. feat. DM Binxter,Moody (Remixes),d45dbc2c-45a0-4550-9c09-ea825302460b
1998,1998,B.U.G. Mafia,Pentru '98,5973b457-2931-4a89-97ba-e7ea17b44432
1998,1998,B.Z. & Joanne,Jackie,43dd3e20-6888-42ae-ae0e-39c3c57b044f
1998,1998,Baaba Maal,Souka Nayo (I Will Follow You),8ff42c70-7230-3117-bb5a-824165cd7ac8
1998,1998-05-20,BAAD,FOLLOW ME,2b288196-0444-4ad0-87ad-8e16fee34ccb
1998,1998-02-21,BAAD,Kiss Me,e0563dd5-f91a-47bc-a575-97234a34c59d
1998,1998-08-05,BAAD,恋してはじめて知った君,66dac0a4-73fb-4441-8292-757a3cb23700
1998,1998,Baba Cósmica,Como sua mãe lá no mar,f58b67c1-9954-4991-a3c5-f63f6fa004d0
1998,1998-11-11,Babble Bunny,なんとかなるでしょ,838c40ea-d45e-4631-9b5c-abc79531f91e
1998,1998,Babe,Oh My Little Baby Boy,ea4eecda-21bd-3344-a4df-81de6f95747d
1998,1998,Babe Instinct,Disco Babes from Outer Space,d9528697-961e-3517-aa86-3b0b0a04dee0
1998,1998-08,Baby Bumps,Burning,a1b68ecd-129e-48ae-9195-d8f02fad271e
1998,1998,Baby Ford,Normal,f8950961-6750-319d-99da-45c3be093064
1998,1998,Baby Ford,Normal Re,b4212dfd-eaab-38a4-b057-c409ef00c830
1998,1998,Baby Talk,Dancing Baby,403abf0f-49c7-4aa7-8690-942516ddd3e0
1998,1998-05-29,Baby Waves,Earth to the Sky,2d019e04-9708-4bdc-b912-2b0442cfe9b9
1998,1998,Babybird,Bad Old Man,e7dc32f8-a85f-3d50-8fab-f39a34236e54
1998,1998-04-20,Babybird,If You'll Be Mine,73e3bcd7-a7c2-3341-85a9-3b4bdabf2892
1998,1998,Babylon Zoo,All the Money’s Gone,06397e4a-3b53-38b9-94ae-c765771dfb5c
1998,1998,Babylonian,Never Had a Gun / Give Me a Second,d594968b-06ca-4d4c-a895-bfad99912ad2
1998,1998,Bachelor Girl,Buses and Trains,fb2a1f29-0f18-4640-ba8a-3815c5c4ac0d
1998,1998,Back II Black,Szombat esti láz,fd1878a4-7fb2-3653-a25c-32cee36f92dc
1998,1998,Backdraft,Let It Go,3167d295-a19e-44d2-9b65-600399d6636a
1998,1998,Backspin,Master Rap Megamix,ae3debb9-8fbb-4fdb-8e2d-cae68f0832a3
1998,1998,Backyard Babies,(Is It) Still Alright To Smile? / Babylon,defe47da-0570-4412-b465-202bf5bb80aa
1998,1998,Backyard Babies,Bombed (Out Of My Mind),f0d74be4-c435-4bde-bdeb-de8d85613db2
1998,1998,Backyard Babies,Highlights,ddb58207-9f17-44b0-9c9e-0a47923d6fcf
1998,1998-09-07,Bacon Popper,Free,cae505f7-f6b6-38da-b1a6-ed8d7547fc2d
1998,1998,Bacon Popper,Free/Funk 2001,b742a128-8eaf-4e2f-a83a-86176367abf3
1998,1998,Bad Boys Blue,From Heaven to Heartache,594bff26-f8ce-4901-a1a1-f3b72abe1064
1998,1998,Bad Boys Blue,Save Your Love '98,f72cf42c-d3a8-4bad-baa7-949c8d2f82af
1998,1998,Bad Boys Blue,The Turbo Megamix,bdfd4b27-0b71-4bb5-9ae9-509a62c5d06d
1998,1998-06-02,Bad Boys Blue,You're a Woman '98,92a97c80-013f-3366-b1db-468ec8167256
1998,1998,Bad Boys Blue feat. Jojo Max,"The Turbo Megamix, Volume 2",c3aeaee6-441d-46f7-8d80-b7f6c894a19a
1998,1998,Bad Cash Quartet,Holiday In The Sun,8a11e795-11c5-4db7-a334-8f61f318db67
1998,1998-12,Bad Company UK,The Nine / The Bridge,10c1db83-54a1-36ba-9f54-98915688d68a
1998,1998-11-01,Bad Meets Evil,Nuttin’ to Do / Scary Movies,e29d1b4f-1385-416c-84fb-bf7e642e887a
1998,1998,Bad Posse feat. K.R.A.Y.Z.E.E.,Jump Around / K.R.A.Y.Z.E.E.,08fef529-0d8f-4ef8-a2e7-e5bc3d4236ef
1998,1998,Bad Religion,Raise Your Voice,509a391f-48cb-3653-911b-70124f29ea10
1998,1998,Bad Religion,Shades of Truth,5f8611b9-86be-4981-9fc5-9ed3801a6365
1998,1998,Bad Religion,The Biggest Killer In American History,b1a995b1-ebb3-4cf9-a92d-bf1bd293aec7
1998,1998,"Baddiel, Skinner & The Lightning Seeds",Three Lions ’98,4447d9b5-9318-372a-8fbd-5f302883cb86
1998,1998,Badmarsh & Shri,Air I Breathe,8eb1775b-1301-4d56-94b5-65481e7f4d2d
1998,1998,BAD×TIMING,Naked Message,82f96121-9415-475a-be04-41d84bb648a2
1998,1998-09-15,BAISER,HEAVEN,f8e49633-9984-406a-b309-11fdd48c04c9
1998,1998-11-26,BAISER,psychoballet,2f9295da-a585-396b-a4d1-0049daf35761
1998,1998-07-29,BAISER,くちづけ,875b162d-003c-32e5-85a2-5e4b1c909530
1998,1998,Baka,L'union fait la force,9cbe1da0-0bc8-4948-8e9e-8ab2f18c72f6
1998,1998,Ballistic Mystic,Miami,77ec7e1b-b290-4068-9268-72ac516c1214
1998,1998,Balloonheads,Jaw 2 the Floor / Balloonism,528f68b3-c644-49e3-bb0b-a8346f254903
1998,1998-02-23,Ballroom,Bionic,545ea14a-c494-4319-825a-adf35bb74b3c
1998,1998,Ballroom,Don't Stop,d10c50f8-70e6-4dfb-967e-6e3b6fd73971
1998,1998-01-01,Bally Jagpal,Nankhana,e081349c-86e2-4d24-b9a5-4d10d76d8a49
1998,1998,Baložu pilni pagalmi,Kukainīši,308f32a5-4212-37eb-a99d-a07e3434a3eb
1998,1998,Baložu pilni pagalmi,Tā būsi tu,e8856a03-39d7-3314-ab41-cba6714eafcd
1998,1998-06-24,Baltimore Soul Tree feat. Sandé,Hope in Your Soul,6f217f11-e34f-3395-b2ce-7c16f6bd5210
1998,1998,BALZAC,The 4 Brothers Meet Misery Skull,4f2c6c0b-defd-3384-acf1-414472fda72f
1998,1998,Bam Bam,Where's Your Child?,13c61e72-4663-4783-89ca-3c9c323e6043
1998,1998,Bambee,Bam Bam Bam,73b9008b-0228-4aff-9c55-08cb4420b9b9
1998,1998,Bamboo,Bamboogie,eae2966f-7d65-49c1-91ac-04b7921458f0
1998,1998,Bamboo,The Strutt,75f0c3d3-97e6-3fd8-a006-89d7a0826cea
1998,1998,Bamboo Lounge,Clone,7cc5f65b-5980-4c24-9862-3b5367e058e3
1998,1998,Banaczech,Deceptive Emotion / Ipcress File,f5f6b777-2f4b-4158-8101-63a153facaa6
1998,1998-09-14,Banana Kru,Automatic / Same Old Show,81d77206-2d4e-426a-af4f-2ce5889f5bd0
1998,1998-01,Banana Republic & The Zoo Experience feat. Judy Obeya,Day's Go By,706e6bdb-18d7-4372-ad8f-e52ad93c0623
1998,1998,Bananafishbones,Come to Sin,bd8146c3-be22-3632-a7dc-e8cb9686f7d1
1998,1998,Bananaman & Blitz,Rock da Thing / Satelite Control,1fc045a3-e98b-44ce-831b-4ed3bbdfd724
1998,1998,Banda Eva,Carro velho,d19df90d-0894-4593-8285-c559167f91e9
1998,1998,Bandit AKA Nebula II,Understand,e6df01c4-f0a3-406a-9d1d-584c96fff9a9
1998,1998-06,"Bandy, Shay & Stephenson",Why Not...? / Base-A,bf071ea2-1f37-4423-9058-e2f95a93119a
1998,1998,Bang Wa Cherry,Chin Chin,236f6d43-e00b-4117-af68-81dde1c53241
1998,1998,Bang!,Break of Dawn,c5eb17ce-96f9-4fd5-ad41-a46a164e88f8
1998,1998-09-02,Bang!,Sailaway,1fc53dba-e03d-4402-81d7-43d4c42bb740
1998,1998-11-16,BAP,Lena,cece6e82-953b-32ae-a129-79bbf8d1c121
1998,1998,Barabas & OD1,Doin' Drugs,439708fd-4766-4211-b83c-8f7572fef964
1998,1998,Barabas & OD1,Ghettoblaster,9310a1dc-2c8a-497c-9761-238711c7ea0f
1998,1998,Barabas & OD1,In My House,2e089481-8883-4bb4-b97c-4aad5ab679fc
1998,1998,Barbara Scaff,"Elle donne : Chanson des ""Amants de la nuit""",e46be631-74ef-4b86-9ecf-d65433521118
1998,1998-07,Barbara Tucker,Everybody Dance,5ee13c65-17bd-4bcf-b142-f5c1d600a963
1998,1998,Barbarus,Hold On (Virtual Reality),e2f55092-0105-412f-9ec1-f08f6ec2b0d5
1998,1998,Bare Jr.,You Blew Me Off,3a28ca05-979e-3b17-aae3-fb53cf0cc521
1998,1998,Barefoot Man,Big Panty Woman,44adfe4d-9d71-4394-845f-590be327839f
1998,1998,Barenaked Ladies,Govatsos Shuffle,5dc35ddd-c75c-31c1-9ea0-1049e16e15a7
1998,1998-09-15,Barenaked Ladies,One Week,202cd697-92b7-3823-a0d1-48a67d09eb01
1998,1998,Bargecharge,Hold the Bunker,160b1307-cda1-3103-ab95-315194d3b365
1998,1998,Baron Ricks Featuring Cypress Hill & Self Scientific,Rags To Riches / Harlem River Drive,2b37a9fa-5460-4652-853f-edd71491c2e8
1998,1998,Barry Adamson,Can’t Get Loose,9f5242ce-55e6-4b1e-a2b7-9622f57cff8e
1998,1998-10-10,Barry Adamson,What It Means,923f971c-3f33-386e-8d15-215446ec3b6b
1998,1998,Barry Manilow,Hot Summer of ’78: The Mixes,73972f2c-688a-46fd-a0b0-ffbd3de76e5b
1998,1998,Barry Manilow,Strangers in the Night,2e5974c9-7400-4842-a1ee-a0f499f621b6
1998,1998,Bart De Graaff & Hermes House Band,Dance Yourself Dizzy,7cb66b77-c721-4818-9859-a2f1e85ab15e
1998,1998,Basco,Illusions,b2a6b572-3daa-3103-a326-cd43287caa17
1998,1998,Basic Element,Rok The World,d2cd8e85-9c71-4224-9fc5-07f452a758e5
1998,1998,Basic Inc.,No More Worry,dbd66670-9723-4107-b0ef-7fc5915af010
1998,1998-09-21,Basic Unit,Lau / Tilt,1736165f-440a-3bac-a0b5-7ad43fa27a04
1998,1998-01-12,Basic Unit,Silver Wolf (Technical Itch remix) / Reflections,110feabb-eb7b-4865-bc0f-d065dca73f1b
1998,1998,Basil,Getaway / Sex,864d3147-a7a9-4983-889d-915325a2d039
1998,1998,Bass Jumpers,Make Up Your Mind,25fb9199-aea7-4c42-86cd-c011330f2764
1998,1998-06,bass'n Helen,Kaksi,31597966-d0cb-302f-9861-77649156e5ee
1998,1998,Bassbin Twins,Bassbin Loops,91d20be8-e5ff-4d0e-b13a-793258fb91ea
1998,1998,Basscamp,Find Me a Love,849fe9b8-1edb-32c8-bad3-213df256d586
1998,1998-11-01,Bassface Sascha,Perfect Day,1cda9ae4-8511-3934-8e3d-b4bab211358d
1998,1998-07-05,Bat & Ryyd,Spesiaali Edition,10f2a57b-e496-4bdd-9ceb-c33f94970692
1998,1998,Battle of the Future Buddhas,Tigerhill / Neuroglider,bc26e840-d046-32f9-ac35-6185fc79adf4
1998,1998,Baxter,Television,2552fa23-8c36-39ea-ae74-da9ec527dc22
1998,1998-08-17,Bayern-Fans United,Stern des Südens,e5204185-690e-4385-88a1-930294081b48
1998,1998,BB Inc.,Tar-Zan,ca855bdc-fdbc-42eb-a146-4692ddd5db47
1998,1998,BDB Feat. Lisa,I Want You,01e85008-bba4-459f-8c14-19f4d068eb94
1998,1998-06,Be-As-Me,Virgin,60cfcdcf-c0c8-41ef-94de-8234ddeea727
1998,1998-04-27,Beaker,Monster / Plastic,93f088ec-ecc8-4525-b84d-abe26ee3d321
1998,1998,Beam & Yanou,Paraiso,1cae1221-35fb-3184-86ca-2f0579807971
1998,1998-11,Beanpole & Holiday Flyer,Beanpole & Holiday Flyer,5fb20cec-88bb-4fbb-bda1-f9b3d85a3662
1998,1998-10-19,Beastie Boys,Body Movin’,04fb1f1e-3109-3daa-a6db-c26b416a243e
1998,1998-06-15,Beastie Boys,Intergalactic,838e3375-078f-3fd7-a050-339654cb7df7
1998,1998-10-07,Beat Renegades,Get Ruff,c4dd63c4-81cb-42ac-9fb5-7db94004f824
1998,1998,Beatbox feat. Rael,Come Into My Club,1c86f8ac-f7e9-3429-b227-b9af77170367
1998,1998,Beatbox feat. Rael,Let the Music Play,57ee2a2f-b721-4607-ba67-e5b8359e50d7
1998,1998,Beatnik Termites,You're All Talk,d6335f8d-d1d0-4695-8b6e-7a33916d4232
1998,1998-10,Beatniqz,Pumpin,0116016e-fe23-4e21-b304-dda612ae9811
1998,1998,BeBe Winans,Thank You,723325d1-2ca1-4a9c-8774-171ed37e081b
1998,1998,Beber,Chief Rocka,008dcd5c-d74f-4df2-a93b-9eccb7a1f596
1998,1998,Beck,Drivin' Nails in My Coffin,c9f1d24c-3dcd-4321-a463-05c582738c4c
1998,1998-12-07,Beck,Tropicalia,459a6f27-1084-385c-98e7-e738460f92bd
1998,1998-10-20,Bedhead,Lepidoptera,a3720264-3b23-3415-8010-94a240c9d923
1998,1998,Bedlam Ago Go,Asylum,b8f1f7f5-f5d5-404e-827d-ac70b5a8937f
1998,1998,Bedlam Ago Go,Flat 29,2e052dd6-a6e5-45c3-8d0e-30f22bc7d648
1998,1998,Bedlam Ago Go,Season No. 5,ac9a2a98-c7ba-4ecc-9c99-55bc4526194a
1998,1998,Bee-Rockers,Retrospective,db1d1299-4f92-4a44-8170-11a93268b87d
1998,1998-05-04,BeeBee,Tuuli vie / En rakastakaan,713db66b-971d-3f9e-b081-ee3d52d43a8d
1998,1998-03-21,BEGIN,家(うち)へ帰ろう,f6e94bf3-0bde-4fc1-a342-741820064a85
1998,1998-06-24,BEGIN,未来の君へ,1fed1e8a-47c4-4059-8af5-f02956232ded
1998,1998-08-12,BEGIN,防波堤で見た景色,ed52c16c-23c7-4c09-94f0-559c12fdbaf3
1998,1998,Bekkou,Hi Lite,81b61ef9-cc7e-4897-b28d-77d3bfd08edc
1998,1998,Bell Book & Candle,Heyo,b8e96644-28c4-4e3a-bb55-86bf742bb9d8
1998,1998,Bell Book & Candle,SeeYa,a8593294-618b-4c32-b678-6312ff275061
1998,1998,"Bell, Book & Candle",Bliss in My Tears,27f84254-27f1-42b8-bac7-8c3be9a41f78
1998,1998-01-12,"Bell, Book & Candle",Read My Sign,997bee95-19bb-3533-9931-d9c917894103
1998,1998,Bellatrix,Silverlight,0634a6bc-88b5-3fc6-877e-6b3ce844e7e3
1998,1998,Belle & Sebastian,Dirty Dream #2,c3017645-1762-41c4-af2c-50ecee64a3b5
1998,1998,Belle and Sebastian,Is It Wicked Not to Care?,1feda03e-e7b1-46c0-9be0-fa88f87172e6
1998,1998,Belle Vue,いつもの出来事 / blind,adbc444f-caea-40f0-8f37-af09ab00f59c
1998,1998,Bellini,Me Gusta la Vida,55f7118c-4832-33d3-9ed2-fd3c60e1f59b
1998,1998-04-27,Bellringers,Careering,23d9090e-0a58-4c8d-b66d-8cf26b45e962
1998,1998-10-27,Ben Folds Five,Air,0f5d3245-aa3e-3b7e-90ce-5133713b88df
1998,1998,Ben Grim,In the Air / Civilization’s Dying,3c3e7d5f-bdf8-4e99-b275-fb0ebd637324
1998,1998,Ben Lee,Cigarettes Will Kill You,9e4a4675-facf-3c61-8cc7-ce2c12833588
1998,1998,Ben Sims,Retrovert,1633f60e-35d2-3773-aa05-e9a39a82f7f3
1998,1998-05-02,Bening,Mega Hits Sinetron,4a67398f-d261-49eb-864f-9178f8124853
1998,1998,Benjamin B.,Forever Careless,67780307-c6f2-34bb-ad2f-21f0a131ddbb
1998,1998-02-02,Bennet,Horse’s Mouth,fe9f512d-d258-47dc-8959-26c1dbbec370
1998,1998-10-20,Benny Bee,Live Is Life,ea3169c3-5ad0-3a7b-b01d-565457030f1b
1998,1998-02-03,Benny Blanko,All The Way Down,04e579d7-f321-473c-b1d7-5188926492d2
1998,1998-09-19,Bent Spanner Arty Banner,Denial,cb770de7-306c-42b8-bcf2-66ed88025645
1998,1998,Berlin 98,Kiss the Future,3a659623-2253-4e4a-9f84-a83408c41ff8
1998,1998-06-15,Bernard Butler,A Change of Heart,0e81090a-9336-3240-808d-60662caee0a2
1998,1998-03-16,Bernard Butler,Not Alone,08173bfa-93f3-308c-a1a2-d37bd657f9b8
1998,1998-01-05,Bernard Butler,Stay,0cdcb77f-01fd-3189-a5cb-21dda56948fb
1998,1998,Bernd Clüver,"Gut, gut, gut",ad34619a-c3c6-45d6-9484-4cb31c97b68d
1998,1998-03-09,Bernd Clüver,Kuscheln,888cdb31-9b87-4e97-a917-fc9384b5f53e
1998,1998-08-03,Bernhard Brink,Alles auf Sieg,867f07d8-4957-4c0e-bf0e-edf9b7b91a63
1998,1998,Bernie Hayes,Casting Couch,2dd1b657-a030-453d-82d3-77d7665e0223
1998,1998,Bert Silver,Wehrlos,01d5f77c-6973-4259-b70d-37755fae273d
1998,1998,Bet bet,Million Roses,73a50085-2626-3aeb-807b-9a5cf2760951
1998,1998,Bet bet,The Night,4f2fe4af-6988-3c79-8562-c16cc849d5ef
1998,1998-09,Better Than a Thousand,Self Worth,dcbd510d-e39e-3c65-aa46-3389b5f95013
1998,1998,Better Than Ezra,At the Stars,f56f8e95-8b0a-3494-976d-48676d6f6ad1
1998,1998,Beulah,Sunday Under Glass,c9927175-68cb-3364-9318-7d6e6892b5b7
1998,1998,Beverley Knight,Made It Back,352c00bb-a336-341a-bce6-feea25b7115f
1998,1998,Beverley Knight,Rewind (Find A Way),7e55bcee-00f8-46ae-a6d2-5790e2895ce7
1998,1998,Bhagwan Fresh & Tim Lee,The Bhagwan Love Example,5d76df00-9773-3dcd-ba12-e47494fe745c
1998,1998,Biagio Antonacci,Iris,2354d6f2-f865-4404-808f-ad0e62254fcf
1998,1998,Bianca,Wo warst du?,a22fbc3f-7120-453c-8de9-878216613063
1998,1998,Bic Runga,Hey,e0620330-ed2e-3269-ad57-728bcb3df9db
1998,1998,Bic Runga,Sorry,6aa90faf-0e32-353e-9882-a64ca73dcd0d
1998,1998-07-17,bice,bice,04582813-af76-3314-90c9-689ba098c2f9
1998,1998-12-02,bice,スニーカー,a85028c9-13d4-4cdc-8724-f99e4d5de66a
1998,1998,Bidinte,Ami Cu Awini,9d744a95-93e5-4bb5-8ccb-5c63d8344548
1998,1998,BiF,Lucky / Spaceman (The Boomtang Boys Mixes),2cbf9f36-4646-41c4-92bf-396da4a8b906
1998,1998,Bif Naked,Lucky/Spaceman (The Boomtang Boys Mixes),503687ad-99de-4e69-9b45-b3eff313be23
1998,1998,Bif Naked,Spaceman,3b89e251-1078-4b2a-b578-a85f76f98cab
1998,1998,Big Bad Voodoo Daddy,3-Song Matchbook Sampler,21c4c9c1-77a6-4b58-a3e0-44349b2e4541
1998,1998,Big Benny,Riet aop dae tap,9096b413-3e00-40cf-ab2b-8ae38a11644f
1998,1998-08-28,Big Bud,Blue 52 / Lifeline,22c72bda-1b3c-3336-abb9-d1180688b4af
1998,1998-06-19,Big Bud,Emotionography / Alzir,ce8465d1-8d2b-345a-990b-b4bcc03edfc5
1998,1998,Big Daddy Kane,"Uncut, Pure",282a5ace-4b7b-439f-a591-af739d322f41
1998,1998,Big Daddy Orchestra,Jump Jive An' Wail,e99f153b-573f-40a1-a5ef-3019b64499c0
1998,1998,Big Kwam,Verbalise,deb75471-a00f-464f-842b-5a82c76355fd
1998,1998,Big L,Ebonics / Size ’Em Up,43ac5f40-1e56-4341-90ee-35d4895faa51
1998,1998,Big Mack,Doin' It Live,0abe4154-c5df-4f66-83a4-bbd9ef8c1e12
1998,1998-06-08,Big Muff,My Funny Valentine,33ab469c-6a11-462d-bd78-e8df44a74457
1998,1998,Big Pun,Still Not a Player,1224115e-1963-4784-8427-ddd882f872ed
1998,1998,Big Pun featuring Miss Jones,Punish Me,2bcb1da0-e9b3-4a70-ad5a-997610a0e957
1998,1998-08-22,Big Pun featuring Noreaga,You Came Up,b7f5d65c-0f52-40b9-a0de-7566a10e4854
1998,1998,Big Punisher,You Came Up / Twinz (Deep Cover ’98),ed6ae25e-2393-41ac-8974-d843e1c3e0c6
1998,1998,Big Punisher & Beenie Man,Makes Me Sweat,de09d8e3-c32c-4f27-97e2-eaeae3cbe633
1998,1998,Big Punisher featuring Next,"Sex, Money & Thugs",8a7fa93d-d840-4873-aa2e-b6032bd6ed3a
1998,1998-05-19,Big Syke,Hittin' Cornaz,f8c62162-f568-4043-b762-c116eccd6951
1998,1998-07,Big Twan,One Time 4 The Lyricist,809cff24-4193-4687-b4a9-4499fe4b9fa6
1998,1998-03-15,Bijou,Dark room,57cf79b4-b288-4746-b68c-8f3ba8045348
1998,1998-10-04,BIJOU,RE・BORN / アンドロイド,b4432bbc-b032-4ce4-812e-7cdd3df35b8c
1998,1998,"Bill, Ben and Baggio",Pusherman,07a831bb-f270-321d-9132-54c02e275c7c
1998,1998-06-29,Billie,Because We Want To,c24feca4-7f59-3f5b-b34a-09115a35e0d8
1998,1998-10-05,Billie,Girlfriend,49d73124-94e3-352f-a8ad-75aba603d4ec
1998,1998-12-07,Billie,She Wants You,fa5ec8ca-4fa9-3c1d-b71a-9cf1a06e54c4
1998,1998,Billie Myers,Tell Me,a4f229f2-c737-395d-b480-b1019b9ab1f2
1998,1998,Billie Piper,Last Christmas,3e7a3b12-d891-4669-97fc-0966612f6536
1998,1998,Billy Bragg & Wilco,California Stars,c4df1e28-d25a-41fd-a994-962b923b8047
1998,1998,Billy Bragg & Wilco,Way Over Yonder in the Minor Key,07557c87-396a-3382-b0de-8a3d1a437802
1998,1998-09-21,Billy Crawford,Urgently in Love,36b328b3-46b7-3542-bb69-8ceb749acd50
1998,1998-10-19,Billy Hendrix,Body Shine,4124d462-6639-4b40-a2c2-a498058b691c
1998,1998-11,Billy Mahonie,Whistling Sam,aa7f076d-ee95-4174-b8b3-05a4ecca22b0
1998,1998,Bim Sherman,Heaven,6c8a830a-3e9a-4597-a956-711af0571fc6
1998,1998-08-10,Binary Finary,1998,26141e36-0ab9-3af5-934d-d863dc111002
1998,1998,Binary Finary,Anthemic 1&2,638c5ab2-e3da-4486-b08c-44b1e0a94e9a
1998,1998,Biocide & Rapunzel,split single,98ae5f7c-c524-49e7-80e9-cbec979b8e7c
1998,1998,Bionic Age,Axel-F / The House of Pain / Phunky Trip,d6a0ce9d-0bcb-413b-b878-170bf0e56da2
1998,1998,Bionic Dog,Timebomb,ca5ff78d-9a57-4b9a-bce6-d7105cd165ad
1998,1998,Biosphere,Endurium / The Eye Of The Cyclone,e9d5e1b6-d41c-4bc0-9660-6dd0705ed918
1998,1998-10-30,Biot,Oxygen Orgasm / Solstream (The Remixes),902a1ceb-5c5d-4a34-8cdd-3cbb1f18ee61
1998,1998-12-14,"Birthday Allstars / *N Sync, 5 NY & Tia Van",Happy Birthday,619e3993-6003-47a8-99f1-1863a5731ed4
1998,1998-11-02,Bis,Eurodisco,00462fa8-0775-4db4-8075-efcb7523ab1b
1998,1998-11-02,bis,Eurodisco,241f47a5-99d2-3533-99c5-f98f8ab4fcd0
1998,1998-07-17,Bismark,Street Festival,48fef479-b0b2-4ace-9d29-355253920ea9
1998,1998,Bismark,Street Festival,93b50d4c-59c7-4a11-ba4c-246d62a94503
1998,1998,Bisou Bisou,Something Wicked (This Way Comes),0bd901f6-e948-4807-bec6-252618aecacd
1998,1998,Bisso Na Bisso,Tata Nzambé,4af18fe0-5810-39a7-9e2b-db48535e8898
1998,1998,Bjorn,God Chord / Ever Decreasing Circles,37e83ca6-f964-4a6b-9c4c-ecde796ea92b
1998,1998-11-30,Björk,Alarm Call,0b944244-3dd2-3f26-91d8-67b3a37afa73
1998,1998-11-01,Björk,All Is Full of Love,3f9c1bf3-ff34-3691-9da3-5cd395b81cf9
1998,1998-07,Björk,Hunter,ddf48f2f-1e80-33c1-99e8-57ba9d7ff8fa
1998,1998-07-08,Björk,Jóga / Bachelorette,0a765b00-dc7c-4a52-ba30-ae38184d219c
1998,1998-11-01,Björk / Funkstörung,All Is Full of Love / This Shit,aaf53048-4c5a-3724-afc2-b14692ffcc41
1998,1998,Björn Rosenström,Raggarrock 2,4865a02b-51bd-4a1c-8a4d-7da8a6f8a96d
1998,1998-04-24,Bjørn Torske,Expresso,fee9a278-06f6-3948-a017-3f25a4e294fd
1998,1998-05-12,Blac Haze,Where‐U‐At,7ee1d3f1-1b9a-3d0a-92b5-dd5515575f9e
1998,1998,Blac Monks,Jungle Funk,cc306924-b29a-4ee1-b182-9315550ae050
1998,1998,Black & White Brothers,Put Your Hands Up,73f64758-07ae-44d9-b704-93fc9f14ddb4
1998,1998,Black Acid,Outta My Face,8fc78ae2-7b5b-4009-9295-46912157306c
1998,1998-10-21,Black Biscuits,Relax,10f8be49-bd29-38bb-8b71-7a83784de7d9
1998,1998-04-22,Black Biscuits,Timing,fd516def-a6cd-3372-bc34-dd20914e38a1
1998,1998,Black Box,I Got the Vibration,05979595-9eca-3dd3-9fcb-916e6a37ba1b
1998,1998-05-04,Black Box Recorder,Child Psychology,becae761-4377-38f5-bfca-486814e9f03d
1998,1998-07-06,Black Box Recorder,England Made Me,07b2b61e-1a95-3cb9-9670-b96900141fd3
1998,1998,Black Eyed Peas,Joints & Jam Remixes,252445b7-dc0b-4281-9be8-cd840b652c55
1998,1998,Black Eyed Peas,Joints and Jam,6a9746a7-8310-443b-bdf2-a60ab04b0941
1998,1998,Black Grape,Marbles,01e26369-ad84-4027-bb3c-1df1273ca55f
1998,1998,Black Ingvars,Cherie,6df51c71-8f90-49cc-a6d3-8f8ba2e93a1b
1998,1998,Black Ingvars,La det swinge,2e74f8dc-b8e5-4140-87cf-dc3d48f0e905
1998,1998-01-27,Black Lab,Wash It Away,c60e130a-1aae-3553-bc4f-222a969bef3b
1998,1998-07,Black Masses,Wonderful Person,3ad381b7-e2d4-4869-94f2-3ae7365d9abe
1998,1998,Black Power,Godfather,c5b15e5c-9e0c-3a11-b73d-751d582fd590
1998,1998,Black Sabbath,Paranoid,0a4484de-f894-4629-bf81-cf30f27bd8c4
1998,1998-11-02,Black Sabbath,Psycho Man,f4eb8506-c883-32fd-83f8-16d656e163d1
1998,1998,Black Sabbath,Selling My Soul,8ea7bb7d-67bd-3989-a6e6-4460f0248c6c
1998,1998,Black Science Labs,Son of Silence / Exogenesis,edcdc2da-fb37-33c8-acf0-89103d249311
1998,1998-08-26,Black Star,Definition,7572d27d-ff7c-394b-9f1d-f82179def187
1998,1998,Black Star,Definition / Twice Inna Lifetime,dfac0d4f-9f20-4375-92f8-82eb0cf373f2
1998,1998,Black Star Liner,Superfly And Bindi,661dc2a3-0ed9-4427-b6a5-d0703fe29f92
1998,1998,Black Thumb,Substance,9599fe27-d2f3-3457-a56f-e64fe70e1b33
1998,1998,Blackout,"Vá, Vem",caeee542-7282-44c7-a1e3-a6b32105f5c9
1998,1998,Blackstreet,I Can't Get You (Out Of My Mind) Remix,caba5ece-1fdd-4925-8793-ae29153a8d35
1998,1998-11-30,Blackstreet & Mya feat. Ma$e & Blinky Blink,Take Me There,908ebdc8-106b-3aac-ba3f-3bdcd2a28e70
1998,1998,Blackwing vs. Headhunter,What Goes Up / Doin’ It,131d09e6-8fd6-4555-9ffd-b8aa7273d76d
1998,1998,Blackwood,Peace,8c26f0bb-8b36-4321-9a3c-d109cd582ab0
1998,1998,Blade & Violet,Harmony / Glass Blower,9313445c-3fc5-4477-8e83-190755daaf1d
1998,1998,BLAM HONEY,THE OTHER SIDE OF ELECTRONIC BRAIN,6bb0a066-35e8-4b9c-af4b-a19f981b208d
1998,1998-11-09,Blank & Jones,Flying to the Moon,732bcd88-4b82-3912-ad05-c2b4f69b418b
1998,1998-03-30,Blank & Jones,Heartbeat,7460c071-3b18-3b6e-b76e-48d2ba6d1ef7
1998,1998-03-30,Blank & Jones,Heartbeat,c72dbace-386d-4909-977a-ae301c0eb000
1998,1998-11-18,BLANKEY JET CITY,SWEET DAYS,20597232-f290-38ac-a68a-75d40f53c75b
1998,1998-08-26,BLANKEY JET CITY,ダンデライオン,2bbb9dd6-8219-3da2-a17c-14b8fa618c76
1998,1998-06-10,BLANKEY JET CITY,小さな恋のメロディ,b1fe02d5-9b2f-3bea-99e1-b620a5f22da3
1998,1998-01-21,BLANKEY JET CITY,赤いタンバリン,8383223b-13cc-3154-af77-f055ec0b7df0
1998,1998-05,Blaxxun,Eclipse,6ac8e732-2553-44ad-bc9a-f8d3c7748fe3
1998,1998,Blaze,Seasons of Love,6fa83615-9a62-35ef-91ca-acda83303c34
1998,1998,Bleep & Booster,Don't Stop,e35143b1-725b-45d7-a93a-e673f312251a
1998,1998-01-27,Blessid Union of Souls,Light in Your Eyes,a871c4c0-9c07-40ac-a377-26d731f064e3
1998,1998,Blind Dog,10.000 Reasons / Beyond My Reach,d6e67ef8-39c4-4f0b-afca-6c4a0fcb6206
1998,1998-02-07,Blind Guardian,"Mirror, Mirror",614ecbda-bb3c-3bbc-b54d-322ca2161d7f
1998,1998,Blind Passengers feat. DJ Tanith,Kick My Soul,3cfa1883-1ee6-4189-b067-be1fe3ee8ed1
1998,1998-09-17,blink‐182,Josie (Everything’s Gonna Be Fine),e80185ef-0a02-3bad-8c70-1f5019a02fbd
1998,1998,Bliss Inc. Featuring Carlotta Chadwick,Faith,fd432527-2529-454d-9a28-5da1e10dac8d
1998,1998,Bloem de Ligny,Fingiecrookie,b144cafe-8376-4afb-92e4-04e3c43cbafa
1998,1998,Blondie,Atomic ’98,8fb63618-6a3b-3479-9853-190a9b581efe
1998,1998,Blondie,Maria,eee7e620-c062-3084-b79d-63cf7ace19ed
1998,1998,Bloodhound Gang,Along Comes Mary,fa761958-050f-306a-9b9a-524c5904433f
1998,1998-10-01,bloom,sex drug,83c01479-e0f8-46a7-9452-65420eeb83e0
1998,1998,Blossom,Give Me More Time,1a5913d6-cefc-42f0-959d-4624b285c5af
1998,1998-05-04,Blu Mar Ten,Butterflies & Moths / Osaka,dc419ea1-441d-3596-a4fb-e09ac3b7baa9
1998,1998,Blu Mar Ten,Fall / Suspended Animation,1d7e6b43-bef3-3647-a2f4-ec74223b0cff
1998,1998,Blu Mar Ten,Global Access / Myriad,317944de-690e-3359-890a-a742281a0507
1998,1998-03-09,Blu Peter,Tell Me What You Want,f50e5205-88d5-405a-af29-7b04d83140a4
1998,1998-03-06,Bluatschink,"Zoag mir, wia's Dir geaht",b491e89b-bfa7-4b8d-b3ff-6aeb092473a7
1998,1998,Blue,Gravity Pull / River Drive,275c2b5e-905a-4d18-b9e7-518ef0151e5e
1998,1998,Blue 4U,Happy World,c2a55d98-d272-360e-a83c-c55f2e02be13
1998,1998-09-28,Blue Adonis,Disco Cop,ef7025cb-59a1-3d71-bfef-5ac947039da4
1998,1998,Blue Alphabet,Cybertrance ('98 Remixes),1bb7cf72-2604-4b38-ba72-22b81e196ab8
1998,1998,Blue Alphabet,Cybertrance RMX,3b0616b1-85de-3180-9e28-1a227472b7f2
1998,1998-04,Blue Berry,空に堕ちる,e50bae26-d91a-47aa-87fb-4f7c3ed17c2c
1998,1998-11-28,Blue Berry,虚栄の翼,7d1692b2-c19f-4406-9b89-ac560cf750c5
1998,1998,Blue Pearl,Naked in the Rain '98,4ec7b04d-2e53-3700-adcb-5fbb53261ecf
1998,1998,Blue Six,Do Ya Like It?,240ff733-9334-3e04-bdc8-482e77716cbf
1998,1998,Blue Sonix,Disco / All My Life,3aa4505e-15fc-48d2-8354-07694786f141
1998,1998-12-15,BLue-B,TIME OUT,d28d9194-a86a-4423-8949-515f51340e51
1998,1998,Bluebottle Kiss,Tap Dancing on the Titanic,af71a9f6-610e-301e-bce7-d6e0d8cb207f
1998,1998-06-01,Blueboy,Marco Polo,b548dc09-dcaf-39fa-a73b-92fc93138a98
1998,1998-01-13,Blues Traveler,Canadian Rose,ab27bf6c-3be2-3601-9bc4-3db8dad8f19e
1998,1998,Blumentopf,Popcorn,84df0517-a701-48c1-8bcf-c5c9ce1b0df2
1998,1998,Blunted,Freedom / Fantasy,a79fc233-5793-4da1-a8af-01f947a2385b
1998,1998-11,Blur,Close,41b82d82-c198-3fec-a467-8f0e7ea780f5
1998,1998,Bläck Fööss,Ein Leben nach dem Tod,86138c7a-f326-4ef0-8553-f6409322c9f1
1998,1998,Bläck Fööss,Fastelovendstrumm,d637c914-b600-473b-b7c7-bac1d5190fd5
1998,1998,Blå Øjne,Dig og mig,3de83fa8-1c80-39a0-99cf-ec605b15d872
1998,1998,Blå Øjne,Romeo,e5df5684-a0fb-3ba6-9d0d-c6d7b10cc455
1998,1998,BLØF,Aan de kust,631712d4-8e23-41dc-b215-684cf64f4651
1998,1998,BLØF,Liefs uit Londen,aab2cdf4-7f00-3877-91f1-eff6eff44a92
1998,1998,BLØF,Wat zou je doen?,94e4b725-647f-3b96-96ec-74663e1eb269
1998,1998,Bløff,Popstjerne,4ae85dc9-4454-3904-9856-0c4bd4d105f0
1998,1998,Blüe,ALONE,51899435-bcd7-4281-9af7-cf7429281ecf
1998,1998-10-28,Blüe,eternal wind,dee14a1c-4cf3-4c03-8a70-ac0a40aed86c
1998,1998-08-26,Blüe,FACE,6dc9982b-4ebc-42a4-a767-b8e74de28a64
1998,1998-06-10,Blüe,SHELLY,ab6a343f-01f2-49ad-b7de-dbca40dd12a6
1998,1998-05-18,Blümchen,Blaue Augen,55a14d13-92ef-3709-a339-060133be84dc
1998,1998,Blümchen,Es ist vorbei,04e53e33-f72a-4ad9-820b-6616cfb85aa7
1998,1998-08-24,Blümchen,Ich bin wieder hier,b434fcba-2655-39f8-8542-80d60e12e1fa
1998,1998,BNN & Friends voor Warchild,Voorgoed,c6b852ec-ceb3-3054-a941-a2e1927058ea
1998,1998,Bo Kaspers orkester,Allt ljus på mig,6ecdf645-0679-4971-8844-988942734ca3
1998,1998,Bo Kaspers orkester,Semester,ab428f7e-4488-4516-a789-379a086364f9
1998,1998,Bo Kaspers orkester,Undantag,06828257-63b1-4c8e-8f2e-c481827d1a6c
1998,1998-01-05,Boards of Canada,Aquarius,45ee5035-7cb8-3540-9f55-aac9c6a8cb56
1998,1998-08-23,Boards of Canada,Telephasic Workshop / Roygbiv,2f7d5de3-8b7d-3ed6-b80c-2cc4e4001f04
1998,1998-05,Bob Dylan,Love Sick,61743606-10de-32bd-bbb1-2199a036f035
1998,1998-06-08,bob hund,Nu är det väl revolution på gång,150e1602-7bfd-4983-b1a4-89edc97e2cff
1998,1998,Bob James,Mardigras / Nautilus,25ac85f2-a4c8-4ae7-98a5-9dc8da1361f7
1998,1998,Bob Marley,I Know A Place,09934a60-094f-4ddb-9281-e69233f10b09
1998,1998,Bob Marley,Who Colt The Game,48ee6ab0-2acb-404f-8850-ffb221637e68
1998,1998,Bob Marley & The Wailers,Redemption Song / Zion Express,00f3c51d-07b1-4f22-ad3b-ef1c95192473
1998,1998-08-10,Bob Mould,Classifieds,3041cdff-e5b6-3f7b-a2b5-7ba8f712e5f4
1998,1998,Bob Sinclar,Gym Tonic,89817ce4-e735-42ae-bc7d-d9d7666ba0d1
1998,1998-09,Bob Sinclar,The Ghetto: Uptown,af295f32-c7fc-30ba-868f-6687361bd124
1998,1998,Bob Sinclar feat. Lee A. Genesis,My Only Love,cefab9ab-bd4c-4bc4-bf4b-74055b7a1c53
1998,1998,Boccaccio Life,Angels,4f1bb6ad-f740-4fa9-8fb8-16ff33df4f09
1998,1998,Boccaccio Life,Time (There's No Way),c62a713b-e786-4912-9041-517cf547b282
1998,1998-01-05,Bodyjar,Remote Controller,742a90ef-6062-4235-8584-7f5cb9f6a134
1998,1998-06-22,Bola,KS,18f7dddf-b2f8-3537-b72c-b6ef4d79af03
1998,1998,Bolster,Devil,774ee4b3-03f4-48ec-8286-7c8e5c594291
1998,1998,Bombsquad,In Ya Face!,9bb52b5d-7996-4ee3-acbe-192286afb678
1998,1998-12-17,Bomfunk MC’s,Uprocking Beats,b1c35273-108a-4a5e-8f49-fd652fc3d751
1998,1998,Bone Thugs‐n‐Harmony featuring Eazy‐E,B.N.K.,e677e502-5b07-4d70-b7d5-438d5e248a12
1998,1998,"Bone Thugs‐n‐Harmony with Henry Rollins, Tom Morello & Flea",War,57f1f366-43b8-44b3-abd2-3cc14f1c67c4
1998,1998,Bong‐Ra,"Darkbreaks, Volume 1",4c94538c-9611-3605-bdc0-361eccb81ec4
1998,1998,Bong‐Ra,"Darkbreaks, Volume 2",09430a8f-65d4-3b69-a3f5-aaa5486d2470
1998,1998,Bonnie 'Prince' Billy,One With the Birds,d50c4e14-2d24-4c95-913b-bac22f56ce6a
1998,1998-03-04,BONNIE PINK,Forget Me Not,42f728c0-6d8e-3320-bf28-6a01f3909021
1998,1998-10-21,BONNIE PINK,犬と月,a98a1d1d-e1fa-38be-9b64-bf99f417db6b
1998,1998-05-20,BONNIE PINK,金魚,14ea2d8e-fd9c-4d0f-962a-847278caaca3
1998,1998,Bonnie Prince Billy,Black Dissimulation,4bba65ec-4636-3572-b148-5e897434b9f3
1998,1998,Bonnie Raitt,Blue for No Reason,28875347-d332-4a32-83ac-743a5ebc0799
1998,1998,Bonnie Raitt,Lover's Will,620bc46a-be16-403a-beb2-7242719dca13
1998,1998,Bonnie Raitt,One Belief Away,36051873-7346-4f2e-9417-4e2edfc3060e
1998,1998,Bonnie St. Claire,Al mijn platen floppen spontaan,93e7c0db-d942-470a-9280-7cd960a150df
1998,1998,Bonnie Tyler,Heaven,a58326a6-4631-475f-bc48-229d32f2614d
1998,1998,Bonnie Tyler,He’s the King,fba439a7-9d3d-3824-bafe-9925ea4b0c8d
1998,1998,Bonnie “Prince” Billy,Bonnie Prince Billy Performs Songs of Kevin Loyne,e9ac7a59-57a2-344a-a646-80f966c285f5
1998,1998,Bonnie “Prince” Billy,I Am Drinking Again,1d85d0bd-839d-3907-a19e-162ceb40fd4d
1998,1998,Boo Boo & Mace,Heartstrings,7faa9d53-3abf-35ac-be42-60b0e5037004
1998,1998,Boo Boo & Mace,Seven Days,669c296e-b994-30ef-9ffd-6e28203de6d5
1998,1998,Boogie Down Productions,My 9mm Goes Bang / Criminal Minded,734b2bbf-ef73-30f9-b1ab-d592443ae510
1998,1998,Boogie Down Productions,Poetry / Elementary,9c5f5191-062c-41ad-9df5-0c8c10d8890e
1998,1998,BOOM BOOM SATELLITES,Auto Re‐Birth 2,ace72481-8dab-3f65-8cd7-4a8f2f7f51ad
1998,1998-06-15,BOOM BOOM SATELLITES,PUSH EJECT,4eac3784-adb6-3d3a-86de-23b75b9513f5
1998,1998,Boon,Swanky,932d5347-8afd-4aa6-9bf6-ef16bd52e136
1998,1998,Booster,Your Lovin',8963f796-eaac-4354-bb60-562c6923e813
1998,1998,Booster Inc.,People Are Still Having Sex,a5c68dba-f516-4457-a2f5-a691e3523200
1998,1998,Booth and the Bad Angel,Fall in Love With Me,c6f5b88d-5b57-3324-9296-504ba8b2454d
1998,1998,Bootsy Collins,Do the Freak,9d68db50-33e0-3946-94af-279f0624c629
1998,1998,Bootsy Collins,Party Lick-A-Ble’s,76fe6fc5-6d7a-3b23-9e29-00971730b07f
1998,1998-01-31,Boris the Sprinkler,(She Digs My) New Wave Records,ec6989ed-38a5-49c6-a20e-4c5b42d3b49d
1998,1998,Boris the Sprinkler,Russian Robot,2efb71c3-f841-30ce-a7ed-1d4555032a78
1998,1998,Botnleðja,Something New,c2e0dfa4-be8a-46a5-be08-93b28b748c35
1998,1998-06,Bougie Soliterre,Miles Away,05509b35-bcf7-3981-b205-9368b9d984f6
1998,1998,Bounty Killer featuring Mobb Deep & Rappin’ Noyd,Deadly Zone,eb0ff12a-bb5d-3698-b777-a8701055d4a0
1998,1998,Bourbon Gautier,Y fait beau,53ed54d8-1afe-484f-85e5-9755cca4dcfa
1998,1998,Box Blaze,Bullet Breaker,7f751900-8ee6-47a1-b5dc-67b5f2bbd54f
1998,1998-09-27,Box Blaze & Deetron,P-Blasta / Funnel,24625e2c-b578-33d9-9681-5b8175d844c2
1998,1998,Box Clever,Talk to Me / Treat Me Right,44031276-b678-3d9f-a414-a97d345e1289
1998,1998,Boy George,I Just Wanna Be Loved,27fc8d29-b52d-3b0a-90cd-d420b67bbe7d
1998,1998,Boys-R-Us,Singin' In My Mind,14a9acae-5428-45c3-9c34-d0c77c2ed2bb
1998,1998,Boysband,Heel m'n Wereld,efe5d562-3241-45cd-8f6b-7dab0059cc69
1998,1998-06-08,Boyz II Men,Can’t Let Her Go,d4745ce1-8f6d-4ff1-9905-9dcc45801e03
1998,1998,Boyz II Men,Can’t Let Her Go (Remixes),9b82db8d-32eb-4288-ae5d-184349b15b22
1998,1998-11-18,Boyz II Men,Doin’ Just Fine,52ab553c-f078-4d2e-8f99-6e81d8b5a7e7
1998,1998-12-29,Boyz II Men,I Will Get There,3ad1c7be-d58a-3e10-822f-f67d73d56640
1998,1998,Boyz II Men featuring Chanté Moore,Your Home Is in My Heart (Stella’s Love Theme),c8d1741d-731b-431e-8384-f37501d73b17
1998,1998-04-20,Boyzone,All That I Need,f8976545-e5b9-35ed-a871-4b7b0c2e57ec
1998,1998-11-23,Boyzone,I Love the Way You Love Me,c76a58d7-4670-372a-a979-645f11b0144b
1998,1998,Boyzone,Let the Message Run Free,7752a967-5dac-4cfd-88a6-583798bbe443
1998,1998-10-05,Boyzone,No Matter What,48d9f9c2-2556-32c3-81d7-98a9550f113e
1998,1998,Brain 11,Mystique,ac17f0eb-87a4-4acc-80cd-6f64af421a33
1998,1998,Brain 12,True 4 Life,d8ab6d76-4620-48b4-9751-5be5459b096f
1998,1998,Brain 13,Acid Machines,2530277f-a14d-44a2-be7d-31029ea93a4e
1998,1998,Brain 14,Psychodelic Space Trippin',dc28d1e2-b49c-4d34-a30c-d4dccf46ee86
1998,1998,Brain 15,Ghost,51ab3d24-98ec-4851-af92-2ad2a51fabcb
1998,1998,Brain 16,The Acid Devil,8aab178f-39b4-414a-aac9-c169915c5d7c
1998,1998,Brain Bashers,Back to the Old Skool,0e6f82e4-9bc4-4e8a-84b6-1478d757d3fd
1998,1998,Brain Bashers,Control Transmission ('98 Remixes),7a334850-9044-4108-8ab2-8cfdf2f0e0db
1998,1998,Brain Bashers,I've Got the Power ('98 Remixes),f63b7ad1-137b-490d-bdb4-feea8914defe
1998,1998-05-26,Brainbug,Rain,626a04f9-eef8-34fb-8350-358c13109309
1998,1998,Brainbug,The Eighth Dwarf / Benedictus,9f43d087-340c-42a2-96c7-458dc28d7b69
1998,1998,Brand Nubian,Take It to the Head (Don't Let It Go to Your Head remix),d4cfaf61-b514-4f36-9ccd-3598eff8e130
1998,1998,Brandy,Have You Ever?,8c637bce-e7d3-3606-bc1b-f823a7f34eb3
1998,1998-09-28,Brandy,Top of the World,3d207e3d-dd4f-3f9a-97f5-af50cbe24728
1998,1998-06-08,Brandy & Monica,The Boy Is Mine,2e7cf704-ac91-34b8-8d92-fa1865175800
1998,1998,Brasse-Camarade,Tard · Éternel · Eterno,768ea89a-6387-4776-809b-c97f9843e8c9
1998,1998,Brassy,Work It Out,649619b7-4d1d-358c-96e0-8714765aa826
1998,1998-05-18,Bravo All Stars,Let the Music Heal Your Soul,1c910545-48b8-3147-b8fd-7d8bef874309
1998,1998-06-01,Braying Boredom,"Shake, Rattle & Roll!",6be40324-ee1b-4239-b721-45bf66c26a08
1998,1998-03-23,Breakbeat Era,Breakbeat Era,89b6ae22-e014-3e1e-85cc-171ec529a118
1998,1998,Breaker,Modern Times,fd7f78d4-1ce1-3162-97ad-365728998c0a
1998,1998-05-18,Breed 77,The Message,680fa41e-8e6e-3e72-9c71-ea133d5093d4
1998,1998,Breeder,The Chain,bf80ddb9-dd42-43c6-b0ea-bd9cf1ed66bd
1998,1998,Breeze & Skeedale,Train of Thought / Want to Be Free,5586e472-c5ed-4add-b1ac-4ea98d6ad585
1998,1998,Breite Seite,Sauber,86441f54-9308-4833-9f66-69eb81ca9948
1998,1998,Brenda Durmann,Love Is All Around,c018f273-e65b-4164-ad06-b23dd4f2a7ed
1998,1998-02-17,Brenda Epperson,If You Believe,be8a9344-bd5a-40c3-addd-118df1f42183
1998,1998-09-22,Brent Arnold,Sweetness,ba204afb-01e5-4bfc-aa3b-ed90295e4605
1998,1998,Brian,Turn Your Lights On,524e0df7-6e95-3e66-990b-aa69997f452f
1998,1998,Brian Harden,Scream,0f038e12-4bcd-3f2d-9fb8-432bd08acaae
1998,1998,Brian May,Another World,da8c3598-0bba-3639-b458-8ef4557fa5ea
1998,1998,Brian May,On My Way Up,a881353b-aa76-4fd4-ab1e-688ff36690a8
1998,1998-05-25,Brian May,The Business (Rock On Cozy mix) - A Tribute To Cozy Powell (1947 - 1998),51ee4ce1-a023-37e1-9ed5-5290e2db0f87
1998,1998-07-23,Brian May,Why Don't We Try Again,59e2e6c4-e8f2-454d-8385-c253edc9adb3
1998,1998-05-25,Brian McKnight,Anytime,84bf6fe9-b914-3188-bd9b-8fd549fd7556
1998,1998,Brian McKnight,Hold Me,4734aafd-6b06-3164-92d9-96914c37168a
1998,1998-08,Brian Wilson,Your Imagination,cca664e4-fba0-495e-af1d-05051041a0fd
1998,1998,Brink Maneuver,Jalisco,604593b7-f38c-4b3b-84a9-37f86a0adacc
1998,1998,Brisk & DJ Ham,On & On / Life (remixes),ba7519a5-a468-4ea1-8de3-fc59aff0e27d
1998,1998,Brisk & Trixxy,Euro Love / Bring Down the Place,9810fc69-7db0-4a5b-bb4e-a06c7800b788
1998,1998,Brisk & Trixxy,Take My Love / Thunder & Rain,a7f822b1-2efe-4708-bcd4-58a63e6c1524
1998,1998-01-01,Brisk & Vinylgroover,Rain Fall Down / Checkin' da Cutz,b92527a9-7050-416b-b586-e468992255ae
1998,1998-11-03,Britney Spears,…Baby One More Time,1df6c8f7-331d-3219-9eca-1df97816a937
1998,1998,Brock Landars,S.M.D.U.,e64ad509-613c-39d5-8c17-cfa849ae62f6
1998,1998,Brockie & Ed Solo,Represents / Showdown,2a108dea-738e-3ba8-b357-b3129e05def1
1998,1998-03-19,Broder Daniel,I'll Be Gone,865599ac-d663-4ef5-9059-684c6c8964bc
1998,1998,Broder Daniel,Songs From The Movie Fucking Åmål,f16fb82a-1a98-4878-9dbd-f7698714f25f
1998,1998,Broder Daniel,You Bury Me,4ece35b5-a305-4f2b-8817-12cc70348110
1998,1998-11-23,Bronx Dogs,212 (Weya Funk),dce89dbb-f217-4d7a-9d9c-0f5ac628462f
1998,1998,Brooklyn Bounce,Contact,ff699bdc-88f9-4480-9c03-57f1e93846b0
1998,1998-02-03,Brooklyn Bounce,The Music's Got Me,3920048e-df2e-3855-a73a-e55c7dda203e
1998,1998,Brooks & Dunn & Reba,If You See Him / If You See Her,2c49e4fb-8392-4eb0-b375-2ebee1e98355
1998,1998,Brother 2 Brother,Missing the Nights,398c9edf-ac14-43d5-8f11-d76148d3a15e
1998,1998,Bruce & Bongo Vs. Tony T.,Geil,c4ac55e1-1d71-4a40-a4bd-5fc4de2b6873
1998,1998-09-02,Bruce Dickinson,Killing Floor,25e5cef3-c275-3997-afb6-51468f87de01
1998,1998-05,Bruce Keen & David Chong,In the Club,2e7ccbb0-64c3-3054-bd28-689759422b16
1998,1998,Bruce Springsteen,Happy,1e04765b-8d20-44b9-8068-68762c34d157
1998,1998,Bruce Springsteen,Sad Eyes,17b42897-d9fa-4e76-b4fe-ad8689d1fe44
1998,1998,Bruce Springsteen,Tracks,c939ecef-d8da-3302-b336-0bca4138e421
1998,1998,Bruce Springsteen,We Shall Overcome,3ed93a85-9fb9-4640-982a-72562faa59c5
1998,1998,Bruce Wayne,No Good for Me,58dd4030-46c6-41d3-9ff5-a67e293a73ff
1998,1998-01-26,Bruce Wayne,Ready,504b0cb1-5258-31b5-a7d1-a0925590f44e
1998,1998,Bruda Sven,Wenn ich Reime,92150bd9-2e55-4575-98c6-9c4f38e1688e
1998,1998,Bryan Adams,I'm Ready,867a28ef-a518-42bb-87d6-5bc7f3e03fec
1998,1998-10-07,Bryan Adams,On a Day Like Today,7b9ab462-cc67-45e1-bf62-91f557acbbdc
1998,1998-11-30,Bryan Adams featuring Melanie C,When You’re Gone,e3f6acaa-265e-39bb-b0fc-cdfc63da413d
1998,1998-11-09,BT,Godspeed,1194c7c5-ce73-3781-9706-93da121d2567
1998,1998,BTK,Peppyrock,6953af68-c0b4-4302-945a-a3dd00458a6c
1998,1998,Bu Bu Man,Show Me Your Love,baccba56-a315-4924-9c18-d131ee58e08a
1998,1998,Bubbah's Tum,Dirty Great Mable,f7030aaf-8e21-3ad6-ba8b-32cc07a115da
1998,1998,Bubble Gum,Be Happy,9037d653-62d7-4f2a-b8b7-5b833bfdbc4d
1998,1998,Buckcherry,Dead Again,2d878cfc-beb7-404f-8777-844e4ecf8e72
1998,1998-03-11,BUCK‐TICK,囁き,c55637c9-5a89-3b41-926c-f99df5ff84fe
1998,1998-05-13,BUCK‐TICK,月世界,32e761c0-6415-377d-8f9f-51f5b8c39c9a
1998,1998,Buddha Monk feat. Ol’ Dirty Bastard,Got’s Like Come on Thru,5a7ea896-2b43-455c-b14b-389fa8ced010
1998,1998,Buffalo Tom,Wiser,fb0060cc-a6a3-4688-baa2-698672981122
1998,1998,Built to Spill / Marine Research,Built to Spill / Marine Research,27000063-9094-3f90-83af-6e600b838321
1998,1998,Bullyrag,Jump Up in a Fashion,711c8dfa-2421-44c0-90e0-af4cdc37c27a
1998,1998,Bullyrag,Learn to Live,c21c7034-d914-43d2-b086-4e1c2a5f0f43
1998,1998-05-12,Bump & Flex,Long Time Coming,aed74c15-72e6-31c9-9b31-f0e91264b8d1
1998,1998-03-15,Bunbury,Contra corriente,6a1e7501-3a8e-4aad-8c6f-ef131b0fbe1d
1998,1998,Bunbury,Salomé,6d481a9a-83fe-48fd-87fc-241aa257fe65
1998,1998,Burning Airlines,Carnival / Scissoring,c11ef720-ddd4-4f4e-9fc2-1e374b1db5ca
1998,1998-10-27,Burning Airlines & Braid,Polyvinyl CD Single Series 004,5c9559aa-96ad-3eb6-8b78-2a68ed9ce3ce
1998,1998-05-11,Bus Stop feat. Carl Douglas,Kung Fu Fighting,832e9734-059d-4d06-8723-ba9d9101189b
1998,1998-10-12,Bus Stop feat. Randy Bachman,You Ain’t Seen Nothin’ Yet,68c9b597-4619-30eb-b9a3-9a6819784428
1998,1998,Bushwacka! / Undergram,10 Kilors Sampler 4,b231e064-7dc4-44f5-ab88-ca435f3c8e30
1998,1998,Busta Rhymes,Gimme Some More,3c69d582-0ad1-378c-a38f-f1701d41d1d5
1998,1998,Busta Rhymes,One,bed56692-1e4d-4c68-a746-a874503427ca
1998,1998-01-30,Busta Rhymes,Turn It Up (remix)/Fire It Up,1d200427-a96b-37bd-8f15-1aa9a3d98de8
1998,1998,Buzzy Bus,Jump,cf01c741-509a-38d9-a379-7fd98960bb1c
1998,1998,Bu¢K,American Express,a405d712-d51d-4c9d-b25a-e06daebb727d
1998,1998,Bu¢K,Hex Me,eab15746-b14a-447f-b558-896d60b1f3c6
1998,1998-06-01,Byron Stingily,Testify,6175eb4b-534d-3b52-87b4-8003f46e6693
1998,1998-01-19,Byron Stingily,You Make Me Feel (Mighty Real),551291a1-a56d-3b49-b60b-d2489398fbc6
1998,1998,BZN,"Don’t Give Up, Don’t Give In",5f5c6a1d-eda0-4ffb-88a0-6f1f8d3a39e1
1998,1998,BZN,Mexican Night,c46ea3a7-7fde-473b-838e-dc1855fbbf92
1998,1998,BZN,Sommer Sommer,bf7ec6b3-2869-4a66-b268-198167693684
1998,1998-03-23,BZN,The Gypsy Music,98e48d5c-cd67-45fd-a222-e999d68da639
1998,1998,Béla Fleck and the Flecktones,Trouble and Strife,9fca1281-d735-3bd6-9b52-50182cfc4b75
1998,1998-08-05,bôa,Duvet,f48fae7c-a96d-3f98-a0d5-910967be2b01
1998,1998,Böhse Onkelz,Nur die Besten sterben jung,fc3741eb-914c-3734-9ff8-aafc66efaf3f
1998,1998,Böhse Onkelz,Shape CD Düsseldorf,d079abfe-8dc6-49f1-8ee0-47115ddcec92
1998,1998-08-03,Böhse Onkelz,Terpentin,263fd684-b203-3356-9596-df1e2bdfe402
1998,1998,Bürger Lars Dietrich,Ein ganzes Jahr,b051f573-747f-43b0-af5b-075bad55eed9
1998,1998-07-08,B’z,HOME,64a8076c-eccd-34a5-867e-70240ef440e5
1998,1998-04-08,B’z,さまよえる蒼い弾丸,bb350887-224d-3626-b823-34f45e2fc022
1998,1998,C Average,Autofac,3155cc26-347c-3293-97d4-600dae5dc84b
1998,1998,C-Bo,Money by the Ton,688afed2-f04b-42e0-965c-6b06b1986dea
1998,1998,C-Bra,Make Up Your Mind!,ca1d6a4a-5ca7-42e3-837b-0be631a3b5b4
1998,1998,C-Bra,Mother and Child,eaa85e4e-0d6a-4d45-bdc4-54910aee944d
1998,1998,C-Tec,Foetal / Stateless,d177a359-76b6-34cb-9f77-6c0de0fc31ed
1998,1998,C.C.C.C.,Polygon Islands 1 & 2,b8577e17-ff5d-4a2b-b881-435523e0b67f
1998,1998,C.C.Catch feat. Krayzee,I Can Lose My Heart Tonight ’99,24bd39ed-dc7c-3540-80a6-0f19a71c517f
1998,1998-11-30,C.C.Catch feat. Krayzee,Megamix ’98,4abcde5d-1773-419c-83d8-9ec49919fdce
1998,1998,C.D.K.,I'm Your Boogie Man '98,42fb3839-1396-482d-8446-31453fe5694f
1998,1998,C.M.,Sensation,47a8c091-dd65-4e05-b46b-4940a3f41c0e
1998,1998,C4,Donna Donna,bd100280-c0de-4afb-832b-f06ae933b384
1998,1998,C4,J'attendrai,7c301c37-3e9a-4b87-a571-fe63e8074dfc
1998,1998,Caater,I Can't Hear U,706cefe4-8634-435b-a141-bba4a9f88e55
1998,1998-10-12,Cable,Arthur Walker,5e56fcd9-11b9-3e1a-a33d-a622ed52cbc3
1998,1998,Cactus Jack,Country Affair / Sickness,031daf59-d21f-43a0-92dc-e5bc58e4b04d
1998,1998-08-17,Caesar,Before My Head Explodes,c829d939-853a-3f50-99c1-8d6ce7406ce3
1998,1998-02-09,Caesar,I Took It Home,4c9ecfc8-013f-38ba-bd02-1a701c19d378
1998,1998-03-30,Caesar,Situations Complications,e995ef30-4911-3fa7-93c2-c86eb951b798
1998,1998,Caffeine,Kill the Brave,f5cb3cb3-e32f-354b-9c7a-49dc9fd5a31e
1998,1998,Cagney and Lacee,Borderline,f30485af-c947-3f94-aca9-c1ee7fafc855
1998,1998,Cagney and Lacee,Earworm Subscription Series. Three.,1456165a-4b05-41d5-8e20-d671b0ca8e79
1998,1998,CajsaStina Åkerström,Vänd dig om,8d3300a5-0d16-4ced-b172-94e91f45b854
1998,1998,CAKE,Friend Is a Four Letter Word,e19b2006-13c7-3109-8d31-acc860ca5219
1998,1998-10-19,CAKE,Never There,3f863cc9-3d24-3855-9da4-355ba6f01938
1998,1998,Calbo & Rockin’ Squat,Dangereuse liaison,e7c4aa24-3fdc-44a3-83d0-0e19a003557f
1998,1998,Calderone,Flash in the Night,6f7684ae-c92a-4621-85f4-e99cd4485556
1998,1998,Calexico,Stray,1be246ed-54cf-490d-a040-de7d0773cda0
1998,1998-07-31,Calibre,Reflections / Last Man on Earth,16a96075-48b2-4077-93b4-fedbbe79deda
1998,1998,Calimeros,Da war diese Sommernacht,e569d703-ffef-4a6e-8bd9-fb8dcd2694f7
1998,1998,Calypso King,Calypso Strut / Party Food,8709b669-5838-470f-a5ae-f2a92cb8379a
1998,1998,Calypso King,Investigators Testifying / C'mon Boot-It!,b3aba99d-ae77-433f-81b6-765eb48ea6e8
1998,1998-02-14,Calyx,Cabin Fever / Reaction Time,020f70f3-16cd-3f8a-9667-152aa34e1b12
1998,1998-02-02,Calyx,Cubic / Narcosis,261485fe-6d12-36cb-bd66-7f5ff572e1be
1998,1998-10-26,Calyx,Distopia / Octane,84f78c4c-f3b6-371a-8abc-70a49c8e5ad7
1998,1998-05-18,Calyx,Double Zero / The Root,3ed0a9c9-a20a-437a-b3f3-15e5b2b80f1e
1998,1998-10-12,Calyx,Fallout / Venom,1d9a84d2-a29a-3d65-86c1-b3fe27e45451
1998,1998-08-10,Calyx,Megalomania / Whole Tone,780ca934-884f-4ae0-823c-4decf6bab35c
1998,1998-03-23,Calyx,Techtonic / Recall,090192db-2b39-3090-ad50-070664dd2695
1998,1998,Camera Obscura,Writing Kodak / We Talked Midi,fc5051b2-ee37-4bd6-9cac-a9292fc3ccd0
1998,1998-12-14,Camera Obscura,Your Sound,793fe107-283f-3a60-99ce-31c780f8b866
1998,1998-06-23,Camilla,Summertime Girl,758bed74-d94c-47b3-bfd9-d48ad8921f62
1998,1998,Camille,Millal maksan memme vaeva,3e74455b-9871-4801-a312-41ae648e8775
1998,1998-06-29,Camisra,Feel the Beat,61f85142-29ef-322e-97a8-8f88ea11970f
1998,1998-02-02,Camisra,Let Me Show You,55d03f2f-ab13-4852-bcf0-5b925fdc0e43
1998,1998-02-02,Camisra,Let Me Show You,f64178ad-940d-396d-847f-b90877625a9e
1998,1998-04-06,Campag Velocet,Sauntry Sly Chic,2f67c0b8-7fb3-3c92-877e-85db61d7c2cc
1998,1998-08-31,Cam’ron,Horse & Carriage,6fe0c909-451f-3b22-88cb-8dddfd9f1b4f
1998,1998-11-20,CANARY,羅紗,96732d9e-41b3-465e-b745-7e78541f332c
1998,1998,Candela Azul,Juegalo,fa78f6f1-9c1c-3587-98d9-2ac54b254223
1998,1998,Candlebox,"10,000 Horses",9b415e3c-a06a-4bdd-a628-3828d566de72
1998,1998,Candlebox,Happy Pills,abc73793-5612-4fe1-a8ef-8396064a2bfd
1998,1998,Candlebox,It's Alright,57fe7733-449d-44c8-90b4-c8076029d617
1998,1998-07,Candy J,Bamboozled,ab62bb6f-cb06-47d0-ac4b-29c7ba043aa9
1998,1998,Canephora,At A Loss For Words,c6c3e267-3570-4d39-966a-ecbbb37ae845
1998,1998-03-24,Canibus,Second Round K.O.,9b762a29-c700-3638-94d7-c4b5939624a6
1998,1998-05-24,Cannabis Monkies,Control My Mind,15929a5e-a6b3-4b65-bc5f-7da2da7940d0
1998,1998-10,Capone,Friday / Alaska,f13e29fe-3d80-3ca3-af6a-84505288b22d
1998,1998,Capone and the Bullets,I Don’t Feel,0298913d-7e71-4882-83c9-7c09c3229937
1998,1998-09-22,Cappella,U R The Power Of Love,648dbac0-ebe9-45da-9051-7c3816d84b5e
1998,1998,Cappuccino,Männer ('98 Remix),cfddd979-056b-4581-9778-cf990cb7a570
1998,1998,Capricorn,All I Am,c2a4cb2c-a1d9-4d62-8ea0-f7d644a93921
1998,1998,Capsule Giants / Rocketship,Since You Broke My Heart / Love So Estranged,6ba11909-0048-4559-85ad-5acc894ac4d2
1998,1998,Captain Cozmo,The Final Countdown,9a5c87cd-60e9-4271-ae2e-0ee6e4913bd8
1998,1998-11,Captain Tinrib,"Coke, 'Cos I Learn to Cope / Taking Too Much (Dutch?)",0ad0af01-33e9-4311-8a3d-74a40fca1b04
1998,1998-06,Captain Tinrib,The Manta (remix),f36a39f3-5126-487c-8acc-992dc5e69095
1998,1998,Capuccino,Ascultă-ți Inima,4ab93417-24bf-4fcc-8bc3-186f13053046
1998,1998,Carat Club Trax,Night & Day (Monday Mixes),d824dec5-416b-4bcd-9513-10a728e07f56
1998,1998,Carat Club Trax,Night & Day (Sunday Mixes),b7dcce42-cfc6-4d81-9983-b3b185a6115a
1998,1998,Carbon H,Oxidize,edb2f8e7-1ec2-45a5-8506-873a657f6143
1998,1998-09-21,CARESS,DROP,26cb637d-00b4-48b4-8ce7-87b19d6a7731
1998,1998-08-01,CARESS,equal / Cloudy Life,ff7cf239-dc8d-4287-909f-5dce59e7f22c
1998,1998,Cargo,Cargo (The Horn),7b562a12-e4b8-4be1-8b7c-37b0be426e34
1998,1998-11-30,Carl Cox,The Latin Theme,00e61e49-b854-4864-87ea-7e8e31195cb1
1998,1998-01,Carleen Anderson,Maybe I'm Amazed,a26973a8-45a9-3be5-a9db-1c839adf748e
1998,1998,Carleen Anderson,Woman In Me,27395842-d0f5-4761-8758-95ec5e21243c
1998,1998-07-03,Carlito & DJ Addiction,Future Elements / I Want You,773a7e8c-ab1b-3a87-9897-ffcf2e9f44cc
1998,1998,Carlos,Rush Me,8f09ce9c-800e-4436-bf5e-a3287465287f
1998,1998,Carlos,The Silmarillia (Remixes),da49cc25-37d9-4e34-a1fe-c8bca8f393b7
1998,1998,Carmen Consoli,Bésame Giuda,85e4cd45-5f2f-38ff-a544-d27e7df39800
1998,1998,Carmen Consoli,Puramente casuale,5939454b-b5da-30eb-b3bc-82b565ee9699
1998,1998,Carnival Feat. R.I.P. Productions Vs. Red Rat,All of the Girls (All Ai-Di Girl Dem),792dd1a7-4eaf-4cc6-9c51-6eeae9a0da2f
1998,1998,Carol Medina,Wonder Woman (Theme Song),83991042-42b7-43b2-a0c8-e8ef46d729f6
1998,1998-08,Carole Fredericks & Poetic Lover,Personne ne saurait,48ac0b27-9a69-484c-9ee6-84efdcc21ea6
1998,1998,Carolina Marquez,Amor erotico,d0105333-aa4e-448a-9009-bc0b09bedc5f
1998,1998-06-01,Carolina Marquez,S.E.X.O.,942c6457-a964-4fb4-9186-13a4ab4ae152
1998,1998,Caroline’s Spine,Wallflower,22c6c92b-b144-4fa8-906c-5f04fa3083e4
1998,1998,Carrie,Breathe Underwater,c04cc580-8411-4918-9075-bc21508fea7f
1998,1998-07-06,Carrie,Caring Sharing Song,f2cbffd5-5a55-337a-b7a5-7755834103ac
1998,1998,Carson,Up and Down,141f65b7-2c22-400c-be7c-fb3eca227947
1998,1998,Carsten Fietz,Rappelkiste,ee675e64-1ff7-4e29-8235-fc33b6723114
1998,1998,Cartoon,Fade Away,05c5c009-5fa0-426e-8007-045246b48f5e
1998,1998,Cartoons,DooDah!,84548b35-6543-3442-9946-dbeb9d8365b7
1998,1998,Cartoons,Tutto passerà,c2cb8e2a-4786-449e-96c4-6601cd629244
1998,1998,Cartoons,Witch Doctor,aeaf0bfe-6696-344e-8f22-45edf9b92a9b
1998,1998-11-11,CASCADE,cuckoo,0205d62c-d828-4c7c-8a03-b3a757ccac97
1998,1998-08-12,CASCADE,FLOWERS OF ROMANCE,56466a7c-ec72-447f-b9ee-6d6eeca01231
1998,1998-04-22,CASCADE,S.O.S ロマンティック,ab7a18d6-a8b9-4218-ad35-0500a5d1d3ba
1998,1998,Case feat. Joe,Faded Pictures,c0000ff5-9b81-40e8-a6a3-8f842a3979ba
1998,1998,Casiotone for the Painfully Alone,Casiotone for the Painfully Alone,134e8db8-bb60-424c-b3c4-f655f94d3121
1998,1998,Cassio Ware,So Beautiful,51e12cc1-071c-3a26-92c3-cc435996bd61
1998,1998,Cassita,La Foule,6b6c67d1-c536-3a84-ab16-08d8c8943a05
1998,1998,Cassius,99,f37d7bac-e833-3dfa-8320-a3822cd3c25d
1998,1998,Castel,Estrel,85101b85-bfa2-4af2-8dcd-d3850e02a699
1998,1998-11-02,Cat Rapes Dog,Down and Out,5fd9f02d-8a9f-395e-88e4-2faadf81232b
1998,1998-02-23,Cat Rapes Dog,Motorman,818a8a53-6f55-32bf-9c88-ffd1dc47436b
1998,1998-10-26,Catatonia,Game On,31700ad1-a5dd-3cfe-b445-27cb15b120c1
1998,1998-01-19,Catatonia,Mulder and Scully,290d49ae-08f1-399a-9e4f-d31689fbf3e3
1998,1998-04-20,Catatonia,Road Rage,26b02a66-b9b2-3453-8b4e-60f2d7073210
1998,1998-07-20,Catatonia,Strange Glue,40c7bfad-0488-38c4-a4ef-2ae02ef38f5d
1998,1998,Catch,Dive In,a023c716-d479-360c-b9ea-085c4054e025
1998,1998,Catch It Again,Heartbreak Hotel,93dab950-c895-4915-967d-48312d03307b
1998,1998-04-08,Catherine Catherine,太陽と月と私,6a241a0f-7ce3-4c12-9a70-880cb631e692
1998,1998-09-23,Catherine Catherine,笑わせるじゃないか,40ebb6ae-ffa9-425d-bd7e-501465d813c8
1998,1998-02-16,Catherine Wheel,Ma Solituda,8aa5b358-e504-356f-b9d5-e66bd88d94b3
1998,1998,Cato,Feng Shui / Scars Are Hereditary,89bfb43f-fda2-4d92-be93-bc4bc27c5270
1998,1998,Cato Sanden,Reach Out a Hand – It's Christmas Time / Friendship,a320fcb6-28a8-4c73-af42-12fa9972951b
1998,1998-03-23,Caught in the Act,Baby Come Back,e134ab33-9064-3aa6-8cb7-f60012e61cd0
1998,1998,Caught in the Act,"Baby Come Back, Part 2",846fa3d7-75f0-46bf-8ade-988021652085
1998,1998-07-23,Caught in the Act,Hold On,329f7a2e-29ab-34f7-b898-91bbec6771e8
1998,1998-11-02,Caught in the Act,I Wanna Stay With You Forever,81ace70b-e4b5-3a21-bfa8-58a32d0f43f7
1998,1998,Caustic,Demo-Master,6933cbc4-0ebe-4f62-a163-f251a0e88aa5
1998,1998,Cavity / Cable / Jesuit / Overcast,"In These Black Days: A Tribute to Black Sabbath, Volume 4",c43fea51-bf9b-45bb-a969-3b1c70341b58
1998,1998-08-31,Cay,Better Than Myself,76b14431-c2ae-3e38-9036-56af7e9eacce
1998,1998,Caya,Send Me an Angel,032407a7-5dd4-3690-a746-665e1194a87f
1998,1998-09-23,CAZACY,ベクトルは上向き,c0a3c96b-5242-4b53-8248-1eb935794c62
1998,1998,CDB,Let It Whip,db2ab0d2-faea-3981-9c01-3fa4c596873b
1998,1998-05-11,Ceasefire vs. Deadly Avenger,Evel Knievel,45407f43-699c-3107-81e2-0f74eb3fa5a0
1998,1998,CeCe Peniston,Somebody Else's Guy (Tuff Jam / Eric Kupper Mixes),b14dfb19-c488-487b-bd0f-952c4f1b2271
1998,1998,CeCe Peniston,Somebody Else’s Guy,4310bcc6-eb9f-438f-b51e-fa3549f17d5e
1998,1998-03-21,Cecil,The Most Tiring Day,3192bf08-5d02-3d23-b27a-68fedb19dc00
1998,1998,Cecilia Ann,Y Tú Qué Haces / A Day In The Life,55330f00-3c2d-4216-958e-0506659c4ae5
1998,1998,Ced-Gee feat. Woozie Wooz,Long Gev,798f741b-4b9f-4748-960c-06ef424ba100
1998,1998,Cedar of Lebanon,Kingdom / Too Far Gone,49fb8ead-cb29-40a0-94e1-d8223d63efbf
1998,1998-02-05,Celestial Rite,Promo '98,161a20b9-2c13-4e74-8568-8ca2cc9f9e7a
1998,1998-11,Celestial Rite,Promo II,29f7b9c6-99f3-444e-a60a-695befc289b7
1998,1998,Celetia,Rewind,f849f301-3b77-4104-bd16-e46da0db2cea
1998,1998,Celtus,Every Step of the Way,2ac7741a-e374-3e45-a1b3-216e1377d5aa
1998,1998,Celtus,Strange Day in the Country,1a549ace-3f84-4758-b32d-38c562f94d1b
1998,1998,Central Seven,Big Fun,779a716a-e6ab-3e20-9a0b-520f90c106be
1998,1998,Central Seven,Error,471a92e9-12b6-3f08-8241-72d5752b6b1e
1998,1998-07-01,Cevin Fisher feat. Loleatta Holloway,(You Got Me) Burning Up,eeb2a6cd-36e0-33a8-9b47-c7b54ce9c9e7
1998,1998,Cevin Fisher's Big Freak,The Freaks Come Out,926d7800-6066-445c-b8e8-35fd24e5af6c
1998,1998-10-12,Cha Cha Cohen,Freon Shortwave,c40b3e26-77b4-3264-b04f-f0a2fd3adf18
1998,1998,Chaise,Only Be Me,0984e4c6-cde3-429c-a627-a036931f04f3
1998,1998,Chaka Khan,Don’t Talk 2 Strangers,00c96edb-1734-47ea-9eca-4b3d0fb95068
1998,1998,Chamberlain,Go Down Believing,ee3aab40-f757-306d-bf9d-157a776c1716
1998,1998,Chancellor,The Dark Night,ada5a9eb-76dc-3732-90b5-9dc808e18456
1998,1998,Chandeen,Spacerider,3d94e166-5dbb-3171-bb78-51b3f08ad747
1998,1998,Channel Live,Six Cents / Live 4 Hip Hop,9363593f-02dc-4760-aa84-d0bfdb907dd0
1998,1998,Chantal,Che Sara,d713fbe1-1d32-4719-b976-24a9d14d87e0
1998,1998,Chantal Kreviazuk,Leaving on a Jet Plane,c9d5f0d3-8d2f-3f86-8eca-de48460dbabf
1998,1998,Chaos Inc.,Dark Power,a64e8fed-0a62-4f4a-91b7-1f074ad9fc13
1998,1998-07-18,Chara,DUCA,9c8d94be-f580-38fe-80bb-93f76521765b
1998,1998-10-21,Chara,光と私,435db671-29b1-396e-9eeb-fe2d12801c9a
1998,1998-06-19,Charles Dockins,Journey,cd041a7d-c39e-4965-a6bd-0c8c15897cb4
1998,1998-06-08,Charli Baltimore,Money,1f6fb766-49a8-355e-bee9-15830671e634
1998,1998,Charlotte,Be Mine (Nu Birth Mixes),2d679289-56e2-4770-81c0-2689b8256018
1998,1998,Chayanne,Deixaria tudo,cbe4ddf8-6e03-4e74-b9ec-2fd9ebabf97f
1998,1998,Chayanne,Re-Mixes,a3384a60-6d85-4920-9f47-80712694b806
1998,1998,Chayanne,Salomé,e4485088-3534-42ed-b01f-e79c56595dcb
1998,1998,Chayanne,Salomé (remixes),3afe1098-a123-47b0-9bcc-f9bc13c178df
1998,1998,Chayanne,Soy como un niño,eb698eff-6c8a-4235-bb98-c269d0917c49
1998,1998,Chazz feat. Coolio,Raise the Roof,100d786b-4bd1-4f3e-9d34-5dad82757b96
1998,1998,Che Fu,Without a Doubt,2e16f008-d000-3202-b249-1186a791eaed
1998,1998,Cheb Mami & K-Mel,Parisien du nord,fec597ab-ed05-3cf7-964d-3b898ad747f8
1998,1998-12-07,Chef,Chocolate Salty Balls,3f93f04b-9a63-3a02-9033-c2ffeb4aaa33
1998,1998,Chef,Simultaneous,87fdb181-f458-42c0-895e-3696d4f14f50
1998,1998,Chemical Reaction Food,I,1ef53b4f-c049-4e8c-9cd6-841f5feca946
1998,1998,Chemistry,C-Stroke,36c98927-3532-480a-b4d8-2448a997f094
1998,1998-10-12,Cher,Believe,681d0cd9-a862-37d6-9018-fb4e5b280cea
1998,1998,Cherry Bomb,A Drift,b1d67a9a-822f-4160-b5f5-98f0b276b5e2
1998,1998,Cherry Moon Trax,In My Electric House (Santini & Stephenson Remix),b4d45112-4c96-422f-92c8-be7013e27d6f
1998,1998,Cherry Moon Trax,The House of House (trance Mixes),fc534005-960d-4708-992c-23cbb2b1337d
1998,1998,Cherry Pie,Eye to Eye,a4d41d83-1176-4e3f-998e-2b940514f0d2
1998,1998,Cherry Poppin’ Daddies,Zoot Suit Riot,58496551-e203-35be-9800-ad10a12fb0d2
1998,1998,Cherrymoon Trax,The House Of House,6511f468-08d9-42cd-b4ab-4a18c4cf4e8a
1998,1998,Cherrymoon Trax,The House Of House / Let There Be House,3749e807-8749-4bed-ad96-03ffba8bac80
1998,1998,Chewy,All Over the Place,069ca4ca-02d0-4ebc-bc0c-ef480f4b8051
1998,1998-08-12,chez vous,きっといつか・・・,cb3fc08e-60cb-487d-bab8-9115a4d6ca7a
1998,1998-03-16,Chi-A.D.,Exit Eternity / Beyond the Singularity,9e6ca6dc-e1ee-4c41-a418-248084240578
1998,1998,Chicago Jaxx,Vol. 2 - We Praise,a13cd7fe-01a8-4c58-8b73-c5ea3aea8eb6
1998,1998,Chicane,Red Skies,f85daad2-97f5-40c4-a437-8493c06445d2
1998,1998-09-21,Chicane feat. Mason,Strong in Love,88f8c994-d568-3382-899e-baea9a570b84
1998,1998,Chicco,The Great Commandment,44cf65bf-9ab8-4a54-a4c0-e0d7ffce8803
1998,1998-06,Chickenpox,Truth of Our Time,0d444534-e7aa-48c0-9f97-caa13f0abdd9
1998,1998,Chico DeBarge,Playa Hater,278a621c-e881-4895-a3a4-9f80137bda10
1998,1998-01-28,Chieri,TSUBASA,bf1f3833-84d7-4f2c-b87e-a198e6253d92
1998,1998-09-21,Chiffons,Higher & Deeper,96bb37d5-9137-412c-8a1c-19ffe5edf6ad
1998,1998-06-21,Chiffons,君を守るためにぼくは夢を見る,274cb9b0-ce7e-4f68-9ceb-fcf3da5b565c
1998,1998,Chihuahua,Monument / Renegade,60699bd4-e60a-49e3-8f6f-f5ad30f07ded
1998,1998-03,CHILD HOOD'S END,少年が故の情熱,57b5cf79-775a-473a-ab83-84d6dd9e6219
1998,1998-11,Children of Bodom,Downfall,b2fbfbe4-1d17-3c40-b3dd-74389afcdee1
1998,1998,Chill Out Feat. L-Zone,Get Down On It,b1311983-df58-49bf-94c0-2e952663da76
1998,1998,Chilli,Say I’m Your No. 1,20d06058-84bd-42a0-9ce5-74c3825b2039
1998,1998-04-13,China Drum,Stop It All Adding Up,3d199601-b5e0-4393-a55a-715119e87d8f
1998,1998,Chloé,Round & Round,7551fb8e-e3ff-472d-9750-7cb6d16d8e3f
1998,1998,Choci,Can You Feel the Force,52a13100-d9ed-4f1d-9660-559f6d1211c8
1998,1998,Choci,Hoovatastic / Osaka 3000 (remix),1a9eeada-3e39-4512-91f5-21ae84b93659
1998,1998,Choci,Mitsubishi Landings,33cfa93a-fe4b-4848-85d6-8bf26bb88b14
1998,1998,Choci,Strange When You're Twisted,1e0b8eda-228c-49a2-acad-aee90f42ff23
1998,1998,Choci & Fiona,Seminary School,43115d61-1f82-482d-bbe6-f15f1d7bf5c2
1998,1998,"Choci, Cai & Ford",Moon 5,c4c8edcf-66a1-47b4-a56a-ad7e7a5d37e3
1998,1998-11-21,Chocolat,Cloudy,bbe75861-1e3b-3944-bb2a-dc820f05229d
1998,1998-05-21,Chocolat,もうひとつの雨 one too many rain?,f281904a-a5f6-4178-b6a2-c174123c29b6
1998,1998-02,Chocolate Weasel,Music for Body Lockers,23838a6d-dc1f-3aea-b229-264bde5d3b4f
1998,1998,Chopper,7 Hours in a Bathroom,babe992c-05fd-39ff-b94a-3ef7cbd0d8c8
1998,1998,Chorea / Asmodinas Leichenhaus,Split Single,805b5bdc-d4b3-4e61-bfe8-ea872e319faf
1998,1998-02,Chosen Brothers / Bullwackie’s All Stars / Rhythm & Sound,Mango Walk (dubwise version) / Mango Drive,3efd72b7-0e43-44d5-b172-52d6315ab0eb
1998,1998,Chris & James,Club for Life '98,76047800-2049-435a-b16d-8d856466d0ec
1998,1998,Chris C,Citrus / Torpedo,959ae328-4c12-4f7b-86bb-e558f2a56e60
1998,1998,Chris C,Damned Lies,65c3580a-89d8-4e57-90b5-b51c9ea057c1
1998,1998,Chris C,Fool's Gold,1dffba56-68a7-4e65-8359-ffeef3a4764e
1998,1998,Chris C,Plymouth / Fire on the Moon,6477ada5-c12f-47b4-808a-9d084cc079fb
1998,1998,Chris C,The House of Sticks,8f45f0f6-4295-4e00-8f1c-0faed76b0ee6
1998,1998-11-28,Chris Daniels,Shockwave / Warrior,f31675b3-bc4b-40e1-bbed-f4836ac19520
1998,1998,Chris Energy,[untitled],20bc2101-3586-49ae-9410-ea38acaf1360
1998,1998-09-22,Chris Isaak,Please,674e63b9-5ac1-4ba8-a6d6-4b2eda8e1bf1
1998,1998,Chris Isaak,Please,9e61db01-c915-446c-b3c6-868396a8b191
1998,1998,Chris Korda & The Church of Euthanasia,Sex is Good,75045de9-a713-300c-bc1e-2450c93dfd44
1998,1998-12-14,Chris Liberator,Techno Purists Suck on This / Test 4,df584662-0d90-34a4-a2e8-7d0ef54fac50
1998,1998,Chris Liebing,Dandu Groove,7c347f37-5f1f-37a8-9a17-3b32b4165288
1998,1998,Chris Mack,Every Day,45b39e7f-fbd8-4835-9251-0d30caef0d0a
1998,1998,Chris Mack,Ka-Boom / Jus Remember,cd71813e-a3de-4d42-98eb-27b120f27aaa
1998,1998,Chris Mack,Take Me / Set It Off,f332234b-4ee1-4671-8e74-871fd35c9a96
1998,1998,Chris Raven,I Know You Love Me Too!,b6f8010e-6ef6-4c3a-9d87-1fdceaf5c602
1998,1998,Chris Rea,"Square Peg, Round Hole",b6851037-accf-46b5-8de8-a6d77049420b
1998,1998,Chris Tarry / Dylan van der Schyff,Sponge,fa99774a-49f9-49b5-a7fc-f31b721156fb
1998,1998,Chris Thompson / John Van Tongeren and the Stuttgart Chamber Orchestra conducted by Dennis Russell Davies,Zu leben (To Live),4fdc3d4f-8a0b-49d4-bd53-f46bb6d9810b
1998,1998,Christian Anders,Traumwelt,fa6f711b-ba17-4587-b3c8-056f4ce85db4
1998,1998,Christian Morgenstern,League: Be Here New,8d4d2fad-bd81-3481-b6cc-6af1bffaed75
1998,1998-11-23,Christian Wunderlich,In Heaven,12515f81-1cd2-398c-8125-5d60621a83a4
1998,1998-08-10,Christian Wunderlich,That's My Way to Say Goodbye,4ad7f4d9-9987-3cdd-9039-345f0c710b32
1998,1998,Christina Aguilera,Reflection,694aa0d9-0236-4ace-ae1a-f0c434d0309a
1998,1998,Christión,I Wanna Get Next to You,88bed4eb-5f53-4c5f-b185-535e34d10cd6
1998,1998,Christo,Laisse Tomber,00abbb87-4fed-4e5f-be0a-6c6bd8bdd599
1998,1998,Christopher Just,8 Bit City Limit,029ce669-a76b-41bd-ab14-46b90c87b696
1998,1998-04-03,Christy ＆ Clinton,beginning,4a6e2e0f-3284-4628-a2c0-b9e146c7f388
1998,1998-12-23,Christy ＆ Clinton,クリスマスが過ぎても,a8f72afb-b251-4e6e-8d3d-9ab2e96e659d
1998,1998,Chrome,The Fly,aa282891-2d71-47e6-be0e-972e11bad2f7
1998,1998,Chronicle,Jah Rise,3f7b31aa-d033-43e0-bfa3-b3ab22a8adb2
1998,1998,Chucklebutt,Tubthumping - I Get Knocked Down... Pop & Club Mixes,b30c7fd5-d036-43e6-9f95-b667d89f0c23
1998,1998,Chumbawamba,Mouthful of Shit,6da47d7f-5d71-48f0-a5ff-35200b0113b1
1998,1998-05-25,Chumbawamba,"Top of the World (Olé, Olé, Olé)",e22a2a8f-f0d7-3e43-9aa6-bf5063d50fb3
1998,1998,Cianide,The Truth,1089b37b-720d-4225-b4c0-814b2cba6339
1998,1998,Cinema,Kuru,f48fd531-79fc-46f0-84a8-272610603d74
1998,1998-08-24,Cinema Recorded Music Library,"P. Beretta, Parts 1 & 2 / Astro",d147cd5d-8898-32bd-a51f-81bbde8a1768
1998,1998,Cinema Strange,Mediterranean Widow,e0560b62-8516-43a1-8821-41633b55aca8
1998,1998-11-30,Cinerama,"Dance, Girl, Dance",7e0a24bc-0619-406c-affa-3ba564d43437
1998,1998-07-08,Cinerama,Kerry Kerry,9ac2d2d8-407c-37f1-a1e0-c86be03f2fb9
1998,1998,Circuit Breaker,Play With The Funk,d6a4554b-627b-486e-80ca-7ed0d77e3b69
1998,1998-04-01,Circulation,Blue,568a57de-de11-43f6-9ea0-19c09d463db4
1998,1998-01-02,Circulation,Green,c681cbca-1620-4aea-9d27-c09e6aeb75e8
1998,1998,Circulation,K. Loop,52eee1bf-3bb3-4e6f-b284-92931ba7e888
1998,1998-11-01,Circulation,Limited #1,208c41b7-854c-4cc9-afbc-8eb813920c45
1998,1998-09-01,Circulation,Mauve,80eb3f5d-e2cf-46d9-85ef-b4f7e7ce5e60
1998,1998-10-01,Circulation,Orange,8b97a519-5d3f-4bce-8f39-fc94b199c068
1998,1998-12-01,Circulation,Pink,c8d68535-18d9-44b7-9b21-3d97f782b163
1998,1998-08-01,Circulation,Red,cf0422af-fd71-4ce8-937a-960fdb3cfb87
1998,1998-06-01,Circulation,Yellow,4ae63c3c-174f-43d4-b379-e526ff00f548
1998,1998,Cirrus,Back on a Mission,4e2a580d-9d90-33ca-a5b6-30e6a19ff93d
1998,1998,CIV,Secondhand Superstar,536cc8df-26a6-4e20-a09b-226deac0b64c
1998,1998,Cjd Project,Here I Come,6786b871-d5bb-3f7d-80c7-2b5b2ab9c98b
1998,1998,Cjd Project,Ping Pong,1090de8d-db80-3bd8-bbaa-59c4d6d30d97
1998,1998,Clair,Spiralstairs,b01b06ad-55b3-42c5-9a0b-5aa7ba60c6a2
1998,1998-07-19,Clair de Lune,F.A.K.E,e3a150e1-2dd7-3623-b046-d390fe17b900
1998,1998,Clan of Xymox,This World,397e2f8c-c0dc-3d2c-ab6f-c29facd2d423
1998,1998,Class of ’99,"Another Brick in the Wall, Part 2",c6b6dc69-f249-4408-ace8-1f6678945f80
1998,1998-08,Classified,Must Be The Music,b47810b0-19fb-4532-bbe1-764817cc30ca
1998,1998,Classified Project,Resurrection,7aa7a5d9-e834-443e-a68a-a60b385a5a6d
1998,1998,Claude François,"Alexandrie, Alexandra Technomix",1255be3b-b261-4e7d-acbd-54b3df45e20c
1998,1998,Claudia Christian,Taboo,32eca555-cf8e-4c77-b3dd-be56e3227a10
1998,1998,Claudia Greiner & Uwe Jensen,Heut und für alle Zeit,3579706b-85e4-45e3-a6b9-4b5b6a4572ab
1998,1998,Claudia Jung,Ich vermiss’ Dich zu sehr,dbd74950-1245-4e9a-8c67-752b66531584
1998,1998-11-02,Claudia Jung & Nino De Angelo,Hand in Hand,5031563b-d333-4d38-bf5d-076ae8b6b21d
1998,1998-05-25,Claudio Baglioni,Da me a te,f938abba-ea0d-3121-a338-a221fe14bcf9
1998,1998,Clawfinger,Don't Wake Me Up,0d72fccb-d318-364a-b79f-bbc11ac399ff
1998,1998,Clawfinger,Two Sides,f4d8c651-f46b-3a1c-8a0c-5432e0279a87
1998,1998,Clay Acox,Don't Stop,fc98bea1-f64e-360a-8147-75e628007441
1998,1998,Clay Walker,Then What,6d18226c-6676-435e-903e-43ad086f3d70
1998,1998,Clear View,Never Enough,f4cd6cbb-738e-432a-9cc1-d23075bc6cb5
1998,1998,Clemens Neufeld,Bolzen,e496fe5c-ce3d-302d-aed7-5c06ffc5d202
1998,1998,Clemens Neufeld,Brandung,931b76ce-1c92-3dbb-a664-dbe3b899f832
1998,1998,Clemens Neufeld,Sauerstoff,7c95d8fb-7a75-3d17-9b03-bb3336062537
1998,1998,Clemens Neufeld,Untot,f66e4840-7654-31c4-a7b5-968596d54937
1998,1998-02-19,Cleopatra,Cleopatra’s Theme,10e09ee7-ea2f-3286-af5f-3f3b1974ab35
1998,1998-08-10,Cleopatra,I Want You Back,9d2dbe18-0b84-4c1f-85c6-92e73011d2d4
1998,1998-05,Cleopatra,Life Ain’t Easy,5e7d194c-23e6-3415-830e-086f366448eb
1998,1998,Cliff Richard,Can’t Keep This Feeling In / After This Love,0acbb992-3d4b-445f-8451-04ab848015e3
1998,1998,Cliff Richard,Living Doll,f5d0221c-f5ef-3b19-8d97-31ee41175416
1998,1998,Clima X,Parasyts,1535fda7-e836-4eda-b818-9f2c266f5539
1998,1998,Clint Boon,Only One Way I Can Go,bdeb66ca-1371-38d2-8fd2-c0d19e8089b5
1998,1998,Clint Mansell,"πr² (12"" Mixes)",41fa45d7-2da8-4492-bc46-8fb7981bac00
1998,1998,Clipse,Got Caught Dealin' Pt. 2 (We Get Money),b8ea436a-be1b-4f95-8025-3b9600696960
1998,1998,Clipse,Got Caught Dealin’,da5a700a-0dc3-419f-aa1b-bdae2f909de3
1998,1998,Clock,Blame It on the Boogie,83038981-8e51-3bd0-989d-6ce0dbdb84a2
1998,1998,Clone I.D.,Truth,c2215ecd-f3e0-4a15-9939-186fafa228e3
1998,1998,Clonoa,Can You Feel,b2e875c9-1b0b-467d-a8a0-dcf84c829de3
1998,1998-11-20,CLOSE,このまま,792cd517-3cae-40a4-83a9-a13dc3bc4f2b
1998,1998,Close II You,Hold Me Now,e917661b-6b6f-32c3-b910-fe5f85131c17
1998,1998,Close II You,Somebody,4d363587-2b1f-3ae3-b24a-9b74a9221010
1998,1998-07-21,CLOUD,more than ever,f2f10367-cea2-4da0-9f6c-83aec627483d
1998,1998-10-25,CLOUD,あの丘につくころ,2543f276-ebb9-4799-ad69-a171a426f0c8
1998,1998-06-22,Cloud 9,Do You Want Me,0fe6f277-81d1-410c-97ec-d6a08fe27ccf
1998,1998-06-09,Club 69,Alright,adf238c9-6feb-3485-93b9-1fb4939d3196
1998,1998-10-27,Club 69,Muscles,ba9db098-c6f0-3e2f-9a46-a016f34df084
1998,1998,Club 8,Missing You,6c8891c3-f84d-3f69-aafb-685c8a42d4f6
1998,1998,Club Giants,Royal and Ancient,667fb59e-3453-4a6f-a2b8-ddb29dcca976
1998,1998,Club Masters,Can You Feel It,064af405-b3fb-4eb5-a935-73e5d34e0719
1998,1998,Club Masters,Give Me Some Horns,0d61bf6c-d87d-4278-b0f6-9d0f133ad427
1998,1998,Club Riders,Groove On,cc40e637-5590-48d7-8b06-6141c7c9ec63
1998,1998,Clubface / ? / Secret Diary feat. Supermax,Love Machine,edc4edd1-2742-49cc-9662-964455a9bbae
1998,1998,Clubkraft,Der goldene Reiter,eded6cf2-bae5-4cde-b2c4-b94c73a7a98a
1998,1998,Clueless,My Heart Will Go On,1f6de544-c513-3257-a785-a1f5ef3460c4
1998,1998-10,CMX,Ei yksikään,dd3865a3-2a9c-3580-a74a-56b7c6bc0314
1998,1998-11,CMX,Sillanrakentaja,f343763b-ab28-3c63-869d-7983fde65095
1998,1998,co.uk,Influenced,04d85e24-352a-43e0-9934-d42032dfb618
1998,1998-04-21,COA,Chase The Wind,ed0350a6-0523-44b6-ab0e-f4b3741b2a11
1998,1998-12-01,COA,SPACE DREAMER ～遥かなるビーストウォーズ～,7e947a8f-33db-4885-a554-854001aff93d
1998,1998,Coade,Schizo,8e97e685-249a-34df-beba-0dd939893c85
1998,1998,Coal Chamber,Big Truck,fffbd38e-efb8-3778-870d-42037e47ae87
1998,1998-01,Coarse,Hate You Again,d7314584-dc2a-4618-8bf2-2af7a8bd6632
1998,1998,Coax,Orchestra,ccb58fb0-f322-4a8e-952b-2f38e2e2ecd8
1998,1998-06,Cobalt 60,It,b10565a7-463f-3b4e-afa8-1e8b87c9c615
1998,1998,Cobra Killer,Right Into a Kick for More,4918d0b4-25d9-3ede-86b4-ba30935a422d
1998,1998-03-21,Cocco,Raining,103f9555-081b-332d-8bad-30244e97d5e8
1998,1998-10-07,Cocco,雲路の果て,3e610516-b129-3256-bb2f-f3fb2f6a97ee
1998,1998,Coco,Bedtime + Voodoo,1ad21791-2f7e-4f83-b942-0874f7be2b85
1998,1998,Coco and the Bean,Fair Play,ae3e6ba8-ef16-4293-bbc8-73e62d2e156a
1998,1998,Cocoa Brovaz,Black Trump,65648ee4-dfd6-4119-8e56-494d28f1a619
1998,1998-11,Cocooma,District of Power,05cb46a6-6077-4675-aa61-cc9831521461
1998,1998,Code-37,Astral 98,475558f5-d26c-3894-8f2f-1013ab780b90
1998,1998,Code-38,Vision,6ed67805-de43-4579-99a1-23fee47705f8
1998,1998,Code-40,Aural Harmony,19413754-d732-4f39-bed7-06972cbe4b62
1998,1998,Code-42,Higher,972247d2-e338-43c3-9d70-84ac765834d4
1998,1998,Coimbra,Another Star,02f8c36d-f631-48e5-9eeb-c0a00228ba0b
1998,1998,Cold,Give,5b435ffd-2b0d-4235-b00f-de5ab28e9ee4
1998,1998-05-23,Cold,Go Away,35580672-2c14-30d6-824b-dea8963edb01
1998,1998-08-24,Cold Chisel,The Things I Love in You,d91db3f4-d4cc-36ac-b58e-b5adbb037502
1998,1998-10,Cold Chisel,Water Into Wine,19a031fe-a2f5-3b8a-8867-d034137621e1
1998,1998-12-25,Cold Cutz Deejays,Hip-Hop vs. Rap Megamix,34bd72f8-6f32-4a7d-b30d-d057a6eba827
1998,1998,Cold Fire,Alienation / Stick To It,1739dc56-0b15-43f9-9836-1e5bc5b786be
1998,1998,Cold Fusion Mafia,Psychonomicon / The Venturi Effect,400f920d-8603-422f-a7f9-dc98f3526daa
1998,1998-01,Coldcut & Hexstatic,Timber,0cb82468-c283-3f9d-97d4-8589aeb3a4bc
1998,1998,Colder Thy Kiss,Summer's Dying Twitch,6d644421-564c-4792-b675-cce17b538785
1998,1998-06-20,COLDFEET,PUSSYFOOT,6e45954e-a058-407c-afe9-33dbbf5f3cb5
1998,1998-05-04,Coleske,My Only,f82874b5-6de2-4961-902f-b60282122cef
1998,1998-08,Colin Buchanan and Lee Kernaghan,Tough Job,7bd94355-bc0c-454c-b403-f8f945e68ce7
1998,1998-11-03,Collage,Love of a Lifetime,6d75efd1-5b1e-37af-af28-17e02e4773c6
1998,1998,Colonel Abrams,99½,ea6b7be7-6343-30db-af91-74fac885c28e
1998,1998-07,Colonel Gurnell,Time / Pink Haze,807e8e02-14d8-47c3-83c1-19b2c71caf08
1998,1998-07-07,Color Me Badd,Remember When,273e079e-bd27-4815-8475-1725c5d33658
1998,1998,Colossamite / White Tornado,Colossamite / White Tornado,66f6ef7f-f1d0-4aa4-8763-64c62cc0b571
1998,1998-02-09,Coma feat. LTG,Requiem (of a Junkie’s Dream),33419226-99d0-466c-82fc-abd035bdd13e
1998,1998,Coma feat. LTG,Tell Me the Way… (Don Juan),91947b94-6f7d-455f-98d4-16bb2e9b2e42
1998,1998,Come Inside,Celebrate,a6a4e819-fe96-4a67-a0ad-81224ad4d82c
1998,1998,Comedian Harmonists,Weihnachtsgrüsse,868221db-e45e-45f3-8312-7ca3431313f6
1998,1998-03-02,Cometz,Please Mr. Postman,c13e8106-504d-4a3c-8c2e-c2ab1efeaab4
1998,1998,Cometz,Scooby Dooby Boy,7cc96664-7013-4f0c-8a67-229885e2cf25
1998,1998-05-27,Coming Century,夏のかけら,eecbb843-618f-3631-9dc0-260d00e6f97a
1998,1998,Commander Tom,Kiss Myself (Remixes),b941c2c0-6b32-47f7-aa7e-55d364e1bc24
1998,1998,Committe,Ripping It Up,56ed023c-7427-4ca6-ba88-b265e27f294b
1998,1998,Common Ground,Angels Never Fall In Love,39c5b219-0e5c-4896-b8df-1974fb62c9d5
1998,1998,Company Flow,End to End Burners / Krazy Kings Too,da9c0bce-b4ac-44a1-bcbc-c4792be53806
1998,1998,Company Flow,End to End Burners... Episode 2,7cb58bd8-b3a8-308a-8d6c-e0bf55b1e8ae
1998,1998,Company Flow,End To End Burners...Episode 1,b6a3bf7e-365d-35a9-95ef-017178322e24
1998,1998,Compay Segundo,El camisón de Pepa,eba597a7-5e56-44ba-9336-4badd26ed9c3
1998,1998,Computer Controlled,Electric Disco,ac2782fd-9d44-47cc-8730-c302bb7dff7e
1998,1998,Con,Let It Go / Insanity,366b0abb-ddd3-4256-ba12-fe19ef23a334
1998,1998-09-01,Condition One,Black Skin,f102a830-a473-4b52-9667-6ec4b68f1914
1998,1998,Conemelt,Artificial Timestretch Lady,e5b8e087-5ad9-3d4e-af84-0b659f49f3d2
1998,1998,Conemelt,The Last De-Icer,78f57008-db19-3c36-95f1-0c20a28c687f
1998,1998,Congo Natty,"Lion Did Crown / Move, Move",0e77f261-93bc-3e73-b97e-2f27ba16135f
1998,1998,Congo Natty,Lose Your Soul / Rebel Music,6267072b-1b58-3daf-b3d6-467a98cc5ce1
1998,1998,Congo Natty,Seven Seas / Ghetto Life,dbd321f8-37b8-3396-8383-7e867f48bb9e
1998,1998,Contagious Orgasm,In My Heart,dc536794-a8b0-49db-80be-718e67aa3182
1998,1998,Control,Control / Seven Days,a32aa68b-ce60-3c9d-b363-95aec84d593d
1998,1998,Control Z,Dreaming of You,6e503667-823d-385b-88cd-c8119c3f234a
1998,1998-07-08,convertible,oh-darling,9d9f6619-d927-4883-a28b-24081807c306
1998,1998-12-01,Cool Breeze,Watch for the Hook,c2ef6348-6459-4ec0-b148-fae7c76ac1c8
1998,1998,Cool Breeze,Watch for the Hook (Dungeon Family mix) / Hit Man,d037377c-4751-4dc7-a8fb-093374170d66
1998,1998-04,COOL De REALISM,~夢~,af966240-d9e2-4ba2-8c7d-797792f6ccba
1998,1998,Cool Hand Flex,Distant Strings / Gotta Get Going,fce6b0af-d5b2-4101-bdb5-1809c0aab425
1998,1998,Copasetic feat. Selda Kaya,You & Me,c2f0b1dd-cb3d-46b0-87ce-0835bc1d5462
1998,1998-08-31,Cordalis,Hier kommt Cordalis,33615312-1f59-445c-9ee8-5dc03ee582c4
1998,1998,Cordalis,Partymann,fd05a29b-1af6-4b57-8b87-65130f44caff
1998,1998,Cordrazine,Memorial Drive,767d1ae0-d1f4-3306-bb66-91694513e980
1998,1998,Corey Glover,April Rain April Rain,73eb463d-de61-4c78-b688-b878f2e79b75
1998,1998,Corey Glover,"Do You First, Then Do Myself",953864db-d603-33e8-b2c2-8d5b5f8cde0c
1998,1998,Corey Hart,So Visible (Easy To Miss),cdf56693-761d-47e2-bc93-1bb4acac3b60
1998,1998,Cormega,Angel Dust / Killaz Theme II,35a51f21-68eb-4038-8c9a-e84a2b02df55
1998,1998,Cornelius,CHAPTER 8 ～Seashore and Horizon～,96139144-9e52-3c1d-86b8-48289e5dfa2d
1998,1998,Cornershop,Candyman,ddfd47bb-67cd-42f8-bb52-40861968eebc
1998,1998-05-04,Cornershop,Sleep on the Left Side,d83bf04b-d6d9-3548-af06-1b9df849f61e
1998,1998,Cornershop,Sleep on the Left Side / Brimful of Asha,b484d1b8-ae77-3ff6-a1da-2ba9a9738ae7
1998,1998,Cornu,Ah yes alors!!!,5974d37f-ab3f-3758-bc0d-e43445dd7cee
1998,1998,Cornu,Cornu Remixed With Incomparable Taste and Perception by Kid Loco,0210c042-8062-381e-8877-ff0e731b020d
1998,1998,Cornu,J'ai besoin de tes mains,c389ab11-bee8-4b19-98a5-1ba7c7c25619
1998,1998,Corona,Magic Touch,9ef573a1-c8b1-4c6b-9807-a549f7ac34bc
1998,1998-05-04,Corona,Walking on Music,fe682ac8-7783-30f4-bd7b-7c01b6563c35
1998,1998,Corporation,CORP 002 Corporation VOL 2,9744418c-f39d-49ca-be15-8f8469b5db2a
1998,1998,Corry Konings & Vader Abraham,Adios mijn vriend / Adios melodie,86387c31-42e9-4d43-8faa-dcb14616e4ea
1998,1998-08,Cosmic Baby,Lucifer,f871e51d-c730-3abb-8621-ade313f76b48
1998,1998-09-28,Cosmic Trigger,The E-Spot: Remixes,722f2018-23ac-3a45-ba6e-09feb375e2b2
1998,1998-09-14,Cosmosis,"Do It! (remix) / In Yer Face, Part II",0f17c876-5c6f-3222-a8f0-fc04100bf85f
1998,1998-05-25,Cosmosis,Pigs In Space / Intergalactic Fluoro Funkster,aa0130d4-9908-4a71-80b9-055fc8db82b7
1998,1998-07-25,couch>>case,ANALOG BUBBLE,5edf942b-fe8e-4cd5-b84c-e1c26f588994
1998,1998,Coumba Gawlo,Fa Fa Fa Fa Fa (Sad Song),4cf3eb53-f1c8-4b57-b2b2-c22a58ad6fc6
1998,1998,Coumba Gawlo,Pata Pata,45c3a578-1cd8-41de-b97a-8cb5a7fe3acd
1998,1998-09-14,Counting Crows,Mr. Jones (Live),69fe6ab6-3451-4b06-93e9-f69b69fe8c70
1998,1998,Course of Empire,Kaptain Kontrol,ff0b3275-c583-4865-9a5d-06ad0bf33bf8
1998,1998-02-02,Covenant,Final Man,096050e8-5e34-3ec3-8ecb-013577152fd4
1998,1998,Cowboy Mouth,Whatcha Gonna Do?,9be63b18-9bcf-4e0b-963d-fe0c191b48b2
1998,1998-05-26,Coyote,Spirits Dancing Remixes,2128eb48-5191-3bf2-8c78-6fc6776131d4
1998,1998,Cozmic Guys,Brothers & Sisters,a891e937-5232-4b20-8e23-7008c567f76c
1998,1998,CPV,Guannais / A muerte,1702e021-bcb1-3986-bf2f-9d947c35cf42
1998,1998,Cracker,The World Is Mine,18d7c6b0-9bc7-4ae7-bdb7-e90b172e3efa
1998,1998-02,Crackout,Chuck / Volume,cb802181-c5d3-49d2-87e3-5660901e3b8e
1998,1998,Cradle of Filth,Twisted Nails of Faith,280699e3-199f-4654-b893-a11f1babb535
1998,1998,Cradle[éil],みるふぃーゆ / 街路樹,250de31f-0a5d-417e-8433-ca14a42e6732
1998,1998,Craig Armstrong,This Love,ccad871c-5285-490e-baf7-8173c4382e6f
1998,1998,Crash Test Dummies,Keep a Lid on Things,9861d8d7-b22b-37df-9411-e42ef5c712f6
1998,1998-01,Crawl Unit,Tucson Mon Amour,fde9709d-daf7-4864-b3e3-8910f3e84d6d
1998,1998-11-01,Crawlspace,Away,8eba44f2-6591-3f98-8be4-d740f454eb23
1998,1998-02-21,CRAZE,hearts,23793da2-0e63-49f5-a09f-b45499f4e413
1998,1998,Crazy Bald Heads,First Born,93c1459a-ade4-4f08-80f1-9aeac30d32de
1998,1998-07-20,Crazy Bank,Your Love,46284908-228e-4413-b0fd-39ce3fdec1fe
1998,1998,Crazy Malamute,Free To Ride,b12e667e-80d5-4d82-ad19-bafa68dac52f
1998,1998-11,Crazy Penis,Get It On,95c98242-ccbe-4721-9b08-74471c16fc62
1998,1998-10,Creative Alienation,The Quest Of Psyborg / Psyborg Spiritual Spice,845507b1-5658-40b3-abea-7f10105426cc
1998,1998,Credit to the Nation,Tacky Love Song,b1fbd237-e35d-4769-93f2-665b956e12ba
1998,1998,Creed,One,796c4372-dafa-4936-9601-3a4f79375bd4
1998,1998-06-09,Creed,What's This Life For,d4f99331-7e91-4223-8dcd-fbc78c70f84b
1998,1998-09,Creeper Lagoon,Molly,cf0855f4-7d95-40ad-9cb4-47291ab6962c
1998,1998-10-20,Creeper Lagoon,The Fountain,13ab9973-f824-4267-b3ae-cf912260e86b
1998,1998,Creeper Lagoon,Wonderful Love,4f2c1f1c-1bcb-4a25-8426-b5b9f269562d
1998,1998-06-19,Creme de la Creme,Ich lehne mich zurück,3d003f35-4241-3067-bca1-ce6a4197b4f5
1998,1998-02-20,Creme de la Creme,Letzte Nacht,1899dae9-2fd7-3261-b780-9faadba6e915
1998,1998-10-18,CRESCENT MOON,CRESCENT MOON,323cb0c6-8bd0-423b-8355-c45aa4d9ebda
1998,1998,Crest,Shadows on the Wall,42e9c4ca-b519-4bf9-94ae-ebee63edf3ef
1998,1998-09-08,Cries in Blue,I Wish・・・,84400570-ce89-4715-8436-51ce35e028bd
1998,1998,Crispy,Calendar Girl,9f361061-e2ab-4ebc-a063-b95aa66da156
1998,1998,Crispy,Kiss Me Red,6f80246c-a045-3b40-a903-e0e1a2c6e6fb
1998,1998,Crispy,Licky Licky,3a1fc846-c40b-4492-9de0-ec6ea36f89cf
1998,1998-05-19,Criss,Beth,5ba92331-8e7b-451e-aaf4-13a14807f9e4
1998,1998,Critical Mass,In Your Eyes,a78640f2-455a-4711-8740-06428e9f315e
1998,1998,Crosstown Traffic,Open Sesame,73e6fddf-7090-41d3-b3e6-a3bed51e1c5f
1998,1998,Crow,Swollen Venus,34bc33dc-85a7-3ee4-b399-766ba6c9afe0
1998,1998,Crucial Conflict,Scummy,65ac49d0-77f4-4a5e-88e7-635a49e378f8
1998,1998,Cruyff,Down the Line,19767957-e5ee-415e-a5d3-d251825e5aed
1998,1998,CRW,I Feel Love,ebec0d83-6b87-314a-bc96-76b95551f81c
1998,1998-09-20,Cry<<MU>>,sym:bol,a58d59b0-867f-4f89-9a00-e3d6f9b6993b
1998,1998,Crystal Ball,Eye to Eye,f0955962-eda5-48f9-b795-2c6a85f7596d
1998,1998,Cuba,Cross the Line,a7e725c8-6c68-3c28-9258-dfcbeda96e9f
1998,1998-11-30,Cuba feat. Mau,Havana,c3df4425-6523-310d-85e1-3cdaf8d8426c
1998,1998,Cuba Libre,Sierra Madre,d577c895-7a73-41ed-b29f-d0a336b060c2
1998,1998-05-19,Cubaila,La charanga,75893601-7c89-49c4-9797-71f24eef91ca
1998,1998,Cubanate,9:59,c521db88-b2c8-38e4-be01-a6272200dee9
1998,1998,Cube,Under Attack,f4f94699-4aef-4465-aaff-4cab42622b85
1998,1998,Cuckoo,Blackmail,19a15621-4f88-3c80-a5bb-51c95f4209e4
1998,1998,Cuckoo,Non Sequitur,b4a5971f-7153-30dd-a902-5a7123c11c79
1998,1998,Cuckoo,What's It All About,218d5008-ada4-3326-831e-4b85c87df4a0
1998,1998,Cucumber Men,Disco Montezuma,ab027ccd-8e4f-4e82-9e08-95f03b1bf5b5
1998,1998,Cucumber Men,Sonne ausm Arsch,344927f4-ab14-4af6-8fcb-631db1d17136
1998,1998,Culture Beat,Have Yourself a Merry Little Christmas,c3369867-745e-41e4-b58d-3f5fc91d3b1c
1998,1998,Culture Beat,Pay No Mind,7d8bd6d2-16a4-32f8-a64d-f04ea70a54a9
1998,1998,Culture Beat,Rendez-Vous,4179ec04-ac64-38f3-9555-a0b7dd2ccfb9
1998,1998-11-17,Culture Beat,You Belong,df2ef2fd-2437-4f20-9eb9-139607e77ff1
1998,1998-10-21,Culture Club,I Just Wanna Be Loved,3a093433-6567-3842-8a03-213a8bab6114
1998,1998,Culture Kultür,Aftermath,91fe26f5-2c60-4e81-ae7d-3b51b01c394a
1998,1998-05-27,CURIO,君に触れるだけで,7456666a-d6aa-4d50-bb36-cb6624ac1227
1998,1998,Current 93,A Gothic Love Song,056a3e7b-f453-3080-89ca-3528801a173a
1998,1998-11-07,Current Value,Bassriot / Untitled Master,def02593-a6a1-4c68-8a29-c24668b0c447
1998,1998-03-13,Current Value,Creative Robot / Solution,9fff3b2d-3355-42ab-8f84-11e493849834
1998,1998-03-05,Current Value,Falling Into It,0bb20c59-12cb-4cc7-a122-2d599cb5d7fd
1998,1998-04-06,Current Value,Skybreaker (Untitled 3) / T.S. Overdose (Untitled 4),8df76987-e08a-44ee-b15f-8dfff13d5a69
1998,1998,Curse,Sonnenwende / Erfolg,123e9219-e04b-380d-8d5b-9d36d412e1ed
1998,1998-04-06,Curve,Alligators Getting Up,eac0fb72-98f2-46f6-9767-9bd154a210d5
1998,1998-05-04,Curve,Coming Up Roses,b7ae64f6-2d29-3109-afc6-e4e4656331a5
1998,1998-10-05,Custard,Girls Like That (Don’t Go for Guys Like Us),be7e2828-4327-3283-8b44-af6806250a8d
1998,1998-02,Custard,Music Is Crap,d4d0cb21-7c6c-32cf-a897-9a4bbacb64fb
1998,1998-11-05,Cut Loose / U.T.I,Cut Loose / I'm Finished (Remixed),92876046-e94f-41d9-9934-f73674f08c27
1998,1998-06-20,Cut Off,T.B. Retrology / Loving the Alien Part 3,cb8e6f3b-3e25-4199-916c-1d2e6e3beecc
1998,1998-02-21,CYBER NATION NETWORK,Cyber Nation Network,76600d5d-9296-4bc0-aae7-d60ef77d2a14
1998,1998,Cyboman,Cyberman,8ebbf960-bf5c-42bd-a821-bf0658182ea4
1998,1998,Cybordelics,Adventures Of Dama,0a2715a7-5cae-4122-b41a-e25cbf5f2972
1998,1998,Cyborg 5,Ruffbeats,28c2068d-0eb8-4adc-a8c3-544f7a0392c1
1998,1998,Cybotron feat. Dillinja,Light Years / Revelations,12867e8b-ab2a-3002-b3ad-bd9be33a309f
1998,1998-11-16,Cyclefly,Crawl Down,a5b7899a-12f3-31b9-9d0c-b6709b544c60
1998,1998,Cyclicx,Anthem II,452a357a-a722-4ad8-89e0-f1e38e110bf3
1998,1998,Cylob,Are We Not Men Who Live and Die,9941abb2-f8d1-325a-9add-552d067b0f76
1998,1998-04-13,Cylob,Rewind!,379f73b7-bd52-3bd6-bab8-7a9951e5f62f
1998,1998,Cyndi Lauper,Early Christmas Morning,12c0eed7-ddcb-4f93-b45c-ad2d1155440b
1998,1998-08-30,Cynthia,記憶に捧げる叙情詩,c54a3b75-d6d0-3846-b41d-5a4704ab56b0
1998,1998-05-17,Cynthia,追憶の中の幻想歌曲,1b0ce0e6-1e77-3dfc-88a3-17d68391e811
1998,1998,Cypress Hill,Audio X,d258ff05-2e5c-4b57-9db0-1bc437320252
1998,1998-03-10,Cypress Hill,Dr. Greenthumb,5883940f-a8df-3a97-8dd6-3556c6c9719b
1998,1998,Cypress Hill,Four From IV,564ace66-e579-4dc3-bd99-12cce5150b80
1998,1998-09-28,Cypress Hill,Tequila Sunrise,5b38dbc4-9993-3148-bbe5-0769fdca9003
1998,1998-03-05,Cyril Alexy,L'ami,45667096-e728-42dd-976f-0ec57dc94aa4
1998,1998,Cyrius,De Santiago à Baracoa,c9f7e933-8d7a-4290-8727-1f824bcf8dae
1998,1998-05-18,Cyrus & the Joker,Milky Way,55c0ce28-08cb-4f6a-95fc-39c4f4a20be3
1998,1998,Cyrus Cole / Trashbin,Cyrus Cole / Teleblast,157198ff-558a-4669-bfda-e147ed9cdc46
1998,1998,Céline Dion,On Tour,ab0c1671-8a0e-3783-83fa-ab40a1a16eca
1998,1998-09-07,Céline Dion,S’il suffisait d’aimer,773b6300-0b0d-4e50-8b89-1741b3f72eaf
1998,1998,Céline Dion,Zora sourit,60f75f13-139d-4ea0-8d95-e8d04e1da2ba
1998,1998-09-07,Céline Dion & Luciano Pavarotti,I Hate You Then I Love You,e9b4f924-35a4-415e-bfc8-b0f724a0e139
1998,1998-11-09,Céline Dion & R. Kelly,I’m Your Angel,c7b65123-973f-3548-9298-7ffa4453f6fb
1998,1998-03-01,Céline Dion and Andrea Bocelli,The Prayer,b47cf16c-1c4f-4ff2-a982-076ed374f31c
1998,1998-04-14,"Céline Dion, Gloria Estefan, Aretha Franklin, Shania Twain & Mariah Carey",A Natural Woman,90420a70-0b1d-47b0-9ed6-deabd682f87a
1998,1998-03-09,C‐Block,Broken Wings,d0a8983d-a8ce-4371-b51a-8518a230c765
1998,1998,C‐Bo,Money By The Ton,f4706352-c8ad-4ac3-9faa-0ee446772ac4
1998,1998,C‐Murder,Makin Moves,423788ec-0f69-4205-a7d2-12612abce9ad
1998,1998-11,D Base,Dreaming,f0ad2002-2eee-4049-9e78-7150debbf17f
1998,1998-09-28,D Sigual,Back Order,a87e1d38-ac0f-4ede-8bf4-23aaa55635de
1998,1998-03-04,D&D,BRAND NEW LOVE,fa148aa2-c078-4dd0-bac7-694c2f6587df
1998,1998-08-21,D'EVERGE,D'EVERGE,cb197ca8-a0f2-4352-871c-42a078803a85
1998,1998-02-11,D-LOOP,GLORY DAYS,f709f3fe-2bdd-4944-bf3a-3fd2e7ef5376
1998,1998-04-14,D-Tune,Burning Down / The Fan,3dcbfa1b-4c15-4151-9bcb-3d4f10a0e40a
1998,1998,D-Vektor,Turn Down,3aacc642-2fdf-45dd-927f-222dc915e932
1998,1998,D-vision,Funky,78c8c85f-ac0e-4f07-823d-b82fe1587f06
1998,1998,D.A.V.E. The Drummer,Jolt,7043bc5d-b31e-495e-b19e-2700361c5614
1998,1998,D.A.V.E. The Drummer,Shudder & Twitch,4090a5b8-5154-4d8d-8bf0-822aa9adc81d
1998,1998-10-19,D.A.V.E. The Drummer,Strictly Underground / Rigged,ee0d1326-7934-3eb7-8c1a-a75cf8a9bb40
1998,1998,D.Abuz System,Reviens-nous vite...,b4d17994-e891-4798-a9e2-dcfcaeec4945
1998,1998-12,D.Abuz System,Syndikat du rap,1e5f87b7-412f-44a6-beb4-64a5700038d9
1998,1998-07,D.E.A. Project,Circles of My Life,7149f23b-0309-4c82-8bad-2d5a3a4be5ef
1998,1998,D.E.A. Project,Nasty Bitch,5d878539-357e-4b9a-be8c-24f4e71661f2
1998,1998,D.I.T.C.,All Love,cd074826-5416-4a2b-96be-a1ff1942f93c
1998,1998,D.J Dlux Vs DJ 79,We Control the Sound (aka Electrophonic Phunk),7b8f78b7-c99b-4aa2-9ea4-3f27369bf155
1998,1998,D.J. Jeffrey and DE‐LEIT,Got 2 B with U,5afecd69-9d52-481f-ad6f-c610dc3d66f7
1998,1998,D.J. PMC,Subplate,e0e32243-2b55-428a-999f-6f2776cc1a08
1998,1998-06,D.O.N.S. feat. Technotronic,Pump Up the Jam,b4758d08-d12b-3cfa-b1b8-696076bbcd68
1998,1998,D.O.S.E.,Crack Man in Bat Den Sex Shock,b7ffa790-0827-3e6e-9ce9-40e5598fa2c4
1998,1998,Da Bulldozer Project,Da Greatest Hitz,3f195b66-5bba-4b61-8f9c-2a78780ffb10
1998,1998,Da Bulldozer Project,Something Special,ca0bd665-ee8f-482f-a930-b95984e5adf5
1998,1998-06-29,Da Click,Good Rhymes,ff212136-12ed-31d4-b22a-83ae8e2a1cc9
1998,1998,Da Drumm Boys,Music,00186db9-d17e-330e-8da2-30987a6fd4d5
1998,1998-06,Da Fool,Meet Him At The Blue Oyster Bar,6c6589c1-7403-4dd2-a484-4709a683c544
1998,1998,Da Fool,No Good,922aa2c7-de89-464e-802f-416c9d9b71b3
1998,1998,Da Hool,Bora Bora / Meet Her At The Love Parade (98 Remixes),6759a77e-249f-4c54-b2c4-1a2cfd8a4cd6
1998,1998,Da Hool,Get Funky,e636cfaa-77ad-4d91-96db-db0552c64b90
1998,1998-06-02,Da Hool,Hypochonda,4ae8dffe-7757-3911-b6c8-2d885edfdf46
1998,1998,Da Hool,Mama Sweet,1904263a-0f66-3689-9362-98d4d27f76b4
1998,1998,Da Hool,Mama Sweet (Remixes),ff134c6c-8ea3-4009-b127-1020e9aa6a56
1998,1998,Da Hool,The Italian Remixes,1e95b43b-3646-4ccd-83a7-acee2fa742ec
1998,1998,Da Hool,Tony's Got The Biggest Dick,f60ffdd6-b578-4a13-9962-bb61f299d082
1998,1998-02-09,Da Klubb Kings,It's Time 2 Get Funky,348a951b-5eb7-443a-a214-d189e208287b
1998,1998,Da Lata,Ponteio,3d6d422b-35a2-478e-b0cc-43606943a780
1998,1998,Da Lick Crew,The Killer / Shadow (remix),9d15dd07-fb3e-429c-9987-e4decbab85a7
1998,1998,Da Mack Daddies,Shake Yr Behind,1d2f8cfd-a2c1-4efa-8722-cb7f962c5522
1998,1998,Da Nuthouse,A Luv Supream,3b1babf9-b595-45a0-9ef1-5f33ac09b47d
1998,1998,Da Organization,Play On,161c009e-0fc8-420e-a5e9-79d92a5becb1
1998,1998-10-21,DA PUMP,Around The World,c41dd787-d537-4e6b-aaab-dc3f32c64037
1998,1998-06-24,DA PUMP,Rhapsody in Blue,fae25dc5-dcfd-40a1-9c91-41f67e829bf9
1998,1998-02-18,DA PUMP,Stay Together,ee21252f-d0c1-4b85-b8e8-b044113afbb5
1998,1998-04-22,DA PUMP,ごきげんだぜっ!〜Nothing But Something,f576d855-a5f0-45fc-b654-f047777d1038
1998,1998,Da Rick,Attention,2f71f483-1b68-4b8f-8353-e6c8b53a5dde
1998,1998,Da Rick,Bill & Monica,167b37ca-092a-4543-83b5-af45523a9cc9
1998,1998,Da Scout,Ear Force One,c74abc1b-f38a-4ce5-8022-f6658ef23ab7
1998,1998,Da T-MC,We're Back!!,95e62cb6-a241-4ce4-8ed6-10397ab9e715
1998,1998,Da Team,What The F**K!,17957b1a-1e42-4467-a396-32b474fee0e1
1998,1998-03-28,Da'vidノ使徒:aL,クッキーチェア,76b52f14-90bc-3d9e-8081-997b40ecff5b
1998,1998,DAAU,Gin & Tonic,e8a70559-ce96-3330-a995-16fc146c54bd
1998,1998-01,Dabatcha'ZZ,Le Grand Pardon,58f7569e-49a8-366a-8e87-de31a8d27b3f
1998,1998,Dabatcha'ZZ,Les Misérables,c66bce7e-c948-380a-8372-bfdc3f08ecc5
1998,1998,dada,Information Undertow,44247b62-760e-3555-92b9-7709f3ff1856
1998,1998,Daddy's Favourite,I Feel Good Things for You,1b15dd8e-8a36-3570-ba02-4397ebc49d52
1998,1998,Daft Punk,Around the World (Masters at Work Remixes),fb5c8c26-a13e-4e24-abd2-0cc3adc480a5
1998,1998,Dag,Our Love Would Be Much Better (If I Gave a Damn About You),31a29ce9-e6e5-3e41-8d04-a204122ca14b
1998,1998,Dakota Moon,A Promise I Make,89106371-94e3-461b-8b2f-f52ef5b08298
1998,1998,Dakota Moon,Another Day Goes By,fe9bf748-987d-32e0-9e35-a76325133bc1
1998,1998,Damian Marley,Me Name Jr. Gong,45d618a0-425f-3952-8941-f37dfd62b1e8
1998,1998,Damon Wild,Rotary,1bcb8c37-92ab-36d1-9d8b-0cd3aa0586c4
1998,1998-07,Dan Bern,Kids' Prayer,b9c8090d-234c-4813-9611-d30ed5fce41e
1998,1998,Dan Bern,One Dance,e8afafa9-ed75-4429-9af5-48d619a853a3
1998,1998,Dan Bern,Tiger Woods,1161e9ee-50d1-47a6-861c-d9ded8bb12d7
1998,1998-04,Dan Jordan,Slam Dunk / Michigan Flake,af6929b9-2f51-4835-8ee8-c9e0db953a27
1998,1998,Dana International,Cinque Milla,37c36f3d-efd6-473b-a937-6b8775ab7050
1998,1998-05-18,Dana International,Diva,58688ef9-d035-393e-8008-ad47adaf4781
1998,1998,Dance Area 51 feat. Maxine Harvey,AtmOzFear,55b30f84-c8f5-4621-81f2-6b8bced0b857
1998,1998-01-05,Dance or Die,Relationshit,fc1db71c-ee69-4f4e-a804-2bb8bd5ba2fc
1998,1998-05-11,Dance or Die,Teenagemakeup,24d09e10-e1fe-450a-96af-1eb380d5d017
1998,1998,Dance Works!,Bring da Funk,fb78cd91-ba57-4d67-9cce-4ff900b34610
1998,1998-05-05,Dani König,Disco 3000,c4f0982c-db12-3c53-a533-dc4ac4c7b53d
1998,1998,Daniel Johnston,Dream Scream,1291cd3a-9a1a-3477-96ac-50f3c496123e
1998,1998,Daniela Simmons & Francisco Araiza,Vorrei,16833ca8-5b79-4feb-b853-0082201f4dfc
1998,1998,Danijela,Neka mi ne svane,1824aea8-45d2-481d-a495-115b0872abbf
1998,1998-11-16,Dannii Minogue,Coconut,024e4585-d8b1-3a88-8b91-5d8bf253e18f
1998,1998-03-16,Dannii Minogue,Disremembrance,70e1d02a-0d5c-33c8-b426-0f8521b8d647
1998,1998,Danny,Señorita,7056673b-bba8-4289-9a0f-dd6e48b578a8
1998,1998,Danny Breaks,Solar Jive / Modes,19850d25-eb5f-4384-85c3-65ab6333a774
1998,1998,Danny Breaks & Dylan,The Spine / Molecules,f5e9b336-c89e-3b55-9ff1-b33a1946c374
1998,1998,Danny Byrd,Manhattan,88fe4817-198b-4418-b377-7db440c7fd95
1998,1998-06-08,Danny J Lewis,Spend the Night,de9ebfa2-b616-4047-b820-9fbb63707ad5
1998,1998-08-18,Danny Tenaglia & Celeda,Music Is the Answer,e4fed34b-a3bc-3f99-a8cc-67093ea53996
1998,1998,Danny Wilde and The Rembrandts,Long Walk Back,2f3c0f69-76e2-4f0f-aad6-b5730a0548e4
1998,1998,Dario,Als sterren aan de hemel staan / Malle Babbe,37babf78-fc85-4f2a-8785-a316516314e7
1998,1998-05-18,Dario G,Carnaval de Paris,e4aba9aa-5cbe-3f09-8750-9d7362ac9ac6
1998,1998,Dario G,Sunmachine,a0403911-e9d5-42d6-b963-8f1ac46ba329
1998,1998,Dario G,Sunmachine: The Remixes,482f531c-4035-339a-b9f9-23efe81b142d
1998,1998,Dark Angel,Neon City / Static Electricity,7488b767-77a7-3d34-9018-6c9800e72269
1998,1998-02,Dark Sanctuary,Funeral Cry,7dccfbfd-3500-3180-b939-53f140aaf6a4
1998,1998,Dark Side Cowboys,UnfortuNathalie,89be0b5b-ac7c-4267-89a4-56fa203848ba
1998,1998-10-19,Dark Star,Graceadelica,8cf5f3e1-aefe-38d2-b8ad-ddd96c83661a
1998,1998,Darren Holden,After Tonight,d8d84845-4da9-480c-96be-4e5057c43419
1998,1998,Darshan,Slipstream / Psychokinesis,f7e108d1-7468-4956-bc47-b152f26d2acb
1998,1998,Das EFX,Set It Off,70d1e2e2-0d91-4f31-9a68-3e01dbce4cc7
1998,1998,Das EFX featuring Redman,Rap Scholar,5fcf43b1-d75d-4c7d-be38-e23369033261
1998,1998-03-30,Das Ich,Destillat,75bc34f7-da65-3733-bc55-4db0590f9ac7
1998,1998-01-19,Das Ich,Kindgott,5b3f8c9a-171e-3f4e-bad2-db4024b21cce
1998,1998,Das Modul,Ich Will,77535a0d-b62f-4ccf-8942-b55a3fc025c4
1998,1998,Das Modul,www.christkind.com,abf629a9-cfa6-4f6b-9da0-e25daa89a62c
1998,1998-03-12,Das Motiv,Nur 18 geworden,f00c89eb-91fb-485c-8e0c-084767b5fe3f
1998,1998,Das Pop,The Little Boy,564c867b-daa7-3b42-8642-0588fa4f83ca
1998,1998-10-10,DAS:VASSER,「青玉 -サファイア-」,65efa325-ceed-4958-8906-c2756dda2ee5
1998,1998-10-01,DAS:VASSER,寡黙,d93217e1-f249-4790-ad39-7a6642c60af6
1998,1998,Dastrix,Dude In The Moon,15f85abb-d057-4353-8e06-4ee363596ec6
1998,1998,Dat Oven,Icy Lake,9cdbead2-b4b7-4002-872a-fa8ba604f26c
1998,1998,Datura,I Will Pray,46bce4a4-74d2-4ebd-b156-63d192ac21c8
1998,1998,Dave & Friends / Karen & Dave,We Are the Champions / Surrender,cf98a63d-2ff7-4e4f-aa78-a50626e82222
1998,1998,Dave Davis,Mortal Bass,d2d07aa7-7414-498a-89c8-2d56829c4fb1
1998,1998,Dave Holmes,Samsara,a1377c12-71d1-4f27-aaba-a1142169fb01
1998,1998-09,Dave Matthews Band,Crush,684906a2-9e1c-4af1-bab3-a2e2ef197e1a
1998,1998,Dave Matthews Band,Crush,fbe30408-66fb-4706-b7a5-e04af5edee17
1998,1998-09-15,Dave Matthews Band,Don’t Drink the Water,e65188ef-232e-39c8-9401-b620ddbf4127
1998,1998-09-22,Dave Matthews Band,Stay (Wasting Time),d60c87ab-12cb-44a9-bf78-9ca6f8572181
1998,1998,Dave Randall,Bombay,01502372-b474-42a9-9271-c56d8fcbb0af
1998,1998-09-28,Dave Stewart,Happy to Be Here,99256c30-689c-38c9-b3bf-b71d02813fdc
1998,1998,Dave’s True Story,Sex Without Bodies,c092856f-091e-4f54-a38c-5f8b05706323
1998,1998,David A. Stewart + Candy Dulfer,Cookie,e4f2ff1e-3c4b-421f-8129-1f4c793ab1e8
1998,1998,David Byrne + Caetano Veloso,Dreamworld: Marco de Canavezes,d14d6e53-11a7-4520-92ba-8c10bbf7dd36
1998,1998,David Duriez,Can U See Dat / On & On,2bdfd1e8-e764-36e2-ac5e-328d3aa18055
1998,1998-08,David Duriez,The Warm Up,360617b1-61e3-3b18-9c95-e49659bb83cc
1998,1998,David Hanselmann,Move a Little Closer,821b13c1-dd7f-4986-9afc-7b2af7025ae6
1998,1998,David Jackman,Ember Hollow / Dawn Plaza,6d2bfbcf-90fe-4d29-9d93-c335cabacd37
1998,1998,David Jackman,Flag of Surrender / Fracture,f052334e-9247-4cde-b36f-ebaad432d0a5
1998,1998,David Jackman,Kanarienvogelwalzer / Canary Waltz,914dacca-b3d5-4eb3-8c85-af645fa89955
1998,1998,David Jackman,Laus,a85e8375-2408-4aa2-960b-8f9a20e9ea80
1998,1998,David Jackman und Orchester,Sternklare Nacht,4a453687-4eaa-428e-9928-77f7fd91d070
1998,1998,David McAlmont,Honey,201ee7f1-89a8-4272-830a-1c3c70ac6bfa
1998,1998-09-28,David Morales,Needin' U,9880329c-9aae-4fde-b0c4-b69d05fb2d6a
1998,1998-02-01,David Morales presents The Face,Needin’ U,12caabbb-369e-3882-ab0c-e8bb3361dfb7
1998,1998,David Tainton,Each Time You Break My Heart,786ba219-0559-47ed-9b13-c3bf1d04f1e2
1998,1998,David Tyler Martin,Some Kind of Wonderful,cbfc88f8-6464-493a-b68e-52e798b4fe03
1998,1998,Davina,Come Over to My Place,4e712755-c397-3618-a75c-e3a467fb1d60
1998,1998,Dawn Martin,Is Always Over Now,6743f331-9a71-4c6d-80fd-5a480158bfb2
1998,1998-01-26,Dawn of the Replicants,Candlefire,be3b7fd2-34fc-3925-8665-eb94ce6a98d3
1998,1998,Dawn Penn,"Long Days, Short Nights / Are You There",8029169a-de25-41a3-baae-917373d7f546
1998,1998,Dawn Tallman,I Got It Like That,1e7f1161-ba45-4408-ab11-f553a14aaa07
1998,1998,Dawn Tallman,New York City Girl,c4deb25c-6e7a-4f5a-8d14-7f9cc326e837
1998,1998,Dawnbreed,Luxus,773efb1f-7330-4077-a084-3a198b70773a
1998,1998,Dax,Brooklyn's Theme / Space Theme,a8778ba9-fb08-49b5-9c34-ccd200a2fff1
1998,1998,Days of the New,Shelf in the Room,88174525-a00a-3b69-bd0f-3195c70acf88
1998,1998,Days of the New,The Down Town,0f66378f-a5f3-4f22-9f63-41e877cf35e1
1998,1998,Days Of The New,The Down Town,a7883192-e148-42ef-a289-cc7987a7a1b5
1998,1998-01-13,Days of the New,"Touch, Peel & Stand",b83e271b-eb44-31bb-9d25-56d529f39bab
1998,1998-02-28,Daytona,American Disco Dancer,64e8bf95-9a18-3ebd-bc96-0b50f6c2c284
1998,1998,Daz Saund & Ben Tisdall,Bad! / DB Express,9701cf1e-fb2e-33c9-a85e-e99a94b59c9a
1998,1998,Daze,Together Forever (The Cyber Pet Song),6d9101a1-02d6-3b67-aead-838eb406b35d
1998,1998,Dazee / Felony,Propoganda / Momentum,54411405-efe6-44f3-84e3-1cd7764d157a
1998,1998,DBJ,Deepfloors / You,3b1cab22-db9a-46ca-8160-ef412e49369c
1998,1998,dc Talk,My Friend (So Long),1d1b61df-117a-430d-bf6c-d073b660d864
1998,1998-07-05,DDR & The Geezer,Drugs Work / Spades,56e3c14e-e604-438e-bdff-c94dbd0e51da
1998,1998,DDT,Мир Номер Ноль,8f9d9136-d2d4-487e-9b9b-8bf1ed798fbc
1998,1998,De Bos,Chase,3bca888d-5d85-4e96-a429-7eac9b53a14e
1998,1998,De Boswachters,Het bananenlied,10e54389-4429-32d9-b2f5-34e35eee5462
1998,1998,De Dijk,Groot hart / Ik heb jou,89b026db-c5c7-40de-a0cc-341f61bb7084
1998,1998,De Dijk,Wanhoop niet,0807bc76-a0f8-484c-be5d-e2e7ab5ffdad
1998,1998-03-09,De Donatis,Let It Roll,fbe6789a-0578-45bf-bdba-f21894fe42cd
1998,1998,De Gracht,Twee perfecte handen,9e50ea49-a0d8-3813-a970-f21dfe3e400d
1998,1998,De Kast,Eltse grins foarby,de3d39e1-27d9-413a-87c4-eeb12bd48598
1998,1998,De Kast,Woorden zonder woorden,fcb8ad8f-a401-33ef-8b69-d5a47ea1b8cf
1998,1998,De Kleintjes Pils,Ik blijf voor altijd bij je,57b6f246-2add-46e1-9f51-d3f066034a80
1998,1998,De Pop-Koning,Albert Rap,a44f7440-138f-4cfb-b01a-c09e181f398a
1998,1998-05,De Sjonnies,Coupe soleil,641242f3-32c9-3746-bb5b-4c63dd68cf12
1998,1998,De Strangers,Geft h'm van katoen,625b6edf-6f10-44ec-b15c-f990829f94b8
1998,1998,De Strangers,Zie da! (Diva),06c4e1ae-bca9-4d2f-ae39-608addfdc5cc
1998,1998,De Vliegende Panters,Het dorp,496db8d1-3552-4a93-b18b-135b86a89c3b
1998,1998,De Vrijbuiters,Twee armen en een zoen,1281ac34-4c79-4696-bc9b-4cb4c93c3a27
1998,1998,De Zingende Fresia’s,Prins Willem Alexander,54777d4f-5b6c-4eb5-a9d5-88832cdd507e
1998,1998,De/Vision,Hear Me Calling,fe842de4-9578-3425-8e50-ef45e63fbcce
1998,1998-07-27,De/Vision,Strange Affection,ef1b0c0b-3389-3189-a09c-73100c45bc55
1998,1998-03-16,De/Vision,We Fly... Tonight,2d0dcd93-bf19-33b2-98cc-c93f25e02575
1998,1998,Dead End Cruisers,Field Operations E.P.,23f60ab0-2df8-4191-a691-eb082d3dea27
1998,1998,Dead End Cruisers,Friday Nights,c36504b9-b818-425c-8705-d22ca4490ae7
1998,1998-05-01,Dead Man Ray,Chemical,f4e8ecd4-e1a7-485c-bf8e-6178124c7db4
1998,1998,Dead Man Ray,Copy of 78,b80bdfed-7f20-4cad-ba2f-4d0c9d102411
1998,1998,dead prez,Police State,642ab4b9-d733-4578-8a61-14692a45d9ed
1998,1998,Deadbeats,Funky for You,e9bb1093-87fa-484e-852f-b524e5c75c50
1998,1998,Deadly Venoms,One More To Go / Bomb Threat,91867f0d-1690-4310-941c-74a9d8b1c616
1998,1998,Deadstar,Run Baby Run,e2c7ae95-4dc1-3366-bb4b-2c16bbe8eac7
1998,1998,Dean,"Does She, Does She Not",6b647def-b237-4025-807e-3ab8ef87be1d
1998,1998,Deanna Kirk,I Want It Now,2bb741b0-935d-3244-bd24-938cb6b0d18b
1998,1998-06-03,Dear,OVER DAYS,4b875ed4-d144-4e68-a7b0-854b824d8ce8
1998,1998-06-03,Dear,OVER DAYS,6105af56-ac38-3c19-88f5-c6d05b8f4d12
1998,1998-01-14,Dear,WORLDWIDE LOVE ～愛こそすべて～,57115da9-5f8e-33aa-a7cf-a303764ac0e1
1998,1998-01-04,Dear,WORLDWIDE LOVE-愛こそすべて-,8a08c7e6-cbce-41e2-a7da-587ac4bf71b5
1998,1998-08-05,Dear,綺麗な君の愛し方,5ac25935-cf7c-3535-b7fd-c1f8d52b4868
1998,1998-08-05,Dear,綺麗な君の愛し方,6fab7fb6-b6f7-4b6f-a498-22185db70f49
1998,1998-02,Dear Loving,I can't love...,dddfb28b-4094-4603-a113-9bd89b2eaf2c
1998,1998-05,Dear Rouge,SAD OF BLUE TEARS,56a71a04-6ea5-451f-b171-c7a8d9258493
1998,1998-06-25,Dear Rouge,TO SEPIA (MIND GARDEN),66329478-04e2-4441-a41d-ec7581167e34
1998,1998,Death in June,Kameradschaft,bb582dbf-06ec-335d-9c7d-f20a747cc61c
1998,1998,Death in June,Passion! Power!! Purge!!!,528a9534-9726-3e70-a99b-084f36f61c3a
1998,1998-04-21,Debbie Gibson,Naturally,750b1880-2929-49a5-8ed6-bfccea3e1580
1998,1998-05-11,Debbie Pender,Movin' On,ff9fc162-1534-4dfe-9b87-ea0305c6b86c
1998,1998-02-12,Debbie Scott,Drinking in L.A.,79a757f9-01ca-4aaa-b57b-1b2747c64dd5
1998,1998-04-01,Debbie Sims,Super Trouper,1570a4dd-f6d8-42b3-9025-c20eaca3127c
1998,1998,Debelah Morgan,I Love You,e769d856-18bd-3f1a-a31d-c76046d6a2ba
1998,1998,Debelah Morgan,Yesterday,6c4b3da6-5df6-4611-96f6-c414db700986
1998,1998-09-22,Deborah Cox,Nobody's Supposed to Be Here,dce2ac0a-db67-3b75-8ce8-107b71944d01
1998,1998,Deborah Cox,Things Just Ain't The Same,d75582bf-63b5-45b0-bbec-fade22b72c73
1998,1998,Deborah Gibson,Only in My Dreams 1998,7211d7af-2d44-4bfb-992c-40d34495370e
1998,1998,Deborah Harry & Robert Jacks,Der Einziger Weg (The Only Way),e3a47855-80af-4416-9321-7b7232c8a7ff
1998,1998,Decoder & Mark Caro,Eko / Red Box,7be37f2e-e3e2-4459-997b-c1a3fd95cfd1
1998,1998-10,Decoder & Substance,Secret World / Cornered,ccdd5fbd-86b4-4577-8591-82a398e7ded3
1998,1998-03-09,DeeJay Punk‐Roc,Dead Husband,3a6d6894-9f3c-3ef3-b4be-94f1cdb4ba66
1998,1998,DeeJay Punk‐Roc,Far Out,4c4ab780-9fb0-30bb-9270-a469a61aa17d
1998,1998,DeeJay Punk‐Roc,My Beatbox,4c931a6f-fa5e-4b99-8802-b74720b970cd
1998,1998-05-27,DEEN,君さえいれば,eae4ecca-7ad8-4f3e-a57d-b6241e8f261a
1998,1998-11-18,DEEN,手ごたえのない愛,4be1d7da-b8b8-42c0-8b1d-ce5d79d52df6
1998,1998-02-18,DEEN,遠い空で,dcea183b-96e0-4e7e-b646-f69e0907fdf1
1998,1998-07-06,Deep Blue,Destroyer / Oceans Above Life,fdfdf69f-e925-4bc2-b58b-ac9bec48f15f
1998,1998,Deep Dish,Summer's Over,2328b23d-61fe-3391-a755-8a009ed5b42e
1998,1998-02-16,Deep Dish with Everything but the Girl,The Future of the Future (Stay Gold),bbd5d75b-bda4-31e7-a017-a075789f8af0
1998,1998-06-03,Deep Forest,Noonday Sun,4ae9acce-2f5e-46fc-8b71-8b15b7a15103
1998,1998,Deep House,Pure Sounds,57a3b735-03f4-4dc2-a90b-cc2447f7c61a
1998,1998,Deep Nation,You Can't Have My Love,7f6a60d2-ef2d-35df-9711-dbbc1318b889
1998,1998,Deep Purple,Any Fule Kno That,9b3e0160-c031-40de-9de7-bedcf0278c5a
1998,1998,Deep Purple,Don’t Make Me Happy,c91cf250-1f0e-42c8-8afe-176c2baab01b
1998,1998,Deep Purple,Whatsername,9561d967-2828-4fc4-96f0-e8f1b3b37c70
1998,1998,Deep Rooted,S.E.T.I. – Search for Extra-Terrestrial Intelligence,2c92fa7f-4db5-40cf-afcf-d5f3d15aa87d
1998,1998,Deep Sea 9,Lost In The Ocean,112be39d-b643-4846-a529-f59a98181439
1998,1998,Deep Tranz / Street Relics,It's Only Gettin' Worse,c7079850-0ef0-46db-92fe-c39155e7095b
1998,1998,DEEPTHROAT,~禍~,8d1505f6-8a33-4a1b-a91b-843984a7491d
1998,1998,Deerhoof,Come See the Duck,44a7dfd2-9202-3a3c-8e9e-30b78dde9096
1998,1998,Deetah,Relax,2e060040-67bb-3cb9-843e-a7ea229305fc
1998,1998,Deeva,Meine beste Freundin,16c10c4a-b395-38bb-a861-195640bdc1ed
1998,1998,Def Wish,Dis Place / Air,ed106318-7f04-4351-b1f5-77e53898c75b
1998,1998,Def Wish,No 1 Chooses / Depth,2e9a9005-a9e5-4a94-9de7-1774b7c3b06b
1998,1998,Deftones,Around the Fur,eaada38e-1797-4fbd-964c-32a0eb17f794
1998,1998-06-01,Deftones,Be Quiet and Drive (Far Away),1187bbbc-7a4b-30c3-9c7e-cc3d32cda16f
1998,1998,Deja Vu feat. Tasmin,My Heart Will Go On,4b419fe3-010b-3076-8715-9b0cc20c96c1
1998,1998,Deja-Vu,Going Under,8ed98921-0847-43c1-8cf4-cf842950dc6f
1998,1998,Del Amitri,Cry to Be Found,bd487bb7-bc0a-3a79-b496-da97a0492ca3
1998,1998-09-04,Delakota,C’mon Cincinnati,ee0f5296-f45e-3d34-bcc3-1e2ca5f61489
1998,1998-06-29,Delakota,The Rock,6ff1d262-134d-331c-be71-6af47745d1c6
1998,1998,Delavoix,La première fois,7d1c2a11-4a61-4af8-a16b-117d5b2ca9a8
1998,1998,Delerium,Silence (The Sanctuary remix by Fade),bc2f34eb-ca45-433b-b380-f8a2ddd7cbf2
1998,1998,Delit-K,I Like / Schema,f7fa2074-bf41-3629-9a5d-2c19142af4ee
1998,1998,Delta V,Se telefonando,faf8c04b-7895-4a35-b745-9e0baea5129a
1998,1998,Demon,Elektra / Bad Ass Song,97b54621-8a6e-3ce0-b488-c5a134edbdb3
1998,1998,Den Gale Pose,Spændt Op Til Lir,3828d520-1a9d-4732-9f43-33c2f71fe476
1998,1998,Deni Hines,Joy,b78c7c20-a0d0-4211-9095-e96ab0a224e1
1998,1998,Denise & Johnny Bach,Wenn du bei mir bist,de6d5a77-0f5e-4cce-a56a-163b5ef8547f
1998,1998,Denise and Johnny,Especially for You,3d23f984-e516-4451-b45b-a4366a0c3e97
1998,1998-09-30,Denki Groove,Asunaro Sunshine: Takkyu Ishino Reconstruction,dbd39176-99c4-46b4-b42d-e2c7a131ad51
1998,1998,Dennis Brown,Rub a Dub All the Time,00390641-286f-45ac-8136-9a7764f833ff
1998,1998,Departure Lounge,Dep Lounge,572bf9d4-37fc-4add-a468-5fc4f3e646c5
1998,1998-09-07,Depeche Mode,Only When I Lose Myself,f3c0a536-6a6e-37dd-b894-155805dd1503
1998,1998-08-03,Depth Charge,Blue Lipps,5d573e58-9aed-4ab9-9202-838ffc04f1a8
1998,1998-03-09,Depth Charge,Disko Airlines,7861879f-5635-323e-afca-a69586a9f1d7
1998,1998-06-08,Depth Charge,Romario,873c8a05-a756-32d6-b58f-72a967c89645
1998,1998,Der Blutharsch,The Moment of Truth,93819e25-4719-34e0-93ad-e178f60f53f2
1998,1998-08-17,Der Klan,"...denn sie wissen nicht, was sie tun",685c0ad7-9652-4fbf-91d1-7ff97c2eb0e8
1998,1998-03-16,Der Wolf,Kein' Kuchen da! (Hätt' ich Dich heut' erwartet ...),bc467589-56ee-3ae1-b253-8eda6f539e65
1998,1998,Der Zyklus,Der Tonimpulstest,09adae44-06c9-3543-b392-329c2850544e
1998,1998,Desoto,Rainman,78d4b3d8-4c9a-4a5f-8170-7b988acc075a
1998,1998,DeSoto,Rainman (Remix),acc9a194-e3a2-4436-8250-802bea7a953d
1998,1998-02-01,Destiny’s Child,Illusion,0b0c54b7-069d-4a19-b147-6337c52d5c58
1998,1998,Destiny’s Child,With Me,f54cb644-7aa7-441a-89c2-8a72c7a66716
1998,1998,Destiny’s Child feat. JD,With Me Part I,120191a5-29dd-488b-ae01-6b92ecc52214
1998,1998,Destiny’s Child feat. Master P,With Me Part II,5ced7a3b-4b77-4a01-9ff7-c301937134b5
1998,1998-12-07,Destiny’s Child featuring Timbaland,Get on the Bus,748587d3-03eb-4709-8681-14a0e97db944
1998,1998-06-02,Des’ree,Life,17f069e2-83a0-3018-9e89-36c52b862fff
1998,1998,Des’ree,Life,39cb4a29-630b-4590-8f87-0b438448c184
1998,1998,Des’ree,What's Your Sign?,b9f803c7-26aa-3c5f-b1c8-7999ec9aa975
1998,1998,Det & Skibadee,Slowmo (Two Times Freestyle),992db377-a65a-4204-8681-872f59509268
1998,1998,Detune,Free My Soul,4321cff6-bbe4-45e0-a471-5d3f71301076
1998,1998-04-01,Deviant Species,Deviant Species / Wind Generator,ee0e4d46-0d53-4f1c-b947-c3b7cb0bfff7
1998,1998-12-03,Devin Townsend,Christeen,c17b3df5-b6ff-38f9-8e74-14a279d7169e
1998,1998,Dex & Nik C,Groundswell,190890b0-8f28-4018-836b-3528c7cc5589
1998,1998-07-31,De‐Phazz,Hero Dead and Gone,321a545a-f61a-315e-81fc-0c883e392804
1998,1998-03-31,De‐Phazz,No Jive,15ec4d50-64f5-391b-94c6-3881e2abb5f0
1998,1998,Dhany,Dha Dha Tune,fc1d6a03-16f6-37ac-a97d-4a5bbaaf8ea5
1998,1998-07-20,Dial M for Moguai,Beatbox,15f1b962-7867-48c4-8646-eea781ca982b
1998,1998-05-21,Diamantes,勝利のうた'98,5870c3d0-77cd-478b-8590-99949af98e48
1998,1998-01-14,Diana King,Supa-Lova-Bwoy,f2333490-60b1-42c7-ae63-d18db0b37012
1998,1998,Didier,My Oddity,3a6f1efd-f133-4573-a542-968e2c71fecd
1998,1998-11-02,Die 3. Generation,Vater wo bist Du?,d94c048c-2a8d-3309-9edb-ae45a65bf79b
1998,1998,Die 4 Apostel,Zieh dich aus kleine Maus,e84f1e9d-cc0a-32f9-9b9f-4bb327d94cc3
1998,1998,Die Alpenrammler,Lieschen Lieschen 2007,c1cc63b2-a099-46bf-a22a-2cc3e98ffef8
1998,1998-04-20,Die Alpenrammler,"Lieschen, Lieschen",0399e246-f7a8-3a07-baae-e1b4c6b7de1b
1998,1998-08-17,Die Braut haut ins Auge,Wenn Du gehst,9aeb9a5d-a1c3-4a21-aeac-a33026577700
1998,1998,Die Dicken Kinder,Bei Landau,4d4abc32-f6c9-3cb2-9a2d-805ffbee240c
1998,1998,"Die Ex-Perten, Antikörper, Die Kolporteure, Die Skeptiker",Die Punk Un Correctness EP,98340a8f-7a07-4dee-b4f2-15d72b8ada54
1998,1998,Die Form,The Hidden Cage / Spiral,116be48f-6aae-4751-a6d6-05be9d337843
1998,1998-08-26,Die Inselfeger,Der längste Theken-Mix der Welt,97ea037b-6564-4964-bed4-0b760df84c8a
1998,1998,Die Kolibris,Hände zum Himmel,5c18678b-6ba3-30a8-b3a2-db04c18152dc
1998,1998,Die Molly Sisters,Alles aus Liebe,4e1230a3-9fe7-41aa-b037-130e678a1d45
1998,1998,Die Moulinettes,Herr Rossi sucht das Glück,3bd75b66-8ef1-3b3f-9a07-e64b0291fbd6
1998,1998-11-16,Die Roten Rosen,Weihnachtsmann vom Dach,653c7595-96e5-38a5-a5bb-7564fc302a29
1998,1998-03-17,Die Sterne,Bis neun bist du O.K.,2e1c0040-3d96-3e18-9f9d-92aa5a5fd381
1998,1998-01-05,Die Toten Hosen,Pushed Again,13fbd2f9-6bfb-3016-8e68-36ad067848a5
1998,1998,Die Toten Hosen,Soul Therapy,bd22d9e9-7be8-33f0-8849-bd295bee1f7a
1998,1998-04-03,Die Ärzte,Ein Schwein namens Männer,417839b7-e50d-3849-88ca-3511d5ddd2d4
1998,1998-08-28,Die Ärzte,Goldenes Handwerk,2755e1a1-5b01-3310-a509-c982fffe9a31
1998,1998-11-09,Die Ärzte,½ Lovesong,3e3a3965-309e-30b8-a7e1-f61d960e415c
1998,1998,Different Gravy,I Need to Know,de2ba3ef-a4ab-4138-bbd4-4717a040dcdb
1998,1998-08-28,Digital,Chameleon / Control,30f65983-567a-46ab-a05b-75c65e4007a1
1998,1998,Digital,Escape / Delight,59cab4c1-e9f3-4e11-be30-ad21d381cedc
1998,1998,Digital,Lower Depths,a07c3253-3db4-3b84-aac8-a0af54741d92
1998,1998,Digital,Mission Accomplished / Far Out,2887e9b2-ee53-3a6f-9e6c-f81147e3637e
1998,1998-09-18,Digital,Xpress / Reaction,906e82b9-f087-3a61-9470-236c1c9e50e7
1998,1998,Digital Boogie,Afterglow,55ca203d-c565-43fe-b550-b787200c2346
1998,1998-06-15,Digital Illusion,Perfect Harmony / Underground,cb4908ca-e716-4fc6-a88f-0375c8c895ec
1998,1998,Digital Manoeuvres,Hyperspace / Universal Goes Bonkers,1963c9bf-d765-4b09-b6e4-5b3dd8f34d0a
1998,1998,Digital Masters,The Fifth Element,120a96b7-a1c5-30e0-84ed-eb7cbd57ce82
1998,1998,Dignity,Everything Has Changed,347024be-1f15-460a-84fe-ac92b75044d1
1998,1998,Dignity,Nothing Is For Free,b84aa2b5-219f-40ca-8925-ca0e80d88954
1998,1998,Dike,Mit dem Kopf unterwegs / S-Bahn fahn',d26d337a-6c5a-4878-be24-2886e4e68fe3
1998,1998,Dilated Peoples,Work the Angles / The Main Event / Triple Optics,e40520df-fe05-4467-8e1d-c91eaf044de1
1998,1998-02-21,Dilemma,Spring Box Remixes,73f78ede-a4dc-33c2-9a90-4a52ad42241e
1998,1998,Dillinja,Hard Noize / Accurist,97f44de6-28d3-40ba-af4f-623814d112b8
1998,1998,Dillinja,Total Recall / Test Time,8bdb219f-93d8-336f-a955-dbe84ed85f7c
1998,1998-10,Dillinja,Tronik Funk / Thugs,86c64f89-10c7-3631-a93f-8ab5f8f2a253
1998,1998,Dillinja,Weapon of Choice / The Fuze,d15c5d3f-7985-3791-a862-fce998bb542a
1998,1998-04-06,Dillinja & Lemon D,Fluid / Hard Noize,5173e307-28c5-303b-80e4-5b86618fa75f
1998,1998,Dillinja & Lemon D,Static / Rapture,af7531e0-1a02-3b35-a3d4-147ece2ab88d
1998,1998,Dimension 5,Limitless Dimension / Bombed Out,9107e750-acba-484c-b27f-5dac114d4428
1998,1998-12-14,Dimension 5,Tribes of the Moon / Limitless Dimension,4fc2113e-d400-4f64-89b4-fc5ea8c4e982
1998,1998-10-12,Dina Carroll,"One, Two, Three",4e831458-5b79-39a5-909a-a7a4fd83d235
1998,1998,Dinamic Duet,Open House,fab1572d-7f10-4be6-a3b4-82f256b3178f
1998,1998,Dingetje,Sambal bij? (Op en neer),bee88902-2a5f-3f92-8d4e-01c1cfcaec3f
1998,1998,Dionne Warwick & The Hip-Hop Nation United,What the World Needs Now Is Love,3f7bbb3b-bf55-448f-a8c8-e876da62b14e
1998,1998-08-12,Dir en grey,-I’ll-,3241e513-377f-3e20-80c5-9991d350d127
1998,1998-05-10,Dir en grey,JEALOUS,a6f491a2-ee22-3b17-b9bf-c6fd4836a5b8
1998,1998,Dirty,January,315bbee7-9896-4172-ba76-254c67a74235
1998,1998,Disc-o-thek,Heaven’s Tears,bd279564-42b7-456d-84ab-e42ef7489034
1998,1998,Disco & The City Boyz,Get Em Up,cdd40d4a-e980-46e8-bbe0-0d6af1569e22
1998,1998,Disco Blue,Alright,8da603de-120e-4080-9f35-f851efcd89b1
1998,1998,Disco Citizens,Nagasaki Badger,5870a55e-b245-35d5-9fd6-c6652fecf51d
1998,1998,Disco Dude,Get Up,e2f8b9a5-cf3a-31c7-a62e-14b3d95abebf
1998,1998,Disco Dude,Get Up (On The Dancefloor),d9b1f93d-55dd-4a79-82b3-59d7ea91fa6c
1998,1998,DisCo. / Circle,DisCo. / Circle,87429982-6d1c-3eb1-afa2-85835260cd23
1998,1998,Discodroids,Interspace,68a6dde4-9394-40fe-9b55-ec20416baac2
1998,1998,Discomaniaxx,This Is How...,4f1023c9-5527-33bb-b213-488d5c8574e2
1998,1998,Discotexx,If I Was Burnin'...,b58017e6-a61b-3550-bf5c-923a8e5de5f6
1998,1998,Dishwalla,Once In A While,418ae3cd-1c31-4069-a875-04680c84c08f
1998,1998,Dishwalla,Stay Awake,f3db39c3-dd5d-410f-9550-e636a3eae765
1998,1998,Diskofox,Es Geht Voran,91d50b18-6b1d-4f20-9999-aaca636a355e
1998,1998,Diskowalküren,Walküren,a6e8568c-57a6-4a10-b1aa-a99352a00c2f
1998,1998,Distorted Minds,Eventual (remix),43a3409d-43d7-339c-a45f-b3c4f3166e6f
1998,1998-12-10,Distray,gene of “D”,11c354d0-d8d0-43cc-acfa-a71bfb723681
1998,1998-10-19,Diva Surprise feat. Georgia Jones,On the Top of the World,cb72cf7f-be51-4e48-943f-1da1ec9742a9
1998,1998,Dive,Boogie,d087e7aa-a873-3e5a-b383-6884e8d585b0
1998,1998,Divers,Little Less Nothing,27b449b5-ada2-4ce4-916b-3d82fa278131
1998,1998,Divididos,Sobrio a las piñas / Quién se tomó todo el vino,28400366-83c2-4fad-b952-d0d2e57c18fe
1998,1998-08-25,Divine,Lately,9e5cd660-c9c2-3cf6-8a50-8485b83eec93
1998,1998,Divine,One More Try,f1ca19f8-2556-4fc7-9209-2bd2b99985bc
1998,1998,Diving Society,Moving On!,4149f468-68a7-4a30-89c5-92603f40e2b7
1998,1998,Dixie’s Gang,El Ritmo Tropical,5eec8d2a-e100-44b4-9d58-66dfe8690654
1998,1998,DJ Abstract / DJ Abstract Featuring Cold Fusion,Music & Life / Keep Tryin’,99e96d42-6e75-42ff-82d4-fca809f115ce
1998,1998,DJ Addiction,Walk in Time / Live @ the Jazz Club,f5e27cc9-edfd-4bba-a85b-c07f89f4fdc8
1998,1998-09-30,DJ Arabesque,Yes,fee13241-5aa5-4dbe-a054-6c36e3e0590e
1998,1998,DJ Ascend,Blind Visionz / State I,79f4d263-1cc6-4edc-a9e6-6b966cc3ac38
1998,1998,DJ Ascend,Future Funk / Supernatural (Unison remix),5ee2c946-feb6-4a7d-b976-66e5489559a4
1998,1998,DJ Assault,The Fuckadancemania E.P.,2f80dd95-0aec-4a49-beb6-c8a9ad7cf6eb
1998,1998,DJ Bart,Wanna Play House,c12086cc-fac3-45f4-84bf-dff7555fbf33
1998,1998-07-07,DJ BoBo,Around the World,9ef80e20-ccc5-4f7a-8253-6a7c59fd9158
1998,1998-09-17,DJ BoBo,Celebrate,57255417-ef33-4ca8-b0aa-7723b3ef42f8
1998,1998-03-30,DJ BoBo,Where Is Your Love,25e4ce1b-225c-3235-be31-85bc64c49ad2
1998,1998,DJ BoBo & Karel Gott,This World Is Magic,3e3a438e-8c57-4104-8224-c793550a923a
1998,1998,DJ Cam,Success,0f17ede9-55da-4d71-94d8-03ba4ca3b2a1
1998,1998,DJ Cam feat. Channel Live,Broadcasting Live,d2d6835b-f0a1-4a3f-8294-507c10a5c704
1998,1998,DJ Choci,Spaced Out,33998aaf-e13c-4ca5-a1c7-f6d14e24daa7
1998,1998,DJ Choci / Seditionary / DJ Paolo / Silver Box,V.C.F Sampler,426befef-669d-4639-9fac-2846a1ab1888
1998,1998-06,DJ Class,Come Quick See,527522d8-22fd-36bd-8763-7c510701f0e8
1998,1998-06,DJ Class,The Love Theme,0b3fcb21-7713-3265-9fcf-948d9e9eca27
1998,1998,DJ Crack,Rhythm Take U Higher,dc1cd19d-7f87-4e40-98ea-261f5f5199f3
1998,1998,DJ Creation,Dark Skies / Going On,1b6c732e-7143-4b9c-91e9-d1253ae0cb1a
1998,1998,DJ Crisis & Clipz,Spiritual Occurence / Easy,89655810-b0ce-41d1-a2da-318c10f6608e
1998,1998,DJ Curious? / B-Boy 3000,Dedicated / Naughty Vibes,144ac771-7a04-4275-b68d-e1eb7fbe176f
1998,1998,DJ D-Man,Basement Party,24ec679c-2f5c-4e5a-b45a-4aee8b61d4ba
1998,1998,DJ Dado & Simone Jay,Ready or Not,7b8bc9b0-a897-4aa9-ac32-06e2025eea21
1998,1998,DJ Dado vs. Michelle Weeks,Give Me Love,844d0a3a-dc61-3a2d-9efa-8187da63fb9b
1998,1998,DJ Dagwood,My Baby Wants to Ride,15f3f375-3ed6-45a4-a8c0-c0f6d312aa89
1998,1998-06,DJ Dainskin,Move Your Body,9dad7a02-38c2-449d-ae22-c9677363dd31
1998,1998,DJ Daydream,Falling Over The Moon,7be73b98-f7fe-463a-9b30-cd8e0f7416ff
1998,1998-04-06,DJ Dean,Trust Me,b192afde-c0b3-3256-bcfc-2d68e6db146d
1998,1998,DJ Deeon,Akceier 8,b08ec0c1-4659-46ec-85f5-6337d5f8a4b7
1998,1998,DJ Deeon,Da Dik Suk,cc460e8d-ab4a-4ddf-8958-7ec99bee8242
1998,1998,DJ Demo,Happyrollers III,58a630d8-98a3-48ce-8404-4a42942c8343
1998,1998,DJ Demo & Digital Illusion,Right Time / Sounds Crazy,cfc710f9-adbb-4112-b054-e3128a0a6456
1998,1998,DJ Destiny Feat. Trixxy,Into the Future / Suddenly,e69f5eb5-4729-45d3-bffc-a83ea56f01bd
1998,1998-11-16,DJ Die,Clear Skyz / Reminisce,320ff0b5-67ab-3417-ae09-958992d2b15b
1998,1998-03-23,DJ Die + DJ SUV,Mankind / Music First,2aa9518e-7b87-3ecb-ae59-f7fb5b83e094
1998,1998-02-16,DJ Digress,In My Mind,5fa3e0fa-f7a3-40ac-920c-844eb75fb1cf
1998,1998,DJ Double G,Poison / Get Loose,0858ef04-5a7c-4af0-901d-1445edc32fb8
1998,1998,DJ Downfall,Shape!,f06c181e-9dfc-49aa-8b46-9cfa2846f64f
1998,1998-03-05,DJ Duke,Amor / Music Cinema,2193bcca-1e4d-396e-a8db-bcd1a71aa318
1998,1998-01,DJ E-Rick & Tactic,Hardcore Rules the World,040dc508-ec34-3aff-8baa-6c6924ff55cd
1998,1998,DJ Ed,L'Esperanza,cf6174b9-e5c7-45ab-a5d5-437aace63f46
1998,1998,DJ Ed,Ocean Of Tears,0dc5bf62-03d2-4029-b560-1c68809828ad
1998,1998,DJ Energy,Future Dimensions II / Millenium (remix),8797ffcc-f212-4db2-bd8b-c4ec51f5748a
1998,1998-01-07,DJ Energy,King of Rock / Hustler,b7bcc845-f20c-41c6-9312-f53942de2cf3
1998,1998-08-10,DJ Energy,Set You Free,32a78804-5e54-4fbf-9d33-ce3523dba718
1998,1998-01-11,DJ Energy,Warped Reality / Distant Minds,f5c05d3d-0158-4449-868c-f73e21658566
1998,1998,DJ Eric,We Are Love,ffa36ff1-677b-48cf-8e93-6c315f33b332
1998,1998,DJ Errik,Jam on the Moon!,3e7edd24-32ed-3d99-8c9c-680fd4a406b4
1998,1998,DJ ESP,I Like to Get Down,88ae6a11-2ff6-4999-be21-0fe9b3eafb65
1998,1998,DJ Fade / DJ Devastate,Freedom (Frantic Remix) / Some More Funky Beats,fe5f21b3-99da-4acf-a6e4-51f101547872
1998,1998,DJ Flare,Dark & Darker / The Thief,461faa25-5a75-4ab7-9434-8babe1f36d11
1998,1998,DJ Frankie Gee,Filter Madness,a21838b4-54f7-4551-ba9e-00aa2ad41485
1998,1998,DJ Fred & Arnold T,Wall Street,c687de6d-1a34-42f0-b07c-495184e64668
1998,1998,DJ Friction & Nu Balance,Cryogenix / Movement,598e36b7-04b4-40ee-bf0f-acdac05774e9
1998,1998-04-03,DJ Furax Present Virtual Zone,Change U Mind,a37a7ba7-ba64-446e-824b-320e8db09632
1998,1998-10-30,DJ Gius,Overcharge,928fccc3-b470-498e-ab55-37303623808f
1998,1998-01-01,DJ Godfather,Player Haters in Dis House,abd98416-9cbf-4072-abca-1c766cc022fc
1998,1998,DJ Gollum,Fortunes,626fde74-1ddb-4a86-a071-0f8f45ea6541
1998,1998,DJ Gollum,The Energy,27aa86b8-2fae-4a51-8e25-071b7e73900c
1998,1998-01-01,DJ Ham,New Style / Your Love,b6d32096-ec19-4b50-adf4-392cd851574e
1998,1998-06-08,DJ Hitch Hiker,Brainticket,0ddac5f6-5faa-40de-a601-24cd5dca1e3e
1998,1998-11-03,DJ Honda,Travellin' Man,1a37633d-c23c-31f4-86c6-a0e5a59b57a2
1998,1998,DJ Isaac & DJ The Viper,The Real Shit,c3cdeb92-7351-4d87-9769-25c9dca42360
1998,1998,DJ Jay-J & Wade Love,You Can Live (Get Up),592d3648-9f4f-38e9-b6e5-0d936442abed
1998,1998,DJ Jean,Madhouse,a8601c6a-5f01-4449-93cd-9eabd6dcfcb0
1998,1998-06,DJ Jean,U Got My Love,def0652b-d6f3-37e4-9f04-35034d559230
1998,1998-11-09,DJ Jo,Relax,50012dc1-94e3-46e0-bb4c-7856af6ba7a9
1998,1998-06-22,DJ Jo,Space Harmony '98,887d1bb8-4e3a-4edd-b45f-036a1f0597a2
1998,1998-04,DJ Jokey,On Da Ruff Side,1a710885-c8ed-49d9-8479-31545dc125fd
1998,1998-01-12,DJ Kaktus,Kleiner grüner Kaktus,0fc784d3-a95c-4f20-924a-ddc0d4bce371
1998,1998,DJ Kazimir,Dear Prudence,d89befc1-4768-47c4-beee-8a5ea4e61dd5
1998,1998-05-25,DJ King Assassin & 2Pac,Kriminal Minded,be95bc06-93dc-4a33-a424-4dbae3bc669d
1998,1998,DJ Lupa,Primate / Mortality,345a040e-e1b5-457d-b78a-3e6dc03a62f8
1998,1998,DJ Magic Marc,U Should Be Dancin',c7d65988-5157-435d-9b94-b98f87733959
1998,1998,DJ Maker Vs. Sensitive,Summer Time,03c3f31f-ec9f-4860-81c4-4fb7641ff1be
1998,1998,DJ Miko,What's Up 2000,9b211a21-0d3a-4614-80c4-b010fd46a041
1998,1998-10,DJ Mind-X,Never Talk To Aliens,f644b864-7360-4cdb-8f39-78eb28184d6b
1998,1998,DJ Mo vs Marc De Clarq,Lunatic Child,91a6fb87-9d06-413f-9804-c561c32a8afa
1998,1998,DJ Mo vs. Marc de Clarq,Eternity,2cdbf8de-bb3a-3009-bd20-607292924cbe
1998,1998,DJ Neophyte Meets DJ Attic & Stylzz,As We Approach,d10c20ae-ccc8-4ffa-b673-cbf57581d077
1998,1998,DJ Niel,Depth Of The Sounds,fe5b228c-8e56-47de-b8a8-ccbd6cd0a839
1998,1998,DJ Panda,It's a Dream '98,7ab45bc5-258d-3b24-a2cd-49b2e04a9beb
1998,1998,DJ Panda,Listen - Part II,907c5ac7-cd4f-304e-8235-dfd2b00d6bb4
1998,1998,DJ Paola,Code 1000,cc4a595d-944a-41d5-9c3c-43cc6f3ba49b
1998,1998,DJ Paola,I Robot,88363d87-d12e-4170-a6e1-45d61c6dea4b
1998,1998,DJ Paola & DJ Choci,Souls of the Tribes,26df9f94-996f-4d52-8ded-276e6e132649
1998,1998,DJ Patience,Once Again / Fire,a103f35f-4d40-41ff-a319-080ca7fce0d7
1998,1998,DJ Paul & Teenage Warning,If The Kids Are United,04c8d7b2-9803-40b4-a3d2-1d8a3d05f075
1998,1998,DJ Paul One vs. Dave Scott,House Trip,070396b2-b58f-4d07-a4fb-84fb66fbc53e
1998,1998,DJ Peter Project,Show Me the Way,dffae69c-83aa-4f80-af17-c344ac291138
1998,1998,DJ Phantasma,Revolution,827f6ae4-d905-3630-bfa6-9909f29d96da
1998,1998,DJ Phantasy Featuring Sonia Redd,Music Is My Life,da768c71-ba8f-4e1a-ada2-d90bdb15fda3
1998,1998,DJ Phantasy Featuring Sonia Redd,Music Is My Life (Steve Gurley Remixes),db6731c1-1f60-4522-8e0c-c2c9af88e48c
1998,1998-12,DJ Philip,Eternally,4d004e79-3d10-4762-9791-113bb249f34e
1998,1998,DJ Pi vs. C.O.P. Project,Don't Go,f0ed921d-1151-46c4-971d-fdf42244c1eb
1998,1998,DJ PMC,Subplate,73d79cf2-61e2-4ef4-8cce-f5efcc2f244b
1998,1998-02-24,DJ Pooch,Come On / Burning Up (Remixes),227ea408-87e3-412b-969b-78eb8511fc3e
1998,1998-09-20,DJ Pope,In the House,1e2f9f16-e3db-3b6b-9c51-5238813f7652
1998,1998,DJ Pro One,Kaos Theory: The Mixes,7f1e9569-51b1-4de8-918f-2f6fd7c9269f
1998,1998,DJ Professor,Can U Feel the Force,42db9cd8-be03-4224-b9dc-13732a7de0bf
1998,1998-06-08,DJ Q,Delirious,9ce1bf68-af57-38d9-a8db-2ef7c6c59b5f
1998,1998-10-27,DJ Quicksilver,Escape to Paradise / Timerider,134e0e77-95ca-349e-8beb-bf62a7fe4787
1998,1998,DJ Quicksilver,Timerider,3b4618ab-ef7b-4c55-ba7c-b6d5bb3cb8f1
1998,1998,DJ Quik,You’z A Ganxta,7b80f613-4eb3-455e-9049-4ac12562d05d
1998,1998-06-22,DJ Rap,Bad Girl,ed8ad7c7-8f16-3006-aef3-1414b7d678ad
1998,1998-10-05,DJ Rap,Good to Be Alive,3f26888d-0f57-38d2-b2e0-d41626db9352
1998,1998,DJ Rap,NRG / Jacobi,4a3fc6ce-0078-4bae-b678-958e9cb34974
1998,1998,DJ Rap,Presenting the DJ / Mayday,4cf83516-9de9-3293-91e7-48b6826dd031
1998,1998,DJ Ray Corn & Friends,Happiness,6a0538ea-4e46-4a20-8375-adac694a0d5f
1998,1998-10,DJ Reality,Descent / Methods,7ec5f64d-87e8-4941-a41a-7a4d767271cd
1998,1998,DJ Red,Dynamics / Enta Da Dragon (Tekken 3 Mix),267c9abd-08bb-4d53-a33d-f61a4e1f6729
1998,1998,DJ Riddler,Bring Out Your Dead,ce283302-200e-47f8-8c79-927294e9eda0
1998,1998,DJ Rien,Tranquille,cd3a427e-ecf5-4d31-9361-117bad8b57f9
1998,1998,DJ Rob & MC Joe,21st. Century,fe85ca8c-9f3a-4d8f-91c9-e2fdc1778a1d
1998,1998,DJ Ruboy,Confussion,d450f6b8-c6b1-4c89-809a-3ad1c559f439
1998,1998-12-14,DJ Sakin & Friends,Nomansland (David's Song),74f4f0f4-a8fa-3fb1-b11e-3f21732b61bc
1998,1998-09-14,DJ Sakin & Friends,Protect Your Mind (For the Love of a Princess),0d0d0d05-fa81-356e-80cd-7bc120619564
1998,1998,DJ Scana feat. Naline,Dream on Me,87e15063-d8ee-4f21-bba5-e037ac00dc03
1998,1998,DJ Scot Project,X² (Time Is Now),9b84702c-3605-492a-902b-c1d730a21d11
1998,1998,DJ Sebbo,Touch Mahal,a8ae061d-74f8-47dc-9e4d-c33ec379abef
1998,1998,DJ Seduction,Leaving the World Behind / Hey Yeah,3509c9b3-091b-468f-af4a-a438fb382569
1998,1998,DJ Seduction,So in Love / Can You Feel It (Remixes),f178423b-c698-4a3d-a54f-6648c4fb39ad
1998,1998,DJ Serge & Remy,Groove Me,a678f276-dcfe-4e35-9b10-a31aabd35f69
1998,1998,DJ Sergio Presents D People,Yabolesh,29240392-38a4-4f26-8ed5-82d0571c9244
1998,1998,DJ Session One vs. DJ Slug,Talking About Sex,2cfae1f0-28c9-4912-aa0c-098a0bff39c3
1998,1998-02-23,DJ Shadow,Number Song / Painkiller,c202af33-4aab-3e7f-9164-cdc8da532a66
1998,1998,DJ Silencer,Mystic Place,39ce81ea-4618-414d-8df3-ef3be6b90de5
1998,1998,DJ Slip,Change of Fate / The Unexpected,54a3d21d-a68d-45ff-997b-075d814f01d9
1998,1998,DJ Soul Slinger & DJ Wally,Diana / Theresa,c02fca65-f2cc-44b2-ba72-7ba0814b45ea
1998,1998,DJ Spen presents Jasper Street Co.,♥ Changes,3944396a-139f-361d-a7ef-a43ab73fb4de
1998,1998,DJ Spooky,Object Unknown,50363d0d-be09-3e83-a478-f54d96fcdd7b
1998,1998,DJ Springer,Jerry's Theme,0168a8d3-f983-40c0-adb1-81463c4bffe3
1998,1998,DJ Sprinkles,Sloppy 42nds,e5436cf1-a9ae-4dff-bf84-2e48dd5aa8ba
1998,1998,DJ SS,Australia,b6f6ab42-06ef-45ed-b176-111b9ff631d0
1998,1998,DJ SS,Canada,d661a9b3-8230-3b85-bbc1-873dbe8c80b3
1998,1998,DJ SS,Italy,6ece484a-d8d2-464d-9edc-49779675630f
1998,1998,DJ SS,London,2083eea1-b63d-4e00-a3da-b67be06ae31c
1998,1998,DJ SS,Sound Of The Future,3ce0479d-a73f-431d-9ee5-46d428e243df
1998,1998-03-17,DJ SS,Symphonic,ec32e20f-5d74-3c02-883d-0c27b7ded582
1998,1998,DJ Storm,(Now) Who's in Control / The Final Conflict,4871d706-9d82-485f-b9e8-6782227e6f7c
1998,1998,DJ Storm,Funky Drums / Kickin' Hard,0893f40a-085d-45a1-a085-8304cb5ddd31
1998,1998,DJ Stylewarz,Heiss Wie Feuer / Kalt Wie Eiss,17ea3653-e229-46f4-b068-c672e4957f4c
1998,1998,DJ Surreal,Submerge / Runnin,6ec2bcaa-fcf7-41ba-bd57-e279b4d76710
1998,1998,DJ Sven O.,In The White House,f670c071-e167-4de4-94bc-f9bee25cd1f1
1998,1998,DJ Swan-E,Let It Roll / Da Bomb,aefe7b28-cc97-4beb-9e40-fcc703068b88
1998,1998,DJ Swan-E & Undacut,In Ya Hood / Inside Moves,22cac127-7d1e-42c5-b6d2-2df3c544a4da
1998,1998-05-25,DJ TeeBee,Assassin / The Abyss,66f90a5d-181c-3007-ad81-82d7c754c44d
1998,1998-12-07,DJ Teebee,Coming of Shadows / Back to My Roots,8610f770-88a3-3238-ac8a-433aa9b34a78
1998,1998-03-30,DJ Teebee & K,Droids / Otrivin,eb82ba12-d478-3207-89f6-5195c13e455c
1998,1998,DJ Tequila & DJ Grappa,Mamma Maria,4b56d0b8-c776-3146-8eed-ddce880da0fb
1998,1998,DJ Texta & Persian,"Well, Well, Well / Dub, Dub, Dub",a25aeb9c-9280-41e9-96d8-d0ccd7d05eaa
1998,1998,DJ The Crow,Release Yourself,fd29a84b-997c-4e89-941e-cd6d5cf5b1d3
1998,1998-04,DJ The Viper,Hardcore Gangster,b57f4cfd-df7a-4310-989c-89d88cf70ef7
1998,1998,DJ Thoka,Keep It Alive / Don't Stop Me,95583e8d-ba4e-4eff-b5ea-c7703b79c414
1998,1998-04-02,DJ Tomcraft,Powerplant,bed2c6b1-bba9-45e5-9fde-3941f954f5df
1998,1998-02-23,DJ Tomcraft,The Circle,0df340f8-59a3-466b-9ee1-1e88a7435949
1998,1998,DJ Tomcraft,The Lord,9d945964-f58e-46ca-858d-0c6ac1f1afe3
1998,1998-11-09,DJ Tomcraft,The Mission,d625b51f-0cb7-4ae3-b8f1-e81fa383e05e
1998,1998-06-10,DJ Tonka,She Knows You,913ed3a7-2cf9-4d98-87fe-65d6f50d5c05
1998,1998-06-10,DJ Tonka,She Knows You,d97849f4-2f1d-4732-a8cc-efedf6ef76e8
1998,1998,DJ Visage,Formula,9d49b0dd-263c-4873-835f-e42108a738eb
1998,1998-11-02,DJ Visage,Geil!,33326ca0-04c6-3474-8759-6af194fa5b33
1998,1998,DJ Wag,Man on the Moon,079f1d8c-45b2-4b95-82f2-c954f0459a98
1998,1998-08-17,DJ Wag & M.R.,Life on Mars,b3130802-bf66-4a7e-8ea2-bf4c5da09943
1998,1998,DJ Wicked,Wicktime,49e6a8e6-3e77-40e5-abc7-842a5cbd8e08
1998,1998,DJ Yves,In The Mix,ba729540-c1a4-4355-92f9-eec87b9115d0
1998,1998,DJ Yves Presents Kozmoz,Here We Go,90c4cc8d-b41e-49f9-bec0-8ce0530893fb
1998,1998-01-12,DJ Zinc,It's Like That / Oasis,cc2eaec6-fc00-474c-9e53-a8cf2cd828f7
1998,1998-02-02,DJ Zinc,Stretched / Bring the Danger,ee276f26-725a-3b6f-a276-958dfc0005eb
1998,1998,DJ. Manolo Machaca,Masía,17b1d188-62f0-4bb2-ac6e-5d430f81f5f6
1998,1998-05-25,DJB Productions,Come Home,e99c8caa-ab48-3b1a-8a30-bc3bb9c07c57
1998,1998,DJK,Body Move,0ba069f1-76f5-3205-bf97-3712e05ed671
1998,1998-02-22,DJs Wally & Swingsett / Bobby Matos,Righteous Like a Brother (DJ's Wally & Swingsett remix) / Guiro Electro (Rainer Trüby Trio remix),a23c1fbe-a74c-40b3-a2d4-767a180d5c81
1998,1998-10-01,DlociA,Bonjour,887e3e4e-7d90-45e5-89b1-f2ce3fcdaa5b
1998,1998,DLR Band,Relentless,89e2cca6-c8e0-4453-b779-912d3b04483f
1998,1998,DLR Band,Slam Dunk!,7a05dff3-f701-45fa-bf8d-beb200cf0b9b
1998,1998,DM3,Lure,4fef6615-f2d3-49e1-b80c-fbddcaf6f9f3
1998,1998-06,DMO,Ulterior Motives,4e2fcda1-0603-491b-829f-40d66a90d880
1998,1998-02-10,DMX,Get at Me Dog,7267dd00-6ad0-3991-b6d9-c8449c4bed33
1998,1998,DMX,How’s It Goin Down,14e4d575-41d6-40e0-bfaa-2c75de088a22
1998,1998,DMX,No Love For Me,2f5e4a19-57de-40b9-8f64-47fdaf2c95b5
1998,1998-04-11,DMX,Ruff Ryders' Anthem,ea21c7cd-6670-3b0e-8fda-35b0705a481d
1998,1998,DMX,Slippin',d32c159e-4eaa-457a-9366-39f0bb36d667
1998,1998,"DMX, Method Man, Nas & Ja Rule",The Grand Finale,06d245e8-d4f3-446d-916f-e5754a8121e5
1998,1998,DNA (Dennied Access),Fractioned,b5e1da39-6f67-439e-8c2b-03aa680316a3
1998,1998,Do Or Die,Still Po Pimpin' (CDS),0647405f-1532-4a5f-86a3-f7971b352c7b
1998,1998,Doc Gynéco,Passement de jambes,8cd44102-edaf-4b78-a6ef-ab2627978df4
1998,1998-11-02,Doc Gynéco & Bernard Tapie,C’est beau la vie,1168722f-6703-440e-8fce-43b29429226c
1998,1998,Doctor Delite,Let the Music Play,d3e6c916-b1ec-3e2d-9e08-65dc278b5a1c
1998,1998,Doctor Doom,Skull's Crackin',3ad1ce62-45e6-49b8-838e-20e91f507531
1998,1998-09-04,Dodgy,Every Single Day,64451abe-fb4a-391b-9105-d56098cdb31a
1998,1998,Dodo & VM-Landsholdet,Vi Vil Ha’ Sejren i Land,467b3029-0472-48e9-9b8b-2abb22a31f8b
1998,1998,Dokta K,Kill Sucka MC's,050f894a-5736-464f-b419-5b9c77180910
1998,1998,DollsHead,Perfect Day,b8c4b9d2-e63d-44e7-bc0f-90f011930650
1998,1998-05,Dolly,Partir seule,b193222a-96ea-3dbd-b4f4-501c66e32c98
1998,1998-09-04,Dolly Buster,Schöner Fremder Mann (Ich bin Dolly B.),0372c52e-8798-4561-ac6f-0b11042ab409
1998,1998,Dolly Parton,Honky Tonk Songs / Paradise Road,739f0bbe-a49f-40f2-934b-ad6520ac8a65
1998,1998,Dolly Parton,The Salt in My Tears / Hungry Again,ba9cd377-bd4c-416d-ba57-2983a1dd4efc
1998,1998,Dolphin’s Mind,Believe In You (The Whistle Song),3a737430-effb-4dba-8fc9-d7a32d43350d
1998,1998-02-23,Dolphin’s Mind,L'Esperanza,c6b385cf-f5fe-4ac4-a171-7a19f69c0421
1998,1998,Dolphin’s Mind,La Luna,41c4f413-a773-4827-aa9a-bc7f0160c21f
1998,1998,Dom,Fackeln im Sturm,33fcb7fd-a5dc-3516-9256-7d2eb251cb28
1998,1998-09-01,Dom & Roland,Timeframe (Matrix remix) / Braincloud,6c13adf1-84d2-3b47-b2b2-c9e1cf98558b
1998,1998-09-01,Dom & Roland,Timeframe / Chained on Two Sides,b8784516-84cc-39fd-8631-1135f09f8822
1998,1998-11-23,Dom & Roland,Trauma / Transmissions,60e42175-f70b-326b-84d4-785917bdf8f9
1998,1998,Dominique Dalcan,L'Air de rien,3e3a38ee-b97e-4bf8-859f-885169138b1b
1998,1998,Dominique Dalcan,Ritmo,ff3118af-66a3-4cac-bfe1-7b5106ad8dcf
1998,1998-03-09,Don,How Free,5c2c8fe0-1691-48d0-add3-2c86b7ca0429
1998,1998-01,Don Huonot,Piikkilankaa,f1f1df3a-e24b-4b7c-813d-77f622fe958a
1998,1998,Don Williams,Cracker Jack Diamond,82790467-27ec-46e9-b122-9a472990500e
1998,1998,Don Williams,Pretty Little Baby Child / ’Twas the Night Before Christmas,2e42b7a8-bda0-4277-937b-7267f1c4055b
1998,1998,Donna Lewis,I Could Be the One,8b550fc2-4045-410f-afab-cde90e0ade92
1998,1998,Dons of Quixote,Water Margin,bdd9f667-8de8-46f8-81ef-274c1a1bd8fc
1998,1998-10-19,Doolally,Straight From the Heart,9aa58caf-7eda-3806-a423-017aaa2d7931
1998,1998,Dope Skillz,Pink Panther / Bad Break,c07a2598-1622-4c30-872e-b95f19d4ba87
1998,1998-11-23,Dope Smugglaz,The Word,c06e52ae-072a-39b7-93c9-b3321db6fe94
1998,1998-11,Doppelgänger,Days Gone Remembered (Einzelgänger remix),1da9a09d-3730-4f0d-9404-8160c617e8b9
1998,1998,Doran,Meisje,08631b9b-dcfe-49d0-9502-e6643374ea81
1998,1998-02-09,Doris Days,To Ulrike M.,88122648-339d-3b78-88a9-e1121b8229eb
1998,1998,Doro,Long Way Home,df418106-a754-4862-93b2-d46a81c136f2
1998,1998,Dos Amigos,Mambo,001705ff-4305-451c-9074-1850f03f278d
1998,1998-10-21,DOUBLE,BED,d8ec7d09-de1c-38d4-aa21-412d822baa97
1998,1998-05-21,DOUBLE,Desire,32e7c006-5395-4a4f-a9d9-108ad4d5e3f6
1998,1998-02-04,DOUBLE,For me,8a3dff79-9438-3ecd-a94e-1c7426cecb67
1998,1998,Double Dave,Universal Sound,99a57d85-1878-415c-b9ff-2bc430d14120
1998,1998,Doug Laurent,Half-Life,6f09e323-e645-3272-bf07-14634f638d8e
1998,1998,Doug Laurent,I'm Rushing,47a8afda-9827-488c-a788-f9c7604700e5
1998,1998,Doug Martsch / Michael John,"Split 7""",40985139-2c7e-4457-9eea-8f9d7d453236
1998,1998-04-27,Down Low,Hit Me Right,bcb319f3-ba23-4876-8f38-5a3a1ddac80b
1998,1998-10-12,Down Low,Once Upon a Time,a7b942d9-de23-315c-bdeb-e63d77015b4c
1998,1998,DP,Tonights The Night,155f0928-f627-423b-9128-17d099d2ec01
1998,1998,Dr S Gachet,Understand Me,a269f8e0-eb56-49ce-80b2-796d071395c4
1998,1998,Dr. Alban,Enemies / Guess Who's Coming to Dinner,9e94802b-3462-4b97-921e-41acba04912d
1998,1998,Dr. Alban,Feel the Rhythm,9436411c-5115-4eff-a3c9-f1cb0144a28a
1998,1998,Dr. Alban vs. Kikki Danielsson,Papaya Coconut (Come Along),e71e2669-f9b2-44fe-af9b-a13e14551ee7
1998,1998,Dr. Bombay,Calcutta,349fcb50-2cbb-376b-b417-d86885191184
1998,1998,Dr. Bombay,S.O.S. (The Tiger Took My Family),2ec2e350-f465-4696-80d8-93f104c920cb
1998,1998,Dr. DJ Cerla vs. Jo Smith,Crazy 4 Love,1c14ed41-fe48-42ce-9498-930a3af5b745
1998,1998-06-29,Dr. Dre & LL Cool J,Zoom,d98e3dd3-86fb-4178-b12e-90b56f78900c
1998,1998,Dr. Explosion,The Telstar Sessions,a6eec01c-6b90-45bd-886b-cdd477134f9d
1998,1998,Dr. Israel,Southside / Final Resistance,5d533f40-32e7-411c-9878-78fc67cfe551
1998,1998,Dr. Mablues and the Detail Horns,Back For Good,02425166-3b0e-4105-a7f1-e85398042b0e
1998,1998-08-24,Dr. Motte & WestBam,Love Parade 1998: One World One Future,a742f0db-ee6b-39b1-83d7-d89fa199efcd
1998,1998,Dr. Wizz,Dancin' Queen,ed5957b5-4925-480a-89ca-aaf2dbd67722
1998,1998-05-21,Dragon Ash,陽はまたのぼりくりかえす,9ea972d4-8a2f-3343-ab05-ef0e2ab74be8
1998,1998,Dragon Fist,Follow the Leader / Call It Quick,cfec4ca2-e064-4e92-8c08-a1f9b76994c8
1998,1998-10,Dragon Fist,Jaxx / 172,3dd04257-8971-47c1-bff0-1e97c0833d9f
1998,1998,Dragon Fist,Volume 20,725ddf6e-31ab-480a-82f8-e7a8ab8d2403
1998,1998,Drain STH,Crack the Liar's Smile,fc254c33-58f1-3ec6-aaaf-b47cb475b7a9
1998,1998-06-20,DRAMATIC BLUE BIRD,夏休みをふたりで,0a5e4e4f-695f-4e8f-abfe-77701f6eb4b7
1998,1998-07,Dread Warrior,Wootang (Double Bass mix) / So Good,742560f5-2655-4bec-a7ac-a3987f5c4633
1998,1998-09,Dream City Film Club,Billy Chic,79f9e2a0-16bd-30ae-9be8-daab321d3963
1998,1998,Dream Theater,Hollow Years,cc46c656-4a8e-4ba4-b7e8-a1bfa982cbed
1998,1998,Dream Traveler,Time,f3978bb8-df90-410d-a9e0-ff41db8ade7b
1998,1998,Dream Wave,Lift Off,e8a94899-a2fe-4fa2-9356-2f7f62f271aa
1998,1998,Dream Wave feat. SM,Never Stop,725c5483-ad2e-4665-a0cd-e0cdf6817acf
1998,1998-01-28,DREAMS COME TRUE,あはは / BEAUTIFUL BOY,62b9ebf0-4573-32c9-9c85-5d75db28af01
1998,1998,Dred Bass,Technology (remix) / Signals,7ae60363-c06e-4182-857c-67796dc89d22
1998,1998,Dred Bass,World of Music Album Sampler,7be00003-5cd4-4db1-b15f-82f03154990c
1998,1998,Dries Roelvink,Maar leven lukt me niet met jou / Ik en jij,b138abe1-33cf-47b6-be7b-1c7ec4de6b83
1998,1998-02,Dries Roelvink,Ze noemden haar Carmen / Happy Happy Birthday Baby,2af40ffb-cfb7-44c0-b13a-7b169c7c9ef2
1998,1998,Drivetrain,The 2nd Symphonium,51a77cfe-4632-3a3b-b701-1da057284f99
1998,1998-10-19,Dru Hill,How Deep Is Your Love,b9f1362b-50eb-3df6-988e-b84d11cfdfef
1998,1998-04-20,Drugstore,El President,9fa0156b-e9de-3427-a24b-73b7b75e9ea9
1998,1998-09-14,Drugstore,Say Hello,e567fe69-5c90-3e98-844d-55fb2d3e939d
1998,1998-06-22,Drugstore,Sober,7276c0e7-f6fd-38dc-84a7-bf7a39e0cc56
1998,1998,Drumsound,Keyshot / Keep It Rollin',3c30d5de-d556-4390-9527-4cb0dd27c022
1998,1998,Dryer & Roy,Do to Me,1615573b-bd9b-4e9f-a2a7-31ce73cd4502
1998,1998,Drängarna,Kom och ta mig,392d1157-861c-4b6e-b91a-c600ad7be52f
1998,1998-01-08,Drömhus,I Mina Drömmar,cbb4e263-9354-42f8-8846-9f95aed575a4
1998,1998,Drömhus,Vill ha dig,75df515f-adc6-3fe3-83a7-bf2d5f29b157
1998,1998,Dub Collective,Step to It / Giant,349f2037-b48f-42cb-9828-6daa0c2a2e3c
1998,1998-09-28,Dub Pistols,Cyclone,345a4e39-4df1-3600-ad7f-48566bdf9272
1998,1998,Dub Pistols,Unique Freak,7bfa7d54-074e-4282-8e19-de14fc094d1b
1998,1998,Dubblestandart,Ruff Rider,f5379352-3c41-4f01-9b2b-d71865a5fd31
1998,1998,Dubmatique,La Force De Comprendre,2de4327e-774c-40ca-86bc-054a6e29edcd
1998,1998-01-26,Dubstar,I Will Be Your Girlfriend,a41ce9ee-04ba-3e6e-b679-21748371debc
1998,1998-07-20,Dubtribe Sound System,El regalo de amor,cb04ec3c-f3b1-35b7-a407-47a30311de65
1998,1998-09-22,Dubversive featuring Boy George,Police and Thieves,b969e4c9-cf50-4825-aea9-17327912d576
1998,1998-07,Duffy,You Are,3a7327a8-3b1b-4fed-90b5-2d3965138ffc
1998,1998-06,Dukeyman,Gimmie Some Mo',033d854e-9880-359b-876a-daed764f30dc
1998,1998,DumDum Boys,Ikke faen,2a3e425d-f6af-3093-bd55-5b1b0a52892e
1998,1998,DuMonde,Tomorrow,0ab8db2c-c32d-4ea0-9a98-4d607faaa94c
1998,1998-07-06,Dune,Electric Heaven,1e8216c7-5385-3953-b980-c87611f3a314
1998,1998,Dune,Keep the Secret,39473f9a-43ce-3fe0-a9ae-d12219814444
1998,1998-10,Dune,One of Us,33c7c026-fa84-3479-8858-dc59e10c4589
1998,1998,Dungeon Keeper,Higher,3c9b5c4c-e7bd-4c12-a7c1-d1e7753dc2f9
1998,1998-10-10,Duo Nooitgedacht,Dom Pie Dom,a68f2cfb-32d7-4b57-995d-21f564cfc94d
1998,1998,Duran Duran,Girls on Film (Attica Blues remix),e209a762-539d-46a0-8d65-70c11b681c2d
1998,1998,Duran Duran,"Remixes, Part One",c361068a-dd77-4fe5-a76d-e826f9b8b32d
1998,1998,Durango-95,5:55,d99681e3-3cf3-4479-ab18-6ea3b6851dce
1998,1998,Dusk Til Dawn,Fine Night,477a1463-c99c-4d29-b9b2-66cd3b3f08bc
1998,1998,Dusminguet,Vafalungo,acf2edef-7e19-48e7-a984-cf8aaedd13ac
1998,1998,Dust Junkys,Nothing Personal,c17798bf-65aa-40bb-aedd-6df4453f2f98
1998,1998,Dust Junkys,What Time Is It?,9026de69-a242-3b60-a1ba-405910e4f75e
1998,1998,Duster,"Apex, Trance-Like",7802ee71-e7d2-4529-88dd-6642c5407a80
1998,1998,Dwight Twilley,Perfect World,1ed3b5f5-2f36-4219-93f1-9e3bbea2900c
1998,1998,Dwight Yoakam,These Arms,b1eb8a5e-ee3e-4b7e-a811-012363f8e3b2
1998,1998-11-16,Dylan,Blackout / Dogfight,da5cac82-a3aa-37b5-b283-4662b7080f40
1998,1998-09-28,Dylan,The Eyes / Kombat,d9263c98-57f4-3b37-9483-b0fcc8a9d486
1998,1998,Dylan & Facs,Long Stroke / Yewsh!,e97e20b4-5b2c-3268-a720-18c2d6e669ac
1998,1998,Dymaxion,Verfremdungseffekt,96bab232-2ec7-3938-aa92-551931bcaf5f
1998,1998-12,Dynamic Duo,The Drummer / It's the New Style,4e2baf91-7df9-4753-8d26-37f39c7222dc
1998,1998,Dynamic Intervention,Bigger Kicks / Deeper Kicks,3c33f2af-27f4-49d7-b130-11b60072d351
1998,1998,Dynamic Intervention,Inside,94b43858-55bf-45fd-a83d-e11676bbc48b
1998,1998,Dynamic Intervention,Non Exist,272dfd41-3458-445a-b7a7-7803089ff3bd
1998,1998,Dynamic Truths,Dynamic Truths,54197235-2c37-4528-ac23-4f101a85aded
1998,1998,Dynamik Bass System,Arabian Dreams,d226e6ef-5015-370c-846b-2be99836973c
1998,1998,Dynamite Deluxe,Pures Gift,4bec85d8-aa45-4b54-abe8-cde46fbc7e28
1998,1998-12-25,Dynamite Deluxe,Samy Deluxe / Mcees,bfcbaecb-1b9d-48e7-8966-a95b77d540ac
1998,1998,Dynamix II,We Are Your Future,2f42bec6-cd2e-3f13-9f94-2bed8450c635
1998,1998,Dãmodara,From Shadow to Substance,8ffc9651-97ab-4baa-b64e-d1a94b0d4ebb
1998,1998,Düne,On ne vit qu’une fois,39e7c246-f608-4f47-8e66-1aa8ecbf09f7
1998,1998,D‐Mob featuring Tahmai & Mad Dog McCole,Hot Dayz,ae3f64e0-7051-3281-8a37-3d26f978c09a
1998,1998,D‐Shade,Do the Math / Full Contact,cf50e868-0c21-4ced-b969-453c566fdb92
1998,1998,D’Angelo,Devil's Pie,736d4eeb-04f3-4b3b-841a-93a6d6fd180b
1998,1998-08-10,D’Argento,This Summer’s Breeze,005fbf1f-f6e6-448f-88bc-a21cb5f34728
1998,1998-03-30,D’Cruze,Importance Of Drums / Holocaust,1daf7d3f-56ed-4177-ba16-78218474cd09
1998,1998,D’elsquel,Entice Ballet,76c7d25f-f7d0-49d3-b511-60a8b1c98429
1998,1998,D’Menace,Deep Menace,8dce102f-d8fb-3f99-bf74-b1a4bd493126
1998,1998-08-03,D’Menace,Deep Menace (Spank),ce3374fb-b694-3240-8e63-f8e0189084ef
1998,1998-04-22,D†SHADE,BELIEVE,1e5ba1fd-c27f-4c96-835a-3f5cc8639419
1998,1998-07-15,D†SHADE,ENDLESS LOVE,8a12c5b1-ae4b-4738-ba5a-aadc8bdd3952
1998,1998-10-21,D†SHADE,Truth,beb467b8-8718-4662-973e-a5a0c3037845
1998,1998-12-16,D≒SIRE,STAY,d066c485-79d9-4a7c-b8ec-f2d7cf3a570d
1998,1998-02-25,E Tones,Detergent for the Soul,65991d6e-65b3-38f7-9234-f716b4449d15
1998,1998,E&B Project,Feel The Love (Marino Stefano Remixx),144599f2-b084-4f90-8c9e-758801701e6d
1998,1998-12-28,E'voke,Missing You,dd38843b-cbcd-4d11-a297-2a43adaef1dd
1998,1998,E*Vax,Glacial Sports,25f9a49b-4a76-3e6d-9c86-be5c852521e6
1998,1998-11-02,E-17,Each Time,3270583a-216a-3c09-9467-ea1c2c8cdb02
1998,1998,E-17,Each Time,49697b09-09d4-4731-89db-00cf4f2d9c02
1998,1998,E-A-Ski,"25 With A ""Mill"" Ticket",6cd126db-8e3f-4d58-9762-dd5f4b0130c5
1998,1998-08-21,E-Klektik,Maracana Madness,aa098a04-419b-3870-9522-c6c182438beb
1998,1998,E-LA,Scheiß drauf,a995f283-3082-4bc2-aefb-0845d723e406
1998,1998,E-Life,More Days To Come,14926ff8-ea0d-402f-9f30-146710fe8bc6
1998,1998,E-Male,We Are E-Male,98714513-d423-4e39-ae27-279992a0d7d3
1998,1998-02,E-Sassin,Abduction / Fight!,2100f1fb-d4a0-4196-b1b0-afbcd31c7f5c
1998,1998,E-Shock,Organic Eruption,45d88d26-2e51-4e2e-841d-178c6bdf80c8
1998,1998-06,E-Type,Angels Crying,d485c15c-42be-34e1-ab8b-6d47a170f3a1
1998,1998,E-Type,Here I Go Again,b824dacd-6720-369e-a681-ff11983c13fc
1998,1998-04-27,E-Z Rollers,Tough at the Top,0fbf58ee-2515-3757-823b-1b1e3eca357e
1998,1998-08-31,E-Z Rollers / Diablo,Drumfunk Hooliganz,a7f678f0-a274-3974-b4ae-413089b5127c
1998,1998-10-26,E.F.F,Guitano,fd4bed7a-02a4-46d6-9335-9f32c9774bb5
1998,1998,E.K.O.,Keep It Shining,20cb443c-ce3d-4743-b7dc-c700c9618f82
1998,1998-09-25,e.mu,HEART,c8e6fc98-0e38-4f61-a272-42ee27f9eb2d
1998,1998-11-02,Eagle‐Eye Cherry,Falling in Love Again,20a2b025-e827-34d2-b01c-cca6b7a80f35
1998,1998-03-31,Eagle‐Eye Cherry,Save Tonight,217f07f7-c891-3eec-915b-550ee6dea66a
1998,1998-04-09,Eagle‐Eye Cherry,When Mermaids Cry,6ab0ea35-7ff3-4dab-bc35-7573ece9dd42
1998,1998,Earl Brutus,Come Taste My Mind,81d44966-cb94-415c-b28d-c8be47a98c15
1998,1998,Earl Brutus,Universal Plan,34fb5bd6-540f-4ce2-8e0b-dd8b2bfe50b3
1998,1998,"Earth, Wind & Fire",Beijo (Brazilian Rhyme),70019216-f973-4e9b-a2e9-2eb09778b9b4
1998,1998,Eartha Kitt,Where Is My Man '98,b10a279d-d694-4892-b7cc-fbf38b4615b0
1998,1998-10-05,EAST RIVER,ONE SECOND,4f0f00e3-9848-47cd-a613-f717a1eef6a8
1998,1998-12-21,East West Connection,Feel It,96c7e61c-adff-36dd-8f85-5d3323a75b28
1998,1998-06-15,Eat Static,Contact...,815caa6f-13b9-352d-980c-9d91d56a461b
1998,1998,Eazy‐E,24 HRS to Live,f6a492dd-4b42-430f-8105-76adc6ac3b5f
1998,1998,Eazy‐E,Black Nigga Killa,1a289249-836a-43fd-87af-5c22bbfefc60
1998,1998-11-09,Ecano,Run,ff5d68a9-2824-42c1-9041-17834dcc01e2
1998,1998,Echobeatz,Mas que nada,0581d281-e314-3b63-95ca-056a210707cb
1998,1998-04-24,Echt,Alles wird sich ändern,26e25f14-f790-36e8-996c-08c1b84611f4
1998,1998-09-18,Echt,Wir haben's getan,54ed932b-49a0-32d9-8c23-2cc6edd0a430
1998,1998-12-04,Echt,Wo bist du jetzt?,29014c8e-cc74-3564-bb1a-3374474f85ab
1998,1998,Eclipse,State Of Warning,11e0ad9a-470e-43dd-957c-ce8c63b3f36e
1998,1998,Econoline Crush,Surefire (Never Enough),eda4665a-1eb2-4eab-b45c-bde2dba36f9b
1998,1998-02-10,Ed Rush & Optical,Funktion / Naked Lunch,36f5874f-15b5-39cd-9e2c-34f35dcf66b6
1998,1998-05-01,Ed Rush & Optical,Lifespan / Crisis,80fc1dbd-302a-3f43-8be9-f8a11d1caa22
1998,1998,Ed Rush & Optical,Medicine / Lifecrisis,1db8d3a3-d863-3913-b03d-5b50e869d528
1998,1998-02-23,Ed Rush & Optical,The Medicine / Punchbag,a100a0b5-52ca-3fe8-83b2-177d8d9e78d9
1998,1998-02-20,Ed Rush & Optical,Zardoz / Satellites,ae2c22c0-8139-3c6f-8a25-93c19ef6a9b4
1998,1998,"Ed Rush, Optical & Fierce",Cutslo (Lokuste mix) / Alien Girl,8c25eda1-8099-3668-9b6f-20292e98f1da
1998,1998-10-12,Eddie Amador,House Music,c6ad9fd9-342e-3669-af6f-b64692978cbe
1998,1998-01-25,Eddie ‘Flashin’ Fowlkes,Soul Train,b388b81d-5aed-32ee-9374-0f334e55a728
1998,1998,Eddy Smets,Eiland in de zon,52d40269-3b17-479a-997f-64646f3d28d8
1998,1998,Edea,Aava,f91465f0-44b1-40d1-a8d5-6c6907b4c4e5
1998,1998,Edith Piaf,Soudain une vallée...,046796b0-0882-4684-bb93-3d9e8fa90a01
1998,1998,Ednaswap,Torn,e6946757-81e6-4015-b118-8c938d80004f
1998,1998,Edouard de Tricasse,Hot Tobacco,44033287-4a6c-3303-82d1-db9434919e97
1998,1998,Edsilia Rombley,Hemel & aarde,f57df645-b95c-413b-b340-8921469e19ba
1998,1998,Edsilia Rombley,Walking On Water,333a0d60-d521-4dc0-b216-088122a7599f
1998,1998,Eduardo and His Brazilian Aeroplane,Botão com âncora,ccdb412e-ca14-3924-9f5e-4f425441b643
1998,1998-01-26,Edwin McCain,I’ll Be,d037f30e-334b-482e-b542-2b16b1328956
1998,1998-08-31,Edyta Górniak,Anything,bd8e126c-f17a-4946-bfec-1d339a2cef17
1998,1998,Edyta Górniak,Lustro,45ef623b-40d3-364a-9137-9de9f9392c6f
1998,1998,Eels,3 speed,fecce943-e6fd-4225-9fc5-bcbbe0c8a8f9
1998,1998,eels,Cancer for the Cure,904e4053-8bbb-339e-a53c-ebb9ccdd4ce1
1998,1998-09-14,eels,Last Stop: This Town,aea2a820-03d7-3bfc-a285-c66a1d6ef2b7
1998,1998,Eero Jones & Kahvi,Kaipuulaulu / Olkaa linnut hiljaa,956581ee-47e6-376e-af08-085536ac8c82
1998,1998-11,Egoexpress,Telefunken,236e7909-283a-3c5e-9656-d45f899513aa
1998,1998-03,Egotrippi,Pois minusta paha henki,cbe5e5b4-f53f-4af1-83ba-eb92c4336a3f
1998,1998,Ehrlicher,Was wär ein Sommer ohne Liebe,0b81ccd5-9728-4887-a754-a280a65402ec
1998,1998,Eiffel 65,Blue (Da Ba Dee),9eb4d6dd-ac77-3f10-8459-7948471d73e8
1998,1998,Eighty 8 Point 3,Back 2 My Roots (New Horizons Remixes),3c42e594-34cf-49ac-88ba-b923f6c4ef87
1998,1998-06-15,eightyfour,Electro People,78970b7f-079a-4e59-87a7-12488294398e
1998,1998-07-23,Eins:Vier,ALONE,1feb2a36-0efc-4810-8062-706b46a73f8e
1998,1998-01-01,EINS・VIER,Shine,37bd8404-941c-4a66-8913-ada6eb3ea401
1998,1998-07-06,Einzelgänger,Inside Straight / Troublefunk,ac5b94d7-3386-389d-801a-5a07fa12f5ec
1998,1998,Ekki Göpelt,"Nein, nein, nein",5dc4e0e7-0d0f-4ff4-83cb-36e5463f0081
1998,1998,Ekova,Starlight in Daden,f0239109-2f98-4831-b63e-404a77c58ee3
1998,1998,El General,Pata Pata,31478400-7ec4-4549-afe8-d4268593af51
1998,1998,El Hombre Trajeado,Sleep Deep / Skipafone,5f45c038-38e4-4501-85e9-bc5d349c946d
1998,1998,El Niño,Codie Clear,95f7dfc0-880f-3d75-80b9-2952ffacba5c
1998,1998,El Niño,Kou Coo,f98aba2e-4651-37d4-abc1-2bde5c01cbd0
1998,1998,El Niño,Still the Same,110d06ef-e75b-35b8-ad35-09aff8141d02
1998,1998,El Paso,Matador,02132ec6-5b83-3adc-8375-56029b0d24a8
1998,1998,El Toro,Vamos a la Playa,5479b518-b072-4161-9bd1-fccdccb78e9d
1998,1998-08-17,Elastique Culture,La Muzika,a4bfb13d-55b3-4b1d-aaa1-38c495623672
1998,1998,Electrasy,Best Friend's Girl,bc5ef1ee-4afb-3f69-b3cc-c98eade51c9f
1998,1998-06-01,Electrasy,Lost In Space,836d46c3-fac8-49cd-89d6-a7afc43faa68
1998,1998-08-24,Electrasy,Morning Afterglow,1eb894a4-0f12-3ec4-93b8-0065a05fb9df
1998,1998-01-12,Electribe 101,Talking With Myself '98,e79d9259-15f3-47a1-8246-62c29bb9269a
1998,1998,Electric Division,Acid Injection,d4134310-e6e4-44ab-bb94-bf79eb1f1c0f
1998,1998,Electric Frankenstein,I'm Not Your (Nothing),b3566fdc-aaa4-359d-9bdb-fa5a9c639f5d
1998,1998,Electric Frankenstein & Gluecifer,Long Way Down / Boiler Trip,a8598689-b729-4f85-90f3-bb2fc678b543
1998,1998,Electric Music,Sunshine,138ec466-7ba1-4818-9b81-bcc079c81df5
1998,1998-07-13,Electric Nature,Electric Nature,a50a7b64-28ed-41eb-ad63-91b55aae7671
1998,1998,Elegant Machinery,Fading Away,ce2e2f1b-5b8d-3705-bbeb-06967fbad771
1998,1998-01-01,Elegant Machinery,Words of Wisdom,f89ad22b-f57c-3f27-9889-56093d3b9f81
1998,1998,Elektric Music,Call On Me,d343ca06-a423-4e8f-b011-88f2ff55f595
1998,1998-03-09,Elektrika,It Makes Me Move,251423b6-8e7f-41a1-bd07-1bf7cae2a9b6
1998,1998,Elektrochemie LK,Solid Deep,013657d1-6db6-46fb-aa80-e811c50c2566
1998,1998-02,Elektrolochmann,Buy Four Get Twenty Percent Off,034e2366-7d26-4e82-8164-a30ad048c91b
1998,1998,Element of Crime,I Started a Joke,d91546d0-0deb-4bec-aed4-bc4733a8ec56
1998,1998,Elements,Nueva era,63216004-b6ad-43bc-9109-785faf3da3c0
1998,1998,Elementz Of Noize,Instinct 2 / Psyke,eeeb8ea0-62a8-4f6b-8a83-4de51f9ed349
1998,1998-04-20,Elementz of Noize,Not Alien / Smoke Screen,d75d2e02-fabe-3345-9ae6-6124b1a337fb
1998,1998-11-02,Elementz of Noize,Venting Anger / Logan's Run,294d186b-6e44-3cff-9877-a19ebea3e655
1998,1998,Elephant & Castle,DJ Keep This Feeling,ef29926c-5801-47f3-8a9e-da9d6ea371db
1998,1998,Elephant & Castle,Wake Up (C.L.U.B. Unite),5f52e8bf-ac3e-43d5-907f-e093eeb1f30e
1998,1998,Elevate,The Spirit of You / Anywhere,910d80df-22ab-4863-9e41-60fb03c26fcc
1998,1998-05-06,Elevators,Shave,df627038-e8fb-3465-b108-87b683c371db
1998,1998-05-02,elika,Smile Again,c709acf4-8a69-4830-bd0f-e4f42c627e9c
1998,1998-11-06,elika,君、微笑んだ夜,42874b16-795e-4ef4-87a5-b9322d0a49f5
1998,1998-03-26,Eliphas Levi,懺悔の朝に・・・,68cfcb87-1721-49cd-905e-caaec0f4aca8
1998,1998,Elisa,A Feast for Me,08af3141-6247-46d7-98d6-8438e63ba62c
1998,1998-10-18,Elisa,Cure Me,bf22d4b4-c768-3ef6-bbf1-e8d3ae3f3b03
1998,1998,Elisa,So Delicate So Pure,2ce8086d-8316-4a15-bc80-0b811243036c
1998,1998,Elke Martens,"Hallo, lieber Weihnachtsmann",7af5f5ae-4101-4422-9ab5-8b1a2df4ae16
1998,1998,Elke Martens,Mit viel Gefühl,cb6780db-2749-4e61-bf84-fe6643840480
1998,1998-06,Elliott Smith,Ballad of Big Nothing,ae7c4b74-f0ef-3c45-b701-42bdc54e2585
1998,1998-09,Elliott Smith,Waltz #2 (XO),b52eaf3b-0276-35c0-b743-315f9aedba03
1998,1998,Eloy,The Answer,5232322d-f783-32d8-9096-22d3c54d805b
1998,1998,Elton John,If the River Can Bend,861974e5-1e04-4b1c-be6e-d639cf515871
1998,1998,Elvis Costello with Burt Bacharach,I Still Have That Other Girl,a1d76c2c-4d7e-446c-a78c-b93be556a729
1998,1998,Elvis Crespo,Suavemente (Remixes),ef71e5b4-2699-40ff-bf73-ed816cec2ecb
1998,1998,Elvis DaCosta,Need Your Love So Bad,9e438dad-5006-3d69-a79e-7fa7b4f68b1f
1998,1998,Embee,Change da Beat / Go Off - Go Off,33a28d30-1455-4810-8811-5e43600c912c
1998,1998-06-29,Embee,Error 161 / Fractured Soul,c0663320-7227-349e-bc2c-f118b751d3d4
1998,1998,Embee,Power / Damage,09f39bfd-a80c-4fef-9ffb-3a3a1db79c3c
1998,1998,Embee,Scorpion / Life Is Hectic,12b16f78-d477-4538-9475-70b6149af8a0
1998,1998-12-14,Embee,The Chase / The Hogg,e2f108d5-c64a-415f-acf4-8fbfca82cd88
1998,1998-05-25,Embrace,Come Back to What You Know,970f364c-c27d-3cf3-95d2-c49de6ecaa9c
1998,1998-08-17,Embrace,My Weakness Is None of Your Business,b1339699-5d56-37d2-874a-f3e06c804deb
1998,1998-08-17,Embrace,The Abbey Road Sessions,dfa010ee-6a77-3e8e-acf8-f6dc0f1d8862
1998,1998-11-17,Emilia,Big Big World,f9b64c3e-ee5f-306d-a931-66c8a4d92960
1998,1998,Emilia,Big Big World (Remixes),9ddb751a-6545-4bb6-bd6a-d7c029643788
1998,1998-10-13,Eminem,Just Don’t Give a Fuck,ebe6dc4d-e73a-38f7-9d1b-d6839432aab5
1998,1998,Emma,It May Be Winter Outside: Love to Infinity Mixes,25f34063-5b19-43cc-8aee-925a909acf5c
1998,1998,Emma Kragen,12 Dogs of Christmas,f257f3a8-bd20-452d-be28-ad0925a0d79d
1998,1998,Emma Shapplin,Cuor senza sangue,12699739-9fe3-407b-8882-5aaa9e5eedaf
1998,1998,Emma Shapplin,Cuor senza sangue,7fd97305-175b-35bb-99a1-dea6968bc298
1998,1998,Emma Townshend,Five-A-Side-Football Remixes,49d2c2bb-1a88-4c08-9b8a-8125dea73cab
1998,1998,Emma Townshend,The Last Time I Saw Sadie,dcabd91b-35a7-4492-bdd8-864325348a99
1998,1998,Emma Townshend,Two Songs From Winterland,1c65f5ce-64d8-48cd-8bf0-72e709be780e
1998,1998,emmet swimming,Sunblock,a11c1d35-5412-4937-98f1-594db2fc77f1
1998,1998,"Emmylou Harris, Linda Ronstadt, Dolly Parton",High Sierra,c1d67a5e-02fa-474c-be11-67132c418083
1998,1998,Emotional G,Toffee / Una Splendida Giornata,65391d56-f267-49d8-842e-5162e9ba08c0
1998,1998-11-23,En Vogue,"No Fool, No More",70993782-5bb6-4a9d-9b01-b13de4a9f9a0
1998,1998,En Zo...,Wij 4en feest,57f12b31-f942-4a6a-bc79-435575a956a1
1998,1998-11-10,En:nesia,蠱惑,b3b739dc-8b76-4080-a1a7-9672b7b69afa
1998,1998,Encore!,Le Paradis,66d08d8c-d2f8-3b5a-bbce-c6ed42c1a36b
1998,1998,End in Sight,Killing the Musicians,8147a69e-99c5-3c00-8276-22f46abe39fa
1998,1998-07-01,ENDLESS,FAITH,248f0345-1ec7-4f98-80d0-d04b278253d6
1998,1998,ENDVRA,Biomechanical Soul Journey,a11f2f92-59fa-4bc7-8e26-962480d2e9a1
1998,1998,Enemy Mine,Who Needs Enemies (With A Friend Like You),88462191-3992-4041-a2c1-0f687e62f818
1998,1998,Energy,King of Rock / The Hustler,c43e8555-3040-4e0d-b739-ca7535101e70
1998,1998,Energy Source,Forbidden Desire,94f440a9-8544-42a0-b582-62d10375b0dc
1998,1998,Energy Source,Rainy Day,692e3262-b310-4f9f-8300-81ed0ba26cf2
1998,1998-03-23,Enflame feat. Trixi,Hold On to Your Dream,431fc665-bf92-331b-a4cf-7e853d8a31b9
1998,1998,Engelbert Humperdinck,Quando Quando Quando,68f3e306-b457-49cb-90c0-6317d29ce5c9
1998,1998-11-03,Engelbert Humperdinck,Release Me / Gotta Get Release,c667e349-d8ec-4ea7-9883-ed38fbc3c10c
1998,1998,Engine Ears,Hard & Solo / Tron.All,1e1c90bf-db1d-46ab-9e88-dcf5e376c732
1998,1998-06-01,England United,(How Does It Feel to Be) On Top of the World,eee5ee2e-3219-330c-ac8f-bc855118f255
1998,1998,Enon,Fly South / The List of Short Demands,0f4ad992-2593-31c1-a1d4-0929b337f78c
1998,1998,Enormous,My Type,f7a7ad37-87ae-3cc2-b54c-25b79c403c47
1998,1998,Entombed,Two Track Sampler,783b8a5f-25ae-4e2e-9d84-36e52c4d9adb
1998,1998,Envelope,Electronic Love,9bfe787a-4965-4dc5-b257-0b89f68894b9
1998,1998,Enzo Belmonte,Azzurramente insieme,d59752b5-96fc-4392-aa0c-6cf239372a9a
1998,1998,Equinox,Contact,17b14261-ea69-4743-9453-4634bf83e9f5
1998,1998,Equinox,Into Battle (Joey Beltram remix),32e35fb5-526d-4dce-b182-59ca88193c9d
1998,1998,Equinox,Pulzar / Into Battle,1a9221f8-77dd-4136-b9bb-c4442e056455
1998,1998,Equinox featuring Violaine Corradi,Casta Diva,ee1d8068-ab6d-4333-8326-701d6e1bad11
1998,1998,Era,Enae Volare Mezzo,4764a5fe-ca6e-4176-84af-7129b26bb534
1998,1998,Era,Misere Mani,777350ea-3373-4640-b13a-293a8cbaa624
1998,1998,Erci E.,Weil Ich 'n Türke Bin,cdac48f5-9c80-48ef-8fd1-a73459e1ca9a
1998,1998,Eric Clapton,Born in Time,7aa891ac-36f6-4c3c-a4c5-69ce164292d6
1998,1998,Eric Clapton,Circus,989ca529-90ff-4877-98a5-410ed9fe7c5e
1998,1998-03,Eric Clapton,My Father’s Eyes,8333d76e-017c-38a2-8ecf-68b0db1d8548
1998,1998-10-20,Erica Wright,Heartache: The Early Recordings of Erica Wright,ac95794c-608b-32cd-8b2f-74fa70567aa9
1998,1998,Erik-Jan Hiltermann / Hassan Jassan,"Hoest / Schoppie, schoppie, schoppie",49aa220a-bde0-3f56-a77c-38f90ec485f3
1998,1998,Erika Bruhn,Blue,d2226b52-261b-459a-9682-07284b754941
1998,1998,Erin Hamilton,Satisfied,d1bfab16-4314-4e80-b59a-6b0fb31577e5
1998,1998,Erot / The Torske/Mundal Explosion,Song for Annie / In Disco,458e402e-4541-4e8e-9d84-746faa580e19
1998,1998,Erste Allgemeine Verunsicherung,3 weisse Tauben,ed4e3baa-e419-4d35-a362-e43915d153df
1998,1998,Esa Eloranta,Kuiskaukset,ea9125ed-096a-4075-b759-64b8ef835824
1998,1998,Esa Eloranta,Nyt mä kuuntelen,bed2bed6-4e80-4958-83bd-414a4fd680c8
1998,1998,Eskimos & Egypt,Wonderland,d18ccbc4-796b-4100-a932-839f6b6a7e6d
1998,1998,Eskovah,Come to Me / Long Time Smoker,b994ef22-beb3-34d6-91ef-2744c60ee1da
1998,1998,Eskovah,Preacher Man / Sénorita,019d9813-0f33-3b34-ae94-e7a049bb5319
1998,1998,Especialistas,Me pudro por ti,c224da82-795b-385a-9717-66d3519f4886
1998,1998,Espen Lind,Lucky for You,f388d9b8-1d32-36ed-a49b-20536f49d5ec
1998,1998-10,Esposito / The Bitter Springs,#2,07622126-d822-4154-bee4-a82065d1dba9
1998,1998-03-09,Essence,The Promise,ff17b595-2876-322a-9ba4-12a7d31a6034
1998,1998,Esthero,Breath From Another,15fa109f-4595-3b23-94ee-d4395b01484a
1998,1998,Esthero,Breath From Another,921c0540-6018-48f2-bbe1-24589188ce8d
1998,1998-07-21,Esthero,Heaven Sent,89573836-c938-301f-9170-ac1818642106
1998,1998,Estuary of Calamity,Unheard In The Storm,9d030050-0256-4793-9b3d-a7724a03c2aa
1998,1998,Eternal Grief,Path of Delight,3fce5604-210b-42fc-86f3-d749d5bef343
1998,1998-06-08,Ether,Best Friend,2f12c8d3-42f2-3f41-bf5c-9087719d418b
1998,1998-03-16,Ether,Watching You,afbc0be8-6eca-39c1-9650-87e7c3776419
1998,1998,Ethereal Sin,Beggining,51dc0f32-ab36-41d6-bff4-3529a8535853
1998,1998,Ettil Vrye,Ettil Vrye,45590c1c-8311-4f82-af42-123a567cf8e4
1998,1998,Euphory,You Can Win If You Want,c541036c-1506-4761-bc7a-c2e7aff66299
1998,1998,Eva Cassidy,Over the Rainbow / Dark End of the Street,86305e9e-5ba0-4888-96b3-b2faaafdd3fa
1998,1998,Eve 6,Inside Out,6d1cd86c-3d50-405e-91b9-1c3dee3153e0
1998,1998,Eve 6,Leech,481601bd-0a53-4138-91b9-67b0d7cf3b9a
1998,1998-08-05,Evelyn,Funny Bunny Boy,a1a9fc4c-2595-41e6-8b27-a3355d4c2a13
1998,1998,Even,Watching My Door,230d0246-e440-4b96-9f5f-95ebca25ff4f
1998,1998,Everclear,Father of Mine,32442324-5071-45c3-9c4c-07248648bbfc
1998,1998-09,Everclear,I Will Buy You a New Life,01c7c707-53d8-3848-a422-9d8953c73766
1998,1998-02,Everclear,So Much for the Afterglow,96d3cb49-83fd-3c94-9dd3-ea930c0ba1b6
1998,1998-05-11,Everest,Turn the Music Up / Goodbye (How You Say It),f5e24d0e-55c5-3e91-9e48-5ab72d5c68d0
1998,1998-09-10,Everlast,What It's Like,1c51d57b-2aae-3a27-bff6-ee323b0d4112
1998,1998,Eversor,Last Chance,c8a60e14-ce42-4d86-89de-6f765da70631
1998,1998-01-07,Every Little Thing,Face the Change,e7237372-9f66-33c8-b4a7-45976af3a6a5
1998,1998-06-17,Every Little Thing,Forever Yours,42d262dc-8fc1-317e-b9f3-6258399314f7
1998,1998-09-30,Every Little Thing,NECESSARY,dc23f520-8a46-3e55-84ee-89c375de3984
1998,1998-02-11,Every Little Thing,Time goes by,2fe35d63-7d9d-34c8-9f83-48b4ce119679
1998,1998,Everyone Asked About You,Sometimes Memory Fails Me Sometimes,a4f3b99f-71a4-4bca-aa76-d2717097c221
1998,1998,Everything,Hooch,5ffacb08-7bc5-4318-b3e2-d15ca42ad0c9
1998,1998,Evil Superstars,B.A.B.Y,8e8d626a-0ac1-3988-905b-144639830463
1998,1998,Evil Superstars,Have Been Wrong Before,418e7d01-c0b9-4203-8482-d29753e65ae3
1998,1998,Evil Superstars,It's a Sad Sad Planet,30812b47-b3e6-4525-bdec-b7f0adb4cc57
1998,1998,Evils Toy,Transparent Frequencies,d2900ccc-9f12-3c9b-8aa4-a4667682df6c
1998,1998,Evox,My Galaxy,65028825-792f-462d-bfa6-d149545ccc86
1998,1998,Excess Head,Sneaky Malone / Hopscotch,e99a6fd0-0ed1-4a87-b22d-e406ad761beb
1998,1998,Excess Head,The Big Job / Uncle's Frozen,74b0ee70-dfe2-44b3-89aa-8208f5de0ccf
1998,1998,Exciter Corps,A Day at the Races / Turbine / Do U Accept?,5eea19ad-2187-4bb2-9e41-f48cb0d5efc3
1998,1998,Exist=RAZOR,MASQUERADE,f6d26ee8-de68-43d3-b536-9d14dc0571cf
1998,1998,Exit D,Obsession / Night Affairs,c77cca9f-149c-4ef2-9458-16802365dcad
1998,1998,Exit EEE,Rainbow,514817e6-8b0a-4a53-9b8e-b64e8e8b5cdd
1998,1998,Experimental Audio Research,"Data Rape, Part 9",bccc475b-9813-4241-8cd6-eb0c17e9da9e
1998,1998,Experimental Audio Research,Transistor Music,c3b0e0f6-4962-30cc-8bd1-2a8ed5f973c1
1998,1998-06-09,Expression Direkt,78,64981ba7-1777-473b-ba39-968755fec051
1998,1998,Expression Direkt,C'est du rekdi,535c99f9-9912-4227-84ea-2521c90041f4
1998,1998,Expression Direkt,La Charge,07d36ba7-f166-407d-8c24-008247cc5376
1998,1998,Exside,The Ex-Side,679ef127-bb98-4d93-af69-96b4e1c6073d
1998,1998,Extaasi,Tää yö,f9d55690-3483-3d59-a69e-1ec073db6038
1998,1998,Extince,Viervoeters,b53eec21-ca40-4e63-8b08-0080752cd75b
1998,1998,Extrabreit,Verdammter roter Mond,e09ab093-d7f0-4e3c-8dc6-c7b091259cd1
1998,1998,Extreme Trax,Don’t Hold Back,ce740130-d51f-4865-ad22-7416a12a564b
1998,1998,Extreme Trax,Final Fantasy,ff488161-ddd8-4476-b03b-1a1ffc98eb4e
1998,1998,E‐Rotic,Baby Please Me,f4e6e8c3-f824-4b2a-9624-48818e154290
1998,1998-04-27,E‐Rotic,Die geilste Single der Welt,ed939d7b-011a-455b-b586-197c64ce64f6
1998,1998,E‐Rotic,Kiss Me,c401ed5a-b61c-4239-9d12-1f742bdff681
1998,1998,F.C.B.,Excalibur 2000,d483fc2b-0c5f-4d16-802a-ffff275b2254
1998,1998,F.D.R,Keys / Da Business,236010fb-d978-4c32-8b95-46d7f453e758
1998,1998,F.U.,Pro lango stiklą,0ce837c5-0e2d-377d-a5ad-6350dd025fe5
1998,1998,F1,"Can't Stop, Won't Stop / Rock Your Body",1e1e44e4-1a0a-4d93-9d1f-19b9e32286e8
1998,1998,Fabe,Code noir,66b98cea-73b6-4ca6-852a-f32cbbda78ab
1998,1998,Fabe,L'Impertinent,ba69c04b-2dfc-4bda-98fd-d05f85630b4f
1998,1998,Fabe,Quand j’serai grand…,04b0256a-e21f-4c02-aeb3-012cb166e5fd
1998,1998,Fabel,For halv maskin,9602974f-2b5c-4eac-9e22-b94c906f58be
1998,1998,Fabrica,I Believe,00d0ea35-05fa-46a3-9c5b-5f9b44a2a4e0
1998,1998,Fabulous Faber,Better Day,7ea99dfe-a4cf-4f00-b7f9-6cce16079041
1998,1998,Face,This Is The Night (Antiloop Reconstruction),33b2fe2b-16db-4c2f-ae8a-df38560f0e88
1998,1998,Facs & Red,Whole Car / Fat Cap,e1d13b72-de33-40e3-92f4-ad2af501cc5a
1998,1998-09-21,Facz,Wreckage / Asylum,cf196ac8-8851-464a-8749-331d3fcb9251
1998,1998,Fade,Zout,e451e819-83e0-4967-b852-6768e79fa0b8
1998,1998-08,FAITH,landscape,4051fc07-a38d-497a-9509-5842b7a333a8
1998,1998-11-24,Faith Evans,Love Like This,86312c62-604a-41c5-aa33-3d01744cc0b3
1998,1998-11-02,Faith Hill,This Kiss,2dd80b8e-8e29-312f-a9ac-8361b551ecc0
1998,1998,Faith Hill with Tim McGraw,Just To Hear You Say That You Love Me,372ab041-1b85-427b-8ecc-dcc8f68cfe24
1998,1998,Faith No More,I Started a Joke,e39548f9-18d1-3a0e-957a-5e20c367a620
1998,1998,Faith No More,We Care a Lot / I Started a Joke,ce92193d-f2fd-3b5e-99f7-de519c0d54d9
1998,1998-08-24,Faithless,God Is a DJ,c558934d-b04a-3e9a-9934-dc98188f8180
1998,1998-11-23,Faithless,Take the Long Way Home,359720c0-8764-33ba-97be-1909d421f4b8
1998,1998,Falco,Egoist,c7e2a8ea-9eb8-3295-8116-ac44838d62e1
1998,1998,Falco,Out of the Dark,fb13df20-7aeb-3aca-b911-0c83373739d6
1998,1998,Falco,Push! Push!,51305c81-33b7-4ef3-95cb-573cb8622a55
1998,1998-09-23,FANATIC◇CRISIS,Maybe true,3dc98e23-6510-37ef-8ceb-8f756cc43914
1998,1998-01-28,FANATIC◇CRISIS,ONE -you are the one-,c41f1da4-eab7-4d3b-ae6e-8e593e25231f
1998,1998-05-13,FANATIC◇CRISIS,Rainy merry-go-round,9bf44ba2-5d60-4aca-a616-2f3fb4c722a8
1998,1998-07-01,FANATIC◇CRISIS,火の鳥,9df081a5-a042-4379-86f8-30eb2890fe36
1998,1998,Fancy,Slice Me Nice '98,ce2b683f-63f3-4805-bd63-7fc46929f7ec
1998,1998-03,Fangoria & Astrud,De viaje,23ae74d3-748a-3866-bebf-d533133cae2a
1998,1998-08-11,Fantastic Plastic Machine,Dear Mr. Salesman,4747951a-a348-376b-82f0-df6bd315a1e0
1998,1998,Far,The System,fb11efca-0f63-3a7d-993a-9adf2e7f5bcb
1998,1998,Far Apart / The John Doe Band,The John Doe Band / Far Apart,5ee2eede-0c0d-4753-8886-9ad8911908fc
1998,1998,Far Too Jones,Christmas Time,e122f460-af20-44de-8488-2ecd10395656
1998,1998,Faraquet,Parakeet,0a26015a-2ab5-4346-8fa9-b96e94ee4dbd
1998,1998,Farrah Burns,Never Look for Love in a Club / Baby It's You,8e1f7b26-60f5-4313-9231-243635bbd346
1998,1998,"Fat Joe ft Big Pun, Cuban Link & Triple Seis",Bet Ya Man Can't,985a143b-5e1e-46d7-92cc-0d4b01200bba
1998,1998-12-07,Fat Les,Naughty Christmas (Goblin in the Office),7b5e0e8b-ef46-38a8-bd82-52efbf34f8fa
1998,1998-06-08,Fat Les,Vindaloo,721ee314-9c70-32ff-be5d-b2b1d49d96a0
1998,1998-03-03,Fatboy Slim,"03-03-1998: Fatboy Slim Live at The Metro, Chicago, USA",b9ab09dc-a4c5-478e-a54b-6245d2e64a97
1998,1998-05-25,Fatboy Slim,Gangster Trippin,a3694f0e-0eff-330e-97e4-2bd056cb0f3a
1998,1998,Fatboy Slim,Gangster Tripping,66bab6ec-3789-40ae-8c30-04ea3816fef0
1998,1998,Fatboy Slim,How Can They Hear Us,fd8b1c62-b2ec-4993-bc7a-af49e2c13ef8
1998,1998,Fatboy Slim,Praise You,da440f20-58c3-3c6e-a09e-e63096dcb183
1998,1998-06-05,Fatboy Slim,The Rockafeller Skank,780daa94-2f4b-469c-ab3d-1f10624672d5
1998,1998-12-09,Fatima,Downer,497b256c-6430-3068-b11a-90b20c50dcbd
1998,1998-11,Faudel,Dis-moi...,a7259404-8383-3ea9-a15e-79204387aa71
1998,1998,Fauna Flash,In the Dangerous Kitchen,376eb2f3-75ef-3da7-bdbb-cc65df384799
1998,1998,Fauré; The Wimbledon Choral Society,World Cup ’98: Pavane,da6df344-b71a-4c34-86c0-ae8ca5d37616
1998,1998-07-15,Favorite Blue,close my love,f6d0a447-ae85-40d1-8862-ce8798040cab
1998,1998-11-05,Favorite Blue,Let me go!,9acfc2c3-e0b7-46f3-a564-f841df04cfb6
1998,1998-01-21,Favorite Blue,Missing place,c4334776-e10c-422f-9487-cb609eaa0372
1998,1998-12-02,Favorite Blue,truth of love,53eee40b-79d3-41e3-b86c-7dddf9900a20
1998,1998-10-21,Fayray,YURA・YURA〜Vibration,46e5c084-b6b6-49ae-86de-632e59b829c1
1998,1998-07-29,Fayray,太陽のグラヴィティー,170aac63-c106-484b-961c-1335ddaad4a2
1998,1998-06,Fear Factory,Edgecrusher,bf128f54-0470-4a70-b1e0-131c7c6ea47a
1998,1998-01-21,Fear Factory,Resurrection,19dfc104-5ab5-3ea2-9cdb-1be0b25a33f0
1998,1998,Fear Factory,Shock,c997cf04-7883-4a0b-b899-7c6e7082d8f1
1998,1998,Fear of Pop,In Love,9b0616bf-6d6b-45a7-a79d-62e3c6c69fe3
1998,1998,Fed By Ravens,Fed By Ravens,de9f714c-94f8-4583-8151-79a1ba8c56a9
1998,1998,Feedback,Hast du heut’ schon,120507bf-cda5-4a5b-88d0-bc26fad8ecb2
1998,1998-02-09,Feeder,Suffocate,418798eb-8aa3-311b-a52a-c098bb7ea65a
1998,1998-07-06,Feline,Drama Queen,87a5f7e9-ca5a-4c1a-8606-be1e7e418fa0
1998,1998-05-11,Feline,Sun in My Eyes,39f0ea21-b2e4-3b5f-892c-8415e885372e
1998,1998,Fellowship,Mombasa / Quartz,fedbeaea-5881-3ee4-a791-3707338cf12d
1998,1998,Fells,Close Your Eyes,4bda2710-68b1-4eef-89b8-130c16c080e2
1998,1998,Felony,Sound Chamber / Conflict,59da5458-08a7-34fb-bbf6-ab3e8142d84a
1998,1998-02-11,FENCE OF DEFENSE,13月の革命,7cd16c46-614e-48a5-84b6-40a23965c4db
1998,1998,Fenix,Still Loving You,b1e5b1d9-381c-4684-8509-24c84d337562
1998,1998-11,Fennesz,Plays,030b187d-4960-3e51-8e15-9deee9e69e77
1998,1998-10,Fer;Rite,VANISHER,f2bdc77c-1782-4e06-ad41-ee29fa0601e1
1998,1998-11-30,Fettes Brot,Können diese Augen lügen?,1932018e-55ca-3cff-b6d7-0896e5f7ff4e
1998,1998-07-06,Fettes Brot,Lieblingslied,af2191aa-384e-342a-9edb-5a77c09d0255
1998,1998-09-07,Fettes Brot,Viele Wege führen nach Rom,5a24dfe2-bde7-30e8-b737-98079e507763
1998,1998,Fey,Azúcar amargo,6df8c071-9195-43b3-b97c-42dcc45d42ba
1998,1998,Fibre Optics,Appliance / Quantize,619c0416-a198-4c81-aee5-6870efbcf169
1998,1998,Fiddler’s Green,Spin Around the World,08fc2983-ef33-4d32-9681-ce04c5b7acf0
1998,1998,Fiel Garvie,Colour You,56810cbd-ebce-469c-ab0e-ebada8e1a459
1998,1998-07-29,FIELD OF VIEW,めぐる季節を越えて,5712b94b-e143-43f9-a183-2271ae5c9565
1998,1998-09-23,FIELD OF VIEW,君を照らす太陽に,06821955-29fc-4dae-b1d4-5d9fe41159d5
1998,1998-05-20,FIELD OF VIEW,渇いた叫び,c9397e90-a33d-449c-b94d-5d99909e7792
1998,1998,Fifty Fifty,Tonight... I'm Dreaming,126e4989-33ea-46a5-bfe8-64854b550a7a
1998,1998,Fifty-Fifty,Tonight I'm Dreaming,9253dc16-0a9a-4060-af80-54877efa243c
1998,1998-10,Fila Brazillia,Bovine Funk / Here Comes Pissy Willy,a40eab30-c324-40bc-aee9-2a417371da6a
1998,1998-07,Fila Brazillia,The Speewah / Feathery Legs,046e8b14-7c27-4652-bb84-a8d714801a24
1998,1998-12,Fila Brazillia,Throwing Down a Shape,ef172456-82e4-47c7-8950-b8cd117262e3
1998,1998,Filter,One,f7ac100c-dc1b-3b91-befa-e07339478b25
1998,1998,Final Axis,Running / The Wide,17fbccf7-0ba4-49c1-8c33-edf6987b2ff6
1998,1998-06,Final Fantasy,I Close My Eyes,5956b5ef-69f5-3097-881e-8d5525b43513
1998,1998,Final Fantasy,Set Me Free,3b5500af-443a-4a84-9fe2-61f285dcacd8
1998,1998,Final-One,AirBass 8-3-40,9aa432de-a13f-40f8-b928-5fe433f5f201
1998,1998,Finger Eleven,Quicksand,af875e89-8b92-4de5-b93c-8067a79ad5ba
1998,1998,Fini Scad,It's Not Real,dac34c0d-63aa-40ea-a167-1406b4b915f3
1998,1998-02-09,Finitribe,Frantic,5c836635-4c1f-4534-a3da-2e396e9ba8d9
1998,1998-03-30,Finitribe,Mind My Make-Up,27df1f4a-8028-4998-85e2-12d92c6a6c4a
1998,1998,Finley Quaye,Your Love Gets Sweeter,74e44f75-27c2-46a2-812f-e2b152233803
1998,1998,Finsta Bundy,Boogie Spirit / Bizm,d9ba8ad1-de2d-4c1a-bfbf-ff39e6b6606b
1998,1998,Finsta Bundy,Don't Stress Tomorrow,87427aa5-f911-4a27-a521-3a92464995fa
1998,1998,Fint Tillsammans,Vakna! Vi är Nakna!,648210ca-c9aa-33cd-a09e-68dc544f7865
1998,1998,Fiocco,Spread The Word Around,495fc6f3-24dd-4f69-bef8-279e9f1352ff
1998,1998,Fiocco / Kosmonova,Straight Till the End / Celebrate,e19fa4f6-f59a-44a5-be52-cda39c187a02
1998,1998,Fiona Apple,Across the Universe,4ef0c95c-afe4-337e-a26a-4808cb79909d
1998,1998,Fiorello,Batticuore,07531d04-7a1f-4ba6-ae02-f430cf9e1620
1998,1998-04,Fire & Ice,Lost Emotions,b153a451-3057-41b2-a7d0-74fe35c03062
1998,1998,Fire & Ice,What You Are For Me,182a7ec7-ad46-4ea2-a17e-cfa068890ef6
1998,1998-03-30,Fire Island feat. Loleatta Holloway,Shout to the Top,87b98d20-6c9a-3f3a-8ca6-c62a26c9a88b
1998,1998,Firedancer,Fall,73375e86-b20b-4f55-b491-919f779a743d
1998,1998,Firedancer II,White Sand,229784c9-3c6a-45a9-8334-50ef03e853ad
1998,1998,First Alert,Back to the Night/Father's Humming,483859e0-df27-4bb8-b187-fb50ac5d2c96
1998,1998,First Alert,Nobody Catch My Call,1c90c129-2e9d-47a9-8025-1e72b5f0c35f
1998,1998-02-27,FIR~REFORLE,Shall you love me?,d270a219-a7c6-4a37-82e6-e3eac538afa7
1998,1998-11-02,Fischmob,"Du (äh, Du): The Mixes!",f8a7335e-23f9-3297-bf4e-5fd7f61a3b3e
1998,1998,Fischmob,Susanne zur Freiheit,9c03482d-ac15-3620-8eb0-8a396c6773d0
1998,1998-02-05,Fish & Chips,ハーシー,57594387-7277-4d4e-896a-91c38a85896e
1998,1998-09-21,Five,Everybody Get Up,e8f4f0e2-d9da-3157-80b5-6d1ca9dc0f60
1998,1998-05-12,Five,Got the Feelin’,3d0fd8e5-d3fb-47f9-aec5-d079003b5cf2
1998,1998-10-27,Five,It's The Things You Do,87b63b3b-d120-41bf-8ab5-bf5c64ff86f0
1998,1998-11-16,Five,Until the Time Is Through,dcd0e716-6f09-3e09-923f-d31c353d4213
1998,1998-06-16,Five,When the Lights Go Out,30c821e9-b1ff-345e-84c3-e50edb4bf9d2
1998,1998-11,Five Fifteen,Innocence Is No Excuse,67dbc7d3-d681-338f-9afd-4e227587337b
1998,1998,Fix & Flö,Untitled,929addea-2ad3-45f3-a1af-dae3ac2e8c71
1998,1998,Fjeld,Mother of Devotion,f8620c10-a47d-4159-9bf5-ad7954aff9fb
1998,1998,Fjeld,The Emigrants,54fb6d2b-393f-4e0f-9fac-cbb12e70d01d
1998,1998,FKY,Micromachine V2,d182b7e7-e848-4100-bc09-6216e49fb793
1998,1998,Flashback,Be Right,35ae835a-0b23-3e56-a631-88e099a62211
1998,1998-11,Flex,So For Real / Magical,9876faff-344b-41f5-b034-b49df47dd83d
1998,1998,Flex Camp,The Pledge / Style Warz,8d91a6aa-526d-47bd-a83a-021c7d91f0a4
1998,1998,Flex Camp / Droppin’ Science,Style Wars / Witchcraft (remix),f289853a-f7bb-438a-a681-72c789d45775
1998,1998,Flickman,Dream or Reality,a5cca384-e288-4adb-a92f-7da7bd480cb8
1998,1998,Flint,Everybody's Funkin',fb17a284-9c57-4c25-8f8a-fcd653be02fe
1998,1998,Flip,Flipcharge / Friday Jam,8eca3c3c-3558-400f-b1f4-fc133e2a1e22
1998,1998-05-30,FLIP-FLAP,うちへ帰ろう,48dd28ec-eaaf-4712-b95d-505bbc4f9fe1
1998,1998,Flipmode Squad,Cha Cha Cha,b1383c86-fd1d-4c8e-aca3-2fcbeeb7ebb7
1998,1998,Flipp,Sing Along With... Flipp,8030a2e3-5a16-4d1e-9e31-3846da4d6509
1998,1998,Flipp,We're a Couple of Misfits,dc1b6b61-9bcc-408f-9f70-1308c8e383b2
1998,1998,Flipside,The World Is A Ghetto,593cc8a2-650b-4ce6-b8e8-eb1b29157222
1998,1998,Floorplan,Envy / Drive,3e00eb33-1b5a-422f-b33e-f37263c171d7
1998,1998,Florent Pagny,Chanter,b35396bf-1e13-31d8-9a60-97de2e0927cb
1998,1998,Fluid,Prelude,d648fa69-5adb-465c-a1f7-4addb5524fed
1998,1998-10,Fluxion,Lark / Atlos,258213c4-2c46-3bac-9322-3a0ce6393c70
1998,1998-08-10,Flytronix,4th Encounta,12f65283-fca6-382e-968c-6b85407831f7
1998,1998,Fogo,Another Star,d2b3db44-a354-4df2-8775-e6225141325a
1998,1998-03-18,Folder,FIRE!FIRE!,7bf5db52-f3e0-4f70-95e1-eab58624b43e
1998,1998-09-02,Folder,ジャカジャカジャンケンポン,45fe20ad-b151-466e-9e5b-7192f7cc00ee
1998,1998,Fonky Family,Sans rémission,cfda532d-d9d0-4905-a96c-e21cb689b367
1998,1998-06-29,Foo Fighters,Walking After You,4059401b-d6ce-36c1-b203-13af1565d90c
1998,1998,Foot Soljaaz,Zig E.S.P. & Otherwize,7c0258a2-c458-48bb-997e-d98ffc3bd64b
1998,1998-07-06,Force & Styles,Heart of Gold '98,009fa772-26af-301e-975e-ff6e5e889b93
1998,1998-08-20,Force & Styles,Shining Down / Funfair,0709165f-89ba-42d0-b0fc-09f8b2835ee4
1998,1998,Force & Styles Feat. Junior,Cutting Deep / Paradise & Dreams (Duet version),d8a17c0b-7117-4f0e-97ad-65d466421a5c
1998,1998-03-01,"Force & Styles, Darren Styles & Force",Fireworks,7275695b-1578-4709-a651-f559ac0e4233
1998,1998,Force Mass Motion,Headrock,5799eeaa-3264-3f6a-9f25-f53706d04832
1998,1998,Foremost Poets,Moon Raker Remixed,93830c26-1882-3ee9-b859-9d570e85fbf3
1998,1998,Foremost Poets,Moon-Raker,d910b821-ea2e-3603-a1e0-2ea22ccbe881
1998,1998,Formula 7 & TDK,Adventure / Chronic,c332ac51-fe57-49ba-b539-fc1dbc270983
1998,1998-05-10,Fortran,Place to Be / Sardines,8c4a207a-10b7-3b7b-9769-edbba2eec05a
1998,1998-03-09,Fortran,Search / The End Part II,8282f5c3-4d0b-3036-8a23-143dfed9e369
1998,1998-11-14,Foul Play Productions,Risk,14df425f-c675-405b-b9cd-2f82727a0f05
1998,1998-05-11,Foul Play Productions,Synthetic Bitch / Golden Gate,06804592-027c-4e33-a277-77626b7e1e3b
1998,1998,Foundation feat. Deskee,Get Up (September),73fa151f-9ae3-3665-8a95-339a4e02fb74
1998,1998,Four Letter Word,"Do Feel Lucky, Punk?",52ad7d49-2d24-3b4c-96f6-ecbcde89a785
1998,1998-12-21,Four Tet,Misnomer,9a0a905b-0f17-3a6f-bdef-b8dceab0e9b0
1998,1998-07-27,Four Tet,Thirtysixtwentyfive,5a1fa10b-022d-3c65-b76d-e4ecf7bddcbd
1998,1998,Foxgluv,Cult Uv 8,5a2008c5-ba16-4cd0-9c53-021449bcd0ad
1998,1998,Fraff / Cotton Mather,8 Times Harder / My Before and After,05882ec9-5e80-439b-9325-0caa4c6ebf65
1998,1998,Fraff / The Contrast,Tick Box (Worry About the Government) / Mystery #1,7f483ad7-e0a5-4f9e-b357-7d8db0ea2a87
1998,1998,Francesco Napoli,Balla 2000 (Balla balla),5cb07e71-58fc-4cba-886e-b998ce297261
1998,1998,Franck Monnet,Le Petit Déjeuner sur l'herbe,ecc7af6e-ce25-4032-ab02-f151b73a151c
1998,1998-04-24,Francky Vincent,Ca Zigounette !,c149b37d-69d8-4d47-93fc-91aa0cb5a5f0
1998,1998,Franco Battiato,Il ballo del potere,b4f8ee7e-a499-48a1-9c8d-30f677550724
1998,1998-09,Franco Battiato,Shock in My Town,fcd892a5-e4ff-32c9-8f7a-db098ce91bb8
1998,1998,Frank & Ronald,Geld maakt niet gelukkig,a7015f5b-cacc-3dba-87df-2fc38a51fc3f
1998,1998-04-13,Frank Black and the Catholics,All My Ghosts,80d58b7c-6c1c-3df7-a61b-06a09c08cb13
1998,1998-06-16,Frank Black and the Catholics,Dog Gone,635b15dd-fc5f-34f2-ac4e-f137d202886e
1998,1998,Frank Black and the Catholics,I Gotta Move,1e1f8f20-1058-3dd2-b700-d81e2869b8e5
1998,1998,Frank E. Ford,Dream World,3f364b6f-903e-4938-a821-66cd752ef030
1998,1998,Frank Zander,Frankie,0c08cbea-052b-4f66-92e0-6f69c3bff18a
1998,1998,Frank Zander,Sangria Maria,aca29ae7-c6e6-41a6-a038-81715b7df485
1998,1998,Frank Zander,Zander's Power Pack,ac6ec4b9-669b-4ef1-b9d4-588dfe1e0bec
1998,1998,Franka Potente,Believe,cdd78d24-e1a2-4ec3-89bd-efc4977c4800
1998,1998-07-07,Franka Potente & Thomas D,Wish (Komm zu mir),465ec782-4868-3995-9763-d24868d07cff
1998,1998,Frankie,That'll Be The Day,4d45847f-7906-47b6-a8a5-42ea27e986ba
1998,1998,Frankie Feliciano,The Real Thing,142b736c-ac6a-4574-b283-5470afc059a0
1998,1998,Frankie Valli/John Travolta and Olivia Newton‐John,Grease Re-Mix 98 / The Grease Megamix,f0472b6b-1bd4-42cd-a92f-d53e12d9d776
1998,1998,Franklin,Major Taylor,9a32d5aa-fac5-4a0c-a950-4fd9cc14fbc9
1998,1998,Franky Jones,My Obsession,3299ccee-2ac7-4a9d-8045-fe975f359a66
1998,1998,Frans Bakkers Kadanz,Alleen niet op maandag,5c18320b-2a3b-450e-863c-fdad0473c37e
1998,1998,Frans Bakkers Kadanz,Voorjaar (Amsterdam),98f83efe-46b7-492f-85ac-ba57a777e200
1998,1998,Frans Bauer,Ich hör' dein Herz ganz leise Weinen / Ein Stern am Himmel ist noch frei,a9f86486-c36b-4e64-bda6-30a53f5c9a5a
1998,1998-05,Frans Bauer,Op zoek naar jouw liefde,bbda4ada-35a4-46a7-bba5-6ee87b2d6605
1998,1998,Frans Theunisz,De Boerinnekesdans,8387337c-eadb-4178-bafc-bdc57f07cb27
1998,1998,Frantic Language,Does It Matter?,5a3e55f9-9af9-34bd-b4d2-173c7fcf610a
1998,1998,Frantic Language,Hanging On,013ca47b-7ed7-3f51-b4d7-2dfdd27ad351
1998,1998,Frantic Language,Move It,75231fc5-a269-3662-a759-086c18f35cdc
1998,1998,Franz Tornado,Tornado Super Child,c3eaf09b-c005-4d24-ba1a-69d3a8aaec61
1998,1998-07-13,François K,Time & Space,e88461bd-cbb6-3a6d-94d3-cd6b16b8c5b6
1998,1998,Françoiz Breut,Ma Colère,e8978bd9-3cd8-4fd8-a09f-3f0494e32b62
1998,1998-05,Freakpower,No Way,d9b80d5d-3834-4224-9a58-2b9441d113fa
1998,1998,Freaky Jalapeno,Gettin' It On,7dfacf00-f3af-46a9-8ff7-e5499307cf50
1998,1998,Freaky Jalapeno,Gotta Get It,9eebfe1f-a909-4051-b2d8-b579fe3b2a43
1998,1998-06-07,Fred,Antidisestablishmentarianism Forum,0e3f36cd-02ba-4c3e-868b-e120de8760fc
1998,1998,Fred Giannelli,Main Tenance,70664047-2545-4e46-b75f-4556f2a7b83e
1998,1998,Freddy Fresh,Down For The Count,5d7b1b62-5ba7-41de-8e16-1d5a7415c414
1998,1998,Fredrik Stark,Earth,02e84ee5-09fd-33a4-ac47-6c8f9f03be1e
1998,1998,Free System,Angel,61912660-acb7-4147-9d6c-4eca0d6e502c
1998,1998,Free4orm,Space / Babies,bb10f8cd-9bd1-32d3-8b5f-8c162bee1f22
1998,1998,Freebase,Broken,e5c02f82-aaff-4147-a2a1-c12e0ed4a123
1998,1998,Freebee / Rolling Circus,Christmas Night / It’s in the Air,9d1ea3f6-8fcc-4506-b176-0a99f4d50c66
1998,1998,Freestyle,Fantasi -98,aa91d6fe-c920-4e67-aca1-78f5a7e69829
1998,1998,Freestyle,Ögon som glittrar -98,bf0fb8b7-d927-4ee8-9d54-89eac1cf269f
1998,1998,Freestyle Project,Freak Tonight,14197f13-cec5-450c-bd3d-f46ca8b3bce0
1998,1998,Freestyle Project,Get On Da Floor,94a834b2-2196-4551-a0b3-bd2ae1112e90
1998,1998-11-02,Freestylers,Warning,a066afbf-9483-349e-b8bc-1c217fda2a3e
1998,1998-07-06,Freestylers feat. Navigator,Ruffneck,aa988468-2e10-3297-8af6-5b390641842b
1998,1998-01-26,Freestylers featuring Tenor Fly,B-Boy Stance,fd2bd666-9b6e-3bf4-9e91-82a810ca61bc
1998,1998-02-02,Frenzal Rhomb,Mr Charisma,d376c1dc-44d9-3a1a-ac3f-8a1a7b253c2c
1998,1998-05-04,Frenzal Rhomb,Mum Changed the Locks,0399918d-a0a1-3336-a3ac-e16a67064ca3
1998,1998-11-09,Frenzal Rhomb,Racist (Some of My Best Friends Are),ed6393ec-f91d-3a80-8c37-495c2fa2a31d
1998,1998-11-16,FreQ Nasty,Freqazoid,cf3361a2-ff8a-4118-82ec-9f1406769d2f
1998,1998-07,FreQ Nasty,Under Glass,a31242e6-0092-30bc-b149-05538583392a
1998,1998,Frequency dB,The Ballad Of... / Riptide / Join The Circus,b8f40cc5-25c9-4d66-84eb-43789f5c83e7
1998,1998-02-15,Fresh & Low,Love Capsule Deluxe,1eb65512-b0bc-37c6-8e6a-a5e5e1439127
1998,1998-12-07,Fresh & Vegas,Otto's Way / Heatwave,0c4ecb92-bad3-3d7d-b5be-b41f53386117
1998,1998,Fresh Familee,Wir sind da!,a04cbcab-c897-4ae5-b611-5dc0918c7789
1998,1998,Fresh Paint,Shalali Lala,1300e679-8ca5-33fe-9221-61faef5af7b7
1998,1998-09-07,Freundeskreis,Halt dich an deiner Liebe fest,5e294b56-324c-331a-992f-af125a5a453d
1998,1998-02-02,Fridge,Lign,3bc87952-b5d8-4a25-858a-becf4b264b73
1998,1998-08-17,Fridge,Orko,e7d746ed-51f7-4353-aed1-a6080b14d795
1998,1998,Fridge / Portal,Deadly Cube / Hydro-electric,cc46d565-79cc-426c-875e-88473fc6624f
1998,1998,Friends Unseen,The Usual Dilemma / Drowning Act,2491b778-4873-4fd4-91cb-bd123dd5c745
1998,1998,Friendship,Jumper,93c3acd4-7e43-4211-8716-b8a0a16a9b9a
1998,1998-11-16,Front 242,Headhunter 2000,cff02b98-098e-302a-bfcc-ab11169663e3
1998,1998-10,Front Line Assembly,Colombian Necktie (Grit Your Teeth remix) / Evil Playground (Chainsaw mix),7255292f-9ef3-404b-bfd7-d0258ce2b4f6
1998,1998-04-27,Front Line Assembly,Comatose,c6125c78-081a-32b3-b6e8-c9f0463896ef
1998,1998,Front Line Assembly / Talamasca,Pure MDMA,a50bb076-eefe-45c8-ae93-f2e97ae9fbe8
1998,1998,Frontline,Undertow/Lip Service,aba8fce4-8345-4ee7-88b7-39b8e8a772d0
1998,1998,Frost,Close to You,002c83c5-8172-4d3a-b275-5f85430e4908
1998,1998,Fruit,Mr. Strawberry,37231be9-f5ca-45ba-a1ce-6a77f93412da
1998,1998,Fruit De La Passion,Mueve tu Cu Cu,359518fb-cc24-430f-ac40-3700674f310b
1998,1998,Fruitloop,Konde Wants a Man / Here Comes That Sound,c72393cd-0028-4eb0-8ff6-bd6c813f9b93
1998,1998-03-02,Frédéric Galliano,Plis Infinis N°4,49774931-8580-3785-ac46-ed084dc66dc4
1998,1998,Fu Manchu,Jailbreak / Urethane,8b3f812c-2620-37a6-9ba7-30cbcd6a2083
1998,1998,Fu Manchu / Fatso Jetson,Jailbreak / Blueberries & Chrome,44cbbb38-c9a7-47de-b9a5-f28decefb501
1998,1998,Fuel,Bittersweet,17d598e4-2d03-3170-9527-41a9e6ad626d
1998,1998,Fuel,Jesus or a Gun,29cbb163-533d-46f8-87b0-79cb582546d7
1998,1998,Fuel,Shimmer,166262a3-a964-3531-a192-491e16b2de8a
1998,1998,Fuel,Shimmer / Sunburn,d6caff63-2d83-36e3-9b4e-67c0a0eb3dff
1998,1998,Full Frequency,Touch Me,074aaa81-18a1-465e-940b-84f70474eac2
1998,1998,Full Frontal,You Think You're A Man / Shoot Your Shot,b3e48307-5197-40b8-872d-7cb2a1ed950d
1998,1998,Full Intention,Everybody Loves the Sunshine,9c2b69cf-6a0b-3c93-a3ca-cab961d7d7df
1998,1998-04,Full Moon Scientist,We Demand A Shrubbery,4d2fccad-161c-4927-b90b-6550a6717d38
1998,1998,Fun Factory,Party With Fun Factory,ff2815d6-0adc-4e74-86fe-0db50d041bca
1998,1998-10-05,Fun Lovin’ Criminals,Big Night Out,5762e431-74c0-333b-80e4-6cf2d14eb537
1998,1998-08-03,Fun Lovin’ Criminals,Love Unlimited,b61c13fb-9d6f-3c92-85f3-28aa458fd20a
1998,1998,Fun'da'mental,Demonised Soul,977870c2-6941-418b-8b6e-0df4358c090d
1998,1998,Fun-tastic,Inside Your Soul,01719f7a-e6e5-4e98-95bb-5d5d5e9fa4fe
1998,1998,Funk D’Void,Lucky Strike / Bossa Bitch,df134fd4-c911-4af8-9772-cededc9f76b5
1998,1998,Funk Fiction,Philly Sound / Carnival,d5b6a649-b33f-4a48-b618-debb3c373353
1998,1998,Funk Junkeez,Got Funk,d191fd73-5c9d-3efa-abd1-66c31ecf01d8
1998,1998-12-07,Funker Vogt,Tragic Hero,c27fdd56-5e31-37ac-9ba2-13df34e9c8a8
1998,1998,Funkshun,Feels Good,7589d27e-a331-43b9-aa7e-ca141f5804f7
1998,1998,Funky 9ers,Stars on 45,c2258e9c-fa2a-30a2-a9c6-beabea163d06
1998,1998-08,Funky Choad Feat. Nick Skitz,The Ultimate,7e88060a-2427-4744-83d0-f1f7065431ad
1998,1998,Funky Derrick,Bang Liberation,bd10af07-093e-45d0-bd39-cff5b50f3091
1998,1998,Funky Green Dogs,Can’t Help It,ed367614-21b7-44c7-b10a-bf51b202d1f6
1998,1998-03-24,Funky Green Dogs,Until The Day,a0ca179f-b61a-461d-84a4-e4eff2d39199
1998,1998,Funky House Crew,House Music,33983a2e-4a31-4958-855e-4f33165230a5
1998,1998,Funky House Crew,House Music,e51fa137-1718-42c3-aff0-d66d4efceb38
1998,1998,Funny F,Funky,e77e1505-98dd-452f-81ee-6f4037e71a54
1998,1998-01-21,Funta,顔でかーい,4b94daee-b75e-4118-993f-07cdc60223ce
1998,1998-03-21,Funta,鼻毛がちょっととびだしている。,4bd45369-f760-4e31-ab95-612f2dc506ff
1998,1998,Fur,Jimmy Rogers,09436ce3-c43c-4597-a67b-9b4c4ca945d6
1998,1998,Fury in the Slaughterhouse,Everything I Did,08c25ddd-fb8b-3f16-a881-cf4710a2a8b0
1998,1998,Fury in the Slaughterhouse,One Way Dead End Street,73c29176-15ba-4267-ba95-7f569b28d727
1998,1998-10,Fuselage,Ponk Ruck,7ebfd7ac-8dfb-4f0d-8664-bd3f799b04ae
1998,1998,Fusion,China in Your Hand,cdbab33c-5c34-4f37-874c-e96300c27cd8
1998,1998,Fusion Forum,Summer Mist / No Boundaries / The Double -J League-,742b36d4-dcee-4f7a-80c5-5f991d381e89
1998,1998,Future Breeze,Another Day,56535185-dc27-3920-9a30-5662ae4a2fe3
1998,1998-03-30,Future Breeze,Another Day,a62f17bd-f19c-4199-8693-33fe4193379f
1998,1998-10,Future Cut,The Chase / Fresh Step,48f914e8-cb51-3ce8-b05b-02c7c708896b
1998,1998,Future Engineers,Closed Circuit / Tsunamis,4d4fb710-8e68-4c08-894d-c554db504a29
1998,1998,Future Engineers,Counter Balance / Images,fd1f8c19-4abf-318b-9bcf-fbb2b05d38ec
1998,1998,Future Engineers,Fragments / Time in Space,a0579885-1dd1-4476-9dd9-1620b1708dfc
1998,1998,Future Engineers,Life Support (Neil Trix remix) / Simulations,64333ac5-c059-3dc1-b28f-646fd4b662ae
1998,1998-05-05,Future Engineers,Life Support / Cerulean Seas,4299e2cd-a227-4bae-93a7-0afdf724ce39
1998,1998-09-02,Future Loop Foundation,Conditions for Living,eb14b076-3139-4eed-96d2-3727fb61159f
1998,1998,Future Rhythm,Thinking of You,d56d7b69-e772-38b3-9a4c-a80bd6d6d1fc
1998,1998,Fuzed Up,Impressions,39250110-6874-3317-916f-a53bf280260b
1998,1998-06-08,Fuzz Against Junk,Country Clonk,7ad49c13-65e5-3b37-bf57-f03aed146b5a
1998,1998,Fuzz Townshend,Smash It,9e2d8fb9-4ebf-3f51-99cd-1b5b89399386
1998,1998,Fuzz Townshend,Tasty Big Ed,c6ac4185-88e9-34c8-bbe4-797d33dc67e6
1998,1998-10,Fuzz Townshend feat. Michael Valentine West,Get Yerself,dcf2effe-0fe6-317c-a0e3-f5e76f52273e
1998,1998-12-21,FÄCE,Mutually c/w Confusion,34a56b41-b3f9-4d42-acc8-f2dbdd430489
1998,1998,Fé,Around the World,8c885528-902f-416e-a465-17abe31b3884
1998,1998-10-12,Fünf Sterne deluxe,Dein Herz schlägt schneller,fa8af291-fc73-486a-839f-1b733de70ae4
1998,1998-10-12,Fünf Sterne deluxe,Dein Herz schlägt schneller (Remixe),ea74c0f5-b982-4b8f-911b-ffa589611f27
1998,1998-02-09,Fünf Sterne deluxe,Willst du mit mir geh’n?,e1111085-138b-3f05-bd9f-180e61e652f8
1998,1998,G Squad,Fertile / Peak,199f059d-4e2f-4fb6-bfc3-c4e9e37ed5fd
1998,1998,G Squad,Perseverance / Common Level,575aabbe-70f0-4dd5-ba65-c0b85be10e7a
1998,1998,G-Squad,Besoin de vous,8dba7da1-8a44-414d-8e9d-1837a6429dcb
1998,1998,G-Town Madness,Put Your Hands Up,942b1e1c-9b7c-4fe5-8846-d7a0efc41ff4
1998,1998-09-07,G. G. Anderson,Der Sommer ist vorbei,d518bd23-6eda-40d9-bffc-ae490286b73f
1998,1998-06,G. G. Anderson,"Ich weiß, ich lieb' dich",9b18791f-b363-44be-8c5b-d90aacb4e6d6
1998,1998-02-23,G. G. Anderson,Immer nur du,536fb5df-7d1e-4426-8ae4-6f0da0c55327
1998,1998,G. Love & Special Sauce,I-76,a0596873-4b5b-494f-b762-53bd4672a34a
1998,1998-09-11,g:lad,D ry. G r ass.,0919f189-53da-4921-a36a-336abc08a1f2
1998,1998,Ga-T,Subsonic Hysteria,866fdea3-40c1-33a6-b4af-c92800c5456e
1998,1998,Gaby Baginsky & Chantal,Hände hoch,c4f5d936-1491-454d-918a-353dca92c469
1998,1998,Gaby Rückert,"Unsre Zeit, sie war doch auch ganz schön",13bf83ab-45f3-40c0-b81e-ad0b50ede1a5
1998,1998-06-26,Gala,Galamegamix,7ee08885-0bd4-4bad-b348-4a3cc7dcb423
1998,1998,Gala,Megamix,4a852899-b13a-4978-99b7-e0393afee2c8
1998,1998,Gala,Suddenly,8197f5b1-8229-4de2-be4f-181f0f9112c7
1998,1998,Galaxy,Loop,214f632f-5de1-4d16-8923-2b360880eb70
1998,1998,Galina,Lachen met Liefde,768c2cff-7bba-38c8-a3ab-b24492b20755
1998,1998,Gambafreaks,Freaks E.P.,eddb83e3-1256-448c-ab9a-ebc6e81dffd9
1998,1998-09-07,Gambafreaks,Instant Replay,1941330f-1278-3510-ac54-5d50593cb248
1998,1998,Gamble 202 / CZ 101,The Acid Split EP,aef58156-bf7d-4ef2-85e5-8f5e2ad468b9
1998,1998,Ganesh,The Last Hurrah,b459eeb3-a1ec-406c-b004-23e4b5dbc7f8
1998,1998,Ganesha,Jiggy Love,78b918f0-579e-4672-9d3f-25eb0a46e207
1998,1998,Gang Starr,The Militia,8bcf83a5-1177-3868-8d76-76d8faffbbca
1998,1998,Ganger,Geocities,ba423ac6-762e-4c40-b3db-5567e3ebaa2a
1998,1998,Ganxsta Zolee és a Kartel,A való világ,6be97ad3-c5de-4693-a828-83c496beca18
1998,1998-06,Garbage,I Think I’m Paranoid,58309208-5c35-363d-9978-14c4dab314c7
1998,1998-03,Garbage,Push It,76b4028b-95c6-3db8-a985-877f16a7a719
1998,1998-10-20,Garbage,Push It / I Think I'm Paranoid,cccd0b54-46a2-4dc4-89dc-ae0ef4700b86
1998,1998-09,Garbage,Special,531e76b6-7553-3e8d-b51a-23a2473be056
1998,1998,Garbage,Temptation Waits,87224123-2071-31f9-aa51-5e1094d729cd
1998,1998-12,Garbage,When I Grow Up,31f2e4f3-2881-3dc2-8a3a-798c8c58b6d9
1998,1998,Garcia feat. Rod D.,La Vida Bonita,bd19e224-3a30-3e98-815c-84399efabd1d
1998,1998,Garou & Daniel Lavoie & Patrick Fiori,Belle,5530a4d6-27f2-3298-82f6-e4f0a840d217
1998,1998,"Garth Brooks, Billy Dean, Faith Hill, Olivia Newton‐John, Neal McCoy, Michael McDonald, Victoria Shaw, Bryan White",One Heart at a Time,0fb5bdfd-adf7-3d0b-b173-a07e1ecab010
1998,1998-02-17,Gary Barlow,Superhero,f9be9a92-5b44-47b0-8894-3fe7b11ea693
1998,1998-04-06,Gary Numan,Dominion Day,f93543c0-9506-3ca6-914e-f859ea3a92f9
1998,1998,Gate,Open The Gate / Iron Eden,d7c58aec-67cf-427b-ad28-f3ca57a2f6b3
1998,1998,Gate,Somebody to Love,3b63ef48-037a-4fcb-973b-4eabe304464a
1998,1998,Gate III,Lightforce / The End,c2137222-2717-485a-975e-7c10f148dd5b
1998,1998,Gateway 2030,Happy Dreams,c6da505d-80ed-4e85-987d-85c9574cba15
1998,1998,Gateway 2030,Sexuality,c2834b90-b687-4e6f-be72-d86ed176b138
1998,1998,Gateway 2030,Space Convention,35e81aa6-1793-439f-96c0-a3f5cc234b7f
1998,1998-03-06,Gaya’,It's Love,1013eb15-b6b2-4f00-b5ee-8a4f6234e099
1998,1998-05-04,Gazebo,I Like Chopin '98,def13843-1d19-4efe-ab8e-dd8332ad47e6
1998,1998,Gebroeders Grimm,Ik voel me helemaal te gek vandaag,e52e06bc-6e59-3203-9c99-8eca60a57f2e
1998,1998,Gebroeders Ko,Die mooie Monica,10053338-d272-4d4e-85c1-ef77994e0296
1998,1998,Geezer,Resistor / Gurning,fb5d24cd-7dad-4fb2-a528-6c316fcf1e0f
1998,1998,Geezer & DJ Choci,Mono Madness,41fe6ba7-61c8-4db3-ae96-96219154f86e
1998,1998-05-13,Geier Sturzflug,Hit Revue,32a1edaf-fcca-42c6-8c15-f3ac4a3b5816
1998,1998-10-26,Gel,Catching Ants,1ef51516-7f33-3947-9cff-0c043d7462a5
1998,1998-08-17,Gel,Rosie & Jim,aa17ef91-b4c1-4a0f-83da-13acdf15b686
1998,1998,Gene Douglas,...And Make Love,fc9e46ad-05c5-48cf-8525-2bcdbe91b70f
1998,1998,Gene Douglas,Free,d1239e11-0ff8-4008-9dfe-26e0bd663cf0
1998,1998-02-23,Genesis,Not About Us,7ad9fc67-daf1-3361-8c71-83e8af5d13e4
1998,1998,Genius Crew,The Pop,ad12f339-ae06-4ad8-a937-21288734a774
1998,1998,Genlog,Mockmoon,14666075-fe14-47df-b5b4-fbb5d1220ea4
1998,1998,Genlog,More Music,9b593d6c-2d0c-4eab-aaa3-4b11030bbce4
1998,1998-07,Genocide Organ,:Klan Kountry:,1ada0491-1e61-3d31-bcd7-61fea1ddd5a8
1998,1998,George Bowyer & William McClintock Bunbury,Guardians of the Land,5246967d-95f9-4c25-95d6-08bd6d1f794e
1998,1998-10-19,George Michael,Outside,f9862065-9884-3d5f-a43f-d5146fe45a91
1998,1998-10-19,George Michael,Outside (Hex Hector Mixes),9658433a-4052-4d7f-aca2-c4ef07383df4
1998,1998-04-07,George Strait,I Just Want to Dance With You,a6a84fcf-c974-41b5-838d-8fd21e9a5fea
1998,1998,George Strait,True,5dfa9e63-0bbf-4a1f-bacb-fe54c56bf6a5
1998,1998-07-21,GERAID,SHAPE / sincerely,15e87f31-657a-4853-94ce-67f855271115
1998,1998,Gerald Levert,Thinkin' Bout It,13d67e08-b695-49dc-834d-f9ce7644f737
1998,1998,Gerard Joling,Cry Baby / I Love the Nightlife,692d62f5-4a18-4eb7-9faf-40286231c09c
1998,1998,Gerd Christian,"Mutter, ich dank' dir",5c90a886-7f95-4411-b035-d2c435fc767b
1998,1998,Gerd Christian,Sie lag im Schlauchboot,9e1ef599-8729-4e73-bfe7-07d0bed3833d
1998,1998-10-19,Gerideau,Bring It Back to Love,e494bd9b-e5b9-3781-aeb5-7874c8469ad4
1998,1998-06-22,Gerideau,Masquerade,e8ff758d-8499-37c5-b8cf-2147ff888d65
1998,1998-02,Gerideau,The Tribute,889d5663-6d53-4ba2-bfa7-0fc54a00113b
1998,1998,Gerling,Death to the Apple Gerls,b08760d4-3aec-3812-9fa7-3f4d14317249
1998,1998-08-03,Ges-e & Usman,Talking Tablas / Dah-Din Beats,f2096aa7-cb6d-30f4-b214-5d93c09cd8f1
1998,1998-06-28,Get Ready!,Happy End,9fbfffd9-cec1-4240-a9ce-7199c9d48f95
1998,1998-03-31,Get Ready!,Requiem 1998,3e4a5b9e-9722-4b79-8d22-401be4c7f634
1998,1998,Geto Boys,Gangsta (Put Me Down),2857057b-fcbe-4554-8c38-3481ab39610d
1998,1998,GFS featuring J. Smooth & JG,Beatbox Funk Session / Closure,e89e2276-be49-4a31-bed5-2ea6a68dd01d
1998,1998-07-10,GG D’Ag,Cuba Libre,044f23f1-79a4-4fd6-b96d-34f9025bff09
1998,1998-08,Ghetto 2000,[untitled],4cf27258-5861-40b5-ba95-e9df57bc4a5e
1998,1998,Ghostface Killah,Cobra Clutch,e317298c-1dca-4785-aeeb-c16babc65ddf
1998,1998-04-07,Gian Marco,La dama blanca,6565776d-bf28-4b80-b858-dbe023ee7c06
1998,1998-06-04,Gian Marco feat. Mónica Cevallos,Ay amor,53064313-98cb-42f3-b80c-766678697596
1998,1998-07-10,GIGA SLAVE,seusual color,9cc1dd3b-3d4c-40d2-986c-8d10c3d1bf26
1998,1998-06-21,GIGASLAVE,キ・エ・ル…,60cdff77-10a5-4c71-af73-380632325967
1998,1998-07-31,Gigi D’Agostino,Elisir,2041c142-f0f5-42e5-be22-73065afed8f6
1998,1998,Gil,Never Giving Up Now,2668a3ee-06ae-4eef-9676-95d6fa8b05c0
1998,1998,Gil,Talk to You,01616019-adaa-38c5-ba6c-b7964c246c2c
1998,1998,Gil feat. The Moffatts,If You Only Knew,5676a975-f7f4-3551-ba88-7e163cbddadb
1998,1998-06-01,Gilberto Gil,Balé da Bola,79866db9-1404-40f6-b8e3-d42d8e7f6232
1998,1998,Gilded Lil,When I Was Young / Roughie,75a836c4-41c7-429a-be97-0b8b4c6d9301
1998,1998,Gin & Juice,It's a Fine Day,90e8f6f8-a630-4a98-a382-f6502f6f0e23
1998,1998-01-01,Gina Go Faster,Faster Motor Co.,6705550c-f6f2-4885-bb75-ccb9679c5565
1998,1998,Ginuwine,Same Ol' G,26fbec27-1c93-4662-8c79-1a24ae24a300
1998,1998,Gipsy Kings,Oh èh oh èh / La fiesta comenza,eb45c257-4629-4dc8-b448-7df9d4ac429f
1998,1998,Girl Eats Boy,Cool Disco,44501e35-6129-328e-8efd-a20b9a94946a
1998,1998,Girlfrendo,Air,77374b9a-5d20-3843-82b0-d70e3ece1552
1998,1998,Girlfrendo,Cat Heaven,a51cb1de-4c53-4056-990c-8826390c9ef1
1998,1998,Girlfrendo,First Kiss Feelings vs. Everyday Sensations,e5653ddd-5781-4865-a73c-b7717368428d
1998,1998,Girls Against Boys,Park Avenue,62a4e15a-3e5e-4fe8-9b65-6bc5a843cb84
1998,1998,Girls Against Boys,Park Avenue,95f20894-2572-428f-b5d2-79a4dc4b9e6f
1998,1998,Gisella Cozzo,"Joy (...I Feel Good, I Feel Fine...)",c9735aac-2cf4-49ea-abe8-13d682fb2182
1998,1998-07-15,give peace a chance,sweet Come Back 〜まもるべきもの〜,e6f60640-3856-4173-b84a-0155f49f43b7
1998,1998,Gizmo,The Long Night,c63b916b-21fb-4a8e-907f-aca1aa7d6834
1998,1998-11-25,GLAY,BE WITH YOU,d5b62bd8-a24f-4d4d-8309-6f6bd6a9e09c
1998,1998-08-07,GLAY,BELOVED,92c78787-b73e-4928-8d0f-300a0bc42b17
1998,1998-04-29,GLAY,SOUL LOVE,4bce0cd2-1940-4e4b-b240-ce19587c6764
1998,1998-04-29,GLAY,誘惑,ce4b0310-479b-4391-902c-790473d3220d
1998,1998-11-24,Glenn Underground & Mikkiel,Fly With Me,73ca814a-b575-3e53-94a9-2a39243f56a8
1998,1998,Glennis,Goodbye,a3176aa1-5527-405b-ad1c-5f9bb417292c
1998,1998-04,Glitterbox,Houdini,bf215fef-5daf-4410-942e-93374bc7a0fc
1998,1998,Glitterbox,Scared Of All The World,0144c158-6cc0-4e0e-8e36-668b620d8845
1998,1998,Global Cee,"Love, Dream & Energy",4f7c815e-3698-3514-a499-3c02dd067a23
1998,1998,Global Electronic Network,G.e.n. A.t.t.a.c.k.z.!,aad210ba-3bed-430f-b88d-3d38263ebe2f
1998,1998,Global Players,I Like Noises,a3c03906-f997-4a54-97b6-efdb09be977d
1998,1998,Global Players,Out Of Control,76f47970-b60b-4fb3-a6f2-b32715fc37d3
1998,1998,Global Players,The Message,c92d6c8a-cdf9-4a7b-964f-ccee1e1646fe
1998,1998-03-31,globe,Love again,6657b341-a068-3b22-ba3e-f9272b1bc6ac
1998,1998-10-07,globe,Perfume of love,704e154f-ae4d-3f66-bc8a-c6fedc61db08
1998,1998-09-23,globe,Sa Yo Na Ra,8662133a-9548-3ed5-b46d-1cb73ee15c45
1998,1998-09-30,globe,sweet heart,b0ad5466-d105-3116-868e-ec57b4cf3c8f
1998,1998-09-02,globe,wanna Be A Dreammaker,b6ac16f2-3f24-3848-800b-d69cec6f9a98
1998,1998,globe,winter comes around again,781bf078-7a75-4515-be01-0ac9d7e5ce60
1998,1998,Gloria Estefan,!Bailando!,08b100e3-8151-36e9-96ee-6f97b92b7806
1998,1998,Gloria Estefan,Gloria! Partytime!,4cb6fe64-1afe-379c-8832-c585c6ad8ec7
1998,1998-05-05,Gloria Estefan,Heaven's What I Feel,bf34f032-7e7d-3b34-a257-9ab738b72ff8
1998,1998-07-27,Gloria Estefan,Oye,591efd73-5373-4264-8af9-1c8cd05cb3ef
1998,1998,Gloria Gaynor,First Be a Woman,786cee22-1ad3-4c6b-b410-82f6a70f0f85
1998,1998,Gloria Gaynor,I Will Survive,5a8024ae-c21a-3316-8815-447bdc8521c1
1998,1998,Gloria Gaynor,I Will Survive 98,a73d6230-006c-4f54-9571-84cb6de9acae
1998,1998,Glossary,Stop and Start and Go,1e4a5625-3f9e-4ac2-b876-190121ebabcf
1998,1998,Gnork,Nama Rupa,05daa400-89e2-446b-a6ba-72a54a39ee03
1998,1998,God Lives Underwater,From Your Mouth,ad70730b-fb17-3df0-915e-aec59428b62e
1998,1998-07-14,God Lives Underwater,Rearrange,3eb929e7-cfab-403e-92c0-5f16d56641a1
1998,1998,Godsmack,Whatever,2ccc20d1-012d-4f8f-8391-a30cc6ce09e9
1998,1998,Goed Goan,'t Grune gres van thuus,480dfc1a-8972-4c16-984f-2cdfef280fa9
1998,1998-08,Goethes Erben,Marionetten,b36cef6b-1520-3e1f-969e-74fbb34330ac
1998,1998-01-22,GOG,Momento Seguinte,bce9276b-c662-4fb3-9497-aa51e67445d1
1998,1998,GoGo,"Hey, Pippi Langstrumpf",6cd44fc4-605f-4978-bcc1-cb2ee0f5f2ed
1998,1998,Gold Blade,Hairstyle,be206a17-8fda-4027-9c51-160ab3bf80b8
1998,1998,Golden,Passenger,65d6f420-bcb7-468b-9cfb-1903c14cc43e
1998,1998,Golden Earring,Just a Little Bit of Peace in My Heart,6354a48d-b635-4b6c-bef5-cd2871dc9b78
1998,1998,Golden Earring,The Devil Made Me Do It / Mood Indigo,92df8dd2-5ece-4e4d-9e6a-531515f99f26
1998,1998-06-29,Golden Shower,Luxo em burgo,da206155-8266-4ad3-88e3-e97fc631fbdc
1998,1998-01-01,Golden Shower,Robotfunk: The Future,5a5897f9-af96-485f-8115-d7eabbcda8c4
1998,1998,Golden Smog,Keys,c29fe639-3533-475c-a06e-1940145d9e87
1998,1998,Golden Smog,Until You Came Along,c6e3f54b-ce41-4349-8948-2bb33e37d7f1
1998,1998,Goldfinger,More Today Than Yesterday,ca4e066b-6ca5-4289-a53b-cd34b4442aa9
1998,1998-01-27,Goldie,Believe,d25eaf1f-d2e8-3a5e-b1c2-9659b4fa1b07
1998,1998-01-05,Goldie,Temper Temper,b5f4e07a-791b-3b0b-ab8b-8644aeefb7be
1998,1998-09-28,Goliath,Electric? Funky!,8fdf48df-8c48-48fd-bc49-c9fdcd1b90f6
1998,1998,Golpes Bajos,Malos tiempos para la lírica,839cb0be-8240-4304-854e-00dcfeca131c
1998,1998-03-30,Gomez,78 Stone Wobble,c83a2ddc-746c-332f-b7bd-de49ea5b7747
1998,1998-04-13,Gomez,Get Myself Arrested,13f6dce1-9442-4bc9-b8b3-a5660904aafa
1998,1998-08-31,Gomez,Whippin’ Piccadilly,b4eb9170-2915-38a4-8e0a-1ca0bd0fe958
1998,1998,Gompie,All I Want for X-Mas Is a Spice Girl,783b775d-acb0-4aa9-8dc9-b969906ccc05
1998,1998,Gone Bald & No Tomorrow Charlie,Fat Butt Twin Series,062a1bc2-2bb4-459e-9e0c-13fad8c1913b
1998,1998-09-22,Goo Goo Dolls,Iris,98e1d81f-c850-38c7-8b59-8251a7f72ce8
1998,1998,Goo Goo Dolls,Slide,ddaf7c49-4c46-49a3-9de9-6739348c95ab
1998,1998-05-05,Goober Patrol,Eight of Spades,6c15fe72-b005-3c49-93e1-86149366bf09
1998,1998,Goodie Mob,Beautiful Skin,bcc891ca-bdd9-4d37-866f-2dafb5cc460b
1998,1998,Goodie Mob feat. OutKast,Black Ice (Sky High),47a9bb46-2e9c-46bd-a600-8d741f2faf75
1998,1998,Gordon Edge,Compnded (Edge 1 Remix 98),22ba2cec-c736-4833-bae1-d7b4aa8b68b3
1998,1998-07,Gordon's Groove,Gordon's Groove,a11a2b78-ac78-4535-823a-bd601029587a
1998,1998-08-17,Gorky’s Zygotic Mynci,Let's Get Together (In Our Minds),f36fea77-4b4c-38c2-8c12-7f7216a2b2fc
1998,1998-05-25,Gorky’s Zygotic Mynci,Sweet Johnny,8fea67d3-4f59-31ed-a9bf-27e5a544d44b
1998,1998-10-22,Gorthaur,"Somewhere, Sometimes... Someone",bf3d4db0-232b-4a61-a8f4-b2ac7c90c698
1998,1998,Gothic Voices,Volume 1: Trip to Bingen,ae08ed2b-1775-3163-a6ec-3752f5bab289
1998,1998,Gottlieb Wendehals,Sum sum sum,0fbed27e-0b13-4805-8b0f-c36a8159b9c2
1998,1998,Gottlieb Wendehals,Willi in Hellersdorf,4560a735-094e-46fc-ae15-bada28ce4c45
1998,1998,Grand Drive,Wrong Notes,a0a427d2-cffb-459b-85b7-34455d0b8c23
1998,1998,Grandad Roberts and His Son Elvis,Meat Pie Sausage Roll,7986b464-575e-463d-a917-0a7630482890
1998,1998-10-19,Grandaddy,A.M. 180,d7c70608-4ac9-3b00-9f02-fd9bcbfd742c
1998,1998-02-09,Grandaddy,Everything Beautiful Is Far Away,fc3e3e38-bbe4-37f3-a922-54157c2def55
1998,1998-03-30,Grandaddy,Laughing Stock,e3e722fe-7c71-3192-907c-0e8854f9d1c9
1998,1998-05-25,Grandaddy,Summer Here Kids,b276bfd7-9da3-3a4f-8eee-a1b1b65d80de
1998,1998,Grandmaster Caz & Chris Stein,Wild Style!,60f1de1c-4e85-4762-bee1-67d689de2d75
1998,1998,Grandmaster Garner,The Solution? / Baby I’m A Star,8dc25098-faae-4709-a81a-361067e18fc1
1998,1998,Grant Lee Buffalo,"Truly, Truly",71a00472-b6e5-4652-b98f-df4e432eadda
1998,1998-05,Grant Lee Buffalo,Yours Truly,8ab7d1d9-2477-444d-a84d-b04285435979
1998,1998,Grant Nelson Featuring Jean McClain,Step 2 Me,431bb463-1c61-4390-a991-280e3e743829
1998,1998,Grant Phabao,Tub,d0130dfa-a168-4cf6-b0cf-0cc1a49a4554
1998,1998-04-01,GRAPEVINE,君を待つ間,c5e4bdb2-cbc4-4253-9b67-10355767d362
1998,1998-09-02,GRAPEVINE,白日,75a7a85e-5412-4989-b778-0e682ab21c61
1998,1998-05-04,Grappatoni,Flasche leer,267cb4b5-baba-4577-99fd-41239f52787d
1998,1998,Gravity Kills,Alive,6a99bca7-827d-4e37-9711-875cf389f852
1998,1998,Gravity Kills,Falling,4a9ec5c9-ab02-43c6-8d3c-8f6a318e15e9
1998,1998,Green Court,Moonflight,91c16828-b409-35c6-ab2b-43f23f7bbde3
1998,1998-04-24,Green Day,Redundant,2e09f29d-cc64-4555-9238-32c8a142c1d3
1998,1998,Green Day,Redundant / Time of Your Life,5cce705e-1c9f-35b5-a024-f2aee9c7cb58
1998,1998-01-19,Green Day,Time of Your Life (Good Riddance),dbf5ff09-d9e1-344e-b03f-c8878463bf01
1998,1998,Green Spirit,Back To The Roots,a1f70d6f-8e34-413e-91f4-6d3bca8bd085
1998,1998,Green Velvet,Preacher Man,d2aea7f3-26ea-49b2-ab12-c1288dd86e22
1998,1998-07-23,GREEN'S ROOM,fool in the ROOM,2dfafb8a-b52d-4373-9fcb-d5624e866030
1998,1998-06-22,Greenship,Perfect Smile,e4ba0420-74db-4efe-8b7d-eb5f476c79ee
1998,1998,Grey Eye Glances,One Day Soon,3f56ea68-0c5e-3c28-854c-1e385afec4bf
1998,1998-04-28,Grief / 16,Bored / At Dawn They Sleep,546568ad-87f9-4b87-84de-6cd97a8efb8e
1998,1998,Grieving Eucalyptus,You're So Lame,0ab0055c-7d2c-4542-8a50-a5eb3465cf60
1998,1998-06-01,Grinspoon,Don’t Go Away,cc176cad-28a2-30a3-9de5-032c4452b0b7
1998,1998-01,Grinspoon,Just Ace,3d7efbcc-6d6c-333a-9ad9-e8cd7957f11c
1998,1998-11-09,Grip,Silver Arrow,045346c8-6762-352e-ad7a-a0d98384db82
1998,1998-09-16,Gronda Gronda,Exilarating,c9ee5d90-cb73-41fe-85ff-5208592eddc5
1998,1998,Groop Dogdrill,Jackie O,2cc9d3dd-381d-47f1-917a-d0d24308a6cd
1998,1998,Groove Chronicles,Stone Cold / Hold On,5ad43987-65df-4307-9536-1beb19d20425
1998,1998,Groove Collective,Deal With It,cd545e08-432b-4da1-92cd-eb59ac19a705
1998,1998,Groove Gangsters,Make You Yeah,d617f9e5-f918-4076-8a21-9dfb3070d171
1998,1998,Groove In Motion,Be the One,5f6dd493-9bf0-4944-afeb-54fb0156eb47
1998,1998,Groove Terminator,Losing Ground,7a647ecc-e2b1-40c4-a755-e3d631caed8c
1998,1998,Groovement,The Right Thing,cbba38bc-4ee1-4ce3-a0f5-f6be89736228
1998,1998,Grooveminister,Das Maß aller Dinge,c932dc4e-4cbe-3448-b979-7a0a70531f57
1998,1998-09-14,Grooverider,Rainbows of Colour,a699bee7-ae67-308e-ada8-9348ff7c0c85
1998,1998,Grooverider,Rainbows of Colour (VIP vocal mix) / (VIP instrumental mix),6cd3bb6c-f6b3-4c0f-a78d-0ecec8d779d7
1998,1998,Grooverider,Rivers of Congo / Where’s Jack the Ripper? (Dubplate version),74b9c6e1-9d42-492d-a7a6-6975f668496e
1998,1998,Grooverider & MC GQ,Future (Prototype Night 1998),33e3f17a-6b79-4da1-91b9-41068af21bdb
1998,1998-04-23,Grooverider / DJ Rap,Imagination (edit) / Bad Girl (DJ Krust 'Bad Girl Comes Good' dub mix),85f75c31-95be-4b10-b77b-b6e790a5e7ed
1998,1998-02-18,Groovy Boyfriends,I’m here,db8b5d74-d9b1-444c-b743-0841a80bfe4f
1998,1998-05-13,Groovy Boyfriends,オレンジ,48654acb-a292-4224-a39f-6f2129c7a417
1998,1998,Grupo Niche,Mujer de novela,927e03ab-c532-4fe9-9b18-f9ef9c7e6772
1998,1998-09-07,Guano Apes,Lords of the Boards,19def54b-21d4-33a1-b3db-e4e440ebe08a
1998,1998-05-04,Guano Apes,Rain,743cb343-5386-31b8-a1ef-021b4a298b05
1998,1998,Guido Hoffmann,Sehnsucht (ist ein wunder Punkt...),7a6a8551-8b18-4c57-9991-666ca5261a66
1998,1998-03-02,Guildo Horn & Die Orthopädischen Strümpfe,Guildo hat Euch lieb!,353233ac-1414-3c94-abbd-6c6275e4d7b6
1998,1998-04-01,Guitar Wolf,カミナリワン,2be9b8aa-537c-36bf-838e-2383c85987a7
1998,1998-11-21,Guitar Wolf,環七フィーバー,f6c3ce9a-b49e-48a0-9833-5f1c8faec7cd
1998,1998-08-21,GUNIW TOOLS,HUSH and COOL,e5287585-249f-3af2-a2a6-d366ed8a3b68
1998,1998,Gus,Laugh I Could Learn to Love,6b61c7aa-6108-4392-9dd6-d267dc8ff814
1998,1998-04,GusGus,Barry,79987201-46d0-428c-98cf-ccfb63edc0bb
1998,1998,GusGus,Ladyshave,06421ad2-dbd8-34b7-82b8-88a35b326d9b
1998,1998,Guus Meeuwis,Samen werken wij eraan,18d51866-93ee-4a32-9649-6b30c9255246
1998,1998,Guus Meeuwis & Hugo van Bilsen,De ezel,94c9c12a-4108-4413-93df-2fa0cb4c54fa
1998,1998,Guus Meeuwis & Vagant,'t Dondert en 't bliksemt,2fc6b29c-c1a3-4ce3-b303-f61fd4e77ba0
1998,1998,Guus Meeuwis & Vagant,Ik wil met je lachen / Zomaar een lied,4270400c-01df-4f99-961c-fc13f2093927
1998,1998,Guus Meeuwis & Vagant,Reünie / Toen ik je zag,0a4a1516-1025-44f2-93d8-0a0f53d4172f
1998,1998,Guy Chadwick,You’ve Really Got a Hold on Me,4a9b9379-4afb-4f97-9b91-9cee9b12e580
1998,1998,Gölä,Keini Träne meh,129a9b09-179e-4390-b172-51071c835e98
1998,1998,Gölä,Schwan (neue Versionen),8b09f2c9-8d10-42e5-a44b-032211a82b60
1998,1998,G•E•M,From Me to You,74bf374c-0061-425b-a301-a9ac4bff3344
1998,1998-05,H-Blockx,Fly,cdf8c6a8-a16a-4fa2-8186-db686da63654
1998,1998,H-Blockx,Take Me Home,916be057-dfb0-4743-bb6a-901f3fa8ae33
1998,1998,Hacienda,Flannel Sunset,5ddd96b3-4c6e-3a73-bcfc-0c3277e7f680
1998,1998,Haffa Combino,Kobent (version 2),293e6b9c-5e27-438b-9498-307fe7c9a5d4
1998,1998,Hal Bruce and The Hired Hand Band,I'll Be On My Way,0ef695f9-7d36-4fca-b1fb-a331d28e47f5
1998,1998,Hal Ketchum,I Saw the Light / When Love Looks Back at You,54affdac-581a-3590-b863-d7e77cbddbde
1998,1998,Hale Bob,Anastasis,e9c3ea3b-4971-4c61-a41c-f38ac68d6e35
1998,1998,Hall & Oates,Romeo Is Bleeding,8fbd44fc-a7a1-384d-86db-f471a976b361
1998,1998,Hall & Oates,The Sky Is Falling,899643ed-f1dc-4826-846b-27c16cdff8c9
1998,1998-11,Hallucinator,People,9a46d6c6-b63f-4a64-a415-49bf98ece451
1998,1998-12-09,HaLo,風のような君でいて,87482002-76cf-4ba8-9c3e-092f05e81036
1998,1998,Hamed Daye feat. Lino / Futuristiq,Independance Daye / Napalm,3ba30c0b-19cb-48db-af14-9521727bcb16
1998,1998-08-03,HammerFall,Heeding the Call,ddb3b180-944b-3453-bfec-f3ed1059765c
1998,1998,Hanaumi,Japanese Boy,d9a8a0d8-5686-4caa-988c-0ccb4b2a6132
1998,1998,Hand in Hand for Children e.V.,Children Of The World (Charity '98),adce6e75-b1eb-4a85-a367-d53476f970aa
1998,1998,Hanna H.,So Fine,147c2da6-079f-3458-85d9-c2145fcd62db
1998,1998,Hanne Haller,Max,94eca0e6-f0ac-4dcc-b644-5940d1945abb
1998,1998,Hanne Haller & Mark Janicello,Du bist das Herz der Welt für mich,4af2a5f3-59df-49ef-8599-8ef678037dfc
1998,1998,Hanny,Donder op / Morgen,7de0fe51-91d2-408f-8dd4-7397cc4e6fd3
1998,1998,Hans van Seggelen,Niet gezond / Jij kan het niet laten,f7ed6c8a-d7b2-4e1b-96a7-6b31995d96dd
1998,1998,Hans Vermeulen,Een kus en een knuffel / Jij bent zo helemaal van mij,cabd7904-526d-4ad7-9612-4b038509a6b6
1998,1998,Hans Vermeulen & Aom Jariya,Goodbye‐Time / Here's to the Business,86554cf1-00ff-49fd-87ac-22a0d5c1998c
1998,1998,Hans Vermeulen & Sandra Reemer,De mooiste droom is vogelvrij / Hoe we waren toen,087ef151-d298-4371-80d9-01f718d6ab35
1998,1998,Hans-Jürgen Beyer,Die Sonne uns'rer Herzen,27134753-6773-4189-98b4-f63aa2634a61
1998,1998-09,Hansi Hinterseer,Elisabeth,8ee0eb24-e2c9-4edc-9d01-5e3f4b249386
1998,1998-05-18,Hansi Hinterseer,Julie,ba547eee-fa6d-4971-8263-de526b6d9a32
1998,1998-01,Hansi Hinterseer,Schöne Mädchen sind zum Küssen da,ab246052-4e8c-49c6-93d6-0eee47c2a433
1998,1998,Hanson,Gimme Some Lovin',b1cc3763-b036-4779-bf55-6c12255c6e34
1998,1998,Hanson,River,3bdcb88f-7a32-48e7-8d48-df5b0b864355
1998,1998,Hanson,Thinking of You,e9ece92a-d69b-41ef-8d91-12051fa0f3d4
1998,1998,Hanson,Weird,24e45429-d6e2-3791-8876-ccdb85462e37
1998,1998,Happy Human,Blow Your Own,07c62798-f12a-4373-9426-fd12639725ab
1998,1998,Happyland,Don’t You Know Who I Am?,21788c0f-eced-3869-820f-a5a232389f34
1998,1998,Happyland,Hello,eebb51b8-8611-4124-b703-99ae9cfb463e
1998,1998,Hard Creation,Hardcore From The Heart,939d7080-2439-44d4-b0ff-b54586b337ee
1998,1998,Hardeman,Scream!,ee8c6681-e767-454b-94c3-78fc93097e72
1998,1998,Hardfloor Feat. Phuture 303,Hardfloor Will Survive,0ac44f5b-8763-4d27-80b4-9cfe15e390c9
1998,1998,Hardwire,Conskank,cfbb399f-e2ff-3adb-8b21-216a2cccf7d4
1998,1998,Hardy Hard,Bass Volcanic / Damn Soundsystem,4aac7eb1-3520-470e-97f9-26f768ccabc2
1998,1998-04-20,Hardy Hard,Here Comes That Sound,84aec465-e7d7-4710-9a69-1254f2bae4fc
1998,1998,Hardyboyz,Jb Resurrection,bb5f203a-239d-4c2a-946e-e93095e8d7dd
1998,1998,Harem Scarem,New Religion,6b0d3731-9bf8-4800-8388-b9b06fecee54
1998,1998-07-05,Harem Scarem,So Blind,e10ae88a-4345-476b-8b4b-201696e13522
1998,1998,Harem Scarem,Turn Around,1172399b-fdb5-4bab-b3c8-48efaa98e882
1998,1998,Harem Scarem,What I Do,e6086d54-9cd0-4bad-9a3a-625a9ed191ea
1998,1998,Harkonen,Hung To Dry,78a4db51-88c1-4666-bb75-9c955274bf28
1998,1998,Harlan Cage,Dearborn Station,b10bd6e7-6f59-3deb-a4d0-966df518a17b
1998,1998,Harriet the Spy,Synthetic Synthesis,829c3f33-b34d-4670-8cc4-7b52d2f650b8
1998,1998,Harrison Crump,Disco Diary,6128e39e-f9be-305e-b8e9-461bddd50f10
1998,1998,Harum Scarum,Harum-Scarum,fccda124-833a-401e-9ffb-22b60e2b1e1c
1998,1998-07-20,Harvey Danger,Flagpole Sitta,f63b3f53-90eb-39d2-aaee-cccd0ed1960e
1998,1998,Harvey's Rabbit,Happy Town,b6ecc7b9-803a-38b1-8254-a140739ecc42
1998,1998,Hasidic New Wave,Giuliani über alles,3abffcf4-7f22-4cf3-a180-c445d8a2af3d
1998,1998,Hate Dept.,Marketing Tool,ce5f5f96-eb59-3dea-83fc-26ae79bba888
1998,1998-10-20,Haujobb feat. Vanessa Briggs,Less,7a169622-bfbf-3d9a-ba5f-5c4be941f6bc
1998,1998,Haus Arafna,The Last Dream of Jesus,b9eaed94-bb1f-3430-aa06-9187bdda1c65
1998,1998,Hausmarke,für immer,b9a8d05d-6ec1-4c5e-b98f-bdc325a5bb96
1998,1998,Hausmarke,Mädchen No. 1,3461930c-be9f-3111-aad2-05d36c3341c2
1998,1998,Hausmarke Feat. Max,Beweg Deinen Popo,96dbee7d-61be-444e-8e60-e9f19d38c3a8
1998,1998,Havana,La copa de la vida,9c2e5d7c-b0ef-3841-8986-0b06878de38f
1998,1998-06,Havana Delirio,Carnavalera,0fa493cf-0f34-40ac-888d-d61a05f5ac96
1998,1998,Havergal,Crowd,f716d627-b35d-405e-a05e-56777e2d48b2
1998,1998,Hayden,The Hazards of Sitting Beneath Palm Trees,5459089b-a98c-4aa2-8f18-1979f76e7630
1998,1998-07-18,heaco,The Best,834c6157-e84d-4dca-abd0-adcdb4183aa7
1998,1998,Headless Chickens,Secondtime Virgin,c8d5bdf3-9435-36ca-aa27-e2235231051e
1998,1998,Headrillaz,The Right Way,2e979093-c577-3135-b066-3a265db41b20
1998,1998-04-27,Headswim,Better Made,21b54274-499f-380f-be71-6c727503c34e
1998,1998-02-02,Headswim,Tourniquet,bd9cb1d7-fc74-3ec0-ae09-70271968a080
1998,1998-03-23,Heart Attack Featuring Thea Austin,Eye Of The Tiger,4a7d64e8-e850-44cb-9871-d43e9fa4da18
1998,1998-09-28,Heather Nova,Heart and Shoulder,fb40ef60-fd63-3123-8005-195bb6434d5d
1998,1998-05-11,Heather Nova,London Rain,768e9bf0-9e60-3f1a-b2be-b10f31e5e861
1998,1998,Heaven Traxx,Heaven Traxx Vol. B,e26965a3-5466-44f9-ae47-8d66761762ee
1998,1998-04,Hedone,Daj Mi To,64a961a7-32b9-3b67-9e6a-76ee389a6fec
1998,1998-06-15,Hefner,Love Will Destroy Us in the End,e7398d77-6ae5-3924-94c5-5e32e3f99adb
1998,1998-05-05,Hefner,Pull Yourself Together,9075bf70-77b1-3b77-8d5a-78ac5b3f2c69
1998,1998,Heideroosjes,Fistfuckparty at 701,9ba4b694-8499-36b0-9b48-6445584a986b
1998,1998-11-25,Heikki Liimatainen,Star Nation - Water on the Moon (Radio Mafia Competition Mix),2c6f3527-7dbc-4331-a31e-5306451908d5
1998,1998-12,Heiko Laux,Re-Televised,88f4be8d-ba3e-31da-9821-5b44c926f80e
1998,1998,Heino,Die besten Jahre,72db32a8-2635-42c5-9f02-e4d171015620
1998,1998-05-09,Heinrich at Hart,Attackship on Fire / Masters of Orion,de58f8fa-68b9-4b38-b29a-eba405c5d83e
1998,1998,Helen Love,Long Live the UK Music Scene,c14ae390-bd3c-3e46-88da-3963077710f1
1998,1998,Helen T,Fly With the Heavy / Wake Up,07a3f921-f841-4f1c-a42a-94a72fdec69c
1998,1998,Helena,Minimum,987ff7a8-e756-35f7-a5cf-48a2f35fbb97
1998,1998,Helge Schneider,Helge's Beitrag zur WAL 98,4db3c879-bf9c-49eb-aeb1-197ddac7de58
1998,1998-03,Helix,Now Control / U R Everything (Helix vs Triple J Remix),073a14fe-01d7-48c6-871f-16abda45b5d3
1998,1998-01,Helix & Tekno Dred / Helix & Fury,Mindless Pleasure / Movement IV,c1ae36fb-7e59-48c3-ba8e-038572b059ae
1998,1998,Helix + Tekno Dred,Tribalistic,878ca70d-f845-49f3-b32a-0bfb4989ccd6
1998,1998-08-31,Hell,Suicide Commando,d1b19960-32dc-3ddf-aad3-f488e9ac6b71
1998,1998-08-14,Hellchild / Bongzilla,Voice From Far Away / Witch Weed,3da86268-2f0f-4543-b5eb-7079eb331ec2
1998,1998,Hellfish,Hardcore Body Harvest,dd1115d4-c956-4677-a283-300496c9232a
1998,1998,Hellfish & Producer,No More Rock N Roll,4b2ade21-c8ce-4a43-88ee-918a34bc671a
1998,1998,Helloween,Hey Lord!,e4d1f3a9-47f0-3e23-8728-dc42e7779a8d
1998,1998-02-11,Helloween,I Can,6e0296c2-b4c0-3017-94ec-00c7190bd065
1998,1998,Heltah Skeltah,I Ain’t Havin’ That,93af2725-04ae-4c05-91ef-3f9c1e7cf012
1998,1998,Henk Janssen,Kiezen of delen,0ad219cc-f511-448f-a22d-b3f535dc56c0
1998,1998,Henk Westbroek,Loods me door de storm / Elke dag,5bcbb1d2-04b5-4f60-bfdd-4189aecddd3e
1998,1998,Henk Westbroek,Zelfs je naam is mooi / Gouden kooi,f3e50b41-dedf-4634-bebf-1aa164fa4cbb
1998,1998,Henk Wijngaard,18 wielen / Zolang ik nog bij je ben,a492d2be-f277-43b4-b2ba-0db89e3cf7b1
1998,1998,Henk Wijngaard,Kleine waker / Na regen komt er zonneschijn,61cd70e2-af96-43fd-ad5e-5ecd894d159a
1998,1998,Henk Wijngaard,Mijn Daffy Duck / Chaos op de weg,294b9a62-b6dd-43df-810f-4f89d3ff2007
1998,1998,Hepcat,No Worries,2968c85a-c4bd-3ef0-ad93-164662f361dd
1998,1998,Hepie,Tussen Amadeus en Elvis,3e8c45a5-6c36-428d-adc5-0e791ef656fc
1998,1998,Herbert Grönemeyer,Bleibt alles anders,de949b2b-3549-355c-ac37-040a666b0065
1998,1998,Herbert Grönemeyer,Fanatisch,8cd32b8a-ee0e-496e-9973-e64ca42d94c5
1998,1998,Herbert Grönemeyer,Letzte Version,a2ce3a91-85ed-4ed0-9cd5-e451e449488b
1998,1998,Herbert Grönemeyer,Nach mir,a74d8835-b9ea-423c-9a59-68330890a005
1998,1998,Herbert Grönemeyer,Stand der Dinge,845fdd3f-443c-4398-9479-722f347be9be
1998,1998,Herbie Hancock / The Flirts,Rockit / Passion,4d38ef0f-5ed8-3a5d-ac22-d88bec12f22d
1998,1998-12,Here's the HAMSTERS,80's TOKYO NEW WAVE,c820a3bb-f5c4-4aae-a11c-68b507eb04bf
1998,1998-06-05,Hertha Boys,La Ola für Hertha,c9928a6a-4c4f-44a3-baaf-25f46d49fcc5
1998,1998,Het Holland Duo,Waarom gaan wij voorgoed uit elkander / Het uur van scheiden,cb1de6aa-7eab-4db5-a94f-e9fdf488040c
1998,1998,Hevia,Busindre Reel (Remixes),a852b336-ace1-38df-8424-add0fb66082c
1998,1998,Hevinkelium,Tiellä ken vaeltaa,44d36901-bd8e-3eeb-af84-e81ce4b07475
1998,1998-09-01,Hi-Rise,I Believe in Miracles,b7f1d4a7-2d41-417b-be45-7ad8e00666af
1998,1998-03-02,Hibee Nation,Life of Dance,c2c1a408-2ad0-3316-a28a-f1128f873b58
1998,1998,Hidden Agenda & Seven,Transmission / Fish Eggs,0190cc0e-338b-4fc5-8130-afddc16af0d5
1998,1998-01,Hidden Agenda & Seven,Transmission / Fish Eggs,24f18e7e-9e5e-4d97-830c-eb2bf8e6f8bd
1998,1998,Hidden Face,Terminally Ill,29cb8972-54aa-4448-8740-dad6e3c932ba
1998,1998-05-27,hide with Spread Beaver,ever free,22a5642a-cdc8-3ee7-9aa7-e4890c5677d0
1998,1998-10-21,hide with Spread Beaver,HURRY GO ROUND,4edf4fea-e355-329b-8a37-d40be0a8f7aa
1998,1998-01-28,hide with Spread Beaver,ROCKET DIVE,2c359a6c-3ac0-3496-a01d-8485c1982f8f
1998,1998-05-13,hide with Spread Beaver,ピンク スパイダー,173c5523-552e-3b67-a39d-c236ef92dd2c
1998,1998,Hieroglyphix,Destiny / Rhythm Is Back,3552bfce-2abc-37f0-be5b-73280d86ecf8
1998,1998-12-21,High Prime,Funky As...,58c9ca95-dcf6-4e11-a655-52de50bc035a
1998,1998-07-03,High School Sweethearts,Find a Way,f2040d2b-b7cb-490d-9c07-050536337c9b
1998,1998,High Society feat. Carol Leeming,Feel the Love,92997de6-becf-4d10-a2e4-cd520642e57b
1998,1998,Higher Spin States / MC Sultan,10 Kilors Album Sampler #3,f43a7290-57ec-4a6f-ab89-bd213dfa4cee
1998,1998,Hillman Minx,I've Had Enough,4584d2e0-1c11-3833-9da9-67cbd6adbf96
1998,1998-09-28,HIM,Wicked Game,084ea51f-4cb5-3f23-b1d4-3c9af76c6d07
1998,1998-02-02,HIM,Your Sweet Six Six Six,257d944f-ecd9-42b5-af73-ae6f10f01c96
1998,1998-02,Hinda Hicks,If You Want Me,256370fd-7380-3764-905a-3a6c04f33edb
1998,1998,Hirameka Hi-Fi,No Pictures / Hold It Up,c34624ed-7f6e-4009-b169-db3cc4782f73
1998,1998-11-05,Hired Gun / Loose Cutz,No Competition / On A Roll (Remixed),01e9c76f-040e-48d2-b7b8-9530f73b4242
1998,1998-08-18,hiro,AS TIME GOES BY,e05b24d6-6594-34ff-b022-595e324a8ddb
1998,1998-02-25,HIROMI NG,9:01PM,d0004612-4a9a-4fe8-a913-8d937a310d0f
1998,1998-08-07,Hiroshi Morohashi,Cocoa Milk,d4d3853c-62b9-423f-bb24-97f45f3afc84
1998,1998-02-21,Hirotaka Shimizu,Remember,cf0782a0-1914-488f-ac1c-f078c2024253
1998,1998-08-24,His Name Is Alive,Can't Always Be Loved,3f16e0b6-55a6-3ea4-94e7-4c24436976da
1998,1998-06,His Name Is Alive,Wish I Had a Wishing Ring,e2438136-902d-449e-8d28-78899485f84f
1998,1998,Hit ’n’ Hide,Book Of Love,99227577-a71d-4909-b729-3eb15828b5f3
1998,1998,Hit ’n’ Hide,Space Invaders,cda7a980-78eb-354c-bf38-e06cdc7a8b86
1998,1998,Hit ’n’ Hide,Space Invaders (Remix),e790c3a7-9146-402a-9a76-bc70b1eab3c8
1998,1998,Hitch Hiker & Jacques Dumondt,Travelling,0df29174-0f58-4907-8fd1-ed348233f610
1998,1998-12-02,hitomi,Progress,8cd852a4-2943-440e-817b-972db3d4038e
1998,1998-04-22,hitomi,空,e1f08390-af6f-4b9d-9c67-285be798b41a
1998,1998,Hoax,The More I See You (Urban Flavour Remix) / Abracada,7ab3e913-3f70-4d3b-ae1d-a29f28cf78b0
1998,1998,Hole,Awful,38205684-4bfa-33c9-972b-c7b40d359ecc
1998,1998-08-31,Hole,Celebrity Skin,4e3f0e27-e31c-3e94-a418-18865204890f
1998,1998,Hole,Live Through This: Outtakes,473ca819-f2de-400d-a9bb-38f2ea5fc731
1998,1998-11-23,Hole,Malibu,86f90f2a-cc7d-348c-a345-3e3722f73e94
1998,1998,Hole / Semisonic,Celebrity Skin / Closing Time,a800ccd1-fbe4-4661-9c91-57e32c35bbc6
1998,1998,hollAnd,Coughing Up Stars,79f6611c-1cb5-39ab-af9a-75137334b050
1998,1998,hollAnd,Matchmaker (Via Remixology) #1,83a90d89-407c-4a2d-ae08-c41ea52ac12d
1998,1998,Holly Cole,You Want More,23c0c9e8-5612-36ef-bd27-e26de57b001b
1998,1998-05-18,Home Grown,Surfer Girl,926e20a5-d356-47e2-aec6-adc60655b6fc
1998,1998,Honesty 69,French Kiss '99,7fac3587-6ebf-3218-aa5c-6e94b9298ffb
1998,1998,Honeyz,End of the Line,9bcc91a0-9b6a-348d-a00e-cdeee9e5a197
1998,1998-08-24,Honeyz,Finally Found,c8cc97dd-342b-3fe6-a411-bc5378ff7b9e
1998,1998,Honeyz,Love of a Lifetime,af2acae9-ccd6-31a0-96c2-118567fe729b
1998,1998-09-24,Hong Kong Trash,Down the River,b9d3b7ee-b9f4-404e-ab60-88501f2e8dbe
1998,1998,Hood,Filmed Initiative,16524deb-e503-31b3-9330-e7e9c3798a34
1998,1998,Hootie & the Blowfish,I Will Wait,01aa21cb-c923-4d15-95e4-bf8ab1116e54
1998,1998,Hooverphonic,Club Montepulciano,127d0550-8dc0-3dfb-bd3b-8f122ff5deac
1998,1998,Hooverphonic,One Way Ride,588cd1ca-364c-42d7-ba23-7fac033789ea
1998,1998,Hooverphonic,Teek (demo CD),eef103a3-3409-41fe-bbbe-9e8d76f78c24
1998,1998,Hooverphonic,This Strange Effect,3012b0bb-f414-3838-a902-e1a74a47785a
1998,1998,Hopkirk & Lee,Beneath the Apple Tree,61445ccb-bbbd-45b4-8f6d-17dac02c22a0
1998,1998-07,Hot Sauce,"C'était bon, très bon",0e70148b-eb66-3766-95cd-df916ac70a89
1998,1998,Hot Stuff Feat. Horny Glory,Hot Stuff,52c9186b-db0c-44ba-9efa-09b984a49550
1998,1998,Hot Water Music,You Can Take the Boy Out of Bradenton,c1721dd9-db53-41b8-8d72-359daa888ddc
1998,1998,Hot Water Music & Rydell,Hot Water Music / Rydell,b3cf7585-a270-42b5-bd26-cc7d90220d88
1998,1998,Hothouse Flowers,You Can Love Me Now,d214d174-8ee7-3f87-95e7-dc5a50e999ae
1998,1998,House of 909,Beautiful Day: Cevin Fisher Remixes,b0581759-70bf-3c00-8818-92f370fc2baa
1998,1998,House Traffic feat. Michelle Weeks,Let the House Fall Down,2e996ceb-95d9-45e2-a71e-645a5b270551
1998,1998,Howard Carpendale,Mit dir verschwend' ich meine Zeit,e7dd1f72-739d-40d0-a058-0a23a380121b
1998,1998-07-06,Howard Jones,Tomorrow Is Now,d0dcc7e4-4455-4bcc-b192-da111c279450
1998,1998-03-30,Howie B feat. Robbie Robertson,Take Your Partner by the Hand,e18abd19-83b2-399d-b1c8-89dda82ea97a
1998,1998,Howlite,Halo,4e727a97-72a2-46ea-891c-3123f8c84a8b
1998,1998,Hubert Kah,Der NDW-Kult-Mix,de70506a-2941-47a3-aafd-ac2e6467661f
1998,1998,Hubert Kah,Love Chain (...Maria),1e8ec8d0-7258-4896-ad71-809d9f5aee86
1998,1998,Hubert Kah,Love Chain (…Maria) / Rosemarie ’98,712e3f55-7432-45e7-8290-e7d34d6c9ced
1998,1998,Hubert‐Félix Thiéfaine,La Ballade d'Abdallah Geronimo Cohen,b5556707-8fcc-4523-a273-7f8e07fbae75
1998,1998,Hubert‐Félix Thiéfaine,Le Chaos de la philosophie (Robot-bar),42f09a09-90ed-4449-b61c-55359c93849c
1998,1998,Huckleberry,Morocco,7151f279-1700-3afd-98db-c082cf354f35
1998,1998,Huff & Herb,Up on the Blue,8fc70baf-d6eb-466c-8c1a-4c99d7d03dad
1998,1998-11-03,Hum,Comin’ Home,f38bcdd4-de94-4096-b7ba-6f7b87efc290
1998,1998,Hum,Green to Me,14912a00-1f7f-3f69-97dd-6368a8c8aff1
1998,1998,Hum,Puppets,19e6b2ff-8f56-3230-97c1-b519843b71e3
1998,1998-01-01,Human Movement,Vidapura,8641d709-1de9-4a35-b1e9-d22d88befbb8
1998,1998-08-17,Human Nature,Cruel,127437b1-d48b-3b4f-b6c6-9fba32f75db9
1998,1998-11-02,Humate,3.1,8fb95e61-1eda-47e6-9d51-b1c57ef7c843
1998,1998,Humpty and Dumpty,Kill-a-Beat,3776819f-cf94-449b-9a12-7c42f623f107
1998,1998-02,Hunters & Collectors,Suit Your Style,9aef3909-fdbf-39c8-83f4-ceb2d7ed07ee
1998,1998-02-09,Hurricane #1,Only the Strongest Will Survive,138ea0ac-f662-4053-8945-53b415ad2874
1998,1998,Hurricane #1,Only the Strongest Will Survive,52005101-f0f3-4952-af1d-95cfce27d718
1998,1998-10-12,Hurricane #1,Rising Sign,e183ccd7-633e-3f7d-94d8-81e6792c2f76
1998,1998-12,Hux Flux,Motor / S.T.P Something,2a47fdb2-bfb8-4a3d-b4e4-bf54d366dd63
1998,1998,Hybrid,Altitude / Kill City,11546096-b54d-3ebb-8ec7-ed4a2f225a86
1998,1998,Hybrid Children,Cash Is Our God,705a9d70-f162-3be7-bd04-0100d9d4dcf6
1998,1998,Hyperaktive,Let Me Play / Funky Ass Beats,e2eac5d2-bc30-4c2e-85a5-57febfb3e922
1998,1998-04-27,Hyperlogic,Only Me,dd6ddc2e-2d20-408b-ad55-3802d3775b6d
1998,1998,Hypertrophy,Beautiful Day,7facf4ae-0a28-3558-aca4-0b506f966345
1998,1998,Hypertrophy,Eternal Flames,ddea109f-f30b-4ba6-a6a7-967153c70e7e
1998,1998,Hypnotic Beat,Ocean of Passion,a8a850ba-11dd-4f9b-a4ce-6e61650f652e
1998,1998-10-31,Hysteric Blue,RUSH!,46c08d32-8822-35f0-aab7-f2add558edd4
1998,1998,Hysteric Ego,Time to Get Back,eaa9785b-d9a0-49c9-8619-6fabdfb229d5
1998,1998,Hélène Ségara,Les Vallées d’Irlande,b0dc0276-e1bc-4c4d-b230-0e29e8839fbd
1998,1998,Höhner,Die Karawane zieht weiter... Dä Sultan hät Doosch!,0f1f5e66-c4ab-392a-b286-3a738fb30395
1998,1998,Höhner,Jetzt geht's los,e6bad803-a616-4633-b748-227c9bfe7098
1998,1998,Höhner,"Mer stonn zo dir, FC Kölle (Hymne auf den 1.FC Köln)",2e35856b-1955-4904-a404-ad5f3ba5f7a6
1998,1998,Höhner.,"Der liebe Gott weiß, daß ich kein Engel bin",609211b7-662a-49da-99a7-e5ca179b7deb
1998,1998-04-22,HΛL、杉山晴美,Dear / Sing my song,3ede0017-2463-4def-a0a3-e3ee44495f07
1998,1998,I Against I,Time,aec63a25-6075-3804-8ddb-c40e998370bc
1998,1998,I Muvrini,Terre d'oru,b9482d90-9cc6-4ec2-981b-956764e70481
1998,1998-08-31,I've,Long Away,30c4a474-eed4-4d83-865c-994a063f1406
1998,1998,I.C.,Spot Blowin' / Live From the Pentagon,1ec74f4e-a0fe-3fee-9194-208615e29e38
1998,1998-11,I.F.O.,Agharta (The City of Shamballa),adf2aecd-446b-3fd1-829b-393555dc6656
1998,1998-04,I.P.D.,In Out,1b99eb2f-6f0d-4199-b834-2728c1817ef4
1998,1998-12-07,IAM,Independenza,a0ca325e-bdd3-334b-9646-6ef6f3a8d95a
1998,1998,IAM,L’École du micro d’argent,74feed6b-675c-45dd-ad61-5b041fd03479
1998,1998,IAM,Petit Frère,f9d1e8c8-a805-407a-8053-6d256bd8b5c8
1998,1998-06-08,Ian Brown,Can't See Me,7ddf811d-8951-3f3b-8f18-2e38bc392af5
1998,1998,Ian Brown,Can’t See Me (remixes),ad54d016-798c-4eca-9d78-d402baf242b8
1998,1998-03-23,Ian Brown,Corpses,a27204e2-4da7-3541-b7d5-d0bf34ff9d2f
1998,1998-01-12,Ian Brown,My Star,bfb408b6-c2a0-300b-a2e6-9c29c2deb201
1998,1998-03-17,Ian Brown,Remixes / B-Side Tracks,2c2ca69b-c23e-4c07-b95f-504a4514028d
1998,1998,Ian Dury & the Blockheads,Mash It Up Harry,0b14b041-e1a9-412a-a2ef-29925dd63664
1998,1998,Ian Pooley,Loopduell 1,ddec5958-11f7-4d8b-9d7c-2bb30fa301cf
1998,1998,IBOPA,When You Write,62956188-4290-34a1-8d72-96018e5ed416
1998,1998,Ice Cube,Pushin’ Weight,b6b16827-b785-4220-8c7a-e7edc4a1164a
1998,1998,Ice Cube,We Be Clubbin',fe16bde1-3683-41d6-ae72-fc9b1b650642
1998,1998-04-24,Ice Minus,Frostbite / Monk Fish,8db4896f-9ce3-3a06-a195-f2bd52daac14
1998,1998,Ice Minus / Basic Influence,The Amen Special,06f7a804-0cb2-43d6-9060-a6d6ee950fd5
1998,1998,Ice Pack,Pope Juniper / Don't Try This at Home / Elaine Pager,36e30911-9db2-4330-a0b2-592fcf16dd90
1998,1998,Iceberg,In Hipodrom,224f2021-9acb-4b51-9629-7a4a53ba81b3
1998,1998,Icecream Hands,Dodgy,7a2399ed-641f-452c-ab4d-e9fc250bd38b
1998,1998-03-21,Iceman,LOST COMPLEX,835deb8d-394c-35ce-ad7e-d4374c704711
1998,1998,ICU,Despite the Smell of Colors... Vol: I,278ef8db-ac08-4f31-ae46-53d15ad941ab
1998,1998-12-08,Ideal J,Hardcore,cce900a2-c1f8-42e8-a1c9-843329051d9f
1998,1998,Ideal J,Pour une poignée de dollars,8fca6c88-a202-4d58-ba51-cb1a572761c9
1998,1998,Idina Menzel,Minuet,05a2bf78-71a9-4c06-9ffc-30ae328aeb6d
1998,1998-04-27,Idlewild,A Film for the Future,9970a179-dad8-339a-9776-9cdd9c2ee026
1998,1998-07-13,Idlewild,Everyone Says You're So Fragile,3496b8de-6de7-3169-8feb-7c455426423c
1998,1998-10-01,Idlewild,I'm a Message,97c2e6f8-8bfb-394e-8fa6-82f785f31b4e
1998,1998-02-09,Idlewild,Satan Polaroid,1191b114-fc85-36ae-9be9-e655b9f9ecf6
1998,1998,Idoru Wunderkind feat. J de B & Junko,I'm There for You,6d3e18ac-37ed-4983-bdb4-710a66745143
1998,1998,Idris,Lebanon / Walk With Me,8ac19c2d-1306-3f3c-b843-6268fab9bd41
1998,1998,IFA Wartburg,Der Berliner,cf97ea10-a0b7-4b9f-8883-cd09901d9a40
1998,1998-02-23,Iggy Pop,The Passenger,a1a7ec4a-fe3f-323a-ad70-e86408ebbf27
1998,1998,Ignacio,(Move It to) The Bigband,18fa45f9-776c-4782-baac-d9bf91f1e54d
1998,1998-12-01,Ignorance Never Settles / Incision,Within the Vast Realms of Dying,b9c41a6e-ea0a-4e60-8a6b-002f37658444
1998,1998-04,Ikon,Subversion,1c66525f-43d7-364d-aaef-5f25948a20f4
1998,1998-05-01,Il's & Solo,Frozen (Dom & Roland Remix) / Point Eight,0340c9b7-ddfb-4d99-8d42-3fdd8e0f3b88
1998,1998-11-24,Ilegales,Baila (remixes),655de93e-850e-4953-bbff-e010e63cc90d
1998,1998,Ill Figure & Ambisonics,Vol 1 - In the Ghetto,921e3beb-4e54-4d69-922a-a92bb57c0425
1998,1998-03-31,Illmat!c,Here He Come,0fdf4601-4e82-43df-8492-8fdaa5f914ae
1998,1998-07-17,illumina,あこがれ,4f00e194-bf1f-444b-9623-068ccd6fc25f
1998,1998-12-02,illumina,逢いたくて,73065197-1244-43dc-9fad-e35e2ec77e9d
1998,1998,Ilogica,Popcorn,4c11bbb3-d96f-431b-bb9c-f349d00a0c3f
1998,1998,Ilse DeLange,Flying Blind,ee34a742-72ca-46b0-a23a-babc42d0c8a8
1998,1998-11,Ilse DeLange,I’d Be Yours,ebdb6577-89f6-423d-a79b-773b8dcbf5e0
1998,1998-05,Ilse DeLange,I’m Not So Tough,13175d46-7a48-3e7a-a22e-0e981c9b9a75
1998,1998-03-06,Imaani,Where Are You,a838f8c3-c1ca-42fa-ab14-027cf7e0f6d2
1998,1998-02-26,IMAGE,Believe・・・ / Say to oneself,6b59fb3d-ed53-4f34-be0b-098fd60f227d
1998,1998,Imajin,No Doubt,bf3399e8-1555-4849-b528-00b542a34307
1998,1998-07-27,Immersion,"Smack My Bloke Up / Squat Rock, Part II",01c1c0b8-8bb3-3ef2-8943-ccd5a0464cee
1998,1998-06-24,Imogen Heap,Come Here Boy,3ba7060e-491b-3ed3-864c-82630476f803
1998,1998,Imogen Heap,"Oh Me, Oh My",397a8fce-34ff-4a05-8207-b429450349ba
1998,1998,Imogen Heap,Shine,e7469ab7-fc91-3b2e-855b-802c0ad4e8df
1998,1998,Imperial Racing Club,Big Day Out / Where She Lives,4a884cd7-368d-4724-a306-0cbbbd00ccea
1998,1998,Imperial Teen,Yoo Hoo,4efbc7f8-2619-4f47-b6f0-3d014f15167c
1998,1998-09-14,Impossible Beings,Razzlemania,10fbdc27-5832-33e6-be3c-0d8c7d5ae3fe
1998,1998-11-13,In Extremo,Ai Vis Lo Lop,b8c8cd5d-3fb2-3ddf-b83a-65090c39dff3
1998,1998,In the Woods…,Let There Be More Light,25c437b2-5662-411f-b1db-1f4034653494
1998,1998,In-Mood feat. Juliette,Deeper Than Deep,0b9c8f8e-d390-4739-94be-217e115e080d
1998,1998-04-14,In-Mood feat. Juliette,Ocean of Light,5bcb6a72-97df-399b-969c-214df113d4fc
1998,1998,Ina-Maria Federowski,"Die Hälfte seines Lebens, ...",1e8b4652-763a-4aab-9f72-118e2b89c6d4
1998,1998,Incantation,Don't Stop / Shorty,cf218666-bf5b-4886-85ea-b92e8c0873ac
1998,1998,Incubus,New Skin,5d73bb1b-896c-3553-b9b6-dca83a86f76c
1998,1998-07,Indian Ropeman,Dog In The Piano,6b501afc-5361-456c-a300-2564979a1a1e
1998,1998,Indigo,Everywhere,89e72bbc-73b6-47f3-b31c-4af89674093f
1998,1998-12,Indigo,Get Into The Wave,436de721-1c48-46e7-8df0-dc748cd394ec
1998,1998,Indigo,Here Comes The Rain Again,07544324-451c-4ecf-9137-41076f6e2520
1998,1998,Indigo,I Don't Know What I'd Do (If You Ever Left Me),1ad6469c-eea6-4d63-9924-6919f1265e83
1998,1998,Indigo,Perfect Day (Remixes),bc5e96a1-161c-4c50-8141-645c3cab02aa
1998,1998,Indochine,Mes Regrets ● 3ᵉ Sexe,81eadd8e-0de8-4e20-8aae-3f62c008f322
1998,1998,Indra,"Never, Never",f2dc462e-2e0d-4782-9f32-e7f7eb4e7f55
1998,1998,Industry Standard,Limited Edition Projects,da2eecb5-8089-4145-a403-4c2ba35abab9
1998,1998,Ines Adler,Warum kann der Clown nicht lachen,e9dcdd62-5d0e-4507-a599-432ef79d271f
1998,1998,Infernal,Highland Fling,d436ebec-2070-478f-b1f8-e904dceef873
1998,1998-06-01,Infernal,Kalinka,4db6a9dd-c964-37b9-912d-f2106f15205c
1998,1998,Infinity,Makin' Out,5dc1e556-2682-3590-8da7-74c73314fa25
1998,1998,Ingo Appelt,Goodbye Dicker (Auf Wiederseh'n),d5643243-2f2d-49f6-83c2-ff06cf2ff526
1998,1998-02,Inigo Kennedy,On the Move EP,67992b77-5c3f-3aca-aa40-f758dd77824c
1998,1998,Inka,Ich will nur Dich,fdb74afb-b7ef-4646-add6-5d506670775d
1998,1998,Inker and Hamilton,Calling Your Name,c4198f49-96e3-440a-9622-aa36caa7bd1c
1998,1998,Inner Circle,Ob-La-Di Ob-La-Da,e09cb4ee-6d8c-41a3-837e-236e9d825ac2
1998,1998,Inner Sanctum,How Soon Is Now,1cc76150-7432-3967-af22-3e986113c778
1998,1998-12-04,Inner Sleeve,Let Me Down / Over,e520788a-cdf4-4a3b-b0a9-cee659796849
1998,1998-08-07,Inner Sleeve / Dawn of the Replicants,Come Alive / Born in Baskets,02fcabf4-e294-4382-9416-991f2284b6a4
1998,1998-12,Innerchild,We Shall Overcome,243c9bb4-257b-41a0-934b-f8322d279cbb
1998,1998-01,Innerdrive,Beat On My Drum (Remixes),8c012407-333d-4227-ab6d-563c5c9769ac
1998,1998,Innerlude ft. E‐40,You Can't See Me,ec3cdaf0-31e4-4b1a-8e68-d19f54a6e96e
1998,1998,Innertales,Return to Odyssee,223158fa-412e-4965-bb21-12a8444bd8cd
1998,1998-10-05,Innosense,Wherever You Are,0b158492-ac08-3787-be3a-b881cdd1ee99
1998,1998-08-04,INOJ,Time After Time,2c9a1dce-ff79-4522-ad40-cd86aefdbec8
1998,1998-01-20,INOJ / Lathun,Love You Down / Freak It,4e75b021-8d0b-496b-bb40-4093a53717a9
1998,1998-06-01,Insane Clown Posse,Hokus Pokus,4a69a893-6e99-3e81-831d-86acbd4a3db0
1998,1998-10-31,Insane Clown Posse,Pumpkin Carver,ee53437e-c8f1-457f-923c-06bdd61a97c0
1998,1998-12-16,INSIDE SLICKER,JULIET,73454ee4-ed62-416c-ace5-9017370f792a
1998,1998,Inspector Lenny & D. Brin f. Belinda,Chains & Shackles,5d87a83f-8ffb-4db3-84a5-0eb748963a60
1998,1998-07-14,Instant Remedy,Outrun (Magical Sound Shower),958ccf9d-ff69-4d32-9001-23b84c94d3d9
1998,1998-07,Intaface,Freedom / Applause,44e71921-e3d7-4895-bca6-7bd80b5a4de4
1998,1998-10,Inter F.O.D. (International Federation of Dance),Is This Love / Absolute Power,05f427cc-5a75-4ee1-abe1-83a2d8011347
1998,1998,Interactive,Fanatic,2574731c-ba76-49f2-aaf8-0ed97bd7d084
1998,1998-05-04,Interloper,Get Together / The Sanctuary,740ea372-bd93-3700-b1a9-77758fcbd8b9
1998,1998,Interrupt,Trancezendental,709fddcd-a514-4f9e-b390-369f5592ba3a
1998,1998,Interstate,Get on Up / Rockin’ Strong,ff00f39f-9cb2-4621-a020-787ad56460ec
1998,1998,Intrallazzi,Don’t Do It,14326482-0822-4501-a3cb-dc3b5dd2d43f
1998,1998,ION '98,Tructure Remix,c1ab42df-0aff-4743-918d-a259c71eea64
1998,1998-03-02,Ireen Sheer,Männer wie du,69c47ec9-b7c4-49f5-9d28-c80609c37169
1998,1998-10-09,Ireen Sheer,Tennessee Waltz,2d9628be-a353-467f-b883-7a53535bdeba
1998,1998-07,Iron Maiden,Futureal,2bf36dde-5e15-3cab-83ac-b6529bf48018
1998,1998,Iron Maiden,Futureal,b59a1a19-880f-4102-8036-b9c18ce9c207
1998,1998-03-09,Iron Maiden,The Angel and the Gambler,b40a161a-b4be-3a1a-86aa-c5eb24edc474
1998,1998-10-14,Iron Savior,Coming Home,ae1e83c0-4170-315f-9ff1-aa195923d630
1998,1998,Isaac Hayes,Shaft 2000,3f253ad3-d574-4f8c-9f87-fc8c46c825e4
1998,1998,Isabel,The Rhythm Is Magic,de0869e2-54a0-40ce-a09b-db9e67ca9669
1998,1998,Isabelle,Fantasi,acf09cf3-c544-4dfb-8b84-e7e57c6c863f
1998,1998,ISAN,Betty's Lament / Uim,d63ea860-a63a-3453-b5ab-51bec1129701
1998,1998-05,ISAN,"Titled, Not Tithed / Island Magic",b0bb58f5-2a57-48ca-b06e-335e890d8092
1998,1998-05-05,Ismael Serrano,Caperucita,b59f8ad5-828b-44cd-bad2-6fc338fbe1ce
1998,1998-02-17,Ismael Serrano,México insurgente,e3d881df-9f25-47b8-be72-075ee5c635ba
1998,1998-05-05,Ismael Serrano,Pequeña criatura,1f9e5468-5f87-4430-8535-924b37af2568
1998,1998-12-22,Ismael Serrano,Vine del norte,92fc8903-af1d-4f00-8407-3881f28c3213
1998,1998-10-26,Ismael Serrano,Últimamente,149ddaaf-6d00-4877-91bb-5dcc3783b961
1998,1998,Ismo Alanko Säätiö,Pulu / Lokki,c797571e-df81-4e29-8904-593da5bc11b7
1998,1998,Ismo Alanko Säätiö,Rakkaus On Ruma Sana,262f43e3-fd77-4987-989e-b013262d956a
1998,1998,"Itty Bitty, Boozy Woozy & Greatski",Pumped Up Funk,3f5d4ace-2107-4e80-b700-8c7ba2e4a4eb
1998,1998,Ivo,Altiplano,303cd94b-a65f-4c7e-8f9b-43d393329a8b
1998,1998,Ivy Queen featuring Wyclef Jean,In the Zone,763d2137-db15-4fba-90d7-1af224213902
1998,1998-11-30,Ixxel,Drop That Beat,410ec291-f1f8-309a-b9eb-382fb943256c
1998,1998,Ixxel,Païo Bango,33ce3cb9-ad7d-34e8-9939-8dc6f1c136a1
1998,1998-11-26,IZAM,瞳閉じて,95c6a83c-abbb-4b03-955f-43e8d03ea4a9
1998,1998-05-27,IZAM with ASTRAL LOVE,素直なままで,3c805f0c-da0f-494f-bc76-738b04ba4262
1998,1998-08-26,Ize,Future of Dream,40a1d879-1471-3e7b-8b63-a2bf4cbed5cb
1998,1998-03-13,Ize,Pierrot,b21f3219-1f81-3eff-9604-7694437f57d6
1998,1998,Izzy Stradlin,Ain't It a Bitch,bb297c78-a311-4a9c-baa2-d0ed41fd4222
1998,1998,J Church,Turn to Stone,c8c0b5d3-3ab8-4d40-b1c7-61654b9b04b7
1998,1998-10-30,J Majik,Freefall / Transmission,2c580d6d-1627-3269-b992-e63c6daeae3c
1998,1998,J Majik,Rotation / Klokwerk,ce3c485d-ef4d-3c27-8bbb-0c7e99e381b7
1998,1998-05-18,J-Raq,Waiting for the Bass / Molecule,e41e9be0-de1a-35ea-a75e-5a8a2c03269a
1998,1998,J. Karjalainen Electric Sauna,On kaikki niinkuin ennenkin,504e8bed-8ebe-452b-ada2-57691aa245ec
1998,1998-06-15,J. Majik,Manhunt / Loaded,b606b51b-e570-4f1a-8a79-2bae752bfceb
1998,1998,J.B.O.,Ällabätsch,d34417b4-2a53-3ce5-9883-5aac91372719
1998,1998,J.D.S.,London Town,1948f8de-99b7-427c-9f6c-a7c340c47a6c
1998,1998,J.J. Stone,Hurricane,18861e06-b87c-48ea-8414-c47807cdfd04
1998,1998,J.K.,Go On,7b8b70b5-4ab7-4563-8f29-85e4bde92d9b
1998,1998,J.T. Donaldson & Cpen,Changing Times,20a49fb6-24c6-31ba-bdf6-1627873138ab
1998,1998-06,Jack,Steamin',9aae2a49-256a-4eb6-a413-f551d12fc1ec
1998,1998-10-21,Jack & Betty,Twister,2f14b9ce-e05e-4a73-82f1-3f66ec49ac17
1998,1998-11-03,Jack Back & Cevin Fisher,2000 Freaks Come Out,a4c0d069-2247-4ebd-b8d0-df5bd197ebdf
1998,1998,Jack Earls & The Sleazy Rustic Boys,My Little Mama,ee2afa9f-f167-4826-be2d-a0ea82c6f5f4
1998,1998,Jack N. House,A Man With a Horn,0a2d26b4-5936-4c86-b821-d6da904aace3
1998,1998,Jack Shadow,The Master / Jetstream,7bdd07f6-61e8-4306-8836-7f11393967da
1998,1998,Jackie Clune,Close to You,af4cbe80-c741-4c45-9328-edbaf97a6f3f
1998,1998,Jackie ‘O’,Save Tonight,935df997-9d14-4822-bdc0-d15e8c984397
1998,1998,Jacques Herb,Nog altijd,6da13ea5-9323-45de-b8b5-f41bfc2fef1a
1998,1998,Jacynthe,One More Time · Encore Une Fois,43e88c39-5db0-48e7-b444-9f6287cd7142
1998,1998,Jacynthe,This Is the Night,5ba3dd5e-eb1c-4b88-891a-a168f475d561
1998,1998,Jadell,Compared to What,6eda948f-4ab2-313e-923d-55ba60d33bab
1998,1998,Jaga,White Pulsar,c2c47cfc-2421-427a-a8aa-6ee9b409ca34
1998,1998,Jaguar,Jaguar,8e04db5a-56bf-4010-8fed-37f6eab4a3f4
1998,1998,Jah Wobble,I Offer You Everything,422d422a-18d4-37a0-81d6-090c97a4caea
1998,1998,Jakaranda,Never Let You Go,a85bd9b3-820a-4026-a9d2-d4e8c435d025
1998,1998-05-30,Jam & Spoon,Don’t Call It Love,8f7f7e1f-08b8-3f40-8901-131792f31c73
1998,1998-11,Jam & Spoon,Stella 1999-1992: How Stella Got Her Groove Back,d2f43c0b-73a0-31d9-a561-77e76f5230fd
1998,1998-07-14,Jamaica,Tell Me Where It Hurts,db7f7355-4ba0-48d9-aaaa-0f589a0ddb90
1998,1998,James,Destiny Calling,9f530b66-19a2-31ee-9196-3107c2538145
1998,1998-05-04,James,Runaground,6fb7664f-9771-3a38-8b21-1fcc73a8ed2a
1998,1998-07-15,JAMES & GANG,PEPSIMAN,1b8b2526-a470-4212-ae89-1ca44a1175bc
1998,1998,James Horner,Rose / Southampton,8062c1ea-16eb-406d-ad65-569bec02a3c0
1998,1998,James Horner,“Are you ready to go back to Titanic?…”,3ec4b576-2b23-363f-b328-6de10fbd4aea
1998,1998-02-23,James Iha,Be Strong Now,0a2041d2-bed8-3c68-83bb-505c0a09d613
1998,1998,James Iha,Jealousy,5d8fc257-ac6c-4b9a-912f-d1cbd4020635
1998,1998,James Lavonz,Inpractical,c0d43240-ced1-4480-8007-941913b71815
1998,1998,James Reyne,"Not Waving, Drowning",a8e028d6-71b3-3fe3-b67c-aa65a7c11610
1998,1998,James Reyne,Wonderful Today,cf94d74a-4a41-3e6d-9d5e-401bdf52d4d4
1998,1998-05-20,Jamiroquai,Deeper Underground,ac01fccc-f28e-3de8-9294-724c41b11f7d
1998,1998,Jamiroquai,Everyday,57256ae7-e1d8-4301-a0bc-3ed2e76d4729
1998,1998,Jampack,Love.com,bf905679-630d-3d83-bd57-9d03bce0a513
1998,1998-01-01,Jan Driver,Drive By,d5187840-9352-4d0d-b8cd-efe0064578cd
1998,1998,Jan van Brusselband,Theezakje,28ec0db6-7b3d-44d7-a3d0-97606b4e2144
1998,1998,Jana,Near Me,37dd1bc4-33ae-444d-a426-37cb78a8c8ec
1998,1998-11-09,Jane Fostin,Tant Qu'Il Y Aura Noël (B.o du film ''La Belle et la Bête 2 : Le Noël enchanté''),e174f5c3-1099-474b-92b7-9a56584d29e2
1998,1998-11-01,Jane McDonald,Cruise Into Christmas - The Party Collection,25c2acc6-976b-46e3-9e47-7cf109fe73ab
1998,1998,Jane McDonald,You’re My World,b862e8b7-204c-4e1a-8575-e781f374b22f
1998,1998-10-19,Jane Weaver,Cupboard Love,85b23e9a-fca9-4840-a544-3a4d86447f51
1998,1998,Jane Weaver,Scream and Shout,b5a93b7e-16e7-44ae-9388-c97175ae255b
1998,1998,Jane Weaver v Doves v Andy Votel,Everyone Knows Everyone Else,660b23cc-3aa8-4b2e-bfdc-f5a1e85d57a9
1998,1998-12-07,Janet,Every Time,485648bd-b61b-37e7-91cc-fe5a3c357424
1998,1998-06-15,Janet,Go Deep,75068b90-4add-316a-bbc6-d3050b7684d7
1998,1998-02-24,Janet,I Get Lonely,11b5ff21-95ed-3dd3-b311-8b28664e4f6d
1998,1998,Janet,You,2b086df0-3a51-472e-98bd-df4f614f08ae
1998,1998,Janina Frostell,A Little Change,9a781ce3-b8bc-41cd-88bb-fa00a9679874
1998,1998,Janita,Brand New Diva,5aff0f45-4ef3-4eae-9b11-19e88ec5759e
1998,1998,Janita,Getting Over,c3898abc-5c27-393e-9d90-de8febfac7e9
1998,1998,Janus Stark,Floyd What Are You On?,c311bd3f-86b2-371b-8027-68278133c5e7
1998,1998,Jarabe de Palo,Depende,233ac214-549d-4392-94b4-9e91c4e25931
1998,1998,Jari Sillanpää,Valkeaa unelmaa,b10ea304-0423-438e-9eef-1c1977f75c4c
1998,1998,"Jari Sillanpää, Markku Johansson & Vantaan Viihdeorkesteri",Romanesca,8b3f0165-ffb3-4986-a0b9-51e0d8ac6bff
1998,1998,Jason Mouse,Cycles,f2e3b37f-099a-4509-9224-0cc3be4ab2c3
1998,1998,Jason Nevins,Hold On Tight,dbdfac12-714b-4bb4-9a1b-ebd295f93e74
1998,1998,Jason Nevins,Muzik,6d0425b4-3355-48ea-bd37-3229ad7aeda3
1998,1998,Jason Nevins Vs. Summer Junkies,Summer Junkies,0b153cdd-3ba1-4884-9b47-77efc0c092d0
1998,1998,Jason Nevins vs. The Krew,We Want Some Pussy!,9b281437-7736-34cd-aae2-1c646c6ead82
1998,1998,Jasp 182 vs. Merlyn,Path to Redemption,e26dee41-b774-473b-a400-2cdb79d756f9
1998,1998,Java T,Tonight's the Night,7d98ae21-a243-3f00-bda5-0cd580e956df
1998,1998,Jay I Gees,Around the Globe,08887040-5e96-3021-8622-74ad1765ccd2
1998,1998,Jay Smith And Vasile Sirli,La Parade Du Monde Merveilleux Disney,1450205b-fc80-4ee5-90c0-454a9e18f1c6
1998,1998,Jay-Jay Johanson,Milan. Madrid. Chicago. Paris.,f61c0ae6-0c22-4e4f-a6c7-9dff07c1cb09
1998,1998,Jaydee,Reste Chez Moi,766896e0-aeca-4a98-94a4-f96ae034d465
1998,1998,Jay‐Z,A Million and One Questions,4b8ba20c-c6da-38ef-b22a-4098391764f1
1998,1998-12-15,Jay‐Z,Hard Knock Life (Ghetto Anthem),284c4d71-6c7e-36ff-91dd-00be3f89eaa7
1998,1998,JAY‐Z,"Nigga What, Nigga Who",b9902021-3e6e-46ab-accb-76f0aae48eb5
1998,1998-02-03,Jay‐Z,The City Is Mine,ffbada63-9ce0-4d9c-830d-5cb0a4a24040
1998,1998,Jay‐Z and Memphis Bleek / Diamonds in da Rough,It's Alright / The Doe,5458bb87-0115-41ca-aa15-210da15fd54e
1998,1998,Jay‐Z feat. Amil & Ja Rule,Can I Get a...,49c896f9-4ba4-4a27-bb61-844ac883c961
1998,1998,Jazzkantine,Kein Bock,4e955d35-ce94-3331-929b-2d0cb63e95e3
1998,1998,Jazzkantine,Krankenhaus,36efb52c-66f1-3814-b43c-d20b913daaf5
1998,1998,Jazzy Jeff & Fresh Prince,Lovely Daze,59eacb99-7e60-4b4c-a362-7c800634051b
1998,1998-02-14,Jaÿ‐Z featuring: Gwen Dickey,Wishing on a Star,02b572e5-9bde-30eb-af27-1395a0ae0a06
1998,1998-10-05,JD & Mariah,Sweetheart,4b424a92-f11a-3cec-80e6-a464d69e62ec
1998,1998-05-11,JDS,London Town,fae9f805-7d00-38bc-801e-108914a6e228
1998,1998,Jean Leloup,La vie est laide,4ecfcabd-fdfd-440e-b295-75edf6cc0363
1998,1998,Jean Michel Jarre,Oxygène in the Ghetto,3e9ae122-e272-3c3a-8d4c-ad97bb875182
1998,1998-04-24,Jean Michel Jarre & Apollo 440,Rendez-vous 98,60b16307-f76f-359c-9ab8-54bd46365530
1998,1998,Jean Michel Jarre & Tetsuya 'TK' Komuro,Together Now,66d7c3b7-71ef-33f3-91ec-3dd25013a7fe
1998,1998-09,Jeans Team,Ein Atom,0df57177-ea9a-48e9-acb8-67d9dc4bc422
1998,1998-09,Jeans Team,Hi Fans,b7cee2a7-0a83-4ec8-be93-f1e52eacfc8a
1998,1998,Jean‐Michel Jarre,Oxygène in the Ghetto,79f0f415-09b4-4847-bc83-38d4b3e2746d
1998,1998,Jeb Loy Nichols,Sugar Creek,3be4f84e-2245-466a-91ac-a02d0d0fc40d
1998,1998,Jeb Loy Nichols,Tie the Knot,204c297c-ff15-4950-8364-387fcbfffd40
1998,1998-03-23,Jebediah,Teflon,d9e3142a-c675-3fa9-b453-631ef43bffdc
1998,1998-06-22,Jebediah / Something for Kate,Harpoon / Clint,8065e786-c92d-344f-a53c-d4fe6459f9f5
1998,1998,Jeep Grrlz,Re-Wired,59e85490-6596-436c-9063-b6901d252f6a
1998,1998,Jeff Buckley,Everybody Here Wants You,e33fc7ce-afb6-38d6-a8f7-571aac59a65f
1998,1998,Jeff Buckley,Three Songs From Sketches for My Sweetheart the Drunk,496158cc-78c3-4833-92e7-bf37f25b6d49
1998,1998-04-22,Jeff Buckley,Vancouver,81ebfc46-bb41-3faf-aa3d-63e69be1e2fc
1998,1998,Jeffrey Osborne&Sheena Easton,The Place Where We Belong,533ac2e8-bb64-42b6-a567-611abab7fe8c
1998,1998,Jelly & Fish,Appreciation / Take Me Higher,ec21c3c8-fb36-4cf0-86f4-4cb5c8f5a4a5
1998,1998-01-20,Jem,Foolish Games (dance version),5b24b585-560e-32e6-a83c-05420c0de4f8
1998,1998,Jennifer Bell,I Just Can't Get Enough,c5f86124-460f-48d8-82d8-bc40c6f8b626
1998,1998,Jennifer Love Hewitt,How Do I Deal,32aadc3b-4f65-3272-b5d6-39be91177c2c
1998,1998,Jennifer Paige,Always You,452ba2bc-f57f-4d0f-96af-9be5e80a4267
1998,1998-06-30,Jennifer Paige,Crush,bf80fa91-b60e-456f-b8bf-74c303166530
1998,1998,Jennifer Paige,Sober,515c8b76-38b6-398b-8b53-66d5056027de
1998,1998,Jennifer Rush,Sense & Sensibility,eb8bf1a6-69f4-4d6a-9b4c-d667118a23ef
1998,1998,Jennifer Rush,Si tu eres mi hombre,1b25c6d8-1ce0-4c38-b19e-1285232125ef
1998,1998,Jennifer Rush,The End of a Journey,45e4bc1b-db3f-4c9f-a4ed-fcfb1c097e3b
1998,1998,Jens,Loops & Tings '98,0ff5f8bc-bb7a-4ea6-839b-41d16170b398
1998,1998-01-13,Jens Mahlstedt,Dub Snack,bae525e2-0141-4a7f-953c-d93a5ec797de
1998,1998,Jerk Work,Big Bad City,d3e45363-3d6a-49c1-957b-d64b10a5aa90
1998,1998,Jeroen van der Boom,Een stem in mij,d0c4bd1a-1426-42a4-902a-1645d76d6b86
1998,1998,Jerome,Artmosphere / Epilogue,3995c609-c92b-4619-aa81-b8ee9f53e817
1998,1998,Jerome Sydenham and Kerri Chandler,Espirito Du Tempo,13134b80-8ef7-37ec-907b-ca9ae8624e0d
1998,1998-03-10,Jerry Cantrell,Cut You In,7140ec39-8ad0-406e-8428-833ea26b5ac8
1998,1998,Jerry Cantrell,Dickeye,2a2c3cbb-89a5-48cd-b83e-d09ab829a365
1998,1998,Jerry Cantrell,My Song,d6af03ef-763c-4888-a60c-151f5de25392
1998,1998,Jesse Mea,Le divin enfant est né,4cabcdb5-2eef-43b9-8e15-8bd3a8ee4b01
1998,1998,Jesse Powell,You,8bdafb41-3c8a-36e0-b188-7e2f503fd423
1998,1998,Jessica,I Do,b70efe02-9003-45c8-b8ec-9087022f8b6d
1998,1998,Jessica Folcker,How Will I Know (Who You Are),5bad6e85-2d77-3b43-83d6-2e54b4828d4f
1998,1998,Jessica Folcker,I Do,5bf17726-ee01-4210-aac8-ccedffeeed14
1998,1998,Jessica Folcker,Tell Me What You Like,0821396a-5c4c-3c60-bd73-9d9e53b2363f
1998,1998,Jessica Folcker,Tell Me Why,f7487467-0c1b-46a2-9ad9-df1b6ac22173
1998,1998,Jessica Jay,Viva Forever,9cebcfe3-889e-4580-bca0-23074e763caa
1998,1998-08-10,jesus2099,alucard,919e32a4-975b-46d2-a361-5f3233f16634
1998,1998-08-11,jesus2099,cosmo,895a18ba-20a4-41f1-aa5d-369d7cd3f52a
1998,1998-12-21,jesus2099,crying lego,fad2f29d-1f69-4587-adea-bc1e37061c04
1998,1998,Jeux Floraux,50 Miles Around (Funk You),49f0ed81-717d-4de3-9e39-3058275d4485
1998,1998,Jeux Floraux,Body Work (Work Your Body),0c1621f1-980d-4350-9347-4c6abffaac7c
1998,1998-06-29,Jewel,Hands,dbe5eaf8-5b37-36a9-813f-41cf8f6acf32
1998,1998,Jewel,Morning Song,1f8a7dd5-36d2-37ef-a74b-2a53a0555e04
1998,1998,Jewel,What's Simple Is True,3c6e1e8d-507d-42a5-9661-d9add579d246
1998,1998,Jewel & Nedra Carroll,Season's Greetings - Jeweltide Carrolls,1569df78-86f3-487d-ae61-0f6e78969fe8
1998,1998-02-10,Jez & Choopie,Yim,e9937493-5da5-430c-8878-6f01501cc5b2
1998,1998-09-21,Jhelisa & Sunship,Friendly Pressure (Sunship Remixes),4106fb80-c8c4-4e4e-bb56-d525ba4667e8
1998,1998-12-07,JHWH,Lost In Trance,d53679a1-b197-4285-9d06-8d1aa74cdb06
1998,1998,Jigmastas,Hip Hop,636e350a-86be-30d3-8961-5bc459eb1e91
1998,1998,Jigmastas,Last Will & Testimony / Original,121c9917-eb4a-43b3-962f-7c6439cc8374
1998,1998,Jill Parr,Fade Away,33a845aa-ad46-4ff1-9211-ce7e3cbb2684
1998,1998-03-01,Jim Lauderdale,Goodbye Song,46a361bc-1916-4f77-ba11-1d62ec94e957
1998,1998,Jim Steinman / Michael Kunze,Tanz der Vampire: Love Duet,3748acf3-035c-46b6-9fcd-8ba04b306d84
1998,1998,Jimi Hendrix,Classic Singles Collection,9e7620f2-9c49-40da-a49e-b851a396fb0b
1998,1998-12-04,Jimmy J & Cru-L-T,DJ's in Full Effect (DJ Brisk remix),f870be0b-849c-4e45-b2af-aee991925590
1998,1998,Jimmy J & Cru-L-T,Six Days 98,d8bcbe19-07ad-421a-84b3-962f48a40926
1998,1998,Jimmy MacCarthy,The Contender,4076260e-bb42-4187-918f-72052c5bc441
1998,1998,Jimmy Page & Robert Plant,Most High,06fecd29-1c82-3418-9899-3031d5c67c76
1998,1998-08-01,Jimmy Page & Robert Plant,Shining in the Light,109c90e1-bcb7-3fb0-946e-c0aa3c121573
1998,1998,Jimmy Ray,I Got Rolled,85192e38-eda1-4998-85d3-c3ed400506ca
1998,1998-11-02,JMJ & Richie,Zebra 3 / Temporal Mechanics,97719185-b434-4edd-969b-628e31e41d9c
1998,1998-02-24,Jo Dee Messina,Bye Bye / I'm Alright,f537654a-8b50-3b0e-b390-4e06a30c7831
1998,1998-10-02,Joachim Witt,Und... ich lauf,b67f43fc-90ad-35fc-ab42-de16a58a7e35
1998,1998-01-23,Joachim Witt / Peter Heppner,Die Flut,8ae7b7e1-48e4-3072-a3da-82fa5626edfb
1998,1998,Joanna,Frozen (The Dance Mixes),db9b82be-19c6-433d-82f0-b0c95c474328
1998,1998,Jocelyn Brown,Ain't No Mountain High Enough,32002d96-ae31-3fba-9978-d5e20a67e522
1998,1998,Jode feat. YO-Hans,Walk… (The Dog) Like an Egyptian,5930c662-712b-47ce-b900-55301353a06d
1998,1998,Jody Watley,Off the Hook,ebb5dc39-569b-481c-919b-05534b8753fc
1998,1998,Joe,No One Else Comes Close,1a55e068-ab9e-456e-aedd-4d183bdb8c77
1998,1998,Joe Claussell,Trip Do brasil,5aa2a661-401d-4fe7-8445-e5be69366474
1998,1998,Joe Claussell presents Cosmic Ritual,Come Inside (The Loft),59ae0aa1-47fe-3061-9eca-15357825fb16
1998,1998,Joe Cocker,What Becomes Of The Broken-Hearted,5a70ca69-4bec-46ae-bed3-b529506559be
1998,1998-05-12,Joe Jackson,Steppin’ Out / Look Sharp!,8bca2fe3-d087-430b-948e-e33e08cbc831
1998,1998,Joe Pesci,If It Doesn't Snow on Christmas,cb667947-882a-4580-8171-e084b9316801
1998,1998,Joe Rilla,220 Km/h,c8f2e48f-b1c9-4cb5-862c-d5c5b84895b0
1998,1998,Joe T Vannelli Featuring Tony Bruno,Sexogroove 98,9f000403-2638-4de0-a2cd-2a8267d09a66
1998,1998-07-02,Joe T. Vannelli feat. Csilla,Play With the Voice,0819a946-ac06-4de2-aca3-d34d0b9b9d30
1998,1998,Joelle,This Must Be Love,10140d6e-9776-4f96-b864-30138593b998
1998,1998,Joey Beltram,Ball Park,f55fd2df-d186-3962-89a8-70cf1a9c108d
1998,1998,Joey Beltram,SW37,67ea512a-074f-4016-8d15-3f855e27a4b1
1998,1998,Joey Beltram,The Start It Up: Remixes,f99048ce-557f-39cd-b6d8-fd6698176ecf
1998,1998,Joey Herzfeld,Always The Same,db53a193-8692-4bfd-af62-95fc79928063
1998,1998,Jog,Future,5288c029-33a7-4dab-9665-4791f47853d5
1998,1998,Johannes Heil,Amerika,0b4aea86-cbb0-48c5-8e15-927f66aaa28f
1998,1998,Johannes Heil,Per Disciplinum Mea Lux Videbis,3061e3e8-4f0c-4c7d-a7e3-d8cdddda143b
1998,1998,John B,Brazil,57f6fe03-8a77-43ae-9de5-12499d71affa
1998,1998,John B,Mexico,de0b9850-59ea-452d-81c0-55bce3f90d3f
1998,1998,John B,Pressure / Travelogue,4fb93482-7088-3f10-b65a-9c6d542ef6fe
1998,1998-11-09,John Callaghan,I’m Not Comfortable Inside My Mind,f39f5f68-496d-3af2-8366-a9ef395f7302
1998,1998,John Clyde-Evans,528 Steps / For Love,3c42bfd7-f7f2-4982-a91c-89468c89b0de
1998,1998-11-14,John Duncan / Andrew Chalk & Christoph Heemann,The Elgaland-Vargaland National Anthem / Old Hive,16435861-412a-4867-bbd3-2e02644135c5
1998,1998,John Fogerty,Almost Saturday Night,6ba57589-3169-4afc-a3cd-fb510e20d4f3
1998,1998-06-08,John Fogerty,Premonition,be52fa34-7625-4d59-a74a-aa1a98aad59d
1998,1998,John Forté,Ninety Nine [Flash the Message],688b7dc7-cab0-473c-91f9-a66c0eaf11d5
1998,1998-11-03,John Mellencamp,Your Life Is Now [promo CD],c4ca826e-4be1-40a5-af53-22e323d94f35
1998,1998,John Safran,Not the Sunscreen Song,cf261764-4697-3a57-a427-fb7a09286afd
1998,1998,John Sims / Ma Chérie for Painting,Tricity Tiara / Disco I,9fe044c3-c56b-3fc5-88b7-e20ea6fe04d0
1998,1998,John Tejada,Custom,c1d756dc-e4de-3745-b1d5-5f1ca77bceea
1998,1998,John Tejada,Selling Memories,761fca1f-8af9-34e7-97e2-57fb209e9fd9
1998,1998-08-11,John Travolta & Olivia Newton‐John,Summer Nights (Martian remix),0f240b9a-9c1d-4990-9a28-a5b89573f75b
1998,1998,John Wesley,I Can Love Forever,9bccf516-3de5-4e2e-904f-580350192798
1998,1998-08,John Wiese,Cat Woman Is a Cat Vampire,3d080246-edfb-3362-9510-e91852a1e9fa
1998,1998,Johnny & Denise,So wie ein Licht am Horizont,566e9a23-170b-468c-a1fb-93ce94cf7af0
1998,1998-06,Johnny Hallyday,Allumer le feu,08322877-0c10-4e4a-a43a-2af44447eabd
1998,1998-01-13,Johnny Hallyday,Ce que je sais,613bec57-aaf6-4eda-b81f-367d1ed30ebc
1998,1998,Johnny Hallyday,Debout,025c4f40-7b88-4415-aa3c-623c900997f1
1998,1998-09-15,Johnny Hallyday,Seul,ef9ec091-291b-4247-8277-e51151ad9edb
1998,1998,Johnny P,Bed Time Story,27571f21-8dd1-327b-8f63-886a7aa5e05e
1998,1998,Johnson,It Could Be,4a600543-e9e4-3cdf-9b72-62896080abd5
1998,1998,Jolynn Murray,Have a Good Time,ecff9b4c-ceb1-3d14-9d77-7df9a730fdf6
1998,1998-03-17,Jon B.,They Don't Know,2d35219d-f5af-4df0-97cb-961e24baaafd
1998,1998,Jon Cougar Concentration Camp,8 West,a3afd104-a3e6-32ea-ad3d-c138964a2f6e
1998,1998-10-02,Jon Doe,Hoover,09138b75-db63-345c-8feb-9147a9944ded
1998,1998,Jon the Dentist,Terminate,f0a3c74f-14df-43ea-b1a0-b328b0df5e31
1998,1998,Jon the Dentist presents... Underground Cyber Movement,Volume 4,a9eed2ff-1c5c-4617-a94e-3679d858d7a7
1998,1998,Jon the Dentist presents... Underground Cyber Movement,Volume 5,75e93776-e701-41cf-b15d-84463c3405b9
1998,1998,Jonatha Brooke,Secrets And Lies,6a67bbe3-b7f1-444b-8ada-169c54f38564
1998,1998,Jonathan Fire*Eater,These Little Monkeys,0b507b33-974a-3b8e-8a31-e046dfedecae
1998,1998-10-05,Jonestown feat. Twisted,Tonite,7547255a-e685-4c94-ad56-dc1e2758724a
1998,1998,Jonna Tervomaa,Likainen mies,1b6325ea-375a-4ca4-93c5-a391d811134b
1998,1998,Jonny Hill,Ich hab dich tief im Herzen,db096e14-14f4-4cf1-a794-62f95aa9dfea
1998,1998-03-26,Jonny L,Moving Thru Air,aef44972-907b-4b79-a572-a928d8ab8f85
1998,1998,Jonny Lang,Wander This World,de3f355e-8418-4fcd-8eab-ce3e77a89dcb
1998,1998,Joseph Henry,Who's the king? (you know that's me),3c86dda6-1a8e-4ee5-a30e-e501b6b424c5
1998,1998,Josh Abrahams,Thrillseeker,a41699f6-68e9-3c9a-b464-664d343a9071
1998,1998,Josh Abrahams and Amiel Daemion,Addicted to Bass,b4d35b2b-e662-34c2-841f-6629452bbb91
1998,1998,Josh Rouse,Dressed Up Like Nebraska,db1af9d0-d093-432b-996f-79cba4a6a300
1998,1998,Josh Rouse,Late Night Conversation,9342ac2b-d609-448c-ba6c-8699d3d986ce
1998,1998,Josmar,És super fort,a9c9cd12-d76b-395f-864a-f28eb4ccf2dc
1998,1998,Jossette,Feels Good,f9a36a2e-fcab-4214-8a36-db1cc06a66eb
1998,1998,José Padilla feat. Angela John,Who Do You Love,963da706-8645-3aae-ba6c-d89523f18db7
1998,1998,Journey,Remember Me,0442b24a-df32-4df3-9f89-6e4596dc48cb
1998,1998,Jovanotti,I Got Rhythm,dd21c33c-0550-443b-b07f-f5f631961432
1998,1998,Jox,Killing Me,8a718130-3d58-43a1-8a2b-ebaea6c8e35f
1998,1998,Joy B.,Touch by Touch ('98 Version),1628f0dd-e497-45b5-9fb3-3f2d2214433f
1998,1998,Joydrop,Beautiful,622ffae0-f05b-34b5-9adc-376c96037d19
1998,1998-06,JS,JS-02,763e4032-e5fd-4cbc-bd8b-a07c36c65c6e
1998,1998,JS16,Love Supreme,18e88220-838d-45a9-ad5d-5a1ae065f0ad
1998,1998-04-13,JT Playaz,Lets Get Down,e8f08840-163b-4163-91e9-c07be2732932
1998,1998,Juci,Sweetest Taboo,8fd0ecba-bf07-40d7-b4f1-2bf0c0e61a49
1998,1998,Judah,Soloman,94d63a72-6639-4a5c-aa21-1b341ceb85aa
1998,1998-05-28,Judas,Play a Little Something,01603b60-3906-4cf2-ac51-1bfdfa35748e
1998,1998,Jude,Rick James,404b46f2-0786-321f-a554-021bc97b1ff9
1998,1998,Judgement,Night Brings,d3d7f7d7-5b47-38fa-be35-cb83c1b854f1
1998,1998-09-09,JUDY AND MARY,イロトリドリノ セカイ,2da31eb6-e67b-3a8b-9aec-fbcdfe0709e0
1998,1998-04-01,JUDY AND MARY,ミュージックファイター,66d33229-60c4-3f8b-8c21-c915b44323b8
1998,1998-11-11,JUDY AND MARY,手紙をかくよ,21d15b92-273c-3b3c-bc89-fa7cc78aa399
1998,1998-02-11,JUDY AND MARY,散歩道,d82cf628-367b-33ae-a403-66f7182d7959
1998,1998,Juice,Best Days,47e6e114-bd52-4a82-b581-56fc63c61dd6
1998,1998-06-01,Juicy Cuts,Vol. 7,40d75ace-3353-459b-819b-02ac864fb7a3
1998,1998,Julia,Kathy Revisited,e0bb813c-4cfc-3084-bde6-d1220ed3093f
1998,1998-05-11,Julian Lennon,Day After Day,14d645bf-ae27-41dd-ac82-1bf9acf88e8c
1998,1998-08-24,Julian Lennon,I Don't Wanna Know,4f3c6dce-8425-4f6a-b662-4bb1f77524a5
1998,1998-01-01,Julian Lennon,I Don't Wanna Know,69ccbb57-e650-4877-83eb-6aea6361fc53
1998,1998-10-19,Juliane Werding,Männer kommen und geh’n,85664f5d-9a41-4591-a7f4-88a935e43556
1998,1998,Julie Depardieu & Marc Lavoine,Adieu Camille,b9886eb2-09b4-41e2-a0f6-f5086d954689
1998,1998,Julien Lourau Groove Gang,Julien Lourau Groove Gang Remix,d934c6ec-df2d-43b4-b8f4-5605c96d6e79
1998,1998,Juliet Roberts,Bad Girls,3c27060f-dba8-498a-b641-2c5d85268859
1998,1998,Juliet Roberts,Bad Girls / I Like,73fb5af0-51be-4814-b357-2fd5a5d00db8
1998,1998,Julio Iglesias,La Sarabanda & La Gota Frìa,c1f73a9a-0bf6-497d-8790-54b43cac0056
1998,1998,Julio Iglesias feat. Stomy Bugsy,Vous les femmes,de9f0c69-bc7d-4154-96a8-af72a18b7e9a
1998,1998,Julius Papp & Dave Warrin,Feel You,3bffd928-16bd-37fa-80fe-b4b3403c6b74
1998,1998,Jungle Brothers,I'll House You '98,d15e469a-01ab-3d63-86ba-e7d32942aebb
1998,1998,Jungle Brothers / Headrillaz,Senseless Beats....,57b51ec6-1a93-483f-a6bb-a57104aac0c9
1998,1998-06-24,Jungle Smile,おなじ星,bb48f632-988d-30c6-a0df-65fb1042c95d
1998,1998-01-21,Jungle Smile,小さな革命 / 水たまり,5aa209b6-13dd-41da-aaec-4e4476716714
1998,1998-11-26,Jungle Smile,白い恋人,e1ed8569-40c2-46b8-a9a3-db16c94207bb
1998,1998-02-28,Junior Camp,Clap Your Hands,5b90d860-2b25-43dd-a48e-67cbac5da5fd
1998,1998,Junior Delgado,Hypocrites,5707139d-d490-3fee-ab8b-0939c6b266a0
1998,1998,Junior Falcone,Les hauteurs de naples,142e447b-a0d7-4c14-a7d7-ba8788cdf1c5
1998,1998,Junior Tucker feat. Diana King,I Will,d2744076-5944-4f42-b244-a2f49f95a51c
1998,1998,Junior Vasquez,Come Together,c17ba862-417b-444d-acb7-2d620c3fdd31
1998,1998,Juniper,Weatherman,3a4496e2-014c-4dcb-b275-48675b410dd8
1998,1998,Juniper,World Is Dead,97b177aa-ac2c-4438-ab9f-40a8b9b7b579
1998,1998,Junk,Disco Queen / Pop Star,f85af7e2-8ed3-4912-9f8b-d0e448bc658f
1998,1998,Junkfood Junkies,Work It,37c02764-8812-390b-8b41-99da66621594
1998,1998,Junkheadz,We Got the Funk,2482a6bf-d370-3ed8-a551-32e4838f3cd9
1998,1998,Junkie XL,Saturday Teenage Kick,d0802817-cd9c-3bea-b7b3-cc74a7623276
1998,1998,Juno,All Your Friends Are Comedians / The Great Salt Lake,29910b22-1cab-40f2-bc0f-7341f30ba0ac
1998,1998,Jupiter,Jupiter,f5c9eda9-5fc7-4602-96cd-9450b91829fe
1998,1998,Jupiter Coyote,Ship in the Bottle,092274a1-b7d0-3662-bd54-e523a8b062d5
1998,1998-10-09,Jurassic 5,Concrete Schoolyard,0fabb6ca-7c31-3244-ad3a-44d3ed3064be
1998,1998,Jurassic 5,Jayou,1da09260-ae0a-3003-847a-d1a00c2cec17
1998,1998,Just Friends,Don't Forget the Sunshine,b580d2c0-fe27-3e7f-8841-83ca4575be82
1998,1998,Just Friends,Runnin' Around,fb4fa2d4-e472-3bf3-b226-0211849ef1b7
1998,1998,Just Friends,Take My Heart,15c9b6d1-89ce-39a7-922a-1f64f45250e4
1998,1998-08-31,Justice,Mauve Flow / Switch,7b38855d-e513-4557-bfd2-3a6c2c2f9438
1998,1998,Justice,Spacepods / Mutate,94a2d6a7-d1e6-4e7b-8c4a-2bd04f2fc5ec
1998,1998,Juustopäät,Perjantai,4aafc560-aa95-31bc-8914-3f93de1a4679
1998,1998,JZEIL,TRUE MIND,76a7d43a-29e3-4a6a-a688-90e008d094fc
1998,1998-11-02,Jå-Mell,The Last Supper,0e968105-d89e-4fe3-b9e4-9e994486410c
1998,1998,Jérôme Minière,La Peau lisse,3355516b-77db-416f-9a76-1dba285590ea
1998,1998,Jürgen Drews,Oh' wie ist das schön,c693a800-1a56-4055-8eeb-0137ea9a1197
1998,1998,Jürgen Drews,"Vergiss, dass ich dich liebe",ca735dd9-a72e-4521-83e6-3550bf42bb60
1998,1998,Jürgen Marcus,Das Glücksrad des Lebens,136ee5d4-1d7a-4e0b-b605-d36962c20226
1998,1998,Jürgen Marcus,Jürgen Marcus-Hitmix,25bdf21a-df72-4338-bb82-64dc15382607
1998,1998,Jürgen Marcus,Mach’s gut bis zum nächsten Leben,73c7c6a5-cb56-4e43-8a66-e14d98dd4c3b
1998,1998,Jürgen Renfordt,Du allein kannst fliegen,3411da1a-8aee-4e32-9a97-c978c305d8fa
1998,1998,Jürgen Renfordt,"Oh, Susanna",d74b766c-b0bb-4dcd-b45d-41531e4c1de6
1998,1998,Jürgen Walter,Komm und wärm' mein Herz,0f993431-db28-4504-ae76-aabed691dc63
1998,1998,Jürgen Walter,So langsam wird es Zeit für mich,4b8c891b-8033-45d6-9aab-17eefce5cad7
1998,1998,J’son,I Should Cheat On You,88538a34-de15-48ab-b3a8-b885603063fe
1998,1998-11-30,K,Bad Dreams,e5ae80c0-6ebe-3b08-8cd8-f76c91219e89
1998,1998-06-15,K,Only the Strong,eca969f5-48a1-4355-a86c-2b28f556b0cb
1998,1998,K-Club pres. Ines,Deeper (live your fantasy),53bdf401-51d0-4b0c-bf08-d41917dc9792
1998,1998,K-Group / Omit,Slow Movement,dbda8bb8-e8fa-4989-9c32-b6f974da5532
1998,1998,K. Dilenco,Russian Roulette,7ec953cf-d431-42b6-9c66-4518664dde12
1998,1998,K.B. Caps,Do You Really Need Me,6835d0b4-75e5-4847-9a1f-cc46f0427a4d
1998,1998-10-05,K.M.C.,Atmospheric Imbalance / Space Echo,9027c80b-d64a-454b-8a89-a558ba46724f
1998,1998,K.U.R.O.,Vision of Mars,9fe6ef1c-329a-4965-9dc7-52e6d76715a4
1998,1998,K2 with Aube,Noise Tournament Vol. 5,931ce098-6150-4afa-9a46-a3ab55dbab1f
1998,1998-08-24,K90,Above the Clouds,6d0aba24-8494-4454-b259-87de88f099db
1998,1998,K90,Bomb-Jack / Fuse,04631157-a3f7-486b-98d9-dd8c65682a88
1998,1998,Kadoc,Clap Your Hands,7de02a82-2f7b-388d-b5d2-4b11a3c9fcf0
1998,1998,Kai Niemann,Kaltes Land,1468d630-7733-4a35-b9dc-66cab974dff4
1998,1998-03-26,Kai Tracid,Dance for Eternity,9f651ec9-9706-3cb3-8957-184a9618236f
1998,1998-12-07,Kai Tracid,Liquid Skies,f6822fb9-6b1b-3934-b81d-3e0ebb91a5ea
1998,1998,Kaija Koo,Minun tuulessa soi,745b8a6e-ac95-4e91-a254-02b68edb85fa
1998,1998,Kaija Koo,Valomerkin aikaan,d3f17ed9-4635-4ba5-8840-9cada79c9058
1998,1998,Kaistar,The Promethean Groove,921062ae-09ba-3b95-bdf8-e416e8f8c3b9
1998,1998,KaitO,60 Second Popstar / Manual Speed,ecd7f556-bff4-4358-a6e7-b044566b34cf
1998,1998,Kaito,Who'ee Owee / Povarina,0c0b59a2-1e17-4be7-8433-2eda1a6b30fe
1998,1998,Kalimantan Kid,Human,e2acfef7-7926-3a4f-a5eb-58e7ec336ae8
1998,1998-08,Kallabris,"81° n.B., 178° ö.L.",fd593bb1-e42b-476d-86e5-43c2d88d6248
1998,1998,Kamaflarge,Rumblestiltskin,250eb635-d346-4056-9ccd-38be7b4bdd1f
1998,1998-04-08,Kamaya Painters,Endless Wave / Northern Spirit / Outstream,132f1f35-689d-43ed-aab2-25c76127b01e
1998,1998-02-05,KAN,サンクト・ペテルブルグ〜ダジャレ男の悲しきひとり旅,66c4f3f4-9ae4-4117-8286-7960cce04d12
1998,1998-09-25,KAN,英語でゴメン,35480db2-e2fc-4d70-92a3-3ac7cd1924e4
1998,1998,Kane,Get Up 52,ee6518af-5fb1-4312-99af-8b04d46f6004
1998,1998,Kano,Another Life 2000,9ab7277f-aa6d-46a6-9fc1-765cffcea8bb
1998,1998,Kapake,Initial State / Blue Vibe,b07e483c-1ea3-4708-937d-27d66227f9f0
1998,1998,Kapanga,Me Mata,43c8f226-fbcb-4975-b14a-03d7d2c87151
1998,1998-06,Kapitulation B.o.N.n.,Am Fenster,962ec179-4dc7-4598-b353-bf9f98e0734e
1998,1998-10-01,Karafuto,Shadow,6ca9e281-4330-406d-9a50-54dd0df93eb2
1998,1998,Karamasov,Fengan Nemo,951efb2c-47fd-4196-b620-1e866ed05f24
1998,1998,Karat,Das kann niemand so wie du,990d2b4b-cf01-4485-b4ec-bb3262bc43ff
1998,1998,Karat,Der Ozean,9e0e1bb4-9ca6-4e45-9ab6-5da6953c24c1
1998,1998,Kareem,Franco Laffitte,07c206ff-a72f-49f2-bc18-e08dc6485736
1998,1998,Karel Gott,An jenem Tag (Those Were The Days),dd490e16-2fee-4c34-961c-19846deb7d1f
1998,1998-05-05,Karen Mok,SILENTLY,b12a6fa2-c553-454e-af2e-a7a82e5dad7e
1998,1998,Karen Ramirez,If We Try,6adeec7f-a980-32c7-9db9-2894eb5b95f3
1998,1998-10,Karen Ramirez,Looking for Love,12ca3392-7061-3438-ad5d-896f4c590dc7
1998,1998-03-23,Karen Ramirez,Troubled Girl,ba68b169-d75c-3862-be46-0fd22f850f5d
1998,1998,Kari Peitsamo & Hirttämättömät,Rock Brothers,142a4e51-41a0-34d5-a0f2-b5b6975269ff
1998,1998,Karim,Don't F**k With Me / Fist,115ab81d-fba5-47fb-9f26-739779eda59e
1998,1998,Karim vs. E J Doubell,The Ninth Insight (remix) / You Gotta (Just Do It!),168c2ae6-0a69-4b94-a58a-19b46736ac09
1998,1998,Karin Bloemen,"Geen kind meer / Kind, nog zonder gezicht",5b10a3bc-c468-432a-9b04-55e5de3cb8f0
1998,1998-10-26,Kariya,Let Me Love You for Tonight (Remixes),0f087947-8288-453a-a366-f388cb437a64
1998,1998,Karkkiautomaatti,Susan,49dad869-d1b9-42e2-a8d8-ea6d5afba441
1998,1998,Karlton,Floorplay,a0eae4d8-4710-4689-ae0d-b3cd02256f38
1998,1998-03-24,Karp,Prison Shake / Rowdy,d7bd4aa7-874a-477b-b411-e93b2a5283f6
1998,1998-05-15,Kartel Don,I’m The One,b952bfc8-ac6c-4c49-bd5e-6e3b0cbc8a7c
1998,1998,Kate Ceberano,Love Is Alive,284e81b0-a7dc-4958-96ab-75de4e2cf7d5
1998,1998,Kate Rusby,Cowsong,d4f07f14-d418-3942-99dd-ba901363a6ee
1998,1998-04-25,KATSUMI,"オメガの扉~HELLO,VIFAM~",d5a6af90-c839-4d68-b597-ee370d882632
1998,1998-07-13,Katsuya,DIALOGUE,73869f28-e46b-44ac-a315-76d2ce2b3174
1998,1998-01-12,Katya Lel,Я по тебе скучаю,e66399fe-c62c-4526-be95-21e60696da20
1998,1998,Kauko Röyhkä,"Sinä teit sen taas, Marjaana",e8664f56-4d27-49b4-b13c-6907b60c02d4
1998,1998-11-16,Kavana,Funky Love,6062b989-7fbd-49de-b706-74b9edc920fa
1998,1998,Kavana,Special Kind of Something,6ddd73f8-da1f-3755-a83f-565e1236460f
1998,1998,Kay Cee,Escape,63d0814a-dd47-400c-94e3-d2f090275a48
1998,1998-11-23,Kay Cee,Love Stimulation,21732089-071d-3d9b-9ac2-2e83be9f678d
1998,1998,Kazumoto Endo / Crack Fierce,Scum ’n’ Buzz / Pain Circulation,9b6e081d-7ed0-4c3e-872c-1fcdb24a886b
1998,1998,KDD,Une princesse est morte,deb96602-0833-3620-b096-7355eca5ec9d
1998,1998-03-09,Keen,Theory / Return,3658cffa-963f-3afe-be40-6e33bc9d06da
1998,1998,Kees Versluys,Ik wil de nacht met je delen,adfa4678-7239-4a6e-bc13-e03660a53b1f
1998,1998,Keilerkopf,Niemand,53aa5d71-e16a-4bf4-bd0d-5c7827f7541f
1998,1998-11-01,kein,木槿の柩,48bc8673-0c9f-3ebe-b21a-c281bc871586
1998,1998,Keith Murray feat. LL Cool J,Incredible,b04169b8-ce22-403d-ba87-bccd34bbb517
1998,1998,Keith Sweat,I’m Not Ready,01ac9ecc-f0bb-43d0-9e89-0cb3ce8f5fc8
1998,1998,Keith Sweat feat. Snoop Dogg,Come and Get With Me,3581f941-6fca-4442-98f8-fa484af92cf2
1998,1998,Kektex,Extasy Is Fantastic / Control the Control Freaks,57d162bc-89e7-4e95-a53a-01404df3218b
1998,1998-10-19,Kele Le Roc,Little Bit of Lovin',9fb922c5-8af6-3573-aae1-77fa1f635767
1998,1998,Kele Le Roc,Little Bit of Lovin' (The Mixes),f8aa54c3-2ee2-4f6f-be42-789e26491a1e
1998,1998-05-05,Kelly Price,Friend of Mine,1de13944-3661-34a9-9c11-90acf072e3fc
1998,1998,Kelly Price,Friend of Mine (remixes),e090f2d1-3197-4028-9c08-b49396140caa
1998,1998,Kelly Price,Secret Love,6f78099e-67b9-4270-9365-8616fda6070a
1998,1998-10-21,Kemuri,ケムリ/PMA(ポジティヴ・メンタル・アティテュード),29a369bf-9a5d-4522-bb3b-519a529b5851
1998,1998-04-21,Kemuri,ケムリ/アロング・ザ・ロンゲスト・ウェイ...,88b83e2e-efc7-4a9b-8e0e-27f727bb5b96
1998,1998,Ken Martin,Bad World,d54a07d3-0620-49a8-92af-1a750be3c12e
1998,1998-05-25,Kenickie,I Would Fix You,6cb68419-0ae0-4572-9380-0134d16c93b4
1998,1998-08-10,Kenickie,Stay in the Sun,1895e326-f221-386a-a9fb-a0522fa6cccb
1998,1998,Kenny Bobien,Rise Above the Storm,282df6b0-832d-476d-9821-18b47dbb7029
1998,1998,Kenny Chesney,That's Why I'm Here / A Chance,88642f39-a93e-31b9-b548-43d5a62338a7
1998,1998,Kenny Chesney,Touchdown Tennessee,ba2dd50a-5727-3d0d-87df-ffc505eeadce
1998,1998-02-10,Kenny G,My Heart Will Go On (Love Theme From Titanic),3dcd7be2-2032-3cf7-b1ce-fa76ab9ce9a6
1998,1998-11,Kenny Hawkes,Sleaze Walking,a8bf8c24-1fba-3f71-b65d-0c8ddb8cacf9
1998,1998-08,Kenny Ken,Project One / Watertight,0534e0ae-9b03-43b5-bc22-e44c030f97a9
1998,1998,Kenny Rogers,Have I Told You Lately / Lady,6e224669-5e8e-4a80-a384-3c14061b2764
1998,1998-04-07,Kenny Wayne Shepherd,Blue on Black,7e311f89-3709-32d6-b174-363d6754359a
1998,1998-07-13,Kent,747,3ebdb06f-a323-3b36-a30b-4e1815f8545e
1998,1998-01-26,Kent,Saker man ser,1c740df2-4a8a-3504-9b75-7ab42dc7fdb2
1998,1998,Keoki,Me,b8542a91-e93b-469b-a66a-96ed71502376
1998,1998,Kepler,Between Still Sheets,6674d58b-2c33-4a33-90b5-6c5d72f92435
1998,1998,Kerozin,Kismalac,9cbc4256-9101-4d4a-b966-54feb6be7ec1
1998,1998,Kerri Chandler,Atmosphere: The Lost Dubs,108ba42f-db0b-3c9f-891c-79a46b71e0ae
1998,1998,Kerri Chandler,Love Will Find a Way,13f732e9-47eb-4b99-8518-c4c82bc76425
1998,1998,"Kery James, Namor, G. Kill & Gued-1",Meilleurs vœux,2e40d655-ee81-4b29-b63d-806b4ee14985
1998,1998,Kevin Yost,One Starry Night,bcc47161-dc52-3b7d-b7a6-2e8a0d7307b0
1998,1998-04-06,Key To Life,Forever (Banana Republic Remixes),9cee230c-88b7-4d4f-aeb7-c6a5c2893140
1998,1998,Keynote,Careless Whisper,dfcaba2b-01bd-4bad-8f39-6e2039144ca2
1998,1998,KGB,Another World,a292ab2c-1c55-389c-b766-24326f425415
1998,1998,Khadja Nin,Mama,ad8ed1d5-7f49-45f0-90dc-b99060db5f5c
1998,1998,Khardasia,Lärm / Weltlicht,4ce7f800-6c03-479d-b7f6-0eadc6ee26e0
1998,1998,Khazad Dum,Come Together,722e8715-4a25-4230-b31b-17fb62a264a4
1998,1998,Kheops,Def Bond,83edb8ee-46c2-4ddd-9cac-c1960a72bf25
1998,1998,Kheops & Oxmo Puccino,Mama Lova,43be726b-81df-46a7-ae78-7c2ae4f89768
1998,1998,Kid Entropy,Super Natty / For the Love of It,6263657d-b0ac-4048-8754-7bd3372f2d2b
1998,1998,Kid Loco feat. Katrina Mitchell,Love Me Sweet,4b475b55-210f-43f0-95cc-b22c5f5fca3d
1998,1998-02-02,Kid Loops,The Microphone Fiend,c7f3156d-e647-369b-8100-7b5516f0abf7
1998,1998,Kid Rock,I Am the Bullgod,b272e6f2-1d63-4dba-8b11-4d0be021cc15
1998,1998-04-21,Kidneythieves,S+M (A Love Song),1fbb8f27-dff6-3873-b57f-1f983517a637
1998,1998,Kieran Kennedy,Dark Star,e26b8ea8-b82e-478b-91e2-6423d3307ea1
1998,1998,KieTheVez,Erina,66304a66-3fb8-3850-8c7b-60244ea6503f
1998,1998,KieTheVez,One Roman Choir,8c9a7217-092f-310c-b5ac-546c44b2b781
1998,1998,Kilgore,Steamroller,7d8ca4e0-54b3-41f7-9443-6c362cd36284
1998,1998-03-25,Kill=slayd,Masquerade,010db0e5-c2f5-4206-a6da-610fff2dde72
1998,1998,Killah Priest,One Step,625bddb1-a5a6-3967-ab3a-a6f9150f17d2
1998,1998-01-20,Killer Bunnies,I Can't Take the Heartbreak,c0b0bd66-6f42-4ce2-83ba-b2597b35a5a7
1998,1998,Killer Instinct,Nicole’s Theme / Michael’s Theme,b25f51df-d7b7-4df5-8555-adae80be5473
1998,1998,Killer Loop,The Blue Hour,fbd4bbd7-8ffe-303c-9b9d-0ad81e873176
1998,1998,Killerloop Meets John B. Norman,Chi Mai,2e13a987-4d87-43ae-aaa9-80cb3fff5cf0
1998,1998-03-23,Killing Joke,Love Like Blood / Intellect,3f055a64-57d6-4ace-a4a9-ca6c03d54aa8
1998,1998,Killout Trash / DJ Scud,Homicide (Nevermind mix) / ...in the Charts Again,5ef3605b-e0f7-3336-a968-a55ba933cd2b
1998,1998-05-25,Kilter,Call the Day,0d46a9f0-6555-4a69-852e-115d4560d252
1998,1998,Kim 'Kay,Lilali,d7304195-fc5b-43b6-b30d-f0edecf0ac73
1998,1998,Kim Salmon and the Surrealists,The Zipper,221f2be7-db67-4ea3-8566-3f5b2621607a
1998,1998,Kim'Kay,Oui oh oui,601f4efc-47cc-4f2b-8963-eaec1a952c4d
1998,1998,Kim’Kay,"Poupée de cire, Poupée de son",833bc88b-19f0-4390-a7ac-e3f2d274213a
1998,1998,Kinane,Business,064cc755-21e1-366c-8907-fae4e75a0689
1998,1998,Kinane,Heaven,2567cfcc-c281-46a3-882d-022849bba6c3
1998,1998,Kinane,So Fine,3624334f-116c-3bf3-90ec-d4ad3872dd10
1998,1998,Kinetico,Freefall,701d1632-172c-431c-9f1e-de9054f6443f
1998,1998,Kinetico,Stun Gun,a2432538-b21c-49c0-a1cc-1b354205d408
1998,1998,Kinetix / Kraken,2 on 1 Series,e8f3973e-3d38-4d01-8b44-2588dce8afbf
1998,1998,King Bee,Love Thang,8abe0426-c018-42d9-9cb4-07a15980315c
1998,1998,King Britt presents Sylk 130,The Reason / Gettin' Into It,c7a89d83-bf95-3ff2-90f6-5d536ad082c2
1998,1998,King Pin Skinny Pimp,Let’s Start Another Riot / Murder Money,497ff896-bf4a-4499-a00d-6344a323c12d
1998,1998,King-O,House Of House,36be49cc-4ca4-4e3b-8c6c-bb81afe8fee4
1998,1998-11-02,Kings of Rhythm,Bomb Da Loop,4c41574a-bb90-4bfd-bae6-6a08b159627f
1998,1998-12-09,KinKi Kids,Happy Happy Greeting/シンデレラ・クリスマス,050ec4f1-1c11-403f-b6be-2b5c4d89c9d3
1998,1998-04-22,KinKi Kids,ジェットコースター・ロマンス,6118aeef-053b-4a7a-a361-7f0159cfb994
1998,1998-07-29,KinKi Kids,全部だきしめて/青の時代,c9ec8ad6-b9b2-43e5-9d74-da5916a2d230
1998,1998,Kirk Franklin,Lean on Me,10ed475d-d666-4295-b725-5c598d634e0e
1998,1998,Kirk Franklin,Revolution,36127281-6f81-4ad3-bc49-8a7a8c1e7936
1998,1998-11-21,Kiroro,冬のうた,e9e97e88-fac0-48fb-afca-c8884b5ce504
1998,1998-06-24,Kiroro,未来へ,1572bc24-ce67-441c-abff-a9228d32850d
1998,1998-01-21,Kiroro,長い間,e88c1838-2dc5-40b3-86ae-f3afa9d8094c
1998,1998,Kirsty Hawkshaw,Leafy Lane,2e9743c8-51b4-3411-996b-8ccbd5b4cdfe
1998,1998,Kirsty Stegwazi,Indulge Me,3f675ca3-0702-3a07-b168-2f0bf065f609
1998,1998,Kisha,Why?,a86a7173-1d6b-4b25-8e1f-9d3960ba797f
1998,1998,Kispál és a Borz,Tesis a világ,d0c1705b-21aa-3004-bf5a-0ac124ed5053
1998,1998,KISS,I Finally Found My Way,6da17b8b-e804-499a-baba-6cf135306967
1998,1998-08,KISS,Psycho Circus,48a98a38-ef8d-3b9d-b666-a909f2cb34f8
1998,1998-11-23,KISS,We Are One,7987762b-498a-3e83-9087-cbb72f8ab8c5
1998,1998,KISS,You Wanted the Best,c980e0dd-1c26-4c83-b0c7-603c7d10d9ba
1998,1998-07-16,Kiss of Life,Yesterday Once More,06000c90-43a6-4b95-a333-dc0d3c03b862
1998,1998-07-18,Kit Chan,Home,41149567-43f4-43d2-99ad-9ff735dcffbf
1998,1998,Kitten Factor,Nite Lite,e610efd2-30e8-41ad-b7a5-50c38420c86e
1998,1998-12,Klangstabil,Fünf Minuten Klangstabil,581e2f1d-9462-380b-b936-81fad98b2792
1998,1998,Klub Knights,Tell The DJ,279cc22a-8be8-4a2a-947f-35a13f61b468
1998,1998-08-03,Klubbheads,Kickin' Hard,695a56bf-31e6-3016-b008-4cb9d8417f9f
1998,1998-02-16,Klubbheads DJ Team vs. DJ Mark van Dale,Raise Your Hands,edeada92-aa25-3b72-936f-abab52af2f9b
1998,1998,Klute,Blood Rich / Got Any Breaks?,5b479fa3-baaa-411a-a5f6-013a3228883b
1998,1998,Klute,Silent Weapons (Photek remix) / Blitz,440a826e-fd74-427d-b62e-89e40f7d1af9
1998,1998,KMC,Orbiting Probes / Alpha Centauri,d92e4a1e-1fad-3ca3-8c4c-3d3409be1dc5
1998,1998,KMC / Future Engineers,Shores of Light / Transmissions,1a15a74d-4085-41e6-9552-9ba2c94ce61d
1998,1998-05-21,Kneuklid Romance,しあわせにできる権利,675909b9-59b1-4995-9a57-dac9c96784ac
1998,1998,Knockout Greg & Blue Weather,"7, 8, 9, 10 & Out",cc72249d-be12-3d7c-bad7-2d4f68bd8c96
1998,1998-12,Knorkator,Böse. Klartext. Weihnachtsschimpfe.,b8e555b5-d4e2-49b4-b58c-e3a2510e1664
1998,1998,Knowledge & Wisdom,Tear Down / Ring da Alarm,f506bde6-fcf9-4768-8d31-c5f7ad07ba85
1998,1998,Knucklehead,Knucklehead,47eb4202-f101-4840-893b-fe70f82843ec
1998,1998,Knut Reiersrud,Soul of a Man,276a0306-3106-42e2-b95d-043c4a3c5323
1998,1998,Kobyashi,Release,d75510e1-50d4-3101-8ac8-8d764a0fe748
1998,1998,Kodo,Remix 1,4a13d339-ee49-420a-936c-5258283aa7d4
1998,1998,Koit Toome,Children of the Sea,be6726c9-2731-4596-812c-ae914a3c6394
1998,1998-11-18,KOKIA,Tears in Love,1f8d660f-89ef-3737-b51c-640bbc30023d
1998,1998-04-29,KOKIA,愛しているから,d894fd2c-026d-482c-9c58-b5752a13f6d2
1998,1998-05-21,KOKIA,愛の輪郭,bd67b951-dbab-3458-9e7e-87522976113d
1998,1998-07-04,Koko,Summer Time,35bb4229-ca83-4ce6-a08a-fdf764335034
1998,1998,Kolibri,Kaikki anteeks,55d59073-d47a-4f7b-b9f6-f1bd3fb3bde5
1998,1998,Kolmas Nainen,Elämän tarkoitus '98,dfc10899-eb3a-4da3-9e62-a92536284218
1998,1998-04-01,Komeda,Boogie Woogie/Rock 'N' Roll,00f4b618-4505-336d-96b5-c0c33dd8f8b7
1998,1998,Komeda,"It's Alright, Baby",24383a2c-f111-32dc-a9e4-263120babc16
1998,1998-10-12,Komputer,Terminus,40eb09ac-6505-3ff0-bca0-f3e9f9c3edd3
1998,1998,Konfusion Kidzz,Remember / On My Mind,9c4ff106-7d03-349f-913c-7fea173e90ca
1998,1998,Korbak,VII,7ee4fae1-c61e-47ad-bd9d-5e71f676b315
1998,1998,Korn,B.B.K.,5cf01547-f574-4083-a6d7-c93ae6fc314a
1998,1998,Korn,Children of the Korn,5fccfffc-105b-439e-9447-01f6ea4e4185
1998,1998,Korn,Freak on a Leash,6f1d0ca8-d96e-3455-bb2e-6ccbdd8801c6
1998,1998-11-23,Korn,Got the Life,65d2bb3b-8e94-4559-b6c3-9f3c76969054
1998,1998,Korn feat. Fred Durst,All in the Family,2b8161a2-22aa-4b4f-8b4a-e30ce1c82b5a
1998,1998-08-28,Kosmonova featuring Tania Evans,Singin’ in My Mind,e57a145a-2038-4561-9bb8-378db6d24a0a
1998,1998-03-30,Kosmonova vs. Fiocco,Celebrate,074b3d84-5731-36b9-90a0-098401866cb3
1998,1998-10,Kotiteollisuus,Juoksu,73653c06-c7e9-3f65-854f-4dae287e3ee8
1998,1998-03,Kotiteollisuus,Routa ei lopu,08535260-a968-3537-b5ce-c6b295f40b4e
1998,1998,Kozmix,Valami bizarr dolog,66874396-03ea-4935-a88c-5a563eaa3385
1998,1998,Kozmix,Úgy Várom A Reggelt,ad182448-f94b-44a4-a2f4-ef6c404edfe7
1998,1998-08-03,Kraft,Future / Dance,c0e22b02-f7f4-3500-8a92-59121eb1b8fd
1998,1998,Krang,Popster,64113f9a-69b9-3693-8d69-923ecbaf4fdd
1998,1998,Krazee Alley,Do You Know,1cdfd3be-3587-43d1-bf9e-1f72bbde059f
1998,1998,Krazee Alley,Shake Dat Booty,9feef6bf-55bb-411f-86e0-05dc98723089
1998,1998,Kreidler,"Coldness, Remixed",36ff0444-a008-333f-a708-e351d97fe17f
1998,1998,Kresh end,乾涸びた影 / Gone with the time,020d4c22-89ca-4874-8da6-c0b8d681c52a
1998,1998-10,Kristeen,Verbotene Liebe,0abcafe4-3b48-49ae-ab45-e121b51decaf
1998,1998-03-16,Kristin Hersh,Like You,97945799-27cb-301a-b848-2ab01a4edbd2
1998,1998-08-03,Kristina Bach,... es kribbelt und es prickelt,bf7dfec0-5cdc-4252-9459-e7eabe0409ff
1998,1998-02-16,Kristina Bach,Schiffbruch in meiner Seele,fdce59d4-fb1b-4f51-985e-758933b4c2df
1998,1998,Kristine Blond,Love Shy,b774cc0d-c976-4145-9aa9-b9b9bff310cf
1998,1998,Kristine W,The Single E.P.,7a0d5a81-5288-453d-84f9-78afa428008a
1998,1998-11,Krome Avenue,Believe,cb4951d3-c9b6-38da-aaa2-2e208e25cb20
1998,1998-11,Krome Avenue,Get Up,c99c7efb-158a-36f1-aa95-d463a6cc48aa
1998,1998,KRS‐One,5 Boroughs,9a815e3d-c6b0-38ca-87c1-c84c01fca7fb
1998,1998,"KRS‐One, Zack de la Rocha & The Last Emperor/Mos Def, Pharoahe Monch, Rah Digga, A‐Butta & Talib Kweli",C.I.A. / Talkin' to You,863655b0-7852-477d-9b77-1295020fbea7
1998,1998-09-14,Krust,True Stories,327181e4-ac27-3a5a-8a2f-2a3af2043ba5
1998,1998-04-20,Kula Shaker,Sound of Drums,acc9f393-0e8b-3478-a46c-421050467804
1998,1998-11-15,Kult,Dziewczyna bez zęba na przedzie,d964cacc-c205-3e3a-ba77-95bab13b7d22
1998,1998-08-15,Kult,Gdy nie ma dzieci,4cea0527-7370-45d8-93b2-586ec110dbd4
1998,1998-06-04,Kult,Komu bije dzwon,52186226-5731-3f25-b3f7-12a6b7281fda
1998,1998-03,Kult,"Panie Waldku, pan się nie boi czyli lewy czerwcowy",e8485148-b783-3636-8fa7-0885d4b53e7d
1998,1998-11-08,Kumagai,White Horse,24b48408-1326-4bca-bccb-51fe80e5ea93
1998,1998,Kurtis Mantronik,Mad,b4ddc283-1da9-3b6f-b0d1-af14872cb284
1998,1998,Kurtis Mantronik,Push Yer Hands Up,27c22dc5-c2ab-3c2a-adfc-56c9ef9e54f8
1998,1998,Kyau vs. Albert,Let Me In,66867648-1e61-4c4e-b9cc-a2e9c0f9c01b
1998,1998,Kyd Moses,Brich mir dein Herz,71d49098-e6c9-3e52-8cf6-bb6ac5bcb7ca
1998,1998-03-02,Kylie Minogue,Breathe,d2cca55b-081f-3dfb-bf13-de93f5f347ff
1998,1998-10-05,Kylie Minogue,Cowboy Style,5b3f3da2-926b-4453-b80d-71df5c2e641b
1998,1998,Kyoka,Throw It Away,14077b20-ddcf-4b66-bc4a-5303a1cc5ec8
1998,1998-04-20,K‐Ci & JoJo,All My Life,7f951add-cf0c-3859-a038-2157e86d9de6
1998,1998,K‐Ci & JoJo,Don't Rush (Take Love Slowly),bf3b909c-d3ee-373d-aaa7-5d747b90e470
1998,1998,K‐Ci & JoJo,How Could You,86491e1c-3f40-365f-9124-c631e256effa
1998,1998-07-20,K‐Klass,Burnin',3065c56c-f38a-4746-8e27-6512c58c613e
1998,1998,K‐Otix,"Do You Wanna Be an MC? / 7 MC's, Part II",347fd026-288a-3379-99ec-3d5d623a9f70
1998,1998-10-31,K‐Reen,"Explique-Moi, Dis-Moi",7760ea3a-80d8-414e-9b03-07b9929ce954
1998,1998,K‐Reen & Def Bond,Tu me plais,f832fed9-73fb-4e6e-8e09-82b3604eca65
1998,1998-03-02,K’s Choice,Believe,b3f2d635-0c59-343b-a5d6-8eea3a75f593
1998,1998,K’s Choice,Everything for Free,d2af026a-370b-3d9c-be80-3a1bdad535c7
1998,1998,K’s Choice,If You’re Not Scared,897220c7-2d61-3740-bf49-08183a7ef074
1998,1998,L Double,Enemiz,e5190dc4-3216-430b-bea2-5311fb5c2422
1998,1998-07-12,L'augmentation,Soleil,309204f8-da5b-4732-ac13-2cf79ce1c81d
1998,1998,L'if∞rain,Cute,7a6f4934-c989-4012-8139-361192b14778
1998,1998-06-21,L'yse:nore,TAROT,0f8e2a5d-5ef7-4545-bc64-06221afb3258
1998,1998,L+,Noriu Sutikt Tave,47ba82b7-1bc5-4a10-98aa-7bffb189a483
1998,1998,L.S.G.,Cellular - The Mixes,e7776282-50fb-40f8-829c-c4b00fe854a8
1998,1998,L.S.G.,The Black Series 1.1,aae3b537-091a-4d42-bc86-d3ac8bd20084
1998,1998,L.S.G.,The Black Series 2.1,f528c2cd-f3e6-4770-80bf-eaff25d60e17
1998,1998,L.S.G.,The Black Series 3.1,c5245b85-fc5e-43a2-bbb9-23c33d5b7492
1998,1998,La Bestia,Pese a quien le pese yOSEguiré fuerte,1bbc6208-55fd-4cde-a1f4-ea0c7098a77d
1998,1998,La Bomba feat. Los Primos,Chiquitan,438eb915-462d-309a-bb40-d1e82dfd133b
1998,1998,La Bouche,A Moment of Love,757e5a61-30de-4ede-ab13-165a3a4dc33b
1998,1998-04,La Brigade,J’me fous du boss,e94c88e6-7ec2-4e47-b6b9-86b398ee53e8
1998,1998,La Cliqua,Né pour ça,d0ab01b5-5ead-4505-af61-4c7468b8fb6d
1998,1998,La Compagnie Créole,Le Carnaval Du Samedi Soir,2786e6d0-2cbf-40d6-b5cb-a7bdd226ec93
1998,1998,La Constellation,Le 7ᵉ Jour,9718cf1c-3e4e-4aa3-8ce4-ff6538e46f8c
1998,1998,La Cream,Chateau D'Amour,b72fc9cf-c2bd-40c4-8d81-5a3cf394837e
1998,1998,La Cream,You,266cd57e-ec91-3acf-9246-1a34d968c4d9
1998,1998-03-06,La Familia,Harte Zeiten / Wall Street,368bb0fd-bb59-4037-a404-cfca81793925
1998,1998,La Flavour,Mandolay,c7610179-ea02-37e1-8f58-2f58c5f2284d
1998,1998,La Ley,Tanta ciudad (Remixes),a394255a-6048-4f6c-b8e9-3a4604d8e8c1
1998,1998,La Légion,Banlieues du monde,4e998be7-de99-48ef-83b7-dcdc111ff085
1998,1998,La Oreja de Van Gogh,Cuéntame al oído,02ebe7f7-7e1e-4203-acb1-a6a2988213dc
1998,1998-05-18,La Oreja de Van Gogh,El 28,7ca9565d-279a-403e-b2c8-e039437f58fb
1998,1998-03-25,LA VALLIÉRE,静寂の夜 ~Last Night Memories~,ed79b9c6-adb7-4756-b7f9-2f3bb2bf1314
1998,1998-11,La'Vistier,白昼夢,2f35169a-c3f6-4069-b2bf-4173801b239d
1998,1998-01-20,La:frëssia,Splendid World,896f4e8e-2bfa-49b0-92e0-33c6e6c4f175
1998,1998,Lab 4,Reformation II,b1e846fa-3e4d-4a2d-99c3-76f4032b3d6d
1998,1998-03-02,Lacross,Save Me (Swanlake),c4dfe477-f283-44c2-bad2-1ff1a78bf3d7
1998,1998,Lady Tom,It’s a Dream,ae53d6a4-ecee-341a-96b9-8dcb67456eb5
1998,1998-04-13,Ladysmith Black Mambazo,Inkanyezi Nezazi (The Star and the Wiseman),10b12f85-26ad-4b9a-8bdd-8530c38c0967
1998,1998,Lagartija Nick,Celeste,8bf49ff2-e983-3a93-8996-1f4b95cb6e09
1998,1998-10-09,Lagna,「Tear」,55682224-dd09-4763-8cdb-08717b0e58b9
1998,1998-11-01,Lagna,道化師,5a630e49-1e86-4fc7-8508-73601645d566
1998,1998-06-01,Lahr,Laughing Song,a32e85b8-16f8-3b51-a08d-9d4d6b4525d2
1998,1998-08-01,LAID,PROMISE TIME,bd5577f1-cff4-4aba-92e9-d5fa1d16e053
1998,1998-08-29,LAID,WANDARE / Love and Desire,f55bbba5-ddef-4093-b16a-25997b4d6be9
1998,1998,Laidback,Escape,8676e4ca-ac00-453c-abd7-c4bc4c3fb3b6
1998,1998,Laidback,Rock Your World,56199b69-9598-43a7-849c-403f6aa5e6c9
1998,1998-12,Laidback Luke,Double O / M-See,71f950f0-4f20-3605-8ca6-a91b314c04d8
1998,1998,Laidback Luke,Music's Always on My Mind,2177566e-0521-304e-afcd-6902e3d8bd9d
1998,1998-06-13,Laissez Faire,In The Sky,f4998e68-97bf-4f91-989a-abb9f6747fa1
1998,1998,Laj,The Crunch,f6a0e92c-d9a7-4906-9f34-ef1db10977ba
1998,1998-06,Lake of Dracula,Four Teachers / Violators,89d07984-6405-3179-83c0-117e296428eb
1998,1998,Lali Puna,The Safe Side,2f6f9de6-46c2-3a2c-8500-791adc47488d
1998,1998,Lamar,Too Many Nights,c4f3e7e8-40b2-3d8b-89d9-929ed7d3675c
1998,1998,Lambchop,Christmas Time is Here,03049041-3896-3f8e-97d0-cd2f7a9ca709
1998,1998,Lambchop,Give Me Your Love (Love Song),d2b0c4be-900e-44a0-9e79-e51130e646e8
1998,1998-01-31,Lamiel,朱,03dca0cd-6126-326e-b6d6-78f1a39e4bf1
1998,1998-03-21,Lamiel,黒,9d53373f-b645-3cab-8d75-8ec7c43ce3a2
1998,1998,Landlord,Crash / Finder,a36456e8-496a-4be7-8333-f9c123aadb47
1998,1998-10-02,LANDSCAPE,never more cry,5cf72af4-821e-4e85-af7d-6d4482a4e890
1998,1998-10-21,Lapis Lazuli,アワテナイデ,7c9703c1-dd0d-401b-b8ff-f8547aa78f8b
1998,1998-06-24,Lapis Lazuli,揺れ動く愛につつまれて,1b0a9da2-e74c-44d7-acda-a64c09e267f3
1998,1998-03,Laptop,Gimme the Night,4d4f9fd6-b031-4740-a6e6-7b8b0c1a458b
1998,1998-09-23,Laputa,Feelin' the sky,6808b145-a910-3223-b335-fc63de2b4527
1998,1998-02-04,Laputa,揺れながら…,a8424e23-e7b3-45d8-8a5e-4a92cc84b120
1998,1998-04-02,Lara Fabian,Humana,945fe1a4-e2c0-47b4-96e9-cad58803f9f3
1998,1998-04-21,LAREINE,Fleur,69395757-17b3-3023-b830-ec844f21236d
1998,1998-12-18,LAREINE,Métamorphose,19367713-eec9-3a48-8567-303a0ff668a6
1998,1998-03-14,LAREINE,憂いの花が綴る愛~L'introduction de la fleur~,2c8669c6-de9c-3523-b9c8-d8a23b8fec7c
1998,1998,Large Joints,Down On You,e8086e68-acd0-41fb-92b0-bda107ebdb32
1998,1998-02-23,Largo,Tango Passion,e8b9241a-13a4-38f9-a87e-a7375f64b976
1998,1998,Lari White,Stepping Stone,96ff5e8f-37c6-45c6-9937-5c46c4ce8911
1998,1998,Larry Heard,Night Images (Swayzak Remixes),c2056581-acd8-4e5b-b669-0f6b97668c8d
1998,1998,Lars Fredriksen,Alltid sommer,8659fde5-dfec-44ab-9143-77a516695da7
1998,1998,Lars von Trier & The Idiot All Stars,"Lars Von Trier & The Idiot All Stars (From the Motion Picture ""The Idiots"")",d47df58e-105d-4d3e-a349-4919293bc024
1998,1998-09-15,Lars Winnerbäck,Tvivel,2181dd82-feef-349f-9f0b-6da82dbffdf7
1998,1998,Larusso,Tu m'oublieras,82e53ba7-9b92-314e-b96c-8b6f8bafcdeb
1998,1998,Lasse Lindh,Jag vill vara som du,aadd9ab6-173f-4170-80e2-ead1cf080a75
1998,1998,Lasse Stefanz,I ett fotoalbum,e6c07cb6-1dc0-49bc-9be0-90fd5e9093dd
1998,1998,Lasse Stefanz,"Tomma löften, tomma ord",5d3186b4-c33d-4779-916a-0f1a22ec695c
1998,1998-05-01,Last Days of April,The Wedding,46485cd5-bd5f-395a-8a02-099de6dc4dd3
1998,1998-04-27,Lastier,FLOWERS,c77051a8-38bd-4f37-9cdd-6641ceabe876
1998,1998-03-27,Lastier,GROW,82b751d4-de33-4b96-b862-27936028e1c0
1998,1998-11-25,Lastier,Rebirth,e2cb8513-0df4-4487-b1c8-aaf1afe1b4a1
1998,1998-02-27,Lastier,SEEDS,987d4d9d-eaed-4477-a3a8-57bf02562aaf
1998,1998-07-01,Lastier,SkY,1ce7a983-298f-494c-a47a-4a01e8d9b064
1998,1998-09-23,Lastier,WILL,c9a57f64-48cd-4d56-9b9e-98a0dacbb919
1998,1998,Latecia,Love Will Make It Right,d481a5f4-5522-303a-839f-21f25ae97030
1998,1998,Latino Circus,In Your Soul,11fa6113-0754-3a93-b1e0-dc667a520d3c
1998,1998,Laundry,Exclusive KCMU Play Copy,f934b185-ba1f-4eef-b1dc-7e951ef5fe5d
1998,1998,Laura Harris,Bring Back the Love,258c0391-d69f-43d1-b70a-4314f48332ae
1998,1998,Laura Illeborg,Huller I Luften,136ef562-7abd-4e97-a517-ae6480134640
1998,1998,Laurent Daniels,Cry On My Shoulder,6c652451-0f86-466c-b18b-65e85173d895
1998,1998-05-25,Laurent Garnier,Coloured City,3e61a08e-ac84-371e-8081-499d3c5260f2
1998,1998-09-21,Lauryn Hill,Doo Wop (That Thing),c180b25c-efe3-3c23-9ea6-d3d080655c8a
1998,1998-02-15,Lauryn Hill,Ex‐Factor,cd214051-8f47-30e4-b873-90159efcd2cd
1998,1998,Lauryn Hill,Lost Ones,8e4e938e-e524-4abb-9534-6dd30efb1ba9
1998,1998-06-08,Lawrie Immersion,Purge,85708d53-f5e8-38d0-9c90-9e4fc557a100
1998,1998,Lazarus,Governed By Shares,9ee91183-5fb8-41c4-929f-a5cb74ab81c9
1998,1998-07,Lazarus,Wrong Territory / Rules,80ce10d8-600d-4c7b-b266-b4e9cc7a11b2
1998,1998-12-16,LAZY,Pray,3cf7c081-a5c6-42f3-9b05-d6f73d265782
1998,1998-03-21,LAZY,ULTRA HIGH,937e50b6-780a-4f46-b549-9c97e395137a
1998,1998-02-01,Lazyboy,Imperial,ccab48b4-c661-4b9d-ba03-bad10628938a
1998,1998,Laïs,'t Smidje,330b4416-dfed-3001-93e8-4aedbbbc3f69
1998,1998-11-11,La’cryma Christi,IN FOREST/Lhasa (unplugged),29c2b35f-c6dc-34a1-b6ec-479936a72799
1998,1998-05-08,La’cryma Christi,With-you,8c0ca3d6-0af5-38b6-91b0-10ba87fb5031
1998,1998-08-26,La’cryma Christi,未来航路,3799aee5-5302-38b6-8472-270b43eb39ca
1998,1998,LB,Jealous Guy,08b45c96-8608-4804-ae30-3d3c52018257
1998,1998-06-15,LCD,Zorba’s Dance,bb2ffcaf-faf2-38a2-8c0d-285cf48e83ce
1998,1998,Le Festival Roblès,Yakdélolo,a979a609-8fc0-49c1-b6ce-982202724ffa
1998,1998,Le Knight Club,Troobadoor / Mirage,de9d20ab-3d80-3f03-8ec3-118de87a20ce
1998,1998,Le Knight Club vs. DJ Sneak,Intergalactik Disko,9ea81f44-cd61-3fb0-9e9f-ed47ac5b9679
1998,1998-04,Le Mans,Yin Yang,cf3a637e-82a0-3561-9188-b550079e8a52
1998,1998-10,Le Tone,Joli dragon,3c5741d5-c913-3e6a-b3be-825b05b60298
1998,1998,LeAnn Rimes,Commitment,95cf1f56-467b-3737-b85d-f48dfb48aabe
1998,1998-03-24,LeAnn Rimes,Looking Through Your Eyes,1adaac30-bbe8-38d3-a0da-0c6ddfe7a19d
1998,1998,Leanora DeCapo,My Heart Will Go On (The Dance Mixes),6556f25a-709d-41cb-b1a5-eb901ef2d05a
1998,1998-06-08,Lecker Fischbrät,Haut 'se wech!!,bae4aa63-6dee-4666-b49b-3f8445b97fa4
1998,1998,Lectrolux,Mind the Gap,7b610142-635d-43fe-b745-29402dd87538
1998,1998,Lee Anderson,Fast Food,4ef620cb-0597-4052-80d7-967b4a05bcca
1998,1998-06-22,Lee Ann Womack,A Little Past Little Rock,aa61f759-b024-4a22-b0f7-fdd1614691ce
1998,1998-04-04,Lee Ann Womack,Buckaroo,aeeae207-a8c4-4dce-8b67-6075a2c3c225
1998,1998-05,Lee Ann Womack,Don't Tell Me,d6bb748f-50d9-47ec-8fd0-3d2cf6adea58
1998,1998-12-28,Lee Ann Womack,I'll Think of a Reason Later,d71e950b-301d-4941-a79c-f42c8e2ec584
1998,1998,Lee Buddah,Heisser Sommer,09dec596-d251-3449-97ff-8da7ab7a9aa3
1998,1998,Lee Coombs,Sky Juice / Intensity,a6117550-72f3-4f20-868f-86bc863a2774
1998,1998,Lee Coombs,Thrust 1,b4351738-774d-482a-91d1-58b4d3c73fb4
1998,1998-02,Lee Roy Parnell,All That Matters Anymore / One Foot in Front of the Other,db56e4e5-dae4-3321-8c45-0a48cb7fd403
1998,1998,Lee Towers,Mijn Feyenoord,321a781b-1a83-4353-99aa-6c0cd9e75eb6
1998,1998,Legal 2,Again,62149dba-abff-4ebe-85bf-f03767adf4d2
1998,1998,Legend B,The Spirit,7aaaf9ff-82ac-4b97-a338-200130716035
1998,1998-07,Leila,Feeling,9aa82669-58e7-388a-a294-962bf1433d9f
1998,1998,Leila,Heaven on Their Minds,da926888-1dd3-3f37-9798-02295e76ccde
1998,1998-02-09,Leila,Space Love,5c8c71c8-faa1-33c8-a84c-c8d5d68ef0bc
1998,1998-03-01,Leila Forouhar,Nagofteha,1ed540b1-9c36-4c11-bf76-5d90012149a1
1998,1998,Lemay,Douce mélancolie,a4a9d187-e595-4b59-a3c0-adeb23c6ef30
1998,1998-08-31,Lemon D,Ghost Stories / Rhythmic Trip,871576ab-3b31-34f3-947e-6da26a5b4e09
1998,1998,Lemon D,The Cage / Rockers II Rockers,237597e3-d29c-323e-b8a9-f1f7d09ca16e
1998,1998-06,Lemonator,Accidental Coincidence,e8fc8e5f-ca12-4462-979d-b85ed4ac3a82
1998,1998,Lemonbabies,Diving,326cf5be-f820-4636-97eb-be9ce5005fc9
1998,1998,Lemonbabies,Don't Look Back,653e236a-9361-4cd6-9a0c-3732eea816de
1998,1998-08-06,Lena Luna,Dreamboy,7f5181fa-2585-484e-8428-08ab3cd42028
1998,1998,Lene Marlin,Unforgivable Sinner,e193efac-1c68-3393-9b29-c5b7a0297ac5
1998,1998,Lenny Fontana presents Andricka Hall,I'll Give You Love,dba5c665-3f26-4e5d-b665-ddc60cbd473d
1998,1998-12-29,Lenny Kravitz,Fly Away,943197d1-0619-3800-92eb-952ffe65e964
1998,1998-09-22,Lenny Kravitz,I Belong to You,93f3f5aa-2cac-4caa-a886-eb81e92590e5
1998,1998,Lenny Kravitz,If You Can’t Say No,be44c90c-0705-4307-8772-bd210a1edcca
1998,1998,Lenny Kravitz,The ROCK Sampler,da3f7ab1-65e9-4f3d-9707-637990eb1dc4
1998,1998-07-06,Lenny Kravitz,Thinking of You,2e9167c5-e751-39dd-a1b5-3b21902a4965
1998,1998,Leo,Volume 9,88c2765f-9b34-41a9-b369-c773c761e9fb
1998,1998,Leon,Bloß So'n Flirt,c182629a-1c93-4700-84d5-17343b0bd752
1998,1998-02-11,Leon,Hast Du Ihn Geküsst?,3c38ef9e-e134-423a-aff7-a1d22f45cfbe
1998,1998,Leonard Cohen,Beautiful Losers,de3bfb8f-744c-3df7-896a-8773c048f08f
1998,1998-04,Les Colocs,Tassez-vous de d'là,845d6485-72ed-4cd0-b9a8-f5ce0b19f78e
1998,1998,Les Droper’s,S’évader,0980c124-2276-45b6-adcc-de1e5632303c
1998,1998,Les fabuleux élégants,Djan Pinson,98244431-6599-45e3-9b22-bc6642676f81
1998,1998,Les Finalistes,1 et 2 et 3 - 0,c08360b0-019a-4551-ae58-9aa60bc75aae
1998,1998,Les Indiscretes,Without You,7723738c-0671-4326-b8bf-b483acfbea87
1998,1998-03-02,Les Matchboxx feat. Sœur Troppo,Le twist,0723b229-0fa4-4004-afbc-3df0ebcec261
1998,1998,Les Minikeums,Ma Mélissa et Aminessa,7eb0dfc5-8dd6-4148-9fe8-41b18821932b
1998,1998,Les Minikeums,On va la gagner !,07fcd30d-48c3-4f61-8dea-55406d57bb4e
1998,1998,Les Nubians,Embrasse-moi,9fc75e97-5500-4401-a72d-c02d2e67acd2
1998,1998,Les Portes,Riders on the Storm,c9cf791f-91b8-4417-9932-e63709ec474c
1998,1998,Les Refres,Pousse les murs,9e8c672c-6474-4a9b-ab63-3d069419665a
1998,1998-05-11,Les Rythmes Digitales,(Hey You) What's That Sound?,09f04852-9af6-3122-82d4-edba1cf1df5a
1998,1998-04-13,Les Rythmes Digitales,Music Makes You Lose Control,7189b8eb-ae65-3852-9e33-fc3e34eaf731
1998,1998,Les Sauvages,Tainted Love,5505654d-b91a-440e-9aa4-92e3138abc30
1998,1998,Les Savy Fav,Our Coastal Hymn / Bringing Us Down,fd8d0fd6-a0be-4158-8480-5715add13858
1998,1998,Les Wampas,Ma mère me rend folle,627e28cd-3c78-476b-9b8b-d732cac71b64
1998,1998,Les Zazous,Deadline,61f72917-ec19-4acf-892e-f5e45aacab50
1998,1998,Less Than Jake,History of a Boring Town,7e732f00-6119-40d6-8455-39b507b7d404
1998,1998,Letters to Cleo,Co-Pilot,4860c503-8900-408e-bbae-d951ecbfc4e4
1998,1998,Level 42’s Mark King,Bitter Moon,c029c53a-ec98-4829-9dd1-31cceac89f71
1998,1998-09-28,Levellers,Bozos,20f4b6dc-3216-3ef8-b8c5-c59f52b113af
1998,1998-03-02,Levellers,Too Real,9479ec83-1746-30b4-9dec-2df96e1a803b
1998,1998,Leviathan,The New Generation,90ebbcdd-f2b3-4fba-81f4-a13b124cb76d
1998,1998,Levine & Stephenson,Oh God!,e0db0a42-5809-4c3a-a5fc-441b3c31069f
1998,1998-06-01,Lexicon,Swanky,4d548caa-b260-3306-a87d-4e5db5aa587f
1998,1998-01-19,Lexicon Avenue,Here I Am,d62c5870-5a69-4d4e-9e9c-96971e96e7af
1998,1998-04-13,LFO (Lyte Funkie Ones),(Sex U Up) The Way U Like It,145d5645-e0a8-4d4b-bafd-cf32bcaa7f2c
1998,1998-02-23,LHOOQ,Losing Hand,3e00acc1-92d2-3a57-9373-326d2044c7ee
1998,1998,Lian Ross,Fantasy '98,d48ee919-8522-4458-a9bf-f29b2e45a4c4
1998,1998,Liane Foly,La vie ne m'apprend rien,51e7968f-b910-496d-85cf-021dcc7f0896
1998,1998,Liane Foly,Victoire,b4c95613-4021-4718-81fb-17b837e07f8a
1998,1998-07-18,Liberator,Christina,15537a68-69e8-3f6b-a235-f3de3f594393
1998,1998-06,Liberator,Kick De Bucket,5ecc0522-6499-4628-8a5d-6f4519aac59c
1998,1998,Liberty Bell,Liberty Bell,a7a22d84-1230-4ae8-b1a5-dcc299e212d2
1998,1998,Libido,Overthrown,a5c4dcd9-c248-3dc8-8e5d-58353ecc180f
1998,1998,Libido,Revolving,17898643-fe0b-3a6e-ae45-4e9e89fbb35b
1998,1998,Licata,Rimani Così,57d4158a-304f-40bf-8735-51972c9f160d
1998,1998,Life of Agony,Tangerine,ddab71bb-81fe-4f7e-885a-fbf410d79b81
1998,1998-11-30,Lift,Bleeding You Dry,4fdfbbcd-c42a-4b67-af00-81562ef43b7e
1998,1998,Lighter Shade of Brown,Street Life,ade49012-ba1d-4f1a-b2f4-a0e9c3e36400
1998,1998,Lighthouse Family,Lost In Space,29ccb627-f74c-42d5-9ba3-bd5d6a5a27a8
1998,1998,Lighthouse Family,Postcard From Heaven,43455971-cf55-34dc-8e27-11fc4f9bac88
1998,1998,Lighthouse Family,Question of Faith,d265e42f-d243-3ee9-88a2-abb357fb63d5
1998,1998-06-05,Likwid Biskit,Senor Yesterday (Sick to My Stomach) / Complete Worries,c36a0c7a-3c18-31d7-b8a2-9da402c329c9
1998,1998-10-30,Likwid Biskit,The All New Ummm,5854b4c8-c1f5-396e-a82d-4877df77d307
1998,1998,Lil Bunnies,Bunnie Hole / Be Kind to the Animals,25c05143-ad6a-4e8b-9438-d8b6928069d9
1998,1998,Lil Jon & The East Side Boyz featurin' Jazze Pha,Shawty Freak a Lil’ Sumtin’,6fb97759-523d-4aef-824e-3f43b4345aff
1998,1998,Lil’ Mo feat. Missy Misdemeanor Elliott,5 Minutes,d065444a-c300-4253-846c-b4222c38eef5
1998,1998,Lil’ Suzy,I Still Love You,20c451e8-8c88-4b93-8403-af77a8f16f29
1998,1998,Lil’ Suzy,Memories,01828ed6-fbee-45af-ad34-ebcd2df0f019
1998,1998,Limit feat. DJ Memet,Go!,907be0eb-eabe-4849-9e8a-6bded2b75253
1998,1998,Limited Growth,For The Sake Of Love,b0e2b8ac-34d4-4f71-91fd-3dddd31018f9
1998,1998,Limp Bizkit,Faith,f81b71a5-fccd-4b7f-a658-9a6d8f5fc341
1998,1998,Linda Davis,From the Inside Out,3d0f8297-3a82-4a9c-b2e6-9dc85310df46
1998,1998,Linda Feller,Auch eine Frau kann durchaus ihren Mann stehen,62122912-c0aa-4ce1-b977-90fee9272e3b
1998,1998,Linda Imperial,Where The Boys Are,887a9feb-64fc-4fcd-a4ee-c6c95c203ee9
1998,1998-03-04,LINDBERG,風,695d00b2-f03e-386e-a241-9ba29479ca16
1998,1998,Linie 4,Wo ist der Täter,697b937d-ee67-3165-a3a7-30551303cdde
1998,1998,Link,Whatcha Gone Do?,22d9dfb9-9303-3e60-96d9-4a123dea1221
1998,1998,Lion of Judah,Jungle Souljah,1fb502ac-2286-4261-a98e-08e30265f54e
1998,1998,Lionel Richie,Closest Thing to Heaven,1816ba78-be34-4216-8d15-5fd6cafe1b13
1998,1998-03-02,Lionrock,Rude Boy Rock,034425b7-9fc5-3303-81e4-53271d443655
1998,1998-05-18,Lionrock,Scatter & Swing,aeabddbd-6fec-3033-b0fd-8ddb23f378ca
1998,1998-07-13,Liquid,Strong,6b7d17a9-36a6-3c74-b543-e68625c660cd
1998,1998-07,Liquid Liquid,Bell Head,38cf4690-f488-4540-a958-e22671119252
1998,1998,Liquid Red,Scrap & Scoop,c1e08a8c-8226-450b-8e82-cc5352b46de0
1998,1998,Lisa Gerrard & Pieter Bourke,The Human Game,3972ac6c-52d9-3a69-b4bf-8847a64d4af5
1998,1998,Lisa Loeb,Let's Forget About It,21821601-b069-346e-b79e-c03d80f8b125
1998,1998,Lisa Loeb,Truthfully,d35a9c16-771e-3818-b2d4-d79b89e55dbe
1998,1998-03,Lisa Stansfield,I’m Leavin’,ca25e0db-d961-4427-8e8c-97dcad71d5e4
1998,1998,lisahall,Connection 17,91b7e9fc-27dc-4b8d-ba82-d870bbe9ee36
1998,1998,lisahall,Connection 17 / I Know I Can Do It,0df688e5-bf37-4005-9be3-43d77c7b9242
1998,1998,lisahall,Is This Real? Sampler,7ce40ca2-a3af-31ef-9274-109639d5bd24
1998,1998,Lisette Melendez,Make the Way,f253b3fd-1d9f-4787-a1fe-93a4e2817dde
1998,1998,Little Computer People,Little Computer People,8b5c29ee-a596-36f4-8259-33a244992ed7
1998,1998-10-07,Little Mermaid,little flower,b85081a4-1969-4c71-9425-973528a1deff
1998,1998,Litzy,Dónde se esconden los duendes,39e5eb8f-77b7-4cc4-88fd-f78da5a9145a
1998,1998,Litzy,No te extraño,e09cff0c-36c3-4bad-a9c7-7d15f496ec46
1998,1998-01-19,Liv Kristine,3 am,80638287-833d-3841-a65a-1d5ddf95085b
1998,1998,Liv Kristine,Take Good Care,46174c76-6372-3859-ac66-107fa1cbda13
1998,1998,Live Crew feat. Shalome,Come Inside / The Next Step,fdaffbd4-7246-4c69-821e-3284731800e4
1998,1998,Livin’ Joy,Just for the Sex of It,36296a17-f378-439c-aa85-455a622a5d21
1998,1998,Liz Phair,Polyester Bride,ac31dad2-6e6e-45ec-a899-1140438dbba7
1998,1998,Liza N.Eliaz,Voyager Loops,b84b0802-41a7-4d62-af00-77bccdf0346d
1998,1998-06-02,LL Cool J,The Ripper Strikes Back,0204cbb1-c2d2-4c61-9da3-9b63e0917e53
1998,1998-07-13,Llama Farmers,Always Echoes,eab54067-8893-453f-81cc-4e13e14edc85
1998,1998-04-13,Llama Farmers,Paper Eyes,1fb8e89c-a620-3b34-8127-8f1f35185196
1998,1998,LMDS,Tu me disais,7bad2f94-e03e-4a4a-8b41-9ca4651c34e7
1998,1998-11-16,Lo Fidelity Allstars,Battleflag,efe26f56-cb1f-30c6-8cfb-16f32cd727be
1998,1998,Lo Fidelity Allstars,Vision Incision,5440fa37-34c6-349b-8404-2b49fbb36b21
1998,1998-12-01,Lockgroove,Something to Give,c87b9f28-832a-4eda-a172-d3917174f7eb
1998,1998,Locobase,Keep On Movin',862ee07c-cd56-4d46-9bf8-a1d5ec515c8e
1998,1998,Locust,All Your Own Way,e5e96fd2-027d-35c0-a08a-4629bee9035d
1998,1998,Locust,Master and Servant,faed9062-99d4-4bfe-a529-306e9d5eeeca
1998,1998,Lodger,Always Round Here,af8cf8b7-fcbf-34a0-a2b2-78704ea26042
1998,1998,Lodger,I'm Leaving,e8908da5-d573-3d5f-83a7-0ddd39b9ef94
1998,1998,Lodger,Small Change,63dff9b6-0823-396f-a20e-b42c91fd9ca0
1998,1998,LOK,LOK står när de andra faller,f2b8f3ed-2092-377e-a9e8-99404c4ce294
1998,1998,LOK,Lokpest,00b0f5c3-bde8-3264-bc8e-e3f603f46420
1998,1998,Loki,Get Up,77bf06f5-4e1c-47c0-8bbf-cb087989e2d5
1998,1998,Lola,Ecstacy Girl,9dfd2031-f6e0-4d30-adc7-d4abd2352b52
1998,1998-09-08,Loleatta Holloway,Lifting Me Up,9b3a7934-7af3-3e08-8137-7689e8efa416
1998,1998,London Connection,Select 1 To 1,4e958408-1dbe-4554-8611-f462e6019492
1998,1998-10-05,London Elektricity,Pull the Plug / Dirty Dozen,ff801dd8-79e7-3f91-8e5f-b5cff7d1c6d2
1998,1998-05-18,London Elektricity,Song in the Key of Knife / Theme From the Land Sanction,540e7536-f404-32fa-aa38-d45e84daabd2
1998,1998,Lone,Quand vient la nuit,99ab64ac-b48a-4fc5-b837-8fe41ab3bd58
1998,1998,Longstocking,Will You Stay?,78111875-46c4-3bee-bb1c-e4ccac10e6f1
1998,1998,Lonnie Gordon,Beat the Street,4bfc301b-2149-3662-a2cb-8bb7fa0b5699
1998,1998-06-15,Loona,Bailando,fc2db5bb-13c8-3832-adb7-300f3acbba43
1998,1998-11-23,Loona,Hijo de la luna,b9eac81c-4cdb-3631-a59a-b69134c76dc1
1998,1998-07-13,Looper,Impossible Things,560cdca6-b302-3230-a0cd-b3bb63cffe29
1998,1998,Loose Cutz,On A Roll / Reasonz,0b71c8e3-f16e-4c94-9acb-ea524a4e0739
1998,1998,Lootpack,The Anthem,45204b8d-6792-4704-9726-f8c7b8776de1
1998,1998,Lootpack,Whenimondamic,ec41c765-f66e-4e8b-aada-86ee6abc9c56
1998,1998,Lord Digga,My Flows Is Tight,1fde2981-f0a5-4f16-807b-dbbae48ec119
1998,1998,Lord Of Tranz Feat. DJ Hoxider,Sanctificium,95b239f9-1d2d-4691-9fc1-b5dd78075664
1998,1998,Lordi,I Am the Leviathan,4c08a9e7-e104-4b35-9335-d3fa75557c54
1998,1998-05-19,Lords of Acid,Pussy,34096c3a-035d-3786-9efc-388805d26072
1998,1998,Loredana feat. B.U.G. Mafia,Lumea e a mea,2dc61611-2e69-477d-b7b7-22ccedc8e70d
1998,1998-07-01,Los 50 de Joselito,El año viejo / Cinco pa' las doce,4b7207c7-0a8f-4a9f-a407-681798307317
1998,1998,Los Charros,Dale Campeones!,511529f7-97b4-4e0f-b2c6-55b452a14b78
1998,1998,Los Llayras,Amame / Porque Nos Dijimos Adios,8b7aea7a-a9f6-4e4f-9c0b-b1aedc5675b6
1998,1998,Los Locos,Salta!,26f6d74b-7bbd-4dd7-9aa8-8bf218d9e3bc
1998,1998-03-30,Los Pablos,Jason's Watching,8323e4ef-138a-43a5-bef0-ef36db572837
1998,1998,Los Planetas,Cumpleaños total,34a2d303-a53a-3f8b-9332-b53e2dffffce
1998,1998,Los Planetas,La playa,1aae4e86-2e15-32f9-b3f1-352aa009729f
1998,1998-03-30,Los Planetas,Segundo premio,f85abb14-016c-3d68-8d54-f360f275b371
1998,1998-12,Los Tipitos,Jingle Bells,c6ed2db2-af62-40ca-b88b-4310d75b69a9
1998,1998-10-09,Los Umbrellos,Gigolo,abd5af00-ebf5-343f-a26a-5dc112040166
1998,1998,Lost Children,Play My Song,ad3ec463-1159-4ace-ac1f-506626bc2bda
1998,1998,Lost feat. Hillary Porter,These Times,635d097d-d069-47a5-869a-e5974201fc5b
1998,1998,Lost in Vegas,Ooh La La (My Baby),b1c96cae-2a05-4247-a344-24b3f87d2318
1998,1998,Lou Grant,Soccer Soccer Soccer / People of Music,98a52724-5c21-461d-a17d-90cc1ef555c1
1998,1998,Loudness,Un Rêve Commun,5025a066-e9e4-4167-b22c-090133c92e7d
1998,1998-10,LOUISA,MONOMANIA,f9fe9495-23fa-4b24-ad5f-e486a424a613
1998,1998-03-28,Louise,All That Matters,f10d6b90-7e15-3605-b31b-12f5dc17a5b1
1998,1998-04-27,Louise Attaque,Ton invitation,6d1d4ace-9710-36ec-8a2b-b8e753894cc2
1998,1998-11,LOUNGE ACTOR,ピリオド/・・・from labyrinth,67be882a-3b94-41b1-87cb-40ab9735fabc
1998,1998-11-24,Love and Rockets,Holy Fool,e0464253-e263-3b2c-a1e3-bdb686a6c786
1998,1998,Love and Rockets,R.I.P. 20C,0fe6a516-d3d1-46ff-bec0-5b5c3fef3256
1998,1998-05-19,Love and Rockets,Resurrection Hex,4d577294-a1d2-3430-927b-cbf3b1cf156a
1998,1998-12-08,Love as Laughter,Nude ‘Hos / Watching Your Fingers,5d304d6b-87af-4d75-9497-3f91a37e896b
1998,1998-03-04,Love Battery,Snipe Hunt,8e8e4027-ee64-4848-93e9-713b327e33c3
1998,1998-06-09,love bites,LOVER'S DAY,60765a95-bacd-4d5d-b9fa-9e394f22489e
1998,1998-11-03,Love Inc.,You’re a Superstar,e5899e48-f94b-3f60-b07f-716ce8e58759
1998,1998-06,Lovebugs,Angel Heart,7dd9362c-4c4d-4bb1-9156-223f2d977e1a
1998,1998,Loveless Sons,Don't Cry (America...),70e877d7-8dc0-4013-b6ef-7696e06f4279
1998,1998-11-23,Lovestation,Sensuality,2f08251d-16c8-49e0-a193-c4f27f718dc7
1998,1998-07-20,Lovestation,Teardrops,4b63a6be-9065-3a7e-9eed-008ecf7b7151
1998,1998,Lovestern Galaktika Project,Galaktika '98,d25cbe21-2482-4041-8df4-46a33ee04649
1998,1998,Loving Loop,Start 2 Party,8fad8970-00c4-4bd7-9e25-2bc7062c1eda
1998,1998-10,Low,Immune,1ac185f4-91b7-349e-97cd-e66cabe28923
1998,1998,Low,Joan of Arc,0865e4db-2303-3a65-973d-ea853e601849
1998,1998-10,Low / Piano Magic / Transient Waves,Sleep at the Bottom / Green Acres,fe622a5c-6f8c-4a39-90ab-e10866f3e109
1998,1998,Lowdive,Don’t Tell Me (That You Want Me),ebded214-ac2a-4864-a547-86e338cedd9e
1998,1998,Lower,Sink or Swim,081758d5-b88d-3cba-bf4c-a5d0b662eaf2
1998,1998,Lower East Side Stitches / Murphy’s Law,New York City Is Dead,8fa8b409-43ae-47e6-a006-b40407972b16
1998,1998,Loïs Andréa,In,74eb9fda-54b9-48c1-afcd-201ea09cf67e
1998,1998,Loïs Andréa,Insomnie,0a5ccdd6-b7d8-4493-bd75-1178b753ec9b
1998,1998,LSG,My Body,68d114d2-128f-307d-8c46-87f36a0e1fcc
1998,1998,LUAZY,MEMORY / BE CRAZY,9dc6ea4e-16d2-4309-8db9-9df29f2219cc
1998,1998-11-04,LUAZY,SO I BELIEVE,9f2113eb-03a5-426a-a4f2-be90b5f4b459
1998,1998,Luca Antolini DJ,Incantation,82d79812-4ecc-46ef-bc68-f8a71e0f9197
1998,1998-06-30,Luciano Pavarotti&Frank Sinatra,My Way,c8a19641-020b-4dc9-a954-8ef49fd841b2
1998,1998,Lucid,I Can't Help Myself,5a2260da-fff0-49de-b581-d8bef52c13d8
1998,1998-02-02,Lucifer Jones,Maniac,d53ad1bf-a491-474e-9e25-5626061e405c
1998,1998,Lucinda Williams,Can't Let Go,b3adc8d5-9220-42d4-ad9d-431d733b257f
1998,1998,Lucinda Williams,Right in Time,3ea6e1bd-f83b-459f-b310-1fdd10ba0d76
1998,1998-01-03,Lucky Ali,Teri Yaadein Aati Hai,9ae4bcc4-1ab2-4523-849a-75490723494c
1998,1998,Ludovico Einaudi,Ultimi fuochi,52de0b89-dcd8-41de-85a1-eb0e86da7479
1998,1998,Lugsole / Dear Ephesus,Ichabod / Away From Me,ef39e186-101f-4103-bcf1-f44b2e551c58
1998,1998,Luka Bloom,Ciara,4749b6b8-80f9-4ff1-9051-3ecd6253fba9
1998,1998,Luka Bloom,Water Ballerina,2b2a1c8b-3cdd-4dc6-b2d9-e3b0ea0b8dc2
1998,1998,Luke Cage,Psychoslide,5212abbb-f5f1-456f-a434-3588e5b15f49
1998,1998-07-20,Luke Slater,Love (Loved),38d12285-9abc-3d62-98cb-639f15853910
1998,1998-07,Luke Slater,Love (Loved),b806218e-1540-430b-ae1a-187004de13f3
1998,1998,Luksus,Hit-and-Run Driver,feb365e5-f0ab-46b4-8961-44e15acab436
1998,1998,Lumen,Back to the Front / Nervosa,5edd3d92-ffa8-4a5c-8fc9-acebfc73d3d8
1998,1998,Lumen,Way Up in the Air / 3 to 1,82f5bfd6-d54e-49db-ad66-5d0e6b6eac25
1998,1998-10-20,Lumi/Ere,道化師ノ扉,6427259a-2efe-4658-9db9-93883356cb1a
1998,1998-02-24,Luminaire,Adiemus '98,f16d6c51-5c81-46df-8b0b-dc189336dd7e
1998,1998,Luna,Beautiful View,72f288d6-8c3c-48ac-9216-796bd5ace69f
1998,1998,Luna,Everybody's Talkin',d983e5cf-d257-3948-acd9-d9360e7e8e98
1998,1998,Luna / Wake Ooloo,Dance With Me / Astral Plane,8faa851a-e121-38af-810b-55367311c1d8
1998,1998-07-01,LUNA SEA,I for You,288ff432-d64b-3510-bceb-7ea52aa10069
1998,1998-06-03,LUNA SEA,SHINE,fcd75651-2ed1-392c-8da4-6f50be7ca683
1998,1998-04-15,LUNA SEA,STORM,38895226-46c5-340d-83cd-193ca63a98c9
1998,1998,Lunatic Calm,Dub The Dice,be1e4128-7712-4ab6-8ccc-78c89fc219e4
1998,1998,Lustans Lakejer,En natt som denna natt,fe7aa740-baea-416b-89cb-d1f314ff5864
1998,1998,Luther Vandross,Nights in Harlem,6be7a25f-90d0-4cec-b14a-3a79c6612ce2
1998,1998-08-17,Lutricia McNeal,Someone Loves You Honey,7b0e0c67-28c8-3391-81ae-134a7e7c4256
1998,1998-06-08,Lutricia McNeal,Stranded,062d8dda-e70a-31e0-9455-f514f4688e7f
1998,1998-11-30,Lutricia McNeal,When a Child Is Born / Someone Loves You Honey,fa25df51-aaf1-4685-8adc-955d5835c291
1998,1998-11-01,LUV and SOUL,"if-もしも僕がこの空の星になれたら,,,",42f0644c-70e3-46a3-9f7e-48ffe6087c8b
1998,1998-06-25,LUV'ra-Doll,Twice,9d48f3d1-5d38-498f-a8cb-c22228bc2762
1998,1998-07-25,LU⊃A,GLARE,f721dd95-c8a7-4fa0-97aa-8b97658ce7e9
1998,1998,Lââm,Chanter pour ceux qui sont loin de chez eux,d4ff3cb2-46a5-384f-9bbf-6b0ed5e20a81
1998,1998-10-01,Léo Ferré,Avec le temps,138bec35-a013-406e-9341-2a7c8a1bf1d4
1998,1998,Lïve,1998 Friends of Live Holiday Gift,81700ef4-f282-428a-9b87-7db12f3cb888
1998,1998-02,L‐Fudge,Liquid / What If,1a57c925-f008-3da2-a0cc-d5c2782e8843
1998,1998-03-25,L’Arc〜en〜Ciel,DIVE TO BLUE,4b3f3a4e-16e6-3312-8fca-fa9e542a6035
1998,1998-10-14,L’Arc〜en〜Ciel,forbidden lover,e6f8c03f-bdf9-33fa-83bf-a6a48ec62f21
1998,1998-07-08,L’Arc〜en〜Ciel,HONEY,3bc33c3e-ab17-349e-868a-5fa4bbc8b215
1998,1998-10-07,L’Arc〜en〜Ciel,snow drop,fc2e0288-73d2-3fd2-9f74-a77f7f3c496f
1998,1998-01-28,L’Arc〜en〜Ciel,winter fall,dd32565f-a8b9-3129-8897-dd5e775a6d57
1998,1998-07-08,L’Arc〜en〜Ciel,浸食 -lose control-,66cca7e6-4819-3b5b-b8d8-63f458104a96
1998,1998-07-08,L’Arc〜en〜Ciel,花葬,afb7b976-3555-3601-be47-b39844458615
1998,1998-03,L’luvia,Never Mind,b6dc92ec-0b91-48c5-8058-3386c8d3f40c
1998,1998-04-24,L’luvia,So far away,129a8b9f-d266-430d-9ff1-4d4d594ae38a
1998,1998-09-09,L’luvia,SUPER★SMILE,32b5c7d8-b0ad-408e-a750-01f03cd36d70
1998,1998,M Dubs,Over Here,341eb8e9-ffed-3e47-ae8e-80ba55ffe6b6
1998,1998,M People,Angel St,dfe3067d-aa47-4ca7-8863-1e81594cb7e3
1998,1998,M People,Testify,49c7eec7-b5b4-4dc3-b4a0-8a29b1cf50dd
1998,1998-09-23,m's q's,Bye,1c8ad587-27e7-488d-8e28-5b47195a971c
1998,1998-10-24,m-flo,The Way We Were,8c88f5cb-7c38-43d0-b676-e728906a87ff
1998,1998,M-T Nature,Cover Me,5e9a4186-cec1-40f2-9d53-6d24a4160e8b
1998,1998-02-04,M-VOICE,SEASON,a639ea4a-ead9-4cf1-a290-85f29f64b295
1998,1998,M. Slash,The M Slash Sampler,21cf2208-ea4b-4857-a411-417c1789fc96
1998,1998-02,M.A.D Productions feat. Carroll Thompson,Too Late,058f27e4-7829-43f3-8b65-346099ee5551
1998,1998-08-10,M.A.T.T,Annihilate / The Edge,18bd765c-67e8-4a46-9eb4-ce95f595e4b0
1998,1998,M.C. Shy-D / Tha Rhythum,Big Booty Girls / Everybody Bounce,a1afbb52-e789-4c26-8d2f-f1dbb41983c8
1998,1998,M.C.D.,Athletic 100,676a2714-d845-4006-a792-a810de4a82b8
1998,1998,M.C.D.EAD,The Land of Dreams,e4d76e1c-fa8d-4e5d-b5cb-050888dd9b29
1998,1998,M.I.K.E.,Clubphase,6e2d8535-a726-4188-8597-4f5a8612d1dd
1998,1998,M.I.K.E.,Got To Have It,d304033f-0921-4f4f-b16a-b6197fcd7da7
1998,1998,M.O.T.O.,Eternal Standby,830b3aa7-b8f0-403f-9f35-c9c77965fcd7
1998,1998-01-07,m.o.v.e,around the world,628fd14b-9b47-3405-b007-036dd9750bac
1998,1998,M.W.F.,Timeshock,7e60f676-b689-45db-8547-eaf1999c5347
1998,1998,M1,Luv 2 Dance,1fa4c787-7d54-4724-ae9e-40e0f0b8fda8
1998,1998,M:G,Sweet Honesty,684e1b96-2273-3ad2-a2c9-60b8f0738b38
1998,1998,Maakheru,Strange News,d97876e3-e82f-4448-bf37-99553f9b5939
1998,1998,Maarja,First in Line,6019b5cf-3c56-4e29-8a17-416cb0bccee7
1998,1998,Mach 1,Illuminate '98,6557e519-b6fa-4636-bd2b-5f4730201500
1998,1998,Machine,Off The Cuff / Off The Cuff (Spirit-ual Mix),a7eea8a3-0bea-41c3-a1a5-1adb4d49890e
1998,1998,Mad Mike and DJ Rolando the Aztec Mystic & Octave One,Aztlan / DayStar Rising,0e45cc41-c730-3282-8bb4-472ce5ee3653
1998,1998,Mad Sin,All This and More,6ebb6739-c414-420f-a45d-2589002f42e7
1998,1998,Mad Sin,Take a Ride,eae576f9-8fd2-41d5-8356-f1c2f910a92f
1998,1998,Madagascar,You’re Beautiful,002e05fa-aa89-3c25-a4ef-5cc370359f53
1998,1998-08,Madam Zu & The Doktor,Full Moon,cf6db878-3ddc-4788-b9ff-5f0a2cd53e01
1998,1998,Madam Zu & The Doktor,Medusa,24e760dd-7b17-4815-b1c4-698f8f021694
1998,1998,Madball,Been There Done That,cfb53cb3-7f66-3254-9ac0-254d1470be23
1998,1998-03-27,Madeth gray'll,オペラ座の悲劇,619e45ad-1ecf-40a8-adb5-1c35063703d6
1998,1998-08-08,Madeth gray'll,白昼夢の惨劇,787498fb-974d-4ae4-954a-d289e91f5bbd
1998,1998-03-20,Madeth gray'll,白昼夢の惨劇,aa9c865b-3de6-44f5-ab29-585ed3d5c316
1998,1998-03-21,Madeth gray'll,血染めの喜劇,6b6194cd-032e-4ff7-994a-4aac0aaeb14b
1998,1998,Madison,Ear of God / Second Chance,abaa3e69-2a69-450e-a228-c354fdb3bc8c
1998,1998,Madison,You Can Light My Fire / Missing You,65409b47-8317-4215-b9f3-72f66d3a22f8
1998,1998-07-20,Madonna,Drowned World/Substitute for Love,1a52a94d-6f61-3d05-82d6-a70b8fc8c453
1998,1998-02-16,Madonna,Frozen,f03e3bfa-ef48-37c8-a19a-bb3c42f5d7e2
1998,1998,Madonna,Nothing Really Matters,b29322e9-2025-3184-bd36-293abfe0286e
1998,1998-04-27,Madonna,Ray of Light,bcb70a11-8973-3654-b7a4-00ef82e4af88
1998,1998-09-29,Madonna,The Power of Good‐Bye,1da86e80-42ae-3bfa-8d90-74b452a18305
1998,1998,Mafia Trece,A la recherche du Mic Perdu,49d930cd-bf28-4108-9d93-4c4878da6689
1998,1998,Mag 7,The Street Mix,7920a705-1df5-4b77-b171-fe61fcda866e
1998,1998,Magenta,One Mind,d45fefcc-dbc2-4b71-8008-562eb15ba066
1998,1998,Magga Stína,Naturally,1add6c97-9d7f-4a93-b7a6-9f5c412fc89b
1998,1998,Maggie Reilly,One Little Word,8dcaac53-357c-40db-b490-84dde88fa853
1998,1998-11-05,MAGIC,バーニング・ブルー,73b9957e-c0f8-4ed5-b27d-6946e0afa469
1998,1998-03,Magic Dirt,She-Riff,614728e7-4330-3ac8-8720-a98090657d5f
1998,1998,Magic Dirt,Supertear '98,8e450b52-e24e-49b1-9056-4968e3797026
1998,1998,Magma,Dzień Jak Piękna Kobieta,f9e02792-139b-4331-ab79-a199dead2e7c
1998,1998,Magma,Floë ëssi / Ëktah,2fba47f2-5247-3e24-9689-018373259e94
1998,1998,Magma,Motyle Kolorowe,b0d91d62-7977-48a7-aba6-8855d41198ee
1998,1998,Magnetex,Kiss of Def / The Target,d96a58f0-17de-44cf-b171-15f46bb35044
1998,1998,Magnetic,Your Pain,c61af105-386b-46c6-b7a1-024f8550d6c7
1998,1998,Magnetic II,Pole Position / Radarfalle,c7d352f9-0bba-471d-b944-2f2d43900350
1998,1998,Magnetic Media,Poison Vapor / Explosive,53f1cbe2-c6e3-3dcc-9ac5-fbe4afe7155c
1998,1998,Magnetix,Sphere Of Loneliness,be95f9db-9efd-4cf4-a475-a56517b54f3a
1998,1998,Magnifico,Silvia,3b12e909-6086-497a-9aab-17e5e4098a6e
1998,1998-09-30,Magnum Force,Unlucky Punk /.44 Calibre,dc92e1d9-ce34-44fa-9f6a-b11e3ba74b15
1998,1998,Magnus Uggla,Pom pom (Magnus Ugglas fanfar),87ba2b90-7740-3458-bf71-f02f423db847
1998,1998-05-25,Magoo,Holy Smoke,7e9115b2-aa09-3625-9999-6024b707416e
1998,1998-09-14,Magoo,Swiss Border Escape,d61812d5-5af3-491e-b517-7ad221b667cb
1998,1998-05-20,MAICO,MAICOは踊る,3903e7a1-4648-41d8-8df5-373fad81d110
1998,1998,Main One,Bring the Drama,ed98183b-90d8-31fd-b3f8-4e5ea17a5ee1
1998,1998-11-09,Mainframe,Outer Limits / Nemesis,0e20141c-ad03-3276-845f-88c5545b23b3
1998,1998-07,Mainstream,Can Jam,54bc5781-884c-385b-af14-ccc18e01141b
1998,1998,Maj Karman Kauniit Kuvat,Buster Keaton / Raasto,c7943010-a60d-327f-9bcb-5d0a8faf9aa3
1998,1998,Maj Karman Kauniit Kuvat,Ovisilmä,f558f8df-7a88-3e96-854e-e56edf598cfd
1998,1998,Maja Nikolić,Varali me svi,b70ca15d-7495-4fb2-ad93-b471d7c67f65
1998,1998,Majistrate,Prohibited / Circulation,13ace72b-b3f3-4049-a729-653a4d3a7427
1998,1998,Major Dundee,Cowboy Country,0012d5f8-6a88-4c77-8c10-3c669073ef7c
1998,1998,Major Dundee,Hey Suzy / Soul Rhythm,ffea1efd-b17d-47c5-907b-833762058ed2
1998,1998,Makai,Beneath the Mask / Polaris,a67c76bc-dcd9-44d0-b049-2b90be47e90b
1998,1998,Makoto,Wave / Jupiters Field,de5c2ec1-3baf-381d-ae4b-7911d0fba1b8
1998,1998,Makyo,Devadasi,d2ad9f53-e9b0-322f-86b5-aa09b24ca8ce
1998,1998,Malcolm McLaren & The World's Famous Supreme Team vs. Rakim & Roger Sanchez,Buffalo Gals Stampede,55eb6646-5cb7-3696-b40a-3c9d3bd3d751
1998,1998-05-20,MALICE MIZER,ILLUMINATI [P-type],0383e308-15a9-3af3-820d-1eaca8a65f80
1998,1998-09-30,MALICE MIZER,Le ciel ～空白の彼方へ～,b8230e36-1f82-3858-a8c7-678c1a8f7bb6
1998,1998-02-11,MALICE MIZER,月下の夜想曲,b0f3fcc5-a1f7-3a11-a0db-96bebfde0a97
1998,1998,Mama’s Jasje,een nacht alleen,10613c7e-781b-41ae-b2e6-40ba5c82931f
1998,1998,Mama’s Jasje,Ik Mis Haar Zo,3519d016-21f3-4ba4-b37b-27a326659a2e
1998,1998,Man or Astro‐Man?,Cuts and Volts,f51009b1-a2ed-4094-a3b2-a86be6c1d8f2
1998,1998-07-03,Man With No Name,The First Day (Horizon),9d102a88-25fa-3c7c-b39e-fac354459bbf
1998,1998-04-17,Man With No Name,Vavoom!,3e7bad28-2869-3f9d-a60a-26367dfb98f1
1998,1998-07-01,ManaKana & 泉谷しげる,おどるポンポコリン,0a0c7cfa-58a3-43ad-bdef-b5007d8a1e9a
1998,1998-12-03,Manas Robin,Mekhla Pindhibo Najana,8b856b2b-5e06-4498-869d-fb7d4430afc2
1998,1998,Manau,La Tribu de Dana,44e38e14-2f32-3ead-9af2-03acd7b3eed5
1998,1998-12,Manau,Mais qui est la belette ?,242d2d9a-a7ac-4bfd-ae62-56cc0554e6fb
1998,1998,Mandalay,Beautiful,00412ed5-7b14-316c-b7d8-0e09c4345dc8
1998,1998,Mandi,Pieni maailma / Aurinkosaarella,59f9fbd2-54a2-4a20-a45f-be9f57222e3c
1998,1998,Mandi,Pyysit minut bailaamaan,4f8a49a0-d09f-4e6e-92c7-f018bf3117f5
1998,1998,Manfred Mann’s Earth Band,The Mighty Quinn,5586c69e-7279-4e9d-9df6-27cae5631487
1998,1998-05-05,Mangu,"Calle Luna, Calle Sol",28183157-66b2-4ffa-876d-e67bb607191d
1998,1998,Mangu,Somebody,26d53ffe-f438-496c-b742-bd5076a1b3ae
1998,1998,Maniax Traxxx,Malfunction / Lost,48cbf79a-061d-49e1-a8cf-b8d7bcff4e4e
1998,1998-08-24,Manic Street Preachers,If You Tolerate This Your Children Will Be Next,5f3bd96c-66d5-3905-aede-c9ea57c860ac
1998,1998-12-09,Manic Street Preachers,Nobody Loved You,5f0da2f6-44dd-442f-97ce-ff6140a50ade
1998,1998-11-30,Manic Street Preachers,The Everlasting,84a11c96-92ca-347d-b92a-e1cb71fd8d3c
1998,1998,Manna feat. Sugar Merchant,Hoggin 'a' Dub,befcb32b-ce78-496e-b7a5-b6134d871c8c
1998,1998,Mano Solo,La Liberté,8c0422fa-233b-4f2b-9192-613eca1a3aba
1998,1998,Manolo García,Pájaros de barro / Como quien da un refresco,f80cc4e1-9c51-43d7-8fba-bed44b79a474
1998,1998,Manon Bédard,Allons swinguer,67f4c004-3b79-4276-8a63-6cd6de14c931
1998,1998,Manowar,Live in Spain,b7e41c13-ea2b-420f-9ea0-40968ef41aa9
1998,1998-12,Mansun,Tax Loss (Live),99e82f0b-7c3b-4587-87a0-3daff51a618a
1998,1998-06-30,Mantronik vs. EPMD,Strictly Business,6a23cb4b-e188-4b5c-820b-6ea6058a1ad1
1998,1998,Manu Chao,Bongo Bong / Je ne t’aime plus,93786698-1673-3977-8cd6-c7093e074d35
1998,1998-03-05,Mara,Always / Orinoco,f738b632-2888-480c-80e3-52c2066ced31
1998,1998-04,Mara Kayser,Das höchste Glück auf Erden,06a82a26-4e94-4f5e-bb6b-b3ea1e1c2041
1998,1998-06,Marasma,Pimp in Velvet,9d04dcc6-701f-39b8-81e3-9c37e1e07ad9
1998,1998,Marbles,I Love The Summer Days,19f9f11e-8290-386e-a93d-d13882ed8170
1998,1998-10-26,Marc Almond,Black Kiss,f8e0a95a-6aef-4b1b-acd6-41f758fea52d
1998,1998,Marc Cohn,Already Home,0c1bb9f3-5266-47e4-9917-f404fb97c070
1998,1998,Marc Cohn,Lost You in the Canyon,efe7d505-6bd1-41b8-9f0f-0994fb11a9ec
1998,1998,Marc Daniëls,Laat me niet gaan,35ebf502-407a-45eb-88cb-f86e51e1bbc5
1998,1998,Marc Daniëls,She Keeps the Angels Singing,2f76f7f3-713e-4a57-bc4a-ff343fb49b0c
1998,1998,Marc et Claude,How Much Can You Take? (Emotional),d28ca68b-393f-4508-b7d1-a200dcd2f830
1998,1998,Marc et Claude present: Chicago Jaxx,Vol. 1 - Dirty Bitch,262cd275-e612-46b1-b161-f5962d904726
1998,1998-08-20,Marc et Claude vs. Dr. Sam,A Tribute to Kraftwerk,428c5c0a-cfdb-397b-ae5d-d507abc9f898
1998,1998,Marc et Claude vs. Ralphie Dee,Sunshower '98,ba5136a9-8866-479a-be43-238884662ced
1998,1998,Marc Green,Green 3,2b9bfa84-c043-4325-82de-1c0a5591fa4f
1998,1998,Marc O Polo,Let There Be Snow,dd144053-87d4-45c3-bac4-088cef99d38e
1998,1998,Marc Smith,Encounters / Nothing More,75e9846d-5bfc-4225-976f-3d791280ca34
1998,1998-05-18,Marc Smith vs. Scott Brown,Hits Me Like Thunder,f57edec7-3658-4c93-9950-0f8899fa73eb
1998,1998,Marc-Aurèle,Yéku,b69a4e7e-6e92-4705-b0a0-1089008c7aab
1998,1998,Marcel et son orchestre,"Crâne pas, t'es chauve !",ffa60499-0c41-380e-b7e1-3e26e3b5c625
1998,1998,Marcia Hines,What a Feeling,b4ce9ddf-f66b-3bbd-9996-402825f0645b
1998,1998,Marco Bailey,Sweetbox,8f3430f4-f8f5-43f7-b564-a9acd3bd5fbe
1998,1998,Marco Borsato,De bestemming,9680253b-bd1c-4524-bb6c-7a89b189a6b9
1998,1998,Marco Borsato,Het water / Speeltuin,5d47c859-c263-4124-8c4a-1d9a870bc464
1998,1998,Marco Borsato,Jij alleen / Slaap maar,3ad7746e-c944-49d2-93c6-ce17a88cea3e
1998,1998,Marcus,Higher,ab9f489b-3634-4e8f-9540-556a8b88c784
1998,1998-02-02,Maria Nayler,Naked and Sacred,facd8870-0b76-3e05-b87f-2547a267ce8f
1998,1998,Maria Nayler,Will You Be With Me,20a13982-a4e0-39c2-bc6d-ea12d8606856
1998,1998,Maria Verano,Cantinereo de Cuba,04fec2d3-67f6-4ebc-93ff-b3615b91fb70
1998,1998-09-15,Mariah Carey,Do You Know Where You’re Going To,522025d7-3772-4ef6-924b-0598356251df
1998,1998-03,Mariah Carey,I Still Believe,394ef221-020b-3d41-93a7-61bb61b69a1c
1998,1998-04-21,Mariah Carey,My All,2172b4d7-bc8d-36e4-b3e0-f9591fec5502
1998,1998-03-20,Mariah Carey,The Roof (Back in Time),a354c049-f803-35fc-9874-4d534ca7a474
1998,1998-11-02,Mariah Carey & Whitney Houston,When You Believe,73a3b335-c927-3c19-8b2c-d0046e8161e1
1998,1998-03-22,Mariah Carey featuring Bone Thugs‐n‐Harmony,Breakdown,fc08931f-2ff5-4b1c-9434-0d968ede523a
1998,1998-09-15,Mariah Carey with Brian McKnight,Whenever You Call,e49ac1eb-3804-4e85-9b9b-3ea9fcfe9fc5
1998,1998,Marianne Molina,Je Me Souviens,c5320089-4439-46f5-b4e5-816181cf8d3f
1998,1998,Marianne Rosenberg,Ich bin wie du (Remix ’98),b9fd4e7c-0ed1-4455-831f-3b45603ed7ce
1998,1998,Marianne Rosenberg,Lover,82ec2463-5af1-48fd-825c-336a2c60fb5c
1998,1998,Marianne Rosenberg,Wie ein Leuchtturm,3e51441d-a828-42b3-a416-1393ed98babf
1998,1998,Marianne Weber,Jou vergeet ik niet / ’n Foto van je vader,b18ec8d3-8c50-4197-b5c2-bdc70efe3e8f
1998,1998,Marianne Weber,"Na regen komt zonneschijn / Zeven brieven, zeven rozen",91dfafd0-2736-4f33-8e55-cfd0b25c860c
1998,1998,Marie Line,Où Aller,2f1c0b58-fe2b-4e4e-b1cc-885ecb82e71f
1998,1998-10-01,Marie Luise Nikuta,999 Johr - Das waren Zeiten / Nikuta Kult Hit-Mix,6fc89437-6a2e-38ef-bd06-1d34fefb3afe
1998,1998-09-14,Marillion,These Chains,890a940c-0545-320a-a717-11d760795188
1998,1998-12-15,Marilyn Manson,An Interview With,4a73bcc0-8861-421b-8e87-a4c69e825226
1998,1998,Marilyn Manson,I Don’t Like the Drugs (but the Drugs Like Me),6d7fc388-6d94-3f2c-a654-85a8b81196ff
1998,1998-10-05,Marilyn Manson,The Dope Show,710afd9b-ab49-313a-9bb8-e6c57d6b962f
1998,1998-05-21,MariMari,J,5d4d0719-3d15-4525-a9e0-12c0cbdf7192
1998,1998,Marina & Hazell Dean,Sisters Are Doin' It for Themselves,2c440554-13bf-47f4-9707-c499e77c498f
1998,1998,Marina Rei,T'innamorerò,89ef587d-7a88-441c-8bd3-dabe945731d9
1998,1998,Marino Brothers,Trance Devotion,095eb675-48e9-46b3-86db-f2fa77283a77
1998,1998,Marino Stephano,Feel's,6e92e3d7-c7e3-4998-b8ab-7ea57fd4e18d
1998,1998-05,Marino Stephano,Vision Control,7a457ca4-7cc1-4291-a4fb-ddb2dccf0e08
1998,1998,Marino Stephano,Vision Control International RMX,8915ca4f-f33b-4edc-9b99-6bba515f4be3
1998,1998,Mario Piu' & Mauro Picotto,Spectra,41f05a1e-40ee-4595-88c0-4b8cbe8e1b26
1998,1998,Mario Più,Sexy Rhythm,ea0d0278-de17-40fc-adba-4e6e2bdfca6f
1998,1998,Mario Più,Unicorn,38f7755f-7127-4ec0-9406-43220851aa8f
1998,1998-09-30,Mario Più,Unicorn,dcdd44b6-005b-4063-b23c-7f925ca59323
1998,1998,Mario Più Feat. More,All I Need (Remix),4a4bca83-ccd1-45f3-9af8-cf7b40c8736c
1998,1998-02-02,Marion,Miyako Hideaway,22f2c53a-eaf1-3408-9a57-b79ef09b6973
1998,1998,Marisa Turner,Don't Need To Know Your Name,01f8e242-fee2-4240-9b4e-e80304b1a4fb
1998,1998,Marisa Turner,Don't Need to Know Your Name,25263862-fdb0-3b1d-a468-13729efa58fc
1998,1998,Marixa Balli,Cachaca,20be46b0-9a4d-4ec6-865c-a5149d9de960
1998,1998,Marjan Berger,De zevende hemel / Zeg maar niets meer,f50ac549-22eb-46f1-9ce6-dab803bbafd8
1998,1998,Mark Chesnutt,I Don't Want To Miss A Thing,2b81fbdf-47e4-4d3e-98ae-1384b53ae25f
1998,1998,Mark Governor,Stadium Rave (Original 1998 Mix),35aa430e-257b-4c73-bbf2-a71f570d7cd8
1998,1998-10-30,Mark J,Flight 19 / Aqueous,b341c8b7-cdc5-3aba-9916-f45dd9317885
1998,1998,Mark Kavanagh,Kick (Some Ass) / Funky Monkey,d5e73c94-0bc2-45bc-a378-0517619af90c
1998,1998-01-13,Mark Knopfler,Wag the Dog,ca34eaa7-95ce-49e6-b4a2-6ff8002d65be
1998,1998-10-21,Mark Lowry,Mary Did You Know?,4b1a868a-33d6-4568-9b77-b18ff0bc84da
1998,1998,Mark Sinclair,Tell Me What's Wrong / I'll Say a Prayer,5c0268db-1a8d-4b20-9704-43c2410ff769
1998,1998,Mark Sinclair & Choci,What Is Love?,be0f3cb8-68be-428c-b4d2-48312f9b182a
1998,1998,Mark Stewart,Consumed - The Remix Wars,ca019797-711b-3ccd-9ef6-014863a1c001
1998,1998,Mark Tyler,Rush,bec71384-5543-4c0f-b766-80a31014a5b1
1998,1998,Mark V. & Poogie Bear,Get Into It,e22df327-eaac-49b7-adf1-ea9563b846d0
1998,1998-04-03,Mark van Dale & Enrico,Water Verve,b6d5955b-829d-49d1-b49a-eddf6822feb2
1998,1998-08-29,Mark van Dale with Enrico,Power Woman,44bb2480-8686-4615-8d19-52445d0735ed
1998,1998,Mark van Dale with Enrico,Power Woman (Remixes),a22bd0e4-14b8-4f92-a9c0-663ff97a7cbd
1998,1998,Mark van Dale with Enrico,Silver Convention,46a479d2-031b-4b76-bed3-0a6adb33b50a
1998,1998,Mark van Dale with Enrico,Water Verve (DJ Quicksilver Remix),6a1b7727-4d69-47c8-ba4f-7f769faaf0ce
1998,1998,Mark van Dale with Enrico,Water Wave,7cb14cc2-960f-32be-a313-4c41ddb7c1bd
1998,1998,Mark Wills,I Do [Cherish You],f93ddbb0-1993-4166-bba4-6d9a8417340f
1998,1998-07-20,Mark ’Oh feat. Cécile,The Team on Tour,8c7748e3-a292-3d01-9b51-0050788b2123
1998,1998,Market,M6,52eb759b-c059-4653-b9df-4a1af69a0d72
1998,1998,Market,M6,be0fb16e-4d84-459d-a18e-831cafbd82a3
1998,1998,Marko Polo,Baby Queen Seventeen,880727fb-ec7f-4981-a78c-0f74b357019a
1998,1998,Markoolio,Drömmen Om Finland,5b82f196-847e-480f-90cd-a08935680147
1998,1998,Markoolio,Sommar och sol,82d06b5c-68be-31af-9889-5973edb02d1c
1998,1998-03-01,Markoolio,Vi drar till fjällen,d76bcd7d-0e80-4fb2-b083-604ae36cd52b
1998,1998,Markoolio,Åka pendeltåg,8b8aed56-c042-4c90-9c50-ae98f051a6f4
1998,1998,Marky Mark,Here With Me,1f365d72-dc2c-4f75-ac12-d4251dd43ac5
1998,1998,Marlene,Trance,475cb065-6cbf-4bc4-91dc-242d9ad2b0e1
1998,1998,Marlene Kuntz,L'odio migliore,3b8a7917-abc1-4f9e-ba00-55dec223757c
1998,1998-01-10,marqree,メルフィーユ,d2cfea9f-1c31-4e0a-958c-2b3a07e67fe8
1998,1998-09-01,Marshall Jefferson vs. Noosa Heads,Mushrooms,f14615da-8301-3697-a4ab-0dbb056f5049
1998,1998,Marshall Masters,Don't Touch That Stereo,88f206ac-bd11-46a0-80be-dd3c20e79a18
1998,1998,Marshall Masters,E-Ternal,8c7e9fea-81b4-4077-9d34-315aa4170a3b
1998,1998,Marshall Masters,Return to Zero - The Mystery Land Anthem,b16ad4ca-29e9-4080-88d3-19c251ffc114
1998,1998-02,Marshall Masters feat. The Ultimate MC,I Like It Loud,8a00e834-3195-3690-9dae-7667a518bf42
1998,1998-08-10,Martha Wash,Catch the Light,74e0629b-fbb6-3709-9a8f-c59fcb22956b
1998,1998,Marti Brom & Her Jet-Tone Boys,Mean!,e4146808-1e71-4fde-a08e-b9cbd847d9cf
1998,1998,Martian 044,Prayer Stick,b1af8d02-dfb9-3c48-9256-6e8d21118098
1998,1998-05-11,Martine Mai,Donne-Moi Un Peu De Ta Peur,f386f6c9-e1a9-44ae-b0c1-e06a3f47e0d7
1998,1998,Martinique,Pata Pata,1e1ec4c0-5ece-4870-af70-968bd5aca02f
1998,1998-11-15,Martti Servo ja Napander,Martin joulutervehdys,3c9d7067-a841-3cf2-ae3f-0b93cdbdab6e
1998,1998,Martynes,Send Me Back / Cosmic Space,a3b90352-6166-3976-8bc7-26066bb8df07
1998,1998-03-02,Marusha,Free Love,a1699c17-e6c9-4dfb-be2a-36c49d9781a9
1998,1998-11-09,Marusha,Ultimate Sound,1eff20c4-e88b-4cc1-a832-df80f53db99e
1998,1998,Mary Beats Jane,Small Town Boy,027138af-769f-47c4-88d2-cb6f250c9c4e
1998,1998,Mary J. Blige,Seven Days,a48cd559-7ad8-41f8-ab23-e01a611fbfec
1998,1998,Mary Lou Lord,Lights Are Changing,d74dbd2b-ee39-40f4-8c87-fa601b9125ad
1998,1998,Mary Roos,Heute Nacht bin ich nicht allein,1bbe5234-76e2-4401-a10b-c44e905873d8
1998,1998,Mary Roos,Leider lieb’ ich dich immer noch,75647a49-a536-40e7-9fec-54d1e6caccc3
1998,1998,Mary Roos,Sehnsucht,bcde2d48-0feb-4a6f-a990-c05968f4dcea
1998,1998,MARZ,OUTSIDE,d5c5687a-a77c-43f7-8d0b-02ab7c34da27
1998,1998,Mascara,Charly,09c727ea-e8de-4ea1-914f-2c9a21ecc802
1998,1998-05-21,MASCHERA,[ékou],acd3363e-405a-4eec-880d-4cb6c8b16415
1998,1998-02-21,MASCHERA,HYPERDELIC AGE/Still I Love You,27f0405d-60f9-4627-b420-b97f4e4b7e3c
1998,1998-10-21,MASCHERA,ラストフォトグラフ,e7cd1135-4fcd-41a1-992e-4076def64ff5
1998,1998,Mase,Lookin’ at Me,5a0813c1-2817-4734-9430-821bab7924c5
1998,1998,Mase,What You Want,d2189202-04f8-4fa4-9f9a-3991f847647c
1998,1998,Mase feat. Total,What You Want,a1cdd194-a79a-3872-9aec-1ad0186a4096
1998,1998,Mass in Orbit,Cozmic Orgazm,0c5200b5-1da9-4c96-be5e-68f9dc3ecc3d
1998,1998,Mass Syndicate Feat. Su Su Bobien,You Don't Know,a76cfc7b-a76d-4cfc-bbe4-49db692ea13e
1998,1998-07-13,Massive Attack,Angel,7b9ee8d2-0ba9-3d25-a441-5b6a1f46366c
1998,1998-09-21,Massive Attack,Inertia Creeps,2fa54e58-7647-4dcc-8a95-87ca8774abf8
1998,1998-04-21,Massive Attack,Teardrop,216dbacc-d807-35fe-aa51-3c97c0547e1d
1998,1998,Massive Töne,Unterschied / Hände hoch,eb33886e-8033-3ae6-b2d7-7bc9a4e3e43f
1998,1998,Masta Ace Incorporated,Born to Roll / Saturday Night Live / Top 10 List,cebaae48-35b8-4c68-b263-b8cf7c7c77e6
1998,1998,Master P,I Got the Hook Up,14910dd7-57c8-32f7-8b30-af94cc50e987
1998,1998,Master P,Kenny's Dead,77752d4e-04a2-404a-b9a8-c7cf890955be
1998,1998-01-13,Master P,Make Em Say Uhh!,8b95f616-1b38-3095-a2b6-0bf168ed24b8
1998,1998,"Master P featuring Silkk the Shocker, Sons of Funk and Mo B. Dick",Goodbye to My Homies,d0e8462e-da69-46a1-94fb-a73940fb6672
1998,1998,Masterboy,Dancin' Forever,6ae3a174-c7b2-41c4-ad15-8c96c1a974db
1998,1998,Mastermind,Shaft / 70's Flava,b108938c-388e-4d55-a64b-0d07adc8792c
1998,1998,Matador,The Lesson,5393269d-8e42-4ff2-85b7-51f175e0b6e3
1998,1998-10-08,Matchbox 20,Back 2 Good,5a025dc6-2d7d-4f31-90ab-d78af0e84169
1998,1998,Matchbox Twenty,Girl Like That,ed3d649a-5103-4f8d-bbb5-fa7b40b198d9
1998,1998,Matmatah,Lambé An Dro,5d7c8e27-daef-4dd4-956d-ed925da35752
1998,1998,Matmatah,Lambé An Dro,96eb0a49-e273-3a43-88f9-3676a2a2b8b7
1998,1998,Matrioska,Can che abbaia divora,b950308f-db24-3ab6-a0b8-cbf1ec257c6d
1998,1998,Matron 3000,Matron 3000,ff1ebef1-2b1b-4890-b9a1-42a6eb103e8c
1998,1998,Matthew Marsden,The Heart's Lone Desire,15c71e8c-fc5c-418b-acef-c02bd6e03d20
1998,1998,Matthew Marsden feat. Destiny’s Child,She’s Gone,0997dc13-91e0-4e7f-acb5-8bc8441ed784
1998,1998,Matthew Ryan,Dam,719b48e6-e5cd-47b0-ae7a-4e4e092f4c59
1998,1998,Matthew Ryan,The Dead Girl,2ea4bb10-0b0c-4648-b2d5-e3a2f470342a
1998,1998,Matthias Carras,Voll Erwischt,062158d0-f324-4d1a-85ae-8d920cdaa62e
1998,1998,Maurane,L'un pour l'autre,86e304c1-32c4-43d5-a267-2c026b4945ce
1998,1998,Maurizio Braccagni,Mosquito (The Remixes),526466ea-9349-480c-962a-69c26a0153a6
1998,1998,Mauro Picotto,Honey,45e19405-1189-4031-a4b3-a2f88d007e5f
1998,1998,Mauro Picotto,Lizard,9c68fb54-9da8-3419-a954-473e1f800954
1998,1998,MaUVe,"""93""",b4254868-2aee-4ab0-b16e-29c3a7dedd15
1998,1998-09-09,MAX,Grace of My Heart,4ba89044-2016-300d-865d-43345ac1d988
1998,1998-07-23,MAX,Ride on time,2801f48f-ece1-4b15-91b3-e69c2ab0c7ce
1998,1998-04-22,MAX,閃光-ひかり-のVEIL,81988548-e521-3680-937f-d3811997ab24
1998,1998,Max & Amino,Chemical Imbalances Remixes,44ca9448-5d07-4640-bfda-7a59bf9dfe8f
1998,1998,Max & Amino,No More Music / Let the Bass Kick,d5623ac8-f3a3-402d-bab7-b3799ded1f12
1998,1998-02-06,Max + Amino,Last Laugh / Acid Bambi,3df93c36-0159-4fdf-b727-cfcb209c1677
1998,1998-06,Max Reich & Johannes Foufas,Alchemy,1fd8e521-7abc-3729-b250-2e38aa1b0c82
1998,1998-02-02,Max Tundra,Children at Play,e80cb7d1-2dfd-30a3-9225-5c54ed1a747c
1998,1998,Max.Brothers.,Ring.A.Ding.,ed535477-7652-4026-96ec-9bcf3dc01cba
1998,1998-04-20,Maxie,Weiche Knie,8cefec71-e910-4dcf-be2f-7df990ca33fb
1998,1998,Maxwell,Luxury: Cococure,03c348e1-6e9c-4a24-9cab-fea017d1d529
1998,1998,Maylay Sparks,Unusual Styles / I Mani,b40ff813-0b5e-4b0d-bb25-0a3975501787
1998,1998,Mayte,Rhythm of Your ❤,62e3ce5e-b06d-4bf1-947a-c19d46009983
1998,1998-07-07,Maza,Cosmosis,f0ac1b39-f8cd-466e-a222-cba8b2ed16f4
1998,1998,Maëror Tri,Pleroma / Altrove,70a72e0f-f083-4571-bb75-4adc48941bf6
1998,1998,MC DT & CKP & Raffles,It Takes Two,9b956799-53bc-4c79-a67d-a20af6f9e39e
1998,1998,MC Lyte,It's All Yours,8233ebe5-423a-4b05-9ff0-cfd2a151d07a
1998,1998-08,MC MC & Rushour,Music Maker,481b87f5-1a0e-4191-81f9-63305782d5ae
1998,1998,MC Ren,Ruthless for Life,c19626f8-e5db-3dc4-ae7c-b24fdcb8e290
1998,1998,MC Solaar,Galaktika,178c030e-9c52-42c2-ad1f-ffd3d966cda1
1998,1998,MC Solaar,La 5ème Saison,0da904ee-797f-4703-a73e-d1ed904294ee
1998,1998,McGruff,Many Know,81d6e248-61c8-46a0-9fb9-682a3c5a1678
1998,1998-07-28,McGruff,Villain Guys,8c23921d-67ef-4c75-b298-c39611f7b6a6
1998,1998,McRackins,We Like to Make Records,336e1281-54e2-4174-8b70-899d1decd195
1998,1998,Meadows End,Beyond Tranquil Dreams,bc3223b9-b325-4e03-bc80-4541844192fb
1998,1998-07-07,Meat Beat Manifesto,Acid Again,ae71fced-9362-3147-8354-5ab96c7eadad
1998,1998-11-23,Meat Beat Manifesto,Prime Audio Soup,7c5b2354-31fe-388e-941b-10a66327503f
1998,1998,Meat Loaf,A Kiss Is a Terrible Thing to Waste / No Matter What,42405d4c-05b8-421d-b8c6-cad98120e956
1998,1998-09,Mecano,Cuerpo y corazón,c1de5af0-8002-4e5e-9213-2027c23fabcf
1998,1998-03-23,Mecano,El club de los humildes,96130b63-4650-4e34-b08d-e7daaa4f6cf9
1998,1998,Mecano,El mundo futuro,a1aa975c-17b7-480b-a808-bc6228f5a809
1998,1998-03-23,Mecano,Le club des modestes,38df8501-ef9a-419b-a21d-d99563115afc
1998,1998-05,Mecano,Stereosexual,239d85c4-bb78-4a48-b8d8-3f134fe8d648
1998,1998-09-23,media youth,キミの未来,76e3d66d-8feb-45f2-aa2b-396fe8e57404
1998,1998-06-10,Media-Youth,SONG FOR SCAR PEOPLE,2dce1fa1-6281-45b9-b2aa-2001b837e853
1998,1998,Medina Green,Crosstown Beef / Fa-La-Lashe,a8ef59f9-006b-3158-8f8f-c693325f0946
1998,1998,Megadeth,Use the Man,06b8a479-a3e0-4276-aaca-35a35f608085
1998,1998-09-21,Megaherz,Liebestöter,18a647fe-6b75-347e-9157-50cf77196739
1998,1998-03-30,Megaherz,Rock Me Amadeus,0ee61862-d1ca-3ec9-acac-f5c43c71049f
1998,1998,Megamind,Listen to Me,2deeba0e-ac28-4730-a854-ff7bd7aa3801
1998,1998,Megatronic,Electric Operator,be865364-8912-4069-9ab9-11c5ce7eeb95
1998,1998-03-09,Meja,All ’bout the Money,4593e6af-c5e3-3b6b-b568-2b0be385240f
1998,1998-09-14,Melanie B feat. Missy “Misdemeanor” Elliott,I Want You Back,603773fc-611d-375c-9846-c98266c36b53
1998,1998,Melanie Doane,Happy Homemaker,65028e28-5da7-4530-9c81-6560861bdb63
1998,1998,Melanie Doane,Waiting For The Tide,42cffb87-15d9-4c4b-a3f9-db8377e7b626
1998,1998,Melgroove,Apoca arrive,2740dd11-c933-4589-85e3-8c6dcfa56835
1998,1998,Melissa ’t Hart,Demo,65e229fe-5a7f-4779-934d-760cfced3224
1998,1998,Mellow Trax,Phuture Vibes,a13dbc85-94bb-4768-a42b-5ca9230b4748
1998,1998-03-16,Mellowbag + Freundeskreis feat. Mr. Gentleman,Tabula Rasa,1bd992ed-7cae-3c24-8581-76baae31f644
1998,1998,Melonsniffers,I Want to Talk,87804059-8325-3a05-9cdf-68b27171251d
1998,1998,Melonsniffers,This Is What You Want,2163293a-9f95-3b56-97f0-55058adc4ce9
1998,1998-11,Melotron,Dein Meister,8103da82-573b-365c-a253-d38902680c75
1998,1998,Melvins / Cosmic Psychos,I Can't Shake It / Some Girls,f923a339-26fc-4be2-a5b6-43c408abc963
1998,1998-01-06,Melys,Ambulance Chaser,8c1fa19b-f89c-3952-938c-c5537f5ef082
1998,1998,Members of Mayday,Save the Robots,f41dd08b-8446-34c1-ba7c-31f1aac31a9d
1998,1998,Mental Market,Insults,4571c3f9-edd6-3a6a-8066-7c8b3aa06c81
1998,1998,Mental Power,Netherlands,993a47b4-b316-42cb-9757-9e39e4f34983
1998,1998,Meo Lorenzo,Dream's Road / To Be Continued,3da4b9e4-b59b-4f33-a51e-45f46bfd235e
1998,1998,Mephisto,People,fc4e4839-47c9-4135-8056-4b309fbd1b18
1998,1998-11-02,Mercury Rev,Goddess on a Hiway,5ef5bebb-f19d-3653-bdbb-1d8f812da42e
1998,1998-03-10,Meredith Brooks,Stop,15671903-2fd7-4d58-b518-e92fbef3f60c
1998,1998,Meredith Brooks,What Would Happen,878e550d-8efd-3fad-a7a3-df62bbca803a
1998,1998,Meridian,Solar Flare,366740cf-a618-328d-99d4-f531e6d017cd
1998,1998,Merimaid,Luv Is,8ee3e93a-c0f8-33a4-8603-649788015c10
1998,1998,Merril Bainbridge,Lonely,4e5592cf-09d2-3cd8-aae0-0911c696f73f
1998,1998,Merril Bainbridge featuring Shaggy,I Got You Babe,20cfc445-9669-40e2-8862-45eced1f0428
1998,1998-03-21,MESES,You and You,e4b50ed1-868f-4432-9bb9-65a45cb7b216
1998,1998-04,Mesh,Trust You,a266ba07-9b13-3453-8405-bf4f1f415747
1998,1998,Meshuggah,New Millennium Cyanide Christ + Corridor of Chameleons,e4b24dd2-24e1-4074-b8f1-75763fd65b69
1998,1998,Messiah,Reincarnation Of The Mysterious / Drum Of The Temple,e2261170-7576-489a-b0d9-c73d16cbc199
1998,1998,Messédasch,Hora,58189e1f-a104-4f52-a00a-c472f394d8eb
1998,1998-07-16,Metallica,Better Than You,23e0b5fa-a76f-48ff-9db8-f692541f598b
1998,1998-06-16,Metallica,Fuel,14766c54-28bd-3564-bf89-9a6f54f3e3e3
1998,1998-11-16,Metallica,Turn the Page,292fc62d-5e83-3ce8-b6c0-5d702babdbe3
1998,1998,Metallica,Whiskey in the Jar,4874ad05-c962-3a9c-abb1-bdaf33e295f2
1998,1998-02,Metamatics,Onyx / Neo Ouija,0b43970e-0250-3fbc-af0c-c7188b1828cc
1998,1998,Method Man,Dangerous Grounds,bc676d34-70dc-4889-8124-5dfe8a135c3f
1998,1998,Method Man,Judgement Day,04f05d4d-9162-4543-9907-5c9d044ad5aa
1998,1998,Method Man featuring D’Angelo,Break Ups 2 Make Ups,c1b9a4af-9534-484e-ada1-f96947608e87
1998,1998,Metrotone / isan,Fahrenheit / Rron,bfcc74a3-bda3-4573-8096-af0ad77c51da
1998,1998,MF DOOM,The M.I.C. / Red & Gold,fd70ee3d-e75c-3d89-87ee-d8c7c6c6a39b
1998,1998,Mia Martini & Roberto Murolo,Cu'mme,b1c3cb57-b632-4988-be49-d6171d86f2f4
1998,1998,Mica Paris,Carefree,7f9c6820-c63f-42eb-bef3-cdcef2c145f7
1998,1998,Mica Paris,Like Dreamers Do,ab04b964-8c7e-4d47-9ad5-b78bcca38a3f
1998,1998-05,Mice Parade,My Funny Friend Scott,089177ec-a52e-3b9c-8896-14a33f74fd6c
1998,1998,Michael English,Blue Velvet,4d7a9bae-0f41-4ce8-ae54-977f4fc254f4
1998,1998,Michael Falch,Singler (Nederlaget i '64),922c6beb-284a-41a7-946e-bad1b4e5ad47
1998,1998-10-12,Michael Head & The Strands,Somethin' Like You,2bf2acf4-14cc-400f-9ae7-4ea8ea2bf343
1998,1998,Michael Knight,Knight Ryder,75032be7-9ffb-31e5-94f9-3e640c939949
1998,1998,Michael Simon feat. Kane,Feel Like Dancin',03badc80-8126-481f-b992-654f5aa6a4c7
1998,1998,Michael von der Heide,Bad Hair Days,35cc1037-4013-3042-8462-889964ef7177
1998,1998,Michael W. Smith,Love Me Good,283c8234-9250-43dc-bb4b-22d5240efebd
1998,1998,Michael’s Beatbox,Kwakhak,97c1872a-f191-4495-adf8-6374c3fcaf6c
1998,1998,Michel Fugain,2000 Ans et un jour,162c5b6f-703b-4a8d-a06a-f15c6760d735
1998,1998,Michel Fugain,De l’air ! De l’air !,f4d85235-a5e4-496c-ab3b-2549812a6cc5
1998,1998-02,Michelle,Kleine Prinzessin,72bcfdff-e8ed-4d6d-9986-8d74bf458215
1998,1998-10-05,Michelle,Und wir wollten doch mal fliegen,4b9cdf21-6323-4f4c-a368-ec559781ef8e
1998,1998-06-04,Michi Lange,"Brothers, Sisters: Remixes",f175b3d3-934a-43c1-b50b-83ba228d5b1c
1998,1998,Mickael Winter,Personne,1b411956-da71-4b5d-a585-ca202005acce
1998,1998,Mickey,1-2-3 (Uno Dos Tres),e627f106-c15a-4915-bc76-25ff4b524e83
1998,1998,Mickie Krause,Anita,b7aba9e0-1f3a-4e37-991e-c888cb1d69fa
1998,1998,Microphones,Bass Drum Dream,e7f7c0f7-ba37-46c7-bea1-20cc7cb2390d
1998,1998,Midge Ure,Fields of Fire,f0ad846a-9afe-4368-91b8-48a695e8e267
1998,1998,Midget,Invisible Balloon,c31c3cad-ac80-3e29-b790-66e5b7d21c32
1998,1998,Midnight Oil,Cemetery in My Mind,4e3f0b8e-c511-43ab-86e7-dfb3b9846a87
1998,1998-11,Midnight Oil,Redneck Wonderland,e26b96ba-4e0f-320a-b09c-8aacf00c825b
1998,1998,Midway,Broke,7508f04f-fddf-4d87-b9bc-e15c78f3915b
1998,1998-03-09,Mighty Alliance,Windows of My Mind,c606fcfe-d7c3-3e8c-a0a1-cc11942e9ed0
1998,1998,Mighty Flores,Take Me Away,74c3aa52-9e61-4808-bc14-86afee55718c
1998,1998,Miitta Sorvali,Miitta Sorvali,3ab639e2-0aa6-4296-8703-ed370473c081
1998,1998-11-13,Mijk van Dijk & Claude Young,Never Have It Cold,a29e42ae-b56f-459d-88e7-5c29a371af23
1998,1998-05-12,Mijk van Dijk & Thomas Schumacher,Delivery,b5281d39-4b03-46ab-bbe5-4fb81ff1b947
1998,1998,Mike,The Vibe,df058533-598b-4615-8802-89db5a00c41d
1998,1998,Mike & Bo,The Name Of My DJ,c1746e99-7101-4254-b79c-99b1a9c60886
1998,1998,Mike 303,St. Sylvestre,32f18816-4382-325e-8c31-c163e85fe5c6
1998,1998,Mike Bauhaus,Wenn du mich liebst,42560beb-5f39-4c71-bf3e-e60eb2bd527b
1998,1998,Mike Brady,Courage in their Eyes,8d625807-a378-4c2c-86ec-14421fd42d81
1998,1998,Mike James & Mark Ryder,It's Not Over,0c80a932-f31d-472a-a548-3ee896f3659d
1998,1998,Mike Koglin,The Silence,2b7ef6e5-033c-4b48-95c4-ed67f5cad0be
1998,1998-10-01,Mike Ladd,Blah Blah,383122c7-2b1e-4422-a221-a44fb88593eb
1998,1998,Mike Oldfield,Far Above the Clouds,e884b2c8-1ac5-368e-9f6f-b28a6e84ccdc
1998,1998,Mike Oldfield,Man in the Rain,d53aa29a-051a-386a-b4f8-35eee2d6079b
1998,1998,Mike Oldfield,Secrets,c08ff1a9-ff42-4335-b4ad-f3402564001b
1998,1998,Mike Oldfield,The Top Of The Morning,c0002dd2-a05e-437d-b053-12e2d4504f14
1998,1998,Mike Parker,Shakuhachi,6a3bcc55-7b7a-470b-afd3-99a1d6a8dea9
1998,1998,Mike Parker,Vertebrae Waltz,167369df-5011-4cae-b04b-f00e53d9a218
1998,1998,Mike Watt,Liberty Calls!,91e15853-4ee7-4ed5-a959-63f84b61c17a
1998,1998,"Mike Zoot Featuring Consequence, Talib Kweli, Mos Def","High Drama, Pt. 3: The Search For 2",a5efc522-723d-4118-9cdd-0fbbb478bfd9
1998,1998,Mikimix,La mia buona stella,755f29fa-a5eb-4690-a1fa-f4104e4ca4eb
1998,1998,Mikimix,Vorrei che questo fosse il paradiso,888939f7-d9c2-487e-9fdd-a9732024dc2a
1998,1998,Mikko Kuustonen,Jerusalemiin,6dfac5cc-b4e6-4bc1-a1de-562b4ef79f23
1998,1998,Milemarker,Receiver,30d5518a-2053-4916-9d00-819c6e77e165
1998,1998,Milemarker,Sex Jams,e594cb5f-9e22-3eae-b1b5-228bceb3b8df
1998,1998,Milemarker / Yellow Road Priest,Milemarker / Yellow Road Priest,4a42927e-b438-4a99-b8b4-debbf4eeffb4
1998,1998,Milk Inc.,In My Eyes,fadd27d5-e492-3461-b588-ef7cf8e03498
1998,1998,Milou Largo,Tu feras de moi,31258365-33bd-43a0-8db7-80f2f41fb98a
1998,1998-10-05,Mind vs. Buzz,The Temple Of Love,cd891f0c-3ce1-434a-9d59-7021de87d614
1998,1998,Mindfeel,Hesitate,07d2036f-0823-4e4a-8260-63fe99d8d337
1998,1998,Mindless Drug Hoover,The Reefer Song,1d469a92-e94e-4417-8732-9dfbe7c70da7
1998,1998,Mindscape,Genetic,afe28cf3-4a20-3d89-b6bf-d7cd825f14c7
1998,1998-05,Mineral,&Serenading,cac3e106-c0d8-3535-ab5d-60c8a4af1ba6
1998,1998,Mineral,February / M.D.,86a99465-75be-3d3a-be3d-7e2efb72069d
1998,1998,Ministry of Sound,Land of Fantasy,7d6daa16-7999-4b26-b1c4-6d4528abef75
1998,1998,Ministère AMER,Les rates aiment les lascars,52e3a209-2b1b-3d3b-ad2b-e49dc7999e22
1998,1998-08-21,Mink,真夏の星座/SCHOOL DAYS,93e0d3a4-9e59-4112-a8d9-22c648cac31f
1998,1998,Minox and Lydia Lunch,U Turn,66235822-e1e7-4b61-9c1d-50e24dc3409c
1998,1998,Mirabeau,The Beat,1f021fcb-c31c-4504-ae81-a6590c2783ff
1998,1998,Mirage,Keoma / Syrus,0492dc2a-1e4f-42f5-9b37-f42cbeb2d3c4
1998,1998-06-25,MIRAGE,Matina PRESENTS 1998,3c610669-6c17-4e1a-a470-7ee7e644806e
1998,1998-05-21,MIRAGE,Rain,022abf24-d660-4360-8f72-d676b4fc3391
1998,1998-02-14,MIRAGE,「赤の楽園」,939f73a1-f8ee-4862-9ef5-7a067430d0e0
1998,1998-02-14,MIRAGE,「黒の楽園」,b587d04b-84b2-416d-a43c-4c927b412a3c
1998,1998-05,Miranda,Tellus Twin / Space Baby,05216c5f-0fc2-4f71-ad51-bef745403629
1998,1998,Miraya,Im Garten Der Träume,24660de6-1e14-4e7b-9305-55888f1d13a1
1998,1998-01-01,Mircalla,The Sound of...,6e06cd2a-432a-4617-9d43-4b9da71d9d4b
1998,1998-05-16,Miro,Paradise,05152bd5-db56-3823-a433-4a37ea02d33e
1998,1998,Misa Negra,Spiritual Vibes,7d7c4139-3904-3deb-aee3-0f883d5bb57b
1998,1998,Misar,Poison,b2f3b7c3-fb59-4e81-8207-e47a1591ea08
1998,1998,Misar feat. TJ,The Search (Find My Love),e09df074-53ad-4fcc-b820-1d99cf058a65
1998,1998-12,MISERY,・・・生命ノ残骸・・・,dd94c87e-b6b7-457c-a76b-cb44b2b92f13
1998,1998-11-16,Misery Loves Co.,Earache: Nextgen 98 Tour,23c8c0a6-7544-4d13-8ea1-f299464018f7
1998,1998-02-21,MISIA,つつみ込むように…,251a0d0c-e5ab-3a78-bf2e-d3ece761d14a
1998,1998-05-21,MISIA,陽のあたる場所,8bd285d8-0823-4dc3-b611-093bf05a05b5
1998,1998,Miss DJax,The Analog Sessions Of Darkness,4437e8d5-cc75-485c-a38d-d18dfe53c4f7
1998,1998-01-30,Miss Flower,Power of Flower,b6bf8c2b-ad4e-4e8d-b017-e77c4c738b90
1998,1998-12-24,Miss Jane,It’s a Fine Day,35621f04-a1bf-3cae-b8ef-1ba85374b2b6
1998,1998,Miss Shiva,My Secrets,52fd2194-adf6-3814-b170-53e8207c0a4b
1998,1998-02-25,Missalina Rei,桜花乱舞,66333207-0f5d-47a8-a69b-303db6d0b3f1
1998,1998-11-21,Missalina Rei,虹色した飴玉のもたらした幸福なひと達の生誕からその顛末まで,ad6f37ba-b6f5-3601-a4e9-9d6129714646
1998,1998,Missin’ Linx,M.I.A. / Lock'd D,aa83db9f-ac6f-3cfd-bc95-94ac94c50720
1998,1998-11-11,MISSION,Show me × Show Me,1c081969-6f9e-4d71-a5d4-28f3ec393833
1998,1998-07-23,MISSION,素肌の季節,68ab291e-a790-4308-9e52-d231c229ddb4
1998,1998,Mission Control,Module 8 / Penance,fdc7df48-72a2-4e24-9f9c-9fb52d7d3898
1998,1998,Mission Control,Rest in Space / Turbine,a3c61d50-4ad5-3ea6-bb3f-309bdf91fc75
1998,1998-01-01,Mission Control,Where Does It Hurt? / Tripli-Cut,07609be1-f01c-409c-9f3d-50b1411d0684
1998,1998,Missy Elliott featuring 702 and Magoo,Beep Me 911,9bce5124-a3e1-376a-a442-90eee4b2549e
1998,1998-08,Missy Misdemeanor Elliott feat. Lil’ Kim,Hit ’em Wit da Hee,cdd4b37b-92d0-4493-9503-c9ac28ef47f0
1998,1998-05-10,Mister DJ,It Ain't Over,926472dc-3b08-48af-bf72-6922e8082212
1998,1998-09-28,Mister DJ,Nowhereland,8bf57b8a-4d60-4620-8757-1439834eb9ef
1998,1998,Mister John,Potverdekke! It's Great to be A Belgian),c75ab610-89f2-4802-b9e5-db3ec0cb927a
1998,1998,Mister Willy,Mister Willy,76d6a5a4-d5ee-3c3f-a0d6-8a3a0ed89884
1998,1998-04-29,MISTRUST,message,354c5979-2f59-44a0-b053-eab0d340c5f4
1998,1998-06-03,Misty Eyes,Can't Stop Loving,61f52084-6589-4852-a0a6-1269cc9c913c
1998,1998,Miten,Ku Wa Te,50e49cc0-6edc-4c51-9774-4cfc4c252b73
1998,1998,Mittelstandskinder Ohne Strom,Winter Kills / Spirulina,131abbf2-c240-4dcc-b975-12d0c2f9cf09
1998,1998,Mizery,The Omnipotent MC,9bf2c00c-3603-4525-adad-227dea82aab0
1998,1998,MJ Cole,Guilty / Flava Fever,a24aa580-33e3-3ab4-ba73-1b2da8cca89d
1998,1998-09-28,MJ Cole,Sincere,05c158ef-ba24-3a44-b422-0039d2b2db2d
1998,1998,Mo Magic,Emotional Breakdown / Downtown,f059708a-7bc5-46f8-81df-5f49907d1f1d
1998,1998,Mo Thugs,Ghetto Cowboy,82a5b7d7-9219-3a0a-bf20-5ab51c707e42
1998,1998,Mobbs IV Real,Missing You,50dd6baa-2812-4fa4-9a3b-55f22fa0c188
1998,1998,Mobile Homes,Definitely Wrong,8e06b4c3-f80e-4b93-b60b-4839e4bf9dab
1998,1998,Mobile Homes,United,1b3349e2-6d84-4256-99fb-26e384a231e5
1998,1998,Mobile Homes,You Make the Sun Shine,c9b39431-5a37-4095-a091-1c61155ebba1
1998,1998-08-24,Moby,Honey,5f01b729-0e07-3bc8-858c-4d9d1d08a750
1998,1998,Mocean Worker,Detonator,13422d97-05d3-424c-99b5-317bd5e6aaa8
1998,1998,Mocean Worker,Diagnosis / Boba Fett,7f8cdb01-21a6-4a9a-a471-2ab3fad8a67f
1998,1998,Modaji,Outboard Jeopardy,f24fb826-6aae-367a-b567-d7de5fb35476
1998,1998,MODE-GRAPHIC,I,42292ccd-24bd-434a-a346-e6c87b25236e
1998,1998,Model 500,Be Brave,baa2b1fb-6776-34d6-ab06-ae034e43720a
1998,1998-07-20,Modern Talking,Brother Louie ’98,f62a52fe-b508-43be-a135-6f9d9ab394f1
1998,1998,Modern Talking,Space Mix,ea78737d-558a-44c5-852c-57945939fd74
1998,1998,Modern Talking,Space Mix 98,c01c096b-dcba-3257-b390-9ed6d5c6579e
1998,1998,Modern Talking,We Take the Chance / Space Mix,89a7568e-4d2e-4379-9dc7-2f0f27d4e5c7
1998,1998,Modern Talking,"You’re My Heart, You’re My Soul",c53113b4-b742-4aa5-b3b3-836d2af5c652
1998,1998-05-05,Modest Mouse,Never Ending Math Equation,58cca047-44d7-3193-9935-f76e989abfcb
1998,1998,Modest Mouse,Other People's Lives,4238e56a-11d5-3e39-bf69-69aaa04404a1
1998,1998,Modest Mouse,Polar Opposites,4826810a-207f-4328-8afe-fe822a969a08
1998,1998-07-07,Modest Mouse & 764-HERO,Whenever You See Fit,c5e16cf2-ba1b-3975-a0cb-3ddd9193abda
1998,1998-03,Mogwai,Mogwai Fear Satan Remixes,962ccd0e-5238-35e3-875c-2893077fc7d1
1998,1998,Mogwai,R U Still in 2 It?,718da6d7-9f99-49db-b8d6-cbe599f3056f
1998,1998-03-23,Mogwai • Magoo,Sweet Leaf / Black Sabbath,01f53fc0-10dd-36f5-aa0a-b9de8db985bd
1998,1998-09-07,Mojave 3,Some Kinda Angel,c7102a92-45e4-3139-8c98-bf0f1a1b0b3b
1998,1998-06-29,Mojave 3,Who Do You Love,f3755545-5726-30ff-8234-f4841c982292
1998,1998,Moka DJ,New Order,ae85f4cb-5c4e-461e-aadf-c67116158ad7
1998,1998,Moksha,Huxley's Medecine / Iteration (Remixes),530b818a-bf5e-4c47-a761-873a45cc722f
1998,1998-06-01,Molella & Phil Jay pres. Heaven 17 meets Fast Eddie,With This Ring Let Me Go,58e4f680-0946-380f-8edc-c6132cf9dce7
1998,1998,Moloko,Sing It Back,6d36d28b-dbfb-354f-a1bb-e2f6600785d9
1998,1998-05-04,Moloko,The Flipside,41b2df59-aaf6-3f3c-a738-4cfaffebc4b7
1998,1998-02-10,Mona Lisa,Stay in Love (dance version),3627290a-0a84-3942-9426-834f0d19728e
1998,1998,MONDAY満ちる,You Make Me,20ef1576-0844-4cf3-9229-c2cfbfbe092e
1998,1998,Mondsucht,Der Totentanz,1d844694-2c00-394f-ae2b-0aa7ee70f37b
1998,1998-02-16,Money Mark,Hand in Your Head,2ef07ab4-6a9b-38ca-97bf-13cd06e68d0d
1998,1998-04-20,Money Mark,Maybe I’m Dead,a1a06120-8427-3a40-9278-8ce58f2357dd
1998,1998-11-17,Monica,Angel of Mine,1c11b9f0-6337-4ca9-8b4c-25966838031b
1998,1998,Monica,Street Symphony,1a9a093c-2478-3673-9028-472cf68090d1
1998,1998-06-18,Monica,The First Night,108f68b6-c4b4-3f81-8bb2-ae36a2ab3759
1998,1998,Monica,The First Time,ed397dad-23d9-4c6f-aaf5-33c00c0a7785
1998,1998,Monifah,Touch It,24df3ac3-2fc3-3a6d-b25b-0176221a97a4
1998,1998-07-20,Monika Hauff & Klaus-Dieter Henkler,Bouzoukimann,2209cd21-797f-4306-8939-06d500e4bc7c
1998,1998,Monk & Canatella,Son 4.5.98,7e6ef0a3-b4d0-4dfc-97ac-77947bc5cc20
1998,1998,Monkey Lee Knockouts,Baptized by Fire,85ac5213-e7f4-4526-a23b-ec47bbec0e98
1998,1998-04,Monkey Mafia,Long as I Can See the Light,08c563a6-da47-4fbc-80de-e68c168f41a1
1998,1998-07-29,Monkey Mafia,Work Mi Body,5eba0a44-8648-485f-9743-2d5319509626
1998,1998-06-29,Mono,High Life,f61826c0-0115-3d41-bfa3-7bae043370ef
1998,1998,Mono Culture,Free,6beb16ea-6952-3d75-a66d-d4ea4c71a86d
1998,1998-06-15,Monograph,Paper Museum,1b44157c-f7be-4757-b9eb-8f1d01a7c12e
1998,1998,Monsieur “R” featuring Akhenaton,Et si c’était demain,7ae3a8d3-53b4-4836-89f9-ca0d62b8bdd7
1998,1998,Monsoon,Africa,0230aabf-536f-44bb-aef1-b25b21a17cdb
1998,1998,Monster Magnet,Let It Ride,7448cbc7-706c-3a7c-87c5-61f7515f2f13
1998,1998,Monster Magnet,Powertrip,7c2c16cf-c0dc-31f2-b1a7-19aa9255dd48
1998,1998,Monster Magnet,Space Lord,dd7ea59d-8d8a-3996-9514-dec0d7adc965
1998,1998-02,Monster Vision Inc.,Don't Push Your Luck,82d37064-8b3a-4434-874b-622c156cce9a
1998,1998-08,Montauk P,If I,25d2a3bc-e4db-39e2-8725-e2058f490aae
1998,1998,Montell Jordan,I Can Do That,2d66c7d7-1098-3eb0-a807-f3058c2382c3
1998,1998-03-10,Montell Jordan,Let's Ride,7ab2fa6f-bcef-381d-af4d-c004cacfef57
1998,1998-01-20,Mood,Karma,7498e942-a6a7-4a00-a37e-2de83b04dbb1
1998,1998,Moodymann,Black Mahogany,8bd4fbce-a5fd-3231-bc87-9c892768affb
1998,1998,Moodymann,Forevernevermore,4dc7accf-4e16-3029-8391-ba6854c0e8fa
1998,1998,Moodymann,Sunday Morning,9679a7ff-0fb0-3a3e-ac8a-6458c4599d84
1998,1998,Mooloodjee,Donthink / Way of Love,b9bd8c1d-aece-3407-8907-84001e835569
1998,1998-05-30,MOOMIN,Feel Alright!,740e3a75-3f0b-410c-8d64-cdcbfcb988be
1998,1998-01-21,MOOMIN,PASSING THROUGH,fabb74d9-f0b8-32a2-a7bc-83ffdb9bcc74
1998,1998-05-13,MOON CHILD,Requiem for the Man of Nomad,327a5a9f-8f3e-306c-ab96-3fb313daed8f
1998,1998-11-26,MOON CHILD,グロリア,7d19c0a1-e877-4633-b1cf-7e32c860cb66
1998,1998-08-12,MOON CHILD,フリスビー,8df4aafd-0063-4e7b-ba7b-266395b1cdcb
1998,1998,Moon Project,Apocalyps / Housebuilder,a858002f-97da-4b30-aa57-20bd94ae8191
1998,1998,Moon Project,Moonrise,c7b3e1f2-7606-4f96-be9a-c12431734f5c
1998,1998,Moonchild,A Single to a Friend,8314ef57-2b39-4222-b3d2-6127a2afd3ea
1998,1998,Moonchild,Seatown / Possible Worlds,d5510e2d-a9af-3bf5-a78a-fdcc16b2d7c3
1998,1998,Moonlight,Flos,2798c26b-65d8-4e92-98e3-7586d6d42b3b
1998,1998-06-25,MoonLight Attraction,がんばらなくちゃ〜SUCCESS STORY〜,74aaaab2-5164-4d24-9707-291035632d4c
1998,1998-08,Moonraker,The Age of Light,f9932f6e-5428-4bbe-90d3-d27c52a2c73c
1998,1998,Moonscape,Dream Transmission,2baec012-8734-4281-a3a3-f376e30c0f10
1998,1998,Moonstruck,Lunar Outback,810793e3-0d7f-4e58-b222-85220ea8bed8
1998,1998,Moos,Qui me donnera des ailes,802ba647-dd9c-4015-8def-72c9ce092bee
1998,1998-04-06,Morcheeba,Blindfold,0ddcae85-a786-3e8d-882c-5320c8da6869
1998,1998-06-01,Morcheeba,Let Me See,b0515b1c-c6e4-3d5a-b0df-63818d999418
1998,1998,Morcheeba,Part of the Process,c48ae3d2-0136-3a91-8559-327831176317
1998,1998,Morcheeba,Summertime,4158076c-28b4-3cc4-ae25-91fec1497ab2
1998,1998,Morel Inc.,Are You Ready to Play the Game?,a013e2b3-288e-4e58-9cdc-886d1802e432
1998,1998,Moreso feat. Filthy Rich & Damon Trueitt,Take My Hand,32ca6559-c1df-4656-abb2-ea5595976d44
1998,1998,Morgan,Flowerchild,8af77365-4a5b-3d10-85ac-0589cdfb4e35
1998,1998-09,Morning Again,To Die a Bitter Death,abdd809c-1368-4d79-bc47-c69dbae693cd
1998,1998-01,Morning Again / 25 ta Life,Morning Again / 25 ta Life,b4429391-b9f8-496b-9908-f17d28aebd25
1998,1998-03-03,Mos Def feat. Q‐Tip & Tash,Body Rock,e344ae0d-7984-3190-96b9-a48d3ceae168
1998,1998,Moses Pelham,Hartreim Saga,c7adf88a-4a5d-4260-964b-a483551b68a5
1998,1998,Moses Pelham,Schnaps für alle,0f9b3d72-372e-4b5c-a283-630280f9142b
1998,1998-10-19,Moti Special feat. Rod D.,Mega-Mix '98,121846f2-058f-4c40-bedc-0302b63549da
1998,1998,Motörhead,Love for Sale / Take the Blame,48116776-f704-4e61-b5cd-cdf7ac05f14d
1998,1998-01-01,Mousse T. vs. Hot ’n’ Juicy,Horny,6b06f388-9f00-3fb0-8cfc-29ba9bce9768
1998,1998-11-11,move,BREAK IN2 THE NITE,9941c0fe-85d8-3bc3-985d-51872094b9e1
1998,1998-03-18,move,over drive,509f4643-113f-39e4-96fa-e3f870a75046
1998,1998-05-13,move,Rage your dream,8313975c-7a60-3ebc-a308-02a9991e84cd
1998,1998,Movements,Have You Ever,e7dea7e1-6207-3bd9-8b7d-bec0ce989696
1998,1998-05-11,Mover,Classic No.9,25fe92ca-2689-470d-bcc2-559533df08c1
1998,1998-11-20,Mover,Stand,4c96ee4d-b8ec-4845-9e21-2a00cc608b3d
1998,1998-02-23,Mover,Tricolore,c23b57b2-7b31-350c-ae37-94319c1e85f8
1998,1998-07-27,Mover featuring Ruby Turner,We Got It Going On,958ce3ba-5adb-4e8b-8aa6-f2c8a466e092
1998,1998,Moving Fusion / Origin Unknown,Turbulence / Sound in Motion,34548e66-280a-378b-9adf-de95683edabd
1998,1998,Mox Epoque vs. B.K.,Be Sure!,429308c5-3b40-4e64-8641-5f3dcfb93464
1998,1998,Mr Spring,Voyager 1.56,40034d33-969d-4257-bfe0-289735ebac54
1998,1998-06,Mr Velcro Fastener,Robots 4 Life,00853536-821a-310d-b691-323eb3024cd4
1998,1998,Mr X & Mr Y,What's Up At The Brother Front / 1956,10246238-6b6c-494b-8f97-34391911ee48
1998,1998,Mr&Mrs Device,My M Device,3641150c-6731-4ab2-90b4-c7de7b7e0ae0
1998,1998-11-23,Mr. C & Robert Owens,A Thing Called Love,44d5c4c6-8018-3d8f-93f5-96c0bdfd19c2
1998,1998,Mr. Fiddler,Waltz of a Ghetto Fly,6f387185-228a-380d-9762-2c532cfaf1e0
1998,1998,Mr. Fingers,Can You Feel It,8aa71a07-7dfc-34e3-8905-e29ce42616e5
1998,1998,Mr. Gee,Angela,beb344ac-7d47-4cec-89f5-004745ecb986
1998,1998,Mr. John,Take Me Away,b6dca0ce-de99-4e38-ba3f-2220b78c97d4
1998,1998,Mr. Lif,Elektro,6d506ef9-5af1-3eed-835a-60f89011554e
1998,1998,Mr. Nex,B-Boy Shout,f5faafdc-2c94-4946-b773-eb232d20a8e7
1998,1998-06-02,Mr. President,Happy People,7947ec42-001d-488d-9915-2f9cdfd51f3a
1998,1998,Mr. Rango,El hombre de los 6 millones de dolores,e01fd0dd-b807-45fe-947c-1b4c20f8b037
1998,1998,Mr. Sliff,One / Two,c22a3762-f965-3d2c-8b56-7fcaacf09c7a
1998,1998,Mr. Whiteman,Whiteman's World,d64ed1a1-856c-4d3a-b18f-9f6ff693c066
1998,1998-02-11,Mr.Children,ニシエヒガシエ,0158dee2-d0ed-3de3-bc0a-4dabceea0bc0
1998,1998-10-21,Mr.Children,終わりなき旅,e7d16505-407a-3fbe-a3e6-8f0f2a92afea
1998,1998,MRE,Bodyrock,6d2d1944-acd0-428a-85c1-73205ae5627d
1998,1998,Mrs. Wood,1 2 3 4,22f3789c-0633-353b-bb4b-c98dfa7c6494
1998,1998-08-03,Mrs. Wood,1-2-3-4 (Remixes),99f1d4b4-78d3-4f55-a0e3-d78924b0449e
1998,1998-03-20,MUCC,哀歌,3aca6b90-3237-4410-8877-8b315705cb34
1998,1998-11-09,Mucho Macho,The Airport Freeze,738a1d86-7103-3d87-a001-aaee3199fad8
1998,1998,Mucho Macho / Cornershop feat. Justin Warfield,Promo,9e53622a-8f85-323d-9635-bbb2e887df91
1998,1998,Muck,"Every Day, Every Night",88758156-9ae2-4668-be88-279bc07b0751
1998,1998,Mudhoney,Night Of The Hunted b/w Brand New Face,d64dc9e7-5e50-4891-b8fd-dc58c7a23b59
1998,1998,Mummypowder,I Think I'm Pregnant,a3c501fd-bb64-4370-8410-c06caae77943
1998,1998,Mundstuhl,Auszüge aus dem Album Nur vom Allerfeinsten,db5d420a-8775-4788-8980-577a24e8fd0d
1998,1998-08,Murry the Hump plus Georgeous Fame & the 3 Degrees,Murry the Hump plus Georgeous Fame & the 3 Degrees,c775eec5-bdd1-3989-9987-2ecbad726709
1998,1998,Music Instructor,Rock Your Body,07b987c0-ed00-4fa6-8012-00461833c7b2
1998,1998-07,Music Instructor feat. Abe,Get Freaky,81f218e1-c66a-3ce1-988d-1bac0131c587
1998,1998-03-09,Music Instructor feat. Flying Steps,Super Sonic,d45c006c-10f4-3818-9ea3-c7e6cddbff84
1998,1998,Musix,Do Ya See The Light,8fd57ae6-1924-44a2-ba7a-bc8773b25e5d
1998,1998,Mustard,Try,ec1e021a-373a-3c91-9237-045859008b5c
1998,1998,Mustard Plug,You / The Freshman,960a32f5-dfe6-35c4-a6cc-d032a9584ede
1998,1998-04,Muzique Tropique,Phazers Set to Funk / Midnight in Atlantis,03d967dc-72db-3a9c-9b29-4d0e3d634fce
1998,1998-11-02,MWPD,Tyrol,e33f1765-5974-42d3-9cd3-b909d0cc6aab
1998,1998-12-25,MxPx,Christmas Day,1e9a5098-ba18-46d2-9fe5-56b8dd00beab
1998,1998,MxPx,"I'm OK, You're OK",0b6a507b-1a61-442b-8084-820c4bf48308
1998,1998,MxPx,"I'm OK, You're OK / Chick Magnet",2906aed7-ecaa-4722-984a-e7c74452b27d
1998,1998,MxPx,Inches From Life,41a0cc79-6945-470b-ae56-9c04a8f24afd
1998,1998,MxPx,The Downfall of Western Civilization,3534034f-02bc-4973-b349-6fabcb368e1e
1998,1998,MxPx,The Final Slowdance (demo),2bb07fce-fa61-4d52-a61b-f773a392831e
1998,1998,MxPx,Tomorrow Is Another Day,4826f6bb-d78b-4540-ac73-c7bc8904d063
1998,1998,My Favorite / Mad Planets,Working Class Jacket / Yr Version of Cool,7f794945-8de3-4b8f-b562-64b2ce062051
1998,1998,My Life Story,If You Can't Live Without Me Then Why Aren't You Dead Yet?,ddcc2c5e-56d6-3c4b-a2a4-41da5b81202d
1998,1998-07-23,My Little Lover,CRAZY LOVE / DAYS,8d19a257-ad32-4f6f-885d-269a684de6cd
1998,1998-05-13,MY LITTLE LOVER,DESTINY / NAKED,09713bc4-fb20-4544-8e31-71f3ac53dd2f
1998,1998-01-21,MY LITTLE LOVER,空の下で,1e98ca0d-92eb-4380-bfeb-234f273fac9a
1998,1998,My Man Friday,Sassy Girl,347961aa-191c-304e-8368-90851f12fbc6
1998,1998,Myer,Pressure Drop,e3cc5e1a-d7a6-4a47-b39b-edf4a0cba758
1998,1998-10,Myslovitz,To nie był film,b940ccad-75d7-3500-aa52-4cef66b53af6
1998,1998,Myslovitz,Zwykły dzień,25259778-ddf9-367a-8b06-0cdbc6b15f42
1998,1998-10,Mysterium,弔いへの嘆き,9f7cac35-9fc9-459d-8dbb-41164cf0e69c
1998,1998-04-27,Mystica,African Horizon,2a9de002-776d-332d-86bd-97944ce82d9f
1998,1998,Mystica,Ever Rest,1a505c13-257f-387f-ad24-05039887fe2e
1998,1998,Mytown,Party All Night,f6c52605-53c2-438d-9d3c-5a66dd9f1bca
1998,1998,MZ - Allstars,Dope Jam / D.I.G.,3d1d252c-bc5d-41b3-b6e7-dd2ec6c17dce
1998,1998,Mägo de Oz,Feliz Navidad ¡¡Cabrones!!,338a2bea-43af-3f39-b234-e72def322522
1998,1998,Mélanie Cohl,Dis oui,0f0b2753-f166-3bf0-a421-5abb88fc9b5e
1998,1998,Mélanie Cohl,Qui je suis vraiment,90c246e6-c858-4184-8db8-19ba141e3164
1998,1998,Ménélik,Bye-Bye,0707524a-50aa-312b-b1fb-27c5454a8c18
1998,1998,Ménélik,Touché,5716fee8-c1f9-4eff-aaff-9f4b853b5522
1998,1998,Móa,Joy & Pain,3e7179a6-c61d-335e-b469-0fd021bbf2dc
1998,1998,Móa,Memory Cloud,98260335-b593-3926-94fe-37322522e939
1998,1998-10-16,Mörser,Spiral of Pain,60801aa2-7d08-4b10-b183-c0723a762e5b
1998,1998,Mötley Crüe,Bitter Pill,037907b8-e1d2-423c-90d7-8975d6bfec85
1998,1998,múm og spúnk,Stefnumót kafbátanna,7a361bd5-d7d1-473d-8bd8-d4eb4dea9a77
1998,1998,Músikvatur,Insert Coin / Aukakall,f672eaeb-682f-412a-8231-1cdd4511431c
1998,1998,Münchener Freiheit,Hit‐Mix,c144d81c-65f6-4ca1-aaea-abc8c5a5b667
1998,1998,Mýa & Sisqó,It’s All About Me,2647e3a4-88af-4c91-947e-4221a68eb6dc
1998,1998,Mălina Olinescu,You Live (Eu Cred),885aa543-728e-44df-89c8-22bbd1af4044
1998,1998-12-02,m‐flo,been so long,b672081f-7b14-41f2-a984-80461acc900d
1998,1998,N.A.P.,Au revoir à jamais,3737883c-984a-450d-9e8b-a97118950a2a
1998,1998-08-25,N.O.R.E.,Superthug,5f22dc49-e0b5-3250-a3cf-9261d7857254
1998,1998,N.R.G.,Never Lost His Hardcore '98,973e432a-1ba1-3910-a92b-f8239f5e069b
1998,1998,N.Y. City Beats feat. Trooper & Scream Factory,Mami Blue,0cabca85-a187-4231-b097-a0ef9d430633
1998,1998,N.Y.C.C.,Can You Feel It (Rock da House),25c8d588-0dab-39ad-a4a8-6bda90ddba26
1998,1998-01-28,N.Y.C.C.,Fight for Your Right (to Party),ccc43cf8-4f9e-32c1-9649-fed328b2667d
1998,1998,N.Y.C.C.,Highway to Hell,b6ee076e-81c9-4b7c-8178-71c0ad82a2b2
1998,1998,Nada Surf,Firecracker,2e652f32-73bd-4070-8afd-d8c58f0470c7
1998,1998,Nada Surf,Mother's Day (edit radio),e7b5eebe-fd47-4171-9e41-37fe4f1d0195
1998,1998-03-02,Naglfar,When Autumn Storms Come,08ebc076-a73b-4eba-9da8-f5faa292b4f1
1998,1998-02-23,Naida,Do You Think You Can Love Me,b533acf6-eb5a-4075-809b-1f3b58c19bb1
1998,1998,Najwajean,Like Those Roses,7b1459cb-01dc-3360-b3b5-5152c9a92aee
1998,1998,Naka,That's it,2b0bf77c-c446-4436-8e70-d63767c6ac2b
1998,1998,Naked,Naked,2620c7b5-d5f3-4d02-aae1-9d51af7c9da8
1998,1998-03-25,Naked Artz,巨塔'98,e07817bd-e194-40fa-8343-c8a5ac19c130
1998,1998,Naked Music NYC,If I Fall,5ddb53e3-1e9c-3f64-ae1a-2d6f0fb84123
1998,1998,Nalin & Kane,Krazy People,25ffc83c-1a8c-3a03-9aa2-262dac764326
1998,1998-12-23,namie amuro,I HAVE NEVER SEEN,aad00164-c765-3212-96fd-55cd2a268cf2
1998,1998-08-17,Nana,Dreams,851b33a7-4d44-4cdf-a9af-38d900114972
1998,1998-04-05,Nana,Remember the Time,6cbef498-e18c-45db-afce-a20a5e25c64c
1998,1998-10-21,NaNa,Super Star,b5e8ff67-1c54-4473-9b9f-b6a4faa0252f
1998,1998,Nanaco,Lick Your Footsteps to Clean My Room,de236d3b-92ec-4684-8893-e88c746c7886
1998,1998-07-14,Nancy Sinatra & Frank Sinatra,For My Dad,360ed724-e0de-4eb3-81a4-582a07f657ac
1998,1998,Nanne,Avundsjuk,0ecd2023-9dc7-3304-8c4b-5f52d2648ce8
1998,1998,Napalm Death,The Infiltraitor,cedfd1aa-b9ab-4a70-abaf-dcb5e524c037
1998,1998-10-09,Narcotik,Blue / 12 Miles,31010302-a4d4-4318-ab00-fec24830031a
1998,1998,Narcotik,Blue / Twelve Miles,9c6d2c0a-6cfc-329f-912d-b4f2ad396419
1998,1998,Nash Beats,Funky,f7a684f3-727e-403c-958a-02d27bb900e8
1998,1998,Nashville Pussy,Kicked in the Teeth,27813362-517b-4815-b6a7-241cf1acbb86
1998,1998,Nashville Pussy,Sock It To Me-Baby ! / Misunderstood,e3c368ad-6433-42ce-8c8b-144105273abe
1998,1998,Nashville Pussy,Somebody Shoot Me,5ed83460-7c59-4c3b-b0fe-81ed8a89c8bc
1998,1998,Natalie Browne,Torn,1d164342-843b-3dfd-8b21-16b7a20c1d0e
1998,1998,Natalie Imbruglia,Big Mistake,814f7c0f-05de-414e-87b7-bb81a8f83d83
1998,1998-10-05,Natalie Imbruglia,Smoke,8c39daaf-8d30-3b8f-abb7-6f74d1caba8f
1998,1998-02-23,Natalie Imbruglia,Wishing I Was There,2ddae89f-4583-33bc-a822-5b1f7d2171be
1998,1998,Natalie Merchant,Break Your Heart,f9c791bd-9b46-44ac-bbd1-cc26899828fc
1998,1998-04-21,Natalie Merchant,Kind & Generous,6d92fea3-6552-4064-a052-ed594f5fc589
1998,1998,Natalie Merchant,Life Is Sweet,05182ad1-cb1b-4ef3-ad04-dd3aed6c4d5a
1998,1998-12-06,Natasha Breanne Thompson,Natasha’s Intro III,ad6df17b-68be-413d-9ca5-5a36d9b33264
1998,1998-06-23,Nate Dogg featuring Warren G,Nobody Does It Better,fcd5c2fa-fbb3-3965-9ce9-5eee0c6bd7dd
1998,1998,Nathalie Cardone,Populaire,4d562dea-8cf3-403d-b2a7-ae308760cdbd
1998,1998-06-02,Nathalie De Borah,Living on Video,1736d647-6790-3e2b-a0a1-4f152e144c8e
1998,1998,Natural Born Deejays,Airplay,d3505912-a630-41e5-9bfe-b5be1688dd10
1998,1998,Natural Born Deejays,Oxygen,e37cec74-b928-4e15-9728-e0efbb7cfe08
1998,1998,Natural Born Grooves,Nr.10,00ef9281-0207-482e-b8d7-e81a515f618b
1998,1998,Natural Born Grooves,Transylvanianexpress,1247d7a9-13cc-341a-8a77-ca604fd67940
1998,1998,Nature One,Waterworld '98,da93aa63-b575-4f77-b148-438467643c5c
1998,1998,Nature One Allstars,Nature One Theme 98,4ed3a90f-a5cc-4e66-a977-15120f0a2119
1998,1998,Nature's Retreat,Twilight Dreams,3bc4e16b-583a-4f25-8729-f034e1a04670
1998,1998,NC Tribe,Ya-Ho-He,0d175d5f-5769-4cff-be55-b9bbe6db0298
1998,1998-12-07,NCA pres. Robbie Craig,We Can Make It Happen: Dubaholics Remixes,93fab2aa-11b2-45ea-a9c3-60f307e22d89
1998,1998,Nebula II,Understand / Bandit,ad47b6ae-896f-4021-8ea4-1eaeadb54e26
1998,1998,Necessary Ruffness,France,ea45a6fa-fc3f-4a63-a884-49b1494e4c6a
1998,1998,Nectar,Love Affair,30045808-4c72-4020-8c1c-f38afbca6e7a
1998,1998,Neek the Exotic,Exotic's Raw,d14ef8cb-685f-41cf-a497-cff6b33f1482
1998,1998-12,Negrita,Mama maé,2e5b3208-91bf-4f49-9078-220e0543ca10
1998,1998,Neil Finn,Last One Standing,b65f2482-3541-37a1-8534-25d8e47d006f
1998,1998,Neil Finn,She Will Have Her Way,99d37ecb-22e9-3b5d-b1c9-fb6466952204
1998,1998-06-01,Neil Finn,Sinner,95051132-b508-33a8-855b-620c9dd8ac2d
1998,1998-02-03,Neja,Restless,3016b5be-3e8a-4235-b45c-b031385a4a00
1998,1998,Neja,Shock!,cb43fcf6-40d6-37b7-86c3-53aacd3acb20
1998,1998,Neko Case & The Sadies,Murder Ballads,cebc7e80-0e28-4a29-8636-512d6bae3254
1998,1998,Nello,C'est Ma Vie,1c15c4b2-f317-4a5f-a25d-1cea0b70636e
1998,1998,Nena,Was hast du in meinem Traum gemacht,9ece1c3f-5d41-3d0c-a824-aea11806c94f
1998,1998,Neo,The Pink Panther Theme,697c1fb2-b25b-43e2-be3f-3ae9c3bd3aa1
1998,1998-08-26,NEO SONIC ARTS,ライダーマン,b9b987ad-32f5-45f2-a0b3-0b0cece31abd
1998,1998,Neon Phusion,Blue Tektra,ebc35c5f-9b8d-4c1d-8c03-0eee765b6207
1998,1998,Neon Phusion,Space Jam,dee6ac8d-4af1-482d-aa0e-c037c7f42d5e
1998,1998,Neophyte Vs. Stunned Guys,Army Of Hardcore,9778478c-9972-488a-b7f3-bae9bf86717c
1998,1998-10-21,NERVOUS VENUS,Trigger ~甘さひかえめ~,7d2dd75b-e81d-4c96-bd0b-c8b262c55e11
1998,1998-12,Neuroactive,Parallel Lifeforms,d0caff36-1686-3499-ad1e-d794e4c234d3
1998,1998,Neutral Milk Hotel,"Holland, 1945",2e139b26-7081-3a0a-b47d-ac3a57bcbf5c
1998,1998,New Adventures,Anything,4a16dd75-ba9c-4798-ae67-0d47f4440c92
1998,1998,New African Orchestra,Village Dance,91254c18-53ec-37ab-a7b9-28de4265b9e8
1998,1998,New Bomb Turks,Snap Decision,6fb0da89-0e8c-42bc-b05c-3c653451feac
1998,1998,New Model Army,Queen of My Heart / Brother,e05789d0-97a1-3bf9-b375-4ce08ae6939c
1998,1998,New Model Army,Wonderful Way to Go,e5eaae49-a357-37f3-be29-5f833222dee0
1998,1998-03-23,New Radiant Storm King,Barium Springs,262d469c-98eb-4ded-aae0-63c0cb08eb98
1998,1998,New Radicals,You Get What You Give,e98ea947-e303-363d-9291-134693d75e6a
1998,1998-11,New Style Anarchists,Execute,0ba4ec1a-4b5a-40bf-930f-75240f066daf
1998,1998,New York Technologies,Circadian Izm,65a14dde-6dbe-3b5d-ae22-a861f549e915
1998,1998,Newsboys,Entertaining Angels,f9e9f9dc-4623-3996-9e11-f48dc25b4cbd
1998,1998,Newsboys,WooHoo,8f9fceae-7d95-4e95-bf7c-80e53140bb7c
1998,1998,Next,I Still Love You,14e5ef77-0bb8-3ecc-9725-d216ce2ae88a
1998,1998-04-27,Next,Too Close,5f0f0767-e6ef-3a1a-a10a-334ff0e9b138
1998,1998,Next Level,Second Nature,a4f62120-c0b3-40b5-a795-d58bbaaf8331
1998,1998,Next of Kin,24 Hours From You,d1e39f5e-2768-4053-9594-7f91968e8ad6
1998,1998,Next Phase Featuring Helen Bruner & Terry Jones,Piece of Mind,06cb861f-d3a1-472f-9ad3-2c5ca51814c4
1998,1998,Next Phase Featuring Helen Bruner & Terry Jones,Piece of Mind (Remixes),b71a36fe-39e1-4c46-b65e-4020b24a94ba
1998,1998-04,Nick Base,Mind Control,babfbe4b-fbaa-4565-a3dc-50992998e864
1998,1998,Nicki,Ich kann’s nicht lassen,2938e78e-1571-4e20-975a-0af31ed22bf2
1998,1998,Nico Gemba,Ich schick' dich zum Teufel,3a06b01f-80be-3c78-937b-f899b382702d
1998,1998,Nico Landers,De deunen van dorus!,039930ee-d8dd-4a48-825d-821d90abcf47
1998,1998,"Nico, Zyg & Davis",Claw / C701,ab544fad-e3ab-4f10-b564-85f22dde5b8b
1998,1998,Nicodemo Brothers,Time to Say Goodbye (Con Te Partiro) (dance mix),b1f375b3-6b0e-380c-8663-50208e4778af
1998,1998,Nicole,Abrakadabra,b7d09e3e-1fcd-4f6d-aef6-71a295b6fde7
1998,1998,Nicole,Ce Que J'éprouve,f336096c-e7af-4d8e-9dd9-c435d1024ea7
1998,1998,Nicole,Halt dich fest,b00cbe73-0122-487a-af58-0fadab579066
1998,1998-06-15,Nicole,Make It Hot,961c672c-7a3f-30c1-9e44-4e3ab02affd5
1998,1998,Nicole,Wer schläft schon gern allein,a74bdb62-c99c-4f04-8897-64f4dfe78907
1998,1998-09-17,Niels van Gogh,Pulverturm,8ee2f434-d9b7-42c1-a774-25d9cd349169
1998,1998,Nigel & Marvin,Follow de Leader,1f7032cd-8f89-4cd4-a4a1-a919c32acea8
1998,1998-05-15,Night Flight,Mo Funk,a9f3d7c8-e8ff-439f-a9d1-e892811fa743
1998,1998,Nightcaps,You Lied,c1cf8c7c-beda-4616-802c-ea9199848f95
1998,1998,Nightwish,Sacrament of Wilderness,6cd70ae2-a540-3d44-b7ba-143ce16f6bd7
1998,1998,Nik Kershaw,'98 Remixes,f31ed119-bff7-4df0-9643-7d3ee343b19d
1998,1998,Nik Kershaw,Wouldn't It Be Good '98,8e12b435-5c9d-4d82-ac64-209d9e45d32f
1998,1998,Niki Pop,Ma Che Storia E'?,5d10d511-fc8f-4c06-904a-90c843f7ea58
1998,1998-05-25,Nikki,Crimson and Clover,d37c1584-47b2-4890-8ddb-0f0146ae09b4
1998,1998-08-15,Nils Petter Molvær,Ligotage,182123d7-e072-36fb-895f-28cb9997f85d
1998,1998,Nilsson,"Ben (Oil, Scars & Asphalt)",79d0d124-a568-4fa9-b9bf-ab7c39ec5011
1998,1998,Nilsson,My Brain's Down,959843b8-8798-41c8-93f2-191f732daa90
1998,1998,Nina,I'm So Excited,6baa5470-b5e0-3eb7-8dad-f5cf62b374df
1998,1998,Nina Hagen,Eisern Union!,b116e2a9-540f-439d-bad8-be8772f9fe60
1998,1998-03-30,Ninety Nine Allstars,Soakin' Wet,c04aed7f-b049-4810-b8e1-d87280c20e09
1998,1998,Ninni Martikainen,Le le le,6f7a7610-ac85-4b78-88a3-2a8e05b6b716
1998,1998,Nits,Robinson,c5825276-4ed1-3168-8538-4ebaaf8fdbd7
1998,1998,Nits,Sister Rosa,9e6d3b61-d374-3609-8015-8598850ed79f
1998,1998,Nits,Three Sisters / Alankomaat,09e59577-eb21-3187-9ef0-0d07f4abfd50
1998,1998-02-23,No Doubt,Hey You!,fa2bb699-c232-4603-9a54-eba214cebc7c
1998,1998,No Mercy,Hello How Are You,bea4e4e4-5299-4d44-85f4-4923bf08dd61
1998,1998-11-16,No Mercy,Tu amor,9a0344ca-b98c-4140-8f12-c11bcaea70cf
1998,1998,No Name,Strange Decisions,181444a0-0f9d-30d3-8679-080cb47abdf9
1998,1998,No Reply,Carte Blanche,3c8d9f6e-60d2-480b-b6eb-158e939667bf
1998,1998-09-09,No'where,Another World,cb87895d-9a14-421d-8f49-d71781bad8e7
1998,1998-06-05,Nockalm Quintett,Der Himmel spielte Hollywood,418cf5d8-8630-4921-9b81-7eaf5b429046
1998,1998-10-09,Nocturne,Between Dimensions / Dark Side of the Mind,68254669-afaf-360f-8ef3-d934a20355d4
1998,1998,Noir Désir,Ces gens-là,9e64805a-baf0-486c-acdf-909d6b7b2131
1998,1998,Noir Désir,Oublié,94d32a00-f9d1-48dc-a73c-057e805817e4
1998,1998,Noise/Girl,Wall of Cute,9ba82974-7bc6-479a-a4b0-048bc5a5181b
1998,1998,Nojahoda,Nojadhoda,93097124-e9b4-402d-92d0-8bf0f338184b
1998,1998-01-28,NOKKO,春雪うさぎ / やさしい雨,f4f0b693-c916-42f9-b28d-add04937c2d4
1998,1998-10-31,Nola’s Yard,Four Songs,aa4e46d6-8757-40b4-8a9e-fb1216b8897c
1998,1998,Nomads,Selibabi,a143dc9e-76f8-4f5c-b42c-84751f86eb92
1998,1998,Nomads,Wali Wali,f97bc01c-cf6c-416e-a854-e3c7552011c7
1998,1998,Nomads,Yakalelo,a4af2b14-2c98-43fd-9659-ee2e3b777c1d
1998,1998-10-21,Non,星空～会いたい～,9ac2ea6d-71bc-441a-8b9d-21a28c202066
1998,1998-05-26,Non Phixion,5 Boros (remix),3e1281a3-f13f-4ddb-95d6-c0c683fa110a
1998,1998,Non Phixion,I Shot Reagan,3f8f8200-4ed7-4af9-9bfa-342a4aa5752d
1998,1998,Non Stop,Rawness / Higher Than the Heaven,a093ec11-59a8-44a8-8440-cf4c47dd0baf
1998,1998,Nona,Tira los dados,263cbec1-3750-4e31-aa41-dd5fe7af88c7
1998,1998-02-05,Nonkeys,You're mine,d167ca9c-5407-4719-a330-e7bd760dbf43
1998,1998-06-25,noodles,夢の奥のもっと奥,eb10284a-971f-4018-a75f-9941ca1c480e
1998,1998-12-17,NORIKO & まゆまゆ,パソコン用ゲーム 脅迫 ～終わらない明日～ オープニングテーマ LAMENTATION エンディングテーマ 想いとどくまで Coupling with あなたへの贈りもの,458f0760-51fb-406c-b56d-4d7b2ea07a38
1998,1998,Normaal,Parijs Dakar,ccd42b7d-fcb2-3465-bc18-c8f8c29a9dc2
1998,1998,Norman Bates Motel,She's From Turkey,6dcb1edc-2f4e-45f0-92a1-ff4805606c1f
1998,1998,Norman Taylor,Sexmachine,cfaf3ecd-5f65-445c-8186-f00b6437e005
1998,1998-03-09,North and South,No Sweat '98,a2a5bba2-0601-4a93-a46e-4d6313bf3ded
1998,1998,Nostrum,Brilliant,6139cbc4-114c-370d-8edf-69df4138166c
1998,1998,Nostrum,Talk / Melancholic Child,ab1f719a-c7a2-4ee9-87bb-89c700a142ca
1998,1998-09-15,Not From There,Sich Öffnen,04533cbb-c59d-446f-9513-7b13813de33b
1998,1998,Notaword,How Far / New Car,1a7a2627-bd6b-4b9e-b826-e77443245de3
1998,1998,Notaword,These Things Take Time...,97843b0c-bf8d-4cf3-8276-c32ba1eff594
1998,1998,Nothingface,The Sick,f0313348-3193-428d-a7e9-3dbc9d164a91
1998,1998,Nourith,Yeroushalaim Shel Zahav,b7cf89a0-6742-3eb8-93f5-fdf6d879bf22
1998,1998-02-14,Novelty,Coming Over 2000,d080a86c-0f5b-4d46-828a-2de9cef99f09
1998,1998,Novy vs. Eniac,Smoke Dis,b6759aaa-8dac-4575-a5b5-4894a0ee5a78
1998,1998-10-05,Novy vs. Eniac,Someday > Somehow,9fb0b4c8-6c58-4d4f-9cb3-16da59e6be3b
1998,1998-01-26,Novy vs. Eniac,Superstar (2nd Edition),fcec6ea0-cc23-4562-afe2-869311a9ddc0
1998,1998,NRA,Bunk,53210963-145a-4afd-830d-35f1cfb7b708
1998,1998,NTSC,Chop! Chop! / Fuck You! We Are NTSC,3f467ff7-17f8-4bdf-acde-7aaa2359536f
1998,1998,Nu Jam,Spooky,a822962e-825f-46b0-a8cc-1cd3c749c32b
1998,1998-10-05,Nu Klass A,"Collective, Volume 1",1c0707bc-bd69-4443-87a0-b8e3b55440dc
1998,1998,Nucleus & Paradox,This Side of Forever / Decompositions,d8c9dda8-63a0-4fec-b6c8-596c351bd9e0
1998,1998-05,Null,ERG/SEC,ff8e0a24-6e98-4386-9538-1025ee895e21
1998,1998,Numb,Desire / Blind Remixes,4465d7ba-efea-3b02-9c2e-7e3a395c3d11
1998,1998-10-20,Numb,Suspended,6f2e1af0-3119-3634-9a2d-20de516945c4
1998,1998-08,NUMBER GIRL,DRUNKEN HEARTED,44f2cacd-d5bc-3eac-8ea4-71e63fe61a6d
1998,1998,Nuno Rebelo,"Os Oceanos, um Património para o Futuro",8465aaab-3f4a-4c3e-87c8-e9a8d169f595
1998,1998,Nurlaila,Alsof je bij me bent,737f301e-c406-4a79-a19e-0124894c1adf
1998,1998,Nuyorican Soul,I Love the Nightlife (Disco Round),1313850c-5a8d-4bab-aa5a-f10c1327b0ec
1998,1998-05-01,NYC Live and Direct,Move Like This,2dc69b25-aeea-4a74-b07b-8c618d8ca101
1998,1998,Nylon Beat,Umm ma ma,15c65da1-8088-3f5d-93dd-9cfd06c9fe68
1998,1998,Nylon Beat,Viimeinen,905c4e4f-df9a-4a0b-b948-f15c34f79707
1998,1998-04-25,NéiL,RHAPSODY,fd0add7c-7b15-4652-94e5-ae39d4578a0e
1998,1998-05-25,Nükhet Duru,Remix 1,e0fcd045-33ad-4661-9760-7897c8b04456
1998,1998,Nükhet Duru,Remix 2,e1ee5da7-6e07-4bf7-9f28-0cbf556fd270
1998,1998,N‐Trance,Broken Dreams,ed3a4f36-c897-4442-be5c-c31546b66625
1998,1998,N‐Trance,Paradise City,acc24894-a174-3357-8d14-5e5188e29d8d
1998,1998-12,N‐Trance,Tears in the Rain,026fef20-56af-43b0-b816-6d87a0e41c6a
1998,1998,N’ Time vs. Larry 'N Mike,What's Going On,5b529ec4-6758-4ef5-af00-3cbe3983531b
1998,1998,N’Dea Davenport,Bring It On,9ccf3d84-43f8-3b6b-9f92-51cfbb5a1718
1998,1998,N’n’G feat. Kallaghan,Right Before My Eyes,fef4b664-ea85-3e21-8156-36f60537c3f2
1998,1998,O Die 3,Lief,27f6f8b0-955a-4bba-a8af-969a60dc77a1
1998,1998,O Mega,Dreaming of a Better World,724ff464-d87d-4936-a18f-103f14384df9
1998,1998,O Mega,Peace & Harmony,929f01ef-fa1c-35ea-be71-cbbfe8904eeb
1998,1998-09-14,O.D.404,Break / Ezi,ce6e60e5-c138-45d7-b15f-f1e0dd73aa28
1998,1998,O.D.404,X-Press,3d7066b6-de0e-402a-876f-798f6bdbf601
1998,1998-04,o.n.a.,Najtrudniej,304f296c-748c-3183-9853-aa17c2de9d29
1998,1998,O.P. Phoenix,Speed,4844151f-03e6-4177-a616-53048622734c
1998,1998,O.R.G.A.N.,To the World,ed4d5184-7e4d-4260-aa39-112567b1f374
1998,1998,Oasis,Acquiesce,f39074ca-85a2-4467-97f8-c6f8ed97802d
1998,1998,Oasis,Acquiesce / Interview,b1dab37b-dbb1-4c60-87eb-061136cfeb6d
1998,1998-05-13,Oasis,Don't Go Away,2b5df75a-f11c-3c03-92e1-c2bccf90a7a6
1998,1998,Obliveon,Planet Claire,6aac77cf-c08b-4d4d-a4aa-3ef564691d6a
1998,1998-03-25,OBLIVION DUST,Therapy,d85a67c4-3f16-307b-8be7-9d4020829a90
1998,1998-05-20,OBLIVION DUST,Trust,15e2c995-0ee8-315d-96aa-3e761632a82c
1998,1998,Oblivion Ensemble,PhonoRecord,50c3f326-ba39-48a0-aa50-37d1a9f46f39
1998,1998,Obsc(y)re,New Life,18872746-fb56-4e3c-956e-4c13397a0401
1998,1998,Obscure Disorder,Maintain the Focus,e7582100-2721-334d-ba16-392b64bdc162
1998,1998,Obsessive,We Are The People,8789fd12-8e51-41ee-a4e6-7c2bc707e7a7
1998,1998-02-16,Ocean Colour Scene,It's a Beautiful Thing,37091c81-fd63-394d-b3cc-39272d61cf40
1998,1998-10-12,OCTOPUS CULT,スコルと言う名の狼,7d3666e5-9c09-42c9-a4ea-fabcc641d053
1998,1998-08-14,OCTOPUS CULT,ミリオンセラー (acoustic version),d940d167-267a-4385-a5ae-caeaf5452f42
1998,1998,OCTPASS,Set Me Free / Traffics,5bfaa495-c80c-488c-b4be-76440f25f562
1998,1998,OD1,Music Luxuria / The Whore,f882db3a-1b12-4220-8739-61b95a068afd
1998,1998,OD1,Your House Is Mine,8a526829-9d52-4bcc-bd86-008fb7752ccb
1998,1998,OD404,Biofilter,075c1b59-6775-49b3-9e8e-d5338825886c
1998,1998,OD404,Block Party,29e86572-1d42-476c-a3a1-61e2a2a4c10c
1998,1998-05-31,OD404,PRaNkSteR / PrOZak 2,b13ac542-f6c4-3e50-bf5c-e14241c89d9a
1998,1998,Odyssey,Object / Ritual (Deep Blue alternative dub),7cbc41e8-5b39-3334-8808-be4335d932ef
1998,1998-08,of Montreal,Nicki Lighthouse,24f30f0d-ccf4-3f7c-9527-3d015cdb9cc1
1998,1998,Ohlaya,"Frühling, my Darling",79e65803-ad80-432d-bbbc-40c1bbb731ee
1998,1998,Ohm Square,Pillow,7294ed55-b55e-39f9-b476-873b54ed7ffb
1998,1998,Ohne Gleichen,Technik & Stil / Ruhrkultur,228705ce-2ab4-417d-b92d-8d3c28877433
1998,1998-03,Olaf Berger,"Geh zum Teufel, mein Engel",bb415766-6d34-4226-bc54-1408cff997bb
1998,1998-09,Olaf Berger,Herzklopfen,65663557-5505-486f-a443-8cb4ad8cb676
1998,1998,Olaf Henning,Herzdame,87d61699-1b4f-4ab9-b332-fcbc07b3fbb3
1998,1998,Olaf Henning,Ich bin nicht mehr Dein Clown,feff2a55-f73c-4648-81c1-22a2036c8372
1998,1998,Old Time Relijun,Jail,f2bc5230-a299-43f6-b30b-9b90b5f9d10a
1998,1998,OldWorlDisorder,Shyhalüde / 3hree6ix5ive,1816bfb4-25cd-44c5-9d67-bfa79ed82f30
1998,1998-09-07,Oli.P,Flugzeuge im Bauch,4fe5f5c1-a857-3bd4-aa2f-c2b9193793ff
1998,1998-12,Oli.P,I Wish,8dd47b6f-6eb9-3346-9369-9080598a280b
1998,1998-02-06,Oliver Eaton,Oliver Eaton Presents the Party of Defense,dce2f26f-03a3-40e2-a796-d738eca291e5
1998,1998,Oliver Lieb,Com,86bc985d-99d9-449e-a772-f6c3b04ffd42
1998,1998,Oliver Lieb,Monkey I,f58b42e8-9827-44dd-9bed-32b04ffa33d6
1998,1998-07-01,Olmec Heads,Lift Off / New Skies,edc4ab82-aa9b-4524-b507-870cec86c945
1998,1998,Olsen Banden,Kuppet Over Alle Kup,59800629-d252-4f05-a221-472da44bd268
1998,1998,Olsenbanden,Olsenbandens siste stikk,0dea48bd-87f9-4e8b-a63c-80086f94ebee
1998,1998,Omar,One,ce963953-1314-481a-8751-66d410dccef0
1998,1998-09,Omar Santana,Audio Warfare,12395bdb-a7d6-419e-bf44-17e50bac56be
1998,1998-03,Omar Santana,Bum Rush Da Sound,36a61fa8-e185-4639-8295-2b42be339dd5
1998,1998,Omega,Egy életre szól,5e2e0d45-9472-4205-9e26-0c37012a5df6
1998,1998,Omit,Complacency / Dissipation,f0258337-1de1-4cc0-8a90-1314ccbbd058
1998,1998-08-01,Omni Trio,Meltdown / Who Are You? (E-Z Rollers remix),ff441f27-6451-3328-b05b-65f7afb8c7c2
1998,1998,Omnicron,The Elements,7eace25e-2162-4c06-b2ea-3d749ea943c2
1998,1998,Onda del futuro,Universo: Remixes,e64dc027-20c7-30a4-aeb1-46dc8ef4b1cc
1998,1998-11,Onderhonden,Onderhonden van de grond,68f0c391-ef8f-3ca4-b87b-c749d7ea76f9
1998,1998,One Lady Owner,Wheelkings 1973,53fde6fa-4247-37b1-8208-d243116cf149
1998,1998-02-23,One Minute Silence,A Waste of Things to Come,26c4d416-4c2c-3dd3-85a7-40808a911bff
1998,1998-10-05,One Minute Silence,Stuck Between a Rock and a White Face,4042649d-3f4b-324a-b91d-a419b1802c23
1998,1998-07-02,Onyx,React,bb05f056-ac14-44bd-a187-7405f00d7f5d
1998,1998,Onyx,Shout (remix) / Most Def,52c526ef-d8e8-4b60-8532-2fd017c37eef
1998,1998-05-11,Ooberman,Sugar Bum,6c77c8e6-0937-44dd-9c8b-13869dbe566f
1998,1998-10-26,Oomph!,Die Schlinge,239d211a-ab84-3c09-b0ec-6dbfde2020e6
1998,1998-01-23,Oomph!,Gekreuzigt,69ceec04-c3bd-38f7-905a-fafc9d7c3e1d
1998,1998-04-27,Oomph!,Unsere Rettung,411aa22e-3945-36a2-be40-d8cb86c7c7b4
1998,1998,Ophélie Winter,Elle pleure,102be63e-d65d-407f-b38d-78745f9aee17
1998,1998,Ophélie Winter,I Spy,ecc26d48-ff31-3024-9bf1-83a7026862d3
1998,1998,Ophélie Winter,Je marche à l'envers,648a2e24-8f7e-455f-b7aa-96e1b35c9a52
1998,1998,Opium,Een vrouw,60043bb0-caad-47fd-9d85-2f574bbc6e84
1998,1998-02-16,Optical,"Bounce / The End, Part I",18ba68ab-c96c-3015-8818-965005c2c536
1998,1998-04-06,Optical / Matrix,Data Life / Crossfire,e8946a7e-c3ba-3ce9-9da8-a671509d410f
1998,1998,Opus,Live Is Life (stadium version),3bb7f4fd-b985-4421-84b5-52ab7aab81d2
1998,1998,Opus,Viva Austria,1fd69bd0-7895-4a19-8c67-f60faf386d15
1998,1998-03-02,Opus 808,Winter,9ffef465-9799-3cd6-9912-3146e587047a
1998,1998-08-17,Orange Bud,Watch Out,4abf8360-b164-4715-bb97-036a0f191c6f
1998,1998-08-05,ORANGE JAM,GO!GO!boogie-woogie,1a8c6eee-8d23-41c1-b9ef-f92a221227f6
1998,1998-12-01,Oranger,Mike Love Not War / Porpoise Song,40e70ef6-81e8-474e-a086-b4f2a8179342
1998,1998,Orbit,I Wanna Make You,96b964ac-7f2d-3383-b453-1f54b74b6ca1
1998,1998-09-14,Orchestral Manoeuvres in the Dark,The OMD Remixes,4f203553-733f-3239-bc30-4a05568754a3
1998,1998,Orchestre National De Barbès,Alaoui (Remix),26826ee7-0ca6-4cdf-9fb6-0aa1951ecf55
1998,1998,Order of Deceit,Searching for Something More,7aa7476c-2f93-4a44-b9dd-57897bce022e
1998,1998,Ordinary People,The Message,686c77c6-737d-422f-b00d-958ef5ed84b8
1998,1998,Ordinary Psycho,Introducing Ordinary Psycho,aefea35a-b655-4366-b46c-5a2065dd9fea
1998,1998,Organiz',Are U Ready (Miss You),db4a971b-929d-47f5-a0c7-52bf4475289e
1998,1998,Organum,Organum,706cafc9-8042-4674-8636-7b843d21323c
1998,1998,Orgasmo,Orgasmo Beats,337ccf8c-3d62-40e9-9ba5-3374f398c242
1998,1998,Orgy,Blue Monday / Stitches,6d005463-a211-32a3-b63d-695c7261b89d
1998,1998-07-23,ORIGA,ポーリュシカ・ポーレ,1665dc3c-a19f-3c41-b2d0-97fa796492b2
1998,1998,Origin,Tidle Protaxis,30b449bc-9471-4481-bb28-4dd87d973f88
1998,1998,Origin Unknown,Valley of the Shadows / Truly One,67c80105-2d5c-3a3d-aaee-578233aa139e
1998,1998-09-02,ORIGINAL LOVE,Crazy Love,1bab7121-8be7-4085-b18c-9880f7592cae
1998,1998-02-18,ORIGINAL LOVE,ディア・ベイビー,49574ca2-af92-4edc-9e01-c85d27f2a45c
1998,1998-05-20,ORIGINAL LOVE,宝島,829a4c4f-4d47-4e18-a80a-1725ebaf2e13
1998,1998-09-21,Orinoko,Vila Nova: Oriney Yassaneiy,5d72081b-cc55-359d-8cba-4a8dd8e9c45c
1998,1998,Orlando,Everyday,fc2f70bc-35c2-4a42-b1f2-5ba1e0789b71
1998,1998,Orlando,Together Again,29175dfa-672c-47df-abb9-6b82e849529e
1998,1998,Ornatos Violeta,A Dama Do Sinal,4d2ce58c-4819-40d4-b00f-5ba2d2378267
1998,1998,Ornatos Violeta,Mata-me Outra Vez,4666738d-18b6-4bc3-89b3-4c111b32f893
1998,1998-05-25,Orphee,READY to STEADY,95a54fee-f419-4f4a-b20b-729f9e9692cf
1998,1998-07-25,Orphee,Savage of Love,298e8f2a-5863-4261-b8e8-e6f17118a3f9
1998,1998,OS/2 & Underground Cyber Movement,Vibrate,c2fff7d2-74b3-4ebe-bac4-a5e97a53d85f
1998,1998,Osaka / Tank,Osaka / Tank,d754f7f5-f672-4eda-8601-2049ad9e9c36
1998,1998-07,Osmosis,Jungle Freak,c548b2b7-f211-48b2-aa7e-b147069bd5f1
1998,1998,Otto 'P' Notri,Nave di speranza,b66bcbb6-5093-4c7e-b2cf-ad913202294e
1998,1998,Out / Spineshank,RR PROMO 382,fd97e28d-d1fa-46f5-bcea-89721ee79c7e
1998,1998,Out Hud,Natural Selection,c5045ea9-ab65-340b-928c-ba82462f8d08
1998,1998,Out of Control introducing Anya,Summer Samba,cbde8fba-d1d9-483c-a52a-abacfd99c4b7
1998,1998-07-20,Out of Order,I Am Miami (You're Looking At Him),cea019f8-7dfe-372e-8593-59da6df44359
1998,1998,OutKast,Rosa Parks,d486e130-070d-46ff-ba14-eec1c22cb25e
1998,1998,OutKast,Skew It on the Bar-B,8770866e-2fad-46e4-8c21-78c6595a9f33
1998,1998-05-25,OutKast featuring Slick Rick,"Da Art of Storytellin’, Part 1",a3a8888d-2dac-3b73-a4eb-048fdf92ab92
1998,1998,Outworld,Unknown Lifeform,41bafb1d-6342-4c3d-a3fd-437f1efc65e9
1998,1998-07-25,Ove,太陽ヲ欲シガル哀レナ天使達ノ目覚メ,df27eaea-2b42-4a66-9c36-fd2636d54e5f
1998,1998-09-15,Overcast,Grief / Fallout,7b3a123c-a7a0-3f66-a7de-c87f26c5de21
1998,1998-10,overdose,INSTANT FLOAT vol.1,dd4c596c-1276-4fbf-ac25-515319e5bc1d
1998,1998,Overdrive,The Great Barrier,805d7ba3-554c-4fb9-9343-991fb8cadff1
1998,1998,Oxmo Puccino,Amour & Jalousie,67a76344-64c2-49b3-8ea2-a3fd9cbbc356
1998,1998,Oxmo Puccino,Mensongeur,2055273d-c79f-4240-9845-e5d2543f661d
1998,1998-09-14,Oxmo Puccino feat. K‐Reen,Le Mensongeur,326dd3bc-4e96-48cc-ab6f-a56470dd9f5a
1998,1998-10-01,OZROSAURUS,BAY BLUES,9ed07285-3b4d-3045-bfbb-110c0cb875da
1998,1998,P-Casso,Magic Dream,870038ea-5efe-4c69-bad8-0d4293b8916b
1998,1998,P-Funk,Serious Sounds / Seductive Thoughts,13142613-5d58-40fc-96cc-89e7acfcbfd2
1998,1998-09-08,P.M. Dawn,I Had No Right,b9cf46fd-fc1e-3814-b9e9-9f75494470d9
1998,1998,Pablo Neruda,Neruda por Sabines,94ee27d1-8f14-4f1b-81a6-f2e65c4922a8
1998,1998-09-28,Paffendorf,Ruf Mich An (Call Me Now),b8b21d0b-3793-3254-a50a-ddd01bdf2451
1998,1998-03,Paffendorf,Smile,1773fd6e-d8f3-4588-87dd-d607b845a99d
1998,1998,Paffendorf,Terminator 2 Theme: Main Title,b5e6137b-a75c-337b-aeba-1f0845763046
1998,1998,Page,Ingenting kvar,8e13e038-1c66-4eff-9852-c45d091085a9
1998,1998-12-22,Paid & Live,All My Time,39d4113f-1c56-3d37-a07d-e12fa5a4e316
1998,1998,Pala,Be a Celebrity,36964182-528d-4d4a-8e17-7df49b95de43
1998,1998,Pam Tillis,Every Time,8c60c609-d142-43be-a55f-75b4a4b5bcc8
1998,1998-06-03,PAMELAH,TWO OF HEARTS,c13e8165-f537-408c-b6b2-90f3f69faed4
1998,1998-08-05,PAMELAH,キズナ,600215d8-7083-4e43-8716-86a1acfabe07
1998,1998-04,Pan,Murphy,12bed0fc-a509-494f-8af0-fe999cd97b83
1998,1998-08-26,Pan Sonic,Arctic Rangers,c4d4a0b9-312c-4549-94ef-802832e21867
1998,1998,Pan Tonic,Tonic Planet,224381e0-1c14-44a6-9899-a06577920e67
1998,1998,Pandera,Cecilia,c04290c5-56c1-4839-9af6-e1a5c8a2b8dc
1998,1998,Pandera,Join the Summertime,9953ee16-30b7-49c8-9cc6-8ff657f476a6
1998,1998,Pandera,Summerfeeling,3a5059ff-b757-4bbc-b308-3c06eed11b20
1998,1998,Pandora,Spirit To Win,46cd5907-90af-46e1-b853-05c22a6a4793
1998,1998,Pantera,Live,eebdbd8f-7c1a-4865-a3de-320d0e8ae9e3
1998,1998,Papaya,Hero,3b4dc130-a848-3e88-9977-1bb8a2b60086
1998,1998-11-24,Paperclip People,4 My Peepz,27515696-956a-3b72-88c4-9bd7dc552fe5
1998,1998,Papermoon,Come Dance With Me,80857db8-50df-4fdf-bbfd-f27123e8f598
1998,1998,Pappa Bear,Honey Luv,02e3c5c4-f6e6-4950-ad9a-2cd994c64dab
1998,1998,Pappa Bear feat. Van Der Toorn,When the Rain Begins to Fall,42b69312-54d7-499f-84eb-9b55883db917
1998,1998,Paps 'N' Skar,Because I'm Free,f9816bce-7683-45cf-a89f-feb637cc2bc9
1998,1998,Paradisco,Hold Your Head Up,6e434813-da73-4cb8-85c1-edae3763c7a9
1998,1998,PARADISE LOST,ルール,98db3000-dc27-4263-bec1-4215fed97f09
1998,1998,PARADISE LOST,体温,6a12391e-e391-4b34-938b-9744aa7ca443
1998,1998,Paradisio,Vamos a la Discotheca,63bef321-ef9e-4b7b-a2bd-6dfcde4efb02
1998,1998,Paradox,Dioxide 170873 / Give the Drummer Some,25e6df05-8984-46d6-8924-1814918972ae
1998,1998,Paradox,Pandemonium / Coaxial,007022b3-988c-4d67-b009-c8b9a4efd958
1998,1998,Paradox + D.M.R.,Abstraction / Krystaline,af9ba747-cb1c-4779-a669-af59ec2d2d21
1998,1998-09-14,Paragliders,Change Me,e27f9877-cc96-33e8-aeee-aeb0992ee1be
1998,1998,Parallax,Moog Man / Soothsayer,61d76514-04b7-3d77-b7d5-92572934c25a
1998,1998,Paranoia,Tomorrow / Shine,3d4ece7a-9fd0-45d9-a1ac-70b5408eda85
1998,1998,Pariah,Catalyst (720 re-edit) / The Arrival,43eb22b0-577f-3fc1-9b44-e7eed3a4e01d
1998,1998-03-30,Pariah,Re‐Program / Aqueous,815e8080-721d-42d9-adc8-b96cc6425b52
1998,1998,Parlament,Vina vara,4a5afe65-560f-4cf7-9096-b979058d6a47
1998,1998,Part-E,Celebrate,bcf94cf3-3a16-4cda-99c5-3a2b11442faa
1998,1998,Party Animals,Hawaii 5-0,8d356cfe-0cf8-40fd-8e90-8840e9b3f111
1998,1998,Party Animals,The Show,c0fecbde-5958-4028-954d-2182db33d7b0
1998,1998-01,Party Animals featuring SugarBaby,Whatever!,f96663ca-4f65-4e33-bfa6-3c47a3e84300
1998,1998,Party Of Helicopters,Gun Court Singles Series,9aa6e5b1-015a-4fef-b403-06d36c57dab4
1998,1998-01-12,Pascal,Who Can Draw / Favours,83eb6bc1-ed71-4770-a27b-469d0fb49043
1998,1998,Pascal Comelade & PJ Harvey,Love Too Soon,fdac84be-bd4d-434e-aa1d-de0759f731f8
1998,1998,Pascal F.E.O.S. vs. M/S/O,Ideas & Experiences,de0d07a3-30d3-4a52-9e65-ad314e672094
1998,1998,Pascal Obispo,Assassine,49b35c3f-808f-45d0-add5-dde0a1545067
1998,1998,Pascal Obispo,Tombé pour elle (Live),afb0b0cd-2149-4771-a436-54019b2ff216
1998,1998,Passi,Il fait chaud (37°2),be161cb0-2900-40e6-b8dc-187b8a60c448
1998,1998,Pastis & Buenri with Frank T.R.A.X.,The Noise Sindicate,808b1d8b-0968-4c32-b5e8-cd687ba1ed52
1998,1998,Pat & Jim featuring Belle Perez,Me & You (Summertime Blue),55ddbd2a-5e34-4179-a543-9035aa335f84
1998,1998,Pat Jam,Master And Slave,88c054df-9ccb-4c75-a564-0de1b21b2914
1998,1998,Pat Jam,The Squeeler,cc7a1b9a-7efb-4822-9a00-e9bcabe29c30
1998,1998,Pat Krimson,Kinky,eb2abcde-f809-4022-9d69-eca8d096492c
1998,1998,Pat Metheny Group,Across the Sky,1fe2e792-f5b3-380c-ac89-07d522d7c551
1998,1998,Patricia Kaas,Je me souviens de rien,af31e91d-c22b-45c1-b60a-c0de4eb6c6f6
1998,1998,Patrick Fiori,Prends-moi,1696db4d-79f0-4405-bb57-647fdb5e338f
1998,1998,Patrick Lindsey,Phonk School,96f9c17a-cfc8-49a7-a71e-30865800b4e3
1998,1998,Patti LaBelle,Lord's Side,c3a0a0c6-7733-432d-ada8-362fa62041ff
1998,1998-07-13,Paul Adam Walter,Brutal House,8c155cca-d613-4721-b535-1141c0b2dd87
1998,1998-09-14,Paul Anka featuring Céline Dion,It’s Hard to Say Goodbye,a616bae2-4e00-472d-8a5c-6c0381c78f57
1998,1998,Paul de Leeuw,Vele handen,8a8e92bc-6a98-47d2-9566-d3536f5f936a
1998,1998,Paul Ibiza,Bass Box / Jazz Box,18906c82-aac5-4128-a25c-c29f45ab0dec
1998,1998,Paul Johnson,So Much,db3a38ad-6d50-301c-a95b-48769507267a
1998,1998,Paul Johnson / Le Knight Club,White Winds / Santa Claus (remix),cae82369-0730-3277-8b7a-6e212baa9a4e
1998,1998,Paul Kelly,Saturday Night and Sunday Morning,834486c2-0a54-4da9-8677-8918f27dbbda
1998,1998-07,Paul King / TdV,Kick It In / Bring the Beat Back,b9716e09-b978-4b91-af6b-405220a688c3
1998,1998,Paul McDermott & Fiona Horne,Shut Up / Kiss Me,c882e2ed-ff7b-3a31-a253-a89210e2de74
1998,1998,Paul Severs,Ik zou zo graag voor altijd bij je zijn / Je veux rester toujours auprès de toi,f14255a2-467c-4dc5-b5c2-7a0f2ab70733
1998,1998,Paul Severs,In de lente gaan we naar Venetië / Au printemps nous irons a Venise,b4987c73-3997-4f91-8f59-23834467cb39
1998,1998,Paul Severs,Leg je hoofd op m’n schouder / Tu es toujours plus belle,b3c8c5ba-fc68-4cd7-8a37-a94e5c4c1055
1998,1998,Paul Severs,Tilt,7b444e32-b74b-4538-aba2-d0e723735d16
1998,1998,Paul Severs,’n Sneeuwwitte bruidsjurk / Une robe de mariée,f09591b1-1dcc-4ae3-84c0-c60698b66039
1998,1998-08-24,Paul van Dyk,For an Angel,e68a8400-b5e2-37b7-8364-eb06eeabad28
1998,1998-08-25,Paul van Dyk,Words / For an Angel Remixes,6b3abb1b-075d-374d-bb88-1276be5acebd
1998,1998,Paul Weller,Brand New Start,e6f7aacc-e380-40ac-8020-cb99bdc794cf
1998,1998,Paula Perry,"Extra, Extra!!",ebcccd80-5b51-49fe-8a18-2fa120a80944
1998,1998,Pauli Hanhiniemen Perunateatteri,Kylästä kaupungiksi,f333a6be-0ef9-496a-ad7b-30cb90ffdfb7
1998,1998-08-31,Pauline Pantsdown,I Don’t Like It!,04da1e65-6f08-3bd6-91c7-f1465b85d172
1998,1998-07-13,Paus,Chock,ee78a6df-a3a6-3b20-a268-7c3659b05fee
1998,1998-04-22,Paus,Leia,b0ac7d48-1206-302f-9c8f-0fecfe18d454
1998,1998,Pause,Only,7c223028-0cda-4163-a9d0-233a343bd8b7
1998,1998-11-02,Paveier,Mir sin Kölsche us Kölle am Rhing,fc04f965-7543-3d16-bb23-c0887bda533b
1998,1998,Peach,Sorrow Town,e24fd7b6-6a1c-3610-abcf-01a369329579
1998,1998,Peanut Butter Wolf,Run The Line (The Remixes),4adca9ff-562a-46bc-b8c7-a920680964df
1998,1998-05-25,PEARL,ジェラシーに気をつけろ,720ecb23-ac37-4319-99ed-6e16fd9e6046
1998,1998,Pearl Jam,1998 Fanclub Single,f7903c5f-0667-39d0-93b8-3301f64ee475
1998,1998,Pearl Jam,Do the Evolution,66f92d8f-0a2b-47aa-9def-11235b87c16b
1998,1998,Pearl Jam,Elderly Woman Behind the Counter in a Small Town,398b9903-bad6-4a30-8009-fe7852371f57
1998,1998,Pearl Jam,Even Flow,d848d7a6-1805-4592-945a-263d26b99c8a
1998,1998,Pearl Jam,Fuckin' Up,14a4c131-bf94-4ab5-9dc3-e8f6d6018028
1998,1998,Pearl Jam,In Hiding,5ba3cbd4-9988-4b71-99d8-9949997790c3
1998,1998-05-05,Pearl Jam,Wishlist,64cdd541-e8cf-3e31-ade5-a388481fd5e8
1998,1998,Pedro the Lion,Big Trucks,634856b7-c273-42c9-a755-4ea25b652421
1998,1998,Peer Pressure,I Want U Back / In the Groove,ca84d969-3bc9-4b04-ad83-4628628c2608
1998,1998,Pekka Ruuska,Rafaelin enkeli '98,4801351e-678a-45e2-ac8b-9a72ea966424
1998,1998-03,Pelt / Harry Pussy,Black Florida,2cccbbff-2dd5-47d5-b064-4ec798a53422
1998,1998-04-06,Pelvis,I Am the Supergrass,9fb317fb-68ec-4079-a1f7-7ebd79152dae
1998,1998-11-26,PENICILLIN,Butterfly,6ff8c081-0790-499b-96f8-3912a37b13ec
1998,1998-09-09,PENICILLIN,CRASH,a50bfa1c-5625-48b7-a648-1bc8e4745d8b
1998,1998-05-13,PENICILLIN,make love,24c6fbdc-9d97-4065-b6bc-3a5188f794e9
1998,1998-01-15,PENICILLIN,ロマンス,6e998f59-7383-4270-a15b-142c62f1784c
1998,1998,Penniless,Cyberhand,a2ff62ba-f9fd-4362-b3c2-8e9f5bd0066a
1998,1998-01-05,Pennywise,What If I,463eb24b-fd0f-4a45-9fe5-529aff5141d3
1998,1998,Penthouse,Valley of the Sows,1f7b804c-917c-4857-81bf-df5f80d2829d
1998,1998,People of Cactus,Traky,fc14b839-691c-41f2-b18d-e5e415c45c8c
1998,1998-10-23,Perfect Combination,Control / Fine Balance,e651df01-4a76-3d83-a4da-3546ffa65a19
1998,1998,Perfect Combination,Friction / Branchin' Out,fd9b16cb-e142-4e0c-8b99-b8aef2b43754
1998,1998,Perfect Combination,Remember / Free Format,9c20a05c-1c61-4633-a249-c89e7830d1c7
1998,1998-12-04,Perfidious Words,It Means a Lot to Me,d1159b4a-d469-30b6-a8f1-fb8634516bd4
1998,1998-03,Persian,Dangerous (remix),c03c8c22-1191-4fad-9412-a90911dd114c
1998,1998,Persian,Real Love,82b27b9e-d576-4aaf-885b-d73b841aabbd
1998,1998,Persian,Summer Breeze / Worries in the Dance,e0ad8e55-ff0d-4689-97f9-31a97b662499
1998,1998,Persian & Sevi G,Together / Calling You,9c2761fe-3691-4496-86fb-5382ed0596c9
1998,1998,Peshay,Miles From Home,59feb23b-7017-361e-86ed-38e06c7504fa
1998,1998,Pest Five Thousand,Page 43,35d56795-9fc3-4fec-8abe-74ee0abf2eef
1998,1998,Pete Heller,Big Love,65820380-4054-3910-827b-42afb5467981
1998,1998-02-01,Pete Rock feat. Inspectah Deck & Kurupt,Tru Master,83cbe41d-cba5-4409-8729-7f86725a8b0e
1998,1998,Pete Skank,Don't Dig the Pig,264c0de8-bf2c-455f-8056-4c5718d5fa45
1998,1998,Pete Skank,Stay in Bed Forever / E.T. Likes LSD,c1fcc467-3f25-4b76-84a5-13c948857373
1998,1998-12-13,Pete Wardman,The Lizard Queen / Tragically Glamorous,7a29b4d1-eaf6-4f65-8d07-9b42ef2b5c80
1998,1998,Peter Albert,Blonder Engel,e47d822d-3dd1-4a50-ad27-eec32d989bfb
1998,1998,Peter Albert,Dreh dich nicht mehr um,f7566856-d5c3-4c6b-9c93-15eaf793367d
1998,1998,Peter Andre,Kiss the Girl,477fc43f-016c-4d64-8417-2fd6ba27cd25
1998,1998,Peter Cox,What a Fool Believes,8e72c8de-ac3b-4690-9b95-318396faa59d
1998,1998,Peter Fly,Oriental Dream,5757db78-3f07-4c3c-a238-2260d3e0f50f
1998,1998,Peter Maffay,Begegnungen,bd5672f7-0864-4064-9c1b-ce1740d91bb3
1998,1998,Peter Maffay & Cartel,Maffay’la Cartel,a10b6cb0-3279-4b57-8301-9068c75d3ce4
1998,1998,Peter Maffay & Freunde,Something Will Happen,7363cd68-6885-49e4-9614-93bd0d57ac08
1998,1998,Peter Maffay und Lokua Kanza,Wapi Yo,7c40150d-7e62-4c5c-9f62-9f43102ff5fa
1998,1998,Peter Parker,Hit Me / Are You Ready,8051cdc7-bb93-3b8c-8dbb-24ecb82e3d21
1998,1998,Peter Ripa,ingenstans o gå,1a7eaa92-dc22-4b49-9a74-74d854469e4a
1998,1998,Peter Wackel,Vier (Nachts stand ich vor ihrer Tür),2b22eb7e-0821-43a3-9cd0-9490b13467b2
1998,1998,Petit Vodo,Somebody's Dream,1189c266-28bb-3639-ac9b-3dc35410b075
1998,1998-10,Petra Frey,Du kannst nur einmal lieben,fda549a0-67b5-4fea-be86-bde16e4789e3
1998,1998,Petra Zieger,Vermisst,7796a05b-dc92-4465-8fed-a101346d475f
1998,1998,Petrus,I Really Want To,a3eadc59-6c16-41b1-ad81-726000131650
1998,1998-11-13,Phantom Inc,Hot Knives,5c75e55d-18cf-4cc1-b035-e6d89cb48f78
1998,1998,pHarmacy vs. Charlie Don't Surf,Route 666 / Hold Up,9749d5b1-5bbe-49eb-b451-a57a79930935
1998,1998,Phase vs. DJ Sniper feat. Phillipa,Fantasy,c38cb652-e987-4f9a-adfe-c136497ba2d6
1998,1998,Phats Bosellini,Los Skanless,882f2ace-0322-406f-af00-a4e313b59f6a
1998,1998,PHD,Beneath the Surface / Duality,cfc9673b-bf87-3cd5-8dc0-10058c231e02
1998,1998,PHD & Conrad,Progression Session / 3 by 4,e4f951fb-c827-3120-bad6-ba7c44dbdb09
1998,1998-09-21,Phil Collins,True Colors,7a61ddb4-768e-3a29-a8e1-14d0e33c85e1
1998,1998-10-05,Phil Fuldner,S-Express,f84f66b5-06c7-33b3-b2e6-ed86abb6ccaf
1998,1998-03-16,Phil Fuldner,The Final,30595894-9b0d-3825-853d-1086d8b7e257
1998,1998,Philadelphia Bluntz,Sister Sister,1122e654-2abd-4e39-ae37-5c6a2ecc9d1d
1998,1998,Philipp,Ich will Spaß,a9f9d2f7-fbf0-4aae-ad82-43bdcb4289f5
1998,1998,Phillip Boa,Kiss My Soul,524e3c30-3894-4e37-8c4f-d930341735f5
1998,1998,Philly Beats feat. Sophia,Voulez Vous,0d516f19-c40d-4f31-8a8b-4e9c38e81179
1998,1998,Phlex,Trance Out,3aea303f-920e-482c-a032-280fe09ecc62
1998,1998,Phobia,In Control,3d0d3f7d-1fc5-4f6a-a2a9-f7d43a1d7392
1998,1998-01-19,Photek,Modus Operandi,125ab6e5-c1df-32e6-b796-d458c12d23e8
1998,1998,Phreakmachine,Ain't No Stoppin' Us Now,a4328110-42a8-4033-bae5-e24a1b33c7fd
1998,1998-11-01,Phunk Diggaz,Silverlights,bcddc07d-b06c-3809-87da-47c3c8e6a67f
1998,1998,Phunk Junkeez,Hazee,1bcc0a36-47e4-4660-a546-52eda7da7c06
1998,1998,Phuture 303,Alpha & Omega RMX,fdc4ca3f-c021-4b38-a087-809a9efb49da
1998,1998-12-28,Phyllis Hyman,Groove With You,06682d8c-e865-45be-a8c8-702a213a510a
1998,1998-12,Piano Magic,Music for Annahbird,96ee341b-513c-42b4-a71f-3733c1ab819b
1998,1998,Pianoheadz,It's Over (Distortion),e7387428-3d08-4463-877c-af043056c66b
1998,1998,Piccola Orchestra Avion Travel,Dormi e sogna (remix),dadbd465-71a8-4267-b6fc-13525df06318
1998,1998,Pierpoljak,Je sais pas jouer,3c3349c7-97b0-4c2c-ab98-cb2bf162a1f2
1998,1998-12-02,PIERROT,MAD SKY-鋼鉄の救世主-,a8551852-5ee1-3784-baa0-11f70f7bac9c
1998,1998-04-22,PIERROT,Screen,497d8579-090e-3296-bfec-0c3470bfc4e2
1998,1998-09-10,PIERROT,クリア・スカイ,2fd2ed23-bda5-3fdc-b8e7-708bb2779086
1998,1998,Pig Snorter,Marauder / My 909's Got a Picture of Chris Liberator on It,a56c7066-07bf-432f-8a61-7a0c07d617fd
1998,1998,Pilgrim State,Touch Me,7ab2c6de-430b-39cc-a142-98d3745a1497
1998,1998,Pills,Chapeau melon & Bottes de cuir,ed6bda2a-cfcc-4667-a0ef-1392e31f248b
1998,1998,Pills,Fun-K-Tronic,fae401b9-e58c-4274-a66f-f3fb51fc5449
1998,1998,Pills,Super Harmony,2f43ff6b-592f-4555-90ec-6566d55e2c28
1998,1998,Pilotcan,The World Turns Without You,5a08725e-2267-4700-8dca-3e2acf7a1c0f
1998,1998-03-31,Pinay,Everything (You'll Be Missing),0dc7843e-ae37-4854-b527-9c8a9587d673
1998,1998-10-20,Pinay,Next Time,70b57315-3eef-45a7-b012-d657ab195fd9
1998,1998,Pinball,Hands Up,744afb3d-fd79-4dae-ba0e-442c2cd72c78
1998,1998,PINCHpoint,Misery,4c213baf-e58b-477f-a4ff-d759e9f9390e
1998,1998,Pinhead Circus,Hallmark,6a08c63d-b27f-34c3-bd8b-bdcdd5b4df70
1998,1998,Pink Bomb,Indica,0c3ef911-a2be-4b23-831a-9a0570da8afa
1998,1998-12,Pinocchio,Da Da Da,4761d7de-314f-48a3-9d17-2460cf5b76ec
1998,1998-06,Pinocchio,Flower on the Moon,c5e4c647-f0ff-464e-865e-391577fd3ea7
1998,1998-05,Pip Proud and Alastair Galbraith,Me & Gus,0dcc3934-b9e6-4cc6-80cc-6ed3f8ced0ed
1998,1998,Pipoca,Margarida perfumada,73243de3-703a-4911-a915-afe0f7e63207
1998,1998-11-12,Pippo Pollina,Ken,b9765ef8-13a0-3904-8ff4-7f1abd4f699f
1998,1998-03-21,PIRATES,INCANTATION,17f2c456-fd4e-4d02-8dbd-792033546991
1998,1998-03-06,Pish Posh,Corrupt Cops / NY Undercover,650d63a0-1932-4e85-8895-383deaf25d11
1998,1998,Pish Posh,On Yer Feet,7d600503-6a0d-4b8b-9b18-e7b3c0393a3c
1998,1998-02-16,Pitchshifter,Genius,47e41727-8453-3b27-af44-18821f8963d9
1998,1998-07-20,Pitchshifter,Microwaved,a0b69e55-f720-30a8-903b-aaa88418ed06
1998,1998,Pitchshifter,What You See Is What You Get,7c594142-052e-375b-b666-131e939b7afd
1998,1998,Pizza Girl,Crazy for You,aa852c00-f7ce-44d8-9fb6-9733aae3521d
1998,1998-11-18,Pizzicato Five,Playboy Playgirl,eed16a8c-ebb3-31e9-b59d-09eea8d09ff3
1998,1998-01-21,Pizzicato Five,Porno 3003 / Collision and Improvisation,cfca6c0d-2e7b-4ac9-aec6-59900f58627d
1998,1998-07-18,Pizzicato Five,Such a Beautiful Girl Like You,4867c791-2bb1-4772-a805-5519c22d2d4b
1998,1998-09-19,Pizzicato Five,week-end,82f653f0-1101-3567-9df7-b5e5df90715c
1998,1998-01-21,Pizzicato Five,恋のルール・新しいルール,936c9441-916a-307e-9e9f-0944f4c65558
1998,1998-09-14,PJ Harvey,A Perfect Day Elise,0708c3f3-5428-37df-aeda-fb3e111ccd26
1998,1998,PJ Harvey,Angelene,af8732b6-62c2-4aaa-be28-dffa00b0133a
1998,1998-08-03,Placebo,Pure Morning,02871765-cff8-3d44-88f5-7488a036c1ab
1998,1998,Placebo,Twentieth Century Boy,67f2ec05-bdc7-3298-be85-81a56e082b4d
1998,1998-09-28,Placebo,You Don’t Care About Us,cdcee509-31e2-3c7b-8d66-c75f1a611910
1998,1998-05,Plan E,Lunarscapes,9b6cd7a7-d3fe-3d21-8e8b-b9e3dcb08404
1998,1998-11,Planet B.E.N.,Non Sense / Daily Delay,a24b5e48-cbe8-4468-a29f-bd476240f983
1998,1998-04-20,Planet Bass,Axel F,24bec3d8-683b-3aa2-b6bb-391487b7cd50
1998,1998-11-09,Planetary Assault Systems,The Drone Sector / Voodoo,41e965c8-c8d9-3f1e-a1a8-8e8d2432916d
1998,1998,Planisphere,Dreaming Of You,c43683e6-b1cb-48ea-a0e7-40cce069c438
1998,1998,Planisphere,Love For Eternity,e85286e3-dc21-4a74-85c0-1b585fa311c6
1998,1998,Plastic Boy,Twixt,b75afc77-7e03-46f2-850d-94da85711a4d
1998,1998,Plastic Park meets Alexander Purkart,Music's Hypnotizin',d6d30d5d-f3f4-38ba-9b94-04b4e1206fa8
1998,1998-02-15,Plastic Tree,本当の嘘,afeeb66c-81ae-328c-9e62-a815a6fb680c
1998,1998-07-25,Plastic Tree,絶望の丘,c212d4c0-d426-455f-a059-e925076d0c9a
1998,1998,Plastikman,Hypokondriak / Afrika,4ebde5ab-bdf7-3f0b-8fe2-c41a771e22c2
1998,1998-07-23,Platinum 900,missing star,3d8d147a-1a21-41b8-b4b9-1711c43a1c93
1998,1998,Playa,Don't Stop the Music,3ac104eb-aaaf-3bc4-b7f5-305d5d674bf0
1998,1998,Playa,Sano yes,edcf71c4-8368-426f-9bfc-703a0f8d1ae3
1998,1998,Playa featuring Foxy Brown,I Gotta Know,b2672b92-ef59-4cb8-abfc-9fda378fd843
1998,1998,Playahitty,The Man I Never Had,1f18b062-ca0e-40b8-90fa-054e8b281f80
1998,1998,Plazma,Getting Married (Ding Dong Ding),467c20d0-1bb4-4cd9-864b-151b73e672bb
1998,1998,Pleasure,Hardcore Power,00e0e5b1-53f4-42ad-b94e-462c91dafee1
1998,1998-09-14,Plone,Plock,9ef10900-8cc5-30cf-9924-4c2e02072b0d
1998,1998,Plop,Het Ploplied,30dda038-3cf2-41a9-a478-d56e50470a0f
1998,1998,Plume Latraverse,El Niño,0c0a4db8-f66a-4c86-9cce-15774d5c210e
1998,1998,Plume Latraverse,La journée du chèque,4665a7bc-349e-4e6c-a4cd-a8afaf32851b
1998,1998-03-15,PLUSRAY,Grief Rain,e5dee2cd-67b0-4699-89c1-7dec638ae884
1998,1998-12,PLUS×CANNER,キラメキ,71abaaa0-f209-40d5-92cf-4c196efe9aa8
1998,1998,POB,Boiler,803f6244-2c1c-39a1-96c7-0d71ad5578d8
1998,1998-07,POB,Boiler / Beast,6724696a-c565-3713-99ca-72a9d613ca54
1998,1998-07-22,Pocket Biscuits,Power,548558e5-38a7-4ed7-9d25-207c69ef4c1a
1998,1998,Poco Loco Gang,Poco Loco,3335f469-1dd2-40ce-b686-9514f7e7f751
1998,1998,Poco Loco Gang,Poco Loco,9bdfc6a8-9a9e-4bff-9506-dd297bb5b1f1
1998,1998,Poe,Control,fa05d5d0-3568-39b7-a6d5-2129cb17ddc3
1998,1998-06-16,Poe,Rise and Shine,3b2ed55a-1c59-3bdb-bf84-ad631c9b851d
1998,1998-03,Poe,Today,ba13ea1a-5446-3045-ac00-679d235a15e9
1998,1998,Poetic Lover,Fier D'avoir Ton Love,6ba3e0fb-fca9-4440-81b9-e2a3a1dbd54b
1998,1998,Poetry ’n’ Motion,Georgy Porgy,7e04fbc9-869d-4af9-b6d5-1507ecdcb065
1998,1998,Poetry ’n’ Motion,What You Want,aaadadb6-2004-4292-8200-1878acffc7c9
1998,1998,Point Of Grace,Steady On,4124f76d-f36d-4921-9425-67576ece4b5a
1998,1998,Poison Idea,Learning To Scream,f707ed77-6da6-419d-a735-8c95a9d49bfe
1998,1998,Pojat,Aina lauantai,e55f5e62-2cb8-4c6e-aa83-dab11aafe572
1998,1998-12-06,"Polad Bülbüloğlu, Şebnem Ferah, Fatih Erkoç",Gel Ey Seher,34a17da7-d563-43e0-a591-a9f8252211fb
1998,1998-06-29,Polak,2 Minutes 45,f8f010e9-de91-4d79-9bbf-15e611fc5e75
1998,1998,Polak,I'm Sick,b7a7bfac-24d1-4048-acca-26419f0fc658
1998,1998-04-27,Pole,Raum Eins / Raum Zwei,8d759a37-71c4-30fe-ae50-de1a05e63987
1998,1998,Poloroid,So Damn Beautiful,49bf607e-9c2e-4f1f-8d7e-59a2c8b652f2
1998,1998,Polyrhythm Addicts,Not Your Ordinary,d319fed2-3e24-34cf-ad04-f37ed9159ad4
1998,1998-08-26,PON,WHITE KIDS,bd721fbf-b387-4a43-8200-451c15f594b3
1998,1998,Pontus och Amerikanerna,Kasino×2: Weekend Remix,f77ba0a7-0032-4e15-be15-ccde16499a16
1998,1998,Pop Device / Indigenous Tribe,Black / Flight 313,484372fb-3163-4170-ba59-7e89d16bf7cf
1998,1998-07-13,Pop-Off Tuesday,Unworldly,f911646a-3d08-41a4-8043-85448310103c
1998,1998,Poppy Seed Grinder,Brutallized,b5614261-1670-438f-8809-709dd0b48407
1998,1998,Pops Mohamed & London Sound Collective / Black Mantis,Fading Light / Yellow Nitrate Fighters,4ba93ace-f73c-4b83-b348-1e3ad69a9bc7
1998,1998,Popsie,24Seven,3516832c-199c-4798-a12c-01d5c7e995c7
1998,1998,Popsie,Joyful Life,0b020275-e7c1-311f-bbef-58ec565ed2ca
1998,1998,Porn Kings vs. DJ Supreme,Up to the Wildstyle,d1b3e14d-acfd-3918-af5e-680f37d5047f
1998,1998,Port Vale,Port Vale,b9ba7c7b-b1f3-42f0-997d-ec4687f62949
1998,1998,Postgirobygget,Hva gjør vi nå da,edcafcd3-a5ba-3de0-87cc-9612a229ca53
1998,1998,Postmen,Cocktail,918f7ffa-e95f-4153-8c1c-e63fc25b3ccb
1998,1998,Postmen,Renaissance,7380ae23-e4d1-4a37-900b-f357728de6c7
1998,1998,Postmen,U Wait,47517681-e173-44d7-b73a-ce031f78d952
1998,1998,Potsch Potschka,El Picador,859c4c6e-5a58-4bb3-a24d-12b4e75cab7a
1998,1998,Powda,Pow / Throwdown,7a088af9-991a-40de-9545-b9b5105e39d4
1998,1998,Powder,Respect,2d4c4214-9201-4b8b-9b33-bdce50407506
1998,1998-11-09,Powderfinger,Don't Wanna Be Left Out,2f7ba898-4b48-3e7d-8e49-efb962428dd0
1998,1998-08-10,Powderfinger,The Day You Come,620b3193-e968-361d-8a00-650f7e33ba06
1998,1998,Praga Khan,My Mind Is My Enemy / Luv U Still,c4a05c8c-16f5-338a-9b07-4cafd793ff6d
1998,1998,Pram,Sleepy Sweet,a87c8578-5f23-4b34-882a-f1bacafacf3e
1998,1998,Pras,Blue Angels,3bd03e73-d701-3ae4-b664-f56fd7554177
1998,1998-06-08,Pras Michel feat. ODB & introducing Mýa,Ghetto Supastar (That Is What You Are),c9aeb1f5-61ca-4e98-86e5-c130ac0c339a
1998,1998,Presence feat. Shara Nelson,Sense of Danger,02627505-6f3d-32da-a618-08a936ac0c6f
1998,1998,Pressure Drop,Silently Bad Minded,c4a04d2b-5ef7-4329-ae4c-d5922c5c0333
1998,1998,Prestige,Movin' On Down,9745cdd7-690a-42ee-813d-f037cd1e08ea
1998,1998,Pretty Poison featuring Jade Starling,Catch Me I’m Falling,81f46b62-50fa-4b3c-a916-2b5485f82bd4
1998,1998,Pretty Poison featuring Jade Starling,Catch Me I’m Falling / Loco,911bd1a0-375e-463a-aa58-c01fc9413653
1998,1998,Prezioso,I Wanna Rock,e20b5459-f1af-4d99-8f45-c562a696fa92
1998,1998-02-16,Primal Scream,"If They Move, Kill ’em",a0fe4a0f-8c2e-38d9-982c-05327845e372
1998,1998-06-06,Prime Mover,Inner-Core,6101805b-1d68-4283-88c7-3f9c38e3e90d
1998,1998-08-24,Primitive Radio Gods,Talk Time,8e33ac7e-aa72-469d-8462-8239d388d5ad
1998,1998,Prince Buster,Whine and Grine,2c83af01-8988-35dc-a135-76c0c693698f
1998,1998,Prince Paul ft. De La Soul,More Than U Know,a59a3959-191e-4154-a210-f1706e584822
1998,1998-11-02,Princessa,Snowflakes,51aab6b4-657a-43de-b859-cac18aa0edf1
1998,1998,Prisoners Of Technology,Volume 7,6d17009a-1c31-47f5-b23c-27ee34ee7053
1998,1998,Prisoners Of Technology,Volume 8,5c6d420c-0818-4b17-b312-a54e6b6893ce
1998,1998-10-12,Prisoners Of Technology,Volume 9,9c67d8e9-5e3b-49cf-85a6-b40a6e0d7f44
1998,1998,Pro-Active vs. Spaze@ttack,Cosmik Space,eda3431c-da97-42c3-875e-a4c6eeb1950b
1998,1998-05-26,Probe 7,Pyramid 7 / Groove NRG,06647679-0c20-4c3b-9f6c-fdb62da79afc
1998,1998,Problem Boy,Self Control,32b2e8b1-f0a5-43e3-989b-2aedc48b8827
1998,1998-04-01,Problem Child / Panacea,Defender: Remixes,ea720344-2f56-3dac-b7ab-fe3f4c55bb9d
1998,1998-02-24,Prodigy,Jungleism,6e94aaad-3408-4dfc-b06a-2d0d69c48f7f
1998,1998-03-30,Project Euro Mir,Lift Off!,1a9f797e-a28f-3d31-ae78-d301a7f6262a
1998,1998-09-14,Project Pitchfork,Carnival,828ce369-65a5-36f4-9806-d6fc0af89ce1
1998,1998-06-15,Project Pitchfork,Steelrose,5dfba68c-458b-36f5-9ab6-a44c73762716
1998,1998-01-14,Project-X,It's All Gone,f7ebd665-33f0-3d42-a3c5-1d5109fdffe3
1998,1998,Projekt,L'Éternité,96c17f27-a7e5-48ed-94e4-dddeda5a4a79
1998,1998-04,Prolapse,Deanshanger,acf1a86b-bc85-3f89-aa7b-7801adb0074d
1998,1998,Propeller,Dancin',634bb2c3-42a0-4bcd-901d-42422cf9904b
1998,1998-06-15,Propellerheads,Bang On!,2ed388de-ae5c-30e7-a77a-1294adae0c18
1998,1998-02-15,Propellerheads,Crash!,d2e797fc-2372-3c04-9245-f052ca2593d5
1998,1998,Prophets of Rage,Kawng,1fcf7efc-d139-4a8c-8985-d68d791e995b
1998,1998,Prophets Of Sound,High,eaf0268e-61d3-49c3-9a56-11a2f3fc2333
1998,1998,Proteus,Broken Eye / Urban Score,d788dffa-8fda-4206-9826-7912d651d694
1998,1998-05-04,Proteus,Kryptic Viper / Black Note,cbffa0cc-32da-3185-b008-e377f61903a5
1998,1998,Prozac+,Acida,08b9a432-fc89-4e73-819d-6f09821580b9
1998,1998,Prozzak,Hot Show,2f2572e3-e9f8-490f-860b-97cde0817a68
1998,1998,Prozzäk,Sucks To Be You,bec410c7-9df2-492c-9a93-0838f9ec6428
1998,1998,Prāta vētra,Puse no sirds,fd091e78-15d8-309f-9236-b6fe87a1949d
1998,1998-11,Pseudo,Heartbeat,8e8ab66e-dbcf-4101-82ee-3a4d804ead98
1998,1998,Psilocybin,Steroids,862b80d2-cd64-4dd8-8bea-39ff53c021c5
1998,1998,Psion,Rising Tides / Inversion,a6a80ec9-b394-3a67-a45d-b8c54c854d18
1998,1998,Psychedeliasmith,Monster / Drifter,2909fcf5-bda8-4f11-b6e3-e8394b063dbc
1998,1998-12-03,Psycho VII,Just Another Fun Love Song,b01144d0-1821-3333-8c4d-fc2f36f4a2e8
1998,1998,Psychopilots,Ready For The Nightflight,597c1cc7-b2cc-4625-8ed4-3c5aba9fb752
1998,1998-12-14,Psychosis,Tempest / Inner Sense,dfcc0537-c02c-3ddf-b396-7766cfc6454d
1998,1998-04-20,Psykopat,"Bad Tripeuzzz ""Toujours + O""",ce202001-5965-4e16-9d8a-a2ea510a697d
1998,1998-11,Psysex,4 Days Of Madness,300a6c1d-6232-4d5a-af24-aacc12e7eda5
1998,1998-05-21,PSY・S[sáiz],Brand-New Menu + Another Diary,8bde22dc-ade7-49d1-af39-5f7ad5f3c1df
1998,1998-01-27,Public Announcement,Body Bumpin’ (Yippie-Yi-Yo),ba591f56-f720-39a1-bf1e-ecab8f8d1c03
1998,1998-04-26,Public Enemy,He Got Game,67eda86b-0391-3f33-ae60-689dd532a886
1998,1998,Puddu Varano,Day Without Sun,072a54b3-1aae-3fc3-b66a-afaf1eec2b23
1998,1998,Puddu Varano,I'm Going Away,127a1edd-e380-3009-8c10-5dd4b74bd7d8
1998,1998-01-26,Puff Daddy & the Family,It’s All About the Benjamins,a1d7de28-7420-37b9-ab4e-b979de30871b
1998,1998,Puff Daddy & the Family,Victory,8b272168-a50f-37e4-ac0f-6758935b4801
1998,1998-06-19,Puff Daddy feat. Jimmy Page,Come With Me,37d08f59-02cb-3860-92ac-4e7c3f9a0bf5
1998,1998-08-29,PUFFY,たららん / パフィーのツアーメン,9d699aa5-cb1f-36f3-ada3-a0ac3f69abc3
1998,1998-12-12,PUFFY,パフィー de ルンバ,8dacb597-2245-3b77-97b4-9a73d3a2ab3d
1998,1998-03-14,PUFFY,愛のしるし,82454d55-fb07-3d7e-90e3-408ce50181b1
1998,1998,Puhdys,Comeback,ac0e1c8b-cdcc-4519-90f2-1ddd3efd693e
1998,1998-06-08,Pulp,A Little Soul,9647a2b1-d57b-31fe-a9e4-15961c52a6cf
1998,1998-09-07,Pulp,Party Hard,f8ccfde7-36aa-3aaf-9c33-64e77dbd9b01
1998,1998,Pulp,The Fear,856acf64-8553-4887-b80f-436940ae3b9c
1998,1998-03-16,Pulp,This Is Hardcore,9b340bb7-ce31-326c-a5b0-c32c7b0ff159
1998,1998-03-16,Pulp Victim,Dreams Last For Long,a965e45c-b172-4488-9700-d0a97d3aec1f
1998,1998,Pulse,Music Takes You,bc1893ae-9a2b-43f0-bb61-e9b25408fd14
1998,1998-05-25,Pulsedriver,Inside My Head,a4eecbfb-68a3-461c-aeb5-f2930fb8dd2c
1998,1998-10-21,Punky Fruits! & 松浦有希,Dance with me tonight/More Natural,777ad03b-f4a0-4e95-be7a-7656392a9aca
1998,1998,Pur,Der Dumme,087bd798-063d-4721-84bb-4eafbfa0b06b
1998,1998-11-09,Pure Doze,Ich hau' auffe Kacke / Du hörst nur noch Beats,5ce403a4-6b7e-45a0-ba52-8b977ca0ce74
1998,1998-07-28,Pure Sugar,Delicious,368c4b6c-f4f2-3738-ab12-a9b1100edfc9
1998,1998-10,Purely,[Infinite blue love],8816657f-e839-4df4-b496-8ca2423bdef5
1998,1998,Puressence,All I Want,15537c70-2d98-40cb-a4b1-a9b1c0cd865b
1998,1998,Purity,Interference,e9dd57e3-f9e5-4106-a2ba-6964cb84378b
1998,1998,Purr,Gain,9d405987-eb0e-4192-9475-b6b99cd10ab0
1998,1998-11-23,Push,Universal Nation,ea7eb186-8c63-4376-a409-b7f578d857a2
1998,1998,Puya,Sal pa' fuera,6ab5f436-7837-3242-bab3-1c41917ba4b5
1998,1998-10-17,Puzzle,J’ai jamais trahi,3046165a-365f-47a3-9359-309d04b85b54
1998,1998-09-25,Puzzle,Pousse ça a fond / J’rap comme si j’allais mourir demain,e133cc61-065f-4a98-958f-da3eecdad9a8
1998,1998,PUZZLIC BRAIN,LIVE AT KYOTO MUSE HALL ‘97.10.2.,49bfc4a6-3898-441e-a030-63586a0c714a
1998,1998,Pyrotech,Burn Hollywood,759726d6-2656-44cd-8543-cecfbe61ff80
1998,1998,Q,Deep Breath,02389c68-d392-442f-9d28-651b4133c55e
1998,1998,Q,Digital Moon,b6933c4a-c70d-4229-be49-283f5fb66da2
1998,1998,Q,Me' på den værste!,f8568c05-dea3-3811-a26f-e766f931a368
1998,1998,Q Project,Capricorn 15 / Surface / Break #4,88687173-f1e0-3afa-a505-fce8ae8199af
1998,1998,Q-Burns Abstract Message,He's a Skull,81f5b8fd-cc1f-4bdf-84b9-34698c845fd8
1998,1998,Q-Project,Wake Up / Twist,990bb967-1c30-4248-8449-702b8e2fc0d9
1998,1998,Q-Tex,"Equazion, Part 9",643e02f9-c607-4ddd-a36e-399f2224aecb
1998,1998-05-28,Qattara,The Truth,010e2a32-1011-4b0c-ac09-9bbd5bd0eaf9
1998,1998-05-25,QFX,Seduction & DNA Remixes,89170b6a-b139-4545-bfff-f7c469a3ae7f
1998,1998,QT,The Message,13e6e184-51c7-483a-91c8-d8e06b61d903
1998,1998,Quadran / Chris Raven,Unlovable / I Know You Love Me Too,f331b3dd-5dfc-46ed-9e89-5563b1276db8
1998,1998,Quadran Feat. Tasha,Unlovable,c37635fc-5de5-4779-bf1e-2f4b479827c5
1998,1998,Quarks,Kikyo,34ad9fb7-bb51-45ac-937a-4a277101b44b
1998,1998,Quarterback,Touchdown,30155528-0764-47bf-bd5c-61007bd2fa57
1998,1998,Quasi,The Poisoned Well,ea4893a7-6e3d-383a-881f-e009f554a8b9
1998,1998-07,Quasi,Unto Itself / Kiss the Snowman,ad341ba2-4a7c-3313-b7ed-4813f01ce0f3
1998,1998-01-12,Quazar,Confusing The Sun,10f20e80-0e2d-4bf5-aa60-095e00169d94
1998,1998-08-28,Quazar,One & The End,a6935156-a811-4cee-9a38-dfd861cf9feb
1998,1998-10-05,Queen / Wyclef Jean feat. Pras & Free,Another One Bites the Dust,17423cf8-ef71-3e96-87ec-d2adf6e7e7d9
1998,1998,Queen Latifah,Wrath of My Madness (Premier remix),0cb6265d-f9f4-4122-bed5-059e11d0b67b
1998,1998-08-24,Queen Pen,It's True,70f7c1a0-9186-3616-8440-fe6bd2e8f45f
1998,1998-11-23,Queens of the Stone Age,If Only,cb066b62-2ab2-469a-8c8d-85f79e8392a2
1998,1998,Quench,Get With It,a8193cfe-b056-4146-96c4-b0f922aca138
1998,1998-08,Querelle,Show Me,b51d856e-f357-4491-a795-1a94115f5608
1998,1998,Quest,Images of You / Spiritual Dawn,82104670-88ef-411d-ac58-7326d11e1577
1998,1998,Quickspace,Amigo,37a4ae8e-6248-3039-980b-d4949b402029
1998,1998,Quietman,The Sleeper,ee4d88e2-8dbb-39ca-970c-14aace39be2d
1998,1998,Quixote / The Trans Megetti,Great Lakes And Gardens,cf371abb-cd5c-42c8-876e-c4a85279726c
1998,1998-12,Qwake,All My Life,72ba125f-9317-42f9-9140-74e69d1b7cb8
1998,1998,Qwest featuring Shannon,Let the Music Play ’98,9cb0b99e-b570-465c-96ff-9e87a19c0276
1998,1998,R 'N' Flex,Music Maker / Sahara Dawn,113784a7-6665-4229-a2ed-75eeaea6da5e
1998,1998,R Notorious J / Shaun Bear,Impulse / Take It Like a Pro,13417994-a295-4cf0-8dee-214e095e69aa
1998,1998-08-02,R'ISK,FROM FIRST/VICTIM BLUE,70f46a9d-95d1-498c-966d-cd407dd7c95a
1998,1998,R-Damski,Drop The Beat / Food-Sue-Ang,ede651cc-e63e-49d6-89b4-8836f54d9826
1998,1998-01-28,R-ORANGE,Mysterious Night,9be79232-251a-4ff4-b7d9-51fa4fc3c7ae
1998,1998,R. Kelly,Half on a Baby,0d3bb562-dafd-32cf-8792-736d615d5e95
1998,1998,R. Kelly,If I Could Turn Back the Hands of Time,85031552-fe1a-4d00-a385-e9baaeb074d5
1998,1998,R. Kelly,When a Woman’s Fed Up,2b2c5b37-8253-43fb-ab46-86b996024eb4
1998,1998-10-12,R.E.M.,Daysleeper,95d68b2a-9c99-3044-8db1-b3336c6ccd24
1998,1998-12-07,R.E.M.,Lotus,4bd0a3ac-83da-3d38-a57c-2409b826c83e
1998,1998,R.L. Burnside,Rollin' Tumblin',35ce4dd4-c38e-4c93-899d-234e024c2fd4
1998,1998,R.O.O.S.,Living in a Dream,4eb80987-48d0-3484-8134-b8afd2379e21
1998,1998,R:A & Hexer,Compress,8a6f6130-0983-4ac3-8537-12136d7b5e94
1998,1998,Racer,Bønda fra nord,b4eb4e37-e2ba-3785-a603-934600dc39e9
1998,1998,Rachael,Love You Tonight,cd7e0d09-b36f-382b-84a0-03d02c9f2565
1998,1998,Rachel Auburn V's DJ Superlover,Untitled,b9d8952b-80f0-4b11-9c9b-6be1398f86c9
1998,1998,Rachel McFarlane,Lover,6fe93948-183f-3073-9b79-0b96beed065b
1998,1998,Rachid,Pride,9ea3ced8-18ef-34b1-ad86-2714646f1b6e
1998,1998,Radar,Slow Down,3206d7ec-e7f1-4f74-aad4-dfbdb6733779
1998,1998,Radical Playaz,The Hook,19a451fa-6eb8-4684-b9db-7d0e9ef75501
1998,1998,Radici nel cemento,Guns of Brixton,d0723288-a3eb-3072-85e5-92f640977403
1998,1998-12-03,Radifia,月精の笛,5b9e67ea-97dd-4e6f-8c38-e93189c8e763
1998,1998,Radionautti,Pala Minusta,6fd64f6e-5f22-4f97-8a30-37b2ae012e5d
1998,1998,Radiorama,Beautiful Man,050055b8-82f8-4406-a26c-67fcc7a61575
1998,1998-11-16,Rae & Christian,Spellbound,0804857c-f66f-3ba9-a891-84911c080783
1998,1998,Rafet El Roman,America,85087837-50c1-4bee-84e9-bef537e281cd
1998,1998-06,Rafet El Roman,Amerika Remix,46d7588d-0c1f-4b90-9584-efcbf45b9dda
1998,1998,Rafet El Roman,Leyla,4ee7fa81-3d59-40c8-a24d-7530b8d9e09b
1998,1998,Rage & Lingua Mortis Orchestra,From the Cradle to the Grave,dd3aae8b-5a50-43e8-b95a-7103649c9146
1998,1998-06-29,Rage & Lingua Mortis Orchestra,In Vain,42829488-7d7c-3349-8c4d-257eb6caab9f
1998,1998-02-12,Rage Against the Machine,No Shelter,7543e231-4a62-4e8c-9572-81f9577510f2
1998,1998,Raimundos,Nananeném,78201005-355d-3caf-b483-1a023f0bdf94
1998,1998,Rainbirds,Shoot From the Hip,f6aa3717-52c5-3455-b40e-a2e1195c7164
1998,1998,Raindogs,Kids Only,b3bf4634-f269-4a4c-bc07-a7de6a98cc89
1998,1998,Raining Pleasure,"Underworld D-Tales, Volume 2",75f0560a-b1dc-451f-9c4a-909d205b7e08
1998,1998,Rainmen,Pas d’chilling,b8bb7a3d-1e28-374a-9926-14de259a50e7
1998,1998,Rakim,Stay a While,18a888e5-4aa3-4c8f-b223-2c0ce99a5be4
1998,1998-03,Ralph Lundsten,Diskophrenia Remixes,2e2dfabb-d6ca-4439-9fc3-a0cc42901948
1998,1998-06-08,Ralphi Rosario feat. Donna Blakely,Do You Like the Way That It Feels,0ee83be0-2589-4caf-8f81-ac63d3c7fc66
1998,1998,Ralphi Rosario featuring Donna Blakely,Take Me Up (Gotta Get Up),be3113be-68f1-491f-ad1f-f9a9a9df6593
1998,1998-08-24,Ram Trilogy,Chapter One,067894de-6cd8-3579-8986-cf64078382b4
1998,1998,Ram Trilogy / Mulder,No Reality / The Hard Way (Dubplate version),37f28724-6a07-4fb4-a390-0ba9dbd4db07
1998,1998-08-05,RAMAR,time go around,ad31f371-78b5-36fb-a3d8-c5dd6aa3fa25
1998,1998-06-03,RAMAR,ヒマワリ,a5a28783-7459-3fa3-aebf-82e28a7371f7
1998,1998-06-19,Rammstein,Original Single Kollektion,9dbe240b-8326-4cfd-888f-e598c2afebed
1998,1998-07-27,Rammstein,Stripped,cb04c8be-78d0-3b75-a49c-00227e826ce1
1998,1998,RAMP / Billy Brooks,Daylight / 40 Days,8e89e43c-bad8-428f-ab56-d95a32e94805
1998,1998,Ramses II,Open Your Heart,ad107758-0cbd-4201-bafb-393287729455
1998,1998,Ramsey & Fen feat. Lynsey Moore,Love Bug,ae321033-6c6c-3c7a-981f-47dc9ee106aa
1998,1998,Rancid,Bloodclot,1907f36c-93c6-4de0-b83f-53d765e5e2d3
1998,1998,Randy,Wanna Be Your Lover,00bf0824-0e3a-41a7-9169-428def52fdbb
1998,1998,Randy Travis,Out of My Bones / Brinks Truck,55eb9abe-6881-3536-b672-47b3063ab821
1998,1998-11-23,Rap Allstars,Last Christmas,1a051c2c-b5c0-3b19-b1dc-90ccbb9ef3fa
1998,1998-11-01,Raphael,White Love Story,f3ea51b3-c8a7-44cb-b4c3-77174580fbdf
1998,1998,Raphaël / Freeman,Mon paradis / La Mauvaise Graine,fc31b849-e2aa-492d-a6b2-9a477bd22f17
1998,1998,Rapit,Hold Me Now,fdff836c-8777-46e6-a061-0c37a0f3368d
1998,1998-03-09,Rappers Against Racism,I Want to Know What Love Is,42892861-e916-492e-99f7-d6ae73dcfaaa
1998,1998,Rappers Against Racism,Key to Your Heart,4f45daf1-7eda-4384-9849-efc8997d5994
1998,1998,Rapport,To Love You More: The Dance Mixes,0010e32e-503d-3da4-99f3-c3f9ace3a864
1998,1998,Rapublic,Serenade,27ab38d8-2710-471a-a66d-7c1a38228c2b
1998,1998-10-06,Rapublic,Ti amo '98,63442a72-6842-4a26-8a06-ed3666186b50
1998,1998,Rare,Seems Like,49a1c8dc-9c98-46fd-b6c0-91a6dba13efe
1998,1998,Rasboras inc.,Dub Tribe,296102a2-9b6b-4668-a431-863c3c746e6f
1998,1998,Rasco,Take It Back Home / Major League (Remix),05e3fc0d-e282-4dd6-b3cf-7ea213f8f0c8
1998,1998-09,Rasmus,Liquid,e25a7d22-3b76-4e09-83df-2c8716ae8f25
1998,1998,Rasmus,Tonto's Release,bfafe336-b17f-44fc-8354-50b160e6a56a
1998,1998-03-01,Raspberry Circus,S・O・S,eebcf424-5382-444a-81f8-51ea4e431e57
1998,1998,Rasputina,The Olde Headboard,cb99dbb5-2fab-3b83-b058-a176880405d4
1998,1998-05-01,Rat Bastards,Call Me Tom,b3d62c3d-48d0-447e-84f2-8f502eb46ba1
1998,1998-04-01,Rat Bastards,Cookies & Milk,1b3ba6bb-e02c-4778-ab18-bf92c7030c0d
1998,1998-06-01,Rat Bastards,The Least You Could Do,a8ccc58f-249d-4017-bff8-7318b398fd3c
1998,1998,Ratcat,I Hate the Music,8a77e412-ee0f-31d2-abb2-7265689fff87
1998,1998-10,Raven,Promo 1998,d13f0864-0f06-3596-93bc-dd97a5543f2b
1998,1998,Raven Maize & Dave Lee,Forever Together,82420bc4-9d04-4361-b9d6-7855bd8f674a
1998,1998-08-08,Ray,「If」,f1d56bca-2a13-4eb3-9532-becbea9691c2
1998,1998-07-07,Ray,「regret」,98007aef-bd31-4363-abed-a4678ed0f283
1998,1998,Ray and G.O.D.,Release Of Fantasy,a2283585-fe91-419a-aba8-229570a95305
1998,1998-03,Ray Hurley,Just Yourself,23be6ad7-4ae1-48a7-a433-74d810f23869
1998,1998,Ray Hurley Meets MC Kie,I Like It,9451c9f5-28a5-4807-9d4b-77e32958134e
1998,1998-10-09,Ray Keith,Do It / The Reckoning,810a8928-79fd-3204-abc5-4e0a87b439d0
1998,1998,Rayman,Sahadum / Locutus,e63f7caf-2aed-4a0f-a5d7-c0ff70f2c2bb
1998,1998-03-06,Razor n’ Guido,Do It Again,55997089-fa94-40d9-8480-d58c7cfb066e
1998,1998,Re-Move,Beginning to Fly,b2e1147e-03ad-49f9-ae80-199f8ddd8352
1998,1998,Re-Move,Disco Vibe,10cc7c09-d603-4ff3-91e9-9bed43e432ad
1998,1998,Re-Play,Ala day (Ik leef alleen voor jou),e771128f-0189-4556-a68d-bfc239973755
1998,1998,Readymade,All These Things,cb194bb4-e791-3a7f-9cff-b8d2e6a9342a
1998,1998,Readymade,When I Grow Up,ab1a4df8-02e8-3270-8800-6d301716f521
1998,1998,Real Universal,She's the Answer,2a3a6aa1-2e39-436e-b578-f7b1e47f3f67
1998,1998-01-01,Reality Check,Fantasy (Remixes),5c390f9a-4596-4aa2-bf7b-830b221283d6
1998,1998,Rebecca's Empire,Medicine Man,2e6bfe2f-3272-4845-bedd-29022a9c54c4
1998,1998,Recall 22,Subimos Juntos (We Rise Together),13b02d52-b07b-405c-b653-7df6bb4e3699
1998,1998-02,Recept,Design Flaw,a64f0e27-9e71-3359-875b-8b5d8b310c3c
1998,1998-03-09,Recoil,Stalker/Missing Piece,207bac68-bf4b-3a85-ad6b-dc1afda15e78
1998,1998,Reconnaissance,UTG / High Pressure Sodium,66eea8aa-a36b-41e3-b411-28a7da329f57
1998,1998,Recycler,Fuh 115,0e7d72c2-5496-481c-8c14-98c9945207a6
1998,1998-11-21,RED,Human,46785b45-9cf4-41b0-b35f-217929d69dbc
1998,1998-08-03,Red 5,Da Bass,9e3a1008-810f-4b66-b832-eda30e98d765
1998,1998,Red Card,Spank the Monkey / Pierre Pressure,8b0c7e1f-9e73-32d7-929f-6fabaef50019
1998,1998,Red Foo & Dre Kroon,The Freshest,31bcf68d-29d0-4f98-8322-03d43411fed8
1998,1998,Red Garden,High,94f101a1-1492-497e-9a60-05e27ff1a269
1998,1998-05-15,Red Light District,Did You Hear Me?,2fc77502-f6ab-31f9-864f-c8ed307ab84a
1998,1998,Red One,Strangled Duck,d200a56f-bcb8-3eaa-8265-8cac785b3545
1998,1998-06-15,Red Snapper,Bogeyman,b7baebbc-d233-3ba1-a758-116a63800daf
1998,1998-11-02,Red Snapper,Image of You,b5cf7df9-ab87-3a34-9b9d-9ab8364dd940
1998,1998-09-01,Red Snapper,The Sleepless,a7d7adc9-eac4-3cd0-89e6-ce4660c52857
1998,1998,Redman,Da Goodness,6e957c41-fb80-4cc6-8803-9278bbcbbb34
1998,1998,Redman,I'll Bee Dat!,d7025a3c-966e-4680-ada6-9509847f6c44
1998,1998,Reducers S.F.,Don't Like You,531513da-fa81-4164-934a-d60c1cc0d656
1998,1998-03-16,Redwood,Anything Goes,9830ba9a-14b0-3934-a5ac-a6ff1cdec8c9
1998,1998,Reel Big Fish,Beer,441c829f-3b4f-4a2b-bb28-cd2f9f8fefa8
1998,1998,Reel Big Fish,Somebody Hates Me,f7362db8-577d-4e61-b3ed-b688982c0265
1998,1998,Reel Big Fish,Take On Me,13c37b89-9aab-3332-9f4c-bbdd13c38cbe
1998,1998,Reel Big Fish,The Set Up (You Need This),9c1b463e-711c-4b1d-8d51-e141507ef3d0
1998,1998,Reggie Hall,Count on It!,9c403eeb-6960-4dd0-a982-0e2dd1d85e77
1998,1998,Reggie Rockstone,Plan Ben?,f9ac4460-b3d5-410e-94d9-5d52a6cbcb88
1998,1998,Regina,Close the Door,30f73fca-6a5e-416e-88c5-249358a7e201
1998,1998,Regina Belle,I’ve Had Enough,d8f59108-8938-4fef-98fc-1a5234e7655d
1998,1998-02,Regurgitator,Polyester Girl,ffcd0ddd-b555-36f4-a742-deda451417b4
1998,1998-09-26,Regurgitator,The Fourth Single From Unit,254b782c-49d4-4752-9395-054a84e52777
1998,1998-05-20,REI,ヴィーナス,a3b8a036-1974-45b6-8c0c-94a1542b2cc8
1998,1998-11-03,Reina,Find Another Woman,d4a97c46-b1a2-4284-9988-31e9a14e787f
1998,1998,Reina Aveja,Bee Complex,0cb15f1d-5177-4243-a07e-644b836021dd
1998,1998-11-16,Reinhard Mey,Die 12 Weihnachtstage,7b9f3ba0-7567-4c03-911e-66fddaff6469
1998,1998,Reiss,Boom Bye Yae,8b3a5c30-d14a-422a-9e8c-9f87b122e5b0
1998,1998,Rell,Love for Free,2b424434-5cae-3858-9dd9-f76affc0142b
1998,1998-10-21,Remage,「Half Moonの皆既月食」,faaaae13-315d-43a9-a23f-e78afc34b48d
1998,1998-12-11,Remage,「人工知能の性的欲情」,c0d95480-ced4-47f4-b4c3-39632d5ac992
1998,1998-08-31,Remage,「道化人格」,04fe351f-d559-4533-8da6-640a947b10e7
1998,1998,Renato Zero,Cercami / Appena in tempo,07c1d3e9-d20d-4a40-88e0-5254a17214ea
1998,1998,Renato Zero,Dimmi chi dorme accanto a me / L’eterna sfida,97a5aa34-6633-4334-a3c5-e19ac9d26850
1998,1998,Renato Zero,L’impossibile vivere / Il mercante di stelle,71d9d3af-dace-4853-a8b3-ef73eb7217c1
1998,1998,René Froger,I Who Have Nothing / Valentine,27285d0b-ebca-414e-a72f-447fafed2901
1998,1998,René Froger,If I Don't Have You / I'm Not Supposed to Love You Anymore,bbf38a75-ea4e-4c4d-80b5-65ccf6eb7eb9
1998,1998,René Froger,Lovin’ You / Desperado,4e1853bc-195b-48ac-b799-fa28aa47ad57
1998,1998,René Froger feat. The Froger Band & The Frogettes,Gone Are the Days / I'm Not Supposed to Love You Anymore,7c0802b8-a2e3-456d-b5aa-66262bd86dab
1998,1998-09-21,Republica,From Rush Hour With Love,3a2681e6-fd0c-39b1-893d-2b00155ddd38
1998,1998,Republica,Try Everything,77d222c4-6654-3482-b09d-863e6ffea5fa
1998,1998,Resident Filters,Big Train,385d03ee-b437-42a0-8e0d-8a918be9704f
1998,1998,Resigned,Arashi / Half of Half VIP,9abd5c06-dfb4-36e1-9130-63fb8863b6e6
1998,1998,Resistance D feat. Sophia Sands,Impression,083a3351-5d9f-4ea1-8cb9-c4ff79dbe8ab
1998,1998,Respect featuring Jackie Rawe,You Know How to Love Me,c9c4eb89-0a66-4f74-9ab8-e6dbe1dae364
1998,1998,Retkibanaani,Kari tulee kaupunkiin,ffcddca2-53d8-3e4f-bc20-c654daa70247
1998,1998,Retkibanaani,Klassikko,0ff9ad3d-a941-3d49-a01a-7f7cf05bad4d
1998,1998-05-17,Reve Personny,ほら、すぐそばに,6b689611-6a6f-4cb8-87a8-6b1bdcc89ecd
1998,1998-06,Reve Personny,風と共に,3b8089f0-63bf-44f6-b58b-242058d11702
1998,1998,Reverend Horton Heat,Lie Detector,f72f0589-ff2a-4fca-ba74-e62aa0e9fcac
1998,1998,REVEΦ,d'Arc / afterimage,8d3b09db-0dd2-4684-a2ab-00f2d055300b
1998,1998,Revolvo,In a Vault / Tricker,15f4c8cd-3e85-4bf2-af91-6fa1ff9a9ad3
1998,1998,Rex Gildo,Die Stimme deines Herzens,f5d8d787-0307-4185-9623-9c146a3b3316
1998,1998,Rex Gildo,Engel vergisst man nicht,da4529cd-a77e-4857-9cc0-aea2d4783c7c
1998,1998-09-09,Rhapsody,Emerald Sword,5adaa3d1-4cb2-3834-83f0-c963f2ed3790
1998,1998-05,Rhythm & Sound,Roll Off,746c9821-1dea-3af1-b743-bb339b277c9e
1998,1998-01,Rhythm & Sound w/ Tikiman,Why,1420a9ba-cb6e-4f5a-8465-9b0bfff57472
1998,1998,Rhythm Dealer,Cosmic,76e85b99-b6f8-4288-bfd5-76bded5fbedb
1998,1998,Rialto,Dream Another Dream,d9785191-122a-3c49-a0ad-14ce3709c685
1998,1998-10-05,Rialto,Summer's Over,29754753-6fa3-38cf-8932-68887af66bc1
1998,1998,Ricardo Villalobos,Heike,44ef5afd-5110-38ac-bb6d-821cdec5f7c0
1998,1998-07-06,Ricardo Villalobos,Salvador,76f2b43e-dbb8-3a0d-927f-18e684179619
1998,1998-10-26,Richard O’Brien,The Timewarp (The Cast of the New Rocky Horror Show),723a4a1f-811f-3b89-ba52-414d58f1079b
1998,1998-11-09,Richi M,12th Planet,ac84dc0c-1421-36f4-879f-09d2485c41fc
1998,1998,Richi M,Wake Me Up,6bccec12-f07f-305f-8a33-02991139d31d
1998,1998-05-25,Richie,SUPARichie,2b6145db-cd24-3c22-adb9-20c7a9b1c9f7
1998,1998,Richie Boy & DJ Klasse,Deep Down / Taking You Down,b7fe13cb-da4e-4bf4-a7a4-a10c519c7140
1998,1998,Richie Sambora,Hard Times Come Easy,fb58f944-c010-4a63-9a39-fe7670e69e2f
1998,1998,Richie Sambora,In It for Love,a3c28e88-f5c2-3e40-9e40-d5ab4542d061
1998,1998-02,Rick Preston,Two Fisted Smoke / Chasing the Sun,96f737f3-5093-36bb-b3e7-947a040b134d
1998,1998,Ricky,Schmerz in mir,fcd41cb3-0b78-4a80-8126-10eb3cfbfd59
1998,1998,Ricky Effe,Fragil,3a22f726-4c3c-47eb-908d-6f98ccb3e851
1998,1998,Ricky Jones,If I Was the One,ac67f16f-c466-4460-8825-20567d1b6077
1998,1998,Ricky Le Roy,Speed,107fe878-58c4-4f0e-9f4d-319adbe84fc4
1998,1998,Ricky Le Roy,Under The Sea,4f80b836-51d5-4645-a9fa-e4fdc595f4eb
1998,1998,Ricky Le Roy,Under the Sea,b5f552b7-7276-4b87-8359-2546d95094a7
1998,1998-12,Ricky Martin,Casi un bolero,c91eb29f-13b8-497b-b7ca-9762ebe8ed00
1998,1998-06-16,Ricky Martin,La bomba,035a9455-2319-4060-97af-cad09b24ecb1
1998,1998-08-18,Ricky Martin,Perdido sin ti,a57b9a6f-278c-4065-9847-87ac35eaf455
1998,1998,Ricky Martin,"Por arriba, por abajo",bdaa4c41-d6d5-484f-812c-49308207e708
1998,1998-03-13,Ricky Martin,The Cup of Life,1803222b-46ae-3e20-b18f-d557709e396f
1998,1998,Ricky Ricardo,Womaniser,71f568a4-135a-4ba9-a9c7-bb85c7ac2266
1998,1998,Ricky Spontane & Baxendale,Full Strength Split Single #3,fb7a76ae-755c-4c34-b287-c8317f3757b8
1998,1998,Rikke,Gimme Gotta Gimme,20de7b2f-885f-304d-921a-347a21e9806b
1998,1998,Rim 'N' Chop,The Italian Job,bacbcd00-5f9d-4b66-b62e-2a3d556b6790
1998,1998-04-23,Ring,Process,0d400e2f-9262-33ba-bf28-e96d9ec964c8
1998,1998,Ringo Starr,La De Da,2a2ebcb4-f7d9-4b43-86ec-e0320da46600
1998,1998,Ringo Starr,Vertical Man bonus music,6f13d0b7-e629-4b31-b9d5-1b9bd7cc084d
1998,1998,RinneRadio,Juju,1b53866c-dd7a-454d-8092-abf3e69ffb70
1998,1998,RinneRadio,Osaka,e4b5b35f-8fc9-4a02-aa7a-1bb7435292a2
1998,1998,Rip & Rob,Can You Steal It! (The Club Tunes Anthem),d56a32d6-be2a-45c5-bd58-ae7ed5a6143b
1998,1998-02-06,RIP SLYME,Fade Away / At the Lounge,7b7031fc-9ffe-4c89-aa9b-08c92fc43b97
1998,1998-08-22,RIP SLYME,Tones,801b46b6-4b57-40be-95c6-bd61b89a5f78
1998,1998,Risquée,Upside Down,7acdd835-4149-4376-bfb8-8d15ce0382c1
1998,1998,RIZAD,SPEEDER,0b7353ff-2372-432f-b6a1-5e021208bd2b
1998,1998,RLC,Give Peace a Chance,2aa463de-6cdb-478b-8bbc-8287c7fb58a3
1998,1998-02,RMB & Sharam,Shadows,22fcf98c-91db-4e8c-ade5-4df61ab3aa94
1998,1998,RMF,The Beat,fc65523d-5f01-4822-88aa-cb71c949b0ce
1998,1998,Roachford,Naked Without You,62022956-2f62-4015-830d-3b0bfb81fb6f
1998,1998,Rob,Musique pour un enfant jouet,83ff56b7-d482-4870-8c68-9fc74603e3f3
1998,1998,Rob 'N' Hood,Vicious Games,df3c92e4-fdff-4fe1-bd62-c159c666c208
1998,1998-03-30,Rob Dougan,Furious Angels,85c0fd40-7d94-3c6e-ab38-bc488467a483
1998,1998,Rob Janszen,Niemand zoals jij,8fe7cdea-1928-4eec-abf2-c2ea259fc32a
1998,1998,Rob Swift,The Ablist,a16d4815-d09b-441c-9cc0-84212ecec171
1998,1998,Rob Zombie,Dragula,c4ace609-5529-4707-bb77-765619140b36
1998,1998,Robbie Craig,Rescue Me / We Can Make It Happen,0a1caa13-a78c-4000-aa02-64c07dac8b8d
1998,1998,Robbie Rivera,The Ultimate Disco Groove,d1be0046-378c-3982-91c2-ce56eb72c953
1998,1998,Robbie Robertson,In the Blood,cd92f265-4b3c-47ab-ad78-c54e542437e6
1998,1998,Robbie Robertson,Unbound,66e3ac30-8166-4a24-a7ba-45bdc6268b7a
1998,1998,Robbie Tronco,Fright Train,7f7e0a5e-9773-3a55-a268-97220307aec3
1998,1998-07-03,Robbie Tronco,Night Train,47658aa9-26e1-3acf-92e0-56f8efe5c335
1998,1998,Robbie Williams,Exclusive The Official Robbie Williams Fan Club,8db5f39c-02a1-4675-8593-a64a4e0a2faf
1998,1998,Robbie Williams,Karma Killer,ee40271a-25bc-4220-809d-dc4d7575191e
1998,1998-03-13,Robbie Williams,Let Me Entertain You,5ad97aff-e708-3e4f-b18b-5839cabf71b7
1998,1998,Robbie Williams,Let Me Entertain You,7db74220-3201-3f6e-a75a-58a84876acbb
1998,1998-09-07,Robbie Williams,Millennium,192bc8f6-f890-3a6f-9875-fde3f835bf1b
1998,1998-12-07,Robbie Williams,No Regrets,84d7ce6c-65f7-3557-8712-da6ee0c8cf6a
1998,1998,Robert Earl Keen,Happy Holidays Y'All,4b8b7b4e-dfd0-4ce9-bbb3-2ae4598cffea
1998,1998,Robert Guillaume & Elizabeth Stack,The Phantom Of The Opera,3f13e54d-7de5-4d08-ba15-707038088b44
1998,1998,Robert Hood,Satellite / A Force of One,40a038d2-84d9-3be9-86e6-5a7991aeff8b
1998,1998,Robert Lee,Too Much War,a16372d9-1ec7-4b86-b824-601c97bf558b
1998,1998,Robert Miles,Everyday Life,28d45fa7-f417-4721-bdae-567854b59130
1998,1998-09-08,Robert Miles,Full Moon,9d64c5be-eaa5-4586-a569-b992ded03462
1998,1998,Robert Munsch & illustrations by Michael Martchenko,Tell Me a Story: Andrew's Loose Tooth,3a1e98ec-b1b8-4180-8e68-a69166929a6d
1998,1998,"Robert Munsch, illustrations by Alan & Lea Daniel",Tell Me a Story: Get Out of Bed!,97698252-d36c-47db-af6c-3dd8189d4de1
1998,1998-06-02,Robotnico,Backfired 2000,1bd69e65-faf5-43f0-87bc-6a8a031f3b35
1998,1998,Robotnico,Dream Or Reality,bee8dcf4-4eb4-4f5c-b0a4-183e61195ab7
1998,1998-09-09,ROBOTS,ALCHEMIST,0791b2c3-d1a5-3df1-a57e-60b0dba2f2fc
1998,1998-05-13,ROBOTS,she-through,bffb9c90-6184-309e-8e40-1abac6f4e5b0
1998,1998-09-09,ROBOTS,イロトリドリノセカイ,76e83bdb-6c40-3cf1-82c9-6cdf320ef518
1998,1998-02-25,ROBOTS,パレット,4b76cfe0-c40c-35e3-90ab-80980d328a25
1998,1998,Robyn,Do You Really Want Me,e470b241-fb8d-4ef6-aa88-0dcbedd28c57
1998,1998,Robyn Loau,Love Addiction,5590afb8-bcd0-4eab-a2ef-faa0e27e69b3
1998,1998-01-01,Rock 'N' Rap Extravaganza Featuring Ian Gillan & Ray Slijngaard,Smoke On The Water,14983bf4-d0ab-46a6-9522-7f8d0a26ad02
1998,1998-02,Rock City Shockers,Big Bambu,179ba8e1-91ba-4478-92c9-43575cfdb602
1998,1998,Rockers Hi Fi,Transmission Central,cc0d5172-d775-4cdc-baf5-d173d902ab38
1998,1998,Rocket From the Crypt,Break It Up,13fb15e4-9ef1-3557-9df1-7740f45c5144
1998,1998,Rocket From the Crypt,Cheetah,b64ba55b-288a-4a91-bc12-69487630f5be
1998,1998,Rocket From the Crypt,Lipstick,e28b1b05-49eb-4e2f-a499-06e1aee7d55e
1998,1998,Rocket From the Crypt,Lumps,5b22e4a3-3ffa-4deb-9c6c-7abaea871beb
1998,1998,Rocket From the Crypt,When in Rome (Do the Jerk!),a2f21b65-89c9-31f0-a49d-9b4d9cd851bf
1998,1998,Rocky Taylor,Geef me een goede reden,10b9eb59-7aca-448f-a813-6253d1f6df66
1998,1998,Rocé,Pour L'Horizon,26b26916-5884-44ab-841a-324cb44c47c5
1998,1998-05-18,Rod Stewart,Ooh La La,312ceb01-6877-4933-908d-18a34133f636
1998,1998,Rod Stewart,Rocks,bb01bc94-43b7-4679-b63c-b8d66d3a0d56
1998,1998-03-23,Rodd-Y-Ler,Lifesigns,f3170019-37c5-3d8a-9d85-c165e55d4099
1998,1998,Roddy Frame,Reason for Living,ff5cd2e9-29df-30ff-9f46-75873477765f
1998,1998-10-13,Rodney Crowell,I Walk the Line (Revisited),9f4ba301-34a5-34c8-9a23-5e372ed98e68
1998,1998,Roger Rönning,Din egen väg / Pärlor och guld,66c816bf-e9a9-4406-9809-be1764f13807
1998,1998-09-28,Roger Taylor,Pressure On,cf3633d6-84a1-4e74-8d80-d39442cc72b1
1998,1998,Roh,"Onanie ist voll in Ordnung, egal wie alt du bist",ea56a296-5ccf-451c-af69-b1723e3851f0
1998,1998,Rohff,Appelles moi Rohff / Despee,3526c608-2fdc-4a92-a840-24d8813d709d
1998,1998,Rok,Silky,997ad10f-7775-4c26-b0e7-d7e6e5aa97ec
1998,1998-06-09,Roland Düringer,"Wea bremst, valiat!",97045180-d3ac-3826-b9df-76f1ef629582
1998,1998,Roland Kaiser,Ausgebrannt und leer,584cfb8f-12ba-3fe5-bfd9-3b66d4ee2710
1998,1998,Roland Kaiser,Extreme,e48a7538-a402-4bfe-b68a-748b943e2d4e
1998,1998-02-02,Roland Kaiser,So bist Du,9276f9c6-a426-4943-90ff-1df74fd0f346
1998,1998-05-21,Romance for~,勇気をあげよう君に・・・,299d5938-23cf-4641-b0ce-3acb10dbb4f2
1998,1998-02-21,Romance for~,素晴らしき花を咲かせましょう,de4d374c-5ab8-48bc-8de0-effa2cdfb080
1998,1998-06,Romanthony & DJ Predator,Do You Wanna Dance,aedfb2f5-485b-3dec-8d68-184b9b97f545
1998,1998-02-21,ROMANTIC MODE,Runner,44b12e7a-fd33-3319-9de6-f9d923520975
1998,1998,Roméo,Always Fall for Love / Coming Home,ce324f11-4444-4551-8db8-c452aa72a86c
1998,1998-10-06,Roméo,Secret Love,e94a5a40-e739-426f-99e9-fc36d0b4ac03
1998,1998,Roméo Featuring Gwen Dickey,Flying,a573f877-85b3-4ace-a7d3-4f13c6eae2b9
1998,1998,Ron D. Core & Deadly Buda,Domestic Terror Sampler,d2211e92-09e2-40da-9ce9-539904a8f191
1998,1998-08-01,Ron Ron Clou,Do Sports!!,68868811-4ba9-40e4-bdad-0f3ad9a0f8e0
1998,1998-09-22,Ron Sexsmith,You Alone,f2c02e1b-10ab-48fd-8bb2-e78d7b211ed4
1998,1998,Ronaldo’s Revenge,Mas que mancada,b108ca04-8ec3-392d-9258-938c0138e1f9
1998,1998,Roni Size / DJ Krust,It's Jazzy / Maintain,16999a38-f2ff-348a-a33f-1913fcf52e88
1998,1998,Roo,Bridget,76d29c66-68c5-441a-ac37-9bf51add48c2
1998,1998-10-31,Rooky,「ねっ」,5f1d32f9-9b3a-3fb2-8426-2059acebe829
1998,1998,Rootvälta,Cool Runnings,94424b0f-6a09-4ab8-a75e-fafedc1443b4
1998,1998,Rose Coppola,Shake Me Down,3e787969-ef45-416a-ab7f-4dae5d09acf8
1998,1998,Rose Royce,Car Wash ’98,b87714db-4fcb-40c1-ae29-aea5d93bbcbd
1998,1998,Rose Royce feat. Gwen Dickey,Car Wash 1998 The Monday Night Club Mixes,32f31d5f-0bb0-4d8c-982a-f62d548add82
1998,1998-03-02,Rosenstolz,Herzensschöner / Königin,186fa8fc-4da5-4c8b-9cca-bfc4c30ba32d
1998,1998,Rosenstolz,Lachen,0fe48ae0-1c9a-410a-9c55-a688849f27d6
1998,1998,Rosenstolz,Nur einmal noch / Herzensschöner,2cf14cc3-0326-4d4f-9cbf-946ce9a558d0
1998,1998-03-13,Rosie Gaines,Be Strong,002d9242-9fb1-4a6b-a812-7030b6f17a85
1998,1998,Rothko,Pressurisation Unit No. 2,bf866b67-2a7d-455e-8d4e-bb741d888b6d
1998,1998-07-27,Rothko / Billy Mahonie,For Danny / Hoon,ec5b97ab-f4dd-470a-9052-988cb1779722
1998,1998-03-01,ROUAGE,angel-fishの涙,d59cd891-c2f1-481a-9f9c-a7fa84841530
1998,1998-06-01,ROUAGE,endless loop,725655bd-e762-4326-898f-a9b29b37f1d2
1998,1998-10-07,ROUAGE,深空,629f1b1c-5e29-40f3-9c78-f43f97a1b69e
1998,1998,Roudoudou,Funky Monkey / Peace and Tranquility to Earth,544da746-7178-4b15-beec-924b1a9bda17
1998,1998,Round Four feat. Tikiman,Find a Way,cd33a14e-9dbf-33c9-829a-326853d54798
1998,1998,Rowland the Bastard,ABC 303,c32bf360-1fe9-4dc4-b9f5-612984759c5a
1998,1998-11-02,Rowland the Bastard,Richy Harris Used My Daughter / Overload the Circuit,b1b7429d-1fce-3634-a98b-1280ea6cce25
1998,1998-10,Rowland the Bastard / Abstraction,Solid Liquid / Freak Show,5ecc5f42-7809-48fd-90c4-83bed2431251
1998,1998,Roy Davis Jr.,Rock Shock,986a5a21-b957-3e90-bf54-4443e8914cd6
1998,1998,Royal Philharmonic Orchestra,Running With A Dream,5777a831-4f87-4587-82fe-0a42bc78e338
1998,1998-04-06,Royal Trux,I'm Ready,50423596-ccb8-410a-b0ea-ea4ca7fafe10
1998,1998-06-22,Royal Trux,Liar,b18534b9-102f-4481-9da9-3a6020e4f7dd
1998,1998,Rozalla,Don't Go Lose It Baby,9884121c-10ca-4ff7-af37-1e5b8d79ba63
1998,1998-04-24,Rozzer's Dog,World War 303 / Viagra Falls,71116842-54de-41b3-b55b-4243c785d490
1998,1998-05-31,Rozzo,See the Way,d6f549a4-f15b-36e7-80f3-86cb8747e956
1998,1998,RR Fierce,Almost There / Nose Traffic,710c1f60-8f50-48c7-9277-0d24c46fb328
1998,1998,RR Fierce,Back To The Top,fe3226b9-c6e7-4e88-b04c-c57f070a2e25
1998,1998,RR Fierce,Ctrl_K,2af73e12-29f1-420c-8dec-31cd4b872cc0
1998,1998,RR Fierce vs. Max & Amino,Keep On / Alien Gate Scandal,c75314ce-57eb-484c-9c47-0e90633c8e5d
1998,1998,Ruff Da' Menace,Do I Feel Lucky,57851740-e534-455d-9a07-e9c6133801fe
1998,1998-04-06,Ruff Driverz,Deeper Love,9185323c-aa93-34f9-b611-622472ab8dbd
1998,1998-09-28,Ruff Driverz,Shame,9bfbace3-1216-33ec-b2d4-ef13b0a5f855
1998,1998-11-16,Ruff Driverz presents Arrola,Dreaming,fa74a010-9614-3c8c-b5a6-ec66cee4fe12
1998,1998,Ruffneck featuring Yavahn,Baby You,bea7681e-e89f-393a-b5ab-094a7f240872
1998,1998-03-13,Rufftown Mob,Southside,20a94d7f-bde3-47a4-a213-47876d5f852f
1998,1998,Rufus Thomas,Hey Rufus,7705b927-bf82-4205-82d9-ec26a47c3b1f
1998,1998,Run‐D.M.C.,In The Beginning (No Further Delay),842d80cf-a758-49f4-8f41-fdd735b28bb4
1998,1998,Run‐D.M.C. vs. Jason Nevins,It’s Tricky,12512c1f-b0be-4ad2-b367-d0c4cefdec17
1998,1998,Rush,Closer to the Heart,5a4c51eb-057d-4fe6-95f0-07c027b2bf21
1998,1998,Rusted Root,You Can't Always Get What You Want,89417496-6fac-3cfc-b25a-21dd85494444
1998,1998,Ruth,Where Is the One,dc208d49-32ec-47a2-9290-87ec63ca05d5
1998,1998-10,RWJ,Joy in My Life,260a2132-4edb-3a09-a86d-0a7db469487e
1998,1998,Ryme Tyme,Control / Stimulant,7b3c4613-be55-3506-991b-c0b0a49ee540
1998,1998,Ryme Tyme,Fracture / Lock,066d31b5-99a1-3de0-ad63-a0e939f7d238
1998,1998,Ryme Tyme,We Enter / No Escape,55d37170-d1fb-4562-9488-6f333e6f9f9c
1998,1998-04,Ryuichi Sakamoto,Anger / Grief,0fda9a06-e176-3a9d-a08b-13d4cf83d203
1998,1998,R‐Kade,Shattered Realms,50dde657-553c-41e6-9cb1-2acb8f2721d1
1998,1998-06-01,R’n’G,Can’t U Ce,1e6fbead-2fd6-39c1-94a1-0e16d026970a
1998,1998-12-07,R’n’G,Darlin'...I Think About You!,8e0e8cb4-2511-4662-a835-c406b93dd366
1998,1998-02-09,R’n’G,Open Up Your Mind,b3bde4e1-1f04-3758-a05c-292605704f9d
1998,1998,S-J,I Feel Divine,6322d663-6f5d-4333-b671-6e3a9861de07
1998,1998,S-J,Shiver,59ef1b8f-1b17-3ed7-bd4c-dfd601aefb11
1998,1998,S. Jey & Youssef,To The Beat / Last Battle,13169d2a-d427-4c16-b4e5-915dc514c5ba
1998,1998-12-10,S.E.S.,I’m Your Girl,236e3ec5-55c9-3879-a663-08e3f0fc9436
1998,1998-10-21,S.E.S.,めぐりあう世界,d4b254e1-9eea-3926-9e43-accf49b679cf
1998,1998,S.J.,Shiver,719c80d9-ac4f-4aa3-8534-baee0d13aa28
1998,1998,S.M.I².L.E.,Vol. 3,12f94e41-f37e-4da3-9f61-6aa75bb64631
1998,1998,S.O.A.P.,Ladidi Ladida,9d2c369f-6b7f-3be8-9335-691bf7c6111f
1998,1998,S.O.A.P.,Stand By You,a3562cd4-1a9f-4f2f-ae82-e6aab022e397
1998,1998-07,S.O.A.P.,This Is How We Party,4cfda8de-10ea-3d8b-88ab-494e058e6e14
1998,1998-09-11,S.O.L.,Pollenflug,e4f6c591-7dca-40e4-9016-d39f6147ce49
1998,1998,S.O.S.,Just Be Good,81a9c251-df68-3032-a5e1-f29ac7e20f51
1998,1998-10-26,S.P.O.C.K,Dr. McCoy,e6837929-40b8-33f7-86ca-0c0f3d26eaf4
1998,1998-04-27,S.P.O.C.K,Speed of Light,63d3caf0-fa42-33e3-b17c-1f20bcfb0a94
1998,1998,Sabeth,Zwei,e120909c-f8fe-4339-ace8-8bf718ae5f5d
1998,1998,Sabotage,My House,869185fa-fbe3-4271-a3ef-969661356903
1998,1998,Saccoman,Distant Planet,45dbe778-8221-4413-8e3b-7e9066375e46
1998,1998,Saccoman,Distant Planet,86b5c6c5-a7bf-419e-b2b4-9b62afc9acf2
1998,1998,Saccoman,Magic Moments,11479022-32ad-4f3f-880e-b926491b42bf
1998,1998,Sack,Laughter Lines,b2934677-3d55-4d20-b4ba-5ea27d3df5a9
1998,1998-07-06,Sad Bastard & Paulo / Arkatek,Dry Insect Music / Watt?,29f2f993-37d6-345e-a006-0355a6eb64f2
1998,1998,Saddar Bazaar,Longhair,ae381668-beb3-3f2e-99cb-a1ca1d03d9ae
1998,1998,Saeed & Palash,The Gateway Release,aa9ca1a7-4066-460f-938a-9ed7e56bd325
1998,1998,Safety Pins,Crazy Man,97330bec-70de-4258-8dc7-5313bbaffb8a
1998,1998-08-20,Saft,Ditt namn i min mun,e785ae72-9a0b-307f-b0ac-df2d08b8df5f
1998,1998-04-20,Saft,Undantag,1553f3d0-6667-34f2-9b7f-1e5ef38d519f
1998,1998,Saft,Underground,c91e4eb5-ff39-302d-b74b-c044c1cac6db
1998,1998,Sahara Hotnights,Face Wet,5edb5273-9963-421d-ae24-344d1ae796cc
1998,1998-07-01,Sahara Hotnights,Nothing Yet,cce0e4af-fea8-47ed-af1c-3009bd58506e
1998,1998,Saint Etienne,Bronx Dogs Mixes,f48cd207-6d44-35b4-8bbf-f9283e62074b
1998,1998,Saint Etienne,Kid Loco Mixes,c03e8085-766c-4260-93f6-20f836b2e2bd
1998,1998-09,Saint Etienne,Lose That Girl,c983763b-a27e-4e0e-acb2-ba5456e354d0
1998,1998-01-19,Saint Etienne,Sylvie,d27a21f2-0123-3dff-93a9-5959d6605277
1998,1998-04-13,Saint Etienne,The Bad Photographer,2d7e6885-fe79-3a37-ac13-87923c213d0f
1998,1998-12,Saint Etienne,Xmas ’98,5175284e-f926-35cf-8d9a-3d1399670d16
1998,1998-07-08,SAKURA,I believe,5a2258c3-5717-3bfa-a9c4-a81050c99a0d
1998,1998-01-16,SAKURA,IF YOU LOVE ME,a51a3c05-a51e-3e05-a90a-0a6ae5782c5c
1998,1998-11-06,SAKURA,君のために,48ac1f8e-7953-3bc2-a3e5-7df174ce1aac
1998,1998,Sal Da Vinci,Io di più,3b8d2cd2-408f-46b7-800a-400a48609cca
1998,1998,Sal Da Vinci,Solo,35c85731-6683-4894-9afb-3e21d1ee7b02
1998,1998,Sal Da Vinci,Una come te,1e80b585-b440-478e-a3ec-8e6c48df4eea
1998,1998-08-03,Salako,Growing Up in the Night,cd15ddaa-db77-318d-9d86-ec29d6ab9af5
1998,1998-11-18,Salako,The Moonlight Radiates a Purple Glow in His World,beae6f00-6379-3b7b-b70d-39515476226b
1998,1998,Salinas,Should I Stay or Should I Go,7340e333-8c53-44e8-b142-6af6d9ab7bd7
1998,1998,Salt City Orchestra,Pagan Thing,e0dabc04-f489-3ab4-938a-bedde344c1e6
1998,1998-02-23,Salt Tank,Angels Landing,eba0cd0c-a95d-48b6-a9f7-51f0f1d6bea5
1998,1998-12-12,Salt Tank,Skyline / I Dream of Jeanie,3f9295b7-b4a0-45c1-a813-b377d0b06d46
1998,1998-05-10,Salt ’n Pepa,Gitty Up,e9e0b93d-1648-4e36-a193-fc4c47553105
1998,1998,Sam Du Play / Served Chilled,Permaculture Sampler,b6b75a6f-506b-447b-98c1-d47bab8f5b93
1998,1998,Sam McPheeters / The Catholic Church,Sam McPheeters as Patrick Henry / Action Reaction,8ea38337-13ee-4783-bd80-9f4c980e5647
1998,1998,Samantha Fox,The Reason Is You / Just a Dream / Wasted N.R.G.,ae333ced-03f5-4f90-bb10-2791d4bc6766
1998,1998-01-01,Samir Soror,Aasheq El Sax Vol. 4,73085127-c036-41ad-ae26-3316b37b4e6d
1998,1998-03-17,Sammy Kershaw,Love of My Life,73845923-b84e-49ec-84a3-59ce77ed8a45
1998,1998,Samuli Edelmann,Mä jaksan odottaa / Peggy,255bc692-f8c3-44e2-a4c1-cb8e7b230e7d
1998,1998,Samuli Edelmann & Sani,Olen luonasi sun,6dc34284-1251-44e0-9a66-6def32fd152d
1998,1998,San,Feel My Love / Stroke,f8822800-e0cc-4f3e-9804-5869fbbb489c
1998,1998,Sandman,Africa,7934a29d-8581-4cc3-b232-6ba92495fd29
1998,1998,Sandman,Holiday,26a9da57-4e8d-3de5-9c57-741080d719b2
1998,1998,Sandman,Wasteland,bb66e335-126d-4af1-b603-96e354293e95
1998,1998-01-19,Sandpit,Along The Moors,1f913ef8-0354-476e-9f05-ed6220a7a445
1998,1998-04-06,Sandpit,Greater Expectations,c7a0d387-89fa-3e0a-85b1-099d72a7eccf
1998,1998,Sandra Pires,Due To You CDS,7443ee82-874a-4490-b5e5-96102e20968d
1998,1998,Sandy Marton,Érase una vez,5e7e18a6-da19-4515-998a-464a43d5703a
1998,1998,Sandy Rivera feat. L.T. Brown,Come Into My Room,5adf9841-3e48-4b3b-b18d-449e52cdd2d1
1998,1998,Sandy Valentino,Encore,12e7bd75-1aeb-4b7a-82af-1919d7b646bb
1998,1998,Sandy Valentino,Pourquoi ?,a39bd634-7101-3e2f-b854-366bdfa6dc9e
1998,1998,Sandy Wagner,Lieb Mich Heut Nacht,6db5a82c-b8ea-4db8-9dbc-86cb284ee959
1998,1998,Sans Plomb,C'est une fête funky,0bc80928-7eaf-4085-9176-4f5086d43173
1998,1998,Sans Pression,Territoire hostile,821a0a4d-dc8e-4703-b295-a17ef5fe8f7a
1998,1998-03-09,Sapphire,I'll Never Be Lonely Again,7ca04f3f-034b-48af-9b16-c06df1ab3403
1998,1998,Sara,Tut mir leid (Du bist alt und ich bin jung),9ee727ce-6adc-345d-bd97-68ce5fcc672d
1998,1998-01-25,sarah,MIXED EMOTIONS,e67efd5d-9949-4169-ac5f-e14fe2b491b8
1998,1998,Sarah,True Love Is Tough,9f8cde47-3221-4467-946b-5d6690d27bba
1998,1998-04-29,sarah,くれない,8ad190ea-995c-4991-bdf3-e617eb136fc5
1998,1998-03-25,sarah,春ある国に生まれ来て,61203ec7-9a12-4a37-bb76-b732c6519d89
1998,1998-07-25,sarah,雲のゆくえ,37c7cbad-c9eb-4e50-910e-2d7f048d84db
1998,1998,Sarah Brightman,Eden,e6ef44a6-b940-4c57-b3a2-505a702291c5
1998,1998,Sarah Brightman & London Symphony Orchestra feat. José Cura,There for Me,e4615cb1-7388-424b-87d9-f2325953e5ad
1998,1998,Sarah McLachlan,Adia,0f9410de-5ee4-3038-87ca-55c061b15f2a
1998,1998-03-10,Sarah McLachlan,Sweet Surrender,b45ac8af-cd36-3a6b-8151-aa450cdc3383
1998,1998,Sarah McLachlan,Sweet Surrender Remixes,c28aeeee-75ec-4af3-9e57-89a70410f0f7
1998,1998-03,SAR∀H,CRASH,f53fe5b8-91b8-4dff-ba72-e8c8fe0bb844
1998,1998-07-17,Sash!,Adelante,6358c191-ceb4-3c03-bf33-881a91e651e3
1998,1998,Sash!,Colour the World,55cf421c-3b50-36b3-8078-221cce5d27ef
1998,1998-03,Sash!,La Primavera,c24919d4-9b48-35aa-969d-082cb277528a
1998,1998-11-09,Sash! feat. Shannon,Move Mania,841da36c-2c5f-4aaa-b5e4-d841f4cfc3ee
1998,1998-07-27,Sash! feat. Tina Cousins,Mysterious Times,33494050-d3b1-3131-97a4-e29ddd84aba1
1998,1998-10-26,Sasha,If You Believe,1a84f62d-6c78-3697-846d-7c9b4be236af
1998,1998-06-22,Sasha,I’m Still Waitin’,dd2845d1-d4ea-3ab5-b94b-c5c78ffc18f9
1998,1998,Sat-R-Day,Do It Anyway You Wanna,174e781c-0dbe-4262-84f4-4a2f11287ab3
1998,1998,Satellite Beach,Psycho,89c4ec2a-22cf-3489-88cb-dabfbf2a173a
1998,1998,Satellite Beach,Psycho,e88c0242-8c23-3434-9e82-69fd0b330a37
1998,1998,Sator,Everybody's Making Plans,5886b132-2d82-3c64-9a8f-56d24640156d
1998,1998,Sator,Love MF,ac66eb64-158d-3ced-a00c-24042dc45349
1998,1998,Satoshi Tomiie Feat. Diane Charlemagne,Come To Me,1c10fa06-5982-42cb-8861-87746fb20451
1998,1998,Satoshi Tomiie feat. Robert Owens & Cevin Fisher,Darkness,00957678-d5a3-4d86-bb26-8b881e1275dd
1998,1998,Saturday Nightlife,Exitement,8e54ec69-27b4-4809-9c43-eb3ec149a167
1998,1998-05-01,Saul Williams,Elohim (1972),258c7e28-5a22-455a-bc81-35622a6f483c
1998,1998-03-20,Savage Garden,All Around Me,66441dd1-93b5-4991-9e3d-945f4d778fb1
1998,1998-11-21,Savage Garden,Santa Monica,bb389e38-e334-4ae2-b33b-338f36d963a4
1998,1998-12-21,Savage Garden,Tears of Pearls,6809a33e-650d-3852-8b4d-65333c192e70
1998,1998,Savastano,Move Your Body,2782db42-bd6e-495c-aca7-c70c86183a04
1998,1998-12-23,Save Ferris,Geba Geba! March,43395dbd-28c3-3884-9e0e-9142e68def20
1998,1998-05,Saviour Machine,Behold a Pale Horse,f224f711-f91a-35c7-8cdd-11c438eb1830
1998,1998-04-29,Say a Little Prayer,深愛,243cd277-5516-49cc-9c63-aee30716c4d9
1998,1998,Scarface featuring Tupac and Master P,Homies & Thuggs,209a7c21-bf23-4c41-915d-baced06c1856
1998,1998-09-28,Scarfo,A Year From Monday,d9a777b3-f438-4409-af3a-23ae4f03bb4d
1998,1998,Scarlet Lake,Into The Sun,84342147-2a7a-4f1d-8376-08661d77097e
1998,1998-08-17,Scatman John,Scatmambo (Patricia),f990d02d-98cb-4199-a1cb-33a3d417ace3
1998,1998,Scattergun,Schönbohm the Brown Nosed Asshole,04d44c37-6fd1-4ce3-b408-6785c12637da
1998,1998-11-23,SCENE,Evolution / into fancy,08409275-167c-4334-8584-f98e77e11341
1998,1998-12-31,Schiller,Das Glockenspiel,a96fc6ec-73f9-3895-aac5-9813b5ee7f4b
1998,1998,Schneider TM,Masters,df504861-85cd-4db0-91c5-5556f8d3b33e
1998,1998,Schönheitsfehler & Heinz,Mein Ruf ist im Eimer,e3292021-9c15-3068-b8e9-8e29a0b75bf7
1998,1998,Schürzenjäger,Dann vermiß i di,c43b4073-88f4-47ae-8bdd-4edaec3c1e51
1998,1998,Schürzenjäger,Heute Traum - morgen wahr,d5e0709b-53b8-4348-bef6-7230168ae7d4
1998,1998-12-12,Scooter,Call Me Mañana,88ed2e88-1df1-35e4-8e7f-0c9c6222fddc
1998,1998-06-26,Scooter,How Much Is the Fish?,e96f2197-225c-45bd-9d59-23cf3f1574fb
1998,1998-10-01,Scooter,We Are the Greatest / I Was Made for Lovin' You,13e0cf2b-ea0b-340e-bed3-254eb21763a7
1998,1998-06-01,Scotia Nostra,Scotland by Our Side,f168942f-cd11-30dc-b4b3-f0ba6478839b
1998,1998,Scott 4,Your Kingdom to Dust,21fe18f8-d47a-4812-8417-73a94b78b0c9
1998,1998-11-16,Scott Grooves featuring Parliament / Funkadelic,Mothership Reconnection,e4f0923e-ed41-315f-884c-3dc10b15940b
1998,1998-05-01,Scott Grooves featuring Roy Ayers,Expansions,3db652bf-c05c-4c7f-8beb-fc6f5fe96b25
1998,1998,Scott Weiland,Barbarella,27227ae4-a24e-36ab-99e4-86dacc02b929
1998,1998-01-12,Screamfeeder,Hi Cs,ade13f65-9806-3759-bd6d-8eb7ea42f8d8
1998,1998-09-14,Screamfeeder,Triple Hook,682c9ffb-17f1-35e9-ae0d-1c4919c5cc99
1998,1998,Scuba Z,Californian Paranoia,3c090e94-b0c5-4be4-93ac-de09945fd242
1998,1998,Scud & Nomex,Total Destruction,be81a12b-759d-4b92-921a-53652c028df7
1998,1998-10-09,SCYCS,Next November,6c28662a-ab10-30b3-be1f-178247a62ba9
1998,1998-06,Seafood,Porchlight,f4e6e21b-041a-41a5-ae1b-3a3d44f08e65
1998,1998-01,Seafood,Scorch Comfort,7e876c09-ca9c-3079-b4e2-c407bc723d68
1998,1998,Seal,Human Beings,11726de1-703e-4e52-9d56-62337d50bbfd
1998,1998-12-01,Sean Altman & Rob Tannenbaum,Hanukah With Monica,0fd69b92-8863-4ff2-85a1-7df3fa3f8caf
1998,1998,Sean Dexter,Mankind,e03faf75-b311-4bf0-91b3-2488d0d0b145
1998,1998,Sean Lennon,Home / 5/8,a51e8b52-363c-4c92-bbf2-e8b9221f96cd
1998,1998,Search Engine / Eniac,Pulse / Frontier Attack,f710c3c6-59b7-4c6e-8b25-ba99eae11ef0
1998,1998,Seba,Connected / Catch the Moment,b449b107-a085-37bd-83ce-d3bfa82f2f5f
1998,1998,Seba,Planetary Funk Alert / Camouflage,d40655e9-defc-3f6b-a939-df6c2b28866c
1998,1998-12-04,Seba,Valley of the Moomins / Car Crash,a34efac5-9f0b-32c2-bcb0-99df3e8a14a6
1998,1998-02-16,Secret Discovery,Follow Me,902e9ca5-7c7f-449b-b958-7f91d34afa7b
1998,1998-01-16,Secret Hero,Build Up the Pressure / Straight Ahead,b77f158d-26bc-4e7a-a92a-979c9d2242d5
1998,1998,Secret Methods,Secret Methods Vol.2,f521d2ff-7b40-4d95-8a3b-969436dc5ec8
1998,1998-01,Seducer,Emotions,2a6e50ac-de49-4591-933d-ecad1a72d75a
1998,1998,SeeD's,SeeD's,8980cbb6-a81e-4270-a4e4-9b2c7444cd82
1998,1998,Sega,Segata Sanshiro Theme,bebe7135-8b33-466e-b1f7-106bcf4c7a17
1998,1998,Seiji,Density / Taste,e164b121-16fa-4e50-98e8-481108c59481
1998,1998,"Sekouba Bambino, Kandia Kouyate, Oumou Dioubate",Griot Groove ’99 European Tour / A Mandingo Night,a544397f-a404-4da5-8a3d-1483b7512543
1998,1998,Sel,Svetimi,169fbd92-0d17-4cbd-9b68-da0f5882b4e7
1998,1998-05-05,SELENE,“RIDE”,904e7fb7-0068-49fb-801a-52911381a744
1998,1998-07-28,Semisonic,Closing Time,5d26c954-c15c-366a-87d1-62f5a5fbf10a
1998,1998,Semisonic,Secret Smile,81f58b20-dcc9-3b4a-af9b-ec3c2e95e836
1998,1998-11-17,Semisonic,Singing in My Sleep,7710c171-e209-3c29-b31d-88ee3c6766d7
1998,1998,Semsis,Storm in a Test Tube / Panic,58ec029d-791f-4878-95b5-370188ae668b
1998,1998,Sens Unik,Zak & Loly,d78c9e2f-d86f-4eae-bd57-d4408a846ed0
1998,1998,Senser,Adrenalin,3123d975-9bab-331d-af77-d0e6a93e2c00
1998,1998,Senser,Breed,bf52b752-54d9-4fef-9bf7-8893c103044d
1998,1998,Sephirot,Deform,62809fb1-d18c-4f9c-92cb-78e6c5ff038a
1998,1998-11-02,Sepultura,Choke,b25abbb6-be32-3f61-991f-1494f26d24a0
1998,1998,Sequential One,Imagination,9572c699-7442-44d8-83ff-2d231a3ae065
1998,1998,Sequential One,Inspiration Vibes,160d7d10-bf51-45a4-b4b9-453fa1f83e3e
1998,1998,Serge Gainsbourg,Le Poinçonneur des Lilas,3cc6d283-6a17-405f-8022-5e8a328d25dc
1998,1998,Serious Danger,Deeper,e4ecd2ee-5109-48b0-a2e2-e4481a3ca2e2
1998,1998-01-09,Serious Danger,Deeper (ISB Remixes),46323a34-b3f5-4547-b87d-425af7350c0c
1998,1998,Serious Danger,Deeper Remixes,b65fdbae-7722-4852-9b5f-84dd1a1e623b
1998,1998-04-27,Serious Danger,High Noon,8d27f5bd-35af-408c-ac9e-6baff504f520
1998,1998,Serpent,Electric,0ef2e93b-fafb-4f7c-acf8-8929dfddb974
1998,1998,Serpico,Magnetic Sense / Screamin Paris,b68796aa-56f9-4111-ac7e-739605ee6322
1998,1998,Served Chilled,Jaquera / Airbourne,9f0ae667-fe76-35cb-8412-6d3a71f06a4f
1998,1998,Served Chilled,Sudden Impact (Mallet mix) / Drifter,60b27d09-c7de-46d5-ae6c-6e56d1611034
1998,1998,Servotron,The Inefficiency of Humans,aeea889f-c0b7-4bff-840a-6aa5c844173b
1998,1998,Seven Dub,Remix Series #3,d47257bb-4e46-4c5d-beeb-7da1279d94af
1998,1998,Seven Dub,Run for Cover,9fbbc63b-c533-4b93-a884-a1b65ded3857
1998,1998,Seven Mary Three,Over Your Shoulder,bd4d7a79-5394-42c6-9f86-28b511904988
1998,1998,Seventeen,Co Mi Dasz,d6a2927b-a5df-4126-9066-ec0688ee3c04
1998,1998,Seventh Sense feat. TJ,Breakout,7f592fe1-3c03-3313-855d-709fa9410d13
1998,1998-09-18,SEX MACHINEGUNS,BURN ~愛の炎を燃やせ~,dfb8531a-e40a-4270-a8ae-9b3c62c5e5a4
1998,1998-05-08,Sex Pistols / Curse,Problems,aafe5fbc-60bb-4e34-8f2c-daa17d0aaf54
1998,1998,Sexy Kool vs. Superfunk,Bubble Boogie,ab601513-b9fa-383f-a0a5-055f46bf5a5d
1998,1998,Sezen Aksu,Erkekler,d81bc9c6-0448-380a-9202-50ae48717bfe
1998,1998,Señor no,Està Bien,f6bc8d45-cd7d-41c3-8500-3a43fe72c1db
1998,1998,Señor No,Living in My Own Nightmare,3bc04de2-daf0-4451-90ad-f3ee7a969e93
1998,1998-08-01,SGガールズ,センチな夏休み,2da0cc10-b5ee-4654-841a-06222230fe32
1998,1998,Shabaam Sahdeeq,Sound Clash / 5 Star Generals,194f2bd3-4d06-3783-a72e-de08a63c625b
1998,1998,Shades & Special F/X,Is It Love,d0c64039-70b4-4f18-b136-c560c527e904
1998,1998,Shades of Culture,"Mindstate / Island I’m From, Part II",8c4b4fdb-671c-4d4c-9209-25fa419b0708
1998,1998,Shadow Huntaz,DJ Screams Medic / Nut Up,a564f1dd-f7d5-3391-989e-642a125a6dfe
1998,1998,Shadowlands Terrorists,Eindhoven De Gekste,4b80a164-d07b-47d0-bae0-c7b55b6d6bf4
1998,1998,Shah,Secret Love,34d88ec2-01cb-3fde-b9b2-88cfb9bbaf92
1998,1998,Shakira,Ciega Sordomuda,b1d8b6da-b7f8-4f17-b89f-342d6986603c
1998,1998,Shakira,Inevitable,67e854d5-d84c-48b8-abc3-8477ccb6bc67
1998,1998,Sham Rock,Tell Me Ma,2557b462-2fd9-42df-a919-6649bb439cbd
1998,1998-11-26,shamo,3615 LA BOULE AU QUOTIDIEN!!!!,9704c7e7-540e-4b00-b6c6-18715eb172fc
1998,1998-03-16,Shane MacGowan and the Popes,Rock 'n' Roll Paddy,dd412515-d636-4aa7-bae0-389dd7af7be5
1998,1998,Shane Morris v. Jon the Dentist,Power,f362532e-d571-487e-8f99-d890ae7fb0d8
1998,1998,Shane Morris v. JTD,House Forever,4425967a-90fc-4f14-a97a-986afd1012c4
1998,1998-07-14,Shania Twain,From This Moment On,637c5972-48bc-38c5-b3ca-b84c61aca7f6
1998,1998-08-10,Shania Twain,"Honey, I'm Home / That Don't Impress Me Much",c51e0cd2-f9a7-452e-8669-b038a93c8497
1998,1998,Shania Twain,Man! I Feel Like a Woman!,021284aa-16ee-36d3-8ff8-7760de6b58d8
1998,1998,Shania Twain,That Don’t Impress Me Much,4fdff75d-8e45-3721-a598-f0fd11ec08df
1998,1998-06-01,Shania Twain,When,15982e40-9a89-3e6e-aafc-3923e697cc00
1998,1998-01,Shania Twain,You’re Still the One,32e2dc5b-2960-3638-ae2a-a1e5b8e88691
1998,1998,Shannon Wright,Tin Crown for the Social Bash / You're the Cup,42b40ef3-a6b7-3374-81a5-cb83c1b4ff6d
1998,1998,Shantel,Oh So Lovely,50ae9b28-cd27-47c5-9cbb-17d7b857a4df
1998,1998,Shapeshifter,Flood,ebaa202a-f72e-44ed-b9c7-bcaa4b260748
1998,1998,Sharam & Youssef,Phat Philter Killa,f9dcf2c6-2f4e-465e-a5d5-120bfdf792d7
1998,1998-06,Sharam Jey,Any Time Is Party Time,38ddf5cc-0de9-4e1c-b179-817a77a58778
1998,1998-01-01,Sharkey,Product of Society,e90ded3f-5d08-405c-9d7a-7fc740937e58
1998,1998,Sharks Keep Moving / Kentucky Pistol,Sharks Keep Moving / Kentucky Pistol,12804cc9-2e0d-4d2a-9dc7-0a3aae104126
1998,1998,Shaun Bear,Sound Blast,57977ba1-be49-4662-8031-b97ebe149477
1998,1998,Shauna Davis,Try My Love,87824850-b50d-4c06-8118-1db5cb3f7530
1998,1998,Shawn Colvin,When the Rainbow Comes,20b324ce-ee88-43eb-a29a-4a66acbbf37c
1998,1998,Shawn Mullins,Lullaby,e2a60ef9-4c5f-4b78-b9b2-17d19909f248
1998,1998-04-29,SHAZNA,Love is Alive,e39665cc-b34b-3dca-ad7f-35233eec80f6
1998,1998-04-22,SHAZNA,PURENESS,36ba00d7-0d5d-4885-982d-885b9342cc87
1998,1998-01-07,SHAZNA,SWEET HEART MEMORY,726967d7-7eac-4b79-8cf4-02014e83bdd7
1998,1998-10-14,SHAZNA,恋人 / Virgin,ecf698ef-98e9-4cd1-9137-cba8be9248ef
1998,1998,Shazzam,Phunkee Muzeek,02bb5af6-ab2a-4a8a-a0c5-40ae7cb7d843
1998,1998,Shed Seven,Devil in Your Shoes (Walking All Over),804a2bec-41b5-47b3-b9b7-4ee8d0525872
1998,1998-03-02,Shed Seven,She Left Me on Friday,40ff5d91-d4af-388f-bbd0-a0bb5a4f847a
1998,1998,Shed Seven,The Heroes,49500605-ae73-3032-acbb-50e5d06c6d7f
1998,1998-01,Sheila,Spacer (Remix '98),56eea9c9-2376-4916-b731-f7fbd1b6fc3f
1998,1998,Sheila,Total Eclipse of the Heart,2f759254-e773-442e-818e-ebc6f97e41cd
1998,1998,Shelter,Alone on My Birthday,4390fde4-cb01-4113-a9a4-1ef798412b3d
1998,1998,Shernette May,All The Man That I Need,8df54fc4-acb0-4751-a7bb-b93ea32301da
1998,1998,Sherrié Austin,Good Love Comin' On,d80b4543-0095-4fd0-8de2-d3c3aa3eb634
1998,1998,Sherrié Austin,Innocent Man,2bd1d7d1-c528-4cbe-b615-f0eefbc69df1
1998,1998-02-24,Sherrié Austin,Put Your Heart Into It,8c107356-c5d3-4742-9e08-26406d4845e9
1998,1998,Sheryl,With,9527cd17-f6da-4b1d-b37f-d89472918a19
1998,1998-09-15,Sheryl Crow,My Favorite Mistake,9f718c7e-c574-3e1a-93c5-eebe33a4380e
1998,1998-09-07,Sheryl Crow,There Goes the Neighborhood,6b58263f-d9c4-37b4-aaec-c0fceb61d6cf
1998,1998-06,Shihad,Ghost From the Past / Attack,b544831c-1c5e-4b52-9602-1dd14278000d
1998,1998,Shimpfluch-Gruppe / Peeled Hearts Paste,No More Gun (live in Nippon),d3ba503c-9a7d-4779-ac35-e61d25532ba7
1998,1998,Shine,Bitch,e4933cd8-992b-4bae-aff3-2ed42bae83db
1998,1998,Shiner,Semper Fi / Sailor's Fate,fdcaadde-4881-4b19-9313-faa24d6d68b7
1998,1998,Shiner / The Farewell Bend,Merger,2268601f-be64-434a-838b-d2433df70ad8
1998,1998,Shirley Bassey Meets Booster,Light my fire,818e185c-fbff-4366-927e-0cb2d1463053
1998,1998,Shola Ama,Much Love,370b5304-cf48-4658-b7ee-be2817e43579
1998,1998,Shola Ama with Craig Armstrong / The Divine Comedy,Someday I’ll Find You / I’ve Been to a Marvellous Party,809ce2d3-100d-443a-abf2-2be0b62861b7
1998,1998,Shoppers,Java,ada8b6f8-ba6f-4823-b966-e3a29bf2e8f5
1998,1998,Shortfuse,Hard Harmony / Thrilling Me,f8007c6f-39bd-4f7b-b48a-d848c48b2392
1998,1998,Shot,Killin',6aa4300d-521f-48be-a827-6d2250b6d704
1998,1998-11-26,SHU:DO,ヒカリ,61c91d71-c0d0-4833-90fa-48937569918b
1998,1998,Shut Up and Dance,Got Em Locked,cb391f60-94a6-49f3-a279-28ef3cd9e62f
1998,1998,Shut Up and Dance & Holy Moses,Hold Me Down,3183b5ae-a9b0-36a8-9393-7e680adf98aa
1998,1998,Shy FX,Bambaata / Funksta,08983ec4-ebfe-30c0-b6ee-256642f35d98
1998,1998,Shy FX,Bambaata 2012,8c63e9d8-3d26-3eb7-8b58-c2e56eb9a775
1998,1998-08-05,SIAM SHADE,Dreams,0a239583-3a87-49af-b788-1929a42146c1
1998,1998-10-28,SIAM SHADE,NEVER END,0595cdec-2f14-43e7-b45f-156ad79a4869
1998,1998-05-13,SIAM SHADE,グレイシャルLOVE,5b133933-5d72-4082-bf8c-4762b0eed1f9
1998,1998,Sick Buzos / Polar,Sick Buzos / Polar,f395fa56-839d-430c-97fa-2b15a836a802
1998,1998,Siedah Garrett,Refuse to Be Loose,fe563e6d-6546-379a-8986-fea2c77f6979
1998,1998,Sign O'Soul,Don't Play My Song (remix '98),7a1d106d-748e-4ce2-b761-fcaf3192d2ba
1998,1998,Signum,What Ya Got 4 Me,2b0f082a-e150-31b4-a106-18b33ddeaeed
1998,1998,Silent Beat feat. DJ Uneek,Sea Bird,3034f95b-185f-4b05-92ff-815e0b150b15
1998,1998-07-20,Silent Breed,Sync In,717f360f-3621-47fe-b823-148396e7303e
1998,1998-09-30,Silhouette,Silhouette Of Our Love (Dark Matter remix),7da77596-0fb8-4740-b958-bb721db96f9e
1998,1998,Silja,J'efface et j'oublie,34540ed3-da90-32d4-b737-73f49865d468
1998,1998,Silk Cuts,8,b529f480-85ef-4a04-8a1c-1b6d01138309
1998,1998,Silkk the Shocker,It Ain't My Fault,e46026cc-831b-4357-8d4f-1771c5205ceb
1998,1998,Silkworm,The Other Side (S.I.T.L.) / I Must Pianner / I Must Prepare,a42d6355-63f8-4819-8bc3-900525903db3
1998,1998,Silmarils,Disco,d744ede4-ee68-4e11-80ab-556d4df9355f
1998,1998,Silvah Bullet,Dem Beas,6b7a9303-e77f-4b53-b96e-a06d94042a26
1998,1998,Silvah Bullet,Jewelz and Diamondz,92fb5050-f072-4f07-99d2-eb387bb5efa7
1998,1998-01-14,Silver Jews,Send in the Clouds,7f26c1d1-f4b8-3340-b749-904edd8e74d4
1998,1998-11-10,Silver Scooter,Tribute to the Phone Calls,458ed5ea-12c6-416a-b818-b5d756c7ac43
1998,1998-03-11,Silver Sun,I'll See You Around,07b8695b-c7b5-3155-a3fa-8add0882bea1
1998,1998,Silver Sun,"Too Much, Too Little, Too Late",2da31969-4f9d-3820-ae48-a3bf720a52b3
1998,1998,Silverchair,Anthem for the Year 2000,f23a47fb-f30b-348a-a89b-8a52de9439e5
1998,1998,Silverwood,Already in Love,de152d1d-1d8d-4993-9c51-d6daf154320d
1998,1998-08-01,Simon V,Broken Promise / Pulse Code,acb97820-99f1-3d30-86b0-81c7b53d2dea
1998,1998-02-16,Simon Warner,The Wrong Girl,1b66d64d-d584-46d7-bfbd-0c674eb5020b
1998,1998-04-20,Simon Warner,Wake Up the Street,9e41e1b7-dd03-3a8f-a5cd-53f86391f87b
1998,1998-09-16,Simone,Nimm mich einfach in den Arm (so wie früher),1c25596a-c6a6-4de7-914f-4335e5c0a936
1998,1998-09-14,Simone Jay,Luv-Thang,3d45cd8f-36f7-4df2-9365-e2087eee72c2
1998,1998-02-23,Simple Minds,Glitterball,88746e05-76cc-4a54-a7c1-7172cfbd9648
1998,1998,Simple Minds,Love Song / Theme From Great Cities (Remixes),6b012204-895b-4021-89a7-2b60b64dc67f
1998,1998,Simple Minds,Remixes,cc6d807e-0e3a-4e78-9110-245672a82448
1998,1998-05-18,Simple Minds,War Babies,306683c2-aca8-3d9d-9813-7e2b6f3ada01
1998,1998-04-27,Simply Red,Say You Love Me,a5bcb4b5-be64-3a82-964c-b95f695dd9de
1998,1998-08,Simply Red,The Air That I Breathe,6cee35e1-6eb4-30f0-a7f4-d413dbb84877
1998,1998,Simply Red,To Be Free,512a5339-f4d2-489d-88be-ad8002f48785
1998,1998,Simply Red,To Be Free,a38be941-36a4-4b82-bec1-2395a4913193
1998,1998,Sims & Dax,The Severed Link,02aa23df-882e-3ebc-a321-0fb0682d7d42
1998,1998,Sina,Boy,fdc66569-0794-4132-aeb0-ed88d3e536ff
1998,1998-09,Sina,Don't Be Shy,a89022a8-116b-4bb4-a010-0c1f5fd45049
1998,1998-03-04,SING LIKE TALKING,Home Town,df26fc36-5a3e-46a9-81d5-49b71404e989
1998,1998,Sinsemilia,La Mauvaise Réputation,c15a985c-2a16-47a3-b575-f62268f9fc1a
1998,1998-09-28,Sinéad Lohan,No Mermaid,1b37f614-fbcc-4b44-80ec-04e81acfac78
1998,1998-11,Sinéad O’Connor,Chiquitita,a16d9a5c-2380-45fa-91cc-61b131c14c90
1998,1998,Sir J,Un Cuore Che Canta,51ea226e-d561-40fb-bee0-895dcf17d2f8
1998,1998,Sissi,Look at Me,f2c701f0-6f69-345b-b9c1-aa8904073f7a
1998,1998-01,Sister 7,Know What You Mean,cb8f5751-1bf5-44bb-a4ef-b0d5f8b6f10b
1998,1998,Sister Sledge,We Are Family 98,74076ac0-83db-4dee-8eea-0c1331dc9765
1998,1998,Siw Malmkvist,Du bist der Anfang und das Ziel,f91ac706-1c68-43c4-a401-859c080102a1
1998,1998,Siw Malmkvist,"Ma, wo sind die Clowns?",ab7f3ec9-04c6-489c-b291-4cf5ffbf7946
1998,1998,Siw Malmkvist,Reklame,6a07634a-d64d-4e11-8e1c-6e35c6c94777
1998,1998,Six by Seven,88-92-96,c164bd8e-3e33-393b-be6e-9753bad206f1
1998,1998-08-11,Six by Seven,[untitled],4503d860-456e-301f-a057-a41ded853e3b
1998,1998,Six by Seven,Candlelight,91e9ce63-63ed-3c4b-8c2d-cd91c4c1ec9a
1998,1998-08-24,Six by Seven,For You,0495d081-ad9b-34be-8cd3-6b1bf840aee5
1998,1998,Sixpence None the Richer,Kiss Me,5ddf3022-6bcf-3981-b4b7-f85e619267b1
1998,1998-03,Sixty Six %,Realism / Radiate,d9472d09-7cb2-4d38-8c16-99b4c83647f6
1998,1998,Size Queen,Music,1d61c03a-ec12-463f-ba67-6049ae8d4b49
1998,1998-03-15,Si◆ners,WITH/時沿い,c4d5d7f4-171e-363a-b7f7-bfd06ed616c2
1998,1998-01,Sk & Izm / Puzzle,No Skizm / Qu'est-ce qu'on va t'laisser ?,21c4e67f-9d90-4e58-979f-6dbe0e35b2b0
1998,1998,Skalariak,Sólo vivir,46530eb7-fdd0-36b7-b5cd-4fb5d8829d60
1998,1998,SKAMP,Summertime,c35f8fcf-39b5-3d22-baff-295ece0b7cfc
1998,1998-02-23,Skik,Hoe kan dat nou? / Teddybeere,e442e631-adbb-332e-ad95-28064ea00dde
1998,1998,Skinky Pink,Last Train to Kings Cross,9bd75466-7ab1-4cf3-bc63-53605bbaaa6f
1998,1998-03-30,Skinny,Failure,19ccb386-5135-3996-97af-8ab6b09f053e
1998,1998,Skudero meets Gollum,Infectious Flight,81d49912-2feb-4768-84ae-723b9b161431
1998,1998,Sky Distortion,No Good,ca65a9ee-222f-44c7-8627-b765cbe514cd
1998,1998,Sky Joose,Don't You,7e162483-02f0-4313-9ea9-2cd94200d364
1998,1998,Sky Joose,Hi,fc436271-e157-434d-8dd5-9ef0afdb0260
1998,1998,Sky Joose,I Wanna Be With You (Every Where) / Your Love,910a848b-bf65-43d5-ad1c-bfc1ef3e4662
1998,1998,Sky Joose,This Scene,fc8335cf-a49c-4205-97b9-f54b47e223ab
1998,1998,Sky Joose,You Can't Take Me Under,fb390c3f-920c-4270-a10e-d337ca850705
1998,1998-04-12,Skyjoose,Ride / Sweat,7093be91-988f-41cf-b5a0-bdf1a368b4fa
1998,1998,SkyKap,Endorphins (remix),bc82d5c4-5b9e-4939-9770-1106d1f8a265
1998,1998-07,SkyKap,Endorphins (VIP Mix),be0f5df1-6373-4f91-a912-ca9669b62062
1998,1998,SkyKap,Givin' U / Show You,7692c39f-047f-486f-878a-0c4f1824fb77
1998,1998,Skylab,Lunatic,f147874e-1981-4f4c-a4c3-96176cdaae7b
1998,1998,Skylab,Magenta,8a29b37c-da1c-3b21-be2f-5133d8ad6ca4
1998,1998,skylab2000,Rollergirl,548660b8-73de-463f-a4df-baddea86b70e
1998,1998,skylab2000,Shak (Rok Yer Sol),058cb703-b499-44dd-922d-fd9b37220424
1998,1998,Skynet,Nova Solis / Violent Extremes,cc6eafcc-3986-3dc8-831d-ed91cf0e74cf
1998,1998-11-02,Skynet / Psion,Voyager LP Sampler,469799e5-6ce3-3b2b-87cd-e144faece4d0
1998,1998,Skynet U.K. Feat. Chane,Love Thing / Open The Floodgates,67d26333-95f9-412f-828b-35c9be872b16
1998,1998,Slack Season,Blue Canary,5dc49ecc-5d63-44d4-81c4-525f7ebbdb4c
1998,1998,Slacker,Psychout,21ff83bd-6bd9-4871-a27a-43265992df61
1998,1998,Slade vs. Flush,Merry Xmas Everybody '98 Remix,320549b6-89f0-3266-acf3-d2238cd3d065
1998,1998,Slaprocket,Beggars Grinnin' / The Seed,bff89a95-6949-40ec-a17b-f1dfc9f3f777
1998,1998,SLAYDE,Farewell to you,0cea5119-8dae-4e04-8bed-e81ddee4e63e
1998,1998,SLAYDE,Land Slide,f2bddfe4-dc39-4190-b162-72809a6324b4
1998,1998,SLAYDE,Mind Slide,a6b8ae4a-54d2-42cb-ad8e-e6186ff3f12c
1998,1998,Slayer,Bitter Peace,3674b381-e0cb-4615-b997-c6170dcab9f3
1998,1998-09-30,Slayer,Stain of Mind,4dd36deb-6fd1-39aa-90ed-a81075970faa
1998,1998,Sleater‐Kinney,Little Babies,a3f9a823-45bf-3a63-a8b1-06bd68e4cb62
1998,1998-02-16,Sleater‐Kinney,One More Hour,3bac6135-9b97-3a84-8eb2-87a1a8e8c3b4
1998,1998,Sleaze Sisters,Work It Up,2f9c109b-60b4-4da5-8390-1af0aaf2270c
1998,1998-10-21,Sleep My Dear,RESURRECT,e3269899-92b6-4d0c-b6b5-2ea6cff702e5
1998,1998,Slice,Razor / Wild for the Night,0b3825ff-9387-4f73-8b9c-ba7c779fd8a7
1998,1998,Slick Sixty,The Wrestler,6d075c05-2b9a-48ac-83c5-748b5ee274c7
1998,1998,Slight Slappers / Lebensreform,Slight Slappers / Lebensreform,d9b42863-dbb1-4029-b9d6-068e74ca6919
1998,1998,Slip & Shuffle feat. Leoni,High Energy,2c311ddc-b15b-4ef0-868b-5c4b41fb97ce
1998,1998-11,Slipstream,U.Topia,c8cd12be-c83f-463b-a7b1-1453d53b58f2
1998,1998,Slitscan,17 Daughters / Illusion,f25f576e-89a3-4898-ba22-e6b17bdc5a01
1998,1998,Sloan,She Says What She Means,3bebd64b-fc10-4dcd-b0fa-5327e0d12ab3
1998,1998-05,Sloan,Work Cut Out,32b49959-2fdf-332a-9610-feca4627df52
1998,1998,Slot 03,Flashback,96cc82c7-87ce-4b1a-aeb7-e94506720601
1998,1998,SLUM JUNKIE,BURST HEAD,7fa7efa6-0739-4c1e-bcaa-bdc5c92f7681
1998,1998,Slutstation Tjernobyl,Till krig,667c3a7c-eb57-44f2-b8b8-faefb2fe4c79
1998,1998-05-08,SMAP,たいせつ,84af48d9-c629-4704-b136-7485623aedd8
1998,1998-01-14,SMAP,夜空ノムコウ,b6571d17-742c-4ecc-a6ce-6f67aa33ab8f
1998,1998,Smash,Supermodel,a9d7fb95-7a4b-4b51-8305-0e07dfb43fc7
1998,1998,Smash Mouth,Can't Get Enough Of You Baby,2de9aba5-1c1f-4fab-b081-d2657518d533
1998,1998-04-28,Smash Mouth,The Fonz,b9b5d374-797a-4a9d-afb5-5c692af02ce8
1998,1998,Smile Girls,Smile Girls,68baddd3-8e5f-4e41-ae46-827302c10f43
1998,1998-07-16,SMiLE.dk,Butterfly,8e28eb50-9909-36af-97ef-30e95dff9815
1998,1998,Smith & Mighty feat. Alice Perera,DJ-Kicks: I Don't Know,4991de65-2602-4df1-af73-39bf6ea0dcd7
1998,1998,Smog,Ex-Con,acb3237c-4841-3374-a1ca-b9c46bb29e1f
1998,1998-12-23,Smog,Held and Cold Blooded Old Times (An acoustic Preview),e654866d-42ee-422a-bc8e-ae1c62dd177c
1998,1998-02-16,Smoke City,With You,0cca4935-f744-457d-9b5d-7253bb17a859
1998,1998-12-14,Smokey Joe,Shining 98 / Dirty Face,f47f120f-2461-4fcf-8046-55fdd9a9d459
1998,1998,Smokie & Maggie Reilly,Wrong Reasons,3f3e82db-c4c4-4450-9678-ca8fdb1cbf76
1998,1998-01-01,Smooth,Strawberries,68f20740-92e9-425b-838d-fe306bda9586
1998,1998,SM‐Trax,Got the Groove,f9a669e9-004b-403d-8292-758566944799
1998,1998,Snailhouse / Julie Doiron,Do You Remember What You Said When You Said You Would Not Forget...,c30b58ac-91e9-4521-a80f-8613f788c673
1998,1998,Snapshot,Pole Position,7bb10249-59cb-4c8f-bdfc-446626ece7bd
1998,1998,Sneekie & Toy Boy,And You Don't Stop,49b6df51-0d7b-4378-9868-a811d363d4f2
1998,1998,Sniper,Crossfader Dominator / Suburban Hooligan,c32ac71d-15f2-39aa-982f-53718bf5e5c8
1998,1998-02-27,Snitzer & McCoy,We Will Rock You,aaa381de-e633-36e5-9486-a3ef79660ca0
1998,1998-08-03,Snog,The Ballad,f5f1da34-29c3-3173-bd58-a7718b8659b3
1998,1998,Snoop Dogg,Still a G Thang,1dc52296-8b13-422e-9ee7-5b29cd6713bd
1998,1998,Snoop Dogg feat. Mystikal & Fiend,Woof,4cf804d5-8614-4762-8bd7-d46ffcb2f205
1998,1998-02-23,Snout,Circle High and Wide,5e1c4e7a-0156-3bc7-8073-89c193f2dda4
1998,1998,Snout,Got Sold on Heaven,b871d059-bb07-3d27-ba64-2a07219b758d
1998,1998-02-16,Snow Patrol,Little Hide,253ed2ab-1837-32e3-9f5b-f51a2e0027e8
1998,1998-05-11,Snow Patrol,One Hundred Things You Should Have Done in Bed,450f4cb1-5a46-3581-907d-38765ab1b7a6
1998,1998-11-09,Snow Patrol,Velocity Girl / Absolute Gravity,7fdc16b0-039c-3196-97d2-ad7aa19b121e
1998,1998,Snowdogs,Here's Me...,c1490f87-b74a-3358-9f0f-b6975aee42e1
1998,1998,Snowpony,John Brown,934846c9-6fb6-33b7-bf1d-deb04192f511
1998,1998,Snowstorm,Sommarnatt (Dance Remix 1998),fc518764-7ea5-44cb-9e21-9782d16397a5
1998,1998,Snowy White and the White Flames,Little Wing,7be93d9d-609c-4e17-b149-012304c9f134
1998,1998,Snubnose,havah nagila,d14f8df7-484c-45b8-85e7-05d1a4ba8658
1998,1998,Snuff,Yuki,64480c6a-f5a8-320c-b1fd-acf3e2a758e9
1998,1998-03-16,Snug,Beatnik Girl,b2088f0f-beb7-35d4-8ab2-94723892b82e
1998,1998,So!,Baby Blue,de316a2f-c9de-4a7e-9893-d3bf7d63e27c
1998,1998-02-18,soap,どーよ？,90c896b4-9351-4f01-95f2-91103a0f7ccb
1998,1998-09-02,soap,セブン,ef5e0405-1e63-45c9-913b-5cbebd636ad6
1998,1998,Sobriquet,People Don't Go Out to Clubs to Get Laid,ce0ae867-9df1-3e7b-b195-114cf24026cb
1998,1998,Soichi Terada,Acid Face,f9c3b796-c045-434c-9b93-972592a3ba61
1998,1998,Solace,Solace,aca79ee0-80bf-375e-895b-676bf2cfce80
1998,1998-05-11,Solar Nine,Download / Audio Distortion,d2e2de59-3b19-425a-b030-fb93f3bbca99
1998,1998,Solar Quest / Choci,Bombay Aloo / Acid Air Raid (remix),cce8da19-7055-46c3-a7e0-359f8fdeff54
1998,1998-11,Solaris Heights,Solarism,95abfa00-fceb-4477-af03-124772474add
1998,1998,Sole feat. Moodswing 9,Banquet of Sarcasm,ddb1ee0d-eab2-3cd3-adac-6fe0ffa79465
1998,1998,Soledad Brothers,Sugar & Spice,ed4545b5-e3cf-44cf-9c68-9793f2a34f6b
1998,1998,Solex,Solex All Licketysplit,d162f2b1-b1a8-388a-b50c-8c6f7dd0b0b6
1998,1998-10,Solid Base,Ticket To Fly,1244ae04-cc37-4bdb-bda7-e864b26836ac
1998,1998,Solid Force,Electro Music,47f58bd2-7f23-4db1-8555-c076b9a2fb5c
1998,1998-03-09,Solid HarmoniE,I Want You To Want Me,e37f9031-6d1d-4661-a772-6ac529aa98db
1998,1998,Solid HarmoniE,To Love Once Again,c5681f87-428e-4994-ad60-a902b909f114
1998,1998,Solid State,Artefacts Vol II - The Directors Cut,3aaf446b-463a-4353-80ac-3e6dccf070a2
1998,1998,Solid State,Mrs Warren's Profession / The Electric Ballroom,1bb8616f-e1c6-437d-82be-02c456cb216c
1998,1998,Solid State,The State of Grace / Jazz 100,2ab755f8-003b-3d0a-8466-72655154ccb3
1998,1998,Solid State & Wayward Mind,Klass of 76 / Dark Flower Remedy,90966519-6d98-442b-bc5d-f489b571fb53
1998,1998,Solo,Cauchemar sans fin / Lyrix de furieux,bc4499a7-84d7-431f-9c1f-1f344d76148a
1998,1998,Solo Wanda,Leticia,1b059900-1cf8-4c73-8830-453b41389993
1998,1998,Some Treat,Lost in Vegas,fe328a17-bd3e-42f7-9731-7ef7e3afa28b
1998,1998-06-12,Something for Kate,Roll Credit,f36f334f-1443-3565-ab36-038782b65045
1998,1998-02-06,Something for Kate,Working Against Me,1c5da6c0-e965-300c-a1c1-7db60883531d
1998,1998,Something Real,Torn,9809ae78-18c5-4e7b-9a46-c5c9fecdc4b6
1998,1998,Sonar Circle,The 5th Dragon / Ruffneck Groove / Underground,542f8204-90f6-45aa-a506-d403c0a8b984
1998,1998-07-27,Sonartribe,Night Acoustic,46a5916a-ec4c-3bf7-8905-2d7fe0980a0f
1998,1998-06-29,Sonic Youth,Sunday,d298ab77-4405-32dc-9e3b-d370470af3bd
1998,1998,Sonique,It Feels So Good,54a01f1b-e499-389f-9152-6e1c91d52bdd
1998,1998,Sonique Dee,I Need Somebody,d08f7823-3f1f-41d9-929e-4fb8ae5c537d
1998,1998-04-22,SOPHIA,ゴキゲン鳥〜crawler is crazy〜,016b9d99-3bb1-4517-b0f6-4ec3507cbdb1
1998,1998-11-26,SOPHIA,黒いブーツ 〜oh my friend〜,d0014987-7019-4783-adcc-3bf4eb3a3d89
1998,1998-04-27,Sophie Zelmani,Black Day,bec54386-0d52-3dbb-a1ea-c99320ada9d2
1998,1998,Sophie Zelmani,Excuse Me,fd3279fc-8ca4-4864-9386-5f4dcaf2651d
1998,1998,Sophie Zelmani,So Long,9ddc501a-3c8c-4a3b-b778-5b3c0fed16b7
1998,1998,Soraya,So Far Away,012b1731-cf19-4012-aee9-b1c92a280de3
1998,1998,Sorten Muld,Mylardatter,534197c5-4090-420b-bb45-ea481aafbf7f
1998,1998-07,Sosa,Accelerator,88dfd569-7f1c-48a6-9313-1e18b178fd0c
1998,1998,Soul Ascendants,Rise,d53a3d1a-ec57-4a9f-a240-a44f530d4ac2
1998,1998,Soul Asylum,Close,f8ac0448-89ed-46ad-a17e-f535b62cb23e
1998,1998,Soul Asylum,I Will Still Be Laughing,0a0e816f-db13-466b-bd0b-bc09a0b908c3
1998,1998,Soul Coughing,Circles,041814cc-dc2d-3b6e-8e2b-403ce20bc900
1998,1998,Soul Expansion,Casanova,3256fbdc-d3ef-4870-a1d8-ff994511ace0
1998,1998,Soul Expansion,Since You Came My Way,47a9dd83-1f7f-41ed-aabb-bbc582ed6b0d
1998,1998-12-02,SOUL FLOWER UNION,EACH LITTLE THING,d573cd95-5736-354f-957a-ccda5ad614e8
1998,1998,Soul Hooligan,Sweet Pea,c218e2e4-a528-39e3-96f2-c0e5fa41f670
1998,1998,Soul Of Man,Between the Eyes,74af9420-d2f3-43e1-a81d-1066a40183b2
1998,1998-04-03,Soul of Man,Love & Hate,4aaefddf-6bfa-42ec-adbe-b2447f534a7f
1998,1998,Soul-O feat. Gorgeous and the Voice of SR,Da da da ich lieb dich nicht du liebst mich nicht aha aha aha,e6b32153-c3e3-4909-aa79-4e25ebe338de
1998,1998-03,Souldiers feat. Charles Simmons,This Is Not America,1d870f06-4543-4ca6-9aa0-9d736d3e4006
1998,1998,Soulfly,Bleed,c52d8233-de31-384b-ac02-721769561993
1998,1998,Soulfly,Eye for an Eye,58e8f143-9345-450c-839e-fb06ee6d792a
1998,1998,Soulfly,Umbabarauma,7760a52e-b862-3e39-ba7c-36ee2b700d78
1998,1998,Soulsearcher,Can’t Get Enough,b64244b8-6eb3-30fb-bcbf-3799bdee75e9
1998,1998,Soulstice,Tenderly / Knot Alone,e0866a62-eb92-37e4-8466-e5159ca42648
1998,1998,Soultans,Get Ready,b6f7030e-9bb8-46ef-a05a-9f92e2ee49a0
1998,1998,Soultans,Rhythm of Love,7c99d84e-1fd2-46dd-a815-afd96873617c
1998,1998,Soulución,Jibaro,4955b4f2-6a73-495b-85ed-97db69f35fa9
1998,1998,Soulwax,Conversation Intercom,4f5db641-3b3e-48a3-b3fa-46c37356a119
1998,1998-12,Soulwax,Last Christmas,404c54f7-c165-4e74-9803-f7263a02ef8d
1998,1998,Soulwax feat. Tracy Bonham,My Cruel Joke...,a5de9626-2563-43f8-8c71-8ead9e0b14eb
1998,1998,Sound Enhancers,Serious Shit,c59792c0-d0a4-4259-9b9c-37c66f742a78
1998,1998,"Sound Lab, The",Vol.1,a00a3b18-097e-40ec-a7ce-93374e6e619a
1998,1998-08,Sound of K,Silvery Sounds,e1972c0f-e6cb-3d15-8c8f-8125a97148dc
1998,1998-09-21,Sound of One,As I Am,02ac0a62-59cc-4816-a3f9-b7dfd96eb976
1998,1998,Sound Providers,Dope Transmission / The Field,5a5a2fbd-e4e0-4193-bb09-5ce53ff449c6
1998,1998,Sound Security,Hey DJ!,b28cd492-f951-45f5-8344-d59768db5e15
1998,1998,South Park Mexican & Hillwood Hustlers,Cali Tex Connect / Wheel Watchers,0dcfa9b9-143e-487f-a094-be7216b9f8e4
1998,1998-03-20,Southampton Ltd.,Chicago Hope,a0790015-5b9b-4997-ab56-ce466cb17be7
1998,1998,Southampton Ltd. / Ginger Heads,Sci-Fi Trax,fc101486-f553-4a37-bdd0-9aead84d337f
1998,1998-09-03,Southern Cross,Running,73aa476f-3243-350d-86c8-eaafcdca3a53
1998,1998-06-26,Southside Rockers,Rock On,938fb712-e768-31e2-8f24-b0cc55691ee6
1998,1998,Southside Spinners,Luvstruck,d9b16da4-d103-4f0e-8592-0f7c16d87b36
1998,1998,Souvenirs,Jeg Hader Susanne,d4e9334e-d39e-3251-9bcd-587a1f589f94
1998,1998-07-27,Souvlaki,My Time,d27960f0-e326-4e38-9bed-4751ffcff2ed
1998,1998-04-01,SOY,Sugar Days -あの日-,82ecfa14-cead-3611-abfa-36aee2f2bb7e
1998,1998-06-06,Space,Begin Again,cb23dab4-c650-3977-9450-a6d23217d8e0
1998,1998,Space Bunny,The Key,4f8d484e-ce4e-48d0-8f2a-b9b7fe974293
1998,1998-02-23,Space Frog,Lost in Space,c5caa019-f22d-3ade-841b-2d5966cd3a07
1998,1998,Space Frog Feat. The Duke,Die Unendlichkeit,161382ff-17ac-44ac-a21a-1b6b6db93899
1998,1998,Space Is the Place,Talash / 6 A.M.,7b867b2a-28ed-4ba8-ae28-ec6cc139fa80
1998,1998,Space Monkeys,Inside My Soul,3ef8ea6e-a11d-4597-9263-33d7673bacaa
1998,1998,Space Raiders,Glam Raid / Boy Power,4e51d25f-2afb-379e-a599-ec4e5bed9637
1998,1998,Space Rangers,The Theme,68e81fe1-d7ec-4358-baed-1d8c8ff0d95f
1998,1998,Space Twins,"T.V., Music & Candy",18f12087-73da-306f-a2be-8041b8f6b595
1998,1998-10-12,Spacedust,Gym and Tonic,fb097138-7413-3722-9f11-d347abbae27b
1998,1998,Spacegirl,I Wanna Be A Spacegirl,6cf52cd9-6dca-4a68-80ec-6394011446f5
1998,1998-04-13,Spacehog,Mungo City,aacfaa9e-4f44-3bcb-a7eb-26a9ca32bf45
1998,1998,Spacejunk,Locked to Fantasy / Relapsation,5ed51797-2847-4913-a0c1-6750919b2637
1998,1998,Spacemen,Communion / Assimilation,53b6e136-e5ed-4f76-8256-d7199f7866c4
1998,1998,Spamtec,Jungle Bash,5f3d15f3-f381-42b2-8c3a-e9ca88cb46be
1998,1998,Spamtec,Nothing But a Spam Thang,3693e4f8-6d65-4350-a891-42d6f289ba82
1998,1998,Spamtec,Playersball2k5,cd328aac-728e-4afb-b0c6-254d6e50d2b5
1998,1998,Spamtec,Uhoh,38a88e39-f842-42e3-a51f-00f7ff4fc855
1998,1998,Span,Campari Soda,30946e2f-c47a-4a84-925b-608f8225c54d
1998,1998-06-02,Sparkle feat. R. Kelly,Be Careful,dcbf4d37-d469-37e2-9ddf-9accccfe87e0
1998,1998,Sparklehorse,Sick of Goodbyes,ff928924-1035-3e78-b144-54c16fc41ed2
1998,1998-04-22,SPARKS GO GO,カリビアン・ビーチホテル,eb387993-07ab-4b5d-bc4f-7f67ff644c20
1998,1998-03-01,SPARKS GO GO,八月の夢,7ac15db3-e61f-4aaf-9681-13925f81ae6e
1998,1998-11-21,SPARKS GO GO,冬のカリスマ,ddfa7694-82d8-4fbb-9d90-0828b7871608
1998,1998,Sparrow The Movement,Inheritance,f8ccc58d-6b22-4b7d-86ab-8e1531e63561
1998,1998,Special Forces,Special Forces / Propaganda,b2c114de-0048-30c3-95d2-bd1ff3640789
1998,1998,Special K,Up Top (remix) / Pressure Roll (remix),e9c500d0-5581-3b92-a34b-37d0b9f0efb8
1998,1998,Special K & The Dream Team,Tutti Frutti (remix) / All DJ's,8a36b529-468f-451f-b0dc-0d43280fc4aa
1998,1998,Spectacle,The Cut,ee1a13ec-62b5-4b0f-a8ea-3c79cbe1ea8a
1998,1998-07-01,SPEED,ALIVE,a1c8523e-f337-3a91-9bb3-e5931100b810
1998,1998-10-28,SPEED,ALL MY TRUE LOVE,6498dd34-69d8-4555-9f7d-d0daa8dad427
1998,1998-02-18,SPEED,My Graduation,f1abe1dc-6302-3aec-9e0a-b28b68cfba46
1998,1998,Speedurchin,I Could Get More Drinkin’ Done,e6da53ca-cc0c-35ad-be55-d499cc390319
1998,1998,Speelgoed,Begin van het einde,d762b6dc-3298-3adc-bfda-c3d8c74a4864
1998,1998,Spezializtz feat. Afrob,Afrokalypse,93ae1f4f-79c6-4178-965b-fd9be53bcd3a
1998,1998,Spice,Brick House,bf340ed9-d8e2-4034-93dc-9538acd9dbd6
1998,1998,Spice,Brickhouse,fea3661f-2087-4d09-9784-857b6af50725
1998,1998,Spice,Step Off / Go Again,d45883b3-f472-47c5-b287-8441c04f34be
1998,1998-01-01,Spice 1,In My Neighborhood,f5ff4dfc-7c8a-4ec8-8e49-0bd72a3a1e1a
1998,1998-12-08,Spice Girls,Goodbye,8c66ffff-4f95-3d9b-9286-574123e6063d
1998,1998-05-25,Spice Girls,Viva Forever,b245541b-41b7-3ad6-bb80-86028adeb3b3
1998,1998,Spicy Box,Désaxés,9eee28cc-b10e-4cac-a79b-821e76a89058
1998,1998,Spicy Box,Ololo Ouma,6daa34cc-8396-474b-a70e-f002d16397f4
1998,1998-11-16,Spike,Respect,f490d8de-601f-4f29-813e-f21a90e2ce70
1998,1998-08,Spiral Active Project,Resistance / Burning Life,9dcbdc38-6ff3-41e7-9ecc-2c00d43c0520
1998,1998-10-05,Spirit,Neurosis / Clockwork (Revamped),cdbea0bd-43f6-3d1b-aabf-375bee17ce0d
1998,1998-06,Spiritualized,Come Together (Remixes),d04c4ea2-0cec-38e3-92ce-4a2fdace98c8
1998,1998-12-02,SPLASH,××× (Kiss Kiss Kiss),837b58bd-05a2-3731-9d59-65df388ee2d8
1998,1998-08,Splash Collective,Splash Collective Vol. 3,e4ff440e-7ec4-4544-9170-52258cc5725c
1998,1998-10,Spoon,Anticipation,180d8baa-ec2f-3813-9408-95b89da0efb5
1998,1998,Sportique,The Kids Are Solid Gold,6edacc1a-1149-34d9-86e7-a3df59dc4600
1998,1998,Spring & De Groot,Waterdicht / Waarom & wanneer,93ed6fdc-9b21-43e7-8577-2ffcd7580ccf
1998,1998,SpringtOifel,WM '98,c84158b3-436c-4303-954d-7c1b1a3dc795
1998,1998,Sprung Monkey,Get 'Em Outta Here,629e97ea-183f-4ec9-a01e-db99a272c2d1
1998,1998-12-07,Spunkle All-Stars,Where Will You Be This Christmas,d3d2b8b5-5740-4c8f-8bc4-9a2c1f1a85f5
1998,1998-04-06,Spy 51,Crushing,8edbc82f-dd7e-488e-8972-bdf9f3b57434
1998,1998-09-07,Spy 51,Theme From Spy '51,a0090f0f-9c49-4ccb-8bce-0984c3054bce
1998,1998,Sqeezer,Wake Up!,80a993ea-74e3-48ca-965a-6cd771eb28b6
1998,1998-04-14,Sqeezer,Without You,a533d16a-b629-349a-8de9-ee281c18159d
1998,1998,Squarepusher,Music Is Rotted One Note,a40fceea-4ca7-391a-b632-24b3b34e0b9b
1998,1998,Squeeze,Down in the Valley,57890112-c163-434f-8f21-87b99145e84a
1998,1998,Stabbing Westward,Haunting Me,be68b4b8-e072-47cd-b54d-9525d26a7883
1998,1998,Stabbing Westward,Save Yourself,f9b0f47a-7074-3402-b6bd-004a3158bade
1998,1998,Stabbing Westward,Sometimes It Hurts,17b878ac-f9f0-4e96-96a3-4605a48b4597
1998,1998,Stafke Fabri,Gelukkige verjaardag / Mijn schoon Antwerpen,fc6b5bc8-98e1-4fde-9e6b-74e46ad1475f
1998,1998,Stamped,Dirty Dog,2f81392f-e0fd-4b90-bc24-89395c698c5b
1998,1998,Stamped,Keep Livin,0a32490a-8036-46e1-aa5e-70927123f653
1998,1998,Stamped,Madness on the Street,b865620a-8422-446c-8ede-f35d5481f66e
1998,1998,Stanford Prison Experiment,Compete,43d46630-8ce2-4816-91e8-73a645e3ed6f
1998,1998-06-23,Stardust,Music Sounds Better With You,a65ec23c-d260-3eaa-9fd2-afd9f839ecac
1998,1998,Stardust / Marina Rei,Music Sounds Better With You / T'innamorerò,9ace12c5-831d-4675-84f9-e720cacb9209
1998,1998-10-21,Stardust Revue,ワイン恋物語,4efb9298-334e-4d17-8280-1ee698a3700f
1998,1998,Starfish / Broccoli,Starfish / Broccoli,988efb96-c6d2-4ba8-83f0-6532b3fcaa2b
1998,1998,Starmarket,Stayin' Cool,a2792c26-bfac-4366-b6f7-fcdd93538908
1998,1998-05,Starpoint NC,Chains,be2cafc2-fcbf-4a53-9833-a256df55ce96
1998,1998,Stars for Children,Beautiful Day,56cb31a6-8667-4845-be6a-c2f631280d1c
1998,1998,Stars of the Lid / Windsor for the Derby,Stars of the Lid / Windsor for the Derby,e3256f70-6f77-32a6-98c5-d0195635dcf7
1998,1998,Stars On 45,Dance on Stars,06e22bc5-7949-48a7-92ce-b6bbeb8acfce
1998,1998-07-14,Stars on 54,If You Could Read My Mind,b4671c1d-47db-3187-bfd9-24372d4de11f
1998,1998,Stars’n’Stripes,Murder One,e5239a4c-fb4c-42f1-a344-e41a36849943
1998,1998,State of Bengal,Rama Communication,f138f816-57c4-32ad-a9ad-49f6b20214ee
1998,1998-07-13,State of Mind,Take Control,3b7ea49b-3681-48e7-9200-20abddf20773
1998,1998,State of Mind,Take Control,ce841a32-4d94-348d-a511-23e1da6d3c80
1998,1998,State Of Mind,This Is It,b9abdae5-034b-4e27-b98f-227ebf309875
1998,1998,State River Widening,Unsung Couples,074006bf-f4b2-4a07-8093-26f644c8fab9
1998,1998,Statemachine,Thermal Noise,ca860da8-5ce4-3dfb-871a-2e6d4fad31b9
1998,1998,Statik Sound System,Clear,37e4cfed-b12a-329d-9e5d-5a32ccc4206c
1998,1998,Status Quo,In the Army Now '98,143c6095-ad79-4b92-af75-a1a3127d98e2
1998,1998,Status Quo,The Very Best Medley Incl.,751ec560-3898-4894-a12b-b22563cb7af6
1998,1998,Statuto,Un posto al sole,7a5ca7c3-1257-4be6-b91b-134655ad8813
1998,1998,Staxx,Temptation,65966551-929f-4e4c-b51c-94ffc4e59127
1998,1998,Stefanie Hertel,"Es ist gut, dass es Freunde gibt",8c831e27-5132-4799-a423-d702451c6598
1998,1998,Stefanie Hertel,Mein Schutzengellied,5af11ea7-19e5-4195-bc9b-f41f938b73ca
1998,1998,Stella One Eleven,Hard,a9f9ef4d-137b-3e5f-b676-bf7c9170c581
1998,1998,Stendal Blast,Öl,fcac03f2-d889-4092-bc5d-360f3ca20900
1998,1998,Steps,Heartbeat / Tragedy,97fae539-5e42-3c07-9013-a3601ba6bce0
1998,1998,Steps,Last Thing on My Mind,5e9ab064-7532-3ad4-bbb2-ac59a2979f5b
1998,1998,Steps,Love’s Got a Hold on My Heart,75198980-d36c-4962-b1c1-9647e7ddc55a
1998,1998-08-24,Steps,One for Sorrow,02debffa-ac82-4e40-9ace-b1f52874a14a
1998,1998-10-05,Stereolab,ABC (The Multitude) / Freestyle Dumping,7e043b11-aee3-4361-8979-822fa71c68ea
1998,1998,Stereolab,Refractions in the Plastic Pulse,a49f151e-1550-31c3-b079-956faeaccc9d
1998,1998,Stereolab / Soi-Disant,Symbolic Logic Of Now! / Glitterati (Cruise(r)),6668663e-27c9-4b11-b0f5-4686502ef7ca
1998,1998-11-09,Stereophonics,The Bartender and the Thief,d157880a-ec26-316e-bdee-21192ee41bf8
1998,1998,Steve Best,The Way You Want It,0c72d188-83c0-334c-9371-c75f14c17801
1998,1998-06-01,Steve Blake,Expression,79b1c389-87d6-4449-acf6-c53e1f5fa617
1998,1998,Steve Morley,Reincarnations,2c909ccc-c25f-4f9f-ad7d-dd435a4e78a3
1998,1998,Steve Poltz,Good Morning (Waking Up With You),16ccee53-0703-4c88-b71f-58903b83f319
1998,1998-05-15,Steve Poltz,Silver Lining,6b88baaa-158c-4d67-867c-fe797ba9f77e
1998,1998,Steve Rachmad,A Lot of Love,e8d2eaa2-55e3-4cab-b20e-33634c6573fb
1998,1998,Steve Rachmad presents Tons of Tones / Headlock,Limited Edition Double Header #1,5152e9ed-7d3c-4e3e-9daf-1a911cfe935d
1998,1998-02-23,Steve Stoll,Model T,4b7b1c54-447c-37c8-82c5-c91f560d5fc1
1998,1998-06-13,Steve Thomas,Set You Free,cba72aa5-b5a6-4343-a77d-17b22c1beb5d
1998,1998,Steve Vai,Bad Squad,15ba356e-2e34-464d-99bf-2119313e051d
1998,1998,Steve Wariner,Holes in the Floor of Heaven,63b2d46a-46d5-410c-ac30-1b7fcc032093
1998,1998,Steven Houghton,Truly,329b75c5-9e25-4ace-8063-205e282f85f4
1998,1998,Stevie B,Megamix Vol. 2,a335ab8d-f42a-4ae0-bf42-74c426d27886
1998,1998,Stevie B,Stevie B Megamix,47ec8183-76a6-47fe-9cd9-8bc49c06d6e1
1998,1998-10,Stevie Nicks,If You Ever Did Believe,b5bda0fd-bf7f-47ec-a73c-45a4c3871e06
1998,1998,Steward,The Last Wasps of Summer,d453ce67-5a47-4509-aa05-e9457fdc20d4
1998,1998,Stiller Has,Fisch Wanderer,9bc4411a-b847-4d99-9789-2938209e0cc2
1998,1998-06,Stilluppsteypa,Reduce by Reducing,a7fb9002-9fc4-4502-b472-f8c732415e0f
1998,1998,Stina Nordenstam,People Are Strange,14fce53c-15d2-3b2e-9097-2514e2c625e3
1998,1998-07-13,Sting & Aswad,Invisible Sun,f62eaeb9-57cc-414d-8d2f-a0766119b023
1998,1998-03-09,Stingray,Venom / Flite Control,d19d34dc-d607-4cbd-b0a7-d084f8a3b6a1
1998,1998,"Stock, Hausen & Walkman",Broccoli,6fe449c1-76d3-49b9-b41c-bd76b32c9cda
1998,1998,Stomy Bugsy & Doc Gynéco,Oyé Sapapaya,c45a9558-7b24-4ec9-b00c-dab2739d9dc8
1998,1998,Stone Circle,The Sound of Ultimate B.A.S.E,180eb901-6a48-4adf-918d-05b01d2775e1
1998,1998,Stone Players,Taking It Back,eb8c39cc-4302-381f-bd13-691a78492167
1998,1998,Storm,Huri-Khan,1d063799-619e-3ea6-b843-eeed00fb1c25
1998,1998-07-06,Storm,Storm,76fba0b0-4107-3a63-9bc9-2a187364ecd2
1998,1998,Straddi Virus,One Two Three Four,cd0302da-5360-4d6f-874c-ef9e49ee8994
1998,1998-02-09,Strangelove,Another Night In,119958a5-a376-4544-8be5-f3e857bf6f6f
1998,1998-08-07,Stratovarius,S.O.S.,e548168f-fd73-3610-b604-414bc5fc1d43
1998,1998,Straw,Weird Superman,b81585bf-35f0-4dd9-beb5-76bb7edb52a8
1998,1998-10,Streetlife Originals,Sidewalk Story,73881ab9-7586-4e1e-9040-6e0938b7dce7
1998,1998,Stretch,Volume 11,f69aec6e-a809-4af8-89e4-0e9f014fa414
1998,1998,Stretch & Vern Present Maddog,The Search For Animal Ching / Is Anybody Out There?,2381d318-5de4-4367-9053-aecfd2f809e8
1998,1998,Studio 2,Travelling Man,0e1e4574-8ef7-4262-bf18-5de8e9c52605
1998,1998,Style Misia,The Promise,2996e3cd-9217-4ee2-aec5-5b5a70851275
1998,1998,Sub Logics,Logic (Dom & Roland remix) / U Know (remix),1152d514-ef73-4402-9e0d-aa12e50693b1
1998,1998,Sub Magic,B.Y.T.,72268144-eec5-440d-ad69-e6b236821639
1998,1998-04-06,Sub Sequence,Drum in Space / The Upsta,7f6f1e4b-6f4b-4b33-b8ae-0813602f350d
1998,1998,Sub-Ace & Aura,My Dreams / A Guiding Light,f2f4fda4-e268-4998-beda-a02f0c40ff17
1998,1998,Subhead,Subhead Remixes,390ff294-f672-46ae-8e98-d369b151712f
1998,1998,Subject 13,Jam Da' Mace / Reservoir Dogs,1cb4c2db-b488-44c3-8f40-a7b5ab90055b
1998,1998,Subnation,Scottie (98 Remixes),aaa0a145-7c1c-453e-bfa6-dfb7f2f65a64
1998,1998,Suburban Tribe,Sister,8ec262e1-1a70-49da-af29-d3c3f68457ef
1998,1998,Such a Surge,Jetzt ist gut,f5a75dfb-2135-37aa-9574-75e46d512da0
1998,1998,Such a Surge,Nie mehr Lovesongs / Koma,4fabc63f-3571-3238-a6e8-b40fff236e1c
1998,1998-12-01,Suede,Implement Yeah!,4a2c0345-6b9d-4f25-9443-969d92736644
1998,1998-02-13,Sugizo,Aquarius after the Le Fou,706f0118-4293-4adf-a3f9-f493e4dbe41a
1998,1998,Sugizo / 808 State,Metaphysical Missing (Grooverider dub remix) / Pacific (Grooverider remix),1d037343-fb5b-4bcf-8ce0-a64e3fdea5ac
1998,1998,Suicide,22/1/98 - Reinventing America,a95b6a43-1b77-3767-a240-7e4292e6e89b
1998,1998-11,Sukpatch,Hey Jolie,0281ed95-95d2-45b1-8cc8-7e3f5b6d54e0
1998,1998-06-23,Sukpatch,Stolen Chrome / Bubble Shaff,2eef11a9-ca38-4f16-bd7e-c640278dc58a
1998,1998,Summer Hymns,Half Sick of Shadows,301e5298-1ca5-4ead-9a15-95518c15606e
1998,1998,Summer Junkies,I'm Gonna Luv U,5a731b3e-5433-42a9-81bd-7dbec8902af6
1998,1998,Summer Junkies,I'm Gonna Luv You - Jason Nevins Remixes,a6e67e78-3eb4-4d1b-9ed2-78d1cf1f1109
1998,1998-10,Sun Electric,Tee +,45bb5ceb-806e-3a39-af0a-e18f1fbb3eb9
1998,1998-07-21,Sunbeam,Lost in Music,4120ac46-4ce8-4e77-987e-25e0f2ecac89
1998,1998-10,Sunday Club,Winds Of Change,a7bed6ef-f93d-4678-b237-099f85149100
1998,1998,Sunday’s Best,My Very Ethos,041eb91a-a9c4-40e1-a34a-66c9f8d2c96e
1998,1998-05-25,Sunhouse,Animal,41321568-dee8-4275-bf3c-bdbc792c47c8
1998,1998,Sunhouse,Hard Sun,da5728fc-9a41-472c-862d-7b2d9c3df0c2
1998,1998-03-23,Sunhouse,Monkey Dead,088ad736-6623-404d-82c0-66ca8aaeb2d4
1998,1998,Sunlounger,Meal Ticket,8ccb97e2-6ec3-4269-90f3-5af93f1535bb
1998,1998-08-11,Sunny Day Real Estate,How It Feels to Be Something On / Bucket of Chicken,277a75f6-f826-3fa9-8a8a-0709459a556d
1998,1998,Sunset,Lost You,eaaa08f1-2f9c-4101-957a-f4dba6be6d98
1998,1998,Sunset Sky,Blackout,f3a69fb3-c84c-4e3c-8854-f9d6a04edd27
1998,1998-02,Sunshine Funk,Lemon,61001806-e5f6-3afa-8205-264c36f1fa51
1998,1998-06-22,Sunship,Heaven,6a2137b5-ba5f-3205-b420-dd1075b17d75
1998,1998,Sunz Of Man,The Plan,e2f662f0-e5cd-4c40-b0fd-029d85a894b6
1998,1998,"Sunz of Man feat. Ol’ Dirty Bastard and Earth, Wind & Fire",Shining Star,7738bd45-c0aa-48a4-aad0-6c919075ead5
1998,1998,Supa. T,Be True,7795e60a-1ae5-4428-848a-06a7bcd0c0d6
1998,1998-07-13,Super 400,Dreamboat,69be0dfb-14d6-4df3-9267-67fdf4ca5696
1998,1998,Super Beagle,Dust a Sound Boy,0904055a-7194-4eb0-bafc-f802145c9b2c
1998,1998-10-28,SUPER BUTTER DOG,外出中,6c5f88e6-985a-4817-83a9-54d220a68030
1998,1998-08,Super Falling Star,Searchlight,2d72a235-4e0c-486d-97c2-5f71fe1e9761
1998,1998-07-20,Super J Lounge,Billboard,a9a332fa-091a-4b87-8614-9af84a71b14f
1998,1998-09-21,Super Moonies,Kämpfe Sailor Moon,ed0134f4-994b-4412-83c8-cb1daa799a47
1998,1998-07-23,SUPER SOUL SONICS,GARDEN,99071b62-9fbe-4076-b3c1-d92c09bb063b
1998,1998-05-21,SUPER SOUL SONICS,JET LOVE MACHINE,97fdfb0c-82a1-4698-86c8-5c522f87083e
1998,1998-04-11,Super_Collider,Darn (Cold Way O' Lovin'),d738ebda-0743-36ce-b81f-0bfb0f33fc1b
1998,1998-08-14,Superboys,Ich wünscht Du wärst bei mir,3d0cc0d6-ea27-497e-a9d4-0eed8f81fb69
1998,1998-02-12,superbrunch,マーズパスファインダー,09f710c2-ad84-4f57-a4c0-e52391136420
1998,1998-05-21,SUPERCAR,DRIVE,bdf140ef-8e9c-47ff-92be-b160dec02db2
1998,1998-03-01,SUPERCAR,PLANET,de95b753-3a43-4ecc-bf9c-e836e5b321a0
1998,1998-09-30,SUPERCAR,Sunday People,a7d35b96-13d7-4d5b-8fa4-4c5bd4cbf2ff
1998,1998,Supercar,Tonite,95ad22e6-0f67-3878-b2d5-5b78e01f5040
1998,1998,Superfunk,Drop the Bomb,c1e37290-c474-3742-940b-425c1acc85f8
1998,1998-10-19,Superheist,Two Faced (Check Your Head Up),b8107aff-422d-3113-b1b1-0709f1e03396
1998,1998,Superior,Being You,8242ff9b-85a4-3221-959d-c7007d2729b7
1998,1998,Supernot,Pimp That Sh*t,a1ff5867-c483-4337-9668-d1cbae22862a
1998,1998-05-30,Supersonic Float,エヴァーラスティング・ループ,7c30460f-2a51-4de6-8e56-cf2c0fde4e56
1998,1998-01-26,Superstar,Every Day I Fall Apart,ec62cae7-ba02-4022-af20-cf87ced84996
1998,1998-04-13,Superstar,Superstar,e07a21dc-44c2-401a-bbb6-2209f6ae3e70
1998,1998-07-20,Superstring,Liberate Yourself,94f3983e-d561-3682-8d43-bfe7f5646787
1998,1998,Supertrip,C'est La Vie,41834aaa-c26f-4203-9fac-bfe57764e7c6
1998,1998,Suprême NTM,Ma Benz,31b84322-2712-3e2b-9309-01428474a0e4
1998,1998-06-08,Suprême NTM,Seine Saint-Denis Style / Laisse Pas Trainer Ton Fils,4578db59-2376-48e6-b924-84b4170e1294
1998,1998-11-11,SURFACE,さぁ,b43d1ea0-f2af-448f-8921-c8551e86e9aa
1998,1998-05-27,SURFACE,それじゃあバイバイ,b83fe50f-1538-4f57-b6bf-e40e8909c151
1998,1998-08-26,SURFACE,ジレンマ,03bfa0f8-a266-49da-a443-2441fbaf472c
1998,1998,Susanna Heikki,Lentosuukko,8867aeea-89f5-496e-a66d-815042e63cc1
1998,1998,Suzanne Vega,Book & A Cover,cb9ae1c7-2582-4a3f-9490-e9cc0a6ce3dd
1998,1998-04-20,Sven Väth,Face It,78257316-3eda-4bc2-81d5-41de7c931496
1998,1998,Sven Väth,Fusion / Scorpio's Movement,9349bb54-dd4f-4eac-815c-07d87339e376
1998,1998,SveN‐R‐G & LA Chris,It's Out Of Sight,c6e81b38-3aff-4386-8050-c484a9e0ef51
1998,1998,Sweater,No Such Thing - Go Fuck Yourself,74a65a09-2093-32e6-9377-c61226a7feea
1998,1998-03-23,Sweet Connection,True,a28fdbe6-f231-3e18-8410-c12cb9e5ea60
1998,1998,Sweet Drop,Human Nature V.S '98,e56d57f4-8479-4ba9-afa4-46c9f259d203
1998,1998-07-27,"Sweet, Soft & Crazy",Sealed With a Kiss,102111ec-fd77-4ae4-a143-c23c25ceebd7
1998,1998-02-09,sweetbox,Don’t Go Away,54e6ed85-c6aa-302e-956c-1652d84a417c
1998,1998-06-29,Sweetbox feat. D. Christopher Taylor,Shout (Let It All Out),d8cb4579-496d-448a-ae5e-5daac5fdd718
1998,1998-07-20,Swell,Everything Is Good,58e80a5c-67a7-3b39-91b5-cf56bc774687
1998,1998-09-28,Swell,Make Up Your Mind,0337f8f7-25cd-327d-871d-4d0720f78c28
1998,1998,Swervedriver,"Space Travel, Rock 'n' Roll",a48bf449-a8b6-3522-bd8b-92505b81fbcb
1998,1998,Swift,Feel Good,83dd97a6-5787-3e8f-ad95-a42c1cbe9b5c
1998,1998-10-31,Swinging Popsicle,HEAVEN,adc40435-2d2d-3aab-a9fb-ab72221f60c3
1998,1998-01-21,Swinging Popsicle,I Love Your Smile,1642e8ec-557c-327d-945d-44b9625640b1
1998,1998,Swirl 360,Hey Now Now,a5fa91e5-8b5b-35f3-b642-2b3204e16db1
1998,1998,Swoosh & The Joker,Bust-A-Bus (remix) / That's Played Out,8e9ca402-20e1-444a-848d-2c978fdf39b1
1998,1998,Sworzanigga,Put 'Em Up,884ae736-125e-4a5e-8883-0b75a73f8a92
1998,1998,Sy & Demo,Devotion (The Remixes),30bba143-b853-4df8-bb00-9b78814ba8b5
1998,1998,Sy & Unknown,Distant Love / Bang da Beat,2d2408c7-bf38-4787-a61f-51d698de8e71
1998,1998,Sylk‐E. Fyne,Romeo and Juliet,cb974733-3557-437a-a546-d3df1606db48
1998,1998,Sylvia Samson,Wat je blik verraadt,4051c685-c8e2-4694-8a6b-92bb16c97769
1998,1998,Symbols of Life,For the World,18e9ea68-da46-3965-8698-f02cecb85708
1998,1998-03-02,Symposium,Average Man,e23b3154-6cce-3f98-8439-97317e048a00
1998,1998-07-29,Symposium,Blue,0b42b0ab-8cc3-3307-9757-130bf959ffe6
1998,1998-05-04,Symposium,Bury You,2ce49b6b-7663-469f-9c63-b10d4dc49d95
1998,1998,Synchro / Silicon Valley Def Stars,10 Kilors Album Sampler #2,6cfa01be-ae4a-4a5e-8043-38c037f3fe95
1998,1998-04-14,Syndrome,Heyo (Nana Ae),905fe5dc-8e9a-369c-8843-1a0e8002184b
1998,1998-10-10,SYNTHETIC MUSHROOMS,LINE,eb962512-610f-4db2-b46d-383719911835
1998,1998-04-15,SYNTHETIC MUSHROOMS,第三の声,9297ec7a-8a6b-4d7a-93ba-d82a396d1f91
1998,1998,System 4,Black Cell / Hyperspace,cebe3613-1db4-43e9-b257-c8751ac32acf
1998,1998,System 7,Borobudur,633c8a5e-19b5-4c70-bb8b-b249b77595dc
1998,1998,System F,Out of the Blue,e119b5e5-eaa2-3484-9f88-46ee6b4fc52c
1998,1998-05-24,System of a Down,Sugar,c8d0a9b9-1d9a-318b-ac76-f4ba40e7f7cb
1998,1998,System of a Down,War? / Suite‐Pee,b07d2291-e75b-405c-a273-19e43f1be68d
1998,1998,Syster,Silhouette / 抑制,7c1ca2b5-666f-4041-9695-16d7a60fc1eb
1998,1998,Syster,メシア/Cry,33d294dd-0540-4108-881d-ea93a02e6f45
1998,1998,São Paulo,Be Yourself Be Free,906567c1-aa2c-4826-bfb8-e04103f895b0
1998,1998-03-21,Säju,the fall,a7e9f2fa-d12c-4aec-8b7c-53450c83488c
1998,1998-08-21,Säju,精靈,5df542f4-17c9-4fc8-a82f-7dcf8bbf0f34
1998,1998,Sör de Clare,The anser is blowing in the wind,80201bb1-0e49-4db9-8e6a-d99ae4eeddc9
1998,1998-11-26,T-BOLAN,じれったい愛 '98,1fbe3d55-a461-424d-9b9b-9bb6206b26d1
1998,1998,T-Street,Words,e5cc21a8-b8ff-44cc-bed1-fcc3b76c0f6a
1998,1998,T. Serano Feat. DJ VooDoo,Welcome to the Space,64c8c12c-e31d-37f0-8f7f-cd56a67624f8
1998,1998,T.B.C.,In Time,2fb0e058-8c14-4492-a161-b328098c2a4c
1998,1998,T.H.Aho & Mika Sundqvist,Häkkisen Mika - Mika Hakkinen,43c090ed-1b78-3194-bced-d932f066687b
1998,1998-10-28,T.M.Revolution,Burnin' X'mas,c4cce267-17d8-3e11-8f48-e1cedd141208
1998,1998-06-24,T.M.Revolution,HOT LIMIT,a563969e-251e-3c84-ae5e-fa98e040cf1a
1998,1998-10-07,T.M.Revolution,THUNDERBIRD,4d973fbf-8822-39d6-8208-5e29279e61bb
1998,1998-02-25,T.M.Revolution,蒼い霹靂～JOG edit～,bfb5e9c6-809a-31fd-8f99-3282ffbe7517
1998,1998,T.O.F.,Es el momento / Tempus fugit,83b32432-351e-4f62-93eb-55cbebc134d2
1998,1998,T.P.H.,Metropolis / Fahrenheit 451,a684bc32-c988-3a5a-85af-cee1a8fd3f2b
1998,1998,T.R.ACE,What Time Is Love?,85bce5d9-9441-4032-89ca-9ba5af8c21c8
1998,1998-04-06,T2,8:15 to Nowhere,8eab284e-fc46-41ee-be62-50833927848b
1998,1998,T42 feat. Luana Pasi,Star,6bd819ec-d962-4266-8cde-bdc45d7c2b10
1998,1998,"Taha, Khaled, Faudel",Abdel Kader (Live à Bercy),6108a7f8-7cc6-39a5-9ddc-a0f43e8d17ed
1998,1998,Tajuvana,Valkoleninkinen tyttö,f6392908-4d08-4108-8965-aaf0ad0a3a94
1998,1998-07-20,TakBam,Elektronische Tanzmusik,5b3de2db-9afd-49ab-bbcf-5904ffda8dbf
1998,1998,Take 5,I Give,f57c0a67-84af-4c3a-8e9e-556dfc98c081
1998,1998-10-23,Takkyu Ishino,Galactik Pizza Delivery Vol. 1,a0e1a7ba-7ddd-4ec9-b3b1-e76615148835
1998,1998,Takkyu Ishino,Ghost In The Shell,58a32137-9a8f-44ad-af3b-6322083e4d85
1998,1998,Talismantra,The Damn Thing Keeps Kicking,7740870f-0a1a-47ea-9fb2-4d5ee7dc5a9c
1998,1998-08-14,Talla 2XLC and Resistance D,Hypnotic,b3777129-07c3-4b4b-98b1-69484bfafc10
1998,1998,Talla meets Tom Wax,NRG,2301575f-57c8-4d7b-8e56-e3ccacfc8bf3
1998,1998,Talvin Singh,OK,bf7e01c0-e093-3d0a-aa03-9f55703c5274
1998,1998-08-17,Talvin Singh,Traveller,324837a4-5146-3b81-a927-09124ef354d2
1998,1998,Tam!,Aliens,eade18c1-8f9e-4e76-bf13-06451b06e66c
1998,1998-03-03,Tamia,Imagination,4cd43c60-396c-4ed9-9c0a-e6462643deee
1998,1998,Tamia,Loving You Still,7ea5ef78-01a3-49c7-91bf-dd8821b5cd5d
1998,1998,Tamia,So Into You,80284686-e94e-3fd6-8913-8accb0f8c6ce
1998,1998,Tanga,Blue Days,73ff4c51-c5be-41e4-9c2c-731af049ca85
1998,1998-06,Tangerine Dream,Ça va – Ça marche – Ça ira encore,e7e0110d-df7f-40dc-9e2d-b2e17332ffde
1998,1998-08-17,Tanita Tikaram,I Don’t Wanna Lose at Love,10744066-b4a0-488c-ba5f-c241b9c5771e
1998,1998,Tanita Tikaram,If I Ever,4cf00cd0-977a-3640-81f5-1259d4edcdfb
1998,1998-05-25,Tanita Tikaram,Stop Listening,fda322bd-5b35-486f-8b45-323d4c7040eb
1998,1998,Tank,Gunnar (Alternative),44dc60e0-19aa-4e95-ad9f-22b5ddfb56c0
1998,1998,Tank,Return of Power,ce32ef21-ee23-4fff-9c63-c7dc0532c694
1998,1998,Tank,Welcome to the Pleasuredome,8a67a8e8-a022-483f-8242-07bb76a1e0bb
1998,1998,Tantrum / Knut,Hot Split,af409d3e-3f7e-4887-8bde-14649f45799f
1998,1998,Tanya Stephens,Freaky Type,d1663ad8-2ba7-4549-ab05-4498f14e65a9
1998,1998,Tanzwut,Exkremento,236d90d5-29ba-3d82-b930-7de01e685a5e
1998,1998,Tapio Kangas,Mama,7083dd56-05cc-4eaa-857b-c7526df251a7
1998,1998,Tarball & Lungbutter / Rowland the Bastard,Out There / Mindgames,a7b53cc8-dcc9-3a80-a710-39837eb53aaa
1998,1998,Tarkan,Şımarık,b8b65176-864c-4fec-921a-8f11e3d01007
1998,1998-12,Tarkatak,Skärva,3afa6c25-1862-45b9-b371-bbe168da73f1
1998,1998-08-17,Tatyana Ali,Daydreamin’,bcfbe29d-058f-3989-a5e6-235f38ac2a0f
1998,1998-05-25,Taucher joins Mario de Bellis,Reach Out,d2166c2a-2139-4fe7-8f64-81921cc26cb6
1998,1998,Taxhall Projekt Feat. Patrick Marsh & Aspiral,One & A Half Million People / African T Time,cea002d5-9eed-4728-93f8-684f6dbfa735
1998,1998,TdV,Bring the Beat Back / Don't Ever Stop,f900b8c3-aa79-440e-8155-91a53e82e587
1998,1998,Team Dresch,The New Team Dresch V 6.0 Beta,79708120-9ca3-3741-b8a1-ee737dc5dc8c
1998,1998-08-25,Team Dresch / Longstocking,It's a Conversation / Never Nowhere,1c2a8794-0602-3361-8c2d-47d05351d5eb
1998,1998,Technical Itch,Hidden Sound (Dom & Roland remix) / Protection,e18bf117-bfa5-37cd-a0c7-010514506cfe
1998,1998,Technical Itch,Secret Methods Vol.1,e49c1a41-7cbd-41aa-9ebd-7ddd45bf93fc
1998,1998,Technocat,No No No,a9f6cac8-9e25-4ced-b6df-3d52fb27eb67
1998,1998,Technological Terror Crew,Tabernacle of Terror,f397ef78-63ba-40b0-919e-eeb260a3eb0d
1998,1998,Ted Herold,Hör auf dein Herz,54871f07-ec75-400c-bdc2-ecdd43fc26d8
1998,1998,Ted Nugent,Warrior Cup: A Tribute,e55cfe72-591c-4c49-894b-872dd40d4d84
1998,1998,Teebone / Leon Mar,Rezurrection / Passing Phases,84284396-b25c-4486-b846-21316a446e13
1998,1998-06-29,Teenage Fanclub,Long Shot,74703d64-37f8-4df9-b560-3f7d9c03624c
1998,1998,Teenage Fanclub,Planets,eb6c463f-af69-46f6-acdf-af4071c78d37
1998,1998,Tehosekoitin,Pillitä Elli pillitä,0c9ca200-cd09-33db-affb-518fe4b2c724
1998,1998,Tekknova,Last Trip to Paradise,79b872e0-8449-4bc0-9000-2d72a16011ef
1998,1998,Tekniq,We Gets Live (Pt. 2),d0353940-fef4-49e0-ac33-70f0d1a0ce08
1998,1998,Tekno Kings,Showtime (There's Gonna Be a Rush),357809e9-49a6-4415-b792-ef2f74ab9e7c
1998,1998,Televission,5 mg,9aff12fe-d18f-4b39-be6c-60dae519499e
1998,1998,Tellus,Love Somebody,43961be1-c263-415b-8514-825d620b39b9
1998,1998,Tellus,Take Me Up,91ba5c68-7529-4f04-b09b-fdffbe2dbc8b
1998,1998,Templeton Peck,Down / London Summting '98,06a100de-b27a-4812-887a-e61b8a6385f0
1998,1998,Temptress,White Christmas,5670b748-efe2-41fe-bb1f-5f3dbfcb1340
1998,1998,Ten City,My Peace of Heaven,a70fc2f4-3b54-3e21-b6bf-5a4d6730fe80
1998,1998-11,Teri Moïse,Fais semblant,8d828a61-eb1f-3671-af7e-b80546249292
1998,1998,Teri Moïse,Il sait,1af4ab44-e15d-4bd4-9d5c-4fc38d0af2c3
1998,1998,Terra Ferma feat. I-Ching,Obelix,f58f090b-61a1-3f1b-ad0a-c9f6386408b5
1998,1998-07-20,Terror X Crew,Μη Φοβάσαι / Απλά Μουσική,9b627cb4-3ff2-4d05-8e17-09fdd682fcdc
1998,1998,Terrorgruppe,Keiner hilft euch / Rock ’n’ Roll Love Letter,abd6155f-b8e9-4b84-b7f6-fa6aaa703523
1998,1998-09-21,Terrorvision,Josephine,ebb2bd5c-b377-3c74-9eb9-708754df7fbb
1998,1998,Terry Bones,Dreaming,baebab1b-1edc-4c60-a071-bd9e3c3b3192
1998,1998,Terry Callier,Love Theme From Spartacus,cc8b5eda-0e3c-4a48-aa8e-62ff18033f4d
1998,1998,Terry Edwards & The Scapegoats,Ice Cream for Crow,a2f558ee-7a8b-4668-a9a4-571f8c597feb
1998,1998-05-12,Terry Hall & Sinéad O’Connor,All Kinds of Everything,8745d9b5-7b68-4222-8625-03adba5682af
1998,1998,Tertius,Structure / Infra,de916c45-3e4a-49e7-9df7-0d040bad2c18
1998,1998,Tesendalo,Augenblicke,fe081e19-bfd5-4bb3-a8d1-605ec5d44b2b
1998,1998-03-06,Texas featuring The Wu‐Tang Clan,"Say What You Want (All Day, Every Day)",369b7d59-1dc0-3019-9b9e-3dc8a5e2391e
1998,1998,Texx & 3-Stone,Sometimes The Light Can Make You Blind,eda338e8-35fc-44c4-b94f-846f16992fec
1998,1998-08-28,Th. Bovy - L. Hillier,Li Tchant des Walons,be3e9057-e187-4fb9-a12c-88da2045abd8
1998,1998,Thalía,Amor a la mexicana,e2fa40c5-8888-4563-af47-fd27bb38f717
1998,1998,The 'Tone,I Know It's Alright...,05bbe005-d4cf-4fd7-b7ed-6a94332a1f4c
1998,1998,The 'Tone,One for the Money...,1fe3b37b-08fe-4c5b-9ec7-84a8a3595feb
1998,1998,The 'Tone / Lovemen,The 'Tone / Lovemen,9f2ce95a-eacf-4bb0-9736-09bcf254c055
1998,1998,The 2 Live Crew,2 Live Is Here / Ay Papi,6731c288-e49b-4368-8782-b87008afe6c2
1998,1998-03-17,The 2 Live Crew,2 Live Party,87b555d4-b1c4-35e9-9571-293eab14f74f
1998,1998-03-17,The 2 Live Crew,2 Live Party Remixes,ced4b1ae-b079-4cf7-aca2-96a0a6dd464a
1998,1998,The 2 Live Crew,Bill So Horny,b698a06b-35ce-4ece-a50b-292b91816870
1998,1998,The 5.6.7.8’s,Smilly Willy / Mr. Lee,011db450-bb2f-47ad-b45c-77a2ee2500cd
1998,1998-09-21,the Abecs,take Ⓐ kiss,ce18f8e3-51c5-4350-bfd1-dbc6ec52c815
1998,1998-02-23,The Absolute,Catch Me,cb4a74bd-aa51-3539-b593-9dfd8255e4a4
1998,1998-06-08,The Advocate,Betrayal / Logic Bomb,c9b3f3f3-63d9-41e9-9e58-5283fe53b528
1998,1998-10-19,The Afghan Whigs,Somethin' Hot,f6d07b74-8b0d-3d49-99f6-7e6f578a4421
1998,1998,The Albion Band,Wings,fb026068-9e3b-3e11-8dea-799a689916bb
1998,1998-02-25,THE ALFEE,Brave Love〜Galaxy Express 999,baa43bd9-4250-4e93-8d26-5a36d70aa119
1998,1998,The Alien Thing,Nightmare,19c9f271-8f06-4caa-8ed3-ea4b0499f1bb
1998,1998,The Aloof,What I Miss the Most,4dc737f4-4f8f-3478-99df-7837aa98b33d
1998,1998,The Amazing Stroopwafels,Maastunnel / Ostravsky bic - den vade motorvej,c713cdaa-9763-41fc-b35f-bbe7ac4a3995
1998,1998,The Amazing Stroopwafels,Stofzuigen,df569d76-26b8-40d8-b404-432cc17bae8c
1998,1998-12-21,The Ambush,Everlast,00dcc9e9-4083-4c57-94bb-603e605f532e
1998,1998,The Anniversary / Proudentall,The Anniversary / Proudentall,bb1e8969-11a6-48e3-ac56-b67721e5047e
1998,1998-01,The Anyones,Keep Walkin',786ce7e9-fda7-3f0d-99dd-827154d8a816
1998,1998,The Anyones,The Fraidies,567232b0-9f56-365c-b525-87d55acab927
1998,1998,The Apples in Stereo,Man You Gotta Get Up / The Golden Flower,494134f7-9f50-3ff9-8c78-9f2cf367c4cf
1998,1998,The Appleseed Cast,Tale of the Aftermath / Skatter Ik Ignito,4e55f4a0-7e04-4c5b-9b5f-d68765d4c07d
1998,1998,The Aquabats!,Catboy vs. The Cat With 2 Heads,f4d38968-c299-4078-9b71-ecf0d0b93754
1998,1998,The Aquabats!,Chainsaw Vs. Powdered Milk Man,807bf16f-c8aa-45d3-8049-ce3f30b63deb
1998,1998,The Aquabats!,Ultra Kyu Vs. The Sandfleas,2ebde91b-0c83-4132-b914-2c1b2ed68d5b
1998,1998-11-30,The Artful Dodger pres. Craig David,What Ya Gonna Do,d58a55df-95a8-4a2c-9f67-286a0ae6c52c
1998,1998,The Assistant,Methylcyclohexave / Liquid Paper,cd384bd1-f8c5-4086-bc7f-2783320fb0c7
1998,1998,The Audience,Young Soul,3f0b77a5-0f3e-4b57-9265-bfd57573655d
1998,1998-02-14,The Automaton Adventure Series,The Automaton Adventure Series,728093de-228d-4932-bc0e-48622da4f957
1998,1998-08-01,The Bablers,You Are the One for Me,d28bd288-30b7-45b0-9910-6259d30314ff
1998,1998,The Bambi Molesters,Bikini Machines / Central Coast Swing,f8490f34-2a81-4d4e-82f7-47b871907969
1998,1998-12-07,The Beautiful South,Dumb,88faa198-7331-3350-b8a2-f1610b10f18b
1998,1998,The Beautiful South,How Long’s a Tear Take to Dry?,4c27353a-e619-3146-a0a5-4e443c7a2d26
1998,1998-09-21,The Beautiful South,Perfect 10,78dfc3c1-d0e8-3567-8be5-aede8709ee94
1998,1998,The Beltones,Naming My Bullets,4441fa80-dc46-47a7-8b5d-97be9ec9926f
1998,1998-12,The Bitter Springs,"Manners, Pianos & Mouthorgans",241925ab-7871-4ecb-8252-930697ce0e63
1998,1998,The Black Crowes,By Your Side,6a5d92d7-0268-404b-8368-63cf3df40305
1998,1998-11-30,The Black Crowes,Kicking My Heart Around,e2b1d2e5-ba11-37f6-8769-39c743259fe1
1998,1998,The Black Crowes,Only a Fool,f972bf2e-2c84-3e93-b379-7f3fbb0cfbc9
1998,1998,The Black Dog feat. Ofra Haza,Babylon,2dea79dc-0319-32ac-99ca-23ea237de132
1998,1998,The Black Halos,Retro World,d7f0786e-2f0f-335d-883d-533c59b0fa12
1998,1998-02,The Blackeyed Susans,"Blue Skies, Blue Sea",6d4f0e57-afbf-3d77-98e2-12785074e56f
1998,1998,The Blackmaster,Faith Forever,44c347a4-da55-3c25-ab9d-ba39bff73723
1998,1998,The Blackmaster,Time Never Stops!,b99b5e50-c5ac-436f-86a5-a1c8f4ec6988
1998,1998,The Blenders,(I Am in Love With the) McDonald’s Girl,2ad7003a-1029-3338-970f-a652c8881824
1998,1998-02,The Blues Brothers Band,Can’t Turn You Loose,1925df76-b956-46f4-9980-6b2a6363f965
1998,1998-11-09,The Bluetones,4-Day Weekend,43b31223-55fe-33ff-8c42-e59e8ae38927
1998,1998-05-04,The Bluetones,If...,d930a882-b059-3550-a6e6-9a25cb0ec686
1998,1998-08-03,The Bluetones,Sleazy Bed Track,7244efcf-3494-3b07-aa30-63f8613e084b
1998,1998-02-16,The Bluetones,Solomon Bites the Worm,7cc84858-d355-3d7f-9900-ae7c490eade2
1998,1998,The Bobbyteens,I Wanna Go Home / Pay The Price,c22bec42-c0ef-4220-819d-d49a0ac8499e
1998,1998,The Bolland Project featuring Alida,Tribute to Falco,4fe75240-1807-338c-b845-302eec0d324b
1998,1998-10-05,The Boo Radleys,Free Huey,ec8844d2-51d6-3b66-8901-0fd84a145652
1998,1998,The Boomtang Boys,Popcorn,36defeb2-38f3-49d5-869c-f16dc5eb565b
1998,1998,The Bouncing Souls,Fight to Live,fa8fe95b-3614-3477-b6ab-c94063bc1329
1998,1998-12-14,The Boyz,God Bless,e0aca567-c593-339d-b2b1-84cde7da69d3
1998,1998-09-07,The Boyz,I Like,c5f21e79-c8c1-3a8a-bcdc-bc0d67dd4b9c
1998,1998-04-06,The Boyz,Shame,f8fbeb9c-8fd3-353d-b740-30151a161360
1998,1998-05-19,The Brian Jonestown Massacre,Love,df050615-cf3a-4565-b157-8bac6fc9f77d
1998,1998-10-27,The Brian Setzer Orchestra,Jump Jive an’ Wail,2a964872-480c-3806-83cf-73eac04247c6
1998,1998,The Brian Setzer Orchestra,This Cat's on a Hot Tin Roof,a9c76316-3109-4634-b7b4-ff46395464c2
1998,1998-05-13,the brilliant green,There will be love there –愛のある場所–,45f49570-ad55-31ea-ba7f-972b997b1f7f
1998,1998-08-26,the brilliant green,冷たい花,342f1760-21af-355f-a38a-b00adbfedd00
1998,1998-06-09,The Bronx,Wet Like the Rain,5cef83b3-33bb-3731-85b1-6cf10e6644f7
1998,1998,The Brothers Wat,All That Glitters Is Not Gold,1b667248-6fca-3e4e-ba75-b048a519844b
1998,1998,The Buffalo Bunch,Buffalo Club,7b033741-6b86-32cc-b4c9-09a663ed0068
1998,1998-05,The B‐52s,Debbie,8f901db5-9ced-35c7-bd4e-1f1610eb13b4
1998,1998,The B‐52’s,Debbie,039b0ecf-ea5a-4c6f-9686-12916352a505
1998,1998-08-25,The B‐52’s,Hallucinating Pluto,ce40751b-be3b-31e7-a1c0-6ab5d110109f
1998,1998,The B‐52’s,Time Capsule Megamixes,740f8b91-369d-4cf8-8903-adff9123e78e
1998,1998,The C&N Project feat. Ofra Haza,The Queen Of Tel Aviv,5fac2f9e-1b18-4c15-9bed-de454ea19494
1998,1998,The Candyskins,Somewhere Under London,4a3c4d3e-c9df-4465-bcb5-b5a5871cbd98
1998,1998-03-02,The Candyskins,You Better Stop,03554b87-c455-4af7-a0a5-8e39795f3dd2
1998,1998,The Cannanes,It's a Fine Line Between Pleasure and Pain,78830fba-d260-4831-872c-30dc982bae46
1998,1998-04,The Captain & Karim,Up in the Air / Special Brew,05c17258-0768-4687-89f7-082613369730
1998,1998-02-20,The Captain & Steve Thomas,The Leader / Snap,19f44df6-6459-4f4f-bb2b-a9e5ea58b0f2
1998,1998-10,"The Captain, Oz & Kristian",Deaf by Stereo / Let's Go,69506b67-4d59-4100-bd48-fd9965d4015b
1998,1998,The Cardigans,Erase/Rewind,e9bb45cc-10f3-3999-ba50-27596589c98b
1998,1998-09,The Cardigans,My Favourite Game,09302dce-2cef-3cd2-a576-ad1b81c13abc
1998,1998,The Cast From Casualty,Everlasting Love,6295fb39-f464-48de-9d6c-d7a86b910e78
1998,1998,The Cast from Casualty,Everlasting Love,c5629fde-7a1a-47a9-8a63-28752feb9736
1998,1998-01-30,The CEO,"Work That Mutha, Mutha",356384e4-6e58-3967-9de2-ec8025a7fa3f
1998,1998,The Champions,Songs for Fans,b3253264-4bd1-3129-bf6a-9d8418f49e8e
1998,1998,The Chargers,Don’t Mind If I Fuckin Do E.P.,a6234e8d-d2e7-4e98-b45f-5f2d1a342928
1998,1998,The Chemical Brothers,Electronic Battle Weapon 3 / 4,eebd8993-8118-3771-94e8-bb23de68dfc9
1998,1998-03-16,The Chemical Pilot,Astral Dominoes,5a3a8225-379b-309e-aa43-5a6766975a7f
1998,1998,The Chemical Pilot,Move a Little Closer,3bd43692-cd65-3a46-b1b7-515b10c381c8
1998,1998,The Chubbies,I Love My Label,f99945dc-2997-4366-93ae-4978dfc391ec
1998,1998,The Chubbies,What Girls Want!,f9b3286a-685b-4c6a-ae2a-2b7270148f12
1998,1998,The Church,Louisiana,2a38364e-0156-3bb7-aac8-6b441c19e870
1998,1998,The Clarks,"Hoog te paard, de vlaggen klaar",a8024381-fde0-45e6-ac1b-c76284fc9e61
1998,1998-06,The Clientele,"What Goes Up, Five Day Morning",65732981-92d9-491f-8b2b-dbe7fc6586cc
1998,1998-11-23,The Clint Boon Experience!,White No Sugar,85ee9cec-eb5b-3138-a82d-cee40adc8188
1998,1998,The Coffee Boys,Turtle Head / Visualize,e754c3c1-7010-4746-a3a5-c5c0c4e2b704
1998,1998,The Coldplay,Ode to Deodorant / Brothers + Sisters,206728f8-9d0c-3525-a097-f020356b87e2
1998,1998-11-03,The Controls,Coward of the Year,645a7b5b-caea-45fd-b5e5-779c48bfae7f
1998,1998,The Controls,Shere Khan,5863969c-a44f-4234-ad36-4f84fcd78b8c
1998,1998,"The Cool, The Fab & The Groovy",Soul Bossa Nova,9de67e6c-1d53-3d65-9b03-320b9898688b
1998,1998-05-02,The Corrs,Dreams,8cf5f17d-276d-3bf6-8770-25f58a156b5a
1998,1998,The Corrs,No Good for Me,47dd90b9-bce3-41a1-a222-8705cfc8d7b9
1998,1998-11-16,The Corrs,So Young,11d5ff23-77a6-38a5-9565-8727ac8f605d
1998,1998-08-17,The Corrs,What Can I Do,8121e2d9-0b90-363f-a208-1991ed4bd44e
1998,1998,The Corrs,"What Can I Do: Live at The Royal Albert Hall, St. Patrick’s Day, March 17th 1998",e085dda7-8de6-4709-9601-ff3912317be5
1998,1998,The Coyote Men,Call of the Coyote Man!,ce613da7-96f5-48de-b756-fab13d1e735c
1998,1998,The Crash,Take My Time,5211419e-4cae-4f3d-91e9-a5d402a30e52
1998,1998-08-07,The Crayons / Toyskin,Heavenly Beverly / Prize Every Time,30193743-3a9b-46c1-a3d1-a06bb24a5f50
1998,1998-10,The Creatures,2nd Floor,ebdcf363-3248-4cd5-8a6d-21bebda4e310
1998,1998-10,The Crocketts,Explain,199cb51a-072e-4406-803f-5932f5a73d5d
1998,1998,The Crocketts,Flower Girl,2bf5c902-5434-40f9-ac3c-7cd15f0207a2
1998,1998,The Crocketts,Loved Ya Once,cfa37d21-0688-4dd6-a5f1-8229793509fa
1998,1998-06-02,The Crystal Method,Comin’ Back,dfeaf8f4-4d9b-3af6-aeb1-38e50127ba64
1998,1998,The Damned,Disco Man,2a33e479-840e-41b2-ba10-8c8fbbf86be7
1998,1998,The Dance Federation,I Belive,3faf0646-8234-47e6-b34f-6ce708ece81e
1998,1998-07-27,The Dandy Warhols,Boys Better,b8b768fa-d400-3479-922e-80f68378f69e
1998,1998-02-09,The Dandy Warhols,Every Day Should Be A Holiday,05251838-db84-38d7-ae91-81c799a7f5c5
1998,1998,The Dandy Warhols,Not If You Were the Last Junkie on Earth,cd2725bd-c5a1-3bb8-b533-2d23a90723e2
1998,1998-05-11,The Dandys,English Country Garden,7221aadd-00bd-3a7a-9611-a1391831a54c
1998,1998-03-02,The Dandys,You Make Me Want to Scream,e9a84816-ebf5-331f-bd8d-faf596beef31
1998,1998-08,The Day of Man as Man,[untitled],9e6a0e34-e5e7-4ee7-8f80-ff9fe589da64
1998,1998-03-16,The Delgados,Everything Goes Around the Water,9d905d13-287b-3329-8369-8714ee32bcf7
1998,1998,The Delgados,Pull the Wires From the Wall,fecbfb6a-458b-33e5-9740-40ffeee00a1c
1998,1998-09-21,The Delgados,The Weaker Argument Defeats the Stronger,764cc8b3-687f-3000-9828-fb06aaaf4590
1998,1998,The Devlins,Waiting,0c158513-9c9c-48d5-bafe-cb261652f4e3
1998,1998-10-20,The Dickies,My Pop the Cop,f0a99822-0526-3cdb-92c6-58c188da1e3d
1998,1998,The Dirtbombs,Maybe Your Baby / Theme From The Dirtbombs,1190a7c7-bc6f-3d16-94c3-6ba17186f6fa
1998,1998,The Dirtbombs,Stuck Under My Shoe,c7a4eb48-1d61-3547-b0d2-0b986c231e82
1998,1998,The Dirtbombs,Tina Louise,c19a5d66-be49-3648-af58-41492d188e2f
1998,1998-09-14,The Divine Comedy,Generation Sex,a092df6b-4b18-367c-8486-e99bbca248c5
1998,1998,The Divine Comedy,I’ve Been to a Marvelous Party,6efcea8d-69de-4ec7-b036-02b9ba1e5031
1998,1998-11-09,The Divine Comedy,The Certainty of Chance,35cd4d63-4249-31fa-aeb6-4b206d66acad
1998,1998,The Don,The Horn Song,c19e03a9-9fd7-421a-8208-2dd9d3a5061f
1998,1998,The Donnas,Rock 'n' Roll Machine / Speeding Back to My Baby,22ee1700-5f4f-4086-82a1-b6d452d7673b
1998,1998-04,The Donnas / Groovie Ghoulies,Wig-Wam Bam / Funny Funny,e5a9820c-4fd5-4a3a-b82d-3d9a78ee12c9
1998,1998,The Dream Team,It's Rollin Alright / Scandalize,406bbd8b-65ae-4c83-90ca-ae11d5cc08b5
1998,1998,The Dynamic Duo,Sounds of the Wickedness / Come On,795be305-2b55-4108-ab35-229d833f3242
1998,1998,The Early Hours,She's Where It's At,4ffdc2eb-ddff-416d-99b5-9930722d82e8
1998,1998,The Earthtones,Cryin’ Over U,b98bea36-0c68-4e2b-b1d5-7821d4fbcdcf
1998,1998-11-21,THE ECCENTRIC OPERA,Boléro,00d7720d-b165-48c9-be02-2b1329691f16
1998,1998-04-22,THE ECCENTRIC OPERA,愛のフーガ,97771826-10eb-4eda-af7e-bebe2d160de1
1998,1998-03,The Echoing Green,6.16.98,b2327b8c-7261-3509-b0a9-e28ed1bc4aa6
1998,1998,The Effect,Follow Me,525c2cee-00b7-4736-915b-14fc05a022de
1998,1998,The Effect,Follow Me,5a0cb049-da2a-4386-8fb2-a764dcfbb376
1998,1998-12-07,The Egg,Getting Away With It,fd88515e-3761-3c7c-ad28-ab3a33375cac
1998,1998-07-20,The Egg,Number Cruncher,1826abdb-e11e-4a53-9b96-2be83322807f
1998,1998,The Eliminators,Brothers / Chillin,de19c098-5eb1-45ec-8407-ac7b20c2fd59
1998,1998,The Eliminators,Latin,631888fc-41b8-4a53-92c8-a338408507e6
1998,1998,The Eliminators,Pootah,ab2e2737-3648-465d-8864-c41dd3ace26a
1998,1998,The Eliminators,Raw Hide / Iron Hand (remix),f3a645e6-56f7-43b9-ad08-cb3f924459f3
1998,1998,The Eliminators,Somebody / Break It Down,10b4130d-b566-459a-8e44-e0a3dac8657c
1998,1998-10,The Eliminators,The Smasher / Nice,d08d22cb-335c-4d24-ba81-2ee67aa494ee
1998,1998,The England Supporters Band,The Great Escape,839db0f6-5d62-4d62-8a87-3c861d5c7d4a
1998,1998,The Evolution Control Committee,Rocked by Rape,d1ba7615-c1c0-33b2-9993-d92afbe3911f
1998,1998,The Experimental Pop Band,Forty Greatest Hits,b8eed0a6-1830-3575-aa3c-c9959769ed23
1998,1998,The Fabians / Ears Go Fff!,The Fabians / Ears Go Fff!,ba8d7d3b-2f50-3478-96d8-0e8f23143add
1998,1998-02-09,The Fall,Masquerade,1e251667-6520-3221-bf79-7a307f7bcee0
1998,1998,The Family,Love My Brother Love My Sister,c8fc49e6-b825-4e9a-b9b9-1ba918700e43
1998,1998,The Famous Boyfriend,At Least We're Trying,92f14d21-bd9a-45c1-9633-b323b76a77c9
1998,1998-11,The Fauves,Kickin' On,26550596-bd03-3db6-8c42-ddfbecb18154
1998,1998-05,The Fauves,Surf City Limits,a710ebbe-05c2-32d4-8c9a-cf226b567758
1998,1998-07,The Fauves,The Charles Atlas Way,fec21ced-ecab-3b76-8c8e-63a305b7c04f
1998,1998,The Fedz: Noel Rockwell & The Poet,Taking-U-Out,9aa7a74f-fc36-4f17-8350-5a76b55162ab
1998,1998,The Feelgood Factor,The Whole Church Should Get Drunk,a0507cdf-f09c-4701-b07d-8dda2485bf22
1998,1998,The Fireman,Rushes,8ef2f4d3-4c28-44ed-b0bb-049f76d56a9b
1998,1998,The Fleshtones,Gentleman's Twist,69cbbba2-7cd4-4153-9365-7551f21e8aa8
1998,1998,The Flys,Got You (Where I Want You),76163d92-a416-4b44-9cc0-2db1674c55b0
1998,1998,The Frantic Five,Why Did You Lie? / Feeling Sad,e5681797-42f1-4b3a-940a-46effffbc270
1998,1998,The Freakazoids,@tic Futura,f5dffd1c-4968-47be-a2a7-da9fd537a8d3
1998,1998,The Freed Unit,Widdershins,5b8e0d51-73ae-458d-9aed-078e2dd6cdb0
1998,1998,The Freezzy Jam Team & DJ Murvin Jay,Le Dome,701250af-e6e6-367e-9b92-265866bf99fd
1998,1998,The French Mistake,Colonel Davis,fb1e93a3-dc10-4c13-a6ad-5f9631b9e1b5
1998,1998,The Fugitives,Cruise Control / Digiridoo,013ae00a-687b-443a-9906-ac38424a7ade
1998,1998,The Game,Speed / Game,611517bc-1c85-4e71-9aa0-96cbd9605333
1998,1998,The Gathering,How to Measure a Planet? (roughmixed excerpts),33602a57-96ed-330e-9e7b-ce8b796427f4
1998,1998-11-23,The Gathering,Liberty Bell,02432c2c-08de-38c0-a63f-b744bf72955a
1998,1998,The Genies,Daddy Make You Pay,3cdff944-a2ce-36c5-92dc-2ebf83571012
1998,1998,The Georgia Satellites,Sheila (remix),1de38991-5f94-4a3e-b638-3c0813ac50d8
1998,1998,The Gerbils,Lucky Girl,ffe628ff-ce5b-3a13-abd7-80165267738e
1998,1998,The Getaway People,Chocolate,52cbdb79-5548-3b79-9350-4a083dd0f5f8
1998,1998,The Getaway People,She Gave Me Love + 2,11bc333d-36f5-4cb9-9565-995911e76ef4
1998,1998-09,The Gloria Record,"Grace, the Snow Is Here",2d146c73-e4b3-327f-901d-336f86e7a292
1998,1998,The Gone Jackals,No Sign of Rain,409e58c3-8d39-437b-a423-5db0651d32e2
1998,1998,The Good Rev. Dr. Gary Henry,Faith,85219e02-f1e7-4223-b30f-73c0f077792a
1998,1998,The Green Jesus Saviours,Steam of My Dreams,ad257ac7-7a9f-3825-b22f-30b3e8e581b9
1998,1998,The Green Man & Kingz / Basztart,Flow / Wasted Time,c2d3cb03-91d8-3c79-be29-6bc009e53b04
1998,1998,The Green Man / Basztart,"Infinity, Volume 5 / The Missing Channel",d7caa3c5-f8b2-3278-9803-8f02e5e207c1
1998,1998,The Green Martian,End of the Earth,41d57aee-b801-4029-ae94-cc1c571ab793
1998,1998,The Groove Generation feat. Leo Sayer,You Make Me Feel Like Dancing,78fe8e71-9d35-4cfe-82a9-6e6e6be1a872
1998,1998,The Grouch,You're Not the One,5614a961-c448-3d6f-8730-2e3d43e5a3cd
1998,1998-02,The Hafler Trio,"Who Sees Goes On, Part 7: Avec le vide les pleins pouvoirs",f9a49eea-f9c6-32e3-8513-649f7f270a32
1998,1998,The Heads / Lillydamwhite,The Heads / Lillydamwhite,e40a10b2-df88-4168-ae87-bc02a0f76d3f
1998,1998-01,The Hellacopters,City Slang,17499df5-6d6a-32a5-814d-343fb010fb06
1998,1998-06-11,The Hellacopters,Hey!,5103a2b6-95b5-35e5-ab04-1263c86216ef
1998,1998-01-16,The Hellacopters,Like No Other Man,65d7826c-fc60-3d1d-b46f-c61ac5a43ad6
1998,1998,The Hellacopters,Looking at Me,8ee77ecf-ec6d-3e1c-97ec-9093c6752b69
1998,1998,The Hellacopters / The Nitwitz,Rock & Roll Jihad,afd58726-a813-3898-87c3-fa380d5a3dba
1998,1998,The Hellboys,Bloodshot eyes,9375a9d8-d609-4500-9c2a-3738ccc7233d
1998,1998,The Hellfire Club,Bitch,0b11c0f3-036b-4feb-8900-5b65c039281d
1998,1998-08-24,The Hellfire Club,Black Magic,53411a83-079c-4f1b-a6c7-43e0c3ac7c4f
1998,1998,The Hentchmen featuring Jack White,Some Other Guy,ed0cd693-6a47-3daf-812b-a33c432f39dd
1998,1998-07-01,The Herbaliser,Wall Crawling Giant Insect Breaks,9b16c8f2-103f-3869-8b42-1e99cc341d96
1998,1998,The High & Mighty,"B-Boy Document / Mind, Soul & Body",a7da5f68-b92b-42c2-872e-f8898d4ec2ff
1998,1998,The High Fidelity,Luv Dup,d173cb0a-a3d7-3387-8eab-9b0d1627cb7b
1998,1998,The High Llamas,Homespin Rerun,64c29a82-25b5-410b-8184-5d1fa7dfa1a0
1998,1998,The High Llamas,The Sun Beats Down,7583a604-0e1a-4f46-a952-86c4d59d6df1
1998,1998,The High Llamas,Tour Single,4376405f-1b49-3c5a-987f-d32bca46c828
1998,1998,The Hissyfits,All Dolled Up,faa1fc45-cb09-4e2a-a3c1-65e39f1ce49b
1998,1998,The Horrorist,Flesh Is the Fever: The Remixes,c01acd7c-f94c-4de7-862f-341bed486217
1998,1998,The Hose,One Million,95681337-63cb-45da-9250-4266c254ceb6
1998,1998,The Housemaster Boyz,Trax U Lost,bc1fd251-ae48-3708-a42f-d45f173d8c0e
1998,1998-02-16,The Hybirds,See Me Through,a871f028-bf68-41db-a9db-f733e7c5033a
1998,1998,The Imaginary Friend,Letters Home,b6fc21ba-c189-3374-af20-c8a630791470
1998,1998,The Impossible,Dog Whistle,104d525e-d51d-4712-bce6-38892a03e381
1998,1998-08-24,The Interpreters,I Should Have Known Better,47beef22-4ae7-4b15-98b2-4553f0d60422
1998,1998,The Invisible Man,Give a Little Love,9211cd75-b79e-3f48-b430-14e7e0433955
1998,1998-08,The Irresistible Force,Nepalese Bliss,9b216c70-88be-35ec-8fa0-6772d43b2d53
1998,1998-10-26,The Isolationist,Hydrogen Slush,e42153f1-ebcb-4644-b6df-41f9419129ba
1998,1998,The Jazz June,Breakdance Suburbia,cac418fe-7e98-43d0-9dc6-c6460e33f959
1998,1998,The Jazz Twit,The Jazz Twit EP,f07e309c-2977-3498-8e38-4db03c0b664b
1998,1998-04-21,The Jesus and Mary Chain,Birthday,f429d306-43ff-476f-8629-4ed203e9a6b6
1998,1998-04-06,The Jesus and Mary Chain,Cracking Up,73ee18f6-c94e-3ff4-bc54-efb4a557d360
1998,1998-05-18,The Jesus and Mary Chain,I Love Rock ’n’ Roll,97e20b24-820f-3bee-95f9-4b3f4ff7496a
1998,1998,The Jive Bombers,Why Do You Treat Me This Way?,0d33c702-354f-4fe5-ae47-cc45eee8938b
1998,1998,The Joker,Rewind / Co Rok Stuff,2329cb2c-5987-48ba-a4ec-e2a81e524dbd
1998,1998,The Jon Spencer Blues Explosion,Magical Colors,3f33c33f-38f1-4932-8d6b-8abbbb4d54b8
1998,1998-10-06,The Jon Spencer Blues Explosion,Talk About the Blues,8d45ea96-8d59-4f55-a70f-d965ee295f29
1998,1998,The Josephs,Heroin Kills Stick to Pills,e3493926-81ee-455e-8ff3-b977ba3a553e
1998,1998,The Julia Set,A Dread at the Control 98,34652ee7-0a12-4771-995f-c9fdc163c529
1998,1998-09-28,The Kelly Family,I Will Be Your Bride,e5c2c549-81e9-444f-b820-2e72cfad001e
1998,1998-01-29,The Kelly Family,One More Song,f3fd156b-4098-4a83-9037-a991c28276f2
1998,1998,The KG,Show Me,3092f08a-0c86-4d2d-8375-3204c1318eca
1998,1998,The Kid feat. Monique,Stay With Me,a4a11383-106f-45a2-9e61-1dcef5311f2a
1998,1998-08-14,The King,Come As You Are,6b2633a0-4d64-3c58-b3ef-ec0117a800c9
1998,1998,The King,Whole Lotta Rosie & Song to the Siren,344da5f0-c1ee-4369-9486-1d4016fdfddb
1998,1998-02-09,The Kings of Infinite Space,Cool,7b667aa2-9226-326d-923c-be7ee1a8273c
1998,1998,The King’s Singers,Fifty Ways to Leave Your Lover,2640ca93-c712-3749-b3b1-996f9224e30e
1998,1998,The Klub Family feat. Sybil,When I Fall in Love,0a93883c-e3d4-465e-a394-1065fdfa3508
1998,1998,The Kooks,Too Much Of Nothing,4d61d46f-2712-4890-885c-301d1bfe6a9a
1998,1998-02,The Kraft,Demolition / Synthetic,56bc7d5e-dd0e-4261-a6b3-c0e42bde7f53
1998,1998,The KromOzone Project,Take My Love,c90d5275-ceae-300d-87a6-899169f425fe
1998,1998-09,The Kung Fu Monkeys,Hi-Fi At Low Tide,d34ecd7e-5b72-45c1-a4fb-8124e8b97ab7
1998,1998,The Lab,Kiss Your Life,cc17bb5a-0a9f-40f6-8f12-d37e424943d4
1998,1998,The Ladybug Transistor,Today Knows,9c2dab81-44f3-422f-9a4f-a5bc48f4193a
1998,1998,The Lance Gambit Trio,Left Bank 2,4b0e3977-e0f7-4332-88b1-aca758c717fb
1998,1998,The Lanterns,Highrise Town,5019466c-c96c-4f1e-882a-c5a813b15420
1998,1998,The Lanterns,HighRise Town,f71f04e7-283b-467a-ac06-388975638eef
1998,1998,The Legendary Pink Dots,The Pre-Millennial Single,ec6da4cb-ec57-3c76-86e6-fac307ecf115
1998,1998,The Legion,Street Thing / Caught Up,c38aba0a-112f-4ea7-8b4d-437415f3e494
1998,1998-12,The Living End,All Torn Down,63251174-d08d-354a-801b-8b1ae7884286
1998,1998-09-21,The Living End,Save the Day,2f70ebd4-7214-3ba6-a4ec-dad4c2462fdb
1998,1998,The Lone Ranger,It's Yours,15cd1379-6a62-3ea2-bfb2-891a055a1c69
1998,1998,The LOX,If You Think I'm Jiggy (remix),78a434f5-e79f-405e-8909-6dcb15b1ad6a
1998,1998-03-17,The LOX feat. DMX & Lil’ Kim,"Money, Power & Respect",d10b9bbd-51d9-3be8-a063-b9e141accb34
1998,1998-02-21,THE LUST URBAN COWBOY,WHITE LIGHTNING,e157136e-4026-4a95-b06a-866f970fb9da
1998,1998,The M&M's,Nutty,c6d2bf06-37f7-480e-9b38-3d47864ee397
1998,1998,The M. Experience,The Tunnel,994005ae-aebb-425d-83c4-e3a39a14874c
1998,1998,The MacGillicuddys,Stylin' And Profilin',0d086d78-be37-44b8-86a9-a4090265df26
1998,1998,The Mackenzie feat. Jessy,Alive,b64d7e1a-d882-408c-8ddd-9b9f138cb9e1
1998,1998,The Mackenzie feat. Jessy,Falling in Love,da6c20e4-36c8-4fe6-ac9b-1a9b5cb81f9a
1998,1998,The Mackenzie feat. Jessy,Innocence,6661eff1-360f-459c-b447-1b133db5393b
1998,1998-08-28,THE MAD CAPSULE MARKET'S,MIDI SURF,a3cef0a4-1603-4efb-a52d-65497df26eb2
1998,1998,The Magnetic Fields,I Don’t Believe You,d378993c-c4f7-333f-8253-ef829bf65be2
1998,1998,The Make-Up,Untouchable Sound,8a5e8520-3f1f-313d-9c0e-0d3bf621e4b3
1998,1998-03-09,The Mavericks,Dance The Night Away,75ce633d-d995-396d-a16c-c4c3e89bc163
1998,1998-09-14,The Mavericks,I've Got This Feeling,5d0fb3c0-2158-3876-890d-438abd6b35db
1998,1998,The Mavis’s,Lever,fa07b1f2-e43f-48a5-9172-56de84a2d83b
1998,1998-12,The Mavis’s,Puberty Song,29480d26-2554-4789-8a51-94dffc05bd76
1998,1998-12-02,THE ME,DRAGON HEART〜胸の底に眠ってるほんとの私〜,671e34f0-cb45-32d0-8582-77c9149b87b6
1998,1998-07-23,THE ME,愛・の・ち・か・ら・こ・ぶ,fe7ac076-bd95-32ca-8afb-07a145dbf0eb
1998,1998,The Mellowtrons / Meat Beat Manifesto,The Mellowtrons / Meat Beat Manifesto,a76f3623-f4e8-360b-a31d-826c62b8a550
1998,1998,The Mercury Program,Lights Out in Georgia,6c5c73a9-f770-4c42-ab04-2e61ced9e5c8
1998,1998,The Mercy Bell,All We Can Do,42e292d8-cbab-42ff-8771-e974051084b1
1998,1998-02,The Mercy Bell,Spare Us,f105af6f-36ff-4493-8924-d41b686802d6
1998,1998,The Meridian,Socialism,16f93e28-534a-410a-9859-f1b5e2d18088
1998,1998-12-21,The Mexican,Free House,0036b855-d20f-4368-b882-5b4d5df24532
1998,1998,The Mighty Mighty Bosstones,Every Trick in the Book,783eeb51-4fef-3b6f-9f4b-12b1fd74d52f
1998,1998,The Mighty Mighty Bosstones,Wrong Thing Right Then,0f6e8e79-9eeb-4422-ab53-4c79fcdbe298
1998,1998,The Minders,Black Balloon,4c375896-88e3-4932-9d85-16e8989d040d
1998,1998,The Mitcheners,Honolulu,ca8c6846-12d2-4712-bec1-3844430e5286
1998,1998-06-20,THE MODS,壊れたエンジン / GIMME A BREAK,c2f8b924-0506-47d1-a21b-189e9cfd8142
1998,1998,The Moffatts,Crazy,78a33208-fa25-3db3-b6f4-bc16129e937c
1998,1998,The Moffatts,If Life Is So Short,a2f7902e-5b4b-374a-a429-d7286d60bdec
1998,1998-03-23,The Moffatts,Miss You Like Crazy,2e0f87c0-6b50-3e9b-b03c-0c3eba9d1ff7
1998,1998,The Monsoon Bassoon,In the Iceman's Back Garden,95e826ac-7fdc-4234-8d74-b0ed3e21dc1c
1998,1998-05-18,The Monsoon Bassoon,Wise Guy / 28 Days in Rocket Ship,63b23944-66a1-459a-a9af-73d3e4f48d93
1998,1998-06-01,The Montrose Avenue,Shine,fb24acc7-caff-319f-abce-4c081e3458d4
1998,1998-10-05,The Montrose Avenue,Start Again,2289d99e-3ced-3178-847e-517934cfa62c
1998,1998-03-16,The Montrose Avenue,Where Do I Stand?,366eb574-c38e-3732-9a39-797957d534e7
1998,1998,The Mopeds,She Went Boom,edec0bf5-98d8-3cd4-baf8-344748b245d0
1998,1998,The Mothership Connection,Gettin' Hot,eb95f0c9-343f-48b9-a9ff-036db4db7850
1998,1998-03-31,The Mulder,The Crab Candidate,c025cbdf-c5db-3a2c-b40b-7076a81d343d
1998,1998,The Murder City Devils,Christmas Bonus Single,0ec8ad08-93f5-4c07-ae42-7af982272d8e
1998,1998,The Murder City Devils,Dancin' Shoes,2cda2f15-dc47-3705-ba12-5310da554ff6
1998,1998-12,The Music Tapes,The Television Tells Us,e6369823-028a-38a9-accf-f803ded3b58b
1998,1998-10-16,The New Power Generation,Come On,991e2770-bd7a-3308-9f8b-b6a3cafd17bc
1998,1998,The New Power Generation,The One,4cedc62b-c315-4289-b2a6-434e3d9a918d
1998,1998-07-21,The New Power Generation,The War,0f34a60f-73c9-3c1d-aea9-227e8b33e698
1998,1998,The Nice Phenomenon,The End,be846abe-bbd9-4678-81cf-fbfe8884cae9
1998,1998,The Nine,Eternal Insane,45a55aeb-76dc-363d-8858-263d7e4bb487
1998,1998,The Notwist,Chemicals,0d7da835-e805-328b-9399-305929198e41
1998,1998-04-01,The Odd Numbers,Holiday,24328621-81f9-3e6c-bb19-66630985e6bb
1998,1998,The Offspring,Pretty Fly (for a White Guy),29dec5f5-b993-39d5-bfd4-e595b695a6ac
1998,1998,The Offspring,The Kids Aren’t Alright,2fd90336-b77d-3731-b19f-7a89944a6d22
1998,1998-10,The Olivia Tremor Control,Hideaway,5c199e45-8173-387c-9278-570299019ac7
1998,1998,The Olivia Tremor Control,Jumping Fences,15694dcd-7d0b-3e56-bb25-2bdf3a9a1385
1998,1998,The Onyas,Drink 'Em Up Motherfuckers!,45c50055-02f1-48f3-ba25-5fa5a9dbfe4e
1998,1998,The Original RAW / Assassins,Unrational Funk Remix / Street Mentality,7565de9a-2ddb-498f-bd0c-6af6e6ab18eb
1998,1998,The Other Side of Space,Techno Drivers / The Other Side of Space,d090cf0a-3b5e-49ca-8207-11ccaa73eb63
1998,1998,The Outhere Brothers,Fuk U in the Ass / Don't Stop,9a841ea9-ce11-4758-abf9-9ea4b72315db
1998,1998-02-14,The Panacea,Anti-Funk / Anti-Sozial,13f5fd9b-b600-47ea-8ba4-2590279575c5
1998,1998-11-28,The Panacea,Decade of Destruction,28d8eb15-6eba-3b52-ab63-139c57672f30
1998,1998-08-01,The Panacea,Hybris / Hedonist (Remixes),852a546b-3bb9-401b-a90d-c5de98101cd8
1998,1998-02-16,The Paradise Motel,Hollywood Landmines,3492ee39-6b39-36fc-b8a7-cda634acc708
1998,1998,The Paradise Motel,Watch Illuminum,53a9d6e2-d37a-3e44-953d-cecfd332159d
1998,1998-12-09,The Passenger,Starship Love,0aa949f9-07a5-4106-9d49-cf9be0356166
1998,1998-06-15,The Pecadiloes,Kirsten's Beach,4af6a7eb-0d80-3782-9155-898ace3fd0ab
1998,1998,The Pecadiloes,Selected Tracks From Caught on Venus,bd34cff5-737d-46ea-b09d-1ec5d1174736
1998,1998,The Pecadiloes,The Wanting Song,08741145-59de-3025-8f39-8aeb1833b625
1998,1998-11-24,The Peechees,Dallas,71d0f898-144e-4933-943d-b0624a6945bb
1998,1998,The Peloi Tactics,Sara-Tone-In,d61b2b36-f47f-4275-a099-c3ce7c2c18a8
1998,1998,The Penguin,"5,4,3,2,1 / Let the Bass Kick",dd3c4ad4-fbb0-4396-bb94-26a68e048389
1998,1998,The Phantom,The Shark / T.B.N.,a1f2948c-96d7-444e-be80-4fc455ff9e34
1998,1998,The Pianoheadz,Distortion,520ffe1a-f475-3782-ac28-58bf09f5a363
1998,1998-01-21,the pillows,Another Morning,53b8f0b0-147b-3e75-93f5-156eeae5d4ab
1998,1998-11-27,the pillows,Instant Music,af850e16-e592-390f-9d3e-5cc5bf18a0d7
1998,1998-09-02,the pillows,NO SELF CONTROL,a86d11ea-71aa-3259-8e18-be49f40b39c8
1998,1998,The Pitkins,Over and Out / Johnny Gets the Girl / What You've Done,c96283d4-6d4c-4373-adc0-d59095e08feb
1998,1998,The Plague Monkeys,Mouth to Mouth,ddef5d83-7bef-4b21-9116-9592ac8a5599
1998,1998-06-09,The Plastic Constellations,The Dreaming,ccbe6a1f-107b-4f47-bfdd-62fffde3b395
1998,1998,The Porkers,Perfect Teeth,9e68794d-8618-4ffe-ba54-b03b51c594e9
1998,1998,The Presidents of the United States of America,My Date With the President's Daughter,fa0ad3d6-140c-436b-b1bd-2bf6bf8e65ed
1998,1998,The Presidents of the United States of America,Tiki God,d4f47d40-05cd-41b6-a997-601ba6288833
1998,1998-06,The Presidents of the United States of America,Video Killed the Radio Star,2078b4e9-ce27-4073-93b9-2bb818a0975b
1998,1998-02-20,The Prisoners Of Technology,Volume 5,0ebe08fd-2c58-48e5-82c0-bbbfcb55f7a6
1998,1998,The Prisoners Of Technology,Volume 6,af69c2f7-5f78-4495-939d-720c755a6fbe
1998,1998,The Prodigy,"1998: The Prodigy, Live in Manchester",83890cd9-b23e-4ad1-8aaa-ed2fc367b2de
1998,1998,The Prodigy,Funky Shit,8644ad8d-f4a9-3d9f-bac2-e84aa8e3924a
1998,1998,The Prodigy,Smack My Bitch Up (Slacker Remix),87528418-1b96-4fab-8091-80b9675bfb88
1998,1998,The Project,Meltdown,ecd39b57-4cc7-4c44-a77f-0b9039527729
1998,1998,The Project,Shout It Out,17a1e7aa-68ce-4c7b-a51b-530d22675367
1998,1998-10-27,The Promise Ring,Boys + Girls,beefd35d-a673-3bc6-bd7c-5da5bbebc858
1998,1998,The Pulse,Clean The Decks,7ab39494-bd2a-4587-8519-c5f86aaadde4
1998,1998,The Pump Panel,To the Sky Remix,b10ccc85-9d11-3a72-bf75-4b803a9e18d7
1998,1998-06-15,The Quest Project,Initiate the Creative,30f0dae9-13f0-410e-93d0-fd8ab3469744
1998,1998,The Railway Raver,Acid for the 90's,a7477d24-a0fa-3b27-8519-902c48fe222a
1998,1998,The Rainbows,Balla Balla,69392f83-441d-3936-b315-ae0b767a9766
1998,1998-10-05,The Ram Trilogy,Chapter Two,510914f2-cab7-3c09-bb23-117702611fd9
1998,1998,The Randumbs,Back From Sonoma,758770ae-54b0-464e-ab26-63684cb654a7
1998,1998-04,The Rapsody feat. LL Cool J,Dear Mallika,94124357-1164-3d34-8522-6c6ca528730c
1998,1998,The Rapture,The Chair That Squeaks,07a6110b-fdc3-33ab-abac-57712fc94059
1998,1998,The Rats,The Fall and Rise: A Rat's Tale,860ab3e7-2100-4b27-ac75-99571f902192
1998,1998,The Raydios,My Baby's Back,3ba53def-60fb-47c0-95aa-d18b4c28459b
1998,1998,The Rebel Astronauts,Stolen Paper Doll,fcc99089-5b19-39f0-8661-4e6141f2cdb7
1998,1998-10,The Riddler,Red Alert / Rock 'n' Roll,bcb928ab-ebe7-4463-a7c5-38f16468eaba
1998,1998,The Riddlers Revenge,Like This / At the V.I.P.,d3f2a58c-aa38-4e2e-b240-65110af6d623
1998,1998,The Righteous Men,When Love Comes Down,20252816-260b-42f6-b5c3-9bc857cef526
1998,1998,The Rolling Stones,Gimme Shelter,3304e9cd-fa97-438c-9ed2-aca37282bfbc
1998,1998-11,The Rolling Stones,Out of Control,3aeee1a6-eb13-377c-b2f3-92fb90d0058b
1998,1998-01-30,The Rolling Stones,Saint of Me,c5d8d9e7-6e08-38f6-8a38-49c77d737ba7
1998,1998,The Royal Pendletons,Sore Loser,15abb168-b2d9-421d-9c90-5bb323c316cb
1998,1998,The Royal Pendletons,Sore Loser,34bd817e-3652-4b22-90bf-35842dea4a1d
1998,1998,The S.J.U. Project,Medones Thought / Musical High,baae765f-eda1-37f7-a390-887cb3ed8d9d
1998,1998,The Saint,Like This / Come On,61996099-f9c8-4a62-a6bf-3dc2b28f1352
1998,1998,The Satellites,Happy to Follow,c04fbbba-2a99-3f94-b45b-df9edd861842
1998,1998-06,The Saw Doctors,She Says,06388154-ae7a-3a9d-9a07-19d16c019108
1998,1998,The Scarecrow,Tuttifrutti / Garbage,d42541df-4cdd-4147-a41c-8fb41e1ca1a7
1998,1998,The Scary Groover,Children (of the Dark Night...),b1f91184-60c4-3f09-9ddf-a5b56ec8007d
1998,1998,The Scientist,The Exorcist,88326558-b4eb-40d9-b27e-d80bfdca6a68
1998,1998,The Scoundrel,Bionic Measures,1437f6e7-a8ee-463a-8d81-df5b3f62804a
1998,1998,The Secret,Rhythm of Life,42523d4f-40f1-4033-a761-1f6b98100a97
1998,1998,The Secret Stars,Fourteen Days In Belpaese - November 1998,2212a4cb-0d8d-4576-ba81-e3bd2b387b87
1998,1998-10,The Shamen,Universal,f703f8ce-f34e-3394-8f44-7fa3d318f37e
1998,1998,The Shining Hour,Five O’Clock Rise,064eea3e-a7ae-4246-bd64-123935c50bd6
1998,1998-09-28,The Shrink,Nervous Breakdown,8786126f-119e-3d8a-bd80-b89200d09061
1998,1998,The Silence,Psychick Is Dead / Laceiba,13c67286-fdbd-41c1-a2f5-5e305cb73e57
1998,1998,The Skalatones,Mr Probation Officer,1cf62ec6-d328-47a7-9534-61e586397d8c
1998,1998,The Sleepwalkers,...Action,647cd3b8-144c-46e0-99de-d70195536080
1998,1998-09-19,THE SLUT BANKS,I'LL GO AROUND,81bab74a-d1ff-3394-8091-197395de58f5
1998,1998-05-01,THE SLUT BANKS,PIKA-BANG,43957351-6977-320e-a51e-5408333157e1
1998,1998-05-05,The Smashing Pumpkins,Ava Adore,abea81ea-5a98-3d02-a3c3-a198561cab07
1998,1998-11,The Smashing Pumpkins,Crestfallen,1f09ed89-2a78-43b3-afa0-3b61d31f3ebe
1998,1998,The Smashing Pumpkins,Daphne Descends,a4c83da8-cc89-4534-bc9f-2080c238c7ae
1998,1998-07,The Smashing Pumpkins,Perfect,83e28214-980b-32a6-bec5-3d227de3ff6d
1998,1998-03-16,The Smiles,Say Something,11d9b29d-a91a-4873-9148-8ab5fe26f86b
1998,1998-01-27,The Smithereens,Downbound Train,26a93218-8320-4ade-af2a-bcc05f25a5ee
1998,1998-05-11,The Soca Boys feat. Van B. King,Follow the Leader,47c6ddf7-73fe-4684-af08-ae35abf88e92
1998,1998-10-12,The Songstress,See Line Woman,cf5e064e-a066-3a0c-8145-a13f0fd7fee9
1998,1998,The Sons of Soul,You Got Me Going,2e16bd21-5d5b-3572-846a-90253f6a99ff
1998,1998-12-02,The Soundlovers,Surrender,7d4fd008-6186-32f5-b3c3-9786acfb6eb0
1998,1998,The Soundtrack of Our Lives,Black Star,47d929b0-213f-4329-97f5-24284a9f0cfd
1998,1998,The Soundtrack of Our Lives,Jehovah Sunrise,a5358703-69ab-40f2-a3b6-e6e7b67ca171
1998,1998,The Specials,It’s You,4dd89187-9592-465f-a68a-cfc49e001af2
1998,1998,The Species,H.O.T.,ee646f62-ad72-4f24-9407-e2cdb198fcbc
1998,1998-07-13,The Spectre,Breakers / De-Pattern,f9c91087-4060-420d-b1d1-0569bf7d099d
1998,1998,The Starlites,Big Boss Man / I Can't See You,9632150e-6791-47fb-914c-e9c3473a0db3
1998,1998,The Starseeds,Heavensairportcoffeeshoprestaurant,94f7ba78-5a2c-3088-96b4-f0ea3c5de739
1998,1998,The Starvations / Throw Rag,She Devil Woman / Bloodshot Eyes (Because of You),e2818c96-8ad7-450f-b986-8b02c951d791
1998,1998,The Statics,Sold My Soul,b4a30600-3889-4399-ac77-fe55136cac35
1998,1998,The Step Kings x Ill Niño,Feliz Navidad,b0d6ba48-0e24-4380-a43c-9ab7850763a5
1998,1998-01,"The Stunned Guys, DJ Paul",Confusion,177a1091-dae3-4334-8869-ffeac24189b0
1998,1998-11-01,The Subjective,Comin Thru / Like Warriors,9ef04815-7842-3872-a0ef-faa78cfed59a
1998,1998-05-04,The Successful Criminals,Crazy Lover / 64 Drums,1ad4c5a7-9c34-382c-8cae-ccba9cadb71b
1998,1998,The Suicide Machines,Give,713383f3-fc6b-464d-bfc1-622371f137fa
1998,1998,The Sunclub,Fiesta '98,eebfdfbf-df2e-4116-8e7d-4791b54f9977
1998,1998-09,The Superjesus,Ashes,70f23bc7-e03b-3f67-adb3-8e4aa5817ba1
1998,1998-04,The Superjesus,Now and Then,83747e1e-9721-3554-bc78-bcf99032d98f
1998,1998-07-20,The Supernaturals,I Wasn't Built to Get Up,532edaca-34d4-3216-8644-52ed703c24ae
1998,1998,The Supernaturals,Sheffield Song (I Love Her More Than I Love You),bb36cef4-8736-38b0-91ad-0e74d6b8cbac
1998,1998,The Swans,If I Only Had Time,e94b1c1c-51ef-4c89-b68a-b8e2655ed980
1998,1998-01-19,The Swimmer,Stand By / Django,65b519d7-92ec-4a91-9c39-ae25174d8492
1998,1998,The Swimmer featuring Larenzo Nash,The 1 and Only Dominator,2eb7c175-906a-4cd2-be2a-47f134ebd71c
1998,1998,The Switch Crew,Jazzy / Salsa,c035d134-9801-4ccf-a82c-62f82565b0e0
1998,1998,The Switch Crew,The Spaniard,87589579-8faa-4330-b394-b22bae43e25e
1998,1998,The System,You’re in My System (Kerri Chandler Remixes),1414a00c-bdbf-38f6-8bd7-7b8ea88d7281
1998,1998-01-12,The Tamperer featuring Maya,Feel It,d2c0760f-1d87-3c03-a8cc-d4917dc81766
1998,1998-11-02,The Tamperer featuring Maya,If You Buy This Record Your Life Will Be Better,748b1403-aaaa-4309-b24a-a3549fd50c9a
1998,1998,The Tartan Army feat. The Wee'ist Pipe Band in the World,Scotland Be Good,c74a95b3-0d43-4a06-beba-136d9325b221
1998,1998,The Taxi Gang,Way Back Home,6a8f81be-2d4e-4db3-b830-aed3ba4886b9
1998,1998,The Teenage Graves,Born in Blood,00e92600-ae5b-4236-b62d-25ceb34b81ea
1998,1998-10,The Third Eye Foundation,Fear of a Wack Planet,14e08823-230d-343d-8bf1-9bb05246f71f
1998,1998-06-30,"The Three Tenors: José Carreras, Plácido Domingo & Luciano Pavarotti",You’ll Never Walk Alone,7d71666c-49b6-47ec-bbd0-bc4277600af8
1998,1998-07,The Thundergods,The Realm Of Thunder,57fdcb16-6e86-4a91-931b-92bf6644dd53
1998,1998,The Timewriter,Did My Time / Smashing Friendship,52beee7c-c2fd-3dda-a765-3b50b5a1ba55
1998,1998,The Torres Bros. feat. Veronica Fuata,Having a Good Time,8e7cdb73-0375-374b-95d3-ba0ff9911bfa
1998,1998,The Traveller & In Motion,Believe,785f40d1-357c-31b5-bfa3-fd88349d08ac
1998,1998,The Truents,Don't Look Back,9c1f0aa1-282b-4c1a-b1ba-5004387afa5a
1998,1998-10-21,The Turtles,SUNDAY恋をしよう,cc1a795b-9590-41e5-9a90-f2710c81a03b
1998,1998,The Ultra Montanes,Ageing Starlet,10e97263-9658-4f17-83ce-0935d02467ff
1998,1998-05-11,The Untouchables,At the Count of 3 / Hit It,8ecda058-cad5-41d7-9b9b-99b5313a863f
1998,1998,The Untouchables,Chimes,36290a5d-8e6a-400a-9779-3a9a5d6bef91
1998,1998,The Untouchables,Crest / The Big One,601624fc-d79f-4b08-902f-6850b99fcb00
1998,1998,The Untouchables,Star Trek / Summertime,a35da683-2b82-455a-9e29-20b6bc187912
1998,1998,The Untouchables,Wild West / Nine,0dfe698c-acab-4dde-92ea-0fe157c79f0e
1998,1998,The Upsets,Tommy Gun Heart,eeef5bc3-d6e5-4cf1-ac50-3064478dedbe
1998,1998-11-02,The Urchins,See It Through,f165e36b-18b4-4673-9ca7-9629998a41cf
1998,1998,The Vagrant,Gridlock,f130daaf-654e-3d63-b9d2-03d821b3e3c9
1998,1998-10-19,The Vagrant,Orbiter / Hydro,c84cb80f-2c1e-3ceb-a460-542a1dace6db
1998,1998,The Virtual Zone,Change U Mind / Virtual Zone,3a257c1f-36e6-4100-9c30-8932cdae0a64
1998,1998,The Virtual Zone,Touch Me / Paradoxe,57eb7177-fa2a-4600-bc23-0b8e8a2980b2
1998,1998-06-01,The Wallflowers,Heroes,13a92b36-8e8e-40fa-ba48-fe0c2fb3ee2f
1998,1998,The Weather Girls,I'm So Excited,909305c4-8de2-4e05-9384-ea60c26fc974
1998,1998,The Weathermen,Don't Stop / 909 Back Up,214e9d02-8828-47a2-969c-23f69a7d3e9d
1998,1998-09-09,The Well Paid Scientists 2,To the Batrave... Let's Go / Buzzbomb,92cf5c03-bff1-4550-9fa6-87f8439a164d
1998,1998-11,The White Stripes,Lafayette Blues,5319eaf4-6e8c-3949-a8ce-c5aa368554fc
1998,1998-02,The White Stripes,Let’s Shake Hands,35c98fa1-dd2f-3212-bf76-a7619a51b99c
1998,1998-01-27,The Whitlams,Melbourne,c1b5ff71-5c46-382c-978e-044b82144500
1998,1998-02-18,The Whitlams,No Aphrodisiac,3a590dd7-6131-3849-a77b-0c02f00047e9
1998,1998,The Wideboys,All I Wanna Do,38c1d81e-35f2-4864-b102-3b591d6fa20c
1998,1998,The Wilkinsons,26 Cents,8ed6a457-a637-4eaf-b668-660d533fce74
1998,1998,The Wiseguys,Cowboy '78,21a6ac4f-98e6-36fc-9a4f-b86a5cc608c0
1998,1998-05-25,The Wiseguys,Ooh La La / Expand on the Topic,d2bb1b75-9b69-3fa8-964d-3abe1513feee
1998,1998-08-31,The Wiseguys,Start the Commotion,d4a7c8ce-449e-3910-9948-1c8c3559b14a
1998,1998-10-21,THE YELLOW MONKEY,MY WINDING ROAD,af33891e-c6ec-3599-8a4d-f89574f8f629
1998,1998-08-12,THE YELLOW MONKEY,SUGAR FIX,af9e38bb-ef8b-3923-a1fc-e08de01481f7
1998,1998-02-04,THE YELLOW MONKEY,球根,771a7cda-432a-3204-b595-d7d3b23c41a0
1998,1998-06-03,THE YELLOW MONKEY,離れるな,d02e9fe7-1f77-4851-a1c7-be6cf4f41e9d
1998,1998,The Young Offenders,Pink & Blue,8c16d434-d09b-4fd2-b163-b9fb2231dca7
1998,1998,The Young Offenders,That’s Why We Lose Control,14e04ee9-901d-38b0-8c0e-674a71f6ba2f
1998,1998-12-07,The Yo‐Yo’s,Rumble(d),79930c09-b786-37b0-83d4-691718bf26a8
1998,1998-12-04,The Yo‐Yo’s,You Got Me Out of My Mind,769853e0-1923-300d-9cd6-dab0c032f47a
1998,1998-06-20,THEATRE BROOK,SOUL DIVER,60179e50-564f-43cc-a4e8-f9e702b494d9
1998,1998-10-21,THEATRE BROOK,まぶたの裏に,a5071c24-efd6-4350-9cda-ca6e1d3c9a25
1998,1998-04-27,Theatre of Tragedy,Cassandra,6a82bb15-7a88-3d00-98ae-2283e47253d1
1998,1998-05,theaudience,A Pessimist is Never Disappointed,9ba7b572-ab12-37c9-b076-ac8a6004b90a
1998,1998,theaudience,A Pessimist Is Never Disappointed,cf980b8d-63e0-4a4c-a0dc-4eab78ee30de
1998,1998-08,theaudience,I Know Enough (I Don’t Get Enough),eccf12c8-0ade-3297-a53f-e83e51db9977
1998,1998,theaudience,If You Can’t Do It When You’re Young; When Can You Do It?,f94ab352-a816-30e3-8227-9640f8c62f26
1998,1998-05-14,Thee J. Johanz,Ffxpress,30651ec3-5316-4cc9-8005-25280cc355b9
1998,1998-08-01,Thee Michelle Gun Elephant,G.W.D,829a7dce-d4d4-363a-ad86-949ced057aaf
1998,1998-09-01,Thee Michelle Gun Elephant,アウト・ブルーズ,b4f943df-8d21-4e63-88e8-026757b7bb9a
1998,1998-11-03,Thee Michelle Gun Elephant,スモーキン・ビリー,e2e68dd3-f260-40d5-88fa-9ef856c1de34
1998,1998,Thee Ultra Bimboos / The Original Jeffrey James Quartet,Following Me / Rootie Tootie,89b6ba55-3b32-4c19-9d8e-e299fac76031
1998,1998,Thera,Balti / Dhansak,5b92c456-5b12-4543-ace2-b62b9129a6ea
1998,1998,Thera,Machine / Revelation,a4be2be3-406a-4050-a7a8-3821351205d0
1998,1998-03-02,Therapy?,Church of Noise,dbdc20d3-24d1-420d-ad4b-59c0bcf3c637
1998,1998-05-18,Therapy?,"Lonely, Cryin’, Only",c0f94274-fe59-4a89-ad43-5547712a4999
1998,1998-10,Therion,Eye of Shiva,0379d03e-ccea-3fab-b983-d763935010ff
1998,1998-09-28,They Might Be Giants,Doctor Worm,15694252-3640-362b-bab5-5e7333608e51
1998,1998-06-29,Thievery Corporation,.38.45 (A Thievery Number),52ffe75a-0e6d-3ac2-839b-c7346a198ff9
1998,1998-07,Thievery Corporation,Halfway Around the World,8bd64d67-893c-3efb-9344-d996f29d8847
1998,1998-11-06,Thievery Corporation,Lebanese Blonde,1d13ae80-92e8-30fe-8186-0e0dc8147f9e
1998,1998,Thievery Corporation,Lebanese Blonde (instrumental) / Coming From the Top,e05b90cc-0185-30cd-87e9-bc00a6a527e4
1998,1998,Thievery Corporation,So Com Vocé,abc09ffb-a0c8-3f4e-a382-b240bdb8606a
1998,1998-04,Think About Mutation,Irregular,6a299763-9566-411c-b187-774877990e33
1998,1998,Third Bass,Stargate,066df89e-e604-465f-a659-fe7aef7b5896
1998,1998,Third Bass,Sunshine / High Technology,381b4780-6b31-4ab0-9917-1ad51a6ccbc5
1998,1998,Third Eye Blind,Jumper,a710b213-ca3d-3887-a025-eeb58844fc6e
1998,1998-09-14,Third Eye Blind,Losing a Whole Year,d9991852-2219-42b6-8df1-90a5b67c56f1
1998,1998,Thomas Brinkmann,Ekkehart / Friedrich,e457e3dd-4277-4c9f-bc95-0f0c270c6f11
1998,1998,Thomas D & Nina Hagen,Solo,5c397ec8-b0de-4514-b36d-91911804d26e
1998,1998,Thomas D & Udo Schöbel,Frisör,b6e3c649-2152-4237-a482-4f1f186fd18f
1998,1998,Thomas Jules-Stock,Didn't I Tell You True,17797b9d-037b-402d-b3b6-ad5d9da01d1f
1998,1998,Thomas Krome,Kåt i baren,5e9a1163-fc40-4155-a87a-a635fade3eb7
1998,1998-12-13,Thomas Krome,Lord of Darkness,856fd72f-9bbc-3dc8-aaff-495c6e82c71f
1998,1998,Thomas Krome,The Real Jazz,47c3fc38-a5e1-34ea-8ad0-2c4718ac65fe
1998,1998,Thomas Rusiak,Legends of the Fall / Suckers,767e0b76-b466-4fee-a82c-59598a30d793
1998,1998,Thorleifs,Ser du stjärnan i det blå,59b963f5-2ab1-41fe-bb0e-72486c056b05
1998,1998,Three 4 Tens,Magic Trip,48a470dc-2034-3ed3-bc16-613d49b2e289
1998,1998,Three 6 Mafia,Hit'Em / Motivated,9912fd38-6bd3-4d22-a735-d3a890c82d8c
1998,1998,Three Drives on a Vinyl,Turkey 2000,c70da8f4-1d26-4d68-81c3-cc9950798690
1998,1998-09-21,Three ’n One,You Should Be Dancing,849f9628-cf9b-4452-9ad3-d420b5d3b512
1998,1998,Threshold,The Wire / Bias,2b4b7cae-43b2-4479-9197-12c1229ee6b5
1998,1998,Thrones,The Suckling / Young Savage,de6d49db-91d1-4f85-be4d-6fc0df5bf491
1998,1998,Throw Rag,Beast in Me,67d4b991-df0d-4efe-b3a1-e5f57b8a5e10
1998,1998-06-08,Thunder,Play That Funky Music,8b9b7fb3-bcf3-4972-b44b-b175d4d5208d
1998,1998,Thunder,The Only One,366d7e48-c2c9-4b46-9c94-c42580c887e1
1998,1998,Thunderball,Hijack,415bd639-afcb-3d6c-bd9a-70d37852be59
1998,1998,Thunderpuss,Godzilla,d42e5d87-8668-3b93-ba7f-605de667c7f8
1998,1998,Thurston Moore / Beck Hansen / Tom Surgal,Kill Any/All Spin Personnel,bc17f600-ad09-3bd2-90fa-37328f4594e7
1998,1998,Ti.Pi.Cal. feat. Kimara,Follow Your Heart,86f0c2fe-8179-4ef1-92e7-e8581ffdc72e
1998,1998,Tierra,I Kill Love,63eac3ab-0d8c-4ac1-90ec-5ab79b085dee
1998,1998-11,Tierra,Remember,b4e42a7f-38f0-4f39-b4ec-c350a4ede8b6
1998,1998,Tiga,Radiogram,771d3575-c955-4a6b-a081-bf0817de7e95
1998,1998-08-10,Tiger,Friends,0de94980-f276-3a21-93f2-09ea4dfe2a5d
1998,1998,Tiger,Girl From the Petrol Station,803b3384-862a-42b5-9132-8ed814052975
1998,1998,Tiggy,Falling,3651c0b1-eb31-4b60-949a-eebbc79e6b3c
1998,1998-09-14,Tight Control And Jah Free,Elevator / Air Dried,2759a30a-b5c8-467a-8144-ca181a32efb2
1998,1998-03-07,Tilt,Gun Play,b95136fa-e78b-3f19-9eb4-6ef8ca040b75
1998,1998,Tilt feat. Zee,Butterfly,04337779-37d4-42ba-a17c-ba4d0e3d21b8
1998,1998-05,Tim Kinsella / Jen Wood,Post Marked Stamps No. 6,cb97e7f9-75fc-48ff-ae89-662f06dfc330
1998,1998,Tim McGraw,For A Little While,c9d837b6-215a-4dce-9535-ef59586bb927
1998,1998,Tim McGraw,One Of These Days,4dd3b1d4-82a2-44c0-a275-d1f267d22bb1
1998,1998-07-13,Tim McGraw,Where the Green Grass Grows,2684f6ef-ad2a-4542-ae83-4f3d79a9f9be
1998,1998,Tim Tim,Ready 4 the Island,a0140569-edfa-4132-adf0-93dbfcbf38fc
1998,1998,Tim Tim,Under the Mango Tree,9e8375bf-b967-3eb2-8d46-b0050f682866
1998,1998,Timbaland,DJ Timmy Tim’s BC Mix,b2c83a13-c390-45c9-82a1-17fe6701a222
1998,1998,Timbaland,Lobster & Scrimp,58e7b65d-5285-4d6f-8f0f-0823d8c2e630
1998,1998-04-14,Timbaland & Magoo,Clock Strikes,b387dd2a-5b49-47b7-a1fe-2cea2cfd658f
1998,1998,Timbaland & Magoo feat. Sebastian & Raje Shwari,Indian Flute / Naughty Eye,aa467199-3dbe-4b9b-a2ac-5f2eb8fc02eb
1998,1998,Timbaland feat. Missy Elliott & Magoo,Here We Come,b841db13-07f7-3018-812e-24ae66d34559
1998,1998,Time Machine,Secret Oceans part 1,8413fe97-fca5-4d10-a838-54129128c5c5
1998,1998,Time Machine,Secret Oceans part 2,fbd1b42b-8475-4d7b-afd5-c8e82521487e
1998,1998,Time Motion Project,Feel Me,66bc2753-356a-4b11-8e1d-47e8245b7e25
1998,1998,Timekeepers,The Future,75abfe16-5abe-4c8a-b8d3-4721662187d2
1998,1998,Timo Maas,M.A.A.S.M.E.L.L.O.W.,6f39b3c9-0185-42c9-a12b-c70ef6b33308
1998,1998,Timo Maas feat. Digital City,City Borealis / Nightjacker,2e7aff51-b643-4de7-9291-6cb53147cbd5
1998,1998,Tin Star,Disconnected Child,1a2cfbd1-4aa9-44d8-879e-bf990c703181
1998,1998,Tin Star,Viva,5458fa7c-09f6-34bc-8dc9-09eded82a4a7
1998,1998-03-16,Tin Tin Out feat. Shelley Nelson,Here’s Where the Story Ends,7b2649af-4be9-3e8f-9336-c2578c3ef549
1998,1998-08-31,Tin Tin Out with Shelley Nelson,Sometimes,32966f2c-61bf-32ca-aa12-4a9e4ecc4475
1998,1998-08-06,Tina Arena,I Want to Know What Love Is,23638a55-81e7-4bd2-b066-6e7bf90e8a30
1998,1998,Tina Arena,If I Was a River,0b8f3c07-54e8-4daf-9c4c-416c4a292f4d
1998,1998,Tina Arena,Now I Can Dance,6129ae5f-c248-38d0-ba72-5298acb62e38
1998,1998,Tina Arena,Whistle Down the Wind,6779b9bb-b635-3653-9738-b2d758ee2704
1998,1998-10-09,Tina Arena & Marc Anthony,I Want to Spend My Lifetime Loving You,b8343f1c-aa45-3633-a56d-21cfc4e1a264
1998,1998,Tina Charles,Is It Love You’re After,5add4601-34d1-4713-af28-ed268e8e2a33
1998,1998,Tina Cousins,Deeper Shade Of Blue,ddb6c4a6-fe57-4592-b01b-d367f5642d26
1998,1998,Tina Cousins,Forever,26e0f4bc-f01e-387a-b530-3389c93cc674
1998,1998-12,Tina Dickow,Your Waste of Time,49936d43-70a6-47c0-92a2-021ab0121636
1998,1998,Tina Moore,Nobody Better,6efbb48f-c258-4941-813b-7c0a5fa6ceb1
1998,1998-08-21,Tinker Bell,An Evanescent Peaceful Sleep,d5df0e3e-2c3f-433a-affc-44466f7b7530
1998,1998,Tiny Elvis,Dub Beats,08ca9854-1e4a-4d34-8a75-1ef505a3c320
1998,1998,Tiny Elvis,Howze The Music,55b38a47-a13c-4e91-8545-3498ab245e04
1998,1998,Tipper,Twister,1d91545a-9b90-432a-9176-4ede95eca3a0
1998,1998,Tipsy,Flying Monkey Fist,b2b88a2e-1fb0-3f7f-8ad9-79a39136947b
1998,1998-12-09,Tiptory,X’mas Kiss,ca38ece3-39bc-46c8-abb6-51495c82b74f
1998,1998-05-08,Tiptory,真夜中のドア～stay with me～,133d5964-cbb9-4349-981c-fccaa6c84a2c
1998,1998-04-13,TISM,"I Might Be a Cunt, but I’m Not a Fucking Cunt",fe44c732-c30f-4e73-a582-db5a660621d0
1998,1998-10-08,TISM,Thunderbirds Are Coming Out,7a13de13-2a5c-46da-9bdc-11b5550986e9
1998,1998-07-06,TISM,Whatareya?,40517bf1-4e00-38a2-82e3-0d5a8b10eaf9
1998,1998,Titan,First Bass / The Others,3fcd7e3d-b448-448b-a13c-8e8688988383
1998,1998,Tito & Tarantula,After Dark,7e3d437e-8474-3ad0-8821-c049c88425f7
1998,1998-10-19,Titonton Duvanté,Avenues / Alleyways,4bd64420-65fd-35c7-b850-105d6c19c76c
1998,1998,Titt'n,Wie zeurt... Krijgt een beurt!,8bf691c7-9a92-46e4-b695-e1bed5908e09
1998,1998,TLC,Silly Ho,b72bdc04-22df-4157-84a1-634fb9acd8c3
1998,1998,TNT,Another Classic (remix) / Suspense Part 2,2e3a1cfb-3525-404a-ac50-cb2553bb6d0b
1998,1998,Toadliquor,The Ascension from Heaven,e66380e3-5f40-47cd-94e8-5238506f3d2b
1998,1998-07-13,Todd Edwards,Isaiah 41:13,5f87da64-362e-42da-a633-34e1ce30bf35
1998,1998,Todd Edwards,Never Far From You,b63dcebf-d32d-4152-af2c-609b76db9742
1998,1998,Todd Griffin,That ’70s Song,2a366884-c4a9-4a09-88c0-c2dddea658f8
1998,1998,Todd Terry,Ready for a New Day,4fbd4389-a433-4407-85fa-a0579aba22d1
1998,1998,Together,Sommaren är över,1878607c-f4ea-46a7-8a90-be7de5b636b8
1998,1998-01-14,tohko,BAD LUCK ON LOVE -BLUES ON LIFE-,d7bcebf8-3056-3de6-aacc-d5bb15218e15
1998,1998-04-17,tohko,LOOPな気持ち,802f4f38-0e63-3fca-a577-5caa6f1b916a
1998,1998-11-11,tohko,tohhikoh,8683e8e9-9105-347c-999e-714fdf8146d7
1998,1998-07-15,tohko,ふわふわ ふるる,48b3529f-0c00-3cfe-8e6a-668255ae8587
1998,1998-05-20,TOKIO,Love & Peace,9365a213-9d41-4cf2-b891-1fe9715c6bfb
1998,1998-03-04,TOKIO,この指とまれ!,fb1f5d80-464a-4e93-bab2-e5f8ab22fba3
1998,1998-06,Tokyo Ghetto Pussy,You Make Me Feel,42a2be41-5b16-4925-bc28-bb7218d5d307
1998,1998-07-08,TOKYO No.1 SOUL SET,Sunday,d26c5f4a-3995-44d2-932e-3eb2515d3ba6
1998,1998-03-25,TOKYO No.1 SOUL SET,夜明け前,9fdac2be-781f-4bb4-8bde-f0c21f8cd22d
1998,1998,Tom & Joyce,Vai minha tristeza,248ad4d8-ff7e-315e-beb0-38e750b980f1
1998,1998,Tom Keil,Bassphreak,94a58baa-2450-3da3-b554-3c3a33c5ddaa
1998,1998-11-30,Tom Novy loves Virginia,Smoke Dis,d96e7ebc-2f1d-4392-8841-ea60c0a8daf2
1998,1998,Tommy G Feat. Vinylgroover / Tommy G & Trixxy,Sunny Day / Suddenly,24c0ac5c-1479-4058-a5cb-bd6f88826f15
1998,1998,Tommy Steiner,Es ist viel zu lange her,40d56726-5537-48f4-b8c9-8bfcad6a3fd1
1998,1998,Tommy Tee,Takin Ova,3a27e1c6-3d5a-4d9b-bd5b-f92f65ad91cf
1998,1998-03-30,Tomski,14 Hours to Save the Earth,5d4652ab-15d4-31d3-94f4-d8b2574f198b
1998,1998-05-18,Toni Cottura,My Life,e0d51bfa-df2d-4c1f-b422-3559300df6ee
1998,1998-09,Tonic,Phoenix / San Siro,91ebd6cf-ee98-38e7-a804-57aaa4f8d3d8
1998,1998,Tony Cabana,Belgie!... Lalala (Il est vraiement... Phénoménal),19c5fc68-70e1-4216-a9f9-34334ec8bcca
1998,1998,Tony Cabana,Hé daar Jaak!,3b2b7a7b-7c6f-465a-9aaf-780bbd4711b8
1998,1998,Tony Dax,Repercussion,ba059e38-d3a1-36f5-adce-26b57a5201a0
1998,1998,Tony De Vit feat. Petronella,Do What You Do,f29dc6e7-9478-396a-ae51-9da33c8423dd
1998,1998,Tony Faline,Break Down,b0ef6678-5447-4354-be4e-3c7f1a5e8b57
1998,1998,Tony H.,Zoo Future,e64e30d7-9027-4602-b8a3-b3ff6952d07b
1998,1998,Tony Light,Nederland oh Nederland,51c691e9-f64a-4972-b99e-2c64afdd3be7
1998,1998,Tony Marshall,Der ultimative Hitmix,cf84f96a-9848-46d0-9e65-23fc43da4b0f
1998,1998-11-02,Tony Marshall,Lachen lachen (Wulle Wulle),b5ba9347-e1f1-424e-b366-45d88f36a49d
1998,1998,Tony Momrelle,If You Were Here Tonight,81ace843-821b-3b3b-bf74-06b6ddb58639
1998,1998,Tony Travolta,Amore,11c272bc-6837-420a-8a58-ff9da8b1aa8c
1998,1998-12-22,Too $hort,More Freaky Tales,761e843e-d8b0-45ab-9b5d-ed93444366c5
1998,1998,Too $hort with Keith Murray,Independence Day,af9ad873-f376-462b-8b67-972c73544210
1998,1998,Too Strong,Lyrisches Kung-Fu,7c077e4d-83fe-4fe5-9c0e-f40397efa0c2
1998,1998,Top Cat,Chicago,8b3ceeae-797f-4d48-84ee-ff1e3f01eff3
1998,1998,Topazz,"The New Millenium: The Remixes, Part Two",8414b135-44da-3ab0-ac2b-4af5321b364c
1998,1998,Topazz,The New Millennium,be3cd532-ca76-311b-9c13-9da7a620e65b
1998,1998,Topper,Cwpan Mewn Dŵr,4b71fd72-cff4-3a66-a34a-50e3ebe37ee1
1998,1998-11-24,Tori Amos,Cruel / Raspberry Swirl,a41818b0-5f9a-375a-b254-90c0bb69595d
1998,1998-09-15,Tori Amos,Jackie’s Strength,63762ac3-0e2e-39d4-bb70-ac95a77722fa
1998,1998-07,Tori Amos,Raspberry Swirl,2651e0f8-ffde-3579-a78c-7527a6e1a730
1998,1998-05-18,Tori Amos,Spark,3001e193-8784-3aca-93c4-8d35cdcf87d9
1998,1998,Torsten Stenzel,It's All in Your Hands,f900b83d-772b-3831-8444-ec460086b434
1998,1998,Tortoise,Derrick Carter vs. Tortoise,f0d3dc8d-16d6-4b38-80c1-1e0cc7433743
1998,1998,Tortoise,Ten-Day Interval (Autechre Remixes),763ae847-9f0e-30c0-8356-49a9a8d25999
1998,1998,Tortoise,Tour 1998,af736fdb-9441-3f14-9135-0db543a73ceb
1998,1998-04-01,TOSHI,さようなら,fa4c4432-56a1-4fb4-9e63-c814d40b7d0e
1998,1998-07-23,TOSHI,君はいないか,4452f40d-5f0e-4261-a5ee-384947118153
1998,1998,Total,Mountain Tasting,5b46a3b1-07cf-4c81-87ab-8aed2f1f66da
1998,1998-10-17,Total,Trippin’,4af57a51-266d-326e-9ba4-41ee54164e7a
1998,1998-06-18,Total Science,Espionage / Network,23e8b298-9696-4896-ab09-2d240764a7b9
1998,1998,Total Science,Life Cycle,00f21d8e-8d13-4137-9adb-40873d3e4346
1998,1998,Total Science,Stepback,e0184ead-6e82-4d28-be7d-8d80103b8854
1998,1998,Total Touch,I’ll Say Goodbye / Doo Be La Dee,cc91f936-0a36-4111-a4a5-14e7ce83bdb0
1998,1998,Total Touch,Love Me in Slow Motion,949c92d1-0ec4-4030-accf-2ace2b202065
1998,1998,Total Touch,“6 Tracks”,e6f383be-25cb-47b7-afbd-097f33f407d2
1998,1998,Touch and Go,Would You…?,500e381e-ea36-3606-88f3-fccec3a1e8dc
1998,1998,Touch of Joy,Feel All Right,2edd0557-938b-413b-adb4-c61c98a66da2
1998,1998,Touch of Joy,Let's Go Crazy,a28d3104-d14c-4264-bbbe-689ebba60954
1998,1998,Touch of Joy,Wild,a714ae5c-1379-4f9a-af3a-d73c6bf107be
1998,1998-01-19,Touché,I’ll Give You My Heart,2bb045f5-4737-493a-b85d-c88e1a6ae898
1998,1998-11-30,Touché,This Goodbye Is Not Forever,7e2b8f18-86d1-3ed8-865c-0ca65f25bc6c
1998,1998,Touché feat. Krayzee,YMCA,9ae102ee-5208-3be5-8e37-768962e1cb8f
1998,1998,Tour De Force,Catalan,de0e4d5e-47af-451e-a901-b3d261f73663
1998,1998,Towa Tei feat. Ayumi Tanabe,Butterfly,9df5bdf6-9ff1-3980-ae43-6953e5225e7b
1998,1998,Toxit Taste,"Runners Kookies: Remixes, Part 2",24ec94bd-b84e-3958-b23a-bc2ec99279cb
1998,1998-08,Toy Bizarre,KDI DCTB 49 / KDI DCTB 23,9ceb6a0e-17b5-4118-b942-dde57b592d88
1998,1998-11-12,Toy‐Box,Tarzan & Jane,b4a5cdd5-89b0-323d-a6aa-f6a46fb9a330
1998,1998,TQ,Westside,6ce5c26d-29b7-3ece-afca-331a89f9b62c
1998,1998,TQ One,Interactive / Singularity,fc6244c5-199a-317d-a33e-2edea124bfd3
1998,1998-03-27,TQ One,Simple Additives / Tunnel Vision,e44b7a85-2ca6-3791-9bd3-b1cc68712617
1998,1998-04-24,Trace,Sonar / Sphere,0be2897c-d5c7-3f81-b2a9-82e1f384fede
1998,1998,Track Star,Removable Parts,4f9b41c4-0aa3-4939-be70-6b0bcfd1b08f
1998,1998,Tracy Byrd,I'm From the Country,0dba6a89-89f2-4fc0-9c7a-7bf5233b7f09
1998,1998,Train,Free,9f65aec4-ea0a-45b5-b071-a0570d4a6dd3
1998,1998,Trak O Holik,Factory,110ffd10-8834-41b9-bc87-fd3393888ad5
1998,1998-02-02,Trance Atlantic Air Waves,Chase,15719a1d-23e4-3904-a720-42d62f3adcf4
1998,1998,Trance.Atlantic.Air.Waves,Crockett's Theme,9737409d-6c21-4a87-a6f9-e25564865d0c
1998,1998-02,Trancelab,Canyon,75ac7d53-018d-4027-a439-2dbd099fc0af
1998,1998,Trancesistor,Alaska,1a3dac6b-9616-4272-b80b-33639abca066
1998,1998,Transformer feat. Jay (The Grim Reaper),Can You Feel It?,5fae9f79-1cd2-4ef5-a51f-8964154e3506
1998,1998-12,Transient Waves,Born With a Body and Fucked in the Head,5546e533-bedb-3cba-a10e-fa835c0d074e
1998,1998,Transister,Dizzy Moon,cfcc48ca-0b2e-44ae-9e37-7924983279f3
1998,1998,Transister,Look Who's Perfect Now,2964b28f-dffc-3ad4-9cd8-f6f99cb9d612
1998,1998,Transitional,Not Even the Most Condescending Form of Noblesse Oblige,b5184fca-538b-393e-9201-4b66be5163f7
1998,1998,Transylvania 500,Go 500!,cb700c99-e2fd-438c-8f37-da0a8c7b0e65
1998,1998-07-01,Trauma,Higher,03b89207-d5a5-4e6c-97db-22d78f8143cb
1998,1998,Trauma,Higher / You'll Know,158d5925-8eb5-4448-bca8-7313230351df
1998,1998,Travel,Bulgarian,39ee5b0d-c7d4-4a60-a31b-2caf85c246c8
1998,1998,Travoltas,C'mon Rockcity,dac8c029-8e03-485c-8fe4-6d6fd1b88f9b
1998,1998,Travoltas,I Want to Believe,f0d12f97-950d-42dc-aa39-828ac999bdae
1998,1998-02-01,Tren Brothers,Gone Away,2e1a090c-b025-47c8-8b23-08976996d327
1998,1998,Trend,2 Degrees 2 / Anthem,003520b3-43a3-4cd4-8da9-6c5a9f45a09f
1998,1998,Trend,Tune Your Bass (Mixes Part 1),4abfe3af-83e8-439e-81c1-b8a7d3250e43
1998,1998,Treponem Pal,Funky Town,3748b7d7-01b0-4df7-8a96-ec4c849a874f
1998,1998,"Tres Diablos feat. Vinnie Paul, Dimebag Darrell & Rex Brown",Heard It on the X,3eb8ccfc-602b-48ba-b173-4210f59cbc3a
1998,1998,Trevor Reilly,Down With the Underground,4ec0aa35-56f7-4553-8669-b452406daf3f
1998,1998-09-23,TRF,BE FREE,098f277a-d8d8-4ebb-82f1-f4221a5a089f
1998,1998-11-05,TRF,embrace,c5a46270-8ce4-484f-b7a6-55b6cbfeee40
1998,1998-03-25,TRF,Frame,578bcb57-4248-417a-8c45-d63acdf19515
1998,1998-04-29,TRF,TRY OR CRY,5936f4c6-8bc8-4074-b954-7c74a6384719
1998,1998-02-18,TRF,Unite! The Night!,6af2bdc2-de61-4031-b6ce-213d914648a6
1998,1998,Tribal Warriors,Blokhaus / Devils Cream,0e4a44c6-c521-47d0-a6de-2c064c27d712
1998,1998,Tribute to Nothing,Enemy,5f6fc1bd-a64b-395e-84d2-c8625ae696f6
1998,1998-11-21,TRICERATOPS,FEVER,5715d8bc-0831-4a93-b73e-41ea1e1cc7ef
1998,1998,Trick Daddy feat. Trina & Tre+6 / Nappy Roots,Shut Your Face (Unclef*cka) / Riches To Rags (MMMKay),aaef875a-479f-4048-aa25-2ba254e0de8d
1998,1998,Trickbaby,Indie-Yarn,9e8ab942-3b0a-4dd3-9eee-e578c487a3d5
1998,1998,Trickster (CMV'S),Move On Up,17ba02f4-4b83-4fec-8c18-58a58fe62fd7
1998,1998,Tricky,Divine Comedy,3073ab95-e8a0-4a0a-87c7-77f1782a96b4
1998,1998-05-18,Tricky,Money Greedy / Broken Homes,d597218d-3aba-3e9b-8672-563a4012520f
1998,1998-05-18,Tricky feat. Polly Jean Harvey,Broken Homes,2a5803a0-3add-3e06-abd5-cc8c1ced08d6
1998,1998,Trijntje Oosterhuis,Vlieg met me mee (Het avontuur) / Someone Like You,b0c40ca2-585e-3850-964c-94abcc526bfd
1998,1998,Trilithon,Let Us Dream Away,47785ec8-9c3a-4e19-b322-fe91dc5d6d31
1998,1998,Trini Triggs,Straight Tequila,de377db8-a859-4c6c-8685-fbf9f80c4261
1998,1998,Trio Klaus & Klaus,Der Alpenexpress,dcc39d34-b181-42b9-b155-3ba6657547ed
1998,1998,Trip to the Moon,I Can Change,c762b8c0-c27e-3bdc-8d84-66445433bc47
1998,1998,Triphase,A Wonderfull Time Is Granted For All!,889373f4-a5fb-4e86-bdfa-bb5940d2eca5
1998,1998,Triple J,Deep House,ac599858-6ed3-4f76-a205-2a9d4061db20
1998,1998-01,Triple J,Wonderful World,8a2bd269-1a65-4802-81ca-23b8766ab822
1998,1998-03,Triple S,Whoomp! (There It Is),13179e75-1a1c-4195-bbfc-ba9aec0711e5
1998,1998,Trippex,The Revolution,318e53fd-adcd-49a2-8531-4cae8f60c4d7
1998,1998,Tripping Daisy,Waited a Light Year,a2b61973-e75a-4bdb-a231-da7302e3391e
1998,1998,Tristan Boccara,J'aurais Besoin De Te Dire,8f3ea9b8-e9db-4341-8312-e3d42fdd93e3
1998,1998,Tritone,I Know You’re Out There,528f15e7-1cd7-4744-9a8c-cac1f13340b0
1998,1998,Troop,The Way I Parlay,8cad1435-b7e2-4ee5-87ce-1418855cd042
1998,1998,Troy Cassar-Daley,Original Australian Working Man,684ccd54-e2de-4632-b9f6-ae0ea036f758
1998,1998-12-14,Trubble,Dancing Baby (Ooga-Chaka),45ebb1f1-5481-4316-b964-e6919e89fd4a
1998,1998,TRUCE,Eyes Don't Lie,30dd6b10-2a6c-4629-998a-d0ae3ee9aa3d
1998,1998,Truck Stop,Echte Kerle,eb732296-40ed-4204-b3bb-e5da9f4843c0
1998,1998,Truck Stop,"Hey, mach mal Pause",57d668db-850b-4789-abc1-5ec3ce1a3bf9
1998,1998,Truck Stop & Jill Morris,Uns're Herzen schlagen für den wilden Westenn,47ef6f3a-6c63-44cf-9e71-3cb07718cede
1998,1998,True Spirits,Smile,e8ccfa26-fa1a-3e02-82b8-c645901de646
1998,1998,Truman & Wolff,Come Again,bf65da89-2e84-3e24-8c34-170c90727e08
1998,1998-10,Trumans Water / I’m Being Good,Trumans Water / Im Being Good,03cc457c-8e58-429a-bf15-94e60cad85fd
1998,1998,Trüby Trio,Donaueschingen-Galicia,8b9503ea-c274-3c0c-b89f-796a1022329b
1998,1998-06-03,TUBE,-花火-,eca22c5e-d378-35f7-8154-2cb51954bfe7
1998,1998-08-05,TUBE,きっと どこかで,df826592-d9a7-3350-9a29-afa7b3c1ca21
1998,1998-04-22,TUBE,－純情－,02ee642a-4fc7-379f-9648-96752f9a4395
1998,1998,Tuck & Patti,All This Love,0676484f-d077-4fb7-8bbe-55f08487fb28
1998,1998,Tue‐Loup,En rasant les murs,2bbe3f4b-5839-43c9-962f-7ce54686305d
1998,1998,Tue‐Loup,Mon amant de Saint-Jean,4a403d33-d1f4-4d69-b897-6a70bf33d8dd
1998,1998-09-28,Tuff Jam,Need Good Love,ffbdf920-a39d-37d5-8533-ce8208703b48
1998,1998-03,Tuff Jam Experience,Experience,4e1cec9d-9810-4d45-a845-323de4b57c9b
1998,1998-12-12,TULIA,STORIES ~透明なままで・・・。~,80918166-923e-4dc6-bfcf-8c04fb5fedd3
1998,1998,Tulku,Meena Devi (Goddess),079a2399-f10f-4b74-b40e-d53d5c7a6334
1998,1998-04,Tumbleweed,Fang It!,8a42272f-ba6f-491c-a4b0-8a110d53cdcc
1998,1998,Tunduska,Blush Response / Comet Theory,3d5360de-9eaf-43d2-94d7-8cdfa23f1c9a
1998,1998,Tura Satana,Venus Diablo,20234f8d-3bb5-4738-95b3-50cdd1994a33
1998,1998-12-10,Turbolenza,Master of the Universe,5c9cdb22-9bc3-4c67-a010-83a8d6b23c32
1998,1998,Twelvetrees,The Lost Tribe,82e9a596-e33b-4698-9364-bd8bcfe86264
1998,1998,Twinkie,Dogs Die in Hot Cars / C of E,bdb6cbf9-c803-483d-8fd3-fbac0689da0c
1998,1998-06,Twisted Minds,Twisted / My Groove,720d162a-026c-4af2-8691-aed11872d91f
1998,1998,Twisted Minds,Volume 18,471b8623-912f-44d3-be5c-3ad98bd99bbb
1998,1998,Twisted Sister,Heroes Are Hard to Find,f7f92857-a8aa-3da1-ad59-86a87a0befed
1998,1998-05-08,TWO-MIX,BEAT OF DESTINY,fe683f16-c059-44a9-b42a-9b7810ebd86c
1998,1998-07-23,TWO-MIX,LAST IMPRESSION,dc9e6d87-be25-3e2f-9223-b66245dc96f0
1998,1998-01-21,TWO-MIX,TIME DISTORTION,153403a2-ce0b-4b0e-898f-fa38616329ec
1998,1998-11-26,TWO-MIX,TRUTH 〜A Great Detective of Love〜,6817beef-ee22-39b1-881a-0a8adf962d81
1998,1998,Ty Herndon,A Man Holdin' On (To A Woman Lettin' Go),a9b7c1b1-963e-4343-9393-8cf4fc5f4d6d
1998,1998,Ty Tabor,I Do,798dc83f-6575-34e8-a0b0-5ac15104c1e9
1998,1998,Tyree & The CEO,Way You Move,f81f4bb1-9b38-347a-8636-704e7b05e23a
1998,1998-10-12,Tyrese,Nobody Else,aca5ee47-30d4-4114-b39b-6d73a78e0a09
1998,1998,Tyrome,Electric Voodoo,52abc247-67f2-41e2-85d0-e32513e986d0
1998,1998,Tyrome,Electric Voodoo (Remixes),046f2241-0c98-45a7-aac3-7bdffe12f6d9
1998,1998,Tzant,Bounce With the Massive,1f55382c-653b-42e4-9d8c-a79902fe1a24
1998,1998-05-29,Tzant feat. ODC MC,Sounds of Wickedness,2474bbd3-8ec7-311a-8f2d-150fbdf19d6d
1998,1998,Télépopmusik,An Ordinary Life,4aa69872-7514-4121-a788-34a24ebf000d
1998,1998,Tüzmen,Unutamazsın,4f39fb6f-e4f6-4f3d-8b7c-82e433d8377f
1998,1998-12,Těžkej pokondr,Zakázané uvolnění (Icing the Puck),ecf6b2c8-ced5-34b7-95a2-a3f65b6234b4
1998,1998,T‐Love,I'm Comin',8a836920-73cd-4bc2-a24a-d26725b0b32b
1998,1998,T‐Spoon,Tom's Party,1574b728-c101-483a-a2e7-89c10acdf3bb
1998,1998,U-U-Maddo,All My Life,c6a72dd9-8cda-4145-b963-08752ce80e81
1998,1998,U.B.I.,Quadrophonia,e766b98e-3c15-4b84-a904-f1bd23fe0910
1998,1998,U.D.O.,Lovemachine,8b7bfe48-777b-41f5-8d74-22e23f327b77
1998,1998-09-14,U.S. Collective,Please Yo'Self / Ra Ra,ca151646-d5ea-4a63-b338-31acffadced8
1998,1998,U.S.A.F.,Kentucky E.P.,8ff22bca-678f-425a-b400-f97f93df5ca7
1998,1998,U.S.U.R.A.,Trance Emotions,6f74bade-467e-4b9a-bb29-d4befa900146
1998,1998-05-11,U.T.I,Rhyme Bomb,c7964544-c16d-4be4-9d6e-f0701b05969e
1998,1998-09,U2,Sweetest Thing,32a75d01-07b1-32b9-b3cc-2d35dcc235e9
1998,1998-09-21,U96,"Beweg Dich, Baby",e77a70b2-4076-37ec-b371-940793ebcc54
1998,1998-05-11,U96,Energie,e4db65bd-9c2c-3e97-9a15-a4aa64e759cd
1998,1998-02-25,UA,ミルクティー,5ae23f53-6b04-3a00-b6a2-131bf2c46517
1998,1998-11-26,UA,数え足りない夜の足音,de3da396-77f7-35bd-b56e-ad8e8c890fd6
1998,1998-05-21,UA,歪んだ太陽,086a0ee1-57d2-3704-af2f-07318327a2e0
1998,1998-09-28,UB40,Come Back Darling,3e288717-f9c6-366c-a513-f77fad6df0e7
1998,1998-12-07,UB40,Holly Holy,01fcc24b-fe88-37d5-aa9f-024ced9cce91
1998,1998,UBM,Lovin' You,edf2137b-5ef1-3664-91a2-eb3e4f346faa
1998,1998,Udo Jürgens,Lieb Vaterland,0c16de9a-9a71-4985-9d01-95a428599b2d
1998,1998,Udo Jürgens und Das Österreichische Fußball-Nationalteam,Wunderknaben,99757067-9e99-44c6-ba31-268d14ac0570
1998,1998,Udo Lindenberg,König von Scheißegalien,5a10732c-2b2b-4f5a-a95f-99c01d8b2216
1998,1998,Udo Lindenberg und das Deutsche Filmorchester Babelsberg,Cello,168616f0-e720-483c-b74b-2316d6e839fb
1998,1998,UFO,Volume 5,1ea7291f-daf6-4c1c-9641-e72b3137aa1e
1998,1998,UFO!,Future Movements,11d9e131-c275-4843-88f1-56f3256d6a8d
1998,1998,Ugly Boys Feat. Ice Tea,Music Business,8893c156-e4e2-4cb6-891c-a6c154a88681
1998,1998,Ugly Duckling,Fresh Mode,7b0ba419-6242-4c80-bc7d-41ffb8c2e0f1
1998,1998,UHF,Quando (dentro de ti),14a67658-a341-479c-a6f3-27603454ae8e
1998,1998-11,UILUS,カルテ V,68155cdb-7378-470c-8bf5-f049461be370
1998,1998-10-12,Ulf Lundell,Ärrad och bränd,cd29573f-1d94-4aff-b848-d31aa8b1cfb4
1998,1998,Ulrich Tukur & Die Rhythmus Boys,Musik hat mich verliebt gemacht / Schluckauf Mambo,77204341-447d-40f6-a489-dff47475d80a
1998,1998,UltiMATE,Perfect Silence,639ef8c8-c64b-48f2-8c1e-ca4d3aab9d38
1998,1998-12-21,ultimate eden,「eden」~Humanical Garden~,e613c78e-6563-4dc8-ac16-bb9796d83a68
1998,1998,Ultimate Kaos,My Lover,547b3088-5594-468c-8cef-a10f98a528f8
1998,1998,Ultra,Say It Once,016a7e2f-58bb-34cb-a4c7-3a4b1d2d79b0
1998,1998,Ultra,Say You do,bd1c84ef-d23f-4262-b415-c894c7d18b37
1998,1998,Ultra Bra,Tyttöjen välisestä ystävyydestä,f21478bf-b705-36bd-8f43-2f013e915731
1998,1998,Ultra Living,Homesick,ee4762d6-a762-4398-b36b-708a36308ac3
1998,1998-03,Ultra Milkmaids,Jain Umpoulet,c3f9038a-041c-302e-a75c-ecb9da501b8a
1998,1998-03-31,Ultra Naté,Found a Cure,af10fcd2-7138-4cfb-bfbf-9e9aa0e17071
1998,1998,Ultra Naté,New Kind of Medicine,74dc0c2c-bb2b-49fd-a9b7-d3f05a5f2b3d
1998,1998-07-13,Ultra Naté,New Kind of Medicine,a3a7c87a-4c7d-33fe-9ebb-f4c39a45777e
1998,1998-02-23,Ultrasound,Best Wishes,df792111-52af-3a3a-9411-1c9531d92068
1998,1998-06-01,Ultrasound,Stay Young,21d52609-aa75-3694-8041-abbbf9181b59
1998,1998,Ultrasound,Ultrasound Sing Five Songs for Europe,6e4ce8c9-ba3d-4aad-9350-fce992477a9a
1998,1998,Ultravibe Featuring Dead Dred,Light Speed / Shallow Depth,c79b3196-70e4-4947-af3b-14ef7e013849
1998,1998,Ultraviolence,Paranoid,79fe25f8-b80e-3176-8f5a-b2bcc36b1b64
1998,1998,Ultymate feat. Jacquee Bennett,Vybe,56890417-92b9-468d-b2aa-443955f78ace
1998,1998,Umek,732,aa6efc43-47a4-4c37-982a-5f0b8d3d518c
1998,1998,Un-Tidy DJs,Untidy Dubs presents Funky Groove,9814866c-7758-3139-a022-8767f49adae1
1998,1998-01-26,Unbelievable Truth,Higher Than Reason,a04e36bb-3036-3e0b-aba7-3f6d3a9b89c9
1998,1998-07-06,Unbelievable Truth,Settle Down|Dune Sea,53d38c1b-6f3e-3abe-8c35-deee38faf70f
1998,1998-04-27,Unbelievable Truth,Solved,de014b6d-d7ca-331c-99f2-c78ba88d386e
1998,1998,Unbelievable Truth,Stone,e055ede6-ca44-30d6-b390-98782c5b7624
1998,1998-09-17,Uncle Sam,Baby You Are,b79eb929-fd7b-4705-b9c4-48c510c71d07
1998,1998,Uncle Sam,I Don't Ever Want to See You Again,bfc41e4d-bd56-3786-be89-de61d863d7df
1998,1998,Undeclinable Ambuscade,Trapped,a8e73a75-8b7e-44e8-975f-5221c032ee5d
1998,1998-05-18,Undercover Agent,Cosmic / Full Metal Jacket,82c5d981-9ced-44ad-86c4-3f5bba2fd595
1998,1998,Undercover Agent,Crazy Shit / Everytin's Ready,afaf1cec-eea3-4ec9-8c7d-349f9440dc22
1998,1998,Undercover Business,Opera / Ten Commands,2e5cab03-f667-4680-81a1-ff5e8283178c
1998,1998-11,Underground Lovers,Cold Feeling,9507cd4c-3068-408c-8a88-4d228e1e0006
1998,1998,Underground Solution,Tears,6147ccea-3c46-4fe0-9911-1bc17ee0e3ff
1998,1998,Underground Sound of Lisbon,Are You Looking For Me?,6ec1a382-aee1-462d-92f3-dbfd887f4e9d
1998,1998-03-06,Uneven Surface,Dog Inc. / Slacker,aec2d5ad-1585-417c-9d95-1c79d3cffbf4
1998,1998,Ungelenk,Umbakalacka,deaef6a8-c1f5-4188-80e9-3b3960c68724
1998,1998-05-11,Union,October Morning Wind,18a53e34-911e-4402-985c-e6cef4aec111
1998,1998,Unique,Feelin' Fine / Distant Skies,34884969-f6c1-40ad-89b8-b10c2647d581
1998,1998,Unique,Higher Ground / Feelin' Fine (remix),3ee24f88-48ea-49e4-bd34-4fa44dbefad7
1998,1998,Unison,Marine Codes / Life Dreams,7d8ac2ad-148b-4c28-994b-11fa21e96829
1998,1998,United Citizen Federation feat. Sarah Brightman,Starship Troopers,b166e891-7360-3ca2-bbb3-a3c9ad08cbca
1998,1998,Unity,Galaxy / Gravity,94b0f39d-0675-4850-bdda-dfde6b565798
1998,1998,Universal,Peril Point / Groove Therapy (Photek Remix) / Mind Games,a0c40916-579f-4574-8d05-e023a53a6b3e
1998,1998,UNKLE,Guns Blazing,45cd38dd-39ca-462d-b36f-43b1af77e771
1998,1998,UNKLE,If You Find The Earth Boring,5d1a2156-e2a0-4fc0-b8b1-25adb79443f1
1998,1998-02-21,UNKLE,Last Orgy 3,6ec85df3-d4e3-30cb-b66b-b9254a60ba02
1998,1998-10-12,UNKLE,Rabbit in Your Headlights,68366b27-789e-3a98-894c-9b2e712beabe
1998,1998-02-21,UNKLE featuring Nigo & Scratch Perverts,Ape Shall Never Kill Ape,1145fde9-814f-32ba-8456-1b4704750ca3
1998,1998,Unknown Artist,Untitled,1d71d952-f8e9-4d54-8c18-8ecf0a9b06e3
1998,1998,Uno Svenningsson,Simona,a3c5244e-7198-48fe-b864-752ac071232e
1998,1998,Unsung Heroes with Siah & Yeshua Da Poed,The Norm / Transatlantic,f4183c7a-993f-4ea6-8234-0d1bb1ed7e73
1998,1998,Unwritten Law,Lonesome,b3cd07a1-94c1-36be-9dae-b9dd7048cd0a
1998,1998-09,Up-Rising featuring Tina Harris,Hands To Heaven (And Pray),38f7a00c-f509-4f2f-922f-632cc4b5a886
1998,1998,Uphonic,Flash: Electronique,632d15cc-aaa3-49cc-8d35-f930b512b463
1998,1998,Urban Menace,Phenomena,d0a7ed57-e403-4bc7-ba5c-ea46ed1d1d67
1998,1998,Urban Noize,What U Want / 2 Hearts as 1,cdbcff44-23b8-446b-95f3-4454f73f1f1c
1998,1998-07-13,Urban Response,Mission Complete,b96d83a7-d44d-3eec-8b57-6096cf14a48e
1998,1998,Urban Soul,Love Is So Nice,1f54984b-70a6-333a-bcd5-6af9628fdda3
1998,1998,Urban Species feat. Imogen Heap,Blanket,6abb7252-83ed-3c69-8adb-d92fbb6c4daa
1998,1998,Urban Tribe,D-2000,f14a0062-8136-3667-9ac9-836a92147434
1998,1998,Uriah Heep,Heartless Land,271f0976-e824-450d-ac7d-db4b7e91380d
1998,1998-02-09,Urusei Yatsura,Hello Tiger,66a085e9-d1af-3c62-99fb-575db7b662a4
1998,1998,Urusei Yatsura,Hello Tiger (Peel Session version),c42a9231-802c-36d4-94a1-edff297a2c35
1998,1998-05-25,Urusei Yatsura,Slain by Elf,c2bf3e33-323c-326a-a518-eb897295d66e
1998,1998,USG feat. Monica Elam,Life 4 Living,dd12857a-e3b6-3dea-87fa-dfb49977edb3
1998,1998,USG presents African Blues,Coconut Jam,455da3f2-a1f2-3f79-9416-29bec34dba66
1998,1998-06-09,Usher,My Way,863da476-aecb-3175-8a53-b55c3702c504
1998,1998,Usher,One Day You'll Be Mine (remix),71ebe269-1dda-4494-af83-a82cc0f6cb54
1998,1998-03,Usuals,Cupid,c32bfbc8-0d63-4c91-8efc-a447136d7347
1998,1998-11-15,Uta Bresan,Laß mich noch einmal träumen,2f8ac0c0-5d5d-4e83-977a-6d068c50ddfc
1998,1998,Ute Freudenberg & Wolfgang Ziegler,Es gibt für mich kein fremdes Leid,c3cdabc7-bb6f-4188-9583-b2ddec0f00d6
1998,1998,Uwe Jensen,Cleopatra,b4f5e6b7-bcbb-480c-9f88-1808ca80f301
1998,1998-03-11,V6,Be Yourself!,99c0df93-97ab-492e-9f30-920dc446569d
1998,1998-11-11,V6,over|EASY SHOWTIME,4c3e4ac4-a54e-4cf8-9c8a-6a76ade22798
1998,1998-07-15,V6,翼になれ,7b403038-0415-4aba-bd61-7ba1b9b3f3de
1998,1998,Vacuum,Let The Mountain Come To Me,ab0c5241-48c2-49ac-9d0a-7aeff8faf8b5
1998,1998,Vacuum,Tonnes Of Attraction,93c94db0-7632-4d07-8cf9-635938dfcd13
1998,1998,Vagabonds,Lord Help Me Survive,7cf115fd-b62c-4a08-b033-4d42767a2222
1998,1998-01-01,Valentine D.C.,カーテンコール,c594f932-f285-41bf-82b5-cc18f3d45b5c
1998,1998-09-19,Valentine D.C.,春雷,87a171c2-1c9c-4b25-b68b-4ae8e320c426
1998,1998-06-20,Valentine D.C.,道に座って～go all the way,8b38fb67-e695-4981-99cd-70b6d46be1a5
1998,1998-05-15,Valeria Vix,La Morocha,2cde4cca-8a80-4034-87ed-3653110da3af
1998,1998,Valtava Kääpiö,Melodia,a733563e-1868-4ac3-adf2-88fdb4438a07
1998,1998,Van,Ice Got My Love,f22d19e3-9b57-4653-bd71-d9eceeb8534a
1998,1998,Van,Ludwig Van,760d7160-cec6-49ae-9076-e26aca76d2c6
1998,1998,Van,Winter In Paradise,2927d80d-cdf3-4386-9775-31f296326389
1998,1998,Van Dik Hout,De keuzes die je maakt,19bcf5a0-34d1-308a-9247-ff950ff8a87e
1998,1998,Van Halen,Fire in the Hole,90e04dc6-39ec-4a1a-a98f-df83f36e17b4
1998,1998-02-19,Van Halen,Without You,57774094-c561-45fa-8ee6-47ad301345a0
1998,1998,Van Vollenhoven,Dam tot dam,5c093d25-9794-4c1f-b31d-05642c52e800
1998,1998,Van Vollenhoven,Duizend lampionnen,0f5d7496-bd88-4435-9434-cd96cca9e2ce
1998,1998-03,Vance Orchestra,Hot Water Music,893ad43d-ade7-4e1d-a8fe-80655d56aca6
1998,1998,Vandalism,Blessin' The Funk,608d6674-119c-4730-b9d2-470261aa77df
1998,1998,Vanessa L. Williams & Chayanne,Refugio de amor,532aa3af-b88c-4f0f-a2d5-ad4bfa7cc212
1998,1998,Vanessa L. Williams & Chayanne,You Are My Home,7ff98c08-5c89-4106-a2ae-1d20ee33c686
1998,1998-02-06,VANITY,何気にブラボー,11dc0390-8f77-47ea-95ff-7fff7fc32606
1998,1998,Vapourware,Lightning Beats,d607d574-2723-4356-b1e2-d1088f675756
1998,1998-10,Various Artists,18 With A Bullet,f9d01167-bbb0-45b9-a8d8-2aafca1ce802
1998,1998-12-25,Various Artists,1998 Fanclub Single,c99bb8f9-2171-3a2b-9e83-91c9fb64e931
1998,1998-03-27,Various Artists,20th Century Blues EP,8d06a039-e73d-3451-b6fb-c721f73dc85e
1998,1998,Various Artists,30 ans après Martin Luther King,3fcb7796-6a0c-47dc-b336-d7a0310b86ac
1998,1998,Various Artists,[untitled],da45f4a1-f5c6-3047-9f54-08652ad58e93
1998,1998,Various Artists,A Night at the Roxbury Megamix,891a7c0f-f636-41c2-a146-0f9996da8b4f
1998,1998,Various Artists,An Irish Party In Third Class,b4cdcfe6-ffa5-4557-973b-4960a80f8a5e
1998,1998,Various Artists,Bite Hard: The Music De Wolfe Studio Sampler 1972-80,323eec8b-a34a-4f43-bf8c-7ce1d2892220
1998,1998-04-21,Various Artists,Bビーダマン・ソングス1 しろ盤,8c85f6b9-d517-47b3-be1e-32df67be1b10
1998,1998-04-21,Various Artists,Bビーダマン・ソングス2 あお盤,32495a4a-322b-4cf4-9e9a-a88285412ca3
1998,1998-04-21,Various Artists,Bビーダマン・ソングス3 きいろ盤,a40d6b92-f8a0-4b34-838a-8db6302eb5fe
1998,1998-04-21,Various Artists,Bビーダマン・ソングス4 あか盤,090509b1-d0c4-4cb4-ba70-4b511928edc7
1998,1998-04-21,Various Artists,Bビーダマン・ソングス5 くろ盤,c6a3b475-5dc1-4858-9208-bc40458d97ce
1998,1998,Various Artists,Der internationale Gold Hit-Mix,11101681-e616-47df-8540-a48921675b7c
1998,1998,Various Artists,Dive Into The Dance Mix,b00f861e-1897-4407-a5aa-765037870f5c
1998,1998,Various Artists,Emotions / Can't Get You Off My Mind,432e234e-b0e9-47b0-a2a4-7b862378075e
1998,1998,Various Artists,En introduktion till samlarserien Klassiska musikstunder,c87671b9-bdd4-4acd-9d92-3d5ade5f22b0
1998,1998,Various Artists,EY-YO! (The Reggae Virus) / Work,0560dd9a-627b-4955-84e0-45baa74953c1
1998,1998,Various Artists,Hip Hop Independents Day: The Sequel (Record 2),2360b32b-172d-35b4-bb7b-1843df4bdd51
1998,1998,Various Artists,Hip Hop Independents Day: The Sequel (Record 3),973db9a4-1796-3d5b-a326-15ba1fa1a399
1998,1998,Various Artists,In Trance We Trust 001 Sampler 2,93c89324-1e24-4b02-be4f-8ea9367d900b
1998,1998,Various Artists,Kellogg's Classic Rock,b2f46f99-0205-4df5-9969-9ed99a13ffee
1998,1998,Various Artists,"Mixtape, Volume 3 (Sampler)",7b5a5973-740f-3bdd-a14b-8e4453fbe361
1998,1998-10,Various Artists,Nu Skool Breakz Vol. 2 (Sampler 1),bce466b3-fedd-4212-ab64-2c7ed98d8347
1998,1998,Various Artists,On fait les choses / Si les lyrics,b629a393-820e-44ef-83eb-5e398c6e80e2
1998,1998,Various Artists,Ooga Chucka / Energy & Dreams,6122ac64-1411-4b8d-9ee7-b90d8e56b31e
1998,1998-07,Various Artists,Psychogeographic X,0c840504-e3fd-4c42-8bc4-df5633743155
1998,1998,Various Artists,Psychogeographic Y,38adccb6-5dc7-4734-8de4-f1ae8ede9e89
1998,1998,Various Artists,Radio Contact Hits 3: The Daewoo Premium Mix,50dbfe9e-3e7e-4c2e-bb4b-3acb6eafea7f
1998,1998,Various Artists,Scénic,e82a8b35-f44e-4bb1-8681-01b059f364d5
1998,1998,Various Artists,The Avengers,0d00967b-7435-48bc-a958-3cb4217272a3
1998,1998,Various Artists,The Panda in a Big Vanda Tour '98,25c130d2-10a7-49b7-8d89-da1da44a3ea9
1998,1998-09-05,Various Artists,The Subspace Encounter,1c0e5fee-7434-3b4c-8d35-ff0703e133d7
1998,1998,Various Artists,The X-Files: Fight the Future,c06f6ded-ec14-3db6-ba0f-705e678b6099
1998,1998,Various Artists,Thunderdome: School Edition ’98‐’99,3bc4907e-f3d1-4635-ac40-ed3d3651f350
1998,1998,Various Artists,Work With It / Everyday Darling,50dda400-57a9-3c68-9998-bba984e08700
1998,1998-04,Various Artists,Yr' Head Is a Rock,00fbfd95-a353-3a79-87b5-a8d2c04b42cf
1998,1998-04-21,Various Artists,コロちゃんパック Bビーダマン爆外伝,d298973f-89d6-4b3d-94b3-08150e70523d
1998,1998-05-30,Various Artists,コロちゃんパック「Bビーダマン爆外伝」~倒せダークビーダー!アクション編,8ddc7fd2-4706-4de9-8b0e-8df97ea7ac29
1998,1998-11-18,Various Artists,サクラ大戦2 奇跡の鐘 〜So special a day〜 / Happy Day Happy X’mas,3e901ca2-9f80-4ff5-83c6-9670c5437168
1998,1998-03-21,Various Artists,吸血姫美夕 ～スペシャルドラマ II～,bd80258e-ebbc-4fd1-b548-58cbea363b72
1998,1998-02-21,Various Artists,吸血姫美夕 ～スペシャルドラマ I～,473b5772-95ca-41b7-a8cd-c5713abdee71
1998,1998-11-21,Vasalla,is not TRUE/十字架,b4d7b0da-770c-4408-99d8-65821c0f8c33
1998,1998,Vaux,Long Wave Radio / To Write A Symphony,1ddde716-d680-4182-92a2-ab7aea45c5f2
1998,1998,Vaz,Hey One Cell / No Leaf Clover,8dd30595-0ae5-33f8-aa7d-44af7f927ef6
1998,1998,Vector Mode,The Way You Talk,dac666cf-f07f-4a73-8422-47741bb908e0
1998,1998,Vector Two,War Zone,5c703cd8-cf6f-4df3-b789-f90cadbda22c
1998,1998-01-26,Veljanov,The Man With the Silver Gun,a5e7b288-cd28-32d3-bded-aac64f8e5749
1998,1998,Veljanov,The Past and Forever,daf00b06-544b-4553-a4d8-923b9e1e9eab
1998,1998-08-08,vellaDonna,CAUTION～我が闘争･壱～,c85cbb67-c61c-3e38-9fc0-b9b4d8572f1d
1998,1998-09-09,vellaDonna,SABOTAGE～我が闘争・弐～,74c6bfe4-9cfe-4d1a-bdd3-755c9df56330
1998,1998-10-04,vellaDonna,フェルマータのフェルマー,e3c7c072-b183-4bb3-9120-9f74828342b9
1998,1998,Velocette,Reborn,04d9ae1c-899e-4903-9f76-147488892674
1998,1998-11-02,Velocette,Reborn,c1dc89d6-9b3f-4cf4-a016-8d7d3a449a25
1998,1998,Velocette,Spoiled Children,51b21e6c-e3be-4ea3-bef2-c4ce5a2e2e96
1998,1998,Vengaboys,"Boom, Boom, Boom, Boom!!",cd9ba54c-094f-33ac-a470-8a91a5a127af
1998,1998-06-22,Vengaboys,Up & Down,dc1d82a7-43db-3bab-99ab-3167e7ff0d1f
1998,1998-06-22,Vengaboys,Up and Down,0538c4f7-ea4c-4ab9-9c85-7366d6aa13ac
1998,1998-10-19,Vengaboys,We Like to Party! (The Vengabus),038d239a-e296-3991-b531-1a91ee045532
1998,1998-07-01,VENUS,Love Letter,98a247d9-af44-42bf-bc09-2e9797bdce78
1998,1998-11-21,Venus and Mars,Redpurple,9804024f-5d69-4cb6-9cca-5f8762303864
1998,1998,Verena,Heartbeat,b559f1c5-8122-36e7-926c-14b5061ea445
1998,1998,Verena,Part of Your World,fff923db-dc32-3747-b082-1020c81aa0bd
1998,1998-01-06,Vermont / Ida,We Only Have Each Other in the Night / Don't Get Sad,e3a04241-9e9a-4363-baf1-c7da78c289ae
1998,1998,Veronica,Someone to Hold (Johnny Vicious Remixes),5aed3ded-4c61-302c-9793-43775495a501
1998,1998-01,Veronika Fischer,Ich muss dich seh'n,a0fdd1b6-8724-46cf-a2de-7e65011401c5
1998,1998-09,Very Secretary / Compound Red,Post Marked Stamps No. 7,6e06f710-2652-4f99-a088-36e9213be4e2
1998,1998-02-16,Vibe Bar Rejects,Mardy Alan / Devil Maker,7b64683c-bb02-3fdd-814f-d07f8aa67478
1998,1998-01-01,Vicentico,Gasoleros,4bec69ed-fbcd-42bc-832a-6c8215b4477e
1998,1998,Vick Moore,Breathe,48457f3d-6be8-47a9-806b-3aad40c9614a
1998,1998,Vicky Leandros,Du,b8c88b28-030e-4360-88d2-2415f2804760
1998,1998,Vicky Leandros,Durch deine Liebe,2d45c446-1a4c-4b6f-aabb-fa0dcd82cbbf
1998,1998,Vicky Leandros,So stark hab ich noch nie gefühlt,bd55653d-6afd-4d44-b0ed-6cc6df811ef8
1998,1998-04-06,Vicky Leandros,Weil mein Herz Dich nie mehr vergisst,479302da-8aa7-4e2c-8eee-f4a7396f04c5
1998,1998-09-21,Victor Romeo,Inside You: S Gurley Remixes,4b61729e-8fe1-4446-bee0-3c327b6ed10d
1998,1998,Victorio Vergara,Mi Amiga Santa Librada,803db54e-56a0-4500-a11e-2240ff341b80
1998,1998,View to the Future,Unicorn / Nightdust,16c77a8a-95c2-35a5-a13b-ab77fdc0fa22
1998,1998,Vigilante Taktix,Diamond In Da Ruff EP,b1e2dc49-1b30-4cad-afd8-f13ad88dac08
1998,1998-11-11,Vim!,Ears Fear,d3190b48-b97d-3696-8fca-d2b42b4693ee
1998,1998,Vince Gill,If You Ever Have Forever in Mind,71b72ba5-a1ca-4039-8c16-212eceffb645
1998,1998,Vince Watson,Mutator / Glow,72271398-8c54-4f26-acda-dd1af783a8ef
1998,1998-05-31,Vincent de Moor,Flagpoint,cb37a9aa-4abb-420b-9671-fb342c812748
1998,1998-06-14,Vincent de Moor,Nightexpress 2000,90410345-7fdb-47ae-8894-6fdd473d5785
1998,1998-03-04,Vincent de Moor,Orion City,3b0abd51-47c0-4225-9ce8-8e6f085fe5a4
1998,1998-03-14,Vincent de Moor,Spring Drops,b07292c5-e528-47a1-ba56-d667306ff6d7
1998,1998,Vincenzo,Peace Is Not the Word to Play,5bab1b37-b253-3ddb-a781-684b1106bc13
1998,1998-11,Vintage Future,Antimatter Premium Unleaded / Frequency Snowstorm,fd0abae6-dfbc-4282-8f17-4679e8f10aae
1998,1998,Vinyl Syndicate,Man of Steal,58ce0280-31ce-48fb-b8a6-cda14b866dbf
1998,1998,Vinylgroover presents Select,High Spirits / Heaven's Just a Step Away,5d747ae2-43b7-44a1-8a9a-408bb7769114
1998,1998-12-14,Viper,Blue Sunshine,8d119496-a732-42fb-b424-4af4f0eaca6a
1998,1998-01-26,Viper,The Twister,466bfdc5-fa22-39e2-87b3-6175385a121c
1998,1998,Virtual Frontier,Cyclotron,dfd0a03d-a0c0-421c-9cda-cea099e1de64
1998,1998,Virtual Reality,Love In Paradise,256cf551-fb00-4c0b-8858-908b6c5263f2
1998,1998-11-23,Virtual Zone,Heaven,552fce59-f241-4815-bda0-f09446ef6c1c
1998,1998,Virtual Zone,Virtual Zone,ec66141f-9726-30f6-bb59-54d99d757d6e
1998,1998-05-23,Virtual Zone,Virtual Zone (Tom Boonen Remix),2a8a7272-a2a4-4f93-bcf4-8fff83e28568
1998,1998,Visionaries,Couch Potato,305ee713-6573-44a9-9894-eff12f55794a
1998,1998,Visitors,Love or War,aab8a14b-46e9-4895-8970-50777e2b39c8
1998,1998,Vitamino feat. Da Force,What I've Got,49af33fe-5858-4150-9b5c-f71dd17ef2f0
1998,1998-02-09,Vitro,Set it Down,f3f43540-5dea-46dc-8a0d-fcdc35fee87c
1998,1998,Vivi,Vrienden voor het leven,25b581d1-960c-4d1b-8ced-6b7a4660543d
1998,1998-05-18,Vivian Lindt,Begrab meine Liebe (am Fluss deiner Sehnsucht),ca88fadd-32ce-4179-9e26-c649672d18b6
1998,1998,Vivian Lindt,Du hast mir unheimlich gefehlt,9f28291c-13d2-4b91-a293-7b6dff690c92
1998,1998,Vivian Lindt,Wenn du dich traust,fd38dab6-cf14-40de-bdab-507c53ce1038
1998,1998,Vixen,Never Say Never,9e59efa6-0e54-4963-95ca-4c8179c43029
1998,1998,Vlado Janevski,"Не зори, зоро - Somebody Stop the Dawn",fe5fe341-2df0-4622-a370-a1199d1b0311
1998,1998-04,Voices of Life,The Word Is Love (Say the Word),2bf2aa21-661d-43e7-8edb-6da18b70b445
1998,1998,Voices of Theory,Say It,d93251b6-58a9-374e-a6cb-b1abfb984fd7
1998,1998,Volcov,Guidance / Oblique Strategies (Digital remix),4fa42433-8a4c-4115-80d5-7e6a90391133
1998,1998,Volcov,Oblique Strategies / My Auntie's Armchair (Matrix Remix),c25ab51d-dce0-49ec-aaaf-1a2a4d3ac638
1998,1998,Volker Rosin,Solino lädt uns ein,a78f3a49-cb45-43a0-99f6-0c3cb152a059
1998,1998,"Vollgas & Herwig Rüdisser, Ewald Pfleger",The Power of Black & White,bdcadd05-b974-450a-a80d-2053dbeaa6e9
1998,1998,Volume,Check This Planet - I'm Gone,f4dc382e-8ab3-49e5-9c00-4cf26e64e25a
1998,1998,Volumia!,Afscheid,59fb9cc1-d804-33cf-9e3b-0c6e81c68609
1998,1998,Volumia!,Hou me vast,200a04b9-8cb8-36f1-a12f-cdf292d2db00
1998,1998,Vonda Shepard,Hooked on a Feeling,27a08b87-a837-47e0-ad41-4c8fe3942b13
1998,1998,Vonda Shepard,Searchin’ My Soul,7682e2ff-bfb6-43a6-b7ae-d4a7ca1918d4
1998,1998,Voo Voo & Jafia Namuel,Karnawał - pozytywne myślenie,d3d4fdab-7d44-46f1-a4f4-6669c7f923fc
1998,1998-01,Voodooamt,Voodoopussy,bd7bf0d1-c09f-3981-aabb-fd4c898e8477
1998,1998,Vortex,Hi Band / Crystal Wind,a3eec3c4-c7fe-3701-aaac-931d0cf14c0c
1998,1998,Voyager,Beatnik / Apollo,f71d3354-9e20-37dc-95f7-0911bb928dd5
1998,1998,Vérité,Pleasure / Funky Spy,03734ecd-3216-4f43-9729-ecf5ca9ca58d
1998,1998,W,Duke's Up,505e1e2c-b91f-4d32-ac69-5528934f4399
1998,1998-11-15,W-VISION,この夜を駆けぬけて,622c83c9-ef8d-4700-86f1-e6f167cbaa13
1998,1998,Wackside,Turtle Funk,a060b2f3-32aa-4c81-9e91-b14d8ea9348a
1998,1998,Wade Hubbard feat. Dana Glover,I've Seen The Signs,c9a1ebc8-45ac-492a-b682-325ad293ab43
1998,1998,Wag & Y.O.M.C.,Futuro,87a164f9-6f81-4c5a-9e76-b773a228d054
1998,1998,Wagon Christ,Lovely,2de0652e-54a5-346b-8a64-b83e74d4057c
1998,1998,Waldeck,Children of the Ghetto,71f5d154-218c-45e8-80ba-c3e95c637cc2
1998,1998,Walkmen,Fortruss / The Countdown Theory,d2d40c66-49bf-4391-86d8-163876f0255e
1998,1998,Waltari,Walking in the Neon -98,e7f34b82-1021-3055-8e64-2d841a0a2319
1998,1998-06-22,Wamdue Project,King of My Castle,a87720fa-5aab-3a62-813c-a92c232307cc
1998,1998-03-23,Wamdue Project,Where Do We Go?,e1e6b7a1-32b9-3d6b-85ad-9e700b71c961
1998,1998-02-11,WANDS,Brand New Love,a4783d83-56ae-4c48-877b-7c2ed6f02a22
1998,1998-05-13,WANDS,明日もし君が壊れても,c2739092-67ca-4a14-9da0-a45c78688d7b
1998,1998-02,Warfare,Anti-All,b528259b-6a02-4845-a4fa-d0f4026e3898
1998,1998,Warlocks Feat. Tee Productions Allstars,Techniques & Styles '99,ce0d5743-d394-451d-9b4c-415d55c64f40
1998,1998,Warm Jets,Hurricane,8b0eb4d5-08e0-31a9-bb62-6748d7f505bc
1998,1998,Warp Dub Sound System,God Said,495d3a65-08c6-3220-bc36-9b332bb6f33c
1998,1998,Watchman,Watchman 5,f5bc28c2-96be-44d0-b28e-b3b222a26f60
1998,1998,Waterbone,Tantra (Junior Vasquez Mixes),3586ff83-f18d-4b6d-805d-697a3e3e1bb3
1998,1998,Watercress,Holiday,82da21a3-440e-4abf-a0ee-3322037d77ef
1998,1998,Watercress,Stars Shine On,b98a8d0c-3e41-4acb-ba96-ea2ab227d281
1998,1998,Watergate,Mull of Kintyre,02a8ea85-1253-3417-8101-4d8fa3b10212
1998,1998,Watergate,The Battle,738f8169-628f-34f5-b7fa-c3347358486c
1998,1998,Waterloo & Robinson,Willkommen Österreich,e968c950-9804-4859-8fec-f50f122c0d10
1998,1998,Watershed,Star Vehicle,376c09fc-9810-37a9-8ae6-4eb99d6a1ae8
1998,1998,Watershed,Still Love Xmas,7645f73d-c01f-3972-b98e-62241f97f699
1998,1998,Waveform,Drifter,607b0228-2832-4d24-a405-700d67b12c18
1998,1998,Waxploitation,Graham,a8689eb6-21a4-3f2d-b4d8-a133530ec2af
1998,1998,Waylon Jennings,"I Know About Me, Don't Know About You",0890b068-f237-4a65-8307-6a163773d22c
1998,1998,Wayne G presents Twisted feat. Stewart Who?,Twisted,6792be32-fd8d-3555-9d21-78cb5acee452
1998,1998,Wayward,Fear Runs at 150 BPM,887e7e5f-dd7c-4e9e-ba0c-ef3755e701ad
1998,1998,Weathermen,One More for Your Mind,cde2fb51-61f8-43db-bb27-5234de6717d1
1998,1998,"Weddings, Parties, Anything",Anthem,17b7dbf6-65a5-425c-9171-ed496f474cbc
1998,1998,Weezmen,Floorfillers / When I Think About You,6418f2ac-5555-4c61-8371-811dca27aa03
1998,1998-02-01,Weird Naked Indians,Murder in tha V Towne,aad95f99-6010-412c-9bc8-f02233640f20
1998,1998,Weirdo,Curva Peligrosa / Make U Groove,3718887e-a74c-4159-a118-9e5ea0d034f7
1998,1998-12,Weirdo,Photic Zone / Gotta Keep On,b650db34-2467-4116-8dd9-f8736e519b96
1998,1998,Welcome,Ishtar,d74c8b32-8a77-4590-bb58-8fa2e2cb3741
1998,1998,Welle: Erdball,Deine Augen & Arbeit adelt!,ec284c31-037b-39f3-8595-572c0ccb4c50
1998,1998,Wellwater Conspiracy,Compellor,bd957dbd-835d-4414-b881-67544df0070e
1998,1998,Wendell Brown,"Wrong Place, Wrong Time",bf93d3f3-faba-4bf0-a4b5-8c6a91144130
1998,1998,Wendy Matthews,Beloved,f88436e5-99bd-4e88-b675-575c8e4424f0
1998,1998,Wendy Matthews,I've Got to Have You,95fde1c2-546a-4406-8e0b-b860b73c0071
1998,1998,Wes,I Love Football,8b29e565-0ed1-3ec0-9525-f7515b726d2a
1998,1998,Wes,In Youpendi,a9c6b34b-dffc-4890-a061-e8d90c733f77
1998,1998-02,Wesley 2 Play,All To Myself,df15e14e-0690-4423-9e60-efe0bdca6880
1998,1998-02-16,WestBam,Crash Course,a24ff5be-75c5-4609-81fd-c799a2df476e
1998,1998-11-16,WestBam,Roof Is on Fire,868320b1-910e-3620-aba1-aa8b13118dcf
1998,1998,Western Special,Golgoth System / Godzilla Stomp,ead3cbd6-f14b-457b-9f06-6fd8ff91e293
1998,1998-07-20,Westernhagen,Jesus,654b4782-4357-3b4c-ae87-668f48e4e867
1998,1998-09-21,Westernhagen,Wieder hier,d84500e7-42c3-3247-8a50-aaf41db6bb5b
1998,1998,Westside Chemical,Phibsborough,bbff15d4-c090-48fa-b09a-699415ab8a14
1998,1998-11-16,Westwind,Sehnsucht,9c73ab2d-3696-458f-ac7a-6137c19f21cb
1998,1998,WE◆ƎD,Dream Road/FAKE,a862e09d-3ebb-4065-b71c-f01a6f8515e4
1998,1998-06-22,Whale feat. Bus75,Four Big Speakers,411833d5-f8f8-313d-8990-f811b21a964b
1998,1998-10-19,Whigfield,Givin' All My Love,f2875545-41c1-3972-bcd0-f126edb714f6
1998,1998,Whirlpool,Hold Me Tight,16912ba5-243e-41fd-b2e1-b56067e781db
1998,1998,Whiskeytown / Neko Case & The Sadies,Car Songs,5207db16-a424-349c-852e-dabbfde86763
1998,1998,Whistler,If I Give You a Smile,a148316c-ffc5-3bb7-a410-2ad6a5b3beb2
1998,1998,Whistler,Rare American Shoes,c3264647-bcf0-3e00-947a-a917cc1f4268
1998,1998,White Widow,Leave,e194d68f-1da2-4b63-8627-c17d929dc2c6
1998,1998,Whitney Houston,It’s Not Right but It’s Okay,1536ae1b-4f80-3135-b1d9-682b8a70a24c
1998,1998,Wide Receiver,Mr Sleaze / Ska Face,af426a30-2314-4d8d-a410-c0486dc9ce66
1998,1998,Wild Orchid,I Won't Play the Fool / Follow Me,0ba6593f-2eef-4cdd-a6c6-a7c7ae96a0ee
1998,1998,Wildplanet,Synthetic / Moving On,eb754f0d-0174-44be-8a77-5d983b218660
1998,1998,Will Mellor,No Matter What I Do,e584bbf2-dfff-4653-9c6c-d7a8d9a54c07
1998,1998-08,Will Smith,Just the Two of Us,6150c8ba-9c76-3fe4-86df-9e9557e2c28e
1998,1998,Willeke,Allereerste keer / De sauna,83b51f07-52f6-4b67-8fc8-852a023aeb89
1998,1998,William,Tired of Fucking,42db1296-0f85-3d14-af9e-d498d01eb429
1998,1998-10-24,Willie Max,Can't Get Enough,069cf8ce-a7b5-3ab1-ab2b-6ee82e7a9797
1998,1998,Willow at Moon,Crepitant Gleams of Ephemeral Flames,90a12a87-c0ad-41e1-8585-d9765692a7a7
1998,1998,Wind,Veil of Death,9d807a34-e915-4b97-a8d8-6558505fd30d
1998,1998,Window Seat,Understand the Beat / Jaybird,7e3b3036-6f56-4121-8639-1622f3c32b58
1998,1998,Wink,Simple Man,dc071256-ca2f-303c-8c3b-82cdfe9e5d46
1998,1998,Wippenberg,Deliverance,29cfc8e0-4d61-473b-a397-5f50d739844c
1998,1998-07-13,Wireless,How Much I Think of You,8857dcd7-0f7f-42d8-89b5-afb80a201e25
1998,1998,Witness,Quarantine,b0b5c4e1-68d9-4754-b307-35267a490851
1998,1998-08-01,Wiwat Tarasangop,P-YOTL,491fe1c5-be7f-4ba4-9498-ddf3db059607
1998,1998,Wodka Wasters,Pass the Bottle,21b73287-eead-37b1-b138-8cb4dfee9d65
1998,1998,Wolf Larsen,The Ballad of Arkadi,d66f1819-afc4-46a0-95ce-22670a4808d4
1998,1998-11,Wolfgang Petry,Jingle Bells,4f3e7311-78ee-4383-b6e1-3ecf64526755
1998,1998-09-21,Wolfgang Petry,So ein Schwein...,a3ab3ba5-8aaf-4c36-9b70-390f6cf437a7
1998,1998,Wolfgang Petry,Wahnsinn,0c7d3394-fda7-4a64-9b45-5e002925c3ae
1998,1998,Wolfgang Ziegler,Uralt (für deinen Sohn),3a424010-4aaf-4b1b-856d-7e56f21cee06
1998,1998-11-30,Wolfsheim,It's Hurting for the First Time,937ac22c-9f50-3eb6-8e74-b0d3fe3dd4b7
1998,1998-10-19,Wolfsheim,Once in a Lifetime,5b0faf34-fdde-3d70-ac13-f101d60cdab2
1998,1998,Wonderland,Children of the Sun,c7f5c733-0da7-4a8a-865e-75019967f7b5
1998,1998,Woody van Eyden,Fiesta In Mallorca,2142a9ad-a647-412f-a5c5-18055762a477
1998,1998,Worlds Apart,Close Your Eyes,c8ed3571-659a-321f-b1b8-96033d6d40e5
1998,1998-09,Worms,Ice Storm,2bf4e66c-8aad-4111-a58a-ff729c3862a3
1998,1998-06-22,Wu‐Tang Clan,It’s Yourz,44510755-226f-4d51-8373-c5cf317202ba
1998,1998-07,Wu‐Tang Clan,Reunited: The Remixes,3f898f9b-1caa-3644-a82a-41ed6ebee098
1998,1998,Wyclef Jean,Cheated (To All the Girls),f67b37bb-7236-3cf2-814d-86ad1033e949
1998,1998-03-18,X JAPAN,THE LAST SONG,1f75d0e4-57d9-3845-8fad-af448e1c5a94
1998,1998,X-Cabs,Cut To Zero / Activate,82f43596-188a-43bc-9d32-0a930f62ec29
1998,1998,X-Cabs,Neuro '98,5a2dc582-44ca-4579-991f-eec3e568bbe0
1998,1998,X-Cess & X-Cite,Communion,ce1d113e-d4a4-48f6-9d5a-fa72754fbe1e
1998,1998,X-Dream,Radiohead,32e804ba-8e1f-3641-95ed-11b62d0c9157
1998,1998,X-Ite,I Like It,c4ddce12-b0de-485d-94ce-b3d0dbd47a40
1998,1998,X-Ite,Kick Some Ass,d3813011-423a-4da8-8118-4659c4065bf0
1998,1998,X-Session,Pump It,9e176933-cfd1-4dd3-bd5b-7bc9c52e0068
1998,1998,X-Treme,Love Song,27964eba-85f7-39ef-b36e-2b313981eb07
1998,1998,Xavi Escolano,Heaven,911b86e2-bcf4-4f63-a115-3bc8eb46cd22
1998,1998-04-17,Xavier Naidoo,20.000 Meilen,c1c5dc2b-ee6c-482c-b805-7e3bac33a594
1998,1998,Xavier Naidoo,Führ mich ans Licht,05fadcae-b34f-45ad-a6b8-6cb2286466e8
1998,1998,Xavier Naidoo,Nicht von dieser Welt,21888972-cccd-36a4-a2eb-69e8ebde6151
1998,1998,Xavier Ortiz,La Manera,f7cf70a3-c500-43bc-b9b4-a586de140069
1998,1998,Xcite & Xcess,Time Chase,27e545b8-5b6d-4820-84d5-beb4efca4fb3
1998,1998-07-29,XL,O·K!,9d979adf-aae2-44b5-9e03-ebfc5781aafe
1998,1998,Xscape,My Little Secret,f0d570e6-29dc-4bc4-a855-5b145a66b5e7
1998,1998,Xscape,Softest Place on Earth,24d84c3c-2c02-45a8-a2a8-9f4e78ecebe2
1998,1998-02-14,Xscape,The Arms of the One Who Loves You,bce241ab-1807-3658-b647-72c23893c064
1998,1998,Xutos & Pontapés,Para Sempre,b1125d4c-401a-3971-a705-a93aaa603f95
1998,1998,Xzibit,Pussy Pop & Handle Your Business,fcf25018-8412-4a00-8575-203c8cd61ffe
1998,1998,Xzibit,What U See Is What U Get,b020bf0b-faf5-48e0-b655-d664b0076809
1998,1998,Xzibit featuring Ras Kass and Saafir,3 Card Molly,760530f1-bc8c-4ba2-855a-16b966494d6e
1998,1998-02-03,X‐Perience,Game of Love,42696e85-7b05-33ba-a051-7293b856bc76
1998,1998,X‐Tron,Worms,2439e33d-ff68-4fb2-a249-c8f6d742423b
1998,1998,Y.O.M.C.,Analog Feeling,f1d78af2-0fb4-4f31-b886-0af478e3e7f0
1998,1998,Yakooza,Situation,1c749d03-7d4e-3335-87b8-07d7be652298
1998,1998,Yana Kay,Let Me Fly With You Away,892b7057-a222-390d-bc72-bdd67a02bbc1
1998,1998,Yancatooz,Belly-Boxing,e101f716-f5d2-4544-9931-afc30ffde056
1998,1998,Yann Tiersen,Black Session,9bb6c893-2d62-43d1-bed8-111adc29489c
1998,1998,Yann Tiersen,La Vie rêvée des anges,2b36518b-102b-4f5e-8cdf-17a9c2ec244d
1998,1998,Yann Tiersen,The lighthouse,ca12f95c-f6c0-46c4-af83-70ad1e649aa3
1998,1998,Yann Tiersen / Dominique A,Monochrome,fa6341aa-d84a-430f-b32d-80beb8001085
1998,1998-08,Yannick,J'aime ta maille,1679b9d0-2f9b-335f-831a-b730c800f6ab
1998,1998,Yari,Jos avaan silmät,bb88172d-a876-4873-aeb9-0aacf8ceea8c
1998,1998,YBZ,Now That I Found You,f01c13ef-860f-4286-bdaa-ce54e6a9e2e2
1998,1998-05-01,Yello vs. Hardfloor,Vicious Games,73ec66d4-8761-3e8c-ba26-08e5137cd7c5
1998,1998-12,yellow6,Perception Received / Milestone,5bf315a6-1f76-383f-b9df-a95a69f44fe7
1998,1998,Yeshua daPoED,Directions / The Head Bop,9a94cae1-cee0-3e47-a93f-fd65eee6c120
1998,1998,Yoke Shire,A Foreshadowing,7dc4a497-b7ba-454d-9ad5-7555c3db6e2d
1998,1998,Yomanda,Synth & Strings,57b1a7f5-bdec-3665-898c-4adf7da0ad2f
1998,1998,Yoogie,Groovin' / Feel,6ea1626c-247f-4c8c-baa0-81db092b1792
1998,1998-11-16,York feat. Jamila,Jastamba,1f89ac6a-85a0-4810-a102-47ab5fd0af29
1998,1998-11-11,Yoshinori Sunahara,708090,bc993afa-f1f0-46b5-a683-43afea40dafd
1998,1998-08,You Am I,Heavy Heart,90e974b2-3cb8-351c-bde1-813a1ecf1f18
1998,1998-04,You Am I,Rumble,e05a40fc-1978-3342-b183-0a5ea9a4ac9b
1998,1998-02,You Am I,What I Don’t Know ‘Bout You,b7ee47fd-6737-3b11-b45f-a0dc23369fee
1998,1998,Young Deenay,Wannabe Your Lover,087f59bc-3a48-42a3-8611-fd114b173cc2
1998,1998-04-25,YOUNG PUNCH,"FUN'S BETTER, ISN'T IT?",578751a3-ec06-31c6-a962-47b3bd3541e4
1998,1998,Youssou N’Dour,Kirikou et la sorcière,87e87805-a1dc-3762-9d50-620a5f00ce9d
1998,1998,Youssou N’Dour & Axelle Red,La Cour Des Grands (A Ton Tour De Jouer),c10679b4-f1a4-3940-96bc-a3110368ea5f
1998,1998,Youssou N’Dour & Canibus,How Come,785367df-a841-494b-a9b6-0491330af581
1998,1998,Ysa Ferrer,Les yeux dans les yeux,41a29500-0e9a-41bb-b604-ed494c98846c
1998,1998,Ysa Ferrer,"Tu sais, I Know",67091270-3299-4127-9713-4d699e93bd50
1998,1998,ytcracker,17,4163cc63-8914-4e45-afb3-30a0ab3f5b00
1998,1998,ytcracker,559,4904d936-850d-461e-8251-8dcd14b1d215
1998,1998,ytcracker,aint no earthlings,3cb39023-9c0a-49bb-813f-b6c90c8a0473
1998,1998,ytcracker,All The Things,34d7e2e7-06bd-4262-9adf-5ce7112626b7
1998,1998,ytcracker,Aol Rules,8e53dd35-7289-4d06-a4ce-1369b832304d
1998,1998,ytcracker,"April 29, 1992",fb375b9a-282e-479b-849e-7ebbe8b1b2a8
1998,1998,ytcracker,aprilmayoverdrive,9b51305c-bce0-4921-b859-c4e4f9f46cda
1998,1998,ytcracker,Battlefield 2010,0b7abb93-c9c9-4885-bb3d-06b76238dc58
1998,1998,ytcracker,Blue Skies,2ecdfed3-57d3-414d-9c01-599e670d0723
1998,1998,ytcracker,Brain Dump,11d4fd79-a7ac-4439-bd60-29fdb724b3b1
1998,1998,ytcracker,Breakin Me Down,fff77140-5e25-4542-b3db-968d8f3bcaad
1998,1998,ytcracker,Breathin,48c7d526-e9f0-4e90-9ba9-06f5a05ec8a1
1998,1998,ytcracker,Cam0,aeeb94b7-50a6-4e38-8419-72a64039ac0c
1998,1998,ytcracker,captain morgan and nis goes by,93282954-7e28-4d5b-b3a6-20d905f2c3fb
1998,1998,ytcracker,Chained Delay,a084deeb-5548-453e-80c5-9ac677f96085
1998,1998,ytcracker,cheap bordeaux and sir nis fucksupalot,1daa87b0-22d3-4d07-9119-b1c46d64fbdb
1998,1998,ytcracker,crackwhoreconfessions.com,94c4bcb1-87da-44f6-a4b2-a446c0fa4c97
1998,1998,ytcracker,credentials (acapella),4176a828-eb8c-46b6-a411-567bbb7bd9be
1998,1998,ytcracker,credentials (beat by silent john),0345bd7e-d9e8-4517-8f23-309f7b70d3a5
1998,1998,ytcracker,dmpm2,14e9aa16-5553-436a-8e91-58a01143df5b
1998,1998,ytcracker,dmpm2 (acapella),9c1d16a4-f04c-4856-a91c-da5f42634faa
1998,1998,ytcracker,Down and Out,2cb2dd6c-fccd-49f2-beff-e50bf2fe8dc1
1998,1998,ytcracker,drink more post more,92bb36ba-928f-45c8-980e-f7d2504f778c
1998,1998,ytcracker,Drive Slow,a51a2d29-44a5-4427-b4bc-7bc369556393
1998,1998,ytcracker,Everthing and Nothing,283856d6-743e-48f2-85cc-afd9d14e06d9
1998,1998,ytcracker,flow.c,6bd51f28-205a-408b-99d4-416896963d9e
1998,1998,ytcracker,flow.c (acapella),7989cc85-ecbf-470f-89b4-f687a26928a6
1998,1998,ytcracker,Forever Baby,4df647ba-b54a-4ce7-ad8c-f5f8aa225fc5
1998,1998,ytcracker,Free,32fa3481-a0e1-46f5-a771-3ee3a315180e
1998,1998,ytcracker,Freestyle Emo,4533d645-7c43-4d94-895d-03ceab7d8bae
1998,1998,ytcracker,fuck antis (drunk),426494c7-7c6f-4f72-a82b-7c2b4abcbce8
1998,1998,ytcracker,g4 commercial (full song),0d585769-aa07-4c30-8169-f6cbaf1b4303
1998,1998,ytcracker,geekarazzi,7f3cea6b-7ecb-4a73-ade2-b2bf6595ab35
1998,1998,ytcracker,gengay,80dfb6e2-8175-4ac7-98f4-324f68578ca4
1998,1998,ytcracker,gengay (mattcohn's shining few remix),569b0f4c-4ed8-4350-9a93-00692952cd3e
1998,1998,ytcracker,get on my level,3e984677-61fb-4a35-ae3b-c914a46eed8f
1998,1998,ytcracker,Ghosted Gobbling,f6cea40a-8410-4eef-8b2c-6562caf3e687
1998,1998,ytcracker,Gind Hard,1dc5e498-aca2-4b7c-89b6-fd75731f2932
1998,1998,ytcracker,grey goose and the kiss of mr nis,da71cc12-a937-4859-b050-0ccc77b45ed7
1998,1998,ytcracker,Grillz,79f71d3c-9548-438e-915a-d6773de471d6
1998,1998,ytcracker,guildwars,3ec399d3-6404-4448-a5d6-6a8f3777699c
1998,1998,ytcracker,guildwars (clean),9ada4cac-9b08-4e8a-96e4-21bf7d65323b
1998,1998,ytcracker,Hac Man,7e518f46-4187-40c3-ba65-884af27bc492
1998,1998,ytcracker,Halloween Hack Attack,90a78325-df6b-4825-ab68-81d5e198b4b9
1998,1998,ytcracker,Hard Out Here,4c3fd6b6-2ac0-4110-98be-cee05f7601a3
1998,1998,ytcracker,hennesey and tha time machine,a544af97-9460-4caa-81da-c96ab0023791
1998,1998,ytcracker,"here, now and then",2b4526b8-1922-4f42-a232-0edb6e832e60
1998,1998,ytcracker,hogg theme song,54be1e2d-08ae-4830-b950-2b3f924e059b
1998,1998,ytcracker,Hotel Game,69965a42-e650-4fb5-84bd-f96e5ae113fe
1998,1998,ytcracker,I Do It Better Than Front,6c84afd6-2434-41f6-8ee7-c8f3a39ca1e1
1998,1998,ytcracker,i rent a castle,d59a3ab9-9f75-4819-984e-52098f5af0fb
1998,1998,ytcracker,If Ya Wanna,d855e602-53a6-4551-a636-f985fe55c2d6
1998,1998,ytcracker,In My Time (Infocalypse Mix),4e61ea5b-15c0-4862-b226-17f98e4716fc
1998,1998,ytcracker,In The Cold,44463db1-7afc-4c0f-827c-a866f3efa5b0
1998,1998,ytcracker,itmnd,5749adc6-90e8-4ef0-8ade-72f85288c9d2
1998,1998,ytcracker,joe and pimp,5accb8fa-0e77-4e39-9866-aced9fc0aa75
1998,1998,ytcracker,Know,32c4a0ad-f4e9-4e43-bba1-e34a53d8ed27
1998,1998,ytcracker,Laffy Taffy,d669ced9-8774-4574-b841-1ae56c824229
1998,1998,ytcracker,Lampfest,8fafda14-5b6a-48dc-8d3f-1ab299d8124a
1998,1998,ytcracker,Lean Left,5d2ac368-7186-415c-aec3-9504ae5e0592
1998,1998,ytcracker,legacy,3d122c74-5115-4b4a-88ba-e40c1f49a0ac
1998,1998,ytcracker,lightaleak,6395a1dd-89b4-42a3-8dee-411c30e331de
1998,1998,ytcracker,Livewires,2c66adb3-4765-45de-b951-78b68d57cf4e
1998,1998,ytcracker,locked up,2d19bbc5-5817-456e-8419-cd5cf6d7c6e5
1998,1998,ytcracker,lol money,9bfd2b4a-2cfc-4ebc-ab82-5005f2f4cfef
1998,1998,ytcracker,made2own,5e1664ca-7874-42d7-8dcf-728d239a7f38
1998,1998,ytcracker,madthumbs,69b8cb2b-308d-44de-a338-945dcf1682c4
1998,1998,ytcracker,Meganerd (Lawrence Alan Remix),7ab0d15e-5462-49c8-a1c2-a24bc37ae9c2
1998,1998,ytcracker,Methodfunctionproperty,f53a09cf-e23f-4783-b587-2cf2f36fdda6
1998,1998,ytcracker,Mixtape Crap,37f9a357-b9fd-4c06-b4ae-590c69c1688b
1998,1998,ytcracker,Mr. Pwns,8bbd4eba-9cca-456f-af2f-2c1f1139549b
1998,1998,ytcracker,My My Hey Hey,ac3b2b80-8e87-49ae-bd98-b08e3e13d4ba
1998,1998,ytcracker,My Screwopoly,5a58550a-c107-41a9-aa04-d6d9d71bba3e
1998,1998,ytcracker,Nerd Ambition,d1955f7f-34d7-4600-b48d-24dce5fd002d
1998,1998,ytcracker,Nerd Love,75006ee0-b618-4dff-b246-7d45b8190e30
1998,1998,ytcracker,Newsweek On Air,0ca0f448-e1a0-4dfc-b87c-4fdcec275d92
1998,1998,ytcracker,Nightbreak,30b29426-9dad-40b0-8810-0dfb4387bd64
1998,1998,ytcracker,Niik,716fda73-6f53-4484-902c-4fe85490d562
1998,1998,ytcracker,Oh (wh)y,a71ca617-f279-403a-9336-91e33acbc2de
1998,1998,ytcracker,Old Habits,d90f2e98-47fb-4497-814c-4e3f006343c4
1998,1998,ytcracker,On My Starship,9bbf6f7d-b44b-4320-b84d-2c82a68b674a
1998,1998,ytcracker,One Day,8ef6e273-7225-40d0-9126-5b2768e51c21
1998,1998,ytcracker,Our Enemies,bc4ba440-a798-4b9d-a25e-c0167f69f08d
1998,1998,ytcracker,Pb2k3,5b1df690-5c44-49c2-a3fd-e0220483479c
1998,1998,ytcracker,Phillip Nis in High School,d60c6075-611e-4779-a722-03b799944449
1998,1998,ytcracker,Plz B 2 Sign Me As Gangsta Rapper,17fcf4f7-2b2c-4434-b313-db378f011c2c
1998,1998,ytcracker,Real DG,2e40376f-d9d3-4563-8bf3-15a1de3f03a5
1998,1998,ytcracker,RIP,a76e50ec-a63e-49aa-bd88-1e0281dfcc54
1998,1998,ytcracker,Rip Sean,530d8056-b5e8-4537-ab11-f10c606f7a5c
1998,1998,ytcracker,Rooster,3b58dba7-5012-4ad0-bff1-1d44a9407f01
1998,1998,ytcracker,Running Game,2e95dfeb-0943-4700-95b8-3b028d987892
1998,1998,ytcracker,Screwedarazzi,9d48e076-d8e6-495c-988d-9b3e8b5241bd
1998,1998,ytcracker,Sellout (Get The Hell Out),89762547-1003-49a2-b164-c59cb835b34b
1998,1998,ytcracker,Shoe Money,125ce136-b124-4b65-bf7d-7e3787f8ff00
1998,1998,ytcracker,Spammers Hospitality,13d9d3d0-c1dd-46be-b7df-28d05a9b235f
1998,1998,ytcracker,Sreau,7e0f5545-436e-461f-a361-a1f422668e49
1998,1998,ytcracker,Still Dg (Radio),d6e2b3a1-e82f-4890-98bc-97c582606758
1998,1998,ytcracker,Still Spam,86834c7e-4173-4456-80c3-f0c8fe1acbf6
1998,1998,ytcracker,Suicide,353c2dc7-0092-4651-83df-c9c616a9342c
1998,1998,ytcracker,Swygar,588e5e8f-3110-435a-8156-e4e915b2f43e
1998,1998,ytcracker,The Answer,c84cb8bc-0c4c-41af-9857-2b0c216568b6
1998,1998,ytcracker,the castle of his oxynis,ab8ba744-1cb0-407a-9ba2-b199aa6d5586
1998,1998,ytcracker,The Cruel Game,98ac0172-9690-48db-a49a-2421391648ce
1998,1998,ytcracker,The Monarch,20dff6ce-7723-4cc7-8cef-a45158a9c42a
1998,1998,ytcracker,The Rain,16aa9c3a-75ea-49f8-9fa5-98177b1cb598
1998,1998,ytcracker,thefeed,6ad3c652-2861-4b90-9c76-ce2502ca372f
1998,1998,ytcracker,These Pills,9826c95c-9c90-415d-bec7-97156369a379
1998,1998,ytcracker,Till Death (acapella),2b892594-6758-4362-8909-7ad5bb5fb7f0
1998,1998,ytcracker,Time,f5a29bd7-649a-4415-92e7-aa852bb6facb
1998,1998,ytcracker,Tracfone,3a2b0e49-f479-4390-a0b5-ae3325a4ba1d
1998,1998,ytcracker,U Dont Know Me,be69172c-9fa4-469d-a21d-7be8c0c954ca
1998,1998,ytcracker,View Source (david e. sugar remix),31797037-37e6-4de7-aeda-b5dae2c9e8ac
1998,1998,ytcracker,What I Got,4f616a21-6e89-47cb-b94d-3e1e492bf255
1998,1998,ytcracker,What You Net,67bb509a-f92f-41e5-945c-c39f0385dd48
1998,1998,ytcracker,Whatever,ecf072c8-3a6a-4177-847e-c67320e15ce5
1998,1998,ytcracker,Whiteygyver [Og Mix],303d1061-8193-41b7-b367-0f0a20f8b7b9
1998,1998,ytcracker,Who is the Champion (beat by euphonik),58e1395d-0180-4808-a118-72f877e11c32
1998,1998,ytcracker,Wiz Kidz,88f2f532-d340-4e3d-bdc0-1406934aab26
1998,1998,ytcracker,Writin' Spammuhs,ac7a7fc2-9f2e-4353-816b-9f315e91d87a
1998,1998,ytcracker,Zombie,0260324b-a2b7-4b7b-8eca-84ffa9fd6472
1998,1998-09-02,YU-KO,このままじゃ・・・,6263b25d-f8c0-4d6c-ac09-60f3e9db1003
1998,1998-11-21,YU-RA,SNOW DOLL,dd2bb9f5-1487-40bf-b359-d808b1a5a82d
1998,1998-08-26,YUI,不器用な天使,3625c874-86ff-4816-833d-2d535fae8815
1998,1998-09-22,Yukari Fresh,Cook some dishes,d90f610e-a492-3c61-b629-ca1b5fbea27c
1998,1998,YUP,Mitä luoja teki ennen kuin loi maailman?,a0522e9d-2a1d-4f78-9873-26cea329b005
1998,1998-04,YUP,Tuuliajolla,7e0cbd81-3e49-383c-a18f-23dbc389aa8c
1998,1998-08-19,YURIMARI,"Hello,I love you.",1a7913ae-2ee0-4ca7-8640-3a48e582a33b
1998,1998-05-08,YURIMARI,未来はコンピューターネットワークの中に,83f347f3-7a0c-458a-b4b6-5d499400f0f9
1998,1998,Yves Deruyter,Calling Earth (Part 2),3c4de2ff-7217-4b77-9936-4fcb25bf4690
1998,1998,Yves Deruyter,Feel Free,b8aaaa8e-5c3f-442b-8db5-bdce243d513b
1998,1998,Yves Deruyter,Sexy Animals,39687403-e5e0-4df1-8abe-bf6caea859b9
1998,1998,Yves Deruyter,The Rebel (1998 Remixes),4e2e0e29-96eb-4f3d-9c04-1078126e6e0f
1998,1998-07-13,Yves Deruyter,To the Rhythm,2b64582f-880a-400c-a1f8-8e7edff2a7db
1998,1998,Yves Deruyter,To The Rhythm (Remixes),0f4573d5-6ba0-49e8-9833-a605682fc540
1998,1998-08-02,Yvonne Curtis,Y Sings B,203ae511-1dce-4007-bfea-bb3379169704
1998,1998,Yö,Kevyttä kevättä,4d4b7d83-135f-498d-abc6-a57b0a648b2a
1998,1998,Yö,Löysin paljon oikeaa,01f822f8-6b9a-45dc-9069-9dbed7b150e7
1998,1998,Z,Heyo,b8a62a2b-fc83-4b17-a86c-42f472d097a1
1998,1998,Z Factor,Give It On Up,b80422b5-ac4e-4106-9c29-f9b765a7c806
1998,1998,Z Factor,Gotta Keep Pushin’,12fb86b7-8bad-4c7c-9333-38c66a6cad35
1998,1998,Z-People,Joan of Arc (Maid of Orleans),17f6d332-2c89-400c-a4a2-27f6eec39214
1998,1998,ZACRO,Miserable Mirror,42cc715b-4b7a-4c8d-bc0d-cbde30307756
1998,1998,Zambon,My Dolly,b878b9d8-04f8-41cf-b479-d5734fbc3795
1998,1998-12-02,ZARD,GOOD DAY,1ff6e7f8-fd60-49df-aa2d-6c71a200baa0
1998,1998-03-04,ZARD,息もできない,92ebcce2-1268-4e85-8f0f-7a44b91323b2
1998,1998-12-02,ZARD,新しいドア ～冬のひまわり～,bb7df22b-363f-4502-bf01-74c79997ca54
1998,1998-09-17,ZARD,運命のルーレット廻して,29be3732-b01d-4f23-bf6c-20c79bdd5b0a
1998,1998,Zazie,Tous des anges,5ee58735-369d-4997-866f-2d982f9cfdcf
1998,1998,Zazie,Tout le monde,bea44694-a779-428a-8035-4d0a6b593bb7
1998,1998,Zazie,Ça fait mal et ça fait rien,2fcad5a6-e5e7-4e27-9182-900c22afeb59
1998,1998-04-01,ZEAL,SILENCE,5b084c4f-dd31-4715-a4ff-9cbb153844c1
1998,1998,Zebda,Essence ordinaire,29de1e1d-e8ba-4954-9924-1305f9129512
1998,1998,Zebda,Je crois que ça va pas être possible,46e7e229-5c5b-4277-80b3-0e9737212ff0
1998,1998,Zebrahead,Get Back,21feb757-62e2-4a0c-8dda-71f4a230d24a
1998,1998-05,Zen Café,Jättiläinen,6791bec1-f56e-3dbd-8658-537f59597231
1998,1998-06-24,ZEPPET STORE,Loop,6a23db0f-0361-4ce7-9fe0-f416e899344e
1998,1998,Zero Zero Seat & Organ,Zero Zero Seat / Organ,e6899720-750d-4924-a62c-863fec7c72d6
1998,1998-02-25,Zillion SONIC,EMERALD,bb74e7bf-c680-46d0-ad14-d92b6b91425a
1998,1998-06-25,Zillion SONIC,OVER AGAIN,d213706a-61c9-42f8-b565-e5e0efb5f075
1998,1998,Zimt,U.O.A.A.,e6adeac8-c7b0-335a-a23c-9444ce2fb420
1998,1998,Zita Swoon,Our Daily Reminders,953d8f3f-61f3-4cb6-bd57-e9667abe1f67
1998,1998,Zita Swoon,Song for a Dead Singer,c914abbb-a7f3-486f-b0f3-f32a5ef64181
1998,1998,Zlaphe,Timeslave,3749f10c-8c5d-42eb-8663-901bc2db25f1
1998,1998,Zoltán Erika,Best Of,29b06797-9436-4b88-8a6d-e170a2fc2f7c
1998,1998-07-18,Zoobombs,Bomb the Bomb,a4861519-3c6b-4577-b072-bc50bb00be2e
1998,1998,Zoxea,La Ruée vers le roro,90810046-f34d-49e1-b731-7e641ea6dc3f
1998,1998-10-04,Zucchero,Blue,5010260f-ded0-397d-a7d7-e766509f9585
1998,1998,Ákos,Ikon,9643cb55-6b0c-4021-bf8b-e7fd1f5ab8c1
1998,1998,Ärsenik,Affaires de famille,b5509115-d62a-40de-ba91-cfd4074f6228
1998,1998,Ärsenik,Boxe avec les mots,2ca2727e-d4c7-4bb3-bcc7-9a77dd5fe492
1998,1998-03,Éric Lapointe,Les Boys / Le Screw,f6da22af-820b-4cf8-a904-544e6cbeff63
1998,1998-09-22,Éric Lapointe,Les Boys II,1d3d3a46-6c5f-3630-8433-28c64b33e6fe
1998,1998-11,Étienne Daho,Idéal,5d53f1e7-270a-442b-a66c-5bb3c928e5c0
1998,1998-03,Étienne Daho,Le Premier Jour,e752e5f9-1c96-3f2e-ac56-0fbaea2c4f3c
1998,1998,Østkyst Hustlers,Kyssesvinet,e7d52aeb-ff5c-4561-9fea-108e15118fee
1998,1998-02-03,Überzone,The Freaks Believe in Beats,4cc65991-567c-3c83-85db-748bca4e9436
1998,1998,Ünlü,Kafam,9d0db1dd-c023-3c0e-a5e1-ba4a74082d9f
1998,1998-12,Șuie Paparude,Musca,a9939d8f-2be8-49e4-8d6c-41dd9ff874b1
1998,1998,Έλλη Κοκκίνου,Κάποια μέρα,ae9a40cc-51db-49d3-99c0-64b72732e32c
1998,1998,Βάκχειος,Μάκαρ Κερασφόρε,ebe76fac-8b82-482a-8c21-f296ad3b1f85
1998,1998,Γεράσιμος Ανδρεάτος,Μεγάλα λόγια,070fe482-8d53-491e-9774-6469e832e4ea
1998,1998,Γιάννης Πλούταρχος,Ένας Θεός,0ca9ceda-7b09-4e01-9fae-aa81e546757a
1998,1998,Γιώργος Τσακαλίδης,Ζωή,68c3e65f-8bb7-4ce0-8a48-d2764fb38c0d
1998,1998,Δέσποινα Βανδή,Σπάνια,5478ad9f-9649-4ca3-bd3d-2c916bf3816b
1998,1998,Δημήτρης Κοργιαλάς,Επειδή Δεν Σ'αντέχω,87739e95-b409-4c33-932b-6c8da26e2b98
1998,1998-06-17,Ευρυδίκη,Δέσε μου τα μάτια,526518d6-5d23-4046-a294-406b1a3332ec
1998,1998-06-17,Ευρυδίκη,Λεπίδες,fa613d7a-16f7-4e71-8780-371dae4990d3
1998,1998-05-06,Ημισκούμπρια,Η Μαγική Τσατσάρα,d62b244f-dd2c-4587-96ff-23099cac3f84
1998,1998,Λίτσα Γιαγκούση,Απιστία,6d26f070-2f5b-46dd-ac84-919c212506c4
1998,1998-07,Μιχάλης Ρακιντζής,Σ' ένα κατάστρωμα,22836c11-38f0-4133-a249-93e3e4ed7f94
1998,1998,Μιχάλης Χατζηγιάννης,Γένεσις,d99f3ca1-8496-43e4-90ac-999a5da17ce1
1998,1998,Νίκος Κουρκούλης,Τόσα δειλινά,dd857208-9f80-4a6a-845a-5310462f48c9
1998,1998,Οι φόβοι του πρίγκηπα,Οι φόβοι του πρίγκηπα,603ad0c4-603e-47d8-8e8b-6323c4d420af
1998,1998,Σάκης Ρουβάς,Θέλεις ή δε θέλεις,e74bac08-7c40-499c-a4ab-6873802c297e
1998,1998,Στέλιος Ρόκκος feat. Ερίντα Δήμα,"Χάντρα, χάντρα (Hantra, Hantra)",52dcc56e-ea0d-43a0-87fd-3ee13e1cb7b1
1998,1998,Στέλλα Γεωργιάδου,Τώρα μου μιλάει,4684ec32-84b5-4ec3-87f9-e52cc661ec8e
1998,1998,Σταμάτης Γονίδης,Και Με Παίρνουν Τα Κλάματα,fb0bdb8a-6db6-4ff5-a170-959a8e620769
1998,1998,Συνήθεις Ύποπτοι,Ζωντανή ηχογράφηση στην Ιερά Οδό,2e752227-4201-4664-9e00-5fe5f99177f7
1998,1998,Τάσος Μπουγάς,Ο Πλανητάρχης,0fe959dc-23dd-4cf4-b59e-1da186ef64ea
1998,1998,Τα Παιδιά Απ' Την Πάτρα,Τα Μικρά Είναι Μεγάλα,e2d0595a-0e07-495f-aa0e-2d67f9ce159c
1998,1998,Τριαντάφυλλος,Κράτα τα όλα,84417c93-dc10-4e7e-abd7-a204f3b61947
1998,1998-07,Φυγάδες,Χόρεψε Στο Φως Της Λάμπας,e159a6de-2c47-4806-8039-c1f6fd70c284
1998,1998,Χάρις Αλεξίου,Δωσ' μου μια μέρα,10e96a1b-d945-4469-942c-185b5a112774
1998,1998,Аквариум,Too far Away from Here,f93de6cd-e686-4c59-b2d4-8dc3446cac95
1998,1998-05,Воплі Відоплясова,Любов,1b5d2905-48f9-4314-950e-e18a09549473
1998,1998,Калинов Мост,Родная,04a54b81-aa93-4f68-893c-1fda2121bf5f
1998,1998,Картонка,Город,da49d81f-10b6-45d7-a509-89b988a73f11
1998,1998,Мариус Куркински,Шу-Шу,d941c72a-07f7-38e7-b4b7-0b180fe39a0f
1998,1998-12-01,Мумий Тролль,"С Новым годом, крошка!",47af4c0e-fdfc-3d45-be57-7d7f1a3ec85b
1998,1998-08-18,ППК,Воскрешение,fa2960e4-688d-30d6-857d-1a9e2bfb1298
1998,1998,Стефан Вълдобрев,Едно / Рай,9bc02529-fb32-4133-bf1a-152961cc39ac
1998,1998,Чайф,Шекогали,98c75f3f-b2e8-49b2-9cb9-2b0c93bb32c2
1998,1998,אריאל זילבר,מסך עשן,36d392a4-6f08-43bd-95a5-02aa63f3a33c
1998,1998-12,ברי סחרוף,לב שלם,739807d5-4eb2-4f97-b2c8-6c7b568af8aa
1998,1998,גליקריה וחוה אלברשטיין,הגן הבלעדי,30f81a7b-e34b-4f9b-a6cc-2f318d932776
1998,1998,דורי בן זאב,הקשת עלתה,4feac9dc-67c5-4994-9000-55c957626251
1998,1998,הזבובים,את,b345aaa0-651c-4cc0-9d0c-dbf2e0a6f9a7
1998,1998,מרגלית צנעני / הזבובים,המנון האגודה / למה לא אמרת לי,796c67f2-ef02-4a2a-a463-99f2723b31b6
1998,1998,עפרה חזה,Give Me a Sign,cd0f322d-07ed-37fa-9596-c787a85bcb4c
1998,1998,عمرو دياب,Habibe,8bb24d47-39c3-3396-9fe3-85f7e92dc32c
1998,1998-04-06,نصرت البدر,I wish a painter,e0dcce5f-8593-49c9-b6d7-3afd87c83f1b
1998,1998-08-25,‐M‐,Machistador,a69e063c-867c-3682-af63-2f42b31db0f8
1998,1998,’t Merret Koer,Danse / ’t Waor unne keutel,f41e65e4-4fa5-4c81-87cf-0bb32176a130
1998,1998-12-16,↑THE HIGH-LOWS↓,ローリング・ジェット・サンダー,35911c60-b53d-38f3-bd39-c96f762a78a8
1998,1998-06-21,かせきさいだぁ≡,ポップアート,37e62e2f-2514-4b6e-b555-ccfb4d5bd1b8
1998,1998-10-21,くるり,東京,d97682f4-6826-3d6a-b461-d747e8585287
1998,1998-01-21,ささきいさお,勝利のVだ! ゲキ・ガンガーV,1215c232-94e0-4d80-9df5-71ae095f2c48
1998,1998-02-15,せがた三四郎,セガサターン、シロ！,26cf12cc-f1f2-48a7-9408-fb44cff8bc2f
1998,1998-05-13,ともさかりえ,恋してる,99775f62-1f4a-4b6b-8f74-c7eaf226c7c4
1998,1998-08-26,ともさかりえ,愛しい時,d1531f31-f803-4fb0-8ed2-4bf0bf6162a3
1998,1998-10-03,のっこ,わすれな草,12677c26-f898-4270-a8cb-b3655cd5360f
1998,1998-05-21,ばんばひろふみ,Hello Again,049151bf-2122-32ab-ae76-583791038bf1
1998,1998-07-23,まりや,あこがれ,a6be3bb8-bdde-49f1-bf07-d8569ee7a2a2
1998,1998-11-11,ゆず,からっぽ,f14fc990-6384-3e96-bc33-d8cda65dc7ed
1998,1998-06-03,ゆず,夏色,7c46632a-2cde-3660-954a-563a88b214e6
1998,1998-09-18,ゆず,少年,7915be49-d02d-3ed0-8155-cdfda569034c
1998,1998-07-08,ゆらゆら帝国,発光体,252cb552-f228-37da-bcd9-7d98a648e9cc
1998,1998-12-19,よーみ,夢は終わらない ～こぼれ落ちる時の雫～,c18956fe-959f-376a-9685-93008f489c3c
1998,1998-10-28,ウルフルズ,あそぼう,3fcc7c76-e23a-4fb3-a063-ac0ea7752266
1998,1998-05-13,ウルフルズ,まかせなさい,7aa70e53-923c-3aab-87b3-1222269b917c
1998,1998-06-17,エル・ルイス (CV:折笠愛),悠久幻想曲 キャラクターシリーズ Vol.3,67d23a60-2a67-4263-ae1d-5efc415e27fb
1998,1998-05-13,エレファントカシマシ,はじまりは今,aedafade-822f-4175-b6d6-963479d851c0
1998,1998-11-18,エレファントカシマシ,ヒトコイシクテ、アイヲモトメテ,d29ee546-aeea-44b1-8159-73b63c29dc5b
1998,1998-09-18,エレファントカシマシ,夢のかけら,1c93204b-dc19-4957-84dd-87bc43346c8b
1998,1998-02-11,カジヒデキ,カローラ2に恋をした,1909386f-b41d-4a1a-936e-49bc40b4c4e0
1998,1998-01-07,カジヒデキ,シヴィラはある日突然に,0d99954f-445a-4970-bb47-3555543cc757
1998,1998-06-29,カヒミ・カリィ,One Thousand 20th Century Chairs,1ab632c9-02cb-34ac-b723-c6878b6909f1
1998,1998-01-21,カロゴンズ,カロゴンズのテーマ,c4816c43-9c91-3bf5-b9ab-5c305a178ef0
1998,1998-05-21,カロゴンズ,カロゴンズのラヴソング,2aae347f-688b-3b5d-93c5-417e672bb5d2
1998,1998-08-26,キリンジ,双子座グラフィティ,5d647339-ca8a-42f4-bf26-1c88b7adceac
1998,1998-10-21,クライベイビー,友達でした,568eb95e-a0ec-4f91-b1ca-593265027ba6
1998,1998-06-24,クリス・クリストファ (CV:川上とも子) / アンナ・レスピーギ (CV:矢島晶子),バトルアスリーテス 大運動会 スーパースター列伝(4) <クリス・アンナ>,5a63149e-21ad-4242-9f31-56e5405f6915
1998,1998-01-28,クリーミー,ヒトデ,27fcbbf0-6752-4202-a611-fefa006517e8
1998,1998-06-17,クレア・コーレイン (CV:岩男潤子),悠久幻想曲 キャラクターシリーズ Vol.4,4066489c-9f1e-49c8-9db8-0dbe282d2d03
1998,1998-04-22,グミ,Catch You Catch Me,f9f93d2d-6648-3d4d-808d-6d4593466c43
1998,1998-03-21,コールタール,カナリア,841892e2-8835-41b5-9c70-a6a1df2e0f4a
1998,1998-08-21,コールドフィート,シェイムフェイスト,5cb83682-6f34-4333-bcfe-a67555ba1e5e
1998,1998-06-20,ゴスペラーズ,BOO〜おなかが空くほど笑ってみたい〜,0fbfb34a-a6f7-4a44-a4ce-daf13e9fc265
1998,1998-12-12,ゴスペラーズ,あたらしい世界,23dd5d7e-ee8d-429a-a5a4-8cd5b13e5118
1998,1998-04-22,ゴスペラーズ,夕焼けシャッフル,237a9380-5695-464c-90be-80f83dbb8cd0
1998,1998-09-23,サイコ,心臓,19a17e21-decf-4426-9fb9-602ba02f856d
1998,1998-02-11,サザンオールスターズ,LOVE AFFAIR ～秘密のデート,883c8e51-086d-436c-98d8-8c090c910fb7
1998,1998-07-29,サザンオールスターズ,PARADISE,75747474-1f3a-46fc-a237-d2312636c724
1998,1998-05-29,サラダ,ツーショットDiary2 Original Image Song,3f4c0658-1fc2-4443-bc50-c1dac49d4690
1998,1998-02-20,ザリバ,或る日／こわれた時計のように,9d4a5bae-13d7-440a-bbfd-08434277c5f0
1998,1998-01-21,ザ・ウォーター・オブ・ライフ,ファーストモーニング,d9eb7100-8b3a-4075-ad69-dddf47e93718
1998,1998-04-22,ザ・ウォーター・オブ・ライフ,水の言葉,d7eb8427-65fb-4625-aed7-31017ff43840
1998,1998-08-21,ザ・ウォーター・オブ・ライフ,風のすみか,e4f8a5ae-7047-457e-a236-9b85679a1d0f
1998,1998-10-14,ザ・カーナビーツ,好きさ好きさ好きさ,016545e7-66c3-4665-83e8-d952c3d64e6b
1998,1998-08-01,ザ・パーマネンツ,センチメンタルで行こう!,a3ddec0a-34b8-4d2f-a248-17fcefc86d74
1998,1998-03-21,ザ・ピンク・ストッキング・クラブ・バンド,ウォーク・トゥ・ザ・サンライト,5160388c-3fdb-40fa-bee3-93fe0e191735
1998,1998-10-21,ザ・ピンク・ストッキング・クラブ・バンド,オレンジ,6e6ac93e-3fce-49f9-a74d-b47caeebb521
1998,1998-07-23,ザ・ピンク・ストッキング・クラブ・バンド,星空,f822fbf9-d4ea-4336-8e88-a1f83444a30d
1998,1998-08-21,ザ・ファンタスティック・デザインズ,コンコルド,04227ff3-2f9f-48c8-af9a-6c4c89fef0d3
1998,1998-04-22,シブがき隊,NAI・NAI 16,467cbc5c-7e4c-398d-9bbb-1fe7d7b5f198
1998,1998-05-13,シャ乱Q,ためいき,312582fa-0f63-3bf8-ac22-d3c3f313c0ce
1998,1998-10-07,シャ乱Q,愛 Just on my Love,f5dcf278-5327-3688-96c8-7fdf00dea76c
1998,1998-02-18,シャ乱Q,都会のメロディー,bce3164e-fe66-3ea4-841b-37e360eb3ca2
1998,1998-05-20,シーラ・シェフィールド (CV:氷上恭子),悠久幻想曲 キャラクターシリーズ Vol.1,9fe780da-eb6c-445a-884e-e490bce21dd3
1998,1998-02-21,ジガーズ・サン,忘れないで,90332587-ca81-4843-a30e-a7d51a1e790b
1998,1998-03-04,ジャック&ベティ,KE-SE-RA-SE-RA,b1b5aee1-ef70-438d-afa6-8ad950053478
1998,1998-08-21,ジャック&ベティ,テレパシー,cc5ca156-928c-4b53-b4a5-c0cb92a7044b
1998,1998-10-28,スガシカオ,ぼくたちの日々,f41e83de-12b0-4759-ab69-a7c87067955c
1998,1998-05-27,スガシカオ,ストーリー,5d3e9870-9c2d-4f05-817d-87975a35470a
1998,1998-03-14,スケボーキング,いつかどこか,1c5b1a04-28b8-42f4-8053-de842a29741b
1998,1998-06-27,スケボーキング,つるみたい つるまない,7d59b9c3-d593-493c-8bc6-995e44e3c024
1998,1998-02-10,スズキサン,とりかえっこプリーズ,73ba85fd-6053-4523-b623-052e15b00208
1998,1998-03-18,スピッツ,冷たい頬/謝々!,afa835fd-2076-420a-9fa8-30ac0f6443b3
1998,1998-07-07,スピッツ,楓/スピカ,a3e48f48-3778-49f3-8032-a06b47bb2a18
1998,1998-10-03,スージー・カン,記念日の食卓 / 淡い夢の向こうへ,0f9dffea-1c55-42c8-a326-4e3df6094093
1998,1998-08-12,スーパー!?テンションズ,マイナーチェンジ/ダリル,6729e4d2-4944-4c77-b99d-78aaa2725e05
1998,1998-04-03,ソフィア (小西寛子),みつめて,022c0537-97df-47e5-b858-311aeb68facf
1998,1998-06-21,タイムスリップ・ランデヴー,僕の車で,bdd22a60-4513-4c4c-af16-9fd7217d57f7
1998,1998-12-21,タイムスリップ・ランデヴー,君を忘れない,683d6ed7-a22b-49c4-9253-586d27cc1281
1998,1998-11-18,タンポポ,ラストキッス,5d94c218-e00d-3d8c-9b7c-df5a23f29c42
1998,1998-12-09,チェキッ娘,抱きしめて,2e6e76f3-233c-367d-afd7-691d2f3cc593
1998,1998-07-23,チャーミースマイル&グリーンヘッド,yesterdays,f72431dd-d6df-47ed-b9a8-e9b2937b22de
1998,1998-04-22,チャーミースマイル&グリーンヘッド,フレッピー・スクール・ボーイ,f3f8cf07-7377-4428-840c-87a08f245d93
1998,1998-10-21,チャーミースマイル&グリーンヘッド,秋桜,b689af4c-8a7e-41a7-a7f9-f188ad9222bf
1998,1998-04-01,チャーリー (CV.真殿光昭),アンジェリーク 協力者コレクション④ チャーリー,ea6255c4-8b38-40ec-9d55-31e9bc8d7167
1998,1998-07-17,ディアーナ・レイニー (CV:浅田葉子),悠久幻想曲 キャラクターシリーズ Vol.6,a5dbf1a1-7190-4197-960a-23282d9d4a1d
1998,1998-05-21,デリシャス・ピッグ,あッ豚だ! ～一日ゆかいにいきるうた～,f2b6cc5d-3e4b-44c3-96cc-0e949211e9d6
1998,1998-05-20,トリーシャ・フォスター (CV:飯塚雅弓),悠久幻想曲 キャラクターシリーズ Vol.2,024cd06c-6ba8-414b-bf00-760283405628
1998,1998-08-26,ドリーム・チャイルド・オーケストラ,プレパラート,a877309e-d9b8-43c1-9288-59155c19c173
1998,1998-11-06,ネプチューン,君を探して,a18a7f54-3189-4d29-89b2-947a970d72d5
1998,1998-10-21,パイレーツ,Fall in' Love,8b10f8f5-bfb4-467d-99d9-23ccde57f5c4
1998,1998-07-23,パイレーツ,渚のシンデレラ,0833140a-6a5c-4460-a6f2-ba8c3b6cf3e6
1998,1998-12-25,ピエトロ (折笠愛)、ナルシア&カイ (白鳥由里),君がいてくれる/リボン,1b2e432a-e403-4a21-b0dc-d1f17f5c159e
1998,1998-02-22,ピコピコポン,プラネット,ceee577c-88cd-42ad-a6b6-6d350aed1ce5
1998,1998-06-24,ファンシーララ (大森玲子),トランス・パランス,7bf4bc52-8a40-4fd4-b1f6-ac355781acb3
1998,1998-12-02,フィッシュマンズ,ゆらめき IN THE AIR,ee58d641-6f97-43e5-b0a2-51052d36ff59
1998,1998-06-24,フランク永井,俺は淋しいんだ／夜霧に消えたチャコ,b5b7fd4d-c9dd-4500-9c06-67dbe5b997db
1998,1998-06-24,フランク永井,夜霧の第二国道／東京午前三時,893108f0-7674-416c-8b3e-9d2af9e66be7
1998,1998-06-24,フランク永井,有楽町で逢いましょう／西銀座駅前,2a75400c-8a05-4ec3-bf8d-9196aa50470f
1998,1998-09-09,フリーボ,くり返す,6154d674-a36b-400f-bd8e-3bfb6d537808
1998,1998-04-22,フリーボ,月明かりを撃て!,55ea9e8c-4fa7-49b5-9a47-941ab23d9bc8
1998,1998-12-19,フーリューズ,ビデオを返しに行かなくちゃ,946c1893-e7b8-4395-a7a2-1e5c73d918ae
1998,1998-11-26,ブラブラブラボーズ (B･B･B),クラスで一番スゴイやつ,df37cef4-6782-4a52-b0f2-daea4a2889ab
1998,1998-07-25,プロペラ,Super Flower,8a5a2013-267d-4274-bf69-14e1ffd6e8ac
1998,1998-04-15,プロペラ,夕焼け,9fb31565-e5db-4e0c-b8e4-60e9af332b9e
1998,1998-06-01,プロペラ,空をとんでみたいな,611e7625-8286-4b25-bcb0-addf6725fc60
1998,1998-09-09,ペンギンノイズ,THANK YOU Part 2,1bedc850-0f9e-4729-9080-1ed6f9a4d487
1998,1998-07-18,ポケモンキッズ,ピカピカまっさいチュウ,0820a3ce-2d9a-49b0-9a74-0c49cb2fca00
1998,1998-08-25,マイクロスター,I'm in love e.p.,bf22b500-446b-4268-8c3a-c8220d165fb4
1998,1998-06-24,マキ凛子,君がいて僕がいて爆外伝,b9f264ef-3d33-40fa-8191-9b383fd16c6c
1998,1998-10-21,マリーン,Hold On,784aa094-4828-4992-9b62-92fcd1745637
1998,1998-10-21,マルシア,Just A Woman〜あなたへ,a3408fbe-530a-4970-ae59-52fe09fdd539
1998,1998-05-20,ミニスカポリス,ミニスカポリスのテーマ LOVE&PEACE,c4ac7199-452c-41ef-a0b3-a6db491dd335
1998,1998-08-19,ミニスカポリス,ミニスカポリスのテーマ アウチ!,b5039679-5f9a-4b5a-b0a4-11d2a5a69ce9
1998,1998-12-01,ムック,翼を下さい,0f5e831a-717e-4941-8a64-a0b5e0f7f140
1998,1998-05-02,メル (CV:冬馬由美),アンジェリーク 協力者コレクション⑤ メル,6413f9fa-ca1a-45b6-a138-c35252f91fe0
1998,1998-07-17,メロディ・シンクレア (CV:西原久美子),悠久幻想曲 キャラクターシリーズ Vol.5,c45c61d0-731f-4189-88b6-44440d301a66
1998,1998-05-27,モーニング娘。,サマーナイトタウン,874b885f-720b-3406-b203-45a69755aa59
1998,1998-01-28,モーニング娘。,モーニングコーヒー,3db9eaaf-af45-34cd-8308-2c381586674b
1998,1998-09-09,モーニング娘。,抱いてHOLD ON ME!,b270a922-e77e-37d3-b30e-de53efe8464e
1998,1998-11-21,ユリアーナ・シャノー,ユメ Dream On,de8cc23e-21b8-429f-ad3c-c8fafc011138
1998,1998-11-21,ユリアーナ・シャノー,茜色の想い,3ec139fb-7a67-4c03-9f08-78c8f697939c
1998,1998-06-26,ラヴィアンローズ,ほたるの光/この世の果て,89914aa6-9c5f-4101-8843-b6bbbf41d9c6
1998,1998-01-21,ラヴ・サーカス,ランデヴー,ecdf9915-6d50-422b-be65-56cd6010e0a8
1998,1998-05-02,レピッシュ,無敵のサラリーマン,b7876977-c422-4dbf-8b16-b03d231c592a
1998,1998-05-21,ロスト・キャンディ,もっと傷つけばいい,6ee51951-a7b1-4259-b42b-35666b4d7e6b
1998,1998-03-01,ヴィクトール (CV:立木文彦),アンジェリーク 協力者コレクション① ヴィクトール,fc1594e1-b45c-4e61-8d51-517f8f13364c
1998,1998-07-23,一愛,雲のうつし絵,40be2b13-774f-4069-9f8f-a181bed6dbdc
1998,1998-12-09,一路真輝,最後のダンス,5658160c-7824-47be-882f-ad62bc92b87d
1998,1998-11-21,七尾旅人,おはよう...! ボンテェジ・サイボーグ,1e89aa47-4591-435a-b6f1-819b1991625b
1998,1998-09-19,七尾旅人,オモヒデ オーヴァ ドライヴ,27637f90-601a-3f01-b5f4-3f185ed05619
1998,1998-02-04,三代目魚武濱田成夫,アルバイト,d10035b4-185a-42fe-be2c-9e5ceb273b84
1998,1998-07-17,三代目魚武濱田成夫,花束,f9b99b7c-f3c1-40a7-97af-df44862ef9b7
1998,1998-06-24,三沢あけみ,てぃんさぐの花,783635d4-207f-46fa-bb78-5c16f961ae1a
1998,1998-08-21,三沢あけみ,島のブルース|わかれ酒,46748fe7-ac89-4331-928f-ef20c7bd9a9d
1998,1998-04-22,三重野瞳,POWER OF DREAM,9075355f-35ac-4ce1-acde-5d09ee527a3f
1998,1998-04-22,三重野瞳,がんばって,777e0dc2-7b48-4632-8db9-b1348c0ff324
1998,1998-07-23,三重野瞳,瞳 Fall in Love,b41d477c-4232-42f1-bc52-7063227101bb
1998,1998-10-01,上々颱風,もしも爺さんになったなら / Hi‐Hi‐Ho!,ee5af63c-240d-498c-ad91-31c0413fa9b3
1998,1998-08-21,上々颱風,翼がほしい,c99eeacc-3e5e-451c-8ab8-4109d9f76edc
1998,1998-01-14,上原さくら,ユー・メイ・ドリーム,b6854829-2851-4826-979e-20bd31a4fdd5
1998,1998-02-21,上杉香緒里,三百六十五日,1b056f4f-0d9f-4b2e-a72c-970b8135d8fa
1998,1998-09-16,上海樂團管弦樂隊 & 上海乐团合唱队,义勇军进行曲,ec69a1a6-3d9b-4f81-948e-4e2ad4b3ebf2
1998,1998-09-09,上田まり,伝えたい,f56c751b-71a2-4832-b297-bbc684d30757
1998,1998-04-21,上領亘,Artemis,b55fdbf7-cdb9-4676-be97-d908be4a15d8
1998,1998-05-29,中山加奈子,プルメリアの咲く場所へ,cc39f383-42b9-4f4b-a61b-61d43a735464
1998,1998-04-08,中山美穂,LOVE CLOVER,44276dd1-da1e-46cf-9d9c-30571fcfa5d9
1998,1998-02-04,中島みゆき,命の別名,7b55c029-6fed-4ceb-9bf9-4cd02a94365e
1998,1998-10-07,中島みゆき,瞬きもせず,67c37c5d-bdde-4b56-b729-9e50c39c4ec5
1998,1998-08-05,中村一義,「そこへゆけ/歌」,306bd7c3-f582-4da3-8a0a-fc5c4ed7deef
1998,1998-03-21,中村亜紀,めぐみの雨,a30dbfd4-84ae-4d7d-9533-b5fe494fe5b4
1998,1998-04-21,中条きよし,あの日の嘘のつぐないに,b57e97a8-c1df-414a-82fc-4c6519f4392f
1998,1998-10-21,中条きよし,うそ|理由(わけ)《流行歌(はやりうた)一番》,b5b0440a-0bc7-430e-b5b9-3cf95a91c97c
1998,1998-09-23,中森明菜,とまどい,d3011702-d6d2-46b9-b094-9f37f0174c48
1998,1998-05-21,中森明菜,今夜、流れ星,04babdca-43b5-4a25-b1a5-ea86271117a1
1998,1998-02-11,中森明菜,帰省〜Never Forget〜,e9b25599-d726-4247-978f-cae17ea33827
1998,1998-12-02,中澤ゆうこ＆高山厳,お台場ムーンライトセレナーデ,74e5f8e8-151e-341c-aed0-c05a6b738413
1998,1998-08-05,中澤裕子,カラスの女房,996ed43b-31ec-3e33-86a7-cddf6536ba64
1998,1998-03-27,丹下桜,CATCH UP DREAM / それがあなたのいいところ,d77a0d77-ae7e-4457-a9d9-d08f48fcaac1
1998,1998-09-04,丹下桜,FREE,4bc3d7e4-d3f8-4fc3-91f2-83419492ea36
1998,1998-11-27,丹下桜,Stand by Me,a55785c9-91e0-4fb9-b553-c98f10ab9ad9
1998,1998-09-18,久保田利伸,AHHHHH!,3413ccf7-bd82-49cf-af38-b4c50331cacd
1998,1998-01-25,久保田麻琴,バイ・バイ・ベイビー／初夏の香り,b76ec41c-e0d6-4f29-b299-b49fd0ae4f1b
1998,1998-07-23,久宝留理子,しょうがない人,96e690f0-889b-41ba-b70f-a8be1aa9d5d8
1998,1998-11-21,久宝留理子,雨やどり,83b9e68d-f574-46bd-8c24-e5e69ed6f1f7
1998,1998-08-21,久川綾,これは これで ありかな なんて…,c55c8243-d1f7-4487-a4e5-45d7b5ab40af
1998,1998-09-23,二葉百合子,元禄忠臣蔵|あゝ野麦峠,2506f357-e640-4314-996f-ffb67189ab66
1998,1998-07-24,二葉百合子,岸壁の母|九段の母,b4c32bf0-acfa-4382-82e0-76b301ddbc4d
1998,1998-11-27,二葉百合子,特選歌謡浪曲〜岸壁の母,a538573c-3f8f-4015-9e0b-9fe20afbb654
1998,1998-03-27,二葉百合子,百夜(ももよ)通い,b9bfb8ab-ee76-4fd3-96ee-f461eee69196
1998,1998-12-10,五十嵐寿也,スーパーロボット大戦F スペシャル音楽CD,41079819-a746-4b63-ac80-86ee57eb1030
1998,1998-05-21,五味美保,すてきなRadio,676ba8ff-dfe9-41f1-811f-b0c657a0357b
1998,1998-08-21,井上大輔,哀 戦士／風にひとりで,6df0ed94-7453-456c-89d1-75e1f754b344
1998,1998-11-18,井手麻理子,風と共にながれて,ca69a9bf-8056-3cab-b14f-ca3819957bad
1998,1998-02-25,亜波根綾乃,Lucky Goes On! —しあわせがゆく—,dbf68ab8-7b1a-435e-aa7b-a9629bd701cf
1998,1998-11-05,亜波根綾乃,warmth,ad59dd01-e4cb-4463-a2ee-31c97db4f66b
1998,1998-08-05,亜波根綾乃,小さな勇気,e0aea9d2-da84-432f-970c-f26805b95817
1998,1998-04-22,亜波根綾乃,心の地図,0b300716-6e20-41a7-a9ac-303828b9b957
1998,1998-07-29,亜波根綾乃,遥かなわたしたちへ〜eternal ribbon in the air〜,a5d674e5-5a00-4fd0-ad00-2c3e34077d94
1998,1998-10-28,今井美樹,flowers,d90c9769-f6c5-401e-941f-ada97973def8
1998,1998-11-21,今滝真理子,I will,560f8346-3f80-467f-acbf-2b1c4def5f22
1998,1998-08-07,"仲井戸""CHABO""麗市",遠い叫び / 孤独のシグナル,e3679c4e-6ba9-4557-9b44-fb2eb0de08fb
1998,1998-05-21,伊良皆誠,Wonder,6d9718a3-6b57-4e67-8f1b-ea86fca4b2f7
1998,1998-03-11,伍代夏子,港恋唄,a677c1e4-18e8-44c8-80ed-71332fc65e88
1998,1998-01-21,佐々木ゆう子,Mr.Policeman : いちばんいい時,239ef042-b3b3-3e81-b93e-863e096a5d73
1998,1998-03-11,佐々木ゆう子,元気ですか,2336ea81-5049-3fdc-9260-c2ce10f74296
1998,1998-09-02,佐藤美記子,MARGARET,6884d861-e02c-49fa-b2ab-88dcfa23242f
1998,1998-10-31,佳苗,Keep the faith,59b24434-3848-458c-9ade-f0a75a51d63b
1998,1998-12-20,光吉猛修／井内竜次,シェンムー／莎花,7eee654e-4f98-4619-aff9-ccfab8411181
1998,1998-11-18,八反安未果,Miss You〜忘れないで〜,82bf822d-bd97-436a-9d10-72cccd5f15fe
1998,1998-07-16,具島直子,no.no.no.,70dfca22-9778-45d7-a6bd-da332b8b1bf8
1998,1998-09-23,内田有紀,ハートブレイク スナイパー,31d9a73f-e0f5-49cc-b64e-29ef8ce5d9a0
1998,1998-07-18,内藤やす子,新宿はぐれ鳥|夜明けのすずめ,47931ce3-1fdc-4687-8183-224c6797d68c
1998,1998-07-18,冠二郎,しのび酒|酒場,318fe324-c1e2-4f1c-a558-f5d05641f692
1998,1998-06-20,冠二郎,旅の終りに|度胸船,8926a46d-e8d0-46d5-b178-b7de095453a7
1998,1998-06-20,冠二郎,男の錦,0aeb73ed-1769-4267-be62-6f4ec1f67e92
1998,1998-10-14,冴木杏奈,愛は未来,db1714a8-6b4e-4027-8bb5-7677e9eef737
1998,1998-03-06,冴沢鐘己,カナリア,a1be763d-b1ea-4e52-b789-48ff734ad486
1998,1998-11-01,制服向上委員会,寿司屋のマスター,f1c0b40a-6023-46a9-a941-5b69d4e70502
1998,1998-04-01,制服向上委員会,鼻くそMANが行く,6b0e2791-88cd-433a-b807-9c9b1e35ede7
1998,1998-10-21,前川清,そして神戸|この愛に生きて《流行歌(はやりうた)一番》,6df3d975-4ef7-4245-b1c5-c18765811296
1998,1998-10-21,前川清,恋唄|中の島ブルース《流行歌(はやりうた)一番》,7ddeabf0-d967-4d51-868c-6a082c3140b6
1998,1998-10-21,前川清,東京砂漠|恋は終ったの《流行歌(はやりうた)一番》,fdfcd41b-030e-402d-9c50-aa3818fe1bef
1998,1998-08-19,前川清,神戸,50ecef80-ce4c-403b-8351-cc0c5b130d8b
1998,1998-10-21,前川清,逢わずに愛して|噂の女《流行歌(はやりうた)一番》,75affdd1-6cf3-4e08-b19f-d51628f71fc6
1998,1998-10-21,前川清,長崎は今日も雨だった / 愛の旅路を,d8d55919-59ac-4cf3-ae0d-50ba0facaa51
1998,1998-05-30,前田愛 & 高戸靖広,センチメンタル・グラフティ(10) 永倉えみる,11c41d51-7ea2-41ec-bb82-b3440b61d85a
1998,1998-04-25,前田愛・前田亜季,Don't Cry,84aea6f8-f837-4ff3-a374-896af0c7b272
1998,1998-03-01,加門亮,東京もどり雨,81e3dca4-42f3-4018-ae9b-0a62beb23cb0
1998,1998-06-03,北野井子,Begin,df03f766-0371-4112-9b5e-1aa7025782dd
1998,1998-10-28,北野井子,薔薇と緑,d59fcd0f-4440-49c4-8557-cb88c8169602
1998,1998-04-29,南こうせつ,わたしの花を咲かせたい,0c0e00f6-fad6-4c76-8657-fc21fb2a34ff
1998,1998-03-21,南一誠,いのちかがやいて,f187eab4-c291-4f29-83a6-b6dd93941ecc
1998,1998-04-21,南一誠,追憶の日々|リメンバー・マイ・ラブ,8a9b5b92-377a-4a96-b5f4-9676002c9ecb
1998,1998-01-21,南烏山六丁目プロダクション,ラリパッパブルース,5f6895d3-7a8a-4924-b7bb-bffc5603e762
1998,1998-04-22,南烏山六丁目プロダクション,平成恋慕ソング,6d24aaf6-3e14-4d77-83ea-0b736534c075
1998,1998-03-27,原田悠里,のれん酒,7b371da1-7be7-49d4-8dd4-15ab410a46f6
1998,1998-07-24,原田悠里,女の冬航路|命かけても,1cc324c2-9c7e-4b25-afd7-314373e7925b
1998,1998-02-21,原田真二,恋は500マイル,b830c20c-ede3-4586-a61a-6d492da9fa1f
1998,1998-07-18,原田知世,七色の楽園,4d2a8680-0921-4f9d-871c-1770beeac153
1998,1998-04-22,原田知世,恋をしよう,5cd9b42d-afd7-4c8d-b987-29b9062878a0
1998,1998-04-15,反町隆史,ONE,ad9e14ce-b20c-4d2b-bda1-e998635c7d23
1998,1998-07-29,反町隆史,POISON〜言いたい事も言えないこんな世の中は〜,e775b368-6a05-42dc-9c9a-cecc11f8f0a7
1998,1998-07-29,古内東子,心にしまいましょう,1a52f931-62e6-48a5-8f3b-4325a289a58a
1998,1998-10-21,古内東子,淡い花色,9f08ecc7-35f0-43c5-8189-16a6542c28cb
1998,1998-01-21,古内東子,銀座,9242f519-a055-4db3-85b1-6229a9c0bdac
1998,1998-03-21,古家学,いつか通り過ぎてゆく,3704cb9e-094f-44a2-896b-c45f2396a18c
1998,1998-10-21,古家学,君といた季節,03e7c368-d7dc-4f75-a11c-20236bbbb8a0
1998,1998-06-20,古家学,大丈夫,38159de1-2686-45eb-a611-5615f8231ba2
1998,1998-04-17,吉川ひなの,One More Kiss,38c9a3e7-97b4-4173-aed0-948be53e76be
1998,1998-03-04,吉川ひなの,ホットミルク,88080f30-1378-4b44-ab48-906f971ef5fa
1998,1998-04-08,吉川晃司,KEY〜胸のドアを暴け,b1f33453-ab39-4efd-8169-317b6a80a5a4
1998,1998-02-18,吉川麻衣子,DEBUT-デビュー,cd89a47c-20b6-4a42-bc5c-f799007cdd54
1998,1998-02-28,吉川麻衣子,そらのかけら,bdc6be03-b3f1-4a81-bff1-f1400af50ad9
1998,1998-05-21,吉川麻衣子、石原慎一,Bビーダマン爆外伝&ボンバーマン絵かきうた,e78ff324-0f25-47f4-bb18-7e51a7520458
1998,1998-02-25,吉沢梨絵,ALL OF YOU,3eb30de9-4b40-4f75-a9cf-948b16cd8ef1
1998,1998-06-17,吉沢梨絵,サヨナラはくちぐせ,26cc7d96-c9d4-413d-9d3b-414fab1680d6
1998,1998-12-19,吉田由香里,星を空に…(Moonlight Version),486a07b6-8a8e-3ddf-8bec-55907b2c1a76
1998,1998-07-17,吉野紗香 with NANSHO boppers,こんな気持ち 〜ハリハリヘリヘリ〜,45f248b7-8ad3-4d0f-8a2d-44ffbf07a242
1998,1998-06-03,和泉容,ダメ!,c7d571b6-37ae-4920-94ba-2dcc262ebc1e
1998,1998-02-11,和田アキ子,河〜リヴァー,d7d5bf51-c16f-45eb-a52c-6d465db18208
1998,1998-07-25,和田アキ子,真夏の夜の23時,20288c19-957d-4ad3-b51d-0ba7db5811df
1998,1998-08-05,嘉門達夫,ザッツ・替え唄メドレー,8b7acd88-f6c8-4afd-a130-239747bd84b5
1998,1998-03-21,嘉門達夫,ワールドカップだぜぃ!,46c5afdb-913a-4c4c-9f4c-ad0277d2530f
1998,1998-10-21,嘉門達夫,男に逃げられた,d5d4f076-ba38-41f1-87c7-f6f0fb5927b4
1998,1998-02-25,國府田マリ子,Looking For,736b2153-77f8-3efa-9506-6311648ec953
1998,1998,國府田マリ子,ぴんくのわに,5ca0df9f-9e18-4cf9-a49e-89594f4d95ff
1998,1998-07-03,國府田マリ子,コバルト,ad39597f-6a0f-4ee4-b80a-2707cdc28de1
1998,1998-10-23,國府田マリ子,大切に思えるものが一緒ならいいよね,9d5e43df-3b6a-4dbe-8903-94322ddd547e
1998,1998-09-26,地獄絵,うつろの針,4ca5f12f-81b8-4d7d-9d5f-6d2f2ffedd9c
1998,1998-09-26,地獄絵,十二匹の腐乱犬,861e34f3-ffb5-4eac-8c86-dc92a51509c5
1998,1998-04-22,坂本真綾,奇跡の海,e63632ff-dc88-31f4-97eb-70552bb90b2f
1998,1998-11-21,坂本真綾,走る,7df0057f-d2e2-36a4-8b3a-fafbc005e416
1998,1998-11-18,堀江由衣,my best friend,ce4dfcbe-6a3c-338c-9596-e74a549fe5b6
1998,1998-09-01,堂島孝平,Freedom,dff57edc-6be2-4ca0-a50e-b6d778ecc437
1998,1998-04-21,堂島孝平,Remember,dfdefa22-ee23-4d10-afe3-328975eca08a
1998,1998-04-29,増田ゆき,ずっと君のそばで,ff86cbfb-496c-3ed2-aba5-3128f19c5d9f
1998,1998,夏樹リオ,大運動会 おまけCDシングル,2f1bf864-3e40-4c63-98ff-c91c735d9c53
1998,1998-01-21,夕凪,花の色,cfd0cb1d-2a25-41bc-b35e-7f638435cdcc
1998,1998-10-21,夜総会BAND,TENJIKUへ行こう|Let Me Be Free,f3af133d-b78c-4df5-8041-cfab547696c8
1998,1998-04-22,夜総会BAND,私の青い鳥,ffd85f4e-ea29-4946-bce2-cda83c21156e
1998,1998-04-21,大地真央,今宵満月,cf55807f-8bd3-4239-b0c0-5dea5c0021fa
1998,1998-10-31,大塚利恵,夏気球,6ffb330a-f16e-4192-bbcb-dedc1b017dfd
1998,1998-07-24,大月みやこ,女の港|かくれ宿,92999a85-c2b4-4ef7-8fbd-406126b7058a
1998,1998-07-24,大月みやこ,女の駅|女の舞,9d8107b2-ce30-4cd3-bf07-9551c2869f63
1998,1998-01-21,大月みやこ,愛いつまでも〜フォーエヴァー・ラヴ,7d54cada-5585-463e-8b94-13fccdbfab85
1998,1998-05-21,大月みやこ,涙かさねて|桜雪川,e9c5fd20-2ba3-4108-918e-c25aec5bbe85
1998,1998-07-24,大月みやこ,白い海峡|愛にゆれて…,f4349e8e-5ad9-4b43-a8ef-86150ac12731
1998,1998-06-17,大本友子,最後の恋,266a0b84-c260-4d9b-be78-982f2ec75ed5
1998,1998-05-21,大森洋平,KOKORO,1734d903-5e78-3d32-b1f9-d3442bc04b7c
1998,1998-02-01,大森洋平,アイノウタ,94fd036b-ac38-3fbb-bff8-5ef362b43065
1998,1998-04-29,大森玲子,La La La 〜くちびるに願いをこめて〜,97e0cc35-0708-4c81-9ce5-1f213baea22d
1998,1998-08-19,大橋りえ,Release myself,d31a23d7-9096-4064-b020-507a552366c6
1998,1998-07-01,大沢たかお,Rain,98502f9c-7bc5-4d63-b7e1-907fb83d7f70
1998,1998-05-13,大沢千秋,Power of Love,f06ba5eb-baa8-4a4e-ace8-237ea96136e8
1998,1998-03-25,大沢誉志幸,トパーズ,73c0559a-b521-4bb0-a2d4-d3db88f6df4f
1998,1998-02-26,大沢誉志幸,君の住む街角,528a73d5-2452-49bc-8882-a5fdd2ad5ee6
1998,1998-08-21,大藤史,季節を抱きしめて,b9901196-59c9-4e99-ab57-c9e3c6684486
1998,1998-11-21,大藤史,風の魔法,70bf8550-1077-4682-9705-9920a2f590fd
1998,1998-06-20,大西結花,Fly Away,9498b8a9-3422-4eb3-862a-140a3dafae82
1998,1998-02-18,大賀埜々,orange,e54d7333-5e01-43c7-a478-f77675075c1c
1998,1998-02-25,大黒摩季,ネッ!〜女、情熱～,aa3b0813-26af-4024-9a72-8b83fd15c29f
1998,1998-06-24,天方直実,With Your Love,da6fb13d-2731-4d9a-8da4-059c9a37d024
1998,1998-05-22,奥井雅美,Birth,b7dfc8d4-4dad-37cf-955a-02e89bab33de
1998,1998-11-27,奥井雅美,Never die,9d0670f7-0f8a-3ed8-8cb8-8383ea9a259d
1998,1998-08-07,奥井雅美,朱 -AKA-,77dc10c0-cf00-3f3b-9304-bd8f086e8320
1998,1998-05-30,奥居香,ひまわり,88184243-19e9-4430-b1aa-7d3b10c97e92
1998,1998-02-05,奥田民生,さすらい,500ef6dd-859c-46ea-b06b-abcb45642e91
1998,1998-08-21,奥菜恵,Eternity,7c56b4e8-3d27-4fea-9981-4dfcdafa3468
1998,1998-02-25,奥菜恵,ゆらゆら,5f605cdc-0411-46bc-a486-5b3a7d6c59b3
1998,1998-01-21,姫神,神々の詩,f6154a26-7a18-4e2f-8e2c-ae4c75376024
1998,1998-08-21,子安武人,Blast,80e19611-7c3e-44a5-a120-d53eb5feb705
1998,1998-12-09,宇多田ヒカル,Automatic / time will tell,82af2fe4-2bfb-3f7d-9978-c51bb62805be
1998,1998-08-26,宇徳敬子,Don't forget me,10a59232-923c-4a4c-8f6e-1f3f3c7677e1
1998,1998-06-17,宇徳敬子,風のように自由 〜free as the wind〜,5ddf0d90-5e52-4f1d-a488-5c99d4d506fe
1998,1998-12-02,守永初美,SAVE OUR SONG,d5537243-6c49-3e24-8c08-6ef59aa53969
1998,1998-01-28,守永初美,青空のknife,6cf947b0-ed92-30ea-996c-d86149d473a3
1998,1998-09-02,守永初美,革命みたいな感情,d6c1ec6b-e15c-3c32-9e75-aca6d2fe44ce
1998,1998-06-20,安達妙子 (CV.岡田純子) & 高戸靖広,センチメンタル・グラフティ(11) 安達妙子,41f5fa90-3e9e-4e72-8eeb-303e01f79c9e
1998,1998-04-01,安達祐実,涙くんさよなら,0c121d45-09a5-4ab8-8819-7932e070fc09
1998,1998-05-21,宮本浩次,silent kiss ~現代における集団主義に対する否定的賛成論~,5128a654-887e-4b91-8af6-dafc10969df5
1998,1998-08-21,宮本浩次,憂鬱なMonday,c80a1bb4-a74c-4273-b30e-2e3f327e5448
1998,1998-02-21,宮村優子,Mother,667572d4-1750-3306-8f21-680e5a464a22
1998,1998-06-24,宮村優子,アリガト,68c12bdb-b7ca-4353-8419-2f393aceafa2
1998,1998-05-21,宮村優子,恋と欲望,0cfcd01c-10c4-48db-85de-a6a66d0e930a
1998,1998-03-12,宮村優子 & 岩男潤子,ひざの上の同居人 ~Kitty on your lap~ APPENDIX CD EXTRA,ad470224-0b05-4bf8-8638-2a84ffdd8a00
1998,1998-12-21,寺岡呼人,胸いっぱいの愛を,ec18db5c-89bb-4cb0-a4ac-e7b3daebd340
1998,1998-01-08,寺嶋民哉,新吸血姫美夕西洋神魔編 ドラマアルバム 1,8466896f-de1a-4b2b-8b26-8e0bbd978ea3
1998,1998-01-08,寺嶋民哉,新吸血姫美夕西洋神魔編 ドラマアルバム 2,8faa037a-3d3c-4887-af88-5c2353fa4998
1998,1998-01-08,寺嶋民哉,新吸血姫美夕西洋神魔編 ドラマアルバム 4,8cc2ed4f-619d-4b65-b81f-d6f7dd0a7a45
1998,1998-01-08,寺嶋民哉,新吸血姫美夕西洋神魔編 ドラマアルバム 5,600aeb6a-63c0-42b7-b5bb-a929ca8e6d44
1998,1998-01-08,寺嶋民哉 & 山本健司,新吸血姫美夕 西洋神魔編 ドラマアルバム6,63c54218-a432-412e-a92d-839eca96adbd
1998,1998-07-23,小夏・ひとみ・レイナ,手のひらを太陽に,31fd56d8-cda1-4d79-b089-ecc845073aa5
1998,1998-12-02,小島麻由美,真夜中のパーティー,fa74453a-da4b-4f0c-adbb-dedf3ed26891
1998,1998-06-24,小川七生,24色のクレヨン持って,26a5686b-ebe8-482e-a0ac-937924f38d44
1998,1998-04-22,小川七生,実際の恋だもんね,284fc567-66ac-4365-bcf5-9dbb0f3b9457
1998,1998-11-21,小日向しえ,カナシイウタ,4bed9bfd-af10-438f-987f-d41e07f1a686
1998,1998-03-18,小松未歩,anybody's game,556e5f8b-a72f-32ed-8b3c-69901ae7cbec
1998,1998-08-19,小松未歩,チャンス,b36cb5b9-dae8-345c-a89f-8303597baa07
1998,1998-10-14,小松未歩,氷の上に立つように,b5c67e4c-16bb-369c-8fc1-3f8c9651a988
1998,1998-01-14,小松未歩,願い事ひとつだけ,3df9cdbf-dac6-3986-9e19-613554697920
1998,1998-09-03,小林幸子,風といっしょに,0e75e041-8691-461f-bbfb-1beac9c28e83
1998,1998-12-12,小林恵,Future / Born to be Love,2caba83d-fd3b-4f76-b88e-03745901f66b
1998,1998-09-19,小柳ルミ子,だから京都,538a2854-1b06-39e0-bda6-eb3347e08282
1998,1998-10-07,小泉今日子,"Nobody can, but you",cb5e8102-14fd-4175-9962-4815d9fe0299
1998,1998-07-18,小畑由香里,door,dc8b3a3b-034e-4313-be26-c93f8cb2ade8
1998,1998-05-21,小野由紀子,夫婦ごよみ,dbf4db8f-6e06-4d7c-8fc1-fc1dde0d051f
1998,1998-10-09,小金沢昇司,流れ星|倖せになりなよ,bec3a87e-02fd-431e-8a0a-93a76755c643
1998,1998,少年ナイフ,Banana Chips,c3a996d9-78e1-3fba-bf63-f714d2bd3bef
1998,1998-08-26,少年隊,愛と沈黙,5a583763-d556-4191-bb12-547ef0ef35e0
1998,1998-01-28,少年隊,湾岸スキーヤー,eb15ef2f-72b2-4af6-b1b6-9a2ccc4d4072
1998,1998-07-23,尾藤イサオ,熱き鼓動,a6877fe0-5eca-488d-8693-d40608240e51
1998,1998-01-21,山下久美子,フォー・シーズンズ,63be7647-c52a-45ac-94e7-54eb379ab4d3
1998,1998-11-26,山下久美子,ワタシノナミダ,0d4c1b82-31d3-4e86-9f8a-8a912653ad9e
1998,1998-04-29,山下達郎,いつか晴れた日に,cb20cbae-c65e-40ca-bdef-f1e8d76f374f
1998,1998-01-28,山下達郎,ヘロン,b34d77ab-810f-43ec-8bb6-add731e600d7
1998,1998-06-24,山口紗弥加,BABY MOON,a01120c3-9747-4609-b61b-6df6d64f45d0
1998,1998-10-28,山口紗弥加,Little Wing,016a28b0-3dda-44aa-88d4-5a0b2f78667b
1998,1998-12-16,山口紗弥加,赤い花〜missing you〜,035076f5-f712-4483-a106-2c4625df5d51
1998,1998-11-11,山崎まさよし,僕はここにいる,a53e8ff5-c8b1-4889-a6be-215c1fc884f4
1998,1998-06-03,山崎まさよし,月明かりに照らされて,0f15f0c1-24a2-4132-aebe-57706ee0800e
1998,1998-05-13,山崎まさよし,水のない水槽,3a544239-2f31-46d8-9e3f-12b68648d038
1998,1998-06-21,山嵐,予言,5b59ee1a-1ce3-489a-ac8a-65767b0cf6bc
1998,1998-02-18,山川豊,アメリカ橋,98d7fe9c-ef09-481d-ab55-5d166c3a539c
1998,1998-08-07,山川豊,男のららばい / 金沢慕情,9069a95b-256a-4db8-8793-4b20dd1d7baf
1998,1998-01-28,山形くるみ,祭り,23cc4974-7f21-4f0a-959f-f8a180747a10
1998,1998-02-25,岡本真夜,大丈夫だよ,f38e35e2-0ae7-4b63-86a3-93884fa2de55
1998,1998-04-16,岡本真夜,想い出にできなくて,3b56715a-fdda-4c4d-a2ec-e1bda4c05304
1998,1998-02-01,岩出和也,赤いハマナス,dc81c287-21e1-4486-80cb-51f07616a6d5
1998,1998-11-01,岩崎良美,Message,ceb630b5-9749-48e6-8511-21c91b26b59c
1998,1998-01-01,岩本公水,ふたり舟,762857e3-31cb-4e40-b305-9e3fc82c4224
1998,1998-07-24,岩本公水,故郷をあげたい|葉桜,6906f9a4-1e2e-43b7-b0b6-ad4ca517fb50
1998,1998-09-23,岩田光央 / 宮村優子 / 愛河里花子,オー・チンチン,fe2c182d-853a-49b6-8a3f-d7fa0b1fc664
1998,1998-12-18,岩男潤子,空色の風,85db7df5-fc47-3dac-a8f7-ae9ca1ae2dc9
1998,1998-05-21,"岸恭子, 大塚明夫 & 佐久間レイ","碧の十字架/ああ, 人生耐えて花も咲く",8af695c0-73a5-4d62-bf07-bd130d19aa99
1998,1998-07-24,岸洋子,希望|愛の讃歌,91459da3-fe9b-4c41-adb2-a679b016f435
1998,1998-11-18,嶋野百恵,"apple〜only one, only you〜",8aec0f31-a5ee-494a-bf54-1d6f524d5712
1998,1998-07-01,嶋野百恵,"baby baby, Service",40b84c73-0a1b-4729-95c8-8add7001f8ba
1998,1998-01-01,川中美幸,二輪草,65f74fb1-f70c-4e84-b769-dc77403883ac
1998,1998-11-21,川久保由香,宵待ち舟,9cdc276c-2710-4a89-bb09-c6140bf5526b
1998,1998-07-01,川井憲次,吸血姫 美夕 CDシネマI,f2eca75e-a81a-47d5-91bc-e71863e9bc1a
1998,1998-08-05,川井憲次,吸血姫 美夕 CDシネマII,3753c3bb-e798-4929-9363-0dfd42b94326
1998,1998-09-23,川井憲次,吸血姫 美夕 CDシネマIII,78e9c4d1-c7a9-4f7c-84e0-efed95c7f1a2
1998,1998-10-07,川井憲次,吸血姫 美夕 CDシネマIV,37827030-d6cf-4866-ad56-e960394cf61c
1998,1998-05-08,川島なお美,薔薇の花みだら|炎の微笑,2813edc2-cdd8-4287-8a90-e392988b70c5
1998,1998-09-23,川崎洋子,ココロノトビラ,6d625718-d29e-40fd-b9c7-884b4eb19b1a
1998,1998-04-01,川本真琴,桜,f5879b80-149e-47c2-b541-0e810e35073b
1998,1998-11-21,川村結花,home,333e0324-85e8-4cbc-abd1-021fdc68cf06
1998,1998-07-17,工藤静香,きらら,35ad57f3-44f0-4a64-9679-3d28adbee571
1998,1998-11-06,工藤静香,一瞬,4b228080-b7a6-4f88-a13c-a2b910d3d35e
1998,1998-02-18,工藤静香,雪・月・花,5bba1e10-4cbf-4d17-8562-f7401fc3c2a8
1998,1998-01-28,布袋寅泰,THANK YOU & GOOD BYE,66a80b05-9de8-4693-8d36-afd09beba6d5
1998,1998-05-29,平井堅,Love Love Love,76042924-5c7f-3c79-8598-6a61d37fcfe6
1998,1998-10-25,平家みちよ,だけど 愛しすぎて,2055bb8f-8a8a-3918-9edc-56d5d0095beb
1998,1998-07-01,平家みちよ,ダイキライ,0704a774-3fd0-3cce-a8c2-cb7737a404e8
1998,1998-02-15,平家みちよ,卒業 〜TOP OF THE WORLD〜,d08a6269-a593-3626-8b9f-0bfa17b06a05
1998,1998-06-20,平岩英子,夏の香水,fff4c8b9-26c0-4b71-afcd-50c5a42e7eed
1998,1998-10-07,広末涼子,ジーンズ,9c540693-9a86-4bc2-a4e1-d2c6005b21b7
1998,1998-09-23,広瀬香美,Groovy!,3958549b-151f-3fbc-876f-6186c0bbb985
1998,1998-12-02,広瀬香美,ストロボ,f29ee4da-c034-4c7f-b1ff-ab5f96a88895
1998,1998,張國榮,Everybody,9b691fb8-f8f4-4d44-a83c-21bdc1017a69
1998,1998-09-21,影山ヒロノブ,POWER of LOVE/Soul of Rebirth ~時代の鼓動になれ~,db61205e-5f6d-48b2-91be-136e9141a09b
1998,1998-07-16,恋愛信号,Girl Friend / 逢いたくて,40dd837f-309b-48ad-8f9f-87d6dd2d46ab
1998,1998-10-31,我那覇美奈,TEARS 〜 時間の中で...,ebe121bc-a87e-4a06-a252-fb86ab4a2871
1998,1998-02-21,我那覇美奈,桜のころ,01598be2-80f5-462a-bbd3-0429c5585bb3
1998,1998-09-16,所ジョージ,トンカチ,98652705-3c78-4c2c-9f2d-dbfd418bcf1d
1998,1998-03-01,所ジョージ,ブウェーのビヤビヤ,a8938177-be8f-4481-a4c3-246e5fd7e7a5
1998,1998-01-21,折笠愛(藤枝あやめ)/横山智佐(真宮寺さくら),サクラ大戦～桜華絢爛～光録音盤,48c6aa85-ef60-48f8-934f-f955c36807c9
1998,1998-02-21,斉藤和義,Hey! Mr.Angryman,bfaf4f63-d096-4f3e-92e4-29914f8eaecd
1998,1998-01-21,新居昭乃,昼の月,4cf5860b-918f-344b-a036-e74a502cd7a5
1998,1998-04-22,新居昭乃,月の家,b50a520a-14d4-32de-b607-f8835ba3ba0d
1998,1998-06-26,新川二朗,東京の灯よいつまでも|君を慕いて,589bfd6c-3bcf-4690-a9d2-e817f46d6a70
1998,1998-06-20,新沼謙治,嫁に来ないか|ヘッドライト,b3117abc-2f29-4449-9916-3b7c3b26f67a
1998,1998-07-18,新沼謙治,津軽恋女|情け川,fdc952d3-e364-4cc8-b3e9-41e68e61a66b
1998,1998-05-21,新沼謙治,流浪人(さすらいびと),af9186ea-9de8-442a-9a8b-a2d8c0080fb3
1998,1998-07-01,日高正人,想い人,26679d3a-8922-4ac9-bee3-53ec2f07340e
1998,1998-04-21,早川涼(CV: 長沢美樹)＆氷室いずみ(CV: 金月真美),プリンセスナイン,5cc32aed-274c-4e82-9fc5-93904d2ce2b3
1998,1998-11-21,春原佑紀,ONE VOICE,ba6b7cfe-a84b-42ac-8086-d9d717a699ca
1998,1998-02-21,春原佑紀,ジャーニー,fe4c05fc-075b-4b49-90ce-e0a45645a75f
1998,1998-05-21,春原佑紀,陽のあたる街,cc52b365-febd-4c88-b253-c717500ebd93
1998,1998-06-26,春日八郎,お富さん／山の吊橋,5940c457-a742-4f6a-a273-ec6ee30b3ebb
1998,1998-06-17,晏由美,I’m NUDE,3944be40-601a-4348-b2c2-ac32b731e0d4
1998,1998-06-24,月城雪兎(CV:緒方恵美),カードキャプターさくら Character Single YUKITO,b0478833-0bac-496e-8f97-36dd4f777c64
1998,1998-01-21,有待雅彦,Through The Night,75159629-999e-3a32-91f2-eec9077d2f02
1998,1998-07-18,朝日美穂,さかさまパラシュート,af25e6c1-11fd-458d-908b-ecd821499028
1998,1998-10-28,木村亜希子,iの余韻,8ed46733-ed0e-4408-97f0-85df0bee87a0
1998,1998-09-18,木村佳乃,LOVE and LIFE,693e761d-a47d-4744-8419-b1635f8e246b
1998,1998-10-14,木村由姫,Happy Make 〜weekend mission〜,ff35cff3-b4b3-48c4-ae7c-034173a14249
1998,1998-07-08,木村由姫,Summer Rain,99335d57-cd73-4f1b-aa7c-279e24538e2b
1998,1998-11-04,未来玲可,海とあなたの物語,0d56533b-5210-31b3-87ca-0a56d5c1ad62
1998,1998-06-25,杉山清貴,Loving,114f24a5-ce94-4244-823c-20debebf97d1
1998,1998-10-25,杉山清貴,終わらないレース,1b8498a5-b8b4-4ace-b0ab-7eae169dc28f
1998,1998-04-22,杉良太郎,男よ,d0ea7201-a1b3-43de-a482-8271bab6e6ed
1998,1998-06-24,李小狼 (CV:くまいもとこ),カードキャプターさくら Character Single SYAORAN,9e633dfc-f4b5-4f72-aeec-d58278df73ed
1998,1998-07-01,杏子,悲しきは…,e8cb28e4-f9a4-41e8-86d3-5c0c7aceb4df
1998,1998-06-10,杏里,夏の月,77d38084-e9c3-4c75-9618-dcad4254cb05
1998,1998-07-08,東京スカパラダイスオーケストラ,Dear My Sister,c28f6524-cdfc-4ff0-a129-91a6be970746
1998,1998-04-22,東京スカパラダイスオーケストラ,愛があるかい?,262f58ee-3b83-426f-afa4-9f498ceffacd
1998,1998-01-28,東野純直,CASTAWAY,2f802ab6-2e51-4588-a080-7fa9c4c55df3
1998,1998-09-04,松たか子,Stay with me,ebd4a9bb-3482-499b-b6d5-9c1d12f50a72
1998,1998-05-27,松たか子,ごめんね。,33244929-70d6-4d47-b797-cc730faeddf3
1998,1998-03-25,松たか子,サクラ・フワリ,af40f1ce-da53-47bb-a91d-4445583100fe
1998,1998-05-21,松下里美,土曜日にしなさい,9c08b7cc-2a2d-3b36-bf4a-d4853e5e95d2
1998,1998-05-09,松山千春,この世で君が一番好き,0003b42a-ca6b-4fcb-aa23-858c38e89606
1998,1998-10-10,松山千春,翼を持たない天使,86be49b2-b836-4385-88a7-d1662b9c0c3b
1998,1998-04-01,松岡千恵 (CV.米本千珠) & TIGER-G,センチメンタル・グラフティ(2) 松岡千恵,8da0d95c-ab9a-40d1-9f2c-98bb8743988f
1998,1998-02-18,松本明子,soon,57998b97-a657-4576-97a5-b883eea22106
1998,1998-07-03,松澤由実,Dearest coupling with ROSE BUD,f34c1820-b2df-4d29-8a51-a39a4069aad7
1998,1998-11-11,松田樹利亜,LOVE IS A MERRY GO‐ROUND,7e3757e9-ea7e-47ff-b981-361f12d59e7c
1998,1998-06-06,松田樹利亜,永遠という瞬間の中で,76cc9c77-b635-4b3d-aa48-cce3fc4572f4
1998,1998-11-26,松田聖子,Touch the LOVE,143f7846-ada2-4f36-8dd9-425dd5aff281
1998,1998-06-17,松田聖子,恋する想い 〜Fall in love〜,57c9e56d-538e-4d91-8e1e-51a6c33cc82c
1998,1998-09-02,林あさ美,だいじな人だから,9d78141f-24e3-4bc7-9af2-6d22b19c2cf9
1998,1998-03-21,林あさ美,夕焼けが泣いている,385806e0-553f-47ac-9733-ddf4f40ee754
1998,1998-09-04,林原めぐみ,A HOUSE CAT,99c920cd-2342-4442-84ae-35fcde59129e
1998,1998-02-04,林原めぐみ,Fine colorday,b8caa36d-c86c-3bc0-8c80-d477372dc2fe
1998,1998-10-23,林原めぐみ,Proof of Myself,c42051aa-cdf5-49bb-88a5-4fe7b9f57de9
1998,1998-07-03,林原めぐみ,raging waves,3862a52b-a2b1-3d65-8deb-0739fbaa1b5c
1998,1998-04-24,林原めぐみ,～infinity～∞,b790cdfd-d741-3b49-93aa-c45ae17f5d76
1998,1998-05-21,林原めぐみ & 伊倉一恵,「超魔神英雄伝ワタル」～RAINBOW 5,df620a4e-e12b-48b9-a1e7-085896234700
1998,1998-06-03,林田健司,パッとした瞬間,3bcd974b-3033-4a9b-9455-484b8b498486
1998,1998-10-21,林田健司,僕なりの勇気,278f2248-e5f8-4bee-a44c-7f38fd9b146d
1998,1998-10-21,染谷俊,クミコ,88a1cf0b-2133-4ef8-8076-b4a638245cb9
1998,1998-06-20,染谷俊,ポーカーフェイス,6e7582c5-ced6-4621-8024-3e275af3dcf7
1998,1998-07-05,柯以敏、王力宏,我用生命愛你,977fc864-10f1-4529-a10f-fd7638d585eb
1998,1998-08-21,柴田恭兵,ランニング・ショット,dcaa370c-d215-4a2c-8de4-e571bf374f8b
1998,1998-09-23,栗林みえ,だんだん君がスキになる,4ed6d2de-1025-4983-9645-a73a9b968eb6
1998,1998-05-22,栗林みえ with 藤崎詩織,Say Hello!,366b058b-0521-4413-a198-f17fe93de2d3
1998,1998-10-07,桂銀淑,プリーズ…,10669aa0-e29d-4aa3-9052-56666191fd76
1998,1998-08-07,桑島法子,Believe,f9817aca-353a-3bf7-a095-d17133e08c45
1998,1998,桑島法子,海から生まれた子供たち,93f9ce47-e1bf-4545-bd44-af060527edb3
1998,1998-10-23,桑島法子、川崎洋子,雷弩機兵ガイブレイブのテーマ/風の中のSoldier,f3aa1590-dc93-42f9-9033-239131995b57
1998,1998-05-22,梅沢富美男,恋暦|たそがれに燃え,778d6ddf-e644-47ae-ac10-6e029cf56300
1998,1998-11-06,森口博子,SAY SAY SAY,5c9860db-f10c-417f-b614-d12e0c926319
1998,1998-02-11,森山良子,明日こそ、子供たちが・・・,7259a1c8-7bce-4f0c-91d0-5d1a08c97af1
1998,1998-12-23,森川由綺,WHITE ALBUM,970c5214-9714-4b6c-800b-9b4753f9bc7e
1998,1998-12-19,森繁久彌,船頭小唄|ゴンドラの唄,04d80683-510b-42a2-9fec-6eef1c50bc0b
1998,1998-06-24,森若里子,浮舟の宿 / 女の通りゃんせ,be30113c-2c99-487a-9aa3-f0c1493ade8d
1998,1998-03-10,森進一,女心,50e3b23a-3117-4eff-9ed5-b46bdc9e12ef
1998,1998-10-01,森高千里,冷たい月,aeb115ba-6d48-4581-a79d-e0dc50b1a33c
1998,1998-07-15,森高千里,海まで5分,723662ff-bf43-42cf-a5e2-8e2166a31318
1998,1998-03-04,森高千里,電話,5b70e626-e455-4261-badb-44a1211c71cd
1998,1998-01-21,椎名へきる,Graduater～グラディエーター～,fda677c7-d3cf-3f6a-a934-8d76c14fe0aa
1998,1998-11-26,椎名へきる,この世で一番大切なもの,e2896b03-75a9-3748-8515-1dd803b3a3da
1998,1998-06-20,椎名へきる,抱きしめて,107f47cd-25f5-338d-9d20-2ba58cf5613a
1998,1998-02-05,椎名恵,いつか空に届いて,7d81d8d6-10ab-40a9-91df-92f57bbd9839
1998,1998-05-27,椎名林檎,幸福論,a6cd6530-bba7-3cae-82ed-64b865d97f30
1998,1998-09-09,椎名林檎,歌舞伎町の女王,bca48522-391a-31c3-88bf-aed6f8dc93ba
1998,1998-11-27,榎本温子・鈴木千尋,夢の中へ,9fc020b7-36a5-4d82-820c-7404f4194f1e
1998,1998-07-23,槇原敬之,HAPPY DANCE,fafb28c5-d63f-37c7-ba0e-1597429a3d26
1998,1998-11-26,槇原敬之,STRIPE!,a42aa0a8-2da2-32ba-bffa-2d817031f503
1998,1998-01-21,槇原敬之,足音,2478538f-dd2c-355f-a219-196f8f7460d8
1998,1998-09-25,横山智佐,To be Try,d856d759-09d0-4e2e-a6c4-6aeaa4ae5348
1998,1998-04-17,横山智佐、富沢美智恵、高乃麗（帝国歌劇団）,檄！帝国華撃団(改),77faf9b8-b04c-4a3f-add0-1bc7246999f5
1998,1998-01-01,横浜銀蝿,RUNNING DOG,cc2d2377-6ebd-401b-8902-8fc595a12b17
1998,1998-08-21,橋幸夫,いつでも夢を|今夜は離さない,8c72bf9b-afce-4e47-8d76-2756052eb68d
1998,1998-08-21,橋幸夫,京都・神戸・銀座|舞妓はん,972a05d0-3143-4c73-9cbd-bc90f6023176
1998,1998-08-21,橋幸夫,子連れ狼|中山七里,1760878f-c2c0-450b-98de-07633a3e8863
1998,1998-07-23,橋幸夫,恋をするなら|恋のメキシカン・ロック,c867df65-891e-4146-a039-fc2a2927232d
1998,1998-07-23,橋幸夫,江梨子|雨の中の二人,8613ee6b-46aa-4cad-8a57-ee0f9b21d02a
1998,1998-07-23,橋幸夫,沓掛時次郎|佐久の鯉太郎,fc6e1a73-f42c-4f06-81bf-b9793d99e735
1998,1998-07-23,橋幸夫,潮来笠|おけさ唄えば,497286d9-9b8b-4bd7-915e-ab900240d296
1998,1998-09-18,櫻井智,ガラスのマリオン,292c8399-d68f-4b85-964c-163b4c50e48c
1998,1998-11-21,比屋定篤子,メビウス,75991556-3536-4c86-ab8f-23d014f45d24
1998,1998-07-24,比気由美子,湯之谷みれん,23718c9b-cee6-4979-bc42-c0ead76ecdd9
1998,1998-03-25,水前寺清子,おんなの街道,bacd8126-8dc9-43bc-8475-ff8bf9cc3853
1998,1998-07-23,水前寺清子,大勝負|艶歌,e4f2e1be-74ff-4e40-b968-69152a78abd3
1998,1998-06-24,水前寺清子,涙を抱いた渡り鳥|いっぽんどっこの唄,e071d92f-7501-4fdb-8d0a-c88dfe9646e8
1998,1998-10-21,水木一郎 / 中瀬聡美 & 千葉千恵巳,今がその時だ/約束の丘,ac61da49-64bc-4eb3-976c-c1cc93798a59
1998,1998-03-04,水森かおり,かりそめの花,c2fa03fe-a8ea-4600-9b4b-c72561304142
1998,1998-08-26,水田かおり,霧笛の波止場,ea77ba39-1889-4d61-92e9-3b0e612067f6
1998,1998-01-21,水野あおい,ピンクのたんぽぽ,442e8451-28d9-4a1f-a041-22085855061f
1998,1998-08-28,水野愛日,ハードル／乙女の心意気,7538d75c-d9a7-4bb4-81ad-a155117ae196
1998,1998-11-25,水野愛日,パレード,502e03c0-a627-4d27-b228-bb65d642a6b0
1998,1998-06-20,氷室いずみ&早川涼,PASSIONATE DAYS,bbb988c2-1bd7-474b-a1b5-0c4f8835c881
1998,1998,氷室京介,炎の化石,315a1684-2b86-4fc6-ae83-d54239f421c8
1998,1998-02-28,河合美智子,きっと明日は晴れるから,7fe39eff-5b57-4a70-ac31-84289ff8116b
1998,1998-09-15,河合美智子,それがしぶとく生きる道 / そっと抱きしめて,b3459452-c210-4ddb-a8af-e90d32e46c6a
1998,1998-11-26,泉川そら,tu-la-la,4e987153-c205-46df-b921-9f7816b32055
1998,1998-02-14,泉川そら,等身大の地球儀,5db4060e-7f81-4542-b4e5-0a3bf0f7a91c
1998,1998-09-23,浅田あつこ,恋待花|丹後半島,068e44a6-d79b-44b1-84ea-51e6afdb3485
1998,1998-01-21,浅田祐介,Mirror Mirror,f50e8d5a-6059-42d9-9738-15e8346d6d30
1998,1998-12-09,浜崎あゆみ,Depend on you,add3f890-8835-3760-9e10-49fc86801329
1998,1998-10-07,浜崎あゆみ,For My Dear…,4bf9e00d-2dc2-3020-b847-bb1ccafd877f
1998,1998-04-08,浜崎あゆみ,poker face,eabcfe7d-4973-36dd-ac14-50754f35327b
1998,1998-08-05,浜崎あゆみ,Trust,b2dd4b8a-e85e-3faa-ad31-a56dfc5f24aa
1998,1998-06-10,浜崎あゆみ,YOU,49b2a7fa-1687-37d9-b2ff-d75aecd26ddf
1998,1998-10-01,浜田省吾,LOVE HAS NO PRIDE,2dfd118d-ebc7-4dff-92a9-662a7313a206
1998,1998-04-01,浜田省吾,モノクロームの虹,3707ae76-f300-4e08-9d32-13795671b0c9
1998,1998-12-02,浜田省吾,詩人の鐘｜日はまた昇る,6cbaf0fa-d43d-4cd1-ad40-fa04d68011c0
1998,1998-08-26,浜田麻里,Until the Dawn,bc0e0480-02a0-4615-9053-ee20676272f2
1998,1998-09-23,清水弘貴,僕の自転車,5fe52835-e657-4747-994a-7a12ced1cac2
1998,1998-05-05,渡辺かおる,天使にあいたくて/Keep On Smile,0f3cd832-b998-47cc-acf4-4a49c1f43042
1998,1998-06-20,渡辺美里,太陽は知っている,d07b1a25-9ab8-3d0e-bdef-effbc31aa1e6
1998,1998-11-21,渡辺美里,新しい日々／クリスマスはどうするの,2313a24c-8331-322d-9647-6b758ab9a463
1998,1998-02-21,渡辺美里,素顔,c2a5f603-eec7-36c6-941f-d3d173cf1d83
1998,1998-11-25,湯川専務,Dreamcast,5ac691bc-0dfb-4ab9-9d6c-0cc1c0a069aa
1998,1998-05-20,澤地美欧,きっと見つけるわ,6c45b3c2-2100-4cda-9ca6-dcca4fce8e4b
1998,1998-07-23,瀬川瑛子,命くれない|長崎の夜はむらさき,2c9baa72-43f0-49cc-9a8a-8a9425976095
1998,1998-09-23,瀬川瑛子,憂き世川|居酒屋「藤乃」,c59c2168-f949-4fd8-85f1-9e55007c4ae2
1998,1998-04-15,瀬川瑛子,"雨,降りやまず|雪平野",777cbef8-622f-48dc-91d2-1cd188ac6651
1998,1998-08-21,熱湯兄弟,アッチッチサンバ,2f8bf840-94f8-47e2-9c1e-83f63cda006e
1998,1998-06-24,猿岩石,初恋,64e32da8-e703-48ae-aafd-9a8ac2d2bbae
1998,1998-02-04,猿岩石,君に会いに行こう,990b0562-a481-4233-998f-138dc34870bd
1998,1998-03-18,猿岩石,昨日までの君を抱きしめて,c3d836d3-eb2b-426b-aceb-1b1636ccfc26
1998,1998-05-21,玉置浩二,ルーキー,f3b277dd-59ec-4fc5-8502-3f441104fafa
1998,1998-01-21,田中有紀美,あなたの涙の場所になりたい,3a0d3105-fe65-4f63-9a87-fd7a2c75a4e4
1998,1998-12-02,田村ゆかり,REBIRTH 〜女神転生〜,3a629886-bb29-3485-9af6-d29926a2dcdc
1998,1998-05-21,田端義夫,百年の愛《東海林太郎生誕百年記念》,0cc5b05b-c919-4697-9782-27cc8edd5e28
1998,1998-03-21,田辺マモル,リス,55556b4c-c5c7-43d1-8e71-a0c412bc939d
1998,1998-05-21,白木由美 TAKING VITAMIN J,わたしの歌を聴いてほしい,0ad992a7-4a64-49ce-8ed0-068a8088cefb
1998,1998-06-24,相川ひろや (CV.石川英郎),JEWELRY LOVE,4a6105ff-3dd7-4915-97f9-5157bcf47632
1998,1998-11-06,相川七瀬,Lovin’ you,7a12f23e-3c1d-3de2-9215-56e0012eef56
1998,1998-05-08,相川七瀬,Nostalgia,44c13fc9-3514-383b-bb7c-1f5b42f652f7
1998,1998-02-04,相川七瀬,彼女と私の事情,56b87070-a20d-3d9c-b261-4999f0a955c0
1998,1998-03-21,真上タケル,Start〜素直になって〜,be835967-1f25-4163-a586-a92ba3fc0cc0
1998,1998-02-21,真心ブラザーズ,BABY BABY BABY,7291a6fd-cc69-3d7a-b936-c40f8992d987
1998,1998-08-01,真心ブラザーズ,EVERYBODY SINGIN' LOVE SONG,f0d2d3b9-321a-3274-9b6f-6f343603041a
1998,1998-05-21,真行寺恵里,IN MY DREAM,1cf44f85-0968-4765-8c14-79d9bc0b36d4
1998,1998-10-21,真行寺恵里,明日へのrun away,b7a4daf3-a780-45c1-9d47-1889fe130e38
1998,1998-02-21,矢吹春佳,夫婦純情,9b61828c-4726-4b28-9704-14da977dd510
1998,1998-07-29,矢沢永吉,チャイナタウン,4a85add4-323a-46fa-a09d-dd3b7ec31a73
1998,1998-03-25,矢野顕子,ホーム・スウィート・ホーム,c688d58d-f647-4eb1-8b98-a47e3ef7586a
1998,1998-04-22,矢野顕子,丘を越えて,c31d8a72-ebb6-4bea-801a-2d5be2605ce0
1998,1998-07-15,知念里奈,Be yourself,3b051432-d121-417c-bf2c-e3abb3423e45
1998,1998-01-28,知念里奈,Break out Emotion,4ef4b929-b244-4ea1-8144-985e6a9c43dc
1998,1998-04-15,知念里奈,Wing,c4197031-38e5-4c8b-8dc6-23ec67bea530
1998,1998-06-03,石井ゆき,デンワしてダーリン,a00b7d9e-280b-3895-883f-6ffc902454de
1998,1998-07-01,石井ビューティー,花まつり,e2f7ad39-f771-3400-ad9f-f18bd42f0cac
1998,1998-12-02,石井竜也,HI TENSION LOVE,328d686b-10f6-3e03-9e52-c17b33b75694
1998,1998,石井竜也,ハリキッて行こう！！,477f5c6d-4d50-3979-a462-74bfd8e8bfb1
1998,1998-04-01,石井竜也,安心しろよ,7cba2d90-1ef9-3b74-b493-9dfaa7c2e50e
1998,1998-05-05,石塚早織,禁断のパンセ,989a8a81-2cc4-4f1a-a0e4-0f17a7c2f0f6
1998,1998-02-06,石嶺聡子,思い切り泣いてもいいよ,5074e6f9-eff4-4d2d-b9e5-aaf1f7187b72
1998,1998-04-17,石川さゆり,月の盃,ff5ac7ab-74f6-4e65-816c-1723a95ecb1d
1998,1998-09-18,石川さゆり,長良の萬サ,0711a801-2d9a-4349-9609-763ec6d1ca79
1998,1998-12-18,石川よしひろ,愛情のかけら,a9f81568-3a7d-4741-a943-27b1bb7a760c
1998,1998-04-22,石橋千恵,光のすあし,1b195534-6860-3b92-90e1-f05e2bbeef8f
1998,1998-03-10,石野卓球,LOOPA 000,3dcd3b2d-54bd-4e47-8397-a1b47475201b
1998,1998-01-07,福冨英明,ハッピネス,3a9cadbc-8b25-4dfc-9fae-36f48ccee9c3
1998,1998-04-30,福山雅治,Heart / you,ae2c3687-552a-4414-8267-90361cfdf8c2
1998,1998-11-05,福山雅治,Peach!! / Heart of Xmas,33149a8d-b0bf-389d-a989-317b044a2938
1998,1998-10-23,福田 舞,天使のゆびきり,a202e70c-da4b-30cd-93e1-63f40e37426d
1998,1998-10-21,種ともこ,LOVE SONG,f54a1f92-8b94-4ca3-8fd8-722dd7a28e36
1998,1998-10-21,種ともこ,MESSAGE #9,85847efb-b1cf-39d9-bbd5-ed48c549f034
1998,1998-12-16,稲葉浩志,遠くまで,ec59368b-3a20-315f-bef2-4e3e272176d5
1998,1998-11-18,竹内まりや,カムフラージュ,a5a6b958-b5fa-4023-8896-a268f641bd69
1998,1998-09-18,竹内結子,ただ風は吹くから,4ce7ab5e-142e-43d3-9d2d-2b4cf0881d88
1998,1998-07-23,笠原弘子,Key of fortune,e5f2e03b-37fe-4333-a1cc-37c0446c9e7c
1998,1998-01-21,笠原弘子,STAND THE NIGHT,79bf575f-92b7-45e8-bd88-5c8aa8f34322
1998,1998-10-01,篠原涼子,a place in the sun,5c686296-b336-4860-9b72-ff359f2bfe56
1998,1998-04-22,篠原涼子,BLOW UP,7d036220-d21d-4af2-92f4-322f3ea6dbc5
1998,1998-03-15,篠原直美,amber,b1d05a8c-3f8b-461f-8ff5-eed0abd36c23
1998,1998-10-07,篠原美也子,ガラスの靴,164062e6-246a-4da6-a3fa-43e3d4a9260d
1998,1998-07-23,米倉千尋,永遠の扉,9e2bae6f-34cf-4725-8d0f-7cbdd90d7400
1998,1998-01-21,米光美保,Place in the Heart〜永遠の朝に〜,d57efb04-ce79-4958-8901-e8f03602b001
1998,1998,米良美一,Ombra mai fu,18de24d5-e9bc-3501-9afc-60dd837ad5bf
1998,1998-01-22,米良美一,ぼくは雨となり星となる,3c786d6d-cacb-45b9-ad62-54852b07622f
1998,1998-03-27,米良美一,やしょめ 米良美一(VO),81d335d9-4d0b-464a-acec-8fd00a3adf3a
1998,1998-04-24,米良美一,ウキウキパラダイス,a6098ccf-5b01-4987-baef-fd8b25b40d07
1998,1998-04-01,紙ふうせん&フレンズ,翼をください,eae7b818-fd0c-45bc-9b67-8c1a3589364d
1998,1998-11-21,結城比呂,EXIT,945a95eb-4840-40ba-a933-1d76e7d18265
1998,1998-08-21,結城比呂,Water Puzzle,0273800d-a99b-4781-80ea-c692d83396ef
1998,1998-11-18,緒方恵美,-RA・SE・N-,eb54b44d-a587-4ed8-8cb3-ab887013e80f
1998,1998-10-28,織田裕二,Love Somebody [CINEMA version],3be1dadf-40f5-43d3-8a4f-24ecf34ecbff
1998,1998-02-21,美帆さゆみ,このはなさくや姫,5876c2e6-212b-4b20-be88-795cffee98f7
1998,1998-07-03,聖飢魔Ⅱ,MASQUERADE,2a4299df-827e-4f18-b25c-cf109f7516d6
1998,1998-04-22,聖飢魔Ⅱ,空の雫,b9194da7-5e73-429e-b61d-164c7f0b07c5
1998,1998-06-24,船越由佳,青空のDance,5f198c90-21c2-4274-9ca5-21a04e5f8e2d
1998,1998-09-23,荒木一郎,空に星があるように|今夜は踊ろう,bc2d9b23-5f2e-41d8-ad64-cdc865ab1e7a
1998,1998-10-27,莫文蔚,海上花電影原聲帶 (Original Soundtrack of Flowers of Shanghai),824997cf-c220-491f-8e45-64f5740bdfdf
1998,1998-04-22,菊池志穂,Dream Child,a14b0048-189d-45e9-aaa1-304bf3568521
1998,1998-10-21,華原朋美,daily news,a91e9bc7-6943-4919-8764-a7a55677f2cc
1998,1998-07-29,華原朋美,here we are,523c273a-70a8-4f78-97c5-aff4c37acda9
1998,1998-02-11,華原朋美,I WANNA GO,dc548eae-585c-4d0f-8b2b-3b796efc5b6d
1998,1998-06-17,華原朋美,tumblin' dice,75e0852f-93a5-4da8-8f77-de66e227a543
1998,1998-04-08,華原朋美,YOU DON'T GIVE UP,2e96f548-7e81-4a87-b4ba-7a1a138884a8
1998,1998-03-21,落合博満,霧の別れ,67294db0-f41e-46d0-be0e-493c870c5c78
1998,1998-07-15,藤あや子,薄幸花,72b38979-bbe6-483a-80c3-456abcf6e424
1998,1998-02-25,藤あや子,雪 深深,ffd539d3-d5ce-458a-9285-d1d5e7cf8235
1998,1998-08-01,藤井フミヤ,わらの犬,b155d88b-53df-4f20-84f8-61ef7b153cb9
1998,1998-08-21,虹野沙希 (CV:菅原祥子),涙のエール,b1f591ed-4d5b-4a26-8009-c6d1101b2527
1998,1998-05-22,裕未瑠華,She Loves Lovin',f1c4695a-64a9-4673-8e05-fd3d7538003e
1998,1998-04-29,西田ひかる,pure,a2f34f6f-dc1c-4ab3-a7ec-51a2c968de33
1998,1998-02-15,西郷輝彦,星月夜,798500c9-dd6c-4b79-9be3-277058967514
1998,1998-09-25,角川博,あなたひとすじ|夜明け川《流行歌(はやりうた)一番》,2087c490-097f-4f15-b7d4-c8afcc3b2873
1998,1998-09-25,角川博,伊豆の雨|残波岬《流行歌(はやりうた)一番》,206cadb4-8b07-442b-9c20-8cb84bca415c
1998,1998-09-25,角川博,女の気持ち|女のうず潮《流行歌(はやりうた)一番》,9cdea7bc-eece-4f57-b361-a17ea7a0f085
1998,1998-09-25,角川博,涙ぐらし|嘘でもいいの《流行歌(はやりうた)一番》,6f4358a4-87bd-4653-a170-c2807a14f52c
1998,1998-09-25,角川博,花巻雨情|夢情話《流行歌(はやりうた)一番》,3d076db5-b0e1-46e4-aa9c-762e3b93fddd
1998,1998-05-21,角川博,螢駅,cf35108d-deed-488f-80f9-6667741aee2c
1998,1998-09-25,角川博,許してください|雨の赤坂,43d61d5b-af10-49ff-b818-c1d5fdb5e327
1998,1998-04-17,賛美歌,Yes-No,30594436-5bcb-4c47-9054-1eb9abfc0c58
1998,1998-10-01,賛美歌,いちばん大切な人,652ca000-b10c-4059-a610-29f41658bdc7
1998,1998-09-01,賛美歌,カルメンシタ,437fa61c-aaa0-4832-a7c3-cd3812d19824
1998,1998-11-18,辺見マリ,Good-bye あばよ,38e493e9-0ede-4c18-ad7c-24c43f133591
1998,1998-05-20,近藤真彦,KING and QUEEN,43c71ec5-8fb5-4a38-bb28-94bbdb5fabba
1998,1998-01-01,迪克牛仔,咆哮,dda977b6-18c9-4f6c-92be-e6a5190db7b6
1998,1998-01-16,遊佐未森,レモンの木,e7736673-3c20-4c16-af12-a2ddb6f8e2c5
1998,1998-12-23,遠藤久美子,Happy pocket presents,8ddab200-f585-4df5-830f-50278a60fe55
1998,1998-12-16,遠藤久美子,コイビトのトビラ,79c6edcb-90bf-429b-bb73-b8e101b378fc
1998,1998-08-21,遠藤久美子,ハッピー♥ラッキー★デイ☀︎,96d8e60b-0c45-4d8e-b7ab-53ebf00089e4
1998,1998-04-08,遠藤久美子,好きなら好きっ!,b5438fc7-3f67-4335-900c-5797799dfd5b
1998,1998-08-21,遠藤正明、高山成孝,ダッシュ! ヒカリアン,7907cb8a-34eb-4bc1-aada-ca87db5596f4
1998,1998,那英,相約一九九八,d8e2e822-da1f-49fc-8ad9-d519d89bef71
1998,1998-05-21,都築恵理,Platina,932e4a93-e320-4053-852a-18e7bc065bf7
1998,1998-10-21,都築恵理,泣かないで,232770e6-a6ea-4c09-8054-191c26ad6317
1998,1998-08-26,都築恵理,行かなくちゃ,2957ee39-6078-492c-9523-fba4629564d8
1998,1998,鄭中基,時間 人物 地點,77c39546-55c3-4d9f-b5dc-94edbfa7d6b3
1998,1998-05-13,酒井法子,横顔,8970d015-ee5a-4da3-ba30-8a867357379c
1998,1998-09-02,酒井美紀,indigo,855e28ce-8e0d-4650-8075-f91612c0dad5
1998,1998-02-25,野中彩央里,霧の宿,af443570-4f16-47e2-a34c-e2307f9de1f8
1998,1998-05-21,野村将希,赤い花,eb738b15-0ee3-4d31-9c4c-3ab41d88ce73
1998,1998-10-21,野村真樹,一度だけなら|歌舞伎町の女《流行歌(はやりうた)一番》,6af98a72-7f09-46d0-854a-88ab9d46c0bb
1998,1998-04-29,野猿,Get down,bbae0061-346e-4f60-be04-7a5a6c0eec36
1998,1998-12-16,野猿,SNOW BLIND,5d592476-d274-4f4b-898f-621ad511a822
1998,1998-09-17,野猿,叫び,c224100b-5e01-4214-8d4a-ceb3ea70527a
1998,1998-04-01,金月真美,愛することを教えて,23b809b1-7b7f-46f4-b249-3e11006abdf2
1998,1998-11-05,鈴木あみ,all night long,aaf2d26c-fa3f-3888-b1ba-3a39a3a91d4f
1998,1998-09-17,鈴木あみ,alone in my room,5219a66f-5e5d-37bb-b9e4-cfc35669d5ff
1998,1998-07-01,鈴木あみ,love the island,55902bae-21d9-39d1-b932-165357a7aadb
1998,1998-12-16,鈴木あみ,white key,da5cd1c4-2049-3918-bfa4-2cc85fe0c4ae
1998,1998-02-21,鈴木彩子,自分自身の証明,8924168f-f5bf-48c3-a51b-1f27097dd41c
1998,1998-10-28,鈴木紗理奈,セツナイキモチ〜Baby Don't Cry,d1cf858c-0315-4e94-a5a3-8a2711ac35ae
1998,1998-08-05,鈴木聖美,Dressのままで,cc3c88cf-3c8f-4b15-b796-99b6884d291b
1998,1998-05-01,鈴木蘭々,キミとボク,70b0864f-b8d2-471c-af5f-eeeeea321635
1998,1998-06-03,鈴木雅之,DUNK,18dc7f8c-ff52-3e95-b08d-808748ad7dca
1998,1998-05-22,鈴里真帆,A Change,cc2ed0a3-d881-4247-b2ee-13ea5e280d4c
1998,1998-01-21,鈴里真帆,Lisa,ef9e00f8-8655-4156-a24d-6cc5fb295a8a
1998,1998-10-23,鈴里真帆,merry‐go‐round,645d6c30-8a46-4eaa-88ea-74bf94c99bf9
1998,1998-01-21,鏡五郎,うちの女房(ヤツ),4dbae6bb-b824-4432-bef8-47eca7f72476
1998,1998-09-23,鏡五郎,大前田英五郎|赤城残月,4f8f87f3-f100-4a38-9bfe-a5bfd85f2eee
1998,1998-03-21,長保有紀,おしろい天使,e4136e58-4eac-44fd-9883-8fa897240e02
1998,1998-09-02,長保有紀,雪舞い|ひとり花,67898605-a10c-453e-b809-475fabb4db72
1998,1998-01-13,長山洋子,恋のプラットホーム,ffd95c19-521c-40f1-bda3-8cb4a40a1f74
1998,1998-05-02,長山洋子,桶屋の八つぁん,11396a1b-f244-4045-a9c9-934d58c1eb64
1998,1998-03-21,長山洋子,父さんの詩,53742d3b-745d-435f-b3a0-dec1c65cdf82
1998,1998-11-13,長山洋子,花園しぐれ,b5063cbe-7635-450c-8f8e-26118203bb2e
1998,1998-09-23,長渕剛,指切りげんまん,d127a976-d529-49de-a7f9-68ff6dcdffb9
1998,1998-11-26,長渕剛,猿一匹、唄えば侍,ddf7b38d-2b92-46ce-8704-66ed3a623534
1998,1998-03-20,門倉千紗都 (CV：水樹奈々),Girl's Age,0aeeb43f-80a4-4585-a8fa-9cad8c5cef64
1998,1998-06-24,陣内大蔵,I never forget you|Life,ad24f9f9-242b-4ff4-996f-8d09945966ab
1998,1998-10-21,露崎春女,Believe Yourself,0da0a15e-6185-377a-8090-6752683b9220
1998,1998-07-23,露崎春女,Feel so real,dd368400-1dc3-3b3f-96a4-2c85676be399
1998,1998-12-23,青山陽一,最後はヌード,8272945f-addb-4552-96f6-48976ce3e798
1998,1998-05-21,青木沙羅,RISING SOUL,f3ded7e6-52a3-4513-831b-dd2a01f98575
1998,1998-10-21,須藤あきら,Waiting for YOU,748e8f4d-61fe-3350-a687-e947b1f16050
1998,1998-10-21,須藤あきら,y'know,7f41013a-9e9c-30d5-986d-b48d7b37f19c
1998,1998-03-11,香西かおり,母から母へ,015129a1-45ae-41f0-9797-bd1ab06c4734
1998,1998-09-02,香西かおり,浮雲,9679d39d-c414-4535-a694-38bf2eeb21f6
1998,1998-11-21,馬場俊英,どんなときだって幸せをさがしていた,fea14c52-68ee-4510-a071-2db4aad10141
1998,1998-04-22,馬場俊英,愛する,8ee5fee3-3c55-494a-80dd-378d4e95d97f
1998,1998-09-18,髑丸,「超鋼戦紀キカイオー」オープニングテーマ 闘え！キカイオー,4ca10681-a423-43b0-9c29-44d52775ce76
1998,1998-05-21,高山厳,心凍らせて,fedb8c2b-9bcb-31f3-a1f7-7c893bfba944
1998,1998-02-18,高橋則子,ディープ・フォレスト～しあわせ迷路/愛に泣く小鳥,3807af6d-33ff-4317-b790-bfa500c5c336
1998,1998-09-19,高橋徹也,シーラカンス,3d16d6ef-efe3-416b-81a4-f9a396aab221
1998,1998-03-21,高橋徹也,鏡の前に立って自分を眺める時は出来るだけ暗い方が都合がいいんだ,2182ee87-85af-4272-a880-cbbdd1d4e41f
1998,1998-08-21,麻田マモル,さらばやさしき日々よ,252bfb72-b0df-4611-844f-24f4d43bcd3b
1998,1998-04-08,黒夢,MARIA,981b9cb4-efee-4f91-a79d-e72757bd56b7
1998,1998,박정현,Eternal Memory,20d10569-b1bc-4b32-8f3a-7ad50b06ef7c
