jahr,erstveroeffentlichung,interpret,titel,mbid
1999,1999,!Bang Elektronika,Isolation,8e8f3ccf-d38d-4d76-982e-8387c5f395e1
1999,1999-01-01,$tinkworx,Whut / Yinmao,4cd48af3-20ce-4bc8-9040-09056119283b
1999,1999,$wingin’ Utter$,Teen Idol Eyes,5c722e47-20dd-4186-b2d9-a83c8dceb1df
1999,1999-07-23,'else,EXIT,3245c483-da6e-4746-8c7b-0ee15f2c16de
1999,1999,(P)itch,(P)rova A Dominare I Miei Respiri,7405474c-7264-467f-837d-8f4147da7186
1999,1999,(P)itch,Elettrica,a69288f4-cb23-4366-bc48-de93beba77fb
1999,1999,*NSYNC,(God Must Have Spent) A Little More Time on You,d6b4e77f-cbe3-404f-854f-07c18c127975
1999,1999-02-22,*NSYNC,Thinking of You (I Drive Myself Crazy),cc3cd95f-1430-4e96-acb4-87e726ba3dd2
1999,1999-09-28,*NSYNC & Gloria Estefan,Music of My Heart,24ddf18d-287e-31e9-8b6c-6be1c07c2518
1999,1999-07-21,+SADIST+,MARIA,bdacc666-d19c-43ed-9401-6f2a486cb806
1999,1999-09-11,-RISK-,far to the earth,855cf09a-8f7a-47eb-890e-1b0f938897f6
1999,1999,..U.N.I.X..,Overdrive Your Speakers,0b128fa0-7512-4a4b-a0ed-52e4a1bda259
1999,1999,.Troubledot.,Popcorn,1e5bedf5-5cff-4105-9cd8-e1b9e3e8dd4e
1999,1999,1 Life 2 Live,Hot Tonight,94036dcb-b010-42fb-93ec-b4121c50126b
1999,1999,1 Life 2 Live,Never Fall In Love With Hoes,1833a019-add2-44a0-b3cb-d98583736d17
1999,1999,1 Life 2 Live,The Buzzer,f3f77531-bf4e-4502-87e4-693fd3df9065
1999,1999,1 Life 2 Live feat. Timbaland,Can't Nobody,5510043b-4325-4244-8c01-bcf19f16ef6e
1999,1999,"1, 2, 3, Soleils",Comme d'habitude,6bb36933-8e44-4c7c-a13d-f63d79ca179f
1999,1999-05-10,1000 Clowns,(Not The) Greatest Rapper,4b563e7e-96b2-34f5-9c92-79f870aa5e7a
1999,1999,1020,Crash in My Head,d2b67016-9a47-4682-987f-f3f407e77d69
1999,1999,112,Anywhere (remix),d94cd7eb-681f-40d9-a2dc-c7a809568bdd
1999,1999,113,Les Princes de la ville / Hold Up,79ef72f2-fcfd-491f-898f-78923230173e
1999,1999,12 Gauge,Dawg Call (Who Let the Dawgs Out),13806ce5-2e5f-3769-bf2b-94a11f9472ed
1999,1999,12 Moons,Beyond Infinity,091d026a-e165-3cc3-9923-8407b7d26641
1999,1999-11-15,1200 Micrograms / GMS,1200 Mics / The Warp,dabd8397-104e-495f-b24b-205ab7d9132e
1999,1999-08-04,"14 ""fourteen""",種。,b58145cb-1b6f-40bd-a8fa-01cba921d6ae
1999,1999,16-17,Mechanophobia,cca36da2-8fc5-331a-bc95-b479b4dde71b
1999,1999,16C+,Big Time / Fruit Punch,426d4294-6e61-4479-bc61-adfe6918c0af
1999,1999-02-01,187 Lockdown feat. D'Empress,All 'n' All,7155b0fc-b041-3da2-98e9-999718e85473
1999,1999-03-20,19,あの紙ヒコーキ くもり空わって,cef9f5e2-cc85-48a2-9ba0-9873b508cc17
1999,1999-10-21,19,すべてへ,c31f2afb-a564-4876-b0ca-4caf8aeeff98
1999,1999-04-21,1999少女隊,Forever,d9099f95-630c-3aad-bd7e-943d8af4055f
1999,1999,2 Be 3,L'été Bouge,13b50020-15da-4150-871f-20028b685cf6
1999,1999-07-05,2 Brothers on the 4th Floor,Heaven is Here,5db71d1e-43ca-3fe0-baae-9d9012a32d0c
1999,1999,2 Brothers on the 4th Floor,Living in Cyberspace,a5d14ab9-42ee-32f5-96db-904d13b05e5f
1999,1999-03,2 Digital,Because of My Dreams,f465d229-1ccd-4a03-b24d-cc2c6964c648
1999,1999-07-02,2 Digital,Luv Feelin / Fiesta,36db7df0-9f00-4cfa-a86e-c6809650f66f
1999,1999,2 Eivissa,Bad Girl,2f9d93b9-1563-4e30-82d6-a039086bd466
1999,1999,2 Eivissa,I Wanna Be Your Toy,dd333485-a6c2-3dc8-b964-e74eff7837ba
1999,1999,2 Eivissa,Shattered Dreams,c76f7b06-d41c-443c-b656-c35f6e940274
1999,1999,2 Nasty,Slice It Up / Tommy Don't Do It,b56e7da6-13d6-4bbe-95e8-7da46b0fbf16
1999,1999,2 Rude feat. Darkman,Is U,ccc4517c-f243-4542-9e1b-7ca6ff204efa
1999,1999-08-06,2 Slags,Pet Rescue,245b14d6-6ae6-466c-b1d0-b265dbc78dcd
1999,1999,2 Smokin' Barrels,Basses Loaded,55bc58c0-9d98-3868-af40-11b12bf414ba
1999,1999,2 Thousand Feat. D.D. Klein,Fire,b064579b-1065-4bc1-af61-b262f3001f57
1999,1999,21st Century Girls,21st Century Girls,b3f05e17-a833-3eb4-8024-558518cf96cb
1999,1999-08-25,21st Century Girls,Teenage Attack,5c66f5cb-e6c9-3a6f-bfcc-4a843cca055a
1999,1999,2Pac & Outlawz,Hell 4 a Hustler / Homeboyz,4d27d24d-61cb-4133-981f-f7451c3e6164
1999,1999,2Pac + Outlawz,Homeboyz,6a934ab2-7370-421c-815e-11836eca5c7a
1999,1999,2Pac and Outlawz,Baby Don’t Cry (Keep Ya Head Up II),3a0df920-5907-4b64-a5c1-95eb4b83cbe0
1999,1999,2Ruff,Gunz & Roses,4ec398dc-330b-47fd-b95d-444ebfb789b5
1999,1999-06-07,2–4 Family,Take Me Home,a9425750-e340-4638-95ff-42f201b4b4d7
1999,1999-04,3 Colours Red,This Is My Time,2973f74a-741d-394d-8de5-e4e1ff8935ae
1999,1999,3 Way Action,I Can't Wait,37daa6fb-bcc5-4fd6-a6c3-fe395f6da629
1999,1999,3 Wise Monkeys,Dominator,e46fdfae-d2a0-41b7-bc43-4ed9c5479e83
1999,1999-01-31,3-2-1,The Ski Song,bb0ec88e-6e8e-45da-af9c-b7b8162fce9a
1999,1999-08-28,311,Come Original,32cfa0b1-67dc-4701-aa54-88f131393525
1999,1999,36 Crazyfists,Demo 99,636338cc-c268-314a-b28d-d924518dfdec
1999,1999-01-01,360 gradi,Sandra,820f3b2d-9701-44fa-a79f-16b4e0726e8c
1999,1999-04-03,3818919/w,702,92fd763a-cd1d-39e3-8c22-134cc4e53784
1999,1999,3M feat. D-Niece,Cheat,0f5d76ba-01b6-40b7-9254-db472b6cd62b
1999,1999,3rd Storee,If Ever,3a02de56-4d09-4e8b-86f0-a89ecc2d3b49
1999,1999,4 the Cause,Everytime You Go Away,c73b028c-c710-4dcd-a837-cb9a1e8bc14e
1999,1999,4000,Krass,90aa09c2-1b6f-3200-aa65-747507b37aa2
1999,1999-09-04,4D VIABLE,for dreams,d631232c-56b5-461c-b3de-e66ad388e47b
1999,1999-02-01,4hero,Escape That,09f6684b-47d5-3b27-aed6-e385d4ca2897
1999,1999,4R,Scandinavigator,d4d408af-a61c-4969-9a43-0dd6dcc8a51b
1999,1999,4th Disciple,Steel Valley Project (No. 1),d2e3c17e-6024-3f78-afdb-0a066277aadb
1999,1999-08-16,50 Cent,Rowdy Rowdy,d9c416a3-8ef3-45c6-9a89-a8f87d99b5bb
1999,1999,50 Cent,Your Life’s on the Line,a1029ee3-a91b-44d7-92f0-5299e4a3a2db
1999,1999,50 Cent featuring The Madd Rapper,How to Rob,504e73ef-51e4-426c-b627-149272f93dc6
1999,1999-11,50% of the Dreamteam Feat. The Prophet & DJ Buzz Fuzz,Harakiri Vol. 1,586e9767-7600-42c0-88e7-47fac607718e
1999,1999-06,59 Times the Pain,Turn at 25th,050cf3f4-9d09-41c0-9e0a-5c42802946b0
1999,1999,60 Channels,High Time / Give Me Your Love (Remixes),16af2b6f-d7b6-4f5a-9ae8-d173718d1bc7
1999,1999,666,Bomba!,5cc5dd51-de96-3111-b965-7562a5c4c0fe
1999,1999,666,I'm Your Nitemare,ae745ada-9fd1-3ebe-ae9f-1298f13be638
1999,1999-06-02,666,The Demon,aaf4afc2-f256-3c6c-88b7-7f6ecaf5f336
1999,1999-01-01,69 Boyz,Single,bf2cd178-4fe7-322e-8b34-b8863c71a19b
1999,1999-09,7 Hurtz,Beatbox,a342c060-aaf4-3850-8580-40e4091f860e
1999,1999,701 Squad / DJ Revolution,Black Mask,c9158520-8fbd-3652-ad12-08dda4ddc71a
1999,1999-07-26,702,Where My Girls At?,f9c96e61-5d04-353a-a50c-a7b3c3fe430f
1999,1999-10-25,702,You Don’t Know,e8b5f024-8c0f-3009-bec5-bb73809586b9
1999,1999-07-23,7HOUSE,0 EDIT,3a486404-8510-4f25-9ac2-5c393d4ae757
1999,1999-01-21,7HOUSE,STOP–泣かないで–,426f9278-07e9-4fac-a5ef-8f5c77cabd6e
1999,1999-10-27,7HOUSE,そんでもってKISS,f5389384-a778-408a-b3b0-7bf345801215
1999,1999,7L & Esoteric,Speaking Real Words,2b654dd7-833e-4c1e-8570-5ddc67c47f9f
1999,1999,7Sins,A Change in Your Life,0a87cb51-a16c-4315-8380-3fd389f767cd
1999,1999,808 State,Invader,ee701eca-5d91-4595-b03f-5f8a1ed2172e
1999,1999-02,808state,"The 808:88:98 Remixes, Part 2",ab682276-b8f5-40ae-bea2-3a9f1597b473
1999,1999,883,Grazie mille (remix versione 2000),0437cc9c-72ec-45ed-8de1-31643a43aa9f
1999,1999,883,La regina del celebrità,635176e5-c6fa-4d33-ba1e-0ce24d33978a
1999,1999-06-01,883,Viaggio al centro del mondo,eecd31d0-772e-4a30-b23b-9fb21018f156
1999,1999,911,A Little Bit More,f1e5be37-8db5-4f5e-b40c-90c199829800
1999,1999,911,Private Number,0108f5bd-d781-4261-9845-608325651215
1999,1999,911,Wonderland,14894ee0-8b53-4d69-b3eb-d4f2171cd971
1999,1999,95 North feat. Josef,Sun Goddess,6339c532-4fd3-3d6f-b3dd-e88a87822cca
1999,1999-07-12,98°,I Do (Cherish You),922c9dbc-4442-4241-88bd-375d874b0ab4
1999,1999,98°,The Hardest Thing,ccc8b5b2-d1fd-3fdc-aa1b-bc09c3cbf187
1999,1999-09,:wumpscut:,Ich will dich (I Want You),3009998f-1d70-3c9b-9cfc-b3ced92c07cf
1999,1999-03-02,:wumpscut:,Totmacher,e5c7848c-fa89-37d4-bea9-8ed861bb1938
1999,1999,[Disney],Meine Lieblingslieder: Der König der Löwen,80c29add-77bb-438f-b991-c457805ca701
1999,1999-10-27,[iksí:d],She's down,68d8a0e2-ecba-300e-b837-1bd32eb1ac26
1999,1999-03-26,[O],[O],df0b457f-32c2-3623-be60-fcecdcf52fb2
1999,1999,[rù:in],-Sherry- Acoustic Version,3f85041d-44e4-4a6a-a394-79eaf0a19e1c
1999,1999,[unknown],Deep Flight / Dusk Til Dawn,74d0df69-950c-4bf3-96ff-f120b43ca237
1999,1999,[unknown],Futebol Clube do Porto Pentacampeão - Hino Oficial do Penta,05233108-6700-4e15-a966-286b4d71a732
1999,1999,[unknown],Ich nehm dich bei der Hand,c5764528-0ef0-4723-97bd-d88da6c1e03b
1999,1999,[unknown],La mare,a6c2be99-3ce3-4470-af75-3eb36f0f6084
1999,1999,[unknown],Pohádky pod stromeček,524cb9b9-7c6b-4b40-aa75-69d24fc542a4
1999,1999-11-26,_ and The Secret Formula,The Amazing Power of The...,1677ac93-95cd-3df2-9201-fee3363fb888
1999,1999-08-09,A,I Love Lake Tahoe,fdc9b729-ae86-3880-8f91-af8d806f73e0
1999,1999-05-24,A,Old Folks,fb9e2bad-bf5f-3c0e-a733-c146e3c8b0df
1999,1999,a certain frank,a certain frank,3693b774-2303-3f75-a1eb-eb0a503b6197
1999,1999,A Credible Eye Witness,Episodes 1-4,1d2d7e31-3009-399b-9144-cfdef926c50f
1999,1999,A Credible Eye Witness,Episodes 5-8,7a5aa69f-04ff-3c74-a962-ab4e77579e14
1999,1999,A Flock of Seagulls,I Ran (remix) / Space Age Love Song (remix),8e4c022b-c0ef-3228-bffa-94065ed8ff00
1999,1999,A Gift of Love,Do You Love Me,c08b96a2-c564-3fdd-8c1e-511a86adbe20
1999,1999,A Gift of Love,Do You Love Me (The Remixes),a52c5740-defb-325f-88d7-162643e1d0a3
1999,1999,A Hundred Birds feat. TeN,Sun That Shine,a035b6ec-bdfa-4817-8461-0dd08850b74f
1999,1999,A klana Indiana,"Uiii, is des bled!",472658da-91fb-4bac-8c5f-49f978de0e81
1999,1999,A Man Called Adam,Duende Dubs #2,2c38aa3c-61c7-4780-9cc6-71c7ca7facab
1999,1999,A Man Called Adam,Easter Song,fb67f204-7ff3-4b21-80d5-5aadfa43ac86
1999,1999,A Spercial Person,We Move Like Shadows,2bd0db54-e786-4e09-92ca-e9c68fc3dfc6
1999,1999-08-02,A Very Good Friend of Mine,Just Round,99005913-669f-4438-b1ce-ddeb4c66ad94
1999,1999-07-05,A*S*Y*S,Acid Save Your Soul,be021263-ef96-4118-b4d0-4518fa51a950
1999,1999-04-18,A+E Dept,Experiment 4 (Remixes),2a8b6315-c1cd-4265-b3d3-a74242c850ca
1999,1999,A+E Dept,The Cure / The Antidote,86006dbb-ddfb-48a8-9685-50b53dd9dcfd
1999,1999-03-31,A-Set / Cobolt,Post Marked Stamps No. 10,b1d69f0e-3bf7-48d3-b251-fa513d358018
1999,1999,A-Tyyppi,"Ihanaa Leijonat, ihanaa",216bdd86-d144-3d1a-b798-a79b4dcf3271
1999,1999,A.B.S. & Filo Joes,Focus / Low Budget (Roey Marquis II. Remixe),9e48d906-5fac-4440-8655-53c6944d5a12
1999,1999,A.C. One,Sing a Song Now Now,e2a37211-99c0-48f5-91b4-40c67ed66299
1999,1999,A.D.N.Y. + Moonchild,Falling,99e3d2b9-ee87-3997-ae06-cd570d31f643
1999,1999,A.K. Soul feat. Jocelyn Brown,Show You Love,91ab0f5e-91b5-432f-9d8d-c6e9e5ccbce2
1999,1999-10-04,A.K.‐S.W.I.F.T. & Mazaya,It’s On,625e1031-724e-4579-84c8-efa89588214c
1999,1999,A.N.I.M.A.L.,Usa toda tu fuerza,d7c85ea3-c243-4399-9649-5cb03085df00
1999,1999,A.T.P.C.,Un Po' Di Luce / Impronte,075eca80-e3ec-45af-835d-d6e77b53b29f
1999,1999-06-21,A1,Be the First to Believe,ed08c240-a0c6-35a2-a2a9-8d32438d5ecc
1999,1999-11-05,A1,Everytime,e11fb4f4-a5f1-426d-8f2d-4c24f5d98a76
1999,1999-11-08,A1,Everytime / Ready or Not,2eb58ade-44ae-3cd0-a608-1f83836a061a
1999,1999,A1,Ready Or Not / Everytime,323ded37-dd14-426c-9c05-2308ee31db7f
1999,1999,A1,Summertime of Our Lives,3471aa59-19f3-4f74-83bb-f8c5ba20cbb4
1999,1999,A1,Summertime Of Our Lives,b9ab3a43-0fbe-4f91-8dd2-686a45e94c0c
1999,1999-03-25,A:xus feat. Naomi,Baghdad Cafe,5df004fc-efe1-3206-96b8-3f07b15a7e86
1999,1999,"Aaliyah feat. Danja Mowf, Mad Skillz & Lonnie B",Are You That Somebody (Superfriendz Remix),a50d732d-ed4a-41a6-82b3-b2916f839abf
1999,1999,Aanton,Met Aanton aon de rol,aa40be6b-3cfb-432f-9e2f-ff63d54bf39e
1999,1999,Aardvarks,Profondo Rosso,f87d5d4b-5cdb-39a5-8edc-28533c3e14b8
1999,1999,Aaron Skyy,The One,8c32cee4-6ffa-4c43-b143-f145535b793c
1999,1999,Aaron Skyy,The One / Snippets From the Fothcoming Debut Album Skyy's the Limit 63291-12333-2/4,f73e718f-b13c-4167-a2c1-061b95614819
1999,1999,Aaron Tippin,Her,895d64ea-8115-49f5-b28a-cca7809564f7
1999,1999,Aaron Tippin & Donny Kees,What This Country Needs,05e4aab9-ddd5-4247-ab75-b2cfc9c070ec
1999,1999,Aaron-Carl,Dance Naked,faee67b4-9927-3fb0-ba66-75a48b3dfaaf
1999,1999,Aaron-Carl,Soldier,6ff8ffe6-3aaa-36f1-9cd4-94c6874da9ff
1999,1999-11-15,ABBA,Singles Collection: 1972 ★ 1982,a5196bdd-e753-4a33-a60a-26b9e7ced2e1
1999,1999,Abbacadabra,Lay All Your Love on Me / The Visitors,edd0edd0-7628-4e16-84a3-48742343332e
1999,1999-03-26,Abbacadabra,Mamma Mia,355dca29-4090-4fd5-8c70-5e367b3e6904
1999,1999,Abbadance By Angeleyes,S.O.S / Dancing Queen,b4f74435-af53-41e3-aea9-6b9592310e75
1999,1999,Abel,3 dagen zon,37306f33-1577-4764-bd5a-427b95f26d1c
1999,1999,Abi,Hasta La Vista,f9ed49f9-d16f-44af-9b43-a72f9e3d0ab1
1999,1999,Abi,Thanking You,c0b7eb69-3c3b-47c9-9421-53cbcbe6ecef
1999,1999-04-13,Abigail,Let the Joy Rise,75dd2e9a-1b81-3b2b-8720-71ef25409c8a
1999,1999,ABN,Vet & fonky,40bd37cc-0695-3029-9f4e-38aabaffe07e
1999,1999-06-28,ABS,Null-8/15 / Focus,9688638b-1254-487d-985d-e21e9aab8a9a
1999,1999,Absolom,The Air,970106cc-6d84-3be1-b999-a32a412516f0
1999,1999-08-13,Absolute Beginner,Füchse,cc18fc47-2f81-3255-a049-5e391b8ba1aa
1999,1999-04-12,Absolute Beginner,Hammerhart,6c182980-f897-314d-b364-52861b256699
1999,1999-02-22,Absoluuttinen Nollapiste,Kupit on kuin olisi häät,ad5974f6-51d8-3d4b-a5b7-c27a09bc3739
1999,1999-09,Absoluuttinen Nollapiste,Sukututkimus lannistaa,f741a0a7-3cf7-3fb9-9aa6-3d87a04e38bf
1999,1999,Abstract,Artifice / Curts While's Last Stand,04f431b5-0a8a-4c1d-bf24-f1ff89c7a776
1999,1999,Abstract Soul,Salem / Sweet Soul,8ecd4a1f-3c4e-3ad9-ae50-d1f839b61f84
1999,1999,Abyss,Elevator (With TR727),03a2ca3e-1b0d-3d9a-b4f9-c5140f2e3088
1999,1999,Acapulco Highway Hi-Fi,Candlelight Dinner,b4e524a3-5718-4752-b022-8a20b8cb1aa1
1999,1999-09-06,Accept,Mistreated / All or Nothing,e2682181-5a0d-4e88-963f-a7a636cab6ae
1999,1999-10,Acda en De Munnik,Ol’55,5e9b7b86-c443-4aee-b5d4-dacf9206ef34
1999,1999-06-01,Ace of Base,Cecilia,0380229d-6e88-45df-a7bf-6a05ae74176c
1999,1999-10-25,Ace of Base,C’est la vie (Always 21),990fe80d-2d09-453e-9723-aea44295921a
1999,1999-04-05,Ace of Base,Everytime It Rains,45777658-cd6d-3fb5-b2bf-57d9654ff116
1999,1999-01-01,Ace of Base,Hallo Hallo,a6dc076d-2f37-3ef5-a221-11d01e3fae5b
1999,1999,Ace of Base,Love in December,5ca844d7-7cb8-4036-a39c-628253352199
1999,1999-06-08,Acen,116.7,56503db7-d79c-347a-a20f-ae9d6ceeae33
1999,1999-12-07,Acen,Cylon,6764d094-e129-351e-9816-b923aea9e836
1999,1999-08-01,Achim Mentzel,Ich bin ein Berliner,20aa014d-30a7-4fac-bb27-91c1f6ddd5d9
1999,1999,Achim Mentzel & Die Rachenputzer,Der Mond von Wanne Eickel,f7e12e44-c7c1-472a-9694-24b37af1ca45
1999,1999,Achim Reichel,Entspann Dich,a83b0558-1c11-47e0-8ff6-a5c310dd3ce8
1999,1999,Achim Reichel,Sa-Lo-Me,5f0ee429-fdf9-4f4b-b102-fb910a9c5bd4
1999,1999-07-04,Acid Color,NUDE,19a862f5-984a-4fee-8d5b-f58896fe68e6
1999,1999-04,Acid Color,愛の個人授業 / -EST- LOVE,594b9c8c-98ed-4832-ad25-0490a913e266
1999,1999,Acid Drinkers,(I Can't Get No) Satisfaction,24a35dd3-143e-4078-bfe3-128fd54c25ad
1999,1999,Acid Ted,Acid Overdose / 1999,7a634878-5aa4-41fe-b858-5bf308623cb3
1999,1999,Acid Ted,Howard You Like It Michael! / Wicked Man,876ca33c-98b1-4049-b92a-985aaf086ff0
1999,1999,Acid Ted,Infected Rejected / Punani,fa14f105-657c-4bb4-9c5d-e5dab54d52da
1999,1999,Acid Ted & Teknotyx,Monkey Tennis / Most Acid,f2bab879-8c2e-48ab-aa0b-2bbc554250bc
1999,1999,Acid Test,Acid Test Limited,87d96c9a-47fd-3f98-88d9-e95d4de1e9d8
1999,1999,Acidic Soil,Nitrogen Oxide,389517cf-ab2b-4ae1-8045-39cab17b533e
1999,1999-07-19,Acido,Di Da Di Dam (Africaan Beat),0813f458-3d97-4359-a080-4a9bc332046c
1999,1999-01-30,ACO,哀愁とバラード,9af0c8dc-5f31-32a9-882f-caf9d5621307
1999,1999-11-10,ACO,悦びに咲く花,a117cb60-e309-31c0-8c71-cd7ed1c00d1b
1999,1999-07-01,ACO,愛したあなたは強いひと,6064b94a-f995-3865-95e5-c232fc3ed71c
1999,1999-11-12,Action Man,Save the World,df8993f1-0437-462a-b628-16b493d4af65
1999,1999-12-04,AC◆BLANDISH,EGO TRIP,0249dcc0-df82-46e2-a7e4-f997ed4db325
1999,1999-02-01,Ad Man & DJ Demo,Pleasure & Pain,7aae51f8-d8b7-4126-a9d8-aaa998b8c33e
1999,1999-02-01,Adam Austin,Centerfold,2a43096c-bd28-3a9e-a766-e41652b8ca5d
1999,1999,Adam Brand & Melinda Schneider,Love Away The Night,53b30ff8-06c2-41c7-862b-99118a922fa1
1999,1999,Adam Dived,Beachcomber,57491e93-a5a8-3a61-8ba2-5dbf341cf192
1999,1999-08-01,Adam Power,Goodbye 99,62799141-0a19-4efb-8c50-8392d99993b2
1999,1999,Adam Rickitt,Best Thing,7a33b3ab-bc56-347d-ba3d-ef9dc797aadb
1999,1999,Adam Rickitt,Everything My Heart Desires,8ba1612e-7a31-3d02-910d-3f20fb0f4de2
1999,1999,Adam Rickitt,I Breathe Again,eb712438-5491-3814-99e2-fa47ea351246
1999,1999,Adam Sandler,7 Foot Man,ed199f2f-2d10-4d8f-93ca-99248a65319c
1999,1999,Adam Sandler,The Peeper,c45b1686-52c0-43ae-8c70-856fb14db689
1999,1999,Adamski,In the City,f0af367f-7df0-3063-9fae-10cf0f604f13
1999,1999-03-22,Add N to (X),Metal Fingers in My Body,7c62f08c-bdb0-35c0-99e2-672ce21cd902
1999,1999-08-09,Add N to (X),Revenge of the Black Regent,ab8f9b11-7f5e-3987-870d-e0db293f1f0d
1999,1999,Adolphson-Falk,Medley 99,60ee077e-df5e-48b0-ae06-7f3af5be3dc7
1999,1999,Advance-2K,Advance-2K,d2d75f57-6fba-4ead-a963-30f6db014742
1999,1999-03-17,advantage Lucy,グッバイ,bd355771-b3ef-31ee-9196-bc5310412fce
1999,1999-09-29,advantage Lucy,風にあずけて,749c1db7-5cb3-49ca-a785-265d15b8b0ba
1999,1999,Aeon,666.1 - Human´s Edge,92345a9f-49b2-3e06-b39a-724bcc74b289
1999,1999,Aereogramme,Hatred,a370ae7f-62ba-4441-abdb-676ddd3641da
1999,1999-01,Aereogramme,Translations,190d2a63-a039-4757-84f3-f007211985ee
1999,1999,Aerial M / The Azusa Plane,Aerial M / The Azusa Plane,9a3d73c4-4911-318f-89d2-d51231568e7d
1999,1999-08-23,Aeric,Toute Façon,d3952203-d26a-3727-bdc4-cd4d1e4cde50
1999,1999,Aerosmith,Full Circle,fb55bd08-7e46-45f2-ad49-8c74ef3d16f7
1999,1999,Aerosoul,Celebrating Life in Independance,ef6f4b1b-d13e-4df6-88ba-e009621bf48a
1999,1999-10,AFI,TotalImmortal,16f5a746-cad9-4286-9e5d-027d31bcf1c6
1999,1999,Afrika Bambaataa Pres. Khayan & The New World Power,You Ask For The Moon,b36b43bd-b25b-469e-a453-87790e5f4b6f
1999,1999,Afro Jazz,Lutèce,bdcd081f-9df7-461a-8242-994df9337210
1999,1999,Afrob feat. Meli,Einfach,14b364e7-affc-410b-aabb-417b6a129d7a
1999,1999-03-09,Afrob featuring Ferris MC,Reimemonster,0d2fe468-bf56-367c-b8d1-04c541763faf
1999,1999,Afu‐Ra,Defeat,e8f5ffd9-da7d-4a0c-8357-6b49f8188386
1999,1999-08,AG Systems / Square Wave,Active Tekno / Tekno Chant,25c93227-4609-406e-b216-f58a0617b52c
1999,1999-01-01,Against The Fake (A.T.F.),Onnat/Soul Theory,cf8bfda5-d386-4fdc-b4a6-e0e5587f5fdd
1999,1999,Agallah,Crookie Monster,bf4ff5cc-1392-35a9-9849-9c6fb17cdfc0
1999,1999-08-30,Agnelli & Nelson,Everyday,f59e40df-d90b-37a7-a403-2867d60c3cf0
1999,1999,Ah Cama-Sotz,Baal,7455b9fa-6380-39e5-b3d6-01bcdb2f11be
1999,1999,Ah Cama-Sotz / P·A·L,Guilty / Audiowall,be5b757a-3ee8-3729-b3a6-5aa80f5c0399
1999,1999,Ahura Mazda,Ahura Mazda,5ee5582b-20f8-48c2-b2eb-4bacaede04d9
1999,1999,Ai,Bilder av dig,82d1a8ac-175f-4310-b993-c6585ba7f25b
1999,1999,Ai,In Rain and Sunshine,38186e23-76de-4b08-a8f6-20cc56f08e22
1999,1999,Ai,When the Rain Is Falling Down,d4eb3e06-7794-4c56-b662-8911512ee80e
1999,1999-11-17,aiko,カブトムシ,c096d810-6f89-375a-bd81-a6c733ac253f
1999,1999-03-31,aiko,ナキ・ムシ,60b94651-85cb-315f-ae7a-bf6f7c5df5ec
1999,1999-08-04,aiko,花火,7f87efc8-c7de-3a83-869c-038fabdab71f
1999,1999-08-06,AiM,BREAK OUT!!,f39c20d4-0ab7-4cc9-b065-8270b05daf39
1999,1999-10-08,AiM,LIKE A CANDLE,c85b0df4-b1ff-4d06-b6f7-acaf57fbae68
1999,1999-11-22,Aim,Sail,7aa25204-4947-3046-9b5c-ddb9b585031d
1999,1999-09-27,Aim,The Force,61963565-e790-4dcb-a307-7ec2bda443c7
1999,1999,Aim,True To Hip Hop,aa79e147-0019-47a7-a2a7-3d619dc4e1e9
1999,1999-06-25,AiM,あしたへのじゅもん,f453b9fe-ec4a-40ec-95ce-e1859f4a90ae
1999,1999-10-31,Aimee Mann,Save Me,225ac7df-382e-4c0d-95a4-a3a488e28928
1999,1999-08-01,AIR,6453,323e7c78-d790-4c6f-918a-81611fb6b765
1999,1999-07-01,AIR,No more Dolly,73050f9b-3ed7-4155-9dd1-cb1859025cb3
1999,1999-11-30,AIR,ラッシュ・アンド・ラッシュ,85eba830-76a7-45bc-a352-6dd124a33962
1999,1999,Air Liquide,Lo Rider,57602d05-708e-4299-b951-5482d3aa28b6
1999,1999-04,Air Liquide,Superfreaky,97659e99-a88f-366d-99ae-6a57c9cb34e4
1999,1999,Air-V,"La Nuit, Ma Belle",d31218bc-376e-418a-9e98-15eaa2231b36
1999,1999-05,Airfire,Adrenalin,b839ee27-a544-45c0-8684-c946bcaa8b6e
1999,1999-11-22,Airscape,L'Esperanza,c79330d0-3cbc-3296-a0dd-69ee2fac8f50
1999,1999,Airwave,Above the Sky,bf6f829d-5296-4feb-b489-07b72c31ea16
1999,1999,Airwave,Escape From Nowhere,b45c9418-0b8c-442b-ba71-8d1f0eafb8e5
1999,1999,Aistė Smilgevičiūtė,Strazdas,17225522-07f0-4c9b-9e8e-5d8cb6aefb35
1999,1999,Aki Tsuyuko,first idea / ひとりたび,a06d13f5-874e-49b8-83b6-36f90a9d94e9
1999,1999,Aki Tsuyuko,リーラ・リーラ ／ 海のはなし,2ef8de87-9052-4faf-b955-bb298cb947b7
1999,1999,Akinyele,Take a Lick,7e80b785-8e02-4bd9-97ca-64866bfed1eb
1999,1999,Akira,Nu' Jack Hustle / Da-Nu-Deal,aa69fbf7-a1f2-495c-9cfc-51666a1482cd
1999,1999,Akira Inc.,Superstring / Spaceship in Your Brain,1928084f-bbb3-47e5-ac5e-399b0202b873
1999,1999-09-06,Aknestik,"Ainoastaan, toistaiseksi",6e774df2-aa58-39a1-8350-9889be200210
1999,1999,Aknestik,Avaruuden aikataulut,7d9878f9-fc0d-3833-a656-27746a4b64d7
1999,1999-05-03,Aknestik,Niin kauan kuin on rakkautta,212e62a8-01c3-4a1f-a340-ea1e8907f4bb
1999,1999,Aktivist,Si t'es prêt...,23f65e40-47e7-4ced-b2e1-29b1fb9340db
1999,1999,Al Campbell,Shadow of the Almighty,425d4d6b-9478-4d13-b5d8-f378e5dc9892
1999,1999-06,Al-Faris & Andrew Wooden,Sunshine Deluxe,c3986c56-c7cf-4b1b-abaf-30747e9a3daa
1999,1999-01-21,al.ni.co,カナリア,4ad4a6a4-cb77-3224-9ef6-5ae12a65ee35
1999,1999,Alabama,God Must Have Spent A Little More Time On You,b412b4a8-2fb5-4df2-b443-22a9c92f93fe
1999,1999,Alabama,Twentieth Century,e32ac4d3-ce9c-4cb0-b00d-bc7db59250d0
1999,1999-11-30,Alabina feat. Ishtar,Comme toi,4d9a8430-f0f5-4cb3-92de-856008dd71ba
1999,1999,Alabina feat. Ishtar & Los Niños de Sara,"Loli, Lolita, Lola",23f5085c-422b-4065-a721-11c7fc6327d7
1999,1999,Alabína feat. Ishtar & Los Niños de Sara with Farid El Attrache,"Vengan, Vengan (Ya Habaybi, Ya Ghaybine)",b5b93a2e-c4e4-4ef4-827b-76402d9cfa9c
1999,1999,Alain Souchon,Rive gauche,604260cd-ad04-4338-8498-1719d1d7e75b
1999,1999,Alain Souchon,Tailler la zone,6ff7c482-003d-4c10-af3a-84615368b868
1999,1999-12-03,Alan Menken,"Arielle, die Meerjungfrau",40db25c7-bcd4-4c37-9e0c-ee2e72c68543
1999,1999,Alan Parsons,The Time Machine (Dr. Evil Radio Mix),0c918a5f-4452-4c40-9500-fea95e6a2dc8
1999,1999-02-23,Alanis Morissette,Joining You,9c3bc04c-4075-310e-bca8-b4c493a4619b
1999,1999-03-05,Alanis Morissette,So Pure,53b3dfb8-eeab-3772-b90a-f986cf4163c8
1999,1999-12-06,Alanis Morissette,That I Would Be Good,d1373a44-d439-3989-99fd-436e46a9774a
1999,1999-03,Alanis Morissette,Unsent,5c056163-18de-3ee4-a083-304c0a545e78
1999,1999,Alanis Morissette,You Learn,e6740955-d5bc-3940-a505-97429d7737c7
1999,1999,Alanis Morissette / Lovestation,Your House / Teardrops,5cf2fab7-11b4-3914-a3fb-43cbea4c6e32
1999,1999,Alaska,Dissimilarity / Point Blank,0ecf5aac-1b49-437c-924e-4558b80d1b15
1999,1999-02-05,Alaska & Paradox,Planet³ / Space-age,4c784089-621e-3c3a-ba77-07c27b0cc650
1999,1999,Alaska / Blito,Apocoliptik / NY Start,200d2ffd-0db1-4861-be51-c6e847f3b908
1999,1999,Alcazar,Shine On,82a826c0-efa6-44b2-9de5-289e8e6e5a9d
1999,1999,Alden Tyrell,Love Explosion,dd954b36-f09c-3d83-a75d-d3e261cefed0
1999,1999,Alecia Elliott,I'm Diggin' It,43155d9c-9198-4cfa-8896-3c6627d36e9c
1999,1999,Aleixa,Await (Deepsky Mixes),7338a64f-c80b-4f15-9033-3088620a9936
1999,1999-11-01,Alena,Turn It Around,6497946c-bb6d-3677-977a-8978eea18faa
1999,1999,Alena / Matt Darey,Turn It Around / Liberation,18cede5f-a883-3656-a6be-67dfec368e3b
1999,1999,Alessandro Mara,Amarsi cos'è,2fd123a8-b511-4658-99a4-1bebd03bae79
1999,1999,Alex Britti,Mi piaci,c8f4b464-116d-4121-98da-273cbb079c23
1999,1999-08-30,Alex Gopher,Party People,0795f541-5c99-3fe3-9df4-c72c5eeb9dbb
1999,1999,Alex Gopher,The Child,d55b2bbb-d822-3b9d-b96a-10398402f039
1999,1999,Alex K,Pussy Whipped / U Got It,a83b8679-62c5-40c6-ad88-3251397cf42a
1999,1999,Alex Lloyd,Lucky Star,8e5243f0-4daf-4532-af17-01c3a948cb40
1999,1999,Alex Party,Don’t Give Me Your Life ’99,9dadb7a6-8106-43e1-a383-c92e7abd6b62
1999,1999,Alex Project,Kaval,8c2c4236-f138-4d34-9462-54bb3aa95f8c
1999,1999-08-15,Alexia,Goodbye,799eb3b7-7501-37a1-9a42-e43448d27573
1999,1999,Alexia,Happy,73252000-cde9-4087-aaf7-80a0a0f3c4f0
1999,1999-07-01,ALI PROJECT,星月夜～ルシファー第四楽章～,711d9089-b85f-33c6-a474-28360dd61b7e
1999,1999,Alice,I Am a Taxi,1b11a70f-d32d-4951-9eb1-99031ae1e0a4
1999,1999-10-25,Alice DeeJay,Back in My Life,4e5ed69c-1e99-3f02-9d3f-ad5d6c78182a
1999,1999,Alice DeeJay,Will I Ever,24996716-6bc4-358a-8f14-04b5a71c806f
1999,1999,Alice in Chains,Fear the Voices,ebd61f32-1390-4c1c-bff5-e043522527e8
1999,1999,Alice in Chains,Get Born Again,591bb35c-3bbb-41bb-becf-6b478b50de70
1999,1999,Alice in Chains,Live & Unreleased,3e50b630-4eed-4a61-8088-741959676a60
1999,1999-12-26,Aliene Ma'riage,傀儡異形のマリア,6333f92f-d3d6-34e3-8a16-be98c9681a64
1999,1999-12-22,Aliene Maφriage,Les Soirée～完結篇,51dfa1fe-5362-3a62-80df-0094a4c4f135
1999,1999,Alina,Zu gut für dich,83a4e841-bacd-4f19-b2d2-70e11ffa6906
1999,1999,Alina!,Mit den Waffen einer Frau,1aa018e1-a4ca-4ad6-850c-8c3fbb43b4b8
1999,1999-04-05,Alisha’s Attic,Barbarella,31b2c8ee-151a-3b94-a288-d2bbf438326e
1999,1999,Alison Krauss,Forget About It,43b7a3ea-252d-3c1d-9698-352f8b6534da
1999,1999,Alkemyst,A Path to Heaven,79fe2954-b818-4628-ae94-b42e995ad590
1999,1999,All of Us,Maybe Love,8e5749bc-0b82-4e78-ac39-5864718f05aa
1999,1999,Allerseelen,Alle Lust Will Ewigkeit / Traumlied,9c7729da-486c-4f14-a4e7-670ea24d669a
1999,1999-03-30,Alliance Ethnik,5 heures du mat’,e8c013e6-6615-4b55-8a35-29cd3756c99c
1999,1999,Alliance Ethnik,Fat Comeback,614758fa-0525-4824-b00f-319d05d7e7c9
1999,1999,Alliance Ethnik,No limites,569772f8-f652-4ff6-b921-32cccdb6e6fd
1999,1999,Alpha Blondy,Journaliste en danger,5fa3312d-980d-4e7e-810d-892e307b3c59
1999,1999,Alpha Omega,Deep Thoughts / Mystik / Journeys Through Space,c3c300bb-0bd6-4f8b-af95-79d7abf0bb3b
1999,1999,Alphaville,Soul Messiah,d646320c-7eb5-3fc4-89ec-a7822f5a3304
1999,1999,Alpnsepp,Oben auf da Oalm,2a9288db-3a72-3765-94ba-b317255be1a0
1999,1999-07-18,AlteMissioN,Avenue,5bf8d086-c955-4a0b-b95b-f1fedb8e0548
1999,1999,Alter Native,War,75da7c25-bdb2-4dc9-b660-59bb81997b9f
1999,1999,Alumina,Orion's Belt / C'est Bon,d6b50b30-b631-4a69-ae58-46e889b043ba
1999,1999,Alvarius B.,Burmese Military Mandolin,37633520-b689-433c-829c-a736a13455e4
1999,1999,Amanda Garrigues,e.p.,4d5a4f41-1a7e-42ce-8efe-47c595fa2f27
1999,1999-05-07,Amanda Marshall,Believe in You,ffc1d0cf-040f-3f5e-b852-45f962672831
1999,1999,Amanda Marshall,Birmingham,a9aa30e1-55ee-34c4-ae78-5451eff77049
1999,1999,Amanda Marshall,If I Didn’t Have You,8b08638d-7d7e-4f56-9cca-9a9e76d48b89
1999,1999,Amanda Marshall,Love Lift Me,9ca8cb19-66de-4546-866f-9fe458540bf8
1999,1999,Amazing Space Frogs,I'm Into Necrophilia,aa671e80-991f-452f-86f2-3020a33c33a1
1999,1999-06-01,AMbassador,The Fade,9a70a30c-5182-4af6-acf7-5bf533fdf5d0
1999,1999,Amber,Above the Clouds,af57c1b5-443c-34b0-b611-7d17c73aca4d
1999,1999,Amber,Do That to Me One More Time,6bacdffc-ad2e-3a84-810f-5e26167357d9
1999,1999-05-18,Amber,Sexual (Li Da Di),8ba88dd6-20ab-3ac3-8618-4587e3c4823b
1999,1999,Amedeo Minghi,Gerusalemme,6fe96888-5016-438a-b185-039bd5a21478
1999,1999,Amen,Coma America,92d57dd6-ae4e-3a94-b27f-328e9e228715
1999,1999,Amentia All-Stars,Hei mennään laivalle!,53d8b43f-2eda-4c11-b0eb-6395803e31e8
1999,1999,American Heartbreak,Please Kill Me,f1a5f4dc-0880-4089-9c67-98a152d0765e
1999,1999,American Steel,Every New Morning,f23d929b-7282-45f5-ba15-7088dbad77eb
1999,1999,Amiel,The Chase,85b995fe-b809-4f50-8207-f4431311a069
1999,1999-10-11,Amii Stewart,Knock on Wood 99,7eab7f2b-e026-34a8-994c-d4576440e312
1999,1999,Amnesia,Are You Really That Good?,1917b71a-beb1-3193-8b3d-e21099a8793a
1999,1999,Amorf Ördögök,Nekem a Balaton...,826addae-3794-3e5c-93b8-518e7e615c7c
1999,1999-02-06,Amorphis,Divinity / Northern Lights,32fcffc9-7687-308e-b7e2-163d531cd117
1999,1999,Amy Grant,Child of God,d29c989a-2213-37a7-96d8-20a30d3cd06d
1999,1999,Amy Rigby,Wait Til I Get You Home,fd1dbb18-1af4-4f3b-91ab-21792476b418
1999,1999,An April March,"... Something Once True, Is Always True...",b5547391-a494-3c63-9cf2-90d756a3b197
1999,1999,An Pierlé,Mud Stories,bd0ca134-0b87-3ef1-8132-b3c1989367df
1999,1999-11-15,Anastasia & DuMonde,Fly to the Sky,74a905d5-faa7-4f5c-b1be-d82c3eb62ba1
1999,1999,Anathema,Deep,a1af4da1-37ba-48f8-92a3-0b845c2259a4
1999,1999,Anathema,Make It Right,b67ee02c-de99-4c0a-9c02-458a0b51426b
1999,1999,Andersson,She's in Love,7a0ca699-2e88-4596-bc9e-916871fbb349
1999,1999-03-29,Andora,Blade Runner,a8e1497c-f854-33db-bfe6-992daeb847e8
1999,1999-07,Andrea Berg,Hit Mix,d7706175-34ae-4f3d-98ea-7719fb68cb10
1999,1999,Andrea Berg,Ich will deine Sehnsucht,0cf20729-0e62-4da7-9d36-54f8fb582ac9
1999,1999-01,Andrea Berg,Insel der Nacht,8c0d8a5b-1570-4a83-9f16-aa388ae27e5b
1999,1999-06-14,Andrea Berg,Jenseits der Zärtlichkeit,7319b717-d2d9-3684-a4c4-af1243ecd0c0
1999,1999-11-08,Andrea Berg,Vielleicht ein Traum zu viel,bab6bcbf-c45c-4ce4-ab25-e77a93bc06aa
1999,1999,Andrea Bocelli,Canto Della Terra,76a52226-a89c-44f4-bc63-63abaa2a6b5c
1999,1999-02-15,Andrea Jürgens,Ich bin verrückt nach Liebe,0151c4fa-66c8-4877-aaa0-80ea0bdb5fbf
1999,1999,Andrea Jürgens,Laß’ mich heute nicht alleine,36b8a8a3-befb-4c9c-8cde-9665e2481595
1999,1999,Andrea Martin,Share The Love,bf479030-8d48-44c0-b847-7d84503f9803
1999,1999,Andrea Parker,The Unknown,b44ef96f-26b8-4c3f-a43d-0a5fe66f48d2
1999,1999-08-20,Andreas Fahnert,Werner - Volles Rooäää !!!,fd0ad684-7a10-479e-b489-de50b3648b14
1999,1999-07,Andreas Johnson,Glorious,eb5640ab-e4dc-36c9-8a07-e757291962fb
1999,1999,Andreas Krämer & Kay D. Smith,"40,000 Miles to Hell",ef637428-dd42-3429-9525-a61b3a449e56
1999,1999-03-22,Andru Donalds,All Out of Love,4d379d89-0de4-3d7f-999d-eca11bf37095
1999,1999-08-30,Andru Donalds,Simple Obsession,d38b0acb-2702-3bd4-9028-e48066cbb9f2
1999,1999,André Hazes,Koningin van de zigeuners / Als je alles weet,9da4e99c-16ed-328f-b165-67ed9c88495a
1999,1999,Andrés,Material World / Reality,dc929316-7bce-3fa7-aecc-39c172052dab
1999,1999-11-05,Andrés Calamaro,Quiero,64580bf1-fa48-4378-bfd3-93173b3ee9de
1999,1999-02,Andy Borg,Carneval in Venedig,75ba2d92-a9c9-421a-92da-203ce9f5fba7
1999,1999-07,Andy Borg,Wieder in die Sonne fliegen,8ec110fa-8576-46e2-ac0b-9c24a70e2ea9
1999,1999,Andy Cole,Outstanding,1199a13e-9d93-4808-9ce1-ccccd87911f7
1999,1999,Andy Farley,Bring It Back,b9d5dc42-b2ba-4518-a64a-a6dc4b41abed
1999,1999-07-10,Andy Farley,Concentrate,d5a5da9b-a83c-4a8c-b93e-d0034fb2123a
1999,1999-10-25,Andy Farley,Go / Sassy Bo Bo,448a7eea-aec1-49cc-a51e-9ba69930eab4
1999,1999-02-01,Andy Jay Powell,Rising Love,297d8777-cd43-4084-bf8f-8e812b000c95
1999,1999,Andy Ling,Fixation,75db1399-478f-36fc-9874-c41a9a2b5d94
1999,1999,Andy Madadian,Nune & Chera Ashegh Shodam,ed162a76-69f5-40a4-bdfc-3eee2faad5c8
1999,1999-03-15,Andy Williams,Music to Watch Girls By,dfb74ee1-0b67-390a-9ca1-7fcb868b300d
1999,1999,Angel,Epilogue,2b3e9dff-db6e-4993-b5ed-fff7ff420f1b
1999,1999,Angel City feat. Lara McAllen,Love Me Right (Oh Sheila),ad5f9ea0-8321-3567-b344-92578ec3060e
1999,1999,Angel Farringdon & Warren Street,Total Solar Eclipse,955db2ea-9953-397f-af33-95a1fc7e7c79
1999,1999,Angel Sessions,Get It Right,5e778ae5-e886-4722-b01c-2bbd546dd6e1
1999,1999-05-26,angela,memories,746ade9f-7596-3c5b-a98f-59c6c8d6ccda
1999,1999,ANGELA,SEASON,efc7a166-d12a-4c3f-a98a-2dc7e67f543d
1999,1999,Angela Kelly,I Wanna Be Free,251863ae-a266-33dd-a24b-123bc25a6b30
1999,1999,Angeleyes,ABBAdance,12663bae-c049-4640-8d5a-ee5a005b462d
1999,1999,Angelica,Bring Back Her Head,32f9a68a-06e4-3307-8587-4c325e3a2d27
1999,1999,Angelica,Why Did You Let My Kitten Die?,9d384544-4958-34ea-ae14-3ddf133c301b
1999,1999-12-03,Angelique,baby's breath,29c2ea72-70df-431c-95b7-b92b9f9c7ed2
1999,1999-04-02,Angelique,morning glory,41d48f98-88d1-40e8-a053-d7690a8ae283
1999,1999,Angels & Agony,Unity,be7e4e68-3bcb-39df-b2fe-609fd421b3bb
1999,1999,Angels of Light,Praise Your Name,1e519976-efa5-431a-a3ff-420e1794ff72
1999,1999,Angie & Debbie Winans / Brenda Doumani,Knockout,8bd27b05-1413-3a36-b2bc-127c6d11c66f
1999,1999-09-06,Angie Cox,Just Another Night,febf72f7-7dff-4627-b357-018446fcc08c
1999,1999,Angie Stone,Life Story,d1d89950-2a76-3669-b65e-f0c7795680e7
1999,1999,Angora,Enchantment,433f5b8d-b4a4-34d4-9616-bd357286bbbb
1999,1999,Angra,Rainy Nights,1a78dfd9-e296-39eb-8694-48ce99c49224
1999,1999,Angry Samoans,Play the Songs of Vom,75e2e125-bdd9-36ab-8c4a-662ffba4fd41
1999,1999-01,Ani DiFranco,Angry Anymore,8b388eb3-49ca-37dc-96a9-8fe0d383a6c3
1999,1999,Ani DiFranco,Jukebox,b8ab322c-f936-48c7-b803-4b12da186a2d
1999,1999,Ani DiFranco,Wish I May,98c79f9c-e851-4b01-b85b-60d41f9e0512
1999,1999,Aniada a Noar,Es Wird Scho,bbb4dab7-f220-3109-83a0-fd0c72d50fb3
1999,1999,Animals on Wheels,Modular Existence,eb832dff-8acf-36ad-a8e7-36366f79eaaa
1999,1999,Anita Doth,Universe,305022f2-410f-3a2b-8411-548f03a3ccc0
1999,1999,Anita Ward,Ring My Bell (The Greatest Hit Remixed),403c19f2-6981-4d25-9ed7-27e6063dd443
1999,1999-03-22,Anja Krabbe,Mach Mich AN-JA,bfa8d056-b38f-3ad7-8fbf-ec0e5b9cde4f
1999,1999,Anke Lautenbach,Mamma Mia... was für eine Nacht,1919f886-168a-4664-94f8-5a46982d012d
1999,1999,Ann Lee,Voices,cde55323-1276-3013-8341-aa4047641360
1999,1999,Anna Oxa e Chayanne,"Camminando, camminando",750546bc-48a9-4354-b3b7-2341473171a3
1999,1999,Annalise,Signposts & Alleyways / Empire Builder,860fd320-7c48-4dae-9628-1020908c4b8e
1999,1999-08-17,Anne E. DeChant,Take It On,09928649-34b3-37cd-a944-674de22b46ab
1999,1999,Anne Sofie von Otter,Home for Christmas - 3 sånger från albumet Home for Christmas,dc053633-6f51-43a5-bd21-b464bc5bf46c
1999,1999-11-01,Another Level,Bomb Diggy,df31954b-ef56-468b-b463-d73e2b6f6c24
1999,1999-07-05,Another Level,From The Heart,b9fd0848-f818-4845-84c9-26fd07d1f0a8
1999,1999,Another Level,Holding Back the Years,66093b3d-37af-43e7-917a-d0e8dc78752b
1999,1999,Another Level,Summertime,0ee3dc1d-8273-4237-aabb-0d436f832961
1999,1999,Anouk,R U Kiddin' Me,6d091a54-ee5d-43b7-979a-a49c1de94465
1999,1999,Ant Banks Presents T.W.D.Y.,Players Holiday,44f03273-843b-41df-901d-06cd1f45686d
1999,1999,Antaeus,Rekordin 2000 - 1,0b7f66db-daa8-4cfa-abfb-7d711f6ad67a
1999,1999,Anthony B & Derrick Lara,Nothing Nah Gwan,28fa491b-e6fb-408e-86f8-e47ea787549c
1999,1999,Anthony B / Mega Banton,Real Thing / Blaze Fire,29bb1011-eccf-449c-9742-9dc2276233ac
1999,1999,"Anthony Child / Stock, Hausen & Walkman",Over Napoli / Dirty Thirty Something,7230de25-bba4-44fe-b435-b4c8663e0db6
1999,1999,Anthony Flanagan,Never Enough,6ff03f49-1aa5-479c-bff0-f716640e9c8e
1999,1999,Anthony Rother,Don't Stop the Beat,4653aaf3-5a0a-3377-be38-fdd66e40899f
1999,1999,Anthrax,Ball of Confusion,28547fe5-d922-4508-b030-0963541a05b3
1999,1999-10-22,Anti Trance Terrorists,Who Done It?,ffa42404-19d4-3e38-b00a-7b9df9e3a53a
1999,1999,Antique,Dinata Dinata,c16afb51-5fce-4fd6-bf29-5cea3ba1bba8
1999,1999,Antique,Opa Opa,80751a59-4c97-4905-90c1-9409b3c5677b
1999,1999,Antique,Δυνατά Δυνατά,af0606ec-a610-4114-9d61-d1d880cfa3b8
1999,1999,Anti‐Funky,Everybody Jump!,4de75808-ff11-4266-8a42-95c7859f5706
1999,1999-10-18,Antoine Clamaran,Energy: Remixes,4974a535-8e45-4fd1-8910-5ed51e870e51
1999,1999-08-16,Antonio,Bad Funk,6577be8c-4622-49ef-88f0-1cfa2c0b1c37
1999,1999-04-21,ANZA,扉をあけて,ab0a02f6-3671-3574-86c3-7356fe292dd2
1999,1999-09-15,AN‐J,What's going on,a3e084ed-e38b-446e-b1ac-a2edb628aa6a
1999,1999-11-29,Apex,Bangin',a1294019-e2c1-3535-bdc4-b4739a632e7f
1999,1999-03-22,Aphex Twin,Windowlicker,3c4072b9-a844-3d49-ac5f-72b06bf79dea
1999,1999,Aphrodite,Bass Lights / Solaris,fdd5d09a-b1b3-46ba-9320-4ad5449d6b1e
1999,1999,Aphrodite,Cool Flight / Darkside ’99,44631dfc-78df-4638-b295-edca9141459a
1999,1999,Aphrodite,Royal / Tower Bass (Millennium mix),61ed5a8c-82ee-4654-9c6d-5f2dd35e9264
1999,1999,Aphrodite,The Wobble / Bomber Style,3bd4b208-5c99-4005-9cb7-47328e364f68
1999,1999-11-15,Apollo 440,Heart Go Boom,7abf3596-901a-3657-ac45-71ffd167a8ec
1999,1999-08-16,Apollo 440,Stop the Rock,b0dfb18d-e653-3191-bc2f-74e9eade6af1
1999,1999-08-11,Apoptygma Berzerk,Eclipse,ce10dc72-93fe-36e0-90b8-e6fbe1bab66c
1999,1999,Apparition,Partial Hallucination,f84fafe1-1c77-4938-89ea-050238197e16
1999,1999,Appleheadz,Hold Your Turtles,dddb4ecd-76f1-31b3-9873-4b73078de38e
1999,1999,Appliance,Appliance in Session,df9fe0e7-a880-3082-a053-58326ffbb6c8
1999,1999-04-19,Appliance,Food Music,808bd3f0-5677-36c8-9837-64a34e6f26f6
1999,1999-09-13,Appliance,Pacifica,528d44b2-93b9-37ca-b72a-f19d096a0ebe
1999,1999-11-15,April Daze,Suck My Energy,7d3d2351-233f-42b5-8dda-3bc025bb8ce4
1999,1999,April March,Garçon Glaçon,aa533663-494c-4208-9693-43a77ec6c09f
1999,1999,April March,Mignonette,1f40c760-e629-4878-8598-55aea1d8ef45
1999,1999,Après la classe,Pazzo di te,be95af9b-00cc-414f-a6d6-292637f0232b
1999,1999-12-04,Apulanta,Käännä se pois,3eb4c436-1ff0-3bd4-9d32-e952c4448731
1999,1999-09-20,Aquagen,Und Gott sprach: Ihr seid so leise!,56fb7e87-b972-34f2-a6d0-97f0cce1844b
1999,1999,Aquagen,You Are So Quiet!,0dc5585f-d0c5-31ba-95ec-e0bcee804896
1999,1999,Aquarius,Lay Dee / Space Dub,456bd491-dcae-4375-9aba-f40a13097f03
1999,1999,Aquarius 26/1 / Capone,Dejavu / Bongo Rock,fe3176db-5519-3f43-ac30-c9a4776a4d7a
1999,1999-08-09,Aquasky,Bulletproof (Higher Sense remix) / Taurus,c14d74e6-f5da-3066-81a9-297f64c62c48
1999,1999,Aquasky,Nightvision / Overkill,e31a5a1b-90c3-37d1-abaa-acc1b75e603f
1999,1999,Aquasky,Sonix / Gemini,0f919fab-7460-46f7-beb6-63beead8c7a0
1999,1999,Aquasky,Subdivision / 2000 AD,868bfd13-4053-34e8-b6fd-20ab5851c277
1999,1999-03-15,Aquasky,The Stalker / Bulletproof,4af5b103-3126-3053-a43a-c83e786f2e64
1999,1999-05-04,Archive,Take My Head,863b722e-6398-4bf0-9a4d-c93bc68034d0
1999,1999,Archive,The Way You Love Me,29b73b71-efa6-496b-b92c-9d3a4b39c50f
1999,1999-07-19,Archive,You Make Me Feel,b1b00af9-7e0c-44ab-8932-1bcc14905761
1999,1999,Archon,Boom,56cb345f-14f3-4d8e-a202-ffdbea88d478
1999,1999,Area,Music for Your Eyes,277783bb-8aaf-4803-822d-bc6641744d33
1999,1999,Area 51,Aqua Funk / Crossfade,732d598c-57a0-48c5-9817-30b078ee403e
1999,1999-08-12,Area 51,Das Boot 98 / Das Ende,05f8e8cc-2d2d-44f5-bfd3-ede0a3e103b6
1999,1999-08-12,Area 51! feat. Inka,Saint Germain,c037e2ce-fee9-4b27-8498-dbdf914e042b
1999,1999,Area-7,Second Class Citizen,5958e449-b4f5-3d54-bfa9-1b79032a8d11
1999,1999-06,Ari Jr.,So Real,e9c3c4bd-5b60-351c-84d8-69fe342b8c82
1999,1999,Arid,Believer,d36de089-3b3b-4de9-a60e-b7b62c343d22
1999,1999,Arjuna,Totally Lost,76d177d2-2cd2-4714-b90d-669ac35e442f
1999,1999,Arling & Cameron,1999 Spaceclub,0eb629d1-bc21-357d-8417-2a29914114d2
1999,1999-07-26,Arling & Cameron,Speeding Down the Highway,c79ebafa-5a6c-3431-9987-9c0241fdec0a
1999,1999-07-20,Arling & Cameron,We Love to Rock,c7b54150-55d8-3149-9518-ca5fb566f2ba
1999,1999-06-25,Armageddon Dildos,EastWest 2000,cfed65e4-3d9a-3ecc-97f4-03f6e0a3ad6c
1999,1999-04-19,Armand van Helden,Flowerz,bbc5ebfe-6346-3852-8bdf-f9d76fba4f7b
1999,1999-07-28,Armand van Helden feat. Mita,Entra Mi Casa,2dd44389-507f-3c5c-a63b-9c1f116588a4
1999,1999-04-16,Armand van Helden vs Fatboy Slim,"1999.04.16: Armand van Helden vs Fatboy Slim, Live At Trentham Gardens",5334f73a-0d29-4632-94b6-39dc392b324a
1999,1999-06-01,Armin,Communication,92307739-92c7-33bc-ae37-6f6bddf71b37
1999,1999,Armin,Virgo (Remixes),3f80c180-f72e-41e0-9321-15fe36d511fd
1999,1999-04-17,Armin van Buuren,Virgo (The Remixes),a3f08d41-c94f-46aa-85dc-7c71e972ac6b
1999,1999,Armin van Buuren presents Gimmick,Free,05efc241-f1e7-4249-b928-0114de8df32d
1999,1999,Arno & Beverly Jo Scott,Jean Baltazaarrr,d5fb6f4b-ef2c-49c5-b459-70d069f5bb07
1999,1999-10-25,Aromabar,Little Brother (I Am Here),221fe4ce-4711-4efa-a396-640b4af87a0e
1999,1999,Arome,I'm Not a Bitch,65a5b21f-c246-4366-a0f8-d9efa94d303c
1999,1999,Arome,Talk II Me,67aa7ad8-6925-40ca-9226-9b39b8a4a87d
1999,1999-01-31,Arovane,Occer / Silicad,400373e8-b7ec-3095-a763-7b71ca4ed713
1999,1999-04-12,Arrola,La Musica,2a2003e1-3bdc-36e3-a459-84064a8da7f4
1999,1999,Arsenal,Release,5f54efba-75db-3c45-b71a-830ef400fccf
1999,1999,Art Bizarre,Drop Into Me,db77e931-8ac4-447b-8178-555a2769674b
1999,1999,art mind's impression,white relation,c4228deb-f3d8-427d-810f-63ba3101dcc7
1999,1999,Art of Love,Duro,12401586-b648-4fc6-be61-1fe228385300
1999,1999,Art Of Love,Se ti sale,addd521c-0aef-4f45-bb08-a61c4ff1a965
1999,1999-08,Art of Noise,Dreaming,1ac5bf2e-95c5-46be-ad4f-dd8c6e034bb7
1999,1999-06-14,Art of Noise,Metaforce,0e6f01fc-1145-364e-9d18-17c9e5273280
1999,1999,Art of Noise,The Seduction of Art of Noise,6071529d-7926-488d-baec-b114ba1637da
1999,1999,Art of Trance,Easter Island,eda0038d-3615-3a6c-b396-6e7b5685dd40
1999,1999,Artemis,Fairlight / Desert Traveller,5d250825-23a4-3bf8-aced-91c41ac93d9d
1999,1999-11-29,Artful Dodger,Re-Rewind (The Crowd Say Bo Selecta),b839d077-c6e1-35a3-a955-f8f9d62a721e
1999,1999-07-12,Artful Dodger & Romina Johnson,Movin Too Fast,832764ce-8e98-33ea-ac51-31a387fd299a
1999,1999-07-22,Artful Dodger pres. Craig David,Rewind,774cd058-1922-4076-a94b-53816f86e332
1999,1999,Arthur Baker Vs Rennie Pilgrem,Like No Other [Remixes],08cba392-e65b-4398-a382-993180b49103
1999,1999-07-22,Arthur Baker vs. Rennie Pilgrem,Hey Funky People,89c1d49a-af40-4121-b22d-ccd42ccb495c
1999,1999,Arthur H,Ô Carnaval,6dbc83f6-efed-415b-82b2-647c9d7d4e3d
1999,1999,Articolo 31,Guapa loca / Tu mi fai cantare (Remixes),fd07b36c-11b0-4dca-b4d7-2c5096af0e58
1999,1999,Articolo 31,Vai bello,c272e9fa-d901-4ec9-95d4-3e621ab33397
1999,1999,Artists for Kosovo,Song for Kosovo,559897eb-3f37-48bf-9de0-3997b9ad4e99
1999,1999-12-07,ASC,Lifeforce / Reverse Polarity / Chrysalis (edit),08c90273-37a1-40a0-95b6-165c510862db
1999,1999-06,Asem Shama,The Gateway,67201225-02e2-3591-8a0c-9025ecaa3a85
1999,1999,Ash,Folk Song,7befac49-5c75-4d29-8176-31e0b3bb1f7a
1999,1999-12-17,Asmus Tietchens / Robert Rutman,Schritt um Schritt / Buzz Off,06551026-14f0-494f-93a3-ffa138274bfd
1999,1999,ASP,ASP,910bbf15-095c-381b-a329-7bb60808a797
1999,1999,Assia & Doc Gynéco,Mauvais garçon,186b3428-518e-44d6-8dae-0f88752f8885
1999,1999,Astra,I Need It,ef497a17-f3ea-4b28-bbba-3797653b9b81
1999,1999,Astral Inc.,Remember,fccacd85-d767-456c-9f3f-ef2a590c1678
1999,1999-04,Astral Projection,Nilaya / Solid Electronics,3aa76314-ceb9-402c-bd07-32483781781e
1999,1999,Astrid B & J.P.,Just Kidding,fc594f23-0241-44b4-8c55-e81e5a84c7c9
1999,1999,Astrobug,One,7f8c6e9d-6f5f-30ce-b849-9f5c20114d57
1999,1999-08-16,Astronaut,Stone Cold Sober,cf99bab3-22cd-4ed0-8576-763459c1832a
1999,1999,Astroqueen,Rufus the Space Agent,ba96eafa-3796-4399-88ff-fbb8df0e343f
1999,1999,Astroqueen,Rufus the Space Agent - Stonerrock.Com Special Edition,dbe6690c-2f47-447b-aa8a-04777b1b3a6b
1999,1999,Astrud,Bailando,0065fa98-d39d-35d4-b69a-cadbf268a6a2
1999,1999,Astrud,Esto debería acabarse aquí,0f31ab53-b8ca-3028-81b0-06bd41e9adb1
1999,1999-06-14,Aswad,Follow ’99,8825d7fe-f0ab-3f9c-bec8-5490d26db204
1999,1999,At the Drive‐In,Rascuache / Chanbara,0fe9049f-441d-3b3d-89d6-cb0b8ae710a1
1999,1999,At the Drive‐In / The Aasee Lake,At the Drive-In / The Aasee Lake,057cacbb-1795-3d9f-8f4b-04a0cdd713a7
1999,1999,Atari Teenage Riot,Revolution Action / Digital Hardcore,b4a82582-d0a5-35a1-8853-fec9653ad593
1999,1999,ATB,Don't Stop (Remixes),e024ed0b-b50e-48a7-9067-7cbdbe8438f7
1999,1999-05-31,ATB,Don’t Stop,55c36f9f-f27d-3625-929e-a96889dbbb3c
1999,1999-11-16,ATB,Don’t Stop / 9 PM (Till I Come),d7493fcf-190b-4d38-b10f-0548a619a3e4
1999,1999-05-31,ATB,Killer,03096dd0-6304-3b7b-94a5-d1dba5ba1b85
1999,1999,ATG,Do It / Nasty,41bedb74-1b4a-4e5c-ba66-e471a6b990be
1999,1999,Atlantic Ocean,Trance-Atlantis,041139a1-6561-4eb3-8f33-37d0243b357a
1999,1999,Atlantis 6,Give It to Me,560fc402-a455-4c7c-8d70-01412618c52f
1999,1999-11-02,Atlantis Ita,See You In The Next Life,c1078180-ce30-460c-bd1b-0178919a7fed
1999,1999,Atlantis vs. Avatar feat. Miriam Stockley,Fiji,1bcb1c17-97c7-316a-a340-f4ed5fa78a1c
1999,1999-07,Atmos,Drums Don't Stop / Biorythm,49a93327-bea9-48f8-a019-c03d5870a866
1999,1999,Atmos,Klein Aber Doctor,216e13aa-ad00-3252-a7e9-2c33e69767b7
1999,1999,Atmos,The Only Process / So Nice You Name It Twice,c1f79194-4083-4caf-aa2c-059dafbcfb45
1999,1999,Atmos,Watch the Skies / Proving Ground,a6ec66d2-15ab-3b78-9c6b-7bcb11b17c4f
1999,1999,atmospheriX,Dancefloor Drive-By,8459cdcf-affc-4749-9879-cb50970b9ab5
1999,1999,Atombombpocketknife,Fly Vultures Fly,3a1819bb-c68e-3ea0-a696-8de88658b832
1999,1999-04-03,Atomic Babies,Cetch da Monkey,4cf5eb22-ec69-329b-89a4-bfe8ede81189
1999,1999-11-29,Atomic Kitten,Right Now,9ee6876b-71bb-3396-8965-b2b705b27a34
1999,1999-09,Attica Blues,What Do You Want?,8650f1c9-d7cd-4561-b633-30bc16896ea6
1999,1999-05,Attrition,Kissing a Virtual Angel,68f7aeaf-d503-30b5-b210-159c1e2a5d1e
1999,1999-10-27,Audio Active,Bag Filled With Emptiness,b9716792-7bab-4f11-a134-ae522b8f890a
1999,1999-11-26,Audrey Hannah,It’s December (and I’ll Be Missing You),598eb6b5-dde2-3894-90ee-83098ab6f6bc
1999,1999,Audreys Dance,Audreys Dance,d5356f59-0e1b-4912-bb58-7d23e7b1eaf9
1999,1999-12,Auftrieb,Ballerland,cce5e8c2-6928-3aee-9493-1b369209d0ed
1999,1999,Aunt Pat,Georgia,910794ce-e827-4b50-bbb7-c035d3542de3
1999,1999,Aural Imbalance,Aural Soundscapes (Blame's rework) / Evolver,79ee9d00-8174-31aa-ac05-d6900d92be37
1999,1999,Aural Imbalance,Proximity Alert / Astral Forest,95080ca1-99f7-3b4b-a360-78d5a02ec541
1999,1999,Aural Imbalance,Realm Of Innocence / Rain On Sullust,bf6870c0-eab5-4a19-9ffd-41e849f98dec
1999,1999,Aurora,Hear You Calling,1721eb48-c138-3f90-8241-446f517f8579
1999,1999,Aurora vs. Michael Meacham,Exit 9,4b750f5b-06e8-4bca-bb2a-57c3c2e161c3
1999,1999,Aussie Youth,Department Of Youth,7694d025-0d33-4c25-8617-ba21c2e346c1
1999,1999-08-23,Autechre,Splitrmx12,6e48e938-32a7-326a-8ecb-311ce68927b9
1999,1999,Autopilot,Funeral Morning,0d944680-8864-48f2-b16d-fd98b8c3dcc9
1999,1999,Autoramas,Motocross / Bahamas,f4f2ad7a-f7fd-41f2-a199-9d6a192f5675
1999,1999,Autseid,Uf äm Bärgli,d44ab87c-1daf-3455-a5a8-394d60e41a16
1999,1999,Autumn Tears,Absolution,72acfcc2-fe02-3fa3-86f7-dcb59f56f91a
1999,1999,Avant Garde,Get Down,d5c1b97d-f936-33f2-ada6-e4e5ee90df78
1999,1999-01,Avia,All My Jazz,adb8e1fc-b791-3d39-a0fa-326c13e8f9db
1999,1999,Awol One,NME,c754b3b3-53a2-4b01-a33b-c205e92df73b
1999,1999,Axel Konrad,R.U.F.F. Beat,a0036f7b-235a-363a-9c8e-4953075f5ad2
1999,1999,Axelle Red,Bimbo à moi,2abe1476-f8a5-4f42-9f06-ecf0120265fc
1999,1999,Axelle Red,Ce matin,96aa9782-a383-3e79-b73f-74d64ad63881
1999,1999,Axelle Red,Faire des mamours,3a140390-49ef-4839-8cdb-547cc737f1a1
1999,1999,Axelle Red,Parce que c’est toi,f3e93567-b272-4aa7-aa25-192078283650
1999,1999-04-28,Aya & Chika from D&D,Rise in my heart,a2afb0d3-f904-422d-855d-fe44d9e95117
1999,1999,Ayera in Scoria,Ayera in Scoria,640be8d1-a46e-3053-9b55-52db6708826e
1999,1999-11-12,Ayla,Angelfalls,299de582-b66d-3236-863f-5bcaf2fe9541
1999,1999-03,Ayla,Into the Light,d62027fa-b5c1-33ea-9958-c589ea4f07ea
1999,1999-05-07,Ayman,Mein Stern,38d4489f-9fd0-379b-8fb2-133d91c8474b
1999,1999-04-14,ayumi hamasaki / 浜崎あゆみ＆つんく,LOVE 〜Destiny〜,a95ff359-aec7-3496-9d57-04a323e75fe3
1999,1999-08-25,AZALEA,Fetish ～Masochistの喜劇～,55ed9f65-c6e4-3b40-a042-b7c05b5bfa83
1999,1999-08-25,AZALEA,Fetish ～Sadistの悲劇～,a377d3b0-56e2-39fc-953f-f02209904208
1999,1999-06-27,AZALEA,神隠しの夜,e41f9be2-fb98-4d1c-af21-55f820990f65
1999,1999,Azzido da Bass,Dooms Night,6569e70f-cb3d-3e0c-9fbf-ba321e315c61
1999,1999,A‐Sides,Step Back / Ricochet,0a42609b-3cd4-491b-9f2a-29444c6ea67c
1999,1999,A★Teens,A★Teens Megamix,ed733fbf-d841-4b85-8d85-f520271dc836
1999,1999,A★Teens,Gimme! Gimme! Gimme! (A Man After Midnight),6678e70b-5f13-34a3-80f7-a81b2280e261
1999,1999,A★Teens,Happy New Year,01be8490-0c07-474c-ab5e-a5d1f3e882fe
1999,1999-05-10,A★Teens,Mamma Mia,96f7ec99-929c-3e00-b934-561a0c4c6fe1
1999,1999-12-01,A★Teens,Super Trouper,cfd7a170-aca4-4a26-b013-3db1ba3fb3e0
1999,1999-11,B! Machine,Temple,214e46b2-0ca8-4b09-96ce-2f51f314415f
1999,1999,B(if)tek,We Think You're Dishy,4080c0d9-f9b2-3aa6-93e9-48fbcdce9db2
1999,1999-03-15,B*Witched,Blame It on the Weatherman,72507aae-a5e8-329b-a990-5203fe660699
1999,1999,B*Witched,It Was Our Day,57dff512-88ba-4f16-8123-ab1a5ddaca98
1999,1999-10-04,B*Witched,Jesse Hold On,5865a427-db4c-3fd0-9479-7349f0fa48cb
1999,1999-12-06,B*Witched feat. Ladysmith Black Mambazo,I Shall Be There,1460bb46-5331-325f-84a7-ddd274fb11da
1999,1999,B-Boy 3000,Original Ruff,2d151b7f-37ee-350f-bd8e-3c65a5a9d927
1999,1999,B-Boy 3000 / Crylic,Mathematical Chemistry (O.G. N8 Mix) / Selecta',6b9e0ba1-f4e6-44ca-89dc-06052dd9710e
1999,1999,B-Charme,This Is My World,2d267db5-f7e3-4d27-982c-ddcb9e4c63a0
1999,1999,B-Nu,Confront / Burn Out,ff41f1b7-2a4f-4974-89e4-ac30f6adaadc
1999,1999,B-Uneek,Eeney Meeney,69e0cce8-ea2a-3e47-953a-fc464b351c27
1999,1999,B.D. Foxmoor,Δανεικές προσευχές,0d5c9b19-e351-3d6e-8a73-b63c1c3a9503
1999,1999-10-26,B.E.T.A - Unit,Somebody (...The Clap!),d10155e9-e9ab-4a56-9b7b-5d8f75a462ae
1999,1999,B.G.,Bling Bling,68eaa54c-45e6-4d40-b0e6-97f90be686e3
1999,1999,B.K.,God the Devil,82391362-d2f0-499f-8d90-4a211b7785c0
1999,1999,B.M.P.S.,It's Not Right,00901bcf-5fdf-41b6-b26a-7dc5865e7a13
1999,1999-04-19,B.M.R. feat. Felicia,Check It Out (Everybody),695b50f3-3f9c-3d3c-86ba-57175e34fc7e
1999,1999,B.U.G. Mafia,România,626cf5d7-05a8-46d9-b981-1a7b10f2ffa7
1999,1999,Babel Fish,Mania,ef4e4ae3-7a76-36aa-9226-17de168b91ed
1999,1999,Baby Bumps,I Got This Feeling,e7a3aac1-31d1-49f7-a1fb-b7966213b186
1999,1999,Baby Doc,Back to Love / Hard Work,b76f3875-aa79-4d08-aa03-e712956c31c9
1999,1999,Baby Doc,Bubble & Squeak / Ploughman's Lunch,3064015c-e71c-476b-ac46-597104c504a2
1999,1999-08,Baby Mammoth vs Tosca,Chicken Chiefly / Chocolate Elvis Dub,20f1bba3-f50d-4e21-91fb-a6fc48b60426
1999,1999,Baby Sisters,Szeresd a testem...,8eeaf70e-14ea-37f1-83ea-2f178ae2f8b1
1999,1999-02-15,Babybird,Back Together (remix),f4c3a5a2-6255-3d5f-80ac-168bc5bf0300
1999,1999-06-02,Babyface,You Were There,6ff12305-4326-33f9-96ab-d6d0f8ef0753
1999,1999-06-06,babysitter,死角,43fcfcad-5e70-4036-b202-604ef4951f9d
1999,1999-05-05,babysitter,痙攣,d6efa865-d077-460c-8542-7d8c6f8133b3
1999,1999-04-04,babysitter,瞬き,877e5dff-2150-47a3-a427-4b895319894d
1999,1999,Baccara,"Yes Sir, I Can Boogie ’99",bbedda4b-fff9-42a8-b73c-cdbb630bb30f
1999,1999-05-03,Backstreet Boys,I Want It That Way,e849bcf2-c581-3b27-98be-a1292754f234
1999,1999,Backstreet Boys,I Want It That Way: The Remixes,8af59e17-1fce-4fd1-8f6e-501194e7e68f
1999,1999-09-27,Backstreet Boys,Larger Than Life,91340b51-4166-3633-8226-e6312e6af0c1
1999,1999,Backstreet Boys,Larger Than Life: Remixes,1fec6c23-ba1b-4987-abd8-b5c671628caa
1999,1999,Backstreet Boys,Show Me the Meaning of Being Lonely,b73ea160-c3bf-3376-b75c-577b79e70fa5
1999,1999,Backstreet Boys,The One,48a4f194-05a1-35ea-a007-9c59bdc78d7a
1999,1999-03,Backyard Babies,Babylon b/w Stars,9614d28f-5f5e-496c-a0aa-7d897a513548
1999,1999,Bad Boys Blue,Never Never,6ff4cac2-8e1b-472f-a052-237af540e900
1999,1999-03,Bad Boys Blue,The-Hit-Pack,4f8f9971-61c7-421f-8a59-dce7aba134f1
1999,1999,Bad Company & Dillinja,Planet Dust / Never Believe,e0fedc45-5625-4d89-b3c1-83e163bb1ca2
1999,1999-07-23,BAD LUCK,Spicy Marmalade,d1bfd40d-ca9e-3778-94e2-6db7ebd927ed
1999,1999,Bad Manners,Millennium Knees Up,75c8f50f-897a-4c6f-b139-53498f4e322d
1999,1999,Bad Monday,In Your Earhole,77957e8d-6301-4099-89ce-ddfd84b50505
1999,1999-08-16,Badly Drawn Boy,Once Around the Block,10ba3808-d18f-3699-b26a-776f830bff87
1999,1999,Badly Drawn Boy,Road Movie,b2b8571c-eda9-4f54-8a02-e60ddbe8098e
1999,1999-08-04,BAISER,エンジェル,7113de82-7b80-372a-a24e-fd7ad13ae421
1999,1999-05-21,BAISER,プリズム,f4dd11a4-ad8d-31a2-ba1a-5e8202b6ef2a
1999,1999-10-01,BAISER,毒,676f2b18-42c0-3569-8ee6-8568e0c26862
1999,1999-01-11,Balanço,Metti Una Sera A Cena,3c822204-0712-410c-93f5-14093b9964d8
1999,1999-06-09,Balduin,Büro Discotec,ae7a7dd0-300c-4182-b534-c8f3086e1325
1999,1999-09-20,Balearic Bill,Destination Sunshine,e3c958e3-379a-3b0c-a26e-10add3418f76
1999,1999-10-17,Ballycotton,Ballycotton,7610f495-9e2b-4f2e-b8f2-d22dee537bf5
1999,1999,Balsam Boys,Här kommer sommaren,a07dc619-f976-4ffa-a7ac-9caaa2f4a3d5
1999,1999,BALZAC,Neat Neat Neat,6c7e6e82-1c7d-3923-9066-915401e93ba3
1999,1999,Bambee,Bumble Bee,0cda58c2-4847-4eea-b4e5-5316b35fb8cf
1999,1999,Bambee,Typical Tropical,470c6bbc-6c08-4835-b2f6-a364d7c9899b
1999,1999,Bambee,You Are My Dream,9e180933-beab-4df7-95ee-5406af45f8ea
1999,1999,Bamboo,From the Get Up,28390c07-289e-4286-b00e-9099e19b8a96
1999,1999,Bamboo Forest,Reflection / Osmose,f6c855b7-cdbb-4caa-a8a6-a5c61bf7a3bf
1999,1999,Bams,Différente / Si je rap,e768c221-15e9-4899-a76f-140dfb2defd2
1999,1999,Banaczech,Zlin & Back / Karlin,2aa8ff6f-8e31-44cd-b62b-362aec00eeae
1999,1999,Banana Erectors,Teenage 3K Worker,2af75e91-bf08-4af1-aa85-fdd40591551b
1999,1999,Bananafishbones,Easy Day,9bb4463c-2fe7-361e-9aa6-7df5f4884542
1999,1999-05,Banco de Gaia,I Love Baby Cheesy,f62c2a8b-11e5-3804-a35a-dbbfa6c08cc0
1999,1999,Banditos Bonitos feat. Nina,Gimme Sunshine,66c49a8e-082c-485f-83e9-a34a2f1c3073
1999,1999,Bang!,Into the Millennium - Part 1,e52ef5d3-11b9-438b-9884-4f7fdb1304bc
1999,1999,Bang!,Into The Millennium - Part 2,b6b07d38-63eb-4ab8-9f7e-543428da9815
1999,1999-03,Bantam Rooster,Low Budget Lust,c411fb8a-ebdb-466d-bd4f-41c0e9406077
1999,1999-02-08,BAP,Ahnunfürsich,f577338e-d020-3626-a07b-3b42f1c95e7e
1999,1999-11-29,BAP,Mayday!,08fbd738-8ed5-3114-a8f9-5f7e7ae10e59
1999,1999-08-23,BAP,"Rita, mir zwei",77bfe46f-08f9-3918-9929-02f8a5b354a3
1999,1999,BAP,Widder su'ne Sonndaachmorje,031ccd4c-0511-46f4-9dba-2c70e7e68a4e
1999,1999,Barbados,Rosalita,3043bd94-c1ec-4582-8bae-9393a7f18c69
1999,1999,Barbara Doust,I Found Someone,54797ba8-2598-4393-8f3c-9b1528f584be
1999,1999,Barbara Windsor & Mike Reid,The More I See You,ec5ea381-020d-49a5-bcd6-e694758bfdf2
1999,1999-06-22,Barbra Streisand,I've Dreamed of You,13f3ef83-0a4a-4d33-a769-5363f26c68d3
1999,1999,Barbra Streisand,If You Ever Leave Me,9c3d0ae9-5aa5-4acd-a096-2d01886ab4bb
1999,1999-10-18,Barbra Streisand,If You Ever Leave Me,c5ecf113-1d4a-3e0e-ace0-69b054800f32
1999,1999,Barenaked Ladies,Alcohol,297e495f-3fcc-4ffe-a2f2-83214c867390
1999,1999,Barenaked Ladies,Brian Wilson,7357497f-7573-4f05-b510-ba3b31e814b2
1999,1999-07-12,Barenaked Ladies,Call and Answer,bc86259c-e5ca-35dc-98a9-6fb98270dc69
1999,1999,Barenaked Ladies,Get in Line,771ca205-fa5c-4e1c-85ca-75aef22c1964
1999,1999-04-19,Barenaked Ladies,It's All Been Done,481ca9c7-8773-36dd-a87e-41b57192a5bc
1999,1999,Barry Adamson / The Jon Spencer Blues Explosion,Slut Smalls 4,88cb0377-885b-3853-9c8e-d85b0153bfe1
1999,1999,Barry Issac,Zion Children,94d34694-6b1d-4a3b-9ab9-867c1880e171
1999,1999-09-01,Barry White,The Longer We Make Love,0ab4ec9c-fb4a-3de2-8015-30c53e0ec434
1999,1999-06-02,Barthez,You Can Make It,50ed9fae-aa88-4d03-a4a6-b6efe698f611
1999,1999-01-12,Bas Molendyk,Day And Night,6b0e0aab-7c18-45e3-b3f3-405f38eee4bb
1999,1999-10-25,Basement Jaxx,Jump n’ Shout,7d03f96f-8eae-3686-b691-d82e06416669
1999,1999-04-19,Basement Jaxx,Red Alert,ea2c6638-3383-4c22-9f64-a9e4531d5d01
1999,1999-08-02,Basement Jaxx,Rendez-Vu,1addbd63-3b7e-3948-bd0e-5d3738203df6
1999,1999,Basement Jaxx,Rendez-Vu / Jump 'n Shout,657c2563-3fa7-4762-8e87-c4fc006cae1c
1999,1999,Basement Three,Dum Dum,01c2d966-6078-4e8e-8263-f9eb9402bd9b
1999,1999,Basic Connection,Angel (Don't Cry),53e9d284-3bf6-37c8-9535-b0e51ff355c6
1999,1999-05-31,Basic Unit,Blown Angle / Vector,9c3df7d1-d1e1-4289-9dcc-1eb1d035a0e8
1999,1999-04-01,Basil,Time to Be Free,78cc4b7e-ea0f-4de5-95e6-0b81cdf206a4
1999,1999-09-06,Basis,Ich lieb dich immer noch,09488fed-f0c1-41eb-8e35-043daf55f0c8
1999,1999-01,Basis,Ich will euer Leben nicht!,9162ffca-f3ad-445d-9d04-a2237ea2eb9f
1999,1999,Bass Trip,Take Me,2a840b8b-3abd-3a4d-8d08-ea635108d27a
1999,1999,Baterz,The Blue Single,6a60fc0b-fbb0-475e-b3ad-49b032fdce1d
1999,1999,Baxendale & The MusicForGirls Soundsystem feat. Ricky Spontane,Summer Of Hate,076e31a1-fc9f-4d11-bc49-d8d1ec5a2e4e
1999,1999-05-31,Baz Luhrmann,Everybody’s Free (to Wear Sunscreen): The Sunscreen Song (Class of ’99),3caf822a-4768-327d-aacc-a68cbdf6151b
1999,1999,BBMak,Back Here,8f21b8a0-cc5f-3c48-b4a5-07d94de77542
1999,1999-07-12,BC,The Pulse / China Cup,b1be3065-bb7e-3240-bcfd-eb2b5699906b
1999,1999-04-20,Beachwood Sparks,Midsummer Daydream/Windows '65,77640e31-65c3-357b-9c76-9ba6fcd817eb
1999,1999-08-06,Beam vs. Cyrus & The Joker,Launch in Progress,26d0ce2a-edea-418e-a8af-9e5baf3c5ae5
1999,1999,Beanfield,Enchanting Signs,485b2158-fa7a-3903-9e41-ab9ce94aab53
1999,1999-12-05,Beanfield,The Season,e128efe4-ef00-3a50-a6b5-1e07f061cba0
1999,1999-09-07,Bearded Vault System,Selling Puppies From a Tray,648b3457-f340-3b89-9013-d1901a8a3a86
1999,1999-12-06,Beastie Boys,Alive,ab764512-adc6-3311-b11c-2b4e54b753e5
1999,1999-03-29,Beastie Boys,Remote Control / 3 MCs & 1 DJ,14366b8a-5452-3b79-a1fa-def0fbff79b8
1999,1999-03-08,Beat Freax,Round in Circles,c0b848ec-0db7-47ca-8808-3442c195599a
1999,1999,Beat-Boy,Roof Is on Fire,1d75b801-f0be-4062-bb69-fbd793425010
1999,1999,Beatglider,Premonition Dragon,67f6fc85-d76d-490a-be04-ac1e9ec80041
1999,1999,Beatniqz,It's About Time,654a688b-4eac-4910-9455-643a79051f9a
1999,1999,Beatniqz,Kick It,81ed97d7-52b6-4b4d-8756-4a4581bffbef
1999,1999-01-18,Beatniqz,Once Again (With Feeling),01c97af1-e86d-4028-80cf-84e96ed070b2
1999,1999,Beatniqz,Temptress,a206d744-531f-43d9-aa81-f96efbb43537
1999,1999,Beaverloop,Pelt,b87eeda6-60ec-38ba-a5f1-41acf35ec9ad
1999,1999,Beaverloop,Splatterpunk,c165bb15-eab9-4a89-a4c3-34d748781076
1999,1999-08-23,Beborn Beton,Poison,3f068fb9-da81-36a1-97ec-aad2fcc3d986
1999,1999-03-01,Beck,Cold Brains,6e04d651-dfa0-31df-aeab-2cbe4a250e81
1999,1999-04-21,Beck,Nobody's Fault but My Own,48afa87e-0a22-3c00-a9d0-a69957354f68
1999,1999-10-19,Beck,Sexx Laws,aaac33f8-3861-3eaa-b458-ff3e8809dc54
1999,1999-12,Bed & Bondage,Don't Take the Mick,0530fe28-d055-4030-bf3b-53d2ad65bb2e
1999,1999,Bed & Breakfast,Deep in My Mind,5fba3747-8e39-4f7a-8cdc-488a8078740e
1999,1999-10-25,Bedrock,Heaven Scent,199f9afc-ecbb-33cb-94f0-09e88f26cb67
1999,1999-10-12,Bee Gees,The Bee Gees Through the Decades,fcdd793a-0d61-468b-ae78-134db863eae6
1999,1999-10-21,BEGIN,愛を捨てないで,31e7e464-299b-4436-9548-a8be1dcdc436
1999,1999,"Beginner, Das Bo, Dendemann, Falkadelic, Ferris MC, Illo 77 & Samy Deluxe",K Zwo,6803e278-1afb-46e5-a289-a31cd8c9c29d
1999,1999-11-15,Belinda Carlisle,All God's Children,4bffe4de-cc93-37cb-a667-bdfeb58f4d8e
1999,1999,Bell Bar,The Break,b1f9a248-9b52-4919-90f5-3b5123b98cd5
1999,1999,Bell Book & Candle,Baby You Know,767ccb22-6d16-4c61-8a7b-8b571596421c
1999,1999,"Bell, Book & Candle",Fire and Run,e2cb1fbc-ecc6-4746-bbad-8dda4bf1e385
1999,1999,Bellatrix,Crash,9e3f07d6-3dc1-3c73-83cb-116f401644af
1999,1999-10-18,Bellatrix,Jediwannabe,47a75665-6a84-34e1-af8f-7d58bd075bb3
1999,1999,Belle and Sebastian,She’s Losing It,f95b210a-3c2c-4e26-bea2-6b1dfe70d85a
1999,1999,Belle Perez,Hello World,44ec21ad-0be9-3b5c-8b86-8b4a2a037659
1999,1999-12-12,Belle Vue,ジャメヴュー,b09f3aac-be16-49b8-a99a-45b49b44ab2b
1999,1999,Bellini,Saturday Night,69eec0c0-4904-3f38-b379-002975ea224b
1999,1999-11-03,belly to belly,Faker,954cb269-c4fd-4a03-94f6-0ff3af484194
1999,1999,Beltane,Dionysian Blood,1219cdcf-1a9a-4638-8b63-6ddb80eb83d0
1999,1999-08-16,Ben & Jason,Emoticons,2b75f1d5-0e48-34d1-905d-fc8ba9f0ee8a
1999,1999,Ben Chapman With Silvah Bullet,Supersonic,eb3d29ba-5a21-45ef-8e00-637ba67b9db3
1999,1999-11-29,Ben Christophers,Give Me Everything,2773b875-8aa4-3b60-8ca8-779e65104e03
1999,1999,Ben Christophers,My Beautiful Demon,064fd5ee-3737-411d-b05e-8625611b3cc2
1999,1999-04-12,Ben Folds Five,Army,7bd1ba61-03dd-39b3-bd0d-08a74cb4b488
1999,1999-11-30,Ben Folds Five,Don't Change Your Plans,f2a74cb8-fc89-3ac6-b3f4-9be1426e0b9e
1999,1999,Ben Folds Five,Magic,97fe34df-69b8-48de-ab6d-eeecda207c39
1999,1999,Ben Harper & The Innocent Criminals,Burn to Shine,82692bc7-11c0-4cc5-b497-562f12048bab
1999,1999-11-16,Ben Harper & The Innocent Criminals,Forgiven,6f394163-de48-3078-8791-bfa2643d7b1d
1999,1999,Ben Harper & The Innocent Criminals,Please Bleed,87802fc2-182f-43f0-b1d1-f9ba0a5518a0
1999,1999,Ben Lee,Nothing Much Happens,c8a28a1b-c68e-454b-b659-34ca5589aa47
1999,1999,Ben Sims,Vertigo,619137db-e680-32dc-b240-55f557a01582
1999,1999,"Ben, sa tumba et son orchestre",La Banana (El Unico Fruto Del Amor),55c603a6-94b2-42f3-a63b-ff083a9aca31
1999,1999,Benett,Amor The Seven Inch,52a4e794-7b66-4d99-b324-c5062d0cd256
1999,1999-05-26,Benjamin Boyce,Chance,7a402337-fb24-4dd5-a32f-01c310dd3d70
1999,1999,Bent,I Love My Man,6e4cdb69-5d0c-4211-a3b1-b664c4dd7642
1999,1999,Beres Hammond,Chase Them,02c555dd-66be-431e-a6a8-5ed3f956c0f5
1999,1999,Beres Hammond,Don't Play With My Heart,4dea1d2e-6884-4c78-9e72-af1c2e9fd8ff
1999,1999,Beres Hammond & Marcia Griffiths,Should I Sing,332f4887-651b-40a1-b3da-ba6d42514e88
1999,1999,Berger,Heiligenschein,8640e565-b277-48bf-9c4e-79d3075c386d
1999,1999-09-13,Bernard Badie feat. Donna Blasingame,In Love,85f41fc4-0f36-43ef-8c31-53a3fd09e377
1999,1999,Bernard Butler,Friends and Lovers,9029561b-5199-4ddb-9b8b-7162fa79f842
1999,1999-10-11,Bernard Butler,You Must Go On,f0239b88-2662-329e-a40d-f7e461bf10e4
1999,1999,Bernd Berger,Ich setze alles auf dich,c77015d1-f41a-4532-aede-dbcb47567cf1
1999,1999,Bernd Berger,Lass Verbotenes gescheh'n,a1dd8a73-611a-4676-877d-6577fc34bf2a
1999,1999,Bernd Clüver & Carin Posch,"Niemand weiß, daß wir uns lieben",d79610ec-4ebb-4a65-b687-5c2a1108664b
1999,1999-11-23,Bernhard Brink,Domenica,db72c67a-3365-4cd4-9be6-8b7628af5c50
1999,1999-06-17,Bernhard Brink,"Erst willst du mich, dann willst du nicht",6f8fadeb-4087-4d71-8461-a0c7be5e7afc
1999,1999-02,Bernhard Brink,Verrückt nach dir,e923e037-e844-44d1-83ed-c535d38c54f8
1999,1999,Bernice Mallet,Légende acadienne,fb22f546-ed91-4325-b3d7-ce0312446ed3
1999,1999,Bernie Hayes,Matchbox Cars and Marbles,623769fd-0e02-3378-8aaf-130d5ef08eae
1999,1999,Bernie Hayes,Mission in Life,53be2956-a66a-4a8c-bb5c-609c20454b2d
1999,1999,Bernie Paul feat. Dash,Oh No No (The Remixes),523e6800-8bc0-4fa9-ad1d-324353d766bd
1999,1999,Bersuit,Yo tomo,02db9c5e-0aa0-4f85-b18b-fa437f652f21
1999,1999,Bert Silver,Absoluter Wahnsinn,c744499a-efc7-499b-8480-3f8081f079ea
1999,1999,Beta Blocker,The Ultimate,0d91dc84-227e-4e27-9704-4d653b6dbb56
1999,1999,Beth Hart,Delicious Surprise,2f420a7b-7db6-4d93-a759-6ed0d0a6d8ce
1999,1999,Beth Hart,L.A. Song,09633e61-302a-403e-bded-fb1c9d672c59
1999,1999-09-13,Beth Orton,Central Reservation,46a7a251-b22e-33b4-8696-0024513dce3c
1999,1999-03-01,Beth Orton,Stolen Car,d5eee599-7058-34af-9239-12f369d19695
1999,1999-01-26,Bette Midler,I'm Beautiful,0f4b39d1-7f39-378c-93f4-93fc3f471ca9
1999,1999-04-01,Bettie Serveert,Our New Demo,c0694aba-a850-4f0e-b95e-414513bf18b0
1999,1999-08-25,BETTY,message,fccd7895-a2bf-4285-87ba-1421ed4d832d
1999,1999,Betty Blowtorch,Get Off,f8012433-e528-4af9-b2e8-9e4f7a080859
1999,1999,Betty Legler,Humanaut,4ad0c5aa-6981-4d7a-ad64-3b8ed9590d5d
1999,1999-10-18,Beulah,Score From Augusta,cbed5b8f-3a3f-35fe-9c1d-a6466a5bd855
1999,1999,Beverley Craven,I Miss You,49d63d82-7478-4bc0-b792-621dcf7ab70c
1999,1999,Beverley Knight,Made It Back '99,7bcc0faa-542e-4a7b-b559-3f1278fd6c3a
1999,1999,beXta,Make It Phunkee,7c26b442-8d4b-372e-87c0-8d1caa7437e6
1999,1999-05-21,Beyond,くちびるを奪いたい,8ed89070-80e2-40f2-a03d-86d78a6e10cb
1999,1999,Beyond Pink,Boys Will Be Boys,faa7d83a-07e5-4954-af08-56ba3d953d8d
1999,1999-09-08,Beyond with Funky Sueyoshi,Love Our Bay,c5e04037-9878-48d9-b990-38d1433000de
1999,1999-10-01,Bibi Brown,Hit 'n Run,966b129d-3c3d-4856-9567-a17e40b9fd4a
1999,1999,Bibi Schön,Ooh My Baby,c5410853-9c74-4bbb-9a53-1dc592a5e95a
1999,1999-06-28,Biffy Clyro,Iname,94e8c12d-e904-3523-97d5-58103860fb5f
1999,1999,Big Bang,Amok,f640144e-6847-4fef-a09d-de58918268ce
1999,1999-07,Big Bird,Flav (Urban Myths Remixes),df2f0f2d-dee3-4fee-a621-92bd51e35814
1999,1999,Big Bud,State of Mind / Transmission,ea679d7b-e11c-333a-93e8-51c1ac77d7ee
1999,1999-10-25,Big Country,See You / Perfect World,3bc5178c-b8cd-37d9-965c-abe5e8b5b0d8
1999,1999,Big Country feat. Eddi Reader,Fragile Thing,1642aa36-c0bd-3e17-b969-57ff4692905c
1999,1999-01-23,Big Hair,Dougie at the Ockie,ac6cd8cf-5f28-4c5f-aeb0-7487a3c88d8e
1999,1999,Big L,We Got This / The Heist / Day One,8d60ef05-e770-493d-84b9-3947634d3186
1999,1999-11-08,Big Leaves,Racing Birds,66fff4c3-284e-3384-abce-ee8240aa2f39
1999,1999,Big Leaves,Sly Alibi / Double Trouble,874963d4-787f-4925-959d-0409190c91e0
1999,1999,Big Punisher featuring 6430,Who Is a Thug,8743ef36-b907-4406-987a-ca115c5bb6b7
1999,1999,Big Red,Deenastyle / Je prends le mic,4a3075b4-f300-499b-a0c9-c2c9e1e80168
1999,1999,Big Room,Drum-Loc,1d298f15-c176-3a13-8c3c-a4ac0dfa1531
1999,1999-02-08,Big Room Girl feat. Darryl Pandy,Raise Your Hands,a4fc4eb0-ddaf-324c-bfaf-e7f7c1c24aa9
1999,1999,Big Rude Jake,Queer for Cat,c295265c-f1fc-4d9b-89a6-070d83d089f1
1999,1999,Big Star,September Gurls,1151096c-a391-4aad-9939-4b72474b48b7
1999,1999-10-11,Big Time Charlie,On the Run,2abb9b3a-cef6-3632-b047-868fbb0c2b06
1999,1999,Bill Riley,Closing In (remix) / Badlands,0eb4c9c7-f451-3352-b8ed-98ae58f91aec
1999,1999-03-22,Billie,Honey to the Bee,fb016a17-2b61-356e-bcca-d1a7eaca90b0
1999,1999-08-09,Billie Ray Martin,Honey,2a43f748-0a46-3c69-b085-83e280541f15
1999,1999,"Billy ""Jack"" Williams",Party Children 2000,ae81697b-3659-3ddd-bc1e-5bc28b8a0405
1999,1999-06,Billy Mahonie,Come On Billy Mahonie Give It Your Best,3b506223-008a-33fb-b3fa-ed5f928ad108
1999,1999-06,Billy Mahonie,Come On Billy Mahonie Give It Your Best Shot,1c90edd7-ee70-440f-98b3-0daf15b96cde
1999,1999-02,Billy Mahonie,Little Feet,a0c48d56-8c14-4378-b784-942d99317e5f
1999,1999,Billy Paul,Me and Mrs. Jones,c1f23991-6a7e-4e7f-b6d6-9e2d5cf211b4
1999,1999-02-08,Binary Finary,1999,615a6d56-f004-3303-9240-636848af48b2
1999,1999,Biochip C.,Go Bang!,cb18ef25-52fa-4bd8-b126-7d625b80a5fa
1999,1999,Biohazard,Resist,f348687e-dd3a-40e5-898b-156c566ccd49
1999,1999-05-11,Biohazard,Switchback,246b8d61-ee21-47a9-b87f-9b81eb425bf1
1999,1999-01-25,Biostacis,Flashpoint / New Realm,71cfd076-53eb-3960-ba3e-d5397fd3649c
1999,1999,Biostacis,Gamma Ray / Menace,8aed9225-cb3b-43da-af18-9d72092a8c61
1999,1999-07-15,Birabent,Birabent,5a62194d-9ce8-47a7-9994-3f164a34b106
1999,1999,Birabent,Linterna,d0e056dd-759b-4dc6-b587-016febff7add
1999,1999-06-30,bird,BEATS,b2828bad-93fe-3cca-9dc0-5dc1ac4e6abb
1999,1999-03-20,bird,SOULS,c34248f0-afc6-4f89-9a35-56d448699a64
1999,1999-08-25,bird,君の音が聴こえる場所へ,f958aae3-9278-45fe-9c89-b55d13cab259
1999,1999-12-01,bird,満ちてゆく唇,7f17b823-3854-45eb-89e1-602c9175f9d7
1999,1999-10-06,bird,空の瞳,ad7ae7d2-1bad-4c6d-a782-27227d611389
1999,1999,Birdie,Folk Singer,7862a0d1-ba5a-4154-a417-0a435fad4096
1999,1999,Birdie,Let Her Go,3bc8aacb-0937-4397-9cf7-5ac00df08fdc
1999,1999,Birgit,A Little Famous,80e52706-7614-35f3-b01d-b3d212a64a44
1999,1999,Birken & Bones,Party Hardee,316b0db8-2166-4561-b300-de23f3d0d147
1999,1999-11-22,Birth,Sweet Idol,2c2cdd92-30ca-3257-9449-09e779c815db
1999,1999-02-15,bis,Action and Drama,8c322cb8-b34a-328f-90cb-23b9b9bc77da
1999,1999-07-19,bis,Detour,41ca9a68-6469-38b4-8c30-c371906083b4
1999,1999,Bitstream,Monolith,bcaf3220-4f20-37c5-adf4-802f87e7db1a
1999,1999,Bjelleklang,Du er tippeligaen,916b3bd9-c911-4511-a075-d2f64794fcd2
1999,1999,Björn Afzelius,Vinterbruden,fff40b2f-b432-3b34-92a9-b1c1053b3eb9
1999,1999-08,Bjørn Torske,Sexy Disco,c0a0237c-5cbb-3260-a745-84d5ffef585c
1999,1999,Black Attack,Survival,576aeecd-9e95-45ab-ada1-a22a3879890c
1999,1999,Black Eyed Peas,Karma,54a9ed8c-c477-4552-9bc6-82a6e4bd80d1
1999,1999,Black Ingvars,Gospelmedley,5dcf167f-6146-4b52-adb5-5b55ab9b9a13
1999,1999,Black Ingvars,Ovan där,41fef806-ecca-4be3-9202-4a1238433467
1999,1999,Black Label Society,Bored to Tears,2688b78a-b636-46b5-8f62-42a5ab7eca1b
1999,1999,Black Label Society,Born to Lose,51cbccd1-a74c-44aa-83cc-ab88b77ec452
1999,1999-05-04,Black Label Society,Born To Lose,7957aa83-607f-4d53-a27c-9274b8dbde12
1999,1999-05-01,Black Lung & Xingu Hill,The Andronechron Incident,a02f5ed5-7ef5-343b-8400-e61ebe04c4a9
1999,1999,Black Mollies,Publicity Stunt,a67add4b-0d33-41e5-94f1-aab3d754ba2d
1999,1999,Black Moon,Worldwind (This Is What It Sounds Like) (remix),83982451-5054-447e-ad01-1f509884d2ba
1999,1999-01-01,Black Science Labs,Space Age / Hypnotic,637dc81c-1c72-3516-b819-c181d7aba66b
1999,1999-02-23,Black Star,Respiration,ad260b99-7594-3bce-afd8-7e7132c7cb11
1999,1999,Black Sun Empire,Voltage / Skin Deep,303ff2b6-017e-3aa1-a6bf-b80f439033ef
1999,1999,black:not:green,Supercharge,ba55d89e-b0e3-44b8-b10f-3fff4d15312c
1999,1999-08-02,Blackalicious,Deception,a7ff17f1-c9fd-3ce5-8f34-5536c54ac6b1
1999,1999,Blackalicious,Deception: Remixes,39ceffba-767d-329d-ae1a-57136c965d4a
1999,1999,Blacklight,Daydream / Nooks & Crammies,90ee8f6c-9a7a-4c00-b459-a8807673a537
1999,1999,Blackmore’s Night,Under a Violet Moon,50f0bb78-aa75-4cee-89a4-411d7a0444c8
1999,1999,"Blacknuss feat. David’s Daughters, Mic Mulee, ADL & Swing",Don’t Break My Heart,cd0e7f30-de91-4296-8e36-d2075df7e9da
1999,1999,Blackpool,She's Gone,53c2c003-9ee1-428a-8028-f220aefbbae0
1999,1999-04-05,Blackstreet & Janet Jackson feat. Eve & Ja Rule,Girlfriend/Boyfriend,ae4d5c1e-ca36-36c5-afc5-df4942c242fa
1999,1999,Blackvogue Soundsystem,Fast Car,67e72186-4d55-4cf5-9620-098f3994e519
1999,1999,Blackwood,You're the One,dc6ff486-81f6-4462-b821-abad35a42c42
1999,1999-05,Blade Attack,Neverland / Come With Me,5ea108a5-07b1-4659-804b-f8e45547de47
1999,1999,Blahzay Blahzay,Federal Reserve Notez (FRN'z),34f1eabb-fc57-4d82-ac5a-30589b7a059d
1999,1999,Blak Beat Niks,Celebration,c278de4e-9431-3896-b4d7-e3662a3c7c23
1999,1999-01-15,Blak Beat Niks,I'll Be There,fd2b345c-ffcf-392c-b475-52a36f4cfb29
1999,1999-03-15,Blak Twang,Growing Up Memories / Don't Test,c94e69bb-9dea-3f61-b6f4-7a08b074b97f
1999,1999-09,BLAM HONEY,Rink／Garden(PART1),94b4d0ad-897a-4f9b-b8e0-74dc3563b1ea
1999,1999,Blanc Neige,Snow White,4d911f70-b600-4f04-a1b6-8d31cfbfa7f2
1999,1999-09-22,Blanc Noir,エンプティーレイン,a3f3a664-678c-42e5-beb5-ecd097a9e5e3
1999,1999-09,Blanc:Musée,Blanc:Musée,4f7efd34-fddf-4cae-b2e2-a9e4f4439243
1999,1999-08-08,Blanc:Noir,『Episode 1 胎動』,2a97a321-f398-466d-96b3-a0e6e32293e1
1999,1999-09-09,Blanc:Noir,『Episode 2 流英』,c4e2955a-d302-4942-a455-4316946b8816
1999,1999,Blanc:Noir,『Prologue』,5acfbae3-910a-45c9-b46e-1fae6e9e8fc3
1999,1999-08-16,Blank & Jones,After Love,682ec29d-49a0-3a17-91f2-ae8d71f2ef92
1999,1999-04-19,Blank & Jones,Cream,879b5a94-6e81-3c1f-ade4-3510a798759d
1999,1999-06-02,BLANKEY JET CITY,ペピン,9de703a0-91ea-347e-86b0-242054ff2dd7
1999,1999-04-27,Blaque,808,5524ce98-24c6-3eb2-a693-e65d2d1fde7b
1999,1999,Blaque,I Do,32dc3d7d-f15a-4e65-b24f-e7ba82a01571
1999,1999-10-14,Blaque feat. 小室哲哉,Adore Me,c0d1d1bb-47d3-4fc4-a0ec-3ad1a27253ac
1999,1999,Blaque Ivory,Bring It All to Me,af129c17-61b6-3859-a8d6-98a4dbc810c6
1999,1999-09-20,Blaze,Wishing You Were Here,68678fcc-6a2a-4306-9d3f-f681e2fe87e6
1999,1999,Blaze da Golden Jaw,"B-Sides From the Debut Album ""Sacrifice"" Volume 1",9a6e1b75-0c0f-4c48-a57a-daf42e2cc7fa
1999,1999,Blaze pres. Funky People feat. Cassio Ware,Funky People,fb149d48-dde4-4c2b-8f7f-97375e86ceca
1999,1999,Bleach,Once Again Here We Are,61f8c8b9-1281-4b4c-ab7f-062b452b8700
1999,1999,Bleed,Li'l Red Riding Hood,da887b65-1263-45bb-9644-9ce9ad069028
1999,1999,Blend,Rise of Tonight,c08575bf-e331-4a54-9502-f5b218cbc784
1999,1999,Blessid Union of Souls,Hey Leonardo (She Likes Me for Me),cf346c55-b364-398c-9e80-a0d1e7c247ef
1999,1999,Bligg 'n Lexx,Schnitzeljagd,3ae58eb6-a432-416b-9535-0f55e91c4de4
1999,1999-10-24,blind,FLAP OF WING,fa18913b-afe6-41d0-a514-807f17ded827
1999,1999,blink‐182,All the Small Things,1c6a3e86-4fd4-330d-82bb-ad67b1c4ed86
1999,1999,blink‐182,Family Reunion,f4f2b773-0732-48f1-9c76-b6783eb100ec
1999,1999-09-20,blink‐182,What’s My Age Again?,8e2d7235-6349-3b43-864e-dddd31a9d2a0
1999,1999,Blipp!,På/av,b63e43aa-2e5a-3564-b63c-23aaed774971
1999,1999,Bliss,Bliss,951a406f-f445-46e0-bfd3-179d075851af
1999,1999-07-12,Blockster,Grooveline,454b196c-97ec-30f1-a4ae-a8d34dc8bd97
1999,1999-01-04,Blockster,You Should Be…,5ab9e964-c424-3349-874e-9cf4459eb491
1999,1999-06-12,Blondie,Nothing Is Real but the Girl,033ce92d-c4fc-33a3-8d26-27439d4bd889
1999,1999,Blondie,Screaming Skin,975e3784-fdcc-43ed-b3b8-ac634c86f809
1999,1999,Blood,"Blood: ""The New Face of British Soul""",47824403-e3e9-49f0-ab2a-19b3b130d641
1999,1999,Blood,Just Say It,aabb7f49-0a45-4528-83dc-327f17fdd309
1999,1999,Blood of Abraham,Velvet Glove Iron Fist / 99¢ Lighter,558c93d4-a0e7-48b4-9ada-4b4116183157
1999,1999,Bloodhammer,Monastery of Thousand Blackened Lusts,98fbec55-6428-3390-a693-18819278b68e
1999,1999-09-03,Bloodhound Gang,The Bad Touch,f7c9250c-e55d-3653-8280-75f919a9741b
1999,1999,Blowpipe,So Hot,91f15ada-fc56-486b-85b9-838dfc6e3e11
1999,1999,Blu Mar Ten,BMT vs. Erykah Badu,e6e9d77c-4434-3483-9a42-7988375e7b9a
1999,1999-01-18,Blu Peter,Blue Air,67c8dd6c-7048-31cc-a7f0-ca42d32a83bc
1999,1999,Blue,Hive / Arclite,28ce8fd0-9f50-48c7-a027-c7f4284459d6
1999,1999,Blue Alphabet,No Comment / Blah Blah Drugs,08f4f797-7cf0-4b82-b43b-8f5f9ec80b9e
1999,1999,Blue Alphabet,Yellow Evolution,d5f9493e-a7e5-45cc-b560-61847d2c521d
1999,1999,Blue Amazon,Coming Home,177e595f-7ffa-447c-bcf4-c4e523713ec4
1999,1999-11,Blue Base,Bluetone 104 / Mountain Deep Dub,69a7496b-3fcf-3a5c-a98d-98b1a5baf41e
1999,1999,Blue Nation,It's Alright,411f817e-3bb4-4ca4-a262-769335c3dd72
1999,1999-03-22,Blue Nature,A Life So Changed (dance mix),acb592b2-7cf4-3077-83d5-83d452a63f2d
1999,1999,Blue Nature presents Natalie,I Won't Let You Down,24c5c309-5184-448f-9183-2d30c2f9740b
1999,1999,Blue Nature presents Natalie,Return to Paradise,0ba7d938-0953-46ad-acfe-33ac0428ec29
1999,1999,Blue Six,Music and Wine,dda63286-59ee-3e52-9aaf-f384f646d534
1999,1999-11-22,Blue Sonix,Manna / The Source,07a09452-d707-3e84-9048-e6a398eb14be
1999,1999-11-03,BLue-B,TEARS OF LOVE,b302f5fe-74d2-4d42-82dd-6cf0dee48d91
1999,1999,Bluebottle Kiss,Girl Genius,2e231e57-d43f-48a4-8eae-4229bf63ef9d
1999,1999,Bluefish,One,404da894-15da-4f3e-9332-4d54ab7d52e9
1999,1999,Blues Explosion,Heavy,317d6622-3777-399d-9e8b-98afea21a78e
1999,1999-06-28,Blumentopf,Fensterplatz,3acf80fc-7508-320d-b2ed-4659f8f58e57
1999,1999-11-05,Blumentopf,Was der Handel,99562590-2fa1-3ce3-a838-8735aa3dc5ae
1999,1999-06-14,Blumfeld,Status quo vadis,98df99f9-2859-3ddd-9650-e84e2c442e4d
1999,1999-02-15,Blumfeld,Tausend Tränen tief,fcc41b7f-a70c-31c8-ab56-9929814da5cb
1999,1999-05-18,Blur,Coffee + TV,280a3df8-d640-3883-8218-f1605ee668bd
1999,1999-11-15,Blur,No Distance Left to Run,7f391f14-d32d-3602-9b43-458039376439
1999,1999-02-17,Blur,Tender,127eb112-563f-3b32-b3cd-acb6468474b6
1999,1999,Bluvertigo,La crisi,2277ac0c-23e8-4bc6-aae6-8a1c860d9fbe
1999,1999,Blå Kongo,Nå't Som Är Trasigt,8ca0a854-1995-427b-a9f1-f08f4e5e5e06
1999,1999,Blå tåget & The Hellacopters,Blå tåget & The Hellacopters,80a8771f-1646-435a-b606-f49e700710d8
1999,1999,BLØF,Eén dag op de grens,47faaf37-c6b6-41e7-9637-9c2325423cd4
1999,1999,BLØF,Harder dan ik hebben kan,3cf0aad2-197d-38c1-a81d-985790b403f5
1999,1999,BLØF,Niets dan dit,44e59b8a-c8de-4dda-a14a-74af8c4e7880
1999,1999,BLØF,Zaterdag,27dbc6f5-fcf1-3f78-8c78-fb60586481f5
1999,1999-07-28,Blüe,EVER,9b165c4a-a9b2-4fbd-adc7-3779a12cbabb
1999,1999-10-27,Blüe,MÖBIUS,3d670baf-2dc9-489c-a8e6-4d7f800c25d5
1999,1999-04-19,Blümchen,Heut' ist mein Tag,778462bc-2179-3850-acba-0bcd2228d21b
1999,1999-02-03,Blümchen,Tu es mon île,e1c66b08-0dab-3615-9d19-d4afeb355511
1999,1999-12-06,Blümchen,Unter'm Weihnachtsbaum,439fd507-6f26-3b99-b065-4b1601500d3f
1999,1999,Bo Kaspers orkester med Lisa Ekdahl,Svårt att säga nej,6a2b4eca-d11f-4eea-ac39-e482a27a1324
1999,1999-09-25,BOaT,ウォティパティ,f6ca8433-41f0-48fb-a58d-df0a96179f9d
1999,1999,Bob Dylan,Million Miles,4fdd534b-1123-463c-925e-264257c121ba
1999,1999-03-29,bob hund,Helgen v.48,a91a7173-3250-3d72-b875-de1959f68e8f
1999,1999-11-09,Bob Marley,Sun Is Shining: The Remixes,a8bf4368-f3c8-34c3-b4d6-e131dbb876a2
1999,1999,Bob Marley feat. Lauryn Hill,Turn Your Lights Down Low,b3fd4191-e98d-3a5f-8bd1-c0d3d88b34db
1999,1999,Bob Marley vs. Funkstar De Luxe,Rainbow Country (remix),41b1ce70-4fea-308b-a237-8bfd5a3225bc
1999,1999-09-13,Bob Marley vs. Funkstar De Luxe Remix,Sun Is Shining,22bcaa2d-8ad5-3495-9e47-07b4a390d89e
1999,1999,Bob Tilton & Reiziger,Bob Tilton / Reiziger,ed34337a-5f00-4aa1-a40d-f50622cfa861
1999,1999,Boba Ffett,Style Liga #3: King Nike Air / Der Kuchen,5e9a45bf-cafb-3cc2-beda-924bfd85d1b9
1999,1999,Boba Ffett / Fertich MC / Sam Semilia,Style Liga #1: Das Derbste / Hymne,72331336-6831-3906-bf5b-2a480f261d58
1999,1999,Bodo Elsel,Fantasie Mädchen,1071f449-5503-3992-9fc3-390d39d8a6f0
1999,1999,Bodyjar,A Hazy Shade of Winter,70e67fa2-5159-3047-8afc-6a6dc96a656e
1999,1999,Bomfunk MC’s,B-Boys & Flygirls,18a33c6f-140c-379b-908c-a76429530955
1999,1999-10-30,Bomfunk MC’s,Freestyler,1ca542d9-eec9-4bad-9e20-7535431f5b1c
1999,1999-04-21,Bon Jovi,Real Life,30001474-f8a2-3712-9d2b-75d4b782ec00
1999,1999,Bondage,Fuckin' Bitch,f66d5ce4-1b66-41b8-972e-b6d1c6f0c85e
1999,1999-08-02,Boney M.,Daddy Cool ’99,0ecc3676-ba63-3cb2-86d1-c92e868dbf4d
1999,1999,Boney M. 2000,Hooray! Hooray! (Caribbean Night Fever),f9dd9d00-4e1a-3577-a36b-d3060786aa3a
1999,1999,Boney M. vs. Sash!,Ma Baker ’99,1a7eeee8-01be-36fd-8690-24f74e05fe0b
1999,1999,Bonfire,Goodnight Amanada,9f21ceab-adb0-4823-bce9-d8a4be39d750
1999,1999,Bonfire,Goodnight Amanda,20f7c11f-2790-473d-84eb-c3b8df2872bd
1999,1999,Bonfire Madigan,"Mailorder Freak 7"" Singles Club (September)",a765305e-33b7-43c7-9ba5-bc84856e2587
1999,1999,Bonita Jeanetta Louw,Superman,7ba6b140-4a3c-4027-969a-b5a49a19c596
1999,1999,Bonito Julio vs. Claudio Macalvo,Hammerhead,05821276-71ea-471a-9942-c76f9ad68e28
1999,1999-10-06,BONNIE PINK,Daisy,052c66a0-a8ae-3755-a7b6-bb154af421ac
1999,1999-06-22,Bonnie Prince Billy,Let's Start a Family,45572451-2d9e-387b-9188-f75f632dd93f
1999,1999,Bonnie St. Claire,Waarom wij / Songfestival medley,a00074b4-b1a6-4265-bea7-ca2364859e0e
1999,1999,Bonnie “Prince” Billy,Either She Or Me,b3da1bb4-d500-4950-9b51-5f4296eea05e
1999,1999,Boo Williams,Mars,8b09c8e5-8ec0-3ceb-9705-af6f7e50df1d
1999,1999,Boogie,Stanna kvar,313980a5-f006-4d2a-893a-c473597a7d9a
1999,1999-08-09,Boogie Macs,Tankfly Boss,54cd6e8a-33a9-4832-b5fa-3ad647729df4
1999,1999-04-01,BOOM BOOM SATELLITES,On the Painted Desert: Rampant Colors,48ea82a0-2da1-373a-b0c6-2564009b9715
1999,1999,Boombastic Project,Emotions,6ddd14c3-5843-4754-9289-190e00a726c6
1999,1999,Boombox,Into the Sun,dfe0f5b2-aa2e-4ced-b1a5-30a5409fc004
1999,1999,Boomish,Sold (Auctioneer Re-mix) / Filthy Sanchez,8569a3d2-c82d-46e6-91c8-5cfac88d5377
1999,1999,Boon,The New Hate Is Lost,be9d329e-5d65-42d1-846c-bc34d0179c21
1999,1999,Bootleg,The Secret,13eba00b-826d-43bb-87f8-913444eb5226
1999,1999,Bootleg Horns,Holding On,2891f5f1-705d-44e2-9b01-e272aec034c8
1999,1999,Boozoo Bajou,Under My Sensi,faf87ec8-7e17-4d32-954b-09d26a2dc3df
1999,1999,Boss Hog,Get It While You Wait,d41ab43c-1601-337a-8f97-94b6fec56510
1999,1999,Boss Hog,Old School,180dc813-4f20-3a03-8688-f746e1b96bc7
1999,1999,Boss Hog,Whiteout,90b28b6e-80bf-4dc9-84c8-77d8266799f5
1999,1999,Bossi,Reality,215d9479-95be-43bf-b1cf-0206c54baa6f
1999,1999,Boundarie Hunters,Self Distruct,31775431-b0a5-4a34-8276-d277ff7425b2
1999,1999,Bounty Killer,Look,67f57ff5-fe0b-3804-a801-ebd16e62beff
1999,1999,Bows,Big Wings,8073e480-5e5d-488c-a9ef-1b21da484795
1999,1999,Bows,Britannica,ba948dbf-f163-4c00-8c0d-f5351d03ca2b
1999,1999-05-25,Boxers,-The Boxer-,f40d8f9e-9e48-43ac-8a79-79d704ca01b3
1999,1999-10-05,Boy George,When Will You Learn,ac49804a-082f-47aa-8d94-7a5f1cf3307d
1999,1999,Boysband,Ademnood,22109e42-4826-429f-8f08-a170a0969ec5
1999,1999,Boyz-N-Girlz United,That's What You Get,59bd73e6-a164-4424-b68f-3fabac43a12f
1999,1999,Boyzone,Every Day I Love You,c6c4612f-2806-3f58-8e4f-c863600de1c2
1999,1999,Boyzone,The Singles Collection ’94-’99,7e3b526b-d5a8-4142-8425-6d57c386c142
1999,1999-02-22,Boyzone,When the Going Gets Tough,048f19ab-2c90-441a-bd43-59d8819312c5
1999,1999,Boyzone,You Needed Me,9acb9f49-c36a-4de0-b67c-21ac888804e7
1999,1999-05-10,Boyzone,You Needed Me,fd365818-f6fa-365b-bee9-4bcda356f41e
1999,1999,Boyzvoice,Let Me Be Your Father Xmas,47ca1d3e-b637-4715-9915-575582fa31e4
1999,1999-04-09,BP.Moscute,-SIXTEEN JET LOVE-,2420bdab-9b9b-4032-9d4c-a409cd78b943
1999,1999,BP.Moscute,Planet stripper,81df51bc-4ffa-4f09-9049-65155d4e0c8c
1999,1999,"Brad Davis featuring Master Freez, Vocals by Susanna Dubaz","Listen to the Music, Please",8a0915f2-f944-432d-b774-48f37cb27649
1999,1999,Brad Paisley,He Didn’t Have to Be,06c21552-87b6-4555-a42b-1cc998d06913
1999,1999-02-22,Brad Paisley,Who Needs Pictures,d1ea34bc-1fa8-3b26-bd97-badedd5c0c16
1999,1999-09-29,BRAHMAN,deep / arrival time,b442534b-3989-3057-aab6-b8c1e8ea6966
1999,1999,Braid,Please Drive Faster b/w Circus of the Stars,178908cb-1322-470d-b00c-2bad31f8d00b
1999,1999,Braid,Three Minute Movie – A Split Seven Inch,5465ae1e-53c2-4862-80a7-2036c11a7d3a
1999,1999,Braid / Three Minute Movie,A Split Seven Inch,98759e78-20cb-455a-a5a4-df32727f6122
1999,1999,Brain 17,Mysterious Place,87b953be-8a31-41d5-b6de-249cb190cca4
1999,1999,Brain 18,Virtual Reality,507476b7-4001-4e30-a613-8f7a97d7caec
1999,1999,Brain 19,I Loose My Mind,ee2f09c1-48ea-409f-8dcf-e1d1983d1fbf
1999,1999,Brain 20,Acid Motherfuckers,8feb4e80-d0b2-4c67-ba2c-5244f7cc199f
1999,1999,Brain Bashers,Cum On,0e0338bb-99e1-4ba4-bd05-d11c4e597114
1999,1999,Brain Bashers,Dance to the House,d3ce2ecc-d4be-4a14-9501-6601b12a1baf
1999,1999,Brain Bashers,Do It Now,9c01594b-42f7-4672-af58-22252d4a857c
1999,1999,Brain Bashers,Give Up the Sound,656b78c4-f447-441c-a90d-45e054e1ad4b
1999,1999,Brain Bashers,Sex,bf69796b-33e1-4dc9-bc9c-e49572a7c71e
1999,1999-08,brain drain,001,737242d8-bd18-4ce5-9d58-3e095c5a6e96
1999,1999-11,brain drain,002,5f1a68a3-a593-4dd0-ac5d-24e0bdbaf3db
1999,1999-01-01,Brainchild,Symmetry C,fafce2ae-b10e-3d73-ab17-379326e98490
1999,1999,Braindead,Fuck Stuff Up / Neck Acid You Fuckers!!,fbf3ce9c-4a79-4df9-9dfa-ef3b92971478
1999,1999,Brainstorm,Christmas Time,7dc400f1-219a-3234-a7da-ec3cbfd3df1f
1999,1999,Brainstorm,Weekends Are Not My Happy Days,b328aacd-d36e-34b5-b392-d8fbad6fe599
1999,1999-04-28,BRAND NEW MIND,be realize ~止まらない鼓動~ c/w colorless,b0676988-5caf-4e00-85a4-45976a0bafd3
1999,1999,Brandy,(Everything I Do) I Do It For You,e535348e-b2b0-4a5c-9dca-3969f0d62b51
1999,1999,Brandy,Almost Doesn’t Count,ae8a27e0-60da-3262-b62c-154bd342c168
1999,1999,Brassmonkey,Millionaire,30d38a66-ead3-339e-ad51-3b2d0e6f07cb
1999,1999,Brassy,I Can't Wait,08916baf-2c6e-38db-bb94-cfc3f2afd564
1999,1999,Braulio,Canarias Canta - Volumen V,e92d1201-0a99-488a-9335-daea99ff2bb7
1999,1999,Brazen,Fog / Vicious,55dddfa1-867b-45d1-9299-d6e53cdad714
1999,1999,Breach,Last Rites / Amen,2dfed61e-7cbe-45ab-9a94-7f2bc9e9d9c8
1999,1999,Breakbeat Era,Bullitproof,a70956c8-85bc-3d7e-bb60-bfece6c8cc49
1999,1999,Breakbeat Era,Our Disease / Rancid,bc087bff-5b38-3ddd-a3ed-95891e6311d7
1999,1999-08-09,Breakbeat Era,Ultra-Obscene,2832511c-eb8b-3d61-b19c-0105f8bc0841
1999,1999,Breathless,Magic Lamp,81aecf6e-e1c3-4220-87a1-0bcf884e0051
1999,1999,Bree Sharp,David Duchovny,fe39ac50-75d0-4ab7-b389-0bfcef1518b5
1999,1999-04,Breeder,Twilo Thunder,dc265404-e402-44f2-a44b-7939446d87c2
1999,1999-10-01,Breeze,Let's Fly Part 1,49b4e578-f4d2-423b-91d9-bdae0ae571ba
1999,1999,Breeze & Skeedale,Rave Da World / Burning Up,792d5c9d-da61-44b6-9817-24bb46fb95a7
1999,1999,Breite Seite,Sahib / Mou Mous,9b92732f-aa96-44fa-9872-8aca23534ff3
1999,1999,Brenda Doumani,Neither One of Us,5fd10a1b-0a3b-305b-b03e-b5c163e15a57
1999,1999,Brendan Perry,Voyage of Bran,dd3cb2ad-3074-485c-b601-77ab7291a6bb
1999,1999,Brian Connolly’s Sweet,Fox on the Run,6cbf12f7-3d56-491a-a295-455e38475116
1999,1999-09-10,Brian Kennedy feat. Ronan Keating,These Days,2b064bb4-265b-422c-9a64-a7c3758a45cf
1999,1999-02-18,Brian McKnight,Back at One,3d012356-745e-3665-87e3-9480a7ab4e43
1999,1999,Brice,Smalltown Boy (Runaway),45d2163b-c6f4-4946-9fd5-31f3c83ecd42
1999,1999-03,Brigitte Fontaine,Dressing,bfbc96e6-df78-4eac-921f-342b65bb4703
1999,1999,Brisk & Trixxy,Eye-Opener (Brisk '99 remix) / Goodbye Summertime,11c24c6b-1c84-4e9f-953a-deaf53b5fd1d
1999,1999,Britney Spears,(You Drive Me) Crazy,2826ccb3-786a-4473-9939-ce2a768636fb
1999,1999-09-20,Britney Spears,(You Drive Me) Crazy (The Stop Remix!),50428767-4afb-37c2-9d0c-e8c71cc8d6eb
1999,1999-12-06,Britney Spears,Born to Make You Happy,c58a37ec-3a2a-30f8-85cd-f584b192ae24
1999,1999-12-06,Britney Spears,From the Bottom of My Broken Heart,f13ce399-ce92-387e-bcc3-1b71ca265d9d
1999,1999-04-14,Britney Spears,Sometimes,b55a5d6e-d2d5-3ee1-bee2-4a6f7775bd69
1999,1999-10-01,Broadcast,Echo's Answer,78efb948-a995-3a22-b8ad-223a9191ce87
1999,1999,Broder Daniel,Happy People Never Fantasize,8e5a4945-982d-446f-af15-071213d06914
1999,1999,Broken Dog,They Were Real,af87488f-3d44-40d8-81bd-1774cde76144
1999,1999-01,Brom,Jazz / Ska,a4872250-8b23-3c95-9196-cbee423e76de
1999,1999-02,Bronx Dogs,Mixed Blood / Unidentified,0d3141b0-eebb-4d56-88db-b2deefad3efe
1999,1999-06-04,Brooklyn Bounce,Canda!,63e1b019-7f13-368f-b75d-28b77b24edbb
1999,1999-11-12,Brooklyn Bounce,Funk U,90f44bf8-53c8-4e17-a605-51e35633400c
1999,1999-08-30,Brother Brown feat. Frank'ee,Under the Water,3cc257b5-769d-33c8-b56d-e9a5b50d02d8
1999,1999,Brother’s Keeper / By the Grace of God,By The Grace Of God / Brother's Keeper,91102f22-5f0d-4528-adbf-e825cf2cc3e2
1999,1999,Brubaker,Flake / Yellowcake,32aeb292-8f9b-4f24-b65b-18f76d348d8c
1999,1999,Bruce & Bongo,We Ain't Back,90fceab9-478a-4e40-80ce-d5e2ba5d051c
1999,1999-05-07,Bruce Springsteen,Lift Me Up,1298ea84-0591-4a52-9856-6d305149225e
1999,1999-03-09,Bruda Sven & J‐Luv,Bin wieder da,5aeb6c36-3020-4254-bbe0-a864f552b8c5
1999,1999-05-18,"Bruda Sven, J‐Luv & Xavier Naidoo",Ein und alles,561f684a-b7be-452a-928a-6d6731db28e9
1999,1999-04-25,Brugner,Prinși În Joc,86b4d66c-2c7a-4951-8308-e8b23f8925f6
1999,1999,Bryan Adams,Cloud #9,31f62098-2f98-3e01-8086-19306ab03fc8
1999,1999-11-15,Bryan Adams,The Best Of Me,2d36da22-b2b8-4149-854e-9ce97e2ece12
1999,1999-11-17,Bryan Adams,The Best of Me,9d91020b-1c26-38af-952a-c30f651a4c66
1999,1999-05-11,Bryan B,Mama,697bfaf4-6c8c-4801-909c-e7dab90c465f
1999,1999,Bryan Duncan with special guest Rebecca St. James,Love Takes Time,a5da2b73-8834-4bf0-ada0-4249dd8ac0ea
1999,1999-11-01,Bryan Ferry,As Time Goes By,c5bab2b8-f6dd-486c-bdc5-72e1094423f1
1999,1999-09-27,BT,Mercury and Solace,3445776a-e58c-394f-9b36-251c3a5fde37
1999,1999,BT feat. Kirsty Hawkshaw,Dreaming,8f19dce1-e0e6-3ffc-ad3c-70b59a3b80ce
1999,1999,Buck,"All Is Forgiven, Jerry Hall",4019f779-a771-44c9-8e0c-ff56ea439d6b
1999,1999-07-11,Buck,The Wedding Song,d238553c-0c24-48db-bc59-d8ad9722c7f8
1999,1999,Buck 65,The Centaur / 15 Minutes to Live,285e09ae-5013-3ed9-beb1-4d8fb366efa3
1999,1999,Buckcherry,Lit Up,60e85704-9e96-489f-a60c-f77528a10080
1999,1999,Bucket Ghost,Puff Paff,865dcaca-ced1-441a-8aaf-b1f563b8ae29
1999,1999-07-14,BUCK‐TICK,BRAN-NEW LOVER,c805b766-84f6-3888-8517-470894352d27
1999,1999-10-20,BUCK‐TICK,ミウ,372dcb63-9e5e-3d73-8d8a-bdbf9752deb4
1999,1999-10-11,Buffalo Tom / Liam Gallagher & Steve Cradock,Going Underground,9b83e047-ba53-3626-9177-b2c50b4ef71c
1999,1999,Bugo,Questione d'eternità,bc131566-1e24-4cce-9559-ae8167b19d47
1999,1999-03-20,BUGY CRAXONE,ピストルと天使,f0a29999-9fe7-37d0-9bd1-b17f6d051167
1999,1999-10-21,BUGY CRAXONE,終わらないもの,5d7ecf45-702c-39a7-a6c8-1e2ff1623277
1999,1999-07-07,BUGY CRAXONE,罪のしずく,bd70e53a-d5d3-3590-8c2f-2ea128e21b32
1999,1999,Built to Spill,Center of the Universe,cc7a9482-ea2c-3435-92e9-72614f57c829
1999,1999,Bullyrag,My Heroes Have Always Killed Cowboys,a7cf16f7-eb38-4953-8ca5-41638e900c57
1999,1999-05,Bump & Flex Featuring Kallaghan,Got Myself Together,50a74836-ffa4-4d91-991f-b83181d3fdd3
1999,1999-11-25,BUMP OF CHICKEN,LAMP,d06d100c-eaff-317a-aa84-18e2e4390ccb
1999,1999,Bumpy Knuckles,A Part of My Life / Devious Minds,5dcbc49a-4409-3229-95ac-8e843122d90f
1999,1999,Bunbury,El extranjero,ac300514-4f29-4e52-ba9d-1b115a038372
1999,1999,Bunbury,El viento a favor,e3c23fe8-ac55-4e41-ac79-0179a6bb070a
1999,1999,Bunbury,Planeta Sur,f0a91d69-6d6e-4c30-95c7-1b499a60a3c8
1999,1999-11-19,Burnt Friedman & The Nu Dub Players,Do Not Legalize It!,0a894689-8063-3493-b514-8ff8a35b9c34
1999,1999,Bus Stop,Jump,aa39e7cf-5eb4-40c1-97aa-f55f30e78e55
1999,1999-06-15,Buscemi,My Suitor / Tales of Terror & Suspense,1615cd93-de7b-3180-9dff-4a36ea4558b3
1999,1999-11-22,Bush,The Chemicals Between Us,5858167e-df54-3637-9d8f-33d8e3d14d28
1999,1999,Bushbaby,For Real,c7173b28-31a8-42ad-9346-a2247253eb0d
1999,1999-06-01,Bushwacka!,Healer,9a5ce570-ebb0-3e70-bb3a-5f9dc9a2dfa1
1999,1999-12-06,Bushwacka!,Shock Horror / Oh So Good,796adea3-c5a8-31ae-a8e8-6e0949f35b49
1999,1999,Busker,I Want to Be Free,e8d7ea4a-0975-4b20-ab73-eea300181c31
1999,1999,Busta Rhymes,Do the Bus a Bus,4b46b027-049b-4e2f-9336-3b4573ee7f06
1999,1999-03-09,Busta Rhymes feat. Janet,What’s It Gonna Be?!,e55bdda5-faa3-38c8-ad38-be5909a2b48e
1999,1999-05-01,Butterfingers,The Chemistry (Between Us),628f1857-d2c7-4592-8a6f-5de386425355
1999,1999,Buzzy Bus,You Don't Stop!,e97630dd-1a64-378a-b794-a758aa2a757b
1999,1999,BZN,Baby voulez-vous?,07672577-eee7-4047-9305-d27dd1cd3d8a
1999,1999,BZN,Isles of Atlantis,5f28433c-9670-458a-ac82-68120a9f576c
1999,1999,Bëlga,Demó,e2bfa0c5-45bd-3fc2-9cd0-0ecc55ed759d
1999,1999,Bönkers,Workin' It,2d624ea3-a4f8-44e1-87e3-e62db018d45e
1999,1999-09-24,Bürger Lars Dietrich,Einsam wie Robinson,ddc1a471-aab3-4790-b86b-0072080918ec
1999,1999-06-09,B’z,ギリギリchop,49f53fcf-ad4b-30ab-b6e5-8466a354329e
1999,1999,C & J feat. Sanli,David's Song,09940976-df1a-42a0-8c06-fbb930c28e05
1999,1999,C Note,Wait Till I Get Home,718a342b-cc9c-376e-b678-4d3d2abb1786
1999,1999,C&N Project,Ready To Fly,2bd52987-71a7-46d8-b9ce-5d5dc7d91279
1999,1999,C'e SEA,LONER,29c6f596-d4b9-4651-a5d0-6fc4ad7610da
1999,1999,C-Bra,Love You Today,8bce5b5f-b04a-4f38-95de-b54d921fdf6f
1999,1999,C-Bra,Papa Chico,06f43cd0-48a0-487d-afbf-6f6bff87a3c8
1999,1999,C-Bra,Sunshine,0a5eefc8-73ea-49b9-9450-9fe30bccdfbc
1999,1999,C. Boogie Brown,One Deep Tonight,e4769eb1-1a46-4fb0-9519-dcfc85bd4866
1999,1999,C.C. Catch,"Baby, I Need Your Love '99 (Remixes)",6968a1c0-83e2-48b7-8be7-9b1b34d101c4
1999,1999,C.C. Catch,Summer Kisses '99,3294463d-f856-4da2-b69a-cbfdb134ac0b
1999,1999-01-01,C12 feat. Jole',Judy (Hooked on Coke),e51ede21-18d0-45af-826b-6f63b678dfc1
1999,1999,C:Real,With or Without You,ecfd4a3c-c470-3399-9458-44d503ffc3c7
1999,1999,Caater,O si nene,e28dee54-654c-4c9a-93b3-ec93345606f2
1999,1999-12,Cab'n'Crew,Pure (Aviation),8b0253c6-27ea-402c-bc11-4f8b0705e8d0
1999,1999,Cabala,Dark Blue,3933a6b5-a6ca-4e32-b842-e633f70e7149
1999,1999,Cadallaca,Out West,68ae3550-0650-33af-9227-38e71d06db01
1999,1999,Cajsalisa Ejemyr,Du ger mig (allt jag vill ha),81de1c6c-cbe1-315c-85d6-a158d979b6b5
1999,1999,CAKE,Let Me Go,5b0e6263-3d8a-3411-976b-b18deae2685c
1999,1999,CAKE,Sheep Go to Heaven,88ae35ea-bf7d-3a77-bedc-9a19e1b2e72d
1999,1999,CAKE,You Turn the Screws,c5c8e323-a117-3e45-882a-a030d3c33a17
1999,1999,Calc,Splinters,47f47839-d322-4d59-bdaa-12dc38b0ba44
1999,1999-04-19,Calexico,The Ride (Pt. 2),ed6b6a4d-ce8c-4c1e-855c-b134d4cda304
1999,1999,Calling the Freak,Noise Shaping,a5603a68-72ad-474e-9f1a-d834cfffa767
1999,1999-09,Calogero,Prendre l'air,e6d0a373-39a7-4814-a7b0-0220a2718084
1999,1999,Calypso King,Compin' & Smokin' / Damper Down Popcorn,2ba80aae-d048-4958-85a0-863161c2d73b
1999,1999-04-19,Calyx,Acid Blues / Trap Door,b3014f2d-fc21-4008-a327-e99557080faa
1999,1999,Calyx,Calibrate / Feedback,bd40275c-f55d-4e9d-b6d4-5d6b1907ad6a
1999,1999-10-11,Calyx,Code Red / Diablo,2e5fa387-d208-317f-a2bf-65ea903d68a1
1999,1999-06-21,Calyx,Morphology / Schitzoid,e1e637de-a510-325f-8978-b4dcc5a641b8
1999,1999,Calyx vs. The Bombdroppers,Once In Our Lifetime,57d72630-5d41-4ddc-a402-37cb6b49842c
1999,1999,Camerata Mediolanense,"Francesca, i tuoi martiri / La prima di color di cui novelle",83fb3e7a-fbba-4519-990e-ee71de21d6d6
1999,1999-04-11,Camilla,At The Weekend,caa4eab4-7093-41d7-9591-ac6ba095052d
1999,1999,Camilla,Il mio fuoco,8456558d-4cc6-3b04-baad-5427004b4bfc
1999,1999,Camille & The Band,Katyusha,4bca8c5b-2494-4e72-b163-9137a8928bac
1999,1999,Camilot,Amore,ff68c3c0-2fef-482d-9cf6-d4de6659340e
1999,1999,Camisra,Clap Your Hands,2e638773-768f-460b-8f4c-a91df5565b3b
1999,1999,Camisra Vs. Mauro Picotto,Lizard Without Scales,803f01cd-d449-471a-8f81-26b540978f28
1999,1999-07-12,Camouflage,Thief,3c01836d-e3d4-3138-92fa-1ae5bd136f00
1999,1999-08,Campag Velocet,Bon Chic Bon Genre,fb2800d7-744e-4bcd-a4af-20acea1e3d0d
1999,1999-03-15,Campag Velocet,To Lose La Trek,7bd0a72c-b146-3306-86aa-21d44adbc013
1999,1999,Can-D-Music,Navigator,046b7e5f-5b44-44d6-b505-d6510496b8e7
1999,1999,Candiria,Mathematics / Down to the Last Element,27a4b425-51a4-48ab-b1f2-2e83a696ea84
1999,1999-04-01,CANDY,TO MY DEAR,623d5674-e66f-4e04-b52b-21a7787b4187
1999,1999,Candy Beat,Sax'y '99,79068e72-d5c3-4695-b13b-204b15e952c7
1999,1999,Candy Girls,Bom Da De,947c523f-b8e8-3944-92c7-36621d9f4aed
1999,1999-10-11,Canola,Q,5311e4fa-001b-40d2-a6b2-3a407657933f
1999,1999,Cape feat. Michelle Leonard,Feel So Perfect,22e1f87f-f368-436c-8346-7ff7705f9076
1999,1999-07-16,Capitol K / Jega,Postcard / Untitled (Funky Track),e87d2767-f3c1-4acc-9727-77ead86f0a84
1999,1999,Capone,Genetically Unmodified Samples,21314c18-e45a-3f90-81fd-5fafb9dc192a
1999,1999,Capone,Tudor Rose / Submerge,7804ef12-363b-3f52-af24-88e426fa5f92
1999,1999-03-15,Capriccio,Everybody Get Up,a521db9b-a192-3c31-a32f-a8c161c34528
1999,1999-08-23,Caprice,Oh Yeah,ea2d8527-86bc-3d81-b0c2-b801b305f1d6
1999,1999,Captain Jack,Dream a Dream,8b418531-2aec-301d-898f-a317493b2cac
1999,1999,Captain Jack,Get Up!,c173963b-856b-41d3-ab2d-5da74f6548a7
1999,1999,Captain Jack,Only You,4faa9fd2-c299-406f-8d83-b2e6fb67dcdb
1999,1999-06,Captain Tinrib,Manta 2,69bd7fde-7827-3b9d-82eb-5b1a97c07e68
1999,1999-10,Captain Tinrib,Ride Me Baby / Mother 1,4c6627bc-d55f-4ffd-852a-a4a57f699390
1999,1999,Captain Tinrib / Mars & Mystrë,Save the Rave / Changing the Haight,4560ba53-f8e5-43c8-aeca-7f15da9271db
1999,1999,Caramell,Efter Plugget,6909c0da-8ccd-4494-bfeb-c4240cf1cf04
1999,1999,Caramell,Explodera (Upp som dynamit),7a9efdeb-0314-449e-92b0-14370beac1e7
1999,1999,Caramell,Jag Ser På Dig,46336da6-6c28-3e24-bd66-c2fbc64c9306
1999,1999,Caramell,Om du var min,4428de35-70b8-4204-a43b-3a1633a1d5f5
1999,1999,Carat Trax,Music From Da Inside,cfb78d35-13f5-4f8e-b7ab-86fc7cf56eac
1999,1999,Carat Trax,Paradise In Motion,bc42e5b3-51dd-464b-8fa8-f76968efebb6
1999,1999,Carboo,Do You Wanna Have a Party,7e4d406a-7a95-4bac-b2fc-3901807f4fe1
1999,1999-07-19,Cardiacs,Signs,b916e6b4-abf4-3900-a32a-25e41fdb6b28
1999,1999-07-01,CARESS,De-Light,d94c0491-c044-4dcb-b9d3-5ce46dd239f8
1999,1999,Cargo,Loaded With Power,311b1de6-c8c3-4525-a606-346009b5ffc7
1999,1999,Cargo,Pornstar,a10d8aab-b90e-3c0b-921a-abce8426711b
1999,1999,Carl Cox,Dr. Funk,31e70eb1-d9b3-48e3-9289-7c716b216ba7
1999,1999-05-10,Carl Cox,Phuture 2000,56ceaecd-09b8-4e77-8d16-ab5ff1524749
1999,1999,Carl Thomas,I Wish,f0e49bee-f1f9-47ba-9fa6-72572a1938a3
1999,1999,Carlos & the Bandidos,Jukebox Rock,bfe301c3-5e1f-4916-a974-66cdd7b5449e
1999,1999,Carlos T. Quila,Everybody,484afeba-0e93-46e6-82a0-04c6ec81a66b
1999,1999,Carnival of Dreams,Dreidimensional,89090e90-6bc4-4680-bc56-6c767a4be188
1999,1999,Carole Fredericks,Qu'est-ce qui t'amène,7528c44c-c4cd-3d05-a07e-85105697424b
1999,1999,Carole Fredericks,Respire,68909b34-7e1d-46d6-9451-639cb34e8725
1999,1999,Carolina Marquez,Cont@cto,a4c34496-c36d-4feb-96f0-e54d20a8a0e2
1999,1999,Caroline’s Spine,Nothing to Prove,b4b247bc-9f83-45a1-ac4f-8ab577b0f0b8
1999,1999,Carpenter's Bench,Shaper / Stunning,5d446282-fe46-4e6e-858c-b95252dd15d8
1999,1999,Carrie Akre,Limbo / Ruling Feelings,39e953bf-28ec-4c4d-9035-dc0409d3fe1a
1999,1999,Carsten Fietz,Treibstoff,e0d59a48-3457-4d41-9c07-cbfdaa775594
1999,1999-08-11,Cartoons,Aisy Waisy,36dd325a-53bb-3c7e-a7e4-b6c5ab59d074
1999,1999-12-09,Cartoons,The X-Mas Single,7a0a8d07-8c2e-4f1f-a757-8818a746d0a6
1999,1999,Cartoons,Yoko,0b4f9e7c-5c6a-4f90-bedc-845cb9d035b1
1999,1999,CARÓ,Ordinary World,4e417d6a-2b49-4216-a7ca-8cf142a6630b
1999,1999-10-27,CASCADE,Dance Capriccio,116d1a52-d32f-3a34-8411-48a0c193f583
1999,1999-02-22,Cascade,Transcend,a02c0058-25de-3724-b001-c0ae2340423f
1999,1999-02-24,CASCADE,アザヤカナキセキ,47a9d840-00a2-499c-90e4-90234bc9641c
1999,1999-01-27,CASCADE,メモリーズ,1d7ce5f1-fbc2-4eda-a176-773a33cc5d06
1999,1999,Case,Happily Ever After,81a55b7e-265a-4d70-9e20-05835118c453
1999,1999,Case,Think of You,e85f6560-ee12-4f1a-aec6-eccd68ce420f
1999,1999,Cash Brown,Pay Me / True Lies,ffe7a6c8-d369-46aa-9546-204a5c7f797a
1999,1999-08-13,Caspar Pound feat Plavka,Liquid Love,0477e8df-47e9-464a-89c4-8a8d53ce58b7
1999,1999-11-25,Cass,Emotion Surfer,1d5f8544-6bbe-4c57-8556-7bef881ccffe
1999,1999,Cass & Slide,Diablo,4f233a0c-3b29-3886-8e94-4ca8cc1631df
1999,1999,Cass & Slide,Perception,a20f68f5-50a3-39f0-8f1f-83dff394b0f6
1999,1999,Cassandra,Just Tell Me Why,02b123eb-5fa7-3e50-996a-4870c60bb9aa
1999,1999,Cassidy,Autonomy / Implode,f1854aab-2c33-431b-a128-70c567efcd9a
1999,1999-09,Cassio,Baby Love,280fa1ec-966d-3f1f-aa13-4e82eccaed0a
1999,1999,Cassius,Club Soixante Treize,1c635da3-7622-49e4-8deb-79b3c9887b96
1999,1999,Cassius,Feeling for You,3954f93e-2534-35f1-84ff-953c99ce0ccb
1999,1999,Cassius,La Mouche,e5ce154f-d1f5-305b-b775-784fde904377
1999,1999-04-26,Cast,Beat Mama,f179b914-03ba-3d4c-931a-7bf00ae311e9
1999,1999-07-26,Cast,Magic Hour,480660e1-15bf-31ae-906f-af0e52ca0630
1999,1999,Castor Troy,Evil Dead / The Swarm,97116624-f902-46df-8ccb-4ce2a41d776b
1999,1999,Castor Troy / DJ Notorious,Illamental / Danger (Notorious mix),d011cf87-2209-4cbd-8161-ff0521c0905b
1999,1999,Catapila,Void (I Need You),703a449a-3292-4db7-ba11-228e453af104
1999,1999,Cataract,War Anthems,0aeb130b-a645-3975-8f73-2a5dbc4ddae1
1999,1999-03-29,Catatonia,Dead From the Waist Down,29790665-2605-41bd-a9d6-3a9902d4fd7d
1999,1999-11-01,Catatonia,Karaoke Queen,54fb5ed6-db95-39e6-8f52-54ebc66c057b
1999,1999-07-12,Catatonia,Londinium,480a0ea7-85cd-3585-9fb8-d7d4ed683f51
1999,1999-09-11,Catherine,She's Only 17,f6c2618b-a088-4493-b04f-19c2f7acaca7
1999,1999-10-02,Cativo,Jack Knife Power Bomb / Another Vision,1dfdc42a-9b64-4a83-b9b5-f70418da24ff
1999,1999,Cause 4 Concern,Infectious / Epox,55e4dbf6-7f60-303b-86a5-784c68277ce0
1999,1999,Cause 4 Concern,Phat Cap / Euthanasia,bf8299b3-6a48-3a39-a1cf-e04ecf39829a
1999,1999-02-02,Cause And Effect,World Is Ours V2,1ef80a7d-e3a5-4f85-82e7-3731c2516da1
1999,1999,Cave-In / Botch,"In These Black Days: A Tribute to Black Sabbath, Volume 5",787bb326-d60d-3d9a-9357-f4a73e2baff1
1999,1999-10-11,Cay,Nature Creates Freaks,0ccb1719-8131-37c0-92b2-b20210329395
1999,1999-04-12,Cay,Neurons Like Brandy,092095e7-028b-3159-ad77-92ac05853c76
1999,1999-06-14,Cay,Princes & Princesses,b7182945-2d86-387c-b018-46fe0e7680f3
1999,1999-08-16,Ceasefire,Cruising,cd4f45dd-f6ce-33b3-a7ad-1d92cbbaf7cc
1999,1999,Cedar / Bio-Wire,Equinox / Karizma,c3a5a550-23fd-34c2-984f-10f67d8fbf85
1999,1999-06,Ceevox,Your Love (Got to Have It),b4687ead-878b-3d8e-a59e-a0b445b6f63d
1999,1999-05-31,Celeda,Be Yourself,9da27e2a-c411-3c9d-b703-ad90bae92fef
1999,1999,"Cellophane Suckers / A-Teens, Ben Daglish",Active Detective Engineering Presents,f17dcfe3-a5cf-41e0-a7d5-526b2270cde8
1999,1999-09-22,Celluloid,Parasite,0d5a21ff-fce1-4372-b618-71abfc31559b
1999,1999-08-10,Celluloid,~Parasite~,37df3eee-ef8d-4778-a867-58e2890b1c03
1999,1999,Celtus,Bubble,6b17ebb2-edac-4d41-9a90-113abe3fb19d
1999,1999,Celtus,Touch You,05697990-e37f-47d7-b678-f8c67fb4ae47
1999,1999,Celtus,Wide Awake,6fab3d4b-59c2-3d33-abf7-f2d563e793d7
1999,1999,Celvin Rotane,Houze Muzique,f0822c95-a948-4f6b-9575-c26dbb035af0
1999,1999-06-21,Central Seven,Missing,2fddbb9c-fd63-3e6e-a6af-dd5567d79936
1999,1999,Central Seven,Te Quiero,b76b32c4-6786-321c-a989-9efe5a708ad5
1999,1999,Centro-Matic / Tripping Daisy,Bedhead / Love Has Found Me Somehow,2583f863-e8a5-3bac-8329-4779ed7a4e46
1999,1999,Cercle Rouge,16'30 contre la censure,a2fd7a0e-bd3c-3e19-ab36-f28e1c28a749
1999,1999-09-24,Cesária Évora,Carnaval de São Vicente,6b62392d-2a6d-3db0-9be5-281d6c4519d0
1999,1999,Cesária Évora,Live au New Morning,bd937442-43a9-4243-a675-2398d2aee86a
1999,1999-10-12,Cesária Évora,Remixes par François K. & Joe Claussell,86bb88b7-6e03-33ab-a3ff-238c343eff9d
1999,1999,Cevin Fisher,The Way We Used To: Remixes,b45a6bd5-c189-341a-9814-b9895bf7a4a1
1999,1999,Cex,"Shift-Minus, Volume 1",14925cea-c501-3466-9893-2085021c3615
1999,1999,Cha Cha,New Millenium (What Cha Wanna Do),f2baf329-8c6c-4364-8b26-f4c1e36e6076
1999,1999,Chad Brock,A Country Boy Can Survive,3e09488f-944d-4f73-8612-98de78da7c14
1999,1999-03-10,CHAGE and ASKA,この愛のために|VISION,104d5c10-f706-4115-a2bb-c4c8e77a31b7
1999,1999-06-09,CHAGE and ASKA,群れ,7adc8a2b-33b5-461d-bfdf-bdff906efc7a
1999,1999,Chakra,Love Shines Through,4c3c76ef-9116-36e2-94a6-dd2044441c62
1999,1999,Chakra & Edi Mis,X-File '99,ac84288d-fbd1-4fe3-b630-0e602432f5bd
1999,1999-10-20,Champain,Wake Up,0ea04a87-4f84-4c43-81b2-52fbea05faa3
1999,1999,Chandeen,Skywalking,4645e289-330a-3047-9d1d-4e23c693503c
1999,1999,Chant,Sweet Images,a0844833-e37d-4b7c-8b58-5840d2524cc9
1999,1999-11-02,Chantal Wood,Girls Just Want to Have Fun,3382b1f8-aa95-4821-b49c-0f2e4390fd67
1999,1999,Chantay Savage,Come Around,bdb48122-5fcc-41d5-8104-f4c0bdf133a1
1999,1999,Chantay Savage,My Oh My,5a36f34f-2dd3-4408-9e2e-6b42a3372a1e
1999,1999,Chanté Moore,Chanté’s Got a Man,9551b211-32f1-46be-8753-4c02c6c9416d
1999,1999,Chaos,Dot Dot Dash / Find Your Particular Space In Time,1abd4640-98a8-4db9-9056-c0f597dd94c5
1999,1999,Chapin,Quebrado,191e8493-4a8f-42e6-aedb-a09eb47af26f
1999,1999-05-05,Chappie,Good Day Afternoon,d2bfe460-be91-4975-bbd6-4e2b05d215f0
1999,1999-03-03,Chappie,Welcoming Morning,3b74b3e4-dc28-495a-bf96-1fe72cdf18fd
1999,1999-06-01,Chapter24,Deja-Vu,119a3d8f-75f4-45d8-acc2-0d0427d758c5
1999,1999-02-24,Chara,70%-夕暮れのうた,4387b9c7-a032-3f9c-b7bd-cc039fe8dc75
1999,1999-11-26,Chara+YUKI,愛の火 3つ オレンジ,9280d604-1d8a-3f21-9d07-06587964d1f8
1999,1999-12-25,CHARLES,scéne d'amour...,a70e2f71-895b-4bf2-ade7-cb8050c31484
1999,1999,Charles Aznavour,She,f0eca788-904a-415f-8fd9-6e73c020f0e2
1999,1999-04-14,Charles L’Admiral & Hooligan,Get Down on It,2789ba6c-4eab-33f8-892b-8ba9b1e1181a
1999,1999,Charles Schillings,"No Communication, No Love (Devastating)",41f5f43f-8758-39c8-8c9a-d095f0c004fa
1999,1999,Charli Baltimore,Stand Up,ba8a53d1-e151-3eb2-b153-f9f8b5b03907
1999,1999,Charlie Marshall and The Body Electric,Making My Way To You,3aa29f85-0ede-4502-ba56-4d95a47bb1ad
1999,1999,Charlotte,Someday,e02e8b2b-1a57-41b6-992b-99fcbfa6e207
1999,1999,Charlotte,Take Me to Your Heaven,8751496a-eeea-3fb1-bd65-e42dee6f24fa
1999,1999-12-13,Charlotte Church,Just Wave Hello,486bb541-09d2-3d49-81be-507d95c8377d
1999,1999,Charlotte Nilsson,Take Me to Your Heaven,507bd3e7-d57f-4890-a383-05289ea9ea6b
1999,1999,Charly & Lulu feat. Ben.J,Les Marseillais,65357dab-2405-37b1-91a9-827533b900b2
1999,1999-09-27,Chaser,Blue Planet,101fcf89-8d17-31d2-82ac-50b0f9c3d7e5
1999,1999-03-15,Chaser,Tall Stories,2bcc52e8-8aa1-308a-8270-850aa934907c
1999,1999-04-12,Chasing Time,Dark Force Rising / 707,52759562-6cb0-46e7-9978-cce9d4831776
1999,1999,Chayanne,Atado a tu amor (Five Track album sampler),cb039830-1cc5-497a-981c-9eace1a2ae30
1999,1999,Cheap Trick,That ’70s Song,a88469cc-df32-4d18-a7ea-52443e1a899f
1999,1999,Cheb Mami,Meli meli,6d095b8b-335a-3f95-bbe8-63039058c3fb
1999,1999,Check Da Rapper,Pennsylvania 99,71bd06ff-bf9f-416e-8046-77a093fc5dfb
1999,1999,Cheeseworld,Nowhere Near Anywhere,9bd76a61-14af-48f3-bed9-054e6d140a15
1999,1999,Chekmate,A Little Bit More / I'm Your Man (1999 Club Mixes),514df443-78b0-4d28-bea9-556b9fc92b79
1999,1999,Chely Wright,Single White Female,ace20c9e-524d-4f06-848b-54df50b38a22
1999,1999,Chemical Agents,Hot Moves / Keep Fit,e4f8092d-940a-4678-9b6a-b3d2e8d7fada
1999,1999,Chemical Agents,Last Hour,5252a2ab-a793-4213-acd3-945e9110a6de
1999,1999,Chemical Agents,Lifeline / Shute,68a16614-534d-4655-8e71-6f7d4429eac9
1999,1999,Chemical Reaction Food,2,4104ca6b-c150-45df-b00e-98b6a12a60a4
1999,1999,Chemical Reaction Food,Are You Mad,6e99c94c-f39d-4efe-9d87-12567202e9f0
1999,1999-06-07,Cher,All or Nothing,403b8a69-1453-39d1-a7e5-9b41bb1c2371
1999,1999-10-25,Cher,Dov'è l'amore,a8b00728-6107-35bd-aab8-bdbab4a32f08
1999,1999-02-19,Cher,Strong Enough,1e69d063-4f58-3391-85e8-beaeed713dfa
1999,1999,Cher-esque,A Dance Tribute To Cher,570fc056-e533-49c5-83af-2fe78789efe6
1999,1999,Cherokee,Steppin' Stone,aea166e2-d7ce-47e5-be2e-451493e454f4
1999,1999,Cherrelle & Alexander O’Neal,Saturday Love (UK Garage Remix),db1a6cca-1c74-48db-bd3c-6fbbbcbfe8e1
1999,1999,Cherry,Boogie On Da Floor,d47403d1-43cd-4a3c-941d-691e34589c14
1999,1999,"Cherry Wijdenbosch, Stef Bos",Ik geloof in jou,4af84782-2592-40d0-891b-772c0ce3b81b
1999,1999,Cheticamp / Joe Pernice,Cowboys and Injuns,f323a339-6b4b-4f08-908f-ca29c7d1fbbb
1999,1999,Chevelle,Mia,6d1aa219-dfff-4f12-9ab9-cd94f3c94759
1999,1999-05-01,Chiapet,Westworld,ef84a1cc-346b-35c7-a485-7ed55281e003
1999,1999-05-23,Chicane,Saltwater,d7913368-6d95-440d-98d8-ff7157f2dbbb
1999,1999-05-24,Chicane featuring Maire Brennan of Clannad,Saltwater,eea39729-7466-3fcd-8c05-cb7f9e4e9726
1999,1999,Chicks on Speed,Glamour Girl,6e211a26-b51f-4a50-b1ff-039bc9000963
1999,1999,Chico DeBarge feat. Erick Sermon & Redman,Soopaman Lover,978c9ee8-4468-3c5d-ac64-b320a53503a9
1999,1999-01-21,Chieri,CLOVER,f0796c15-c6dc-467e-b77b-82f9dd074692
1999,1999-08-18,Chieri,白いページの中に,0ff67076-eaf1-458d-9b0d-a194ddc87a24
1999,1999-05-21,chihiro,Honey,83bd839b-37c4-3929-b7a1-c0b9366c4ffd
1999,1999,Child’s View,Assi Que Dodo (Toki-Meki Science Remixes),6877023c-6a09-45ac-8ece-babbeadffded
1999,1999,Chili Hi Fly,Is It Love?,0d3c4ae3-4b2a-396c-8a57-5ce211ce578d
1999,1999,Chilly & Leafy,Du och jag,071aa8bc-0b98-3f86-9606-9fb928a59f5d
1999,1999,Chilly & Leafy,Tuff tripp,91a2892a-3004-3a0a-a8d2-c693a3bdfbd1
1999,1999,Chimaira,Sphere,c5c7c3e1-cf91-42c8-9b6d-1eb86d47da15
1999,1999-03-17,CHISATO,CYBER ROSE,51d78c5a-dc4e-4ce1-aab8-3d78a209d95e
1999,1999-05-19,CHISATO,WAKE UP!,6126a53f-e6ca-318e-b439-a1a9c8d493e1
1999,1999,Choci,Born to Be Wild,36aac4f9-2aa0-4703-9dbf-789294b721ce
1999,1999,Choclair,Let’s Ride / Bare Witness,693d48e7-badc-445f-b144-5c4e61480b01
1999,1999-07-01,Chocolat,ベースボールとエルビス・プレスリー,3837dcb0-49b5-4db1-bb19-0c4eb2f20b2e
1999,1999-08-13,Choopie & Roni,Let It Go,d0b7701d-e325-3f7e-8b4f-209ac2a53ce7
1999,1999,Chopper,Here Comes the Music,876c442d-9473-4fc3-b921-ec123c7ef797
1999,1999,Chopper,Jo and Lisa,2caebe5d-ba6c-45ea-9bb2-cd4072b298e8
1999,1999,Chris C,Movematic,701f6ee7-baf9-4990-be52-d6191e74dfa4
1999,1999,Chris C,Pieces Of '8',068cf241-7428-4426-bcaf-dd88f0fc620e
1999,1999,Chris C,The Call / Can U Feel the Bass,5bcc6612-513a-4ca4-afd2-664b6bab7080
1999,1999-09-24,Chris C & Jon Doe,Mitsubishi Baby,344d36de-ec3c-4037-805e-2b536dfd0cef
1999,1999-08,Chris Cornell,Can’t Change Me,e0dceaf3-ad26-391a-8bb1-a68b8d2bf748
1999,1999,Chris Cornell,Flutter Girl / Sunshower,b1810faa-5bd4-4aff-936b-aeafb4c6fa5a
1999,1999,Chris Cornell,Preaching The End Of The World,08da3e38-a1e6-484b-b0de-7eb6ab251f8d
1999,1999-08,Chris de Burgh,When I Think of You,5128348d-bb76-35cb-ab20-4174d3f2495e
1999,1999-09-20,Chris Isaak,Baby Did a Bad Bad Thing,2444ffcc-229b-3b7a-bc0c-c2937279ed00
1999,1999,Chris Mack,Free,1338e1f2-6347-4b81-97a8-43c36c2601c4
1999,1999,Chris Mack,Ghetto Lovin,f7af3bd6-6340-4d91-a634-e4681ef3e894
1999,1999-09,Chris Mack Featuring MC Nuts,Baby Gonna Rock Dis,152275aa-9613-4710-b070-396bca5dd567
1999,1999,Chris Norman,Mexican Girl,7be73564-7f46-48ae-85a3-00aed4f585d5
1999,1999,Chris Norman,Oh Carol,cac5bb63-e0c9-452c-85e3-9d991814c108
1999,1999,Chris Rea,New Times Square,f66b4aa3-0348-44c0-99fb-9a0b6ae25bd5
1999,1999-07,Chris Starling,Rawhide Baby,ac0ab94c-f7b1-44a3-b1ca-487f84ee690a
1999,1999-10-04,Chris Starling,The Word,e052155d-3ed7-4290-bb1c-cc99c92f121e
1999,1999-03-22,Christian Fry,Won't You Stay,71fe9238-e2c6-3c54-be58-5bd6c9430dde
1999,1999,Christian Walz,Lovin' Is All Right,c1a3437d-2876-4e71-b3bd-1c20540ad60c
1999,1999,Christian Walz,Sentimental,bca35537-07b8-4132-99e1-b0a7794260b3
1999,1999-11-08,Christian West,Eterna,26c15822-0529-302d-8f00-9098d17a451d
1999,1999,Christian Wunderlich,So in Love,0a8fe7c2-5c7d-3ece-917d-21e276f461a7
1999,1999-08-20,Christian Wunderlich & Kirstin Hall,Forever Tonight,64adaa8c-a2a1-42f5-947b-ba83e941b30b
1999,1999,Christian Zimmerman,Diary of a Lost Girl,85da31e0-144d-3b8f-b6ed-7824752204ff
1999,1999-06-22,Christina Aguilera,Genie in a Bottle,d01a59a3-d4a7-33d9-b811-8dff4f9ce119
1999,1999-11-23,Christina Aguilera,The Christmas Song,11578de5-23e7-3ff0-8bf2-85f5fc52a809
1999,1999,Christina Aguilera,The Christmas Song (Chestnuts Roasting On An Open Fire),bc078bf0-24cc-4744-bd22-d46a098c545d
1999,1999-12-13,Christina Aguilera,What a Girl Wants,26380b5c-0c62-36d6-9961-2c0849c0ba8b
1999,1999,Christoph Fringeli / Pure,Subversion 004,b0430672-71ff-367c-9ca9-2d08cea646be
1999,1999,Christopher Lawrence,Renegade,134bf323-7b10-45c6-8890-6a5c791e2226
1999,1999,Christopher Lee and Gary Curtis,O Sole Mio / It’s Now or Never,50823e34-05fe-481e-aa34-2f01a41115fe
1999,1999,Chroma Key,Colorblind,1aca1cca-6da3-3854-9846-0939fa7d2df2
1999,1999,Chromatix,Jive At Five / Bring Da Change,b4a95447-c2fa-4921-8645-8961dc9f5a3e
1999,1999,Chromatix,No Five O / Keep On Pushing,9077a476-cda6-4372-8a69-abd990b40e7f
1999,1999,Chrome & Price,Automatic,660e4c86-37d7-3f6e-becb-a975cfab552a
1999,1999-08-01,CHRONO SLIVER,Rustyer,9f8203ca-4dfc-4a65-81ad-6d098fb11de6
1999,1999,Chronotrigger / Highlander,Mamma Mia / Everytime,8b475912-c332-4924-b9fe-dce478438068
1999,1999-06-14,CHRYSALIDE,殲滅,fbc3d0a1-50c1-47fc-b319-86fcb1ead722
1999,1999,ChthoniC,夢魘,05ee3d2e-d6b8-4d0c-ad9b-bc16c5ad3678
1999,1999-05,ChthoniC,黑暗閃靈殺手,61d04064-cd5c-4f4a-8bea-49ca76fed2b2
1999,1999,Chubb,Burger,91d8a995-022f-4263-899a-7e705dff0d4c
1999,1999,Chuck Mangione,Aldovio,7d0baf3b-1cef-4d17-8ca8-9ab810c27993
1999,1999-11-08,Chuck Prophet,The Hurting Business,56553172-43fb-4364-9f8a-5b6c2e36b421
1999,1999-12,Chumbawamba,Tony Blair,9bfed3e1-032f-34d6-93e6-1d4cad86d2f2
1999,1999-12-28,Chyp-Notic,In The Mix,c82f5501-e99d-459c-80ce-90d356cdf8b2
1999,1999,Château Lamotte,Glory Me,9ceb5b60-57df-468e-b4ee-cf4cc8212024
1999,1999-04-21,Chère,かまわないで…〜ハート・唇・涙〜,fb72bc1a-4eaa-3bca-bd31-baf92f94e0e0
1999,1999,Cibo Matto,Moonchild,4530d2fa-ef2e-3466-a9a6-273f92abce9e
1999,1999-08-04,Cibo Matto,Working for Vacation,1358a831-0ac6-3579-bff6-4f62c59cf388
1999,1999,Cindy,Crazy for You,016f583c-5eda-492b-b2cd-364622355955
1999,1999-08-05,Cinerama,Pacific,f211ea15-4cc9-49df-b6d4-a6e0dc1f1ef2
1999,1999-11-15,Circa feat. Destry,Sun Shining Down,6dd0003b-4ea2-3107-bea0-c7e76b47df3b
1999,1999,Circlesquare,The Distance After,de939863-d2a7-33a6-99d7-284a8075d80c
1999,1999-03-01,Circulation,Beige,53a0eafa-1048-4769-8cce-b14a6e36ceed
1999,1999-10-11,Circulation,Controlled Mayhem,35044685-1e71-305c-bdaa-8624f45e70c3
1999,1999-11,Circulation,Grey,fe6b92c3-c389-49c5-9081-bb0f88147c40
1999,1999-06-25,Circulation,Lemon,8fd78adf-5176-49c8-a344-9800ce00eb9f
1999,1999-03-01,Circulation,Limited #2,af419ecf-1e80-37d5-b6e4-27670b6f02c6
1999,1999-05-01,Circulation,Limited #3,0cef3d73-98eb-41c4-a856-52c170b077d7
1999,1999-11,Circulation,Limited #4,5d48186e-7915-4b56-85a2-8b80e0921711
1999,1999-03-01,Circulation,Playing Around & PH,f369f0a8-852b-493c-bc51-ad8a0358eba0
1999,1999-06-01,Circulation,Scarlet,0a32b022-a0dd-49df-b7a5-83661f044c2e
1999,1999-04-01,Circulation,Turquoise,e25bf115-2de7-30d0-93a5-93f9e0638635
1999,1999-01-01,Circulation,Violet,da24ade7-2058-49ab-a298-ba624ccb1196
1999,1999,Circulation,Your Move / Work It Out,9313b00d-da68-4e68-846f-f0b25e477e84
1999,1999,Cirillo,Across The Soundline,08093366-e2f2-4063-900e-832892280189
1999,1999-01-01,Cirrus,Back on a Mission (Live '99),be1cf13e-0230-4633-bd88-f1702fb8bf38
1999,1999-05-18,Cirrus,Stop & Panic,9b985f72-db2a-34ee-88b3-224c420c13a3
1999,1999,Citizen Kane,Monopoly Money / Rememberance Day,c707b02e-3062-45cf-b09a-4c13c087ca1e
1999,1999,Citizen King,Better Days (And the Bottom Drops Out),b3975939-308a-3591-a9cc-e07125d6745e
1999,1999,City to City,The Road Ahead,c3a4895a-5096-4244-b91a-9a6edd5271f1
1999,1999-06-21,CJ Bolland,It Ain't Gonna Be Me,f7acbed1-286e-3f53-b266-1674962582c9
1999,1999,CKY,96 Quite Bitter Beings,0f36952a-65e9-45a8-a8a5-aa0099c4b7fe
1999,1999,CL McSpadden,Galea / Omni,242c75e7-20a1-4bc9-b5bf-316c1de157cc
1999,1999-02-12,Clair de Lune,Close to You...,330a21c8-43bb-3371-a5dc-07b3564ce401
1999,1999-02-24,Clair de Lune,ENDLESS MOON,b7c3755a-709f-3171-9759-dbfb2d423143
1999,1999-03,Clair de Lune,白い鳥,bca1aa49-891b-3f48-83eb-9ddc883d5815
1999,1999-05-28,Clair de Lune,空～flap to the sky～,0453187a-849f-31df-8845-c99e4103462e
1999,1999,Clan Chi,Hello Hola,6cddd4a9-ba1c-4335-a0c4-2de564ee0dc5
1999,1999-11-02,Clan of Xymox,Consolation,b501ee27-0271-3f50-8555-29cae540e501
1999,1999,Clark Wayne,The Clown,4124c717-671f-432e-ad62-1969e273161d
1999,1999,Classen Collective,Close to Greatness,977c2f1a-23e9-344d-afa6-631daeb35f08
1999,1999,Classic,Hej czy Ty wiesz,8087719b-cf1a-418f-bea7-e6073d9938b9
1999,1999,Classic Action,A Chase,34da0c3b-652c-4eb5-887b-6ee7305fe65e
1999,1999,Claudinho & Buchecha,Coisa de cinema,bebd43c4-de92-4362-bdc9-51fff48ead54
1999,1999-09,Clear,treasure,28c603d6-43d2-4e98-8bb8-18803d82a5a3
1999,1999,Cledus T. Judd,Everybody's Free (To Get Sunburned),64ffff1e-49df-396a-a7c0-7ea18299cafe
1999,1999,Clemens Neufeld,Kraftfeld,4ac66be0-e650-3251-9066-f4594e7ac712
1999,1999,Cleopatra,A Touch of Love,6b7f2963-fa9b-4ca5-8bff-787033b0b63b
1999,1999-11-15,Cliff Richard,The Millennium Prayer,d88baece-ef7a-3682-b1b1-68705ae3aa58
1999,1999-06,Clinic,The Second Line,70e7b7fd-d2c2-37f5-8801-7698f35b5b09
1999,1999-09-06,Clinton,Buttoned Down Disco,378fe752-a042-3c07-89dc-1c0d9c4a21fc
1999,1999,Clipse,The Funeral,dbfb5630-9d05-4baf-8159-4d930dbd0562
1999,1999,Clipz,The Underworld / Alien Trilogy (Sappo remix),202383e8-474e-4d3f-ac82-4a2853d604a7
1999,1999-05-05,Clipz,The Underworld / Untitled,9b156d27-0ee3-4a7f-91cc-2f90c1a8db70
1999,1999-07-19,Clock,Sunshine Day,43be6031-138a-38c5-8b67-749deff29504
1999,1999,Clockwork Orange,Give Me Love,bcb9392e-c24a-44f1-99d7-49965e4ee963
1999,1999,Clone Defects,Scissors Chop,b5e64351-5257-4fc6-b0bb-ef660ef134b7
1999,1999-04-28,CLOSE,I believe,14b72aa6-e1e2-4a0b-8204-aef4cab50fba
1999,1999-06-09,CLOSE,Love you,1f2ad51b-28f9-441e-a9df-af85bd0ffc5f
1999,1999-11-17,CLOSE,RAZE,8cf898cf-113d-4c24-ba75-6ca980969714
1999,1999-02-24,CLOSE,Tomorrow,752d809e-bd20-42b8-a1c2-c89c2b7b7056
1999,1999,Close Encounters,Somebody,4598e44f-aee7-3553-8180-4f351a6de4e9
1999,1999-02-25,CLOUD,your season,1705de4f-60f1-4b73-9424-606dabdb4e3b
1999,1999-06,Cloud Forestia,EGOS & LIES,a16116ea-7ba6-4dbd-91e5-ce04593a5f88
1999,1999,CLover CLuv,ETERNITY/たんぽぽ,1dee0e54-cb28-45a3-b263-fa71b0e90afd
1999,1999,Cluba,Lightning The Mambo,e573ed2d-5a75-4e8f-a7c7-3cb4386c76de
1999,1999,CMA,The Best,84f1de32-f54d-3890-be9e-f4cb2edceefb
1999,1999-03,CMX,Surunmurhaaja,4c7966d9-b081-3cb4-9e3a-d2dfcb549ed3
1999,1999,co.uk,Big Green Bath,76b6350a-9499-420d-bd4e-9a28598f4c0f
1999,1999,co.uk,Not Today,19d9b65e-b624-45da-b30c-50e4a3b5351a
1999,1999-11-08,co.uk,Sick of You,3d16549c-bd01-30cc-91d3-8f7799b5c30e
1999,1999-11-20,COA,月光仮面は誰でしょう,29d1af85-70c8-4b0e-b00e-aadba5ec742c
1999,1999,Coal Chamber,Notion,5669a63a-bc68-33bc-8f57-f346c92c9e42
1999,1999-11-29,Coal Chamber feat. Ozzy Osbourne,Shock the Monkey,427b3d7f-170a-3088-81a9-0bdacd64289d
1999,1999,Coaxial,Funk-Ku / Freebassin’ (remix),21044e76-2f8c-45f1-a1da-5ff397bbff1c
1999,1999-10-11,Cocco,ポロメリア,a8e3cbc2-b260-3df1-8463-2faa6eb389cd
1999,1999-04-14,Cocco,樹海の糸,1e2c039f-22a6-3b96-9a19-36d857e15fe4
1999,1999,Cock Sparrer & The Oppressed,Out on the Streets Again,143d187d-85c8-472d-a1a5-6c0d846935d5
1999,1999-05-23,Coconut Girl,Call 911,0527ee6f-b290-4e2c-81db-e89401862921
1999,1999-06-02,Coconut Girl,Fantasy,a1ef2d31-477c-4158-9207-154daa7a5274
1999,1999-01-01,Coconut Girl,Fly Away,f7c4be4d-28b5-4db6-8ea3-5b07a00359dd
1999,1999,Code-43,Midnight Alarm,158dfeb6-56cb-4706-b492-18326a38fb44
1999,1999,Code-44,Theme From Dolphin Trance,40ed9987-46b1-4f00-b4cd-9f31dce5f202
1999,1999,Code-45,Let Da Music Flow,249532e4-5267-46b9-8aa7-791431173df4
1999,1999,Code-46,Runnin' Round My Brain,de44a89a-4d6c-43ab-92df-6b1a46bbb8c7
1999,1999-11,Cold Chisel,Way Down,bbc39320-911d-3cac-b003-dc7d7bc391fe
1999,1999,Cold Fusion Mafia,Psycho Audible Warp Phenomenon III,5ae21f98-fa1e-49b7-be5f-964a917b7586
1999,1999-11-03,COLDFEET,FLAVORS,6d43bb7e-f1ea-4712-9739-096cb76c2d97
1999,1999-04-19,Coldplay,Brothers & Sisters,2cbd8f25-00e0-387b-bc14-d387d6146e39
1999,1999,Colinda,"Mannen, mannen, mannen",e243e726-4e47-45a1-8c6e-a9e274268432
1999,1999,Collapsed System,Blute jetzt!,d549f1f8-6715-3495-a59e-9fdfb03b7711
1999,1999-03-10,Collective Soul,Run,15e854a9-ae90-4451-a4d4-6798ea82070f
1999,1999-07-28,COLOR,DOUBLE OR NOTHING,68fc97b3-ed8e-461e-bf90-ac0d57736c0a
1999,1999-11-25,COLOR,Why?,3eee2a45-de8e-42ce-8fea-5818a5710ce7
1999,1999,Color und Climax,Excitation Derivation Series,bf0e333b-dad6-4826-b756-0925ecc5a0e8
1999,1999,ColorStar,1.999,0d6fa38c-86af-30cc-9574-3259fded0ac3
1999,1999-08,Colour Girl,Joyrider (You're Playing With Fire),9bcdda2b-5708-3921-9253-92ddb263950f
1999,1999-02-15,Colours,What U Do,7b3666e8-c5af-3db8-9fa3-02932c01c884
1999,1999-05-03,Columbo,Rockabilly Bob,e97fa036-8d5f-30b6-9c84-dfee555873fb
1999,1999-05-21,COMA,だって、大好き!,f21d531b-95e4-4f96-b9cc-047e5fff1914
1999,1999,Combatwoundedveteran / Orchid,"Split 6""",3a6854fe-8c62-49e2-bb6a-4435ffce5a6a
1999,1999,Combatwoundedveteran / Scrotum Grinder,Combatwoundedveteran / Scrotum Grinder,6e083884-fc3b-439a-933c-7685ecb36e41
1999,1999,Comet Gain,Red Menace,bdbf9feb-71de-3bdb-95ba-a1251a24ea5d
1999,1999,Cominotto,Minimalistix,4f29cd6b-b7e8-4b37-93f6-e8f4e12c6265
1999,1999,Commercial Breakup,All I Love Is Green,10589068-d2b4-4c6f-9ad9-fbe3a78b556e
1999,1999-03-30,Common,One‐Nine‐Nine‐Nine / Like They Used to Say,a51b65c4-e161-362b-8163-523995b9323a
1999,1999-06-30,Common Nature,Can't You See the Sunshine Through the Rain?,0a3efdf4-37d3-34d7-9390-b721a9420523
1999,1999-06-21,Computer Cougar,Computer Cougar,f964453d-d45e-462d-b277-db334526bac6
1999,1999,Computerjockeys,Ping Pong / Inschallah,616b6c77-cb50-3f90-af90-774c9c17d100
1999,1999,Condor,Sky,1ba7a19d-b6be-4e0f-81d3-a43df52ef4f5
1999,1999,Congo Natty,Boom Bye Bye / Lion Did Crown ('99 remix),9c753a5f-0416-46d3-96cb-e6e4d6f94797
1999,1999,Congo Natty,Joseph / Zion,77e5e023-f197-4780-9b5d-2f46ec2b47ee
1999,1999,Congo Natty,Jungle for Ever / Red Alert,141748e6-d6a8-31ea-a243-da10ed821f61
1999,1999-03-06,Congo Natty,No Sell Out,55bde0bb-fef1-41ae-b3cb-a6e945900bb4
1999,1999,Congo Natty,Original Jungalist,4ae680b8-a120-442a-a75d-a17ef46ddea3
1999,1999,Congo Natty,Peace,00cb172e-7c3a-4691-852c-f85eae5edb32
1999,1999,Congo Natty,Ras Project / Inah Sound,69a98a61-8134-4242-b64b-4b5742afb5ca
1999,1999,Congo Natty,Ras Tena / Make A Joyful Noise,93211a39-906d-4638-9b0c-f8282fec4585
1999,1999,Congo Natty,Starliner,dc113b77-fc1b-4933-a331-8d1b996359e6
1999,1999,Connect 4,Rock Ya Brain,bd49b95c-d8a9-4cf5-929e-8d77ff3dea35
1999,1999,Conny Bloom,Last Mistake,bad431de-a3d1-4671-9ca6-eb5330510154
1999,1999,Conny Bloom,Perfect Crime,944573bb-8c0c-3e72-a996-2c19777a5510
1999,1999,Conny Bloom,Star,ade7ea91-b47e-4112-804e-55a4915afdc3
1999,1999,Conor & Jay,Falling,7902dd37-4eb2-403c-896a-bda07a042dde
1999,1999,Conrad Black,Eraser / Half a Day,9dc20638-1bd8-48de-91ee-6154ed530b9d
1999,1999,Consequence / Natruel,Nobody / Natruel on Top,4af69cd9-da39-34b4-9fa5-1f6c8f9ce1b7
1999,1999,Console,14 Zero Zero,bad52720-48ce-396c-bf8b-6464145e38ee
1999,1999,Console,"Buy 14, Zero, Zero",c8988d3e-b2bf-3150-969b-e244c41416bc
1999,1999,Contour,Congo / Ruff Turain,00fdc1ff-53ac-4ff7-8a02-4f3920f2d225
1999,1999,Contract Killaz,Jagged Edge / True Fear,95a7d4e6-0f83-4470-8081-30d8c198a610
1999,1999,Control,Shock Recall / Multiply,7328a145-b80c-4177-bdfb-d9a6c1270bc4
1999,1999,Control Freq,Satellite,4f2f1c97-c9de-4017-8ec6-e1baf07b7686
1999,1999,Control Machete,Danzón,8f161c51-7d1c-3253-817e-8c236408b69d
1999,1999-04-21,CONVEX LEVEL,dream e.p.,2c28eb9b-0c9a-4763-9d58-a3623d082760
1999,1999-08-04,cool drive makers,Call my name,43bd9a5d-9edd-499c-aa6e-6992a7432cc9
1999,1999-10-14,cool drive makers,あなたがすき,b698a76a-f20a-415f-82e1-c0b98d339aac
1999,1999,Cooler,Disco Sucks,b67cf760-1629-30ff-8816-7753ecfc7e05
1999,1999,Cooler,Supersod,3dc5115b-59b6-4234-ad69-773f2be225f5
1999,1999-06-14,Cordalis,Heisse Nacht,1fdeb7be-e491-4a52-9441-27d0e03c4491
1999,1999,Corduroy,Moshi Moshi,8bf2aa92-e0e8-43fd-9adc-75ef2c423f4d
1999,1999-09-20,Corduroy,Thing For Your Love,bcd085d4-e498-381d-8373-f26b843ee91e
1999,1999,Corellian,Fathoms,f3d85e9c-f9b1-3334-8be6-ccbcfc0f8ebe
1999,1999,Corrections,"Mailorder Freak 7"" Singles Club (November)",1d09a998-4bb8-4765-838f-77d97f6b98f9
1999,1999,Corvin Dalek,Pounds & Penz,b0da69df-6847-34e2-a509-49d47d131e87
1999,1999,Cosa Nostra,Going Out Of My Head,a507698a-6170-434a-bcb7-6be06c7a6a76
1999,1999,Cosmic Baby,Sketches in Spring,9154ca86-1253-4e23-833c-2a3c26f2eddf
1999,1999-11-12,Cosmic Gate,Mental Atmosphere,7ec14d54-f1c2-4624-9f83-89e397efd787
1999,1999-03-23,Cosmic Gate,The Drums,1f975225-74db-4200-88fd-18ebd76cbcab
1999,1999,Cosmic Junkie,I'll Make You Sick,3a04015a-f8ef-4d78-8a15-f5f00f595f2f
1999,1999-11,Cosmicity,Self Involved,6665668c-9848-393f-8c16-515ad78fd372
1999,1999-06,Cosmicity,Too Far Gone,718e6824-4242-3416-859a-1af957457a41
1999,1999,Cosmo Kid,Cosmic Meltdown,b88f319e-e067-4e9e-b609-205ee0394b77
1999,1999-09-06,Cosmos,Summer in Space,cb88656e-5968-36de-a293-00fc48d35583
1999,1999-04-26,Cosmosis,Doors of Perception / Do It (Teutonic Technoid remix),2799dbe4-3639-3764-935b-cb1906b30b47
1999,1999-12-13,Cosmosis,The Spirit World / Visitors,1ea3390f-4484-36dd-9495-a8d0b8479e84
1999,1999,Cotton Mather,My Before and After,abcef498-b7f9-45cc-b8c1-70779d832d73
1999,1999-05-24,Cotton Mather,Password,1b5a2db7-4f20-4d2d-a2a1-92316850806a
1999,1999-02-08,Cotton Mather,She's Only Cool,4e06f448-966e-43a4-a4b2-b9e4dd236128
1999,1999-01-23,couch>>case,4 bit FILTER,6f4a47fb-08ab-4aa9-a351-fd46c0f4c313
1999,1999,Count Basic,Licence to Kill,10a79f8b-e2f0-42d2-b0e7-6a479591735a
1999,1999-10-15,Counting Crows,Hanginaround,b8082527-f7f9-3ebd-9986-f9fc96576a6e
1999,1999,Counting Crows,Mrs. Potter’s Lullaby,659fc657-01c5-4640-8a28-a610edad28e7
1999,1999,Cousteau,Ring The Bell / Dub The Bell,9f83bffe-9c53-4864-836b-5733d460498f
1999,1999-10-18,Covenant,Tour de Force,0baec40c-5e1a-354c-b6d1-ca59ea20059a
1999,1999,Cozy Creatures,Espionage,1747da16-0393-3538-8f48-d40a85f31458
1999,1999,Cradle of Thorns,Faceplant,debad532-8323-4328-8656-3a7875570e1c
1999,1999,Craig Burger Queen,Luxury Unlimited Orchestra,256be299-072a-36d7-a2cc-07c361390dce
1999,1999-08-23,Craig Smart,Senorita,0be653b9-f616-435d-b573-9ae5ea14fdac
1999,1999,Crash Bone Babies,CRASH!!,dc9df495-d594-43db-a626-512bc229a2e9
1999,1999,Crash Guard,Signal Path,cb23d015-9973-466a-8ce2-36f19d543c54
1999,1999,Crash Smash Explode,Zombie Lights,f04bd7d3-2249-410b-b330-27280913e4ea
1999,1999,Crash Test Dummies,Give Yourself a Hand,b76df9a3-20db-3ccd-b688-b1073e663d39
1999,1999-06-14,Crash Test Dummies Featuring Ellen Reid,Get You in the Morning,e88467f0-9121-43d3-9826-dea06db4d792
1999,1999-09-20,Crawlspace,Lesson,db0fd56d-42b4-3d22-b697-219091dcd024
1999,1999-01-21,CRAZE,アイスルココロ,01a43f30-84fd-4495-bde1-331c17261e2f
1999,1999,Crazy Malamute,Can't Get Enough,12a40fdb-110f-350f-9390-51a7cac9e45a
1999,1999,Crazy Town,Butterfly,db47b821-bded-36cc-977c-514e6ecc2618
1999,1999-02-10,Crazy Town,Toxic,47a0b3bb-dd59-3263-93ee-6cb886998247
1999,1999,Creed,Higher,fc5f7928-d129-43c9-8292-6e31c515e639
1999,1999,Creed,With Arms Wide Open,3b862280-363c-4744-9723-fa3d435ab4c0
1999,1999-01-01,Creeker,Every Day,1b42fcd4-11dc-4e22-a555-b764c89fd4b5
1999,1999-01-15,Creeker,Walls (Apartment Version),6652ddc3-8579-4aa4-a6bf-18f68fdb4d42
1999,1999,Crematory,Early Years,9d7bfca5-ba3e-4948-9770-24735d4553c4
1999,1999-02,Crematory,Fly,a3e3798f-0c0c-31a0-9d25-88bdeaf7faa8
1999,1999,Creme de la Creme,Diese Zeilen,7096dcfe-d02c-40c3-b688-bb3274a0bb46
1999,1999,Creme De La Creme,Einer Von Vielen / Haschisch Kakalake,5064fd51-5c80-453b-b1e7-346dbe3a247f
1999,1999-07-02,Creutzfeld & Jakob,Partner Teil 1+2,126f8903-199f-338a-abe1-1bb11a50dbef
1999,1999-01-22,Cries in Blue,季節の彼方に,cd3f11e1-674c-4e9e-8646-cdb3394ffdbf
1999,1999,Crisp & Chewy,Hip Hoppin / Rockin So Hard,1c671798-8562-43df-b57b-554d2bb11552
1999,1999,Crispy,Mr. Dinosaur,c0e1d96e-b1b2-4b15-89cc-5d9d49f12d8a
1999,1999,Cristian Vogel,General Arrepientase,542cdb8b-e338-36e0-9454-5bcda9738638
1999,1999,Critical Point feat. Vikter Duplaix,Messages,890f572d-4c3d-37fa-bd46-beb36a86a789
1999,1999-02,Crocker,Box Energy / Silbersee (remix),75cb3531-b1b8-33c4-a1a6-bb95405a30c8
1999,1999-12-24,Croire,Acid Rain/苦光,d834a6cc-6bcb-41ca-bb1c-3a1c9d9617e8
1999,1999-08-25,Cronus,美しい世界,86ff5e4a-bbdd-4940-bd39-292752836c43
1999,1999-09-21,Crooked Fingers,Atchafalayan Death Waltz/Juliette,96201308-f834-3710-9656-9f2c766f3e75
1999,1999-12,Crooked Fingers,Broken Man,28dc2e78-bcf1-4cf7-a53c-436700827be8
1999,1999,Crossfire,Be My Ambition,d8d1b46f-6701-332f-9030-c9d6d575693b
1999,1999,Crosstalk,Det gäller dej och mej,64eb8159-fae0-3559-96bd-047db1e3edf7
1999,1999,Crosstalk,Love Somebody,98183b8d-9d5b-4549-8caa-1320bc6b16ba
1999,1999,Crosstown Traffic,The Twilight Trilogy,8633f80a-21d6-43ff-99e3-05d4236b2f96
1999,1999-07-01,Crystal Kay,Eternal Memories,1817b221-468c-3f42-ba3e-82fdc6d06184
1999,1999-09-08,Crystal Kay,TEENAGE UNIVERSE ～ Chewing Gum Baby,95d28db8-e8c6-354a-9b8f-10caf7730fb2
1999,1999-11-03,Crystal Kay,こみちの花,cd4865c4-805a-3a79-beea-41b2390f6e23
1999,1999-08-30,Cuba,Black Island,56af4ed9-a022-34d6-905c-1d4641b26763
1999,1999-11-01,Cuba,Starshine,8411ee32-cb06-3333-90d5-e437cce6caa6
1999,1999-12-13,Cuban Boys,Cognoscenti vs Intelligentsia,babced0b-2310-3b22-9e5c-2ab1d5f51902
1999,1999-02,Cuban Boys,Oh My God! They Killed Kenny,893d7e42-894c-4803-8232-e631fd5eba93
1999,1999,Cul de Sac,"The Portland Cement Factory at Monolith, California",84aea0d5-7af0-4482-a28a-4348bdfe4423
1999,1999-11-08,Culture Club,Cold Shoulder / Starman,41efc135-67f6-4e4e-b65e-c3585f934566
1999,1999,Culture Club,Remixed,e6bac391-155b-452e-9a08-59528711a884
1999,1999-06,Culture Club,Your Kisses Are Charity,e2af985d-7adf-4d5b-9bac-43312f570de2
1999,1999,Cum,Cum,2976eb3b-efad-4495-88a4-d39b45401825
1999,1999,Cunnie Williams feat. Heavy D,A World Celebration,9fd25a47-8ece-4947-af7c-3fab4aee0524
1999,1999,Current 93,Misery Farm,40d2351c-ae8c-313b-8ad3-3e5730e04cd5
1999,1999,Curse,Doppeltes Risiko / Kreislauf,6b653a8e-f422-30dc-8441-d9b2ea19aa98
1999,1999,Curse,Erfolg / Remix,762b08a8-7684-3917-bdcc-445c3120a5d8
1999,1999,Curtis,Cheap & Toxic,6a9568c4-b747-4a16-b9ed-1400e137c2f7
1999,1999-07-12,Custard,(Feels Like…) Ringo,f3ae81b3-1889-3265-9362-d08b26a558fc
1999,1999-04-12,Custard,Hit Song,6a9422be-8c2e-3e61-b055-b6446752dbff
1999,1999-11-01,Custard,The New Matthew,21f12f80-f63c-3fcc-84d1-e7a148f4a657
1999,1999,Cut La Roc,Makin' It Hot,42bbde05-0c86-4266-8d46-2ac9d1059405
1999,1999,cut_,Another Day,392e1f37-a4f3-4c7a-89c2-18a1191c1b59
1999,1999,cut_,Millionairhead,ffe822e6-2401-4c5e-8c5e-ac77c2257f8f
1999,1999,Cutthroats 9,You Should Be Dead,8955ec06-8ee8-4d5c-ae6c-e6355d93acef
1999,1999-05,CUVE,Real Drive,5ad79a1e-e98f-4ded-b367-b942033ac998
1999,1999,Cyberbad,Prodical / Nitro,49c79e8f-c18d-4022-8a97-5d266d44b659
1999,1999,Cyberdrive,Gravity,a1eba324-b857-4024-967c-7e712c8f5a97
1999,1999-03-29,Cyclefly,Supergod,9fde5b5f-fc4b-3a1a-be32-cebc6729a4f9
1999,1999-09-27,Cyclefly,Violet High,8fb9213f-b862-3749-a704-61e9a9363d7f
1999,1999,Cyclop,Every Day,934befc7-363d-49ae-a1d4-27f85d5ae0b2
1999,1999,Cydonia,Lightning Rods / King Of New York,e193198d-ead9-420f-be9b-bc0ae5f2d8cf
1999,1999,Cyfer feat. Jennifer Joy,My World Is Empty Without You,f702cfa1-a0fd-45b0-87c7-75b531008fd9
1999,1999,Cygnus X,The Orange Theme (The Remixes),ed360fe7-4bef-4aca-b70e-39e3d425403e
1999,1999,Cygnus-X,The Orange Theme - 1999 Remixes (Part 2),d1721c2f-911e-4dfb-9c89-632943fab606
1999,1999,Cygnus-X,The Orange Theme - 1999 Remixes Part 1,048c528a-b9a9-47df-93d4-d9b6d0b195dd
1999,1999-11-15,Cylob,Living in the 1980s,b9900444-747f-3e7b-a120-c24228022f63
1999,1999-12-01,Cymbals,My Brave Face,6273b9b5-b4ad-42af-9447-459caf5bcc31
1999,1999-08-25,Cymbals,RALLY,27d35239-000b-4770-90d0-0a83a667853d
1999,1999-05-08,Cymbals,What A Shiny Day,71b49852-24aa-4088-9b30-0045817b782f
1999,1999-06-23,Cymbals,午前8時の脱走計画,f84d8104-6d97-48d1-ae1b-154e8482b54d
1999,1999-08-03,Cyndi Lauper,Disco Inferno,72557cb0-a9c1-4597-b9d2-c74166297c33
1999,1999-08-03,Cyndi Lauper,Disco Inferno,c06be907-2a9e-3845-943a-65c2ca8e6f3e
1999,1999-10-01,Cynthia,SENSUOUS,e3c4d386-0334-3727-a294-28dcfc8bd780
1999,1999-03-14,Cynthia,白夜を舞う邂逅旋律,9511da4a-8d43-3a6d-b206-793edfb1e572
1999,1999-12-15,Cypress Hill,No Entiendes La Onda,d1db2160-e321-48c0-8bfb-bb6a7013da63
1999,1999,Cypress Hill,Worldwide,e6649950-5605-4dae-93d8-6a674e5ecafc
1999,1999,Czerkinsky avec Elli Medeiros,Tout baigne ! (dans notre amour),28a1487e-fdf0-4f84-b55a-15aa81265c0d
1999,1999,CZR,Chicago Southside,e28a128d-7dcc-4850-a754-60135b4a3017
1999,1999,CZR featuring Darryl Pandy,Bad Enough,bffd0daa-8efd-425d-a3e7-39e4825b8645
1999,1999-11-01,Céline Dion,That’s the Way It Is,00706326-11d5-3c4b-8633-8fe8449a5764
1999,1999-12-11,Céline Dion,Then You Look at Me (Theme from “Bicentennial Man”),13c37c58-f95b-4758-8735-38dda09e6355
1999,1999,C‐Block,Keep Movin',964d91f0-e867-32df-97cf-c2733256f0cb
1999,1999-11-22,D Product,Balanced,6563fe5b-5b7f-3675-961a-87b733f288f5
1999,1999-03,D'Arcangelo / Solvent,Diagram 9 / Feeling No. 4,e43c5350-027b-3ac2-9584-67d9c63850a5
1999,1999,D'Bora,Honey,3f53d93e-b408-46d0-87d5-044abe415630
1999,1999,D-Bop,One Hand Clapping,3b3987ef-5045-42c4-a652-b65f71cf9397
1999,1999,D-Ren 1,Bless the Funk,f40fd678-7af6-30ca-8c59-9b925b711583
1999,1999-08-25,D-SHADE,Dear...my love,678804b4-6116-4e5f-a174-76d06aa51ecc
1999,1999-04-28,D-SHADE,MYSELF,d87a9b7b-5c38-4c7b-8809-fafe50771760
1999,1999,D. Auguste,Not.2.Far / Web.Of.Deception / Sunset,38bf0b86-7e2a-49d2-a1b0-e2cc183800f3
1999,1999-12-20,D.A.V.E. The Drummer,Implant,129739d8-56ca-386b-a44d-6ecbe9495eda
1999,1999,D.I.T.C.,Thick,c69004b4-f62f-4f85-8b6a-0d9224cab705
1999,1999,D.J. Einstein,There Is a Star,cef274fb-2a48-44dc-8df0-33fec160090c
1999,1999,D.N.A,The Clock / Doctor Pepper,b3c59796-e9cc-464d-8824-345611ecdd3b
1999,1999-01-18,D.O.N.S.,Jack to the Sound of the Underground,19b3906d-9804-3613-9b47-0c3ab47a98dd
1999,1999,D.O.N.S.,Ritmo Infernal (La Fiesta),ebb65ba5-758d-49b6-b396-99cf812b7188
1999,1999-07-19,D.T.I. (Dub Technicians Inc.) Feat. Emilee,In the Thick of It,3f741298-e828-4cb1-a169-55ac94530e5d
1999,1999,D.V.,The Imperial March,a2c29ed5-c201-49f8-ace4-a809834b6a77
1999,1999,D_Formaz,Stargate,b8d90db9-14d8-3ae5-a9e3-d29a5e5bea1c
1999,1999,Da Brat,What'chu Like,f1bb034b-7c0d-4ff0-8a86-a1e30a6b819a
1999,1999,Da Buzz,Paradise,c5593a5c-7ccf-4730-8685-07bac69a089e
1999,1999-05-10,Da Click,We Are Da Click,9895b7e9-61c8-3596-aa14-cd6b148a2e1d
1999,1999,Da Digglar,House Music,66a86fd8-f39d-413a-bb7e-021c0579caa1
1999,1999,DA Electro,MegaDance1,077c1d19-8b97-478d-87fe-13f2720256e3
1999,1999,Da Grassroots feat. Mr. Roam from the Plant & Arcee,Thematics / Price of Livin',1404ea33-8d85-4784-b275-bef21c954b2e
1999,1999-08-16,Da Hool,Wankers on Duty,4c69d221-44c6-3db2-8a68-e875ec64b846
1999,1999,Da Lick Crew,[untitled],915e5eaf-f816-4ee1-9cce-55474e7df7e9
1999,1999,Da Mob feat. Jocelyn Brown,It's All Good,74484b08-2216-46e8-96a0-891f3788a306
1999,1999,Da Musk,You Are the One,a2a9d052-8027-4d61-8ab6-0f0cb476aa8c
1999,1999-12-10,Da One Away feat. Bémbé Ségué,The Mind,0d6e9818-0053-3243-a0dd-04dc23741e8a
1999,1999,Da Outsidaz,Macosa / Do It With a Passion,ada087d0-2576-4589-9270-a7025502c3be
1999,1999-06-09,DA PUMP,Crazy Beat Goes On!,5346af72-1b4b-46da-95a6-cb198edb1d94
1999,1999-03-10,DA PUMP,Joyful,315c7850-d8d7-481c-8798-01fc5edef478
1999,1999-02-14,Da Rick,Rumble,16a9221c-c75a-4d81-ae0d-d053a7a49002
1999,1999,Da Rubba Cru,Trippin' 99,5cfd5c4b-b183-465c-be3b-979f8263f824
1999,1999,Da Ruckus,We Shine / 150 MCs,e2363add-c6ec-413e-9bb0-cff9811cb2ca
1999,1999,Da Ruckus/Paradime/D12,High,fe83d9a1-a4ee-4a04-aebb-fdf797956a11
1999,1999-01-11,Da'vidノ使徒:aL,Da'vidノ使徒:aLと云うモノ,e7185521-856b-315e-968d-39846897e8f7
1999,1999-02-14,Daan,50%,3716712a-2a59-3b67-889d-041fe99839f9
1999,1999,Daddy Nuttea,Le Show,213dacdb-8a1f-4214-bf4a-dce692aad14c
1999,1999,Daddy's Favourite,I Feel Good Things For You CD2,c4f94ac7-bcbf-44a0-861f-18f3a581d9fe
1999,1999,Dae Is Music,It's 2 O'Clock,ab812905-8022-4f0f-a949-adce8880f4c0
1999,1999,Daft Punk,Untitled,9fb1c546-e3bb-4024-94a9-7fe2bd00ca46
1999,1999,Dagmar Frederic,Keiner ist aus Stein,65ed32d7-8aa2-4d10-b324-ece4ffa89a0f
1999,1999,Dagmar Frederic,Nur träumen?,a8e8277b-95f7-47a6-a82b-6cb69689492e
1999,1999,Dagmar Frederic,Safari,89748f8a-5445-47a8-9d03-25fe96f33294
1999,1999,Dagmar Frederic,Warum sind Männer keine Engel?,494698eb-a231-49d6-9109-7276dc64c448
1999,1999-02-17,Dai,State of mind,ec1675df-1ab0-460f-84bb-91c3ceb4a089
1999,1999,Dakota,Swirl,fad30076-f378-402b-a22f-a0eb8d054298
1999,1999,Dale Watson and His Lone Stars,Single Hey Don,c01f92fb-bf64-3f2f-bc0b-b8e85a70896c
1999,1999,Damhnait Doyle,Tattooed,8ae6efff-a539-48c7-96cb-81ee3a6991bc
1999,1999-11-29,Damien J. Carter feat. Mel Canady,Holding On,0d4dab06-1a80-46d6-a764-930b53a9134e
1999,1999-05-10,Damien Jurado,Letters & Drawings,2ac90e3d-626d-490e-bdb7-495b5d634a01
1999,1999,Damon & Naomi,It's All Over Now Baby Blue / Yoo Doo Right,061d62c3-0cdf-4997-9402-640fe440c460
1999,1999,"Damon & Naomi, 馬頭將器 & 栗原ミチオ","It's All Over Now, Baby Blue / Yoo Doo Right",5c1038ee-7ac2-4541-9f88-5758de3e12f3
1999,1999-06,Damon Wild & Tim Taylor,Bang!! (Claude Young's Vox Worx mix),126b8325-1eb1-3727-b3ff-ce4b11ed311d
1999,1999-05-20,Dana International,Free,df21bd4d-322f-3437-8f06-e77e8af54aaa
1999,1999-02-25,Dana International,Woman in Love,eb844e24-0789-3210-931f-e72dbaad7b3a
1999,1999-04,DaNaCeE,Shop Around (Before You Get Down),753cc970-dfa0-454e-ac65-e31aa1643717
1999,1999,Dance Hall Crashers,Beverly Kills / Everything to Lose,6649905b-0e07-4d6b-9a43-507d64f9d46d
1999,1999,Danceteria,Baby One More Time,2a2ef4d9-65be-465e-aa05-7dcb701111a3
1999,1999,Danceteria,When You Believe,41fa3c10-b9a1-45ef-bf44-6ed9dd5f9ee7
1999,1999,Danger,Phase Ill,9811434e-a890-4b65-a289-4601cf2d1238
1999,1999,Daniel,Love Will Keep Us Together,3808e9a4-d56f-47a6-8afb-d05f94a9c6c9
1999,1999-03-22,Daniel Aminati,My Greatest Love,49e86abd-b0a5-49e9-98e7-e420dc5652f9
1999,1999,Daniel Chenevez,Apprends la patience,2023acbf-e4f9-4634-bd7d-5d6f2c56bd16
1999,1999-12-06,Daniel O’Donnell,A Christmas Kiss,027d14c9-4a92-3fd2-ab3c-eda7f0f8cb71
1999,1999-03-08,Daniel O’Donnell,The Way Dreams Are,8423b168-eb25-349e-a8ba-dfb6a4ada803
1999,1999,Daniele Silvestri,Aria,e3cad2e2-d6cb-31b5-a2d1-44978cf32558
1999,1999,Danke Anke feat. Georg S.,'tschuldigung ... ficken?,6fcf8d15-b238-3af3-a76b-ca6eeff0f436
1999,1999,Danko vs. La Camilla,Russians R Coming,04cc047c-6563-4aa9-9db8-83bb99a8a2f5
1999,1999-01-18,Dannii Minogue,Everlasting Night,206427a6-e051-3ded-807b-00519960d06b
1999,1999,Danny Breaks Meets AK 1200,Porn Star Style,9c847a09-386b-48b8-91ba-e1f5ffeffb34
1999,1999,Danny Holland,Hey! Halloween,3a858ef8-5fda-4e06-8e3c-e1c1b863d7c6
1999,1999-01-18,Danny J. Lewis,Best Friends,3ca1186f-1f9b-412c-b951-7a78a8c3d8dc
1999,1999-03-16,Danny Tenaglia feat. Liz Torres,Turn Me On,9b468143-eb96-307e-98b6-fd442e2665e7
1999,1999,Danny van der Kracht,Ik heb een koe,25fb1b8c-8206-3a71-b7f1-23fa251c5ae9
1999,1999,Danseorkestret,Engel,4838247d-69e9-4725-a5c0-b815f5f3a0cc
1999,1999,Daomen,De là où j’émerge,4b5e6bba-711a-4f49-97e7-1b11ad5004e0
1999,1999-09,Daphne & Celeste,Ooh Stick You,7f9e3ff0-165b-4f1d-af39-f48ec26b5963
1999,1999-11-29,Dario F.,Ave Maria... Oh Mary,ed3017aa-7c53-3f13-b20a-de169655e6c8
1999,1999,Dark,The Cradle of Darkness,4c80a093-4342-4c9f-9414-aea5fcb4746c
1999,1999,Dark Palace,Impact,be9675b8-83de-45f5-9117-47023c8513ee
1999,1999,Dark Soldier,Challenge / Servo,19fb4e9e-8bc9-4bfb-9a13-ee640decdcf0
1999,1999-06-14,Dark Star,About 3am,1e6786cc-a0e3-3ded-8419-c258cf6c7d01
1999,1999-03-01,Dark Star,I Am the Sun,4057cff1-c465-31b2-a0c0-d66e8a2daf73
1999,1999,Dark Tower,The New Outlook,ff367c17-73b5-3746-a442-164e6e9ea47e
1999,1999-08-02,Darryl Pandy meets Nerio's Dubwork,Sunshine & Happiness,a6b27c15-8c69-3286-841e-0ffb8d956b8b
1999,1999,Darshan,Digital Damage / Freaky Frequency,c1a72194-2722-3d8b-aa11-b0aeb53b10bd
1999,1999,Darude,Sandstorm,19d294b1-25af-35da-9933-eae031c51292
1999,1999-10-11,Das System,Ohne dich,58d31bcc-7471-4184-aa51-05fef95cb92e
1999,1999-09-29,DAS:VASSER,≠,c58177f0-ef1d-32ec-b124-92de6bfd1888
1999,1999-09-05,DAS:VASSER,輪廻∞転生,5d7dfe37-29b4-488d-9a4e-df6c1092741e
1999,1999-03-09,DAS:VASSER / AZALEA / Distray,SCENE OF DECADENCE,916eb845-34dd-439c-bb99-3e6455eb26cb
1999,1999,Datura feat. Ben,I Love To Dance,fd3dbde6-1d3d-4bee-8999-dc62074a57d9
1999,1999-11,Dave Audé,Push That Thing,93659ced-e2be-38bd-81a1-db028fe04e61
1999,1999,Dave Hollister,Baby Mama Drama,b7e8bce5-c041-497c-8f42-246a020c6e13
1999,1999-08-30,Dave Kay,Hypnotizin',7240b739-32e5-421a-af45-fed76388cd51
1999,1999,Dave Lalla,The First Contact,b816642f-f986-3ebe-9ec3-8b26cd447292
1999,1999,Dave “All Good” H & Cisko,Bonnie & Clyde / How Good? (remix),ea0cb069-8d77-453c-a178-4cbcc356881a
1999,1999,"Dave, Domino & Virginelle",Anniversary,cdb834d7-d600-474a-bf48-084e9d2a9e84
1999,1999-10-28,David Alvarado,Klugh,e953eb0d-5a91-31dd-b1ff-40ca06f83aa4
1999,1999-11-16,David Bowie,The Pretty Things Are Going to Hell,9b848d8a-c9d4-4087-9e61-ec3432553865
1999,1999-09-20,David Bowie,Thursday’s Child,3a5f94d1-5af4-369c-869a-9d2e4cec540c
1999,1999-05,David Duriez,The More the Pitch Is Wild,050d4c63-317d-3c93-8636-1461381097f4
1999,1999,David Ginero,Things I Wanna Do,0d97c9d3-5313-4b10-83f7-c80f29589270
1999,1999-07-12,David Gray,Babylon,c465fdcd-09d7-4807-93ca-fa0cbcc4f125
1999,1999-11-15,David Gray,Please Forgive Me,d4675c23-64b6-30c5-aefe-fb3a87a4757e
1999,1999-03-08,David Gray,This Year’s Love,80421e33-129a-312b-9bd8-5097e16c177f
1999,1999,David Hallyday,Pour Toi,6770bcf6-b74e-4dae-a6c7-f17bb11fcc02
1999,1999,David Hallyday,Tu ne m'as pas laissé le temps,b5c10c91-81bf-3e24-a308-d13430874b89
1999,1999-01-18,David Sylvian,I Surrender,73ca672f-54a5-37a0-93b9-a6917d606361
1999,1999,David Tainton,Watch Me Now,51a69482-862b-4c4b-a360-25274637920d
1999,1999,David Tainton,Watch Me Now,58f59979-e6ca-44b7-ab4e-9ddee7f6576d
1999,1999,Davide Van De Sfroos,Per una poma,e8d52189-0565-394a-8891-de98e2054cb8
1999,1999-11-08,David’s Daughters,Dreaming of Loving You,265c4aa9-e116-3982-9d96-280badf97ece
1999,1999,Davinah,Sunshine (After the Rain),33bbb693-e010-4445-88d0-90b9db048747
1999,1999,Davy Gilles,Dicht bij jou,63ea1beb-4a93-4216-a782-19836aef45c7
1999,1999-04-26,Dawn of the Replicants,Rule the Roost,e5ee82a6-93b1-3e5b-8b77-26058c3b1dc7
1999,1999-07-26,Dawn of the Replicants,Science Fiction Freak,5bca0ed7-671d-34a6-a5b7-41993e42d26e
1999,1999,Day One,I'm Doin' Fine,2debc936-dc0b-4a66-aa04-4ff67ad7f5fb
1999,1999,Day One,Waiting for a Break,3ed4bad0-833f-413c-a4bd-6c3d4af440ae
1999,1999-07-05,DaYeene,And It Hurts,99bf8fb9-2751-3adc-883a-428ecfa9aee7
1999,1999,Days of the New,[Days of the New],f4a2af75-7a33-437a-bf38-b23043f22c15
1999,1999,Days Of The New,Enemy,c3881862-cb8b-4547-8c1e-506f122d68a0
1999,1999,Days of the New,Weapon And The Wound,2ddccf8e-8c6f-4516-bca2-39a37a42fcce
1999,1999,Daze,15 Minutes of Fame,db9486c6-bbe9-3885-ad4e-968794cc8763
1999,1999,DAZZLE,GASMASK/BLOOD OR MACHINE,ca93aa2a-d027-45d9-8d8c-4dfb5cbeb7b2
1999,1999,DC Project,Deep Freeze / Fascination,146ed5ed-fbc0-413c-97ea-3050ebbfb611
1999,1999,DC Project,Sundown,744fd2af-252e-4d1b-9090-1e62fb3256c5
1999,1999,DCS,Feuer / Stift & Papier,80321a99-46a3-4034-8d8b-e12d5658d4c5
1999,1999,De Funk feat. F45,Pleasure Love,fc2a9cb7-e07d-4033-a41f-fe60f1bdf33f
1999,1999,De Kakkewieten,Universal irritant,c2a15cd9-3a54-44aa-af08-4fc830431f7c
1999,1999,De Plattfööt,Nie wieder Mallorca!,7e9e5d75-ad84-4d8b-b82f-c1fb08f6f50c
1999,1999,De Poema’s,Mijn houten hart,40c9d88c-ba57-3796-861f-ab54ed35331a
1999,1999,De Räuber,Titicacasee,3ae03c85-a7fd-3e36-8b7d-e48e18ab8e93
1999,1999-11-08,De Souza feat. Marcelle Duprey,Keep It Coming,519fe7a5-0304-4be9-b5a8-84914ef2bb42
1999,1999-01-08,De stijllia,代償,5da3d679-ff54-36dd-ba62-b4e60c346509
1999,1999-07-17,De+LAX,beat'N'message,a4ee4982-e646-4adf-b512-4a508a88c92d
1999,1999-10-21,De-ARK,14番目ノ鐘ノ「声」,7ceb39a7-b8cf-4ac2-901d-6a4041ef16a1
1999,1999,De-Phazz Support Marcel,On The Beach Feat. Balage (Remix) / Godsdog In 6 Minutes,a81b6a56-68a9-4492-9e3d-d52288dea057
1999,1999,De/Vision,Foreigner,cdc1cad1-467e-4e2e-b2f1-ef1a9a16d329
1999,1999,Deacon Blue,Jesus Do Your Hands Still Feel The Rain,85ad25f5-20b1-3c92-b01e-6540f2691d70
1999,1999,Dead Blue Sky,Reduced to a Whisper,1f7e8916-e6ec-4034-973b-91a4e56178e4
1999,1999-02,Dead Man Ray / Gore Slut,Brenner / Crawling to Target,be642078-75e1-4ded-82f2-23dd64e779bf
1999,1999,Dead or Alive,You Spin Me Round / Sex Drive,f7e35e40-44ad-3cb1-8db2-870d8018bc5d
1999,1999,dead prez,Hip-Hop,700401e0-7ec0-4cb8-bad4-d64b7f0d3fea
1999,1999,dead prez,It's Bigger Than Hip-Hop,4ab74597-84c6-4e36-9439-0b8a0e123bfd
1999,1999-09,Deadbeats,Got It Goin On,e1e100d8-926f-3069-bad3-774ac3d773b3
1999,1999,Deaf Nuts,This Is Not a Love Song,49952007-be41-36ab-9fd6-ce9798362f7d
1999,1999,Dean Martin,Sway,854d34c1-4e5f-3a98-a24a-23d712c154ef
1999,1999-11-10,Dear,Song for…,166625e9-bec4-33fa-b457-4def4c544fb1
1999,1999-11-10,Dear,Song for・・・,2b629c01-e414-4ce9-abcf-1ea40fefa5e1
1999,1999-09,Death Cab for Cutie,Prove My Hypotheses,b1344ba2-bfb1-379f-854b-1e46702763eb
1999,1999-11-30,Death in Vegas,Aisha,114c1ff2-6b27-350f-b97f-a9c07cd47979
1999,1999-11-01,Death in Vegas,Dirge,9d53c79b-2002-3261-9be3-cf5ebf6b62ec
1999,1999,Death in Vegas,Neptune City,deecc43b-289a-362f-b2c8-38caddba86c6
1999,1999-01-01,Debbie Scott,Kiss Me,c825e7ad-a4a9-44c7-bf53-0ae3fce1865a
1999,1999,Deborah Conway,Happy New Year,e6f9dd92-07b9-4cf4-9d48-d70bbb596c4f
1999,1999-05-11,Deborah Cox,It's Over Now (The Remixes),56da4c32-9c18-4887-b1db-6b05ad91c621
1999,1999-05-04,Deborah Cox,It’s Over Now,ac0230f8-793f-4f5d-9ccf-4df1b161fb0b
1999,1999-09-14,Deborah Cox & RL,We Can’t Be Friends,16c83d16-dfff-4662-8513-d4f9ad209742
1999,1999-09,Deborah Franco,Open My Heart,a6bed9ba-7231-3f74-8142-bfcd52c90163
1999,1999,Decay,45 Seconds,15640e43-126b-462b-b23a-3816b7d4325f
1999,1999,Decay,Think About It / L.O.N.D.O.N,426196e2-b882-4625-84dd-e8bd9b615f85
1999,1999-06-21,Decoder,Dimension / Fallen,7973c8de-829a-372c-8928-b6bae74e6a49
1999,1999,Decoder,Hacker / Falling,52f337f5-bf30-488f-a439-3ed4ee949dc8
1999,1999-07-17,Decoder & Substance,Heist / Curvature,c67b8240-fe7b-32de-9df1-58c7fc5aadca
1999,1999,Decoder / Technical Itch,Headlock / Deception,b9fb99a7-a776-4d4a-8926-fc13b2128906
1999,1999,Decorum,Contrax / All Mighty,331931f1-42e4-3f6d-bc53-2d5067b21ca7
1999,1999,Dee Felice Trio / Los Brasilios,Nightingale / Brasilian Beat,49ae86e4-6317-495f-b4bc-7b2b638aa1b2
1999,1999-02-15,Deejay Kaos,Eternal Flame,89ff038a-9364-4c0a-9f3b-0a69eb2ba1dc
1999,1999,DeeJay Punk‐Roc vs. Onyx,ROC-IN-IT,f2fbc049-afd0-4bdc-a5d2-c7df79b553f9
1999,1999-06-23,DEEN,JUST ONE,1a64f151-2380-3827-8fe1-4a0521fc929e
1999,1999-11-03,DEEN,MY LOVE,67dcac6d-5fdb-3352-8c35-4a2ea5fdd5ec
1999,1999-03-25,DEEN,遠い遠い未来へ,bc0e4e24-4948-4bfd-b9ad-f725517045be
1999,1999,Deep Blue,Respect / Sweet Taste,7a754d5d-b360-3876-88ef-e3b6cf4eb1dd
1999,1999-07-17,Deep Cover,Breakthrough,a57f34c8-dd35-46e7-8b43-4522fd75c3c0
1999,1999-11,Deep Dish,Mohammad Is Jesus...(remix),9e2c21e7-e308-312e-97ab-c32aa5076f5b
1999,1999,Deep Obsession,Cold,4923849e-b51d-3953-aa13-7022eb6b29d1
1999,1999,Deep Obsession,One & Only,8f5c1601-375e-33d7-873c-fda8f065e1fa
1999,1999,Deep Puddle Dynamics,Rain Men / I Am Hip-Hop,f446dd32-ffac-35b5-b36f-ac4b94cdabf7
1999,1999,Deep Purple,Australia ’99,543f3ea4-0581-441e-85fa-1cf77bc002c0
1999,1999,Deepflow,Inside Your Soul / Aquatic Elementz,cdf8920c-28e7-4447-a91c-7df4397e2abc
1999,1999-07-22,deeps,Heartbreak Diary,678ff956-8699-4f86-ab0e-13a0357062f0
1999,1999-04-19,Deetah,El Paraiso Rico,4ea1182d-5f91-31ea-94c9-15d655142172
1999,1999-04-06,DeeVa,Genug ist genug,b6bf8eef-128f-386b-8d14-008eae50c282
1999,1999,Def Bond,Old School Love,dd90e079-d0ce-46d7-8dd8-f192623ae5b2
1999,1999,Def Key,Cardio / The Edge,14e27e05-6eb6-4001-8bc6-3b926e59cfbc
1999,1999,Def Leppard,21st Century Sha La La La Girl,65bf3bb9-34ef-4858-b491-0a73b7d3571a
1999,1999,Def Leppard,Day After Day,4a1f565c-25b9-466d-8ac7-96f5d67c7d24
1999,1999-09-22,Def Leppard,Goodbye,5eea7604-4ccf-3da4-8847-dda3723c9479
1999,1999-07-12,Def Leppard,Promises,8c05d7a8-c391-3c6b-830c-affd6bb1129f
1999,1999-04,Def P,Nuchter,955c5a77-73f2-33f8-bb36-ce10b3dcec31
1999,1999,Def Rhymz,Doekoe,aea85c2c-725e-3677-825e-2a23e7933904
1999,1999,Def Wish,Disturbed / No Faith,dda3f2ec-a121-43cc-a2fd-656d25e08676
1999,1999,Def Wish,Time / Lost Contact,0bd08d5b-0708-4d3f-8965-d9bb51f88184
1999,1999,Degree,Signal / The Composer,53cdb9d3-535e-4f9b-8419-b793fda1dc06
1999,1999,Deichkind,Kabeljau Inferno,1c169f53-9ac1-3ab3-9d70-c0a9b15f1234
1999,1999-10-11,Deine Lakaien,Into My Arms,40b815c6-c2b8-3a30-832c-83e9e7420d7f
1999,1999,Deine Lakaien,Return,3a610f10-57eb-3e4d-aa4a-f3f38122e5f9
1999,1999,Dejavue feat. Black Kappa,Made 2 Chill,06479831-e5f6-3db6-98ca-2d258d2d3c7d
1999,1999,Dejure,Sanctuary,e376a2d7-6208-3043-aaa2-39b8aa1ba399
1999,1999,Dekkard,Trinity Spirit,7f5cb5ec-b353-422d-9228-945d0f3b1a02
1999,1999,Del the Funky Homosapien,Phoney Phranchise,7c2d8655-cedc-44f8-9b67-60b5c4b10bf3
1999,1999-02-01,Delakota,555,a0f3cdd9-e0a7-3a14-8e60-cc2f10cb7e4b
1999,1999,Delaware,cAn_i_LaVa_?_LaVa_,3bf27cc8-2ea9-369c-b4ca-ddb510aa960e
1999,1999,deLillos,Nå vil vi til Sverige,192e7547-6c43-4ba9-a8a5-054f7c6c4802
1999,1999-03-15,Delirious?,See the Star,1477295a-6484-3534-829d-33e7dd346bea
1999,1999-10-18,Dem 2,Baby (You're So Sexy),f829d65e-bcd3-4477-bc80-be4809d8b1fe
1999,1999,Demon,Lil’Fuck,bc457ed7-5fcd-4f94-a100-bcb7b9d29ea2
1999,1999,Demonism,The Change Was Made of Madness,8ad1ea47-55c0-41bf-9319-06acd27eb0c8
1999,1999,Demons & Wizards,2 Track Promo CD,3894da8c-9b2f-435e-8126-a5795f005278
1999,1999,Denez Prigent,Denez Prigent,0beb8036-9e85-4bf9-a8a5-6fef02bb3446
1999,1999-06,DeNiro,State of Mind,ee027dad-fc59-4f9d-91d1-58f005f56b57
1999,1999,Dennie & Anita,’k Heb de hele dag aan jou gedacht,311d979c-f8b2-44a3-8b79-ad698aa87346
1999,1999,Dennis Deutschland,Style Liga #2: Scharlatan / Voulez-vouz,3a6892fa-dc9b-3d89-ac4a-118602406d4a
1999,1999,Der Blutharsch,Der Gott der Eisen wachsen ließ,d8143ede-adad-36f3-8ed2-7fd98a77a935
1999,1999-05-03,Der Dritte Raum,Polarstern,0fc5bebf-839a-3903-870a-2d2f1de7e45f
1999,1999,Der Dritte Raum,Polarstern Remix,ff8493c2-6e15-443e-b0a3-c938f634cfac
1999,1999,Der Klan,Ultimate Chiefrockers,f7958315-28c0-4d2c-a243-a1203a008663
1999,1999,Der Verfall,Der Verfall #2,b1258abd-2831-4059-9b8b-0e1c9aa7f55a
1999,1999,Der Verfall,Vater unser,dbfc21ee-ab1f-3900-aa2e-0828c3deabb8
1999,1999,Dernière Volonté,En avant !,58a4e6d8-b863-318f-874c-18a125e2afe1
1999,1999,Derozer / Gli impossibili,Giorni duri / Punk rock,ed17ccf4-36b8-3239-aa34-aa52c2370101
1999,1999,Des Mitchell,(Welcome) To the Dance,e07ce5de-11b3-3ceb-8cd9-8ec7dea2da41
1999,1999-06-15,Destiny’s Child,"Bills, Bills, Bills",2e74a003-0414-418d-ae24-cb6030f2370c
1999,1999-10-18,Destiny’s Child,Bug a Boo,ae6c6f1c-fda2-399c-8c6c-03dda48c6bfc
1999,1999-10-14,Destiny’s Child,Say My Name,be556c8e-6a70-3e8a-99fc-bddfcb2597bb
1999,1999,Destroyer,The Temple,ec90c52b-9346-4021-9dd9-2937e99c138c
1999,1999,Des’ree,Best Days,e514278d-6c5e-409d-b69b-cb930accf4f6
1999,1999,dEUS,Instant Street,5b66998a-60a8-3c88-b5f6-be003c023128
1999,1999-06-14,dEUS,Sister Dew,29769b54-7492-34f9-b600-a490f7e46d61
1999,1999,dEUS,The Ideal Crash,3fcfc3e0-21a2-3050-9eea-74908db91145
1999,1999,dEUS,Titres Inedits,c1c4a0c3-f754-4d6b-9994-354518dd068a
1999,1999,Deuteronomium,...To Die And Gain,1a00f287-a0de-3998-b3e1-ce17af4445de
1999,1999-10-21,DEVELOP=FRAME,Realize,d5fab4e8-d932-3927-ad92-23382c27d764
1999,1999-05,DEVELOP=FRAME,Special Package,5c1b20b8-42c8-46e6-95b2-2f4ec9ce5a7c
1999,1999,Deviant Species,Jughead / Bilboan Trance,76764ceb-6f4e-4874-a403-1aa2dcc147d8
1999,1999,Deviot,Wait Here,e2c50958-795d-38c1-9d0d-6f6c7fbe3b23
1999,1999,Devotion,When I,c044a42e-84b5-3902-9a3e-913df4fc1353
1999,1999-07-01,De‐Phazz,The Mambo Craze,5064dd89-e2c7-3c69-8564-aa0537dc59a0
1999,1999-07-03,Dharma,Dance To The Drummer's Beat,8b511fa6-84d5-4af0-af92-316e88c20242
1999,1999-10,DHL,Wiskey in the Jar,9c662673-9fe9-4c89-a8ab-a4af2c2f1568
1999,1999-10-09,Di Gi Carat,PARTY☆NIGHT,4adfb455-6fb0-40f2-962f-d487c4a6f0a4
1999,1999,Diablo,Princess,7a3f6547-c446-3434-8cf8-c74e4d671461
1999,1999,Diablos Locos,Si no la tengo,638ac36d-2562-41c4-b3d6-4c8d0c008124
1999,1999,Dial M for Moguai,Bang the Drum,e6f4033e-a6a6-3330-bc66-aff2e85e048f
1999,1999,Dial M for Moguai,King of Rock Remixes,eca7bd5e-5a7a-4fdf-bf8d-c39a5500e433
1999,1999-07-16,Diamantes,ディアマンテス/GO!GO AHEAD!,2eef87d0-6075-4899-b8ca-c40e2798e792
1999,1999,Diana,To Find a Way / Lonliness,e66efd26-4a57-40bd-bc7c-88bd895b9d8a
1999,1999,Diana Krall,Let's Face the Music and Dance,16b11dca-da3b-4473-bff9-aa718dce5816
1999,1999,Diana Krall,Why Should i care,f6d858c9-c457-4254-a598-0a59fd47a603
1999,1999-10-04,Diana Ross,Not Over You Yet,5c7a0105-33bd-3457-bac8-3eaf75084f28
1999,1999,Diana Ross,Sugarfree,c27ac6fe-e338-32f1-9a52-c77c7781815d
1999,1999,Diane,Laat me alleen / Een wonder,0a0e6f03-4778-41bd-bdfb-2f281deb7619
1999,1999-10-04,Die 3. Generation,Bitte nicht,12ba2e88-a027-3e8a-8e49-4da2fcc9d869
1999,1999,Die 3. Generation,Du bist der Sommer,20c3c2db-7de1-4341-a278-b220b7ff2ba3
1999,1999-03-22,Die 3. Generation,Halt's Maul!,9e04229f-3b0e-40b5-a07e-6cdfa7583d5d
1999,1999-10-19,Die Allianz,Boys,8acf0c33-c741-3bf6-b49a-92ceed0bccbb
1999,1999,Die Allianz,Knocking,4fd24679-608d-3a95-ba7d-d22d70b26c58
1999,1999-01-25,Die Alpenrammler,Alles wunderbar,8aa31c44-bb26-32d7-bd25-7d21152479ef
1999,1999-05-10,Die Alpenrammler,Nimm mich!,ea641178-4cc3-334f-9a91-5faa1ae0762a
1999,1999,Die Art,The Early Broadcast Sessions,07887253-de57-4a21-8249-97ef64ca1f31
1999,1999,Die fabulösen Thekenschlampen und Dirk Bach,Es regnet Jungs,ce4ee198-b6e8-4ae8-91de-a5abee9a7515
1999,1999-07-19,Die Fantastischen Vier,Buenos Dias Messias,a7cdb9b0-b2de-3edd-ab04-ccd943d916ce
1999,1999-07-19,Die Fantastischen Vier,Le Smou,44239009-58e7-30ef-8012-d25083e1dff2
1999,1999-03-22,Die Fantastischen Vier,MfG (Mit freundlichen Grüßen),5e1349c6-9c07-376a-a0be-3a8b2ce4d9bd
1999,1999-07-19,Die Fantastischen Vier,Michi Beck in Hell,f556638b-bfb2-34a8-a4a9-54b2a73ba998
1999,1999-08-30,Die Firma,Kap der guten Hoffnung,bb903cd8-762d-3f9a-9091-e7f006fa6464
1999,1999-06-07,Die Firma,Scheiß auf die Hookline,a5391853-d105-37e2-8f14-0d94cb3715d8
1999,1999,Die Firma & Gentleman,Das Neue Jahrtausend,3f38dee9-fc63-4ca1-a4d2-fb46f70fcd1e
1999,1999-11-30,Die Form,Rain of Blood,44f279b0-23dc-3a70-ad19-401d1c0e7d02
1999,1999-02-15,Die Form / The Nuns,Automatic Love / Anita,1350756f-a4f0-3b24-a274-e3a4598dbcad
1999,1999,Die Gerd Show,FKK (Everybody’s Free to Wear gar nichts),d8d7f846-f3f4-40ac-a6aa-11ada99f4def
1999,1999,Die Inselfeger,"Take Me Home, Country Roads",7819e455-88a5-41d8-96c9-cf431410abf7
1999,1999,Die Kreuzritter,Der Komtur,b0db97e1-1e3b-440b-a940-99cfada1deed
1999,1999,Die Paldauer,Düsseldorfer Girl,f7c8b62a-933c-476c-8a7e-1cbc63cc23ec
1999,1999,Die Prinzen,1000 liebe Worte,ba6a53fa-4d28-49c2-bfe9-c1527f658406
1999,1999,Die Prinzen,Sie will mich,6510bdfc-c6ef-4ba9-84d2-39d4185118a3
1999,1999-04-26,Die Prinzen,So viel Spass für wenig Geld,a6b7d1e5-7b03-4a7d-8882-146c2ac7cddc
1999,1999,Die Rachenputzer,Keine Ahnung,0a864228-a89c-4038-97f1-4192f5d59cd7
1999,1999-01-18,Die Roten Rosen,Auld Lang Syne,4ecbf29b-69bd-34a9-bd08-59c42e425f74
1999,1999,Die Sterne,Big in Berlin (Maxi),441e7c0a-58ac-4d0d-8502-a93553a0df26
1999,1999-09-24,Die Sterne,Das bisschen besser,eaf9f094-eb21-4253-9c83-798c7a3dd74b
1999,1999-10-25,Die Toten Hosen,Schön sein,d2b342bd-4ea0-339b-9daf-c8c4b53b8089
1999,1999,Die Vollkommene Sägeschranz,Part 1 & 2,344f8947-eb83-42be-bc3d-e63b07c84155
1999,1999-11-08,Die Ärzte,Elke (live),aeca781d-673e-3977-90ad-2895fe1fa84d
1999,1999-06-04,Die Ärzte,Rebell,8c448c35-68aa-3379-8a53-c8f71cc32a43
1999,1999,Diesel # 1,It's Magic,c1b6f204-2ef5-34f8-b85a-f6e6bba1a809
1999,1999,Dieselboy,The Descent,cb2a54d2-c01f-41ce-a939-1520b7f1d76e
1999,1999-10-13,Digger,Episode I,4b44c272-d5da-41c0-80d9-8b96e7c77479
1999,1999,Digger Dance,Digg It / O-Block Tempel,734e7dbf-922c-42ab-b084-f6cb85fe3bdd
1999,1999,Digital,Delay / Wrench,8cd5ade4-4a72-47df-a2c9-916d263e8e4d
1999,1999-12-06,Digital & Spirit,Phantom Force / Backlash,5a8efa4a-371e-3265-aab4-2a51195163a9
1999,1999,Digital Masters,Star Wars,90b27da7-59b6-4c11-964b-2ced86220027
1999,1999,Digitale,New York Doll,b76a0583-0968-420f-ac68-d5b3dd827137
1999,1999,Dignity,The Right Guy,043f53b9-9321-4815-9816-6d58e2008da2
1999,1999,Dike,Ein Tag So Schön Wie Heute,a3384c9f-5ebb-4e6f-bdfa-3e39a6bdef1e
1999,1999,Dilated Peoples,Rework the Angles / Guaranteed (12 inch mix) / Work the Angles (remix),62660ee3-b37b-43ef-b6b8-ffb04aca94a9
1999,1999,Dilated Peoples feat. Defari / Barber Shop Emcee's,"Basics / Music, Money and Women",0087902a-8ff3-4ebf-b0e8-5ec23af2c35f
1999,1999-05,Dimensia,NECESSARY,b8f5142e-3ad5-4896-9d5a-4b912923f179
1999,1999,DiMINISH,Feel That,c6f28bb1-c04f-4a46-b768-00cdd1f60797
1999,1999,Dimitri & Tom,Around,cca1d28d-858e-3582-bf54-e74233686eb9
1999,1999,Dimmer,Evolution,2220c231-6340-34c0-a7dc-c16ee655b296
1999,1999,Dina Carroll,Say You Love Me,03928f3f-55bf-4e22-9ab0-aba01c17e76a
1999,1999-07-12,Dina Carroll,Without Love,da904095-e181-3f86-967e-03c0e6b5a601
1999,1999,Dindi’s Khan,Lärm / Weltlicht,3b360d11-aed5-4e38-bf54-515b393d9569
1999,1999,Dingo,Sinä ja minä / Jokainen aamu,65dc893b-7e02-4b6d-8a8d-fa5f47e91330
1999,1999-01-27,Dip,Dread 204 / The Crying Game Single Mix,43a4b2c6-0a1c-4a76-92a8-5e6d84ab6da6
1999,1999-05-26,Dir en grey,Cage,4b1b922c-579d-3a17-b66a-c8fdfd71f00d
1999,1999-01-20,Dir en grey,ゆらめき,4f52eff2-754f-35dd-95cd-6c7e2862cd98
1999,1999-01-20,Dir en grey,アクロの丘,4769e5c7-7ecc-3251-8ab9-5fece1c122ce
1999,1999-07-14,Dir en grey,予感,9b70d20d-6a8a-3d9d-b171-3e1791dace60
1999,1999-01-20,Dir en grey,残-ZAN-,358a72ff-8c96-3724-b7f9-d13b86112ff5
1999,1999,Dirk Zöllner,Heiligenschein aus Phosphor,fa4476b7-92d3-4620-9589-04be30638a09
1999,1999,Dirk Zöllner,Wasweissich,441092c8-d83a-4bd9-a42d-c8ae442d1b1c
1999,1999-06,Dirty Habit,Ready to Rock,a1345c44-2ab1-46de-bcff-f9958c41c608
1999,1999,Disco Bizkitz,Disco Bizkitz,34c9949c-bd41-331c-a94d-0f31d41a3c25
1999,1999,Disco Driverz,Discount,4ae004e6-0d68-40a4-87f8-9d916426ff74
1999,1999,Disco Express,Magyar Mária,cf163363-afab-31b1-a2b5-85e67928cb72
1999,1999,Disco Kidz,Cosmos 1999 / Starlite,4add6073-c40c-375a-95f2-7b7083d6d987
1999,1999-02-08,Disco Tits,... And You Smell,df658433-5a8e-3400-b973-8d9842ae4746
1999,1999,Discordia,Discordia's Brazilian Ambassador,e6299eac-1df7-3447-8cf0-3a0a81fa0f54
1999,1999,Discount,Open Ended Aerial,6cc7d168-8ba6-4573-8fcc-00bd752e2b3f
1999,1999,Disiz La Peste,C’que les gens veulent entendre (Bête de bomb),186d3a28-3e04-4942-9969-a271504aa103
1999,1999,DisJam,Green & Yellow Shadows,f265c8be-d369-4fca-820d-e5fee2e4136d
1999,1999,Disko Method,Get Your Mind Together,8403d4b0-0d47-3cfc-af68-484f1f31ba69
1999,1999-02-27,Distance,Gobblad,f1b52697-941b-34dc-8ebc-5d0151194c56
1999,1999-06-30,Distray,Fare Well,efbf174a-56c3-4897-8b95-ce51395ab566
1999,1999-07-03,Distray,Period...,8824d1ea-b14d-429c-beb8-c04b82ce312c
1999,1999,Dive,Two Faced Man,8906172f-cb06-32a1-bbab-8ae1bb0919ac
1999,1999-02-22,Diver & Ace,Mental Thing,2bd6d486-5eb0-46a7-8cd2-1d81a9a18897
1999,1999,Dixie Chicks,Cowboy Take Me Away,207bf7c6-a0f6-4321-8aad-c1b51ccd8be6
1999,1999-10-25,Dixie Chicks,Ready to Run,7d89d2fb-6f45-3d64-847c-e65c9fe3cd49
1999,1999-06-21,Dixie Chicks,There's Your Trouble,1e6332e4-9cea-317a-a207-166161800843
1999,1999,DJ 88 Keys,Everybody Up,a07d1038-34df-4076-a0f9-ae253a19a3b4
1999,1999,DJ Abstract / Area Code,Aura Two / Area Code,d29d5079-5c86-451e-a13d-cb4d360742c0
1999,1999-05,DJ Abstract / Cold Fusion,Flab Attack / No Escape,89d3be25-9d59-4321-adb8-65fcbcea4cdc
1999,1999,DJ Alici,Ankhesenamun,4947d25e-e267-4f57-a38a-669fa9a69b73
1999,1999,DJ Alici,Ankhesenamun,937b41c5-3d3f-46c1-ad4c-fc00389d0aaa
1999,1999,DJ Alici,Passion,9afcd7a4-c622-4335-9423-bfe9bcb289b7
1999,1999,DJ Amethyst & Phil Reynolds,See No Evil,3556e5b0-f015-43c0-9496-1602b06feab8
1999,1999,DJ Baby Anne,Freak's Groove / Trippin On The Bass,1f6af206-128f-42e9-b759-32b05ef4d1fe
1999,1999,DJ Baby Anne,She Said,b0562154-4603-4210-a28b-3d61f4564d4e
1999,1999-04,DJ Bassett,Looped Bypass,0837222d-f288-4546-967b-879145619622
1999,1999,DJ Blakk,Listen,2323ef61-22ff-492a-98e9-310d4a9d1a09
1999,1999,DJ BoBo,Lies,f71ad991-b3ea-4167-ac6b-c36c083baa23
1999,1999,DJ BoBo,Together,012e6efa-d14c-3a0c-9aeb-0625ed9f71ac
1999,1999,DJ Boom,Kinda Kickin',d0bf3917-d046-384a-85a3-2dd5cc4e2088
1999,1999,DJ Buzz,Situations,ba572015-e335-4f35-8331-dc03f4a32a37
1999,1999-02,DJ Buzz,Situations / Tell Me Why,6db0d9e7-d471-49ac-b869-137736e74597
1999,1999,DJ Choci,M25,70ef6623-01c1-403c-bf20-0deaa78f59e8
1999,1999-12,DJ Chozen Few Feat. Da Menace,I Refuze 2 Looze,27c9b5d5-faa2-4a15-bc70-6c6c5992ed97
1999,1999-09-22,DJ Clipz,Cyber-Naught / On the Edge,1e6c42fa-7847-4cf9-b507-8cebdfde02b1
1999,1999,DJ Cyglas & T.B.R.,Return / Go for It,168512f5-e900-401c-bdc0-647635c3e2d8
1999,1999,DJ Cyglas vs. T.B.R.,Eternity of Life,21338fb1-8026-4e1c-bf6f-38e733e6ddc9
1999,1999-01-12,DJ Dan presents Needle Damage,That Zipper Track,d52be7f4-1136-4773-af2d-77476c4c43ce
1999,1999,DJ Dara,Collusion / Discipline (remix),79d23918-75c6-4ee9-9680-e8a132ca6ac1
1999,1999,DJ Darkzone,Des Teufels Antwort,baa0d0a3-6cd9-3f72-89b5-ef522f62ad5a
1999,1999-04-07,DJ Dean,Energy,d7fd0e19-0fcf-463d-b21e-69c11bd37bd6
1999,1999,DJ Dean,What's Wrong,8848b5b3-9496-4008-aded-6278fda800ae
1999,1999,DJ Deekline,Fame And The Money,37448d38-5408-427f-9380-9d49e3e32bb7
1999,1999,DJ Deller,Mercenary Kutz Vol 1,c10ef659-4cfb-42eb-a406-b842a4bc0f6d
1999,1999,DJ Dero,Millenium,f9d120a5-61ba-42a8-ad4b-12fb4623401e
1999,1999-12-06,DJ Die,Drop Bear / Poison Ivy,0be6e29f-67b0-37b8-a9f9-ef3d54ec7a02
1999,1999,DJ Die / DJ Suv,Slide Away / Closer,0e0e5170-1358-4825-b862-b38c2230d6f0
1999,1999,DJ DMD featuring Lil KeKe and Fat Pat,25 Lighters,a647fc44-852a-475f-ad67-2e046357ae23
1999,1999,DJ Dolphin & DJ Tox,Yeah Muthafucker (remix) / Ascendus Avernum (Ascent From Hell),0e6cc37d-857e-4a15-8271-1d1fcc1a5c34
1999,1999,DJ Double G Feat. Anita,Special Request,4890d868-f0b9-4e27-bbf7-5499dd07f156
1999,1999,DJ Droid,The Darkside (Imperial March),90be8c4a-8ed5-3605-b59f-b44ca559a4fd
1999,1999,DJ Duke,Tribal Liberation,c3dba24b-d9fc-3d03-9cc3-41a9e28be47c
1999,1999-09-21,DJ Ed,The Bug Day,2cb8e6d9-bf94-4304-b21f-36c15d8effaf
1999,1999,DJ ELB,Relieve My Pain,83699e5b-f7e4-4499-bea5-bc20a6344228
1999,1999-01-01,DJ Energy,Twisted Sanity / Ravers Revenge,f3db922e-bc7c-4a42-a653-802fe5418f13
1999,1999,DJ Energy & Lee Techtonic,Mentazm,440633c9-7476-431a-8183-671918f60903
1999,1999,DJ Energy & Tatana,End of Time,cf7d0110-2f56-4ab6-b739-ae9bc171248f
1999,1999,DJ Eric,Desire,4dbf6ad5-6db3-3a83-8c5e-c7d6de9aef0e
1999,1999,DJ Errik,Surrender / House This...!,5dda491c-95a6-4458-be6d-f2d54219f467
1999,1999,DJ Flaver,Tetris Revenge,6c53ec0f-c72f-3f94-978a-49e06d1c2057
1999,1999,DJ Flex,Ready,0a1c4a77-cf17-3333-b02e-642fffbb5bd6
1999,1999-12-13,DJ Foxx,Goliath Revenge,8a509ddd-6bcc-44b9-9ac1-6d2c84beaf0e
1999,1999,DJ Fred & Arnold T,Jungle Spirit,6aaeb511-8091-481c-9dd0-eeef9c5276c7
1999,1999,DJ Fred & Arnold T,Nineties,f0191b8e-b645-4dde-827d-b24fcb7c1d76
1999,1999,DJ Friction feat. FlowinImmo,Freakshow,e374a678-c7ad-4a87-bf7a-f0c988af68ae
1999,1999-10-05,DJ Goldstar vs. Dahle,Visitors,65d9c0ce-c0f2-4f12-aaf3-0e336e9345bc
1999,1999,DJ Hired Gun,Try Again / Earthquake,99b71291-a0aa-4929-85ab-0f5080d3ea70
1999,1999-07-23,DJ Hitch Hiker pres. Lunatic Asylum,Meltdown 2000,3d2554c6-0710-3888-921c-3944efa9ce0c
1999,1999,DJ HMC,Materialise,2396ddaf-425c-3365-8974-44c08a1e78ee
1999,1999,DJ Honda,"The Eclipse / Old School, New School",7ef50a03-a5d7-44bf-8541-2db418b1cafa
1999,1999,DJ Honda,We Don't Play,4589bbf3-3654-4330-8493-f095d130ccb1
1999,1999,DJ Housepunk,Got Me Down,a126716e-19f3-460c-8c41-b5c9f645708a
1999,1999,DJ Hurricane / Trick Daddy,Come Get It / For the Thugs,56d889f6-cc1b-4ea9-81b4-ed9bab4540cc
1999,1999,DJ Hype,Global Thang - Volume 7,82dc00d3-f922-4e61-8fe2-fa7040dd25cd
1999,1999,DJ I.C.O.N.,Mr. DJ,3ed4d5e8-a4cd-4595-a4d8-4badc9625cf2
1999,1999,DJ Infiniti,Looking For Something,b2f3de23-d5c9-4086-b922-7d415ad53c0c
1999,1999,DJ JamX,Keep It That Way,8baccc03-4c95-41c9-89bd-45b3983fe82b
1999,1999,DJ JayTaph & DJ Dazzle,Radical Abuse,52463d0a-9198-4dff-9729-1700f0893af7
1999,1999,DJ Jean,The Launch,6286feff-c057-486c-bfa8-001fa5614cdd
1999,1999-02-02,DJ Jean,The Launch,6d301a95-1e70-382b-ae72-051854304921
1999,1999,DJ Jeffrey & DE‐LEIT,Happy Rhythm,466bbde1-971b-462a-a84d-e1e43032d95b
1999,1999,DJ Jeffrey & DE‐LEIT,Moody Groove,9dad9406-0723-49b8-9931-d6cf68560ad9
1999,1999-04-27,DJ Jo vs. DJ Tibby,Wavebells,ee88c58b-ffbf-4ab0-b57e-7627a2093d86
1999,1999,DJ José vs. G-Spott,Wrong = Right,32b6d1b5-f4c2-4cb0-b265-2d8e2f7496f1
1999,1999-05-03,DJ Jurgen presents Alice DeeJay,Better Off Alone,5f1bfc69-f25a-3e8e-b572-3ad3d0ca9ad9
1999,1999,DJ Kalm,Closerange / Flashlight,263dcbd7-e15e-35e5-9df8-b83928a24828
1999,1999,DJ Kane & Genotype,Abstraction / Menace,796a0c3e-fde3-394d-aa09-f04973894a4a
1999,1999,DJ Kid & The General,Invaders / Formation,a4a043a6-5a8a-4fee-abc1-a5f1c0e37bd4
1999,1999,DJ Kristian & Super Fast Oz,Next Stop Never,232040dd-904e-45b8-892f-730753a7cc28
1999,1999,DJ Krush,Final Home,ef290c69-d111-4924-83c4-8f7713efbd7a
1999,1999,DJ Lewi,Hold Me Tight,c3a26495-5bfe-4912-91ee-63ce8103bc20
1999,1999,DJ Looney Tune,Boom on the Moon,55017272-99ac-4397-a10a-89f07aa08f22
1999,1999,DJ Looney Tune,The Egg,96687ecf-4aac-47a6-8b39-7f8a3522b245
1999,1999-09-06,DJ Loxy & Usual Suspects,Stalker / Fracture,fe9e9967-f95d-33a1-aa98-2a07718c5dbf
1999,1999-12-13,DJ Luck & MC Neat,A Little Bit of Luck,734bf4c2-4111-3298-9ff1-b3e1b2e8365a
1999,1999-09,DJ Magic,Calabasa / Dark Life,b8594e99-75c3-4fb1-b8b0-b5f06b1bbfbb
1999,1999,DJ Magic,If I Ruled The World,662ba047-b5b7-45c5-b401-d4df688d9e06
1999,1999-09-27,DJ Manta,Holding On,1b138117-c788-346b-b676-ad44b178cbf6
1999,1999,DJ Massive,Massive Overload,60607987-8007-44a4-8475-5a8fd2998eb5
1999,1999,DJ Megatrance,Megatrend,61698756-7561-42e9-8f14-2937fdda2686
1999,1999,DJ Mendez,Estocolmo,18659261-3028-442e-8571-0dcd39c6fe44
1999,1999-10-04,DJ Meskalin @ DEE n' S Presents eXTC,eXTACY Totale!,c087be05-0505-4ad5-b5f1-45d93be79db0
1999,1999-09-22,DJ Mind-X,Nightingale,820cc494-d7fa-3911-8579-0ea6610b699b
1999,1999,DJ Mishka,Pleasure Me,f2005e2f-5a2a-3e35-a362-678251864900
1999,1999,DJ Mo & Marc De Clarq,Plush,a93f9643-c26c-45cd-bd75-9606736502da
1999,1999,DJ Mo vs. Marc De Clarq,Revolution 99,b85c7adc-d421-4d5c-9d6a-af62b3bb8647
1999,1999,DJ Méndez,Razor Tongue,c1450e24-1c07-4602-be6d-5e6d25f9a1f3
1999,1999,DJ Notorious,Injustice / My Style,05aa68ae-c91e-4e19-a7a8-ba463778fca9
1999,1999,DJ Notorious & Assassin,The Fugitive / Kung Fu Flicks (Fear of Death remix),4e0d03e8-c68a-4411-9642-ff21b5e2441d
1999,1999-10,DJ One Finger,House Fucker,a55c2ca4-c879-3297-85a5-5299002baa0d
1999,1999,DJ Orlando,Asi Me Gusta,78bd038e-361e-3104-ba69-51401c557819
1999,1999-10-06,DJ Pan Am,Universal Sound Delivery,41a07310-aadd-4f54-89ae-9dde204c942c
1999,1999,DJ Patience,Falling Down / Vortex,722d6449-a1e8-4986-a482-6cb01dea9ab9
1999,1999,DJ Paul & DJ Attic & Stylzz,Fuck You Up,5d9a6a46-2590-41b6-aaaf-38c940014d6d
1999,1999,DJ Paul Vs. Urban Menace,Blackout,26d3d7a3-7d7f-4a93-84e8-4ecb5f3da536
1999,1999,DJ Peter G. & The Clubjock,Play the Game,548d726b-41b9-4f2e-aa74-36cafa897b16
1999,1999,DJ Peter Project,2 New-York,63e38af6-f925-449f-a71c-2c8d9b6f58ad
1999,1999,DJ Phantasy,[untitled],9030c08b-4877-4eb4-bdd8-47b5ffb1909f
1999,1999,DJ Phantasy,[untitled],ae817c16-90d5-410c-b919-74d5d6dad28c
1999,1999,DJ Phantasy,[untitled],b16020ae-9f2b-442e-9afa-44dd49391f61
1999,1999-01-04,DJ Philip vs. DJ Franco,Harmony,f42075e9-510d-407d-a03c-df3494ae7dc6
1999,1999,DJ Plus & DJ Kini,Shock,30ea7f5e-be88-4d8d-abf1-815d19f13297
1999,1999-09-08,DJ Pooch,Let the Beat Control Your Body,b4e4cd3f-1938-447a-bc2c-07131f840b50
1999,1999,DJ Q,Optimum Thinking,698eec94-a5cd-388a-a928-12283b4e170c
1999,1999,DJ Quicksilver,Cosmophobia,09f0844f-a5ff-3ad5-9f71-23e465ba30d3
1999,1999-03-22,DJ Rap,Everyday Girl,38c83944-660d-3630-9d22-e0c69c159a66
1999,1999,DJ Rap,Representing (remix) / Mayday (remix),f2277804-cf2f-3d1f-8bec-bf68eda10995
1999,1999,DJ Rap & G Squad / DJ SS,Frequency / Static,ca9bf814-852b-4351-ae26-78859676088c
1999,1999,DJ Ray Corn & Friends,Open Your Eyes,fa64adb9-32c6-495c-812f-094ce413e34f
1999,1999,DJ Reality,Flash Light / Primate,27c540e3-77dc-4719-b61b-4b29c7a408ad
1999,1999,DJ Reality / Notorious J,Mission Control LP Sampler,01998c0f-4119-4e9c-9ae5-4fc4142c9d31
1999,1999-01-24,DJ Remy,Home Again / Backstabber,88c2f4a1-be7c-348f-96e9-52b649251f8f
1999,1999,DJ Ricci vs. Moratto,The Game + Woodo-Tronic,62ceba79-8fab-4dea-9466-5a503acf2d57
1999,1999,DJ Robert & Zoë,Work It Out,c6e615de-0d07-4758-a7e1-36691785daf0
1999,1999-05-25,DJ Sakin & Friends,Dragonfly,c42a31a2-24f0-4510-8c83-4c0eab901760
1999,1999,DJ Sakin & Friends,Protect Your Mind (Braveheart),58117ade-0ed8-43de-b0cd-533c8072394b
1999,1999,DJ Sammy feat. Carisma,In 2 Eternity,18acccee-3f1d-37b1-b642-5623fd52aa0c
1999,1999,DJ Sandy vs. Housetrap,Overdrive,f118cd9a-86e1-4b81-8bf3-d2aa65bc4fe1
1999,1999,DJ Scud,Gun Court Singles Series,2d444204-99db-4836-8985-403c92cdd707
1999,1999,DJ Self,Crazy Noise 2000,739398fd-0159-3d3c-8efa-146753db147d
1999,1999,Dj Sen@d avec C.O.P.,Startime,aab4facd-1460-4504-91a9-7fe188692040
1999,1999-06,DJ Session One,Dreams in My Fantasy,7b57c7b7-fd4f-40fb-8e7c-ffd60549c9c8
1999,1999,DJ Session One,Dreams In My Fantasy,7b61897d-8000-48fa-a177-f3656c01b31a
1999,1999-10-04,DJ Shah,Claps,42cbf78a-cb19-4f79-878f-c39a3e607eb1
1999,1999,DJ Shah,Commandments (Die 10 Gebote),35730794-ff06-4b11-989b-2340a2d45bc5
1999,1999,DJ Sketchy / Terry T,Paparazzi / Da Beat Might Drop,c2c6dfa1-c137-41b5-a8e5-341eec97a307
1999,1999,DJ Snowman,Evolution,5b6d2908-12f3-44cf-bb83-dddd7a26c26a
1999,1999-03-22,DJ Snowman,Waves,78c402b2-8d77-4bcb-b0a2-bebbbb785de0
1999,1999-11,DJ South Central,Underground Shakedown Pt. 1,a8381a47-d38c-4985-8ace-7390ec06f578
1999,1999,DJ South Central feat. Frankie Paul,All Night Long,dd803978-e2a7-4e8c-9a44-566b21a64503
1999,1999,DJ Spice,Step Off (Remixes),66379b53-235a-4021-88ae-06deb67d6e6e
1999,1999,DJ Spooky That Subliminal Kid / Nobukazu Takemura,Paysage Insolite,c33b9760-3f22-3a7a-8247-f49ae6c67d5f
1999,1999,DJ Springer,Showtime,ba8d3751-8f88-4286-a4f0-7c112b736473
1999,1999,DJ SS,Lost in New York (remix)/Shockwaves,be718e63-4fa5-3666-bc31-b4dcac1a38e1
1999,1999,DJ St / Evil C,Spektrum / Vapour,db479c4e-280c-4b85-a9ba-daf5522a7d75
1999,1999,DJ Stan Johnson,Da Classic,a8086a3e-35b8-3be7-a0d0-d65f35912cd7
1999,1999,DJ Stratus,Negative / Countdown,0d5e69c1-2023-4fa6-919f-5322955a07c3
1999,1999,DJ Stratus / Sketchy,Raid ’99 / The Shit ’99,f6709f54-79fa-4aa3-b9e8-9d672756619f
1999,1999-07-05,DJ Swift,Reload / Space,1932013f-8d14-4fcd-8727-a819e4dd0284
1999,1999,DJ Swingsett & Lisa Shaw,Before It's Time (Do It),1a4cc798-02a9-4a64-a454-1d2e0c2b1e5e
1999,1999,DJ Tatana,Dream Off,1f5988f8-e7b2-4495-8cb6-ad82f7e9a846
1999,1999-07,DJ Tatana,More Than Words (Official Street Parade Hymn '99),ecbb04fd-ed91-4e95-959f-e7b3900c6ac5
1999,1999,DJ Taucher,Child Of The Universe (Sanvean) / Flüssig,b28a2fc2-8c08-403d-9a20-d6654bc61ff0
1999,1999,DJ Taylor & Flow,Gott Tanzte,d7cdaf78-481b-47f5-80e1-c326c882724a
1999,1999,DJ Taylor & Flow,Was Ist Zeit?,771c1d40-df49-4d17-9ec8-efadb32f81fb
1999,1999-03-29,DJ TeeBee,Endgame / Orbiting Mars,38ceaf39-2ff9-4f93-a6d0-dbde97975699
1999,1999,DJ The Wave,House of Music,ad475302-9897-4198-84d4-de734746a6d9
1999,1999-09-24,DJ Thomilla,Schnapsidee,bfcb9938-dd8d-43c5-bc66-fbdc899fb1a5
1999,1999-06-28,DJ Tibby,Firedance,8ed5f8a5-898c-4feb-b349-5deac600ef28
1999,1999,DJ Tibby,Midnight,26327712-374c-4038-9d20-87f9fc81864f
1999,1999-01-01,DJ Tiësto,Sparkles,7c68052e-4e55-348c-81cf-630ab522d589
1999,1999,DJ Tiësto,Theme From Norefjell,592ba10f-bceb-3bca-bee8-7a4e4300ef98
1999,1999-11,DJ Tom Stevens vs. Fridge,Outface 2000,73ddf154-f99d-3db6-acc2-7159af0ddaec
1999,1999,DJ Tomcraft,Flashback,8fdac3e2-4e96-44d4-9f12-084cc02d09a7
1999,1999,DJ Tomcraft,Gothic,3b5b3cb7-9735-42fe-90a8-1d8584bdbb3e
1999,1999-09-13,"DJ Tomekk vs. Grandmaster Flash feat. Afrob, Flavor Flav, MC Rene","1, 2, 3,... Rhymes Galore",a96ae3e0-f385-36b0-a93f-5a7385f2c27a
1999,1999,DJ Trace,Cells (remix),1507cf5f-c813-4d4f-bf6f-9b780f5484a0
1999,1999-02-27,DJ Trace & Pete Parsons,Sniper / Azure,c4df0811-edff-395f-b401-fc5d1eeffb7a
1999,1999-04,DJ Vadim,Friction / The Terrorist,e68353a2-198e-4c92-b6b6-0d82e64f170a
1999,1999-08,DJ Vadim,It's Obvious / English Breakfast,b8c71aa0-390c-4cf2-b723-0c6adfe9e097
1999,1999-08,DJ Vadim,It's Obvious / The Terrorist,dad46985-8950-4222-90ab-c49a60ae8eeb
1999,1999-12-13,DJ Vincenzo & J.P. Vis,The Nights,7667942f-5c99-4ae7-90a9-5741ae1267e0
1999,1999,DJ Visage & Clarissa,The Return (Time to Say Goodbye),de313c39-eea4-4f95-997c-2474b50c6d7b
1999,1999,DJ Vortex,Legion Of The Lost,08fc821b-cbfb-4719-8feb-023ea99e72bd
1999,1999-10-18,DJ Worris,Nightmare,451157e5-0d4e-412b-8222-85035e36b056
1999,1999,DJ X-Sonic,Blue Sun,bea91859-6544-45fb-836f-a176e38f414a
1999,1999,DJ Xam & Boris,T'es zinzin !,b290713a-e8bd-4fea-8320-33d66a90dc07
1999,1999,DJ Xam & Boris,"Ta mère, elle va jumper !!!",d31265c8-6f73-4be0-a3a5-9520dbee51ad
1999,1999,DJ XS / Powder,Switch Gear / Tirant,51cdc2d9-6e69-41cb-a2d9-75a4f9cd76a4
1999,1999-10-01,DJ Ziad,Pumping It Up / Keep on Rockin',cbfbed7f-e127-49f3-a4fa-555cd5472952
1999,1999,DJ Zigi,Dancing on a Ceiling,e54f55b7-6b60-4cdc-87d7-180c94cfdff6
1999,1999,DJ Zinc / Sonic Perfection,Time Is Running Out / Old Spice,069608c4-5cf5-484e-8930-eb6a08910017
1999,1999,DJ's CDEE & DOVE,Feel the Break Beats,0ae78c4e-91df-4017-a7be-1c112fa06136
1999,1999,DJs Unlimited,La Serenissima,9cd48eb8-685c-4c5c-9b62-064267f9db59
1999,1999,DKMA,Why U Wanna?,ba0d0685-89a8-3bfd-95b7-900fb7cbc847
1999,1999,DlociA,COLLECTIONS №4 Bonjour ~ボンジュール~,e26678a2-0644-4739-a43e-7d3141429e40
1999,1999,DMX,Catz Don’t Know,289d822a-36ed-40dc-a799-d23b7ce35067
1999,1999,DMX,What’s My Name,81c1eeab-a666-4569-9175-b6a034995084
1999,1999,DNA Featuring Conrad,Feel the Funk,7153e625-e79c-423d-b4c7-a5c75e129915
1999,1999-08,DND,Vol 3: Pick Me Up,888b787d-794a-4b3a-8611-94c95cc7e98d
1999,1999-11,DND,Vol 5: I’ve Got / Keep On,f643db2e-8f5a-4f80-8a47-5090e11ab808
1999,1999-12-08,Do As Infinity,Heart,5968b965-0d1a-4a87-9626-24cf67b58f5e
1999,1999-09-29,Do As Infinity,Tangerine Dream,7bf7b8c4-6ea7-351a-b01b-fd1d94ee066b
1999,1999,Dodo,Robinsong,48b3427f-5126-489d-be73-fafda2389bd1
1999,1999,Dog Eat Dog,Expect the Unexpected,3f560bfd-9809-318f-a273-8ce25bd57297
1999,1999,Dog Section,Psyke Psyke / F.J. #4,5aa44b05-5bb6-4459-a77b-e8dca200fbe8
1999,1999,Dogstar,Cornerstore,fbe3cea1-c47a-41ed-9ba4-5c4f8fd9fabf
1999,1999-11-29,Doktor Kosmos,Le Punkrocker,14532670-50a3-3d31-8834-79a06cebfd91
1999,1999,DoktorKnow / Joeski & Dano,Slow Burner / For Your Love,1235a551-aa9d-3856-8296-6a1d5159aff1
1999,1999,Dolly Parton,"A Few Old Memories / Train, Train",4d7f5778-0052-4686-8608-df84ddbbf892
1999,1999,Dolly Parton,Walking on Sunshine,8a84fa7d-7be1-3153-a5cb-03f46d5ad35b
1999,1999-05-10,Dom & Roland,Killa Bullet / Dumbo,7eeedc16-56ee-3296-bbb4-9f2b30ec1383
1999,1999-02-08,Dom + Roland,Parasite,07f8c0fc-4f46-3592-9fdb-ca593aed9a38
1999,1999-01-01,Domenicer,Disco Dance,390cde98-e39e-3168-8a6e-723af0167585
1999,1999-04,Domestic†Child,生まれる・・・。,8550341e-7fb7-47ad-854a-b1d7f70b5967
1999,1999-11-23,Dominica,Flashback / Neon,c6da41bb-35bb-3d0b-ad20-1d2b7795b5c1
1999,1999,Domu,Dressed to Ill / Snake Eyes,92679880-29ce-30f6-8e06-3aec33118cad
1999,1999-04,Don Huonot,Kannibaali,10107c97-12ea-4f71-bdc8-1e09702959fc
1999,1999-08,Don Huonot,Suojelusenkeli,f97d8df5-85bc-4066-9d44-79ef37b1b143
1999,1999-02,Don Huonot,Tule sellaisena kuin olet,f93b97e4-d8f4-4a80-9673-560ff96f8371
1999,1999-05,Don Huonot,Tuulee,f871686b-7a46-4a23-a79c-c451a7e10a2c
1999,1999,Donna Allen,He Is the Joy,66bec9dd-6fc1-3a49-865b-2d62412c760f
1999,1999-07-06,Donna Summer,I Will Go With You (Con te partirò),adcf1b98-e449-381e-9548-abaf1cb88bc5
1999,1999-11-26,Donna Summer,Love Is the Healer,2050da37-e1e1-3c1f-a342-4193ec1318cf
1999,1999,Donnacha Costello,Minimise 1,a201bd7e-2210-400a-b3a8-283a9bb0ffeb
1999,1999,Donnatella,The Journey,c6fc433c-f33d-47c7-b833-5a58ee5d070e
1999,1999,Donnie Munro,Will You Walk On By,b1a44a23-a040-42e9-b5dc-80faf2f6c4c3
1999,1999,Donny Denim,Hey You!,285e2040-606d-4423-bf44-f8294aeb46ad
1999,1999,Dope Skillz,"Hong Kong / Break the Loop, Part 2",33af96cc-fdaa-3a07-a5cb-df3e4186a82f
1999,1999-07-26,Dope Smugglaz,Double Double Dutch,d278c273-0264-3660-b292-2fb8c6bc4c29
1999,1999-04-12,Doppelkopf,Balance,e27d45f0-7095-376a-99b4-8538ffa947b4
1999,1999,Dos Morenos,La banana,9ec691b6-a46f-4807-9c36-0eb711d9a32e
1999,1999,Dos Morenos,La flaca / La banana,95d8eea6-49dc-405c-ac9b-86d3ea5298db
1999,1999-05-18,Dot Allison,Colour Me,2a41af57-d774-4519-a190-bfb3f5d98c55
1999,1999-03-15,Dot Allison,Mo'Pop,65715349-f864-4d51-89f6-ab34d4359c1c
1999,1999-02-08,Dot Allison,Tomorrow Never Comes,15028046-3398-4ce1-9df9-1a5b1a0ca190
1999,1999-03-20,DOUBLE,Shake,14e2370b-a28c-41f8-ba2a-b2e81547e22f
1999,1999,Double Date,Email to Berlin,d82f0a14-a4db-334d-bf2f-3ad5c766292e
1999,1999,Double Date,The Logical Song,0927c8d3-2ed1-42d4-a2f5-d3d6b5299234
1999,1999,Double Dutch,Make 'Em Bounce / Cubic '99,ffb0885a-c986-49b8-8587-a3c625f74ff4
1999,1999,Double Face,The Joy of Life,ce000d83-bb9b-49fc-8923-f1cbdcfab92d
1999,1999-05-31,Double Six,Breakdown,e30f8255-7f92-352c-8dae-732cad03100b
1999,1999-07-26,Double Up,Bobby Brown,58b6fa85-1335-4982-8424-5d25e10b232f
1999,1999,Double You,Do You Wanna Be Funky,261c0054-a0a1-4c58-bd3e-4368f707f025
1999,1999,Double You,Music (Is The Answer),9ca49091-818f-47b7-82b7-714365094b14
1999,1999,Dougal & TKM,Night Breeze / Dance With Destiny,9ab5b334-491d-4380-9c0d-5501dd77aaf8
1999,1999-08-30,Dove,Don't Dream,d0421894-5aa9-31dd-94a9-96a70be790f5
1999,1999,Dove Beat,La Paloma (Remixes),1692b4db-5b89-43bb-a935-4fb8c4433092
1999,1999-06,Dover,DJ,93fec5f4-5732-4590-9fc8-9cab6add7c7a
1999,1999-08-02,Doves,Here It Comes,3fbb4263-cecc-3f37-8784-76b8fdc744d0
1999,1999-03-01,Down Low,H.I.V.,f7a551ee-ac7b-45bf-831f-97247b50ab93
1999,1999-11-22,Down Low,Thank You,3be1b8f0-4a49-452e-ad21-cc274411ef49
1999,1999-05-03,Download,Millenium 2000 (Single),9e71eae6-ca73-4f4b-9d9a-accd355eafe8
1999,1999,Doyle Bramhall II,I Wanna Be,4130bb0c-1ee3-459d-b16b-06c9a22ae6cb
1999,1999-12-25,dps,O!O!EXTA SI,a590203f-de87-4f74-8393-dc074a08fac9
1999,1999,Dr. Bombay,Rice & Curry,a4f1a567-4656-4514-956f-de82f4900f1c
1999,1999,Dr. Dooom,Leave Me Alone + Remixes,b3ab64a4-a40c-396d-b60b-493605c1e7d4
1999,1999,Dr. Dooom,You Live At Home With Your Mom,3f5b83ba-03e8-4eac-9a4b-1fd22beddba7
1999,1999,Dr. Dre,Fuck You / Xxplosive,3a4b9bb0-66c9-4268-bd66-a712a9b6ba3c
1999,1999,Dr. Dre feat. Snoop Dogg,Still D.R.E.,88a858ed-c369-40d0-ad84-28a7d082a579
1999,1999,Dr. Dre feat. Snoop Dogg,The Next Episode,b5a4a93f-9485-4e57-b7df-9ad65af28787
1999,1999,Dr. Dre featuring Eminem,Forgot About Dre,aa43c6aa-19f2-314a-ac3f-1723c22473ab
1999,1999,Dr. Motte & WestBam,Music Is the Key (Love Parade 99),56c1c36b-9eb3-3df9-865e-72f673382d94
1999,1999,Dr. S. Gachet,Forbidden Agenda (Remixes),d810231b-eb42-4c36-834c-5857dca2c102
1999,1999,Dr. Sohmer,Mädchen ...Macht Die Beine Breit,74503639-1010-4144-8097-64171eeab350
1999,1999-03-21,dr.snufkin,standing here...,75f85bff-7eb5-4517-9be1-a3973d1f1902
1999,1999-05-01,Dragon Ash,Grateful Days,6ff283e7-7e76-3f64-a32d-cbdb9ca57c0f
1999,1999-05-01,Dragon Ash,I Love Hip Hop,22a5faa5-6cb9-3a5e-938c-9d60734687b5
1999,1999-03-03,Dragon Ash,"Let Yourself Go, Let Myself Go",11b309cb-a578-3de6-8e67-7ac67fbb839a
1999,1999-07-23,Dragon Ash,Under Age's Song,dc1fbe2e-2f38-3f48-b686-d58cab8d8de3
1999,1999,Dragon Fist,Volume 23,c6f94e9f-477f-494b-ac32-8e98e6e48cf5
1999,1999,Dragon Fist,Volume 25,e718509d-821d-4152-8665-212c691e5fc5
1999,1999,Dragon Fist,Volume 28,58e011c4-4fa5-4d9a-ab34-c2a32df32bc0
1999,1999,Dragon Fist,Volume 29,d9696f4a-8ae4-4bf4-8401-f267d3e021d9
1999,1999-02-20,DRAMATIC BLUE BIRD,永愛,7e20d33f-f292-471e-be95-54b3a057be0a
1999,1999-08,Dreadful Shadows,Futility,da90f3b7-9d64-4252-a89d-62e99e078af2
1999,1999,Dreadful Shadows,Twist in My Sobriety,290f128d-f3dd-339f-a9b8-9b4436a7ec6b
1999,1999,Dream Theater,Home,638b2e81-7170-4aca-94fa-37ed31b2f941
1999,1999,Dream Wave,Skyliner,dcb091c7-3c55-47b3-9ba7-a197f7253972
1999,1999,Dream Waver,Boost,81eb00db-c719-4d52-b6a4-dd35881110a6
1999,1999-12-24,DREAMS COME TRUE,SNOW DANCE,8de633cd-4be9-35fc-b9c3-4348ce7ec740
1999,1999,DREAMS COME TRUE,Song Of Joy,e24896a9-a091-490b-8b7c-bb390bc09eaf
1999,1999-03-31,DREAMS COME TRUE,なんて恋したんだろ,7f590bc8-ee5e-318d-876c-429935aa7ca7
1999,1999-01-20,DREAMS COME TRUE,朝がまた来る,b7c24c02-7ec1-3ec0-9b87-e1eede380f13
1999,1999,Dred Controllers,We Can Dance,e707ed3f-7da2-460d-929e-44b6c392c4bd
1999,1999-10-25,Dreem Teem vs. Neneh Cherry,Buddy X 99,16ba95a6-1279-3b55-b003-1aef26f08e4a
1999,1999,Drexciya,Fusion Flats,6b032134-0230-3e7f-8705-8f758a10f334
1999,1999,Dries Roelvink,A pesar del tropeson / Jij alleen,947cdaf7-d07b-4476-b662-5df5f9ffc5af
1999,1999-06,Driver,Elle m'a tout volé,be43f5b0-5a2f-4e1f-86ad-6b6e9630febe
1999,1999,Droid,Infection / The Fortress,27e479e8-34b5-46d1-a83a-c3d6e57ead22
1999,1999,Drown,Kerosene,61081b60-063a-3134-ab78-26cb05c60058
1999,1999-01-25,Dru Hill,These Are the Times,20659208-22f8-3e45-8174-9b5e48900629
1999,1999,Dru Hill featuring Ja Rule,You Are Everything Remix,a7fe98ad-3c5a-4086-9b8b-6b6f2e559888
1999,1999,Drum Factory,I Can't Stop,32b954a7-6918-4eaa-895e-25782ce2af5f
1999,1999,Drumsound,Jazz,b7f19e98-1d86-44f0-8f40-98035bbb72e7
1999,1999,Drumsound,Mastermind / Maestro,7594b5a7-aaec-3276-a8f3-e0cd0bffdd80
1999,1999-10,Drömhus,Hålla dig nära,434edad2-923b-3c82-b61e-709cfd7a7058
1999,1999,Drömhus,Stjärna på himlen,5488503d-0ff7-44e2-8601-c213ef99bfa6
1999,1999-06-28,Drömhus,Varje steg,70d5f372-1310-4efa-9f5d-4a20804672c7
1999,1999-02-08,Dschinghis Khan,The Story of Dschinghis Khan (Remix ’99),c7e58519-eaa2-4ab6-812b-9b74c97962c7
1999,1999,Dublin Fair,Now and Ever After,0b837d50-fa9f-4613-ba24-51b7b715d54f
1999,1999,Dublin Fair,Red Is the Rose,e693b1c4-8aef-4df1-ab74-49e2ae776aa2
1999,1999,Dublin Fair,The Ocean,695cfbcd-9e5e-409e-97ad-f5d9df208f89
1999,1999-05-25,Dubtribe Sound System,Equitoreal,bdd3f91c-8977-3b94-a133-11977dffbe78
1999,1999,Duke Ellington & His Famous Orchestra,41st Annual Grammy Awards - BBM Entertainment Gala Celebration,2c1e8874-d9ce-4a97-993f-5cc9697a1d05
1999,1999,Duke Ellington; Jean‐Yves Thibaudet,Reflections on Duke,76c0583a-704b-300b-8544-da1e0303a318
1999,1999-07-19,DuMonde,See The Light,03cb34dc-ad09-4da3-9f71-195a4f3b5131
1999,1999-11-01,Dune,Dark Side of the Moon,4b9a4e03-b582-3ebf-b36c-10797561bc8b
1999,1999-06-14,Dune,Midnight Run (Source Direct remix) / Bitmapping,5d59c37f-280a-3a77-ab79-86fa212cfe96
1999,1999-02-08,Dune,Vertical Drop / Contact,eff9740f-7ad4-3a6c-a354-982133beb717
1999,1999,Dungeon Master,Expert / Sound Machine,79a48d61-057d-4959-a27f-c5b51683b5ce
1999,1999,Dunja Rajter,Meine zweite Liebe,22d1d5c5-104b-441b-b144-4043a056605f
1999,1999,Dutch Force,Deadline / Till Midnight,0403b505-ce53-4318-ae6a-674d058c8cef
1999,1999-06-28,Dwight Yoakam,Crazy Little Thing Called Love,c64c6e00-2766-31b7-9c75-f4b93c79265a
1999,1999-10-25,Dylan,Voodoo Doll / Bitch,8efe1cca-a140-4674-a64c-e4e2f3cf5f12
1999,1999-02-01,Dylan & Facs,Blowpipe / Pantsnake,3c36d63c-3432-377e-ac82-3f188101103f
1999,1999,Dylan & Facs,Plankton / Hairpie,1c2a6cdb-e548-3f3b-b7cd-ef35113114e2
1999,1999,Dynamic Duo,Auto Sequence,182b4b94-a5ea-40a4-8abe-d1bdaf1f60e8
1999,1999,Dynamic Duo,Blazing / Hey,60d0f054-2f4c-40bc-81e6-682dc886e5b6
1999,1999,Dynamic Intervention,Kick It To My Brain / Ice Cream,b9a67f79-bdc3-488a-be34-2257ae6f76bb
1999,1999-11-15,Dynamic Intervention,Out of It,e2424d64-6573-4801-bd12-bfc936b89fb3
1999,1999,Dynamic Intervention,Pump It Up,80bbd484-b944-4bdf-afac-79367f1bd747
1999,1999-10-11,Dynamo 5,The Letter,2c6f73d8-0b53-3c83-bae2-8dbda120e7de
1999,1999-11-23,D’Angelo feat. Method Man And Redman,Left & Right,72aec455-2f88-43ea-9d32-83755aa3aaff
1999,1999-12-26,D’espairsRay,SysteM/蒼,fae01f36-2ade-48de-a922-fc08f980bf70
1999,1999,D’Sound,Disco Ironic,495ec2af-631c-45a1-adcc-418ecc017f70
1999,1999-09-27,E Nomine,Vater Unser,d36e3dd4-608e-35e6-976e-6f828fd47a43
1999,1999-02-15,E-17,Betcha Can’t Wait,ba8b1f94-2c30-30cb-a9b3-f13fbb134ded
1999,1999-12-06,E-Cyas,Are U Real?,5709a075-ba24-4304-85e6-fd0db85fe18c
1999,1999,E-Dancer,Velocity Funk / Banjo / The Move,59ab55d5-332b-34a7-9ce1-bc0e9b8b5d3e
1999,1999,E-Magic feat. Nancy,Stop,829ca46b-d6c6-4dba-8678-855e6149e629
1999,1999-03-25,E-QAL,O.R.A.N.G.E.,e0df0449-cc07-4312-baa5-80b1b8fb73d4
1999,1999-03-08,E-Sassin,Rokkit! / Runaway,dbbdf617-4bd3-4a97-bc8a-41f50d2d57bf
1999,1999-12-13,E-Sassin,Symptom / Firing Squad,0a56089d-05f4-463d-b272-2dbad5a153ed
1999,1999,E-Troneek Funk,Everytime,716339ca-459f-3dd5-86a7-bc2343ae4007
1999,1999,E-Type,Hold Your Horses,9a9a42c4-584f-480c-85fc-0534b208a7ee
1999,1999,E-Type,Megamix,52b8e2b7-dc7b-4615-b56b-5c0820c43eab
1999,1999,E-Type,Princess Of Egypt,f45cc032-2742-4e32-97a1-3c08ea41ddbe
1999,1999-03-23,E-Z Rollers,Tough At The Top,0ce92f9d-1d48-4f11-bdd6-1415c8ff08fe
1999,1999-04-05,E-Z Rollers,Walk This Land,d7414934-e37a-3c58-a8a7-2508642767eb
1999,1999-06-28,E-Z Rollers / Fellowship,Science Funktion / Visions,f561bb97-2146-3559-9a0a-c1cc666e130c
1999,1999,E.Magic feat. Nancy,Prepare Yourself,8d1972a7-dd46-4c9c-9d12-55694e071bcf
1999,1999-01-20,e.mu,Message,fdd839db-6237-408f-bcf2-15fd702819df
1999,1999,E.N.E.R.G.Y.,Desire,2fe8faad-fb21-4106-b3d8-447a084667aa
1999,1999-06-07,E.O.E. Extension Of Eternity,All Over,26554dcd-c7b5-4708-8887-de03d6c5e7e6
1999,1999,E.T.A.,Ayia Napa,05cd2d9f-80f8-463e-80b9-c75594316a86
1999,1999,E.Y.C.,This Thing Called Love,52cb16f5-463d-4d70-aa0d-6573f52884e7
1999,1999-03-08,Eagle‐Eye Cherry,Permanent Tears,7f02600b-e5d3-35d5-a5bd-112933ae0ed9
1999,1999,Earl Brutus,Larky,c22192b0-478f-3cd9-9545-05aad14664e1
1999,1999-12-18,"Earth, Wind & Fire",Remix 2000,1de76d14-e967-4ef7-80e7-bde7236de544
1999,1999-07-20,"Earth, Wind & Fire",September '99,5ae21280-c60e-3a48-bf73-7eda75d817e1
1999,1999-03-15,Earthbound,Essence of Life,203b61fc-886a-36cb-8012-2a419f1e105b
1999,1999-10-01,Earthbound,One Nation - Trance Nation,b2c7d818-3d60-4e3d-b0bd-2b10ebab4b97
1999,1999-07-17,east cloud,EGOISM/YOURS REMIX,9620a822-9c48-3b77-9f49-afe7428beb5f
1999,1999-06-30,east cloud,Yours,03c7eda0-320c-31c0-a6cc-e87338e2a59b
1999,1999-02-03,east cloud,エゴイズム,850490e6-dc70-3d81-84f8-3fedfa5e34e9
1999,1999-02-24,EAST RIVER,HEAT,0864e68d-ffcd-4fe9-ac6a-9c065403f9a8
1999,1999,East West Connection,Three's a Crowd,0fcc9261-5b17-39aa-b03b-ad6784450b8c
1999,1999-09-22,eastern youth,雨曝しなら濡れるがいいさ,a519803c-1171-46c7-8db1-4ed307f0c244
1999,1999-04-21,eastern youth,風ノ中,67bdf510-b6a9-4566-8a5f-c2708b492ba1
1999,1999-08-02,Eat no Fish,Holy Silence,4f260381-dfa8-3e6c-b41e-e698e4cbdf09
1999,1999-03-01,Ebony feat. Black Attack,Good Life (Everybody Wants It),7c6f2ba6-1925-491b-bc4f-d60e233b920b
1999,1999,ECD,Direct Drive,ac3867a9-6e9f-43be-afe7-cd4bb12afdfe
1999,1999,Echo,Sinistar / Microdot,373fa77d-367d-44b7-aee7-9ed85f9849a8
1999,1999,Echo & the Bunnymen,Get in the Car,24893aa8-1b85-4055-b13f-793c1e93ca77
1999,1999,Echo & the Bunnymen,Rust,449f1867-4297-4058-8042-32c14913e52c
1999,1999-03-15,Echo & the Bunnymen,Rust,5c13f2f6-1f51-3238-b1c1-1de377573e89
1999,1999,Echobeatz,Africa 2000,fff533dd-dd1a-3849-a31e-dc82d5b5f020
1999,1999,Echosphere,Eyes So Bright / Titan,b70cc906-5640-3c2c-bbe0-96269839d552
1999,1999,Echosphere,Pulse Remixes,5201dbfa-e760-3ff0-a6dd-42c107945f48
1999,1999-08-16,Echt,Du trägst keine Liebe in dir,27499e81-deab-3833-bbd0-e28117e9e339
1999,1999-04-09,Echt,Fort von mir,65c2dcbb-6dc3-3f1f-937f-1e4fe343de6f
1999,1999-12-31,Echt,Weinst du,716aaa06-bd8b-3abf-a5b3-4a7c58f3a178
1999,1999,Eckart Seeber,Caliente,c6f545dc-4638-434e-957e-1fd7f7930d53
1999,1999,Eclipse,Devastator / Stairway to Brooklyn,7b39298d-77fb-40e1-bea1-a2442527fefb
1999,1999,Eclipse,Entrancement,fa460b4c-dba9-4689-89ec-d2a0a548f8ff
1999,1999-08-02,Eclipse,Makes Me Love You,29b22381-ebc1-3eda-b887-1bea56831e7d
1999,1999,Eclipse,Satisfy My Soul,a5cd3b7c-9397-43b7-80d4-65336d7214be
1999,1999,Ecsape,Control,16f56cc2-2d28-47ef-8d9d-833fddb897f9
1999,1999,Ed Case,Something in Your Eyes,b8c7ef63-7f49-3313-9472-cde6f48dbf72
1999,1999-05-01,Ed Rush + Optical,Gas Mask / Bacteria,d3b5c273-da34-327b-b436-3e5ab8193434
1999,1999-05-17,Ed Rush + Optical,Watermelon / Sick Note,760eb1e9-e0d0-3fcb-9bb7-d657442d702d
1999,1999,Ed the Red,My Name Is Fantasy / Break'n' Trance,f25a7080-a3b3-445b-b564-ab60afdee625
1999,1999,Edan,Sing It Shitface,763b896d-903c-46e6-88f8-3a5319a540e6
1999,1999,Eddie Amador,Rise,70b4da79-ca2a-3615-a1a5-90e3a03e1f02
1999,1999,Eddy Mitchell,J'aime pas les gens heureux,2697f035-3165-41f7-9396-e561e865951b
1999,1999,Eddy Mitchell,Ton homme de paille,2515222d-f79d-4635-83fa-4a42c8d73b92
1999,1999-06-01,Edward Ka-Spel,Share the Day / Dream Stealer,b784da4c-bfdc-47ff-b38d-6ac746cc5b78
1999,1999,Edwin,Trippin',b2a9d5ea-1085-354f-9428-ceb4be8385e5
1999,1999,Edwin McCain,I Could Not Ask For More,bc7553ac-5d13-4a17-aca3-6e443d911822
1999,1999,Edyta Górniak,Linger,a6ab55cd-52b7-40ad-a75d-33467dbdbb44
1999,1999-09-20,Edyta Górniak,Stop!,08538429-af9d-3080-ab82-5794f189cea9
1999,1999-01-25,Edyta Górniak i Mietek Szcześniak,Dumka na dwa serca,2126d430-3dc1-31b7-8807-fbe301141300
1999,1999,EELS,Flyswatter,b2026110-1e6c-3ba4-95ac-0604f12a1f48
1999,1999,Ehrlicher,Sieben rote Rosen,4c8e8d81-eae5-4ddd-b89c-9efa124669c1
1999,1999-11-22,Eiffel 65,Move Your Body,569eec90-53b8-3846-919f-7302e3ba1617
1999,1999-11-22,Eiffel 65,My Console,10582f58-7605-4466-8052-a0f29dc99303
1999,1999-05-11,Eiffel 65,Too Much of Heaven,94019fca-b03e-4bd4-8bfc-b982b96f79bc
1999,1999,Ein Heit,Replay / Limelight,0f5fec03-5bfb-4e8b-9509-c2ea130d0c91
1999,1999-03-29,Eins Zwo,"Danke, gut",9e35bafe-3c3e-3ed5-9daa-63cf7bb87be4
1999,1999-06-07,Eins Zwo,Hand auf's Herz,cd976db2-bad4-32e1-ba41-9f264cb377b2
1999,1999,Eins Zwo,Weltretten 4- / Tschuldigung,a5996ab4-57f6-441c-a886-54030fa6bd29
1999,1999-08-02,Einstürzende Neubauten,Total Eclipse of the Sun,e3d35c15-972f-3b20-a4dd-42eeab6f6fbc
1999,1999,Einzelgänger,Panamericana,1ab3f3d9-7880-4af7-97fa-ead6933d1ae0
1999,1999,Eisbrenner,Himmelblau,84271d40-cbaa-46a2-a098-d07a70a92db0
1999,1999,Eisbrenner,Schnee soll fallen,2792a326-0047-485f-a263-0e62d17ffc40
1999,1999,Eisenpimmel,Die Zehn Gebote des Punk - Zweites Gebot: Du sollst nicht rumlaufen wie der letzte Lulli!,5486e4c0-a4b2-4b2d-bb73-18880346362e
1999,1999,Ekki Göpelt,Ich wünsche mir nicht viel von dir,855e9ecf-b469-43a8-8143-32a05c34ab53
1999,1999,El Disop,Jo no sóc polac,4e512181-3c53-35fb-a908-43c82a2fe981
1999,1999,El Loco Gringo,Whatchuwanna,8e490744-0870-4ac2-a59c-29ae2a2e99c5
1999,1999,El Niño,Friends,1b37c2e2-eb56-38af-b302-c2e5fa189501
1999,1999,El Niño Gusano,"Ahora feliz, feliz",32f75347-268a-3317-b318-80f8a6f8fe5f
1999,1999,El Niño Gusano,Lourdes,e8bde869-bcf3-3535-89a8-7235ec232e71
1999,1999,El Puto Coke,El debut,88db2e51-4520-323b-89db-c8de7669d540
1999,1999,El Verseau,2000 approche,6fea4df2-6896-4a28-b9df-a551ec0617d7
1999,1999-08-21,EL ~Eternal Luminescence~,Picture,c8596d74-063b-4622-90a8-b2c3341e870e
1999,1999,Elbee Bad,Bustin Out,f5fa62c7-2b5b-368a-af8a-ace23b608498
1999,1999-07-24,ElDorado,如月,be1cc8ab-5af4-498d-96f9-1c076399c2aa
1999,1999,Electric Frankenstein 2000,Takin' You Down,e701654a-6492-4e1d-ab6e-27dbb0e5d2f4
1999,1999-01-11,Electric Fruit Orchestra,Now '99,bc2ac3cb-2941-43b4-8995-8bfff913062d
1999,1999,Electrique Boutique,Revelation,77e22feb-90fd-400e-9eb3-bf6399579cc6
1999,1999-07-05,Electronic,Late at Night,92253941-d1a7-4d7a-8b5d-f8b0af44ca77
1999,1999-04-12,Electronic,Vivid,80f19d35-2482-3993-9a98-168e44815822
1999,1999-02-15,Electrotheque,Every 1’s a Winner,acbe65e2-4623-3b3c-b0f7-75b002bbd602
1999,1999-07,Elegia,Basic,0f42ea2c-ab90-36ab-b9dd-93b6a6f7b073
1999,1999,Element of Crime,Du hast mir gesagt,118afbcc-bb3c-4588-8357-67ff7af466c3
1999,1999,Element of Crime,Jung und schön,c3632d3e-5e48-452b-bcfb-ee90d6d547e4
1999,1999-06-28,Elementz Of Noise,Big Foot / The Arrival,0d016c56-26ca-45e3-8dbb-138bd97f6861
1999,1999,Elevator Suite,Man in a Towel,91b3ed79-6192-4680-ba68-727985ae750b
1999,1999,Eleven,All Falls Away,50364fd4-8891-4be4-b8b7-bbf58eb58c0a
1999,1999,Elfi Graf,Alle Menschen brauchen Liebe,1312d0e0-d745-4a5b-bd9c-fb7b7811884b
1999,1999-06-30,Eli + Hiroshi,(Sun is mellow like a)Tangerine,316a8cc9-0b9c-488b-bbb5-017ad6a52b4d
1999,1999-02-26,elika,オアシス,3fbd5d14-373b-4e85-a604-a684d0c5de1d
1999,1999,Elio e le Storie Tese & Raffaella Carrà,Presidance®,88edb227-3542-39d7-9764-c21cef45441b
1999,1999,Elke Martens,Er ist nicht wie du,824ef8c8-23f5-460b-9725-67b5b428c9d8
1999,1999,Elke Martens,Von dir will ich mehr,9d9889c6-35dd-4da8-bc7e-4e0fde77d90d
1999,1999-09-08,ellemo,SILENT MOON,de22a5b8-4be5-4e89-b096-9ff68063d5fb
1999,1999,Ellen Lu Trelle,The Sun Always Shines on TV / Mad World,f0edf0e6-c5d4-453d-8638-e75eb54dbc44
1999,1999-08-02,Ellie Campbell,So Many Ways,c6b6469b-f053-3ab9-87aa-722d6f0d1411
1999,1999-04-19,Elliott Smith,Baby Britain,0e44ee63-f0da-328e-afe4-74ee0ea72b49
1999,1999,Elliott Smith,Happiness,2de995af-0cfc-35e1-8dff-5a896385a836
1999,1999,Ellis Island Sound,Data Centre / Olympic 2020,21470fa0-c5c2-4332-be30-ad67c05aa178
1999,1999,Els Pets,Munta-t'ho bé,0ff66151-afd6-3bd5-9cd6-9499b580443e
1999,1999,Elton John & LeAnn Rimes,Written in the Stars,268829f8-23c8-34b2-b050-61f3f239bfac
1999,1999-07-19,Elvis Costello,She,ea43cad2-996a-34c6-be79-3b0845d4de65
1999,1999-04-19,Elvis Costello with Burt Bacharach,Toledo,3bde115f-326e-3cea-995c-f1bf5874a7b8
1999,1999,EM-LY,Oceans of Emotions,be775099-699d-4f1e-b811-19a1414f6e9a
1999,1999,Embargo!,Embargo!,5a811bb3-87f4-463f-bf33-3fc9184996bb
1999,1999,Embargo!,Hysterie,59bf0927-4b4d-478f-b57b-5a2184280fdb
1999,1999,Embee,Acid Splash / Sentinels,c4f806e5-2902-4c2e-99a1-678396d15205
1999,1999-03-29,Embee,Cryocold / Senses,8342d7e5-433b-3372-98d5-efe14e494e61
1999,1999-11-22,Embee,Odyssey / Skyliner,1be5d1a2-ebab-30de-b6b2-f54b7a24619f
1999,1999-11-01,Embrace,Hooligan,93687354-a058-3f25-b79d-7f46ac3ecabb
1999,1999,Emilia,Good Sign,f9a5ab21-07ea-3129-a115-ed3ff3a354fb
1999,1999,Emilia,Twist of Fate,9d333778-05af-38e5-9bf9-eae7d0c8ae82
1999,1999,Emilíana Torrini,Baby Blue,a6998f7e-0dce-30a3-9d0c-6174d082fdd0
1999,1999,Emilíana Torrini,To Be Free,453d9dc6-4b21-4168-8535-823f3cc52052
1999,1999-03-29,Eminem,My Name Is,3b0814f1-da11-3b94-8939-4d4fbd9082ff
1999,1999,Eminem,Role Model,49f4afe4-6c42-48cb-9b3d-616ec641591d
1999,1999,Eminem,Role Model / Cum On Everybody,5efcb52b-96c3-4222-9ffd-d7c2f382ffab
1999,1999,Eminem,Role Model / Cum on Everybody / ’97 Bonnie & Clyde,09388c55-b4dc-449d-ba33-9c2aef121ed4
1999,1999-12-31,Eminem,The Way I Am,048756a9-bfd6-3623-9a8b-27f2cc601aea
1999,1999,Eminem / Pharoahe Monch & Shabaam Sahdeeq,Any Man / WWIII,2300bc34-9059-42c6-8822-1ed06c27f0fa
1999,1999,Eminem / Stretch Armstrong,Shady Vs. Stretch,38be13a6-4962-4d93-8f70-ad656e94c772
1999,1999-08-02,Eminem featuring Dr. Dre,Guilty Conscience,602fc20f-0ea4-3039-a9b0-4e716a22ae12
1999,1999,Eminem featuring Dr. Dre,Guilty Conscience / I’m Shady,1d835264-b1f3-414b-a15b-bf74dcba8cb1
1999,1999,Emmanuel Top,Turkish Bazar 2000 (Thomas P. Heckmann Remixes),0d21a455-6120-41ad-bdba-b4da53557a19
1999,1999-01,Emmie,More Than This,8c4b49f8-ebf5-3456-9dd1-0a2580d018fc
1999,1999-04,"Emmylou Harris, Linda Ronstadt, Dolly Parton",A Trio From the Trio: One Angelic Sound,3e28a033-28da-418d-99ac-6dc8366abecc
1999,1999-12-20,Empathica,The Reaper,9c3f80a3-d9e9-43a6-9f69-bb243ebc7061
1999,1999-04,Empatysm,Peur Bleue vs. Rouge De Colère,11fb03e9-3e4a-4cd6-ac55-bcfd48d2c255
1999,1999,Empire City,My Dreams,fb246d01-66ef-4ac4-b56e-a5ac88eddac2
1999,1999,Empress of Fur,We Like Weird,4595c3ed-a60c-37fe-9e67-6289d89948ba
1999,1999,Empy-X,Singlas,3008a890-bcf2-32b6-a3d7-a1f135ebbcf5
1999,1999-05-21,ENDLESS,微風-Soyokaze-,aa0a167c-5ccd-42f6-b098-468768c30f11
1999,1999,Energia,All Time High,0480f659-f05c-4063-ae2c-ec933049fae3
1999,1999-01-07,Energy,Take Me Up / Acid Dawn,adf1d38e-fc42-4acc-ad30-2551e3001a92
1999,1999,Energy,Twisted Sanity / Raver's Revenge,0214d709-a3ba-4d45-bc50-eb3b27ee4e42
1999,1999,Energy,Waves of Desire / Rebel Rhythms,4eabb736-4d6d-438e-a4c2-2f5c6ab96f26
1999,1999,Energy & Blackout,Crazy Styles / The Seven Deadly Strings,e75256e5-4342-49ec-9b35-65ebe0a178df
1999,1999,Energy Source,Time Travel,cafc5fc3-3fd4-4065-a259-8a5c7a72dae8
1999,1999,England Rugby Team feat. Russell Watson,Swing Low '99,a5401ce7-0a5f-4a59-95e8-4de8f6d51e69
1999,1999-05-31,England's Barmy Army,Come On England!,95ae4bac-c035-3117-9b02-078d07cbfa75
1999,1999-11-15,Enigma,Gravity of Love,f821415d-de9b-3da6-8023-39a4a93d67b4
1999,1999-08-30,Enrique Iglesias,Bailamos,596bbdd7-571c-47a3-a70b-a83d4ebcc412
1999,1999,Enrique Iglesias,Rhythm Divine,f93a38ba-babd-37ee-97ae-1f320253c7cd
1999,1999-07-15,Entice:Vignette,Vivid・・・Remember,b3cbd21e-1d8f-4a2c-87bf-0e07b9e41b76
1999,1999-02-08,Envoy,Beautiful World,6fcde989-5c76-3001-8198-fdf08e1d7568
1999,1999-05,Enyosion,The Final Countdown,9b86f440-42d1-44db-8891-4ed9a9671109
1999,1999,Enzo Belmonte,Grande immenso amore,63a0de34-a98e-4eaa-9dab-ea7c3b01f7ff
1999,1999,Enzo Enzo & Kent,Dans tes bras,43e642d8-9928-481c-accb-85df53ada9e2
1999,1999,Enzo Enzo & Kent,Quand on y pense,58e46c6e-3fd7-4fbf-b52b-a124a6b15e12
1999,1999-08,epidemic,special limited tape,5a260b12-ef3b-4e7a-92ce-0ac53cf28019
1999,1999,EPMD,Symphony 2000 / Right Now,02847d30-554f-49cf-8f3c-be03a8173ab6
1999,1999-11,Eppu Normaali,Pidetään ikävää,aef27646-64fd-4d2c-8691-f76b9fa03702
1999,1999-09-12,Equilibrium,Do That / Hold Something,a909ef3f-2828-44fa-8b80-ca9ec247633d
1999,1999-01-01,Equinox,The Tradesman,08994c97-f9f9-46b7-a1af-54c39048c137
1999,1999-12-13,Erasure,EBX 1,eccffa84-dc6e-32e1-9325-2ab66d5d4761
1999,1999-12-13,Erasure,EBX 2,780154ef-4a4d-3405-a29c-4562a05bc669
1999,1999-06-15,Eric Benét,Spend My Life with You,474fd152-30db-4c93-9782-c1821885d7e7
1999,1999-04-19,Eric Benét feat. Faith Evans,Georgy Porgy,43515883-f3d8-3723-aa1d-21e77914330a
1999,1999-11-23,Eric Clapton,(I) Get Lost,4529d4e3-e8ab-4737-b2f2-a62a19d82a70
1999,1999-10-25,Eric Clapton,Blue Eyes Blue,1177a0a3-4bc9-3d60-a865-b51f7c317176
1999,1999,Eric Del Mar,World Of Doubt,b3d1f2e7-f73a-4877-b198-78d4ead74bec
1999,1999-05-02,Erin Hamilton,The Flame,aafe19d3-e756-489e-a6de-6095457b5ce7
1999,1999,Erin Hamilton,The Temple,bb160096-a42e-404c-960e-5c36aa2df283
1999,1999,Ermitage,Poljushka,5cb279d0-fdca-49ce-92e6-4640b36669e0
1999,1999,Ernest Saint Laurent feat. Chezeré,We Are One: Les Remixes,060f3ac5-af60-370b-86e0-c5c581bd914e
1999,1999-05-03,Erykah Badu,Past Talk,e739f75a-2711-4480-9afc-39d3943c8146
1999,1999,Erykah Badu,Southern Gul,b0dbbb67-4586-401f-bfae-850a49660bf2
1999,1999,Erykah Badu & D’Angelo,Your Precious Love,76d80d5f-502f-40bf-a42a-892ab6eadc3e
1999,1999,Esa Eloranta,Tuo toukokuu,5ae38a7f-74c4-4128-a5a3-260bbf7b2079
1999,1999,Escalation,The Prophecy,1344cc5a-fc95-4c60-93ec-3ae6a51e6a14
1999,1999-05-14,Escape,Cascades,d45e4559-ec70-3b27-8506-4170cc706348
1999,1999-04-28,Espresso,Drive Me Crazy,3f8b7cfb-30c6-4c5d-9ea2-afe6d1152c9f
1999,1999,Espuma,Planet X,1a77987c-8914-4163-99c2-2f11e7761d8f
1999,1999-11-20,esrevnoc,美人 / heart fry 99℃,76991ba0-5bfa-4a36-b7f0-d04325c32b55
1999,1999,Esthero,That Girl,a44d3019-4be9-3e3a-9232-41b1af8d7f93
1999,1999-10-18,Eternal,What’cha Gonna Do,4ad1b92a-bc3b-3836-8cd3-af599e54d563
1999,1999,Eternal,What’cha Gonna Do - The Mixes,bd841322-5957-4c96-bf6b-8a465b34af18
1999,1999,Eternal Grief,Raped by Chaos,3a6a629f-42cb-4473-8337-2d68a6790a31
1999,1999,Eternel Sarasin,Gu'Etsa,30e55bac-6e7f-4917-916b-c9a22f04b931
1999,1999,Eths,ETHS,86fb7c8a-a6b6-4bca-b3cf-6a10c8d0254a
1999,1999,Eufex,Humpin Pumpin,239490af-0e3f-4e88-b21e-11ddc5c0fca2
1999,1999,Eufex,Unsung Song / Kiss,ee75a79c-756a-40da-b75c-f366e9faf4f7
1999,1999-07-11,Euji Acha,Beyond the Antechamber,44b0217c-7031-435d-b15a-f4e134a0cf73
1999,1999-03-07,Euji Acha,Harbour Whistles,6cca0c54-6f7b-434c-8862-bd0d38b1930f
1999,1999-05-16,Euji Acha,X Konhtrolh,f67e3ee0-1090-42c6-b23b-1afcb07c8fb1
1999,1999-03-29,Euji Acha,Zaman's Hill,d9952494-1d0b-43c2-b7ce-00257905f84f
1999,1999,Euphony,Space Invader,0bbcb65b-0b57-48d3-9ec8-de15d009560a
1999,1999,Euphoria,Delirium Remixes,1c27e135-8a8f-3e56-80ca-ed7a9fbb7f53
1999,1999,Eureka Farm,Quinsonnas,d0a462de-1155-481c-a755-851482b37eaa
1999,1999-12-13,Europe,The Final Countdown 2000,f5ffeae3-b9d4-3110-95e9-a5505ca5dc9b
1999,1999-10,Eurythmics,17 Again,c04a601f-7672-334e-9c75-af7164c2ff24
1999,1999-10-04,Eurythmics,I Saved the World Today,43d2aad2-8dad-4d79-9114-cd981ba57863
1999,1999,Eva Marchal,I Had a Dream... Tous les hommes sont bleus,d4316ae3-15d5-486e-8d51-8fa912f73415
1999,1999,Eve 6,Open Road Song,00078770-be06-4d0a-b482-0c3812cd6f81
1999,1999,Eve 6,Tongue Tied,bed6b9f6-3c14-4165-bb4b-ff9369890d27
1999,1999,Evelin Samuel & Camille,Diamond of Night,c8e48139-b256-4f7f-8005-5301f07955f9
1999,1999,Evelyn,Moviestar,bcb9ee4f-a9d8-4b5e-8f25-62778a963045
1999,1999-07-30,Evelyn Grace,Lenore,f6f7199f-42f7-42ad-87d7-43b48af54fc4
1999,1999,Everclear,One Hit Wonder,61d177ca-7021-4a12-877f-f38cc014d94b
1999,1999,Everclear,The Boys Are Back in Town,f21472c9-4cd9-407b-9af2-278ff26fe2d1
1999,1999-06-21,Everlast,Ends,ffd70759-7ae6-3318-a82e-df5b77025deb
1999,1999,Everlast,So Long,50c982aa-0290-4ad5-8acd-be716a285474
1999,1999-01-27,Every Little Thing,Over and Over,4d0cb121-4275-48fe-84af-77421fb37368
1999,1999-03-03,Every Little Thing,"Someday, Someplace",3a1d3496-469e-3b1b-b2fe-2f3bfa334531
1999,1999-12-06,Everything but the Girl,Blame,55d1202d-0a03-3a7c-b442-b2f78ec51be6
1999,1999-01-28,Everything but the Girl,Five Fathoms,ed0ee78c-7073-37cc-8ae6-b620bc6b6c76
1999,1999-12,Evolution,Phoenix,3967f723-9647-3287-a875-dd2a5cd6637f
1999,1999,Exchange,Volution,603c214b-1bb2-4e11-aa69-5b8de9c618d3
1999,1999,Exit EEE,Mehndi,86cc3012-9b85-4e16-adf9-1cc6fa65b134
1999,1999-12-21,Expression Direkt,Rien ne baigne,0ba83cc8-c53b-4ba6-9a77-4a6ce465e6a4
1999,1999-06-21,Extended Spirit,Caprice,5650ac3d-aa16-3f17-b3a7-0305f688ab36
1999,1999,Extince,Zoete Inval,5e9cf036-a509-4551-95b2-af4ec669c908
1999,1999,Extreme Trax,Don't Stop,3ff59475-0e94-4aed-b0e3-68d024c44340
1999,1999,Eye-D,Evil Eye / Enemies,96c01402-083e-4490-8366-af7b4d4f2647
1999,1999,Eye-D & Kid Entropy,Sabor Natural de Coco,4e52c5e8-de62-3781-baac-f9431e9ed980
1999,1999,Eyes Cream,Fly Away (Bye Bye),2f6249a7-a117-3841-9409-84eaa0ad6f6b
1999,1999,Eyes Cream,Magdalena,a84721e6-12e0-4b82-913b-07e237f0d17c
1999,1999,Eye×”G„×A,LOST ~痛みの詩~,3b711871-4cee-47d7-9c15-83b6d3ed2f6f
1999,1999,EZ Riders,Chopper / Grifter,b64000fc-bf28-495b-b639-494821b489bc
1999,1999-12,EZ3kiel,Alienation / Irie,770a3507-7518-454b-beab-14025ee59d31
1999,1999-12-10,Eze:quL&LAYBIAL,蝶乃舞,f475359d-4581-4b36-b764-d49858cea286
1999,1999,E‐Motion,In the Moment,4a4cda18-c240-30b0-b7d9-2d9f9ce2088a
1999,1999,E‐Rotic,Mambo No. Sex,9fd881b3-eac4-477b-8aed-648a5a995e4e
1999,1999-01-13,E‐Rotic,Oh Nick Please Not So Quck,4ea81754-ea20-43ac-8cff-c0e0cd7d4c8e
1999,1999-12-31,F.U.S.E.vs.Plastikman,Epok CD,3046efa1-bea3-4028-891b-dac3f2b67a80
1999,1999,F1,Alright,a552007a-1b95-4af4-bee1-1d692950f66b
1999,1999,Fab Flavour,Feed the Kitty,6e19e043-1a9c-40bb-9d39-ff9e38d0b9d4
1999,1999,Fabe,Comme un rat dans l’coin…,86e68070-951f-4069-b8dc-096c353235b3
1999,1999,Fabe,L'Emmerdeur public N°1,2857011d-2115-4ef8-a9bc-e2b2fc2cf21f
1999,1999,Fabietto_DJ,Generation_2000,cc23c6b2-08a8-4a86-b179-1e1754d94e2c
1999,1999-03-14,FACE,REMEMBER,27d2efc3-a630-4f8a-8fe3-88615858d641
1999,1999,Face On Mars,The Bug,d87066ac-4180-41ff-a56e-1b0bdd41909a
1999,1999,face to face,Merry Christmas,e2025f4f-9c44-43b1-aa0b-2e84d539fcef
1999,1999-07-25,Facizm,-Virgin-,f0ad25d5-ce19-4c2c-add0-445e9ade62a8
1999,1999-11-24,Facizm,Nervous,7b2e65b9-deb0-4c58-8d80-8eaeb4612ff6
1999,1999,Facs,Stutter / Kromedome,16842062-74eb-478c-9740-0b73b5555a4b
1999,1999-07,Facs & Dylan,E.Coli / Braindust,0b4cd1f8-4ddb-4810-b368-31518a850164
1999,1999,Factor E Feat. DJ Wires,Amazing,da64e9b0-d3a1-4ade-9414-8d855243f8bd
1999,1999-12-12,Faisal Kapadia & Bilal Maqsood,Aankhen Chupa Ke,24781c0e-4318-445a-b70b-dfe9b4cfaf6f
1999,1999-12,FAITH,Sheaves,ff56bd98-6d19-4bf4-b66a-7401d5804d3e
1999,1999-05-20,Faith Assembly,Crash and Burn,7879a60e-05d4-38b4-ad22-c4b173e53ca4
1999,1999,Faith Evans,All Night Long,e3bddf82-490a-4590-a043-9091bfce4129
1999,1999,Faith Evans,Lately I,6b2a8d52-fb4d-45f5-8ddc-204fa8b7ba23
1999,1999-06-21,Faith Evans,Never Gonna Let You Go,3d16c9d1-8087-41ed-aa4a-7cd067008afc
1999,1999-04-05,Faith Hill,Let Me Let Go,83b3156a-1695-3f24-8ee5-cc3c573ecaac
1999,1999-04-22,Faith Hope & Spirit,Joy,e0f6f7b5-0eea-452b-87db-d6c61079e259
1999,1999-04-12,Faithless,Bring My Family Back,9c11ddbd-11aa-39af-9502-dbc241a6895d
1999,1999-09-27,Faithless,Why Go?,ec812d83-b5d4-3f75-9a0a-9ff0c54e2f55
1999,1999,Fake Splash,抱きしめたい,d9b63b61-ff07-4adb-8f31-e5e7d5e2096d
1999,1999,Faktor 7 feat. Manfred Lehmann,Everybody's Free (To Wear Sunscreen) Sonnenschutz,81a77090-7528-4d3d-829d-eca52406af3c
1999,1999-01,Falco,Verdammt wir leben noch,9b707a35-0166-4ecc-bb72-470b737f42be
1999,1999,"Falk, Ferris MC & Das Bo",Wer hätte das gedacht,28d0b5d5-9d0d-4b7c-a138-007c7d636ff8
1999,1999,Falkirk,Falkirk,dcaeb628-b800-49f5-a358-f5572239d010
1999,1999-04-14,FANATIC◇CRISIS,7 [SEVEN],7366944f-032c-4ba6-afed-f3563f211e14
1999,1999-01-01,FANATIC◇CRISIS,beauties -beauty eyes-/ジェラシー,a2d93a0f-c554-45d4-b9b9-3d15c0f9ff1c
1999,1999-12-15,FANATIC◇CRISIS,SIDE ADAM,43ff2f77-286b-4a61-9266-aa424efb59bf
1999,1999-11-17,FANATIC◇CRISIS,SIDE EVE,38a9103e-af0b-40b9-b1cd-f8003f448349
1999,1999-03-15,Fancy Vision,Plug Out / Supergirls Wedding,b4de20c2-3c93-4ed7-8b36-844c38265da8
1999,1999,Fangoria,Electricistas,0a5df0fd-08c5-49c1-96db-28728d4d4bde
1999,1999,Fangoria,Me odio cuando miento,b1682e93-eafb-441d-b1d8-eae65f6e0632
1999,1999-10-01,Fantastic Plastic Machine,Take Me to the Disco,b7d76591-64d0-3f55-b6ab-c82f2aa2b81f
1999,1999-03-19,Fantastic Plastic Machine,There Must Be an Angel,67c1394f-ffdd-3cd2-b5ed-25bf89cca4ee
1999,1999-06-21,Fantasy,"Ole, Ola Mallorca",c798db3f-4e47-3a56-87e6-414251ed4515
1999,1999,Faray,Back To Back,0c32fcda-227c-4886-bb21-b81aca6bebfa
1999,1999,Fargo,Come On,f6fef443-2cb5-359b-b6cf-9eaf5bea7bb1
1999,1999,Farming Incident,What can you do with a pig's head and sheep's brains,2718a01c-96ae-3bf4-82b5-de1bd7e1cf1c
1999,1999,Fatal Flying Guilloteens,Ask Marie Antoinette,c15d6b12-804a-4eda-a6c1-0944b8007eff
1999,1999,Fatboy Slim,"Build It Up, Tear It Down",e461d04a-38bc-3e2f-a2e5-e1f6d5615be4
1999,1999-04-19,Fatboy Slim,"Right Here, Right Now",3caf457c-c103-3c91-87e6-9cd488c4b1ab
1999,1999,Fatman Scoop feat. Crooklyn Clan,Be Faithful,1eeeba10-628e-3184-a8ae-678b81f6205b
1999,1999,Fatt Dex,Jus' Funkin,bb238ee3-0569-360d-9695-0d8389552783
1999,1999-06-02,Faudel,Baïda,57ed064d-7c3d-436e-bfd5-c24a71b2747b
1999,1999,Faudel,Baïda,b0fc7cee-4a05-42b3-b46d-45064b51bfe5
1999,1999-03-31,Favorite Blue,PRIDE〜close to you〜,6d5d8cdb-9c91-442b-a6b3-04efd363f6f0
1999,1999-05-08,Favorite Blue,solitude,d62b93bb-22a9-4c3b-a5b3-5611926c4ea3
1999,1999-05-12,Fayray,Daydream Cafe,05841624-0473-406c-8e40-c9efa0519c42
1999,1999-02-10,Fayray,Powder Veil,75a7a9c0-f81d-4577-aa7d-de0484e4e505
1999,1999-10-14,Fayray,"Same night,same face",71f09a69-2c88-40a5-b64e-0ab174afbd89
1999,1999,Faze Action,Got to Find a Way,0cb5a739-190a-4a3a-a587-c6a983c50bf1
1999,1999,Fazed Idjuts featuring Sally Rodgers,Dust of Life (Joe Claussell Remixes),0cde4781-80d0-4c4b-a3e5-081cdb12dd2c
1999,1999-11-16,Faël Inis,NRG / The Boomin' System,c603d222-be29-497c-b6a2-e3ef16ede4c4
1999,1999,FDB,"Souljacks ""Billie Jean Meets Saturday""",f056cfaf-83ba-4917-9815-0be510bcb996
1999,1999,Fear Cult,Drop Dead,749695b2-7486-39e1-b9ae-9726407b6cde
1999,1999,Fear Factory,Cars,b7b24b65-4baa-3fa1-a18c-ae93c21f1712
1999,1999,Fear Factory,Descent,a60cda00-cb53-3a7d-ac29-9fa34ea39572
1999,1999-03-22,Feeder,Day In Day Out,1f0bde26-b655-3e69-a50d-7257106289a5
1999,1999-09-30,Feeder,Insomnia,f538f140-bece-3c8e-b6f3-f4f05b4932f7
1999,1999-11-08,Feeder,Paperfaces,bb63df5a-6ae4-3d40-817c-b0568df4d5dd
1999,1999-08-09,Feeder,Yesterday Went Too Soon,5acdda7c-49a9-3293-ac0f-82c492ef76d3
1999,1999-05-26,FEEL,EVERLASTING,5fd6aeeb-c970-4946-a94d-4f9f664af0bf
1999,1999-09-08,FEEL,蜃気楼,ef71f2d5-30a0-4bcb-a20f-a53bffd074bd
1999,1999-07-24,FEEL SO BAD,曖昧な太陽(Hot Red),2625d187-28f5-4dc4-960e-2925c49f96dd
1999,1999,Feller,Atlantis,ba631d5f-8c25-4d45-99ab-f2fee0bba5ff
1999,1999,Fellowship,Delusions / Resistance,e0578de7-c3f8-4bc2-9ea1-5c23a24b4530
1999,1999-05-10,Fellowship,Muthafunker / Interchange,fb42848b-74c8-4b6e-967e-b95d192d98a5
1999,1999-06-14,Fellowship,The Abyss / The Jam,80edd589-5498-3346-87d9-6e6962afeba1
1999,1999,Femi Kuti,Truth Don Die,e6e81239-67e6-4d17-970f-5bd48a03be5f
1999,1999-11-28,Fergie,Friction,9806efa2-89d5-4c2b-ad8c-672392538db9
1999,1999,Fergie,People Are (Still Having Sex),ea97ead5-8dd7-4c60-aabf-f60685f4bf05
1999,1999,Fermin Muguruza,Newroz,6905f5b8-579e-353e-92a6-ee6513cd6d40
1999,1999-09-13,Ferris MC,Im Zeichen des Freaks,429cdb3c-94c7-32df-bd8a-37b7768af1e9
1999,1999-04-26,Fettes Brot & James Last,Ruf mich an,7bacdb96-a19b-3cce-830e-b36d9f6a6b02
1999,1999-04-04,fi:ne,clear's time,2b1eac59-f541-477e-b673-028bedbeac6d
1999,1999-11-15,Fiction,Synthetic / Campfire,54ca5b5d-0a91-40c2-8f2b-a09957baf954
1999,1999,Fidel' Escro,À toi de voir,71d22030-a07a-461d-9d44-ccb0e02663d4
1999,1999-03-17,FIELD OF VIEW,CRASH,283f9a85-b048-479d-9290-fda46edc1c35
1999,1999-07-28,FIELD OF VIEW,Still,2cac448c-b5b9-4f40-ae73-457effaff3a3
1999,1999-12-22,FIELD OF VIEW,冬のバラード,2e849d63-08b0-4128-a9ec-e67117b6055a
1999,1999-05-19,FIELD OF VIEW,青い傘で,cf982e5a-7c28-4963-a0d6-cb48ff76cf27
1999,1999-04-26,Fierce,Dayz Like That,e82560c7-34a6-3c0b-a055-1ee61bc8249c
1999,1999,Fierce & Funky,Vol 1,c84571a4-73dd-4c40-a839-f4506f3b205f
1999,1999,Fierce & Funky,Vol 2,b4d98fd1-f39c-472b-908a-15f8dcb59b5d
1999,1999,Fifty Fifty,Listen to Me,328275dd-f8e1-41fb-928d-3a05ae275375
1999,1999-11-30,Fila Brazillia,Nature Boy (Another Late Night),c59b874d-cebc-4c75-ba4c-c89b1b5a74d6
1999,1999,Filibuster,Don't Give Up / Picture This,7c185b02-69b5-34b7-b81a-81dbd0758f6b
1999,1999,Filo Joes,Low Budget,aa105346-92e9-4b8d-9f45-2b2ca61423f8
1999,1999-12-07,Filter,Take a Picture,cff989c7-556f-375e-9a8b-7c429ef56089
1999,1999-09-21,Filter,Welcome to the Fold,8619938c-9c5b-3f80-8c8b-e1109f6f2bad
1999,1999,Final Fantasy,The Sound of the Atom Splitting,0999a335-7d2d-4158-bfba-4f83093a25d5
1999,1999,Final-One,I Need Your Lovin’,3ac49d1f-e686-4518-a478-b9f6858a44d9
1999,1999,Finger Eleven,Above,b9e6d913-0d52-4b7a-8322-a765f3f8827a
1999,1999,Fintelligens,Voittamaton,582c3b04-b781-3539-bd6f-fe0a7924dcbe
1999,1999,Fiocco Feat. Medusa,Miss You,9e7d7007-6691-45d5-9788-e84111b2368e
1999,1999,Fiona Apple,Fast as You Can,31ab8971-de1f-3310-a396-3d22a634ff3f
1999,1999,Fiona McDonald,Damage Control,53e7600e-a903-39e7-9bd8-dff60a1c601b
1999,1999,Fiona McDonald,Sin Again,3fdbd134-300c-3f6e-acd9-c5828be55a00
1999,1999,Fire & Ice,Beyond My Control,6b4591b5-d6c2-4e30-9c9f-16a1d5e5c6d9
1999,1999-10,Fire & Ice,Neverending Melody,58082fc7-ee34-43ba-b8b0-aa766c6d287d
1999,1999,Fire & Ice / Freebase,Presents...,7df88f70-3ba2-4174-baa7-566e72074b36
1999,1999,Fire Trax,Vol 1,2d040aac-0399-4ca4-bff2-fc20d50e0a24
1999,1999,First Alert,Trade the Life,899ab183-5392-4972-b609-989b4315a0ae
1999,1999-09-25,FIR~REFORLE,FILL IN,e52080de-9096-43fa-a577-e1798495e1b4
1999,1999-01-16,FIR~REFORLE,Un*Balance,e54e57b7-e4ff-44fe-839c-1b4733521330
1999,1999-03-22,Fish with Elisabeth Antwi,Incomplete,7f80d14d-9a6c-38c5-b912-5332a183438c
1999,1999,Fishing for Compliments,Teenager in Love,dc7e5e6f-fcd7-3d80-a483-6c07ebbd465c
1999,1999,Fito Páez,Al lado del camino,1069a263-79bf-4d0e-b87a-72626d872d52
1999,1999,Five,How Do Ya Feel,a68c3294-9600-4cc7-9b0a-fa758f784482
1999,1999-07-19,Five,If Ya Gettin’ Down,03b99dd8-6ce4-40f0-a948-67f4fb58e990
1999,1999-10-25,Five,Keep On Movin’,3ea06ef0-8119-3aa9-a9ec-0202ce56f785
1999,1999-05-19,Five Fifteen,I Don't Remember,57a3de40-9cf6-411f-aa8d-5c73d477fa2e
1999,1999-07-05,Five Way Mirror,Playing Out Obscurity,bb38c22a-3307-33f5-a82f-d2cab557473a
1999,1999,Fixed Stars,Every Night,b6a53671-2167-3ab5-a6d4-4e47e7eb53e8
1999,1999,FKY,Tapage Nocturne 02,a11b21e8-85a8-4caa-b3ed-4493fa6cf029
1999,1999,FKY,Tapage Nocturne 03,07c12018-8f1f-438e-b158-cff2bbb3b44f
1999,1999-12-09,Flair,[And Vision・・・],a585b28a-1a66-4504-a6ca-56d3f111d576
1999,1999-09-21,Flair,Forever [My Precious Days],a4282f0e-d659-40f4-8465-2d8314fba296
1999,1999,Flak,Tune In (Round Window),db170f23-c21b-395e-82ed-5395fc954ec4
1999,1999,Flannel,End of the Millennium Party,f593990f-94bb-4d4a-8d7e-ae49a1a96e5b
1999,1999,Flare,Celebrate the Misery,e62e8a03-0159-4aa9-89bc-706a732280f9
1999,1999-08-05,Flare,Eternal rise,bfa86da2-7c3f-47c9-af23-ccee13a7480a
1999,1999,Flashmen,Hard Up,8d3d8773-b8e3-4e04-b63c-748235f6daa7
1999,1999,Flavour Drum,Untitled,f8c99eaa-7fdd-4091-ba17-1580bf5369fd
1999,1999,Flea Bops,Good Time Woman / I'm Ready,c7cb9b09-11ca-41f4-9d3c-2324cc61e1c9
1999,1999,Fleming & John,The Pearl,0e2f45ae-2c04-3eb6-ba26-b1e31151face
1999,1999,Fleming & John,Ugly Girl,2a3de987-387d-35cd-afed-5b4e1c5c7fc0
1999,1999,Flipp,Merry Flippmas!,0ff5b701-ead6-426d-adc1-dc9c8da2e49f
1999,1999,Flipp,"Oh Yeah, Uh-Huh, Uh-Huh",60b2a0ad-15dd-412e-a475-26b59e145fb1
1999,1999,Flogging Molly,Salty Dog,bc2280a8-1628-3758-a043-bb88bff2addf
1999,1999,Floorfilla,Anthem #1,659afa96-bc2a-40d6-bd72-3ec5adc48f1f
1999,1999,Floorfilla,Anthem #2,9f702486-c341-4750-bcdf-155583ae80ae
1999,1999,Floorfilla,Anthem #3,0820f76e-d6fb-3bd1-9a29-3073e771a13a
1999,1999,Floorshow,Don't Hold Back / Listen Up,a20db6be-b5b5-4263-be1b-d64b07ac6186
1999,1999,Florent Pagny,Chanter,c7c9bb85-48f9-4f8d-8d70-1ba50645737b
1999,1999-09-20,Florent Pagny,Jolie Môme,9364e78f-57a2-4c4b-ac36-0bef3c8a42b6
1999,1999,Florent Pagny,Les Parfums de sa vie (Je l'ai tant aimée),2ca66b8f-0edc-4614-a6ef-82493aa3ee30
1999,1999,Florian Ast & Kisha,Chumm gib mir Dini Hand,93a95095-ba44-4973-943b-e8bb439720e6
1999,1999-12-08,FLOW,Let's Start!,8299bf28-fd20-42fc-a860-d99f2ce0dc6f
1999,1999,Flowchart vs. GFS / Her Space Holiday,Electronic Sunshine,853bb32f-ee8f-3bb4-8096-982989b0257c
1999,1999-10,Fluxion,Prospect,5c7103bb-f92b-3775-b6e0-d64172c01a6c
1999,1999-09-06,Flytronix + Shere Khan,Tardis / Ultraviolet,d92b09bf-508e-3bb8-83e1-1311e0f075a2
1999,1999-08-02,FM Stroemer,Morning Light,73d6cdba-cfe6-49da-afb1-a0bec7e0d1b9
1999,1999-03-01,Folder,Glory Glory,bbd14de5-e418-4365-ba11-8936834ab37f
1999,1999-08-25,Folder,I Want You Back,03153c30-3c36-48db-affc-6cabfae43e6a
1999,1999-12-15,Folder feat. DAICHI,Everlasting Love,a38af3d9-33a4-4617-bfb0-deff5ec47c51
1999,1999-08,Folk & Røvere,Kjipt,55684d82-fbf8-4f7e-9906-542d3505915d
1999,1999,Folk & Røvere,Livet er for kjipt,dc18cef7-ba12-333a-a3a7-8b6af88273ba
1999,1999-11,Folk & Røvere,Pille,78339215-617d-443a-b9a6-78ffda5b96ad
1999,1999-05,Folk & Røvere,Yess,de10f50c-2270-49b7-b6a1-43a12d5b3122
1999,1999-10-11,Foo Fighters,Learn to Fly,db68b116-0ee9-3dfe-92f3-7c5158fbb56d
1999,1999-03-29,Fool Boona,Popped,44462cfe-5ec6-389d-b6fe-2ad781b5bf71
1999,1999,Footloose,14 Shot Clip / Running Style,1c83c187-2890-4e6a-a1ac-9d7fb9132a83
1999,1999,Footmasters,Formula / Under Pressure,b1fbf7c3-9158-4b4c-934e-330bc06b02b9
1999,1999,Forbidden Colours,Adore,b9eedbf9-d6f2-4b2b-becc-4c7485689fc2
1999,1999-01,Force And Styles / Hixxy And UFO,Heart of Africa / Random Access,f46fc990-201b-4f45-8348-e24cb7131e4d
1999,1999-11,Force Majeure,Redemption,05858760-cfcd-49ab-beba-044051c276be
1999,1999,Forcefield,Visions of Eden,7669204a-3319-4f72-a1b4-f67b3aa1b290
1999,1999,Forcefield Ft. Gregory Jones,It's a Disco Night,66399b92-2917-4139-a080-d26485ddf46d
1999,1999,Foremost Poets,Moonraker,2480b9d4-1b7f-42d7-aa7b-3c4934d13dae
1999,1999,Format,The Guillotine / E.N.V,6c4e245d-d17e-4f92-944a-1ba2204a4542
1999,1999,Formologic,My X‐Perience,b1ea0706-48e8-42a0-9835-0ddc33329931
1999,1999,Forstella Ford,Arcebus vs. Archer,0ba9a448-7678-4673-bb83-eaeb877a11b2
1999,1999-07-16,Foul Play Productions,Redrum / Maximum Risk,aaf2e186-502c-4b32-860d-aa16356a0171
1999,1999-03-08,Fountains of Wayne,Denise,fffb539e-55ec-38bd-8c6e-b28508796106
1999,1999-05-24,Fountains of Wayne,Red Dragon Tattoo,529bdea7-02f6-3fab-ac18-3ee3a8ff16c9
1999,1999-09-20,Fountains of Wayne,Troubled Times,4bff8036-c888-3e21-8002-0a52097c8054
1999,1999-08-25,Four Seasons,MOVE ON!,c300354c-17dd-43a2-80d3-96468a69c7e9
1999,1999-07-01,Four Tet,Glasshead / Calamine,9566cbc5-ed39-3fe1-8845-d7001f1bb864
1999,1999-06,Four Tet / Rothko,Rivers Become Oceans,b7d174bf-e9c1-3750-8895-72a57dbdd76e
1999,1999,Four Unusual Suspects,1999,e5ac3ffd-5f1e-457e-86a3-ecf68b5e9175
1999,1999,Foxter,I Was Made for Dancing,8530fbda-caf9-4dce-ad7c-31775bc64b3f
1999,1999,Foxy Brown,Hot Spot,84daa018-b060-40b5-8e8e-fe1cf4f27e94
1999,1999-07-19,Foxy Brown,I Can’t,98f978e0-dca7-4faa-bb12-8dbcfa10b2fb
1999,1999-02-26,Fraff,24 Global Cycles,e46ff22b-47d1-4a46-a491-5889fcac62da
1999,1999,Fraff,Be Careful What You Wish For,971adf5d-1856-40f4-b9b2-42784f4bc590
1999,1999,Fraff,Flameproof Jacket,5405b6e3-c455-40a3-8e22-6c1c7d5a3880
1999,1999-08-23,Fragma,Toca Me,aee49b68-3b02-36f3-a30e-8aa7fba2ad4a
1999,1999,Francine Jordi,"Ein bisschen Einstein, ein bisschen Casanova",dde4db7d-f411-4942-9a4b-7ba102f0240b
1999,1999,Francine Jordi,Laguna d'amore,fa84bcfd-cee0-46a5-a07b-a5e71cedbaa9
1999,1999,Francine Jordi,Wunschlos glücklich,46ea2329-2a96-4748-b258-6cf38a7d96d7
1999,1999-10-22,Francky Vincent,A La Folie,04d6b300-ce30-4ae1-9e2d-06289cf7b790
1999,1999,Frank & Ronald,Ole Barcelona,f8afd54a-7393-3fc5-ad8b-0a0240d07f64
1999,1999,Frank 'O' Moiraghi Presents Soweto Funk,Hey DJ,03966352-54a8-4632-8301-ab0efa963337
1999,1999,Frank Boeijen,Sinds de dag / Val voor jou,7a54eaaa-cd82-359f-8834-c8259ba3f190
1999,1999-11-19,Frank Cyberr,Anytime,f3842993-de2c-33e5-a0f4-3aa3d99a4c8f
1999,1999,Frank Sinatra,They All Laughed,218222b3-6c0a-43d3-932d-6c887e2db9f2
1999,1999,Frank Zander,Es tut mir leid!,2f0a0b78-97f2-4971-9fe8-953f9488d49a
1999,1999,Frankie Bones,We Call It Tekkno,0eacba62-b6f5-4762-acee-924775faa166
1999,1999,Frankie Laine and The Salvation Army Kids Singers,When You Hear the Bells / The Power of Music in Every Child's Heart,1eb689c4-0933-4d06-b74e-c675ff502bf6
1999,1999,Franko B / Karim,What Is Art? / High Heel House,c1165d57-144a-4194-8734-f35bbd5043c7
1999,1999,Franky Stein & The Creeps,House Of Frankenstein,6eba0e2e-d5fe-47f6-b600-e4d667e424bf
1999,1999,Frans Bauer,De luchtballon,2dc13c49-a83a-4625-a9be-70cb4bac49f1
1999,1999,Frans Bauer,Ich will mit dir tanzen,703583de-b03d-4932-b92a-54c98285551f
1999,1999,Frans Bauer,Ik pluk 'n ster / Ein Stern am Himmel ist noch frei,e8b24101-7f55-43b2-bfcf-fbda5e7fa1b1
1999,1999,Frans Bauer,Plezier In Wat We Doen,65c2446c-9e8b-484a-9357-2c6c7ffd368c
1999,1999,Frans Bauer & Corry Konings,Die zomernachten van San José / Geluk is ’n klein moment,78268f72-1179-4c9c-915c-65a049b46ad6
1999,1999,Frans Bauer & Corry Konings,Diep in mijn hart / Santa Lucia,621506c4-8517-4f2f-9570-37150c3a5983
1999,1999,František Pavlíček,Sůl nad zlato,15497acb-d5d0-435e-bdb4-b28df0308add
1999,1999,Freakwater,Hellbound,45f507e4-f838-40ef-9477-09d8efbdee5b
1999,1999,Fred & Roxy,Something for the Weekend,17388b6e-13f2-4946-a26a-9d2601445d87
1999,1999,Fred Everything,Revolution,64509dc9-485b-348d-bee9-30be946a6278
1999,1999,Freddie McGregor,Jah Will,2684558f-6273-415a-8f22-c51698fc9ab1
1999,1999-07-19,Freddy Fresh,What It Is,189b1b12-0f4e-3763-acef-e96c9e2c5570
1999,1999,Freddy Fresh & The Beat Archaeo’logist / Silverkick,Mr Roachclip / Voyle,6ff78d29-e7e3-4943-898b-2b58949edfd7
1999,1999,Freddy Quinn,Alle Menschen dieser Erde / Große Freiheit Nr. 7,7299406f-f800-487f-a9f9-b5e3acea5c2d
1999,1999,Free System,Don't Pass Me By,c0aba669-e1b0-44f8-ac85-7f80ff9498f2
1999,1999,Freebase,"Touch Me, Feel Me",f0fe3b53-2f99-44d5-80e1-4ffb81569f7e
1999,1999-05-01,Freefall feat. Jan Johnston,Skydive,c0a8edf3-b6ba-32f4-b2d5-fa0155126658
1999,1999,Freekstyle,Don't Stop the Rock 2000,b1db4120-012a-4a1d-a160-a5f5c6c11341
1999,1999,Freeman,Combien j’ai ramé,06ac12b7-ddd0-4e06-801d-8f3760cc60a3
1999,1999,Freeman,Vision Intérieure,63e69d62-78d3-46e8-a3f2-d490fa8b096f
1999,1999,Freeman feat. K. Rhyme Le Roi & Khaled,Bladi,aee15566-48bb-4566-af55-47f971d9b94b
1999,1999,Freesbee,Jumpin' To The Moon,2609812b-b041-4a27-9d43-a4e7b76b4a4f
1999,1999,Freestyle Brothers,Oldschool Rapping,ebb9e171-6f56-38ad-a809-5bc0ea68dfab
1999,1999-11-01,Freestyle Project,Electric Reality,7f1e6809-49d3-4370-ab2f-c2d79fc081d0
1999,1999-05-24,Freestyle Project,Let Your Body Rock,b26c1296-1822-4d85-8643-e291f2f3cc4a
1999,1999-01-13,Freestylers,Da Single Collection by the Freestylers,15943dc3-83a4-3f06-b75d-f5416ef78895
1999,1999,Freestylers,Don't Stop,7bcb5a2a-e58e-48c8-9979-774b86276004
1999,1999-07-12,Freestylers,Here We Go,0c797669-9fb3-380c-96de-dd72588e985a
1999,1999-08-30,Freestylers,Phenomenon One / Back to '99,c26d81c8-3b7b-41b1-8b68-a60b9b87041f
1999,1999-02-28,Freestyles,Come Back / Intended,d63362fa-706f-45b0-967e-9f698769a62e
1999,1999-09-20,Frenzal Rhomb,Never Had So Much Fun,25557c9b-a046-3eb4-99c0-5adf7a5a823f
1999,1999-03-01,Frenzal Rhomb,We’re Going Out Tonight,2c13afa8-32a8-3bfc-9078-688e83fe534f
1999,1999-05-24,Frenzal Rhomb,You Are Not My Friend,d08e85ae-142d-32aa-9c1d-65c78cffe04c
1999,1999-06,Freq Nasty,Move Back,bb91a891-9949-4ff9-ab48-e5c028e7c74a
1999,1999,FreQ Nasty & Raw Deal,Hydrogenesis / Headless Horseman Rides Again (Remix),94006e55-e331-4c54-8d33-c5b780f5c0df
1999,1999,FreQ Nasty feat. Phoebe One,Boomin' Back Atcha,5fa581ab-80b5-3d85-bf7f-cfcabca2b4e1
1999,1999-11-06,Fresh Juice,Party Stomp / Feels So Good,2b8c6e30-1961-393e-b8ca-cea4c67d5bfe
1999,1999,Fresh ’n’ Vegas,Mekon / Stealth,aa666b68-6cce-3570-959c-83483771c235
1999,1999-03-29,Freundeskreis,Esperanto,020a5c04-3c88-349f-8383-4d92de80e785
1999,1999-07-05,Freundeskreis,Mit dir,7b462129-36fe-3c1c-88aa-96b39c3a68ad
1999,1999,Fridge,Angel,bc437fd3-72f8-3ad0-be7b-515421885952
1999,1999-05-03,Fridge,Kinoshita Terasaka,f8d3cdf0-f9cb-3a78-af5b-b1bbe83db5b2
1999,1999-07-12,Fridge,Paradise,1b423c48-9182-4431-a66a-e29411ee48c9
1999,1999,Fridge,Paradise,c2012d88-7ae0-43a2-ba24-20af0b124694
1999,1999-04,Friends In Need,Alla Vi,a552275b-ade2-44bd-996c-0642e9c25c0c
1999,1999,Frodus / Atomic Fireball,Frodus / Atomic Fireball,15273fa6-8dc4-446a-80c2-12a310073602
1999,1999,Froger,I Can't Stop Myself,ae153cce-8466-45bf-8332-ae20c3a6e0ad
1999,1999-10-05,Front Line Assembly,Fatalist,972b8278-e4f5-345f-9e78-0d1741b84974
1999,1999-04-06,Front Line Assembly,Prophecy,26aeaf2c-7ea4-37d1-a046-9fe7be265811
1999,1999,Frontlash,STHLM HC,482f5757-5be9-428a-bf06-92b3eae2b1fa
1999,1999,Frost,Endless love,80081487-6859-473b-b2f7-d022e53ad7ce
1999,1999,Frost vs. Coolcut,The Monkey,66fe8b71-814b-41e6-842a-77c5135a02bf
1999,1999,Frozen Faces,Religion of Hate,e3a9df3c-261e-47fe-b057-6ba64e996d25
1999,1999,Fruit,Wondergirl,a344970e-a79a-4cde-ab87-6decacab47da
1999,1999,Fruit of the Loop,S*Explore,436c4c8c-feac-4b9e-ae07-36dc3add4550
1999,1999-08-23,Frutas Frescas,Mambo Revolution,cd9d4ded-4402-4eda-90a2-69d0ad6287c7
1999,1999-04-14,Frères Lumière,Être né quelque part,e9a554c7-6118-4de8-843b-869c0c9042ea
1999,1999,Frédéric Galliano and the African Divas feat. Cissé Diamba Kanouté & Koko Ouadjah,Kafo fité,6cb6a517-1e87-456e-8720-87e31b233ea0
1999,1999,Fun Lovin’ Criminals,Couldn’t Get It Right,d98a7f73-fe58-48c5-a6d2-bd6229d4a51c
1999,1999-04-26,Fun Lovin’ Criminals,Korean Bodega,a58bb956-e704-3d5c-ae1b-228142811dc0
1999,1999,Fun People,Leave Me Alone,e0d9d8bb-5dcb-3ae3-9674-d6edf3415934
1999,1999-09-15,Fun People,Middle of the Rounds,ce8de11f-b5be-4cdd-9539-941d25c3ee54
1999,1999,Fun-tastic,You And I,8d2f6c21-7e97-4c0c-9b7d-c06e30755507
1999,1999,Fungus,Rebel,94f9d70c-5c59-3395-a56c-407a91d743ee
1999,1999,Funk Face,Come & Sit on My Funkface,334ffafe-cb5b-4f34-89fd-14d1967bad0d
1999,1999,Funk Legacy,What You Gonna Do Baby,6ac40436-867f-4182-b180-09e5a277c9a0
1999,1999-11-26,FUNK THE PEANUTS rated R,You Go Girl!,a9b34117-8393-3f02-b185-7eaf358afe8b
1999,1999-02-07,Funki Porcini,Rockit Soul,65b3778d-bfd9-3358-8007-fc8c7277c3be
1999,1999,Funky Derrick feat. Nick Daniels III,Keep It Up,a75b1b34-fed8-4e97-b9d3-cb9f5eec5462
1999,1999,Funky DL,Loud Noise of Silence (Dimention Ball remix),de37cc55-42e8-4875-95eb-29671bfd27a4
1999,1999,Funky Fluid,From Rome to São Paulo Through London & N.Y.,204aff7a-7abc-40c6-8d71-aae12d28c48b
1999,1999,Funky G featuring Gibson Brothers,K-Sera,7acda9c1-6ca7-4cc5-a1a7-657e9ce9cbe2
1999,1999-02,Funky Green Dogs,Body,1d63b87b-4d9f-3ff5-8577-58b1999a2f0b
1999,1999,Funky People,Funky People Remixes,832507be-9542-350b-befa-282c0e6edc7a
1999,1999,Funny,Sing a Song (All Night long),3df6f979-9e48-4492-a6ad-253154c3596a
1999,1999,Funny F,Phat Beat,ccd30843-5048-4fc0-b776-09643ddc00c5
1999,1999,Furslide,Love Song,2e33a83e-efd2-35be-aabc-c0641c8511a4
1999,1999,Furslide,Over My Head,17ec896b-30d0-369e-97c7-c0ee1852ab84
1999,1999-10-04,Fuschimuschi,Super Sexy Lady / My Number One,28196628-b4ed-37e6-ba9d-d0eb1c3a7af3
1999,1999-01-25,Fusion,China in Your Hand,c30c4394-f05c-3a2a-9ca1-4248027c9e15
1999,1999,Fusion,You Make Me Feel,05b76298-f70f-3951-8ac6-5608b319b65b
1999,1999,Futura,Devil Is Real,de2f35d7-bea1-4728-bae3-8f6e0a88be7c
1999,1999,Futura,Goodbye,5d74fccf-1e1a-4c79-a000-40963362a76f
1999,1999,Futurama,Silent Water,f01ed286-3cfe-4203-9aac-b1164eb7f59a
1999,1999,Future Breeze,Cruel World,e840b999-02f1-4228-b310-7eeb63184d5d
1999,1999,Future Engineers,Momentum / Organism,c0874904-5632-3949-858c-be7e9329f37c
1999,1999-11-15,Future Engineers,Rogue Comet / Changes in State,61d9a0b5-a01d-32cc-8c1c-3fcf9e76064b
1999,1999,Future Engineers,Timeshift / Components,de976994-4cab-3fb4-963f-cbfbce041eed
1999,1999,Future Engineers,Wavelength / Encryption,b197af05-fe1a-47ba-a395-e82b8be49ae0
1999,1999,Future House,Be My Lover,70e79e12-286b-4e65-86ef-897d12200254
1999,1999,Future Loop Foundation,Jumper,c0a21f49-4a46-3a88-9fc6-3eb775e1cd5c
1999,1999,Futurebound / System 3,Poison Chalice / I Want You,4fa9db09-16c3-3127-948e-ae859dc2bcff
1999,1999-11-29,Fuzz Against Junk,Born Under Punches,1118cc12-3df1-34ea-9e37-2627033e7adf
1999,1999,Fuzz Townshend,Bus,de3a2d91-99c4-34ec-aaca-2fe889613bd8
1999,1999-12-18,Féria,堕神者の叫び・・・,0e155ec6-1fe2-4aa3-b170-bda7110531f2
1999,1999-06-12,Féria,奴隷の聖書,f07ed87a-7d78-495c-bf67-db6222eeb38b
1999,1999-11-29,Fünf Sterne deluxe,"Ja, ja… Deine Mudder!",00a36fef-3289-34db-aed3-787637c6a4a9
1999,1999,G Squad,Blow My Mind / Drive By,3ae28e9e-0c0b-45c0-adc5-6e6f65eff30b
1999,1999,G Squad,Militant Behaviour / For Richer for Poorer,70434d63-3b82-4bab-8202-bfa8d9857c30
1999,1999,G Squad,Wide Open Spaces / Monitor,20e99aad-4d55-4f6d-95db-3053ce61b631
1999,1999,G Squad,Zero Tolerance / Your Love,5e3c4bb3-e39b-40a2-8000-3d5c5b0942a9
1999,1999,G-Force,Electronic Technology,36950d1b-83ea-4dad-916c-f78cf4e5f2ad
1999,1999-11-01,"G-Squad, The / DJ Blind",Free / Too Much,ff7f1938-3947-41da-aa5c-44382d9e4e73
1999,1999-09-01,G. G. Anderson,"Eine Nacht, die nie vergeht",56080be8-c4d0-440e-b31a-70723ed7f7ab
1999,1999-05-14,G. G. Anderson,Und wenn Tirol am Nordpol wär',6a196cc9-7b28-4d86-9583-3e10d54e70b9
1999,1999,G. Love & Special Sauce,Rodeo Clowns,5470c132-b637-4adb-b036-2be1ad0bb68f
1999,1999,G. Varley,G6 & 7,32206c83-46fa-4740-92dd-a605e36b00ac
1999,1999-11,G.D.,Choral Reef,de964925-803f-4817-87da-88585612899d
1999,1999-09-01,G.O.D. feat. Frankie Paul,Kissing Games (Remixes),4c4f547a-4e30-47ff-a1ff-9fc16c4a4fbc
1999,1999-11-25,GAANE,罪を認める恋ならば,a57bd602-de60-4318-adc8-d090198d24d0
1999,1999,Gabriel Le Mar,Why?,2af9e420-d0e6-4e4b-870c-28e01ef29d0c
1999,1999,Gabrielle,Rise,d3acfaa6-d0b1-3676-ad74-5e5c0f338d5b
1999,1999-09-27,Gabrielle,Sunshine,8663d96d-508d-3464-882c-b113db243c25
1999,1999-09-22,GABU GIRL,KEEP ON TOGETHER,77713553-c945-47d4-a1cd-49ba02ae3922
1999,1999,Gaby Rückert,Lass alles so wie es immer war,4ff5089f-0516-4583-a7b4-090b90163da7
1999,1999-06-30,Gackt,Mizérable,19f9bb1d-76ba-3d70-8cac-f4e033f5d3a6
1999,1999-11-03,Gackt,Remix of Gackt,313d3c17-ba77-38eb-81dd-f30b4949337e
1999,1999-08-11,Gackt,Vanilla,fd290b18-68f6-3ce7-8608-c1c3491406b0
1999,1999-02-20,GAKU‐MC,僕は僕で誰かじゃない,a3b2fa42-0803-4011-86de-9cabf2317959
1999,1999,Gang Starr,Full Clip / DWYCK,f2a44808-4356-3a3c-acdc-3fcaa61b50b2
1999,1999-10-05,Ganger,Canopy,56e6ef76-fe1e-321f-a354-af01c3438996
1999,1999,Gant Garrard,You Gotta Get Up,81deb898-aa6b-37b8-a186-af3a53bed8ce
1999,1999,"Gaps, The",Gap In / Gap Out,11c7d35c-0c75-4e1e-8f85-7ec3b5b93068
1999,1999-01-01,Garbage,The Trick Is to Keep Breathing,9f974c21-c6d0-4e6f-bfad-80ed681ea1eb
1999,1999-02-05,Garbage,The Trick Is to Keep Breathing,f4295be3-bb35-3b90-822a-e88883aac4d4
1999,1999-10,Garbage,The World Is Not Enough,8ac23e8b-67b0-3e90-aa85-977e70faa9de
1999,1999-05-24,Garbage,You Look So Fine,54452a9e-0592-35c5-8adb-d9ece28b47c1
1999,1999,Garcia,Imagine,5173cb92-a6a3-499b-9f4c-2fe91e50bbfd
1999,1999,Garcia,Kalimba de luna,1c720228-b621-3786-ab31-e92ed2eb3dd5
1999,1999-08-09,Gardeweg,This Groove,9b56512c-ef30-3326-aec6-b239d4e3d47c
1999,1999-05-03,Garmarna,Euchari,d0e737cb-ce27-3abe-9451-3fb815a9d4d4
1999,1999-02-22,Garmarna,Gamen,83702a5f-a276-45f7-afd2-5271e8fb5de6
1999,1999-01-05,Garth Brooks,Two Pina Coladas,1198ef58-126a-463b-adb9-de5a341f0df4
1999,1999-08-24,Garth Brooks as Chris Gaines,Lost in You,a9889f1c-2da5-3e84-a37e-7ed2b8f282fd
1999,1999-09-27,Gary Barlow,For All That You Want,7010ad92-4229-3090-a8f4-fd41b15baa0e
1999,1999-07-05,Gary Barlow,Stronger,17c8f917-f6bb-4ecc-a135-c663dd8498e4
1999,1999-03-22,Gary D.,Step Forward,9bde53ed-e979-4e0f-8031-74b0f770345b
1999,1999-01-12,Gary Lee Conner,Grasshopper’s Daydream,35a07494-2764-40d5-817a-187c7375db5a
1999,1999,Gary T,Look-In / Bad Intention,ede8d741-b5c6-4ad6-a8fc-21bb4626b287
1999,1999-08-12,Gas Giants,Quitter,64315969-8247-36d5-a574-e1efc537ee64
1999,1999,Gasolineman vs RoboChanMan,Gasolineman vs RoboChanMan,27f5fe67-c8a9-4888-9d13-92f6a787b804
1999,1999-05-24,Gay Dad,Joy!,60bef1c8-eef0-3e52-b95a-afa2a8e323fa
1999,1999-08-02,Gay Dad,Oh Jim,5cd99387-d052-48b7-a9d2-ec7bfc3e1a38
1999,1999-01-18,Gay Dad,To Earth With Love,c01e62b6-5155-32f7-9b5f-8f2e80f6c493
1999,1999-09-03,Gaya’,I Keep on Dreaming,30447348-5226-4139-9cba-6115b477d4f9
1999,1999-01-02,Gaya’,Shine on Me,8114097d-9b6f-4de2-9fc3-d834cc214d3f
1999,1999,Gbedu Resurrection,Gbedu 1,e055e8c3-b9c7-3f2b-bcae-84ac1dbc4472
1999,1999,GBT Inc. / Sy & Unknown,Better Day (remix) / Bring It Back,00aa876d-c76d-47e8-8f9a-8e2a82917afc
1999,1999,Gebroeders Ko,Geef me nog een laatste zoen,05924e55-2eaa-4ff2-8abe-a79234b192d2
1999,1999,Gecko,Lunarcity,6f954108-9a08-3533-910e-505390f47e1b
1999,1999-02-03,Geier Sturzflug,"Kuck ma hier, kuck ma da (Ab morgen wird gespart)",6c07bbe4-d6b4-49bc-b4b1-3e15b020ec36
1999,1999,Geier Sturzflug,Mallorca Doppel-Hit,f475ddec-4ef2-4334-8807-c70788fef82a
1999,1999-10-11,Gel,Sunshine,a7bdc63a-9307-30f3-bc56-0bb7cf543b78
1999,1999-04-21,GELAID,For You...,46f9971d-623b-438c-8106-8b2fc97a3fea
1999,1999,Gemelli DiVersi,Ciò che poteva essere '99,99732fea-948b-406c-82cf-0d64e9c24441
1999,1999,Genaside II,Mr. Maniac,43f6640b-e973-373d-ba58-3a6851d83b48
1999,1999-02-15,Gene,As Good as It Gets,a66f88c9-c616-3ef4-ad37-ffe37f3c7b12
1999,1999-04-12,Gene,Fill Her Up,8223e5b8-3bc7-3009-a625-219372d067a1
1999,1999-11-02,Genesis,The Carpet Crawlers 1999,9e99e10a-6ba0-356f-87e1-a38cdddb90eb
1999,1999-11-28,Genesys,蠍,c6d78759-abe3-4d6e-91d8-77d097b3bac7
1999,1999-11-29,Genetix,Resistance / Silverfish,37a70801-e513-39e6-b23c-0d00bd5856be
1999,1999-11-15,Geneva,Dollars in the Heavens,6e8e6586-60d2-3009-87e8-5a491f1a1748
1999,1999,Genius Crew,Allright,4d051270-a7b6-4f1d-a32b-ac5290b9a9b4
1999,1999,Geoff Farina,Steely Dan,f33f3a9c-efa8-3464-8c67-0993761438d4
1999,1999,Geoff Schwartz,Freckly Red-Headed Girl,9180b2d7-4212-4521-98f2-78fdc7a9f600
1999,1999,George Michael,Miss Sarajevo,80f15539-dc23-4131-81de-15bc66e44db2
1999,1999,George Michael / Mary J. Blige,As,89338838-bdd9-3c30-984c-cc31e2ded473
1999,1999-01-05,George Strait,Meanwhile,1ff152bf-3ac0-480f-9545-4931498b36cc
1999,1999-03-18,George Strait,Write This Down,31d9c70e-5bdf-4d0a-aad9-504824e3a801
1999,1999,Gerald Levert,Thinkin’ on a Garage Groove,cfac9979-0832-4d78-8a07-64028b2e3187
1999,1999,Gerard Joling,Als ik met je vrij / La Di Da,528641c3-792d-4975-86d3-b964de3c39f3
1999,1999-11-01,Geri Halliwell,Lift Me Up,b13189e8-1968-307c-a428-ececa1f60710
1999,1999-05-07,Geri Halliwell,Look at Me,5c625613-7e5f-3705-8e49-b49c4c2a6168
1999,1999-08-16,Geri Halliwell,Mi chico latino,97e720b4-4b9e-3a21-a140-91b8f403efa5
1999,1999,Gerling,Enter Spacecapsule (remix),ec66b43e-446c-371e-bf99-9abc0a77acc0
1999,1999,Gerling,Ghost Patrol,da93bf08-5bb4-3818-baab-d37895bc8d46
1999,1999-02-16,Get Ready!,I Still Luv U,622edf6e-c466-4122-ada3-d5dab7cf76a6
1999,1999,Ghetto People,Those Were The Days,d6bfb609-64ad-4bf1-81f3-261dd36b7201
1999,1999,Ghettoblaster,Magic Feeling,238acda5-4a2f-3da5-8565-6b6beb61ea93
1999,1999,Ghostface Killah,Mighty Healthy,af079cb1-e107-4bb1-83c6-fd614f45821e
1999,1999,Ghostwriters,Funambulist,a5766b50-8ce3-46d5-b6cf-1a1532901e73
1999,1999,Gian Piero,Children 2000,539945fe-6aa1-43c8-a244-69d397e619e6
1999,1999-11,Giant Robot,Urban International,753a1a9c-a8c2-3530-91c9-95621d29f023
1999,1999,Giant Swing feat. MICHICO,Vibe,cb177843-8444-4b7e-b7ba-fe12333823e3
1999,1999,Gideon,What U Need / Lonliness,0c101442-b422-409d-be86-77b69081bd5b
1999,1999,Gigi D’Agostino,Bla Bla Bla,03e543b4-7caa-3a8c-8d88-91a73dd18e67
1999,1999,Gigi D’Agostino,La passion,434a0e80-f6b7-3658-961b-07c373fa9cd5
1999,1999-08-21,Gigi D’Agostino,L’amour toujours,3a7330de-6a1f-347c-92e2-4878df36f8aa
1999,1999,Gigi D’Agostino,The Riddle,ef965b0e-0ea2-33a6-9b7d-1a406029fe19
1999,1999-10-25,Gigolo,Al Paradis,77cb409e-d2ea-3b6e-8772-54207d5e1d86
1999,1999,Gigolo Aunts,The Big Lie,8528017a-2513-429a-a40e-4ef8129e0f52
1999,1999-09-20,Gil,Out of My Bed (Still in My Head),4f1e59b2-ee33-3cf6-95be-6452b3ba4171
1999,1999-07-28,Gil,Walking Down the Line,e28a1ee8-fc67-3331-83c0-83361c62b363
1999,1999,Gilb-R & Delit-K,One Force,b291e2d5-e5d8-4116-952b-be02e93a1167
1999,1999,Gilbert Bécaud,Faut faire avec...,d11a1469-2948-440a-bf67-f9fcbe086c60
1999,1999,Gilbert Bécaud,When We Dance,d75149b1-c552-4424-8d89-9c6e28eaa847
1999,1999,Gina Dee,Leave Me Not Alone,45a4f2c9-d5e9-4b5c-8ac6-d12ab0d71589
1999,1999,Gina Thompson,Yadiya,81ff28d3-f1db-4785-8902-4ad4469a487c
1999,1999-12-13,Gina Wild,Porno Star,cc1d0a30-e1d7-4e71-8f68-ffc30b95f720
1999,1999,Ginuwine,None Of Ur Friends Business,96ccfd9e-22bf-4859-83c1-7b0e165a92f8
1999,1999,Ginuwine,So Anxious,a316c2a7-1a8e-4a9d-b846-ecfcc5c1ae74
1999,1999-03-01,Ginuwine,What's So Different?,b3f14b90-4a15-3dc4-90b1-67ce845b07bf
1999,1999,Girls to Girls,I Feel So Good,c6f0d2d4-ad66-4c98-b337-33fae2b349d4
1999,1999-04-21,GITANE,COUNT DOWN/HELLO THIS IS SECRET‐WORKS,5488e3d8-db37-477d-92ff-3b639cf2fecb
1999,1999-08-04,GITANE,Damage,104127c3-1ad1-4b77-8c9f-f1a9d8902f49
1999,1999,Glace,Bounce,1292a991-059b-4411-a8df-b1ef978c708c
1999,1999-04-05,Glamma Kid,Taboo,4f188b41-ab68-368f-8ff0-25d0f53dfd18
1999,1999,Glamma Kid,Why,0e8c54a5-ede1-40a9-a23b-674ed99edf77
1999,1999,Glamma Kid Feat. Sylvia Tella,Launch the Attack,32cc262c-336b-4d5b-8707-96b37312e9dd
1999,1999,Glamour,Continental Circus,4bfdf84a-558f-4840-b52c-fb5a79595780
1999,1999,Glass Candy and The Shattered Theatre,Brittle Women,794a3d89-1744-4967-88cf-8dd718f060f2
1999,1999-02-03,GLAY,"Winter,again",fdc8b1b1-4c54-3038-912e-ccccc05a3529
1999,1999-08-25,GLAY,ここではない、どこかへ,0a54d747-2b5f-433c-85f6-fef8a94eeb81
1999,1999,Glen Washington,Give Jah Praise Everyday,5b372545-3445-44fc-a158-2ef38914ec00
1999,1999,Glenn Underground feat. Jackie Green,Moving,98ce71e6-d619-3a51-9ebb-2d8bd073a220
1999,1999,Glenn Vernon,Tell Me,819051a3-79f9-3046-b642-b4b0722936f6
1999,1999,Glissando Bros.,"Do It, Don't Do It",4c8b5b54-af82-3c6a-84b0-6ef0c428e71e
1999,1999-12-15,globe,biting her nails,6ee3457a-f69d-331a-919e-560699d3eac3
1999,1999-03-25,globe,MISS YOUR BODY,dcd00c30-6f8e-3d28-947c-a59da95bd285
1999,1999,Globe,Pretty Girl,fa2d0d82-d660-47df-8fcb-595d6c4439b6
1999,1999-09-08,globe,still growin' up,c5435761-9c51-38a8-bb74-d4520029ba38
1999,1999,Globe Masters,The Globe Anthem,56f1d832-53e5-47a7-839f-8d5db7b28120
1999,1999,Gloria,Party on My Own,c840aac1-6741-38a6-9533-4ac5ce5ba0cc
1999,1999,Gloria Gaynor,First Be a Woman,94265e3c-b6b1-311a-80d1-6b3c6ea1f9cf
1999,1999,GLOSS,ripple,b4b44026-ba09-4194-949b-f536f6656fbb
1999,1999-03-08,Glow,Mr. Brown,18bfa1b5-b69a-413d-9a77-aa4f66dcb3b0
1999,1999,GM!,Forever Is Tonight (Bubbles Theme),ad6d2cc6-4f0d-42db-856b-00186c11bc2f
1999,1999,GMT & Imogen Heap,Meantime,53994a47-8107-4a1e-952f-4423b50a71fa
1999,1999,GO-KKO,Beginning of the End,ada54a1c-acdd-3851-9f06-af4ede8f6e57
1999,1999,God Grows His Own,Space Caesar,fac49526-79a8-4fa2-84f1-b4133536b301
1999,1999,Godsmack,Keep Away,2e33a7ca-4305-4ab6-ab9b-e5ce4eee0e44
1999,1999,Godsmack,Voodoo,47886569-50a1-46a2-aad4-cde3041f4284
1999,1999,Goed Goan,Aosgieren,da7d6d5b-9816-4b7d-a70d-07fc2dc51c44
1999,1999-06-25,Going Steady,You & I,d93440f0-dd34-4833-affb-c6b5186542d4
1999,1999,Golden,Golden & Rhythm Beat Jazz,e1f0143b-ac3b-4a9a-8b93-2579feec4fd8
1999,1999,Golden,Violator / Deep Skills,2adea00a-ec38-4bb5-92b1-5da2f1438af9
1999,1999,Golden Earring,Paradise in Distress,6685285c-5498-39a7-83ea-521ea3d5c12c
1999,1999,Golden Earring,Whisper in a Crowd / The Vanilla Queen,4786a517-74d5-49fe-9821-32f02f585e3d
1999,1999,Goldie / Search Engine,Shinning Down / X Plane,92da71f1-ab63-4081-9fbc-d8d35ff0157b
1999,1999,Goldo,Boom Da Boom,3328e6df-f4bd-4375-b33d-c59154a08a02
1999,1999,Golf / Lionell Horrowitz and his Combo,Radionation / 4children,86d4d7cd-49d4-4e15-885c-4f055259f11a
1999,1999-06-28,Gomez,Bring It On,86b82882-6aa6-3d1e-96b1-e3b621589650
1999,1999-08-30,Gomez,Rhythm & Blues Alibi,1b9d6627-b6a4-3e87-9601-b1e491dc96e0
1999,1999-11-15,Gomez,We Haven't Turned Around,cc034d25-e6f9-370e-adb6-a1d91dd1b95a
1999,1999,Gonzalo,Attitude,7eec1652-8887-4b47-9474-50063ac554dd
1999,1999-11-08,Goo Goo Dolls,Dizzy,7df5ceaa-6077-4de2-8b6b-dc2681c30b8c
1999,1999,Gordon & Re-Play,Never nooit meer,f00d691a-31dd-4117-9ce2-fd62d900af13
1999,1999,Gore Gore Girls,Mama in the Movies / Hit You Hard,faa6f0a1-503b-39b1-ace6-d5c3d57b213b
1999,1999-08-23,Gorky’s Zygotic Mynci,Poodle Rockin',50a3b420-d95e-3c0a-a552-08924d1a50b3
1999,1999-09-20,Gorky’s Zygotic Mynci,Spanish Dance Troupe,99f5b5a8-697d-39a0-80e1-32b86155d1de
1999,1999,Gotthard,Merry X-Mas,e646f251-823c-3682-ae7a-2b39c29e31c9
1999,1999,Gottlieb Wendehals,Polonäse 2000 (Die Polonäse zieht weiter),2dc827d6-b50a-44f2-92a6-de891ca7f47c
1999,1999-01-01,Gouryella,Gouryella,ca318300-754d-323c-ab7a-5b370b08c20f
1999,1999-06-06,Gouryella,Walhalla,42840149-b68d-3943-82ef-06d207121ce6
1999,1999,Grade,A Year In The Past (Forever In The Future),e0c682c3-854d-4ba1-9d6f-873124aca226
1999,1999,Grand Agent,Mingling (...With Mayham) / Rap Niggaz,33c2f508-4969-4a4d-906b-4fdd6ad8a16a
1999,1999,Grandmaster Slice,Strokin' 2000,320bc5bb-40fb-4107-acbc-f363d2ce9a93
1999,1999,Grant Miller,Colder Than Ice [Believe mix],080e663c-4de5-482e-8528-b909ae8f623a
1999,1999,Granturismo,Them & Me & You,db8a02a6-1437-4ed6-9fef-a9f3bed4b136
1999,1999-01-20,GRAPEVINE,スロウ,e9cccb1b-ce8b-45c6-abc9-a116f45b1ba2
1999,1999-04-21,GRAPEVINE,光について,63767b7a-041e-4e38-8f34-840ec94b9c11
1999,1999-08-18,GRAPEVINE,羽根/JIVE,50603cfd-54ab-4667-b06e-ed69f3ae82d8
1999,1999,Gravitation,The Begining,a518abfa-26ac-4be3-aa97-93fd6093b2cb
1999,1999,Great Lakes,Singles Club Single #7,925b0a11-3c19-3df3-8bd1-d8c0f1d662dd
1999,1999,Greatski,Showtime,56f8a27a-971d-46d1-bae3-d8e5672e9522
1999,1999,Green Court,Follow Me,93dae790-2504-31c4-90ee-489bf0964e9c
1999,1999-03-23,Green Day,Nice Guys Finish Last,775edcec-9f78-4f52-9d19-ba8841011848
1999,1999-02-24,Green Day,Singles Box,ad9fa63e-587e-4462-bc8e-c0da134255aa
1999,1999,Greenfield,Forever,359c180a-bc78-4f29-8461-3abee5f82cac
1999,1999-05-26,GREFIS,MEDIA FILE,1a73c8f0-ba17-4452-92d5-d202ab2c4144
1999,1999,Gregorian,Masters of Chant,3f15dcf8-7814-4d32-af0e-c33bd44eb151
1999,1999,Grimble Grumble,Senseless,7735ff47-ed82-3234-aeda-0a92611c34ee
1999,1999-10-18,Grinspoon,Ready 1,926d9ad5-8ad0-3233-b245-be796c69ec4a
1999,1999,Grip Inc.,Griefless,331dc565-8a15-49c7-a8a6-df354a2cf3e7
1999,1999,Groove 21/20,Saturday Night,3be2aa9f-bb5b-4a0b-8437-c5fb762fc8b1
1999,1999-04-26,Groove Armada,If Everybody Looked the Same,bcac7f7c-5d57-3756-b736-0ba9637ad8ee
1999,1999-11-15,Groove Armada feat. Gram’ma Funk,I See You Baby,088b00d4-f371-3966-b7e6-530bd0aa76bc
1999,1999-07-09,Groove Chronicles,99 / Black Puppet,716f93f9-8065-47bd-932f-6e3a3ba01c77
1999,1999,Groove Collective,Everything Is Changing,8240ecc6-6da7-35df-bf88-2bb7895f5e28
1999,1999-08-02,Groove Krew,Summer Time,68a29640-b3d5-4be8-bf47-5e672913c2c2
1999,1999-05,Groove Merchants,Don't Walk Away,4c4a124b-6eba-4ae0-93f4-c007a1041c66
1999,1999-01,Groove Merchants,My Sweet Heart,22f6307c-6e54-410f-8fb7-6572b5b2fcf5
1999,1999,Grooveminister,Vergiß mich nicht,2a9828a8-7a9d-39ab-a15a-0d2808f9faaf
1999,1999-09-01,Grooverider,On the Double,b0a5358e-73ab-40a3-b848-10c55f72de3b
1999,1999-06-07,Grooverider,Where's Jack the Ripper?,59dafb94-b79b-3173-8abe-6029b871533c
1999,1999,Groovie Ghoulies,Vampire Girl,9c2734c0-818f-3e72-9677-1e8a02b13943
1999,1999-02-10,Groovy Boyfriends,夢とよばれるもの,dcb075e2-1c2e-45f7-bf99-ff834c005013
1999,1999,Grubby Ernie,Songs About People,0f1e47c8-e08a-4502-b189-affd0a74c2f1
1999,1999,Grungerman,In Tyrannis / Ambient Grunge,9ebf9c34-5a5c-47d5-9610-c89665ae436b
1999,1999,GTO,Elevation - 2 Originals + The '99 Remixes,d7f5132b-c856-44c5-9c8e-ab5442be7577
1999,1999-09-17,GTS feat. m-flo & Melodie Sexton,Shine In My Life,4de7310d-d4bd-4cb7-af67-1398a87ad920
1999,1999-07-22,GU,Fly With Me: Mark Grant Remixes,26ee6743-3142-34e5-9b6f-2cd9c869dda8
1999,1999-06-25,Gu:Laymu,Gu:Laymu,6639cc27-79b5-4bf4-b700-229117abfe45
1999,1999,Gualagara,The Human Planetarium,6ebdbe88-de34-483d-8fd1-baddf430a1b6
1999,1999-03-08,Guano Apes,Don’t You Turn Your Back On Me,b7691468-583c-3188-86e9-c4489f703670
1999,1999,Guardians of Dalliance,Transient,5456fb5b-b734-41f5-8db5-e8dd6afb9c69
1999,1999,Gued-1,Les gens veulent l'argent,69d6dd5c-761a-4591-b298-9c2f190ac3b9
1999,1999,Guerilla,Our Time Is Now,b160f4d1-e6fa-4a1e-8541-ff043c03a516
1999,1999-10-25,Guided by Voices,Hold on Hope,d311acda-58e7-3348-8dc6-f3c0006991e1
1999,1999-06-22,Guided by Voices,Surgical Focus,ab0eab1a-6f12-3b5a-a0d1-994197d61a9a
1999,1999-09-28,Guided by Voices,Teenage FBI,61782607-e1c5-338d-a513-cbe4d72b118c
1999,1999,Guido Hoffmann,"Eine kleine, große Liebe",77a793dc-4bd8-4a32-ae46-a4a5401172dc
1999,1999-08-21,Guitar Wolf,ロックで殺せ,e00def1c-b8ec-403c-9443-26d6b38e622f
1999,1999-07-23,GUNIW TOOLS,GREEN CARNIVAL,dd5cd0ab-1616-388e-b434-b4b47a6a7f89
1999,1999-04-21,GUNIW TOOLS,真鍮卵,d3b9a818-682b-326d-9beb-9cd109a07a1b
1999,1999-11-02,Guns N’ Roses,Oh My God,6878f9b6-2df0-4918-896a-1c4f8ca08321
1999,1999,Gunther Schmäche,Honky Tonk,a3abd825-9504-486d-9e4b-946ba0859d40
1999,1999,Gunvor,Land of Fantasy,ebf06170-cc5b-3f3a-8024-e9de8622c4b0
1999,1999,Guppi,Var ska vi sova i natt?,3252b546-ed79-444a-91ed-7876d2c28089
1999,1999-04-12,GusGus,Starlovers,46a29d3c-dd56-396c-8365-4b551b423d7a
1999,1999-08-23,GusGus,VIP,faa63048-5ddc-363d-ac52-14fc0a03e391
1999,1999-05-01,Gustavo Cerati,Raíz + Entrevista,d4af0220-b085-4891-8ba2-d63cb4b3f1cc
1999,1999,Guus Meeuwis & Vagant,Je hoeft niet veel van me te houden / Boris,780bce06-f799-4a16-9313-0a437a7b2246
1999,1999,Guus Meeuwis & Vagant,Ze houdt gewoon van mij / Hou me gewoon maar even vast,bbeb316b-ce9a-4b7f-b0d0-a76053a02c4b
1999,1999,Gwen,One More Try,02c72192-2d4f-434a-aea0-fca461c5584d
1999,1999-02-14,G~Angel,Forever dream,05dbe38e-6bf3-4b59-813f-fa1835db308c
1999,1999-10,G~Angel,Octorber present,6aa4ec5d-0c3c-460d-b27a-8cce97bbbec4
1999,1999-11-16,G~Angel,Promise ~white snow~,d63150cb-2152-479b-b777-d11dfdfa45b9
1999,1999,Gölä,I hätt no viu blöder ta / D'Strass dürab,2b205ea7-1758-47a5-a459-2fa5c02b1706
1999,1999,Gölä & Bänd,Scho Lang Verbi (Summermix),fdb932aa-7e4d-4799-bb26-92207411b3bf
1999,1999,Güven,Sugarfiend,c335dd5f-206c-4dba-9caf-b838076f5425
1999,1999-07-12,H-Blockx,Time of My Life,16d06e02-df7f-44a6-ad61-770bf4c63086
1999,1999,Ha-Lo,Rapid Descent,895ec672-4b12-42ca-ad60-00129462ae78
1999,1999-08-02,Haddaway,The Millennium Mixes,801c2646-6deb-47c0-b60e-90a3a92bc06e
1999,1999,Hair Stylistics,Impression of Nasty Dread / Best of Hair-Style in My Life,9c01bd9c-b3ff-458a-9c86-39648991d2c7
1999,1999-03-25,HAL FROM APOLLO'69,NAKED TRACKS,ff2702af-9621-4f6b-9540-a66afb972814
1999,1999,Half‐a‐Mill,Thug Ones,32feae17-be7d-4c0e-bfca-db3e82729bab
1999,1999-10,Hallucinator,Black Angel,03d0225f-afa9-4c09-a07b-199cddcbf916
1999,1999-05,Hallucinator,Red Angel,80f63b36-b024-34b8-9804-5deffef8cedc
1999,1999-05-01,Halo,Mi'Casa,3af04076-a446-3efd-90ab-8779365d7e14
1999,1999,Halogen,Phase Out / Floating in Outer Space,11bb3520-8a71-45d4-9e88-dffb7170cfd0
1999,1999-08-02,HammerFall,I Want Out,3f6345a9-6299-3f07-bbff-9f39523fb21e
1999,1999,Han van Eijk,Leef,ee4a346f-f4e3-44b6-b588-35390eb4f754
1999,1999-08-21,hanaco with PUFFY,MOTHER,5288006a-4c49-4ebe-9173-d906c2b26bce
1999,1999,Handsome Boy Modeling School,The Projects (PJays),acd7a090-cd44-41a0-91b9-cb3a6aa38f13
1999,1999,Handsome Boy Modeling School feat. Róisín Murphy & J‐Live,The Truth,fcc19313-6f0a-4e44-952f-b0c2b34db505
1999,1999-10-29,Hani,Baby Wants to Ride,3b649439-8d7b-37b7-b021-db38ee2d5304
1999,1999,Hani,Baby Wants To Ride,cdfa5c69-26c7-4c9a-a607-cbb55300399c
1999,1999,Hannah Jones,More to This,72928f4e-5a71-49c4-9ba9-d8a47c080d6e
1999,1999,Hannah Jones,Was That All It Was,1b6fc02d-7df9-451f-8dd8-18438b4046f5
1999,1999,Hanne Haller,Grenzenlos,b3b057b7-c27d-41fa-929a-19b62b800c7e
1999,1999,Hanne Haller,Während du mich liebst,f844ae9d-6759-476b-8d46-35aee12a033e
1999,1999,Hans-Jürgen Beyer,7 Sünden,4b4408fa-3468-492d-865b-15bfdbea3879
1999,1999,Hans-Jürgen Beyer,Du hast mir g'rade noch gefehlt,b39169e5-e7ff-4c86-93f6-f1c1beb80103
1999,1999,Hans-Jürgen Beyer,Ich wünsch dir die Hölle auf Erden,deaf2738-938a-4138-903f-76de3b319c87
1999,1999,Hans-Jürgen Beyer,Ich würd' es wieder tun,51bf231d-9a00-4ba3-9cc0-3f4033b11cb6
1999,1999-06,Hansi Hinterseer,Es ist alles nur geliehen,cf5d5692-f1c0-4c45-b1c6-b559b3434584
1999,1999-10,Hansi Hinterseer,Ich hab dich zum Küssen gern,8b89bae1-8b38-4225-a145-431632681bfd
1999,1999-11,Hansi Hinterseer,Jingle Bells,a0ce903e-c161-4def-86d5-c1ef8162d7ea
1999,1999-04,Hansi Hinterseer,Man sagt nicht Goodbye,16237afd-b6c6-44b3-a233-2784e271a105
1999,1999-01,Hansi Hinterseer,Schön war die Zeit mit dir,ba83ab1f-028d-49b1-9518-ddb0485e16e9
1999,1999,Happy Rollers,Musik / You're Mine (Remixes),0055c69c-c533-4319-99a8-61d9812d0622
1999,1999,Happy Vibes,Happy Vibes,b6b2d29f-0921-4e37-9149-651c1c91bccd
1999,1999,Harajuku,Phantom of the Opera / This Is the Moment,db4f9aa2-2f43-4ea9-8921-742645d92234
1999,1999,Harbinger,Monkey Wrench the New World Order,c818898b-a62b-4d68-8c44-d7b3884de3cd
1999,1999,Hard Science,Abduction / Hawking,b514e554-4469-4795-b3a5-9fe4b366d590
1999,1999,Hardcore Superstar,Hello/Goodbye,f2c94a56-0a11-3990-9a2c-61ab61affc36
1999,1999,Hardcore Superstar,Someone Special,a36c0d7a-810c-4701-a7d8-d25392f80687
1999,1999,Hardrive 2000 feat. Lynae,Never Forget (When You Touch Me),bb0d3c26-0324-34d3-b176-164ed376ec84
1999,1999,Hardy Hard,Funky Music,0eb0dee5-e2b3-4f3e-bfd4-806bbd6a0814
1999,1999,Hardy Hard,Silver Surfer,4ebbdfb4-35e9-3612-acd6-acc5d2e4dab7
1999,1999,Hardyboyz,Operasjon Ivar F,4ca4da60-1270-4b9c-a9fc-99c34a10c994
1999,1999,Harissa,R-da,f2bb2a4a-7963-4762-8215-c2480bc2c978
1999,1999,Harleckinz,What Time Is It? (Zeitgeist 2.0.0.0),d8c6e5f6-b4a9-4d15-a75c-4bc73900d485
1999,1999,Harry Diamond,Excite Me,429713ed-cc74-4a5a-b74d-121f12b023f2
1999,1999,Harry Merry,Hoydenish Ambrosial,d15989a4-0312-4646-84be-23266de48db1
1999,1999-04-23,HARU&SAYAKA from UNIVERS★L D / Shifo from UNIVERS★L D,DUAL! / Real,40fac4b4-5490-32a1-b42a-8596c971fab3
1999,1999-12-10,Harvest,Feelin'Groovy,ac9d3842-9537-46ee-827a-745e9c481c2f
1999,1999-03-25,Harvest,ストロー,0c55c1ac-fc8e-41b7-8090-25b2c37ee7c9
1999,1999,Haunted House,Rain-Boww,1bb9d257-3d24-4100-acb0-e75bd2ff3b00
1999,1999,Havergal,Bronze Dream of the Cast,ebd09e0e-1c79-4ab3-910b-74e5a19cbf37
1999,1999,Havergal,How I Do,90fa6cf2-3024-447a-9549-6bc0c9051008
1999,1999,Hawkwind infected by The Scourge of the Earth,Silver Machine,344f3642-f833-46c1-9946-c6b4d106868b
1999,1999,Headline,Other Voices,8578e257-4b7f-4606-89ef-dc6726bd69ee
1999,1999-07-12,Headrillaz,Shoeshine,bf74c721-1224-338e-8531-cb345c8d18f4
1999,1999-09-20,Headroom,Utopia,73c47c7d-5c32-3fcf-b63e-be4a5520cffc
1999,1999-08-17,Heads of State,Fallout / Visionary,aaa744ee-8762-314c-a493-ceaade05db2d
1999,1999-12-13,Heather Mills feat. Paul McCartney,VO!CE,1939f43e-01d5-3c97-a7a4-f48457fd74ee
1999,1999-10-11,Heather Nova,Gloomy Sunday,72b88536-8dfd-3264-908a-780378953522
1999,1999-05-31,Heather Nova,I'm the Girl,946b9f65-7be4-3c24-a3b4-ac3d5ef91849
1999,1999,Heaven's Children,Bam Bam,3c86bb72-402b-439d-aafe-ecff07d0a33c
1999,1999-09-09,Hecate & The Jackal,Hecate Jacks Off The Jackal,90295475-f7d9-3ba6-8bde-3a136b5639c9
1999,1999-09-20,Heckmann & Gecko,Darkside / Demon Smile,5e4720f9-9c2f-350c-b100-7d118718b115
1999,1999,Hector,Muistinko kertoa,d1724f4c-89d4-4d5b-b240-c6972d36aa8e
1999,1999-05-03,Heed,Seldom Seen,bdb6173a-4327-4259-8532-fdd1b501b952
1999,1999-10-11,Hefner,I Took Her Love for Granted,ffd702d3-920c-307f-a808-ed8a464d7a18
1999,1999-02,Hefner,The Hymn for the Alcohol,5bf7ebe4-064c-4be4-9b4c-7c84ab6331b4
1999,1999,Hefner,The Hymn for the Cigarettes,1d1c4d66-a80c-3b45-a16b-8ffd9f0d8a85
1999,1999-10-05,Hefner,The Sweetness Lies Within,d95892c3-b49f-31af-9923-211c14249d66
1999,1999,Heideroosjes,Iedereen is gek,ba97ae04-70a6-36d8-9d1c-b470dc913a74
1999,1999,Heideroosjes,Time Is Ticking Away,e74a7864-7891-3b49-8b3b-9b3f5098a603
1999,1999,Heidi Kyrö,Jäätelösuudelma,7c1bacf2-3b72-4964-b3ad-85776e79f397
1999,1999,Heike Makatsch,Fifty Ways to Leave Your Lover,949bb897-36d6-3a45-8914-d405c78d0bff
1999,1999,Heikki Hela,Naisen hymy,cd20caef-c7fd-468a-9305-dd64a67b3abc
1999,1999,Heikki Silvennoinen,Magic Carpet Ride,9f465b3a-0801-3b3c-b712-f6eb099e0507
1999,1999-06-01,Heiko Laux,Presence,01f52e28-b572-3fa0-818d-b90979cd8418
1999,1999,Heino,Ich danke Dir für all die schönen Jahre,b0205576-911b-4964-9f08-c5d7e830a9cc
1999,1999,Heinz Rudolf Kunze,Aller Herren Länder,f5279317-9848-435e-afb6-2561ad3f2c6a
1999,1999,Heinz Rudolf Kunze,Himbeerbaby,7d4d11c6-b91b-4011-a183-c669c4225f92
1999,1999,Heinz Rudolf Kunze,Nonstop,d730bc01-f2bc-449f-b2b4-593cb1bd7dc9
1999,1999-05-20,Helena Noguerra,L'Amour en silence,1d22d0c9-10a8-45f2-bb95-c60a99242328
1999,1999,Helge and the Firefuckers,A Whiter Shade Of Pale / We Are The Firefuckers,308f4f36-02b1-48d2-9426-2bd0b32d9af1
1999,1999-09-13,Helge Schneider,Copacabana,b93cbd37-0d43-37ef-a7e1-cb6e031d6e2c
1999,1999-10-04,Heliotropic feat. Verna V,Alive,79bcffc6-b7af-37e5-b368-60567433c1f7
1999,1999,Helix,Quango / Breathmint,24ae38e2-2afe-4c17-a922-8cc25643f87b
1999,1999,Hell,Copa,52296f8e-42ee-3412-b5c8-1c1542ec2dad
1999,1999,Hell,Repassion,a7aa8d06-8a31-3c7e-ace9-c648f683ac67
1999,1999,Hell,This Is for You: Remixed,26f0ca09-eec5-360a-af77-552a2f861042
1999,1999,Heller & Farley,The Rising Sun,de58b743-6ec6-3e08-a32b-6a813f5f024e
1999,1999,Hellfire Club,Nightbreed,197947a2-b3a2-4dc3-99eb-51a3f89086a6
1999,1999,Hellfish,Rebel Bass,a59670c4-3709-4cd2-92db-1e154ba6b421
1999,1999,Hellfish,Serious-Evil-Shit-Mission-3,ba47a286-20ee-4d3e-86fe-fde4cb482369
1999,1999,Hellfish,Turntable Savage,e9df4d83-ee26-43ea-8016-cbe4a9a00a43
1999,1999-08-25,Helloween,Lay All Your Love on Me,3db80a93-0262-33c3-ad2a-7f5c399b2117
1999,1999,Henk en De Galgenwaardgangers,Mannen moeten werken,ced18a23-d93b-4edb-aefb-b201a03bfd1d
1999,1999,Henk Westbroek featuring Nance,De laatste en de eerste,ffeaecfe-af33-4328-9df0-39afbfe77b03
1999,1999,Henk Wijngaard,Oorlogskind / Eén dag één nacht,eeb47624-3b8d-44a3-b3b5-e151021545a5
1999,1999-11-15,Hennes & Cold,First,6fdef792-7796-4f36-a4cf-526ebe4a10a4
1999,1999-08-16,Hepburn,Bugs,c3ecffe0-1d00-3ad9-b358-1aba65dc2e84
1999,1999-05-17,Hepburn,I Quit,9a459eaf-09cd-3d1f-bc29-f3ba18673da8
1999,1999,Herbert Grönemeyer,Ich dreh mich um Dich,1c5570bb-67f0-4031-8d66-a5b77961284f
1999,1999,Heretik,Rock And Fuck 03,f0250c6e-84b8-4fb8-9f77-1c3877f1dd46
1999,1999,"Hermit, Daniel Ward & Mark Yardley",Music in Me,b5ce04a9-7329-4e14-9d4d-6f2d8ce606b5
1999,1999,Heroine Sheiks,(We Are The),97ad232a-6991-4caa-abf6-17d415439b0d
1999,1999-05-30,Heronimus Fin,Animal Tragic (Who are the Real Animals Anyway0,fec01fd2-9697-4728-a7cc-710a9d8c6304
1999,1999,Hessel,Law and Order,13350dd7-b172-4260-9ad2-91231e8212cc
1999,1999,Hevia,Busindre Reel,3739b270-ef61-414e-8693-f81d16448fc6
1999,1999,Hevia,Busindre reel,4cffbcd4-12d0-4cd1-a63d-748e9c4a5848
1999,1999,Hexer,Paradoxon,e09a7c7e-80a6-4166-9c9d-4793fdfbcbf1
1999,1999,Hi Fi Killers,Like a Lion,322559a5-02cb-4147-bca6-5dedc3aae31f
1999,1999-10-14,HIBIKI,Till The End~終わらない愛を~,39da87e4-26ea-49a6-9498-a56315af9b24
1999,1999,Hidden Face,20/20 / Vision,3fb84f2c-3d4f-443e-916f-8e67b41aa453
1999,1999,Hidden Face,Dry Ice,5ae1291b-b1a2-45e2-8f32-14089f490dba
1999,1999,Hidden Rivals,Early Days,6194dcd5-3091-443c-9cc1-8b5181d57331
1999,1999,Hidden Sound System,I Know / Freeze,43320b88-cd9f-4332-8ae6-364fdfe47f6b
1999,1999-11-15,Highland,Bella Stella,edc8fce7-8d1a-3c49-b8ac-16527dd9f811
1999,1999-09-22,HIKARI,Play Back,b333188d-a845-4606-b143-d1a16c3350fc
1999,1999-11-20,HIKARI,ジェットコースター,554981c8-82fd-46f6-8d77-182f00df344b
1999,1999-04-01,HIKARI,ジェットコースター / ポップスター,f83b000b-7562-4474-b03d-2447c549b9f7
1999,1999-11-02,HIM,Join Me,5eaeb4e8-dc74-39d0-ba52-97d3e234c1fc
1999,1999-02-02,Hiroko,アジアに雪が降る／CERAMIC HEART,b9439819-c616-44f1-94c7-0874a3b11fa7
1999,1999-11-15,hiros,Need the moment,4b356809-b2a6-46f4-85e3-7757361aaf22
1999,1999,Hirschfelder Hobson,Goin' Home,dc20da6d-fd00-45f6-a45e-e9da837e3d21
1999,1999,Hit ’n’ Hide,Kingdom Of Eternity,0f223446-325e-4e25-8910-c41cbe22d506
1999,1999,Hit ’n’ Hide,World Of Dreams,3f321d55-2250-4622-b183-737a09fec113
1999,1999,Hitch Hiker & Jacques Dumondt,Genesis,360175ef-af67-4c7c-91c1-73404488c796
1999,1999,Hitch Hiker & Jacques Dumondt,How Much Can You Take,1d3340e2-e8e4-4659-a72c-04da18323b1b
1999,1999-06-30,HITOE'S 57 MOVE,INORI,b65055ec-d36b-4a31-b5d5-09bca81f9a15
1999,1999-01-27,hitomi,Someday,6382e977-65d7-49c1-94dc-c0aa454b8862
1999,1999-08-04,hitomi,there is...,7c927013-e13a-4246-bc7c-fd64e8e5670a
1999,1999-10-06,hitomi,体温,15755628-4db8-48a0-bdfb-519f462f02b3
1999,1999-02-16,hitomi,君のとなり,cce5d4a7-ce76-48cc-89a8-7a0813220d72
1999,1999,"Hive, The Troublemaker & Unseen Master",Nuplanet / Straight Razor,daeccabd-a7c1-43c5-9afe-5e952905304b
1999,1999,Hi‐Gate,Pitchin' (In Every Direction),b2345578-fa86-3c0d-a08b-dfd10935edee
1999,1999-03-20,hi‐posi,口笛ふくのはもうやめた,a2a1a85c-9e4f-4d66-af5b-54f57f523f89
1999,1999-07-07,hi‐posi,実験 Girl,cffd368f-9a42-4181-8163-8cfcc6b2fbef
1999,1999,Hi‐Ryze,Polaris,8c6f4bc8-79fe-48e7-8ef5-9d5ecac4396a
1999,1999-03-29,Hoffman,Deep Impact,45f393fd-59b4-3ae9-95fe-ad72d9e0fed7
1999,1999-07-30,Hoffman,Rewired Electronics,f6d868ef-82d0-37d4-a8b0-f5f1a767508c
1999,1999,Hole,Be a Man,d651df9f-20a2-47b4-8c47-9d2a3483b6d1
1999,1999,Holloway & Co.,I’ll Do Anything – To Make You Mine,55bfc035-4c30-47fe-86e9-c7d8037e4d7f
1999,1999,Holly Cole,I Can See Clearly Now,0f5f4754-be68-3c60-abb6-7ca15e4bc63b
1999,1999-03-07,Holly Golightly,Listen,ba94e9f3-5b01-4443-88e4-e18b1d9e215f
1999,1999,Holly Golightly,You Shine,e96d1f7d-47eb-47ec-8bbe-9616dd21bb9b
1999,1999,Holly Johnson,Disco Heaven,ade51f26-4d0a-3226-8da5-287acbcd4152
1999,1999-12,Holly Johnson,The Power of Love,067a9d81-616a-345b-9a2a-e7e0aec86cba
1999,1999,Holocron,Liberate-Me,0047cf8b-228c-42b4-a64e-d141ef007ec9
1999,1999,Homecore,Inédits Homecore l’Album,a0badeb1-e422-4679-a33b-ae9cb45f360b
1999,1999-04-15,Homegrown,Endangered Species,95734755-ce77-348b-9692-eb676ec3ffbd
1999,1999,Homelife,Fairweather Friend,e2597b1b-c690-48fb-957e-0cf674ce52fb
1999,1999,Honey Is Cool,There's No Difference,450641d7-987f-461e-a510-cd6c89c5b251
1999,1999-09-13,Honeyz,Never Let You Down,f415b674-ff38-49eb-9425-48d5e514eb58
1999,1999,Honorebel,Herbaliss,56bdc05c-5d87-4760-811e-26291363563d
1999,1999-04-30,Hooverphonic,Eden,b5d28775-7358-46a6-a8fe-f4b5ebad0a0a
1999,1999,Hooverphonic,Lung,edfb1256-76be-4a34-9a22-f5cd10273a4e
1999,1999,Hopa & Bones & DJ Phantasy,The Crow,d10a7463-77fb-4c3b-b822-a8125d761275
1999,1999,Horcas,Eternos,627edc55-a45f-4abf-96cc-a12ecd2a3a51
1999,1999,Horny United / Boney M.,Ma Baker / Somebody Scream,cd57a8f3-7219-38e0-a6e9-9432d7afda66
1999,1999,Horror Ghoul,Dead,1bdfa95e-c28d-4e3c-adfd-2dadf967ed8f
1999,1999,Hot Cold / Domina,I Can Hear Your Voice / You Got My Soul,63eff8b1-a9d6-4b69-a097-42873093e197
1999,1999-11-01,Hot Hip Trampoline School,ブラス・ロッカーズ・グレイト,71e78d88-037e-4355-bc60-c8fbc322f72d
1999,1999-01,Hot Steppers,Volume 7,980d59d4-de03-4668-9a2d-1f2586ddef85
1999,1999,Hot Water Music,F State Revisited,42dffb1a-af58-4236-9bf7-202d60ce36c9
1999,1999,Hour Musik,Love You,eba6ff8a-ee7c-4019-8cf6-fd1dd9dab21b
1999,1999,Houseland,Seven Seas,7af4613f-b875-3674-8d09-d6cb3d04bb95
1999,1999-10-25,Houze 2 Houze,Give It Up,688ee241-09cb-4f25-a57e-b5b13ca13727
1999,1999,Howard Carpendale,Lust auf mehr...,16857a7a-fc0f-463f-b692-3555dac6e858
1999,1999-02-08,Howard Jones,Let the People Have Their Say,a4fb3ebc-c67e-4217-809f-0b39e0143167
1999,1999-02-15,Howard Jones,Let the People Have Their Say - The Sequel,70a0ad6b-6e42-4077-9750-93f080ddc672
1999,1999,Hubert‐Félix Thiéfaine,Loreleï Sebasto Cha (Hubert-Félix Thiéfaine à Bercy),b4a842c6-442f-4118-bed7-733a735a12f9
1999,1999-07-14,Huevos Rancheros,Wild Turkey Surprise / The Wedge,ad59e340-11ab-41f2-8ca3-af5d3a15849f
1999,1999-07-02,Human Nature,Don’t Cry,ef1e8c63-cc55-4717-ba84-c16c8a8046e6
1999,1999,Human Nature,Eternal Flame,7637f564-f4e5-3999-97d4-4e4ed05d4fa1
1999,1999-03-15,Human Nature,Last to Know,e1d81c87-f61c-3544-9a83-260a0a708ec1
1999,1999-07-12,Humate,Stretcher,e9fd02c7-7fa6-4459-a7ce-092d15239b86
1999,1999,Hurley & Todd,Sunstorm,a98e865f-d83c-4e9a-b8bb-15ae24b2c659
1999,1999-06-28,Hurricane #1,Remote Control,59960aa1-03fa-3837-80b3-ff4cbcd469b2
1999,1999-03-22,Hurricane #1,The Greatest High,63d81b10-65b6-3927-861c-db30bb2247b8
1999,1999-10-06,HUSKING BEE,The Sun and the Moon,65c24ac9-258c-3b96-ba8e-26dfb48a8a51
1999,1999,Hux Flux vs. Palombini Power,Reflux / Java Junkies,39b6c8f8-716b-4728-8f10-3487857e38f7
1999,1999-06-28,Hybrid,Finished Symphony,a211fcaf-a692-32a8-bd67-c207466ff19f
1999,1999,Hybrid,Theme From Wide Angle (Remixes),01db6503-c58a-498b-b68c-f115d088ea22
1999,1999,Hybrid Children,Down for Evermore,fb7a7ad7-5746-3e33-b018-05bf1f147793
1999,1999-08-30,Hybrid feat. Julee Cruise,If I Survive,382f9c91-804c-3acb-a48b-65d25407b71d
1999,1999,Hybridz,Strength / Caverns,52c7a3ba-9de7-4fdd-bf3f-0fe75e657773
1999,1999,Hyper Drive,Stars Fall Down,111425bd-47cb-49ab-a30e-9241da314c81
1999,1999,Hypertrophy,Pullover,06a3191e-fb16-469a-b472-b09a56ab26db
1999,1999,Hypetraxx,The Darkside,5b11c375-06b4-3e47-a219-2997b0318a0f
1999,1999,Hypnomen,Lolita '99,9f94b409-0e89-4eac-b6d2-b55823e8e2fd
1999,1999-01-25,HYSTERIC BLAME,CREEPY CLOW,a1dd487e-724e-492a-88c0-fb0b5a70fceb
1999,1999-05-08,Hysteric Blue,Little Trip,cf5e2087-f89e-4cec-b184-8029a1198188
1999,1999-07-28,Hysteric Blue,なぜ…,eccc0435-9f61-3200-abec-c488e396764c
1999,1999-10-20,Hysteric Blue,ふたりぼっち,64432d40-4f64-3972-9009-49d0dbfbabb7
1999,1999-01-21,Hysteric Blue,春～spring～,49942736-d20f-4fa3-b75b-87edf922a31b
1999,1999-04-21,hàl,優しい光,5610d0db-604a-49af-b440-68dac5e79b54
1999,1999,Hélène Ségara,Il y a trop de gens qui t'aiment,da44dc38-9cfe-39ca-9bf0-15aef1e725a4
1999,1999,Höhner,Lenya,42bce818-1d91-4f72-90bd-10e0d3a89865
1999,1999,Höhner.,Nimm dir die Zeit,460eec58-f2d2-49c2-85eb-6830f469ffcd
1999,1999-11-15,I Am Kloot,Titanic / To You,7cacf3c7-3506-3e15-a856-7c5dd67fc922
1999,1999,I Mother Earth,All Awake,0ca735e4-351f-3011-b65b-7b1d839916eb
1999,1999,I Mother Earth,Summertime in the Void,aaf967c1-91f1-3a67-9e97-a3e2c3a6526d
1999,1999,I*SCREAM,Disrespect,1bb17c14-6990-4e2b-a8de-68010b208382
1999,1999-01-01,I-55,Monkey Swang,3d62365c-092c-4184-9272-ff88fadc9a3c
1999,1999,I-Ching,Soulstorm / Ways of Love,6c63ef08-532c-4649-84ec-30b25f1775c7
1999,1999,I.C.O.N.,Voco Me,1d55f114-46a2-47f0-be40-f72b93174ba3
1999,1999,I.S.S.,This Is How It Started,6871e6c4-b730-48fb-a056-ce05ab048906
1999,1999,Ian Brown,Dolphins Were Monkeys,a8fa069d-7ae1-3e09-8833-ab86595d07bb
1999,1999-10-25,Ian Brown,Love Like a Fountain,9b75b141-022f-37f8-bdff-80a1b4f426a8
1999,1999-10-01,Ian Dury,Y2K. The Bug Is Coming feat. Ian Dury,a094b42e-e991-438f-b597-f7d5f0b1e21a
1999,1999,Ian F & Sasha Martinengo,Slide,26fc1b10-ef33-47fe-ab20-868176606ddc
1999,1999-06-01,Ian M,Dreamer,262340cc-48b3-40b6-8c22-7b862a35d892
1999,1999,Ian Pooley presents Bluelite,Enlite Juice,a67ae1fc-16b2-4e08-bbc0-d679254bce46
1999,1999-09-20,Ian Void,Tactics / Loosefit,bffed03d-d00c-3457-ad52-b9c4a4acce93
1999,1999-07-26,Ian Void,The Wedge / According,82129d07-e1d7-36cc-b758-4b4c73798b3a
1999,1999,Ibrahim Ferrer with Omara Portuondo,Silencio,b2827943-a311-46e9-83ba-c02c24c8ec7a
1999,1999-01-04,IC1,Tight As / The Basic,de4494e7-e2f4-4d71-86e7-fef9fdcf7a51
1999,1999,Ice,Trapped in Three Dimensions,ff077a1a-c408-3359-8df9-3ba93c660f89
1999,1999,Ice Cube / Lil' Zane,You Can Do It / Money Stretch,7eb01018-cffe-4f31-ad0f-95b6530b8563
1999,1999-05-24,Ice Minus,Torment / Access,ccca83da-c06a-40cd-a267-3405afd1f11e
1999,1999-06-05,IceDyMotion,SURGE OF ANGER,18707b0c-0085-4858-98ae-9527d281ac27
1999,1999-11-01,Ice‐T,Valuable Game,06468e53-dcec-4cad-9d79-983568d17624
1999,1999-12,iDEAL,Always,bcfe685f-9224-4de6-83b6-8a97d75164e9
1999,1999,Idealz and Hired Gun,Survivor,c4968509-17e2-4051-b365-99d4f665b5f1
1999,1999-09-20,Idlewild,Little Discourage,018b2455-3013-3cdd-bef0-93c1275884de
1999,1999-02-01,Idlewild,When I Argue I See Shapes,4fd6f1ef-9ca5-35d5-997a-f3f19ff941da
1999,1999,Iggy Pop,Avenue B,ecc3fd39-4fcc-4fc5-b59e-3b5e1f1ff6bd
1999,1999-10-04,Iggy Pop,Corruption,479bf18d-c793-3196-9136-abea749a0cc7
1999,1999,Iggy Pop,Fire Engine,605e7a20-de6d-4517-b2af-30b8fefa2d89
1999,1999,Iggy Pop,Miss Argentina,37f73e06-c351-47c8-ba1d-21ae456bf69e
1999,1999,Ignacio,Darkness / Humana-Ised,fd8c4b33-94ef-3500-b3b1-2119d7869748
1999,1999,II Zwaard,De zin van het leven,63622f8e-29a7-3214-950d-5fb06f91c049
1999,1999-08-01,IKE-CHANとNAGOYAナデシコ,愛知はDA・GA・YA,7f09c594-d1a6-4060-b83a-ff3b5d1dcc3a
1999,1999-11,Ikon,Lifeless,8e4a01d6-3bfd-4c09-bff6-4528f04eda9e
1999,1999,Ilacoin,By a Stranger / The Big Hurt,e261ee1a-eb3d-442a-b990-f6c856dd4b07
1999,1999,Ilanda,It's Our Time,1d8a37cb-febb-443d-9a60-f8a83a9a9de9
1999,1999,Ill Bill,Gangsta Rap / How to Kill a Cop,b74f2ee0-cde1-40f6-ae94-9b92e5d634ed
1999,1999-06-15,Illford,Prolifity / Nocturnes,b0057889-5add-426d-9345-ccf15e272de5
1999,1999-01-25,Illmat!c,Still Ill,e89198c7-e6bf-3c6e-a864-acf2701dbf7d
1999,1999-09-14,Illmat!c,Testament,9e3155e7-0bd5-4e17-ad9a-15f3814b63e3
1999,1999-05-14,Illmat!c feat. Xavier Naidoo & Moses Pelham,Skillz,fd8141d8-3399-32c6-a47d-e8b24af1e548
1999,1999-01-20,illumina,Time Limit,5bd2dce6-04f0-4335-9a8d-026656694d11
1999,1999-12-01,ILLUMINA,未来,0a74e533-1ba7-4b90-a90d-84eef967389d
1999,1999-04-21,illumina,遠い夜明け~art of sky~,8a47254b-b5c0-4999-a909-7325823bf44e
1999,1999,Illuminate,Nur Für Dich,4daf12f2-4527-3e6a-857d-1cd4c759d516
1999,1999,Illumination,Perfect Sky / 4am,3a73ba4e-b69b-4368-b949-c6a944cf2fbc
1999,1999,Illuminatus,Play You A Song,ac34bc14-4039-4123-9456-d2ef6b9d8968
1999,1999,Ils / Deekline / Donna Dee,Untitled,3baf0895-0840-4510-914d-f92243cea876
1999,1999-09-13,Immense,Death to the Gremlins,654e9f91-1114-3505-9631-0add2e49aaac
1999,1999-04,Immense,Spontaneous Combustion,2922c078-2b06-33a1-b503-2f8d03d45a33
1999,1999-04,Impaired Visions,Lumber Room,2806ac16-5360-4a19-b849-c9dd5e0028ad
1999,1999,Imperial Racing Club,My World,a696285b-7aec-4ebe-b64b-44772d7cfd48
1999,1999-05-17,Impossible Beings,Women's Rugby,7e56c730-02e1-309c-bb40-ccf8c5d92158
1999,1999,Impulsion,The Trip,aae1463e-7bb9-38fd-bd67-0764d19e9580
1999,1999,IMx,Stay The Night,5bfc2f36-4e64-4b62-bfcf-9c070033650d
1999,1999-09-14,iMX,Stay the Night,b78fa50a-302d-4b0e-9d4f-0b294059deb2
1999,1999,In Essence,Come Wit It / You Will Never Find,74663bb9-579c-42be-9f19-a4f90e587bfa
1999,1999,In Extremo,EPK 1999,34b96c6b-9c43-4257-b1a6-29acda9d38de
1999,1999,In Extremo,Herr Mannelig,9a1a1adb-f081-44ed-8710-9cd15132125c
1999,1999-09-20,In Extremo,Merseburger Zaubersprüche,d12aeaa8-2040-39fe-991c-3b959a743deb
1999,1999,In Extremo,This Corrosion,acce86d7-987f-4b45-854d-d607ee7dc6d2
1999,1999-08,In Extremo,Verehrt und angespien,3803b626-79b3-43f8-b31e-305dbd31bc44
1999,1999,In Petto,Brahmaputra,16264679-b36c-4954-b082-556ed90243c2
1999,1999-09-24,In-Mood feat. Juliette,Live Your Life,52fedb66-e416-3f47-9fdd-e2de9400ec35
1999,1999-04-26,In-Mood feat. Juliette,The Last Unicorn,153b1111-d4f3-3e27-b991-822a7189f163
1999,1999,In-Mood feat. Juliette,The Last Unicorn (The Remixes),b09cdeb6-8311-4f79-9803-f9a6f65ddc2d
1999,1999-12-06,In-Mood feat. Juliette,Tief in der Nacht,a067f70f-c1d5-3cc3-ae80-93088121a65f
1999,1999,Ina Morgan,Es ist... so wie es ist,f3c8bc88-8f80-420a-9295-2bfdd48e16a2
1999,1999,Ina-Maria Federowski,Die spritzigen Jungs von der Feuerwehr,9302f2eb-5153-402e-9ebe-8ad37af94fb7
1999,1999,Inch feat. Mark E. Smith,Inch,bf6de602-7eb6-4513-8c97-e919ba8743e4
1999,1999-03-29,Incognito,Nights Over Egypt,d1e5b9a9-4f28-3ca7-ad55-796487152d17
1999,1999-09-06,Incubus,A Certain Shade of Green,05942645-5d03-34b6-b013-e830673cc755
1999,1999,Incubus,Slammin' / Radiowaves,9678dad4-79b0-4ace-bbc8-dbe029c654cd
1999,1999,Indeed,No Milk Today '99,efbdf378-685b-41ae-90bb-0bfc51265273
1999,1999-07-19,India,To Be in Love,018e8d3c-9537-3758-8542-46f70ab25b2e
1999,1999,Indian Ropeman,66 Meters,afa4c62e-d2d9-3436-b917-c79c4737c5aa
1999,1999,Indian Ropeman,Sunshine of Your Love,2624514d-1092-3fd4-b035-0f00f8a51c3c
1999,1999,Indigo,Haven’t You Heard,fe33043e-9666-4c44-9d99-8f6ed91bfbb0
1999,1999-12,Indigo,II,e206c5f1-0ad7-4d7a-b12a-bc42b2f45555
1999,1999-11,Indigo Tracks,Rites of Passage,9b70fb61-678d-3d80-8020-2c0e55aa2845
1999,1999,Indochine,Juste toi et moi,ca775cd9-691c-44cf-b7f1-a69fda00a65d
1999,1999,Indochine,Stef II,11b2496f-e3eb-4ae1-b053-a5b823e8d195
1999,1999,Indoctrinate,Feeling You,aa41a8b4-2fd4-4adc-83da-4978e21d4eeb
1999,1999,Indoctrinate,Waiting For You,208640c1-e4ff-4b76-8c54-63f9b9d532f3
1999,1999-07,Industry Standard,Counteraction Project,a76cc55b-20a7-4b9d-8d62-4bb71bbb12d1
1999,1999,Infenity,suiside,55ff7c27-b95d-4bf6-a4f5-f21e8d1ff319
1999,1999-04,Infernal,Voodoo Cowboy,c31902f6-b850-4294-ad3a-d22b91e806c7
1999,1999,Infernal feat. Xenia,Your Crown,621a3456-dfba-4e86-a01e-019e659676a5
1999,1999,Infini-T,Comment t'oublier,a0604497-c082-4485-bc0b-20aa5e2e7c6a
1999,1999-11-01,Infiniti feat. Juan Atkins,Never Tempt Me,fbce4687-41dd-3a0d-8b9a-98dac57a4831
1999,1999,Inflexion,Pure,eea34032-b796-34b6-8f12-de5abe2add3c
1999,1999,Inflexion / X-Cabs,Pure / Neuro 99,49dd17b4-9433-3a74-bcac-a81dc0f20c6e
1999,1999,Ingrid Peters,Er ist perfekt,29d05ec6-9a1d-49f3-b38f-c5c5da6bc103
1999,1999,Ingrid Peters,Mit viel Fantasie,9e5e4126-c44f-4c49-8608-6e4250296dc4
1999,1999,"Ingrid Peters, Peter Petrel, Florence Mottier, Michel Suly",Wir ziehen in ein neues Jahrtausend,4b041bd8-3936-452d-bd19-30d36f12db8d
1999,1999,Inhouse,Spaceriders,349bc126-a41a-4bcf-9bcc-fe259c9dc589
1999,1999,Inimenter / Little Giant Drug,Inimenter Meet Little Giant Drug,fa20dea3-dcc6-4f6a-b9b2-f59c284e22c0
1999,1999,Ink & Dagger / The Icarus Line,Ink & Dagger / The Icarus Line,ba312566-97d6-3f97-9c52-037fd17d1ea1
1999,1999-01-25,Inner City,Good Life (Buena Vida),9ce50cd3-b1ac-36cf-8495-7809b500f81f
1999,1999-06-21,Innertales,The Settlers,4c532eaa-6c90-4897-8b1e-3ebe76fd9652
1999,1999,Innocent K.,The Future,fb81b80d-fc4c-47da-8512-b662fdf18b59
1999,1999-07-27,INOJ,Ring My Bell,9e92fa11-2cdc-4e24-876e-56c044ee5311
1999,1999,Insane Brothers,Unplugged,5b764b2f-9817-4330-876b-f7c31e2355d9
1999,1999,Insane Clown Posse,Another Love Song,861b4979-235f-3ac3-a3f9-500c9c5fde9b
1999,1999,Insane Clown Posse,Fxck the World,d6b8af87-05f2-45fa-b1c3-e9c5500b5cc8
1999,1999,Insane Clown Posse,Sleepwalker,abe8cfee-7552-3e5b-9714-be632b904fed
1999,1999,Insane Clown Posse,"The Pendulum #1 ""The Amazing Maze""",fa642698-f9eb-4cd1-859f-fc3539df2ed5
1999,1999,Insane Clown Posse vs. Twiztid,Phat or Wack?,212fa2a7-050b-364d-8763-db48b287ba98
1999,1999,Insider,Boots on the Run,dade595f-d89f-4b4a-976a-d1ced1f269fc
1999,1999,Insider,Trial Bells,7c2a35fb-48df-48eb-9206-7142bac756f0
1999,1999-10-25,Instinct,The Last Day,8fb7a358-ac92-3b6e-9acc-eb0bc4c1239a
1999,1999-01-11,Insurge,I Hate Stupid People,7421b20b-d880-465f-a2c4-0e641d097175
1999,1999,Interface Surgery,Implanted Pain,8f2d6bdb-565d-4c7f-93e7-456781c25053
1999,1999-06-01,Interstate,Basic Nature / Do It Hard,d3196aca-e4c9-4f63-9e22-0d7c963cdf5c
1999,1999,Interstate,CC16,7f28a860-35a6-4e17-8514-ed81701728a2
1999,1999-11-01,Interstate,Forever Yours / Induce,75564c6d-90ff-42d5-a264-ccbb8bc051eb
1999,1999,Interstate,Payback,17a9e68f-76c1-49cb-a1b1-33aedd461832
1999,1999-04-01,Interstate,Vitality / Second Element,b6955dda-3015-4c5f-8fb0-f65b34e49d56
1999,1999,Interstellar Force,Star Wars Theme,7d300d5a-862f-39b5-b45f-2e0425f82548
1999,1999,Intexor vs. Sinesweeper,Physical / Scope,6b0f77fa-67f9-48fc-bccf-d2066e4548e4
1999,1999,Intik,Intik,32cc29e6-4541-4d7a-accd-2cd0854c848a
1999,1999,Intrance,Music 2000,85ca2486-15bf-4859-96bf-2708dcb560f5
1999,1999,Ionuț Silaghi de Oaș,Tri crai de la rasarit,7ebb4e21-0734-4b73-a6e2-3a58b3a4a1ed
1999,1999-04-20,Ireen Sheer,Er kann nicht tanzen,ed44b47e-84ba-497e-8cbd-707f17ffa273
1999,1999-05-06,Ireen Sheer,Manchmal in der Nacht,ebd39ce5-c2fb-44d7-b2c3-53199be9050d
1999,1999,Iridium Gold,Nightmare / Wake Up,910c8719-cc74-4f01-b9e8-f6971190820b
1999,1999,Irigy Hónaljmirigy,Sovany Vegasz,079f6737-e042-3265-9222-2dc895320bfa
1999,1999,IRIKARAH,Rudimentäre Irradiation,0c576702-0d98-4657-b9f8-7d835fa3e4eb
1999,1999,Irina Milan & Vuokko Hovatta ja Terhi Kokkonen,Yö on rakkauden maa,19a07155-b2d1-4124-9ab0-6ad12b6846ed
1999,1999,Iris,"Annie, Would I Lie to You",aa474659-13e5-3757-9a94-8674fd1c5e5f
1999,1999-06,Iris,Danger Is the Shame,9eddb94e-0123-3954-b0fe-e6d575f55b53
1999,1999,Iris,Saving Time,b8602add-af73-389e-8bf7-ecfbf3d220da
1999,1999-04,Iron Justice,Tell Me,7b63b142-107d-3d40-bd13-82ce35224b4c
1999,1999,Iron Maiden,Wrathchild,5edc3ce9-26a8-4159-9e18-86c53dbef8c9
1999,1999,Isaac Hayes,Shaft (Gene Douglas remix),ee3e5e07-f8f2-40ac-be7d-c736f5141df9
1999,1999,ISAN,Dampen,487040e8-9d49-35ab-8c72-03de7941aaaf
1999,1999,ISAN,Parochi / A Gentle Man,a4ef433c-f06d-362d-88f2-5911f94ca631
1999,1999,Isis,Soul / Justice,377731d2-760c-4a6e-a60f-3dedf34c5a95
1999,1999,Ism,I Didn't Catch Your Name,c789e45a-9bb1-330a-ba32-48ded60295b8
1999,1999-02-23,Ismael Serrano,Tierna y dulce historia de amor,c0a0eb04-cae3-4c01-8509-0b075959a4f3
1999,1999-11-22,Ismo Alanko Säätiö,Joululevy,1a187de8-a1e3-32b9-9e47-8ed269342cdf
1999,1999,Isolée,Beau Mot Plage,8ea2e93f-e032-3055-94ce-1902252a94d3
1999,1999,Isolée,I Owe You,24edcff5-a405-3f40-9f6a-115e16d8d54a
1999,1999,Istari Lasterfahrer,Diktat der Maschine,7995c0d2-a5d4-441e-9b17-fed9e9566bcc
1999,1999,IV My People,Donne Moi Des Beats Fat,2bcabc28-43af-4fed-9faa-d692af5fac7f
1999,1999,Ivo Fabijan,Čujem Glas,4e2a939c-4b4f-480b-a63f-02a4216ed804
1999,1999,Ivy,This is the Day,49990a69-71ab-4506-aae2-9be3ba0c339d
1999,1999,Izumi Sakai & Yasuharu Konishi,Can't Take My Eyes Off of You,941f479a-dbbd-30a5-90c5-da53c9b0c7c3
1999,1999,J Soul Brothers,Follow Me / Be With You,2744c884-297b-40f4-8db2-f8da162ffd9c
1999,1999,J&R Project,Keep It Up,97baef8e-05f0-39da-989c-4bbc6d751b21
1999,1999-12-22,J-FRIENDS,Next 100 Years,a1b96b7a-fd14-4803-a4b3-28ec4491edfb
1999,1999-11-16,J-Laze,Lazy Dayz / Stratosphere,4e52b60d-b61a-4e5a-aea2-af6cfd171989
1999,1999,J. Burger,Blue Belle / Sascha The Flower Thief,2d5d1bfc-1df8-45a1-9b9c-d365067dd092
1999,1999,J.A.Y. Trax,Strong / Gotta Keep,761c9219-c2eb-4557-8931-415949443d60
1999,1999,J.K.,Deep In The Night,83df430c-fe8f-40e8-8c3c-7bc64268eb93
1999,1999-10,J.Kaye & Box Clever,Feel the Fire / If You Love Me,518a405f-4519-4f14-bbdc-3d087a3db968
1999,1999,J.U.I.C.E.,Sincerely,f2faaa1a-3d31-4461-866e-6a3c235235c9
1999,1999-03-03,Ja Rule,Holla Holla,43c314e3-fe34-36e3-b9ff-eb255d13fb4b
1999,1999,Jabadô Featuring Christina,Vô Batê Pá Tu,b37d0e94-7f59-4cce-a167-fb2e52639ad6
1999,1999,Jack Nolan,January Again,8127912b-33fd-4826-98de-3bc52c3d44fd
1999,1999,Jackie Wilson & Erma Franklin,I Get the Sweetest Feeling,90c41435-cb1f-4b18-981f-84d222f4030b
1999,1999,Jackie ‘O’,That Don't Impress Me Much,56f50625-f949-346c-8f88-302913fc7a59
1999,1999,Jacknife Lee,Bursting Off the Backbeat,6951fe09-69c4-3fe8-b9bb-8f6717a642c8
1999,1999,Jacknife Lee,Kitty Litter,4d0a06c2-3a7a-4158-96f5-d3daa0eddddd
1999,1999,Jacques Herb,Telkens weer,be9c6073-e5f9-4e05-bd27-ce74d1b7c6fb
1999,1999,Jade Davies,If I Can’t Have You,e895ad6e-090d-4a7c-b0d7-518d5d2c8027
1999,1999,Jaga,Ultraviolet,cb1fd82b-87a3-4669-8c90-4fd59d2d4199
1999,1999-11-16,Jagged Edge,He Can't Love U,bd7476ec-d358-4a15-a7c9-415271386a8b
1999,1999,Jah Mason,The Truth,18c32540-58d2-41c9-8412-a516c3371ca8
1999,1999,Jakkpot,Young & Dumb,587d2de5-8251-45b7-803c-2e6e055ab180
1999,1999-04-20,Jam & Spoon,Stella 1999 - 1992 (How Stella Got Her Groove Back),904121b4-74f1-4ab1-bbd3-5966de248f4e
1999,1999,Jam Bros,Hey Baby,84f9d416-b2e7-42d6-9e4d-e032f26cd037
1999,1999,Jamalak,Papa Chico,40d5fb09-fefc-4b6a-aa20-c16f85182b29
1999,1999-07-19,James,I Know What I’m Here For,f5453a8e-433a-3662-98b4-8c4233bd684d
1999,1999-10-04,James,Just Like Fred Astaire,95f07852-ef11-3b84-ac47-7c8b2dac8a30
1999,1999-12-13,James,We're Going to Miss You,a73a5bf5-4150-366c-90d8-919b16e002ae
1999,1999,James Brown,Funk on Ah Roll,d8fc69b0-6375-3ce5-8fc3-7c4114f5d0ae
1999,1999,James Hardway,Grow: The Remixes,1eee51c1-ed87-309b-8d5f-d5bfc2b64180
1999,1999,Jamestown,I Believe,fd3a7b86-b09a-47b5-9fbc-67519a1566f7
1999,1999,Jamico feat. Jackie Cohen,This Luv Is Real,c92880f6-1b94-4506-9cd0-e680707a4ce1
1999,1999,Jamie Anderson,The Dance,b4b9595d-8ca8-4fcc-8efa-512a44f348e0
1999,1999-05-24,Jamiroquai,Canned Heat,44071c2a-b551-3ce8-8480-98b3aa25febb
1999,1999-11-29,Jamiroquai,King for a Day,aaf882a5-72d4-38dd-a75d-4deb0fd38982
1999,1999-09-13,Jamiroquai,Supersonic,b5ee572d-6e1c-321f-aeaf-0c35c090392a
1999,1999,Jammin' Jimm,Bananas,38b798d0-2be7-42ce-91fb-fba3be142946
1999,1999-11-01,Jan Delay a.k.a. Eißfeldt feat. Dennis Dubplate / Absolute Beginner,"Irgendwie, irgendwo, irgendwann",d09ff684-2582-3159-8fb0-c9290904c467
1999,1999,Jan Driver,Soulshaka,6de7d8eb-b5f3-44bb-93b6-16b5ee75def2
1999,1999,Jan Hellriegel,Melusine,6936ebad-67cb-4ee1-99ea-475956c59a4d
1999,1999,Jan Josef Liefers,Jack’s Baby,a41b74f5-dbff-315e-8fe7-beb06a93095b
1999,1999,Jan Pravda,Back,82d1f785-fa1c-4da9-9e2f-dafe1124d6f5
1999,1999,Jan Rot,Groot avontuur / Afscheid,1e3406c0-ce6a-49ac-b3e5-0fa9e6a02958
1999,1999-04-27,Jana,"Ooh Baby, Baby",178060e8-713d-459d-91f9-6ace204014c1
1999,1999,Jana,"Ooh Baby, Baby",6ae811e2-5f8c-453d-9bcd-236b050b9811
1999,1999-10-27,Jane Birkin,L’Aquoiboniste,a1b525fa-63bc-4d87-9b37-e6a3136f1941
1999,1999,Jane Fostin,Septième ciel,7ac884b8-4f2f-4176-8992-593872f5e05d
1999,1999-01-01,Janet Jackson,Ask for More,07142d77-e2fd-3279-88f7-356a69f0971d
1999,1999-09-22,Janne Da Arc,Lunatic Gate,96691918-af4e-33f8-9243-9e7ccf7dd795
1999,1999-05-19,Janne Da Arc,RED ZONE,84f279b3-01ec-4fef-8e33-c1dc81a75a9e
1999,1999,Janus Stark,Every Little Thing Counts,ace6609e-8e2e-4c31-9de9-d4025c6b09c7
1999,1999,Jarabe De Palo,La flaca,4f10e880-ec41-4017-b884-a008f0d518b4
1999,1999,Jari Sillanpää,Lauluni,c070b67f-d201-4f1a-80d5-7c49ac92b980
1999,1999,Jari Sillanpää,Onnenetsijä,7e77db8d-5a56-4dfd-9682-719fe5717fb9
1999,1999-03-22,Jark Prongo,Movin' Thru Your System,9d7e11c2-41c2-3706-aac6-da75f98af6a5
1999,1999-04-12,Jars of Clay,Modern Talk,fec51a96-a6a6-4593-8086-db929ddaabfc
1999,1999,Jars of Clay,Unforgetful You,7c4d8ba5-2132-33b0-a95d-3d828c4c0595
1999,1999,Jas van Houten,Gimmy Pouwa,1f981e79-50d3-495c-9188-b8790c644623
1999,1999,Jas Van Houten & The Freak,Din Dah,eeba73b0-73b8-4df2-b3d9-ba98ac5eece0
1999,1999,Jasmin Tabatabai,Do-o-shite,05c9484e-1b8e-43cb-ae73-f4f335533f25
1999,1999-06-03,Jason H,The 'H' Factor Flavas,463d2a2b-d345-369d-9a84-f297a45fad3a
1999,1999-05-26,Jason Nevins vs. Cypress Hill,Insane in the Brain,a7c64db8-1aaf-3f1d-a35a-038b469b70f1
1999,1999-10-25,Jason Nevins vs. Fast Eddie,Throw Your Hands Up (Yo Yo Get Funky: The Sequel),f7849fbc-29fd-31df-a77a-d0c190550139
1999,1999-08,Jason Traeger,"Mailorder Freak 7"" Singles Club (August)",2a10221a-ef83-423f-b7ac-227be79c2aa7
1999,1999,Jay Kay,Delirious,e351b0e4-d010-40da-84a8-9800009536c0
1999,1999,Jay-J presents Clay Cox,Searchin',df74dcc8-03f5-4010-81b9-477005116aa9
1999,1999,Jaymaliq,Baby Genial,a8887735-0031-4c57-a06f-2667121c2e78
1999,1999,Jayne County,F**k Off 2000,1b426239-b5d1-47d6-8415-642d432501d9
1999,1999,JAY‐Z,Do It Again (Put Ya Hands Up),1862249f-19df-4898-90b0-833dda2df84d
1999,1999,JAY‐Z,Jigga My N****,502300b9-00c8-448a-a44a-8ea9471a1d2a
1999,1999-12-06,Jazztronik,Ms Loneliness,e5bd7cf5-929a-3f87-a0ec-4c50241fddb3
1999,1999,Jazzy James,Can You Swing It,1c5a1e17-3e7c-437d-80ff-456822843f86
1999,1999-06-28,JB,Say What (The Blind Man) / Feel,bcd73e4f-bc50-3cd2-b479-240e6cdb1467
1999,1999,JB & Ascend,Ladies & Gentlemen (remix) / The Flow,7f726b7a-8eec-43e3-9e15-70ad73a35453
1999,1999,JDT,Ibiza La Vida,25997baf-8f0c-32ff-b66b-bcf9d3dcc298
1999,1999,Jean Leloup,Voyager,1c2483f5-39f6-4bfb-b3fe-e94e500c5ef4
1999,1999,Jean Michel Jarre feat. Natacha Atlas,C'est la vie,88f0e64c-6e2f-33f9-835b-b6829cba8e20
1999,1999,Jean-Pax Méfret,Le Soir du 9 novembre,21d0a037-362d-428f-9551-7ddac5f8e14a
1999,1999-03-15,Jeanette,Das tut unheimlich weh,7c67c16d-e61d-4bdb-bd84-3d44131fb949
1999,1999,Jeanie Tracy,Keep the Party Jumpin',79a40f64-4d07-4eb2-ac95-71e55dfaf20f
1999,1999-05-10,Jeannine,Samba de Luna,74f9509c-c004-4ccd-82c7-3020f9f439d3
1999,1999-08-09,Jebediah,Animal,d55b8412-b13d-3c9b-b141-75a7589cb0a5
1999,1999-11-22,Jebediah,Feet Touch the Ground,3f1a43b9-b10b-3047-bf9a-69fcdd068465
1999,1999,Jeff Beck,What Mama Said (remix),ccc5a325-7e2e-4d43-935a-6fafb09369cb
1999,1999,Jeff Mills,If / Tango,cff18d58-2a29-3ce8-9a34-95e322b7dd9e
1999,1999-07-26,Jega / Kid Spatula,Unity Gain / Hard Love,3771f652-fe12-3dbf-9ed9-bf3386cdc39e
1999,1999,Jejune & Dignity For All,Record City Afterworld / Transparency / Short,3d437afd-d512-4f50-b0e2-e70658d45366
1999,1999,Jejune & Lazycain,The Boy With the Thorn in His Side / Handsome Devil,8163d1de-64f6-49f0-b37c-44ec5886e361
1999,1999-11-10,Jelly→,Omocha no Pistol,c9561045-f9d5-3fe7-805c-2d1596b6742f
1999,1999-04-16,Jena Rose,Being Good Is Boring,d767fed0-3db0-3930-ab03-2506ca0cfc58
1999,1999-10-01,Jenka,Plastic Lies(be-come what we are),25758177-a271-4f6d-9c8f-c3b6cc43e4b7
1999,1999,Jennie Löfgren,You Make Me Feel,cd6311eb-5e26-4e43-a6bf-8a40f4fd057e
1999,1999,Jennifer Brown,Alive,5b77e420-0fee-40b6-9c01-6ea60009d272
1999,1999-07-27,Jennifer Holliday,A Woman’s Got the Power,5d7a1d53-4d70-3fa4-899c-f3832d37eafb
1999,1999-05-11,Jennifer Lopez,If You Had My Love,12c7ba4a-4560-37cb-8797-d143b21c13f0
1999,1999-10-11,Jennifer Lopez,Waiting for Tonight,7fa92c4f-d1ba-3dc5-b560-3ab9bcbfa28e
1999,1999-06-18,Jens Mahlstedt,Gong Show,0e6ed9ed-7c77-41ed-8c81-ec07ae3f5000
1999,1999,Jephté Guillaume,Ibo Lele,cc887e50-569a-3e6e-8d42-625ed5f5dce4
1999,1999,Jericho,Way Of Love,5a1cc20f-9c05-4fe4-b239-aea5d8c81824
1999,1999,Jermaine Dupri & Da Brat feat. R.O.C.,It's Nothing,4e469184-fe0f-4f91-8c37-df022731bdc7
1999,1999-02,Jeroen van der Boom,Dansen in het donker / Over 100 jaar van nu,2f94f392-1f8b-4b2b-bedd-3c08816bbb22
1999,1999-02,Jeroen van der Boom,Tweede adem / Gewone jongen met de blues,498f1aaf-adcd-4f5f-b03a-c1bb838a336c
1999,1999,Jeromes Dream / July,Jeromes Dream / July,7921aea8-1766-48ee-a527-d6cd21c85e47
1999,1999,Jersey St.,Cried Me a River,e62fd30b-2c21-4eb1-b00a-60310ce824b6
1999,1999,Jessica Andrews,Unbreakable Heart,daf11a55-0a75-436d-a250-377069a3b07c
1999,1999-12,Jessica Bailiff,Warren,9da84f69-ba28-3493-951c-71ad5c6b07e5
1999,1999,Jessica Riddle,Even Angels Fall,e4cf8b15-5e7c-47a9-a44f-c0efe2e3d50b
1999,1999-09-28,Jessica Simpson,I Wanna Love You Forever,44bb6ac5-2730-3a4d-a7db-6b2dcac81c08
1999,1999,Jessye Norman,Great Opera Divas,d065c5f5-6c45-4821-88c6-6ec7865b584d
1999,1999,Jesus Chrysler Suicide,Lola wita was,54c677db-8d13-4208-9599-1b4f1d91af34
1999,1999-05-03,jesus2099,wendigo 8,50a10906-e9b1-44e7-868c-69869bc69469
1999,1999,Jethro Tull,Bends Like a Willow,e2ecb430-97aa-3f90-858b-02844408822e
1999,1999,Jethro Tull,Dot Com,246d306d-3816-39d3-90db-cf7d33572516
1999,1999,Jettison,The Neon Lights,9d73b70a-db7a-4caf-b22c-047abc85254b
1999,1999-06-14,Jewel,Down So Long,fe3e83c2-0adb-34b5-ac09-1e0d4f0bd013
1999,1999-08-17,Jewel,Jupiter,2fad0e14-fbcd-3985-83a2-5dc67d54beb1
1999,1999-10-12,Jewel,Life Uncommon,83f1bd6a-1a04-302f-b9c8-c16bebbe15a7
1999,1999,JFS,Airbase 2000,93020c23-160c-43b6-bdd3-51cf3170a609
1999,1999,Jigmastas,Chandon / Iz You Dee,741493d3-9caa-4d85-bc75-d2ece6d77d66
1999,1999-11-11,JILS,『白』,d6161b72-c8cb-4b2c-801e-739b7dcc1151
1999,1999-11-11,JILS,『黒』,f47d44f0-e68c-4453-9b65-47f0e6662796
1999,1999,Jim Johnston,WWE: Protection (The APA),22138a3c-028e-41d3-9730-11fd017b57b7
1999,1999,Jimi Hendrix,Star Spangled Banner,ca593449-fc8b-4f99-b19e-0fb90015e65d
1999,1999,Jimi Jamison's Survivor,I'm Always Here,b616edb1-9dc1-4c21-ba55-b4aa51403e9e
1999,1999-05-03,Jimi Tenor,Total Devastation,f36baa7f-49f2-3f0e-a226-efbfecc83008
1999,1999-03-08,Jimi Tenor,Year of the Apocalypse,df600552-8884-3ceb-8db0-ccf1f525d307
1999,1999,Jimmie’s Chicken Shack,Do Right,08ce597b-fc6e-46da-92c5-bd9950ab97ae
1999,1999,Jimmy Bellmartin,Mothersland,a48f3503-0122-4cbe-bf47-85801b50a881
1999,1999,Jimmy Eat World,Blister,c6eed552-f63f-4a95-ab48-d3a905d7fd46
1999,1999-10-22,Jimmy J / The Rhythm Warriors,6 Days (Sy & Unknown remix) / Addiction,6f795523-727b-404b-b42a-a3e4310fa447
1999,1999,Jimmy Somerville,Lay Down,1f73a350-a22c-4b62-be06-94260ed176d0
1999,1999,Jimmy Somerville,Something to Live For,f62427e4-a17d-3ab1-92e0-4a4811233a83
1999,1999-07,Jim’s Super Stereoworld,Bonkers in the Nut,50d6e18d-464f-384d-9b88-f6ab580f11c3
1999,1999-11-08,Jim’s Super Stereoworld,Could U B the 1 I Waited 4,5398621d-5b44-3fbc-bada-c9d0a914c7dd
1999,1999-12-16,Jim’s Super Stereoworld,Pear Shaped World,a1b3a16a-0877-42d2-82ac-9a0b471f6989
1999,1999-01-29,Jiva,Sous l'eau a pied,a9e3bdfe-e1d7-39fc-92df-6e9f60247d1f
1999,1999,JJ and Black Dahlia,On the Radio,a67082ff-5af0-4287-83aa-52dd7479bdfb
1999,1999,JJ72,October Swimmer,9be5f510-3b18-3b44-8ab4-ab54a41fdb06
1999,1999,JJ72,Pillows (Oxygen),7c16bb05-a02f-384b-afa7-26d60210fe1b
1999,1999,JL,Mind Tricks / Deviant,87cb0a69-9741-44f2-bd79-8f33447b5e52
1999,1999,JL,Mind Tricks / Deviant,99565a94-7963-412f-bbbe-40ca37a41d85
1999,1999-10-25,Jo Dee Messina,Because You Love Me (Single),e1806ebe-db5e-4b72-a98d-516b6a8380b3
1999,1999,Jo Hope,Check Me Out,6f12aace-7168-4559-9eae-918c5e60b88c
1999,1999,Joachim Witt / Tanzwut / The Syndicate feat. I.N.A.,Rosebud - Songs of Goethe and Nietzsche,5ad573fb-d16e-4561-95a6-72840f9ea354
1999,1999,Joanne,Are You Ready,1b8f1f1b-617a-463f-9cf4-181afa40ea26
1999,1999,Joe Caruso,Welcome to Milwaukee,ff9990d6-9f0c-4742-8362-24405637fcfb
1999,1999,Joe Claussell,Agora e seu tempo: Alternate Demo Takes,323a1e57-32f7-31bb-bdeb-5bc5e75e9e6f
1999,1999,Joe Claussell,Je Ka Jo,752d9a0f-1964-3730-ac75-c03a8dff0205
1999,1999-12-06,Joe Cocker,First We Take Manhattan,d589c880-f1e6-4f3b-ac73-595de3e33b22
1999,1999,Joe Diffie,A Night to Remember,91e16451-3b25-4fd0-a19f-d5b5802736b9
1999,1999,Joe Inferno,Tribal Church,f78f28bf-af50-494f-88a0-a5dc209d2951
1999,1999,Joe Strummer + the Mescaleros,Tony Adams (The Morning Sun),10cb65a4-7f16-4342-9e7e-aef29a3a3633
1999,1999-10-05,Joe T Vannelli feat. Vlynn,Don't Bring Me Down,10a6638c-c1f2-4c39-bbce-2c971001460c
1999,1999,Joee,Arriba,b21bf1d2-4ab7-34fc-a9d6-a40b24fd53b8
1999,1999,Joey Beltram,Arena,58f00287-7ad8-3a04-a117-25a1898225bd
1999,1999-08-17,Joey McIntyre,I Love You Came Too Late,40ed1433-2061-3f20-bf8a-6f59ea1e33d3
1999,1999-02-09,Joey McIntyre,Stay the Same,7f7f7331-95ca-4b18-852e-20e9c377f98e
1999,1999,Johanna,Love Is Alive,f21a71a1-77c8-4304-8ec9-0de9909c0000
1999,1999-08-16,John '00' Fleming,Alpha 5,852c141c-c0fd-437e-bc78-4f278ca1832a
1999,1999-05-13,John 00 Fleming & Russel Floorplay,We Have No Reference of Time,10fa2293-b051-4b0c-b288-a9d3d9f1fcfd
1999,1999,John B,Pressure (remix) / Sheep Dip,fc251434-7b65-4f30-b12a-e9c02872ba90
1999,1999-10,John B,We Like the Music / Heat Seeker,f9852d19-70a2-3dfc-b717-60a9bb45c775
1999,1999,John B & MC Justiyc,"Catalyst LP Sampler, Part 1",322de9e3-52c3-332e-88b1-a5f5a7b0d3d6
1999,1999,John Carpenter,The End (Assault On Precinct 13) (Silent Breed's Assault Remixes),26c262e1-83fe-4c40-8c78-58b963b1ee56
1999,1999-03-08,John Forté vs. London Elektricity,P.B.E. Remixes,bb865ed1-63e6-3193-8af4-41087915d141
1999,1999-10-26,John Linnell,Montana,39f42d18-c839-3458-9f66-08aa1adde8f6
1999,1999-07-22,John Mellencamp,I’m Not Running Anymore,378b7d89-4526-41c4-b019-9e41545c8042
1999,1999-02-08,John Mellencamp,Your Life Is Now,15287f8a-1796-4d24-986f-c5ee271471e0
1999,1999-11-02,John Oszajca,Back in 1999,424a92e7-21a3-3743-8507-7df9bb106008
1999,1999,John Thomas,Girth,36ce8a67-0965-423c-aa71-b1f43ea251f8
1999,1999,John Thomas,Square,67177567-974e-37a9-86db-37546044d433
1999,1999,John Watts,Walking the Doberman,d9f327fe-05d2-4d39-abd5-cc1a67a92fd2
1999,1999-08,John Wiese / Jetstream Panic,Untitled (Batman) / Kettu,b0cd4252-8116-4f45-aa50-98411b557c8b
1999,1999,John Williams,Duel of the Fates From Star Wars: Episode 1: The Phantom Menace,3bf9aa29-5205-40aa-af41-781938d0634e
1999,1999,John Williamson,A Number on My Back / The Baggy Green,dbcae06f-8db7-4845-991c-ac4137aafb01
1999,1999,John Williamson,Purple Roses,d7eb9df3-7f04-44c4-a6c1-a4f844caf9b2
1999,1999,John ‘00’ Fleming,Lost in Emotion,f5b60813-5d15-3632-9b70-59aba2afb507
1999,1999-01-01,John ‘00’ Fleming & Russell Floorplay,Come on Baby,fd95605b-12d0-4a31-a920-f17267d8d89d
1999,1999,Johnny & Denise,Ein kleines Stück Himmel,e2801ff3-b475-4fe6-b76c-47c8088cec73
1999,1999,Johnny Fiasco feat. D’Luxe,Groove On,c5535a64-26ef-3b5e-8f7e-598c55df5b6f
1999,1999-11,Johnny Hallyday,Sang pour sang,6f2c7025-5211-4fd7-a20e-434c3df82272
1999,1999,Johnny Hallyday,Un jour viendra,27751b70-e348-4245-bcde-6174642398e5
1999,1999,Johnny Hallyday,Vivre pour le meilleur,22752064-fa17-4774-8e13-2c30b3df5c1c
1999,1999,Johnny Hallyday & Lara Fabian,Requiem pour un fou,1feb777d-af80-463b-8702-c8bea2b29d4d
1999,1999,Johnny Napalm,I Love the Smell of Vinyl in the Morning,d7e658b5-49a7-49ac-a3b4-80ac1db62e47
1999,1999,Johnny Napalm & Dynamic Intervention / Crunch,Hard Trax vs. DIP,b194c937-61ff-4c48-8c10-897d58554cf3
1999,1999,Johnny Vicious,Moments / Ecstasy (Take Your Shirts Off),1324e815-7207-4650-9a12-fbb0c35e9cd3
1999,1999,Johnny Vicious,Move Your Body (House Music Anthem) / U Can Rok My Body,8b2dfe39-0560-39ca-8c0f-699d64328955
1999,1999,Johnny Vicious feat. Lula,Ecstasy (Take Your Shirts Off),301540cf-2369-3027-82be-98055522f429
1999,1999,Johnson,Savoury Body Show,eb9b099a-e299-4c68-800a-833a39d936e4
1999,1999-03-15,Johnson,Say You Love Me,d6066d40-722f-372f-8d8c-dd62872dd429
1999,1999,Johnson,Skin & Gold,1653e95a-c982-4073-929a-9dd0e9d5acf3
1999,1999,Johnson,Tripping With The Moonlight,9714cf04-695e-4984-97da-adf15f98e731
1999,1999-06-28,Johnson,Try,122e0c60-5a29-3a5e-989f-e752cb098936
1999,1999-05-24,Joi,Asian Vibes,56314ebd-71e0-3b9f-91b8-2e1a143dadf6
1999,1999-02-22,Joi Cardwell,Found Love,b3f9910f-57f1-3a45-a636-2a01cc8ad6f1
1999,1999,Jokke med Tourettes,Verdiløse menn / Stopp!,a0e32e23-f550-4ad1-b076-ebeaaaee6611
1999,1999,Jon Doe,Return of the Bass,ce3da5b2-38c4-465a-83ad-e2db16e5ec77
1999,1999,Jon Doe & Flatfoot Sam / DJ Theron & Jon Doe,Cadmium / Translucent Awakenings (Remix),93637aa8-d2e4-423d-9740-b6ba9b3c9c9b
1999,1999,Jon Doe & Tekneek,Bring Back the Bass / I Need You,7a818627-9ce7-4c79-84d7-9341262001d6
1999,1999-07-12,Jon The Dentist & Ollie Jaye,Imagination,b3f06df1-6482-4713-a142-24a002de311b
1999,1999-07-12,Jon The Dentist vs. Ollie Jaye,Imagination,5b75bb52-0ebc-43f0-a357-5403ba6f8dd5
1999,1999-07-12,Jon the Dentist vs. Ollie Jaye,Imagination,ff546232-14f7-4e9b-993b-80a07648d53e
1999,1999-08-23,Jonas Schumann,Just Jonas,b0ee6b71-3e81-4426-9b56-5d98a206972e
1999,1999,Jonathan & Stephen Cohen,Friend of Mine (Columbine),0aa430b1-1a1f-3b44-8067-ad5e3759c539
1999,1999,Jonny L,Selecta / Change,3ecb84b5-19b8-4c71-90fa-ff3975010272
1999,1999,Jonny L,Spike / Running,3d874611-3ee7-4661-b5cc-9dcccf3b1d56
1999,1999,Jonny L,The Bells / Raise,e69d71bb-870d-4add-97aa-43f249b67e4b
1999,1999,Jope Ruonansuu,Soneran putsaus jenkka,00ffa1cd-244a-4b61-8459-3f5b7aef3e6f
1999,1999-02-16,Jordan Knight,Give It to You,df1ad228-8319-3bb7-bca9-9c6fefe58caf
1999,1999-05,Jori Hulkkonen,Detach Yorself,b65e40ce-23d6-3d47-8717-2f230ffe149d
1999,1999,Joseph Holbrooke '65,Rehearsal Extract 10' 26,d5d7c881-1d76-486e-9649-342b4f3247b5
1999,1999,Josh Abrahams and Amiel Daemion,Headroom,f6a3bc0b-3a6c-43fc-bb24-496d591ded6d
1999,1999,Joshua Fit for Battle & All I Ask,All I Ask & Joshua Fit For Battle,8ad40cd5-37b0-4d85-9156-72d74c89c0bc
1999,1999,José Amnesia,Last Sunset in Ibiza,881ea425-b159-47a9-bc38-43c30e44fe4f
1999,1999,José Castro,Milonga,253b6aff-4820-4eea-a414-8cc95b9da153
1999,1999-10-01,Jot Dobei,Kölle Alaaf,47235a60-c080-4069-ad49-9c451a91fcc8
1999,1999-05-03,Joy Denalane,Can't Stop Won't Stop,fac44f72-8e7e-3b01-99ef-e2f95d36b3e8
1999,1999,Joy Denalane,Time Heals the Pain,8e1ab214-ee96-3b9d-9763-8c789e6181f3
1999,1999-03-23,Joy Electric,Children of the Lord,d3d2ed3e-2b25-3362-9a0b-89fa495449f5
1999,1999,Joy Enriquez,How Can I Not Love You,7d51e7d5-7a00-490a-b1ae-7cb5a5e10cb5
1999,1999,Joy vs. Area 51!,Touch by Touch (The Remake),ebb50afd-3b5c-49d3-8888-c42117b6c8d6
1999,1999,Joy Zipper,Christine Bonilla,33c88c1d-62d7-4161-859e-2a527e86bfba
1999,1999,Joy Zipper,Transformation Fantasy,350f1770-b520-45d8-bcfa-b3cf83340837
1999,1999,JPS Project,Found an Angel,d0685c55-aefd-4ab4-9d1f-7c00ae08bc9b
1999,1999-08-10,JS16,Stomp To My Beat,7eeab700-0a1b-4262-8c75-5c9fd9f27da5
1999,1999-02-09,JT Money,Who Dat,b895ae2d-d325-3c73-abdd-21b546c59bd0
1999,1999-05,Juantrip’,Electronic / Shadow / Blé,a699b4df-6bed-3a07-8d9c-32393cb3cce4
1999,1999-12,Juantrip’,Shadows: Remixes,8c9ba0e8-6d60-3f1f-9c7c-a8457dc0dcf7
1999,1999-12-03,JUBILEE,NEO PSYCHIC BABY,7f2afd43-f27f-48e5-b08c-062576c4dcae
1999,1999,Jude,I'm Sorry Now,1ff9d924-723a-479a-b305-52b6850288dd
1999,1999-09-06,Judith,I Can Still Believe,1a9bf7fc-39ae-49d8-9c23-1d2fa6b604fb
1999,1999-06-28,Judith,If Paradise Is Half as Nice,8765db34-5dbf-4605-a484-1f5a29824be7
1999,1999-03-08,Judith,We Gonna Stay Together,88465897-84cc-316c-8fbd-c9d1426e1e50
1999,1999-09-16,Judy Albanese,You,496cb264-d09a-388f-a695-6374c998ebc9
1999,1999,Juhani & 1näinen,Älä ota (vakavasti!!) / Made in Hong Kong,54ea6a1f-37a9-4bc3-9d0d-4b76ea4d70f4
1999,1999,Juice,Not In Love,d03107fe-16a9-4049-9ed7-7463477b669b
1999,1999,Juice Leskinen,Uupuneet,9ba61ffd-481a-355c-8dfe-a7f34984e971
1999,1999,"Juice,S.O.A.P., Christina & Remee",Let Love Be Love,b38565d1-a298-49ae-8a5c-d1b7bef4e7e4
1999,1999,Jukka Kuoppamäki & Katri Helena,Tästä alkaa rakkaus,c82c28e9-4203-4aa1-8d70-9670cf8a246f
1999,1999,Juliane Werding,Alles kann passiern,4e41b27c-5f62-4b86-a984-88f00a12be6c
1999,1999,Juliane Werding,Conny Kramer (Version 2000),70313b9d-d4bd-44cc-8a4e-e2e8bb543f92
1999,1999,"Juliane Werding, Howard Jones",I Remember,4c96881b-a4ae-4a9a-a92e-700e068b3f4b
1999,1999,Julie Hamilton,Même Si...,7f759b0d-23e0-4d5e-b60e-2b0a85ad4558
1999,1999,Juliette,O Come All Ye Faithful,45504408-1ac5-4e93-ad66-b3a7e05206b7
1999,1999-02-20,Julie’s Haircut,I’m in Love With Someone Older Than Me,aa767faa-7ed0-3a26-b6fe-0524bf9fc6a3
1999,1999-07-19,Julio Iglesias Jr.,One More Chance,9b4be970-7d72-3efc-83a4-28f6420464ac
1999,1999-02-13,Jump & Joy!,Let's Roll (I Like It),6043305d-de78-3937-aafc-585af59f1198
1999,1999-10-25,Jungle Brothers,Get Down,042ed8b6-c24f-3bce-a965-1ec05ffd8898
1999,1999-06-28,Jungle Brothers,V.I.P.,e47c544c-2036-3cac-8f78-1a125a7c11ca
1999,1999-05-28,Junia,It's Funny,46712601-a6d1-3078-9f0a-996e27ff6caf
1999,1999,Junia,My Guy,b9eb9584-498d-3006-8e82-961e8603d593
1999,1999,Junia,Who's The Other Woman,27a4b229-a160-3f60-b1b3-df95472b2b34
1999,1999,Junior Cartier,Women Beat Their Men,16be1b3e-f506-48e8-bfd4-c994d08b539d
1999,1999,Junior Cartier / West Street Mob / Roots Manuva / Grandmaster Flash,Sugar Hill Remixes,4d193de2-15b8-44ad-9bd4-0c8c766607bb
1999,1999,Junior Jack,My Feeling,968667ff-9167-39ca-b0f1-404e097be7e8
1999,1999-10-11,Junior O,Have Fun,0423ab30-d48c-382f-b234-46e0d1d55693
1999,1999,Junior Sanchez Feat. Dajae,B With U,4695ce84-41d5-4883-8401-934451ca71ed
1999,1999-10-04,Junior Sanchez feat. Dajaé,B With U,c0f89ab8-2bb0-3f49-9462-c173b89289c5
1999,1999,Junk Project,Control,0daaebc6-8911-3029-be28-944b9748a62a
1999,1999,Junkfood Junkies,Funky Horn,99031801-f128-446b-9fb3-bcf8f13f28a1
1999,1999,Junkie XL,Zerotonine,221ccffd-d8b2-3349-b94d-63b495ce5328
1999,1999-06-01,Juno Reactor,Pistolero,5f45739f-a59b-3cd7-a438-4fd8c25bdf5e
1999,1999-07-27,Jurassic 5,Improvise,067e052b-0d02-3859-be85-2a3781cbc5b1
1999,1999-11,Justus Köhncke & Andreas Dorau,Flesh of My Flesh / Was zu sagen war,b3d21039-3332-33d4-947b-ea94e2eb567d
1999,1999-02-24,Juvenile,Back That Azz Up,aa7cebbf-0ee4-47e2-a39c-d8a1d360c368
1999,1999,Juvenile,U Understand,6781de8f-f1f6-40bb-92b0-9828e605f9cb
1999,1999,JW Roy and The One Night Band,Deeper Shades,7a51337f-9812-4352-9540-8c1fc18edf0d
1999,1999,Jävlaranamma,"Säg inget, Susanne!",58bf26fe-5ee2-4fc2-bde6-9c04b33b20f3
1999,1999,Jörg Hindemith,9-9-9-9... (Das Lied zum 9.9.99),df0c5f0d-33c2-4282-ad3c-b87ef9063318
1999,1999,Jörg Hindemith,Lassen Sie die Finger vom Rock'n Roll,55fcbaa7-8fd2-4c13-8812-2fffc5f08ef3
1999,1999-08-09,Jürgen Drews,Wieder alles im Griff,0917412d-6980-4587-948f-65c6f80a327e
1999,1999-09-20,Jürgen Renfordt,Spinnst du jetzt total,e794bb10-f4d0-44c7-84da-1b1bdd014a85
1999,1999,Jürgen Walter,"Es gibt Tage, da wär's besser im Bett zu bleiben",a31a488e-555b-4eed-932e-6ada863f371b
1999,1999,Jürgen Walter,September,d1e247a9-b506-46dd-9790-bb61a06e4663
1999,1999,J‐Love & Large Professor,Rap Professionals / Cool,21d2de82-c430-49ec-b666-a15b6f5c35c3
1999,1999,J‐Shin,One Night Stand,12729e98-1994-3416-8eaa-ff7bd654d245
1999,1999-04-12,K,Destination Unknown / Third I,45886991-3f15-3e3d-ba0d-06ebcf7bb70f
1999,1999-06-28,K,Invisible / Transmission,628585a0-bd69-38e1-9b79-aa92ff9f634c
1999,1999-03-29,K,Waveshaper,155bd90d-dcbe-42d5-bc55-44e2228caa6a
1999,1999,K-Paul,If You Know What I Mean,5917d724-d465-4f54-ac1e-363673c56f60
1999,1999,K-Paul,"Please, Baby",11007c26-ddce-462d-95d4-00445a17d3b7
1999,1999-09-29,K.,Little Wish,b0995d26-8c17-4624-9193-571e86cb9ff5
1999,1999-12-11,K. Hand,Good Love,bdeb7eca-20f3-39a4-81f6-6642d9366f2c
1999,1999,K. Hand,Supernatural,ed3dffb0-fdcd-31bc-a978-26623c2a5647
1999,1999,K.A.B.,Anjua (Sneaky 3),b0ef103a-eae8-418c-92f5-bcf926ef8962
1999,1999-03-15,K.K. System,Fax U...,72328a65-385d-39a4-b83f-1a43292055ba
1999,1999,K.R.O.,K.R.O. is on the Mix Tonight,d2c37845-b00b-30ac-91df-97aeddbca1da
1999,1999,K3,I Love You Baby,3e255866-2b4e-41d3-8565-bb72c18cbf49
1999,1999,K90,Rock the Show,205605eb-3ccf-3983-aba4-9998b571cbe4
1999,1999,K90,Species,87866a07-30cf-49ea-a6c5-8b7d0132f728
1999,1999,Kaamos,Kaamos,d2200758-7a65-4a96-97a7-b9c863a8bc5d
1999,1999,Kabuki,Test Run Bomber / Centipede,78c3affe-2c99-42f2-9ac0-832f54b1e9bd
1999,1999-09-06,Kafelkoff,Boisterous / Blockparty,3b378d1b-1569-4d1f-b804-5ad76ed92fff
1999,1999-04-01,Kafelkoff,Octaves / Get It!,3def3e27-80aa-4f41-8380-8ceba459aef3
1999,1999,Kai,Every Little Thing,8dfd4cf0-1761-4e2c-9b07-297dece31ae2
1999,1999,Kai Randy Michel,Generator,2e444210-021a-4db1-87d9-f6517ad3f522
1999,1999,Kai Randy Michel,New Pain,c2f38b9b-204c-4397-891e-a309d294a54a
1999,1999-09-20,Kai Tracid,Destiny's Path,afc24767-01a5-3efb-aa08-5028f09f1c80
1999,1999,Kaija Koo,Isä,4e6c1b9d-d1d0-4592-bd56-a2f681b9bac9
1999,1999,Kaija Koo,Minun tuulessa soi / Päivät lentää,ddd64235-d970-4ead-a935-402079dd7022
1999,1999,Kaija Koo,Tinakenkätyttö,a0ce6574-0f51-4a43-bdef-3c1e5e546115
1999,1999,KAIZER,ELEGY,2695711f-6c8e-424f-9f7f-941677c12f81
1999,1999,Kalawang,Jingo,3a88d6c7-8316-3acd-bd1c-658f707edda8
1999,1999,Kaliber 44,Konfrontacje / Rutyny,70d6ad7e-4520-3f13-84c2-08f12e4b3850
1999,1999,Kalle Baah,Entering Zion,7c0849af-17d6-328d-8755-d3e8ceeea56a
1999,1999,Kalle Dawidson,Raginakudo Parto Een,d4081c0f-4746-46fe-b8ee-c699de137d48
1999,1999,Kamasutra,Where Is the Love,77d4bb31-6534-4cd4-80cb-f1a99a0791f1
1999,1999-12,Kamaya Painters,Far From Over / Cryptomnesia / Soft Light,e949f8df-156c-4e35-b77b-f061580dd8ab
1999,1999-02-22,Kami & Purple Schulz,Ich will raus [Sehnsucht] '99,e1163e16-5925-4f51-b555-bcb024277db3
1999,1999,Kamikaze Kid / The Klubmasters,Insectia / The Seven Wonders,7be10a3b-7fca-4fbd-aa3d-e76629eb2470
1999,1999-02-05,KAN,Happy Time Happy Song,b9b5dab9-20ce-4d53-aa1c-a4b74768ea93
1999,1999-11-25,KAN,今年もこうして二人でクリスマスを祝う,95b5ffca-fa62-4106-ac6a-27da84b98a3d
1999,1999,Kane,damn those eyes,60b7882d-00bb-421b-aff0-ba17187bbf99
1999,1999-02,Kane,Isolated,0cbdd092-e352-4ee0-8d0c-fc3802355ca0
1999,1999,Kane,Where Do I Go Now,984a7e8c-629f-3682-9592-16df5704dbd2
1999,1999,Kane & Abel feat. Ghinn & Boss Player,Get Cha Mind Right,d31bb31d-e2d8-4490-9f93-97d9402c91b8
1999,1999-08,KANON,Crimson Red,6608bd89-6ef5-497a-820d-c0538b13d479
1999,1999-10-21,KANON,Precious,a6b0eb33-a5fe-4dd4-843f-b6b22d104330
1999,1999,Kaos and One Eyed Wonder,Rumble / Just Another,c60f4b89-2482-4dc7-b207-2f70d4e2249a
1999,1999,Kardinal Offishall,And What,c94135d0-30ed-3d2f-95ff-7915e825b370
1999,1999,Kareem,Varje sorgset steg vi tar,4f83e784-74b2-3301-93dd-2e949563d223
1999,1999,Karel Gott,Für immer jung,7e380802-c259-473f-bdbc-c308bce63c32
1999,1999,Karen Ramirez,Lies,757344a9-4df5-4041-a16d-ce29e1ce00a8
1999,1999,Karim & Straight John,Regius / Cheap Rent,cf7b835f-2838-4d14-8021-4e5e713cbdf3
1999,1999,Karim / Rocco Siffredi,Consciousness / Tierra Del Ritmo,97f20302-9170-4b4f-9330-96db23d04c17
1999,1999,Karlito,"Kiffe, kiffe mec",6ffa2926-01cd-4f3d-a95d-df6df340b3d9
1999,1999,Kase.O,Mierda,d26a8c98-feca-3f8b-bc68-8d7769ea99c9
1999,1999,Kasey Chambers,Cry Like a Baby,0d7ea08f-cbd1-4f93-8be0-5dad23019e56
1999,1999,Kasey Chambers,Don’t Talk Back,ce0dcc13-3ae8-3dbd-bcda-aea95d423e5d
1999,1999,Kashmir,Graceland,14d018c4-67bd-4cea-88f4-eadf21a3ff46
1999,1999,Kashmir,"Mom in Love, Daddy in Space",6d44faad-5760-3353-97ec-51caa670ac25
1999,1999-05-06,Kastelruther Spatzen,Jeder Tag ist eine Rose,407db6e1-cd6b-3eae-8c48-8a3e8c3d03b2
1999,1999-08-09,Katcha,Touched by God,19ea67a8-caa4-3a18-bf37-d2ea81424b5e
1999,1999-10-04,Katerine,Je vous emmerde,a4967aa4-45e5-3c5f-8b61-a9fbcdb74751
1999,1999-08,Kathy Soce feat. Choclair,Would You Lie,31d667de-81b0-3e69-b47e-9f999933513c
1999,1999,Kauko Röyhkä,Kauniit pelastetaan,fe22af1d-7882-322e-8d80-776514ce9c5d
1999,1999-02-22,Kavana,Will You Wait for Me,11f96f6b-7af4-385f-a7f8-ece3dec25bea
1999,1999,Kaveh Yaghmaei,Parvaz (Blast Off),df78f6f0-123f-4eca-b688-01448a345329
1999,1999,Kaveh Yaghmaei,Shabhaye Ghotbi (Polar Nights),c94c6382-7253-4084-8018-96ec1e6c272e
1999,1999-12,Kavita,Gypsy,396b2b6b-a670-44c0-aca0-be02caec783a
1999,1999,Kawala,Snowball,34e5d1ce-81e6-46d5-9dce-2e99624bcae0
1999,1999,Kay Cee,Millennium Strings,746a0020-8e5b-4746-82a5-a0158d2ff3a8
1999,1999-01-01,Kay Cee,Sunshine (Take U There),58cb3e1c-9776-30cb-99d6-b4149d18ca97
1999,1999,Kaydee Project,Moons Of Avelon,a12a03d0-b18f-48e0-9597-aa0ab25da1f5
1999,1999,Kaydee Project,Parabolique,7af5b16a-16e3-3acf-9bb9-c37f62886e63
1999,1999,Kaylan,Rock Me All Night,42e786b6-d4dc-4c67-948d-964f695b276d
1999,1999,Kazumoto Endo / Gasolineman,Kazumoto Endo / Gasolineman,44e073bc-18ed-4c7b-91e8-ad08ae2aecc2
1999,1999,KC Da Rookee feat. Mystic Dan,Buffalo Soldier,3e93c68d-3c2f-38e7-8762-72b781a76ae8
1999,1999,Kee Mo,Madness,344b2bcd-c66c-31f0-96a8-294137c8c820
1999,1999,Keep Cool,L'homme qu'il te faut,a1cc97a4-60d0-4164-9331-dadcfcda671c
1999,1999-04,Kees Versluys,In lijn,27969228-0d22-498d-81f5-0586bac4e926
1999,1999-03-31,kein,自責と蠱毒,ebfc22a4-8a30-3554-ad78-bb9568b3b54e
1999,1999-12-13,"Keith Richards, Kid Rock, Mary J. Blige, Kelly Jones of Stereophonics, Jon Bon Jovi, Kéllé Bryan, Jay Kay of Jamiroquai, Ozzy Osbourne, Womack & Womack, Lionel Richie, Bonnie Raitt, Dolores O’Riordan of The Cranberries, James Brown, The Spice Girls, Mick Jagger, Robin Williams, Jackson Browne, Iggy Pop, Chrissie Hynde, Skin of Skunk Anansie, Annie Lennox, Mark Owen, Natalie Imbruglia, Huey, Fun Lovin’ Criminals, Dina Carroll, Gavin Rossdale of Bush, B.B. King, Joe Cocker, The Corrs, Steve Cradock & Simon Fowler of Ocean Colour Scene, Ronan Keating, Ray Barretto, Herbie Hancock, Francis Rossi & Rick Parfitt of Status Quo, S Club 7, Eric Idle",It’s Only Rock ’n’ Roll,2d7b5820-ea2f-434a-af7c-dd751b2fa25f
1999,1999,Keith Sweat feat. Da Brat,I Put You On,f4786333-3d35-49ff-b887-c8b991ad17cf
1999,1999,Keith Urban,But for the Grace of God / I Thought You Knew,a6b39486-b92e-4cb6-a400-c93eb16b0ba1
1999,1999,Keith Urban,It’s a Love Thing,a1f09186-a9a9-4503-bdee-c127bbaefb6e
1999,1999-03-15,Kele Le Roc,My Love,2c592ac1-6250-3bae-a1c9-f439ccadf14b
1999,1999,Kelis,Caught Out There,975c19a2-eaaf-3b18-b53f-c2f0f2d87ca1
1999,1999-10-22,Kemal,Animation / Mechanizm,5d4eaceb-bcfa-3e0e-a1b0-16b60fbe5304
1999,1999,Kemopetrol,Child Is My Name,385d98ee-b00c-4b1c-8df1-c87e66fa3dad
1999,1999,Ken,Mamma,5def1a72-b41b-4e43-8277-ed90cf1c4686
1999,1999-03-26,Ken,Stockholm stad,bf6ffa0c-687d-37e5-a0de-bb2c8856f702
1999,1999-03-30,Ken Ishii,Game Over,7669cffe-089b-334f-8409-bbdbb50b892e
1999,1999,Ken Ring,Dödens gränsland,19038644-215e-37d7-a1db-8c4186df8182
1999,1999,Ken Woodman & His Piccadilly Brass / Dr. Pris & Dr. Rachel,Space Channel 5 Theme Music: Mexican Flyer,67c6b01d-289e-4559-8240-91999e299a23
1999,1999,Ken-D,The 7 Jump,1a061d71-5210-4fc2-b90f-57331eaaf94d
1999,1999,Kenan Doğulu,Gençlik Marşı,37b3b3c7-b484-3ad0-9169-697801e86500
1999,1999,Kenny Bobien,I Can't Give You Anything / Blessed,8554f2d7-cbc0-3b4f-9061-45c257f9c6a1
1999,1999,Kenny Bobien,Walk Into the Light,c7240418-0875-4eda-ada2-9c6ca89e1535
1999,1999,Kenny Chesney,How Forever Feels,2c9905dd-aafa-4044-adef-e16b7e6d731e
1999,1999,Kenny Chesney,She Thinks My Tractor’s Sexy,9c4c05b0-1de9-48c8-8b68-aff29e3ce1dd
1999,1999,Kenny G,Auld Lang Syne (The Millennium Mix),eab22513-7398-3b72-a8a0-f33eab1f85c3
1999,1999-11-01,Kenny Hawkes,"Ashley's War, Part 2",22e627c0-5f30-34d9-ad69-bb927f6160e3
1999,1999,Kenny Rogers,Ain’t No Sunshine,55bcb269-b54c-4482-ae1e-00421c2b3ca2
1999,1999,Kenny Rogers,Let It Be Me,b574b502-5025-4c5b-9cc3-5f2339c35091
1999,1999,Kenny Rogers,The Greatest,befe7671-3d0a-4711-861e-3a145eda561d
1999,1999-05-21,Keno,Circle Of Days,d8fb9ca0-252e-4d8e-a298-d692bc4e662f
1999,1999,Kent,Längtan skala 3:1,58986fad-e105-41a4-9f4a-11e27bd9b40a
1999,1999-11-15,Kent,Musik Non Stop,c73c3caf-5d5c-31e8-a4aa-f1de69317987
1999,1999,Kerozin,Durva didi,cde398fd-881b-47cd-aa51-248d3854bce0
1999,1999,Kerozin,"Dá, dá...",c6fada31-7bff-4b4a-9c61-c63fbb7eaf1a
1999,1999-10,"Kerri ""Kaoz 6:23"" Chandler",Coro,da0fbad2-9295-35bb-8650-3e22b3c654e5
1999,1999-04-12,Kerri Chandler & Jerome Sydenham,Powder EP,6e4e115d-8cd7-4315-a2f3-5b0736828e82
1999,1999,Kerri Chandler feat. Treasa “Diva” Fennie,Heal My Heart,0fc4f4ba-5f2a-3e97-aa67-ae7d408d2b61
1999,1999,Kevin Aviance,Rhythm Is My Bitch,f7b2c826-52a2-4a72-bd08-44e2b60bae18
1999,1999-11-22,Kevin Irving,House Ain't Givin Up: Remixes,af881449-a8b2-39cf-9d8e-400ab4447cb4
1999,1999-09-13,Kevin Rowland,Concrete and Clay,19451931-d292-3b63-a855-db45aa0a8a06
1999,1999,Kevin Yost,If She Only Knew,46cbc638-902f-34d1-8179-dcfb60fb6040
1999,1999,Kevin Yost & Peter Funk,Dreams of You,005b003a-adf8-37f5-aa10-e5fc7a8b25b8
1999,1999,Kevon Edmonds,24/7,907d2eb8-c069-40cb-870e-7cbb9ff2b375
1999,1999-12-06,Key West,Sorry Sorry Sorry,e6e98875-6a75-3c3a-a3a9-2931f3e11a30
1999,1999,Keziah Jones,New Brighter Day,9a20c803-39e8-41d3-b37a-0668bbcd43bd
1999,1999,Khaled,C'est la nuit,218572f7-9651-41f5-941e-552c224fb76d
1999,1999,KICK,Up Close & Personal,b9a842c6-0b73-4996-bc53-6dfe07334d1b
1999,1999,Kid Brother Collective,Never Trust Yourself,95d9b482-91ab-401b-8116-635321955d45
1999,1999,Kid Energy,Energy Traxx,1552b6fb-e4a9-3ecb-bed8-02aa754c3302
1999,1999-06-01,Kid Loops,Train of Thought,dea694b3-53ae-34d2-9fc5-19f581d9f137
1999,1999-07-12,Kid Rock,Bawitdaba,a09f774e-16f2-3b15-8b43-56ad8cc0806d
1999,1999-10-11,Kid Rock,Cowboy,2be8a559-10bb-38b6-a3f0-0b92c5d4c8ad
1999,1999,Kid Rock,Cowboy (Neptunes remix),5721d1ba-5e22-44dd-972e-d11a4dc2860d
1999,1999,kid606,"Shift-Minus, Volume 3",bb76ac0a-3bb7-3821-a0cd-7753946dbcf6
1999,1999,Kiez Kidz,I Found It (Yes It's You),218578f6-6f2d-400e-a268-b176ea4aa46c
1999,1999,Kill Hannah,All That He Wants,49f8fb42-4b51-4518-8b21-fd86d883b3e8
1999,1999-02-22,Killer,Bring It On,1acfe3ef-8213-4311-85b1-b1cf2d3448ef
1999,1999-12-27,KILLER,CUtT,b314d1a8-6880-45fc-aae6-e5df868ad16d
1999,1999-12,Killer Instinct,Know You Better,02f1a9f2-e462-4dc5-969d-fbf428e60b41
1999,1999,Killer Instinct,Tell Me,f055ed9e-2d45-4a97-ae96-a64e7e20c6a9
1999,1999-04-12,Killer Loop,Music Inside,af57b184-92aa-3c59-8cbd-4117645dc955
1999,1999-11-10,Killing Heidi,Mascara,e58b0327-bf68-385a-b320-bc5ced770c1f
1999,1999-10-05,Killing Heidi,Weir,cb54568b-ff33-3f4a-acbd-e9f1a0f2237b
1999,1999,Killing Miranda,Teenage Vampire,693942ca-51de-3036-be91-43b653c1e855
1999,1999,Kim English,Missing You (Mind Trap Remixes),d1bebd92-3726-37f7-9085-8647288096e5
1999,1999,Kim English,Unspeakable Joy,f5d80309-9a29-4ebd-98c2-4817f5c70d08
1999,1999,Kim Lukas,All I Really Want,b5e593ff-8610-3451-a86d-063b4139c6fa
1999,1999,Kimara Lawson,Stand Up,4d87fdee-9766-494c-9d13-a011fa972c4c
1999,1999,Kimara Lovelace,I Luv You More,c272ea44-68f1-4218-9f5c-a918019c1f38
1999,1999,Kimara Lovelace,When Can Our Love Begin,4f6c9cab-5603-418e-9583-852cd13da6c2
1999,1999,Kimnowak,Nem lakik itt senki,79ced9aa-2116-35eb-a3a4-2aa81cc954a5
1999,1999,Kinderzimmer Productions,Doobie,c60a9d68-5f08-41f7-a96a-e9b21691ead9
1999,1999-11-18,King Britt & Ursula Rucker,Circe,f1db30d5-9049-3f0f-89d1-fd2fc5f89d28
1999,1999,King-O,No Space,3afb81dd-aa73-4119-91ea-6fb0ae86c0d9
1999,1999,Kingsauce,Singles Club Single #1,ab1f1641-8476-3a6e-a270-d68c25586957
1999,1999-02-26,Kingsize,Dragon / Players,889ddb82-14bc-4aa8-95f1-d059137f8107
1999,1999-04-30,Kingsize,Eyesick / Spike,a61d6d9d-41ab-46fd-bf3f-c9b7bd6c05e5
1999,1999,King’s X,Fade,0e116009-4d7b-4ab0-9895-4c41f0ad00da
1999,1999-02-24,KinKi Kids,"やめないで,PURE",8fd0c298-afa7-4221-aa80-73ee5fde3cc8
1999,1999-05-26,KinKi Kids,フラワー,3ae78876-5f92-498a-8321-03902f71e331
1999,1999-10-06,KinKi Kids,雨のMelody,71c2f658-91b9-4047-a0d8-e0b6afe75a0c
1999,1999-09-01,Kirari,Last Piece,2259bc9f-4cc4-449c-a3e8-f903dd5103ff
1999,1999,Kirk Franklin,The Nu Nation Project,2ecb1e60-31bf-4981-a101-91e7471fc045
1999,1999,"Kirka, Hector, Pave Maijanen, Pepe Willberg",Rööperiin,a7bcb23c-2203-4da8-aa9d-74b2e130691d
1999,1999,Kirlian Camera,The Burning Sea,03d4a5a2-7c3c-4bb5-84b1-cc9cd717450e
1999,1999-11-10,Kiroro,好きな人,82a1790d-d26e-4f51-81ab-885e8e1438da
1999,1999-06-23,Kiroro,最後のKiss,dd88c7d2-3460-48ba-ba41-dba868a5ee1e
1999,1999-02-24,Kiroro,青のじゅもん／春の風,91d3e182-d9ab-433c-a6a6-99a8ff832a46
1999,1999-11-08,Kirsty MacColl,Mambo de la Luna,7a78e999-f919-380a-8f5c-a75e6ac143c6
1999,1999,Kispál és a Borz,Az nem lehet soha...,779f8117-f4d8-3bdf-a7f1-27131b217d06
1999,1999,KISS,Nothing Can Keep Me From You,72adaace-b036-4c3c-9b1d-e205f3a6f93f
1999,1999,Kiss My Jazz / Mitsoobishy Jacson,Easy Money / Mitsoobishy Jacson,5c2bb2b9-85f0-445d-86d0-ff03ebfa5afa
1999,1999,Kissinger,Consider Bridgette,62cb3892-a430-30b6-b57a-77c69545377a
1999,1999,Kitbuilders,Stupid Games,53b31c2f-9bfb-39e9-a049-65531cc3fc0d
1999,1999,KJ & Zed Bias,All the Way,cbea2f91-e7eb-483c-8c93-00c16529806f
1999,1999,KK Null / Noisegate,Neurotronics / We Stood There Watching,bb1aa8d9-6243-4bbb-b3a8-9300ea9fe9e3
1999,1999-07,Klamydia,Letoisa Lewinsky,6d37bfef-f1da-3f3e-bec5-25b7deca040d
1999,1999,Klatsch!,Do You Feel Alright,f656f36c-6705-3f70-a486-8dd98664955d
1999,1999,Klaus & Klaus,Schön blau,36c48b24-915c-422c-9996-d119ab1ad880
1999,1999-07-24,Klein Kaiser,freeza,9d5decbf-c063-3418-bfa3-5bd99797396a
1999,1999-12-18,Klein Kaiser,neo classical II,1b441c30-5768-355f-9139-6761f1e8c699
1999,1999-05-05,Klein Kaiser,開放の瞬間,3e652bb4-c682-3b4b-b128-1afa84cf42ac
1999,1999,Kleshay,Rush,0a9325f0-abf6-4657-aa43-876911270209
1999,1999,Kliché,Sad Enough,23ea46c7-f693-3ca5-bd5a-818bfe1e5bc3
1999,1999-02,Kliché,Scope,9c0eadc2-06ab-3bb9-b57b-eed150da74a6
1999,1999-08,Klood,Gag-Hamin,e0a88c33-88e5-4da7-a832-23d642bbe5b8
1999,1999,Klovner i Kamp,Bare meg,c4b93d14-7aef-3b5d-b2ef-9dc53a6daef1
1999,1999,Klubbheads,Release the Pressure,2f7d2cf9-0e5e-337c-a226-5e57565d9d5c
1999,1999,Kluster,Back To The Funk,d8e9c499-9ccf-4843-9c2b-684fadf2e479
1999,1999,Klute,Faceless (Teebee's Black Science Labs Mix) / Talk Luba (Lexis Mix),af4317e7-1b99-4cf6-8bc3-8a5a61037171
1999,1999-12-06,Klute,We R The Ones / Drive Down,9b7495bd-da2e-4d94-90d6-c81884fc2b85
1999,1999-06-19,KMC / Rantoul,System / Too High,c07c32ee-ab2e-36b6-b8c8-6740a51d3a89
1999,1999-11,Knarz,Knarzfunk / Funknarz,1f21ad71-9660-38a0-a999-5e0386c11f90
1999,1999-04,Knarz,Tanzmaschine / Maschinentanz,4182b62b-fc17-359c-8dc0-4436d28847ce
1999,1999-01-21,Kneuklid Romance,ためいき,c628584a-2183-448c-bd7b-1e7e53db4d6d
1999,1999-06-21,Kneuklid Romance,月と君と僕の関係,ef9f063f-e35e-4324-bda7-03be63d22c69
1999,1999,Knightvision,Ready For The Weekend,9d0e9e14-8104-44c5-b9b6-75a6fd7a2fd5
1999,1999,Knightz of Bass,Da M-Pire (Sideshow remix),4a959b42-9f44-3284-a383-b16d8fbf2386
1999,1999-08,Knorkator,Buchstabe,1fb89725-7422-49e1-976d-6606d5a34ebf
1999,1999-05-17,Knorkator,Weg nach Unten,46b7173b-2b82-3b1a-a864-804d8ddcfdca
1999,1999,Knowledge & Wisdom,Mr. Fassy,e526db09-5109-4bd3-b07d-d2c704640f52
1999,1999,Knowledge & Wisdom,Prophecy Fulfilled,0a1d855d-a6f1-4a76-9415-232ec3a06710
1999,1999-10,Knuckleheadz presents Rhyme Time Productions,You And Me,588661bc-1d50-477f-a307-d3fafcfac959
1999,1999,Kobayashi Maru,Voodoo King / Hyperspace,7f0cbfad-822e-4458-afea-0be6856f2db5
1999,1999,Kohann,Mil Bed,0dc39ad4-9dd3-4200-9bb8-a7798d6ffab4
1999,1999,Kojak,You Can't Stop It,3eb5deec-167c-3e4f-948f-545680ee2192
1999,1999-06-17,KOKIA,ありがとう…,173954ec-74c1-4d35-b70f-a158fe940a2d
1999,1999,Kolk,Uma,5ee3dd6e-6057-4008-8397-3c6e95adf6d1
1999,1999,Kolmas Nainen,Sekunnit ja tunnit,b83e689e-ad09-4dbc-90bc-6bc272a0f095
1999,1999,Koma,Connexion / La peur du lendemain,28f9a83f-e320-4e78-bb21-add04286f317
1999,1999-11-08,Koma feat. Mokless’,Où j’veux quand j’veux !!,6c5d6f25-961f-4bcf-a316-6cdf6da7a3ee
1999,1999,Komeda,Check it Out,fa6afee2-cf20-4006-82ec-7ae4e5a43aaf
1999,1999-07-19,Konflict,Cyanide / Outpost,b42b4f00-e860-3967-a978-e566adff784a
1999,1999-06-07,Konflict,RoadBlock / State of Mind,1aa7ca2a-67e5-3945-942f-0bdb179a1cd6
1999,1999-09-20,Konflict / Usual Suspects,Armageddon: Sampler,b0312393-62c6-3063-831b-48e5338c90c3
1999,1999,Kong,Pumπ Probe,90995a17-89b1-42b3-9073-20f50a8ae4f9
1999,1999-10-19,Kongar‐ol Ondar,Tuva Groove,d80f15a1-3760-3123-b0c6-d35b96f413a2
1999,1999,Kontrast,Einheitsschritt 2000,d648a313-1aed-4460-bed0-1dab8700f0d9
1999,1999,Kool & the Gang,Always,996b36d7-e56a-314e-9fe0-8dd7d6f91e95
1999,1999,Kool & the Gang,The Summer Remixes,638907e0-326c-3c20-a475-4919d825d9bb
1999,1999,Koos Alberts,Echte vrienden / Waar is de tijd gebleven,cc8893a8-fcac-4fad-bc44-bd84068a1aac
1999,1999-03,Korben Dallas,Volume 2,24fa55c0-8807-3b6d-b9bf-6d9992bb60a5
1999,1999,Korn,Falling Away From Me,26f7b16f-2b8b-4de8-a496-215e2a926737
1999,1999,Korn,Jingle Balls,b3b3a1ad-5e59-31a5-9ae0-ea9bf47b3680
1999,1999,Korn,Make Me Bad,1ca2ee21-9090-33d8-93e5-2b9cca30e488
1999,1999-06,Korriganed,La Maladie des couleurs,c554dac4-2528-4bc4-95fe-14f998383cb7
1999,1999,Kosheen,Dangerous Waters,24021d32-781e-4d1f-be96-b6d21acccba4
1999,1999,Kosheen,Yes Men,2fb4c814-f096-3d13-bd34-e088a038414d
1999,1999-08-09,Kosmonova presents Mike Brings,Acid Folk 2000,62152e48-b3d4-3c11-baf4-dc67cf83a9f7
1999,1999-03,Kotiteollisuus,Eevan perintö,8694493f-9b20-3910-9301-574b34325582
1999,1999,Kotiteollisuus,Eevan perintö,a4ff33cf-8254-46fd-a29c-96f37fb0aedc
1999,1999,Kottonmouth Kings,Bump,4513c3f5-81ab-3bb7-9f0d-9626fe112a31
1999,1999,Kraft,Quartz / Metric,75bde8ec-e0c7-4762-9209-a8b7b9b3128c
1999,1999-06,Kraftwerk,Expo2000,955db964-872f-3975-8322-7e48d091a700
1999,1999,Kraftwerk,Homecomputer,58e5812a-437f-4b85-802f-1c9908242edd
1999,1999,Kraftwerk,Trans Europe Express,0e2b636a-3813-476e-898d-d027218e05d2
1999,1999,Kriminal,Loud 'N' Proud,da707be7-0082-328f-8a4c-43fa41c007d9
1999,1999-06,Kristeen,Casanova,e6182d8f-e9e4-44f3-869b-56436260a135
1999,1999-06-14,Kristin Hersh,Echo,d39c950b-7c72-3d5e-8570-41e089c385fa
1999,1999-07-14,Kristina Bach,Ganz schön sexy,2db244a0-e5e8-483f-8ae5-e843ae0db838
1999,1999-03-24,Kristina Bach,"Hey, ich such' hier nicht den größten Lover",691b50f2-ae37-447a-9986-defdd32575c7
1999,1999-11-17,Kristina Bach mit Jeanette Biedermann,Mein kleiner Prinz,82449d79-9444-46a9-9500-dd6c49d2c472
1999,1999,Kristofer Åström & Hidden Truck,Poor Young Man's Heart,d3a50a58-4e3f-33e2-8ac4-59f2acd3d43e
1999,1999,Krome and Time,The Slammer,8d01751d-2203-48a1-8584-2f8294fd40c0
1999,1999,Krushgroove,1st Class,48b10630-5f56-4aa1-815d-e2d08c9f1865
1999,1999,Krust,One Moment / Overture,c3da09bf-3e9c-4681-acde-70b13d452555
1999,1999,Krust / Bio Mechanics,Warhead (Ram Trilogy Remix) / DNA,33c2577d-1b4a-4b7f-b0ce-41878dba8b03
1999,1999-10-11,Krust featuring Saul Williams,Coded Language,5c11a7a4-14c9-310f-b1ad-3b920be29319
1999,1999-06-21,Kudos,Do It Fluid / Fuzzy Logic,e364960d-fbf1-4212-b91e-091eeb0e6ab5
1999,1999-02-22,Kula Shaker,Mystical Machine Gun,b93e2987-2f36-3ec2-bb99-4b1046e31e7d
1999,1999-05-03,Kula Shaker,Shower Your Love,f648e8c0-73d4-3876-bd4a-8141f9fa6aef
1999,1999-08-04,Kuming,You’re my only……〜シェンムーのささやき〜,1117d8d3-e172-4600-a9e5-cf21fc30b7a9
1999,1999,Kundalini Rising,Kayomani,e5eb6bd2-e188-4f21-ac78-4d88cb7f4d3d
1999,1999-11-22,Kungfu,Flieg mit mir (Lords of the Boards),38c32dfe-d3a4-4a45-aad3-97238e0320c2
1999,1999,Kungfu,Hallo Gott,fc8efd19-0d91-40f9-b5b6-c22c823b97f4
1999,1999,Kurgan,The Red,75beea74-e6d1-4c65-b4c6-c2ae0599d18d
1999,1999-05-31,Kurtis Blow,The Breaks (Remixes),690dcfa1-d836-40a9-a177-2df3cc68be6b
1999,1999-01-18,Kush / Mild Mannered Janitors,Beats by Dope Demand No. 5,6ba5c300-3ca3-3256-92f1-263ab71cad3c
1999,1999-05-19,Kuu,Contours of Infinity,075a8d7d-31d4-3969-b645-c25a5a7d52b3
1999,1999-11-19,KV5 & Nicky Taylor,Church Candles,6c4c53f5-6b46-3ebb-a74f-7561d4ba5e7a
1999,1999,KY Jelly Babies,Access Denied,69ccd7a3-b941-42e9-a886-c0cfc2406db2
1999,1999,Kyan,Hydroplane,6079d9d1-4dc1-4220-bab9-0785b4abae4d
1999,1999,Kym Sims,Just Can't Get Enough,d9df5d46-1a79-43b8-aecc-44016b72850c
1999,1999,Kyodai,Do You Want It?,c22a4641-5b91-4ec3-8061-b0903304168f
1999,1999,Kyria,Genie In A Bottle,8504d639-4f9e-4d73-9e36-de20b3d6d1f4
1999,1999,Kåre & the Cavemen,Filadelfia,491f866f-fa5e-4a90-9d25-08940189dbe9
1999,1999-09-20,Kéllé Bryan,Higher Than Heaven,6351fd77-afb8-3e5d-ac3f-2db0640e62d3
1999,1999,K‐Ci & JoJo,Fee Fie Foe Fum,4c7b5083-5ab7-4ad1-9428-723a2fc05615
1999,1999-07-26,K‐Ci & JoJo,Tell Me It’s Real,9e963e32-37cc-3c12-ba4d-f492ac7b5edc
1999,1999,K‐Otix,Questions,b61f4f99-8478-3797-88ab-2ef1fd650766
1999,1999,K‐Reen feat. Don Choa & Le Rat Luciano,Au bout de ton rêve,3b8b2079-0452-43b7-a117-8f23831db56c
1999,1999,K‐System,Come to Me,0f973a43-848c-4d23-bac0-13e320bc7d4e
1999,1999,K‐Voice,Save Me From the Night,5cad4124-1097-4540-94af-40344bf09552
1999,1999-06-28,K’s Choice,Cocoon Crash,b157ad2a-7f20-463b-aa29-963a10bd6fe1
1999,1999,K’s Choice,God In My Bed,87937363-9331-4f25-8be3-d6e2de1a4fae
1999,1999,L+,Mūsų Kalėdos,c03bf52b-c9c4-46b7-abd9-2ae36d63d4f0
1999,1999-04-12,"L,DEAR",愛の媚薬,5057bfa3-f98f-4305-bc83-8ee7f3b7c893
1999,1999,L-Vee,Look Inside,173d6f9b-6a1c-404d-b15b-eeba82e21ed4
1999,1999-03,L-Vee,Tears,544650f6-b76c-49f7-9550-7bf91dfa81b3
1999,1999-07-04,L.S.G.,Jillanity | Into Deep - The Mixes,6338a675-cd46-4494-afb3-eedb7790aa23
1999,1999-07-19,L.S.G.,Shecan,a6a43417-efdf-3294-a1da-923b00b8720c
1999,1999,L.S.G.,The Fugitive,ee184827-1e88-4de9-a6d5-357c51edfb12
1999,1999,L.U.P.O.,People,6afbf15c-d00a-49e8-9d76-99568326bebb
1999,1999,L7,Freeway,1bf92b33-2f07-4dcb-b6e8-2cbbd267e5d8
1999,1999,La Bande Des 4,L'Avant-Garde 1,362b3be1-1a8b-45c9-a10a-90785ddbf3a6
1999,1999,La Bande Des 4,L’Avant-Garde 2,7bec2d65-5fae-422b-8d8c-82376cc40c52
1999,1999,La Bionda,Eeah Dada!,c889f6a4-d886-4930-8fc5-8b08dfdcc542
1999,1999,La Bionda / Alex Britti,Eeah Da Da (Cuba Cuba Cuba) / Solo Un Volta,4fd7e585-31a9-41e2-bd0f-8bf85558ef91
1999,1999-02-15,La Bouche,S.O.S.,5b29f7e4-2aa2-3046-bf25-ffc458521a04
1999,1999,La Brigade,Libérez,dca700d4-7090-3409-b24b-aac6b658d01d
1999,1999,La Brigade,Madame Fait Ci,ee8eb808-ca48-4fd1-a263-218050536d62
1999,1999,La Brigade,Opération coup de poing,99b4c342-f345-3b0e-8393-0fa18b7e9ca7
1999,1999,La Bush Team,Backspace,c71034ec-fd95-3d90-a75e-ef585a12400b
1999,1999,La Bush Team,Pat's Birthday,372fd116-5b9b-394e-94fe-1a913accbf94
1999,1999,La Clinique,C'est reparti,64ade64f-d16d-4ca5-83a4-e021fdfd83b2
1999,1999,La Clinique,La Playa,acddea65-a035-3296-959c-194b3c88d0cf
1999,1999,La Cliqua,Hip-Hop Sacrifice,5f8fb3fe-5544-49c7-ac3f-0a6b52e56dd9
1999,1999,La Constellation,La Quête,8fa29d2c-bc96-492f-b201-0e901e96928f
1999,1999,La Cream,Free,828e08d3-5179-4280-aa74-eb74d6b963cb
1999,1999,La Cream,Say Goodbye,e52b44e5-dbb1-39c2-a0f5-eeec7f61b6a0
1999,1999,La Familia,Dumnezeu e băiat de cartier (oare?),6b1635d1-9527-4551-a237-195b353e0e16
1999,1999-09,La Famille Breau,Les Couronnes de Noël,72bbc960-78a1-4650-a763-1bb644c8198e
1999,1999-10-19,La Floa Maldita,"Voyage, Voyage",64f50cca-11a6-3089-b9cc-e605aa17d7e7
1999,1999,La Griff,La Griff,3458691c-5d87-4a54-b2a0-c0da9dda99a5
1999,1999,La Habitación Roja,Crónico,462f7066-68df-347d-bbca-402fc8320499
1999,1999,La Habitación Roja,Eurovisión,1f8375f8-29bd-34b5-959b-139efb2d0964
1999,1999,La K-Bine,Crew,3b741eaf-52d1-4435-86b4-46b283df036c
1999,1999,La Luna,Venus,8b0ad739-3f8f-4ac7-a45a-395d9d677ca1
1999,1999,La Mala,Toma la traca,3a6b5299-c41f-4157-a5ea-bc967ea7fcaf
1999,1999,La Montse,Estoy Aqui,8df94469-08c1-40c8-a9f6-6fc6f62f7d28
1999,1999,La Rissa,I Do Both Jay & Jane,cac1148e-00b4-388d-85ed-911f2e46a476
1999,1999-04-05,LA Synthesis vs. Johnny Astro,Doidy Dawg,e8666d4a-1138-4532-ab78-54577a4aba58
1999,1999-09-22,La'Mule,結界〜ガラス神経ト自我境界〜,fabbfea8-fa36-4161-95d8-b2fbcab19d62
1999,1999-08-21,La:face,DIVE,f105587a-205b-472c-9bad-96a21f3ff952
1999,1999,LAB,'til You're Numb,fe9a9618-5405-4cd9-950b-0256a1c3e0c2
1999,1999,LAB,Get Me a Name,cc0afdee-6c9e-40c2-b329-b52478dbe76a
1999,1999-03-01,LaB LIFe,HOME * ROOM,db18c9ca-b0e8-374a-aec7-b724f5307ed9
1999,1999,Lab-4 vs. Nish,Mask Hysteria,884ffe34-2153-498d-8d25-3635d3cd2c15
1999,1999-06-21,Lac Terra,Paradise Connection,5acb2dc9-2824-47d8-b0cf-58a001485166
1999,1999-08,Lacarno & Burns,Departure / Nova,6e87cdf4-fb63-3514-bca4-6134a36e32ea
1999,1999,Lacarno & Burns,Off & On,10a0bbff-d5a8-38c9-81fd-1921d2f2cbd7
1999,1999,Lace,I Want a Man,e77a9ad9-c88e-33ee-a606-eed4cc617277
1999,1999-06-29,Lackluster,Bothersome (Mother mix),5a1403a5-2392-3864-9632-20bedb47c35d
1999,1999-04-06,Lacrimosa,Alleine zu zweit,0b1b0a3d-78ab-3c16-87ba-20a1e7ae281f
1999,1999-06-01,Lacy J. Dalton,Horse Comin’,b524fc04-b5c6-4c8b-ad4c-698f764bfd16
1999,1999-06-01,Lacy J. Dalton,Let ‘em Run,3189b8ac-854a-427f-9078-24fd8519b9cd
1999,1999-06-01,Lacy J. Dalton,Run Mustang Run,30226b76-c6be-492a-8b1d-59497a34a07e
1999,1999,Laddjah / F-Dy & Disiz,Ça crève l’œil / Laisse,c39c7b3e-602f-4e75-93c9-eb1cefcd5f04
1999,1999-01-30,Lady,L'eidei,5e4f667e-fcdf-4db5-a3f4-99287f779e2a
1999,1999,Lady Laistee,Sortir du lot / Black Mama,2649bdc0-9ce0-4625-acea-cecd3e25a286
1999,1999,Lady Plus feat. Discotexx,Got to Love Somebody '99,640a7033-f89f-37e3-a891-5bb0a93fa663
1999,1999-11-25,Lady Q / シスターK,ぐるぐるクロちゃん,4ffabf60-57d9-4726-9984-339da434f89a
1999,1999-10-12,Lady Violet,Inside to Outside,8e6cbb73-e6aa-3be2-8572-385cc4cd625a
1999,1999,Ladysmith Black Mambazo,Abezizwe,ceb60436-3882-4599-be54-15010c96ee4f
1999,1999,Ladysmith Black Mambazo,Once in a Blue Moon,86d6ae6e-db73-48d1-a3e4-7892fb9da5dd
1999,1999-03-27,Ladysmith Black Mambazo,Shosholoza 99,972315b6-2e90-48ac-9182-978781f9e78b
1999,1999-10-04,Ladysmith Black Mambazo feat. Des'ree,Ain’t No Sunshine,4dfd0ad0-1596-3cd7-900a-74b761888e40
1999,1999,Ladytron,He Took Her to a Movie,8f0ee301-2676-493c-8c3a-b89411ec7608
1999,1999-05-28,Lagna,瞬間ノ華・・・,dc82bb79-29ec-4922-9f7a-3539e482a521
1999,1999-11-02,Lagwagon,Feedbag of Truckstop Poetry,c5e3d5c6-eb46-3087-bd9f-f54b432d380a
1999,1999-08-23,LAID,'99.8.23 江坂 Boomin Hall配布テープ,099646b2-90b0-4704-ace2-85e1ca2618dd
1999,1999-03-10,LAID,Sky Monster -1st.wind-,706ee4f4-fc61-45c6-8488-90b268876094
1999,1999,Laid Back,Key to Life,80cb9200-5d4a-4aa6-8dc2-70edb7928552
1999,1999-03-13,Laissez Faire,縛りつけられた天使,50ef0bf0-45a2-4813-a114-2265244dc7a8
1999,1999,Lakademia,¿Aquí hay vocación?,99a78abb-9447-452b-b200-1d226d600168
1999,1999,Lali Puna,Snooze,1b19ba38-8b5a-3c38-be5a-14b2006a06f8
1999,1999,Lamar,Fly (The Lonely Shepherd),8de31a36-55a0-4580-ab5a-982df85428b9
1999,1999-01-04,Lamar,Shine (David's Song),bba8a82d-42f0-3535-9bd6-fbf4a15519db
1999,1999-05-01,Lamb,All in Your Hands,de590b1c-ca40-3668-873f-ede8e53dc4ac
1999,1999-03-22,Lamb,B Line,ea305688-1f49-3c5f-81fe-909e9b517844
1999,1999,Lamb,Les amants criminels,069c4cfc-ed00-426a-ae92-29dbe7e8e035
1999,1999,Lamb,Softly,4bd32d6c-54d8-300f-8aca-c746ec248198
1999,1999,Lambchop,La distancia desde ella hasta allí,c4216cde-6188-426d-8bae-fcc18ea92032
1999,1999-09,Lambchop / Dump,Dump / Lambchop,c090b1fa-6f9f-41e9-8ed0-c7e727e1835e
1999,1999,Lambda,Hold on Tight 2000,b52bb441-b648-37c8-9849-1b9be2a559b2
1999,1999,Lambda,New York (Vinyl 1),af2595e2-e6ce-4b45-bdf9-1dfde621d717
1999,1999-10-04,Lambretta,Absolutely Nothing,0d8966ed-50c8-39bd-8516-16200dae2b74
1999,1999-08-29,Lamiel,Naked Eye,97e307b0-8a25-3eee-bf2c-a5ee8fa59ab4
1999,1999,Lancelot,House of the Rising Sun,8f8c9228-54b6-4c21-9182-21a0f9d7581e
1999,1999-07-04,LANDSCAPE,beauty,544aa657-4610-4e57-bfd7-49cb4cd033d0
1999,1999-11-21,Landslide,Drum & Bossa / Buddah,4b0ec575-a78d-3d0c-837a-2f56c3db654f
1999,1999,Language Lab,Burning Disaster,3c1e0f46-94bc-4497-9e56-8fb46d01f11a
1999,1999,Lapdog,I Think About,576eb488-a7cd-4aa7-b43d-b517a5d1180f
1999,1999-09,Laptop,I'm So Happy You Failed,fec6d371-a287-3fe9-a622-ca8e48b94534
1999,1999-05-31,Laptop,Nothing to Declare,473ebf74-f76e-3597-b1fb-531ec41afeec
1999,1999-08-17,Laptop / Solex,Two Respectful Tickles of the Back of the Glorious Global Kneecap,3f901b13-151b-36fb-b7cc-a623d20a06bb
1999,1999-01-01,Laputa,Breath,e4b7b2bb-4938-440c-b728-1ec234be501c
1999,1999-03-17,Laputa,Chimes,9513a7a8-b9b7-451a-bed7-8ac9569eeab9
1999,1999-05-19,Laputa,Virgin cry,59c22e3a-92bc-4a3d-8f23-6531c4bc119e
1999,1999,Lara Fabian,Adagio,cbaec528-9889-4ccb-85c8-1fa9649554f8
1999,1999,Lara Fabian,La Différence,72167c90-e9eb-4fc1-832c-1bec24290bf1
1999,1999,Lara Fabian,Laisse-moi Rêver,5ea579e9-2b69-4901-92cb-91ff26166a19
1999,1999,Lara Fabian & Rick Allison,Évidemment,d6057dae-e9f1-4c71-842c-e17bf12d8e5b
1999,1999-08-25,LAREINE,Billet ～幼き夏の便箋～,c1a5fdfc-bfb0-3bef-ab8d-8d65cbc4f926
1999,1999-06-02,LAREINE,fiançailles,18cc096f-b34d-3a65-9f43-6cb832b76c03
1999,1999-12-15,LAREINE,冬東京,bb02c02c-b562-3389-b94f-402d0c1002ea
1999,1999,Large Professor & Neek the Exotic / Masta Ace,Rhyme Mania '99 / NY Confidential,d749ccb2-ed01-4d11-ac77-c13a07f485a1
1999,1999,Lark Echo,Wasted Days / Large Ego,fbe069f7-2c70-4f18-b507-4d9ae712bc2b
1999,1999-12-24,Larm†Madul'e,「呪縛葬劇」 ~九日目ノ貴女へ・・・,bca39053-d97e-4091-a971-0bc4b3b14f68
1999,1999-12-25,Larm†Madul'e,「呪縛葬劇」~九日目ノワタシへ・・・,ade23a32-b825-4c0a-a0fe-85511b8aca37
1999,1999,Lars Bremnes,Jon har fått sæ dame,0bdd9def-d4b3-4d33-811d-aa9d22edab62
1999,1999,Lars Lillo-Stenberg,Oslosangen,204cae58-3f53-4059-ba32-cd8cdc48183f
1999,1999-09-06,Lars Winnerbäck,Kom ihåg mig,f44d2e46-323f-317c-9e44-627c43753834
1999,1999-02-15,Lars Winnerbäck,Solen i ögonen,766a3d5b-9dc6-320d-a2cd-4bd9ddb2339a
1999,1999-10-25,Lars Winnerbäck,Söndag 13.3.99,dcd7fa1e-f94e-3ec2-a012-07dbd387c99f
1999,1999,LaRue,Waiting Room,318f4b0c-2354-463c-9ff4-c51453bb1c99
1999,1999,Larusso,Il suffira,bf93c5c2-b69e-44e8-8742-b73617a537b4
1999,1999,Larusso,On ne s'aimera plus jamais,dfeb7eb3-1fbd-426f-8e78-5f912f1cea47
1999,1999-02-24,Lastier,ALONE,e4087afb-c63a-4705-b711-1ab2ec9f714e
1999,1999-09-18,Lastier,Dive Into Shine,dd0dcc6c-5de6-458b-91d8-7af46c988a43
1999,1999,LaTanya,Keys,1fc1fbf5-442e-4d74-8fbe-8ce425fe9653
1999,1999,LaTchak,if this is love...,25f17f2f-0e59-3e0e-848c-3eb98ba35df6
1999,1999-10-06,Latin Lou & The Mambo Allstars,Mambo #5,d17974b8-0c0c-4abb-9715-c009d8abf41f
1999,1999-02-20,Laugh & Peace,ちょっときいてな,3381c4c9-66de-4dde-b3f8-76a0839557c9
1999,1999,Lauluyhtye Rajaton,Poika ja ilves,d3623ad9-8a3f-487e-aacf-7c4487568fcd
1999,1999-10-25,Laura,Immer wieder,269144b0-3ff0-36ec-a963-a996c1da5a15
1999,1999,Laura Branigan,Gloria '99 (The Remixes),59566c5d-511d-48f5-ac3a-3634dcbeafa1
1999,1999,Laura Branigan,Self Control (Remixes '99),a6499536-6835-4688-800a-09058e58f58b
1999,1999,Laura Pausini,In assenza di te,9667308e-fc14-403e-a7f2-a13fbe7512f7
1999,1999-10,Laurent Garnier,The Sound of the Big Babou,eae4193e-b131-3890-8b2e-78f953553f3c
1999,1999-11-29,Laurent Gerra,Ma cabane au fond du jardin,b6ab8c29-c1da-4dc2-97b8-8e812afb3d95
1999,1999,Laurie,Baby boum,66daa262-00ae-4283-a144-261cf55348e9
1999,1999-06-28,Lauryn Hill,Everything Is Everything,53c60249-9a50-3c9a-86cd-24e109156447
1999,1999-10-10,LAYBIAL,「love affair」,ec701bf6-2c65-4b60-9ae0-86f668b6099b
1999,1999-08-10,LAYBIAL,「Peinture」,558bb5f5-aef3-4223-900f-154f5ea37a0f
1999,1999-09-10,LAYBIAL,「visage」,e818724f-c229-4699-8b49-9e24da82f30a
1999,1999-07-26,Layo & Bushwacka!,Deep South,10d68a96-f8cb-334a-b5f3-7560fe3fa47f
1999,1999-09,Layo & Bushwacka!,Ear Candy,a447db14-795c-3017-8a95-d7286481a175
1999,1999,Layton & Stone,Feel It,36622237-ed88-4998-b71c-e0b9d84ffe09
1999,1999,Laïs,De Ballade van Boon,8bab592b-92aa-3386-ab0c-52e92cb34921
1999,1999-05-26,La’cryma Christi,Without you,483e139d-dda2-324b-b1f0-7b8484b485d6
1999,1999-08-25,La’cryma Christi,永遠,6be0b066-f020-3a20-a0e9-02b932677937
1999,1999-10-10,Le Grande Boofont,The Fresh Prince of Bell Hair,c95951f5-da9c-3add-924b-09071cdf3192
1999,1999,Le Hammond Inferno,Margret Evening Fashion,e9e047f8-a5bd-47a8-b36a-0ec192031546
1999,1999,Le Knight Club,Hysteria,99bb9f39-901b-3103-8356-6685e1e9e6ad
1999,1999-11-29,Le Tigre,Hot Topic,f777ac0f-9778-3687-96c8-40b86fa267b4
1999,1999,Lea Weizman & Gary Lux,Just As Family,8a9a050e-5850-488e-a88a-c9524ffbcc41
1999,1999,Leandro,Girl,95ea840d-35f9-4a89-80e4-18ce458a19ac
1999,1999-09-28,LeAnn Rimes,BIG Deal / Leaving's Not Leaving,2a0cb021-07e5-490f-bed2-2a4b0f15e3f6
1999,1999-07-06,Lectroluv,Dream Drums,05ec5639-5495-3225-9bcf-9074195313e2
1999,1999-08-07,Lee Ann Womack,(Now You See Me) Now You Don’t,e7940e58-b78a-43a1-9084-26fe09ffc66b
1999,1999,Lee Coombs,Action Jackson,9960c150-1ca8-4507-9fc1-7dd25e4e4e9c
1999,1999,Lee Coombs,Future Sound of Retro,8d36cc6b-71ae-487d-b4ef-6ff1a6428297
1999,1999,Lee R,Tarzan Boy,83f8d033-6d3f-4349-ae76-3a96033f6f5c
1999,1999-07,Lee Roy Parnell,She Won’t Be Lonely Long / Long Way to Fall,14d3f882-836c-3c02-9833-928ca82aee77
1999,1999,Lee Towers,It Turns Me Inside Out / Back Home Again,70ea0f6f-059a-451b-8e80-b03e1ada2d3e
1999,1999,Lee Towers,Take Me Home Country Roads / Detroit City,bd41d9f1-af7e-4fba-9b04-fe633463b8f3
1999,1999,Lee Towers,The Devil Went Down to Georgia / Detroit City,ef783f2d-99a3-44d7-adc5-553693e03c9d
1999,1999,Leevi and the Leavings,Kaikki tai ei mitään / Sininen koira,a7bb32c9-d42e-4205-934f-32c185d7f58c
1999,1999,Leevi and the Leavings,Sika joka osasi lentää siivillään / Enkelinhöyheniä ikkunalaudalla,b26e73d5-52bb-4e5f-ae84-4d59c90cf85d
1999,1999,Legend,Madly...,b38d8c21-4e36-4ba7-b948-e0bc36f2dd0a
1999,1999-03-14,Legend,縄ノ罪,ec2416f6-3ae3-4a06-8f9e-48b114430b29
1999,1999,Legend B,Sexuality,521a6eb3-500a-4a32-a6d4-d68db2fd1018
1999,1999,Legion,Enthrone the Night,4adcc194-7176-451d-ba2d-4685b4ee4dcc
1999,1999,Lego,El ritmo de verdad (remixes),0b69daa4-7b7a-4b89-afe5-48b32d5d0a49
1999,1999-04-01,Legolgel,Lose Heart,20b10efc-813c-3500-8d54-404cd35cfbaa
1999,1999-06-02,LEGOLGEL,未来,c77b1029-c416-41c5-a911-93b574577bdb
1999,1999,Lehner & Biebl,Sunshine,10e216a8-5cc8-419c-8233-ac0921f52901
1999,1999,Lehtivihreät,Pakko kai myöntää,67f438c8-5621-4769-ac00-e6ab3010483c
1999,1999,Leigh Brooks,The Ceremony,5c27f100-9d07-47ea-967b-e1bd51a52b17
1999,1999-09-06,Leila,Soda Stream,83b8f9cc-9a0f-3589-a0d7-9030738238db
1999,1999-05-31,Leilani,Do You Want Me?,ad2d9444-3087-3171-85ec-187a94964e4d
1999,1999-01-25,Leilani,Madness Thing,91c8c773-182f-351e-a5a2-f82da179f3c3
1999,1999-04-23,LEMON-GLASS,GOODBY NOSTRADAMUS,2c79d5c9-6b1b-4cef-847c-fb7c2f018f01
1999,1999,Lemon8,"Classic Series, Volume 1",1a3ca364-eadf-47d1-943c-71f44b6d2557
1999,1999,Lemonbabies,Carry on,6b672650-0757-44cd-a237-61d5334aa541
1999,1999-03-15,Lemongrass,Comme Toujours,638cff7f-37e1-3460-b8bd-f3342e2e7d36
1999,1999-12-01,Lemongrass,Falling Star,626b6fe8-c847-3fac-9748-388840ef5823
1999,1999,LEN,Feelin' Alright,af7ee36c-81be-4aa5-992a-535aa3d3b3b6
1999,1999-07-22,LEN,Steal My Sunshine,f862b7fb-a48c-3b6a-8f94-163b00a4c37a
1999,1999-04-02,Lena Ka,Tous les cris les S.O.S.,3b893c1f-044f-446b-af2e-09bfe97caaa8
1999,1999,Lena Ka,À la folie,eca3f541-3a7c-4840-b9b2-0ee99cdfa76d
1999,1999-06-28,Lene Marlin,Sitting Down Here,572f4621-341d-3105-8714-b0fa46a622ab
1999,1999,Lene Marlin,Where I'm Headed,1b534627-1744-3645-a5a1-0fcb34a02ba3
1999,1999-04-03,Lennie De Ice,We Are I.E.,8227be41-4c5c-3477-b6f9-debff67f5c03
1999,1999,Lenny,Alles wird gut / Rechnungstrack,7305c09d-b391-463d-b2c6-d9946ec29da0
1999,1999,Lenny & Johnson,Dinner With Gershwin,ae790765-f115-4447-a7a2-021374fec27b
1999,1999,Lenny Fontana Pres. Black Sun,Stompin In America,8ed3be42-99b7-40e3-8046-892efb57df52
1999,1999,Lenny Kravitz,American Woman,6e62e307-1547-3af1-a886-761d16ae3e84
1999,1999,Lenny Kravitz,American Woman / Straight Cold Player,2188da63-e380-4e09-be17-0c5483e8c543
1999,1999-11-22,Lenny Kravitz,Black Velveteen,b4d0b8cf-ebf5-350d-a3f4-775a402a2565
1999,1999,Leon,Mayday Mayday,7ac21189-7af5-48e6-8353-d064588a945c
1999,1999,Leonard,Tanz Nicht Allein,5ac3bae9-e9ee-4dca-b295-1733be5a5789
1999,1999-07,Les Colocs,Pissiômoins,68305b44-8898-48ac-9d4e-b987e1cf64e0
1999,1999,Les Innocents,Le Cygne,1a787159-d957-47e0-8cad-723562f019f8
1999,1999,Les Nubians,Makeda,42e2b1cb-69c9-48a5-b633-33e8e72f9c59
1999,1999,Les Nubians,Tabou,3b17305c-35a3-40f5-be72-b39a39cff5c2
1999,1999,Les Nubians,Tabou / Makeda,a76cec1c-48fa-327e-94a0-da02a25c5442
1999,1999,Les Négresses Vertes + Howie B,Easy Girls,e7605ad5-fd8a-4a9a-bb6b-8560f1849642
1999,1999-09-28,Les Respectables,L’Argent fait le bonheur (version radio),1b2d43d9-6088-4a80-9106-8584ece7990f
1999,1999,Les Rythmes Digitales,Darkdancer,bd04d625-8645-3aed-b6fd-1175d531ca30
1999,1999-07-26,Les Rythmes Digitales feat. Nik Kershaw,Sometimes,35f8a178-9377-3cec-ae1e-6af0ca9f6ef5
1999,1999,Les Trois Points,Untitled,5811c5cc-f452-4a75-87a3-24165242f025
1999,1999,Les Très Bien Ensemble,Je veux être un symbol sexuel,bbe4a99e-305a-484f-b84b-020524d98ed5
1999,1999,Les Zazous,Aphrodisiac,045a3f8a-4a8e-430a-8d36-da45fe9d8dc4
1999,1999,Les Zazous,This Town,2777b9f0-93a0-48e5-82a3-5f5e96bf9a3d
1999,1999,Lesiëm,Fundamentum,60840d2c-03be-3ae3-bfcd-f13d32637d13
1999,1999,Less Than Jake / Megadeth,All My Best Friends Are Metalheads / The Disintegrators,11db9f60-6a35-4241-94ab-189d8c6c5917
1999,1999,Letters to Cleo,I Want You To Want Me,01bdaae3-03a3-4082-bf36-bcc9f146938e
1999,1999-02-07,Lexicon,Don’t Give the Love,9f5490dd-d080-3378-bfce-244f97cbf9f8
1999,1999-07,Lexicon,Why Don’t You?,f15c0f80-b843-32d2-9aaa-9de82f30c6aa
1999,1999,Lexis,Diva / Illusion,3574314a-2771-4942-92a3-69520e7167e1
1999,1999,Lexy,Do You Like Disco,3b078777-dd88-4377-b4da-8526db6479dc
1999,1999-10-25,Lexy & K‐Paul,The Greatest DJ,b025af51-54ec-3e24-8be4-4c0c7e66e6cf
1999,1999,LFO,Girl On TV,9968f794-dfdf-352a-a861-826daee59b92
1999,1999,LG's feat. JT Money & Chyna,Don’t Want None,41506c2f-b2d2-4aa7-9824-50b21b1c5e70
1999,1999,Li'sha,That's Why I'm Here,15335402-a16f-49f9-bdd2-045901ddef0a
1999,1999,Lia De Bahia,Amore (Love),83957554-af33-48ed-887e-971b63015b9a
1999,1999,Liberty 37,Revolution,700f17a9-9f2a-46f5-9e09-b2416e415a2e
1999,1999,Libido in a bottle,Smile,66da39e9-9cfd-4e33-be50-8c3437e232ec
1999,1999,Libro featuring Momoe Shimano a.k.a. MOÉT,対話,8939bbc8-05ed-49e9-80e2-33e5ae1c50fd
1999,1999,Liesbeth List,Heb het leven lief,2ecf850e-a0e0-4d44-a20f-bf1136318231
1999,1999,Life on Mars,Life in Minds,0ef5ff7b-8511-4bd6-909e-ee25a700bbd7
1999,1999-11-29,Life Spent Chained,1,b486238a-08f5-4deb-9aa1-275994521f4b
1999,1999,Lifestyle People,No Music,520ceb62-7d30-3f71-bfdd-7be9e2e93e37
1999,1999-09-04,Ligabue,Una vita da mediano,2ae793b9-1164-4bc0-b67d-da99b532f137
1999,1999,LigaJovaPelù,Il mio nome è mai più,590634b3-d99a-3f76-98c9-763e434fd9d3
1999,1999-09-27,Lightforce,Eternity,5755b83b-3830-39ec-b9a2-b641bb9085e9
1999,1999,Lightforce,Take Your Time (The Riddle ’99),abc977c6-4a3f-37b1-92ac-f21e67cb6b8d
1999,1999-12-13,Lightning Head,Me & Me Princess,1f8b1fc0-40cd-39a3-8fc5-c23aeacfdb8c
1999,1999,Lights,Every Single Day,39e985f7-477e-4942-a1fe-ee271d7d59a1
1999,1999,Liikkuvat Lapset,Helppo hymy / Sinä löit minua,2a2d1c59-0e85-49de-995d-366cf0b18164
1999,1999-08-11,Like Uncolored Velvet,明日にとどけ,a2438c6b-99f9-4b9e-a31f-ef58019dca66
1999,1999-05-08,Like Uncolored Velvet,空へ,a940f919-46c0-438b-8f28-b09d206a0b99
1999,1999-11-09,Lil' Suzy,You're the Only One,f621e808-f07b-344a-a440-45983d038614
1999,1999,Lila McCann,With You,2ee9ddd1-ecef-3d95-ac42-3e772fbf741d
1999,1999-08-19,Lilac Bells,apply for,4c6a77d1-3ab3-46f6-8ac6-ad8daef6852d
1999,1999,"Lil’ Troy featuring Big T, Yungstar, Fat Pat, Hawk & Lil’ Will",Wanna Be a Baller,e98dac81-5aea-45ad-9cf2-ee879a9ff674
1999,1999,Limited Growth,Prisoners of Ectasy,7501ae71-718b-49d5-8864-2593dcc5caad
1999,1999-11-09,Limp Bizkit,N 2 Gether Now,4b835b13-9765-4ecd-9118-76ac53151939
1999,1999-11-22,Limp Bizkit,Nookie,a2f92c44-ec4b-4580-9e20-d703fce9b573
1999,1999-10-12,Limp Bizkit,Re-Arranged,577549c5-b205-30a6-b0e1-62e16dc72b1b
1999,1999,Linda Eder,Never Dance / Something to Believe In,6993ea2c-7b1e-4674-b80a-ac174ea90e5e
1999,1999,Linda Feller,"Du weißt, was Frauen lieben",d172142d-f5e6-4356-be69-3e65d6e602ec
1999,1999-08-02,Linda Feller,Nadelstreifenmann,058bff23-42f7-4e74-b6dc-293536f61e61
1999,1999-10-21,LINDBERG,願いがかなうように,40cdaecf-1a2b-478e-b1ec-ac5bec6f8324
1999,1999,Lino,Troubleshooting,f83b9a0e-7c04-40b1-a093-d92cec603cbe
1999,1999,Lion of Judah,Emperor Selassie '99 / Revolution,c204d711-6c9d-46db-b31f-82485b11e546
1999,1999-10-11,Liquid Child,Diving Faces,4a1486a3-fffd-3173-93ec-4378dc3cd600
1999,1999,Liquid Love,Sweet Harmony,5f741ca0-0290-419d-b9bc-70677749db0e
1999,1999,Liquid Sun,The Beginning (A New Hope),b2993efb-2fa9-4c09-af69-c50d8fd21dad
1999,1999-09,Liquido,Clicklesley,4defa791-5b4a-3caa-8c0f-a1823e684f19
1999,1999-03,Liquido,Doubledecker,19f913f4-3dcd-3317-9e0c-4e41daac6884
1999,1999,Lisa Del Bo,Zeldzaam gevoel / To Know Him Is to Love Him,2920311c-7483-40ae-8fdb-080308ed6ae2
1999,1999,Lisa Frazier,Heart of Gold,6ae2f035-70d7-444f-a7cf-9ce22b330d4d
1999,1999,Lisa Pin-Up,Future Acid House,f2941b00-0f04-4301-a468-36f51545db1b
1999,1999-06-14,Lit,My Own Worst Enemy,8dd00d0b-9f38-3dff-b577-0280da3390a7
1999,1999-09-13,Lit,Zip-Lock,3bff8008-c39b-3875-a497-b824999c26b6
1999,1999,Lith De Lanka,Dreamoz,d29c5a84-b4ac-4e41-8346-5e42cacaa226
1999,1999,Little Mermaid,Little Mermaid,db91904c-560e-41ce-a496-9946e07811ee
1999,1999,Little Mothers,Moody,c55fed07-2307-3135-8455-6b77293eec81
1999,1999,Little Mothers,Yes!,81c6b309-f563-3c27-a6e5-00df56f32b0d
1999,1999,Little Steven,Salvation,e3d9254f-5eea-4394-a19b-edec04345de6
1999,1999-04-21,Little Tempo,usual things,11bfef0d-b4b7-4246-969e-1c9749a588f0
1999,1999,Liv Kristine,One Love,2e85de15-b6eb-3648-89e3-e08b182a4abe
1999,1999,Live Element,All Your Lovin',3621539f-a267-3977-8890-e47d5faf9028
1999,1999-03-22,Liz Horsman,Heavy High,5cf0ae77-119b-3ea7-af44-cbb4ff4babc3
1999,1999-10-18,LL Cool J,Deepest Bluest (Shark’s Fin),7a166aea-ddc7-3c3b-94e9-66ab65c1451b
1999,1999-01-25,Llama Farmers,Big Wheels,fa8220aa-8231-3cf6-9f20-6b8c624ca003
1999,1999-05-03,Llama Farmers,Get the Keys and Go,6c05cb1e-4a80-3e77-a91c-dd86f418db83
1999,1999-08-09,Llama Farmers,Yellow,fe4b9a0b-a5a3-32a2-85ef-bb73e122e521
1999,1999,Lloerdy,Deep Horizon,078df090-fa0e-45b4-9164-77cd6c5e4ec0
1999,1999,Lloyd Parks,Mafia,be154225-d805-4e38-8b02-f986b142e6e4
1999,1999-06-14,Lochi,Element / Colonel Mustard Rocks the Custard,b180cd34-4106-3b14-966c-6fecf1aff19a
1999,1999,Lock Up,Terminator-X / This Is Real,49d259cf-0cd4-4054-9737-37a33c80403d
1999,1999,Lock ’n Load,Blow Ya Mind,4f0435dc-e846-3d26-a4c9-3e74412fad48
1999,1999,Locus,Don't Give Up The Remixes,42bc41af-c11a-4346-bc5f-8569be0e3cd9
1999,1999,Loewenherz,Bis in die Ewigkeit,5e888742-f9e1-4f71-a817-a909860d01dc
1999,1999,Lofofora & Kabal,La Bête / Grand et fort,589ec780-02a8-4069-b4f3-1d6cdf61253e
1999,1999,Logan 5,Time Of Renewal,a02a26dc-01b1-466b-97f7-fe98c2791212
1999,1999,LOK,Ensam Gud,bf8999a9-ccde-3bfd-a0fb-0f7219387a76
1999,1999,LOK,Skrubbsår,53ba7fb5-38fd-3095-8d36-ee1de8b5de64
1999,1999,Lola,One Day,318489ab-bbba-40c0-a89b-6ffd8e634b11
1999,1999-07-26,Lolita Storm,Goodbye America / Get Back (I'm Evil),dafd7530-f7ce-37f7-bba0-8ce36f6c756e
1999,1999,Lollies,"Voll Daneben (Hölle, Hölle, Hölle - Part II)",9de44342-87de-4427-b0e4-4ef4b2e0edf1
1999,1999,Lolly,Big Boys Don't Cry,4c239616-f268-3c48-a15b-3a113c1d4721
1999,1999,Lolly,Mickey,51aaecf0-d127-49eb-a7af-411ab52c4250
1999,1999,Lolly,Mickey – The Mixes,503467df-2b48-42ba-badb-5dca4ad626aa
1999,1999,Lolly,Viva La Radio,99566a66-29ad-4c46-869b-c8ca9d68b050
1999,1999-10-18,London Elektricity,Rewind (acoustic edit) / Dub You Believe,52575898-a997-3271-865b-d1ba8f9738c9
1999,1999-10-01,London Elektricity,Rewind / Rewound,1a1da954-ed6e-32a4-ac9c-bcace5861d1b
1999,1999-04-05,London Elektricity,Song in the Key of Knife (Off My Feet remix),ab99ae03-efd4-3762-aeb2-099f370ec3fd
1999,1999,London Fiesta,La La (Ritmo Latino),18006290-9e63-44bf-826f-06c50a42ecf1
1999,1999-05-17,Lonestar,Amazed,c47cbaad-1ce0-326e-8be5-81fea352bd63
1999,1999,Long Beach Dub Allstars,Trailer Ras/Kick Down,5e6732ba-5519-496d-84e6-103160a47029
1999,1999-09-27,Longpigs,Blue Skies,d436b8d3-3b5c-3b62-a03a-0fef3ba5a279
1999,1999-12-06,Longpigs,The Frank Sonata,dad77a8c-e7f7-3b52-9b36-3ee8bcc826d1
1999,1999,Lonnie Gordon,Everybody's Talking,ffe80d89-069a-3493-b24e-0bf36d40cf8b
1999,1999-04-19,Loona,Donde Vas,b2666d68-2dab-3c8c-8273-c62f94805681
1999,1999,Loona,Mamboleo,7d620b80-45ab-3659-a599-f3df767b5d2a
1999,1999-02-16,Loop,in search of future/Plastic monkey,f437ca72-66da-40ca-9257-f7035fb10f00
1999,1999-09,Loop Control,Exceptionally Beautiful / Reflections,209aadea-bdb1-4b42-8f58-d51fc794b688
1999,1999-02-08,Loop Da Loop,Hazel,7899577c-828b-308a-8646-d199f3c3482e
1999,1999-10-14,LOOP THE LOOP,Jump & Drive,cd763cb4-2a1e-3e90-8c8a-4d25c9bc126c
1999,1999-02-22,Looper,Ballad of Ray Suzuki,685e3c25-dae1-3482-857f-dcf3cffc5ab9
1999,1999-10-18,Looper,Who’s Afraid of Y2K?,bc1d4aba-f051-3e39-b6a4-e14e7cb6e29e
1999,1999,Loose Lips,Two Time Loser,b0d75bc3-4330-484d-9bca-b846eecf417c
1999,1999,Lootpack,The Anthem (Madlib Remix),78305d23-b014-46e6-b3c4-0d47f4b58e98
1999,1999-06,Lords of Acid,Am I Sexy..?,2d8e841b-4cb9-3e4c-aead-e5b299ae61d2
1999,1999,Lords of Acid,Lover / Let's Get High,110d870f-cda1-3e90-97c4-bac2d276d682
1999,1999,Lorenzo Iannotti,Ti Amo,56fd5223-a330-4ef2-bb06-6a01412a236e
1999,1999,Los Del Rio,Baila Baila,fe028170-ea7e-4d92-b96c-323b2934b623
1999,1999,Los Enemigos,Ná de ná,7ddd28f8-ce83-369e-bd06-609eab52c0a4
1999,1999,Los Estrambóticos,El cuchillo,e7d67bb7-bebd-40c5-af79-8919a09a774b
1999,1999,Los Jacopablos,Viikonottilaulaja / Kes toob sulle suvelilled,432c439d-44ef-4686-b9df-ab298f86a01a
1999,1999,LoSoul feat. Malte,Lies (Watch Your Lift),db44da21-536d-30c7-856a-c5163a3e0f48
1999,1999-08-30,Lost Tribe,Gamemaster,34f6de50-ee6c-3282-9854-8351da3602d7
1999,1999,Lost Tymezz,Everyday,84621b31-4c80-3057-903b-976e75e49e73
1999,1999-05-17,Lost Witness,Happiness Happening,47ea5f44-dc73-3ece-8df0-40bcb65d0411
1999,1999-09-06,Lost Witness,Red Sun Rising,2b13abdc-bf14-37a1-b90b-df667dd70f8b
1999,1999,Lost Witness,Red Sun Rising / Happiness Happening,7efcaf09-67cd-31c1-9cb9-825bea969841
1999,1999,Lost ’n’ Alive,Everything I Play,aa2b56c4-5fad-3c5d-8947-4917d0a47810
1999,1999-12-07,LOU,Beyond the Fourth Wall,8c7c64f0-32ef-4cb0-ab5a-5ffe69ff9a3a
1999,1999-08-30,Lou Bega,I Got a Girl,f34eabe8-1b15-3f62-8cef-dd21feddd507
1999,1999-04-19,Lou Bega,Mambo No. 5 (A Little Bit Of…),bc5a25c9-f30e-3c44-8719-be974e17e5b4
1999,1999,Lou Bega,"Tricky, Tricky",30c16233-a7bc-44a1-b198-08e53fe691da
1999,1999,Loubna,Dans Ces Moments-Là (Oumi),53c9f540-ce27-400a-b1e2-11acf1247d85
1999,1999,Louie Culture & Anthony Selassie,Ya Hoo,376afd15-1ed2-49c4-922e-9c3c706ead00
1999,1999-06-25,love bites,FLOW,3c775aae-4775-470e-ac2d-f694b2582b9d
1999,1999,love bites,ROSIER/PSYCHO LOVE,635889aa-64d6-487e-8044-582f3eb21e8c
1999,1999-04-10,love bites,キセキのチャンネル,9526ea8c-2425-43b9-b2d1-cdff6dcc2975
1999,1999-02-05,love bites,爆走太陽,dd748680-c5c7-44d3-9225-7df268d0efbe
1999,1999,Love Generator,Love Generator,e0df1b7d-374f-4f7e-b36d-287573947a20
1999,1999,Love Rock,Strawberry Rush,0d3f7f71-8f5c-4f59-9395-71e22200f944
1999,1999,Love to Infinity vs. Loleatta Holloway,No Apology,6b9ac573-e4ba-46f9-9e53-d77eaa926e02
1999,1999-11-13,Lovebugs,Under My Skin,549c16c4-b110-38bb-bc62-fcc669ad2bed
1999,1999,Lovechild,Gloria,7318fe99-3d09-4f20-8166-f61ada215345
1999,1999-03-28,Lovechild,Liberta,2e16dbb2-9fbf-3044-9a13-e128ea9712e4
1999,1999-02,Lovecore,Swingerklub,9e4a9487-a9f8-374b-9f24-6c8d8b9175e6
1999,1999,Lovejoy,Fly in the Sky,8c6ffeec-c13a-4ae1-808d-67492a06ca6e
1999,1999,Lovestern Galaktika Project & Le Petit Sam,Lovestern Galaktika,a48d0e17-9db2-318a-8540-7dec557a7abc
1999,1999,Lovetronic,You Are Love,609335a0-5e0f-3070-a617-a23c36fe394f
1999,1999,Loving Loop,Can't Get Enough 1999,5609b873-8b18-4a6a-bac8-38d7a55181f8
1999,1999,Loving Loop,Something Wonderful (Remixes),2fda7ade-673b-469f-913c-4cf1f3365a80
1999,1999,Loving Loop,Theme From Top Gun,9b5661c4-ed56-4e2b-9c15-0769b24ef3c9
1999,1999,Loving Loop,Wake Up Eternity,8914b5f9-007f-4c3e-b50d-113aae1f3d45
1999,1999,Lower Class Brats,Glam Bastard,ac2cbfb5-ad96-4f8a-97cb-a61cd8993769
1999,1999,Loïs Andréa,Duo,19455437-6239-4c5c-abfd-37aa1c1535fb
1999,1999,Loïs Andréa,Vivre,93ae2fe9-7e40-4d20-a016-ba849710593b
1999,1999,Loïs Lane,Everytime I Hear Your Name,967735d4-8b6a-37e8-b767-effb927d0008
1999,1999,LTD. Limited,Save The World (Action Man),98275ec4-4180-41cf-b25e-d417190f910c
1999,1999-10,Lu & Jii Hoo,Shelter,68a20ed9-96c2-3d4c-8248-6ba07882a580
1999,1999-08-25,Luca Turilli,The Ancient Forest of Elves,d701cb25-ca28-32cc-96fc-94c9e3e1d371
1999,1999,Luciano Pavarotti & Lionel Richie,Magic of Love,403364da-832e-40f4-91d2-4f0268109b5b
1999,1999,Luciano Pavarotti & The Cranberries,Ave Maria,bc4c3278-f045-4d85-84ce-3ecf9ffbc629
1999,1999-02-15,Lucid,Crazy,2ad17b00-6c53-3c8a-9295-c526fe952055
1999,1999-10-04,Lucid,Stay With Me Till Dawn,5d9054ce-7ccd-3385-86a3-1fd210dad99b
1999,1999,Lucid3,Curious,ab75b8bc-3394-4ccb-8493-eaced7dc6c12
1999,1999-08-04,Lucio Dalla,Ciao,af698828-a0bc-3939-bfc9-63abfcc3085a
1999,1999-12-24,Luinspear,White kiss,a0f3a28e-2446-3134-bb4b-cebdf23a274c
1999,1999,Luis Emilio Batallán,El camino de las estrellas,ff5afb2e-d072-404e-86a5-8a616cc43f6b
1999,1999,Luiza,Gotta Get Up,6ed259c1-99f6-4047-befb-e500b8c18cef
1999,1999-05-04,Lukan,Standing With the Gun,f513140b-4860-41b0-9162-af12a0d0c65f
1999,1999,Luke Eargoggle & Rutherford,Mama Loves Me / Lonewolf,0f4c5bb3-62d7-410f-914c-d6ec8fad929c
1999,1999-09-13,Luke Slater,All Exhale,7590d61a-0359-3c83-bb36-0417838f3cf7
1999,1999,Lullaby for the Working Class,"The Ebb & Flow, The Come & Go, The To & Fro",b43cb74d-c6b8-4033-8761-ecb569a37d39
1999,1999,Lullacry,Alone,b8e5e84d-2833-4d07-9cf8-cb2e908c423d
1999,1999-12-27,Lulu,Better Get Ready,b7c16df6-25b9-3132-95a2-f7af69b9fe55
1999,1999-05-28,Lumi/Ere,乱花死狂,f9795aa2-5591-4ad6-adad-4ebe8e4cf40d
1999,1999,Luna,Dear Diary,c97c8af7-603f-47b3-9c93-2ccb356ff800
1999,1999,Luna,Dear Paulina,8084aa25-0a21-3880-b1c2-84b3398ed023
1999,1999,Luna,Rain,b3ba8627-af54-48c7-ac52-3befb503fc3b
1999,1999,Luna,Superfreaky Memories,e2a21a21-54d0-4950-b3d9-c1a4ab88677f
1999,1999,Lunascape,Your Shadow,74cde90a-bd1a-3bea-96e6-1d1c7fe83c82
1999,1999,Lunatic,B.O (Banlieue Ouest),cdca4f06-c23b-4ba0-af75-8e0ed1072480
1999,1999,Lunatic,Civilisé,d2e71119-ed99-4632-ac7a-f3e3e27dad92
1999,1999-05-19,Lunatic House Sounds,The Day,8772cd6d-7db4-39bc-9424-aff5a3d80a21
1999,1999,Lung Leg,Maid to Minx,3bde22ec-f4a2-47de-b727-1c85733f8b66
1999,1999,Lupine Howl,Vaporizer,8201eb20-e451-3b3b-aafd-b94943cca069
1999,1999-06-21,Luscious Jackson,Ladyfingers,1c81f290-cef3-3bc4-bd9e-07f94974170c
1999,1999,Lustans Lakejer,Här & nu,1e88c00e-4422-460c-8cc9-f7847ce8b041
1999,1999,Lustans Lakejer,Vackra djur gör fula saker,b623e3ec-18a7-4c12-8396-f0216f0fb01b
1999,1999,Lustral,Everytime,6d5fbee4-ab97-4f9f-b88d-912a67875104
1999,1999,Lutricia McNeal,365 Days,7b1d00a3-dfe2-498c-bbcd-42bd883459cb
1999,1999-10-06,LUV and SOUL,Cymbals,7c0f2734-842a-4c51-89d4-9818442cde76
1999,1999-03-25,LUV'ra-Doll,Exist a Reason,a8ffb556-244c-46cc-a444-4adc11285fc8
1999,1999-06-03,Luxus Leverpostei,Dagdrøm,d6caa282-4c1c-40ef-85e3-f30fa9708238
1999,1999,Luz Mala,Herida Mortal,625af5a8-242c-4fbb-80dc-d96a7f3c2b51
1999,1999-06-02,LU⊃A,BREEZE,3b4fbf3a-c1c1-48ca-8e29-7baf2076896f
1999,1999-07-23,LU⊃A,edge,7597d312-3e20-47d9-a5e0-451dd04bf35b
1999,1999-03-10,LU⊃A,PLAY TO RISK,9cf5f28b-cbfd-45f3-8dff-94a5047fa849
1999,1999,Lyrical Giants,Trick Busta!,2bec5566-616d-43bc-bce2-ad76efcbde8c
1999,1999,Lyrice,a La carte ~白の味覚~,3c139a62-d806-4f22-b527-20399df28d6f
1999,1999,Lyte Funkie Ones,Summer Girls,616ccc58-d044-39c0-99a1-196cb738cc28
1999,1999,Lââm,Assez !,e4b68c96-0f82-4346-b2e8-3cd45427f717
1999,1999,Lââm,Jamais loin de toi,dd95c5d9-f2c3-4f6e-ab34-6db6b1403d6b
1999,1999,Lââm,Les Enfants de l'an 2000,0c0314d7-c469-4101-9430-40d7c056ff41
1999,1999,Lââm,Massaï,1a267bc3-3d1f-4c41-8e9b-9c0e32847417
1999,1999,Lïve,1999 Friends of Live Holiday Gift,de41f2a0-21f4-41c4-ab19-f7d94355df86
1999,1999,Lïve,The Dolphin’s Cry,4416df3a-9f78-4a3d-893a-d219e999e13f
1999,1999-09-22,Lùnapop,50 Special,792390e8-08c2-4442-a4a5-0c8f97e11d4d
1999,1999,Lùnapop,Un giorno migliore,19afb5c8-7660-492a-9625-c8a99246f2f0
1999,1999-08-11,L’Arc〜en〜Ciel,Driver’s High,fe53932f-e398-30d5-8eb9-1aa593b2e985
1999,1999-04-21,L’Arc〜en〜Ciel,HEAVEN’S DRIVE,bc141fb1-d114-34a5-861d-04754bf5e531
1999,1999-10-27,L’Arc〜en〜Ciel,LOVE FLIES,03113a7b-dc77-3202-837b-9519d44af959
1999,1999-06-02,L’Arc〜en〜Ciel,Pieces,d80805c1-8c17-3c04-91aa-2b6d0eef54d9
1999,1999-02-10,L’luvia,LOVE TRAIN,2d5f8bba-0efa-4e1c-864a-1ce1d935b960
1999,1999-06-02,L’luvia,So Far Away,1c04aee1-e909-412e-a954-da820f1de3eb
1999,1999-12-01,L’luvia,愛の法律,fe5dd051-3cd2-4cd6-a5ce-5c2def1ab4cd
1999,1999,M Cee T. feat. MÄC Doof,Ihre Bestellung bitte,77ecf656-3e78-4f3a-922f-c765df4b854d
1999,1999-02-01,M People,Dreaming,574f9488-9e23-32d8-b6c6-541b11197275
1999,1999,M People,Testify (Remixes),559a6e4a-1302-4fc0-bfd5-0d0b993db04c
1999,1999,M&G și B.U.G. Mafia,...Așa Ne Place,44b0c1d5-28c5-4f88-a075-26a9a0b1cb44
1999,1999-03-08,M&S feat. Jay Ella Ruth,Keep On,4c4711b8-c7c6-4c9f-8b65-eeddb0993aaa
1999,1999-03-25,m's q's,STRAWBERRY TIME,4ea2fdf9-d266-44f2-9b66-7b4e228a764b
1999,1999-11-10,m-flo,Mirrorball Satellite 2012 (sratm remix) / too much sense (DJ Alamo Remix),5815a633-c6d7-43e4-a997-d1e4e4811b02
1999,1999,M. Arfmann,Home Stranger,8a83591d-ec57-385d-a3c6-e1a05a2a0eb5
1999,1999-12-13,M. Arfmann,Home Stranger / Hamburg Highschool,828e6f94-38cc-358d-9a8f-e896aa4b14bc
1999,1999-02-26,M. Mayer,17&4,3f0a564b-3130-3846-b8ce-f67c851f6c63
1999,1999-02,M. Mayer,Twin Peaks / Frost,c8de9964-7f23-345f-a197-17ac2a6431c5
1999,1999,M.A.S. Collective,Joy,1f32abb1-2f31-3a9f-94cd-dd75a45ff63a
1999,1999-03-08,M.A.T.T,Confrontation / Energy Vortex,5e117493-e3c4-37e0-b4c3-94dd8fb4a0d9
1999,1999,M.A.T.T,Sonic Energy / Interrogation,e296b76c-f6b4-4a03-ae96-6e505ea20ddf
1999,1999-02-27,M.C.R,Love For Ever -君を守るために-,9d7e69c9-be22-41c0-992c-ad44237722d6
1999,1999,M.C.V.,The Superlover Of The Future (You Can Take Me...) (Part One),d2425e90-a2d0-4882-82ed-7584f8971d1b
1999,1999,M.F.A. / Vinyl Countdown,Blue to Be Happy / Moral Sculpture,d19a027e-b675-4f80-8efb-a9540f1f4416
1999,1999,M.I.A,Mississippi Mutants / Schoolcraft Bump,291e773d-8134-3805-b4cf-0dd459394870
1999,1999,M.I.K.E.,Futurism,455b3ba7-62f3-49a6-a250-8596b8f128b1
1999,1999,M.L.B. Project,Watch It!,0e614078-1657-4ef1-84d8-cfa0dc43d434
1999,1999-05-08,M.R.K.R.,Mind my Mind 1999,998ffd6f-aa04-4d06-b07e-b484c2d23678
1999,1999,M.T.J. featuring Jade,Life,64b761f4-4912-4bb2-955f-76ce9d18de0f
1999,1999,M.U.T.E. Presents Dedicato,Dedicato,15a1830e-3196-4a44-8931-f6e93e1a0a97
1999,1999-10-26,M2M,Don’t Say You Love Me,d7e6c4c3-85c5-3d56-9d15-8830a551aee6
1999,1999-10-18,M3,Bailamos,d4dcd62f-6801-385a-b2c8-c3d048fd6718
1999,1999,M:I:5,Autogen / Bonus,062da905-be62-37b6-ba3d-7abb8722cad5
1999,1999,Ma$e feat. Blackstreet,Get Ready,43339697-74f7-4f39-8531-58133f162015
1999,1999,Maarja,Candle,61430f80-808f-43b8-b6b9-9434d94ea2c9
1999,1999,Mabel,Disco Disco,9bb5bea6-1f81-40c6-b8c3-35f28a6ab2a7
1999,1999,Mac and Movi,The Future 2000,af66d440-5371-4821-8a14-636d6e24c1a2
1999,1999,Mac Zimms,Back by Club Demand,bf4b6a78-3d96-4a5b-9a32-111e724ed552
1999,1999,Mac Zimms,Feel What I'm Feeling,a6e66746-5b35-4f6d-8390-142c14d923e1
1999,1999-07-01,MACARONI,New Revolution,ac670854-fadc-40ad-8a7e-897805e08bc3
1999,1999-09-20,Macdonald Duck Eclair,MANY MANY SWEETS,37df73f2-0a59-46ea-945e-2e795864d2c1
1999,1999,Mace,Inferno / Ram Jam,aaf47256-378e-48b4-a2df-21d9f96b4863
1999,1999,Mach Pelican,Born to Delivery,08fa16ed-ac0b-4b34-83f5-0b96a6488744
1999,1999-05-18,Mach Pelican,Dance in Chicago,fc7603c1-f82c-43a6-8c0b-b263ad583f98
1999,1999-11-17,Machine,010 ZERO-ONE-ZERO,e41bf14d-c4e9-3923-99bd-77dc84970196
1999,1999-04-21,machine,Gravity Attack,d9b63ab8-e628-31a0-97ed-82cf765b5954
1999,1999-04-22,Machine,Hero,dcc08a7c-b3f8-36f3-b8af-f9756b14d360
1999,1999,Machine Head,Alcoholocaust,4443eba5-ae11-350a-9dfe-30ee21ce33d1
1999,1999-10-31,Machine Head,From This Day,dd860d33-ea79-3f03-b386-da7140540524
1999,1999,Maciej Molęda,Ciebie dla siebie,42b1e48f-faa3-4c72-a837-891765d3b6c3
1999,1999,Macy Gray,Do Something,9435863a-03df-379a-bcec-0a8a2a77f455
1999,1999,Macy Gray,Do Something (Remixes),d6c3c9f8-3de3-41c9-9063-1b941b9715ba
1999,1999-09-22,Macy Gray,I Try,d28e547a-79e7-4bf9-b1ff-8a04cbc636c5
1999,1999,Mad Diva,Spotlight,699a99c4-30ca-4e43-9fa3-d5f4c41f2fd6
1999,1999,Madam Zu & Jon Doe,999 Matrix (The Red Pill),1a4ad345-b5b2-467c-a81f-cb0b53e55941
1999,1999,Madam Zu & Jon Doe,Dream Catcher,5f815751-6d2d-4477-8839-7ab771c848c6
1999,1999,Madder Rose,Overflow,0fb3312f-1f62-31b8-adf2-fcd49db6e4e4
1999,1999-08-09,Madeth gray'll,MOTHER COMPLEX,6da74a25-d0d3-4bb0-bb98-a94c1d48fbba
1999,1999-06-30,Madeth gray'll,十字架の結末 ~第二の悲劇~,e19cae47-e742-4ce9-83d2-59367535bdf1
1999,1999-10-18,Madison Avenue,Don’t Call Me Baby,3c30649e-1415-324b-8a11-abe49dced427
1999,1999,Madness,Johnny the Horse,c190ed10-7b6a-4cdc-8720-544f052340ca
1999,1999-07-19,Madness,Lovestruck,80232bb1-9507-3607-b073-15237b345ce4
1999,1999-05-31,Madonna,Beautiful Stranger,080dee70-4971-4ae5-adae-e1869f7cdd5f
1999,1999,Madonna 303,Lucky Star / More Than Sex Can Say,da4b138b-2368-49aa-9753-5499e3ebe66e
1999,1999,Madrugada,The Riverbed,d91e3b63-153b-4fd1-94d4-0b0d2163bb41
1999,1999,Magic Carpathians :: Nimbus 2000,Hunting for the Ogopogo,65bd1326-8e1d-44e4-8f78-9a86df95c2d7
1999,1999,Magic Dancers,Make Love,d8a4fb76-66d6-3861-aa11-7dbbb86b2da3
1999,1999,Magic From Above,In My Soul,d40fed50-c8e6-484f-8f9f-83bfc9e82022
1999,1999,Magique Ray vs. Snack Attack,Follow the Sun,db88b0cc-b53c-4689-a65a-8f3192e7a759
1999,1999,Magnetex feat. DJ Ink,Prism / Spider,87543e0f-d6d9-486f-b8cf-cda2c58e4426
1999,1999,Magnetex Featuring DJ Ink,Breaking Point / Secret Thoughts,e97449d0-c16e-4240-a47c-2dcc01088575
1999,1999,Magnetic IV,Paticle,67a2f647-4ada-4989-ad34-184b73b5d7df
1999,1999-07-15,Magus,Burst of the Shattered Mind,eb0d1b4e-7ae6-49f3-846d-3f9d52dcf9ae
1999,1999-01-30,Magus,Shin Samurai Magus,3a1fcf8e-5bc2-4c4e-aa5a-fe363206a009
1999,1999-07-22,Magus,The Wanderer & The Ghost,49f0056e-7cc8-45cb-87e1-c332a241a35a
1999,1999,Mahogany,In Search of the Radiant Sun,ce565381-7130-4529-84e6-c8ca350d6b1a
1999,1999,Mahogany,In the Presence of the Crepuscular,c11f42fe-b00d-4531-816f-b979da9c19ec
1999,1999-03-05,MAHO堂,おジャ魔女カーニバル!!,791e171f-39e5-3f4a-a3d7-6f88673f2b7e
1999,1999-10-16,Mai-K,Baby I Like,d97889fd-8d5f-3884-b4ac-4aa27d5a9a8b
1999,1999,Maija Vilkkumaa,Hiuksissa hiekkaa,d0067ec6-9749-4f2e-8ea3-45d07a58547f
1999,1999,Maija Vilkkumaa,Satumaa-tango,d885a0b7-4726-4ef9-a307-e605e4c95e74
1999,1999,Main Concept,Sounds fürs Auditorium,b65666bc-55f7-3c1f-81ae-007294cc9c4b
1999,1999,Maj Karman Kauniit Kuvat,Homma,96dce833-dfeb-3149-a0e4-2ff39d774599
1999,1999,Majistrate,Retry (remix) / Interface,7fab0189-0fc0-474c-bde4-3f70f718f3d7
1999,1999,Majistrate,Return / Systems,e29ed3c7-3fb6-4a9f-bd34-4c758276d263
1999,1999,Majistrate,Transaction / Minds End,0ad953b3-6067-4570-a0eb-538891b48069
1999,1999,Major Dundee,Carolina / What My Love Can Do,a029c41a-7cc7-4890-b982-fa77bb861f3c
1999,1999,Major Dundee,Sexy Country / On and On,795141a7-4009-4fdc-ace4-7e1d802c4bc9
1999,1999,Make Tommila,Tarujen tiellä,a5c4df57-fa92-4392-8d1d-2e5c10338934
1999,1999,Makoto,Enterprise / Sweet Changes,f7e19982-ac5b-3061-b3b3-6e54006da044
1999,1999,Makoto,Far East / Butterfly,8a80659b-8515-3f33-8bd5-dfe2bd5002ee
1999,1999,Malarchi,No ?uestion,9d20d7dd-2d7a-47ff-9e50-4063089027db
1999,1999-07-12,Malaya,Tell Me Why (Lover Why),b2a07e47-cacc-431d-bd7b-c429c80be044
1999,1999-11-03,MALICE MIZER,再会の血と薔薇,ebb51074-28f0-3e72-ac79-6b08738070e3
1999,1999,Malik,You Don't Know Malik,e799dc95-f338-4965-b17b-6aa1c2623469
1999,1999,Malik Pendleton,Look Around,4b2e7aa2-417d-4967-b1e2-70fa84874ef3
1999,1999-07-19,Malluka,Who Can See the Wind,64fbc9e8-f138-44ca-977f-f393775473ba
1999,1999,Mambo Kurt,Engel,b3260244-3625-31b1-8bcb-618a4d18934e
1999,1999,Mampi Swift,Sonic / Touch of J,e8a97247-f27c-4b31-b05f-8630076e9fdb
1999,1999-01-15,Mana,Psionic,6d054ffe-b8b2-381f-9b29-76908c12a549
1999,1999,Manau,L'avenir est un long passé,bcf50e98-c0a0-3a2c-ae3a-427ec9f5f2ce
1999,1999,Manau,La Confession,f656a819-0e99-4d03-8234-ed7b49336c42
1999,1999-11-29,Manchild,Return to the Dragon,3e22bd4e-d1b5-3231-8f61-bedda8c62ae6
1999,1999-08-17,Mandy Moore,Candy,8a4707d8-cb87-392b-a743-ea07fa8d7dd5
1999,1999-12-07,Mandy Moore,Walk Me Home,f58ea40f-49e9-4c6f-a90f-b95fac176b04
1999,1999,Mandy Ray,Boys and Girls,d48862bd-3b39-4790-998d-79ed3acb4b84
1999,1999-07-05,Manic Street Preachers,Tsunami,dc7a2a76-05d1-3a68-9fff-e4286f764738
1999,1999-03,Manic Street Preachers,You Stole the Sun From My Heart,0bf0f8cd-ceb3-3362-8e22-8d3ae2fa5fb3
1999,1999-10-18,Manifest,Semtex / The Fall,e377f0b4-0fe1-32f4-a224-ceb455b4f13c
1999,1999,Mankind Liberation Front,Dope Dreams,1bb39398-f90e-3d59-930c-bc68be3900a5
1999,1999,Mano Solo,Julie,31c2589d-f215-4b3e-8b5d-e03f756947b9
1999,1999,Manolo García,Arena en los bolsillos - Los singles,376d8c9d-adff-4b69-a4a6-13c7a8eed148
1999,1999,Manowar,Live in France,e5bf858d-e2ac-3c8b-a494-98eeff49cbec
1999,1999,Manowar,Live in Germany,e8ffd9ad-6f2c-432f-bed8-ba76348eb3e1
1999,1999,Manowar,Live in Portugal,71b7f497-804e-35e5-b6c1-bf838d9e0276
1999,1999-05-05,Mansaray,Aurora,37ca8c47-d864-4100-b5a3-ee102b99e447
1999,1999,Mansound,Baby,6b09970f-d151-345d-a0de-805195799313
1999,1999,Manu Chao,Bongo bong / Je ne t'aime plus,25e314d4-c2e1-4c0e-a5bc-c745d3f70f04
1999,1999,Manu Chao,Bongo bong / Je ne t’aime plus,788b417b-68dc-469c-8f2d-782236f19c91
1999,1999,Manu Chao,Clandestino (Bonus Disc),068ffe1f-3d75-4e8d-827c-24c737a17237
1999,1999-03-01,Manu Key feat. 113,Nettoyage,eb14813b-73db-4ad2-96f5-074c626ea95b
1999,1999,Mara,Lateral Horizon,bcada32a-bfb4-42a1-83da-e072bfe002ba
1999,1999-07-05,Mara,One,34619a46-7d99-4cb3-ae97-05e64a0d8012
1999,1999-03,Marc Almond,Tragedy (Take A Look And See),8959a047-c924-4fd1-95b2-be00f53e792a
1999,1999,Marc Andrée,Mal willst du geh'n (dann wieder bleiben),0b0c347b-ba92-4970-a419-d2d98a7b5416
1999,1999-10-05,Marc Anthony,Christmas Auld Lang Syne,518e8d49-5ca9-43d6-b0dc-63ebf744b9b8
1999,1999-09-14,Marc Anthony,I Need to Know,27c04f9d-3b4d-3675-a91d-df1d488875a0
1999,1999,Marc Anthony,I Need To Know,86292c29-73de-4242-af21-be6e8ec24730
1999,1999-09-14,Marc Anthony,I Need to Know (The Remixes),38b18815-7cd4-4db2-9ce6-f6ec5e94eed9
1999,1999,Marc Dorsey,If You Really Wanna Know,86f59491-5bed-4c11-bb54-b1708411a4e3
1999,1999,Marc et Claude,Ne,0cebb7db-91b5-4e62-9782-e45fb4645714
1999,1999,Marc Lavoine,Fais semblant,47ece395-bacd-45f2-8f09-e9090764441c
1999,1999,Marc Lavoine,Les Tournesols,26d3e29c-2951-4467-ad1b-d55115b17beb
1999,1999,Marc van Linden,The Last Unicorn,ad27640e-44db-3581-995b-edfd44ec4e5e
1999,1999-01-25,Marcel,On The Beach,7122339f-51d3-4486-be13-e8e37679ef3e
1999,1999,Marcello Salerno,Clover,9a4a40fe-2a9a-4ef2-bd40-e201543a6b51
1999,1999,Marcia Hines,Makin' My Way,85bd3ba8-636d-38ad-a3fa-925534e5ccb3
1999,1999,Marcia Hines,Time Of Our Lives,3e86a52e-987e-3db8-b47a-3df72811c47c
1999,1999,Marcia Hines,Woo Me,9c53e4f8-dac2-33cf-bd85-998b57b4604b
1999,1999,Marco Borsato,Binnen,8d65209f-f83e-492f-8b78-6104e936eeb9
1999,1999,Marco Vogt,Königsborner Geschichten / Heimatmelodien,23b3da98-a247-464c-9430-d2f6f93ba827
1999,1999-12-28,Marcos Vidal,Bienvenidos al arca,54924e86-7208-4dc9-8234-6b478478b633
1999,1999,Marcus & Keith,Ögon som hos få,60c3d2de-44df-4391-9c4f-dba7b84f8a0e
1999,1999,Marcy Playground,Coming Up From Behind,947535be-0233-46ea-a65b-c7da9169bbbb
1999,1999,Marcy Playground,It’s Saturday,e7ed240d-c7ac-4611-87f5-381ea8f93a8d
1999,1999,Maria M.,(Bring Me) Edelweiss 2000,6d1ddfed-48a6-43f9-9907-bceafb4aa3f6
1999,1999-01-01,Maria Palatine,Refugee,61d189af-0023-4495-98d4-20edb5a0f400
1999,1999-08-27,Mariah Carey,Heartbreaker,d4bc097e-33a3-3c43-ba62-64d7001968bc
1999,1999,Marianne Rosenberg,Wenn der Morgen kommt,3abc4507-0eed-464b-bc62-3a0298c1b5d1
1999,1999,Marianne Weber,Als je gaat,1832f14d-8abf-43f6-a1bc-c698056a44a9
1999,1999,Marianne Weber,"Buenos diaz, ciao amore / Geef me 10 minuten van je tijd",d801a667-3879-48eb-b910-90a24ee5b9a7
1999,1999,Marie Luise Nikuta,Kölle loss jonn... ins neue Jahrtausend,58fa95d6-283f-3ae5-ae4e-51e52c2c3ad9
1999,1999,Marie Wilson,Me Myself I,2f493d12-151b-3281-83bd-d018500306c5
1999,1999-11,Marilyn Manson,Astonishing Panorama of the Endtimes,938355cb-50aa-307f-be5e-72381e6549c0
1999,1999,Marilyn Manson,Coma White,24acc112-c5ea-482d-bc55-dead6b957ff6
1999,1999-06-14,Marilyn Manson,Rock Is Dead,dc8f36f2-abe4-3701-a9f4-f9e26d8d8154
1999,1999,Marine Research,Parallel Horizontal,15321c4e-88a7-3382-8dfd-f22ff122145c
1999,1999,Marino Brothers,Other Things,48083b61-67f1-42ea-beb6-cdcc0d4a4947
1999,1999,Marino Massimo,Always on My Mind,10f2f758-f227-4491-9575-05800e79dc77
1999,1999,Marino Stephano,Free Time,5b68ff5e-d7fb-4fc2-a38c-b17192bf0da0
1999,1999,Marino Stephano,No Respect,afbf1d88-6cc3-4662-9f78-efa5272d8cc7
1999,1999,Mario Pelchat,Je n't'aime plus,2d9ba40d-07df-4b4d-b7fd-f4bdd0bfe72a
1999,1999,Mario Piu' Presents DJ Arabesque,Serendipity,a0a9f2ba-24ff-4ae0-99ac-0fddeb1ef0bd
1999,1999-11-29,Mario Più,Communication (Somebody Answer the Phone),92483427-1224-36d3-bf1d-808429b54153
1999,1999,Mario Più & More,Runaway,2ab96a97-3924-4fa7-a160-ef7165052c66
1999,1999,Mario Più / Ricky Le Roy,Unicorn (remix '99) / Tunnel (remix '99),13846c92-3107-4b56-9622-3fc9fc661e3f
1999,1999,Maritta Kuula,Satelliitti,e9a45f5f-826f-30fd-9533-96a549f1fe3d
1999,1999,Marjan Berger,Ik ben op zoek naar jouw liefde,1c3ebd02-170c-4c1b-89e7-27da14784d5f
1999,1999,Mark B & Blade,Nobody Relates / We'll Survive,1dedeb1d-2a4d-4a09-bdcc-62c0ab2256fa
1999,1999,Mark Kavanagh,Bad Boy,d8fecbb4-ee96-48d4-9a8c-d524a973a416
1999,1999,Mark Lanegan,Stay,16c8dab7-a136-35c5-a2ee-0b8a3f1f04b0
1999,1999,Mark Lizotte,Dig,aa2c5ffc-e8e1-3842-9679-54acd1869a49
1999,1999-08-19,Mark Morrison & Conner Reeves,Best Friend,33906bd7-1d49-4e01-bb60-cff4b7468e8f
1999,1999,Mark NRG,House Music (In My Brain),fd481398-8d60-4b52-a053-a48d208e1f68
1999,1999,Mark Taylor,Silicon Alley,8ec7687a-bea1-3f1d-8129-cb2c542db10e
1999,1999-02-22,Mark Tyler,(Here Comes the) Hitman,3d7bb992-97d0-4c00-af11-9bc2f0fb23b4
1999,1999-11-22,Mark ’Oh vs. John Davies,Rebirth,328d4041-48d3-4a46-83b9-5bf58cb1a21a
1999,1999-05-10,Mark ’Oh vs. John Davies,The Sparrows And The Nightingales,3ea8e6c8-e60a-4636-bd07-33eb09a9d657
1999,1999-11-22,Mark' Oh Vs. John Davies,Rebirth,789c0532-ccbf-4cab-9aa6-8a50db023408
1999,1999,Markoolio,Millennium 2,290a45a3-f114-487f-a634-833c42545907
1999,1999,Markoolio,Sola och bada i Piña Colada,3abe71b8-1c68-4b98-82cf-3dde4092c443
1999,1999,Markus Nikolai,Passion / Bushes,aedf4f29-0998-346a-b543-dd8c70aa0f0f
1999,1999-08-05,Markus Schulz,U Can Get It,6ffd8f41-28b0-41c0-ade2-9c9bb2b8631d
1999,1999-06-07,Marlain,In the Name of Love,e257a340-9f3e-485e-83ab-97e2bd7b97b9
1999,1999,Marlayne,One Good Reason,dc79aa58-655c-47cb-b7e2-662500880393
1999,1999,Marleen,Dit is de Allereerste Keer,17567d70-a8c4-4938-91b0-6f76e6d4edb2
1999,1999-11-02,Marlène Jobert,Maman a engagé une sorcière,626cf787-8f85-4147-87ca-3463f6b78aba
1999,1999,Marmion,Best Regards,888a3b67-b11a-4a2f-8dd3-506320ca2eb5
1999,1999,Marmion,Five Years & Tomorrow,e7a5d1ed-936c-4e29-a551-406193e05782
1999,1999-10-20,MARRY+AN+BLOOD,心臓-SINZO-,abbe5aa4-23a2-4392-9b6d-70a48cce5ea5
1999,1999-07-19,Mars,Freeze,ebe6b558-3483-4766-94ea-7f9ebcdd5bdd
1999,1999-12-08,Mars,「DIVINE」,8bc59b86-692f-43ed-b051-f64ab3a484ee
1999,1999-12,Marshmallow Coast,Singles Club Single #2,1d2c422d-4582-32c7-bbff-52563563c44c
1999,1999,Martay,Album Sampler,b00b8831-9e91-485c-8df1-eee3dd6babc8
1999,1999,Martay,Gimme All Your Lovin’ 2000,c37fc3d0-a299-363e-bb2c-98a429fe2294
1999,1999,Martha Wash,Come,8dc795ba-c2f1-4bd9-9a77-9184b8f0793c
1999,1999,Martha Wash,Come (Untidy Dub),d51eadba-fbbc-44ba-92fd-16bf914d592c
1999,1999,Martin & Keys,Another Day (Nini Nai),9a8a2798-21ae-46a6-b55f-125b1a31a870
1999,1999,Martin Dams,Kijk niet om / Jij bent er altijd,33444cae-01a2-455c-8046-a60c62b97ef5
1999,1999-10-26,Martin Schenkel,Wenn immer,49e248fa-dab8-345d-b5f5-2a9fa06ed142
1999,1999-03-23,Martin Strayd,Who Killed Fun,62757db0-1eb3-4737-bb04-b5a703f315d9
1999,1999-03-01,Martin Svensson,(Du är så) Yeah Yeah Wow Wow...,46d14a8d-de77-4cbf-8c68-b50e6ddf2367
1999,1999,Martina McBride,I Love You,ac349507-d972-49f2-ab9b-62a3f4b7f595
1999,1999-08-30,Martine McCutcheon,I've Got You,3e9bb626-cea0-315c-8246-aa1e0efd96d4
1999,1999,Martine McCutcheon,I’ve Got You,fa9babbc-e4b1-4db5-9f2a-0d23e848cfcf
1999,1999,Martine McCutcheon,Perfect Moment,6a46645b-ad4e-4c82-93ef-41475dd06fd9
1999,1999-11-15,Martine McCutcheon,Talking in Your Sleep / Love Me,b246dab9-237e-34be-a8be-60c686652085
1999,1999-07-07,Martti Servo ja Napander,Aikuinen mies,782b6502-2fad-3a67-9517-58fb53381266
1999,1999,Marvin & Tamara,Groove Machine CD Single,1d042652-a6c4-425a-a888-2451f829390d
1999,1999,Mary Carter,For You,93ff3347-5421-422b-9c8d-caca6c1785b9
1999,1999,Mary Chapin Carpenter,Almost Home,6692d0d7-5d6d-4612-b5a6-bad3981a7196
1999,1999-02-22,Mary Griffin,Knock on Wood,c5fe7244-d159-391a-b7e3-7c3ff5129903
1999,1999-06-22,Mary Griffin,We Can Get There,ef671c6d-3c38-4b92-9dbf-da7df296df72
1999,1999-08-09,Mary J. Blige,All That I Can Say,cb51fa26-51db-48d3-b2e8-fa9a41b4e665
1999,1999-11-22,Mary J. Blige,Deep Inside,a65ee99d-e242-43cc-9f54-9e8f5f862c18
1999,1999,Mary Lou Beth,Country Girl,3c58d26c-d1e1-4f74-b6b6-af00e3703ab7
1999,1999,Mary Roos,Medellin,a80e34f4-519b-4dae-a2ca-b90b4757d3b8
1999,1999-05,Mary Roos,Schau' Dich nicht um,6ad57d8f-792b-4d03-9fba-c02fc030e465
1999,1999-09-08,MASCHERA,Alice,3ee8776e-fb16-444d-937c-4e600b1166fa
1999,1999,Masonna,Beauty Beast,0642615f-85a3-37af-887c-b3b684418804
1999,1999,Mass Hysteria,Contraddiction,38b49538-1b52-358e-8aa1-80704b76a715
1999,1999,Massimo Marino,First Prohibition,edcb9a04-3297-4044-ae9b-2e5b1bd48349
1999,1999-09-01,Massinfluence,Analyze / All Out,c0c81537-edfe-4c17-b806-de8443e0d72e
1999,1999,Massiv',Rush,907951d8-bc91-4cfd-8fc7-7ca736a50c09
1999,1999,Massive Attack,Man Next Door,7282e8d2-f889-4d8d-b77c-0bd4b571c52a
1999,1999,Massive Ego,Planet Earth,b0126673-077a-42fd-8b86-c38c0c11cfd5
1999,1999-03-29,Massive Töne,Chartbreaker,49e8aecd-345f-3008-b63d-f89543caed24
1999,1999-11-15,Massive Töne,Nie ohne Sie,a5cc455e-29a6-3e9c-91b6-055cc2a577fd
1999,1999,Massive Töne feat. Blahzay Blahzay,Rapgame,b04bd954-c989-31f3-b160-18556a264151
1999,1999-02-01,Master Cylinder,VW Jetta Promo,1bafa8c9-608f-3384-9a9a-d54f0804d159
1999,1999,Master Mood,Come and Fly,713aadba-8e17-3f5c-a3e4-840e960742ae
1999,1999,Master P,Step To This,d25ea8b5-2fb8-4351-a953-94c1bdbd78c0
1999,1999,Master Wong vs. The Spirit of Koala,The Master of Shaolin,37e49b71-0898-4fad-b84f-80e8a9bd0f5a
1999,1999,Masterboy,I Like to Like It,2f9f6187-e969-3691-96c1-8a0031ffa52b
1999,1999-07,Masterboy,Porque Te Vas,6d3ca588-24ca-4ed3-aba3-e091bdd74ba9
1999,1999-03-02,Mastermind,In Session / Blaxploitation,f05262dd-1ab3-4cde-ad02-5daadeab7c92
1999,1999,Masters at Work,To Be In Love,9534545a-0cad-4880-a61e-9eb076721d7d
1999,1999,Masters of Reality,It’s Shit,ea6112d3-4784-4244-85f4-52bf501f0e5d
1999,1999,Mat Silver,Sunshine,1e6602ca-c2a2-4a9a-94c2-4a22ccb2a7a3
1999,1999,Mateo & Matos,Idris Rises,8e291846-b959-32f3-925f-39ec5086b1bf
1999,1999,Mates of State / Fighter D,Mates of State / Fighter D,e25d0b9e-d476-3317-b379-2928d49c15b0
1999,1999,Mathias Kane,Seventh Heaven,5cf97676-e230-4faa-8d52-60601f1672e2
1999,1999,Mathilde Santing,Wonderful Life,67aabbcc-bc19-40e6-a3e9-de7119221758
1999,1999,Matiz,19,730174d5-bef3-4437-96dd-eb876f3606a8
1999,1999,Matmatah,Emma,f4eca9c1-96e1-4707-a136-758330d70a34
1999,1999,Matmos / Piano Magic,Matmos / Piano Magic,69c081b8-3774-36e2-8ddf-554ff3c8bf5b
1999,1999,Matt,12/0013,f6de8971-a060-42c7-902d-0b1f8ff3f6d5
1999,1999-09-27,Matt Darey presents Mash Up,Liberation (Temptation — Fly Like an Angel),dbd63265-48ae-3cc8-a49b-ac4d9bfeb67b
1999,1999,Matthew Good Band,Load Me Up,291c51d9-6728-454e-be03-f89718bfe092
1999,1999,Matthew Sweet,Trade Places,7b0dfd5f-811f-4c6c-b8d7-fdb768e91338
1999,1999-06-21,Matthew Sweet,What Matters,f3389287-0400-417e-b144-78720938ef54
1999,1999,Matthias Carras,Ich Bin Dein Co-Pilot,f57d5853-d359-44d1-9e46-8ad3b4d9809b
1999,1999,Matthias Lenz,Ein Herz ist wie ein Edelstein,5772b673-95d9-4d5a-accd-c2dac2c9f4fd
1999,1999,Maurane,Désillusionniste,0f8b15fd-75a4-42bc-a438-bb387b3def2d
1999,1999,Maurizzio,Future Love,373d0a72-2588-4c62-92ba-a1a49084a7f5
1999,1999-09-21,Mauro Picotto,Iguana,c8a6bdcb-b4af-3b89-b099-fd9f3d635758
1999,1999,Mauro Picotto,Pulsar,7dfe6671-022b-4b57-8a1b-1c292b3bcd77
1999,1999,Mauvais Quarts d'Heure,Incognito,419c9549-112e-465a-82d2-6b030326d1a6
1999,1999,Maverick,Road Train (remix) / Moved On,be4ccfc5-d36a-417d-bb41-2c4609f82b15
1999,1999,Maverick,Road Train / Untitled,1febd0c0-640f-4323-83c4-71b9aa359f68
1999,1999,Maverick,Zoned Target / Shocked Re-Call,bf765ea5-2f97-4cc7-8bdb-c9e809b3bbc9
1999,1999-03-03,MAX,Love Impact,357b43f1-ee4d-3e95-aed3-8facdfc7f0b3
1999,1999-05-26,MAX,あの夏へと,50f9273f-2783-4e54-acd4-aa3f6ab91b4d
1999,1999-11-25,MAX,一緒に･･･,ef58eb72-7169-4712-9aa0-21553f563cc3
1999,1999-08-25,MAX,銀河の誓い|We'll be together,ba2b6115-2b1e-4fbf-a0ff-a6c182419eb1
1999,1999,Max & Afrob / Freundeskreis,Exklusivinterview / Eimsbush bis 0711,905abcf4-8834-47c6-bc10-f14fc68134c4
1999,1999,Max & Amino,Dust Till Dawn / Son Of The Son,ccd271e1-a265-4928-9014-35553121a8be
1999,1999,Max & Amino,Fiends From Planet X / Pro-Toss,f0dc1fcb-3e7e-4313-b669-09e72bfe7702
1999,1999,Max & Amino,Pump The Funk / On Your Feet,f47d5baa-a8cb-4d26-ba1b-db8ef11945ab
1999,1999,Max B. Grant,To Ro.Ber.Ta,9c7cef48-f57d-427b-83f9-7178ccb234b0
1999,1999,Max Coveri,Running in the 90's / Golden Age,d039541b-b43a-4d8d-aca4-5f0b69d9be52
1999,1999,Max Gazzè,Una musica può fare: Remixes,badbefd1-3bd5-4727-95cf-96f32e155959
1999,1999-05-25,Max Raabe,Kein Schwein ruft mich an,3c771c1a-ffe4-4d8d-b12e-49b73952ac52
1999,1999,Maxi Priest feat. Beenie Man,Mary Got a Baby,117e62ba-c582-4f4f-a27a-542d611711de
1999,1999,Maxim,Blue (Da Ba Dee),ad4470bd-1c18-4e39-b394-e62ba303cd5a
1999,1999-03-03,Maxwell,Fortunate,5612afb1-49bb-3607-8b7d-f28db2a8bc36
1999,1999,Mazarin,Chasing the Girl,a55283a8-71d5-3a4e-b77e-80f6afac932e
1999,1999,Mazarin,Wheats,e2ec68ae-fbc2-3da4-ae21-70e82a1b4a5d
1999,1999,Mazarine,The Crypt,36f10b79-fe42-399b-9e7e-2d922206adde
1999,1999,MBS,Kif kif,d16e7dfb-60f5-4649-bbd7-0fc5e5fbbb90
1999,1999,MC Bass,Louder!,715899a4-8252-4707-89f2-f3b81212546d
1999,1999-01-23,MC Bernhard,Immer gerade aus (Bij de derde badkamer linksaf!),2fb107f2-f211-366e-b315-f2e0f3d92311
1999,1999-02-22,MC Tunes vs. 808 State,The Only Rhyme That Bites 99,a27f4b3b-3c2c-3aca-a4e2-ee9ecfcaf503
1999,1999-02-01,McAlmont,A Little Communication,cc8f2885-e38e-47d9-8803-054c07f39df3
1999,1999-01-01,Me & My,Every Single Day,c2ec379d-b0ba-43e7-a949-d45637f6b8ae
1999,1999,Me & My,Let The Love Go On,cdae1c8d-a9e9-46a7-a964-0b98facbcbfa
1999,1999,Me & My,Loving You,3eb2c66a-3a31-4fed-baf1-797a00239871
1999,1999-02-09,Me First and the Gimme Gimmes,Elton,c24ea589-fa22-3330-a3d1-019809858e43
1999,1999,Me First and the Gimme Gimmes,Garf,81a42ddd-3be8-3ba7-b0aa-d630c04a8c54
1999,1999,Me First and the Gimme Gimmes,In Your Barcalounger,4dd320f2-8825-341d-9127-1020d4930caf
1999,1999,Meat Beat Manifesto,Acid Again / Prime Audio Soup,f0ddbe0b-317f-477a-af55-15a3a436cd84
1999,1999,Meat Loaf featuring Patti Russo,Is Nothing Sacred,c86a73f4-3a89-4c51-b0c9-e4beedeff60a
1999,1999-11,Mecano,Canción de los piratas,d813e585-707d-44c7-8583-5cc0a98c6cf4
1999,1999-11,Mecano,Otro muerto,a2303dd3-64fa-4b94-b2d0-73ef9fbd5dca
1999,1999-07-26,Meccaheadz,Night Skool (What Does It take to Be a Hip DJ?),4b63064a-debd-4d8c-bb27-7f801462f0a1
1999,1999-01-27,media youth,Soul flyer,30130ef3-f3c9-4ca5-aa8f-4fcb533c6d52
1999,1999,Medicine Show / DJ Magic & Mad Maks,Majical Transformation,c28de483-2866-486e-b2fb-23ec10b8598f
1999,1999-07-05,Megadeth,Crush ’Em,718f0abd-9b1c-48e2-a16e-3094afeef6a9
1999,1999,Megadeth,Insomnia,d6915d64-2707-40d0-a5f4-2eb2f4772f86
1999,1999-03-29,Megaherz,Freiflug,60ac3452-9695-3695-971e-46ec8ba791c5
1999,1999,Megamind,Sturm und Drang,1a469fc1-4c65-4162-a934-da2fdd88985d
1999,1999,Megamind,Taub?,4ea36f85-5041-4330-9f51-c9942243be13
1999,1999,Megatronic,Power Of Dancing - Remix 2000,38203f13-1862-4c7f-8b28-e187fa1b60c0
1999,1999-08-16,Melanie C,Goin’ Down,4a0458a4-09e1-3a88-bc06-46e00c670008
1999,1999-11-22,Melanie C,Northern Star,2b403328-3883-326b-a554-b0396ec5e97a
1999,1999,Melanie C,Suddenly Monday,a2ba8ddb-0f3e-42d8-8228-f6da43e216ef
1999,1999-08-24,Melanie Doane,Adam's Rib,a4ced4e4-9004-401b-8587-ab6e835b31a6
1999,1999-05-17,Melanie G,Word Up,f4e18ad6-720c-3167-bc7a-b426dd6e7e63
1999,1999,Melissa Etheridge,Angels Would Fall,03329cb3-f5f2-4390-8062-8ee2dc7f71b8
1999,1999,Melissa Etheridge,Angels Would Fall,cd15336f-3c8f-4123-845c-3a75102734fa
1999,1999-04-26,Melky Sedeck,Raw,a3bc6377-7725-3bca-8207-6999d6038947
1999,1999-04-28,Mellow / Grand Popo Football Club,Vision,c8afc333-cf74-3e0e-9f88-c40efefd2502
1999,1999,Mellow Sirens,Breeze,1a353191-b5a1-4972-977c-b773de86c563
1999,1999-05,Mellow Trax,Mystery in Space,785b5a58-537d-4920-a195-a0e0181eadad
1999,1999-08-30,Mellow Trax,Outa Space,a4dca8e4-2184-35f0-85d6-35d22c6f5a79
1999,1999,Mellowbag,Props,09b6622e-90fb-34d1-ac20-8dea5b64937f
1999,1999-08-04,MELODY,魔法のメロディー,a44ab2f0-cdd2-4a19-97f4-3397351a35ab
1999,1999-01-01,MELODY,魔法のメロディー★ガールズポップ,05b88cc2-ee12-4025-83f8-e38004fbccab
1999,1999-10-31,MELODY,魔法のラヴレター,fb3f8f00-5ec4-49b8-9cc5-ca8fb438718a
1999,1999-05,Melotron,Der blaue Planet,b5a225d7-a682-3b2b-b411-7883c29aa078
1999,1999-08-27,Melotron,Kindertraum,f4ae4e4c-e2da-3713-a9e3-963fca3bcfe3
1999,1999,Memphis Bleek,What You Think of That,e9174f1f-5cef-43c4-b0c6-efec86d2ac3b
1999,1999,Mensen,Hey You!,43976b68-b201-4b6e-bf8d-8e22b3d38f17
1999,1999-11-22,Mental Power,Transmission / Out There,249824af-6135-481c-af91-8462b6d8a05f
1999,1999,Mephisto,Superstition,18638242-c7d3-4ef1-ad57-55fb9bb52ba1
1999,1999-08-16,Mercedes,Nailed,6a8ed764-252e-3087-a28a-25741607d4bb
1999,1999,Mercromina,Evolution,024a8b0e-10c7-3999-9314-3d319b3c8bf4
1999,1999-10-22,Mercuro,血祭ノ結末,f6d8d77e-b1f2-40b6-810c-530862ccbb8d
1999,1999-01-25,Mercury Rev,Delta Sun Bottleneck Stomp,58483b77-1ed4-3e9a-8edb-fd7c3d89d168
1999,1999-07-07,Mercury Rev,Holes,0e67ff63-c294-3ccc-a577-f7c8fe4b4da3
1999,1999-05-10,Mercury Rev,Opus 40,d45e4712-fc3a-3040-bd2b-2c24fd9a4b69
1999,1999-09-13,Meredith Brooks,Lay Down (Candles in the Rain),583c0c3f-cd2f-3261-8f36-02964ad835f0
1999,1999,Meredith Brooks Featuring Queen Latifah,Lay Down (Candles in the Rain),fb09d89e-9521-475f-81e5-00203ca1fbb9
1999,1999,Merle Haggard with Jewel,That’s the Way Love Goes,bf498ffc-849a-45a2-9645-375c492ed60b
1999,1999-09-21,Merry-Go-Round,赤い絲,b8265773-e2f6-4988-9135-cd3f02e4ab04
1999,1999-10-10,Merrygoround,ザクロ色の月と狂った恋の旋律,f38f45c2-c282-429c-b9e7-4e5ecbf8ab89
1999,1999-05,Merzbow,Happenings 1000 Years Time Ago,669536cc-846a-40ad-b271-7a893e98487d
1999,1999-06-14,Mesh,It Scares Me,51fac1e0-a5d6-30af-bf11-ef8fcd0bb7cd
1999,1999-10-25,Mesh,Not Prepared,20080ba3-6e5c-301d-93f5-5cc2eb3488f8
1999,1999-01,Mesh,People Like Me (With This Gun),4e0a8170-48ca-3ba0-8eca-3c906c0632c6
1999,1999,Metal Inquisitor,Seven Inches for the Second Attack,d751dc24-432d-45a4-a76f-e2aad963cfb2
1999,1999-06-07,Metallica,"Die, Die My Darling",368ba0a1-6446-37fc-b686-90d9623162d6
1999,1999-10,Metallica with Michael Kamen conducting the San Francisco Symphony Orchestra,Nothing Else Matters,9998a0cb-5e40-4ce9-839e-976278977f99
1999,1999-01-11,Metalmaster,Spectrum,66485caf-efdf-3cda-96be-ed46a9863d80
1999,1999-09-06,Metamatics,Evening Star / Piano 2,97e006c2-f203-3016-b896-d4883419ed70
1999,1999,Meteor Seven,Fantasy to Reality,f959fc79-7096-4963-8f5a-7d1fd8453e8f
1999,1999,Method Man,Judgement Day Remixes,a6d1e8be-68e3-3e3c-b111-a516e456b4c2
1999,1999,Method Man & Redman,Y.O.U.,f29a719f-0cb3-4933-a2fb-d912fc65226d
1999,1999,Metropolitan Bass Scientists,Link / Deform,30dd80a0-c0a1-4f80-8a16-ae6a0e30498a
1999,1999,Me’Shell NdegéOcello,Grace,c8d6122d-c174-400b-a03a-19f8632c9fe2
1999,1999-05-20,MF Grimm,Landslide (remix),cbd1c260-bcc7-32bf-8d84-84b1bd8c0488
1999,1999,MG,Destroyer / Detonation,88e745e4-269d-4cce-a39d-f3b2b95aa0e6
1999,1999,MIA.,Sugar My Skin,12006109-e792-4610-b905-9789041303cd
1999,1999,Michael Evans,I Want You,980aa820-d2d6-47af-9d5e-2c5696a2e45a
1999,1999-11-12,Michael Evans,If You Leave,0ae294ee-c35a-3aaa-8ece-9944d353c9cf
1999,1999-03-05,Michael Hansen,Wie am ersten Tag,c25d4664-8509-4b54-a502-91c434e4b584
1999,1999,Michael Hansen,Wiedermal ist Hochzeitstag,65237132-c141-4691-a6ae-430392952be2
1999,1999,Michael Hutchence,A Straight Line,740c8ada-4387-4ba8-85b1-b96ba78a5b35
1999,1999-07,Michael Kern,Maddalena,367f04b8-b924-4a31-bbc6-8ddc6cfd4579
1999,1999,Michael Kunze & Sylvester Levay,Elisabeth - Exclusieve Mini-CD,a9e6b4c3-c7f2-4dac-984c-99f734e43e7d
1999,1999-01-01,Michael Moog,That Sound,c7128426-31da-35de-bbae-97dcd6166bd9
1999,1999-07-13,Michael T Diamond,Hell's Bells,26b813f6-7271-479a-a6a2-cf7be6e022f0
1999,1999,Michael von der Heide,Bye Bye Bar,6f31b4e6-8117-3c4e-8158-bcb8ed2e07c5
1999,1999,Michael Wendler,Vater & Sohn,141cbac3-2163-4774-b495-2b4642b055e2
1999,1999-11-01,Michel de Hey v Literon,Mintage,52571929-70dc-321f-88d6-b150e077f93a
1999,1999,Michel Galabru,"La danse des Gaulois (au gui, au gui, gui-li-gui-li)",de3b47e8-9e00-4bcb-8ef8-364e5ff1a5a9
1999,1999,Michel Polnareff,Je rêve d'un monde,0cfa2257-e3d6-36ec-89a3-d3606544b37d
1999,1999,Michel Thériault,Ne sais-tu pas ce que c'est?,abcc3d13-bf38-43c2-8b27-398e0e31e1f6
1999,1999,Michelle,Dein Püppchen tanzt nicht mehr,66e66faf-6826-45b8-bbbb-ed0f8fc4a83a
1999,1999-02-16,Michelle,Der letzte Akkord,84fc20e3-3b57-4202-9db3-6986a1396cf8
1999,1999-02-15,Michelle Collins,Sunburn,cd8da39c-d55e-3b37-8f64-549f5670dcfd
1999,1999-12-24,Michiru+Project,『-1999-』,3d993d32-8adb-4920-8699-27e8aed31b60
1999,1999,Michou,An 2000,314c4c80-67da-4b99-951b-ddf4c9583258
1999,1999,Mickie Krause,Zehn nackte Friseusen,192422b9-fccb-3ae7-8e2a-0c6c440f0d37
1999,1999,Mickie Krause / Die Inselfeger,Anita / Der längste Theken-Mix der Welt,daa3d4d0-8050-4d29-8614-439111b4d36d
1999,1999-10-24,Micro.Spy,FlimFlam,64cb8e3b-bc62-3cfc-b579-d3ed57da5ac7
1999,1999,Microburst,Dominion / Meltdown,ab6fbda4-7708-458c-8554-a0a0306181f5
1999,1999,Micropoint,My Computer,6cb3f61f-a1a6-4a22-bb05-f2053faa4f64
1999,1999,Midnight Sons,Stay,363b0e5c-7a9b-4f19-bbe1-00a9a19a80da
1999,1999,Midnight Sunrise,7-6-7,6e2bc2e1-6a43-3c89-b4e2-6496cc9a5111
1999,1999-09-19,Midnite City Soul Affair,Still Loving You,43523333-1881-393b-90dc-4df1e900f574
1999,1999-09-24,Miguel Graça,I Found Love,e639140f-796b-3eff-835e-03a1db4b8884
1999,1999,Miitta Sorvali,Aili keinuu,2ccccad7-2660-42ac-bddc-8d5a865e70b0
1999,1999-05-28,Mijk van Dijk,Teamwork (Remixes),fdbdb8a7-e194-4656-9cca-d72888280a56
1999,1999-08,Mika Bomb,Super Sexy Razor Happy Girls,93d6b2d4-acff-3f82-9c15-adfa1dc76106
1999,1999-03-26,Mikael Konttinen,Nyanser,3967e7cb-fce6-4277-bdbf-e4d3c0318b89
1999,1999-05-24,Mike & the Mechanics,Now That You’ve Gone,24419c4a-7750-3575-adeb-64aef24569a2
1999,1999-07,Mike & the Mechanics,Whenever I Stop,5360b68a-7f73-3711-8ccd-62cc34b6f49f
1999,1999,Mike Bauhaus,Ich will nur das Eine,bef162fb-34a7-4af5-a8d5-c3f80c5973a8
1999,1999,Mike Bauhaus,Ich zieh die Arschkarte,309da2e2-214e-46b2-aca9-86856b5def3c
1999,1999,Mike Dearborn,Battle (Ready for War),a0f11711-1788-30f2-a433-dcd4bbd56869
1999,1999,Mike Ink,Dadajack / Bonus,5903c5ae-0676-4497-8a0e-3dac0452b050
1999,1999-02,Mike Ink,Parade / Polier,4c871fd6-32be-321f-8e44-9703ec699fc7
1999,1999,Mike Koglin feat. Beatrice,On My Way,ba6aa585-bd9b-4f04-a21f-38ad3c48b7bb
1999,1999,Mike Mareen,TV Talk 2000,6cfe9a2e-0a34-42f1-99cf-6a510d3a40b4
1999,1999,Mike Oldfield,Amber Light,dcf88d1e-c59e-440d-be4f-6429d6cdadf0
1999,1999,Mike Oldfield,Cochise,1eab13ec-2a1d-4390-9738-0d377b7ac0be
1999,1999,Mike Oldfield,Out Of Mind,7ce1ff48-25e3-4d80-a870-81ec5f94a085
1999,1999,Mike Oldfield,Pacha Mama,1aa57940-583b-4820-96ce-3788f4492b73
1999,1999,Mike Stone & Steve Heller,San Francisco '99,6f86cc2e-ca1d-4cfc-935a-a3b3c17cb8cc
1999,1999-07-12,Mike Tamburini,Jazz,657e01cb-ba13-47a8-b95f-8694020abfc3
1999,1999-08-18,Mike Tamburini,Jazza Funka,533cdaba-75cb-46aa-8b4e-a092a5e39b29
1999,1999-08-28,Mike Tamburini,Kokaleros,427c4265-dc5b-4690-a60c-36902b81aaac
1999,1999,Milemarker Vs. Division Of Laura Lee,Milemarker Vs. Division Of Laura Lee,68b2a014-072f-4382-a616-c2481e223d0f
1999,1999,Miles Davis,Bitches Brew - Singles,d7a31cb8-1186-4576-bdaa-2624c8768030
1999,1999,Miles Davis,Rated X,9dd946dd-00ab-4f9d-8bb8-8b043d5054b3
1999,1999,Miles Davis,Shhh / In a Silent Way,b193cdd7-c9e9-432b-ba36-6a3e5a6be91c
1999,1999-01-04,Miles Maeda,A Little Bit of Magic,68ae5f23-be6e-3d82-b015-1fdaa105587a
1999,1999-11-15,Milk Inc.,Losing Love,ea6ce2bd-bb9c-3beb-a34b-99723bc46966
1999,1999-06-28,Milk Inc.,Oceans,5da7dee9-af81-4dd8-859c-6461275953c4
1999,1999,Milk Inc.,Promise,3bab662e-b00f-4e6f-85ac-b8a8ad16ce8d
1999,1999,Milky Wimpshake,Home Is Where the Hate Is,359efcfa-5c3e-4f28-bac2-d81c2178d275
1999,1999,Mimmo Amerelli,Alla consolle,bcef26b8-c785-4164-b2c8-82659c97e1b9
1999,1999,Mind Nation,Unufhaltbar,b86c5b10-a91e-4dac-8b8f-57fc63f64c17
1999,1999,Mindfield & Baraka,V.D. Massacre,2a86ee28-52d8-4ba1-94fb-675e748df1ac
1999,1999,Mindless Self Indulgence,Bring the Pain / Panty Shot,ca55f71e-8f96-3559-8297-eb7edafb248a
1999,1999,Mindless Self Indulgence,Bring the Pain / Tornado,2f3a10e5-a899-408d-b0b6-eb08119efae1
1999,1999,Minimal Funk,Definition of House,20e50ef1-b698-4c34-ac59-e939b62bd696
1999,1999-10-01,Ministers De‐La‐Funk Featuring Jocelyn Brown,Believe,0e3083a8-512c-43a4-846b-3462210e9a58
1999,1999-06-14,Ministry,Bad Blood,a3cfba6a-c435-3772-8e85-951e2424816e
1999,1999,Minit,Bootleg,1a0abf56-f357-477a-b215-ecb13987ae0d
1999,1999,Mint,All,aacbbac5-1fb2-3757-97aa-ba0b2af0ee5e
1999,1999-02,Mint,Edeltrance,40b6821f-4e1a-3ff8-bb47-ed4915c11398
1999,1999-12,Mint,Gymnopedie / Logopedie,38ad59ed-e4bd-358e-846d-6d29bc6c38c0
1999,1999-06-07,Mint Royale,From Rusholme With Love,eea35c5e-646f-409a-958a-4b1654c9aa11
1999,1999-02-22,Mint Royale,Rock and Roll Bar,7acbf0e8-28b5-34a2-969f-c7db639f87ab
1999,1999-09-27,Mint Royale,Shake Me,f033ea9a-a1ea-38f9-b104-3ffa80670d73
1999,1999-06-30,MIRAGE,・・・Air,4b5e14dc-f3a4-4e99-a15b-1b952acae38d
1999,1999,Miranda,A la fiesta,f61987fb-fc5f-4648-9417-0b89b7478f71
1999,1999-06,Miranda,Vamos a la playa,ca008bfc-2559-483e-a682-6b39ede2c8c5
1999,1999,Miranda,Vamos a la playa 2000,1aecfc1b-c771-4475-bc34-9f068d81a9a4
1999,1999,Mireille Mathieu,Immer frei sein,c2a076e2-56b0-44fa-a158-64aec4140635
1999,1999,Mireille Mathieu,Wie soll ich leben ohne dich,daf62306-9ac9-4737-be07-c493262d6b79
1999,1999,Mirjana,Liebe kommt,92f1ab91-8370-431e-b999-c5334ef263a7
1999,1999,Miro,By Your Side,223655db-7ca0-4173-9189-be76fce81ddb
1999,1999-02-01,Mirrorball,Given Up,d42fa7aa-4626-3557-9f89-401d91550350
1999,1999,Misa,Banzai,d97b83b7-1744-4175-9356-4c86b0f018c8
1999,1999,Misfits,Monster Mash,877119ab-3131-3b8d-8a76-de85f5ed1835
1999,1999-05-03,Mishka,Give You All the Love,fe9b19ca-d2eb-3d26-8d23-4cca20c0c113
1999,1999-07-26,Mishka,Lonely,83c1d144-31fc-3a96-8075-293bacf87c8b
1999,1999-04-21,MISIA,BELIEVE,d3cf3520-433f-4536-a13e-0124c0821ddb
1999,1999-11-25,MISIA,sweetness,66bb3e6a-d490-4c63-b009-a54cac29a4e2
1999,1999-11-25,MISIA,忘れない日々,8e30ba0e-b16d-3fee-8580-baa8548e5529
1999,1999,Miss Dwiggy,It’s My Life,34f82998-21af-46ce-97f1-1a28deaf988f
1999,1999,Miss Mend,Living City Plan,006c23c1-abf5-46c2-bf57-0985f2284ebe
1999,1999,Miss Peppermint,Let Me Hear The DJ,e8354774-1614-30a4-9c91-33f8a4edb291
1999,1999,Miss Peppermint,Welcome to Tomorrow,1fe60d59-b478-4269-bb1d-46a71ad591f6
1999,1999,Miss Shiva,Ultimate Temptation,ced704d7-b7ee-45df-affc-b614e754eebc
1999,1999,Miss Thunderpussy,The Ride,a0c249c3-37c2-401b-8fde-43b2af1b4122
1999,1999,Miss Thunderpussy,The Ride (Remixes),7247708f-2e7d-4eba-afc8-f67b72d55111
1999,1999-12-16,Missalina Rei,ト★キ★メ★キ,d54d5ead-508f-4d98-aa17-d5068341d5e0
1999,1999-03-25,Missile Girl Scoot,Fake Sista Ain't Shit,ec63505f-bb1f-4186-aa0a-c4468c7d19fd
1999,1999-07-28,Missile Girl Scoot,No Needs,6672d2a8-cc23-484a-aa29-38c56eb123ee
1999,1999-01-10,Missing Tear,Forever Flow,c37fbc42-752a-4030-a509-0c5f2b7cfba5
1999,1999-08-25,Missing Tear,螺旋/時間の砂,50180443-b65b-4cc4-8d96-c1c1ab60ecb0
1999,1999-03-25,MISSION,Power Game,6ff89430-38d0-4e57-a13f-673b29164a36
1999,1999-06-02,MISSION,かわいいんじゃない？,80d0a5bd-2639-4134-9b65-a485ef5c1d21
1999,1999,Missy Elliott,All N My Grill (MC Solaar Remix),4242db11-ec97-4559-a1f2-2e8ecbc87493
1999,1999,Missy Elliott,Hot Boyz,78309679-6733-3554-96cb-d5789b9a8e17
1999,1999,Missy Elliott,She's A Bitch (Blaze 2000 Remixes),79a6fa84-0539-4027-bba0-b28a09f806e4
1999,1999,Missy Elliott,She’s a Bitch,eb2a26ea-7d76-45d1-ad27-62f7295f160f
1999,1999-09-06,Missy Misdemeanor Elliott featuring MC Solaar,All n My Grill,7d54b450-4c90-394c-86ae-d33282f5450c
1999,1999,Mista Rodd,Campaigning-N-Da-House,62ff1170-1bd8-3330-93c0-0ad0e674a876
1999,1999-03-03,Misty Eyes,wannabe,3cea2185-eac9-46dd-afe8-eea79d144720
1999,1999,Mitch Kelly,(We Walk) Hand in Hand,dcc097af-94dd-4ae3-8ce9-af1f08ae45d3
1999,1999-01-12,Mix Master Mike,Suprize Packidge,510d313f-d483-37ea-8712-6c3168e93930
1999,1999-08-06,MIYUKI KUNITAKEwith DOORS,みつめていたい,5beffdd3-4154-4517-9b0c-500a3971f6bc
1999,1999,MJ,C'est écrit,f5f4bf08-5abe-4c04-b469-85b2eacfbe55
1999,1999-07-12,MJ Cole,Waiting for the Day,80f5e366-bd8a-382f-bd24-c7388852021a
1999,1999-10,MJ Hibbett & The Validators,Hey Hey 16K,cb6bdb47-e13d-3778-ba20-32bd440d3f9f
1999,1999,MJ12,Do Something a Little Different,0167093e-5ecb-45d2-b780-dc12242ed106
1999,1999,Mobb Deep,Quiet Storm,b00e6ee1-766d-4d2b-9489-d47053020fce
1999,1999,Mobb Deep featuring Nas,It’s Mine,c13beaa5-1f8d-4888-b776-74cd9356162f
1999,1999-07-12,Moby,Bodyrock,96f1120e-ddb8-36be-8f8c-591cd9cd2a84
1999,1999-05-04,Moby,Honey / Run On,09a33dbb-f66d-31b9-aecd-dfd15aae2dc3
1999,1999-04-26,Moby,Run On,9d55c79a-c5ce-30bf-ac2b-6e56a6758117
1999,1999-10-11,Moby,Why Does My Heart Feel So Bad?,2ce29393-b5a6-39c7-921e-6c161dceafe2
1999,1999,Moby,Why Does My Heart Feel So Bad? (Remixes),d15b2590-49b2-4ade-b3b5-20031c349815
1999,1999,Mocean Worker,Times of Danger / Heaven @ 12:07,ecbe6262-61d9-3c00-b7e1-e0360898e94b
1999,1999,Mode-M,Manipulate / Kick Start,276e5ff7-e066-49be-b522-e1ea50e1dd41
1999,1999,Modern Movez,High Density / Another World,fddd648f-b050-4cd5-a14d-454ad34417fa
1999,1999-11-29,Modern Movez,Scorpion / Intensive Treatment,a51efdcb-e246-419b-9007-47cf97ea40a5
1999,1999-02-01,Modern Talking,Best '99 - You Are Not Alone,035b9d1b-03c2-4fb9-aece-81b4b4088e83
1999,1999-05-17,Modern Talking,Sexy Sexy Lover,43d2c640-7802-4140-8247-4266365d5ff9
1999,1999,Moderna Män,Eveline,3364333b-17f8-4357-aa40-41ee2b680eeb
1999,1999,Modest Mouse,Heart Cooks Brain / Shit Luck,35386061-cb20-48e1-ac4f-8d1551216e33
1999,1999,Modulas,Pulse,99bfb868-08e3-4b50-a653-8b681ca1529b
1999,1999,Modus,Modus 1 (Partie De Systemè),0500d7a7-0973-4a45-9a51-4b2ad7d63145
1999,1999,Mojave,Space,442ac978-4c08-4d31-ab33-523a42525898
1999,1999,Mojito,Eo ea! (Que viva la noche),dfd98bed-a79b-4722-88a8-7d9f28577240
1999,1999,MoKenStef,He Say / She Say,923466d1-4a93-4652-b229-8af4a64a6aa9
1999,1999,Molotov,El mundo,54890553-d914-354a-adf6-7f28ae883dc1
1999,1999,Molotov,Parásito,98928e14-96b6-3d75-8c10-5ddfb90179bf
1999,1999,Momoe Shimano a.k.a. MOÉT,MOÉT's EXCLUSIVE REMIXES,9eb85a6e-7033-4f7c-87a0-2472fde94cd3
1999,1999,MONDAY満ちる,Tomorrow's Sunrise,a1a44c10-54b4-4d8e-b992-09c6df4bc4fc
1999,1999,MONDAY満ちる,Yellow Bird,25bd4cca-9267-30ad-9fd5-c7eaeeae7a84
1999,1999,Mondo Grosso,Vibe PM,1892bee5-f39d-48c4-a311-bb5fb6b15b17
1999,1999,Monica Elam,Ebony Angel: The Resurrection,d94e787f-1b38-3f31-9bdd-52cc817ad4fd
1999,1999,Monifah,Monifah’s Anthem / Bad Girl & Suga Suga,b5404e68-c1e3-4ee1-acc2-b0bae14dd800
1999,1999-11-15,Monika Hauff & Klaus-Dieter Henkler,Der Weihnachtsmann tanzt Polka,5c8dc279-8318-419b-ad3e-07793c90af46
1999,1999,Monika Hauff & Klaus-Dieter Henkler,Jeder braucht das Licht der Sonne,3757f8ac-ede3-4afa-abfd-e552e348cf39
1999,1999-08-16,Monika Hauff & Klaus-Dieter Henkler,Mexico,6e62812d-16b7-49d2-8a28-d5bb1a5950f2
1999,1999-09,Monika Martin & Nockalm Quintett,My Love,5a205df5-5086-4e7e-8d97-766ac7fb9289
1999,1999,Monitor,Κάπου Αλλού Ξημερώνει,e7cd2440-65da-4698-9feb-f348329ed46d
1999,1999-09,Monograph,Don't Gimme Shelter,053f8361-50c2-45a8-96fb-b9a096ddfeee
1999,1999-11-12,Monolake,Fragile / Static,163c44a8-48fa-3028-8ea2-d66bc477ce7b
1999,1999,Monostars,Dresden Neustadt,28db72d3-4890-30c5-8746-b847bf33d802
1999,1999,Monsta Boy,Rush '99 Remixes,aeeb50c2-5e18-4886-9799-35f330c59d41
1999,1999-10-11,Monster,Ain't Getting Nowhere,8e354497-21a3-46f4-b407-93afe09d68da
1999,1999,Monster,Choose Me Again,2cb08c2c-181b-4076-b90c-e79330337dbf
1999,1999,Montell Jordan,Get It On Tonite,db89bbfc-0669-37fe-8b15-3786b79c6728
1999,1999,Montgomery Gentry,Hillbilly Shoes,af5057ef-e4c8-4ceb-bdf3-e4344ff74d39
1999,1999,Monty & Pascal,4D-99 / Aquarius 33,99c244b5-325c-462f-9aa6-0ddd4bb54f1c
1999,1999-01-19,Mood,Snakebacks / Secrets Of The Sand,40a85d8d-f9f4-4026-9981-fb61efa1f993
1999,1999,Moodymann,Don't You Want My Love,366be98d-786e-336d-a56b-77463527018b
1999,1999,Moodymann,Shades of Jae,13cb972e-d1d1-3ec3-be43-592c9233ecbc
1999,1999-01-13,MOON CHILD,STAR TOURS,1509a56d-1712-49b5-b764-66e9d9563239
1999,1999,Moon Project,House Builder '99,f5ab0a85-61a5-4cce-9d13-c5d6ddb8f716
1999,1999-10-08,Moonchild,View of Life / Streams,a02c77c0-ad88-3244-80d1-07fc68c3153d
1999,1999,Moonlight,Love Control,c01c9b03-ea3a-46c9-b9e5-b191cb81cf30
1999,1999,Moonspell,Butterfly FX,2d6241d7-87f3-4b0d-9782-6ebfc05f2302
1999,1999,Moos,Au nom de la rose,8384da38-fad9-41a0-8a23-a28e54194b58
1999,1999,Moose,Baby It's Over,ec4c2706-7daa-35f1-b704-ff3c0b4e1b31
1999,1999,Moovon,Rising,6c5bf8e1-e8fc-4517-b9af-034f61f90d1e
1999,1999,Moovon,Will You Be There for Me?,683d025c-4a96-4abc-968e-097f33cbf2c1
1999,1999,More,4 Ever With Me,d98865f2-6f37-4e0e-b96c-58642fdb94ce
1999,1999-08-01,Morel,True (The Faggot Is You),c985aac2-1d25-3673-a635-98a501d38770
1999,1999-05-02,Moreso,Take My Hand,749c0022-c7ee-4c08-a614-fe3f19bc674f
1999,1999-11-15,Morgan,Miss Parker,c668d5f6-16cc-304e-88b3-94b6b723e34f
1999,1999,Morgana,Never Gonna Make,9889e3a8-4d3e-48fb-bc4e-be3567f083c3
1999,1999,Morgana,Now And Ever,649041f1-399d-4919-bc8f-c04e8f148e9c
1999,1999,Morocco,New Javelins,075dfd3e-3c81-49aa-9e71-d2b4ce87c216
1999,1999,Morpheous,Suck My Fuckin Dick!,731ef1ab-0b35-4267-9e30-d542cf6a7152
1999,1999,Mory Klein,Kick That Bass,f4dc4548-f89d-427a-8838-c1d7320ad23f
1999,1999,Mos Def,Ms. Fat Booty / Mathematics,64963934-162b-30d6-a6b5-2c0306dbafe9
1999,1999-03-29,Moses Pelham,Mein Glück,9c42102e-2cd9-473b-8cfd-764f4b135442
1999,1999-03-08,Mosquito Headz,El Ritmo,20c4f859-0d2e-4142-9794-a85cba1267b2
1999,1999-11-23,Moth Wranglers,Turnabout,5b6d2773-e654-4179-af12-746b77a9f685
1999,1999-10-25,Mother’s Pride,Learning to Fly,d4c1d404-bdee-315b-8c3a-0cc378bae99c
1999,1999-10-22,Motion City Soundtrack,Promenade / Carolina,ed97c51d-d492-35dd-8c6c-5f90aef1d6a2
1999,1999-08-02,Motion Unit,My Mind,97177e9c-237d-3e89-b57d-031b016b0edf
1999,1999-11-23,Motorfunk,Rollin' With It,9b081646-8204-3ba3-81bc-c9a7144f6e72
1999,1999,Mountain Climbaz,It's Over,f0b3f26c-4dfb-49f4-a172-e8f9d859a6aa
1999,1999,Mouse on Mars,Diskdusk,13652e77-cedd-3832-aeb9-96249f0a4c03
1999,1999-10-27,move,Blazin' Beat,836fcdc1-e659-3ce1-aa22-496a6004681b
1999,1999-06-30,move,platinum,ddbe7456-a351-341f-b973-4e72b28b27f2
1999,1999,Movetron,I'll Be Your Baby,70084abb-c77f-4be8-8988-ab3369498c03
1999,1999,Movetron,Voodoo,ab1e8dcb-caa2-38ad-881a-b3b648efc891
1999,1999,Moxy Früvous,Half as Much,2b6bcbda-35e5-427d-be93-033769eac49a
1999,1999-04-18,Mozquito,Fiesta De La Vida,6f13a918-969b-4a3d-a042-a6ac81f682f0
1999,1999-07-15,Mo’ Horizons,Foto Viva,b4dd9234-2709-4cc0-95de-9663abfc64ed
1999,1999,Mr Bosskoff,L.O.V.E. (Love) / Sound of Music,97b774b9-cd6a-4c29-959a-0dbefc307b0a
1999,1999,Mr C,The Bird & Bees,c3d0e7e2-91e9-3019-8f89-6a9c2631a3de
1999,1999,Mr Kirk,Dead Again,f5655bf6-b004-4e85-8479-cb052482ad65
1999,1999-12-22,Mr. Big,Static,52ad6e1e-6b6d-3a10-8efb-59714fb553cb
1999,1999,Mr. Big,Superfantastic,5d570229-3cc3-36ee-9a36-e3f8f77ff782
1999,1999,Mr. Charlie,Simply Everyone’s Taking....,3459494b-745d-4f27-94e1-5a22b898f89c
1999,1999,Mr. Gentleman,Heat of the Night,0dd923f2-037e-3913-b6a7-51863c85837c
1999,1999,Mr. Lif,Triangular Warfare,8196df5e-70e9-4b84-8b34-1ed8eea90856
1999,1999,Mr. Oizo,Analog Worms Attack,77bb8737-351c-4276-a02c-9d82eac32430
1999,1999-03-15,Mr. Oizo,Flat Beat,e31749af-ca16-37ef-acff-fa67ff998db5
1999,1999-03,Mr. President,Give a Little Love,54b7f33f-ea07-3ab4-98cb-3534bce5ea01
1999,1999,Mr. President,Simbaleo,fe45560b-78d8-484c-9a6e-70956ee3076e
1999,1999,Mr. Schnabel,Ruff In Micros,19ba562a-5f68-4ce6-9310-36db65c3b807
1999,1999-04-26,Mr. Scruff,Get a Move On!,e6587c37-28dd-3ecd-803f-1d9738b91b35
1999,1999-10-22,Mr. Scruff feat. Feebi,Honeydew,6c4beb3e-c134-3a99-8663-88e947633353
1999,1999,Mr. Vegas,He's a Gigolo / Gigolo vs. The Ho,d07760de-2e12-3aed-b056-f16706187e7f
1999,1999,Mr. Vegas,Heads High,4d321001-4ed5-3d0c-be2f-ae23b3a9a00e
1999,1999,Mr. X & Mr. Y,New World Order,5fac4793-62b3-3a91-abe2-41a06cbeae1c
1999,1999,Mr. X & Mr. Y,Viva La Revolucion,1e4db490-d4b9-3759-b23d-efb016ce0000
1999,1999,Mr. X & Mr. Y,What's up at the Brotherfront,775d1bea-e91e-4de0-90b0-e20a71cd502b
1999,1999-05-12,Mr.Children,I'LL BE,ddd0830e-1172-3201-9fd5-dd2ad7e70ca0
1999,1999-01-13,Mr.Children,光の射す方へ,67331bd5-f5d1-3353-8540-93a98044d103
1999,1999,MRE,The Deep Edge,61d3387a-f13a-41dd-8f6e-3e273139e5cb
1999,1999-11-22,Mucho Macho feat. Jon Lucien,Easy Living,347c57fe-c74b-3acf-ade6-9ebc86c1b569
1999,1999-11-16,Mudhoney,Butterfly Stroke / Editions of You,e40b5867-bace-4c05-9605-79f0b9334fbc
1999,1999,Mudhoney / Davie Allan & the Arrows,Fuzz Gun 2001 / Encounter,03da69e4-6c31-480a-97a0-ac25902ec216
1999,1999,Mulder,Mulder's Theme,98991953-bdfa-48c4-a0db-29e7b1ba7af6
1999,1999,Multicyde feat. Anéa,Not for the Dough,a8515455-56aa-3ea8-bcdb-b7a504650528
1999,1999-08-16,Multiplex,Major Third / Vantage Point,5cdac551-873f-3f1a-876d-fee57a5b0ef5
1999,1999-12-22,MURO feat. Lord Finesse & A.G.,THE VINYL ATHLETES,842e1c9a-16c4-3abb-a14c-2d01bb2e9bd3
1999,1999-09-06,Muse,Cave,2e7c002f-ca5f-351a-a241-fbd14ed5e5bf
1999,1999-11-22,Muse,Muscle Museum,8c99a0a1-bfaf-3c21-b871-b56af6ac7b01
1999,1999,Muse,Sunburn / Overdue,4d312b8f-e7de-470b-bf1e-693a9c489f0d
1999,1999-05-31,Muse,Uno,965f06d3-a934-33c6-bac8-86c62a2db017
1999,1999,Music Instructor,DJ's Rock Da House,72363464-6512-4872-8713-5cb002f5d97a
1999,1999-06-07,Music Instructor,Electric City,b6a4ed8b-eaa5-3f65-998d-0bf3d5e3b1ac
1999,1999-01,Muslimgauze,Port Said,976caf68-b3e3-3e09-a155-4779c1aec41d
1999,1999,Mustang,Transitions,de051d6b-80ab-3815-b9af-a85cb110feea
1999,1999,Musyl & Joseppa,No More War,1299aa56-446e-41be-bc2a-e83213cdb70a
1999,1999-02-22,Mutabaruka,Dis Poem '99,34a2abe2-f534-32aa-a446-d843635831a3
1999,1999,Mutiny,Bliss,11aaec0d-baef-3d04-a3e8-d798140da257
1999,1999,Muzion,Mentalité moune morne,f2cbca65-b2be-4dd1-8071-338a72d101df
1999,1999,Muzion featuring DJ Nykeldon,Rien à perdre,52210c12-bc38-4db9-b837-7c4e8ad0e67b
1999,1999-12,MxPx,Christmas Only Comes Once a Year,c61f2ce4-c260-3880-b763-fce460b5f8c8
1999,1999,MxPx,Two Whole Years / It’s Undeniable,a4d5b13c-2b3b-4902-8f77-f10589b4edcc
1999,1999-10-18,My Life Story,Empire Line,a77035da-6b80-3baf-ae24-19a0bb3ed3c5
1999,1999-06-07,My Life Story,It's a Girl Thing,98a0e47a-9964-3446-9679-7fc2c0695558
1999,1999,My Life Story,Walk/Don't Walk,87948c7c-68c3-3f46-a5d4-0c45a3d11e93
1999,1999-07-12,My Ruin,Tainted Love,0a369e85-7485-3ef5-8670-438238634834
1999,1999-10-04,My Ruin,Terror,bd707bb6-c10e-35df-b3a9-b2a1e36dc30d
1999,1999-11,My Vitriol,Always Your Way / Pieces,9e70377b-60b3-3862-be5f-4a5e278fa0e1
1999,1999-05,Myer,Leavin' Space / Brown Sugar,2e5cc394-a337-487f-abef-09e22b58baf6
1999,1999,Mykill Miers / Dr. Oop,Bring It On / Twist of Lime / Run This,69dfeb29-7872-4b3f-846e-0fe0296bfcbc
1999,1999-06-07,Mylène Farmer,Je te rends ton amour,0de02808-eda1-389e-b0eb-658b73eb2cf4
1999,1999-05,Mylène Farmer,Je te rends ton amour (dance remixes),3b5557ef-00d4-42b2-a333-18a2910c2b7a
1999,1999-02,Mylène Farmer,L’Âme-stram-gram,1de8f981-8b85-3c07-a995-e722b3cc3f2a
1999,1999,Mylène Farmer,L’Âme‐stram‐gram (dance remixes),2f2fca57-7f1f-42c8-abcf-7189a97d0339
1999,1999-08-31,Mylène Farmer,Souviens‐toi du jour…,e8b56fd9-ea8b-3402-af20-c8a448942a3c
1999,1999-09-28,Mylène Farmer,Souviens‐toi du jour… (dance remixes),d43871ac-6652-49bb-8e07-79487b5db83c
1999,1999,Myslovitz,Długość dźwięku samotności,debcb260-fe81-333d-b010-ca9776d2e72a
1999,1999-05-05,Mysterium,Nostalgia,9222e62e-cbac-4bd0-bd0f-326f97be2df1
1999,1999,Mystery Man,Activate,a724c4d0-9d34-46c0-9979-3ee9e7a6e3e3
1999,1999-10-02,Mystic Moon,Solitude,c08e3305-2d8e-4550-8912-250f9bc3fae3
1999,1999,Mystica,China,1fb8536b-0882-4a26-b5f0-eba24571d3c2
1999,1999-12-06,Mythos ’n DJ Cosmo,Send Me an Angel,3939cb8d-c4b3-3709-bf2a-d6be8db2b1a8
1999,1999-04-27,Mythos ’n DJ Cosmo,The Heart of the Ocean,f1d6983b-b541-3991-8359-d603906ffde7
1999,1999-08-23,Mythos ’n DJ Cosmo,Unchained Melody (Love Theme from 'Ghost'),27ca848a-2168-3e1f-ac94-be7bca11052f
1999,1999,Mytown,Body Bumpin',bea34949-7bb3-45a3-81c6-f2f1201483ca
1999,1999,Mytown,Now That I Found You,21716c14-02d8-3ce1-a118-db63290fc80e
1999,1999,Mägo de Oz,Molinos de viento,6fe489ff-dc4c-4a2f-b2f6-0259605ffd3f
1999,1999,Mägo de Oz,Resacosix en Hispania,2ed6a159-91ee-30b9-bd63-356f73b0d64f
1999,1999-06-27,méffist,méffist,7d1db9ae-f226-4c73-a22c-ce82a05d5fe1
1999,1999-09-09,MÉLUSINE,人間不信,cd13a400-5eac-462f-8fcd-83ee27b6d843
1999,1999,Métisse,Sousoundé,39feb624-7cb2-4f19-a9e5-1b377d909d14
1999,1999,múm,The Ballad of the Broken Birdie Records,007b281c-4830-3b5a-9d36-555df8057a16
1999,1999-01-01,Müzeyyen Senar,Yolcu,499cf345-e5ae-43a1-8aee-e58c8fea1eed
1999,1999,Mýa,Movin' On,898b08ae-ef5c-4ed0-b6b8-4185902fde0d
1999,1999-04-13,Mýa,My First Night With You,ecd63afb-4fb4-3b82-883f-d04d64cae5f6
1999,1999,Mœnia,Manto estelar,782cbf45-8e85-3a14-bb69-e992752f285a
1999,1999,Mœnia,No dices más,c53d1d0d-ae1a-4b9e-a352-971de95801b1
1999,1999-11-25,m‐flo,chronopsychology,169424d8-27c4-38f3-b7aa-4a419b60de98
1999,1999-06-22,m‐flo,flo jack,51420daa-1b48-4371-b4db-3f1c1bb88b90
1999,1999-11-25,m‐flo,L.O.T. (Love Or Truth),d201c9e6-e47f-3f54-ac60-355707cdafcc
1999,1999,M‐Traxx,Nastiness,1ce0ea82-7ff5-4afc-b173-d38ac43230e9
1999,1999-06-01,M‐Traxx,See Me Feel Me,e5332a27-c15e-4d4b-97c8-7f25e7a9c95b
1999,1999-06-14,N-Tune,Everybody,3015d129-d2ac-499e-96d3-6f9b7a4e2df1
1999,1999,N.O.K.,Get On Up / That's Right,d5a8db80-3920-46f2-945e-e41808638f9f
1999,1999,N.W.A,Gangsta Gangsta / Dopeman: Limited Edition Drum & Bass Mixes,c8ec0cda-0fa2-3787-86c5-805ccd8e4be7
1999,1999,N@sa 2000 feat. Non Eric,Magic Fly,474a7006-26b7-4237-9bcc-8cd5d6f89042
1999,1999,Nagano All Stars,Push It to the Limit,d7765af7-801b-335e-949a-f3872f544ac2
1999,1999,Nahawa Doumbia,Fatien / Yankaw,c06583b1-5f3e-4485-8b5f-5013772e8d51
1999,1999,Naiskala,Musta tammikuu,bcbea923-0653-3adb-93d0-689d60991d14
1999,1999,Najwajean,Garota de Ipanema,ca974ea0-0e89-3781-a9c2-4446ac8f8598
1999,1999,Najwajean,I’m Gonna Be (500 Miles),42fb3fc9-c8ef-30d7-af28-0d8a95d37c38
1999,1999,Naked Lunch,Closed Today,f7662cc7-e9b2-478a-bb2f-4b83e58887b5
1999,1999,Naked Soul,So Happy,3a66d1f7-a976-3976-9ac7-499b2e3f88e2
1999,1999-09-06,Nalin & Kane,Open Your Eyes,0ab88f16-2076-394e-a9e6-9dfb1999aefe
1999,1999,Nalin Inc. feat. Space,Magic Fly,e1dca517-883a-4681-b13b-ad6fb35b5210
1999,1999-03-17,Namie Amuro,RESPECT the POWER OF LOVE,b5016c90-69cd-3ee1-ad9d-68b5f09c5d10
1999,1999-09-01,NAMIE AMURO,SOMETHING 'BOUT THE KISS,23ab5d99-8247-3789-a378-c2fbce37ccf6
1999,1999-07-07,Namie Amuro,toi et moi,7ef58803-2a16-376e-a8f6-c17727b29f1d
1999,1999-11-15,Nana,I Wanna Fly (Like an Eagle),286e8c37-0df7-439f-b6de-d8938b365627
1999,1999-01-21,NaNa,Snake Girl,79704d0c-821f-4487-a318-6e5f8a13c549
1999,1999-09-09,Nancy Vandal,Prom Date with No Eyes,26300103-3f47-3318-aa09-845b823e3f3b
1999,1999,Nanne,Vem som helst,8d801b54-0174-4352-968d-4dc21a54606a
1999,1999,Nanny K,Vi vill ha en man,494b1331-4da2-397c-a6c2-410af5c7533d
1999,1999-03-15,Naomi,Be My Lover,38451829-a511-3e4e-ae57-4a4490b5b8ec
1999,1999-12-13,Naomi,Passion Fruit Jam,da422b03-5e5e-406d-8eab-9f251dbe09c0
1999,1999,Napalm Death,Incinerator,9a9c91d3-dff8-4fa4-a788-d9d05286b11e
1999,1999,Naptron,Styles Of Madness,bd21c3ce-266e-41b2-8834-00e204577921
1999,1999-04-06,Nas,Hate Me Now,ffd20d11-26d4-3d2a-8d00-4e298cc17f82
1999,1999,Nas,Nastradamus,fe09fd4a-037a-4849-940c-f50c4ea849a4
1999,1999-04-19,NASA,Back to Square One,19829b07-0ca3-35c5-98ce-dc90d31f9ff8
1999,1999,Nasty Habits,Liquid Fingers / Liquid Beatz,46d77697-2c58-3daa-8cdc-492badd5c989
1999,1999,Natacha Atlas,Mon amie la rose,44d0c84f-d16e-35bc-9b37-c6543fe95a58
1999,1999-04-19,Natacha Atlas & David Arnold,One Brief Moment,fc753e2f-e6f5-3a22-a6a6-0086d9a525ab
1999,1999,Natali Lorio,Vous les menteurs,337c6538-ef54-4c1a-a1ab-2373c35d15e0
1999,1999-03-01,Natalia Kukulska i Anna Jantar,Tyle słońca w całym mieście,ee568e29-b349-4be4-86f3-f30c442c3c4e
1999,1999,Natalie Browne,Marvellous,26c9549d-92e2-3f88-b80a-64f8dedc379b
1999,1999,Natalie Imbruglia,Identify,4fa409fe-266f-4e12-94d5-e0620cca29a7
1999,1999,Natalie Robb,I Will Be There,1bc9b319-e39c-4237-8ebc-e69e32989375
1999,1999,Nataniël,In Ev’ry Star,3f907a01-3143-4b2d-81c1-da5419fb5958
1999,1999,Nate Williams,Jump Stump Da Party,ec737340-f972-3b4c-8101-098ae6031241
1999,1999,Nathalie Cardone,Baïla si,6c07beb3-cfb4-4e64-88c3-2ef90e32e713
1999,1999,Nathalie Cardone,Les Hommes de ma vie,bad7876e-bb78-4fca-b775-141edd5bbf05
1999,1999,Nathalie Cardone,…mon Ange,0f50f427-b6ae-38d2-800d-4e56445fe4f7
1999,1999,Nathan Coles & Big Hair,Flobadob,54d94569-d4c0-4103-867f-9e41f141d90f
1999,1999,National Park versus Future Pilot AKA,Earworm Subscription Series. Four.,b757a3b3-a05a-43b4-993a-989f77755392
1999,1999,Natural Born Hippies,Am I Not Sweet,2c817417-87af-33a9-b069-a126526d2f49
1999,1999,Natural Born Hippies,Lola,cf6e2d20-f104-4fbc-8fe5-4f32180cce7f
1999,1999,Natural Elements,2 Tons,0f03fcd0-4790-3a0d-afd8-a8fc97af92d8
1999,1999,Natural Mystic,On the Run / Cyberdub,f7dcb99f-9f38-4b58-922c-3d5d128c104b
1999,1999,Natural Mystic & Future Bound / Natural Mystic,Solar Level / Chrome,d2e69f69-c3ce-45a5-bf00-4343b9d63b5e
1999,1999,Natural Rhythm,Fall,bf53c39c-4e76-3a95-b24a-85279aef2756
1999,1999,Natural Rhythm,Something Big,1312c755-5e12-3724-8100-a096dcd222d8
1999,1999,Nature One & JamX,Lost in Emotions,f2ce42e8-8fdb-4af5-b893-0e7d90090001
1999,1999,Naughty by Nature,Live Or Die,af1d2e45-6bc1-452c-b9fd-911a06f868ee
1999,1999,Naughty by Nature feat. Phiness,Holiday,966ddf28-f482-4822-ad55-f95a6fa67fdf
1999,1999-06-29,Naughty by Nature feat. Zhané,Jamboree,0c1a8b7c-2500-401d-af4c-d2290269d152
1999,1999,Navigators,Dr. Now,84fc0002-2966-4014-8a43-1605d6e69d01
1999,1999,Navigators,Keep On,7b43e0e5-7e20-45f5-a266-c04e3c167238
1999,1999,Navigators,Superstar,e1441e5f-af0b-4b7b-90e3-ca81d089259b
1999,1999-04-21,NAWNAW,All My Soul,d460f993-d153-42b0-908a-6963696c95b6
1999,1999,Neal Lorenzani,Lovethang,40651a44-e26c-4f81-8e7b-f24835ceddf2
1999,1999-02-24,NEARMISS,RED HOT LOVE,70d2cbe4-1e51-4e5b-af88-fbd1c0e447a9
1999,1999,Needles,Instrumental Case #1,23ff3114-c4c2-4600-a736-1dcd91931c7f
1999,1999,Neil Finn,I Can See Clearly Now,90b7ff6e-5110-30a0-9a56-72326cd59df2
1999,1999-04-19,Neja,The Game,8ddd410e-e531-4b40-8317-cd12ce9abc3c
1999,1999-02,Nek,Se una regola c'è,91f6f2e4-575f-31c3-a462-bcf310b2e7bd
1999,1999,Neko Case & The Sadies / Kelly Hogan,The Shortening Sessions: Loretta Lynn Tribute,b7e5be50-d98b-4ae2-b738-4fccf5c2772b
1999,1999,Neljä Ruusua,Hunningolla,d4cf9a95-8d33-4921-b0c7-baa37d409325
1999,1999-10,Neljä Ruusua,Luotsivene,77763e4e-b15d-4c3c-a6ea-13c978d57209
1999,1999,Neljä Ruusua,Olen niin pop,e8df044c-dd1d-4be8-b96c-169abf889689
1999,1999,Neljä Ruusua,Varjo,5feefd32-7e67-4072-bdba-679ac653a218
1999,1999,Nelly Furtado,Turn Off the Light,a3b133d5-6e37-3eaf-9fc2-15d16b3c6ee5
1999,1999,Nemo,Spacemaker,34e008d3-3745-4ccf-83f5-72d3074e1a29
1999,1999,Nemo,Spacemaker / Long Range,7e078a48-d77a-4851-a595-2e74d58ca68c
1999,1999,Nena,Ich umarm' die ganze Welt,91451bff-b5dc-4dd2-b762-ef89e73c900f
1999,1999,Neneh Cherry,Twisted Mess,c311f582-5202-44a9-9f99-0bf51dbcd48e
1999,1999,Neo,Persuaders,21e023fa-4fc1-4e36-97c6-97254478a860
1999,1999-09,NEO SONIC ARTS,アクアガール / アンテナのある坂道,9e7db4fb-2191-4ca6-80c3-f5d189793fb1
1999,1999,Neon Phusion,How Times Fly,4314e91b-6b41-47c1-925b-d42b0905e0f8
1999,1999,Neon Phusion,The Future Ain't the Same as It Used 2 B,ae64088e-6488-4c49-abe0-f113948f2752
1999,1999-01-11,Neotropic,Ultra Freaky Orange,93bf8dbe-f265-3993-89a8-a30dff628efb
1999,1999-06,Nepenthe feat. Tammy,Burning in My Soul,b71bc279-1c8b-361b-94c2-01d520b4a2b3
1999,1999,Nerio's Dubwork meets Darryl Pandy,Feel It,08d75798-f178-3c3d-8f87-2a6bf20ac1f6
1999,1999,Nerio's Dubwork meets Kathy Lee,K Mart Shopping,bb9f1f95-2440-4313-a9b5-0d757da1bdd7
1999,1999,Nervous,All or Nothing,4a94d983-5f49-48c0-9090-90407dc4f93a
1999,1999,Nesha,What's It Gonna Be?,91b9471c-784e-4f8d-8402-8d4c877819a3
1999,1999-09,Neuroactive,Put Your Trust in Me,01b8caf6-19d6-3443-9170-c9d08b34453d
1999,1999,Neurosis,The Doorway / Under the Surface,f52b4fbf-45ae-4b21-9184-092f1e2b0f98
1999,1999,Neurosis,Times of Grace / The Last You’ll Know,0852cbd2-2a19-4d6b-91f7-6bd4b15ad4fe
1999,1999,Neurosis / Soilent Green,"In These Black Days: A Tribute to Black Sabbath, Volume 6",0097d9cd-a3b0-3c8d-b3a4-463cea23c0f4
1999,1999,Neuroticfish,M.F.A.P.L.,4200a6d9-ff56-3d98-ab48-3273adf722dd
1999,1999,Neve,It's Over Now,533d9f8c-5d4a-47d4-8da0-03d6272c6301
1999,1999,Never Endless,Infant School,b810de20-f539-3f3f-a2b8-3e1f8ae50d83
1999,1999,New Bomb Turks / Onyas,Good On Ya Baby / Nightlife,ec8923ed-ecdc-42e3-a490-dff1a601ddfd
1999,1999-04-14,New Cinema Tokage,CaNDY LiFe,d3cb3d21-a582-4eb2-8a28-716eb8479d76
1999,1999-02-10,New Cinema 蜥蜴,Smashing the good! Smashing the bad!,38694a0b-49a6-4a81-af59-624e4fd8efb5
1999,1999,New Electrics,Get Together,e63421d7-6d30-311f-bb85-8f5054c2545a
1999,1999-01-23,New Horizons,Scrap Iron Dubs No. 1,d392c4a1-95e3-4679-a617-9b0a6ce3ce07
1999,1999,New Londonbeat,I've Been Thinking About You,4507b01f-298a-435c-9360-18d2d86a394e
1999,1999-04-03,new media junkies,c'mon space boys.,3fbfe970-4ac3-460b-b246-8fb2a90d162d
1999,1999,New Moon,Detox / Basic Instinct,db933840-d068-4dd8-a86d-bc9479b12e05
1999,1999-09-13,New Radicals,Someday We’ll Know,dc0ebf49-441b-35a4-b9cd-d2cbedd47202
1999,1999,New Vision,(Just) Me and You,c5e8e39b-7074-37ea-bf67-aae7ddb2fb65
1999,1999,Newark Anonymous Clik,Fiendin 2 Get It On,780de594-846c-4a2c-bef3-4dce95763437
1999,1999,Next Phase,My Desire (Club Asylum Mixes),1091a396-80bc-43e7-ba55-d6c716d829fb
1999,1999-06-28,Nick Faber,Let Me Hear You Clap Your Hands,c8c0d221-c7e0-362b-af1d-54a6dad92769
1999,1999,Nick Faber,Something for You,8b02246c-e842-37c8-b86c-9dd626f0c131
1999,1999-02-08,Nick Holder,Da Sambafrique,9ff8e62b-5218-3a83-99a9-557523b7a04c
1999,1999,Nick Holder,Inside Your Soul,caac4d0e-726d-31ed-bee0-c268d69f8a65
1999,1999,Nick Holder,Singing Da Blues,b4f5b8db-d87c-354c-8330-459c00c88933
1999,1999,Nick Holder,Trying to Find Myself,f8bb8d0b-e46f-3212-8b4b-2b237ff0fad9
1999,1999-04-19,Nick Skitz,Hornbag / Asylum,392d8387-41a2-44f2-ada2-9edb0ce7abdd
1999,1999,Nickelback,Leader of Men,8aabb98a-85b4-3195-913c-8580ecd2b568
1999,1999-02-22,Nicki,Du brichst mein Herz entzwei,727d3d7b-025c-42a3-bf63-19e88e7dc47d
1999,1999,Nico Gemba,Ich will mit Dir,5bdf5060-5f35-40e4-8745-7374907673a4
1999,1999,Nicola Ciccone,L'opéra du mendiant,0c6c62c7-56eb-4fe6-98f8-324759f2e1cf
1999,1999,Nicola Conte,Arabesque,5db0cbcc-e815-4438-a284-7e3f9832103a
1999,1999-02-11,Nicola Piovani,No Trains No Planes,049b907b-605d-4f2c-afe3-de31d76cc0e5
1999,1999-11-02,Nicole,Ohne dich leben,2c03e45a-c400-4719-bc54-2b974d48f48e
1999,1999,Nicole,Wirst Du mich lieben,d80afd5a-c1dd-4c6a-b7b3-1a799e5e4836
1999,1999,Nicolette,Blue Day,e110a149-e370-469c-8d42-fc6c5497011e
1999,1999-12-06,Niels van Gogh,Doppelgänger,9dace231-a4b2-4936-aca4-b87bb01e5bcb
1999,1999,Niels William,Golfbreker… ’t Is feest,fae3643c-86f7-4a4a-b268-e6253f6aa046
1999,1999,Night Flight,Dance With Me,85f323cc-9759-494b-b2f3-5bb0368154c7
1999,1999,Night Flight,Shake It Up,735b4e35-b8e2-4594-8852-0ff675489944
1999,1999-10-04,Nightcrawlers,Never Knew Love,bfa603ea-9c7d-43f5-b5b1-8007ad78cb55
1999,1999-06-14,Nightmares on Wax,Finer,fbfb4894-a51e-3260-8683-3b21d9238979
1999,1999-03-29,Nightmares on Wax,Les Nuits,7fa63800-a1fb-323c-a373-27e179377091
1999,1999,Nightwatchers,Mystic Paradise,420e717b-f754-42b4-abb7-960411ac2914
1999,1999-05-31,Nightwish,Passion and the Opera,2a0ac67a-b89d-4e5b-b479-205d94dba1c2
1999,1999-08-02,Nightwish,Sleeping Sun (4 Ballads of the Eclipse),9ffd8548-a2b3-379d-916a-370207a2310d
1999,1999-03,Nightwish,Walking in the Air,ff5064db-9715-348b-a957-620e0fd73b95
1999,1999-02-15,Nik Kershaw,Somebody Loves You,ff261e2b-ad52-3aa8-88f0-8b07670b7fc9
1999,1999,Nik Kershaw,What Do You Think of It So Far?,33679556-7901-4943-ad90-ddeb148ca5c8
1999,1999,Nikolai,I'm Back,8bc842e6-80d4-4060-b77b-d2c7129cf7ce
1999,1999-05-11,Niktashta,I Like The Way,2600eb43-cd62-484e-bfa2-7e147f957f1b
1999,1999-07-14,NiNa,Happy Tomorrow,13a2240a-ee31-351b-bdfe-3e34529998cd
1999,1999-10-14,NiNa,オーロラ・ツアー,d0dec19e-e51b-43bc-bc8d-69b498df0dca
1999,1999,Nina Lizell,Mit dir zu leben,c92b1159-896e-42d1-a05e-ee13da48e64a
1999,1999,Nina Lizell,Sag' ich brauche Dich,b5508200-bc87-49a0-b566-e7ee82030bb8
1999,1999,Nina vs. DJ Dado,One & Only,eee47383-c598-4a7a-979a-4df3a8981bbf
1999,1999,Nine Days Wonder & Bluebeard,Nine Days Wonder / Bluebeard,a3b2a05b-52e1-4c6a-bfe7-71f7621159cd
1999,1999,Nine Inch Nails,Into the Void,194313cc-934c-3ea7-b4a7-3edd2df0675e
1999,1999,Nine Inch Nails,"Starfuckers, Inc.",77928600-95d9-3760-89df-ac67649a1368
1999,1999-07-20,Nine Inch Nails,The Day the World Went Away,7b8d5928-f05c-3a1c-8f32-a4e618de43b9
1999,1999-09-27,Nine Inch Nails,We’re in This Together,b2ba5a6a-8d73-3aca-804a-9397a1228cc8
1999,1999-08-16,Nine Yards,Always Find a Way,34f89f03-6c94-3b1b-aac6-ebbcd173d2a3
1999,1999-02-15,Niraj Chag,Walk Alone / Sanatan,72761427-f271-362b-aa2b-c57d3d344d83
1999,1999,Nitin Sawhney,Broken Skin / Homelands,ef255ac1-a18e-4815-9f0a-a1c39239a3d1
1999,1999,Nitin Sawhney,Letting Go,80456bea-7d50-4183-bc29-da8e68f5c83c
1999,1999-07-23,Nitre,F.T.W.A.,37076969-815a-4b04-9130-6f53fb487039
1999,1999-04-21,NITRO,CALLING,0917b051-7fbc-39a2-9ec4-47e6e3cb10f9
1999,1999-05,Niños Mutantes,Veneno-Polen,58a0c779-e857-3e0e-93a2-2879a8f002bc
1999,1999,No Artist,Densen DeMagic Gold,d6dc3825-4a14-4eb1-9723-f9a71846c720
1999,1999-01-01,No Brain,청춘구십팔,5b62331e-181e-4ffc-a984-2f6adcd44770
1999,1999-05-31,No Doubt,New,d1a31f62-0e6a-3a5f-93c8-70ee733dd3a9
1999,1999-06-28,No Face,If You Were a Teardrop,f7a9f8ad-c54b-40d3-8d4f-2ba155dce123
1999,1999,No Iron,No Sense In History,d720aad5-18eb-4b7c-b172-d4da06f70ff6
1999,1999-03-29,No Mercy,More Than a Feeling,921edbc2-24a5-4b12-b529-5074d431f303
1999,1999-12-15,NO NEED,Don't disturb,1214812c-2bb5-4f21-a3e0-fbe627780ec7
1999,1999,No Reply / Stillwell,"Split 7""",307efb23-55c5-4eab-b932-c5278f90878b
1999,1999-01-21,No'where,Don't stay,ac6f267c-7d3a-4729-889f-77d94a104f89
1999,1999-06-19,No'where,Low Down,27297450-e8b6-4241-b0db-43c76bb962a6
1999,1999-03,Noa,Babel,e5dcba65-25e4-348f-ac6b-ca9a3ba3fd27
1999,1999-11-23,Nobody’s Angel,If You Wanna Dance,a0f1079c-d07b-4074-9ba1-14a1fdb89aa5
1999,1999-04,Nockalm Quintett,Casablanca für immer,ba2fd7d4-b7b1-4364-8380-f1740a6d4ca1
1999,1999-08-24,NOFX,Louise and Liza,983a0fb3-b5d7-3dae-8820-12d8f69e8356
1999,1999-05-18,NOFX,Timmy the Turtle,a9244d6b-91a4-3f41-9b2f-813e32df4c1f
1999,1999-07-18,NOi'X & Missalina Rei,果実と美麗なる十字架,c5d0e53e-3ecb-46b8-bee6-35242aeeffe1
1999,1999,Noise Maker,Cuba Libre,09b9a28e-8422-4da0-833b-66c0697e5a73
1999,1999-11-30,Noise of Reality,F**k You!,1831d9a3-3acd-4919-8d5b-099ccb066e2c
1999,1999,Noize Creator,Push It!,75989394-718b-3a13-93b1-0c872bb1d0ca
1999,1999,Nomadi,Il profumo del mare,6256ef5b-67db-43c4-b974-af28087c5be6
1999,1999-08-17,Non Phixion,Sleepwalkers / Thug Tunin,e932654b-d529-4462-b8cf-ab516742b2fe
1999,1999-07-07,non-stop dancin' shaka,松,13df8c67-e984-4f6f-9178-b1fa49afbaa3
1999,1999-08-02,Nora Aunor,Mga Awiting Pilipino,fd2c44a8-5c31-4093-a052-73c602063014
1999,1999,Noreaga,Oh No,9250e2cd-a984-4af6-9874-4f0e1e8fad9e
1999,1999,"Noreaga feat. Capone, Jadakiss, Big Punisher, Maze & Musaliny & Angie Martinez",Oh No (remix),0f3e15e9-2ade-4993-b787-7eddf8ca9ab6
1999,1999,Norma Jean Bell,Do You Want to Party?,817f9dba-325d-36ff-bf99-5ea2e32b7310
1999,1999,Norma Ray,Emporte‐moi,d79158c8-0fb5-4281-bec0-367d300d5dd9
1999,1999-01-26,Norma Ray,Tous les maux d’amour,4e124840-af24-4175-950b-4e7d16f21eb4
1999,1999,Normaal feat. Jan Smit,Puik idee ballade,85cad9ed-ae80-4819-914d-1bfc530baf96
1999,1999,North of America,Bayonet Point,e1c3780c-afa9-42f9-858d-bfc1617cf276
1999,1999-11-17,northern bright,WILDFLOWER,c75faad9-ad14-3fb2-b140-673aa9bb7981
1999,1999,Northern Lights,Love of My Life,1972271b-681b-4031-9900-1a621b5c2140
1999,1999,Northern Lights,Pyramids / The Maytrix,e429e8a7-8a99-4794-9c47-f78b3cfc7d5a
1999,1999-09-27,Northern Line,Run for Your Life,1ad19b8b-7ee1-3eb2-ae09-c6ce3bc117f0
1999,1999,nosielgxp,RITMO LUNAR,540f2649-f06a-4649-8e9a-de2113e876f3
1999,1999,Nostrum,Mindgames,abfcb3a4-c8c9-4ac2-ace5-8155f26d946b
1999,1999-07-26,Not From There,Juanita's Cocktail Party,54d06d87-ed62-456a-9ba7-119918ba5198
1999,1999,Notis Sfakianakis,Around The World,85d9317d-cb0e-410c-9fb5-739d6a300d6a
1999,1999,Notis Sfakianakis,Προάγγελος,18946da9-e1a7-4861-b276-420cc7b4d976
1999,1999,Noto + Yoko Tawada,13,742f2756-2b21-337a-baed-f9acc8e76daf
1999,1999,Notorious B.I.G. / Black Rob,Dead Wrong / Whoa,071bb776-c7bf-43eb-8d1e-21906744e33c
1999,1999,Nourith,J'attendrai,7f9a6f85-d2ff-4668-ac08-0086fdcdaad2
1999,1999,Nova,Welcome to the Future,c5669b53-2250-4a0a-97b7-680e9c9e8c86
1999,1999-09-27,Novastar,Wrong,a3ab9e0d-73cb-301b-b083-09e316a4173e
1999,1999,Novy vs. Eniac,Pumpin…,25e0048e-86e0-32ff-8e16-7c8f0a7d03a8
1999,1999,Nový Svět,Feliz Navidad,8cff6539-4ddc-4e49-be24-694ed918c1ad
1999,1999,Nový Svět,Olvidado / Le cose che ami,167fbc6e-84d7-4f58-a10a-9eab055b60a5
1999,1999,Nowadays,-99-,c626bc0c-2aa9-421d-a6c9-4cc2b2868a35
1999,1999-11-02,Nowhere Men,Music and the Sound,516cfe2b-44b7-3a4f-959e-eb65c664d0ba
1999,1999,Nu Generation,In Your Arms (Rescue Me),bc58b316-2913-3cdb-8832-d5adf584d181
1999,1999,Nubian Mindz,Black Science,539747e0-ab6a-3596-b58c-6521a74098df
1999,1999,Nuccle vs. H,Platform,c256eb09-ec56-392f-80e7-f00bb6bd113e
1999,1999,Nudge,Musik,c1335dba-b21e-446c-b48d-212459d79d1d
1999,1999,Nudge & Shouter,Blue Lagoon,02fe521b-97dc-4568-b1ed-332885bb8f37
1999,1999,NUHR,Dromen,cc78ae63-d859-431f-aff3-d0f7b1710e89
1999,1999,Nujabes & L Universe,Ain't No Mystery,11d903da-30a5-4843-b1d3-af65181a31ea
1999,1999,Nujabes featuring Funky DL,Peoples Don’t Stray,53dc2caf-aa6f-43f4-ab26-30426f00f0aa
1999,1999-09-22,NUMBER GIRL,DESTRUCTION BABY,887da37e-a368-39cd-8a60-9134b268f625
1999,1999,NUMBER GIRL,SENTIMENTAL GIRL’S VIOLENT JOKE (4 TRACK ACOUSTIC),a4de866f-44a8-4c3c-91c1-f4816664cfe8
1999,1999-05-26,NUMBER GIRL,透明少女,c874da40-de33-336b-8e2b-a3e8625e3cc3
1999,1999-01,Number One Cup,Remote Control,c29bb987-0fbf-34f7-b37c-526847151baf
1999,1999-05,Numbers,No More Room,b4c87d50-fa9d-3967-8af6-4038f6ee96cb
1999,1999,Nunca feat. Pat Krimson,Movin' Train,4f38a189-a12d-315d-97b8-f809b2a3c1d0
1999,1999,Nunca feat. Pat Krimson,Voodoo,babd21d9-d57a-48ce-bd92-cc3d7bb43060
1999,1999-10-13,Nuspirit Helsinki,Colors of My Mind,04d30245-b772-3bdb-b785-d91332cfc67b
1999,1999,Nuzzle,No Más,28c9bc3b-7e9f-4388-bd7d-6652e95baee4
1999,1999,Nya Black Ingvars,Diggi loo diggi ley (remix versions),c9395f95-b1d6-44a1-8f07-0b8fd148bb64
1999,1999,Nylon Beat,Ainut jonka sain,79349ef9-e0d8-4e22-8b1f-50251a635846
1999,1999-12,Nylon Beat,Musta joulu,51af3ec3-2955-346c-9f81-be92d55e23cd
1999,1999,Nylon Beat,Seksi vie ja taksi tuo,4f2b100f-c43c-3e1f-a208-ecee4ebaec20
1999,1999-07,Nymb,Sanders,2d44a666-806d-43df-b90e-30d2efd373cf
1999,1999-11-21,NéiL,...at LIBERTY...,fc1776b0-4195-4c0d-8c97-f102f5c7010a
1999,1999-02-24,NéiL,DEEP ETERNAL,6d653add-8dab-4ac3-9d38-7521b8e7973c
1999,1999,Nükhet Duru,99,706f298f-53f7-3900-a659-7905cbc3ce62
1999,1999-10-19,O,In the Game,19aef0e8-898b-482e-badf-d8a41a24517f
1999,1999,O-Mar,Dein ist mein ganzes Herz,78d66f7d-b390-4cbb-bfd2-053e4a825b06
1999,1999,O.C.,Bonafied / U-N-I,91bc9620-018f-3c6a-a2ad-cf745068c03e
1999,1999,O.D.404,Don't Stop,bdbe8796-2911-4a44-9955-9112a8d37bad
1999,1999,O.D.404.,Tease It / Prozak 6,35111045-2ebb-439c-8a02-fc7d15d28306
1999,1999-11,o.n.a.,Ciągle Ty,4a14aad6-abea-326a-84ea-fbef9bb6e7ce
1999,1999-01,o.n.a.,Hystoryjka,1727f909-5d67-335b-b864-ea52a8f37cef
1999,1999,O.P.,Krankenhaus,9503f511-f479-4fdd-8ca4-8585ad08cdda
1999,1999-01-26,Oakland Stroke,Planet Whip,1e73fd40-0943-3e8c-8bc2-2296eb0cfc42
1999,1999,Oasis,Go Let It Out,5d2dd6f7-3e4a-3dac-a7b3-bc34f1b9e386
1999,1999,Obaben,Nineteen,1d029a57-486a-4f26-833b-212b4bd1e196
1999,1999-01-13,OBLIVION DUST,Blurred,43bbb258-b676-372a-93f6-65ab3f61dcdb
1999,1999-12-16,OBLIVION DUST,Crazy,a706b2e4-3f29-3fb0-a017-eba464ded8b1
1999,1999-10-27,OBLIVION DUST,Goodbye,1a32a2fa-f5e8-3dc6-a858-ed04bf53ebf5
1999,1999-03-25,OBLIVION DUST,YOU,091358d5-81ad-48f2-85fd-41ff5f456c0e
1999,1999,Obscurum,Subtle Changes,8c40b1dc-0ca3-32b3-acbd-180f1c1383ed
1999,1999-08-23,Ocean Colour Scene,Profit in Peace,70255865-4c5b-3b4d-b9aa-744d5cbb6b44
1999,1999-11-08,Ocean Colour Scene,So Low,222cb69b-b14f-498a-bd24-3307a232a39e
1999,1999,Oceania,Kotahitanga,fa567907-8905-4e60-ae7c-522f887a19f4
1999,1999,Oceansize,Saturday Morning Breakfast Show,e822cbc7-6a45-3a69-9599-38ea1d36cc49
1999,1999,Octave,Square Peg / It Ain't Over,f651050c-30e3-4b51-bfcc-c6ab86cffe04
1999,1999-04-12,Octobre Rouge,1918/Argotrip,3286c3b8-5c89-4a64-aede-4f70c02921ae
1999,1999-12,OCTPASS,01,f94aec9e-0ee2-46f6-8b0f-3349b4b3df22
1999,1999,OD,Can You Find the Level of Difficulty in This? / The Ancient Art of Adlibbing,16aed207-3bc1-3645-9c19-8c61fd04cdb2
1999,1999,OD404,9 Bar,10726ae7-51fd-4190-99a3-690708d64e02
1999,1999,OD404,Beat Dis,57195a56-56eb-4c77-96d5-b79853d7dd61
1999,1999-06-18,OD404,Fireball,deee4145-9c63-3e95-8269-5eac54cc0abd
1999,1999,Oddworld,The Joker,3701d77b-db72-4e08-bdd2-543037b600fb
1999,1999,Ofasia,Saté San,1e04c4f8-2549-41b0-b1ca-827f8f9c536a
1999,1999-11-27,Ogawa,湿地帯と金魚,e6a47873-87f1-4171-b7bd-f09fd4bce6d2
1999,1999-10-20,OHA‐GIRL,恋のめざまし時計 / MORNING COP,a7a26f9a-3325-4bcc-ad2e-33fab6e7a03e
1999,1999,Ol' G Los,"Ricky, Ricky / Mama 'Nem Mama 'Nem",f245008a-b49a-4386-a9e5-42ac1af0d49a
1999,1999-05,Olaf Berger,Schenk mir deine Träume,62d39f48-f151-43e2-9f79-7bc223c334b9
1999,1999-08,Olaf Berger,Verliebt in den Sommer,a99a6f42-7a94-4fb5-9406-c5cc30d4c769
1999,1999-03-29,Olaf Henning,Blinder Passagier,9b51897e-ce4f-43c4-923b-e5aa67cfeffe
1999,1999,Olaf Henning,Echt Kacke!,afa1b394-66ec-4aeb-8740-017c16e659fd
1999,1999,Olaf Henning,Echt klasse!,12e03c6d-1e49-4cc7-9fc9-332651cda307
1999,1999-08-08,Oleander,Why I'm Here,328bcf08-de90-4cf6-a0e1-2eaab0a28079
1999,1999-10-04,Oli.P,So bist Du (Und wenn Du gehst…),777e8fc5-343a-3ec5-9bc8-ef8f487cd8f5
1999,1999-07-19,Oliver Lieb,Subraumstimulation,2b228cf1-f201-3c75-9f0c-a94906af23ef
1999,1999-10-06,OLIVIA,Dear Angel,0ad6cba6-a9a7-3ea6-9350-5668809f4e94
1999,1999-02-03,OLIVIA,I.L.Y. 〜欲望〜,ff1532b0-acf2-33b1-bfaf-b8c6ee7ce887
1999,1999-05-12,OLIVIA,re-ACT,f1ca2dbd-9694-3e08-b9d0-9f11be13e2bd
1999,1999,Olivia Newton‐John,Physical '99 (The Monday Night Club Mixes),1cddec1e-d5b1-4671-8738-ef2bf110e764
1999,1999,Olle Ljungström,Happy End,f768f53f-86cb-4061-9900-c43f3e2ebfed
1999,1999,Olmec Heads,Magic Man,e3b59545-e8f0-43eb-aea1-dc318161745b
1999,1999,Olympic,Děťátko,a18fb6ce-9219-448a-a67a-e7afd610eecc
1999,1999,Ol’ Dirty Bastard feat. Chris Rock,Recognize,d56cee6b-3ad8-45a5-bf12-71f466e7d269
1999,1999,Ol’ Dirty Bastard feat. Kelis,Got Your Money,7ba83c83-5641-39a2-97b7-2ed84b3df561
1999,1999,Omar Chakil,Tous les amants du monde,9008b033-d9f5-4b25-a886-7c59c36f0c29
1999,1999-10,Omar Santana,Kick Some Shit (The Remixes),e68e614b-8073-48fa-bcf2-f1a0a55a56ee
1999,1999-08,Omar Santana,Morpheus,57fdecbd-d9be-474f-aa0d-9fccdb4c2d3a
1999,1999-04,Omar Santana,Necronomicon,aac2189c-851a-4bb1-b802-1f2ceccea683
1999,1999,Omar Santana,Raver's Damnation,6d3053c9-e835-30a5-8244-7dfc24b8c0d4
1999,1999,Omega,Ajándékdalok 1999,6a836cac-1f39-4cab-bae5-2cd3a3f8d48d
1999,1999,Omega Amoeba,Retro Failure,4a67c918-1fae-3b2d-b59a-c374e636abed
1999,1999,Omni Trio,Byte Size Life,577f444b-e3b9-373a-abb9-c8199a843e2d
1999,1999,Omni Trio,Meltdown 2000 (Silent Storm remix) / Revolver,8178959d-9471-4613-ad81-7483d8ba5f53
1999,1999,ON,Soluble Words,c46907cd-f839-3f9c-bb27-043868f63933
1999,1999,On / Off,Firestorm,1a3930dc-e425-4cb0-948f-6f85b00fd9dd
1999,1999-08,Once Waz Nice,What Could I Do (Remixes),413547e9-3bc4-4cd8-aaee-75b09dbba1de
1999,1999,Ondergronds Verzet,Ondergronds verzet,19e9ef53-fddc-37a2-9271-9c1c97e6a20d
1999,1999,One,Dreaming,fe10107f-a5fa-4a86-be85-3fc23f323aa8
1999,1999,One Human Race,Esclaves,0a0d24b5-4115-45d4-8656-52cfe92ab404
1999,1999,One Lady Owner,Police Car Sex,3d1ed44a-6d55-4fbd-80b0-02df99b23e60
1999,1999-10-26,One Star,The Jelly Is Set!,72348cde-7bde-493a-9a33-12817492e325
1999,1999-10-13,One Vo1ce,All Day All Nite Remixes,079e31fc-58ec-4f95-bbdb-d73cf9e01282
1999,1999-11-15,Oneida / Songs: Ohia,Fat Bobby's Black Thumb / Journey On,9df7463d-19b7-487b-a479-0dfaf882762e
1999,1999-10-18,OnePhatDeeva,In and Out of My Life,61807b15-8956-393e-9291-ba75f182f3e6
1999,1999,Only Child,Breakneck / Crazy Rhymin',d0516279-87ff-4079-9f0a-29fae055c491
1999,1999-11-25,Onna,Maila,6d73c7c5-26f8-4578-96e4-7da2d7419b74
1999,1999-04-26,Ooberman,Blossoms Falling,33e51121-1038-3e8e-8f56-279864280375
1999,1999-07-05,Ooberman,Million Suns,079800bf-e191-3529-b5d3-69924cc8a600
1999,1999-10-11,Ooberman,Tears From a Willow,79b21009-6e1e-3b2e-b467-dc316ec6720d
1999,1999-08-30,Oomph!,Das weiße Licht,2181d13a-a81d-3ac1-93e3-6ca6da340954
1999,1999-11-29,Oomph! feat. Nina Hagen,Fieber,147674c8-3ec9-35eb-bc51-8f0fb6f11493
1999,1999,Opaque,Malice / Closing the Loop,a1b2b696-7df5-386c-a3d5-ee34941d67a2
1999,1999,Ophelia,Under Water,5ab2072d-de0c-4804-9a84-80181c9fb172
1999,1999,Ophélie Winter,Je cours,1e98122f-27e0-4957-b60b-e4033f735c44
1999,1999,Ophélie Winter,Je t'abandonne,2df035f2-02bf-4fdd-b7ed-fc17a0f92846
1999,1999-08-08,Optical / Outfit,Level_01 LP Sampler,a37aa08b-cd35-38c1-bf1c-1bd60301b32c
1999,1999,Opus 808 feat. Taome,Don't Turn Away,5d4e166f-61d7-420f-96ae-349f186a61f5
1999,1999-04,Orange Kush,Zat,cd5e2ee5-13a0-4602-ace6-e9443e443013
1999,1999-07-05,Orbital,Nothing Left,6da89a79-a2e4-3aff-adde-70b5053ae5da
1999,1999,Orbital,Prophecy,72090c0d-1c3a-47aa-b888-c42734e8df7f
1999,1999-03-08,Orbital,Style,8e071e1a-d96a-3726-b519-322f9d9ff2c9
1999,1999,Orchestre National de Barbès,Lemouima Rimix,a3cfd5a3-cc55-4fba-b220-a3f4bc2875f8
1999,1999-02-09,Orgy,Blue Monday,e2e140c8-f566-33f5-8254-697969aba785
1999,1999-11-23,Orgy,Stitches / Dissention,63c47a5d-b896-3ea1-9dd1-a5cd2d2c08e6
1999,1999-04-30,Original Alpenland Quintett,"Romeo, der küsst noch immer",eb980037-bf4f-3e48-805d-00c61412d83f
1999,1999-02-03,ORIGINAL LOVE,STARS,9ab90e88-72a6-4f53-9894-905e71aad85a
1999,1999-07-16,ORIGINAL LOVE,冒険王,2bbcb96b-1df2-4d65-bf7b-5a1334448c95
1999,1999,Original Spreewaldmusikanten und Achim Mentzel,Die alten Germanen / Annemarie-Polka,972fb599-6cf7-4976-9803-c2de052d91f2
1999,1999-02-14,orivia,2.14 CYCLONE,11ddc6a3-91e4-4e2f-ac10-d7b05a4c9c0f
1999,1999-03-14,orivia,3.14 AREA,a6be8e45-ff32-4bdd-ad29-273ab3fa98d7
1999,1999,Orlando,Easy Lover,95a80896-d0bd-47d2-8351-d416f201e57d
1999,1999,Orplid,Das Schicksal,1f35d654-40e1-3361-8639-72d55b8d0537
1999,1999-12-01,Osaeris,Notre Père,cf9236a2-2eee-4756-9dfa-701c1b58d0a0
1999,1999,Oscar,Brazil 2030,57f8121c-5d8a-38e8-a60f-41cc8c17f1e1
1999,1999,Oscarlima,If You Wanna Be My Friend,31d8d311-b3c0-3b32-b769-148fd316e28a
1999,1999,Osio,Move Your Body,2bd2f947-247e-4929-b7b5-653bf2ba5121
1999,1999,Ostara,Operation Valkrie,68754a9d-dc10-424c-b729-f470f7792039
1999,1999,Osuuskuntaorkesteri solistinaan Ismo Alanko,Elokuun häävalssi,729c2caf-bb9a-31d8-aad1-003af8541a34
1999,1999,Other Two,Super Highways,2bdb9f50-64e4-33c9-b196-50a07666caef
1999,1999,Otos-77,Tahdon sut,1c43c461-c013-4c02-b37d-5b169561ce01
1999,1999,Oudja,Amazone (1999 Remixes),e337af0d-460f-4bf0-9ccb-be4b19c077b0
1999,1999,Oudja,Never Tell,edb238ae-3c36-4a0c-b14e-cb4388efab8c
1999,1999,Oudja,Never Tell What You Think,16803508-9b2b-4ac7-9012-60abe38c5e2e
1999,1999,Oudja,Never Tell What You Think (Remixes),ffb51f1d-04fe-46b3-b42d-86d2a2885429
1999,1999,Oumar Thiam,maman m'aime,f8c5dac9-7db6-4098-848b-067b81668baa
1999,1999,Our House,Floorspace 99,deb7bd2e-e159-40be-a10a-cd7feec39991
1999,1999,Ouriel Clark,Shake Your Bum,f902821d-7941-477c-ba69-720866f280d6
1999,1999,Out / Spineshank,Stovebolt / Lie No Limits,760afe15-a6d5-4650-8915-4c0c91b55985
1999,1999-04-19,Outbreak,Backwards,8f7c15f8-810f-4402-82fe-0ee9eccac1ea
1999,1999-04-26,Outfit,Serum / New York,f8e46422-3f0c-348b-8c46-5ce27c572e43
1999,1999,Output / Dynamics,Sirus (Dynamics remix) / Cyborg,39be27e8-33ae-48ee-be7a-79af1698a55c
1999,1999,Overtone,Mental Movement,c5bc0404-37b4-427f-b5f9-a70f6fb4ca69
1999,1999,Owsley,Coming Up Roses,a269a913-6cb2-45bb-a329-191cca252896
1999,1999-03-29,Oxmo Puccino,L'Enfant seul,8b3ce0a7-bf6b-40ea-9509-d8ef25e3cd27
1999,1999,Oxmo Puccino,Le Jour où tu partiras,b823fa6d-ee15-4f93-8b25-abfb3a3f2f22
1999,1999,Oysterband,On the Edge,960b954d-e037-4451-9323-d4945bd8040a
1999,1999,Oysterband,Street of Dreams,ad88a643-0f2e-4fea-86ca-603a6a39e3a8
1999,1999,Oysterband,This Is the Voice,34c497a5-8e59-4fb1-a243-fbef42d73a5b
1999,1999-03-08,Ozomatli,Cut Chemist Suite,2384cc57-a4fc-37d3-a0c5-c65a84177766
1999,1999-05-10,Ozomatli,Super Bowl Sundae,b16a6e62-58bc-32e5-8604-eda0133e61ed
1999,1999-11-29,Ozone Layer,Planetary Deterioration,7c804bee-4775-3947-b95d-f9a95b408968
1999,1999-12-20,OZWORLD,news,eb087158-d457-4be0-b893-06efeec70b53
1999,1999-06-19,OZWORLD,the WORLD,c9143967-4ac0-4b91-a1d1-cd70053f93af
1999,1999-10-03,OZWORLD,赤い糸,7efab88f-591f-4c38-aa48-5465150f33a7
1999,1999-02,P'tit déj,Premier toast,36cec4c9-11d5-4ff1-a8e8-55427f3c0e1a
1999,1999,P-Casso,Piano,abce7a5b-1597-474c-a57a-d6cc3e3967fb
1999,1999-11-05,P-Ditty,For Love,c7441ff7-20c3-30d4-84bb-76bde10d09fe
1999,1999,P.A.I.N.,Let Me Grow More Weed,6599e56d-fb2b-41f9-aec8-46897cac2ebd
1999,1999,P.O.D.,Southtown,3fa389e8-db64-4a85-b829-d752f63ad64d
1999,1999,P.O.P.,Kittycat,c443b276-4331-40f4-828a-dc5d1b74ef18
1999,1999-07-21,P.U.A.,Liberty Trip,ac3b145a-e431-4d47-9b81-151b164865c1
1999,1999,P.Y.T.,Something More Beautiful,3bb2f630-5280-33b9-acfb-0db8913afc18
1999,1999,Pablo Gargano,Camouflage / The Clubbers,e725154d-1c50-3a53-a9bd-19fe5ec2c4f4
1999,1999-07,Pacific Link,Once Upon A Time,7a285fd8-dcaf-4345-aa95-1f5c330e58bd
1999,1999,Paddy Casey,Whatever Gets You True,086eca88-d0aa-3f6a-8ddd-76dcc025abd9
1999,1999,Paffendorf,Allnight,7b9cee4a-da8d-49d8-a56d-f197c21ccb56
1999,1999,Paffendorf,Where Are You,6d642449-222b-3164-b3c9-919bfe5c7d23
1999,1999,Paganini Traxx,Zoe,78fbeb80-bb80-4da9-8ee7-92111744950e
1999,1999,Page,Som Det Var,5f583047-614c-40a9-8858-5125d61ef8c1
1999,1999,Pain,End of the Line,a87fb3c7-344d-4c56-82bd-5abde2732426
1999,1999,Pain Jerk / Bastard Noise,Imminent Economic Collapse,5dd86b77-e0c3-4f5d-833a-d5c4748ca4e5
1999,1999,Palapeli,Kuulen,79f70e77-61e4-3d99-ab46-a3bd39647eaa
1999,1999,Palapeli,Tuulen viemää,2e8db2b5-9f60-39c2-bc47-68279d258333
1999,1999,Pale Guy,Station Trax,17726c9c-a041-4ad3-b7f3-82c18708f90b
1999,1999-01-03,Pale-X,The Fly,7ff7422f-c228-45c3-a236-d479b71e8383
1999,1999-08-25,PAMELAH,individualism,ce4c0332-7b7f-4b1e-8eb3-fa256ea2393c
1999,1999-02-24,PAMELAH,記憶,07864a45-f52f-4769-b306-ae72fd23e97c
1999,1999-06-02,PAMELAH,許されない恋,00de123a-157f-4763-84cb-dfd8dbf517d9
1999,1999,Pandora,Smile ’n’ Shine & You’ll Always Be the Love of My Life,ef26be73-3f38-4d18-8b6e-4efbd9c61f00
1999,1999-04-30,Panicsville / John Wiese,Panicsville / John Wiese,9ae1ff5e-c5a4-31ab-b682-b4e57410e1f3
1999,1999,Pankration / The Red Scare,Pankration / The Red Scare,2e1100d0-78cb-4d15-9eaf-b4e5a4bdc05c
1999,1999,Pantera,Cat Scratch Fever,54ed7c6e-827e-43b9-819b-9548cfdd2cc7
1999,1999,Pants & Corset,Dammit Janet!,875bf359-d427-431f-975b-6e107451f72e
1999,1999,Pants & Corset,Insomniac,2b7950be-a328-400e-beca-98ee5d01176c
1999,1999,Pants & Corset,Who Killed Kenny?,a02a8054-28d8-4039-a7a1-bab0d891964e
1999,1999,Pan•American,Quarry,d2007c76-8451-3544-aa4c-981b5dc7ad36
1999,1999,Papa Dee feat. Deetah,The Big Showdown,052d5449-df42-3be5-baf7-3993e72a7b9d
1999,1999,Papa M,1999 Tour Single,0fcad569-0787-3058-a3df-1bff636396d4
1999,1999,Papa Mantra,Out of Your Tree,1e4ec055-9164-398c-aa68-39cdc71ce61e
1999,1999,Papkasseshow,Jubilæums Special,5f89eb71-10ad-4c5a-95f0-5c70e4fb2630
1999,1999,Paps'n'Skar,You Want My Love (Din Don Da Da),267fc839-7764-471b-83b6-77db11336f0c
1999,1999-09-13,Paradise Lost,Permanent Solution,ddf4dbd6-9d28-3e2b-afab-604c562f5343
1999,1999-04-26,Paradise Lost,So Much Is Lost,c70258a9-8292-3303-b263-1fe6e2109bc0
1999,1999-06-14,Paradisio,Samba Del Diablo,37617260-7879-4657-85b5-d62ba8f919aa
1999,1999,Paradox,Existentialism / Less Worse (WeChooseToPerplex),febeaf2a-1a97-413f-ad30-69f61a864c51
1999,1999,Paradox,No Texture / Not for Outsiders,c95b2fb2-0423-4966-b479-cf19a1a13240
1999,1999-06-27,Paradox,Too Dissimilar / Idiosyncrasies,43fb0ce0-b1e2-4f68-bafb-e511531b5582
1999,1999,Paradox Featuring Devorah,1999,b2d56c43-8dc4-4f7a-a2e1-a233ca26e581
1999,1999,Paranoia,Out of Control,e4d7506d-f164-4c80-a07d-cc3224f96f60
1999,1999,Paranoid Android,Beyond and Back,620d9465-ef9b-3363-b037-5d3b2235c245
1999,1999,Parasonic,Timeless Worlds,90381ecd-0a99-4c7b-b2cf-d27e2898098b
1999,1999,Paratopic,La Musique,e55032ea-ce0d-4b7a-a450-bb8a753de6c2
1999,1999,Paratopic,Sektion 1,bbce7ddc-86f3-4189-b6a2-2104855e7264
1999,1999-12-21,Pariah,Living Cell / Censure,085b8c5d-5e17-39a7-8691-f0645e5d858e
1999,1999,Parker & Clind,Generator,1b176574-a6eb-30db-8d2a-917fa091b5fe
1999,1999,Parker & Clind,Teleportation,25a4b829-4353-4e25-bd78-96cf1647b7d3
1999,1999,Parker + Cl1nd,Cosmos,af7a7ba4-576b-411e-8f2b-2ae75212ec1a
1999,1999-03-11,Partha Barua,Dekha Hobe Bondhu,8b2de2db-8410-45eb-88f1-35cbf5f3ea7a
1999,1999-07-01,Partision,No May Gustah,2989c4fe-d121-4155-b8ea-7c331c353480
1999,1999,Party DJ Oliver Macha,Palma De Mallorca,54f8efad-d744-4ac6-a17e-c33019730b69
1999,1999,Pascal,Swamper / Nocturnal,5d7366f6-f375-4d57-9449-d12ced36a6d3
1999,1999,Pascal Device,Rainman,c2940b06-63e0-422a-b543-e72c5db11678
1999,1999-12-14,Pascal F.E.O.S.,I Can Feel That Remixes,85eb5a32-2b06-3fb4-aa48-533ef182581d
1999,1999,Pascal Obispo,L'important c'est d'aimer,d136e0ff-fa2e-4dd7-85f2-3220de1ba7ca
1999,1999,Passi,De 79 à 99,ff2076d6-e800-4ea9-8b3a-691b73a42283
1999,1999-07-06,Passion Fruit,The Rigga‐Ding‐Dong‐Song,e4146dc3-4825-3d49-8af7-79194529af97
1999,1999-04-16,Passionworks,Get Away / Invisible Child,e1694ce8-ed8c-4d42-8ebf-ce547a8b7851
1999,1999,Pat & Jim feat. Belle Perez,Don’t Give Up on Love,1b050f65-7540-429e-bdd1-4783fec6561a
1999,1999-07-12,Patchaï,Gitan,b3b8bef6-94d7-324c-803f-7269d70c9480
1999,1999,Patricia Kaas,Le Mot de passe,4dac4efe-62ef-48d1-8c7f-7347a6e66453
1999,1999,Patricia Kaas,Ma liberté contre la tienne,3448cf70-4521-3b46-a2b2-008c322dc0c3
1999,1999,Patricia Kaas & Erkan Aki,Unter der Haut,4ee833d6-1496-4a7d-a667-bcb56ff3ea36
1999,1999,Patrick Bruel,J'te mentirais...,1f086101-2539-400b-9d2d-088b6dd75111
1999,1999,Patrick Bruel,Pour la vie,34c63680-cd06-3fa0-8738-5316d610f378
1999,1999,Patrick Fiori,J'en ai mis du temps,bdbbe8aa-1127-43bc-aaaf-a0e6de8dea8a
1999,1999,Patrick Fiori,Terra umana,cc2491c7-4fd6-40d5-adf0-cded9a2a369d
1999,1999,Patrick Lindsey,Sexy Breakz,78e28da3-3df5-41d8-bb05-5480dd8bbe8f
1999,1999,Patrick Sébastien,Le Petit Bonhomme en mousse,386abc36-dcdd-4bf1-8772-8da1e9c49d4f
1999,1999-08-05,Paul Collins,Let's Go,d2f7fdfe-1814-38a1-a2d3-d785d534a1bc
1999,1999,Paul de Leeuw,Naar het zuiden / Geef me de zomer,f4d80144-2f39-4f45-be9f-308c993a7cf5
1999,1999-07-01,Paul Grogan presents The Coffee Boys,The Touch,aca33e5d-1ba1-4fc8-86f1-32f0d60665ed
1999,1999,Paul Ibiza & Johnny Clark,Year... 1999 / Surge... 1,b5b5a7e4-2dfe-468b-baeb-5d8e282436f1
1999,1999-08-26,Paul Johnson,Get Get Down,5d158a4c-2ada-3340-98d4-1096f560f1c0
1999,1999,Paul Johnson,Get on My Camel,86666641-c31d-374b-9e3f-56640440e2d8
1999,1999-06-14,Paul Kelly feat. Monique Brumby,Melting,4f2fc093-4b5f-4c85-a96e-d7363a146fff
1999,1999-06,Paul King,Odyssey,65046247-d65a-4de3-aca6-43fe7f422fdb
1999,1999-10-25,Paul McCartney,No Other Baby,f1762f99-ead0-38fa-929c-dfb071a9e6a0
1999,1999,Paul McCartney,Run Devil Run,d181b8f5-b27f-4729-876f-7d84e3c783e8
1999,1999,Paul Newman,Twistworthy Number Seven,ea266b25-c3d1-35c0-8800-1cca0bde883f
1999,1999-09,Paul Newman / Sonna,Way to Breathe No Breath,98ce2fee-d881-3682-ac11-a5f5ce35c9b4
1999,1999-06-19,Paul Oakenfold,"1999-06-19: Paul Oakenfold, Live at NEC Gatecrasher",92488c4a-68f5-418c-9db6-648c0368ebd0
1999,1999-09-26,Paul Oakenfold,"1999-09-26: Paul Oakenfold, Live in China",13f4c162-158b-4877-9d03-83df5e4775cb
1999,1999,Paul Rodgers,Find a Way,47ac7efe-eac9-3331-a6cb-32260a981ff2
1999,1999,Paul Severs,I Am So Sorry / Je viens t’offrir une rose,8e1ddec2-ebc8-45a8-8371-7abb6486a4ae
1999,1999,Paul van Dyk,Another Way,21f68147-aa91-40d4-9f39-449ac6ffd827
1999,1999-10-18,Paul van Dyk,Another Way / Avenue,bf024ed0-b506-3f69-98d2-75bb4a4a78d6
1999,1999,Paul Westerberg,Lookin' Out Forever / Final Hurrah,0f7cc424-229b-4fed-8c30-ccea735b0449
1999,1999,Paula Cole Band,Be Somebody,5b3e783f-3ef7-43f3-864c-cd37aefc5be9
1999,1999-10-04,Paula Cole Band,I Believe in Love,7e704c53-f8aa-30e4-958f-8b87b8269f17
1999,1999-02-08,Paule,Alles klar?,dd4ef4dc-6c9d-4736-b7c6-17a91b27bdaf
1999,1999,Pave Maijanen,Ai ai ai (remix '99),b595ceee-4a53-4bc2-a106-9b339b6f77aa
1999,1999-12-31,Pavement,Carrot Rope,c738283d-0cd5-3c35-b9e0-5f28f149c58f
1999,1999,Pay Day vs. Simone Jay,Good Times,add1f693-a23c-4f65-b4e0-8dbe940aa194
1999,1999,PDQ,Chomper / Around Midnight,de558302-82fc-3e2a-a7aa-61182423a3b7
1999,1999,Peace Division,Be U 4 T,e3574939-7f7c-3bbf-b129-233567b48d80
1999,1999,Peanut Butter Wolf,Definition of Ill,dfe4132b-8ac3-34fb-9c9e-5118db37ac89
1999,1999,Peanut Butter Wolf,Tale of Five Cities / Run the Line,ba981ec1-53b0-32d1-bdc6-21a6803cb087
1999,1999,Pearl Jam,1999 Fanclub Single,8ee02e43-7d8d-3198-91af-bd9f2dd1bf85
1999,1999-06-23,Pearl Jam,Last Kiss,1da44150-3d05-3a07-850f-8f952859b6f5
1999,1999,Pecada,Pecada,5b28464f-0a81-4b34-8607-8726a83c4cc4
1999,1999,Pedro and Benno,Talking to You,6ac9f01d-4aae-4bd9-846c-cc98a64ce725
1999,1999,Pedro the Lion,Helicopter,23185de3-3c2b-3ac6-9521-372f05332061
1999,1999-07-20,Pedro the Lion,Song A / Song B,e0814b7b-be69-3386-84de-89498b7dbd2f
1999,1999-05-08,Peek-A-Boo,Bang Bang Baby,2699ca8d-e5fa-46ae-b8a4-ae10f92b98a5
1999,1999-02,Peeps into Fairyland,Muddy Water / Last Day,280c774d-f81e-4094-8b8a-b8dc8b1a5da2
1999,1999,Pegah,A whiter shade of pale,38f1dbdc-7792-4274-aca5-581195ab9ec5
1999,1999,Pegah,A Whiter Shade of Pale,abce810d-a654-4440-97d1-fdcc8a37a20c
1999,1999-09-01,PENICILLIN,NICE IN LIP+L,e2a34595-677e-4b4a-ae97-7bd1640d65b7
1999,1999,Pennsy's Electric Workhorses Songs,Fransse,ab25f62b-af41-4019-95f5-32a2f4e22468
1999,1999,Pennywise,Down Under,1ce190ab-f0bb-3e99-b052-2f7d239437af
1999,1999-04-21,PENPALS,(I've been waiting so long) IN MY BED,54097344-3527-3ab8-a721-0d76567daf83
1999,1999-07-14,PENPALS,LONELY DAYS,2823bfc8-b68d-3760-9cd3-be241980203b
1999,1999-05-10,Penthouse,Creeper's Reef,37d46a28-6b6c-354f-b6e9-b02d84970180
1999,1999,Pep Squad,Angela Jones,5e4265b1-d281-47a2-a9aa-d98fc2b1b666
1999,1999,Peplab,Ride the Pony,bea26008-b16f-36ee-89dc-69bbd3004f95
1999,1999,Perfect Combination,Technical Switch / The Klick,1bca9994-cb0e-4f36-ae23-ba0813e8fff5
1999,1999-12-13,Perfect Phase,Horny Horns,88b1bdb7-e126-364f-b128-740eed6566cf
1999,1999-08-27,Perfidious Words,Welt,d0c36b94-ee61-413c-bf90-7210f46e9e6b
1999,1999-11,Perfidious Words,Zwischen Zeitrausch und Leben,7bd48253-b890-4859-b5eb-edb2de49c86f
1999,1999,Pernice Brothers,Clear Spot,50fe33e4-34d6-4241-9fb2-d3cdb2128021
1999,1999,Persian,Dumps,357d8466-d815-44a1-a042-487ed5fc5396
1999,1999,Persil,Agony Aunt,f97f0b3d-5558-3e8c-bad5-018d8e084de8
1999,1999,Peru featuring Heico van Wingerden,Fake,d379ce0b-3907-4a3b-87ac-971bed5d1f38
1999,1999,Peshay,Nu Jack Swing,3e1183ba-7b94-3f46-a967-e3d459864560
1999,1999,Peshay,Peshay Remixes,a915090f-1f06-3744-80c4-7239520ad01a
1999,1999-07-02,Peshay,Switch,c3cf8c57-28cb-3b6e-96d3-c3da6cd19014
1999,1999,Peshay / Flytronix,Tribute / Reunion,b614abff-d4ea-4c94-8cdb-f7e4f40f5d03
1999,1999,Peshay feat. Kym Mazelle,Truly,8926cfe6-bd59-3169-93b6-bd9969ee2aa4
1999,1999-07-19,Pet Shop Boys,I Don’t Know What You Want but I Can’t Give It Any More,3e38d081-99df-3c2a-a3cd-ae3ff66455a7
1999,1999-09-14,Pet Shop Boys,New York City Boy,cb9f98fc-dc36-3d09-9377-abe2168fe8e3
1999,1999,Pet Shop Boys,New York City Boy (Thunderpuss 2000 Remixes),229c5f3f-6d65-4c8f-89bc-e2c9ab3c0b32
1999,1999-12-15,Pet Shop Boys,You Only Tell Me You Love Me When You’re Drunk,3d0f108d-e9fc-3452-a766-3ae3a9a7af0c
1999,1999-03-10,Petalpusher,Breakin' It Down,0e4bed89-ebb8-32cc-85b9-921da2468a96
1999,1999-04-27,Petalpusher,Surrender,4faaacd9-6d18-37a1-b5f3-e0f2e157418d
1999,1999,Pete Moss,Late Night Up North,81afab66-a347-31bf-a5df-e2883e61a554
1999,1999-12-09,Pete Wardman,The Badness / Keep It Up,082c107e-babb-4e99-bbda-ec70df2266da
1999,1999-02-08,Peter & Die TKKG-Bande,Ein Fall für TKKG - Der Song,3d57449f-de8b-4bce-a9af-a327bf7699b1
1999,1999,Peter Kitsch,Avec ou sans toi,22abbdd2-e1a4-4584-bbc3-fe4b254cfacd
1999,1999,Peter Orloff,Königin der Nacht 2000,b3aa7356-5f4e-4df8-8266-357f36ee6946
1999,1999-03,Peter Presta,House Muzik (Was Born),f4109d57-5005-3afe-8c50-61e4254ee1d9
1999,1999,Peter Ripa,2.51 am,97b0b640-94fa-490b-8860-429520a225e9
1999,1999,Peter Thomas Sound Orchestra,Perry Rhodan 2000 (Hymne an die Zukunft),16165a39-5f37-35a5-9866-2417c39f5252
1999,1999,Petra Frey,Geboren um Dich zu lieben,ca873802-8fb4-4307-8efe-e654e1c23960
1999,1999,Petra Frey,Heut’ Nacht schlägt mein Herz nur für Dich,bcca1a50-228a-486d-a453-548d008a5855
1999,1999,Petra Frey,Pack den Sommer ein,be815929-1b38-40a0-a157-456bfed5fbb8
1999,1999,Petra Frey,Von dir Krieg ich niemals genug,1b5cb584-463d-4c74-8376-2a9c214086a4
1999,1999,Petra Kusch-Lück & Roland Neudert,Wünschen eine fröhliche Weihnacht,df3c6c84-8856-49cb-b01a-d16b279b47aa
1999,1999,Petter,Saker & ting,dd54f985-7aa7-3a70-92c5-03eedae7b026
1999,1999,PFM,The Arrival,31b688b5-e3eb-47f0-a63b-e598bc7dc619
1999,1999,Phajja,Checkin’ for Me,00b731b6-d531-471a-b040-218432779cac
1999,1999,Phantom,Control Freak (Remixes),253f49f3-0bf8-475d-9539-6d507088affe
1999,1999,Pharoahe Monch,Simon Says,bc1e539b-016b-323b-a96b-dd7a31cb5fda
1999,1999,Pharoahe Monch,Simon Says (Roni Size & DJ Die remix),bb522a85-fba6-40d7-971e-3c7e748f9e1b
1999,1999,Phats & Small,Feel Good,5a115e4d-d67d-3435-99c5-667d8c02778f
1999,1999-02-26,Phats & Small,Tonite,4d147a23-6c08-34cf-ab6e-02f5f7f4c6be
1999,1999-03-29,Phats & Small,Turn Around,c69c911e-5b3b-3e26-8a5c-324a5aa5a4cf
1999,1999,PHD,Haze / Contrast,b3f0d8c0-ef61-3a40-949b-cad9cf81d1f8
1999,1999-07-10,Phenomania,Who Is Elvis?,12354c87-e167-3455-9199-f26d08446592
1999,1999,Phenomenia,Who Is Elvis? '99,c3424729-677c-4cf5-9664-7efcd24150a0
1999,1999,Pheobe One,Get On It,043687e0-423c-4ca6-b0f9-d684ae72e4f3
1999,1999,Pheonix,Ruff Terrain Remix / Out O Tecnic,8fb171ad-ff49-4ae7-99b3-4aaf04cabe19
1999,1999-09-20,Phife Dawg,Bend Ova / Thought U Wuz Nice,3347cfcf-3a98-4909-88ed-48f1ef2c2960
1999,1999-10-25,Phil Collins,Strangers Like Me,b252735a-8cb3-326c-94ad-fc0251e47c03
1999,1999-08-25,Phil Collins,Two Worlds,2f8221fc-a8f0-4e4f-bb19-71444623ba0f
1999,1999-06-14,Phil Collins,You’ll Be in My Heart,e256e9ea-cbf4-3d9e-ba7d-19c493e7015d
1999,1999,Phil Rodriguez,Closer,a0e63caa-4f21-42d3-b81d-4bdb61c966ef
1999,1999,Philipp,Heartbeat,3306417d-880a-4933-86b8-264a16161c21
1999,1999,Philippe Lavil,Admirablement de passage,97652052-4c87-4086-b8b1-6a8c63a8b990
1999,1999,Philippe van Mullem,Multipass,de792ce5-0b8a-4bdf-b081-f7259921cc27
1999,1999,Philippe van Mullem,Tethys / Styx,e3d777c1-bf43-489f-8c7a-a6c6efba8486
1999,1999,Philippe van Mullem,The Secret Folder,0328b871-bd5f-49be-9959-49bad3f7d9e5
1999,1999-01-30,Phobia,懺悔喪失,b77dcc03-eac5-3a5f-af83-17592e7e9f77
1999,1999-05-05,Phobia,方舟の予言者,4fb26323-4ffb-3ee9-9a82-490bbf2552c9
1999,1999,Phoebe One feat. Blu James,Get on It,9d666cb2-7427-34d0-9bc6-de660b3cbcd8
1999,1999-08,Phoenecia,Odd Job,a19086f5-e1ab-3e1b-86f7-81d73bdf7384
1999,1999,Phoenix,Heatwave,577452e0-04db-3950-b0e3-85a02b1acf26
1999,1999,Phrenetic System,After The Meteor,4170f619-dd37-4334-b086-f47263afcf0a
1999,1999,Phunky Data,Fashion,e0b54d4c-1254-3792-b8aa-977b0f94c86f
1999,1999,Phunky Data,Hard Night,291391e7-9774-44d8-a87b-7078c8b98766
1999,1999,Phuturecaine Project,Stonebushed,90e46481-a53e-32d1-8103-c20802d83acf
1999,1999,Pidżama Porno,Katarzyna Ma Katar,8d034b7c-a4c7-4a19-898a-233a6c702d4d
1999,1999,Piero Mazzocchetti,L'eternità,49675ba6-8f0d-4ee5-a4c7-b4c7aacbb47c
1999,1999,Pierpoljak,Pierpoljak,ff4369b6-e5bb-490e-970e-93a45ac62792
1999,1999,Pierre Barouh,Samba Saravah,501e6894-9cfb-434d-ba43-e039d28a0ed7
1999,1999,Pierre Chaîné,Les yeux de Marie,cb746674-aa35-4c04-9044-15a32d80c851
1999,1999-12-22,PIERROT,-CREATURE-,ae702bbd-101a-3b54-9ff4-33d42af9fba0
1999,1999-02-24,PIERROT,ハルカ… / カナタヘ…,fa42ee2b-4d1e-3b29-91bd-6f5f6f2f787a
1999,1999-04-28,PIERROT,ラストレター,ebcf9ee2-d2ed-3f3c-99a1-d6daa6bd32c7
1999,1999-07-17,PIG,Disrupt Degrade & Devastate,b6596370-847e-31a6-a57f-c1f1607e5f3f
1999,1999,Piggy,Calypsos To Please You,79a4a908-0a37-4f25-aa75-9d388bdf49a9
1999,1999-03-15,Pigpen,Stay Low,4cfaaf9e-a57f-43c2-991d-ea0938a47dc0
1999,1999,Pills,I Preach to Party,df5994b4-c464-4a14-a1ee-e8907df218a1
1999,1999-09-20,Pilote,No Truck,5b50db6b-08cc-424c-a4e4-bd81527431bf
1999,1999,Pilote,Tonic,8b077fb0-3b74-441e-b5a0-5637a7428112
1999,1999-10,Pimmon,Vovul II / Alkane Aorta,f07b4323-aa72-43bd-b18f-2a19201b2e67
1999,1999-09-13,Pinback,Loro,f111a74f-792f-3db6-b2a5-078df42942bc
1999,1999,Pinback,Tripoli,c0fec8a6-d48e-3c22-bf45-e7e9336db2b1
1999,1999-04-20,Pink Martini,Sympathique (Je ne veux pas travailler),6857e7ce-b2bf-3642-967f-7575ca6adbc8
1999,1999,Pink Martini,¿Donde Estas Yolanda?,e167133f-eef0-431c-a426-5d33ee72d935
1999,1999-11,Pink Punk,Hustler / Moving,94ccce31-80d8-448b-ab06-77d17bc31e5e
1999,1999,Pino Daniele / Scorpions,Neve al sole / To Be N° 1,19b04d1e-5ea8-4b59-a984-fc25aeb74176
1999,1999-05,Pinocchio,Hypnotized,42ece4d2-3c1f-4909-b65b-82a2fe1c6bfc
1999,1999-10-07,Piotta,Supercafone,e2d69b55-9028-41ec-980a-1d85205315cf
1999,1999-10,Pippo Pollina,La luna e i falò,50162d97-45f2-4e1b-9385-a9109adb97db
1999,1999,Pippo Pollina featuring Franco Battiato,Finnegan's Wake,451dde40-37c0-4866-9bbb-3bf73d4b2576
1999,1999,Pish Posh,Black Star Remix,39536a08-a4bc-4e3b-ba07-48b6045c02d2
1999,1999,Pish Posh,Clusterfuck / To-Tag,0f940fe5-2973-48f4-95a0-6c9b884e1e66
1999,1999,Pish Posh,Fosforus,ba10a64f-d37c-42a7-ab15-2e3520128a3e
1999,1999,Pish-Posh feat. DJ Seen,Da Monsta Remix / Onikoroshi,6d678b2a-bd5f-4335-af5b-3a8fa34c078a
1999,1999,Pit Baccardi,Si loin de toi,ea10ec7e-be9e-3d6a-bdcc-534fd8faa7f0
1999,1999,PJ,"Happy Days 1999, Vol. 1 (Remastered)",46c64639-24f4-4369-80a5-ff2bfa822f2c
1999,1999-01-11,PJ Harvey,The Wind,f45350cf-3af0-360d-a135-1958caf396f5
1999,1999-08,Pjuer,All by myself,cdcd94fa-56a0-4138-895f-fddf8fab2905
1999,1999-11-22,Placebo,Burger Queen Français,3b8de270-2463-3956-9c06-2ec96378793b
1999,1999-01-25,Placebo,Every You Every Me,0b4a725a-e9ca-3fb4-af5e-dd044914d349
1999,1999,Placebo,I Feel You,aa10de7d-66ba-4387-892d-6eb334c798bb
1999,1999-08-16,Placebo feat. David Bowie,Without You I’m Nothing,9a303572-3868-3ef2-88e3-3693644c1053
1999,1999,Planes Mistaken for Stars,Fucking Fight,9b2d192d-cc71-43a4-9c4b-c1f89725a2b5
1999,1999-04,Planet B.E.N.,Vampire State Building,2d092299-dc85-4cb4-a7ab-c28080727c50
1999,1999,Planet Core,Duel of the Fates,095fca7f-ab34-32c8-8d70-0261a365bad5
1999,1999-02,Planet Ocean,Humanity,5bcc89eb-9116-4a82-b744-896c7266102e
1999,1999-11-01,Planet Perfecto,Bullet in the Gun,46d95306-37d4-36c3-a486-c14003bc49ce
1999,1999-08-02,Planet Perfecto feat. Grace,Not Over Yet 99,cf2ea415-73ae-3fbb-9f2a-cca5e99f711c
1999,1999,Planispehere,O,626fef87-5d0d-4416-a58e-834f47d28b19
1999,1999,Planisphere,Deep Blue Dream,753e5e8e-07e3-4bf2-bee6-5f8d677bb0ee
1999,1999,Plasmic Honey,Gotta Have Love,58fe0723-88e5-4a68-a018-61737fa64f60
1999,1999,Plasmic Honey,Take Me To The Top / Ride The Trip,fff7f530-ac39-4cb0-bd0e-513509f02e00
1999,1999-12,Plastic Angel,Pascale,0012d9ff-3409-4fa1-9509-78d0d20e7764
1999,1999,Plastic Bertrand,Stop ou encore,7ebc5cf5-3f4b-4382-994c-f1f0e041c383
1999,1999,Plastic Mastery,Singles Club Single #5,735f1127-3673-313a-a16c-4deb942a2569
1999,1999,Plastic Soul,Take a Dive,ef57d878-6e16-45ac-9447-00c8c37d4278
1999,1999,Plastic Soul,Uneasy,22c78bf2-7e5e-4b95-b2de-5cd787e5bc2a
1999,1999-08-23,Plastic Tree,Sink,2380edfc-f959-3401-8fec-737178b3cd61
1999,1999-12-10,Plastic Tree,ツメタイヒカリ,4bc87d43-aa36-453c-ad42-8ebccbc56195
1999,1999-03-10,Plastic Tree,トレモロ,2eb3ec10-3d13-42ff-9b8f-de323bbea40a
1999,1999,Plastika,Disco Dancing: Remixes,8e382133-70b3-39ea-ad52-3a331ba77f57
1999,1999,Plastikman,PK,74849af5-737f-3d1e-84ff-05d3cad3c75a
1999,1999-04-18,Platinum Cat,Platinum Cat,29f48e18-b1cb-40d9-b44e-d98a1250b066
1999,1999,Playa Fly,Just Awaken Shaken,1c398dcd-8218-3e65-9b8a-1984424a6260
1999,1999-05-01,pleur,la premieré porte,d8df0643-b346-4d91-a8f0-1d6ad1cac1bf
1999,1999,plexiq,Speculation,5dedeb95-5c39-4523-9863-e94b79d0885e
1999,1999,Plug ’n’ Play,Warp '99,b5ef3d5f-7ebc-3380-a145-16ad531bedf3
1999,1999-09-14,Plump DJs,Plumpy Chunks / Electric Disco,45cdfd1f-852c-4e24-9709-d59dccf58c91
1999,1999,Plush,Damn (Should've Treated U Right),2f13a7cf-b29a-491f-9a54-36b40f69b721
1999,1999,PLUS×CANNER,激情の瞳,b9b994ba-6d43-49db-9161-d6ece5ef0071
1999,1999-09-11,Pob & Taylor,Baba,2541fec7-6309-416c-abd8-d0ef2288eb27
1999,1999-11-08,Pob Featuring DJ Patrick Reid,Bluebottle / Fly,432f7dcd-9e1d-49a6-8276-52efd64945cc
1999,1999-07-22,Pocket Biscuits,Days / My Diamond,6701081a-72c1-451e-9518-b06e0e23fc8c
1999,1999,Poco Loco Gang,Come Along,0723eb68-dc3a-44d6-a2b5-470241b1d92f
1999,1999,Poco Loco Gang,Let's Go to the Party,9ca31891-3ca9-3f71-b67d-4260b80f27aa
1999,1999,Poco Loco Gang,Tropical Paradise,da825816-ae33-4020-9c96-cbdb08b2c135
1999,1999,Poetic Lover,Eternellement,15cad5b3-a581-486e-9272-9fcb5dcb9b2b
1999,1999,Point Break,Stand Tough,4b56bda6-f81c-43b1-b9fa-f51a8f0371f1
1999,1999-10-04,Point Of Grace,The Song Is Alive,7a4fd7ed-a719-40ce-96a5-ea512497e200
1999,1999,Polak,Impossible,3b453b1f-5a5d-45d7-a376-a41b454f68c7
1999,1999-11-29,Polar,Biosfear / Implants,99f503fd-35eb-4974-a3db-25b8b56ffc0d
1999,1999-06-07,Polar,I - The Man / Bodynoise,fe890c19-32bc-4626-8a51-6598458ba773
1999,1999,Polarity,Feeling / Underscore,647d0993-458f-3116-bd69-db27af5c9a1e
1999,1999-02,Pollyanna,Hermit Inertia,c1b3e911-ea64-3cc2-9900-65ba82c24948
1999,1999,Polyrhythm Addicts,Motion 2000,af476533-1803-3548-8d51-ad328fefcb83
1999,1999-04-25,POLYSICS,Plus Chicker,8e2bbd0e-e350-358c-9ae2-35e0b48b9eba
1999,1999-06-19,PooL,チェイン,a8865602-f12c-4490-a67d-a26ee0c8712b
1999,1999-10-21,PooL,花のように,55125d07-852e-42c8-b02c-8a8bd3c9399b
1999,1999-12-15,pool bit boys,CROSS In The Night,9ac9f1a9-ddc0-47d5-b589-ee159a4b3129
1999,1999,Pop Machine,Love Me,9ef4d0aa-48c3-3063-9941-d8fc36079178
1999,1999,Popcorn featuring Jade,Manic Monday / Hooked on a Feeling,d4281852-28c1-4cf8-aca8-2414f29867ca
1999,1999,Popeda,Mustaa,4c58145b-b99b-41c1-8987-49f74929b5a4
1999,1999,Popeda,Paperitähdet,ffc2f90d-8150-40fb-a872-fd772bf3eee0
1999,1999-04,Porcupine Tree,Piano Lessons,f2036c69-03a4-3033-a392-7b18602f1429
1999,1999-11-22,Porcupine Tree,Pure Narcotic,25233db5-41e5-338d-b60d-a7aec424aaac
1999,1999-10,Porcupine Tree,Stranger by the Minute,4a620b17-ff32-3232-8b95-0dc63523bd79
1999,1999,Postmen,Daily Crisis,7a926574-79ea-46fc-8a6a-41da824925a6
1999,1999,Postmen mmv Def Rhymz,De Bom,d6dbc324-a04a-4b87-b2d8-64d4eedd7cd3
1999,1999-02-22,Powderfinger,Already Gone,19a2f61f-c16b-3cc0-8d8e-454d576d8eab
1999,1999-08-09,Powderfinger,Passenger,0ac4195a-3a4a-3739-8a97-7bcf304b0a9e
1999,1999-05-10,Powerhouse feat. Duane Harden,What You Need,3ff20595-e29a-33a1-b585-e2ffbc80a18e
1999,1999,Powerman 5000,When Worlds Collide,7d9fe3f9-4928-496f-b49e-22ac2de59606
1999,1999,PPK,Slave to the Rhythm,9336c3f0-3d32-436f-bbf8-c84cba905026
1999,1999,PR V's DJ Shaggy,Look Out / Ghost 21,9fd6e788-bc07-419f-a182-50a694260545
1999,1999,Praga Khan,Breakfast in Vegas,a0cf7e45-be6e-3c2a-89f8-51cb3d026ce4
1999,1999,Praga Khan,Visions & Imaginations,f330010e-265e-4a9b-b2b5-5f3aea344811
1999,1999,Pram,Keep in a Dry Place and Away From Children,fa154840-6407-3536-b885-c97f2ef1974c
1999,1999,Pras,What'cha Wanna Do,7912c8cb-aa45-4fb6-9617-5f6abb81add4
1999,1999,Precious,Precious Little Fantasy (The Remixes),97b5ddc7-1cd4-41a1-a05b-abe26f6644e3
1999,1999-05-17,Precious,Say It Again,65f5d5cb-0ea7-3033-af35-e8afb75660de
1999,1999-04,Première Unité,7.8.9.4.,bfee4b1c-9b20-4fd5-a714-ef47a8117b2f
1999,1999-06-07,Presence,Future Love,adab3afc-b197-35fd-a3fa-c82ac0934a70
1999,1999-07-05,Pressure Funk,Ghetto Jack: Adam Beyer Remixes,92e15dff-20fa-3d48-9bf5-ee79908067f6
1999,1999,Pretenders,Human,6c6a1446-9889-38a5-8d1d-e881e003bffd
1999,1999,Pretenders,Popstar,ca86052e-827b-4827-a8d6-1750ca7fa0c6
1999,1999,Prezioso feat. Marvin,Tell Me Why,4d7b67cb-271c-3024-a0fe-cf3924d255da
1999,1999-11-08,Primal Scream,Swastika Eyes,fb37dee1-7372-356e-8819-52f7f6d49b29
1999,1999,Primeval,Run to Me,9b9f0c4d-3ef5-44ae-b7d3-43da1633b742
1999,1999-02-02,Prince,1999: The New Master,2a5d15d7-5d10-3ea5-b1be-83ec41477a3f
1999,1999,Prince,5 Women,02ce434b-d409-43eb-990e-dc1e22e0236d
1999,1999-08-10,Prince,Extraordinary,01149f79-3d3d-4727-a6d9-84d19679b899
1999,1999,Prince,It’s About That Walk,d85828b6-30bc-4dc1-8b39-8bed656ffe14
1999,1999-11-23,Prince,The Greatest Romance Ever Sold,da3ed555-3bb4-3896-9c04-61bde1853d17
1999,1999,Prince,The Rest of My Life,c671b52d-df58-4a46-aed7-d80e7240d15e
1999,1999-09-21,Princess Superstar,Come Up to My Room,76704a34-da58-387d-a5ca-c7de5d931d0d
1999,1999-12-06,Princess Superstar with Prince Paul,I Hope I Sell a Lot of Records at Christmastime,7cb98a64-0f84-3150-a0de-bce29b22b568
1999,1999,Princessa,(You Just) Believe In You,0dc35c80-64c9-4d60-a3bb-cb27c76b21ce
1999,1999-02-15,Princessa,I Won’t Forget You,247929de-ed2b-3b1a-af46-986898fb7d85
1999,1999,Prism,Innerscape / Obsessive,f4cf8755-16e0-3b73-9617-debd8f15174e
1999,1999,Privilege,The Coke-Man,30d83201-74db-4746-8916-7e719ff182fd
1999,1999,Prizm,On the Hook,d92244e9-7358-4119-9876-872faa96019f
1999,1999-08-22,Prob.,Body Rock,bb204ecf-4b7f-3b88-9ec1-fcf12c3afde1
1999,1999,Prob.,Iflai,47c29657-196d-3f88-b58d-75cddad06453
1999,1999-09,Problem Kids,I Will Lead,7b8cd6f8-ab1b-3cb5-8f4a-253c7313cf86
1999,1999-10-25,Process,Psycho Babble / Blue Moonies,bebe4505-1953-4e1c-ba18-0f1e394a1f9f
1999,1999,Producer & Hellfish,21st Century Core / R2,6ab34fef-6250-44e7-86c1-b455b323d62b
1999,1999-04-16,Produxion Incorruptibl,Produxion Incorruptibl,04b0da28-810c-48b0-8b3a-eddbed61ba35
1999,1999,Profan,Reset,37c8dbfa-ec96-48ac-a287-0a0b5bcf2108
1999,1999,Professor Ratbaggy,Coma,3e4bdeee-c46b-4fed-a086-bbc23742d3cd
1999,1999,Progres,Matoleala,7b2163a3-9ae8-492c-bb47-c6ad4c1658bb
1999,1999,Project Euro Mir,Chronology,6582e26b-e2f0-4492-916d-41dc6eb2cf62
1999,1999,Project Pat,Ballers,26412d94-e385-4eea-96e6-19b909511bb6
1999,1999,Project Pat,Represent It / Ballers,890c5bf2-d0a1-4983-ac5d-c5224df60a4b
1999,1999-01-18,Project Pitchfork,I Live Your Dream,316d8f2d-7acd-3fda-88b0-821de8c2670b
1999,1999-01-31,Project-X,Fearless,e203dcd1-b3ab-3104-bb08-ee0730316e80
1999,1999,Pronssinen Pokaali,Suru soittaa,1a395f18-c76d-3dbf-9de4-15ae54501520
1999,1999,Propaganda Klann,Mr President,861a24fc-03fa-406c-a5bc-087e51862a57
1999,1999,Propellerheads feat. Jungle Brothers,Take California and Party,cebec85e-f993-3186-9ad5-006eecf3ca8a
1999,1999-06-26,Proper Filthy Naughty,Stitch Up,cb27c53f-2f45-4af6-bd01-9ee4ca8721a7
1999,1999,Proteus,Mind Force / R.S.V.P.,33c5af3d-902f-4ef0-9890-c56cf32896aa
1999,1999-07-05,Prototype,Soundpiercing,0917f0cb-5421-4c12-b335-5455b980d724
1999,1999,Prozzäk,Europa,055e915b-1ca8-48c2-bb03-a01caa310597
1999,1999,Prozzäk,Strange Disease,cdaff412-d684-4f79-ae19-e40230aaae3a
1999,1999,Pseudo Echo,Funky Town,13ba11b7-1da1-4a54-8b0f-4aac474e44ce
1999,1999-09-20,Psycho Cowboys,Come On Baby,b9378a0a-665d-3f84-b14a-76024aa6d683
1999,1999-09-20,Psychonauts,Hot Blood / Invading Space,8b76e431-56ca-3038-bacb-4061d4b68936
1999,1999-09,PSYCHOSIS BRAIN,“D”/BLOOD GUILTY NIGHT,31e89bfb-fa21-4f7b-a015-25e62f6f40d5
1999,1999-03-15,Psykopat,Politik Street,d1d321b7-90ea-4867-9e2e-f2278526cea8
1999,1999-06-22,Psykopat,Raziel,ebbd1f42-8ba2-4053-a90a-58e051b59f02
1999,1999-09-13,Public Enemy,Do You Wanna Go Our Way???,ffdbdd10-b040-3218-959d-86a31cedced2
1999,1999-09,Public Image Ltd,The Order of Death (The Blair Witch mix),7b06fccf-6c56-4410-8167-7584c6c5d6d3
1999,1999-08-02,Puff Daddy feat. Hurricane G,P.E. 2000,73aa47f0-7220-35e0-941a-e052eb6b8e75
1999,1999,Puff Daddy feat. Mario Winans,Best Friend,3671578e-00b8-3388-b23b-18d59f01f4d0
1999,1999-10-11,Puff Daddy feat. R. Kelly,Satisfy You,1863c70d-1c26-3d96-a617-126a4ed88635
1999,1999-06-09,PUFFY,夢のために,4436fcae-a769-32cc-bc61-6f7bb03d5c1f
1999,1999-04-01,PUFFY,日曜日の娘,a79bcecc-b035-38a0-93a6-f8c7f48e0201
1999,1999-02-01,Puhdys,Alt wie ein Baum ’99,fa6397cc-4da0-4eca-8e1a-f09c1f850eee
1999,1999-08-23,Puhdys,Hipp Hipp Hurra,ecddd556-7ba5-4929-82ef-11f0ea99c964
1999,1999,Puhdys,Tor! Tor! Tor! Der Hansakrimi von Bochum,0edb28a8-2fa3-4e92-9d77-9f8ef87fd781
1999,1999-05-03,Puhdys,Wenn ein Mensch lebt / Geh zu ihr,69edb5b9-4853-49c3-8c29-05960c2d3432
1999,1999,Puhdys,Wilder Frieden,d542a09f-bc1d-41cb-8aa0-fd8940aa64fa
1999,1999,Puissance,Hail the Mushroom Cloud,bdb8304e-28c7-3231-97d9-00b090f3363c
1999,1999,Pulp Victim,The World '99,8b2173c9-3c00-3f46-b512-0cd07b225950
1999,1999,Pulsation,Jump-A-Round,3c3a2691-ad83-40df-a91d-ef34ff8b5a07
1999,1999-09-20,Pulsedriver,I Dominate You,aad8a332-95c2-3881-b3da-f7117618d7df
1999,1999,Pulsedriver,Kiss That Sound / Something For Your Mind,48f7d9a3-f115-49db-a1c2-ee37c8c359d6
1999,1999-01-18,Pur,Party Mix,8aa3d2d9-31d5-4c15-b586-e0ebb2079b20
1999,1999,Pur,Partyhitmix,fe0857d2-7f87-4971-adff-e1e8ed03e5be
1999,1999,Pure,"King Kong, Part 2 / Katharsis",e22162bc-0c51-3973-94a4-f75fd7b01239
1999,1999,Pure Pleasure,Time of Your Life,d0b72497-d908-35b0-bd03-f93f02dfa30a
1999,1999,Pure Science / Mashupheadz,Tech House Phenomena 2,164b59db-3731-3e24-b88f-8d23f5c0d72b
1999,1999-08-06,Purple,Cascades / Anoxic,8b1eab28-bf0a-415f-aabd-e3edd30aa9e4
1999,1999-09,Purr Machine,Speak Clearly,3b461b95-880f-35c4-9644-504a6479f5e0
1999,1999,Push,Cosmonautica,b6abd42e-b91c-4b43-813b-80acfd11a5a7
1999,1999-06-19,PUSHIM,Brand New Day,3df2818a-12e3-4747-9fe6-55667716fb1b
1999,1999-11-23,Puzzle,P.U.Z.Z.L.E,2791502a-fe38-442d-8dd7-c1407ecd0d47
1999,1999,Puzzle,Reste sport,f6148d5d-c645-4124-ba73-25b84621582d
1999,1999-09-28,Pōvi,Dragonflies,48c754ee-16fa-37c4-afcb-b4f8e7e1d5f8
1999,1999,Q,Just Die,66a7003c-32e9-4728-a722-4a241cac631c
1999,1999,Q Connection,Bei mir bist du schön,b7fe6724-0db7-46b3-a8f2-34e089d7347c
1999,1999-02-22,Q Connection,Java (All Da Ladies Come Around),496ff0d4-0360-314e-860c-0c2033f7fec0
1999,1999-06-14,Q Project,Slow Down / Spectrum City,c3e16455-aa89-3bde-b35b-36739021a75d
1999,1999,Q Project,Space-Link / Radar,8bab6025-e193-37ab-9552-9475e22ed09b
1999,1999,Q-Burns Abstract Message,Feng Shui (Remixes),400410e0-daab-4e16-a787-931453498c5d
1999,1999,Q-Tex,"Equazion, Part 10",c2048346-58a1-44d0-bb13-d324b5f76790
1999,1999,Q-Tex,Falling to the Earth / Take Me Up,7853abd9-a609-4f5c-802a-934d61b89516
1999,1999,Qconnection,Where I'm From,59ad595e-03cd-475a-afbe-157b501060bf
1999,1999,Qiana Tara,Sommore,a679eddd-9c29-4ce5-bc06-29d01334dced
1999,1999,Quadra,Day Light EP,a3d103f5-55b1-4208-8e1d-41c43f548423
1999,1999,Quadrajets,"My Car, My Spaceship",2c051360-8892-4103-a8bd-9ff2f4d9be0c
1999,1999,Quannum feat. Lyrics Born & The Poets of Rhythm,I Changed My Mind,ea6769ab-1749-306a-a229-c1c901618644
1999,1999-06-14,Quannum MCs & Souls of Mischief / Latyrx & El‐P,The Extravaganza / Looking Over a City,5aaaa625-e6c5-385b-9253-edf2f93cb23d
1999,1999,Quartiere Nuovo & Nový Svět,Cara O Cruz,fd8b4089-a738-4ba5-9eee-dbb3c5dff0ff
1999,1999,Quasimoto,Hittin' Hooks,2abd864b-5100-3b46-a7a7-8c555db918fa
1999,1999,Quasimoto,Microphone Mathematics,51381e5f-fef6-326e-b27e-73f5211d12fd
1999,1999,QUE SERA SERA,Cherry Blossoms,53fc4dd7-593a-4d44-8fbf-9724a69e472c
1999,1999-08-09,QueenAdreena,Cold Fish / Yesterday's Hymn,0d1e9217-a63d-30d7-96a9-930e2041c729
1999,1999-10-18,QueenAdreena,X-ing Off the Days / A Heavenly Surrender,5646f4b9-9ff2-32ec-af00-6e9673e4c7cc
1999,1999,Queens of the Stone Age / The Workhorse Movement,"Frontline, Volume 4 – The Singles Club",2decb6b9-b43e-4438-8c30-268f2808424f
1999,1999,Quest,Reach for Love / Yin Yang,e8347cfe-dfe0-48e1-a3ca-28e6b4f0641b
1999,1999,Quest Foundation,Back on Track / The Tempest,c5637f36-47c8-406e-af1c-286e6f361ab6
1999,1999,Quest Foundation / TMS 1,Exploit Yourself / In Money ?,d54b03bb-dfad-4ea5-8229-a5fd08aee610
1999,1999-01-21,Quny,Believe in I'm a Dreamer,6232295c-5b76-4a75-adee-a50a9e0eb4da
1999,1999,Quote,Outstanding,fccf8c77-5358-418f-9d7e-300b69fab0a3
1999,1999,Q‐Tip,Breathe and Stop,5427ed9a-bfed-39b3-b922-aa5b08e5db49
1999,1999-04-01,R,DIVE INTO THE FUTURE,29ffe73c-3368-42e2-9590-a8dec735eeef
1999,1999-08-25,R'OSE,Change,acd5b267-19b6-4a09-8600-edc54b01920e
1999,1999-03-10,R-ORANGE,Close to me ～世界の果てまで～,79f24df6-b07c-4fef-9a40-dc6b53db359a
1999,1999-07-19,R. Kelly,Did You Ever Think,08d70386-f846-35a8-a540-7a87f3cc9793
1999,1999-09-28,R. Kelly,If I Could Turn Back the Hands of Time,c0411eb9-2253-386a-8f66-6dac2cdf454a
1999,1999-05-05,R.A.C.L.A. cu Anda Adam,Nu mă uita,7be474c0-e061-4384-b2ce-eef7e1be3229
1999,1999-12-25,R.E.M.,1999 Fanclub Single,4794cd22-1df2-3211-9602-6d15b3114c3f
1999,1999-03-08,R.E.M.,At My Most Beautiful,c8e148e4-954a-3182-87b5-a1042227184f
1999,1999-06-28,R.E.M.,Suspicion,2bb42d5c-81d3-3e66-8309-07650ec7add5
1999,1999-11-16,R.E.M.,The Great Beyond,262b3e22-cfae-3843-9ab7-52d5509ad93d
1999,1999-12-20,R.K.B. Studio 13,Mega Dance,e608bb45-972a-4cdf-9bee-1b007000d00c
1999,1999,R.Kahna,Tome 1,b2199157-1372-45da-9565-f66ac2813867
1999,1999,R.O.O.S.,"Body, Mind & Spirit",c8ec14ab-4650-4300-b901-b90db56cd33d
1999,1999,R.S.P.,Follow the Funk,5dd92a95-885e-498b-a980-980dc189bf36
1999,1999,R.U.N.I. / Bugo,La pianta movente,8669b4c6-97a0-4bbd-8c52-45fb732070cc
1999,1999,Rachel Auburn,Just a Prayer (rmx),296539fc-78ca-479a-b010-144898c16cc4
1999,1999,Rachel Pollack,Reign the Conqueror,006d8e1c-803f-4385-be5b-75184a6f3549
1999,1999,Rachel Stamp,I Wanna Be Your Doll,899b8970-e033-30ae-90d1-70498727e081
1999,1999-02-15,Rachid Taha&Khaled & Faudel,"1, 2, 3 Soleils - Abdel Kader (Live A Bercy)",578b3a71-526f-4806-b18e-ae7f349fca0f
1999,1999-07-05,Radar Bros.,Open Ocean Sailing,f3b47080-9864-4eee-98a5-d82a9436fe91
1999,1999-09-12,Radiance,Jazz Resource / Substance,db6a3ecc-441f-32bd-a383-2c9473c489b4
1999,1999,Radiator,Make It Real,f9620a5b-34b0-3f12-8603-e5054dac38d9
1999,1999-08-26,Radifia,「解体奴隷新書」,43842d86-c0d7-4b74-90db-57d70029b2a6
1999,1999-08-01,Radifia,華達ノ狂奏,6fa32151-9cc9-46cf-8475-bc6d64a96e24
1999,1999,Radiorama,Ninna Ninna Oh,35cf0898-c706-44bf-9ffa-a2edb7f14852
1999,1999-06-27,Radius,美愛片想,416b5655-e8b1-4dda-a320-698600e0f75e
1999,1999-06-07,Rae & Christian,Swansong,afac2587-d41e-492d-8b67-3502206242a3
1999,1999-02-22,Rae & Christian feat. Veba,All I Ask,1b7ca54d-aae7-47c7-9b6d-409c14fb834e
1999,1999,Rafet El Roman,Bulmaca,204c698f-08a0-41a9-ab22-08c3021b3061
1999,1999-04-26,Rafflesia,Regeneration,751cc00a-189c-408b-a324-53c8ad16b0c9
1999,1999,Rage Against the Machine,Clear the Lane / Hadda Be Playing on the Jukebox,db0c5c92-4206-4fff-bc9b-724bca63f360
1999,1999-10-12,Rage Against the Machine,Guerrilla Radio,9190ab97-c476-3da0-bf2c-e144e00397c8
1999,1999-01-04,Rainer Maria / The Hal Al Shedad,Post Marked Stamps No. 9,ea052011-599f-3d3f-9392-5ed56e19c677
1999,1999,Ralphi Rosario with Linda Clifford,Wanna Give It Up,582b6bc0-f969-3289-8e39-1ea8d3b50998
1999,1999-10-25,Ram Trilogy,Evolution / Mindscan (Ed Rush & Optical remix),4e36733f-09e6-36d6-9a47-0026ac15fe8b
1999,1999-11-09,RAMAR,Wild Flowers,6fa9e783-6916-3c1e-8c82-694dbac10171
1999,1999-08-25,RAMAR,光と影,08650840-2c37-3453-918f-aeb3c0dda1a8
1999,1999,Ramasutra,The Marder Remix E.P.,6e0e703e-a7da-422d-b74a-9b44af88be70
1999,1999,Ramirez,La Musika Tremenda Rmx,d883c48c-c6bb-42b9-b0b0-43e251361a58
1999,1999,Ramjack / Filthy Dirty Rich / DJ Almighty,A Song Is Born / Scoundrel,64a78e9e-6be0-4e2b-92be-520960065f68
1999,1999-02-22,Ramone + Trigger,Alpha Wezen,2eb872cf-90e6-4de1-8da4-8c164d2bf5a9
1999,1999,Rancid,Brad Logan,cc6c89e1-79d3-4036-8af5-9a04ae1ebc21
1999,1999,Randy Newman,I Miss You,034690fd-14c4-4b9d-a50b-cc657da1db16
1999,1999,Randy Newman,The Time of Your Life,15c74f04-720b-477a-ad9e-2b662d9d8cde
1999,1999,Ranell,Come to Me,86c5eeae-f64b-4282-b6ab-2e186ba43497
1999,1999-12-31,Rank 1,Airwave,a6c00898-3277-3b2b-b630-c2628c88e9c7
1999,1999-04-05,Rank 1,Black Snow / The Citrus Juicer,7e4a10da-0d6c-49ee-8dfe-25a515ccb39b
1999,1999,Rantoul,Freedom / The Peasant,063de768-1ece-4b3e-90ec-349efc020d65
1999,1999,Rantoul,System Sylence / The Ladder,ff2e83c8-667d-345a-a6ea-d150f9a49738
1999,1999-10-10,Rantoul / Intersperse,On the Edge / Haunting Winds,73b07833-214d-3e3e-86a6-1c29acbd1229
1999,1999-10-01,Raphael,eternal wish〜届かぬ君ヘ〜,e50d183b-550c-4fb3-bef8-e376eeba6c3b
1999,1999-11-20,Raphael,promise,8d9af1c8-e80e-4866-88aa-a348716a8d5d
1999,1999-11-20,Raphael,Promise,bc2362de-8b88-4677-80d0-dc27d739da93
1999,1999-04-29,Raphael,Sweet Romance,8ee95136-4b10-316b-a607-5013a2ac2c21
1999,1999-07-23,Raphael,花咲く命ある限り,8601fa50-9bcb-491b-90ba-9be7f74ada9e
1999,1999,Raphael Saadiq & Q‐Tip,Get Involved,1f85a817-c001-38db-aa67-f9e7d5d75f8c
1999,1999-08-01,Raphir,彷ゥ幻覚亡想,659beeef-453d-455e-bbb2-3077247ad07c
1999,1999-07-19,Rapido,Ultraviolet / Witness Da Strength (Brisk & Trixxy Mix),57636db0-9e1d-4065-9a46-da86561b8d03
1999,1999-02-26,Rapor II,Çiz,7a78c489-cf5a-4536-9bc4-726fcc565079
1999,1999,Rapp' Dezé,Les Experts (part 2),50ef06c0-6c05-4fe4-ab35-99b331e95635
1999,1999,"Rappers Against Racism feat. J. Supreme, La Mazz, Trooper",Sorry,5c6e120e-4ca2-4780-8fdd-cfaf798320a1
1999,1999,Rareform,New Vision Recordings : NV9901,a7011d24-cf7e-3763-a3c9-43a0597771c7
1999,1999,Rareform,New Vision Recordings : NV9902,415e6552-9e22-33a8-b1d2-edcc69541719
1999,1999,Rareform,New Vision Recordings : NV9903,bc055c9c-0c71-33c2-a671-20c94237498a
1999,1999,Rareform,New Vision Recordings: NV9902,09f8b689-e3ca-3b3d-a5c5-3fea3c652952
1999,1999,Rareform,New Vision Recordings: NV9903,d7e947eb-ba95-3ea7-91df-923bdf0ee75c
1999,1999,Ras I,Africa Is Calling,3e9f6f0f-a0e4-4f59-9d5f-67f72d3ea1ee
1999,1999,Ras Kass,Oral Sex,6a170ec0-b6b0-42a1-b36f-411d01aac32e
1999,1999,Rashinban,アドレナリンドライヴ,09643f8a-7fe8-491b-8e6d-61f1ff23d450
1999,1999,Rashni Punjaabi,Chant of the Magic Flute,7c1bc505-66c9-4344-ac35-531dc5a9eda0
1999,1999,Rasmus,Swimming With the Kids,3337b77a-2a65-4070-ab0e-19d61d479fe6
1999,1999-06-07,Rational Youth,Everything Is Vapour / Money And Blood,df2cfefc-92ba-38f0-b9e9-5d87f0aa5f57
1999,1999,Ratt,Live for Today,1fd81768-35ac-46a2-8972-69ca1ee058e1
1999,1999,Ratt,Over the Edge,2535002c-07d2-4400-a3be-215804ac5e54
1999,1999-09-01,Ravecraft,無翼 其ノ参,da89a092-0fb7-437f-b4e1-25c142f10508
1999,1999-07-01,Ravecraft,無翼 其ノ壱,a4a5da40-a5c8-4102-b679-9db5bac55252
1999,1999,Ravelab feat. Purwien,Send Me an Angel,f56b66d0-fd26-4164-98ff-4ca05a9a7a2b
1999,1999-09,Ravenous,Silverray,8075d5d9-87a8-38d2-8ab6-9696db8c0816
1999,1999,Raw Man,Lovers / Number Seven / Number 7 (remix),d3a87576-680e-3acc-a59d-3711d06a0a61
1999,1999,Ray Horton,Because I Love You,044e9675-9fa2-3eec-aeed-abc9f36989f1
1999,1999,Ray Vega,Ordinary World,e3de1f4d-aaa5-413d-9ecb-477857cbd09c
1999,1999-12-10,RayLia,DEEP RED,aee9c480-d5e8-4cde-a922-99880d30c6e0
1999,1999-10-25,RayLia,fallin' rain,8c5bd7bb-d7a7-45dc-890c-3581bd0a6233
1999,1999,Razzia Project,Droid,3d78499c-f3fe-4436-9fe8-ee1ce049c717
1999,1999,Re-Move,Justify,c58f314c-1108-4ad4-8a0d-6906f1de3a5b
1999,1999,Re-Vox feat. Angie.B,'74 Funky Shoes,832539ee-cca8-4801-9486-9b8c54cda4bf
1999,1999,Readymade,Supernatural,03aaf01c-2c22-45fb-9ed8-7ffeae1b16f3
1999,1999,Real McCoy,Hey Now,e831385d-44c8-46d3-b057-bc1a6e0d4d22
1999,1999,Real McCoy,It's On You,1aa6cd32-8b19-4c47-9f27-6d88c91fb0c7
1999,1999,Reatards,Your So Lewd,bda0a326-3d69-3de9-a2f3-8dcd7b60f5bd
1999,1999,Reba,Christmas Bear Package,38aa07fc-7c2b-4166-8d92-2042e71ea9a6
1999,1999-05-12,REBECCA,フレンズ〜remixed edition〜,37691bc3-667b-45e4-8ff0-fe1b4f748e89
1999,1999-04-10,RED,Pray,66cbc8b8-522b-46dc-bf79-c3d5a50c288d
1999,1999,Red & White,Out Of Blue Remixes,8466de84-5210-4f4c-9830-e30f0adbcd60
1999,1999,Red Bandit,All Men Are Dogs (Nine Dog MC's mix),2c55e606-f7e6-4a9c-a53b-050c8959951a
1999,1999,Red Dreams,Get Out of My Mind,0511de74-97a3-4554-8bb4-6a3b1d144d0f
1999,1999-01-11,Red Five & Exile,Difference / Rebellion,e02039cf-c29d-40b9-9717-f3dd132c3b8a
1999,1999-08-20,Red Hot Chili Peppers,Around the World,35015b0e-3200-3412-b8e4-a1b4e22902da
1999,1999-12-22,Red Hot Chili Peppers,Otherside,f5a6d84b-1afa-327f-ae43-3f4ae1a4e784
1999,1999-05-31,Red Hot Chili Peppers,Scar Tissue,b1f6d734-5d16-327e-abf8-7f4b317ec936
1999,1999,Red Label,Die Nacht,3c6aac1b-8c9d-4927-afa5-a21d5c94839b
1999,1999-01,Red Label,Feuerwasser,b655e41a-49cd-42b6-b545-9c757efd8599
1999,1999,Red Moon,Let You Go,54b7c5ed-30ba-4b6e-b924-5112096dbf6f
1999,1999,Red Sign,Wonderland,8794c383-bd20-4305-821f-215596f70cf7
1999,1999,Red Stars Theory,2 Songs,d3eb885b-1ec3-408f-8074-9dedf251f469
1999,1999,Rednail Kidz,I Think Of You,0e94e666-9331-4a49-9936-7de556ced029
1999,1999-02-27,RED≒MARBLE,MARBLE,be85aca9-6964-4e29-a303-788d930eed21
1999,1999,RED≒MARBLE,NEW TYPE#001,50050724-a984-42eb-a826-77dca6ad2c86
1999,1999-03-29,Reef,I've Got Something to Say,2a0ecfd2-b06b-3daf-90e5-0b0cf47903f2
1999,1999,Reef,New Bird,389ba974-cfa9-40ca-92b7-55c74c4aff2b
1999,1999,Reef,Sweety,133493b1-2abe-49a2-a1ac-96f8e0f4a205
1999,1999-10-15,Reel Big Fish,The Kids Don’t Like It,a3ab8bb1-00ab-48a0-98ca-848e718b9497
1999,1999,Regenundmild,Wir Müssen Alle Viel Länger Schlafen,cb841a9a-38f0-4951-88cd-bb56090efce0
1999,1999-10-18,Regular Fries,Dust It,75aca577-023d-359e-8ea9-3073e89b1d0f
1999,1999-05-31,Regular Fries,King Kong,bcd2dbcb-cd15-3c65-964b-8b71ab5a9482
1999,1999-07-19,Regurgitator,Happiness (Rotting My Brain),a15e4046-efb6-3e69-9b82-e986fe31f838
1999,1999-11-01,Regurgitator,I Wanna Be a Nudist,1499afe5-70ed-392c-a208-47ded5b6d3a8
1999,1999-05-19,REI,東京ナイト,75d1fb8a-846e-4bbe-aec4-4cb06e00b982
1999,1999,Reina,Anything for Love,88083b9b-916b-329f-8d1c-3546244d635c
1999,1999,Reinhard Mey mit Ina Deter,"Einfach abhaun, einfach gehn",28ee504f-784f-4e07-ac9d-023636487dc4
1999,1999,Rekord,Tina,83d801ee-d016-47c9-9ecb-d06ca8ba05f6
1999,1999-12,REMAIN,"Still, I love you",bf07e789-a86f-408f-80f3-0c0a7e0cc08a
1999,1999,Remote,The Swarm,78a4fba5-2aca-330a-93ca-404afbab566f
1999,1999,Renato Zero,Il coraggio delle idee / Matti,d423081b-40e4-462a-964b-96af820f37c4
1999,1999,Rennie Pilgrem,Some Place Funky,2e0a7ec0-efa5-4a1e-93a3-0f8d461ce15f
1999,1999,Rennie Pilgrem Presents Thursday Club,Paranoia,6aa6d572-7630-41cb-bb90-3b14edf95efb
1999,1999,"Rennie Pilgrem, Buckfunk 3000, Thursday Club",Someplace Funky (Back To The Future Mix)/The Breaks,1b4b285e-ca0c-486a-9a6d-089dc3b2531f
1999,1999,Rent Mel,Samtid/fremtid,7979143e-7a82-3191-83c6-bc8b1d2f5d48
1999,1999,René Froger,Crazy Way About You,91ed87da-2fce-4e2e-ac27-7b8106f9a9d2
1999,1999,René Froger,The Best of My Love / Heavenly,b0536a43-f854-4780-a609-1517e4f039e6
1999,1999,Res KP / Reda,Madda / Ruffneck,df1cda16-b6d5-4261-b1ac-47f2d8008c47
1999,1999-11-21,RESEARCH,GO TO THE TOP,03abbad6-34e2-4fee-85ad-7e730c7219c7
1999,1999,Reset,Blue,fadb29a8-7f82-4c51-9120-7ca19446b7c9
1999,1999,Restless Soul feat. Nathan Haines,After Ours,414bc225-51fe-3f93-af06-e928164b9f92
1999,1999,Retkibanaani featuring Kari Peitsamo,Ämy 25 v.,80559bd3-1ea2-3fed-8552-31e296f5d5db
1999,1999-05,Retro Emotion,Madisons' Playground,d8b5870a-172d-3f1b-8687-86feea075aeb
1999,1999,Rettore,Splendido splendente,ea4c506f-6d8c-499b-b953-ebef33bf13a5
1999,1999,Return of the Native,Da After,614d0816-2946-44c2-a116-d3b57a98b7cd
1999,1999,Return of the Native,Quick & Fast,988b2329-0fb0-4690-874a-78a027536a7e
1999,1999,Return Of The Native,The Lost Tale,8ead0f54-093c-4380-96fd-62aa0c96bcb8
1999,1999-04-13,Reunion,Ignition / Cargo,2669362c-39b6-3df2-b32a-cc34938c7b8b
1999,1999,Reversed Twister,Busy Waves / Saturate,1b910aa1-e01e-4b90-9f4e-39a579f22502
1999,1999,Reversed Twister,Strange,2bb9a386-df81-4b68-aed5-04557705e755
1999,1999,REVEΦ,Sealed Love / Inorganic・・・・,6a52042c-4dfd-41c9-aa25-f1217a09d2d8
1999,1999-01-03,Rex / Songs: Ohia,Rex / Songs: Ohia,3a329f00-69e7-308d-86ac-479f1b24d2d6
1999,1999-05-14,Rex Gildo,Du bist mein Wunder,4c1e3ba5-c8d9-46c6-a613-b19f77fb66d8
1999,1999-06-07,Rex Gildo,Hossa! Megamix,b1e48183-0b25-451f-8a4b-770e6fdb7dc7
1999,1999-09-01,Rex Gildo,Nur du und sonst gar nichts,36a61c55-fd37-4c18-a3e3-ddd6b76a7860
1999,1999-05,Rhythm & Sound,Carrier,f7e35d01-54ed-3dc2-947c-da8cfda2e053
1999,1999-02,Rhythm & Sound w/ Savage,Smile,199d2eac-5195-3ee8-93c9-5820a8dcb025
1999,1999,Rhythm for Reasons / EQ,The Grand National (Tango remix) / Total Xstacy 93,f21a8915-b3c6-46c0-b4cc-138f55ef56d2
1999,1999-11,Rhythm Masters feat. Baby,Ibiza in My Soul,c5cd43cc-0cf1-4bee-9e03-51a2da2c257f
1999,1999,Rhythmatic Junkies,The Feelin' (Clap Your Hands),09969169-14cd-357a-a3b6-9f4717e44d74
1999,1999,Ricardo Montaner Con La London Metropolitan Orchestra,El Poder De Tu Amor (Version Ranchera) / Mucura,194a7637-1c0b-42d4-a068-cd8c2a47a426
1999,1999,Rich & Gordi,House Red,b67dbbc9-82ae-4c9a-88f6-f6b77f72b1ec
1999,1999,Richard Jacques feat. Dee Dee Brave,Work It Out,26a48782-eff3-4fec-8a04-629aec0bf168
1999,1999,Richie Boy & DJ Klasse,Check the Vibe,e309435f-4789-4563-8722-732421570562
1999,1999,Richie Boy & DJ Klasse Feat. Dennis Wonder,Blowing My Mind,2afcbe9f-6203-4a82-b313-dd7511084900
1999,1999,Richie Boy & DJ Klassy,Crazy Way,04afa5aa-c6d8-45ce-8b08-6a922dc57996
1999,1999,Richie Hawtin,Minus Yellow,1346c0cd-6b73-3f79-8742-34a21fcf60cd
1999,1999-01-20,Richthofen,Hart am Wind,89887a2e-c147-32da-bdc8-9480c2b455f0
1999,1999,Rick Wakeman,Buried Alive,626acb19-4b12-4239-b60e-2ae2c77fc7fd
1999,1999,Ricky,Abgehau’n,b9a8bf54-5ec3-40ee-a338-2e75a4169a55
1999,1999,Ricky & Laura,Er ist nicht der Richtige,6b441385-a417-3479-bef4-8857d94a859b
1999,1999,Ricky Effe,Sector .30,121620b5-1d14-420b-823f-59a3be946c42
1999,1999,Ricky Martin,Corazonado,cb14b603-b944-4ba8-8b3a-f9af4e527902
1999,1999-03-23,Ricky Martin,Livin’ la vida loca,f5bff9ae-e0a8-3372-b7b0-2c9cb5528722
1999,1999-10-12,Ricky Martin,Shake Your Bon-Bon,37024df3-017a-388d-81ec-eacc459c7549
1999,1999-06-15,Ricky Martin,She's All I Ever Had,b59048c2-ab8b-3c13-a8a5-332eb16b90c6
1999,1999-03-08,Rico,Attack Me,099050cf-dde0-3398-a5c7-b661aedeaca1
1999,1999,Rico,Shave Your Head,17ebd80c-052e-470f-a6b1-7dfe98ad7f30
1999,1999,Riddler,The Bounce / Oh La La,d005c384-96f9-47cf-852d-e6426e7cd75a
1999,1999,Riddler,Uprising,b0f03002-e8ba-4a66-8b1e-3a03eab0c09a
1999,1999,Ridge,Le Rodeo '69,78b8f02d-32f6-4181-adba-5a2e62faf034
1999,1999,Ridla,Media / Binary,52142039-5ef6-4b43-a535-33cb30eadeff
1999,1999-07-07,RIKADI,Biografia,a73fc03e-5007-4823-bbd0-9b06dacd2e87
1999,1999,Rinôçérôse,La Guitaristic House Organisation,27c9ec9f-b0bc-4362-bf21-56e9517f3b0b
1999,1999,Rinôçérôse,Le Mobilier,b5559f6b-c809-33c2-9dbf-26f463697a02
1999,1999,Rinôçérôse,Machine Pour Les Oreilles,e9662405-45c2-4bf2-a3e1-94b5ed94e99a
1999,1999-04,Rising Sun,Nemesis,388ef82a-6177-4fab-9592-6aa4b56fb5a2
1999,1999-08-10,RISKY,Emotion,bb305e81-41ad-4371-9f29-8408fdbdd186
1999,1999-01,Riss,Hausdepp,5d86fb5c-dbaa-3256-bfc7-49b7c568f80d
1999,1999-01,Riss,Prinzipal,a310bcdb-4fe5-39bd-9ba9-eef31f831751
1999,1999,Riss,Rissko Acid Catch,b1edd807-4e37-38f8-a370-b42877f23396
1999,1999-01,Riss,Undertaker,e97e3ff3-0b4c-3a0d-bd7d-95338ce9f4b9
1999,1999,Riva,Hexaperalla / Don’t U Hide,548757eb-5e2c-43bf-b50a-3d3870860da9
1999,1999,Rivendell,Starfish,faac70ee-fb34-4d66-9bae-7463467b79d1
1999,1999,River,Blinded by the Sun,02554dc9-46d4-4ed4-b555-43d2d6c2dae8
1999,1999,River,Setting Sun,ddb4bcce-b988-4805-adf9-2b92df35f181
1999,1999-06-21,RM Project,Get It Up,d068644c-cbfe-38ae-ba5a-d8ca59dc625d
1999,1999,RMF,Energize,69b3e235-fdfa-4c5f-bc2b-398f33850fe9
1999,1999,RMF,Strobe,071d27fc-16ba-48ad-99eb-3399d77d6f15
1999,1999,RN Plus 1,Like A Vampire,4aa41cec-f05c-44ca-902e-f4b7bde50252
1999,1999,Rob Base & D.J. E‐Z Rock,Ready 2 Party,a709e402-df6b-4de1-876a-f92949a3ab80
1999,1999-11-30,Rob Dale,Make Me Come,b7260c12-fd7c-4443-98d6-a8518359572d
1999,1999,Rob Janszen,Een beetje van jou,10f89d42-ac42-43e1-8245-956c18e846fb
1999,1999,Rob Janszen,Mag het ietsje meer zijn?,3848bdc3-ec4f-45e6-8535-1fa55032df3b
1999,1999,Rob McCuen and the Ruins,I'm A.J. Foyt,cefb0b25-dc31-427f-b845-96751188e196
1999,1999-06-14,Rob Mello,Happiness,0538e09f-7a4a-3284-9f3a-dc6f2ef45ede
1999,1999,Rob Swift,Dope On Plastic,26c20b62-4c55-4775-805e-5f5d5a90d626
1999,1999,Rob Zombie,Living Dead Girl,2a88797d-811e-3954-93d7-5393e493dc31
1999,1999,Rob Zombie,Superbeast,4a5b4a9c-175e-4559-bc37-749f896dffed
1999,1999-07-26,Robbie Long & Devastate,Flip Flop Flava / Caffeine Rush,31d77a4b-b5eb-458b-a436-230e44a92e08
1999,1999-02-15,Robbie Long & Devestate,The Champ / Lower Level,fea4df42-0097-4002-83a1-0fe4619514d7
1999,1999,Robbie Rivera presents D-Monsta,Bringing It Down,bc51bff8-1cd8-4853-92a4-5786050859a9
1999,1999-10,Robbie Williams,It’s Only Us / She’s the One,f65d5dca-0876-335d-bcec-3b0a1c1a75eb
1999,1999,Robbie Williams,She's The One,8d13679f-aa45-49da-937a-4db7219e9437
1999,1999-03-15,Robbie Williams,Strong,ea5e9c70-5d14-3d40-a9d3-51d4247e582d
1999,1999,Robert Hood,Psychic / Pole Position,0ad75f57-0546-3334-a697-81d63930fc07
1999,1999,Robert Hood,Red Passion 1,7fbc8fdc-ed6a-4cea-a31a-f8802bbe1d28
1999,1999,Robert Hood / Silicon,The Feel / Electron Push,6929e777-fb1f-4f11-9ce6-c91aa330cb40
1999,1999,Robert Johnson and Punchdrunks,Rocket True Temper 20 Oz,f42a03cf-cdcf-37d6-b4be-e00a9316938e
1999,1999,Robert Long,Meer dan ooit / Sylvia,66cb0b56-5e80-42c5-af97-7a8ae6d73949
1999,1999,Robert Long,Vlinders / Woembadie,da6fc317-677d-4e59-ac65-af1745928bca
1999,1999,Robert Long,Wie / De grote polonaise,7449dbef-fc2e-4e54-acd2-6fbbd84a5456
1999,1999,Robert MacLeod,Candle For Kosovo,9be3eb48-b5db-479f-bd12-49f96a6bedfd
1999,1999,Robert Munsch & illustrations by Eugenie Fernandes,Tell Me a Story: Ribbon Rescue,ebeeecca-9f0f-42a3-ab5a-75f8ed449209
1999,1999,Robert Munsch & illustrations by Michael Martchenko,Tell Me a Story: We Share Everything!,5502d509-8bab-422f-b50d-da0605099005
1999,1999,Robert Wyatt,Boxerpts,04df46cb-d9df-46db-bffd-b37eb84cfcfe
1999,1999-11-19,Roberto Blanco & Luis Frank y su tradicional Habana,Last Christmas,d2394396-f39d-45d8-b78a-3e8b3a2f1113
1999,1999,Robertson Brothers,The Last Love Song,b71fe7ae-7fcf-4447-b389-86b99e8cb5e8
1999,1999-11-03,ROBOTS,JUMPING JACK,f18eba43-268c-3ffd-a149-55abf5ba6483
1999,1999-11-08,Robots,The Good Times Are Killing Me,13097bc6-f86e-4508-b16c-3b496e177477
1999,1999,Robyn,Electric,1f24df3f-3ac6-3af0-8a52-43ea2779645c
1999,1999,Robyn,Play,3b50001c-a3d6-45af-a1e6-cfb62b4dbf78
1999,1999,Roch Voisine,Je resterai là,3861da0d-9ff2-4afd-a840-ec3637ba24d7
1999,1999,Roch Voisine,Je resterai là,cc4102aa-5096-43ad-b9f0-80948a54a695
1999,1999,Rocket,Standby,cbe6fd1d-f206-3dfa-b30d-bc6fa0d81d31
1999,1999,Rocket 99,Electricity,212da1c7-4a2f-463f-ad36-d179b8ceac5b
1999,1999-09,Rocket From the Crypt / The Hellacopters,Delorean / Crimson Ballroom,554a2575-bd54-4490-8535-0e9e0a341108
1999,1999,Rocky & The Sweden,844,495d6d27-e7ab-4fc4-8695-295082065025
1999,1999,Rocé,Ricochets / Encore Et Encore,c9a73a6d-e2b4-4215-aa83-7834537ced9c
1999,1999-03-23,Rod Stewart,Faith of the Heart,34d92d7a-13e8-4a9f-bedb-629bac5b9b69
1999,1999,Roddy Frame,Sister Shadow,5a7727fb-a2a6-4b5e-82ce-ff71c40b8a1e
1999,1999,Rody présente 1 Bario 5 S’pry - Mokless’ - Dj Kore - Obsen,J’vote pas pour toi / Foksafonksione,1c028ce2-b1be-4c0b-a9d0-b85d5ae927dc
1999,1999,Roey Marquis II. & MB 1000,Doublette,3b95fd72-10d5-46ee-9a42-8a36b015bd99
1999,1999,Roger Eno & Lol Hammond,Sky Becomes a Loop,5df0d593-444b-4868-81ab-0ed17198b76f
1999,1999-08-27,Roger Sanchez feat. Cooly’s Hot Box,I Never Knew,13ee7ff6-48e3-3a05-b02e-4841f4de3683
1999,1999-03-29,Roger Taylor,Surrender,238c7beb-974c-3bc7-adef-63466e8331ba
1999,1999-03-29,Roger Taylor,Surrender > Live,22341d15-b6cf-4a0c-b16a-93de0b3bd2c9
1999,1999,Roger That Houston,Miss Pennsylvania b/w Babies Make Bolts,e9d2134b-0f2f-43be-a6fa-8371f642b24c
1999,1999,Roh,Ich liebe Dich,3c11cf21-35a8-306a-a2d0-7d7a0ff4a0d0
1999,1999,Roland Brant,Heaven,9d3e03e8-b342-43cb-b174-8cb69dd808c8
1999,1999,Roland Brant,Love Is My Energy,22f59c91-93f4-44eb-a976-12856a6ac678
1999,1999-08-16,Roland Kaiser,Ganz weit vorn,f7026530-9125-4f9f-ac1b-f72081ed6f51
1999,1999-10-11,Roland Kaiser,Warum denn aus Liebe weinen,3769a36d-2f76-4e37-b1f4-eb143cbb09c9
1999,1999-07-12,Rollergirl,Dear Jessie,9b1d82a4-fd4d-3374-b1c6-1c682451788a
1999,1999-11-15,Rollergirl,Luv U More,3e8d394b-fa12-3f1a-b57e-765970b94afe
1999,1999,Rolling Circus,On the Run,6c2f97fc-1c5d-4743-9f3a-f83b356d21e2
1999,1999,Rolling Stones featuring Dave Matthews,Memory Motel,7daf217a-c6a0-4efb-9f36-fc30cd74d8d6
1999,1999-02,Romanthony,Countdown 2000,03aff433-389c-4fdb-bb96-59aa59d28ec7
1999,1999,Ron Carroll,Stronger,6590d0c8-39a1-40e2-9917-e4bab5197b2a
1999,1999-05,Ron Trent,I Feel the Rhythm,24a8777c-8cfd-3731-b45e-272984b08559
1999,1999,Ron Trent,In the Spirit,588f67f5-7c28-3d6f-beeb-9d052446be66
1999,1999,Ron Trent,"Music, Life & Culture (Musica Komoda)",37670b5c-8457-3223-a0dd-3bbaad4e94a4
1999,1999,Ron Trent & Sonti,I Fight for What I Believe,b34c7e86-e9d5-3e27-ab16-97d76c89c036
1999,1999-08-30,Ronan Keating,When You Say Nothing at All,565c70ad-825e-3212-8680-5a6de68cb16e
1999,1999-08-07,RONDE,Obelisk Monument,1a813b9d-0579-4e36-8d59-015f91154422
1999,1999-11-01,Roni Size,26 Bass / Snapshot,6a3f367f-667b-36ab-b1d9-e0fbeca19a81
1999,1999,Ronin System Featuring Magic Dirt,Expectations,66b3e96c-a206-4c76-ae03-c99b376ba383
1999,1999,Ronnie Rocket featuring Gudrun Rubini,Rocket Radio,b1191b32-ed34-4387-b861-3d39474e70b0
1999,1999-05-01,Rooky,LOVEウォーズ大作戦,a458987a-11f8-4f23-974a-0adf32f8084d
1999,1999-01-30,Rooky,わぁお！,d6d4930e-dea7-4514-8a6c-526911234b80
1999,1999-11-20,Rooky,夢のチカラ,27f5fc75-c67b-48a5-b18d-3582262d70db
1999,1999,Roots,Nostrama,0e2d0bce-9360-4806-94df-bbbf08931b1a
1999,1999,Roots,Strategy / Crisis,8694cda8-9158-4f57-9992-c80930b5d7a6
1999,1999-02-01,Roots Manuva,Juggle Tings Proper,cdf22a21-8884-3d79-a91a-51c4b07ce984
1999,1999-05-21,Rose of Rose,DRUNKER,d4c3515e-27ef-31cc-8c45-2f5c51313dab
1999,1999-08-21,Rose of Rose,Sweet,e72561ad-5a04-3449-9ee5-b558cbe82f2c
1999,1999,Rosenstolz,Ein anderes Gefühl von Schmerz,ee457dcc-1144-4212-86b1-9b8c252634d9
1999,1999-04-26,Rosenstolz,Fütter deine Angst,a4b762b9-34fe-4693-8b7f-58bd7427fa88
1999,1999-03-08,Rosenstolz,Perlentaucher,e80e0209-612b-491e-a9cf-23b4ca976c5e
1999,1999,Rosenstolz,Zucker III,47bcc310-29b4-469c-945c-2d929256b5b0
1999,1999,Rosita,Live It Down,becc068f-78b2-4075-9409-ce43efcf4a79
1999,1999,Ross,Maria,8b6d9a17-bbea-45c6-ad78-2c39985fe29d
1999,1999,Ross Young,Smooth Operator,cab2beca-6a4c-45e2-80f2-91cfd1a9c472
1999,1999,Rotterdam Terror Corps,Giftbox 4,d1d54632-aad4-442d-aeb6-05cdd3e20c96
1999,1999-11-26,ROUAGE,胸に降る雨、胸に咲く花。,657793a7-e05a-4899-b653-de9a84d79167
1999,1999,Roudoudou,Peace and Tranquility to Earth,47be245f-2f23-3a5d-8ad6-b431f9cc15c3
1999,1999-09-21,rouge~et~noir,lament for~,1373b5a7-d428-45a7-8256-9874e4ca2e80
1999,1999,Round Five feat. Tikiman,Na Fe Throw It,3a271ec8-840a-3293-9d76-2bfbd3b581e9
1999,1999,Rowland the Bastard,14 Trips to Kansas / Walking Into Windows,38b010fa-2976-4406-a972-9a85d8e0ae2a
1999,1999-05-10,Roxette,Anyone,64f97d48-fa37-31ea-88de-fbc368f1b141
1999,1999-05-08,Roxette,Pay the Price / Anyone,b55963c0-5967-453a-b805-e8f8768396ca
1999,1999-11-15,Roxette,Salvation,774860d6-2503-34d4-88fc-b2622031e0a8
1999,1999-06-25,Roxette,Stars,c2b5f6af-00cb-3f4c-98ab-1d0f16e5565d
1999,1999-02-01,Roxette,Wish I Could Fly,c0d61fef-048b-3039-8c13-db0c76edd12b
1999,1999,Roxy Club,More Than This,67953ac6-70c1-48b1-a2a7-5616117ddf51
1999,1999,Roy Black,Der Wanderpriester,f2ab11c0-53d6-4205-91a8-c526bf38716f
1999,1999,Roy Budd,The Theme From Get Carter,262830d1-dd5f-4154-8470-f4df2be703e1
1999,1999,Roy Davis Jr.,Always There,6c7fb8e2-9844-31de-8db6-92a2aada7594
1999,1999,Roy Davis Jr.,Don't You Dare Stop Loving,2a28ef39-af7f-3666-acae-6880555c2691
1999,1999,Roy Davis Jr.,Electric Soul / Someday,f275fe5d-aca8-4251-a8ab-870e0d1539b3
1999,1999-11,Roy Davis Jr.,Michael,cd761363-722f-40cb-9951-5ae1bde20ae8
1999,1999-01-01,Roy Davis Jr.,Something Inside of Me,ccd09662-5bd8-4074-9b06-52cc6c8b2f63
1999,1999-08-23,Royal Trux,Waterpark,a4be7d0f-f2fb-4819-aed2-a45b7a26c07a
1999,1999,Royce the 5′9″,I’m the King / Take His Life,9b20c270-d875-498e-bc96-9a9813b1a563
1999,1999-11-09,RR Fierce,Start Rockin,03feaace-98d6-47df-88d9-5e323f78999e
1999,1999-11-03,RRR,We’re champ,5cf579c6-3388-4005-8da2-1017584e1c26
1999,1999-08-25,rua,natural,12ae1e71-13ec-4349-9ed4-4d35749b5443
1999,1999,Rubberoom,Reconstruction,492a68c5-0d92-40af-936f-517969d09301
1999,1999,Ruby Cruiser,Everybody Wants to Be Cool,00ebd73d-16b5-4279-87cf-f6ddaf497284
1999,1999,Rucalí,Rastreando la tradición,e4b794b0-bdd4-4f82-9db9-7660c67c50a6
1999,1999,RudeLuck,Au nom de l'amour,2c9f3ebd-8396-3261-9e14-0cae4b895ff4
1999,1999-10-10,Ruellia,華劇なる純血種,308e5bc5-7347-43a3-9e76-64b3f59b5fa9
1999,1999-09-20,Ruff Driverz,Waiting for the Sun,afc013c9-7217-351b-a150-507f8b09670e
1999,1999,Rufige Kru,Ark Angel 3,66ca013a-b223-3da0-9eeb-933a65fee52d
1999,1999-09-15,rumania montevideo,Digital Music Power,cfbfffe0-0d84-372c-a6d9-641e06189425
1999,1999-03-05,rumania montevideo,HALF MOON,8552d1e9-f282-3190-9624-311349e85906
1999,1999-03-05,rumania montevideo,picnic,59a8a0ea-2903-36d8-a1a6-2e1648f394ff
1999,1999-11-03,rumania montevideo,picnic,d067a6d7-fb5a-33b9-ae26-610d0c02b76c
1999,1999-04-14,rumania montevideo,Still for your love,7558c88d-cf78-327e-a3a3-1bf912a49379
1999,1999,rumania montevideo,Still for your love,be42a9f5-947b-333f-8edf-cc3b651e65c1
1999,1999-03-01,Rumbleseat,Picker/Moonshiner,4394b779-1e93-3f91-838e-91f7bdd4afac
1999,1999-03,Rumbleseat,Saturn In Crosshairs/Cursing Concrete,f9c9c66b-5ee1-3cdf-9561-dc1f8236eba9
1999,1999,Run Feat Justine Simmons,Praise My DJ´s,9e802b15-6e69-41b0-adce-77398674461f
1999,1999,Runaways UK,Finders Kreepers Revisited,cb23dc6d-912a-49f4-aa91-ee5d49de141a
1999,1999,Runaways UK feat. Masta Ace,Express Delivery,c3c4745b-7240-4a01-82ba-cce871d9f494
1999,1999,Running Guts / Mindflair,Running Guts / Mindflair,dc06d607-cf26-4055-9754-061a1557d985
1999,1999,Running Wild,Revolution,7f9f258e-7f2b-4df3-aadc-9f20239a5a00
1999,1999,Runrig,Maymorning,87850d09-3b41-497e-996b-257e70990ceb
1999,1999,Run‐D.M.C.,It's Over,b504e054-106e-4b74-b2ad-deeadbab2d4f
1999,1999-08-10,RUSALKA,GARDEN,1f275de7-6815-4779-8464-f6a925f7e628
1999,1999-08-24,Rusty Willoughby,Here Come the Weakened,020f1629-4a5f-4248-8a37-1bc5e1d375be
1999,1999-02-08,Ruth,Waiting for This,ac81eb59-d213-4a57-8f58-7a88c0a4ce93
1999,1999,Ruth Jacott,Leun op mij,b0326546-a91a-4943-acf8-dd55421ecdf2
1999,1999,RWJ presents Winnie Runnells,You Don't Know What Love Is,abb38b9c-e207-4f3d-96df-a948a451e89f
1999,1999-11-22,Ryme Tyme,Payback,afd2964d-e938-3076-a604-5f149904dc27
1999,1999-12-06,Ryme Tyme,We Enter (Remixes),c0895752-7281-4f6c-a45f-de89cbe40458
1999,1999,Rythmus,Phonograph,eb133cbf-5d9a-4929-9729-2040f4f435b1
1999,1999,Röyksopp,So Easy,c6ca37e4-dbee-4f81-bd94-9444b4556c28
1999,1999-01-01,R’n’G,Tequila,5c6db366-d0ba-4212-b79d-35300e9a616d
1999,1999,R⃝éel Ki La,Reel Ki La (Qui va là?),96185a58-2d2e-41e8-afd9-af3f0ed84475
1999,1999,S & B,Antibody,bfb3360a-b4d2-45ec-ba57-302c697ae5d8
1999,1999-06-07,S Club,Bring It All Back,59d5571e-1a53-434a-a517-2f4f6f69884c
1999,1999-06-07,S Club 7,Bring It All Back,3c132463-de72-44a5-a4c3-1e6a64f4e3a2
1999,1999-09-20,S Club 7,S Club Party,66f563a7-00b3-3bf7-9834-568d4297655b
1999,1999-12-13,S Club 7,Two in a Million,5eac1ee1-dcc1-301a-9f5d-e93c591d978a
1999,1999-12-13,S Club 7,Two in a Million / You’re My Number One,082b977c-cdde-4f2c-bd8f-562e8bae4d74
1999,1999-12-13,S Club 7,You're My Number One,bc77a5fe-04c1-3d47-a8d9-9f957ccc30d1
1999,1999,S-sense feat. Jenny B.,Gonna Get Your Love,a7de37f8-73d5-31ec-9559-52b1b3d3ee7c
1999,1999,S.B.S.,Sigue al líder,4cda1e8c-b5da-4d0e-83a8-e21f0941303f
1999,1999-06-23,S.E.S.,(愛)という名の誇り,c7e958bb-86b2-39d7-8c78-4a2f78cb7d6d
1999,1999-12-08,S.E.S.,Sign of Love / Miracle,db8ffc9a-ccee-3fef-9a7a-6a0276a4bf3a
1999,1999-10-27,S.E.S.,T.O.P. (Twinkling of paradise),d2704616-e982-3818-af19-eaf42b10677e
1999,1999-02-21,S.E.S.,夢をかさねて,33e0307d-e95d-3128-b20e-40d45c5e7932
1999,1999-04-12,S.O. Project,Direct Dizko,c040dd1d-cb04-45f4-bc10-a73ff4fafcb9
1999,1999,S.O.A.P.,Not Like Other Girls,e1506b4d-4361-44ce-b789-62b883798c3e
1999,1999-02-19,S.O.L.,Quantensprung / Solaris,7db51de4-bfd0-329b-ad01-0715a04d9f47
1999,1999,S.V.E.S.T.,Promo 99,34555149-aeff-4a65-86fb-a2f67537400b
1999,1999,S2S,Sister Remix,49690069-cb4b-41aa-9b09-f508a4bd0f46
1999,1999-06,Saafi Brothers,The Deep Part 1 / Not Fade Away,925c95f8-7554-378d-a82c-42d9800fa803
1999,1999,Saafir,Not Fa' Nuthin',956022ef-a86b-4211-b157-d73269917cdf
1999,1999-12-31,Sabotage qu’est‐ce que c’est?,Schlager,26388a12-d461-333d-bc44-cc6918123ef4
1999,1999-08-27,Sabrina Setlur,Ich leb' für dich,2bcb2477-d78d-35d2-afb2-e0fc710b9d52
1999,1999-11-05,Sabrina Setlur feat. Cora E. & Brixx,Hija,f387135e-bf7d-33c8-8c2f-7b466b0e22a5
1999,1999,Saccoman,The Bounce,f1c40ed8-663e-4ce7-8e92-cb0ccd1abaa3
1999,1999,Sacha Distel&Dionne Warwick,Si L'on Pouvait Arrêter Le Temps (If We Could Stop Time),c9887b6f-6ee8-45f9-8d16-f0bdcb96a917
1999,1999,Sack und Blumm,Sylvester Orchester 2000 / Maus-Garage,c818276f-2166-3ad7-b4c1-0b7228b970cc
1999,1999,Sacrosanct with Loretta Heywood,Hypnotised,b7769c28-d14c-4fae-98ca-6df0ad38785e
1999,1999,Sadie,All Night Long,8de7c597-8390-323a-91bd-fe2cecb16f49
1999,1999-10-14,SADS,SANDY,31b96185-7afc-4a82-ab71-641a0167cd22
1999,1999-07-07,SADS,TOKYO,fe24a30c-a262-3b49-8844-a9354f0e5530
1999,1999,Saeed & Palash,Psychopath,d1c8d1c9-50fa-4d3a-87f3-9697f39c156e
1999,1999,Safety Pins,She’s Got Drugs,f0cb474a-b9d4-41ea-81fc-f22bebb4eb60
1999,1999-09-06,Saft,Går in som gud,760afba2-4f40-35dc-8223-2170f127d8d1
1999,1999-04-09,Saft,Sitter perfekt,4d0ac7a8-ee2c-3662-8b9a-e4fc766d4b3d
1999,1999,Saga,Home,4308b5e7-1dc3-3406-839d-71a575f41c63
1999,1999-03,Sage / DJ Abstract,Downcast / Aura 1,97847973-f742-4a8e-80ca-f52abb875ceb
1999,1999-10-11,Sahara Hotnights,Drive Dead Slow,d1d83fad-9747-3d7d-8406-8bf81e080c54
1999,1999,Sahara Hotnights,Quite a Feeling,acb883b3-6e48-36bc-b5a1-26072ff05c48
1999,1999-05-04,Saint Etienne,52 Pilot,44b567e9-8fa3-4e61-90fc-5cedd6c3d0b3
1999,1999,Saint Etienne,Lover Plays the Bass,715b82dc-a0f2-38cf-8af5-513b4d161b12
1999,1999,Saint Etienne / Fugu,Saturday / F32,97f37b97-edc9-3678-9057-1fd8d5348063
1999,1999-10,Saints & Sinners,Pushin Too Hard,6a80d779-3bb3-30da-887e-e486e0d4981a
1999,1999-06-09,SAKURA,Oh I...,48d41329-dda5-326c-931f-5bfd19d4b1fb
1999,1999-01-27,SAKURA,ONLY FOR YOU,2e775c60-97f8-3ff2-ab44-9c770943105e
1999,1999-06-09,SAKURA,Paradise Calling,ffb282d1-af90-3ef4-b5a0-a9afd982c295
1999,1999,Salif & Zoxea,"IV My People, volume #1",01ca728b-bc72-4ea1-b8fd-1e1167f6ec61
1999,1999,Salmonella Dub,For the Love of It,d1d29a1e-edcd-3d04-83b7-8deb725627e7
1999,1999,Salmonella Dub,Johnny,6effef15-91c9-333c-a0c7-b7febfc5ee7a
1999,1999-09,Salomé de Bahia,Outro lugar,2df3a09b-2b1d-3372-a22a-f8f6c482ea5d
1999,1999-06-21,Salt Tank,Dimension,4a9d231d-3892-3e90-8218-d62d99042679
1999,1999,Saltine,Find Yourself Alone,54286fc3-ce50-4728-823a-b321584f9a75
1999,1999,Saltlake,Rainman,eb4db4d7-4f10-419e-bba0-8edf3bf31929
1999,1999-02-08,Salt‐N‐Pepa,Push It [Again],d6c3b7cc-477c-40ab-b166-b66abec85e7f
1999,1999,Salt‐N‐Pepa,The Brick Track Versus Gitty Up,bb372a64-d47a-4c0b-88e7-b11449a12a83
1999,1999,Samantha Fox,Mega Mix,f42a0538-e77d-425e-b249-ea0149c01c00
1999,1999-02-08,Same People,Dangerous,8ab9f965-8d94-42ad-90de-b54443fe3b2d
1999,1999,Samia Farah,Cool,dbf65a78-972f-45fc-88e9-b974e1ca9106
1999,1999,Samia Farah,En arrière,90740d85-b429-4232-a354-c1d98e6b7c4c
1999,1999-10-20,Samira Besic,It Was Him,4a8b8f31-d970-41d4-9a47-c4576c0e2510
1999,1999,Sammie,I Like It,2eabf3e2-d29a-30cd-a416-b2733674088d
1999,1999,Sammy Hagar,Mas Tequila,6d9e95fd-654c-3649-9b3e-5e3a150fb5c7
1999,1999,Samui,The Big Blue,8eb4f843-86b6-40d2-ae13-3106e05c2767
1999,1999,Sand,Spell / Terminus,96692dd6-cb5f-4199-b853-154d8858d3f0
1999,1999,Sanderfinger,Racerbil,2940e6fd-925b-420f-ad34-c5546c626d9a
1999,1999,Sandman,Whenever You Need Me,277c1ca1-5849-37a8-9abe-1d58e2627bdf
1999,1999,Sandra,Secret Land ’99,ad7d9773-df3c-38d7-9e6c-00b38990b453
1999,1999,Sandra Collins,Flutterby / X Cabs Remixes,0bde4dc9-fb8c-4b02-b984-14fa3940b8f1
1999,1999,Sandra Pires,How Long Will It Take,1b57099a-6a21-4c68-aa7b-98cce6fcddcc
1999,1999,Sandy Valentino,De La Peau,95413bc1-585b-4fdd-9ffc-0d3cd71d6521
1999,1999,Sandy Valentino,Olé Olé,74327c09-b9de-4ed0-9528-87c02a5bd3ca
1999,1999,Sanity,Welcome to Paradise,93e4e1c7-80d3-4536-8391-b84c1b2159d8
1999,1999,Santana,Put Your Lights On,3e2a7b34-b692-4b2a-aafd-39a821be172a
1999,1999-06-28,Santana feat. Rob Thomas,Smooth,70bf326e-4127-4326-aeb0-28d8e571cc95
1999,1999,Santana featuring The Product G&B,Maria Maria,8569a43e-43f3-3f60-b86d-a1526ab833d6
1999,1999,Santessa,Phased,cb91813e-0ba5-32c3-a6fb-b258f78d2754
1999,1999,Sara,Dafür lieb' ich dich,6be973fe-4aa5-3cf5-94bc-cd7649db0a1e
1999,1999,Sara,Silmiin & sydämiin,6d64f877-6b3c-3fca-9ce2-a556bbb553b7
1999,1999-02-22,Sara @ Tic Tac Two,Nie wieder,f343f8eb-8626-39e7-a938-b64c1c3d0215
1999,1999-11-21,sarah,SARAH,f6e233de-24a2-4203-8daa-4a43721060ef
1999,1999,Sarah Dougher / Kaia,The Old Way / The World's Greatest Haircut,4050e160-2402-3f36-987c-2f40480bb923
1999,1999,Sarah McLachlan,Angel,489616ef-93ac-361d-8f88-f75e095d72f9
1999,1999,Sarah McLachlan,I Will Remember You,04045239-c234-41f7-83d9-3f1f39ad405b
1999,1999-07-30,Sardokar,Behind the Stars,b72a48ec-2132-4a97-8846-6f634697a5e2
1999,1999-07-31,Sardokar,Blue Utopia,d773db3a-3b76-429c-8eb6-ec3ab266253e
1999,1999,Sarina Paris,Look at Us,5aa59cb7-acae-30dd-920d-1c3be2345727
1999,1999-06-21,Sasha,I Feel Lonely: The Summer Mixes,e0a07233-d9ef-39c7-9acb-ae1bcc1d9d95
1999,1999-03-08,Sasha,We Can Leave the World,6f96a1aa-b132-33ce-ad7f-ce97c5542c61
1999,1999,Sator,TV-Night,f1b68597-d173-47bd-9b11-5d1070b002e0
1999,1999-10,Satoshi Tomiie,Up in Flames,5ceb3975-9458-3246-9742-e58dafef5c33
1999,1999,Satoshi Tomiie featuring Kelli Ali,Up in Flames,c0864cbd-9a10-4d34-83f8-c25d5f9f9041
1999,1999,Saturnalia String Trio with Daniel Carter,Saturnalia String Trio with Daniel Carter,1bf77cca-33b0-460d-86ab-9a13aa907a12
1999,1999,Saucermen,Aquarius,086c72f8-c896-36c1-874a-8ee02a515826
1999,1999,Saukrates,Action,1f08e976-65a1-345c-aba6-92df226ca6e0
1999,1999,Saukrates,Money or Love,914dcb51-2a93-4bdc-a398-151f8cf708a3
1999,1999,Savage Garden,Crash and Burn,1b972f53-ecc2-34c4-b2c4-87043dc6d5b7
1999,1999-09-20,Savage Garden,I Knew I Loved You,7099cc11-6b39-3349-bc30-311c47b6e575
1999,1999,Savage Garden,Last Christmas / I Knew I Loved You,1b08e7af-e47d-3544-b62e-b0b8f7626687
1999,1999-02-22,Savage Garden,The Animal Song,eab6e0ab-cb6b-341a-82f0-ff29ff78760d
1999,1999,Savage-9,Hold on Tight,4f13746e-0b7c-40e5-9668-f1f6b68a84f6
1999,1999,Savon feat. Andy Jay Powell,Children of Paradise,caa62b66-efa6-4939-bad7-482392064a48
1999,1999,Sawt El Atlas,Ne me jugez pas,7a28854b-e336-49b5-8ffe-d19a1799def1
1999,1999-02-17,Say a Little Prayer,Yes No,7b64e5a8-f8fe-44c2-b10a-b8bf21d73493
1999,1999,Say Colour,It's Summer In My Heart,6a0a188d-709a-43d6-8a49-d729b9624bb5
1999,1999,Scapegoat Wax,Light of the Moon,7862d493-016c-4968-8d54-aebb18a26175
1999,1999,Scarub,Savvy Traveler,d30c393c-96cb-30ec-9335-f96cc53e686e
1999,1999-09-23,Scatman John,"Ichi, Ni, San… Go!",c3f58d8e-ef14-49bf-b9c2-47914c4a37c0
1999,1999,Scatman John,Take Your Time,193f4170-b35b-4364-b66e-11c7306dcba8
1999,1999-11-01,Scattah,Thrillseeker / Something About You,e1d57945-15a0-4ed4-a51c-e28dcc48f37b
1999,1999-06-28,Schall Schall-en,HONEST LOVE,0296ecae-bbeb-4200-9a17-dc014b75bdcb
1999,1999-02-14,Schall Schall-en,STILL LOVE HER・・・,3185a66e-05a1-4d1f-8f78-c38c9a2718a1
1999,1999-07-05,Schiller,Liebesschmerz,9fa61556-5a41-3d02-a083-f65eea378180
1999,1999-11-29,Schiller,Ruhe,69da7d29-8533-31f0-8734-77d4aa491790
1999,1999,Schmoov!,Destination,37a555d4-bd56-4ddd-874c-5d2d1fb53a10
1999,1999,Schmoov!,Dorfian Soul,563d8793-492e-4c94-99fc-0f3e7d169fab
1999,1999,Schreeg,Kamm Around,a0045f41-f6c0-4f1c-985e-b223bf76cff4
1999,1999-04-19,Schwarz,Dieb,7fa20730-725c-488d-bd89-f6255ec95802
1999,1999,Schürzenjäger,Die Welt is koa Glashaus,479315c9-274a-4d4b-95bf-69d338a4e541
1999,1999-02-19,Schürzenjäger,Es hört nie auf,01effb77-c1bf-4909-92e1-82a8a6d96778
1999,1999,Sci-Fi,Nothing To Me,601a6c70-1297-43c9-94a6-96e643302683
1999,1999,Science Fact,Your Touch,dc31052b-c669-451a-98e8-d8e85332afcd
1999,1999,Scientist 212,Vibration,1f8b121c-94ec-4164-9bbf-67133791b7ec
1999,1999,Scisma,L'innocenza,cc14319a-e999-4128-a034-7a0ccc60c67a
1999,1999,Scisma,Tungsteno,40d28a6a-b02b-4b12-a6f7-1d237631f66e
1999,1999-12-23,Sci‐Clone,Hold On / Lucid,2f52c8d3-4dff-3cb4-aabf-2109b720f933
1999,1999,Sci‐Clone,Red Fever / Everywhere I Go (remix),800596c3-77f0-305d-992c-15756baa665b
1999,1999-10-18,Scooch,When My Baby,6c0275f3-b36e-36c1-93ea-19b336a44030
1999,1999,Scoop,Drop It,54346394-cf45-4c4c-b5f7-6d9cb754f77b
1999,1999-06-20,Scoop feat. Joyce Lyle,Clap Your Hands (Rap-O-Clap-O),6368cd81-9283-4d9c-9215-fd35b2ee6f16
1999,1999-08-23,Scooter,Faster Harder Scooter,7c090381-3b08-3e23-8f20-f967b9aed6f2
1999,1999-11-22,Scooter,Fuck the Millennium,7534cbb5-f86b-3dbd-bdef-6ae2d0618043
1999,1999,Scorpions,10 Light Years Away,54549c9c-a863-4edb-9da6-0f47746185e8
1999,1999,Scorpions,A Moment in a Million Years,dea47384-9ec7-4626-a8e2-f73501f7ac25
1999,1999,Scorpions,Aleyah,b3444dcc-90fd-4d9b-9be6-a3f5b4bb8743
1999,1999,Scorpions,EYE Ⅱ ƎYƎ,d71904d1-a933-44c9-9de0-e69795fbf7bc
1999,1999,Scorpions,Love Is Blind,46c8faea-bdac-46fb-8923-60ed9f65c44a
1999,1999,Scorpions,Mysterious,15665ad1-7adc-40fd-a4bd-301d2d04448c
1999,1999-02-22,Scorpions,To Be No. 1,beaa6b7c-1bde-3fbf-a12a-ea869ae5f17c
1999,1999,Scorpions,What You Give You Get Back,23562118-81d9-4ae4-9b4c-182dec53b0b2
1999,1999,Scott Brown & Gillian Tennant,Everytime I Close My Eyes / Elysium,cb810074-6762-4b0c-80c3-0b03532cda27
1999,1999,Scott Grooves feat. Chris Codish,Organ Nights,a1f1d2b6-05aa-336a-8aba-cf643a135db6
1999,1999,Scred Connexion,Bouteille de gaz / Les Diables et les anges,2559e03e-4f88-4a26-9002-a47e15e6f112
1999,1999-07-03,Screw,Virago,4add9a30-50d9-42d4-9ebf-81011f6e4f34
1999,1999,Scrid / Sludgeplow,Passion Fruit / Miss L,c31deb61-86f9-4888-b669-9f0504313663
1999,1999-07-19,Scritti Politti,Tinseltown to the Boogiedown,6021819b-ee1d-3335-acd3-02faa3a98327
1999,1999-02-05,SCYCS,Grounded,0b82a3e7-9fe8-3a32-b54a-d1e182928523
1999,1999-06-04,SCYCS,Underwaterlovesong,df3001d8-0ca0-32cc-a1cc-a160c5fd651a
1999,1999,SD,Dienamic,e81077b3-5153-4ea9-9448-0faf341ad932
1999,1999-02-22,Seafield,Walkaway,c5fbfa74-8ed0-4bce-82c1-af10ca4cc69d
1999,1999-06-28,Seafood,Easy Path,1d61db34-d051-4902-907a-8388f4fd9d24
1999,1999-10-11,Seafood,This Is Not an Exit,3e481fd3-e2ea-47ab-954e-e6cc1e22987c
1999,1999-07-12,Seafruit,Hello World,4749ef46-b020-4adc-9f51-2d9f3e1d366a
1999,1999-03-06,Seafruit,Looking for Sparks,2b510b19-e7a4-4b06-9b02-071d32af2adb
1999,1999,Seam,Sukiyaki,ad942db1-1202-4851-af21-e8ea449db396
1999,1999,Sean Dexter,Synthetica,c0dfc47a-de5d-3427-a845-5a9b1d17c727
1999,1999,Seba,Predator / The Lost Key,c63fe722-78d2-3927-b89e-5fa981e0590d
1999,1999,Seba,Waveforms / Soul 2000,0e488f4f-1996-30f3-902e-340a658d363f
1999,1999-01-18,Sebadoh,Flame,9b1a98b4-563c-3928-bec5-86cbdff70daf
1999,1999-06-14,Sebadoh,It's All You,479eb425-4055-3ed0-8b51-fc03f5f1a41d
1999,1999,Sebadoh,Weird,ace91f41-7c10-336b-901a-0d7e54b1ef5b
1999,1999,Sebastien Leger & Nicolas De Floriant Introducing Deaf'N Dumb Crew,Champagne Party / Spootch,c58bf257-48f4-43f4-82f0-94ed544e0522
1999,1999,Secilia,As Good as You,71396681-3470-48a1-988b-f9ccde05f76a
1999,1999-02-05,Second Vision,The Italian Job / Runnin',a57d06af-c11f-330e-ae1c-99f6d6cc108b
1999,1999,Secret Garden,Passacaglia / I Know a Rose Tree,64e49d4a-41a0-43ca-b4eb-cc34aa526bb3
1999,1999,Sector 7,Bladerunner,dd1a6973-35ac-3d4f-93e0-2eab4dc550b2
1999,1999,Seduction & Eruption,Bust the New Jam / Step to the Side (Brisk 99 Mixes),2aa28f93-eab9-4b1f-b632-c6e3b6691b40
1999,1999,Seedling,Trip Ciné,1c8e0bc6-743e-4d37-9185-d1a4161de61a
1999,1999-06-21,SEESEE / 山本由美子,"nothing, / 明日へ",c6310a4c-ecd6-4eed-9f68-758a9fd35d2e
1999,1999-02-08,SEFAID,NO.1,b5c5c068-81aa-4382-9cdd-53f383dfe058
1999,1999-10-01,SEFAID,NO.2,80a2e4c2-b9d5-4c78-b242-4730a5d96340
1999,1999,SEFAID,R No. 2,92fc6e05-e6a7-4c36-8300-03f72bc30828
1999,1999-11-14,Seize,Blades,7d2cbe4a-ea29-31a0-a701-0f23b5ef1ea8
1999,1999,Sel,Tavo,c6659ee8-bac0-3b61-bc60-e028dd082d87
1999,1999,Select,Ray of Light / The Best Days,21ad4bb3-1b0e-4582-8721-1d0a61e0adb5
1999,1999,Select,The Realm / Happiness,a6636f33-c59b-4817-97c9-d6e300d5daa5
1999,1999,Self,KiDdies / Suzie Q Sailaway,1abb933a-50f4-4fe7-8a26-1925eaea8ef3
1999,1999,Self,Meg Ryan,8fb6ab8e-0fe9-4e8c-95e7-fe05fd9d2bfb
1999,1999,Selig,Ist es Selig?,2c76465c-b30b-465b-b6b4-2732fa3d0d2c
1999,1999,Semisonic,Delicious,5904a92d-b554-4c23-ae55-9d495451653c
1999,1999-04-06,Semisonic,Talks,3ea4efc4-03ab-4fdd-9e74-443896208e27
1999,1999,Sensoria X,Stop The War,b85d95e2-87e4-4782-a2e3-5db11949cf06
1999,1999-12-08,Sentenced,Killing Me Killing You,1b9bff9f-90d8-3886-af40-29e1ba40f5aa
1999,1999,SEPIA,輪廻/SAD SONG,71dea66a-5b18-4bf2-b8f6-a5fca271874d
1999,1999,Sepultura,Against,ee3bbfa5-1afa-328d-80a9-69f05ba4fd39
1999,1999,Sequential One,Angels,6939adb4-2425-3da1-ac77-e4576476640f
1999,1999,Sergent Garcia,Amor pa' mi,e13fdf2e-9925-40f1-889b-6ca42b01c39b
1999,1999-12-01,Sertab Erener,Zor Kadın,85610a94-9d87-34c0-9af3-871870b7b261
1999,1999,Session #9,Welcome to the Magic Sessions,832f17bb-27d3-43ef-aebf-3a6154e3a1c7
1999,1999-07-13,Seven Mary Three,Each Little Mystery,23a69a09-7f08-4557-9f40-1d2af7f30aeb
1999,1999-05,Seven Wonders,Crazy,b12f9cd0-acb3-4aa0-9e28-e6c7e0c64151
1999,1999,Sevendust,Denial,3d0a8f08-dde8-4d14-b93d-d9f64cf30794
1999,1999,Sevendust,Home,e817ea80-eb8d-48e5-8a94-734603a6cad7
1999,1999,Sevendust,Homework,fef7aa78-87af-3d27-9f21-8df41bfc2d40
1999,1999,Sevendust featuring Skin,Licking Cream,5cf6f324-51c3-3661-844a-0a4410b96a9b
1999,1999,Seventh Avenue,Goodbye,20d82036-9ad7-32d2-b570-84460cd92fa1
1999,1999-11,Sevi G,In the Air Tonight (Mass Syndicate mix),be2457a9-10ed-4742-84c6-c54975331a19
1999,1999-10-20,SEX MACHINEGUNS,Onigunsow,0c84bfe3-9e8e-359f-8d75-c24da72fbe28
1999,1999-02-03,SEX MACHINEGUNS,TEKKEN II,7556a97d-1d29-440e-b292-5cbe38d6da6f
1999,1999-04-21,SEX MACHINEGUNS,みかんのうた,ae91989c-b08a-44d6-bc22-50a972b551f4
1999,1999-01,SEX-ANDROID,発情期/Humanity's Story,dee10ceb-e043-4336-bf01-47c6dd684549
1999,1999,Sexy Kool,Kool Vibrations,2fc92f0e-d40a-3771-85cb-29e11d05ef40
1999,1999,Sexy Sadie,You Know That’s the Way I Like It,b857de2f-2593-40f8-ba51-dac7c868199b
1999,1999,Sezen Aksu,Sarı Odalar (Ben Seni Çok Sevdim Oğlum),d0afd032-2ba8-372e-9cd0-e45125de0151
1999,1999-10-18,SFT,Eyes Open,2b910da0-5e87-4001-b656-8fb86386b1e9
1999,1999,Shabala,Mandala,2e078b12-d00a-486d-8bae-c9da1be4bc9d
1999,1999,Shaboom,Bessie,7e4107e7-d009-30a0-b401-6dee8538bd2d
1999,1999-07-19,Shaboom,Sweet Sensation,68e7859a-48b4-38db-85de-41dd8ae1a0aa
1999,1999,Shack,Comedy,a91f8379-cea6-34cf-9083-89ab9ec5496f
1999,1999,Shack,Comedy [Disc 2],fd23ce56-ba71-4905-ae85-758214fd15fd
1999,1999,Shack,Natalie's Party,180ff6ad-6f1b-42bb-9215-598fcb07ba39
1999,1999,Shadow Man,If a Never Jah,676c1899-7524-4d09-bc20-23fc344f7895
1999,1999-08-23,Shaft,(Mucho Mambo) Sway,b1926607-1a32-33ef-b8e7-f27c43c8aaa0
1999,1999,Shakira,Moscas en la casa,2fffbb68-30da-4803-ae0c-86b73167e849
1999,1999-07-23,Shakira,Ojos así,0cf43f51-f63e-4585-93d4-5e39aeb5f2e5
1999,1999,Shakira,Si te vas,e2bbbe7f-e178-4733-8996-918592e78199
1999,1999,Shakira,Tú (the remixes),9a766604-b3ed-442d-a535-34e084a9f2c7
1999,1999,Shakta,Of the Essence / Zevel Boy,6c5b3361-9da5-3eed-bbb2-7c6b488c627b
1999,1999-10-06,Shammon,深愛,580b71c8-b076-4ec1-988d-2fc573cceb8f
1999,1999,ShanDozia,Baby I Like,bef66765-a7ae-4670-aa55-a1cbf655c92b
1999,1999,Shane Morris v Jon the Dentist,Bang the Box,1701fbde-1226-45a5-ace5-9465ab400816
1999,1999-09-07,Shania Twain,Come On Over / Man! I Feel Like a Woman,81604d27-2f0a-4d7c-8c35-945d87fcba77
1999,1999-02-28,Shania Twain,Don’t Be Stupid (You Know I Love You),a7beaedf-322e-3cdd-b0ff-b4438c683056
1999,1999,Shania Twain,You’ve Got a Way,dcd34d49-fb92-45c2-ac34-866e3e365079
1999,1999,Shanice,When I Close My Eyes,db0acc57-9a84-3cf5-accb-ef6830a73107
1999,1999,Shanice,You Need a Man,1ac6c434-813b-4562-826e-bd1ea38bb978
1999,1999-05-17,Shanks & Bigfoot,Sweet like chocolate,a7657b12-7235-3073-9bfe-9ce294eebed1
1999,1999,Shannon,Give Me Tonight (2000 A.D. Hex Hector and Dezrock remixes),b2f9c978-ca75-3cac-a8ec-ec4eb0e1bda3
1999,1999,Shara Nelson & Kasha,U,fc1aadae-bc42-4bc1-9514-54ce9a9c2b9e
1999,1999,Sharam Jey,Let's Get It On,c67a81d5-6526-43eb-85e4-27a4e13224f5
1999,1999,Sharkey & Eclipse,The Warning,2f2e95ac-3856-4e99-94bf-a2ca4995855a
1999,1999,Sharon Jones,I'm Gonna Get Ya!,8fbde1f5-2b11-3a9e-b9b5-e30d8bedf70c
1999,1999,Sharp Boys feat. Kenny C,Raise the Alarm,dc0fb13c-3afb-466d-b4a2-2debb1203f45
1999,1999-01,Shauna Solomon,Whatcha Gonna Do,f315c9f3-28f9-350c-a2cd-e8d0bfabc3c8
1999,1999,Shawn Mullins,Shimmer,9d7a846a-fb8b-3f8b-8ed7-06620cb51ee4
1999,1999-09-20,Shawn Mullins,What Is Life,8d3c4fed-dfe6-3aef-87a3-fa50dee51907
1999,1999-09-22,SHAZNA,AQUA,6d5dcec4-55f1-4779-9bd0-3273f63d6cd6
1999,1999-03-31,SHAZNA,Piece of Love,f8305fe3-5427-41c3-8911-2c1be9cebc22
1999,1999-01-27,SHAZNA,Pink,6de904a9-8311-46c0-b9d4-b3c25ccf3994
1999,1999-06-09,SHAZNA,Tokyo Ballet Reprise,231c3234-b89c-4e98-ab68-973e330c2a8f
1999,1999-12-08,SHAZNA,Winter’s Review,bf170bc7-a3aa-4c08-9e3e-2085f8a6c3e3
1999,1999,Shazz feat. Ken Norris,"Innerside '99 Remixes, Part 1",1b886988-5871-3490-8872-d25b9f4f07d3
1999,1999-05-24,Shed Seven,Disco Down,eb3c3522-01c8-44ca-bf79-59819d4e4f97
1999,1999-11-09,SHeDAISY,Deck the Halls,09bbee7a-cdf2-3346-9447-21657b8969ed
1999,1999,Sheek the Shayk,I Want Her So Bad,4cf3a83d-e851-4814-8816-fee72c1a1936
1999,1999,Sheek the Shayk,Just a Chick,558ddf06-ad85-4516-aa31-c3579e5da656
1999,1999-03-03,Sheena Easton,Carry a Dream,6f48e964-6d5d-4274-b006-66ab4a4e4458
1999,1999,Sheena Easton,My Treasure Is You,a494de71-093d-3df4-9c2e-c94c21304020
1999,1999-01,Shelby,1+1,6324ee27-3836-3ed9-9849-bf35b6b1c460
1999,1999,Shelby Lynne,Leavin',a6356abb-87f9-425e-a92f-ff16e74fc74e
1999,1999,Shelby Lynne,Your Lies,03c7c0a3-bca9-4e04-8aa5-b306c86fdaf2
1999,1999-07-07,SHERBETS,HIGH SCHOOL,6b3bccfb-cb95-4950-9563-e1973d7ca701
1999,1999,Sherrié Austin,Little Bird,627f2eb3-6709-4c7a-bb9c-54118574be0c
1999,1999,Sherrié Austin,Never Been Kissed,90314f68-87c3-4e28-8ea2-997351d31966
1999,1999-02-22,Sheryl Crow,Anything but Down,0396f69f-983d-36eb-93f1-351fb91dcb2a
1999,1999-08-03,Sheryl Crow,Sweet Child o’ Mine,9cc4bc6a-2099-3f03-b687-b38fc4198c82
1999,1999,Sheryl Lee Ralph,Here Comes The Rain Again,a5ae3039-ece2-42df-bf20-61f7d1ccbe22
1999,1999-09-06,Shihad,My Mind’s Sedate,f6d7bbeb-7d34-3c5f-ade1-0c75507fcd31
1999,1999,Shine feat. Connie Lingus & Phil Aseo,Stimulating and Exciting,b5ae42fc-5a63-4603-89bc-b1adaa385118
1999,1999-10-11,"Shirley Bassey, Bryn Terfel & The Black Mountain Male Chorus",World in Union,45768eed-99da-4594-bb16-9e0e242eb841
1999,1999,Shive,Network 23 / The Presence,ff034441-4c5d-481f-bc7f-24204cb90beb
1999,1999,Shive,Separation / Definition,2608eaf8-1e69-488e-a54c-f2b2875cca66
1999,1999-09-29,Shiver,Hysterical-Link,531d2702-8e39-3f94-907b-97d10c455329
1999,1999-05-28,Shocking Lemon,Pastel Room,ddd52eb8-4e5b-49d5-9279-2a4a6ee8e063
1999,1999,SHOLA,Sweet Smile,65800fc2-ad56-465c-9d7d-566ac3d4de02
1999,1999-10-25,Shola Ama,Still Believe,e4fd7b0e-72ad-3e89-862e-63182f2d2173
1999,1999,Shonuff,Atmosphere,c6a6d16c-e8e7-488b-94df-06eaaedbe062
1999,1999,Shootyz Groove,L-Train,de4ade42-eb56-3da8-9734-9fdb3c79c56e
1999,1999-05-15,SHORTCUT MIFFY!,DAY BY DAY,26c689e3-ce51-4358-93ae-4f13e215271f
1999,1999-05-15,SHORTCUT MIFFY!,NINA,3672e459-8897-4b8b-80a6-7c0da8a583b2
1999,1999-11-09,Shostakovich; Emerson String Quartet,String Quartet No. 8,1c0f8a29-c6da-31ff-ae93-b038b718405b
1999,1999,Shot,Disco Beat,842c506c-da28-49a5-95a6-448ee0f76f7b
1999,1999,Shurik’n,J'lève mon verre / Tant de raisons,4f38129c-adcc-4548-aac7-7275f9d0bffe
1999,1999,Shut Up & Dance,Psycho Jump,ca405706-33f4-4326-9979-4a9f1d0dc761
1999,1999-02-24,SHUUBI,雲よ月を覆ってしまえ,0b8983f6-0393-4c2d-91ff-1444258a2708
1999,1999,Shyheim,Manchild / Furious Anger,c5bdf9b5-3df5-44ea-8958-5f8f6ac91f3b
1999,1999,Si Begg,"Network Southeast, Volume 1",5b2c799d-6433-4da7-a77b-8e3551eed1e3
1999,1999-09-29,SIAM SHADE,1999,4622d631-1d3b-406d-8ed2-43cfcef5311c
1999,1999-09-15,SIAM SHADE,BLACK,ce396330-c930-45a7-9385-bf29659d3cba
1999,1999-02-24,SIAM SHADE,曇りのち晴れ,044846c0-1c1b-43f7-8d53-288c20d8447b
1999,1999-01-12,Sick of It All,Potential For a Fall,790b97b6-21cf-3bdd-927b-4f77b7ffb616
1999,1999,SICKMOUSE,SICKMOUSE,243c17a5-af0d-4530-aa56-fcea650c2706
1999,1999,Siegfried & Roy,A Life of Magic • Kiato,1aa3b509-0c24-428c-b8be-dd78f76963a3
1999,1999-07-19,Signum,Just Do It,19167c6a-86e7-417c-b9cc-b5a7448b3119
1999,1999-07-19,Signum feat. Scott Mac,Coming on Strong,72a364b4-5d5a-3afc-8dc1-6cb9873ee121
1999,1999-09-27,Sigur Rós,Svefn-g-englar,0c0315a4-5e98-31b8-9f49-7ed0021a82d9
1999,1999,Sikkerhet / Ethereal 77 & Tinkabell,Basedaddy Remixes Volume One,16d9ec6a-f058-488b-8e96-95e4a8e15412
1999,1999,Silence,Son Of Sin,3dd3e5f6-c470-4530-b31a-ff97d96cf98e
1999,1999,Silent Breed,In Vivo (Single),5d15c649-28f7-47b7-b532-9833ce929f3e
1999,1999,Silent Circle,Night Train,765a2470-77d1-4f30-98a7-a67506f1a68d
1999,1999,Silhouette,Can’t Wait to Find Love,e6946a5d-67dc-4646-b0be-84d1faa3318c
1999,1999,Silja,C'est mon homme,cf148e60-30e0-4128-9a72-6a0110543bdb
1999,1999,Silk,If You,0a2fec22-bf79-4c70-9d4f-864c75ccf898
1999,1999-09-20,Silk Cuts,10,67667f36-7c76-442b-8858-10a9236d4f7b
1999,1999,Silk Cuts,11,0a866493-5f76-4efe-a7e6-010a14cdbc74
1999,1999,Silk Cuts,12,c6d7da81-125a-43b2-9364-42e37de0bbf7
1999,1999,Silk Cuts,9,94f06a2d-7c01-4455-86e4-7820d50d53ae
1999,1999,Silke Fischer,Aber es war wunderschön,830ad125-de82-4188-890e-c7e10826b8f6
1999,1999-10-06,Silva,ヌード,375c088c-7eab-4cf4-ae1b-c72f93327f87
1999,1999-05,Silver,ガーベラ,f8a18962-2599-4d6e-bdee-7d747ce9487a
1999,1999-01-25,Silver Jews,Hot as Hell: Live 1993,abcf5a70-0e11-3ae4-885c-f7d152394d77
1999,1999,Silver Shadow,High Society,b4cc9ccb-e766-3d56-aa10-be1fe47cf311
1999,1999-05-03,Silverchair,Ana's Song (Open Fire),2ac94186-e28d-3e8d-80be-0fa4113f4a3a
1999,1999,Silverchair,Anthem for the Year 2000 / London’s Burning,edeea827-1b64-49b4-935b-40ea2f824a4e
1999,1999-08-30,Silverchair,Miss You Love,ff00b97f-a6a6-36e0-8f22-5149e27b5bb6
1999,1999-12,Silverchair,Paint Pastel Princess,0cb5fe9d-fe95-3d98-ab86-826d8f933fbe
1999,1999,Silvie Lorraine,Tarirarà Tararirà,e21027f8-d7e9-49c9-b360-7b2b9b6a68cb
1999,1999,Silvio Ecomo,Uprising,c2e733ce-7621-4948-8e21-2bae5667d946
1999,1999-08-01,Simon V,Disco Sperm / Screwdriver,d5b3c9b3-ba1c-39bb-ab77-b1406ecb5d89
1999,1999-11-01,Simon V,Rainclouds / Fruity,3fd9ce28-fdeb-4fa6-a575-7d007724a483
1999,1999-10-03,Simon V,Screwdriver,e3839843-6c57-4336-9d3a-e9e2b4082560
1999,1999-01,Simone,Denn es war ihr Lachen (Sayonara),3620670f-d740-4779-adab-96de7db3b678
1999,1999-07-16,Simone,"Verlier mein Herz nicht, wenn du gehst",deb2f151-841b-417d-983f-9501c27e58b5
1999,1999,Simone Jay,Paradise,370f3261-452a-464a-8d45-929caadd79a5
1999,1999-10-18,Simply Red,Ain’t That a Lot of Love,eea4b8f2-3ac8-3d2b-930a-aa62c1ec31ec
1999,1999-06,Simply Red,Your Eyes,d8bf7873-dd01-3e2c-a6fd-aa8e3c5fac34
1999,1999,Sin City Six,Cinderella's Gone,70adaac7-cfad-47e7-96c2-4de9d5c37d0e
1999,1999-01-18,Sing-Sing / Linoleum,I Can See You / Your Back Again,929abcf0-97d2-35a5-872e-6ff9a93daa0f
1999,1999,Sinus,Zoom,d2e9d110-7e86-4500-98e0-a9cba7dc1c3b
1999,1999,Sinéad Lohan,Live 10.15.98,1fe6b846-cb9d-4bf3-bfdc-8adb53c4c68f
1999,1999,Sir-Q-Lashun / Ser-Q-Lashun,Playing Around / P.H.,840978ab-8d38-46cc-a918-2ce49bbb1b2c
1999,1999-04,Sirconical,Catalogue of Errors,fbd32fae-0c5a-4ae5-b601-10159fd27e04
1999,1999-11-02,Sisqó,Got to Get It,6dafbda9-2c16-4973-b018-3b7e9fe895e6
1999,1999,sister2sister,Sister,e7678236-19b7-4179-9e43-6a8f531f262b
1999,1999,Siw Malmkvist,...seit wir zwei uns gefunden Oh RWE (Adiole),98e9088b-b136-487d-9cec-95c01b91b461
1999,1999,Siw Malmkvist,Geh' nicht in den Rosengarten,e5673ae6-815a-4be1-aba0-654fb31aafcc
1999,1999,Siw Malmkvist,Sternensucher,b7fd310b-4815-4f79-bcd4-f7c113b37469
1999,1999,Siw Malmkvist,Wo sind die Fans von Adamo,1566f71c-6895-424b-8270-48bd148d1930
1999,1999,Siw Malmkvist & Siv Wennberg,Siwan & Sivan,62b893a8-e468-4111-82ce-e2215e1ebe1b
1999,1999,Six by Seven,Ten Places To Die,a6990328-2e4d-3723-bde4-1606d3dc3c4f
1999,1999-09-06,Sixpence None the Richer,There She Goes,061c57a8-d345-3747-83b4-96db053abb0f
1999,1999-04-05,Sizzla,Rain Showers,348974c5-ab38-38ac-a807-b171dad474ff
1999,1999,Sizzla,Strength & Hope,217ab61d-8a3f-4f7e-82b7-0665d6a2a20e
1999,1999-07-30,SK Radicals,Reachin' 4 Da Farside,eb3a2292-80ab-3cc7-aab2-2660e1f84130
1999,1999,Skeme Team,Plan-A,5def68e7-31a5-4000-865f-154ac499c1fe
1999,1999-09-27,Sketch,Creepers / Global,0d86b3f3-1210-3084-81e8-9e425ec60b5e
1999,1999-08-02,Sketch,Rookie / Aztec,79fbaf67-c35e-3f9c-9e88-2a05ae78de90
1999,1999,Skik,Af & toe,7b82e41a-39f8-499c-87fc-900061464071
1999,1999-04,Skik,Als ik wil / Wat moe’k nou doen?!,a304b23a-cfbf-424c-8874-db608998c919
1999,1999-01-18,Skik,’t Giet zoas ’t giet / ’t Is wat,3453ae76-782c-48af-aa1d-5c647aba3bfc
1999,1999,Skinner / Pharoah 909,PCP Revisited / Psychosis V,9e5c7372-d587-4a75-95ff-ec77d48fc9e0
1999,1999-11-08,Sko,Just Another Day,4d1de958-9d1f-47fc-8280-ad4a3655577c
1999,1999-11-16,Skratch Comando,Turntablist Invasión,daccdd50-c289-47f3-96bc-846bbceb43a0
1999,1999,Skrol,Aegis,497d4ec0-c442-3ba2-ac14-8b38b480cca6
1999,1999-03-01,Skunk Anansie,Charlie Big Potato,3686d6ab-6d4b-3eef-a2b6-b544b113b282
1999,1999-07-26,Skunk Anansie,Lately,859a9138-db51-4895-876e-22ea9bf15dc3
1999,1999-05-10,Skunk Anansie,Secretly,cec49421-1cf9-3ae9-8636-4a312ace5764
1999,1999-10-25,Skunk Anansie,You’ll Follow Me Down,177a8a4c-aa53-3fd7-bc58-340245ddb808
1999,1999,Skycap,Endorphins (Remixes 99),c80251bd-42fe-4c22-a706-44dd614ec201
1999,1999,Skye Klad,Mind's Eye / Kindred Raga,bcf8cb6e-e20f-4e1f-ae72-78bd7363e9a0
1999,1999,Skyjack,Light the Fuse / Lo fi Echoes,a26077f7-622e-415f-b681-7c0a52bf790b
1999,1999,SkyKap,Endorphins (Sky Joose remix),589b0798-e76d-48f7-ab4f-021e307ddd78
1999,1999,SkyKap feat Denise B,Endorphins,57e00b21-1288-4b7b-a8ba-e230d7c2bfeb
1999,1999,Skynet U.K.,Holdin' On,74949712-f519-4edd-9a82-c407f21dd62e
1999,1999,Skywave,Got That Feeling,0b13d07a-df47-3a25-9c53-28d9e3d9d816
1999,1999,Slaves,An Exact Seance (alternate mix),25fae969-395e-4115-89e2-d9dadfccd814
1999,1999,Sleater‐Kinney,A Quarter to Three / Burn Don’t Freeze,950739bf-187f-44cc-b906-ab440dff4430
1999,1999-05-10,Sleater‐Kinney,Get Up,3e13c672-8d82-339b-ba3d-75dc9b08a1cc
1999,1999,Slick Rick featuring OutKast,Street Talkin’,d408831b-7a9d-4c30-aa90-6461a776d8de
1999,1999,Slick Sixty,"Hilary, Last of the Pool Sharks",d25eb3da-5750-3a8b-9097-2c79a5ccdad5
1999,1999-01-25,Slide,Confusional State,3b0afd5f-d93e-47f0-a779-d46336c4c417
1999,1999-07-05,Slide & Lumen,Vanishing Point,198ec9be-3b38-4ff6-9af4-769da38182ba
1999,1999,Slinky,The Revenge (Theme From Karius Og Baktus),68a3b8f0-3141-4ca7-a947-3c6191c531d9
1999,1999,Slipknot,Spit It Out,b859b103-3750-3881-84b2-332b83412d28
1999,1999,Slipknot,Wait and Bleed,ed2b8f4f-346e-36b6-8451-a72614a265ac
1999,1999,Sludgefeast,Baby You Fuck Me Up,4f70a697-8671-436f-871d-aa5868dc5d1f
1999,1999,Sly & Robbie,Fatigue Chic,c592c3a6-7071-49b9-a866-c1f4c7c5c2a7
1999,1999-03-15,Sly & Robbie,Softcore Surge,ff66d4a7-0af5-3b04-bb91-26c1efc0022d
1999,1999,Smadj,Etrange,5011843d-d57d-3ec8-8280-ca395aab7205
1999,1999-06-23,SMAP,Fly,dee77c58-1b3d-4edd-90e3-769378d3e114
1999,1999-01-27,SMAP,朝日を見に行こうよ,b4988112-fad9-4c57-a15d-ebfa0db878f8
1999,1999,Smash Mouth,Then the Morning Comes,37c06f95-3c2c-4f37-8c10-d7cce78309f5
1999,1999,Smash Mouth,Waste,ec4fcb52-a392-4b92-b31f-7b9061dfb798
1999,1999,Smell & Quim,Sweet Tooth,41599d89-edd4-4990-8017-7d74a3e2afbe
1999,1999,SMG & Milestyles,Die laute Ansage,d8c62d64-5f97-40e3-bac2-51f29978657b
1999,1999,Smile Girls,Nyár,687c59b8-69d9-48e9-9f7c-1b81cf86be4e
1999,1999,Smile Girls,Szeretlek Is + Nem Is,6abc0104-dcba-4bcb-ac68-02114013bfab
1999,1999-05-04,Smiles & More,Jet Set Life,ba63ce83-ca91-461a-aaa2-6f3f3ac6e698
1999,1999,Smith & Mighty feat. M.C.Kelz,Seeds,ba3ec31e-f7f0-4a74-b6c9-03e474039af7
1999,1999-08-28,Smog,Cold Blooded Old Times,4dee3620-5c78-3b70-8450-bc67777ad9ca
1999,1999-05-24,Smog,Held,b4d6916b-8ac3-3ce7-b8b4-c6ea8d44544e
1999,1999-01-25,Smog,Look Now,3eac4588-ae74-36c7-83f1-56b18353b30c
1999,1999,Smogtown,Blackball,32a8d2d8-6ac9-448d-b536-9cdd97d639ef
1999,1999-08-30,Smokin Beats,Dr. Love,50b8d3e7-6473-4fc4-98d2-d0c4be080acb
1999,1999,Smokin' Cheeba,Vol 2,50eedb8b-c437-4e45-8052-b4e86afba230
1999,1999,Smokin’ Cheeba,"Weed Tune, Volume 1",8080bef9-1caa-4d91-ba0e-507e7513a675
1999,1999-12,SMOKY FLAVOR,SMOKY FLAVOR,b14049f8-f50a-49fb-8236-bf254da8a72f
1999,1999-10-01,Smudge,Eighteen In a Week,31383c52-6cf3-4719-a7ec-15138e873582
1999,1999,SM‐Trax,...Is Calling,a32fe907-27a2-3fce-86c0-882fff9b20a2
1999,1999-07-02,Snail Ramp,Mind Your Step!,46bc14a4-f924-32c5-bc5e-76c2168a3196
1999,1999-06,Snap-Her,Nice Girls Don't Play Rock & Roll,8794272c-eb00-45ce-adef-cef0be83d9c6
1999,1999-08-02,Sneaker Pimps,Low Five,4ba201f4-9946-38ea-8cd7-f22892d12ae2
1999,1999-10-18,Sneaker Pimps,Ten to Twenty,bc51cf04-0cc2-3e36-aba9-615ffa343283
1999,1999,Sneaky Bat Machine,Boneshaker,3f92370c-4b17-3c99-9968-174eec413e4f
1999,1999-09-09,Sneeze,Doctor of Love,e31af767-7c75-4e07-a076-ece8622b19c7
1999,1999,Sniper,Dirty Harry,85541214-8ea9-4ea9-84d5-0bb2a994eb2c
1999,1999,Sniper,Dub Plate Pressure (remix) / Roulette,bd63a5a2-bf07-424c-874b-9ed63fe723b4
1999,1999-12-07,Snoop Dogg presents Tha Eastsidaz,G’d Up,192173dc-e888-4482-8ef2-571fb5146a26
1999,1999-06-28,Snow Patrol,Starfighter Pilot,b0d0022a-df75-3a72-a15a-23f2daac263b
1999,1999-06-28,Snow Patrol,Starfighter Pilot Remixes,a87a319f-9241-4cf7-bce7-927b2098dfd6
1999,1999,Snowdogs,Are You With Missy?,d83f0089-4d08-442a-8244-70b7c716ac63
1999,1999-04-19,Snug,I Wonder,e4af2401-4065-38d5-8519-b0fb2675df5b
1999,1999,Social Contact,Money & The Scuma,8c2c8cc9-f127-463a-bb15-057341bbc4e9
1999,1999-01-26,Soft Cell vs. Club 69,Tainted Love,af827207-10f4-38c1-bb4b-37ecb216b846
1999,1999,Softball,Softball,614eb3f4-ecae-35a5-9ff2-8fc60bb8772a
1999,1999-10,Solange,Messages,96b38b17-9c85-393d-964f-5f6efdaab8e3
1999,1999,Solar House,Universal,3cba2b08-10c0-3626-8459-a123fa6ef305
1999,1999,Solar Sides,'Round Midnight,1b7b43bc-3765-3a1f-9809-24a149750e1a
1999,1999-09,Solarstone,Seven Cities,bc636bf6-bd16-39df-aead-d74747210542
1999,1999,Soldiers of Universal Love,Got 2 Get 2 Heaven,40e7a87b-0c27-4264-915e-9741a1df8b8b
1999,1999,Soledad Brothers,The Gospel According To John,5086e14e-7066-464f-bdfb-453210e2efec
1999,1999,Solid Base,Once You Pop (You Can't Stop),a925a4fd-d7af-476a-8852-6ff9afd4d794
1999,1999-10-20,Solid Base,This Is How We Do It,6b575243-d7ae-4992-9fe5-eb4281f8aadc
1999,1999-12-13,Solid Gold Chartbusters,I Wanna 1-2-1 With You,ed546662-6a01-3761-9b0f-8d4b8c0dfb72
1999,1999,Solid State,74th Avenue / Bay Area Hustle,601c3a14-450c-32ec-95c8-73043918f053
1999,1999,Solid State,Mood Swingin' / Boston Bluez (live),08bf1048-7a14-37cb-a8d4-0408557c6b75
1999,1999,Solo & Kam,Where I Come From,7adace1f-d10c-4988-b019-7fbfd61a274b
1999,1999-10,Solomonic Sound,Night Life,33581485-1827-35d0-9937-c07e26fab4c5
1999,1999-07-01,Solvent / Lowfish,Duckie / Glued Smile,3a7d1d76-5b50-3174-b05a-322e3d1668eb
1999,1999,Solyma,Propheta,aadb9e3d-ad73-4444-b858-251816a21fae
1999,1999,Solyma,Solyma,65ff8fc2-945c-4e32-a3af-12f57acba7ff
1999,1999,Soléil,La Luna,432328bd-cb70-4ee9-9c75-d18fb8152562
1999,1999-07-28,Something ELse,あいのうた,7560d765-471e-46cc-8df7-365a965ce0ec
1999,1999-03-29,Something for Kate,Electricity,09505be5-aa2c-3a48-bdc7-eea7f449f6b8
1999,1999-08-09,Something for Kate,Hallways,fd6e35a8-ee25-3091-8501-be8791a87207
1999,1999-11-19,Something for Kate,Whatever You Want,9cf5f85c-d9fb-3dbe-bdd5-b0ce0c9a7607
1999,1999,Sonar,Voodoo Vision,515247cf-4689-33d0-a526-bf17ff2642df
1999,1999-07-15,Sonata Arctica,UnOpened,0ed478da-0615-36b4-9340-e67339e19ac5
1999,1999,Songs: Ohia,[untitled],c697b27b-7f13-356b-acc2-dc7154b557d8
1999,1999,Sonic Animation,Love Lies Bleeding,1bd311a9-0732-3f5a-9bb3-9faba7e2e1f7
1999,1999,Sonic Animation,Theophilus Thistler... An Exercise in Vowels,172122dc-5660-3df6-a4bf-d62536174c99
1999,1999,Sonic Perfection,Old Spice / Gun Runner,22dad235-bfa6-4b25-9f35-7fff6e9d1b27
1999,1999,Sonique,I Put a Spell on You,7fb5fb54-9b25-3c6e-ab50-3166a840ace7
1999,1999,Sonnit Pois,Sonnienergiaa,eca935b9-f746-37c2-9129-22c6063204f9
1999,1999,Sonorous,Did You Ever Dream?,7b1775a0-3a95-4da9-8322-f87d29fff9e9
1999,1999,Sons Of Mecha,Rocweiller / Rocweiller (Dylan remix),f31ed6c0-d6e1-4388-b19f-b6c60aee0204
1999,1999,Sonu Nigam,1999,d8971651-807e-3051-8efe-6344fd2d539d
1999,1999,Sonus,The Promise,874ee596-2ea6-402f-84cc-37b3442046bd
1999,1999-12-15,SOPHIA,OAR,5ad55629-efe2-4075-b39a-385c966cb00c
1999,1999-08-04,SOPHIA,Place〜,1d66392e-6b44-457c-a0e7-2ade4b59496b
1999,1999-03-25,SOPHIA,ビューティフル,191a255c-d3cb-465d-858e-1d8b102a182f
1999,1999,Sophia Loren,Zoo Be Zoo Be Zoo,8d8346a4-0fa8-4462-8d57-52c3e1a49ef9
1999,1999,Sophie Favier,À la claire fontaine,41daa319-c938-486b-97d6-4715a95ccdeb
1999,1999-06,Sophie Zelmani,Nostalgia,cdf3ce14-7c3d-4e42-84e2-c0ee2611abfb
1999,1999,Sophie Zelmani,Time To Kill,c9228973-a08b-45a9-9f42-8e54c789c508
1999,1999,Soul Capsule Prod.,Las Ramblas,5b57e6da-019c-40b3-9ada-79bd7a8bd951
1999,1999-07-06,Soul Coughing,Rolling,26037bf2-9202-4a14-9bc8-64724d94a6fa
1999,1999,Soul Coughing,Rolling (Grooverider Remixes),c493f1dc-220f-48c5-8da2-378e73a14554
1999,1999,Soul Merge,Can Belove,d546ea81-6f63-4963-8c46-9204cbca0a52
1999,1999-12-10,Soul Solution featuring Carolyn Harding,All Around the World,a1ce8ca1-0512-4df8-a089-fbe91ff5aedf
1999,1999,Soulsearcher,Do It to Me Again,6cf94615-13ba-3682-85ac-1d284724070b
1999,1999,Soulstice,Tenderly,4400366c-9984-34a1-a652-736b1cb25798
1999,1999-03,Soulwax,Saturday,ad4e6eba-76a3-4d62-9470-d4173b851c4f
1999,1999,Soulwax,Too Many DJ’s,7c41a3dd-7846-3007-b072-e095acb8ff0f
1999,1999,Sound Assassins & Apple Mac,All Together / Real High Real Fast,2a70b75e-a8f3-474b-87d2-8bfcd7677422
1999,1999,Sound Associates,Rock the Beat / Slipstream,a829f66a-c6ce-4bc0-a80c-236d73fb61ca
1999,1999,Sound Providers,Get Down / No Time,37ec1299-1c26-41f2-b3a4-420c7c227dfd
1999,1999,Soundworks,It's A Summer Groove / I'll Do Anything,674be8ed-b45b-4599-bf82-38c8e8584959
1999,1999,Soundworks,Sueno's Groove / Nitro's Groove,6761f7f6-0cdc-498e-bd27-c27672b6ba1e
1999,1999,Source Of Labor,Wet Lands,a68aa782-4577-4b8f-b85e-c9db0cbbd31e
1999,1999-02,South West,The Future,1dcee143-541b-40b9-89b2-39aab20229ea
1999,1999,Southside Hustlaz,On da Move,816d816f-a429-41ae-999c-91431fdee2ea
1999,1999,Space Girl,Mission 0001,e033a49a-8af6-4f1b-9706-c83561f23228
1999,1999-07,Space Manoeuvres,Stage Two,8cf375ec-c1be-3ffd-bfbf-947859d37aa8
1999,1999-08-02,Space Raiders,(I Need the) Disko Doktor,14a31ec1-fe51-35c3-be03-b5ea89b8cc35
1999,1999-02-15,Space Raiders,Laid Back,456bcbdb-3868-3aa1-ae25-cb6a7efc5f4d
1999,1999,Space Rangers,Peppies,d10df208-7f97-4be9-8ce2-97301e36ba99
1999,1999,Space Riderz,Way to the Stars,507efec3-72fb-4993-bdd3-bd85709fb1be
1999,1999-03-15,Spacedust,Let's Get Down,40146e8f-010d-3ec2-b36c-871d5a136fd9
1999,1999,Spacemodic Mood,Fluid 900,1264e53f-c0b0-4dec-8897-16c40f962df1
1999,1999-01,SPARK SPARKS,1.5秒,8362d57d-dd9f-4a71-8ebb-216c31b4242c
1999,1999-09-27,Sparks,More Than a Sex Machine,d5deacc4-7337-4b3a-8e50-4247c58faf04
1999,1999-03-09,Sparks,The No. 1 Song in Heaven,6ab1556f-0374-449a-8887-6296ede22b44
1999,1999,Sparks / Wildchild,Beat the Clock / Renegade Master,bff70241-7ea3-4ca4-8356-6bf803a2fdad
1999,1999,Sparrow The Movement,Get Your Ass Up / What You Expect,6a33e0ec-bf77-426a-8bb0-9d235d31e6e5
1999,1999,Spawn,Move On / Shadows,9b04864c-f6b9-427a-b099-963a89df9b1f
1999,1999,Speak No Evil,Hold Your Breath,7c6fc559-82db-440d-ae09-7968a2ee77b7
1999,1999,Speaker,Emaho,b833f281-fd6b-4c40-ba9a-4ac7b5498dd7
1999,1999-06-21,Spearmint,It Won't Be Long Now,905f1ca6-a989-410f-bc25-ac8f2baa46bb
1999,1999-08-23,Spearmint,Sweeping the Nation,5299e5f6-6ed8-3923-8a4f-57ba1e9f98f0
1999,1999-02-07,Special Force,The Hype,a73c2baa-2d65-48ef-b02c-a173f8014ee1
1999,1999-10-04,Special Forces,Something Else… The Bleeps Tune,0e5b45f7-e030-326f-879d-dec6db709a7c
1999,1999,Spectator / DJ Bionic vs. Cy-texx,Core Trexx 001,8ce9e024-238f-4def-9bec-e907f009ffa4
1999,1999,Spectre,Spectrum,0083977a-fccf-31d3-8a01-7cceed843e05
1999,1999-05-19,SPEED,Breakin' out to the morning,6068d6bf-14be-4c22-b4bc-bcb87b520bb4
1999,1999-11-13,SPEED,Long Way Home,c540366c-e90b-384f-b267-82bec30fbf71
1999,1999-02-17,SPEED,Precious Time,b1de9775-15a0-3650-9a7a-115b8cefb090
1999,1999,Speedo,Fat Beat,8c40ebf2-5e1e-48aa-9dce-61b4e2dd0964
1999,1999-05-03,Speedy J,IEEE Mitten Menu,9e2a6466-0aeb-3976-96fa-30e17a87e700
1999,1999-03-01,Spezializtz,Kennst' ja,d8696b2e-3a57-3979-a066-57aea009f85b
1999,1999-10-18,Spice Girls,Never Be The Same Again,2e0ab99f-2306-4698-b2dd-44d801a6ac2c
1999,1999-12-01,Spice Girls,W.O.M.A.N. 25,0e746645-62dd-4d01-b191-d0f9cfd41267
1999,1999-09-06,Spiderbait,Plastic,e3925445-6a4a-329d-9139-119a14ddc270
1999,1999-03-01,Spiderbait,Shazam!,bdb684c9-e6cd-3f9d-945a-151910941346
1999,1999-05-17,Spiderbait,Stevie,4b4f7ef5-d79b-3325-b192-7de186ed5514
1999,1999,Spike,It Takes Two (Deeper Love),8daa22b0-702c-3431-9016-0219cc3911d0
1999,1999,Spike,Responsible,c7127241-f9ed-47c6-a93d-33c33b5ee094
1999,1999-03-01,Spiller,Batucada,8a637310-f048-3103-95e7-bc3b038f194a
1999,1999,Spin,Supercharged,1faef59a-16cf-43f8-86ec-98796087408e
1999,1999,Spineshank,Detached,c9c32ad6-9520-347c-b3ea-201c4a17dc3f
1999,1999,SPIRAL,Never Love / Blank of Time,3471ff81-483e-4fd6-85c6-cc68158f2bad
1999,1999-11-22,Spirit,Final Chapter (Transatlantic Turmoil mix) / Freezing Point,2d0d3ba2-2c77-3cd8-9ee8-0350c5065f0b
1999,1999-08-20,Spirit,Love's Gonna Save Me,f1dd14d8-e529-4451-a959-081336749794
1999,1999,Spirit,The Siege / Rage,345af2cf-ad49-4b61-89d5-964f37fd2e14
1999,1999,Spirit Caravan / Sixty Watt Shaman,Darkness and Longing / Stone's Throw Away,b8040ce3-3a70-4d29-af02-9ff856460f5c
1999,1999,Spiritual Being,Seven Crossroads of the World / Move On,890ca704-ce6c-4f20-9abd-37d621e89ecf
1999,1999-04,Spiritual Energy,"The Sun, The Universe",a73efebd-d804-47bf-a5a7-e2ab46801c40
1999,1999,Spiritual Warriors feat. Curse,Grüner Tee,edd68166-45c5-44f2-97f1-06d6a19f84f1
1999,1999,Spiro Projecto feat. Derek Huntsman,Your Love Won't Let Me Wait,cc2a5cf6-24e3-4726-9497-13bf8dcac4cd
1999,1999,Splinter,Als schepen verwelken,26736452-0212-4da3-bd49-831c07931578
1999,1999,Split,We Love You,89681ccd-bc5e-4b17-983d-a0dcfcc231fa
1999,1999-12,Split Inc.,Funky Town / Trance Atlantic XS,cf0c4e13-b517-3af2-80cf-748cc849a40f
1999,1999,Split Mirrors,1999,37b02ffd-2af1-4b84-9ecb-fe0b06a992f1
1999,1999-09-01,Spock’s Beard,Skin,13e41b65-fd5c-33f3-a2a9-2505453949a0
1999,1999-01-01,Spoiled & Zigo,More & More,62084984-6eff-4354-8e44-56661d9c5d1b
1999,1999,Spoiler,Glädje i svart,aee75d3f-14bf-46a9-97d3-8131ddb3527a
1999,1999,Sponge,Live Here Without You,75941e6f-fd4d-4d2b-b6f2-0c1a96161ae9
1999,1999-07-26,Spook,Feel Up,ca06f878-26f5-4fd5-8dc9-6f31b67a24da
1999,1999,Spookrijders,Klokkenluiders,691a4ae5-d8a7-3896-80a2-d2f49f9dbf8e
1999,1999-11-01,Spoon,The Agony of Laffitte,133bfa00-f44e-31b8-a26a-f517fc2a6bd0
1999,1999,Spoon Nation,I Don't Know,f95c5158-8c69-4d13-a1ea-813e3cf9e4ba
1999,1999-07-05,Sportfreunde Stiller,Wellenreiten '54,9a6829fb-4fb3-3079-b39d-4a478e62d8dd
1999,1999-07,Sportique,Love & Remains,104520f1-5d4d-3109-8cee-0a7d5999b7d8
1999,1999,Sporty Thievz,Even Cheaper (Cheapskate remix),df98f2f0-4cc5-3875-a51e-e868014ac3b2
1999,1999-06-28,Sporty Thievz feat. Mr. Woods,No Pigeons,59802660-d6e5-3ed1-8986-4a8d9de20ca2
1999,1999,Spragga Benz introducing Twice,Magnum,d9cca130-5149-49a9-bbd0-0f969db7f4e6
1999,1999,Spray,Shake Yo Rubba,b8fa76df-b7f6-40fb-ac52-a5644e85ecf3
1999,1999,Spraydog,These People,c80a1f78-c727-471e-9cab-0cc82da6faf5
1999,1999,Sprung Monkey,Swirl,e87a4e2f-9be7-4400-af3e-3a6adec3e5c5
1999,1999-05-21,SPY,Access,08a26c69-2b62-4d08-b6c7-e940bc042624
1999,1999,Spy,Spy,a56d57b2-5cab-3d5d-8fb8-110c93ecba1b
1999,1999,SQ-1,Music So Wonderful,e48ddaba-edb6-46b8-a5e5-02cc6aa6e9e1
1999,1999-03-08,Sqeezer,Wishing You Were Here,6d260ec3-9c56-4707-b3df-b83fd8e48608
1999,1999,Squirtgun,Jingle-Bell Rock,9c00c45c-5a06-4164-a362-b4c5e32dfa8b
1999,1999-07-12,SQ‐1,Can You Feel,a9bf37e0-a26e-3d1e-b89b-9972f841bb0c
1999,1999-11-03,SR Smoothy,Far away from Heaven “Remix”,e34ef175-0fb0-417c-9bb5-6a7220e7d983
1999,1999,Sree & Soper,Justice Time / Iron Man,7205eb8e-d572-41ce-a60f-72ecf1f963cc
1999,1999-05-04,SSL 9000,Arrival,56082d61-36ce-4ab4-88d2-091a274d28fd
1999,1999,Star,Heaven’s on Fire,42779994-41d3-4cd4-ac3c-bd60e3eb6f17
1999,1999,Starbelly,Never You Mind,6b59793c-5a54-44de-894d-ed55c4b9d8c7
1999,1999,StarBug,Hypnosis,720e4884-ab14-4758-88da-ae50c07f239a
1999,1999-07,Starchaser,Silence,0f3e5bec-d364-4d76-9c88-df51c8eb8172
1999,1999-08-21,Stardust Revue,どうして,87c00a41-b634-4079-b25d-26253f4cd495
1999,1999,Starfighter,Apache,fee5a830-a5ec-4f99-a68c-e1ff1e553221
1999,1999-11,Stark,Domino,761b3beb-7e65-4e36-b2be-67d531cd1cfb
1999,1999,Starlight,Just Can’t Get Enough,089a3263-69bc-4b4b-a8d6-b4c02fc67f83
1999,1999,Starparty,I'm In Love,8879bbac-0744-377d-9377-9bd0f6a1b94e
1999,1999,Starship,A Universal State of Being,1f0ac061-cf61-4e89-a191-e87e27b1f172
1999,1999,Starship,Starship,06970e21-3fd9-4af7-9b91-a7e8caf7f5b8
1999,1999,Statemachine,Battered and Bruised,34984672-3a92-346c-8709-63ecf728255e
1999,1999,Static‐X,Bled For Days,a94ff436-20b1-4245-9aa6-0369a589d87c
1999,1999,Static‐X,Bled for Days / I’m With Stupid,761860ce-2dc2-414e-bd34-68dc71437617
1999,1999-05-31,Status Quo,Little White Lies,e370a2fe-76ed-3da2-b69c-13de15c9005d
1999,1999-03-08,Status Quo,The Way It Goes,8cabacc2-ddc7-3447-ab10-46a14121cedd
1999,1999-09-20,Status Quo,Twenty Wild Horses,1ae7f9bc-f5eb-32df-a199-cbad8b721e4d
1999,1999,Statuto,Non cambiare mai,4ac528f9-e5fb-4486-8c18-4e7e3e0c7849
1999,1999-01-01,Stealth,Flower Needs the Rain,c8b0acaa-d8c4-4d28-a453-4fca5416f2fc
1999,1999,Stealth,See Me Climb,3a33df01-5da3-4dd6-87b5-1f5e7e9191c1
1999,1999-11-03,STEEL ANGELS,KissからはじまるMiracle,a395ce69-ab1d-334d-9ce1-ab7704c023b8
1999,1999,Stef Bos,Niets te verliezen,0976bf19-6dee-4cc6-85c3-fdbed9dbfb02
1999,1999,Stef Bos,Papa / Arme schapen,be6c8636-501d-46a8-8948-9146d57f7e12
1999,1999-11-12,Stefan Raab,Maschen-Draht-Zaun,7b5c838c-ee19-3d98-8138-e3564897ad7c
1999,1999-11-08,Stefania,Don't Break My Heart,40317537-906c-3b0f-be49-6e3fe8367567
1999,1999,Stefanie Werger,Samba Samba,ac1270a0-e122-4eee-81b2-065f1eb1ea28
1999,1999-11,Stefano Libelle,Medicine,a760b1a5-b860-46a2-9141-700b85d4bc0c
1999,1999-01-21,Stella Maria,【指紋】shi-mon,aa444555-9a02-32f3-80e3-9b284534284e
1999,1999-03-01,Stella One Eleven,Mr Big Car,cd90593c-f523-32eb-9bf8-006dc4744995
1999,1999-08-09,Stella One Eleven,Only Good for Conversation,5523f97a-3f35-3b00-be12-fe51fc26154d
1999,1999,Stella One Eleven,She Lies,4bd1b8cf-620a-3925-8f22-fd058dc5f69d
1999,1999,Stellar*,Every Girl,72c114ce-9c65-306f-94d0-36084d1cf45d
1999,1999-03,Stellar*,Part of Me,5b85b320-ba37-3512-987c-97de6c368796
1999,1999-07-19,Stellar*,Undone,51318ba1-17e0-304e-a6a0-d9b5bf1dd100
1999,1999-07-19,Stellar*,Violent,81f38d74-028e-3a8a-a751-c61ffc41c50a
1999,1999-02-01,Stellar*,What You Do,36d6acba-1814-3222-971d-7d947b01e101
1999,1999-12-08,Step Time Orchestra,Go Home,1b7f03ee-2d30-3734-adee-c028ff34b66c
1999,1999-10-27,Stephan Eicher,Louange à la scène,6316c38d-ba45-455d-9e8f-b4782b1835a6
1999,1999,Stephan Eicher,Venez danser,8dbc3afa-4230-4060-aa3b-31014546cc42
1999,1999,Stephanie Mills,Latin Lover,717dad27-8981-304b-a8ec-b6dadaf0ae5d
1999,1999,Stephen Parker,D-Mention,b9d1e354-79f9-427e-b26a-b7ecf488b94b
1999,1999,Stephen Parker,Phases Pad,c12e34bd-c181-4944-8d48-e1419e34d2ad
1999,1999,Stephen Trask,Angry Inch,7e085555-eb84-3d29-9808-72467d74611c
1999,1999,Stephen Trask,Tear Me Down,980d4904-44fb-3862-9082-fc724482f46f
1999,1999,Steps,After the Love Has Gone,5f32879b-a8e3-46fa-9505-a2b78a7406c3
1999,1999-03-15,Steps,Better Best Forgotten,406a50e7-8cf3-447b-91c1-951d31f1a7a0
1999,1999-12-13,Steps,Say You'll Be Mine / Better the Devil You Know,12b41ce0-0179-3ed4-b5ec-7e73be7e6547
1999,1999-03-29,"Steps, Cleopatra, Tina Cousins, B*Witched & Billie",Thank ABBA for the Music,49248f9e-dec8-30d0-b2a3-f344f4209db6
1999,1999,Sterac,Skreel-Ah / Nemec,932d3c40-5bd2-3cb5-af8a-f667016b0ae8
1999,1999,Stereo Action Unlimited,Hi Fi Trumpet,097fed95-6fdc-4e99-93ec-4478f39b33cc
1999,1999,Stereolab,The In Sound,9b7874fe-7482-4c45-a98c-894382b764bf
1999,1999-08-06,Stereolab & Brigitte Fontaine / Monade,Caliméro / Cache Cache,f0ce22db-dde9-3630-8d5f-946bd96c4349
1999,1999,Stereophonics,Hurry Up and Wait,85494a35-4645-3e8f-9f6d-4a35262a3787
1999,1999-08-23,Stereophonics,I Wouldn’t Believe Your Radio,5347f4b7-2657-32d6-9d58-2ee76ca88c59
1999,1999-02-22,Stereophonics,Just Looking,65408504-c1a2-3a60-9b47-47819157dc95
1999,1999-05-03,Stereophonics,Pick a Part That’s New,d13bb4ff-6883-35f9-ab75-47692268ee2d
1999,1999,Stereophonics,Roll Up And Shine,95ef01f1-76d8-4d62-a537-5cc489472926
1999,1999,Steve Austin,The Rush Won't Stop,db453645-280c-4935-8452-a929d7f5a2da
1999,1999-10,Steve Earle and The Del McCoury Band,The Mountain,4c584098-b8b0-463b-a6b4-600b0cde5568
1999,1999,Steve Hill & Nylon,If You Love Me,d106b54f-10f5-46ee-9ccc-a0b9b97d3a08
1999,1999,"Steve Lee, Bo Katzman & John Brack",With a Little Help From My Friends,d22bffde-b93f-4499-b8fb-cb00d4f4dca3
1999,1999,Steve Vai,Jibboom,2b0106c4-951e-4727-9f6d-678da7310ebf
1999,1999,Stevie B feat. Alexia Phillips,If You Leave Me Now,a8de4a44-3930-4695-bda0-78717227fab0
1999,1999-04-09,STF,Comeback / Ihr müßt noch üben,6e445d5c-60a6-4d9f-a4e3-8941ed50019b
1999,1999,Sticky Fingaz,Jackin' For Beats,34f12c11-b97b-40e5-b7d3-9235006cd0fe
1999,1999,Stieber Twins,Malaria,93d68354-a70e-35d6-958f-72584407a020
1999,1999-11-19,Stieber Twins,Malaria Remix Virus,d6871b27-8923-381e-af2c-9792005c6b0e
1999,1999,Stieber Twins,Schlangen,65450690-105e-4e9c-8b4f-085f2580a99c
1999,1999,Stieber Twins feat. Samy & Max / R.A.G. / Skillz En Masse,"Malaria / Ohne Gewähr / Taler, Taler (Roey Marquis Remixe)",9b3fcbbc-58e2-32e6-8476-b0324bf23c10
1999,1999-09-13,Sting,Brand New Day,b9f09381-071f-39b3-b23d-8784e3ecf80c
1999,1999,Sting,Brand New Day (Murlyn Remix),a3f2a991-a885-4856-bb5d-4bab112e72e9
1999,1999,Sting,Desert Rose (with remixes),848ba1d5-9270-45d2-bdfc-391c48d24f5a
1999,1999,Sting featuring Cheb Mami,Desert Rose,80e3c771-5a2a-3b44-a940-e20e329e79c3
1999,1999,Stingray,16th Section / Dominance,a6fcb7a0-35e8-4f7a-b329-d067f21b1d12
1999,1999,Stomp,Bionet / Snakes,de54b3c1-1390-39e0-b348-2d39569b17ca
1999,1999,Stomy Bugsy,Aucun dieu ne pourra me pardonner,c816d8a1-428d-4d2b-bf74-e25449fa7f69
1999,1999-04-05,Stone Temple Pilots,Down,e2d94465-b4fe-42a6-98bc-db21c55d7a78
1999,1999,Stone Temple Pilots,Heaven & Hot Rods,40ab16ac-f7a6-4176-bc3c-486c39943710
1999,1999,Stone the Crow,Daylight,c3382308-a5c5-48bf-b4b3-d6cbfdfde392
1999,1999,StoneBridge & Robbie Rivera,Enough Is Enough,45201e1a-b773-4109-95c8-ceeda0fef6d7
1999,1999-05-03,Stoneproof,Everything's Not You,fbeaceaa-2fee-4e49-93d5-b960a1a438d0
1999,1999,Stoppok,Na schön,35ecb9da-9e92-4297-886d-6a4b4a8a24bc
1999,1999,Storm,Love Is Here to Stay,56cef6a4-22f4-4110-9196-f0d952ce0c08
1999,1999-05-22,Stormtroopers of Death,Seasoning the Obese,8268c7d8-ccda-4d8b-af0a-055d773967b9
1999,1999,Stormtroopers of Death/Yellow Machinegun,Seasoning The Obese / Yellow Machinegun,1fb3820a-3442-4ba8-8133-e970dd81944c
1999,1999,Straddi Virus,Straddi.Virus in Russia,675d1f10-208a-405e-98c3-831b923ea927
1999,1999,Straddi Virus,Straddi.Virus Is Back,e2a1c143-0719-41b8-9196-45d79f3b60bf
1999,1999-04-12,Straw,Moving to California,50e64aa5-dafe-315b-a771-7f0f3609d682
1999,1999-06-28,Straw,Soundtrack of the Summer,d1688f6c-5fe0-49a4-ba22-75eca1efe36a
1999,1999-01-25,Straw,The Aeroplane Song,9e160d9a-0bf1-3348-8a7c-0bb2e281056b
1999,1999,Stray Dog,Mirror,162f57fa-0b37-4e06-b7c5-ed95b603442b
1999,1999,Strickly Dubz,Realise / Thinking of You,5e9191fe-b19c-4b31-aaa9-cfe198882473
1999,1999-07-13,Strict Flow,People on Lock,a4abcf35-73fb-3514-a4e1-13fddb138c21
1999,1999,String Builder,Lake View,ecb1b8b1-f790-4d0c-bdda-a2489efcf25c
1999,1999-08,Stryker,Can't Stop / Eruption,36d852ad-2be3-33e0-9c78-9fb17a75e1b9
1999,1999,Studio 45,Freak It!,4f6cf774-d2ca-39fc-abc1-6154616b97f9
1999,1999-06-17,Studio Nova feat. Sommer Trella,The Music's All I Know,d3e462e5-466b-3688-b898-7a697da2fe37
1999,1999-09-20,Studio45 present Le Pamp Play House,I Like the Sounds,c2fb0c17-b088-3f45-b6a6-dca8cb48777b
1999,1999,Styles of Beyond,Easy Back It Up / Part 2,c9ee81ec-e134-3d30-8fa5-69212158fa06
1999,1999-11-13,Styles of Beyond / Emanon,Atomic Zen / The A-List,437e4ca3-3ec7-3d8c-b913-f836c5afe510
1999,1999,Styles of Beyond / Ugly Duckling,Ambiguous Figures / Journey to Anywhere,64f096b5-1670-4019-af29-aabc0b8a2a13
1999,1999,Stéphane Naty,Je serai là,11ed335b-c84c-42e8-a532-7c73be8cb4e0
1999,1999,Sub Zero,Pay Your Dues / Rock da Jazz,a36e83e4-834c-479a-9a36-595225de6f32
1999,1999-06-28,Subcircus,Do You Feel Loved,88fef6de-0a7e-3d5a-bbd6-7cd08aa4baff
1999,1999-11-08,Subcircus,For Those Who Cannot Weep,39b1118c-c79d-47a6-86e6-ff859a3e89fa
1999,1999,Subcode,Bent Glass / Forcefield,dbbf9e3a-ef29-325a-a90e-93d48e7b08ce
1999,1999-05-11,Subcode,Rush / Velodrama,56e8883e-776f-45f2-b7a5-e5f153a344bf
1999,1999,Subculture,SugarHIGH,bfd8c842-7650-3f7c-8ec2-feda68e7cb6f
1999,1999,Subject 13,Virgo / Space Orchestra,31071885-1e76-4c55-b0df-275643339641
1999,1999,Subliner,Anti-Gravity,6d2ee334-6ddd-42dc-96e8-aed57c856fb1
1999,1999,Subroc / KMD,It Sounded Like A Roc / Stop Smokin' That Shit,8091c63f-cf03-49c1-be8b-d9b82847a337
1999,1999,Subsonic / SDR,Time & Space / Semitones (Update),41a5d2f8-c0b6-42ed-a80a-84d44d84181a
1999,1999-02-08,Substance,Beat for Me,ce197340-1ed5-31d0-9c48-d0e8304c5b03
1999,1999-12-06,Suburban Lick,You're Mine,c2372104-273e-4f50-a66f-e6f1451b86d3
1999,1999,Subway to Sally,Henkersbraut,780684f0-1779-3e56-ba93-c3736451ee52
1999,1999-08-09,Subzonic,Titelgschicht,af4167fe-edcd-3e24-8e3c-b6e901a35bfe
1999,1999,Subzonic,Unglück im Päch,f8cdf7b1-85b9-35ec-b667-2402d166ce57
1999,1999-09-13,Suede,Can’t Get Enough,25e73a21-4bdf-3473-8a9d-bb6f1624eb12
1999,1999-04-12,Suede,Electricity,52cddb03-bc35-31f1-a91b-4420fc6de83a
1999,1999-09-13,Suede,Everything Will Flow,fe9a478f-b923-3609-ba42-c2fcacbd53e1
1999,1999-06-21,Suede,She’s in Fashion,ffac52e7-ea6b-3f84-8a4b-4feec60c7bbd
1999,1999,Sugar Babies,Encore (Ooh Ooh Yeah Yeah),1ffba28d-8451-49f6-bb02-c9b56b33d822
1999,1999-03-15,Sugar Bee,Hurray Hurray,c116ce98-7019-4ae8-8d20-042542832786
1999,1999,Sugar Ray,Falls Apart,a75748aa-a670-4281-b4b3-9c0b49df539b
1999,1999,Sugar Ray,Someday,ea9cfee0-6561-3776-aae9-46410a7bfa79
1999,1999,Sugizo,Missing,06459506-b2cc-4ae2-9b89-29a39e66d77c
1999,1999-01-01,Sukhbir,Ishq Tera Tadpave,26bc90a3-2dfb-47f8-8eaa-c7e9f7e2b07e
1999,1999,Summer Junkies,Hey Y'all,ab77382f-ce73-46dd-a4fd-db0f04b75794
1999,1999,Summer Junkies,Hey Y'all / Basslines Live Forever,a3795366-1f22-4514-a465-6d706c9fcf67
1999,1999,Summer Madness,Planet Rio,e65b2c11-2d04-4c37-b46e-8739b3ecc2e7
1999,1999-08-13,Summerwind Project,Wooly Bully,38ad727c-2d0d-32d5-a879-1d342e3065e5
1999,1999,Sunblock feat. DJ Petrel,Get da Love,f1f04065-f107-44ff-9391-00648efd0709
1999,1999-02-15,Sundance,The Living Dream,6bf564f1-3c8e-39d3-9062-0a5a2bd3178a
1999,1999,Sundance,Won’t Let This Feeling Go,a5c726b7-ddf6-4874-a22b-446bb2ed5e9f
1999,1999,Sunday Afternoon Soundsystem Featuring Sue Daniels / Deweze + Deweze,(Paris) Comfort / J'y pense et puis j'oublie,80b9b5c3-8f27-4e3c-a2f4-8d1b28a23674
1999,1999-01-04,Sunday’s Best,Sons of the Second String,4f1d14f5-1e31-4344-93b4-bd9694748d30
1999,1999,Sundown,Halo,4843dd11-e4c4-3dd1-be5d-a74837f9c395
1999,1999-11-01,Sunkids feat. Chance,Rescue Me,ebd1b212-3899-34d1-bcd6-48d34247ab69
1999,1999,Sunscape,Chi Energy,da6f6544-e8dc-38a1-8a46-c90806eb85d9
1999,1999,Sunscreem,Exodus (Part 1),71b1870b-4007-48a0-b3af-c3438abee1a7
1999,1999,Sunscreem,Exodus (Part 2),1168111d-f05a-4eee-97b4-5beeabfb6d86
1999,1999-05-18,Sunscreem,No Angel,c966ea06-c6cf-3a62-83c4-3698c5e8ddef
1999,1999,Sunset Sky,Rockitt,bae41a0b-f594-4e10-a5d8-d24b130834c0
1999,1999,Sunshine State,It’s a Fine Day,5571beb3-ad93-4762-9387-c777fd07ea84
1999,1999-03,Sunship,Try Me Out,32bf404a-f296-4989-8752-28c71ccd646f
1999,1999,Sunspot,Lose Control,e35c08c0-ce45-4fbe-b6a5-6cc2f8a984f6
1999,1999,Supakings,Back & Forth,09517f05-c490-4d75-ba31-f63272d77757
1999,1999,Supakings,Back and Forth,d6b4a1ee-4d68-4492-a87c-63d5edac18d4
1999,1999,Super,Album Sampler,44346112-3c70-358b-92f1-5eb9f4637e2a
1999,1999,Super,The Broken Girls,ca649255-f8e0-4f70-b246-e74169d7a7e7
1999,1999-12-08,SUPER BELL’’Z,MOTER MAN (秋葉原〜南浦和),07c7f0b9-fb0e-372c-a2a9-9ceb58e51ec4
1999,1999-10-20,SUPER BUTTER DOG,5秒前の午後,fe5ab729-3e7c-4e20-87c9-a3c0770ae16f
1999,1999-08-09,Super Furry Animals,Fire in My Heart,23e1a493-e6a1-3044-970a-8a01743f853a
1999,1999-05-10,Super Furry Animals,Northern Lites,ae263d53-6223-386f-83b5-458ec14b5b61
1999,1999-05-21,SUPER SOUL SONICS,MY LIFE,cac7b7ae-5ca0-4221-93cd-e8a58c8e0260
1999,1999-08-25,SUPER SOUL SONICS,スライダー,093bc9cd-ffc1-4272-82e9-56d85e036e85
1999,1999-01-21,SUPER SOUL SONICS,果実,f79a4713-5165-44e4-a99b-a0a07c4855af
1999,1999,Super_Collider,It Won't Be Long,a05b7145-9cf2-41d0-8956-161f176ecec5
1999,1999-06-07,Super_Collider,It Won't Be Long / Take Me Home,85edb795-c31b-4ecc-9278-ccb63af24e4f
1999,1999,Superbangdeluxe,Rhythm / Drumbeat,8251c242-eac5-4493-bb70-4649c7ec688a
1999,1999,Superbeat,Feel The Drive,04364d0c-501f-418b-9f6f-e1764f2c2c5a
1999,1999-05-12,SUPERCAR,Love Forever,f8440b38-292f-423b-85c1-74efbd1567c0
1999,1999-02-03,SUPERCAR,My Girl,c28037ad-748b-4ce2-995f-f7494b951ce5
1999,1999-07-06,Superchunk,Hello Hawk,7765427a-07fd-3500-a275-8335b87da305
1999,1999,Superchunk,The Majestic,552ac87e-3d91-4feb-a420-40b8fc2fff06
1999,1999-09-06,Superfine,Cavalier / Wednesday’s Man,9275c367-683d-48cd-ad7d-61ff67cd9110
1999,1999,Superfly,Do U Love Me,f783cda3-5502-4519-9523-650f03f6a458
1999,1999-11-22,Supergrass,Mary,fb97ccf0-d8c8-3409-969a-5c513f7ef8ea
1999,1999-09-06,Supergrass,Moving,c8d84a47-dd29-3448-ae56-beda465f34f0
1999,1999-05-24,Supergrass,Pumping on Your Stereo,eaee6afe-39e9-3e97-9b06-ac5184adf930
1999,1999-05-31,Superheist,Have Your Way,7491c367-0a62-3058-9a2f-30bf51af5ff4
1999,1999-06-07,Superheist,Karma,6b5b72a9-5e8e-300c-bff8-1b45111b4c41
1999,1999,Supermarx,De Koning van Vlaanderen,e90d6dc5-6422-3c43-ad89-8546d8176ff8
1999,1999,Supernova,Go DJ! / Step Off,9782efe6-8cf5-4e06-867d-f680f5056a3c
1999,1999,Supersuckers,Can Pipe,378f8570-5874-33ab-94de-dded750d7713
1999,1999,Supersuckers,My Kickass Life,66fe2dd5-8479-4a6e-b3ac-f2fbb214ecc3
1999,1999,Supersuckers / Hai Karate,2 Coastin' Classics,7b121a2a-1b52-441c-bb47-6e0b2b27a153
1999,1999,Supreme Beings of Leisure,Strangelove Addiction,cc7d6784-8a5c-38dd-98ee-02f98a33425e
1999,1999,Suprême NTM,Pose ton gun / On est encore là (Part II),edc85b33-daf9-4b33-9698-00eaceeaa443
1999,1999,Suprême NTM,That’s My People,c75bb3bd-30bd-4180-8e46-10c4c0dd7bb8
1999,1999-07-07,SURFACE,なあなあ,2fe1f224-37b7-4f1e-8da5-780758f65db1
1999,1999-02-03,SURFACE,なにしてんの,c5e6f6b5-6ecf-4b0c-b565-bc3d8e4a4fca
1999,1999-11-17,SURFACE,君の声で 君のすべてで…,627f4497-4849-4496-b1c2-86f00900fc12
1999,1999,Surreal & Parameter II,Arena 31 / Millennium Funk,309703ae-c6ee-3bf0-8238-aa61dec6e8ae
1999,1999,Susanna Heikki,Kulkurin korvarengas,541744e4-4ffd-4e68-8ac9-ede17e9f00b6
1999,1999-07-18,Sushi Brother,Shadowfighter,f91e4aa2-1bbe-3691-a4a3-7df7fec7fbb9
1999,1999-11-26,Sushi Brother,Shadowfighter (Frank & Bill remix),e7cafc00-32e3-37ff-8dde-59b3be036c28
1999,1999,Suzanne Vega,Rosemary (Remember Me),450738c2-44fb-4a54-8009-afa8c9ba9dfb
1999,1999-08-23,Sven Franzisko oder Lotte Ohm,Hinter Diesen Mauern (The Dungeon Keeper),c4bbb15a-3c8b-3c6c-9257-2945d3a5afad
1999,1999,Sven Väth,Dein Schweiß,0b516acf-336a-49cb-8b13-cadbeb38db87
1999,1999,Svenne Rubins,Vilken dag För Andersson,e0b8f8c4-001d-4b87-b64a-230ecf03c1ac
1999,1999,Svinkels,Krevard / Front contre front,4d687bfe-e227-485a-bc44-a9d32c2c9b42
1999,1999,Svinkels,Réveille le punk,d33728b2-0fa9-4829-9504-aa07d0f375cf
1999,1999,Swad,Open Up,a2c2e77a-550a-3744-b89d-3c39b283c247
1999,1999,Swami,Transmission,0b2b143b-ee46-42a9-91cb-7c48eefcb8c9
1999,1999,Swan E & Undacut Featuring Ruby T.,Sweetest Hangover,09c769a3-ed4f-4fae-baea-433e09311a9b
1999,1999,Sway & King Tech featuring DJ Revolution,The Anthem,d57fd204-ac60-37af-aa5a-30d3f85a450f
1999,1999,Sway & Tech and DJ Revolution,Selections from the Album “This or That”,061e2296-69e2-41bc-81f5-367cf742dc46
1999,1999,Swayzak,Doobie,17a5b2fa-cf90-3243-be85-e559007c26ca
1999,1999,Sweet Abraham,Krunch / Natural Thing,4cf73745-648c-49fe-86d5-47c6334daf69
1999,1999-02-10,sweet velvet,I JUST FEEL SO LOVE AGAIN 〜そばにいるだけで〜,f2957b18-50d4-4f6a-9a63-8954de73e5a1
1999,1999-01,Sweet William,Lovely Norman,080ffcce-adc5-3b9d-8745-ca52e2f87cc4
1999,1999,Swerve,The Beginning,82d3d09b-c376-4992-a11a-b1e647c51a20
1999,1999,Swervedriver,These Times,258d26aa-e56c-4710-928d-1a8d4fb9aad1
1999,1999-10,Swirl,Gypsy Eyes,c67d6d2e-96b4-471d-a084-df03b670dea0
1999,1999-04,Swirl,Time,7938f268-d4b2-36ce-9291-aa765686f198
1999,1999,Sy & Unknown,Discoland (remix) / Head in the Clouds,d4e2400c-a74a-45a8-9d39-b2ea64018d08
1999,1999,Sy & Unknown,What Is a DJ / Cape Fear (Remixes),f1cbf809-c155-4905-af73-bbbe8156a324
1999,1999,Sy Smith,Gladly,73cd61d5-2fde-4134-8cf8-4fd937f6fad4
1999,1999-09-04,Sybarite,Meusic,a8820b70-31c5-357b-9eef-28f90087bfcc
1999,1999,Sydney Youngblood,Christmas Song,3e000f8d-91fc-4a98-95e1-ef388c908a90
1999,1999,Sylvi,Discofiiver,c8d3226c-3b7f-4237-b39b-93c0c8da7162
1999,1999,Symmetry,カタストロフ/MISERY,616a0895-3097-4292-9754-a703fccf1693
1999,1999-05-10,Symposium,Killing Position,7c041759-dc3a-33b6-a624-afcd69b99c29
1999,1999,Synchro,Trial & Error / Misconduct,d1d0ed0d-6f8d-4618-81b5-e7c3acc14800
1999,1999,Synchronic Minds,All I Need,27862de7-6a49-4207-b66c-8171d3a273b6
1999,1999-07-07,SYNTHETIC MUSHROOMS,#2,38df9343-eb05-47d9-9564-d9ab62eae6ac
1999,1999,Syntone,Heal My World,c1178ecd-be4b-4744-90e8-d573a34bb508
1999,1999,Syrup,Sweat Shop,08e47611-15f1-3b8b-91b7-8d94c2a18450
1999,1999-12-15,Syrup16g,Syrup16g01,f1b2347a-5f3a-3c62-a8bd-b69402d6ea00
1999,1999-12-15,Syrup16g,Syrup16g02,29450f67-6e4d-3393-8a90-2edffadf50fa
1999,1999,System of a Down,Spiders,c88debfa-b766-3b1b-924c-3b5b729311d2
1999,1999-12-14,Systematic,Everyday,cf72d550-b7f1-4351-8a1c-32ef5f354e74
1999,1999,Systematic,Everyday,fb21e92c-a5ed-4e68-b87a-efb0a1b1a1ba
1999,1999-10-27,syster,試験管ベイビーとアイス・ピッグ,ef84ecd6-9005-466e-a697-b7d8ecc1fe66
1999,1999,Sziámi,A zene egyen meg!,e1c315d8-7e92-4b19-ac5a-19b9d602bd5c
1999,1999-05-21,Säju,deep inside,46535f1d-07cf-4755-89a6-103784501b36
1999,1999-04,Sëpia,Snow White,dcdb3b32-2a38-4f5e-86d4-f4307abb59fd
1999,1999-07-27,Só Pra Contrariar & Gloria Estefan,"Santo, Santo",136a2f54-d54c-3dea-b81b-ae177006457d
1999,1999-03-15,Sürpriz,Reise nach Jerusalem - Kudüs'e seyahat / Journey to Jerusalem,a77cf58e-7e06-4eb0-9feb-b437c152893f
1999,1999,T Power,Fuzzy Logic,a842a6de-b61e-45cb-9325-116afae66e69
1999,1999,T.K. Bros.,Feel the Funk / Summer Tune,ae416c8e-f6f7-38c8-8ba8-91ae95bead20
1999,1999-02-03,T.M.Revolution,WILD RUSH,aa360045-66b1-347b-b202-5e7cd2d86123
1999,1999-05-17,T.P.H. & W.J.H.,U Made Me Do / Magic 69,fdf749bb-7b6e-3e8c-8111-6896827d1de5
1999,1999-08,T.Power,Cuba,be59318a-efa5-4e1b-9d62-5d55e7fbe235
1999,1999-02,T.Power,Dental Hygiene,8f0ed7b2-1656-4060-92f1-ab89ed8eb556
1999,1999,T.S.,Are You Ready to Fly,ea0d2a18-0466-42dc-80b4-c01498cee54d
1999,1999,T.W.D.Y.,Drinks on Me,8f237246-7aca-3718-872d-6b4bd48ed7db
1999,1999,T/K/S,Fly Bi,3a037a78-861b-3c8e-aa1b-1a45bfdf313e
1999,1999,T42 feat. Sharp,Melody Blue,46722146-7816-4ed8-84b3-fa474c4a2ca8
1999,1999,T9,Medley,b1ccf0f8-7511-4634-95ec-3da9e160c6e9
1999,1999,Tacho,Zu Fuß auf die Feier,70ee2337-a0cc-447d-ba64-dde8083dcc11
1999,1999,Tad,Oppenheimer's Pretty Nightmare / Accident on the Way to Church,d16b19ac-607c-4d10-a29e-7c3d6ccaf701
1999,1999-09-04,Tahiti 80,I.S.A.A.C,38e33f28-3172-4b5c-bff8-b4b0eac872fa
1999,1999,Taint,Victimology / Where Are The Whores?,0ff89e45-c6cf-4bc8-a1c9-c0118e535c8a
1999,1999,Taja,Cut Sum,8b2aeaac-f9f9-41dc-a0c0-abd2a217f8c3
1999,1999-07,Taken,Haven / Crayons,a0a1992d-67c1-496c-a789-20c0599f5873
1999,1999-10-21,TAKUI,トライアングル,6465b48f-0333-413d-9bb1-21946e54494e
1999,1999-10-18,Tal Bachman,She’s So High,e662e704-546f-39f2-9614-1880a8524c52
1999,1999,Talk 2 Me,Nu ne vom opri,24f879a8-030b-4cf7-9481-061748a66531
1999,1999-05-17,Tall Paul,Be There,8fbed393-b204-37ad-86b1-964fef3c0d09
1999,1999-01-25,Talla 2XLC,Love's Comin' Down,17ebb5e3-2dd0-4e94-a050-b29e1d38c3e6
1999,1999,Tam Tam Go!,Atrapados en la red,5ef5a7a1-2140-4834-afa7-02f075fc8a7b
1999,1999-10-05,Tamar Braxton,Get None,21820390-c73c-439e-9750-f450f0966071
1999,1999,Tango & Ratty,Train Track / Tripped Up,ff3358d0-16ac-49e9-ad27-fbe146e81602
1999,1999,Tanith,Bronco,1d042a6e-47ed-447e-989c-cc384fd881e9
1999,1999,Tank,Killerbeat,eb24572e-0b37-48f7-9947-16eea87ed363
1999,1999,Tanto Metro & Devonte,Everyone Falls in Love,84dffe78-d74e-4f9c-90e1-124daaf9793b
1999,1999-06-21,Tanzwut,Augen zu,fb18edcf-04bb-3379-8a2d-cae28be1ba44
1999,1999-12-25,Tanzwut,Verrückt,77dce8a8-1012-38f9-a7d1-1dc49a801d31
1999,1999,Tarentel,When We Almost Killed Ourselves,fd8716f0-8d74-3536-a812-c0972c5d353d
1999,1999,Tarkan,Bu Gece (Kır Zincirlerini),2fc563b7-b158-351a-a769-e1f6e91070fa
1999,1999-06-28,Tarkan,Şıkıdım (Hepsi Senin Mi ?),6b1c71bc-7736-4db4-a295-03c4535e44bb
1999,1999,Tash,Bermuda Triangle,097fe201-d40f-42c0-8f31-c6a8bd9a2024
1999,1999,Tash,Rap Life,f35f884b-807b-4199-8277-7f1c5566ceee
1999,1999,Taskforce,Touch Me,a280c666-4e7a-4d3a-b12c-319f1933a080
1999,1999,Tastexperience feat. Natasha Pearl,Summersault,6ad27205-c14f-32d1-ad57-da56111abcc5
1999,1999-02-01,Tatyana Ali,Boy You Knock Me Out,21668533-3fdc-3804-9f1b-3df8ac75ec4c
1999,1999-03-22,Taucher vs. Talla 2XLC,Nightshift,8f1998f2-a799-3234-b366-dde162bf939a
1999,1999,Taxiride,Everywhere You Go,7d4db255-79ea-33b5-abe5-662b94b1b888
1999,1999-09-14,Taylor Dayne,Naked Without You,98b083fe-5cdf-3d25-940b-7320e9e915f2
1999,1999,Team G with Yuri,Rocksmoker / Banger,55b89cf1-63a7-4421-a180-c3be002a7465
1999,1999,Technasia,Hydra,f5b627d0-b766-3660-973e-1a120c34c668
1999,1999-11-29,Technical Itch,Generation / Viking,832417a0-ad20-397b-b2c2-e8b81e53a1dc
1999,1999-05-17,Technical Itch,Led / Arced,badfb9b2-4bfb-32a6-886a-4d7d9e63b3ad
1999,1999-02-22,Technical Itch,Trisyinate / Scope,6cc70e8f-9bf6-373e-ac18-963ebdf21f8e
1999,1999,Technical Itch & Dieselboy,Atlantic State / Scythe (V.2),97be253e-1397-4653-b89d-4fec862aa162
1999,1999-03-15,Technique,Sun Is Shining,e7624481-d8f9-3241-b2d9-aa0321dfe92f
1999,1999-08-16,Technique,You+Me,8f66ef7a-3d15-3afd-90b8-b2585a9c97ac
1999,1999,Techno Animal,Monolith,875cb1f1-6ac3-3b3b-b59a-809c0447ff97
1999,1999,Technological Terror Crew,The Uridium Project,781cab64-ebef-4185-ab01-8e772e6cfbdc
1999,1999-04-22,"Teddybears Sthlm, Daddy Boastin, Thomas Rusiak",Ahead of My Time,6ca07ff5-0989-48b3-90fb-250302995be8
1999,1999,Teebee,Divided Loyalties / Rebel Assault,df7dc54f-165c-3f21-9d29-0a03bfa1ea76
1999,1999,Teebee,Intelligence Unknown / Conspiracy,a0fc0458-4a6b-3dcd-874e-b25f1ed292d5
1999,1999-04-26,Teebee,Oblivion / Instant Irradification,bce0c3ef-a17f-3343-9106-83cb8d7fd224
1999,1999-10-04,Teebee & K,Arctix / Paradise,549945b5-d1a6-30d2-94e2-dc450738fdcf
1999,1999-11-01,Teebee & K,Jazztronauts / Mindshadows (Aedena Cycle remix),7aedeffb-9098-4ee1-a317-57aa8afb1151
1999,1999,Teebone,Volume 24,9bb0e916-0aa2-4f90-8bf0-c968eb81f3b2
1999,1999,Tehosekoitin,Keskiyön tanssi / Laura,fc72e3c4-5efb-3e6c-ad6b-5584f9b5cb79
1999,1999,Tehosekoitin,Valonkantaja,9839ed6d-558b-38e1-8328-58f79ab98a56
1999,1999-05-18,Tekla,Somebody Else,edcc26e5-443f-48f0-ba7b-95252343752e
1999,1999,Tekno Kings,The Spirit,8c3a6c9d-64dc-42fd-9e04-a8e1c9b83e6f
1999,1999-05,Television Personalities,When I Grow Up I Want to Be...,0a8ff1d1-291f-4b00-b534-3dc42a20ed27
1999,1999-07-01,Temiyan,もう一度今を選ぶかな?,a358c61a-5d9a-3595-88a8-843514d1ab2f
1999,1999,Temperance,If You Don't Know,d3aca477-5590-466b-8db1-15e4ee0e0190
1999,1999,Temperance featuring Lorraine Reid,Dancing in the Key of Love,898f7eee-a7a5-447a-a789-16515ab47dfd
1999,1999,Tempesta Noire,The Outset For... / Time,13e1c66f-4c3d-4378-a2fe-54e08f8188b3
1999,1999,Templeton Peck And E.F.J.,Fever,abb9f53f-ea84-4f42-88a6-fabbd97ee44a
1999,1999-05,Ten Benson,Rock Cottage,0bf2f9c3-a338-37a9-9f24-69ea18b0fed4
1999,1999,Terence Fixmer,Electric Vision,3c82eb69-5fe9-3d57-9a43-512d5f6d439d
1999,1999-03-15,Terence Fixmer,Electrostatic,df91680c-ac38-3029-8aa3-270325d15808
1999,1999-11-15,Teresa Bright,Only the Good Things,49967dbf-1ec2-3d8b-b39f-53305ba31c58
1999,1999,Teri Moïse,Encore fou,38ca3a7b-e637-4ec7-bf28-77b643c82d61
1999,1999,Teri Moïse,Star,69960465-9679-40c4-a77a-49ab0696ce10
1999,1999,Terra,Busindre Reel,bc811bb1-3673-4b01-ba7f-406af0f3beb3
1999,1999,Terra Ferma,Don't Be Afraid,59f097d0-d13c-441b-8fa8-9574d9b41fe9
1999,1999,Terranova,Just Enough,c47ea5e0-ed87-4e78-91fc-7c257cbbd9a9
1999,1999,Terris,The Time Is Now,94828fac-5a4e-3b71-8ecf-4b844f9d7332
1999,1999-01,Terror X Crew,Η γεύση του μένους,97d62bed-b5df-3ba8-8b58-d4285e2a735d
1999,1999-05-03,Terrorvision,III Wishes,1f65011e-ff22-3029-b80e-688515a0933c
1999,1999-01-18,Terrorvision,Tequila,ccd97433-fde7-3ed4-ac6b-00b1af7638a0
1999,1999-11-02,Terry Dexter,Better Than Me,58bf9317-df84-4043-a034-52c9fa745958
1999,1999,Terry Hunter,The Disco / Sweet Music,f44683de-ac4d-360b-acc7-62e054b278ce
1999,1999-01,Terry Lee Brown Jr.,The Chase (dub),072c2b1e-62df-3823-9883-84fbb45d5500
1999,1999-11-21,Tertius & Deep Blue,Affirmative / Negative,1add5346-6bf2-432b-80de-2fc1ad825280
1999,1999,Testament,It Is Well,84e7b7fc-157b-40eb-9e00-a219fb0aca37
1999,1999-04-19,Texas,In Our Lifetime,3ec1f61e-1ef1-36ba-a245-6305debdcdd3
1999,1999,Texas,Summer Son,70213d6f-38bd-4702-9a85-9bc316753b12
1999,1999-11-01,Texas,When We Are Together,67837819-bc07-49c2-b7ff-00c898876edd
1999,1999,Texta,Fragestunde,3c3b929d-b734-36e6-9b8c-43b5b4813595
1999,1999,Tha Blue Herb,Underground Vs. Amateur,22f60b50-ed56-487e-889e-4e04491293a4
1999,1999,The 'Tone / Annalise,The 'Tone / Annalise,ca9ce861-b994-4a2f-bec2-d35ba5b8f4da
1999,1999,The (International) Noise Conspiracy,T.I.M.E.B.O.M.B. / Do U Know My Name?,fdbb0b62-5ad4-425b-b45f-640706f9b7f7
1999,1999,The 2 Live Crew,The Real One,eb63c847-877f-44f2-ae6a-9c338b855e35
1999,1999-07-12,The 3 Jays,Feeling It Too,b859899b-b8ef-3785-926f-b39a002fc914
1999,1999,The 5.6.7.8’s,Come See Me,6eb15c77-0f01-4066-b796-d74470a546ca
1999,1999-09-06,The 57th Dynasty,Love of HipHop,b4986847-22b9-3376-b076-67a9950010b6
1999,1999,The 69 Eyes,Wasting the Dawn,b853d0bf-cc7e-3486-9a58-4405a98492ff
1999,1999,The Aasee Lake,Two Song Introduction to a Suicide Note,8d41a189-a391-4b77-b991-1442b13f45de
1999,1999-03-29,The Afghan Whigs,66,6ba1e59b-83a1-309f-be02-812876c92f63
1999,1999-02,The Aislers Set,Been Hiding / Fire Engines,9c6fd7b8-217d-442b-9a6d-d07794bdef97
1999,1999-04,The Aislers Set / #Poundsign#,"The Walk, Part 1 / Nothing but the Night",e5fb870a-567d-4ce7-a541-a38cee2bf8a0
1999,1999,The Alchemist,E=MC²,d7c12aa8-fb82-49af-985b-f99264b94841
1999,1999-08-18,THE ALFEE,Justice For True Love,20beef93-3c39-4306-9552-dc602d992f36
1999,1999-05-23,THE ALFEE,Wings of Freedom,b5153961-3ae2-4f0d-826e-41182737973c
1999,1999-02-03,THE ALFEE,希望の鐘が鳴る朝に,5d755a0a-4dc3-43ff-aee2-a9f3b4cae033
1999,1999-09-06,The All Seeing I,1st Man in Space,d0191b92-8c48-3433-8658-d9a4b707d71f
1999,1999-01-11,The All Seeing I,Walk Like a Panther,6b143e14-9a92-31a5-b50f-2446428043b6
1999,1999,The Allniters,Nowhere Fast,46639016-a388-4a67-aaa1-d061118dc26e
1999,1999,The Aloof,Infatuated,17e7d1e7-82d0-471b-85b7-7fa2c7a326ca
1999,1999-02-22,The Amalgamation of Soundz,Enchant Me / Urban Discoid Activity,240b7cc6-dff6-35de-8105-31b6df3b6cfa
1999,1999-07-01,The Amalgamation Of Soundz,The World,04873c86-74d7-4297-80ea-f3ce6ba52a39
1999,1999-12-07,The Amazing Crowns,Chop Shop,967f8bd6-cd29-4a4e-bbef-4052edf5dd66
1999,1999,The American Analog Set,The Only Living Boy Around,6c8029d3-f915-3827-8975-b0dd6bd37c5f
1999,1999,The Angina Pectoris,Dying Heart,b796c1d6-7714-48af-be9c-34a3541a4a78
1999,1999-11-01,The Apemen,Lucky in Love,95f6d17c-1243-4253-bcd7-290c936926fa
1999,1999,The Aquabats!,Dr. Rock Vs. Clowny Clown Clown,e191b7e5-a220-49c0-8b4f-657090cf19f3
1999,1999,The Artful Dodger,Re-Rewind the Crowd Say Bo Selecta,1d07a512-3669-458c-80fd-6935506c1804
1999,1999-07-05,The Auteurs,The Rubettes,c794e64e-fd57-3b63-b4c2-a8a8f773a820
1999,1999-08,The Automatics,I'm A Kid,2fb4ebbc-7207-42c2-906e-97773a49e90f
1999,1999,The Autumns,Boy With the Aluminum Stilts,76369948-1d74-49c3-8ab5-c9a688f9db46
1999,1999-03-01,The Avalanches,Undersea Community,6f6547f0-92ec-3199-9487-23fb78b97699
1999,1999,The Baby Namboos,Ancoats 2 Zambia,35a869ba-679c-4741-b296-0705dde4a806
1999,1999-10-06,The Back Alley Boys,Racin' Fool,9e7555d6-ec3b-4c8f-b184-da4d1ddaff05
1999,1999,THE BACK HORN,何処へ行く,0936ce53-dbdd-455f-8a46-db393ddb9444
1999,1999,The Basement Khemist,Vibrate / Everybody,c8b17f81-b1df-4bd0-82c9-4d46d33c9748
1999,1999,The Bates,Bitter End,fcd8cb9e-7d91-4748-a6cb-c1f13d58906c
1999,1999-03-15,The Beatnuts,Party,88dcf3e9-f046-43ca-8e5c-55a7ba037c5a
1999,1999,The Beatnuts,Watch Out Now,3dc58ea6-b059-36f0-9b77-c3f1e38a5e90
1999,1999,The Beatnuts feat. Magic Juan,Se acabó,2a8fd5da-42e0-430f-ba1c-f6eed304fe16
1999,1999-06-28,The Beautiful South,The Table,c0773098-3c93-3b99-aaf4-9950e8d8bf1b
1999,1999,The Black & White Brothers,World Wide Party,00f47c30-f300-4f1e-99e1-7f847f47ba7b
1999,1999-12-07,The Black Heart Procession,A 3 Song Recording,55fcb778-25f1-3878-9b45-1499c6555be8
1999,1999,The Blackmaster,Club Confidential,1e0cf518-1b52-326e-b611-815ba8768cff
1999,1999,The Blood Brothers / Milemarker,Blood Brothers / Milemarker,4c18ad7b-f615-4069-9442-9ff6ec77e06d
1999,1999,The Blunted Boy Wonder,Switch to Glide,2cffb571-d560-3c89-a869-ee1b89f9f042
1999,1999,The Bobbyteens,Rock-N-Roll Show / Backseat Lover,94f305f7-d132-4b01-a50d-298cc2ece4e5
1999,1999,The Bobbyteens,Treat Me Right / Girl Downtown,63aee517-acf5-4cdb-8374-7423092ae5be
1999,1999-08-31,THE BOCKERS,LIFE,8990f630-c3d5-4b3e-bc1b-5dd1e04469e0
1999,1999,The Bomb Squad,The Bomb Squad Returns,ec7dcde9-093c-3615-a397-1f9a2204223b
1999,1999,The Boo Radleys,Kingsize,134b6654-278a-4f84-b298-71eb0b3314f3
1999,1999-05-12,THE BOOM,大阪でもまれた男,23b7cc74-9ea4-402b-b0f3-2e18ee5f93f4
1999,1999-10-08,THE BOOM,故郷になってください,7e34d7ac-1fbd-4ddc-9d8a-01616e448292
1999,1999-04-28,THE BOOM,月に降る雨/不自由な運命の中で,851ca1a1-4a46-4965-b997-64f319df3a23
1999,1999,The Boomtang Boys,Squeeze Toy / Popcorn,9e62c95a-5f32-3ee1-b8f7-34092f5f0dbd
1999,1999-10,The Borg,My Curse,09365a0e-4046-435f-825a-97df4a1d5a37
1999,1999,The Bouncing Souls,¡Olé!,0be7469f-34e1-4998-9c5c-e7a7d54de7d0
1999,1999-12-06,The Boy Wunda,Everybody,89937753-fd7a-346b-80cc-993c9835ea1b
1999,1999-04-06,The Boyz,Memories,24b7b772-47b8-45be-a6f2-7cd068b0097c
1999,1999,The Brand New Heavies,Apparently Nothing,ce1cbf96-d021-3a6e-a550-7da1050bd2fe
1999,1999-08-30,The Brand New Heavies,Saturday Nite,6f4606f4-e0e6-33b7-8e6a-4c63a96caa22
1999,1999,The Bressler Brothers,The Bluegrass King (Has Gone to Heaven),23d9bfa9-c07b-42d8-bbcc-7368fa616dab
1999,1999-05-31,The Brian Setzer Orchestra,Rock This Town,87f742b9-289d-4cde-9d78-db48da302d65
1999,1999-02-04,The Brides,Bad Attitude,46ccea0c-bdf0-481e-8e01-e9e7f1a7a391
1999,1999,The Briefs,Poor and Weird,3630ab6a-0421-3a14-bc99-5e6efd10f4d2
1999,1999-12-01,the brilliant green,BYE! MY BOY!,85b82901-ba87-3823-88e9-cc21e0c6b06d
1999,1999-09-22,the brilliant green,CALL MY NAME (Japanese version),31574a50-c07a-3b78-945f-f5e5e288b877
1999,1999-01-21,the brilliant green,そのスピードで,3ab8df1e-e1e5-3663-bfc8-46bf476f012b
1999,1999-08-18,the brilliant green,愛の♥愛の星,80867dfd-593e-3eeb-bd0b-c0892a27442b
1999,1999-03-10,the brilliant green,長いため息のように,02ee146a-307e-35b1-b24b-68b05d124f5e
1999,1999,The Brothers Glen,Can't You See,9d21a0b3-f80b-4fb1-8c0b-0e2f8f4c3e7b
1999,1999,The Buffalo Bunch,T.I.T.T.S. / Music Box,887b4adb-3c37-3f0b-82a5-9c28b03a69b7
1999,1999-07,The Bug,Low Rider,eb16c815-49e0-39de-858d-c3f1a420921a
1999,1999-03-08,The B‐52’s,(At the) Love Shack,c780d82f-06b8-47c7-805e-f5eeb04dbcc4
1999,1999-05,The Captain & Karim,Show Them We Can Do This / Let the Groove Moov,ebf32eab-0a36-4a31-a34c-a66c34fdac53
1999,1999-06,The Captain & Mark Todd,Can't Get No Sleep / Lost the Signal,47647c65-dee2-413d-b043-ab2cf9dcd585
1999,1999-03,The Captain & The Alien Thing,Punk 1 / Return of Punk,3c994275-75a7-4e36-bd57-858168d42ca3
1999,1999-07-07,The Cardigans,Hanging Around,c4b07137-2c85-3767-8c81-741726b61132
1999,1999,The Casket Lottery / Reflector,The Casket Lottery / Reflector,63b13cd0-6405-40d1-b677-b8f7dd075934
1999,1999-10-19,The Catheters,Put It Together,24d1ae0d-d421-41ba-9461-a82a9a08eb80
1999,1999,The Catholic Church,The Sad Magician Pt. 1 & 2,7759d17a-4e9e-45cf-b24e-4a600080a294
1999,1999-10-11,The Charlatans,Forever,00ca68b2-e1e3-47cc-8e32-92dddeffee0e
1999,1999-10-04,The Charlatans,Forever,4486f69b-4e87-3da1-bdc2-78d01b69c67c
1999,1999-12-06,The Charlatans,My Beautiful Friend,43070d57-40d8-38ec-b0f3-31383088815c
1999,1999,The Chemical Brothers,Asleep From Day / Music: Response,3688d54f-0da9-471a-81c4-c22de2175be8
1999,1999-05-31,The Chemical Brothers,Hey Boy Hey Girl,3802570c-6a88-4101-815c-9bffcbd000e1
1999,1999-05-31,The Chemical Brothers,Hey Boy Hey Girl,77f1b56b-941a-3f72-b936-58ace3a3c3ad
1999,1999-07,The Chemical Brothers,Let Forever Be,abde0563-f0cc-3afa-bb63-a8e1097ecc6c
1999,1999-10-08,The Chemical Brothers,Out of Control,e29a61de-704a-36dc-87ee-79295743d374
1999,1999,The Chemical Brothers,Terminal Tower,f94a2fc4-0df1-3c0b-89e0-fc467d809eb0
1999,1999-05,The Chieftains featuring The Corrs,I Know My Love,e39195b0-e9dd-491a-84db-e79937dad06d
1999,1999,The Chubbies,Dirty days and dirty nights,1e79964a-6be5-4952-9ea8-1bc3cb157f4d
1999,1999,The Chubbies,When I Was Your Girlfriend,f6086177-f828-45a6-9d85-737342a94d04
1999,1999,The Chunk Brothers,It's Time / Bring on the Mayhem,2245f3d8-cd95-4521-bc3a-56c13151b9f9
1999,1999-09-01,The Cinematic Orchestra,Channel 1 Suite / Ode to the Big Sea,0a5e4ba2-72eb-3852-8337-07299dce536b
1999,1999-11-01,The Circles,Private World,d0e0b75f-6321-30be-8960-d989bc575977
1999,1999,The Clan,Jack is Back,9414cbcf-86bf-4831-89f6-17000f78efd2
1999,1999-03,The Clientele,All the Dust and Glass,33e73a65-6378-424c-ade8-aa0ac13e402b
1999,1999-12,The Clientele,"I Had to Say This / ""Monday's Rain""",2a47e265-d2fa-48ba-a25d-2e927e1ac240
1999,1999-09,The Clientele,Lace Wings,ee3fabb6-6c0c-4cca-b7b9-1c772195d649
1999,1999,The Clint Boon Experience!,Comet Theme No. 1,b2335c10-d55e-39e9-9510-3501f69c9112
1999,1999-08-09,The Clint Boon Experience!,You Can't Keep a Good Man Down,5445345b-518a-3e83-bdd7-88d2c086c1c1
1999,1999,The Clockwork Crew,You Are Invited,223a437a-268a-33c3-b399-6a892322aada
1999,1999,The Coalition,Alien Sanctuary / Vibration,6455d2a7-a05b-4dc7-8826-3dfc7c647bcc
1999,1999,The Coastal Commission,Straight No Chaser / Rhodes Through Space,644f1099-a982-3628-81ef-13e60fcfdc7f
1999,1999-07-02,The Cogs,No Expectations,c7ccef96-6cdb-4957-993d-662f7aa6f107
1999,1999,The Colombian Drum Cartel,We Have the House Surrounded,aa6b90cd-1f35-4517-9b57-7ab06e4c20d1
1999,1999,The Controls,Terrified of Nothing,cbe38a3b-74b7-4260-aca1-0ee46be82fa7
1999,1999,The Cop,Looking 4 U,f1be4aef-fba0-458a-adab-74ca6170ea26
1999,1999,The Corrs,Lifting Me,c9b47b53-6b0d-3f12-898a-a46a6a925921
1999,1999-11-23,The Corrs,Radio,a5a24c84-dcd7-3ae6-bfaf-799b33a9f39f
1999,1999,The Corrs,Rainy Day,8eb0d810-2c10-3e97-b10c-fbee51427db7
1999,1999-06-14,The Cranberries,Animal Instinct,5f3e628b-31d1-3351-878d-fa13799715da
1999,1999,The Cranberries,Just My Imagination,0976daa1-cce7-492f-9378-d273ce6e210a
1999,1999-04-05,The Cranberries,Promises,f483ac5f-6d1f-3a42-9cc5-f74f424b61a8
1999,1999,The Crash,Sugared / Loveless,4390caf6-e042-49a7-8bb9-3d9c70e8be4c
1999,1999-01,The Creatures,Exterminating Angel (4 Obscure Objects of Desire),84580ad6-fe39-4aef-893c-90f0b91e9a03
1999,1999-09,The Creatures,Prettiest Thing,24e74ad9-e791-4164-8ed7-bb14054b7c0e
1999,1999-04,The Creatures,Say,525ac5a9-b621-4e89-b728-2ce114bcd2b9
1999,1999,The Creatures,Something Old Something New Something Borrowed,641196bd-6529-336d-8024-9295e4fd6fbd
1999,1999,The Crocketts,James Dean-Esque,7c1da255-f26d-3d80-8669-03c61ac292d0
1999,1999,The Crooks,You Make Me Feel So Sick,20573eb5-73bd-4d41-89be-e5ba24e64a29
1999,1999,The Crystal Method,Come Together,189341c3-b882-4bed-a2cd-590dce9c8fb3
1999,1999,The Cynic Project,Sidewinder,2809205c-00d2-3943-b40b-c65833319749
1999,1999-07-28,THE DEAD P☆P STARS,JUSTICE / REJECT (Destruction Mix),e9e5cb55-1eff-4113-b817-9b024b53d3ee
1999,1999,The Demonics,Coastline Craze / Hotrod,7e58b2aa-7e1e-4652-b1e4-c56dc6939ae7
1999,1999,The Derelicts,You Can’t Turn Back / If You Go Too Far,1d4e962a-2c56-4864-a42e-39af565d842d
1999,1999,The Dillinger Escape Plan and Drowningman,Jim Fear / My First Restraining Order,eb36e3d9-0cdf-4a9c-8f41-4cbb1725ccae
1999,1999-11-01,The Divine Comedy,Gin Soaked Boy,52412d72-e75c-3668-91d1-fdf2b7c7c01f
1999,1999-01-25,The Divine Comedy,National Express,b0155499-83b8-368e-b863-c1a51bac9103
1999,1999-08-09,The Divine Comedy,The Pop Singer’s Fear of the Pollen Count,a3697d9f-4639-3945-a06f-a9ba6a5cf855
1999,1999,The Donnas / KISS,Strutter / Detroit Rock City,2426dbc4-6646-4b7f-8edb-10c52a0496c5
1999,1999,The Donnas / Toilet Boys,Get You Alone / You Got It,0bcb6939-c0de-470e-98e1-7983a6cbbe31
1999,1999-11-06,The Drags,Bombshelter,db636311-be05-4f40-8a66-c34671d5c312
1999,1999,The Dream Team,Freestyle,c6e19506-19f9-4faa-9b3f-679e21510ad2
1999,1999,The Dream Team,Somebody? / Beat of the Year,8c6d3fa3-643d-42ee-8308-1cf24a26cedc
1999,1999-12-13,The Dream Team,The Party / Baddest DJ,4d0bd722-d765-4fad-a0ac-e4e99b9675e8
1999,1999,The Dream Team / Swoosh & DJ Magic,Public Enemy / Stamina (Remixes),017a64e8-5227-43e2-adbd-241cfc7da5be
1999,1999,The Duplo!,Summer of '99,ca966ac0-2daf-40fa-986e-bb1c1bd99f36
1999,1999,The Dust Brothers,This Is Your Life,3711f769-13b7-301c-a8c8-bdd27131b5d1
1999,1999,The Dutch Boys,Dikke vrouwen hebben zoveel meer / Vandaag vuul ik mij goed,9adc7fac-0546-4425-b2c6-ddab01c1ed4a
1999,1999-08,The Dylan Group,If I Had Been Able...,cd78c8f9-e8b4-37e8-8d85-cbc478a840e5
1999,1999,The Dynamic Duo Vs The Dream Team,High as the Sky / Auto Sequence,beff868a-c7e8-43b9-af15-2843f3c8313f
1999,1999,The Earthbound,The Earthbound,9d43478e-1ba3-3b87-9c2e-c132a1bd00cf
1999,1999-03,The Echoing Green,If I Could…,fd5d4033-18ea-3eb7-93ad-1640d8cc837b
1999,1999,The Electric 10,Minimal Exploitation,0f4dd6a3-f6d2-483f-9b8d-f34668df0305
1999,1999,The Eliminators,Recall / Rechargable,18f7fe60-7471-3bee-88c2-5d32632d1559
1999,1999,The Eliminators,Transylvania / Mutant Jazz,d873e53c-7244-4c33-a9c9-47aae7bd96c1
1999,1999-09-18,The Ernies,NoFX,ac676135-22fd-4691-91f1-f28f24f794e5
1999,1999,The Experimental Pop Band,Punk Rock Classic,4826f5f4-784d-3be4-a0b6-fda5d5bd7f7c
1999,1999-08-16,The Fall,F‐’oldin’ Money,b99635f1-790e-4712-9ed3-6e2588699108
1999,1999-03-22,The Fall,Touch Sensitive,0a105926-760b-3f18-ab43-387411eececb
1999,1999-10,The Fauves,Bigger Than Tina,5ca03f28-4a85-3558-b2c4-af159d9853a5
1999,1999,The Ferryman,Apocalypse,755961bb-0775-4b76-956d-8a3f76388208
1999,1999-08-23,The Fireman,Fluid (Nitin Sawhney remixes),5f87413e-e938-4f67-b669-cf8847820441
1999,1999-06-14,The Flaming Lips,Race for the Prize,69f48d43-7fbe-314c-86f8-90ddfe5a5b11
1999,1999-11-08,The Flaming Lips,Waitin’ for a Superman,ffec2500-f20b-3b6f-a99d-7338c7bb7a78
1999,1999,The Flava Unit,Dream (Dubwise) / Scat,f98d11c6-7b9e-4b13-9209-74eff5107442
1999,1999,The Flying Medallions,Lemon,fa44f131-3c09-4b9b-8712-851a71643a33
1999,1999-02,The Four Storeys,Castaway / Take Another Turn,dc31a527-8490-4108-8caf-e8ea4d03c597
1999,1999,The Four Vandals,The Wrong Side of Town,bf64e767-946a-3f22-a0f4-0dc6bb2b857c
1999,1999,The Frank & Walters,Plenty Times,4d3c64e0-3b8f-4271-a5e4-8699b28d0c81
1999,1999,The Frank & Walters,Something Happened to Me,4db9f70d-91e3-44e7-9b86-c9073571a465
1999,1999,The Freak & Mac Zimms,Spin Me Wild,8dfefaa0-7502-432b-a5b1-3a52fc147ff6
1999,1999,The Freakazoids,Freak and Hustle,442de2e5-aacf-4680-9d6c-082abe2bdb7d
1999,1999,The Freakazoids,Need Another Beat,e83fb476-4cae-4758-8488-d9eee97ed140
1999,1999,The Freakazoids,The Freak,d35c9cc2-e0c5-4e0e-8e47-926f12e952b6
1999,1999,The Full Monty,Montius Maximus,92686c0d-7b0b-3cec-92a4-f06b6a3efea0
1999,1999-10-26,The Funk Parlor,Something for the Dancefloor,684cc3be-25ee-3e88-9091-7d52b5d5c8b0
1999,1999,The Funky Lowlives,Latin Nights,68c2edaf-a665-407e-8715-73d65dd6fc6d
1999,1999,The Gang @ Gabry Ponte,Always on My Mind,9423a0ba-eb5f-4d76-bfd4-0e85c7be8a3e
1999,1999-07-23,THE GARAGE,ガレージ・オープニングソング集,0f7a8e3e-afed-37dd-a12e-08589fc38a63
1999,1999-10-27,THE GARAGE,"ガレージ・オープニングソング集, Volume 2",b96de650-6474-3136-b9e7-5f9268d936e4
1999,1999-02-22,The Geezer,Dusthead 2000 / Tickling the Trout,26a649f5-9891-30c9-86c1-12778a7b610e
1999,1999-10-11,The Generator,Where Are You Now?,1f010c4f-4d79-411a-8315-6e85794207d3
1999,1999-03-22,The Gentle Waves,Evensong / Weathershow,098b35be-d3f6-489e-a5f1-338ee8bd3e51
1999,1999-02-23,The Get Up Kids,10 Minutes / Anne Arbour,49374ebe-d9f8-4c06-9f81-e03940a680b3
1999,1999,The Get Up Kids / The Anniversary,The Get Up Kids / The Anniversary,04acbea5-403e-358e-b6c0-a5794ed6a333
1999,1999,The Gimmicks,Dirty Inside!,0b994484-328c-4679-9d09-dc12956e1c8b
1999,1999,The Glimmerboyz,Soap,e089dcc7-82fb-453f-86fc-1e1c8b26c0e1
1999,1999-09-07,The Goo Goo Dolls,Black Balloon,4c160e02-67f0-3466-bcf6-4741b9d6852f
1999,1999,The Grace Period,Et in Arcadia Ego,2664b48f-35b4-3b92-921b-b3cebfda58a1
1999,1999-11-15,The Great Outdoors,Head in the Clouds,d1aff611-67bf-4ccb-8ca2-45735e7f4f70
1999,1999-07-07,The Great Outdoors,It Looks So Easy,90173893-71f3-4495-be55-2f68d4147748
1999,1999,The Green Martian,Dreams Come True,45f31588-06f6-4e52-b1c7-74ed96f807be
1999,1999,The Groove Cartel,Mountains O’Things / Don’t Dare,608529fb-33b5-46d6-b9c9-d434f1283a35
1999,1999,The Grouch,Simple Man,41730b3e-3696-355e-8178-fa7a22e784d7
1999,1999,The Guacimo Project,The Sniper,7e84df30-6199-45a9-9b0c-44314dd5d181
1999,1999-08,The Handsome Family / Sackville,"My Beautiful Bride / Destroy, Destroy",7357c26e-3e8f-450b-92cd-8c91efb488f5
1999,1999,The Hang Ups,Long Goodbye,dd4c0881-de10-4af7-b3f0-8df0180fe22f
1999,1999-09-23,The Headliners,"Who's My DJ (1, 2, 3)?",d2baad74-e3ac-3ee2-9ae4-bbc16648e07a
1999,1999,The Hellacopters,Dirty Women,29630da6-72d2-4fa2-9661-c66dcbe0a0b0
1999,1999-03-03,The Hellacopters,Doggone Your Bad Luck Soul,5338b24c-704c-4a7f-a400-79984f85afbd
1999,1999-04-06,The Hellacopters,Down Right Blue,2f8da95b-1126-4d3f-8539-418d31489f89
1999,1999,The Hellacopters,Move Right Out of Here,19212499-3a36-3797-a980-f9fef5d1621f
1999,1999-10-04,The Hellacopters,Move Right Outta Here,75e882ec-6dbf-38e3-96ca-ed8e979d2d6a
1999,1999-04-26,The Hellacopters,The Devil Stole the Beat From the Lord,3f9e5884-217f-326a-b8a2-e7a50cc33baa
1999,1999-02,The Hellacopters / New Bomb Turks,Lowered Pentangles (Anything at All) / All the Right Places,7a5dc6a6-634c-43a1-83ad-25bbfb7472c9
1999,1999,The Hentchmen,Come On Santa,e60f6573-d4fa-3a33-b5da-3c156da9cce8
1999,1999-10-01,The Herbaliser,8 Point Agenda / Who’s Really the Realest?,35209aed-f6cd-3723-b0ae-3491ab93338c
1999,1999-02,The Herbaliser,Road of Many Signs,f6d1d295-96aa-38e9-a428-14425579b97c
1999,1999-06-05,The Herbaliser,The Missing Suitcase,9b365a52-7dd0-38a1-8b2a-597e509f6041
1999,1999-10,The Herbaliser feat. Latyrx,8 Point Agenda,6e16ea27-810e-4378-a1fd-df59cf4e461b
1999,1999,The High & Mighty f/ Mos Def & Mad Skillz / Reflection Eternal f/ Bahamadia,B‐Boy Document ’99 / Chaos,8910ac83-6885-4bac-8509-be7a34bdc3f1
1999,1999,The Highlander,Inside a Dream / Dignified,05cfe969-8821-4fd1-8076-19f456bed875
1999,1999,The Highschool Hellcats,You Got (What I Want),23956086-e6a1-4002-9627-94120aa82fa0
1999,1999,The Hitsquad,Voodoo,b4575bff-7c31-4d1e-93d0-d1b9395621e1
1999,1999,The Hobos,She Sounds Like a Little Child,019e1317-8641-3575-9b63-4279db42b26e
1999,1999,The Hypnomen,Sinisteria (Wall of Hate),50ab1676-b129-4945-bb9d-eccd6bab3354
1999,1999-11,The Idjut Boys and Quakerman,Radio Rage,849a4160-132f-4a1c-b0b2-85feeb2dce39
1999,1999,The Imaginary Friend,Leaves,d0074073-c0f9-3365-b500-6758c1fa977d
1999,1999,The Jellys,Lemonade Girl,7e25e998-9603-3198-930f-3cc1b06602db
1999,1999,The Jimmy Castor Bunch,I Got Somethin' for Ya! / You Gotta Be Strong - Today,155ca5f9-95e1-41ae-a175-c6776acbac7d
1999,1999-07,The Jones Machine,You're The One (Part Two) / (I'm The) Disco Dancing,53b4dab0-4edd-4c02-9df6-9dbd6f8f893a
1999,1999,The Jungle Groover Featuring Mr. Z,Tarzan Boy 2000,7a5abf41-c053-436d-b187-899804cb64d9
1999,1999-02-22,The Junket,You're the Same,319c4dfb-056e-418d-a35f-594893293d81
1999,1999,The Kaisers,What You Gonna Say / You Don't Care,c6636bf0-1c5e-4f1a-b089-f11dc3d24a63
1999,1999,The Katies,Noggin' Poundin',2d3b9a63-ea46-3062-8235-2e669521e7bc
1999,1999,The Katinas,Takin' Me Higher,692df738-18f4-4818-a929-f045f65193a4
1999,1999,The Kelly Family,21. August 1999,945a0165-988d-40ba-b1ca-d41cb2509a86
1999,1999-11-05,The Kelly Family,Ein Herz für Kinder,2237d091-6e85-46df-aac4-3287deb2200c
1999,1999-12-25,The Kelly Family,I Really Love You,7cf28910-92cd-4ddf-8f54-afe1b7d66d05
1999,1999-11-08,The Kelly Family,Mama,d64d9456-3c97-3142-8ae0-a889a578b148
1999,1999-02-01,The Kelly Family,"Oh, It Hurts",c2900a75-101e-4e67-bcb7-b94c50dbb3b5
1999,1999,The Kelly Family,Saban's Mystic Knights of Tir Na Nog™,9da40237-e0d7-494e-b556-246883264937
1999,1999-06-07,The Kelly Family,The Children of Kosovo,1664bcc6-dc0b-3c04-83c4-cb87e65b23d0
1999,1999,The Kelly Family,The Little Drummer Boy,ec01e208-0db0-4441-8e15-a9423d9edc90
1999,1999,The Kelly Family,Weihnachten bei den Kellys,938befc8-1f19-4270-8bb5-b9551233543e
1999,1999-11-15,The Kelly Family,What's New 46,2b32ff4b-a84b-461d-8df8-2c7bd5c7cd54
1999,1999-03-23,The Kent 3,The Sleeper,23fd2e44-3585-4be8-9619-54d63cbca226
1999,1999,The Kinky Boyz,The Only Way Is Up,adb3f559-0a1c-3006-9dcf-8c5b2dac7649
1999,1999,The Kinleys,My Heart Is Still Beating,6117d478-dc04-488f-b01f-23e4a787c553
1999,1999,The Kirby Grips,Fireman / Water and the Glass,e809d93c-c040-35d2-8a59-40c10c26c998
1999,1999,The Kooky Scientist,Bottomless,3cbb7ee1-e7a2-4a16-b346-4a1848a538bb
1999,1999,The Kung Fu Monkeys,"Girls, Cars, Sun, Fun, More Hi-Spirited Adventures in Mid-Fi Shag-Haired Bug Music",5d2653df-0be9-40a2-afa9-bfa7c7ba6736
1999,1999,The La Donnas,Pick Up Your Soul,951def25-f4b3-34d8-a090-f42746a4012a
1999,1999-08-02,The Lanterns,It's Not Thursday Every Day,9808226b-12ee-4629-aae5-52fb1752fbeb
1999,1999,The Lanterns,Winter In My Heart,80c90883-eede-4127-8c4f-db9034cc92d1
1999,1999,The Lawyer,I Wanna Mmm…,a6875185-d022-3f3d-b1b9-6740d2717e95
1999,1999,The Lawyer / Apple 9,I Wanna Mmm... / What You Do to Me,65d7d28c-3c3d-4805-88b1-2fe5726f5daf
1999,1999,The Lazy Cowgirls / Dicky B. Hardy,"Not A Goddamn Thing / Guess, Hate, Wrote This",853eb017-6b53-431c-9895-5e1b6fe84f6d
1999,1999-11-15,The Lightning Seeds,Life’s Too Short,8265f78c-fa73-385c-b060-ce776b0d2b1c
1999,1999,The Litter,Action Woman / Somebody Help Me,96c31de4-b828-45fc-87f6-b62bdc5b13c4
1999,1999,The Litter,I'm a Man / Hey Joe,57992ef0-bc95-440f-a9b4-ef1c4e966b11
1999,1999-12-25,The Little Monsters Family,星がきれい,ebbbfdad-1c7e-4739-ad23-39363d482322
1999,1999,The Little Stinkers,I Farted on Santa's Lap (Now Christmas Is Gonna Stink for Me),c94e10af-2700-39ca-a21b-b2960da6a644
1999,1999-07-13,The Living End,Prisoner of Society,50e582d7-cf8d-38aa-ac15-84c9936d75a4
1999,1999,The Living End,Second Solution,16867c77-2fba-4784-b650-b0da5b309a5e
1999,1999-09-14,The Living End,Trapped,a7a17ca9-4e83-3742-b68a-3b2501972069
1999,1999-07,The Living End,West End Riot,59ab3e7e-9508-3eeb-bd2b-dead2d57cc8b
1999,1999-09-09,The LOVE,君と僕,62cf99db-8795-43a2-b14d-5d85b092858f
1999,1999,The Mackenzie feat. Jessy,Emotions,454aad08-8898-4d99-9d27-a39d1ec419c8
1999,1999,The Mackenzie feat. Jessy,Out of Control,59dc337a-6427-48a5-b789-78f1342b83b9
1999,1999,The Mackenzie feat. Jessy,The Rain,d1839c2b-e89b-4d51-bbab-9b6b15ef7c14
1999,1999,THE MAD CAPSULE MARKETS,|￣|_ (PULSE),42123578-4aae-3a44-a3e2-5bec2f16c374
1999,1999,The Make-Up,Born on the Floor,3a0c19f5-4a3e-367a-a928-7de881d03921
1999,1999-01-25,The Mary Janes,Part of Me Now,f5cbc353-7f5b-4248-bb11-a9a8fae97200
1999,1999,The Masochist vs DJ Neophyte,The Tunnel,1abd1b68-be55-4ce7-8014-067bca1f8acb
1999,1999,The Maulies,On Holiday With...,1363808d-af51-3786-8913-8eec054de2ed
1999,1999,The Meat Purveyors,The Madonna Trilogy,8df1d079-85ea-4c7a-8a50-4a522355e733
1999,1999,The Merry Pranksterz,Stoned Longterm / Can You Pass the Test?,94617b19-e848-40c5-89c1-2f1924f29a27
1999,1999-05-25,The Micronauts,The Jag,745e475e-cc7b-35d8-8a96-ee4c2d640208
1999,1999,the Microphones,"Feedback (life, love, loop)",cc3bdb43-9421-4357-ae9f-398624df3d62
1999,1999,the Microphones,Moon Moon,a695c45f-0ae5-42c9-8b0c-aff0f0a208ba
1999,1999-09,The Minders,Right As Rain,383c8da8-8e8f-3ed1-bf19-5d3177e14234
1999,1999,The Mitcheners,Mumblebones,9f45d6a3-4d0d-4451-93a8-e7a8c94e6386
1999,1999-11-03,THE MODS,IL GARAGE,f0314915-0b88-4b8d-a6b5-b1b3f94a88f8
1999,1999-06-19,THE MODS,junk yard 九龍 / that's entertainment,87234c20-1f1b-4c4d-b679-e61b3706d1a7
1999,1999,The Moffatts,Girl of My Dream,bc8be865-d317-462c-8d87-0dd087af588b
1999,1999-06-14,The Moffatts,Until You Loved Me,99dd3fab-e169-30d2-8bba-73050c9dbf25
1999,1999,The Mondo Crescendo,Free,09aa1d8e-73f7-37db-9376-ac001c866abf
1999,1999-03-29,The Monsoon Bassoon,The King of Evil,9c7eeff6-d613-441b-ae03-7338ed58cfda
1999,1999,The Moondog Show,I'll Be Real,93b99198-c2f9-4090-bd9c-cab9e201258e
1999,1999-08-02,The Morrighan,Remember (to the Millennium),6b3cb609-87a9-3bc8-bcbf-681b5ab79797
1999,1999,The Mother Hips,Third Floor Story,eea35052-e499-3556-a3d1-34cc310fce03
1999,1999,The Motorhomes,Into the Night,ab70f51f-e348-4a9e-925c-a84b6acfb9c0
1999,1999,The Murder City Devils / Gluecifer,The Murder City Devils / Gluecifer,b22457c5-2e06-4096-b0dd-1062dcdcf928
1999,1999,The Mutton Birds,Pulled Along by Love,02b1aafa-a98e-3033-965d-ff2624fc3d5b
1999,1999,The National Prayer Breakfast,Popsong,a2cead55-53b3-4419-96c8-626500e7063c
1999,1999-06-07,The New Fun Factory,Sha-La-La-La-La,65ae1b41-59c0-4829-b5d4-64a9a2e48af9
1999,1999-05-28,The Night,Energy / Disco Magic,34994e3a-d04a-404d-9ad2-c17568a25d70
1999,1999-12-05,the Night Breeze Zinnia,Night Breeze,f8f4a1c0-763d-4ebe-9780-bdeeba265360
1999,1999,The Nobodies,It’s Hip Hop! / What You Hear,8c706205-bf27-49a1-a298-1b27e0b44631
1999,1999,The Nomads,I’m Gone / Ain’t Dead Yet,b0a94ccb-3226-3ad7-8ce7-e2252e23fdc3
1999,1999,The Nomads / Robert Johnson and Punchdrunks,The Nomads / Robert Johnson and Punchdrunks,39c58a06-2bc4-40e1-a832-fc7f662a732f
1999,1999,The Notorious B.I.G.,Dead Wrong,7e246eba-8537-4590-af8f-1571bd1ea299
1999,1999,The Notorious B.I.G.,Warning,7e89495f-8fa7-4567-90c0-712fd00f81a3
1999,1999,The Notorious B.I.G.,Who Shot Ya / 10 Crack Commandments,2ef88b8e-6eb4-4276-b3b1-a9699fec1b8d
1999,1999,The Notorious B.I.G. feat. Puff Daddy & Lil’ Kim,Notorious B.I.G.,2c9b31d8-74e6-309b-a36a-6a7adf5d2953
1999,1999,The Now,Searching for Love,abd18bfa-efb3-43b5-aac9-e9c76baf60a9
1999,1999,The Obscure,Pretty Fly (For a White Guy),6b490f01-a638-4cf5-9b13-075b145ee612
1999,1999-11-15,The Offspring,She’s Got Issues,1c78600d-1912-3fa0-93f4-05084bc456bb
1999,1999-03-12,The Offspring,Why Don’t You Get a Job?,81383ca0-6224-332e-b0a7-a9f1440bd926
1999,1999,The Oh!,Got to Be Free,14616fc0-991d-3dbf-93e4-693238de9f74
1999,1999,The Oldschool Nation,Good Old Days,833ed677-e106-45c6-8d31-52ba21426246
1999,1999-05-29,The Olmec Heads,Spiritualised,1202770c-5b3b-3fbb-af87-727563f2a99e
1999,1999,The Omega Men vs. Miguel Ayala,Cipher Vol. 2,0c6b2d1f-f156-4230-ba44-e75d8d7456f2
1999,1999-01,The Ones,Flawless,b9ef2f6a-059e-39b3-b57c-08ec0d9897fd
1999,1999,The Orange Humble Band,Down In Your Dreams,7bbe4fa2-57db-36ef-bbf7-120346601280
1999,1999-01,The Originator,Give It All You’ve Got,0ab7906c-5bb8-4ecb-8175-4b1b5127dd56
1999,1999-06-27,The Panacea,"Machine Master, Part 1",88049d89-2745-412c-99d0-dff7624f9bba
1999,1999,The Paper Chase,And the Machines Are Winning,f4c46d91-ae00-38ce-97ca-002bf5d9f9da
1999,1999-03-01,The Paradise Motel,Drive,ae2c590a-b3bb-32f7-8fb7-5f6e5b8844f7
1999,1999,The Paradroids,The Sound,b3c24915-a7e4-3e6e-9e58-c5e8c1c41567
1999,1999-07-28,the pillows,CARNIVAL,d0f2b6f9-2027-34e4-bef8-a8a6eede2934
1999,1999-10-27,the pillows,RUSH,dddddbf4-0eb9-3359-84f4-709603a8e4e2
1999,1999,The Piranhas,Garbage Can,8f8d3bde-8d09-4b7f-ace9-9fec635e5e3e
1999,1999-01-16,The Pissed Ups,Nevermind the Tekno Here's the Pissed Ups,a42ef2d1-76c0-4c1b-9ea8-b32fa804cd59
1999,1999,The Plastic Avengers,Moondrops / The Strutt,6dff81b7-53c3-34c6-a16b-cd27f29e6630
1999,1999,The Players,Love & Happiness,86d8914a-ca8f-3a19-838a-3ea86e2b62b7
1999,1999,The Poison Club Trax #One,Slammin' & Jammin',0a60073d-8044-4a2b-86c7-e784ccd2afa0
1999,1999,The Prayer,Judgement Day,e4b4d528-18bd-474a-8e48-3913d0770b6c
1999,1999,The Pretty Things,All Light Up,1428eb67-62f1-4219-b3cd-3a9c81618aa8
1999,1999,The Princeton Reverbs Colonial,Singles Club Single #6,125c6332-ea96-3311-aba8-2417b0e46c66
1999,1999-03-12,The Prodigy,Mindfields,efb8428b-1293-4eab-b9c8-c146b9175429
1999,1999-06,The Pump Panel,Tunnel Vision,25a71278-4dbf-349a-b70a-d835341d5b77
1999,1999,The Quest,C Sharp,aa0b6f1f-afb7-4518-8701-9dfa0bdcdace
1999,1999-11-01,The Rainmakers,unworthy,d6d0a8f7-58b8-4494-94b3-079e2aa2fcae
1999,1999,The Rankin Family,Maybe You're Right,088da088-2866-42b6-82ff-990198acb7e1
1999,1999,The Rapsody feat. Angélique Kidjo & Scorpio,A Child Is Born,03cf9ac7-f9b5-400c-9896-7c828b7746ee
1999,1999-01-03,The Rattles,One By One,6fcc85f2-0c40-4020-bc1d-55cfd1612859
1999,1999,The Rebel Force,Star Wars Medley Interplanetary,5a84be4b-4bc4-4129-ad70-aa1edf2ccd76
1999,1999,The Red Scare,Jet Set / Epiphany #2,aab4abf6-34c5-4229-95a0-3228adfac539
1999,1999,The Red Scare / Hail Mary,Hail Mary / The Red Scare,030d330a-f524-4b1d-9a76-22714d7ec934
1999,1999-10-16,The Redeemer,Direct Impact / Mindcontrol,f6d123d5-7e9a-4810-ae40-e9bf100332a8
1999,1999-05-25,The Remo Four,In the First Place,896d6f97-1458-4fa5-848c-6f2e2e37478c
1999,1999-03-24,The Rhythm Parteez feat. Sharon Williams,Life Is So Strong,cc4ebc40-a552-447d-8bd2-556ef934dcee
1999,1999,The Riffs,A Million Scars,0fd72feb-bf57-3473-9d18-1479dd83ea6e
1999,1999,The Riffs,The Lucky Ones Are Dead,2f84c34b-f80d-3ee7-b4fe-8fb822927a04
1999,1999-04-26,The Rocking Horses,Big Pancakes Are in Control,e9a412a3-4240-4453-9843-3f5e7cb7819a
1999,1999-06-14,The Rocking Horses,He's Got the Best TV,8e134cb3-c72a-3c31-a3b4-7e0971259393
1999,1999,The Roots,The Next Movement,d950915e-4ed7-3bde-bbb7-623db22dab52
1999,1999,The Roots feat. Erykah Badu,You Got Me,3308ee1e-a432-3bb8-8129-0b4519f97090
1999,1999,The Sandpipers,Mighty Mouse,70fb45a7-d7cc-4ecf-9660-3f0725fa582e
1999,1999-04-19,The Secret,Hold Me!!!/ Do No Wrong!!!,9480946d-bf7c-3268-b0ce-ba6d6209b305
1999,1999,The Secret Goldfish,Somewhere in the World EP,297cef9a-76ff-37a0-835e-32b641181e68
1999,1999,The Shavers,Hollands lied / Op de hoek,3c190e4a-3f86-47eb-833c-db781aa77813
1999,1999,The Sheila Divine,Hum,3a573d43-2c0a-37ed-8bc9-dc747fb6e0a5
1999,1999,The Sheila Divine,Hum,9bd4a3dc-6106-3caf-9b47-1c0fb5aaed19
1999,1999,The Shrink,Wicked,8fb327dc-db7b-4fbd-b248-b1838b20b42e
1999,1999,The Sires,It Ain't Happening Anymore,136bc72c-46c8-4461-b4d5-a97e638b3751
1999,1999,The Sixty-Five Film Show,The Sixty-Five Film Show,cc0e577e-9033-4196-82cc-e30f51115509
1999,1999,The Sixty-Five Film Show,The Sixty-Five Film Show,db4366a0-83bd-4340-af1f-ea948a2f8c6b
1999,1999-03-20,THE SLUT BANKS,TOY,42a59b32-0d1f-307d-8e4d-088c2aabd53a
1999,1999-12-09,The Smashing Pumpkins,The Everlasting Gaze,00599c6f-a4db-410d-97d4-cd55035490fd
1999,1999-01,The Smashing Pumpkins,To Sheila,ddd898b0-15e4-4660-8c70-e4b8f0bd8ff5
1999,1999,The Snapper,Pulsar,f4fdaefd-5094-49f8-9a0f-10983759e8b5
1999,1999,The Soca Boys,Bumpin’ Keep On Bumpin’,2fe812af-ba2b-4bdd-ae4e-c160a282d53b
1999,1999,The Sound System,Colossus,768ba7a3-fcd3-4f1c-bbfc-c5a6571720cf
1999,1999-01-08,The Soundlovers,Mirando el mar,f44378f9-98a7-412a-8ea6-8fe631c14d57
1999,1999-01-08,The Soundlovers,Walking,0355c7dd-e405-4509-aa6d-559186405cac
1999,1999-09-20,The Space Brothers,Heaven Will Come,3a537ee0-8c55-3468-817f-05030262a092
1999,1999-06-28,The Space Brothers,Legacy (Show Me Love),2b41c713-a39c-347e-884b-45603170ce56
1999,1999,The Special Goodness,I'm With You Sister,b11d65e1-9d1a-4e64-a2c4-8b8faf68fc39
1999,1999,The Spinanes,All Sold Out,e18390ce-4bd8-4c39-a24b-2642dcdc2453
1999,1999,The Spirit / Total Science,Inneractive / Espionage (Spirit remix) / Break #5,1ae140a1-881c-4114-a5a8-b1c2dfae4f74
1999,1999-11-01,The Spitfires,Cut Me Some Slack,e52305b6-38b7-4e1d-aa49-07a08c21de5a
1999,1999,The Starlite Desperation,Hot for Preacher,18c95f91-dc54-3e28-8de5-2ed39e1ea429
1999,1999,The Starliters,Feelin' Like a Star,6d066971-9ee5-476e-8f61-c9af8aa16376
1999,1999,The Stingrays,El Nino / Space Patrol,7d432ec1-42c6-491c-8820-d27d66831fee
1999,1999-03-25,THE STUDENT'S,Freedom,962bd18b-e0b3-4379-89c4-1b1911f92495
1999,1999,The Sugarman 3,Cherry Pickin' / Turtle Walk,cb4612a7-ba38-4c78-98a4-32be7dc8bda3
1999,1999,The Suicide Machines,Sometimes I Don't Mind,4a316458-ca5a-4572-9740-77feeb2fe54e
1999,1999,The Sunclub,Splash,1ee5ebef-9ada-4c16-bfef-6c0fdc7ff257
1999,1999-10,The Sunshine Fix,A Sunshine Fix,cf06c206-a322-3512-8ebb-77deb1a1e300
1999,1999,The Superbs,Seven,5fff1405-3d41-4f0b-be4e-cc9b4810fcdf
1999,1999-03-01,The Supernaturals,Everest,d7a3e3d7-9d5d-3f8c-9f0c-23a6702c7b8d
1999,1999,The Swans,Real True Life Story,77a105a8-c062-47db-9eb6-b8cc98691c20
1999,1999,The Swingin' Neckbreakers,Santa Claus Ain't Coming This Year,52294035-75d0-4fbf-95db-1831aeae6acc
1999,1999,The Tamperer featuring Maya,Hammer to the Heart,30ddeac3-3c74-4afd-93ee-fa1f346c5d0b
1999,1999,The Tea Party,Heaven Coming Down,25e71381-8a29-4274-a976-65e7a2e554ae
1999,1999,The Tenants,You Shit Me to Tears,e846dcf5-c143-3ae2-ad1b-7afa55004fc2
1999,1999,The Tennessee Hustlers,Power of Love,6b7ba78b-caef-3356-84e8-171e9d90dda9
1999,1999-05-31,The Third Eye Foundation,In Bristol With a Pistol,b174b0e1-360a-37da-aea1-a4a7da32bd1e
1999,1999-06-21,The Three Amigos,Louie Louie,e058896b-8bd2-37fa-aa99-2d8ad630fd04
1999,1999-08-01,The Thrillseekers,Synaesthesia,3359caf7-89f8-4fd4-ba2d-647826db66ef
1999,1999-09,The Thundergods,Awesome Power,32a68b01-6329-4bdd-8f3f-c96fc44396c8
1999,1999,The Tragically Hip,Bobcaygeon,67cf2573-65e9-41e4-a620-cf368587f011
1999,1999,The Trampolines,If You Stay Down,d64333d4-235e-4280-9f4a-2042caffc85e
1999,1999-07-23,The Transformer,錆びた雨,424eb478-bfe8-4f2f-b180-83e27329b030
1999,1999-12,The Trash Can Sinatras,Snow,f6f0981e-19bb-478b-8c2e-bde2748134e2
1999,1999,The Traveller & In Motion,Believe,f6ac4a15-f788-42c5-9880-36fadff9acec
1999,1999,The Tremolo Beer Gut,While Squaresville Is Watching From Afar...,1b841966-a4f1-366c-aab8-f19f13722e4f
1999,1999,The Underworld Connection,Waterloo / Kings Cross,fb632b86-f357-44bd-8394-ab5f5b8fd075
1999,1999,The Urchin / The 'Tone,The Urchin / The 'Tone,fff2e36f-1fd1-4fa7-b23d-0cec54a6d5a0
1999,1999-12-12,The Vagrant,Dark Harmonix / Manta Ray,99e1b3ad-fc56-3c0d-a09d-ad9227aa3c65
1999,1999-05-10,The Vagrant,Stealth 2 / Twister,2a47f4bf-13b7-37a8-9aa1-45c48bafb3eb
1999,1999,The Velveteens / Ice Cream Phoenix,The Velveteens / Ice Cream Phoenix,8f1c07a6-a2dc-4c7c-b7dd-b812e55dae43
1999,1999,The Verve Pipe,Hero,c0dc6438-ef63-47c3-9c99-af8dabaab330
1999,1999,The Vidablue / Quatro,Split 7″,e79ffdf1-de94-47af-8c25-c4b47477fc00
1999,1999,The Wailers,Livewire,e21988c7-933d-43e1-8574-a1f972a5aef6
1999,1999,The Wannadies,Yeah,8a481ec8-b984-3dfc-92b4-2e05e4af4266
1999,1999,The Warratahs,One Of Two Things,5893ae0f-a0f0-4634-adac-7eb1665b7197
1999,1999,The Warriors,Made In England,101b0076-dab5-4962-ac35-9323bb9cbb83
1999,1999,The Warriors,The Last Resort,7f9ce71c-c4fd-4534-b422-111b2eaaa1c5
1999,1999,The Wasabees,Duel Of The Fates (The Dance Remixes),e5488c1f-61f1-4945-93d7-efdacb9ad350
1999,1999,The Weather Girls,Big Brown Girl,c5b4c855-5e16-46f3-9414-5cb84f111863
1999,1999-03,The White Stripes,The Big Three Killed My Baby,116c22be-c9cc-3ba3-9893-d5f24b039fd1
1999,1999,The White Stripes / The Dirtbombs,Cedar Point ’76 / Hand Springs,b10bb35b-f0bc-3479-b090-ac9defe002bd
1999,1999-03-02,The Whitlams,Women in Uniform,1ac70113-d2e2-3681-b4f8-56fd4c1e430c
1999,1999,The Wicked Farleys / The Vehicle Birth,The Wicked Farleys / The Vehicle Birth,647faada-71f4-49c7-8fc0-58abc5c9eef9
1999,1999,The Wideboys,Stand and Deliver,9e6990bd-66c5-37cb-92a7-30133cc42a1c
1999,1999-05-17,The Wideboys,Whats on Your Mind,e0b16ad0-b803-4e7c-a448-b5861162d943
1999,1999-05,The Windmills,Three Sixty Degress,c6455a2a-45f3-3505-b46f-f03c83945d07
1999,1999-09-20,The Workhouse,Fred / Mr Sheen,4fa1e7a2-0ab8-3ca9-9fa7-b9fa3eb6467c
1999,1999,The World/Inferno Friendship Society,It's Pumpkin Time,a7d75b6e-35a4-4ac1-8acd-a79b0e5a02ad
1999,1999-07-11,The World/Inferno Friendship Society,Sear Sound Session Demos,f9cf6f2a-9b38-47d6-9f27-1776c8743114
1999,1999-03-03,THE YELLOW MONKEY,So Young,86261871-dff1-374e-bf02-c2ec6587b518
1999,1999-12-08,THE YELLOW MONKEY,バラ色の日々,d69224be-506b-37ec-a372-4812af10e0cf
1999,1999,The Yes-Men,Fratricide B/W Swept Back,87c5dac5-d823-42cd-b876-7294af7dfa37
1999,1999,The Zipps,Mad Man's Diary / Marie-Juana,b636e160-3303-4747-ac4c-57bb51b1ba27
1999,1999-01-21,THEATRE BROOK,ノックし続ける男,daab1afb-0bbc-46f4-b88b-f044f7b4a7c4
1999,1999-05-21,THEATRE BROOK,涙の海,b124c512-2e6b-40d4-85de-0b8df346901e
1999,1999,Thee Maddkatt Courtship,My Life Muzik,431a9bf9-e911-3a70-bfbe-ee4eaf78cf53
1999,1999,Thee Ultra Bimboos,Antonio,710c64f4-b986-4ea5-94ba-53536d3afef9
1999,1999-03,Theo Parrish,Overyohead / Dance of the Drunken Drums,32cac2ff-0bc1-347e-aac8-21fcfd17c9d7
1999,1999-07,Theo Parrish,Summertime Is Here,41be7e88-3c57-33cf-a516-2c15df6ba9d0
1999,1999,Think About Mutation,Two Tribes,626f052b-050b-4e21-8e3b-4dd7aad59ef4
1999,1999,Third Bass,At Midnight,01ad5695-816a-4ca3-9414-adf58694abd1
1999,1999-06,Third Bass,Disco Inferno,90c428f9-3650-491f-b6d6-8b15e393b2af
1999,1999,Third Bass,Friend’s Party / System,928e2d86-85be-4e07-82ac-1aa6b567686e
1999,1999,Third Day,I've Always Loved You / Took My Place,a8764ad6-8034-4767-b5dc-2d97ebcf0158
1999,1999,Third Eye Blind,Anything,feab57d7-73c4-3b49-9320-90486d2e3b60
1999,1999,Thomas Fersen,Elizabeth,374bfb22-9fc8-45bd-abe7-c7205a57c52c
1999,1999,Thomas Leon,Ganz in weiß,1fe8a405-b3ea-4cd0-985b-dd8fc37c6a6c
1999,1999-04-12,Thomas P. Heckmann,Rache Ist Süß,57bfe64e-2c27-3c1e-91ba-78bb89f29311
1999,1999-11-15,Thomas P. Heckmann,Satan & Deibel / Dunkel,80e6ebf5-0099-3bb6-bfbd-1881369009b4
1999,1999,Thomas Rusiak,Breakout,c2b162a5-583b-43c6-acdd-467d27774539
1999,1999,Thomas Rusiak,Concrete Luxury,afb85997-9a9c-4eec-a49e-11cf1f0894a7
1999,1999,Thomas Schumacher,Bassliner,a36687bc-e7fb-3702-8661-e313888c1aec
1999,1999-10-04,Thomas Schumacher,Supreme Funk / Trace It Back,32503e7e-7a89-356d-92f0-c54a625960ac
1999,1999-03,Thor,Aliens Don't Boogie,ebfd886a-c69b-4e63-a516-075f7afc1136
1999,1999,Thorleifs,Alle smukke glade dage,49487b5a-a1b8-49a2-ad26-d73196a90f99
1999,1999,Thorleifs,Det halve af mit hjerte,6eb8a188-b3eb-48ca-a2c9-5b8431a3ec69
1999,1999,Thrash Pilot,Roach (Proteus mix) / Ground Zero,f36cce7c-c4fb-4828-94ec-4a6c549f6d3c
1999,1999-03-01,Thread,Obsidian Monarch,677868a3-a68f-3ea0-8d84-2b9c6827fce4
1999,1999,Thrones,Algol / Reddleman,b607d9d4-7815-4087-b218-5bba617bf006
1999,1999,Throw Rag,Chief Stinking Sour Blanket,a14f01a7-16ad-44c5-a54c-05874c9b3f37
1999,1999-09-29,Thug,Obatem by Night,0523b361-27e3-3613-ae74-1620ceee255b
1999,1999-02-10,Thunder,Just Another Suicide,df242ffb-2583-4e28-b133-8e9b5524a46c
1999,1999,Thunder,You Wanna Know,90b68bb1-9d91-4d01-8587-55a61cea2960
1999,1999-09-06,Thunderbugs,Friends Forever,3ad5aa62-6eca-3a5d-be00-d3502960f8c4
1999,1999-12-06,Thunderbugs,It’s About Time You Were Mine,785fd0a8-18ca-4e01-b136-26a248bcdfd7
1999,1999,Thurnemans,Wilhelm,2eb2b4ad-748a-4f6a-9aae-daf706955509
1999,1999,Thursday Club,Soundbwoy Kingpin,5113263a-9dca-4686-970f-5ccdc76950fd
1999,1999,Thåström,Två + två,630a091f-20b0-308e-a44b-9eea1081748b
1999,1999,Ti.Pi.Cal. feat. Kimara,Music Is My Life,0c3dfa03-d5e4-3d08-aea6-1f1996cd639f
1999,1999-06-30,Tiamat,Brighter Than the Sun,d0fab4d6-8360-39b9-8aba-1e0df74bf59e
1999,1999,TIARA,TIARA,1fffd220-c55f-4361-b92f-d7a11909175d
1999,1999,Tiggy,Abracadabra,e367157f-b99a-474f-a85e-febd1c8f8333
1999,1999,Tiina Räsänen,Taikanainen,a91924ae-558f-4fd1-858e-061b8064c967
1999,1999,Tiki Jones,Ain't Got Time,63fcc455-44ec-38c8-a931-e6d3762b16d9
1999,1999,Tiki Jones,Ain't Got Time: Remixes,141ed4f4-8d11-3a7c-8b34-d78c2717b0f7
1999,1999-10-20,Tiktak,Lopeta,dbcc9ab0-36cc-37aa-a26d-f0667d48579f
1999,1999-08-23,Tiktak,Sekoitat mun maailman,a9d81f87-9384-37a3-8129-7f1fe2e0ce06
1999,1999-06-28,Tillmann Uhrmacher Feat. Peter Ries,Bassfly,6b85f0bd-5dad-487c-86bd-b71945e1d459
1999,1999-03-15,Tilt,Children,af31c76c-bd1d-3b00-803d-1c28d387eb67
1999,1999-04-26,Tilt,Invisible,4202960e-0ab5-3651-9e0b-30171c8896f5
1999,1999-04-05,Tim 'Love' Lee,Super Rappin' No. 5 / Nu Folk Sound (Nail's remix),22814904-55b5-3c91-949d-93b420516c72
1999,1999,Tim Deluxe,I Know: Remixes,bb7532ad-8ea1-37b4-9bd0-2b9f097ba734
1999,1999,Tim Edey,A Suite for Celts in Kent,749ba50c-1a86-47f2-a77a-df94660e746f
1999,1999,Tim Keegan & The Homer Lounge,Save Me From Happiness,ce235916-ec81-4416-b190-f8643b6546f0
1999,1999-03-23,Tim McGraw,Please Remember Me,142c90d7-e1f1-30d9-8fc2-2127d3cc37d5
1999,1999,Timbaland & Magoo featuring DeVante Swing,Can U Get Wit It (Remix),878e5c0c-85c9-4bde-b219-f9853082138f
1999,1999,Timeless Feat. Daniela,Sun Burst,1b486e93-c1be-4915-b347-d024553ae442
1999,1999,Timeless Feat. Daniela,Turn Back The Time,b877db28-6913-4b36-b458-a97f276e7e0a
1999,1999,Timeline,Clockwork Orange / Perpetual,9713b384-47bb-42e9-a93a-26b3c4575d82
1999,1999,Timo Kiiskinen,Laulumorsian,9f0d616e-c389-34d7-a6b3-8c063d01d5d5
1999,1999,Timo Maas,Der Schieber,08f87084-34df-3c0b-8a10-b822d369b6d0
1999,1999-08-02,Timo Maas,Eclipse,cf5fbe61-0415-32a2-88f1-aff762a08c59
1999,1999-08-16,Timo Maas,Riding on a Storm / Trichter Musik,0c2c9260-0c2d-3ddc-a5ad-b819d3b6a84e
1999,1999-03-05,Timo Maas vs. Ian Wilkie,Twin Town,ea12f9e4-b5d1-469a-a381-27f357417439
1999,1999,Tin Foil Star,A Different Face,c80f32ea-8a2d-4a70-85a6-89e5cfaeb9d8
1999,1999,Tin Tin Out,What I Am (Remixes),a0670b89-946e-46d0-9d90-41a068c09550
1999,1999-09-27,Tin Tin Out feat. Emma Bunton,What I Am,70691c74-723b-39fc-a691-a9faa92a812d
1999,1999-08-30,Tin Tin Out feat. Wendy Page,Eleven to Fly,83955ed5-b5e4-3b9b-9205-5c0b1562768f
1999,1999-08-30,Tin Tin Out feat. Wendy Page,Eleven To Fly / Strings For Yasmin / Here's Where The Story Ends,c4c78b5e-510b-46ab-8615-552b85267f43
1999,1999-04-07,Tina,I'll Be There,9bb8f208-a408-4d06-a99e-52c8fccbccca
1999,1999-07-22,Tina,Magic,e6256019-2381-44a5-80a4-9a782e824029
1999,1999,Tina Arena,Aller plus haut,6d325711-b596-3c79-be1a-aca0e39a1b68
1999,1999-09,Tina Arena,Les 3 Cloches,70b8dd1d-cbb5-36e6-9f70-fc1b4bee8725
1999,1999,Tina Turner,Whatever You Need,973542b8-debc-335a-894f-33fb8866712a
1999,1999-10-18,Tina Turner,When the Heartache Is Over,d67c9f0b-5e1e-33f9-83b0-9cf3244155ec
1999,1999-08-16,Tindersticks,Can We Start Again?,9c4d5efb-6028-34ba-b166-97e7c0e7fe57
1999,1999-10-16,Tino,Virus,030402bd-f802-414c-a595-7232b09223d7
1999,1999,Tino Eisbrenner,Sha La La,879f294d-3bf1-4c94-a425-a5e6d4b170c0
1999,1999,Tino Eisbrenner,Wir folgen dem Wind,5bb01211-2f43-42d9-b3f5-37db677aeba7
1999,1999,Tiny Elvis,Desire,e46a99a0-288d-49a2-9b3b-89edc42dcbf2
1999,1999-02-15,Tiny Too,World Between Us,9c198782-19e1-388a-8d52-9c91ed8b8b2d
1999,1999-12-06,Tiny Trendies,The Sky Is Not Crying (Remixes),9f77c3c6-ec29-33c3-8d67-e95e30ee39a1
1999,1999-10-25,Tipper,L.E.D. Down,d59e4e76-1bdf-3d7c-92f3-f4ef3eb1adb4
1999,1999-01-01,Titán,Corazón,1adaad4b-02c2-43ca-b641-4ae65f404738
1999,1999,Tivoli,Vill Vara Med Dig,d3422d91-6819-41f8-85d9-1b1d3ace0407
1999,1999,TJ Cases,Do It Again,7038cbe8-a389-40eb-91fe-07443185f75b
1999,1999-12-06,TLC,Dear Lie,88e79b40-c5d0-37cf-974f-0a0b722ec03a
1999,1999,TLC,Dear Lie,9f73531e-8ec8-45f3-a281-9d626756c630
1999,1999-01,TLC,I’m Good at Being Bad,1c6d12ca-184c-4596-8278-64d285c8df34
1999,1999-01-23,TLC,No Scrubs,9f8bb4f1-256b-4aff-ab50-34abbca09d56
1999,1999-08-16,TLC,Unpretty,0d924475-fbca-442b-bd2b-64a5d1391def
1999,1999-07-28,TM NETWORK,10 YEARS AFTER,778f9b6a-d698-340d-b171-4c3f5b8754b5
1999,1999-08-21,TM NETWORK,Get Wild,586c4f03-d6f3-4408-9bbb-54d49509f28f
1999,1999-07-22,TM NETWORK,GET WILD DECADE RUN,0782f908-5187-45c8-86ab-d10061f8af80
1999,1999-12-12,TM NETWORK,Happiness×3 Loneliness×3 / 80’s,7cfb2a8c-75f6-3eef-bccb-6e2061a5026e
1999,1999,To Rococo Rot,Cars,b0130578-c74a-328b-b71c-f57a4c0f95df
1999,1999,Toad the Wet Sprocket,P.S.,9eb9b5fd-303d-4103-b165-f00cdb1c6824
1999,1999,Toby Keith,How Do You Like Me Now?!,6c36a9b0-8290-47f8-8cec-994a4de2c49a
1999,1999-10-25,Tocotronic,Jackpot,6aaa6db4-c4e6-3b96-bc52-8efa5c2a9e15
1999,1999-06,Tocotronic,Let There Be Rock,a1bddae9-3be5-4ae0-9e7e-714acc91f88d
1999,1999-12-13,Todd Edwards,Look Out,de1e480c-3268-48e4-ba14-1c791736f27b
1999,1999-05-18,Todd Terry,Let It Ride,86e54bc0-3799-4bb2-8ec7-ae14b38576de
1999,1999,Todd Thibaud,Back Home in Omaha,131e694f-5278-31fc-ad9c-6fd6f95926be
1999,1999,Todd Thibaud,Little Mystery,a32f2280-46ba-3895-b996-47fcb2c1d80d
1999,1999-05-12,tohko,HEARTS,c66232e9-3367-4f99-9e6d-f42fdd3b2e1d
1999,1999,Toka Project,Time Is Up,7d5a11e0-99bc-39d3-9c00-947395554cfc
1999,1999-08-17,Toka Project,Turn On Tune In…,2265212e-cc5d-3c82-b30f-5e693317ead7
1999,1999-06-30,TOKIO,何度も夢の中でくり返すラブ・ソング／溢れる想い,aab3d70a-07f4-4979-a4c0-b62d5598795c
1999,1999-02-17,TOKIO,君を想うとき／Oh! Heaven,7b7180e1-d6a5-468f-a53f-33cb71d0d255
1999,1999-08-25,TOKIO,忘れえぬ君へ…,ce89c72f-450a-4017-83bf-2d09441e3499
1999,1999-11-10,TOKIO,愛の嵐,2b35656d-cbd5-4c32-a78d-fb1877148dd3
1999,1999-04-21,TOKYO No.1 SOUL SET,BOW&ARROW〜あきれるほどの行方,5813dd46-d644-4632-892c-cddef7b5d6f2
1999,1999-11-03,TOKYO No.1 SOUL SET,隠せない明日を連れて,ac098312-e086-406d-b149-09f375d84265
1999,1999-06-14,Tom & Lerby,Dancemachine / Wrong Is Right,b71461e7-907d-445d-8db3-5488b4530e75
1999,1999,Tom Browne feat. Stephanie McKay,Joy and Pain,56177355-7ee0-4ca3-86a3-60b442011b5d
1999,1999,Tom Churchill,Your Move / Check Mate,4be7523d-4cf1-3b07-960f-3da3ad1f7bb8
1999,1999-12-06,Tom Jones & Cerys Matthews,"Baby, It’s Cold Outside",669b8a78-b685-382a-8567-9ac71d34ff8a
1999,1999,Tom Jones & Mousse T.,Sex Bomb,cb6cdad4-a437-35f4-95cf-132386a1d654
1999,1999-09-13,Tom Jones & The Cardigans,Burning Down the House,afc498dc-2f36-38b0-b225-f4955e2918b8
1999,1999,Tom Novy feat. Lima,Now or Never,4c255e0b-d849-340d-9f4c-362f1df681ce
1999,1999-09-06,Tom Novy feat. Virginia,I Rock,5c695f13-21c2-4b85-a99d-197d437c15ee
1999,1999,Tom Petty and the Heartbreakers,Accused of Love,d0503572-ed25-412d-84c4-200bc4ad86c7
1999,1999,Tom Petty and the Heartbreakers,Free Girl Now,3b2ca21a-ae96-4457-b9b4-a8ec05b6c679
1999,1999,Tom Petty and the Heartbreakers,Room at the Top,f243fdff-0ec1-3b4f-936e-ed3b894fca6e
1999,1999,Tom Petty and the Heartbreakers,Swingin’,cfe51166-1008-4c6c-b10d-69a01cd6edc9
1999,1999,Tom Petty and the Heartbreakers,This One’s for Me,84462e95-3e25-4bfa-97e7-ed89084df44f
1999,1999,Tom Waits,Hold On,df32e857-348b-32bf-849f-1938c652a6f4
1999,1999,Tom Wax & Jan Jacarta,Wormhole '99 / Get Back in da Groove,f042a103-924c-495d-b7b9-5a154c8acf5d
1999,1999-07-05,Tom Wax & Jan Jacarta Present No Ufos,The Weekend of Love,d0b07884-bb3b-4976-a2f3-e7a45106c2dd
1999,1999,Tomcraft,25.17,88fc3701-0834-3561-969e-8a8f3f840a9d
1999,1999-04-06,Tomcraft vs Housepunk,Punk da Funk,ca7c9752-c989-4875-aeed-a46470d72bbf
1999,1999,Tommy Knocker,Smokes / Speedbird,3a42878d-c159-4bf8-b391-4f47981b0cbb
1999,1999,Tommy Steiner,Ich bin da,46a9c93b-5271-474f-be74-04729f932c12
1999,1999,Tommy Steiner,Tanz' noch einmal mit mir,8d51b410-b658-4185-b5aa-ef38da0b49a8
1999,1999,Tomy or Zox,My Desire,03ad57f7-bac7-47a2-bce1-0aa30ae02c26
1999,1999,Tone‐Lōc meets ZZ-Bros.,Funky Cold Medina 'Y2K,2acf206f-1c76-3c01-ab63-f953bc22a80a
1999,1999,Tone‐Lōc meets ZZ-Bros.,Wild Thing 'Y2K,60eb43e8-4e47-4098-bd0e-c096444e1960
1999,1999,Tongue 'N' Tweak,Seminal Ra,ebfbd98f-78a8-47a0-87d6-26ed8dfe8cd3
1999,1999,Toni Basil,Mickey Remixes,431e4cc1-eff9-3cde-aab5-c6ebb159d094
1999,1999,Tonino Carotone,Me cago en el amor,e8d58496-d558-3271-b461-16926359b7c3
1999,1999,Tonton David feat. N'Bee,Viens,4616c959-9309-4f80-b286-eef7a993f4b0
1999,1999-07-05,Tony De Vit,Splashdown / Are You All Ready?,d9e4f494-c796-4049-8588-16eb0c2ed350
1999,1999,Tony Faline,Mind Over Matter,fd45e3b2-87e1-47ae-8787-9bf49c30562e
1999,1999,Tony Heron,Duality,8f088d92-ab2d-40ea-ac3b-97a9b8a94bcc
1999,1999-09-27,Tony Marshall,Hoppladidi Hoppladada,07b3c9fa-da13-483c-9d47-e79b2c650b71
1999,1999,Tony-H,Sicilia...You Got It!,e58bfc68-3e77-4ae9-bae0-b54b9e2bde24
1999,1999,Too $hort,Ain’t No …,9376533e-67d4-4938-b261-d2399e6fd257
1999,1999,Too Strong,Too Strong Meets Business,2dd5c518-137d-4770-b37d-bb56fbe8d0df
1999,1999,Topaz,The Great Commandment,4cd8f0f4-e6d3-413c-84eb-f40e9fdff607
1999,1999-03,Tore / Torske,Battlestar XB-7 / Jeg vil være søppelmann,7ae42b65-ac72-3eb4-9329-8a9ae013b671
1999,1999-09-07,Tori Amos,1000 Oceans,fc118e53-0d01-3de5-a1de-42098bd6f1d6
1999,1999-08-24,Tori Amos,Bliss,947b7a6f-0976-3666-9ce7-fe936eb881d2
1999,1999-11-01,Tori Amos,Glory of the 80’s,27e3bfe8-9a6f-39b5-9d06-4d558723f58b
1999,1999,Torn Skin,Mislead,be1f8b07-7714-3b78-b118-adc25cb7603a
1999,1999,Toshihiko Mori,United Arrows Introducing Toshihiko Mori,074b3be6-bc7a-4e93-8aa5-2d1123bdb796
1999,1999-07-16,Total Science,E.S.P. / Moving Target,ea13bb1f-286d-4fd6-9e7d-e00466a059c5
1999,1999,Total Science,Pressure Sensitive / Squeeze,b6cd4948-76bd-4e26-9648-2c975a0d3999
1999,1999-08,Total Science,Velocity / Ironside,54f0bce0-8cb1-48a0-8490-a99870b9a3ce
1999,1999,Total Touch,Forgive - Won't Forget,b77ce67e-c8fe-4778-8789-46e3a5bcf603
1999,1999-05-26,Toto,Melanie,d45cd3c0-a007-4651-849f-e9c9d1750db6
1999,1999,Touch and Go,Straight to… Number One,76a1651e-24a9-384c-a25a-c2cbc5aee38b
1999,1999,Touch el Arab,Muhammar Remix 1999,ed706f1c-4fb9-457b-a019-7144ebe19671
1999,1999-08-23,Toutes les Filles,That's What Love Can Do,1394970c-f2df-35d4-ba89-17b0184dc560
1999,1999,Toxic 101,The Beat Is Strong,f7bfda27-9d23-48be-a534-56116c4108e4
1999,1999,ToyShop,Daydream,61271140-2754-30e0-b6c6-2b55b53f50ee
1999,1999,Toy‐Box,Best Friend,731d0174-8632-3fa2-863a-da1e0f574a97
1999,1999,Toy‐Box,The Sailor Song,40d88923-4e77-31d8-9c1a-9d4ad5f44ff4
1999,1999-04-19,TQ,Bye Bye Baby,dfcc5e9a-5449-348c-b7a9-07c615e88768
1999,1999,TR Junior feat. Kirsty,Rock With Me,20fa5481-9402-4545-8966-f5a72f28e4d4
1999,1999,Tracie Spencer,It's All About You (Not About Me),76396170-14d1-45a0-b901-3920114f3696
1999,1999,Track 7,I Wanna Phunk,822d03a2-32eb-4579-b2c6-dfb58c58b98d
1999,1999,Tracy Byrd,Merry Christmas From Texas Y'All,a281f3c9-3bf9-394c-b37d-3dc908ea19c3
1999,1999-12-23,Tracy W. Bush,12 Days O' Christmas,1f3e28c5-7196-4470-88e3-37edd68a31d8
1999,1999,Trade Secrets,I Know You Got Soul,a137c5c3-dff8-42bf-bf1b-e513c274df74
1999,1999,Train,Meet Virginia,5cbff0ad-c5e1-4fe6-a2d6-80e6c1a57588
1999,1999-11-15,Trance Allstars,The First Rebirth,db46b8da-5aa0-30e5-a8dd-4bd587e8bc90
1999,1999,Trance Generators,Terminal 932,cc2bf8e3-c7a7-40ab-9018-054a2dab2a0d
1999,1999,Trancefixion,Stratosphere Love,9d821790-c1cf-4f76-b376-fe0ab2ea32da
1999,1999,Trancelate,V-Agra,e573aead-27ef-4123-abe6-99bd9a1ff6b9
1999,1999,Trancesetters,Roaches,25970a4e-2095-4736-87fd-dd28957457c9
1999,1999,Transa,Carla's Theme / Outlander,1212804a-966a-4ff0-b924-c819d6805769
1999,1999-01,TRANSE,PRECIOUS?,993dc321-9816-4a54-81d1-229dd7069921
1999,1999-11-17,TRANSTIC NERVE,OVERHEAD RUN,0ea857ff-c91e-3f72-ba03-ad004130f9ab
1999,1999-06-23,TRANSTIC NERVE,"WAKE UP YOUR MIND'S ""JESUS""",76f3b301-9d2b-3d39-aad7-05cf2f05c44c
1999,1999-03-17,TRANSTIC NERVE,振動,765f14b1-dc82-341a-82e3-4ba6953b2fd9
1999,1999,Trap,Remember Me,d2ac1522-fdfb-45a6-9e61-16f6a9fa8ee0
1999,1999-05-17,Trashmonk,Polygamy,c61c63cc-d188-3815-8e72-a90008c261d8
1999,1999-05-17,Travis,Driftwood,b10825ae-fbec-3e52-bae2-d30c663b36f9
1999,1999-11-01,Travis,Turn,6d94c273-6826-3162-9bb4-7e206bb85ebb
1999,1999,Travis,Why Does It Always Rain on Me?,62943fae-aa9a-3951-bcf2-7564c0b5a7c1
1999,1999-03-08,Travis,Writing to Reach You,9421c893-be24-325f-b17c-193fb0f723e0
1999,1999,Travoltas / Tuuli,I Want to Believe / Spf 5 Million,798fb39d-dfc0-4178-8eaa-ab6a809d6e27
1999,1999,Treadwell,Pour It Into Our Bodies,bfb9e40c-8f7b-469b-b4df-eb16e664bd8c
1999,1999-08,Trembling Blue Stars,Doo-Wop Music,c9d4b017-c63a-4ced-b20d-53ad222e9218
1999,1999-10,Trevor Loveys presents 2nd Nature,Falling Down,52957eed-85c3-3eb6-8b63-592bafd34aa5
1999,1999-08-25,TRF,He Lives in You,a6e934e0-7860-4849-8640-9775eb1693d7
1999,1999-02-03,TRF,JOY,d3c805ef-846f-4e22-8925-62b1a9d95458
1999,1999-04-21,TRF,WIRED,b6316ee5-d9bc-433e-9c96-d2ab9263d667
1999,1999,Tribal Warriors,Arctic Cat,361ffff2-b62e-4a3d-9a8b-ba7e7463c09b
1999,1999-03-20,Tribe Of Issachar,Junglist ('98 Remix) / Junglist (Original Dubplate),daf31da7-2848-4404-86c2-85e1723f0c31
1999,1999-03-06,Tribe of Issachar / Lion of Judah,Champion Natty (99 Remix) / Jah Set It (DJ Kane Remix),32cfd874-7ae1-4eb9-8a25-3e020e38828e
1999,1999-09-08,TRICERATOPS,GOTHIC RING,a525b6c8-d6b7-434a-962f-ddbcd8fe3585
1999,1999-02-24,TRICERATOPS,Guatemala,4206de10-6a99-4a32-a28e-b4ec1e9a223f
1999,1999-12-08,TRICERATOPS,UNIVERSE,99e4584d-11bd-490d-adac-eaa263bab8f2
1999,1999,Trick Daddy,Nann,f4004bcf-33f1-4dbf-a40b-0904da553797
1999,1999,Tricky,Bom Bom Diggy / Hot Like a Sauna,3a7b2a28-ef68-4742-b9dd-0eab41209022
1999,1999-08-09,Tricky,For Real,75542fda-1c44-3df3-94db-8b1e0d3a9066
1999,1999,Trijntje Oosterhuis,New York,e1c18727-e593-42c8-8753-6b9aa15e9edf
1999,1999,Trike,Polytron,a0a74ea2-3a5b-34f9-8710-8717c29f4bfa
1999,1999-05-24,Trina & Tamara,What’d You Come Here For?,19f26caf-f4a7-322f-be02-498c406cac81
1999,1999,Trinitone,Trying to Think,07cfa5f1-ea4c-47f0-9923-c94b120d4dc0
1999,1999-05-08,TRINITY,desires,65d1a6cf-aa17-4eb8-8490-11ef83066cb1
1999,1999-05-21,Trio Melody,Ich bin nicht Caruso,a098405e-6497-3647-b049-9a69e74d7a75
1999,1999,Tripfish,One Last Groove,bf353040-ccba-473a-8612-6846cb075a9d
1999,1999,Triple Concept,Reminisce Over You,65a0ff0a-0d53-4a6e-8aa8-fe5b62a0cc96
1999,1999,Triple Concept,Tonetwister,49bb075f-d3be-4a7b-9333-9c8859487cb0
1999,1999,Triple S,Fly With Me - 21st Century,6b01c09a-27e5-478e-94c8-a92232f397ea
1999,1999-10-18,Triple X,Feel the Same,68cab9ed-5987-3ec3-a017-b8aef65b170e
1999,1999-05-10,Tristania,Angina,b1ec7b48-c8ca-318a-a06d-4e9355f2e4aa
1999,1999,Tristeza,Macrame,bb3fd2ab-eaa5-38e8-84cd-904176c04cf5
1999,1999-12,Trixxy,Mentasmission / Conquest,834c0e38-3696-43a4-a139-3cdad47939a0
1999,1999-02-22,Trixxy,Sunrise / Hold On,648f6736-c801-487b-a076-00469f7e2024
1999,1999,Trovante,Timor,68972b8b-bec3-3198-a388-802771892194
1999,1999,Troy Cassar-Daley,I Wanna Go Back,ddbdfde8-e557-429e-8c89-a30aaf09aad0
1999,1999,Troy Cassar-Daley,Trains,cb9f16d5-b9c8-4b53-95ac-6431908a80ec
1999,1999-06-28,TRS-80,Telemetry / 5000 Lbs of Thrust,f928b8a3-f649-4404-ab15-c87a3229cb80
1999,1999,"Truck featuring Big Pun, Kool G Rap and KRS‐One",Symphony 2000,47709f4a-c4db-4066-b9f3-3e6a628084cb
1999,1999,Truck Stop,Damenwahl,f911dc58-83f7-41de-858e-dd131ebcc66f
1999,1999,Truck Stop,Lady Harley,73eafce2-8eca-4274-adb0-ba84ca4c1d2e
1999,1999,Truck Stop,Nach Cowboyart,0746ce40-e8fd-4783-a45c-fb4d85b6ffda
1999,1999,True Blue,Promotion Tape,1f2213c6-05c2-4e4a-8893-80e7f67ea155
1999,1999-04-07,TRUE KISS DESTiNATiON,AFRiCA,b6366800-af0e-39a2-b771-1288ff4fbdf0
1999,1999-08-25,TRUE KISS DESTiNATiON,Everybody's Jealous,8538c07b-4ae0-4c94-8e79-355182e3aa9c
1999,1999-07-27,True Solace,Thank You,0a1c8a55-b7cf-4ce4-a5e7-0af4dac1b698
1999,1999,Truebliss,Number One,35ed0575-b174-31f4-85c7-d72f06a15212
1999,1999,Trüby Trio,A-Go-Go / Carajillo,ad58152c-2179-3ac2-a05e-0f588bbc8e19
1999,1999,Tschabos,Konstablerwache 2000 (Wie schnell brauchst du ?),2cd0f5ee-3d58-3988-9543-9fd843cfe21c
1999,1999-09-27,Tsunami One & BT,Hip Hop Phenomenon,398da89b-9a39-30e8-aba7-4ea9d9b3a311
1999,1999,TTC,Game Over 99 / Trop Frais,9527dd38-0216-42f5-a268-9b8d6f048f0e
1999,1999-04,TTF Versus Tom Wilson,Give Me Your Lovin (Sweet Sensation) / Eutopia,55766588-4ac4-47c4-adfc-6c0eedc02c28
1999,1999-10-20,TUBE,IN MY DREAM,fc12468e-fc3b-366c-be4a-d4b6b7f352a5
1999,1999-08-04,TUBE,Yheei!,f295ae97-dc23-32c2-a2fe-2a8919bcc175
1999,1999-04-21,TUBE,ひまわり,6ac2aae7-46f2-3cd0-b739-a2889b7ba16a
1999,1999,Tube Jerk,Daddy's in the Basement Diggin' Gravy,ad8abd52-ad1e-4e21-b2dc-2d01fa8de870
1999,1999,Tube Jerk,Eight,5e83da54-95e4-3cfc-b2ec-a72d4447bd8b
1999,1999-11-22,Tue‐Loup,Christmastime in the Mountains,c05cc6e3-f39a-3cc8-99e9-778f7090904f
1999,1999,Tue‐Loup,La Purge,03f53c82-3b88-4b53-9768-0de9a8ae0c6f
1999,1999,Tue‐Loup,Merlin,0671d324-d069-436c-9237-c465ef449f4d
1999,1999,Tuff Twins,Dirty Disco,c18297fb-3ad3-4d49-8e66-caa80acd1b2d
1999,1999,Tuff Twins,Disco Denim,544af3d2-548a-48a6-beb1-9e3547d43342
1999,1999-02-22,TULIA,Dreams Come True,2a16dc67-0f77-4ea5-bf5b-7371da53448d
1999,1999-01-11,TULIA,Long Road -TRUE LOVE-,6f0504a1-23a8-44ee-b037-f014949f03a1
1999,1999,Tumbleweed,Glow in the Dark,8c513282-c415-3904-b9e0-afdac618d638
1999,1999-04-20,Turnstyle Orchestra,Latin Soul,e9032793-f0d0-33fa-b68b-4baf051b8420
1999,1999-05-03,Tusken Raiders,The Motorbike Track,3bef99a9-c7d3-3539-9f59-efac9bb1ae3b
1999,1999,Tuğba Önal & Grup Mistik,Dön Artık / Immortal Love,718ee382-3fa3-43fe-ba12-54ebb2ebb01c
1999,1999,TV Junkeez,Knight Rider,912bca1c-74c0-3a37-b35a-d41111d41712
1999,1999-05-17,TV One,TV One,91f52f09-e689-427c-ba39-031e27f971fa
1999,1999,Twenty 4 Seven Featuring Stay-C,Né Né,c2c95050-eb42-455e-b64e-7adf1a2d646e
1999,1999-02-08,Twilight,I Want Your Love,06d371c6-ed23-3717-b442-37852da36805
1999,1999,Twin,Star Wars Theme (The Force),938adc0f-51f3-4912-8722-6218ef0b47cf
1999,1999,Twin,The Sound We Need,142e0a74-9451-4aa4-ba27-e90a09d00e98
1999,1999,Twinax,Braindead,f5a105fc-2266-43b1-8446-06c88f525571
1999,1999-12-18,Twintone,The Ambush / Fearless Calypso,e027452b-31e4-4086-9e6e-059626dac4d5
1999,1999,Twirl,Bounty,9a870428-4f7e-469e-a691-ace7d156ea42
1999,1999-10-04,Twist,Lay Low,9a7c5c82-039a-4a59-a0fb-bffc78ebd3c3
1999,1999-07-05,Twist,Shari Says,83ccf68f-49eb-4364-9b87-1a481c6bbd2f
1999,1999-04-19,Twist,Star,325bd69f-aaa1-4379-85d6-04389c1f0f94
1999,1999,Twist,Él se muere por ti,f82d2fb1-45f3-4e42-80d8-6f95a3bad125
1999,1999-07-19,Twisted Anger,Quest / Inna Sound,0f19cb4f-8d38-4c38-b252-0562ef8233bb
1999,1999,Twisted Individual,Boom Shank / Robotix,e9f9bdb7-1d15-4593-a3e9-66ef06f85f72
1999,1999,Twisted Individual / Rayner,The World of Drum and Bass LP Sampler,33ee7589-5b4c-4f73-a3c0-3f4532ee5d44
1999,1999,Two As One,Searching,6790c911-48c2-4d27-abc6-771be93c158c
1999,1999,Two Banks of Four,Afro Blue,5a7f5bc8-7095-436b-aaa5-c33537a8fbd8
1999,1999,Two Disciples,To the Church,d625c9ea-44a2-35fd-b4dc-65c8491f4d91
1999,1999,Two in One,Hamma Heyah Ho (Coming Home),3f89a075-293e-4caf-b034-3f78111e40e1
1999,1999,Two Lone Swordsmen / Dakota Oak Trio,Slut Smalls 6,ae0a966d-ad72-334e-b899-aca648e2512e
1999,1999,Two Man Rush,Energy,c3b0ffc1-7e42-4c27-842a-13f3d0e68511
1999,1999-01-15,Two Phunky People,Space the Base,cb220532-c884-3029-8778-226a51598121
1999,1999-05-12,TWO-MIX,Body Makes Stream,66b6135a-ce36-35d9-9ad5-06cea85e3a70
1999,1999-08-25,TWO-MIX,MAXIMUM WAVE,991f277c-4e74-4e60-92fd-805dfdd944ff
1999,1999-11-22,Type O Negative,Everything Dies,9cfe1d95-28b1-3213-9825-600770a0c331
1999,1999,Tyree Cooper,Turn Up the Bass (The '99 Mixes),bb1362cf-4546-3a73-99d0-6c6f5f3c8b35
1999,1999,Tyrell,Magic Fly / Willi's Cat,4126005e-83d8-42d0-b21f-7f819a3c17a2
1999,1999,Tyrese,Sweet Lady,29a22d3e-503e-482e-aaa9-1add10709a1c
1999,1999,Tyrome,Evolution,a083d46e-5fb6-481e-bab7-f9772922a180
1999,1999,Tyrone,Ayleen,e47e7dd0-8654-4de0-9090-07f94ef5efb5
1999,1999-11-17,Térra,New Day/wish,7754557b-0b3f-45fc-9904-ea96cc6b95c3
1999,1999-05-21,Térra,Starting Over/I will...,6bd85638-6593-438b-8f54-77130eb6f7af
1999,1999,T‐Spoon,Got 2 Get U Back,0ed3cc07-6479-4827-ba88-1b2e65a412ac
1999,1999,T‐Spoon,Summer Love,65b0ed86-eb15-45ec-a5db-c7119f002414
1999,1999,T‐Spoon,Summer Love (remix),449c7c1f-4595-4d3b-a175-96a0ee447d78
1999,1999,T‐Spoon,Summerlove,5d42d76b-a55c-417e-8889-e70d95dd3595
1999,1999-02-15,U.S. Alliance,All I Know,503e44f5-7d31-4712-8731-1fdbbe460cf8
1999,1999,U.S. Bombs,Hobroken Dreams,61799fb2-34f8-479c-b343-85cda62b5be2
1999,1999,U.S.A.,Disco Remedy,094d92d9-2367-49c9-9cbf-3b254bf25b79
1999,1999,U.S.A.F.,Phat Philter Killa / Under Current,977d8dcf-fb6b-4cd1-968b-e0215c89a5be
1999,1999-07-30,U.T.I,Good Thing / Proceed,b8126dab-df20-43a6-8d27-87abf7dfb76a
1999,1999-12-09,U2,New Years Dub 2000 (Ferry Corsten remix),c2d4a653-2472-4944-8e35-3bde1031eda9
1999,1999-04-28,UA,スカートの砂,fd64402c-8cec-35ea-b140-9d043c1920e9
1999,1999-09-22,UA,プライベート サーファー,56286463-dfc6-3d10-8d54-31004f60eab1
1999,1999-02-22,UB40,The Train Is Coming,49efbda5-a63c-30f8-9c80-eec80f1f38df
1999,1999,Udo & Jenny Jürgens,Du lebst nur einmal,8ac72559-ab8e-4844-b722-417525575134
1999,1999,Udo Jürgens,"Alles, was gut tut",78782d86-daaf-4f4e-89cd-b0298f891f4e
1999,1999-01-18,Udo Jürgens,Bring ein Licht ins Dunkel,f4e1c2f1-682d-4533-956e-6c6e4173b296
1999,1999,Udo Jürgens,Mehr als nur vier Wände,7b88cca8-0676-49ae-839b-6843a26d0318
1999,1999,Udo Lindenberg,Seid willkommen in Berlin,7f384ad4-c570-498a-aa62-abd3888ca468
1999,1999,Udo Lindenberg feat. Freundeskreis,You Can't Run Away,cf3065b5-eed2-3af6-a315-1bb1edc74159
1999,1999,UFO!,Science Fact / Enemy Infiltration,7e7c71d6-abab-328f-b24e-e6a32c1ce93e
1999,1999,Ugly Duckling,Now Who’s Laughin’,093f7f82-71b2-44b5-9b5d-39a03ff2a77e
1999,1999,Ugo Farell,Preces meae,4e66756f-8851-4a6b-bfe7-3c92e515b2b9
1999,1999,UHF,Uma palavra tua,43298eb5-0c08-4538-930e-2e9ae1b732b1
1999,1999-10-01,UK Gold,Cuz The House Gets Warm,93ea778d-ede0-4cb4-828b-57dd90356886
1999,1999-12,UKW,Hypnotic,9c77a439-78df-470c-bd59-f48670de75ce
1999,1999,Ulf Stureson,En annorlunda värld,47494c74-d1b9-4d0e-a08d-c3c6c8d3cde4
1999,1999,Ulla Norden,Dein Platz ist immer in der ersten Reihe,96beec7c-b9bb-4ca0-9365-db3df0bbf522
1999,1999,Ulla Norden,Dieser Mann gibt mir zu denken,798a8fe0-7e70-4e2b-8a73-7f35cb4bb9ad
1999,1999,Ulla Norden,Wenn du mir in die Augen schaust,4a24e04e-38a0-4794-be61-86dd9571161a
1999,1999,Ulli Schwinge,Ich hab es geahnt,eaf56a2b-a208-4c3e-b119-375432eabd2e
1999,1999-11,Ultra,Dedicated to Hans Bellmer,5b23b6c5-d1a8-4704-86e1-9aca53fdb652
1999,1999,Ultra,Rescue Me,023191f3-166c-43fd-8253-f36ecbe50517
1999,1999,Ultra,Rescue Me,f8c605c1-03f4-4d5a-a49c-77dac8a346b9
1999,1999,Ultra Bra,Hei kuule Suomi,9602f39d-2869-4124-b731-448c00c6bc31
1999,1999-03-29,Ultrasound,Floodlit World,522e4a56-6c74-327f-a915-f251732097de
1999,1999,Ultravibe,New Life (The Beginning) / Inertia,aef63c42-af9c-49d5-9333-5972587601d7
1999,1999-10-04,Ultraviolet,Unknown,198eee77-e574-3966-b7c0-51758d10773c
1999,1999,Uluru,Koala Sunrise,25051b32-7415-450c-8c07-88ba6d41c5f5
1999,1999,Umajets,When I Wake Up,0fc0dce4-412e-4250-926e-a854a429ca0d
1999,1999,Umbra et Imago feat. Tanzwut,Weinst du?,70a7cd37-5334-476d-8f70-1c37065fd941
1999,1999,Undacut,Spinning Wheel / 3rd Eye Visions,9dad5e16-f724-41f6-870e-5b9cd2ad3cee
1999,1999,Undercover Agent,Aphex Scanna / Surface Noise,89033c82-8498-30b9-989a-98c21ff76274
1999,1999,Undercover Agent,Slaughter (Remix) / Searchlight,597348b4-abca-4927-a975-76950f584463
1999,1999,Undercover Agent / Footloose,Daammnn! / Assault,2469259b-580b-4dd7-9d5c-c6e2d1e5c7ed
1999,1999,Underglow,Only a Memory,abbcacff-c32e-373c-a41f-948b953ed0fe
1999,1999,Underground Lovers,Infinite Finite,5e285481-23de-3929-9b36-a25d1fbad95f
1999,1999-11-15,Underworld,Bruce Lee,4cd813a1-c16c-354e-af43-dc7302b59f2f
1999,1999-05-24,Underworld,Jumbo,08e9638e-02d3-345c-8e25-d9462ad2b83c
1999,1999-08-16,Underworld,King of Snake,6f216e2f-597b-3aca-b3cd-538a4012e4f7
1999,1999-03-15,Underworld,Push Upstairs,d50721e8-36fa-31fc-bfb2-7f6cc1447786
1999,1999,Ungelenk,Alles viel zu teuer,a1173f86-501f-4520-8f0f-884db7043b6c
1999,1999,Ungelenk,Ich träum von einer Insel,9ef98f7f-0ff0-48a3-938b-ba9a654df1be
1999,1999,Unicorn / Nebula B,Obsession Forever / Liquid,014f24c6-d6ec-4cbd-96f2-8555e0f9855d
1999,1999-12,Union,Do Your Own Thing,fe5bea72-d436-4832-9286-ec25124e66d0
1999,1999,Union Carbide Productions,Off the Wall,0b516479-088d-440c-b31c-dea28b3dcdfb
1999,1999,Union Made,Save the World,771624e7-3f9d-44ec-a4fd-7e10294409bc
1999,1999,United Deejays for Central America,Too Much Rain,3c2d70a3-7932-3ed7-b33d-408b75fc29e1
1999,1999-07-05,Universal,Induce / Fact + Fiction,b125c8d2-e6e8-4fbf-9838-f7eda1190235
1999,1999-10,Universal Funk,Smokin Love,88ee4d29-a7dc-397b-8092-3704dd1573d6
1999,1999,Unix,Attenzione,5e9d3d23-0152-4f9f-ab87-aa41b56b4114
1999,1999-02-08,UNKLE featuring Ian Brown,Be There,8e8f559f-8096-338e-9c3c-c4d171d9a71e
1999,1999-11-15,Unknown Artist,DJ Cuts Volume 1 - Change the Track,badc80a1-aa0b-4ddb-9b41-a950fba25fc5
1999,1999,Unreleased Project,Smooth Like This / Boogie on the Dancefloor,80356c8e-61e2-3520-b0de-509e245d56cc
1999,1999-04-26,Uptempo,Mr. Magic,1ce68673-1272-3ccf-9b38-81a4efe1348a
1999,1999,Uptown Connection,L.A. / From The Future,110a5550-0e1c-4da8-8e0e-284bf84582b4
1999,1999,Urban Dance Squad,Happy Go Fucked Up,e52b5723-ec13-4bd0-b3c1-a4bb542fb2a7
1999,1999-10,Urban Myths,Chocolate Fudge / Pop No Style,ba225831-9cea-49e9-a855-3f58ae8e1df9
1999,1999,Urban Myths,Summer Time,4c1e91aa-d853-409a-8dee-b28d2f195ef0
1999,1999-02-08,Urban Myths,Without You,03a85f5f-0d88-49a8-b9a8-bc8346546c97
1999,1999,Uriah Heep,Across the Miles,cfcf632a-506e-445f-96a0-7a697681f174
1999,1999,USG presents African Blues,Sunpower,e8dc4344-43a1-348a-8919-c4a1ea878426
1999,1999,USOS,Groove in a Tent,c9ec5306-e1ff-3260-8b4f-631b127b3ec7
1999,1999-01-25,Usual Suspects,Killa Bees / Contortion,571675de-6a8b-36a0-9ffb-ae532aff2ff9
1999,1999-03-08,Usual Suspects,Spawn / Hole Punch,98cbbbea-a7df-3319-8bf7-4005d238de81
1999,1999,Ute Freudenberg,"Träum', solange du lebst",90db2dff-6c8e-4efd-8a4f-d8d724bee539
1999,1999-03-22,Ute Freudenberg,Wolken ziehen weiter,892c8aca-861f-4d7b-ac00-8e35d4510ce1
1999,1999,Ute Til Lunch,Igjen,bcd4c266-4484-4b84-aa9a-357ee02faf87
1999,1999,Uwe Hacker,Banana,80da40f2-8aac-4c89-bb6f-832a64d1f758
1999,1999,Uwe Jensen,Mein Herz ist frei für dich,cc5a074b-08d6-49b9-ba84-c6d19d0d766c
1999,1999,U³,THANK YOU～STAR～,9231c8d3-116e-481f-81d8-db51b8c4c5f5
1999,1999,Uлія Лорd,Танець душ,32e6170f-f318-44ae-b321-e8ae9bf2522d
1999,1999,V-One,Dead Cities,394fffb3-3ea8-443a-95b2-69dff9c125b8
1999,1999,V-Twin,Thank You Baby,255e28c8-7d18-3ba7-affe-0cef9add3e07
1999,1999,V.C.P.,Area / Orbitron,5a422f6f-242f-4f2c-a06c-98645e8763b6
1999,1999,V.I.P All-Stars,When It's My Turn,37752268-5699-48cf-b744-03df7d069b90
1999,1999-07-14,V6,太陽のあたる場所,647270aa-c9fc-4db2-a656-368ac2ebe995
1999,1999-05-12,V6,自由であるために,affaec82-ceb8-44de-a6b9-a25538882add
1999,1999,Vacuum,Icaros,f860a5ee-fa4a-37f8-86c3-121c2fd51cfb
1999,1999,Vader Abraham,Tussen kroegen en kerken / Als vader mag je best wel even huilen,2e37fb87-2c9e-4303-8d45-cc7d2ce43ac1
1999,1999-05-28,Valentine D.C.,Be a believer,92966d1d-2315-4d74-bf1f-2e7b7d937a39
1999,1999,Valerie Etienne,Misunderstanding,76a173c9-a982-4dd3-b4a2-8695a6078038
1999,1999-08-12,VALKYR,Love of insanity,ec5d94ad-d189-3849-bc0d-c3eeb761ea11
1999,1999,Van Courtland,Rangers,674eec59-f62b-3c4e-a406-8ef0ae8348f7
1999,1999-05-10,Van Morrison,Back on Top,4bff9e1f-0dfe-35cd-a6c1-114e42fa95be
1999,1999-03,Van Morrison,Philosophers Stone,a0d9009c-ed97-45c0-8d66-cafc00553bea
1999,1999-02-22,Van Morrison,Precious Time,38b9dc15-f45a-31ce-a0b7-f69c5dfd186b
1999,1999,Vanden Plas,I Don’t Miss You,a6758c32-cb3c-4c52-806b-1ce1faa4a35c
1999,1999-11-15,Vanessa Amorosi,Absolutely Everybody,3f940206-052c-3c37-898e-38291da22532
1999,1999-07-12,Vanessa Amorosi,Have a Look,12f317e5-2552-4cc7-bfc4-bc9f543f2478
1999,1999,Vanessa Chinitor,Like the Wind,f1dd4cf0-12b0-4e04-9ac2-4565034a7600
1999,1999-02-10,VANITY,Message 〜ふぞろいな天使達〜,4a13eb30-3d2d-40fe-abe7-3902b61912bf
1999,1999,Various Artists,Conque 99,5bf2fa99-18b7-4a9c-a368-d36a285d4db2
1999,1999,Various Artists,Elle ne me voit pas,4f7ef21d-0b2d-484f-843e-bbf5c47e3002
1999,1999-01-01,Various Artists,From Dusk Till Dawn 2: Texas Blood Money,ed8ebf88-28ef-474b-810a-307a08883025
1999,1999,Various Artists,"Frontline, Volume 2: The Singles Club'",1a123d86-1445-3487-819d-f94e36b30635
1999,1999,Various Artists,Gospel Celebration,14ead111-6ec6-4057-a88a-54c94ecfcf98
1999,1999-10-24,Various Artists,Hard Beat EP 9,7189f00f-ec22-4c84-83bf-e1305cdcc7a9
1999,1999,Various Artists,Hardware Exclusives,f8d9d382-6570-4090-a576-6e09bdb2cf04
1999,1999,Various Artists,It's A Finger Lickin' Sampler 1,558d1ec6-54ba-4707-a737-e7f1c1b8d6e8
1999,1999,Various Artists,It's A Finger Lickin' Sampler 2,bf429184-f5f7-4d20-afd4-4303c8275581
1999,1999,Various Artists,It's A Finger Lickin' Sampler Three,4f64e04b-e594-47b0-ae26-7c46d7c164ae
1999,1999,Various Artists,Kolme tähteä,2d82f072-d2dc-4645-a7de-c8d454348eb7
1999,1999,Various Artists,Most Wanted Vol. 1,7906fc2a-639b-48b4-a7ee-5dabd9737a03
1999,1999-12-13,Various Artists,Mr. Hankey the Christmas Poo,f436bf39-e354-3a90-8fbd-fd1f7a965a19
1999,1999-10-26,Various Artists,Pokémon The First Movie,a5760adb-c855-4af5-91b4-93c224c1a7c9
1999,1999-10-26,Various Artists,Pokémon Theme,8e246cd2-e3bc-4f89-9aae-557e7d59e81c
1999,1999-09,Various Artists,Portes ouvertes sur la nouvelle grille d'Europe 1,bbd07dd8-f0c2-48a3-a7ce-7da7269cc7f0
1999,1999,Various Artists,Positiva Classics Vol 6,313c7b24-7344-4a6b-bf24-a8d255311337
1999,1999,Various Artists,Roboculture: Robotmusic for Robotpeople - Attending the Third Robot World Cup Soccer Games and Conferences,f768618d-f3ec-4351-887a-bfecd1799608
1999,1999-04-21,Various Artists,Selv en dråbe,8f8cecbe-f369-40be-9747-7e8b2aeb0556
1999,1999,Various Artists,"Sin, Love and the Devil",a9b78558-28b6-3244-b8fe-65e570c319c8
1999,1999,Various Artists,Songs from Disney's Tarzan Soundtrack,db72b621-0f9c-4255-a8af-52dff3300868
1999,1999,Various Artists,Technical Difficulties / Underground Sound,3aeeaa52-ea45-3057-b327-45b781b180db
1999,1999,Various Artists,The Great British Song Contest Finalists 1999,20d2941e-7275-47ae-b2ac-a80662332ada
1999,1999,Various Artists,The Legend Continues... (Music From The Lion King Movies),8ec29eee-5080-4ec1-8692-0a185dd6083d
1999,1999,Various Artists,Tøff i pyjamas,d290f11b-a4ac-4534-a809-b2d7c02d2496
1999,1999,Various Artists,Un regard de 6 minutes sur la détresse des jeunes,2bfc9470-f45c-48c0-9cf0-df422d4fa7e4
1999,1999-11-26,Various Artists,un-Balance 〜from pop'n music 3〜,fd20eb42-d481-3247-8c23-a7e2c561b893
1999,1999-10,Various Artists,Warp 10+3 Remixes,b6d0544f-e007-3770-b482-90a624a043c4
1999,1999,Various Artists,Washing / Physikal,8d3b4bf3-3c4a-3407-8259-0da24f0b3b06
1999,1999-11-26,Various Artists,なんか変だ! 〜from pop'n music 3〜,7e35dfbd-ea22-3075-adab-ab963dda451d
1999,1999-08-21,Various Artists,ラプラスにのって,cc9bdc00-ac92-4f11-89ec-93126c457c70
1999,1999,Various Artists,黒い瞳のノア Cielgris Fantasm ORIGINALPREMIUM CD,3d3c910c-b564-4f5f-8064-de66d22ec87e
1999,1999-12-13,Various Artists for Children’s Promise,It’s Only Rock and Roll,fd7bd7e9-5c6a-49f0-9175-93031b093d3d
1999,1999-01-29,Vasalla,この胸の中に・・・,d86f3859-8a5d-4436-aa6f-4fefae45a9f4
1999,1999-08-14,Vasantrao Deshpande,Mrignayana Rasic - Single,775325fa-17e4-4754-9c52-a34b4fab07f5
1999,1999,Vasco Rossi,La fine del millennio,df258c7c-cc45-31e4-b4dd-25b0345a129e
1999,1999,Vasile Sirli,ImagiNations Parade,ff39d948-1ac1-378f-adf1-6b09f34a03ad
1999,1999,VAST,Pretty When You Cry,2e52c0a4-3ad0-324c-a6e2-2d219c8ba6ef
1999,1999,VAST,Touched,303381ae-bf9b-4b67-a0c4-e79749bb24ed
1999,1999-07,Veill,骸の残像,ff35059a-1352-428b-b040-475cbb3313c9
1999,1999-09-29,vellaDonna,un truth,ac913fbb-ac31-456c-9dbd-3e1427afae52
1999,1999,Velocette,Bitterscene,4a917ddc-991c-457e-ab9f-d57a9b93d6f2
1999,1999,Velocity Boy,Whitetrax / Sons of the Desert,bf9e52d8-c37e-4879-8d82-aa1d47a094fa
1999,1999-04-12,Velosonic,Six Billion Dollar Man,66b0001b-66f1-4b16-b61f-d9e7714f07e0
1999,1999,Velvet 99,These Boots Are Made for Walkin’,42c3eca5-943d-3e6a-bc24-a6f520bafe6f
1999,1999-03-02,Velvet Acid Christ,Fun With Drugs / Decypher,4e1d1f69-31db-39bb-b8b7-97fc24b83bd8
1999,1999,Velvet Blue,Velvet Blue,d82cd212-eec3-4870-9a3a-0b600de792f7
1999,1999,Velvet Girl,Summertime,19fc3e67-dab4-46e0-b1f4-bcc9ee9a0317
1999,1999-07-22,VELVETZ,criminal silence,454b98ce-b4c1-4d39-9e26-59731a066ae2
1999,1999-12-06,Vengaboys,Kiss (When the Sun Don’t Shine),3ed3d9b5-37a9-3958-b921-cbb6da203a71
1999,1999,Vengaboys,Megamix,c0e0dd48-ee97-38d0-8456-a456a30d79c8
1999,1999-09-06,Vengaboys,We’re Going to Ibiza!,ef01ca18-7d5d-327b-adf0-bc442e9ccd9d
1999,1999,Venice,Venezia,e038470a-a167-4713-a16f-fe0d5168ce7c
1999,1999,Venini,Carnival Star,c6799447-ddd9-37dc-b20a-7aa0e7ea7096
1999,1999,Venini,Mon Camion,69242438-b4d2-3727-9998-53ecf6a1d96f
1999,1999,Venom,Blacked Out,9eb9f20e-4fcf-4a19-af33-a0209e838901
1999,1999,Venom vs. Bus,Bugged EP,0b3b77b3-b089-3e1b-8541-0128fb993f35
1999,1999-09-15,VENUS,恋のバカンス,1f391e1a-ced8-4f8e-9eb4-3bc8f49caf7a
1999,1999-05-01,Veracocha,Carte Blanche,6873a2f8-051d-392b-9f21-b71aa238ab5c
1999,1999,Veronica,I Can’t Get Enough,34e02c6e-83d0-427b-8cf3-c454b3e5dbb8
1999,1999,Vertical Horizon,We Are,75fec085-434a-3296-9c13-31a9b14e55e3
1999,1999,Vertical Horizon,We Are,ab8bcb6b-d86c-46fd-a7bd-d44772eda3db
1999,1999,VEX,VEX-1,52c2c35c-6a46-40e5-a053-877e463a7ca7
1999,1999,VFM,Shocking,af16813a-f6a5-317f-91a7-017b1255b8a5
1999,1999,Vibe,No Blaggadda,6a43bfc8-1853-40fc-9528-092822ee8c32
1999,1999-12-20,Vibe Bar Rejects,Brown Nun / Harry's Delay,b8cf1abf-4ba9-30c5-8053-7b32e706f9cd
1999,1999-11,Vibrasphere,Nowhere / Autopilot,dd12ccfc-f814-4661-8251-29c7814c9847
1999,1999,Vibrasphere / In-Sect,The Open Sphere / Hinterland,e4450ccd-60df-4c62-b351-78a0a2c6771f
1999,1999,Vic Vegas & Mr. Bristle,So Lonely,b52c2f83-9816-3e87-a899-f40918baec79
1999,1999,Vicki Brown,Look at Me,d3e66e47-0e13-49c3-b1a5-6149f7817f8b
1999,1999,Vicky Leandros,Du gehst mir unter die Haut,04d0f22a-1f06-492e-94ad-a0c84718cb61
1999,1999,Vicky Leandros,Du und ich - Ein Leben lang,50e0f198-a170-4156-9c7c-277da9fbab27
1999,1999,Vicky Leandros,Eine große Liebe,5eba2982-9a07-46d3-aa42-ceb2d4f06ad2
1999,1999,Vicky Leandros,Zu Hause in Griechenland,f84a1fcc-e85d-4e2b-8621-a611a88b89bc
1999,1999-04-30,Victor Davies,Brother,1f1648ae-d2e7-41cc-a589-33cf77be4b24
1999,1999,Victoria,Le Désir de chanter,6edb772b-bc88-48ab-9f40-1c70b0d3dddd
1999,1999,Victoria Silvstedt,Hello Hey,e505c065-880d-31ff-b444-67c7b3df8003
1999,1999,Victoria Silvstedt,Party Line,4374adc4-de6e-49be-890c-d17c394066ef
1999,1999-10,Victoria Silvstedt feat. Turbo B,Rocksteady Love,5cbc55b9-6029-4e23-be36-fcae1658f5dd
1999,1999,Videodrone,Faceplant,ca465e8f-7bd4-45fb-94c5-bd8c2504b5c6
1999,1999,VieL;ZǝiL,0・・・<reverse>・・・,61245531-cd3c-4909-b41c-3e0fe2fcf4a6
1999,1999,Vigilante,"Thumbnail at You, Master",6fea57f7-04d3-4a02-a54c-0983ea7dc6a6
1999,1999,Viktor Lazlo & Biagio Antonacci,Message,6760cdc8-9ea4-460e-a4fe-92f6239a9984
1999,1999-05-02,Vim!,Whirlwind Snooker,53798ef5-36e5-3d7c-8221-fc5d9b8a1550
1999,1999,Vimana,We Came,29227833-27d9-4849-9c1d-d69e89b742e3
1999,1999,Vimana,We Came / Dreamtime,f3928f25-1174-3935-b6f4-729ee713aa10
1999,1999,Vince Mole and His Calcium Orchestra,Singles Club Single #4,7c805b35-4e04-33cd-9c7d-c76d1ebc9a7a
1999,1999,Vincent de Moor,Between 2 Fires,242e877d-6325-4c04-b9e3-39a4b87000c1
1999,1999-01-01,Vincent de Moor,Worlds Of Doubt,a73f5182-5ce5-4c3c-a15c-f8ec9788753d
1999,1999,Vinylgroover,The Way It Is / Mr. Kirk's Nightmare,22fcf88f-8a81-46eb-8bd4-f445c12590cd
1999,1999,Vinylgroover & Trixxy,40 Miles,cf3ca4c0-50d5-446f-9a29-36dc9c208cf1
1999,1999,Vinylgroover & Trixxy,Need Your Lovin',5305a77f-bfe6-466f-9972-b5b0cfa28b92
1999,1999-01-20,Vinylist,The Shadow,c1ab0d4f-69a0-31a5-9ecb-5ffcd96f605a
1999,1999,Violetine,Crush,a2ed9216-93a3-3b95-a33e-06ca1601d571
1999,1999,VIP Allstars,Mamacita,4ac78b3d-ff85-4a43-b9b4-6b11306f3210
1999,1999,Virtua,Universe of Love,233d364d-4e67-4b94-8e04-afdb232d5ff4
1999,1999,Virtua Trancer,Deep Fear,8afb0931-b417-3af3-9298-eea1a5c2662b
1999,1999,Virtual Zone,Into Temptation / You Don't Work It,801b0747-65ad-46ec-8b2d-c70b5d8562d9
1999,1999-11-16,Vitamin C,"Me, Myself and I",952a4b75-0b68-4f2c-bd54-274ac3fb1439
1999,1999-10-04,Vitamin C feat. Lady Saw,Smile,eb402535-cc95-329e-8f3b-25ef24a6e179
1999,1999,Vivian Lindt,Wirklich???,5aa5ac41-e7ca-40d9-a064-38cfa9978f9a
1999,1999,Vivid,Kingdom Underground (Maxi),fdb58da2-945f-4a26-82da-42754ced4a3c
1999,1999,Vivid,Off We Go,d34de733-ed93-4bde-a064-04a207bc645f
1999,1999-10-29,Vivid,vivid,93823203-8641-3e1d-959b-7ac4e63bf54c
1999,1999-10-03,Vizell,Gift,6b31f422-e1dc-450f-abb0-b35c9cf12867
1999,1999,Vlado Janevski,Napraj mesto,a6a26042-fba0-4994-8da0-e338b60574e5
1999,1999-06-28,VNV Nation,Darkangel,56369cc4-857f-3f9b-8df9-1dd1bb2ad3c2
1999,1999,Voice V,When U Think About Me,ccb61588-3ae4-49f0-94df-e1516d2271c2
1999,1999,Voices In Motion,Nothing But Love,99c148b1-2b16-45a0-8404-530dc81d1e89
1999,1999-12,Volga Select,Les Années Des Plombs,2530761a-d3d1-36a9-ba47-9393bcc747c2
1999,1999-02-12,Voltaj feat. Papa Junior,Asta-i Viața,46a683ee-da7a-440b-80a1-b705b3778891
1999,1999,Vonda Shepard,"Baby, Don't You Break My Heart Slow",30ad93bd-185c-4f1c-91e0-25e9218d55d2
1999,1999-12-07,Vonda Shepard,Read Your Mind,7e0838e7-d7fa-443f-9328-9a12ca590b87
1999,1999,Voodoobeats,Bring Me Closer,17be5f88-0b97-3df2-b936-5de1b771fce4
1999,1999,Voodoobeats,Do It Again,fc98eb66-21fc-4219-84b7-f08005d53833
1999,1999,Voyager,Carter / Mysteron,df3fdbf0-9cec-3404-9622-6fda47cd61f5
1999,1999,Vrykolakas,Nuthfah Promotrack 99,0d52e25d-240e-4351-af10-772f6b85af6e
1999,1999-08-01,Vs~Versus~,DEMO.1,c20245ff-f47d-4d6d-b8dd-8684878d3b66
1999,1999,Vulture,I Need Control / Drive,a44f48a6-0093-47e3-b257-5ddf1ae57b3e
1999,1999,Vyvyan,Do Me A Favour,4741880d-42a8-48cd-b27d-802edba5a5c3
1999,1999,Vérité,Step Away,f7272d39-de17-4b2a-b11a-df288ebf7a48
1999,1999-06-07,Véronique Sanson,Message Personnel,4444275b-771f-43ee-b14d-4d48d3aae9f9
1999,1999,W.A.S.P.,Helldorado,23ccb5be-f6af-42dd-b5fe-69301bb702ac
1999,1999,Wackside,I'll Get Over You,f3379c2e-0209-3db6-9414-b7f722d6acb1
1999,1999-11-12,Wafer Fab,To the Future,553ccbbf-b27f-482b-97f4-38690ca5337b
1999,1999-10-14,WAG,Free Magic,e48c4787-bbe9-430f-92bc-c05f81dd5d89
1999,1999,Waldeck,Defenceless,8ec72975-87e3-4ece-ab46-46c14ed1335a
1999,1999,Waldteufel,Berghoch am Walde,650f6326-b766-4bf7-8565-6b83eb1dd405
1999,1999,Walkin' Large,Boy Meets World,370a83cd-ef11-42bf-805a-c5e8c58bd34f
1999,1999,Wally Callerio,Dejavu,13d3d095-825c-3c8d-bed8-52af7fa257f0
1999,1999-05-21,walrus,MOTH,a79abb28-2dc8-4706-a06c-37076a8fbe30
1999,1999-01-21,Walrus,空の心,1ff48d70-d7d9-43a9-ad94-ca3fb1c19c04
1999,1999-08-21,walrus,逆光,8a870583-54e7-49a9-9d1b-8b790a8b3ff4
1999,1999,Waltari,Atom Angel,91586db2-f5bb-401f-bd48-48e97072e153
1999,1999,Waltari,Every Bad Day,75c06aab-e216-427e-8684-f65fa61fd131
1999,1999-07,Waltz For Debbie,He Loves Anna,6f4692fc-11a0-3882-a0bc-9c82cba2bf29
1999,1999-06-06,Wamdue Project,You’re the Reason,666a0cf0-e3f9-335e-adf8-2a350d9381b6
1999,1999-03-31,WANDS,「今日、ナニカノハズミデ 生きている」,319849aa-5928-4a13-ba59-bea874b10fc6
1999,1999,Wanted,The Game,64655520-4327-433d-8082-1f387793bd71
1999,1999-05-10,War,Slippin’ Into Darkness (Armand van Helden remix),f84ce92c-b96c-33a5-b3e3-f0372344420d
1999,1999,Warlockz feat. Simpleton,Walk With Your Friends,7bf531d5-7bd8-40e5-9d15-8b743bbc2f23
1999,1999-04-19,Warmduscher,Auf die Fresse / Säurebad,748c354a-a364-45a4-b92f-7265c78b919e
1999,1999,Warren G,I Want It All,5f16cfce-3ecb-3a8f-a7fe-77c6212dd766
1999,1999,Warren G / 213 featuring Xzibit,Game Don’t Wait (remix),0a26d7cb-0990-4520-9e44-8a4f932a9b35
1999,1999-07,WASTE GATE,SOME DAY,0a446d16-8b8b-442d-bce5-30094d5d1a62
1999,1999-09-24,Watergate,Heart of Asia,2014d60f-7fe9-3fa5-b80e-552ad8b57f14
1999,1999,Watergate,Mull of Kintyre (including DJ Quicksilver Mixes),2302cea2-d934-4ccc-b8a5-b052877893a0
1999,1999,Waterglass,Departure,4d4a1b78-cf68-46ba-91a2-9b3a055d9441
1999,1999-10-30,Waveform,Deep Dubz,1dcca0d2-f153-41ca-95a7-edc1d446f946
1999,1999-04-03,Waveform,What's That Sound,fed75660-4991-4a6f-8369-91564fd0eb29
1999,1999,Waylon Thibodeaux avec Roland Gauvin et les Méchants Maquereaux,Si longtemps séparé : Congrès Mondial Acadien Louisiane 1999,585b72ed-e3ee-4986-9549-df650e77359f
1999,1999,Wayne Watson,To The Class Of '99,4a462de1-f7d7-43f7-a90e-0cce52c193cf
1999,1999,Wazoo,La Manivelle,9d31e55e-8dd5-4919-aeb8-f02ffb3b9a47
1999,1999,Weaver,Devil's Sister / The Underground,231ecf14-45d4-3e7b-b9bc-18ca6b736a27
1999,1999,Web,Lovin' Times,a84667d1-8409-4ee9-b328-119c4d8d45de
1999,1999-03-29,Weed,If Only U Could See,29c28260-a6bc-4a01-8335-dbc00502fe67
1999,1999-08-02,Weeds of',二つの空虚,5dcdd4c1-c218-40bc-8e44-f2c72b98b23a
1999,1999,Weeds of',過ざゆく季節,9030c132-c8d0-4888-b1ed-a56a21604654
1999,1999,Ween,Keep Your Eye 2 the Sky,9801efb9-30e3-44cb-b4b5-471785905c36
1999,1999-01,Weepers Circus,Je suis noble,465c9355-1f1c-3ccc-8e43-ef42316200e7
1999,1999,Weeping Willows,When You Are Asleep,b9ffd07f-d147-47dc-920f-95bb383ceb9f
1999,1999,Weichei,Is Dir Su Hart ?,9dda7de3-a2ed-3727-af2b-127cc413d1a6
1999,1999,Weichei,Korrekt nach vorne,5943d669-f314-4e28-b97e-ae5028200511
1999,1999,Wes,Doutou,741d01bb-727b-4465-af8c-57f5959d91df
1999,1999,WestBam,Beatbox Rocker,d3459e06-eff8-484c-8633-0ca8ea4cde70
1999,1999-02-15,WestBam,Beatboxrocker,56e62877-97ac-3b7b-9eb4-fa3c5e4f4a04
1999,1999,WestBam feat. TL Pimps / MOM,Do The Rambo / MOM,7bbc5489-0633-4117-abbe-e4445020498d
1999,1999-08-27,Westernhagen,Durch deine Liebe (live),fc2fbccb-1e28-4a4c-9f12-fb95c5fd8ac3
1999,1999-10-18,Westlife,Flying Without Wings,e52fa952-f957-3652-98e9-a097646dffc2
1999,1999,Westlife,I Have a Dream,84cc89f0-cd2b-4120-89ba-d462349daeda
1999,1999,Westlife,I Have a Dream / Seasons in the Sun,3cc448a2-b541-3ec3-8b2d-f1ecf6a6e722
1999,1999-09-01,Westlife,If I Let You Go,b686cac3-09a8-4642-a91f-af6cdba5f955
1999,1999-04-19,Westlife,Swear It Again,7ba341c5-2a9e-300f-8379-be882f4664d5
1999,1999,Whachamahcalit,The Chocolate Track,f489a65c-74c4-4448-aaed-b263e43aacc8
1999,1999,Whale,Deliver the Juice,7f164f05-e505-4835-b9e6-b460d305fbbd
1999,1999,Wheat,Raised Ranch Revolution,c46e53d9-e520-44d0-921e-f9606956d4e8
1999,1999-05-03,Whigfield,Be My Baby,0fe6745a-c35a-427b-a2cf-ef54c8ce56ad
1999,1999,Whistler,Don't Jump in Front of My Train,8eed6c62-4df4-37ad-be7f-671b886eb68a
1999,1999,White Flavoured Tunes,Movin',9df07f06-5309-48f0-9f7c-e085afb5d3e2
1999,1999-12-08,Whiteberry,YUKI,6921e570-71ae-3609-b907-62f12cf80b67
1999,1999,Whitney Houston,Heartbreak Hotel (Hex Hector Remixes),8b15abaa-b5c6-44f0-9f40-ec24d288de8d
1999,1999-11-15,Whitney Houston,I Learned From the Best,f573f355-826e-431a-9000-6c54c6ab961c
1999,1999-06-21,Whitney Houston,My Love Is Your Love,c34b2b41-aaa0-3d62-b1be-47cacd135ffb
1999,1999,Whitney Houston feat. Faith Evans & Kelly Price,Heartbreak Hotel,2fd33e92-6b89-357a-a0c0-5507306f673c
1999,1999-01-20,Whoops!!,LOVE LOVE Phantasy,cddbeff3-f5d9-3fd6-9a97-a0068164f58a
1999,1999-06-17,Whoops!!,ジーニー,4964b1ab-52d5-3a5c-8562-0b0475efa537
1999,1999-06-28,Wilco,A Shot in the Arm,051a30c8-4d02-3b24-a75e-e5f5112b6404
1999,1999,Wilco,Can't Stand It,3d9001ca-6894-4373-913b-cc5658771048
1999,1999,WILD CHERRY BOOTS,Daily life,651ed8ad-8cb7-4068-94a5-9cfa42d9ee23
1999,1999,WILD CHERRY BOOTS,愛の天使たち,009b2d4b-39b8-4de0-b58b-a6c904b022a2
1999,1999,Will Dobson and Tony Vibe,Goodies / Game Over,a5cc6fc5-5e02-4caa-9a55-583a3f95114c
1999,1999,Will Smith,Freakin' It,03b095a4-a129-388f-aaa1-57db19fce486
1999,1999-06-18,Will Smith,Wild Wild West,77176f5a-6107-302b-9b09-c9d969ae73cd
1999,1999-11-08,Will Smith,Will 2k,716f9eee-c6fb-37b8-a62b-99b71976efea
1999,1999,Wille Crafoord,Allround,698b105d-78a2-3661-8351-46894acbe304
1999,1999,Wille Crafoord,Det ger sej,1cf38a27-3524-36da-880a-e61de4c5b559
1999,1999,Wille Crafoord,När träden slår ut,5b14aaac-9a2d-336b-951b-fb824c87d660
1999,1999,Willeke Alberti,Jij hoort bij mij / Vrijdag in augustus,b2e6bff9-6a88-4c2f-81af-df2dcfb40a36
1999,1999,Willeke Alberti,Omdat ik zoveel van je hou,083e512f-170d-4119-baec-d6a1075bc8a3
1999,1999,Willem Duyn,Als jij er was,272b38c4-4b86-492a-95c7-96c9c0e823e2
1999,1999-12-06,William Orbit,Barber's Adagio for Strings,75565b7b-33fa-3d92-b7ea-4b454c640dd5
1999,1999,Wilt,It's All Over Now,4fc9ee45-f00a-4a38-8e6b-a87d2baa73c9
1999,1999,Wim De Craene,Enkel in een broekje '99,5bac46a2-51eb-4bc9-b4df-0ee6a4a61006
1999,1999,Windsor for the Derby,Now I Know the Sea...,4700be31-2d55-3746-b93b-dc7156593a78
1999,1999,Wino,Dutch Oven,4736b99c-2bbb-3e2a-a02c-ce72e41b007a
1999,1999,Wiseguy Orchestra,Mambo Italiano,46395c15-7dc1-3884-9935-63425fd6fb91
1999,1999-06-07,Witness,Audition,e8544ee2-9a76-37a2-8952-f72d1d5bbb07
1999,1999,Witness,Scars,90b7268e-7109-4759-af18-941a3b894666
1999,1999-10-25,Wizz,Get Fuzzed Up,c8a27747-cfd7-3f98-80ec-6f74d7745542
1999,1999-11,WJH,Forbidden,bbb294c8-8d18-3b80-8e09-6883313b1e5c
1999,1999,WJH,Overdosed Paradise,d59b281e-3187-3c17-b7e7-943cfeb540a7
1999,1999,Wolf,In the Shadow of Steel,05a8f79c-4380-473f-b594-ed99f1160e1c
1999,1999,Wolf,The Howling Scares Me to Death,5fc6410d-1410-4222-b3b2-9fe490fd7fde
1999,1999,Wolfgang Ambros,Herz aus Gold,a169e548-1484-4df3-ad92-e53c2d1666f5
1999,1999,Wolfgang Ambros,Ich lieb' dich überhaupt nicht mehr,49b2241f-d0ba-4918-b62c-50eb0211d2f2
1999,1999-01-18,Wolfgang Petry,Die längste Single der Welt - Teil 2,4e67cd95-067c-410b-ab33-d14ceb075703
1999,1999-11,Wolfgang Petry,"Eine Muh, eine Mäh",b5525b16-f10d-4ed9-ad6d-dce726923e06
1999,1999,Wolfgang Petry,"Geil, geil, geil (Wir sind die größten)",918e2db1-e42d-42ea-84d4-ecdab3a0c787
1999,1999,Wolfgang Petry,Live '99 - Die Single,b4db79b5-166e-4ea1-a891-de41c631b329
1999,1999,Wolfgang Ziegler,Egal,aaf5726d-2b58-4cb4-a0bf-8ebc1f555fd5
1999,1999-03-29,Wolfsheim,Künstliche Welten,69884a3f-4ad7-3831-8ec5-dc49f6d543e4
1999,1999,Wolfsheim,Sleep Somehow,9f84f388-03f1-3f68-8ece-3d179a487b94
1999,1999,Wonderbox,Turn Me Over,ccddb8f4-68e4-4018-920a-c4644a075f87
1999,1999,Woodbine,Mound Of Venus,df75d864-5f6f-4ac3-b72e-3ee5424bbfa4
1999,1999-10,Woody McBride,Jump in the Fire,705964d7-e472-3bc9-8656-f19c8dc31e59
1999,1999,Woody van Eyden,Time Now,73e34d2f-045c-3481-8389-da698a51d5c6
1999,1999,World of Crime,Ride The Funky,7e16b97d-debd-4b72-a6de-6f74de0c01bf
1999,1999,"World, Sky & Universes",The Answer,8c6884c9-4ef0-3389-ac84-85f3523ed9c4
1999,1999-03,Worms,Timeloop,cec4a1db-e932-4ed2-86cc-4ad790210887
1999,1999,Wrecks,Demon Trip / Alright,1d313294-a229-4a8e-b72a-8c2ce7e506ac
1999,1999,Wrecks,Gimme Hell vs. Rock'n'Roll Man,7cc87cd9-3a5c-4666-b9fc-25f3df403fd9
1999,1999,WUZ,All Right / La Nageuse,07e97e4e-a096-3d6a-aca0-bc20d57fa197
1999,1999-10-11,Wyclef Jean feat. Bono,New Day,66ffbbe3-9545-3fdf-8cbe-18647a796478
1999,1999-11-16,Wynonna,Can't Nobody Love You (Like I Do),ad5ea5e6-86a8-3873-af62-13b541e054e5
1999,1999-05-21,wyolica,悲しいわがまま,7a4ef700-bd98-3815-b351-08433dc31349
1999,1999-10-01,wyolica,風をあつめて,65500762-fa86-38de-9929-664708135f27
1999,1999-09-16,X-Cabs,Neuro 99,871d4c34-878b-3852-b676-8a8654082e35
1999,1999-04-30,X-Men,Angel,b0842ab4-6d62-4a40-a152-e573726a0178
1999,1999,X-Session,On and On,88d4020f-632b-4b14-94be-c434bfd501c1
1999,1999,X-Treme,Love You Too,920c9ee7-48ad-3e94-ad4b-d399a8c507d1
1999,1999-07-16,Xavier Naidoo,Eigentlich gut,98efcecb-fb0a-34a0-9b4e-4f95cbc0ee5e
1999,1999,Xavier Naidoo,Sie sieht mich nicht,afc5af95-2ebe-3e40-88eb-af7ad1caee6c
1999,1999,Xaxakes,Βασιληάς,b60b78f6-9986-48f9-8b24-ff52c7746a57
1999,1999-12-13,Xhale,Distance Farm,f785ef15-ce43-3f09-b76a-79bf365c2042
1999,1999,Xhale,Genious,ddfe9861-ff2a-3473-8f61-58d8fb71b3b2
1999,1999-11-11,Xhale,Mohamira,21ac445e-350e-3003-9ec6-58333d975016
1999,1999,XPD,Titty Twister,9d41ccc3-1e13-4541-89cd-c85ded448835
1999,1999-04-05,XTC,Easter Theatre,65e9f363-decf-33d0-9dc2-5e2011a6a2ef
1999,1999-06-14,XTC,I’d Like That,42d9e25e-a5b9-37a5-a0fb-fb58caa30da4
1999,1999,"Xzibit, Juvenile, Nature, Ja Rule & Reptile / K-Ci & JoJo",25 To Life / Life (Re-Mix),39a0c47c-37a9-43da-bc4b-86b9a4866e0b
1999,1999-09-08,X‐Perience,Journey of Life,74e44008-5d30-3b34-8602-dd7eace48749
1999,1999-07,Y-Tribe,Righteousness (Remixes),d88d5a34-6891-484a-b933-ce2ad94f59a6
1999,1999,Y-Tribe feat. Elizabeth Troy,Enough Is Enough,3995fd53-6eea-3dab-8233-b1bd61868385
1999,1999,Y2K,The Rapture,a9b26bd2-c4dd-326f-8c09-a76310cc3328
1999,1999-10-31,Ya-foo!,屋根裏大サーカス～第1幕～,8d7c0bc6-3e4b-49db-9fcc-9238a5d1d50a
1999,1999,YA-SU / Ya-foo!,トンネルの向こう側,b20d5ced-31d3-4d2a-bcb5-10635cbce51f
1999,1999,Yahel & DJ Miss T,Skywalker / Going Up,1a603328-5f5f-4b22-bfd4-3370c3fb9d91
1999,1999,Yakooza,Drugs,48ef20ad-d315-4f65-8928-10e618a89d4a
1999,1999,Yakooza,Fight 4 Survival,668cf4c2-6bb8-441b-99a6-0e15291429a8
1999,1999-12-13,Yamboo,Come With Me (Bailamos),d90f294f-ba44-373e-9ae3-3bf2534f34c9
1999,1999,Yamboo,Fiesta de la noche (The Sailor Dance),803e5de4-be75-4aff-92f7-ecc419353f19
1999,1999,Yana,Nothin' Goin On But The Rent,b1ac645a-b398-4ab3-96e6-c5ad62888b80
1999,1999,Yana Kay,How Can I Forget,f1a5851d-fa58-3091-8336-cd109593a1c8
1999,1999,Yana Kay,I Wanna B,a427087f-97ab-3d25-8273-59b370f0a9dd
1999,1999,Yann Tiersen,Les grandes marées,1cbd36b0-f6ad-4bf3-a300-dd488a7920a7
1999,1999,Yannick Dauby,Chant de Dune,f49ac0d2-7b91-4381-8aea-d6c7bc3bba52
1999,1999,Yarblat,Super Mario Brothers Techno,d59731a1-2e4f-498b-bc19-2472ad052209
1999,1999,Yasmine & Frank Boeijen,Suzanne,eca4f560-4e44-4f5a-9c03-d630489ec0ec
1999,1999,Yasushi Ide presents Lonesome Echo Strings,Plein Soleil,b06199d6-c5e1-3117-a157-0fee5ea42d1f
1999,1999-11-20,Yasué,Turale,ebe9ae8f-6e75-41d9-8c42-c03f27fcabdc
1999,1999-09-07,Yaz,Don't Go / Situation (1999 Mixes),1111f231-d8e4-392e-8608-d915db668d00
1999,1999-11-08,Yazoo,Situation Remixes,d4429895-d9f8-3751-a8fb-ea9baa71cdda
1999,1999-11-01,Yello,Squeeze Please,98cdca89-5ca0-3c8c-a6cf-7a268a2a66f8
1999,1999,Yellow Mellow,Foreign Affair,155304d0-007d-39e8-b19e-fb993b9bb626
1999,1999-11,yellow6,Figure 4: The Yellow Number Six,20ebdaf5-e929-3385-96db-9866f43b3756
1999,1999,Yellowstone,No volveré a caer,e2697454-d470-40e3-8a66-3b84482e7100
1999,1999,Yes,Homeworld (The Ladder),16751bf6-91f1-435d-8de1-ff91bcf0a688
1999,1999,Yes,Lightning Strikes,5d7227db-fbb4-44b2-8b52-5ba5b3fd0760
1999,1999,Ygryega,Yakussy,59fb7bae-66f6-4928-b5c6-78d9fa0179db
1999,1999-05-25,Yo La Tengo,You Can Have It All,e678e988-d327-301c-b0dc-8f4c9b673810
1999,1999,Yoda feat. Bobby $,In the Air Tonight,7af06a6c-b7b7-4e2d-a026-b93d47d9293d
1999,1999,YOKOSUKA SAVER TIGER,YOKOSUKA SAVER TIGER,09f71e3d-1059-4705-9b7a-9a2a927acbfd
1999,1999,Yolanda,2 Good to Be True,75ae867d-5a9a-4e38-9ba5-818ddf980b9a
1999,1999-07-05,York,On the Beach,b461dc6f-5f02-475d-a1d0-ef7ba866056a
1999,1999,Yoshihide Otomo feat. Charie Corsey,Lupin the 3rd: Ending Theme,27ed1d4d-08ff-4512-8dd7-699350fcdc68
1999,1999,You,My Friend,0a225824-9ac0-4acf-9ecb-394c3adb3aa4
1999,1999,You,The Bugler,4e58dd92-919d-3e18-873c-6c3053e39d89
1999,1999,Young Deenay,You And Me (Stay Alive),4d71d1fc-7629-4bcb-aec1-79c4b289fe31
1999,1999-07-10,YOUNG PUNCH,DAYS,04eae51e-7492-390e-96d7-ab6aa18b2882
1999,1999-05-25,YOUNG PUNCH,Young World,005f3197-6333-3e0b-82b1-3960a1685781
1999,1999-09-14,YoungBloodZ,U‐Way (How We Do It),44a3d6a5-f9ac-459f-8fee-75177992d98c
1999,1999,Younger Younger 28’s,In Between Days,02010c40-13c0-44f9-ad96-32c302418a0e
1999,1999-10-18,Younger Younger 28’s,Next Big Thing,a602231e-0ad8-3915-83e8-3a13708aca9c
1999,1999,Younger Younger 28’s,Two Timer (Crap In Bed),03deab63-f3bc-45af-b992-41ad515bae35
1999,1999-05-17,Younger Younger 28’s,We're Going Out,a20bee6e-8101-4235-9815-c8956c4fdc87
1999,1999-05-24,Younger Younger 28’s,We're Going Out,e9dc25ec-094d-34f7-838e-49612f5dee7c
1999,1999,Youngstown,I'll Be Your Everything,57ec4047-d3fb-4df8-92bc-487cd3a57c89
1999,1999,Youth Group,Country Tour,42fec1d1-2285-3073-86e2-6fd312e3149d
1999,1999-08-09,Ysa Ferrer,Flash in the Night,5da84337-dcbd-489e-ae99-1839c129c8d9
1999,1999-07-28,YU-KO,friend to me,6cafba4f-76c9-4734-91f9-97243444e490
1999,1999-02-24,YU-KO,sweet love,56fe49a1-fa5c-4d86-bb2d-89bcad6571e0
1999,1999-10-01,yu-ra,消えない月,62805ac1-442f-42ec-87a5-bea33d78f86f
1999,1999,Yukari Fresh,Lost and Found,ccabcac8-644f-48b1-bb55-e11a332d2dae
1999,1999,Yummie,Bubblegum,94d65cba-2324-401f-8241-958468dfec68
1999,1999,Yummie,Bubblegum,ce896b91-8f29-4de6-861b-6c886b4d83f5
1999,1999-09,YUP,Meitä odotellaan mullan alla,b82c4652-de00-4cab-bd38-08cc1048cc9b
1999,1999,YUP,Varjoleikit,d5d213cb-2677-4829-a2b2-4816d158b17a
1999,1999-01-27,YURIMARI,初恋〜はるかなる想い〜,7af783c5-646d-4473-be99-3b7e7d49a293
1999,1999-05-08,YURIMARI,街路樹,65a5080e-3075-4355-aa2a-90c454e448f3
1999,1999,Yves Deruyter,Factor Y,772b10d4-5e64-3a20-9639-202aa44c0213
1999,1999,Yves DeRuyter,Feel Free (The Remixes),bd723774-0d0e-419a-932d-fe00568f5780
1999,1999-11,Yvon Krevé,C’est rendu F.U. (Fucked Up),4418777e-0304-49d4-a796-d51a1b68bde5
1999,1999,Yvonne,My Man Foreverman,84a2a443-5e7c-38df-92aa-851770c54719
1999,1999,Yvonne,Sleepless Nights,2a5a05c4-9f95-4b5e-8b7f-ba66689ecadd
1999,1999,Yö,Kuljettaa keväinen tie,5335308d-317e-4861-bc00-7e5d32d163c4
1999,1999,Yö,Kulkuripoika,8e0e5a72-5701-4569-bb97-1a90bec7667f
1999,1999,Yö,Kultakala,af61fdb6-6e95-444c-968e-b85e8a5ea9ec
1999,1999-12-13,Z Factor,Make a Move on Me,80278899-7ea7-42bd-8350-12d55173c0f4
1999,1999-07-16,Z-1,Vibe!,1e711b08-9b40-4253-9e21-d6dd906a342d
1999,1999-12-08,Z-1,You Your You,e01dfb26-d3c0-4bb6-a424-b136997f0dd5
1999,1999,Z2,I Want You,755ef7b1-d742-32ef-a630-675d6cbdc211
1999,1999,Za Siódmą Górą,This Is My Dream,79651d71-9aa0-35f9-b0d8-2097991d4e34
1999,1999-05-17,Zan Lyons,Suicide,563f79eb-0101-4483-b7c8-4049fd910e23
1999,1999-04-07,ZARD,MIND GAMES,68333b66-9074-4632-9cd4-18267e40a466
1999,1999-12-01,ZARD,この涙 星になれ,cf5ed170-6f8d-48ca-912c-63a3b78dccd9
1999,1999-06-16,ZARD,世界はきっと未来の中,1bd764b9-4883-4372-9641-a9359548eedf
1999,1999-10-14,ZARD,痛いくらい君があふれているよ,c7270208-29b2-41e1-8ce0-08c8b587dc63
1999,1999,Zazie,Chanson d’ami,3eb9b4d2-5271-4a3e-8a55-5cb863ad3023
1999,1999,Zazie,Cyber Live,323ddb67-5768-4c51-808e-c8855f948a1f
1999,1999,Zazie,Made in Love,0ed52bd9-d5ca-45f4-b8ef-28bc89fcac38
1999,1999,Zebda,Tomber la chemise,35edd389-6478-3afb-af12-b1715a602943
1999,1999,Zebda,Y’a pas d’arrangement,2607e1fe-1145-45d3-ade1-6106bb782d04
1999,1999,Zebo,Jag hatar Stockholms skärgård,e006ff68-e823-453c-9db4-d232b9188b4c
1999,1999,Zebo,Såmycketugg,85986b1d-a497-4a54-a025-8727e767ee14
1999,1999,Zebrahead,Deck the Halls (I Hate Christmas),41cb010b-c832-3dad-85fb-d4289b90ef69
1999,1999-12-20,Zed Bias,Neighbourhood,eacbbaca-7a5d-3151-80f3-168c6c65b99d
1999,1999-10,Zed Bias,Spiritual Thang,d103b052-a542-4a69-ac54-8557b09c727c
1999,1999-01-04,Zed Bias & DJ Principal,All Night Jam,7790f25c-f5d6-46ba-b786-7e4358cbfba1
1999,1999-03,Zed Bias & DJ Principal,Thinking About You,179f69ed-a5d1-4bc3-93cb-1e03e8cf3c2c
1999,1999,Zed Bias & Hyper Hypa,It Takes a Little More / Anything You Need,745efbfe-6876-4f3f-b26e-ad642d06a2f8
1999,1999,Zed Bias & Mike White,Touch Me / Harmony,6d46d6fb-26d4-465c-821b-ffcde2aebf3e
1999,1999-06-21,Zen,Electrolysis / Inside Your Mind,4400897d-254e-4815-a068-0775906ad6ec
1999,1999-06,Zen Café,Harri,ecbdcabf-3d19-4543-82cf-98661f1d9a12
1999,1999,Zen Paradox,Amethyst,0a455a04-13db-3f4a-a9dc-2ac2c5cac3bc
1999,1999-05-19,ZEPPET STORE,もっともっと,5c5fb4e8-4e22-4e49-8fbd-afca351cf1ff
1999,1999,Zero Assoluto Featuring Chef Ragoo,Ultimo Capodanno + Mi casa es su casa,91226e51-fdeb-43a6-ab4c-735a76dfd2a7
1999,1999,Zero Gravity,A New Sensorium,1e3d5176-22f2-4166-88fd-911606dc3589
1999,1999-05-21,ZIGGY,Without…,0a4dce43-c00b-42c0-a7f1-a703dbfd2b83
1999,1999-02-20,ZIGGY,マケイヌ,9eb9b1e2-dc8c-4359-9fc9-3009c1f68d9d
1999,1999-08-21,ZIGZO,ひまわり,568c8227-a3ea-3e38-ac74-c16659b75339
1999,1999-07-01,ZIGZO,血と汗と涙の裏側のハッピー,448868a1-26e5-34f8-8a9f-0cc108e312e9
1999,1999,Zillion SONIC,LABYRINTH (ZABY SPECIAL EDIT),e6b3f2cb-d712-4d88-a0c5-367dcf4aa2ca
1999,1999-01-29,Zita Swoon,Maria (About the Successful Emotional Recovery of a Gal Named Maria),c3ae5106-0782-3325-a26f-7546eb0519be
1999,1999,Zohra,Look Up,bb495ae7-deca-4746-949a-d8bfdb90a66a
1999,1999,Zohra,Serious,774a878e-721e-4fcd-b66e-e2f7bd6ed0a0
1999,1999,Zolex,Tisnoodnigoe,67792f02-c77c-4d87-9c14-bfc212fea3e5
1999,1999-11-08,Zombie Nation,Kernkraft 400,9da97c95-b571-3a20-b25c-eb4c20dd530b
1999,1999-12-18,ZONE,believe in love,42856acf-5f1a-3607-bd85-9f79a9fe9122
1999,1999,Zoom,Words,8eafb7a3-2e96-3ef0-bb98-671906a44dee
1999,1999,Zoxea,"Hymne du Mozoëzet (La, la, la, la, la…)",5c98142b-cac1-45f6-b1bc-2501def12781
1999,1999,Zoxea,Y’a qu’ça à faire,6d0c28a5-aa30-40ef-b12a-6c6580cf2b84
1999,1999-11-02,Ztvörki,PKP Train,8497371d-ea61-43ff-8db8-6f7a7ab8916a
1999,1999,Zubirun,Hellfire Generation,57a4c18b-37ce-458d-9765-3df7b634f7a0
1999,1999,Zucchero,Puro Amore,0ef77c5e-cb7c-43cf-a1f6-ce8922c4154d
1999,1999-05-18,Zymotix,Rachel in Trance,56a5fff2-26a8-3f2f-889e-0caddea50173
1999,1999,ZZ Top,36‐22‐36,d55c67dc-fe7f-42d0-8b24-66b7d8d8e267
1999,1999,ZZ Top,Fearless Boogie,10ed5703-dd00-4e6f-b57f-bff01712d771
1999,1999,ZZlamm feat. Roxy & Geneva,I Want Your Love,ad743dbb-8980-4aca-bf7d-3c6b03f32771
1999,1999,Züriwest,Mojito / Echo,a3b01f82-ea1e-43b4-b771-11364c2127e3
1999,1999-12-26,Zемфира,Снег / Лондон,70f66a27-ab54-4ccb-912f-b067a9d0c778
1999,1999,Ámokfutók,Ne Sírj!,0f5c9e86-ee27-4bc2-821f-505a6b39d41b
1999,1999-05-01,Âşık Veysel,Geldi Geçti (Senin Yolunda),0d0e396e-8d1c-494b-964e-db6e39db6a1c
1999,1999,Ärsenik & Stomy Bugsy feat. Jane Fostin,Tous au Paradis),71ac2ddd-3837-46a2-a70a-353c2b8f8784
1999,1999,Åke,Har du problem (dance remix),9c27bd63-ac25-4df6-9076-6a024220b3dc
1999,1999-12-31,Étienne Daho,Le brasier,aeef988d-9dc4-4f67-8e6a-28843306a506
1999,1999-08-13,Ö la Palöma Boys,Once You Trink Tequila,d74c1f59-0dae-31a1-9394-3bd55615cd3a
1999,1999-05-31,Ö la Palöma Boys,Ö la Palöma,023238f2-d6d4-37eb-bf32-387a1c169295
1999,1999-11-26,Ö la Palöma Boys,Ö Tannenbaum,f8aafdc0-cc5a-3801-9a04-2d29a742993f
1999,1999,Øystein Sunde,Snøfreser'n,66c1ce42-7f5b-352a-b540-e1cc82bce568
1999,1999-04-06,Überzone with Afrika Bambaataa & Soulsonic Force,2 Kool 4 Skool,da20fefd-ca47-4324-8180-6b056882d1a0
1999,1999,Świetliki,Perły,731c04f0-aff0-4622-90dd-4ac0d8325794
1999,1999,Šajeta,Jagermeister,9030fa77-cc0f-4a3c-8fc1-09bc67b90535
1999,1999,Έλλη Πασπαλά,Σ' αγαπώ Remix,88094d49-3036-42f6-89d5-279298b882eb
1999,1999,Βαβυλώνα,Πολισμανία / Αλήτης Στη Χώρα Των Θαυμάτων / Δίνες,210328cc-6f0c-3fca-9162-ee666f0f0204
1999,1999,Δέσποινα Βανδή,Α πα πα,25df40d7-095b-40ec-ab4e-41ec105e83a4
1999,1999,Δέσποινα Βανδή,Το κοριτσάκι σου,f626544e-6f9b-4b96-bc82-8fd7154cd117
1999,1999,Ελένη Πέτα,Άσχημα λόγια / Τι μου 'χει λείψει,38d781a8-061a-30a9-aca9-44f01312cd42
1999,1999,Ερασιτέχνες Εραστές,Ερασιτέχνες Εραστές ΙΙΙ,2a278d3b-004c-4aba-a10a-e7b698299ef9
1999,1999-11-03,Λucifer,Cの微熱,8cabb7af-9a49-4f2e-b006-0341d307383f
1999,1999-09-15,Λucifer,堕天使BLUE,c7e3ee62-7f09-41eb-bd2d-13d1d00e1260
1999,1999-07-12,μ‐Ziq,The Fear,1b7ef4ce-1250-38f8-b1f7-92ca9d17ffdb
1999,1999-08,μ‐Ziq,The Hwicci Song,17329a40-13c2-33cf-ac74-ddb874c20fc9
1999,1999-06-28,Παιδί Θαύμα,Στην Αθήνα,4e43deb8-694a-4574-9338-ced95020ca74
1999,1999,Παντελής Καναράκης,Μπουρνουζοπετσέτα,5b5cbc39-c889-4dda-8c52-b8676bc2436d
1999,1999,Πυξ Λαξ - I Muvrini,Ασ' την εικόνα να μιλάει,121c0aef-41d9-4a3a-971c-7c71c9b01943
1999,1999,Πυξ Λαξ - Λάκης Παπαδόπουλος,Νετρίνο,ffd2ee4c-b217-491b-b133-8d5fba394230
1999,1999,Τα Ξύλινα Σπαθιά,Τροφή για τα θηρία,49c43243-2d77-3fa5-80ae-916fc044f4c7
1999,1999,Υπόγεια Ρεύματα,Small Packet,bbac8a5b-e7ee-4643-a522-92232272de4a
1999,1999-05,Аквариум,Скорбец,98e4fa0f-bd34-3f57-96fa-662100248252
1999,1999,Ані Лорак,Ангел Мрій Моїх — Dream Angel,0e7e7214-3bb3-3e65-a6ae-8d3acf2aa31f
1999,1999,АукцЫон ы Сойбельман,Небо напополам,62067cae-7327-4514-8cc8-af42bb073c95
1999,1999,"АукцЫон, Волков, Курашов",Зимы не будет,c4fa24dc-c394-43be-99ac-e3bcdd1e88e9
1999,1999,Будни лепрозория,Баллада об авиаторах Хреновых,a428543c-693f-4435-ae8f-59ad632e0d1d
1999,1999,Василий К. & The Kürtens,Достоевский жив,ea7bf0e3-9afd-319e-98b6-84bcd8ab9e6d
1999,1999,Вдруг,Пол Верховен,13da27db-cfc9-454e-a054-cbe1b80cd958
1999,1999-01-01,Дискотека Авария,Новогодняя,4d042744-4eb9-40f8-b33e-7d397469076e
1999,1999,Камелия,Луда по тебе,db15d314-cc68-44f1-9e16-ca7700f68b95
1999,1999,Конец фильма,Конец фильма,3190901d-116c-45c5-a79a-e74faf1c6141
1999,1999-01-01,Линда,Белое на белом,3aa2bcdb-5dbf-4e07-9917-68aca6171953
1999,1999,Лунофобия,Под Снегом,83c80c76-fab8-3210-8f6b-8c41f42e2bbf
1999,1999-01-01,Мать Тереза,Хоспис,8c271705-a5d3-4cf1-b451-c7250075eee0
1999,1999-12-31,Мумий Тролль,Карнавала.нет,d537de95-3a1f-37c9-a8ae-c5e954b2665a
1999,1999-11-08,Мумий Тролль,Невеста?,e7bd1b27-cef7-46ba-8bf4-c1834cf5d2d6
1999,1999,Пелагея,Любо!,3e143d79-1106-3d69-8a71-1da54111cf92
1999,1999,Скрябін,Еутерпа,dc138629-7ef4-4218-a0bb-e49b55744118
1999,1999-01-21,ФFlairФ,loop ~永遠~,bcd9570e-2e14-4d40-b1c2-65f5a8fe728d
1999,1999,Филипп Киркоров,Bat (Мышь),8359292e-79f6-4009-bcb9-a1a021580469
1999,1999,אריק איינשטיין | שלום חנוך,איך זה את,791be7f0-7fa1-44e1-acc3-ae5194747250
1999,1999,אריק איינשטיין | שלום חנוך,אם הייתי,04c8c026-9127-45c3-8d25-db253b5064fd
1999,1999,אריק איינשטיין | שלום חנוך,אשה מבוגרת,dba94aae-7557-4543-bf0f-acdfe1d7f0d8
1999,1999,אריק איינשטיין | שלום חנוך,גיטרה וכינור,0ddaffd8-8ebf-464b-bda3-6baf81342fc0
1999,1999,אריק איינשטיין | שלום חנוך,הבושה,7d53b3ac-0915-4315-bf82-e4856b7c795e
1999,1999,אריק איינשטיין | שלום חנוך,כל אחד רוצה,289aa7d6-8078-4c7f-b0af-15ebda2a26bf
1999,1999,אריק איינשטיין | שלום חנוך,שמור על עצמך,6ea98551-12c2-43bf-85f2-4e31052e1db0
1999,1999,אתני‫X,האינטרנט שלי,6a603474-72a3-4ca6-9f76-aca2a0667f04
1999,1999-01-01,علاء زلزلي,Amma Aleyha Ouyoun,c6f3c8c4-565d-41b7-bc90-b8fdf4e9b75c
1999,1999-01-01,علاء زلزلي,Dalouna,04f0f3f7-173f-4357-a4e2-8e5a6f971ed9
1999,1999-04-04,نصرت البدر,اتذكرك بلخير,1e69cf5d-55a1-4c33-ba0a-73d71aa009ae
1999,1999,’t Merretkoer,’n Griekse nach / Adam & Eva,17ff0ae6-089d-41ad-9c84-1e8c8d856aac
1999,1999-11-22,“Weird Al” Yankovic,Pretty Fly for a Rabbi,7ac51991-f314-334b-9f0c-f555a0c087dc
1999,1999,“Weird Al” Yankovic,The Saga Begins,0a115afc-5578-47ba-aa1a-66d8c0626522
1999,1999-05-21,おおたか静流,あいは海,90ebc22e-0edd-42b3-9d66-ddcefcc28f7f
1999,1999-11-20,きただにひろし,ウィーアー！,8d401edb-1a34-35a9-aecb-70f7b8f9fe4b
1999,1999-02-24,くるり,虹,c00d843e-503f-3d73-8f47-a7a65e0ceed9
1999,1999-11-20,くるり,街,6b349cd0-efbb-3191-b223-e1837a8274d2
1999,1999-08-25,くるり,青い空,76f6f9e6-013f-342a-aac4-c6dc8b520e95
1999,1999-11-20,こじまめぐみ,FRUITS CANDY,429a3a5e-8ba7-384d-977f-a956834a774e
1999,1999-08-01,こなかりゆ,やっぱり女の方がいいや,55fce8aa-39aa-4e21-832c-50503c583f0c
1999,1999-04-28,つんく with 7HOUSE,LOVE～抱き合って～,00f6a5c6-6816-3ce7-abf5-76935b916f19
1999,1999-11-03,つんく♂,Touch me,8f25d796-f5d1-3a0b-9a0d-512c7ea95ffa
1999,1999-01-27,ともさかりえ,カプチーノ,16c9567f-6371-31d4-a087-f5b452f6960a
1999,1999-05-12,のっこ,フレンズ,0e29e756-f7b7-4017-b128-3df83f6bbed5
1999,1999-11-26,はっぴいえんど,あしたてんきになあれ,78bae26f-1ddd-473d-84ae-a57b43f4ee7b
1999,1999-11-17,ひふみかおり,明けない空,d9aea52b-9776-41e2-9488-6450d86d7a27
1999,1999-01-20,ゆず,いつか,5c3d7278-f480-32f9-8889-4a7ffdc823b1
1999,1999-03-17,ゆず,サヨナラバス,9fb471e2-7829-4168-aaea-e4f8de6a1529
1999,1999-08-18,ゆず,センチメンタル,304e39f4-4676-4f28-bd80-a5f2a982cb94
1999,1999-09-29,ゆず,友達の唄,1ced1f12-061b-4c86-be84-8427a5b84e89
1999,1999-11-25,ゆず,心のままに／くず星,2f57e53b-95ba-4e34-99fa-9d21ad3b30ea
1999,1999-04-21,ゆらゆら帝国,ズックにロック,e4ae217c-84b4-3486-a4fd-dd1e42590ae3
1999,1999-06-21,アカリ (CV.飯塚雅弓)・ユウキ (CV.榎本温子)・ノゾミ (CV.山本麻里安),めざめ／トライアングルセッション’99,202c8b42-33d0-4530-9492-d33fcde91276
1999,1999-01-20,アルベルト・コーレイン (CV.置鮎龍太郎),悠久幻想曲 キャラクターシリーズ Vol.8,5bb8dc1f-0ed9-4dfa-aa87-a14a761a0dd9
1999,1999-01-20,アレフ・コールソン (CV:子安武人),悠久幻想曲 キャラクターシリーズ Vol.7,290f9cdf-074f-4419-957d-7459082d3fa4
1999,1999-04-21,ウヨンタナ / ※-mai-,ユメノカケラ / 鎮-requiem-,ee58b655-4054-30cb-a9df-e30fdfcd17fd
1999,1999-10-14,ウルフルズ,ヤング ソウル ダイナマイト,85258d9f-25d7-349b-9487-654fda6cd2bd
1999,1999-11-26,ウルフルズ,夢,36e7d4ba-e2de-4da8-8f62-ec69b0160312
1999,1999-11-03,エクセル♡ガールズ,愛 (忠誠心) / メンチ・哀愁のボレロ～食すのね,88e11270-fe0c-3968-a8f4-45a051244436
1999,1999-12-08,エレファントカシマシ,ガストロンジャー,d6a8aa52-5748-4590-9be9-c26ce08bf4fc
1999,1999-01-27,エレファントカシマシ,愛の夢をくれ,3541928c-3fdf-4403-bebc-b732e611384b
1999,1999-04-28,エレファントカシマシ,真夜中のヒーロー,23c702f6-116d-4405-9c73-4b8b28bfae93
1999,1999-04-21,オセロケッツ,ミリオンボーイ,936fa38f-da94-4892-9d39-46008df643d0
1999,1999-06-02,カジヒデキ,MR.SWEDEN,ff707243-c3b8-31c1-b2a8-00b9c17addc1
1999,1999-02-01,カジヒデキ,クイーン・サウンド・バブルス・アゲイン|死ぬほど恋して,995f5eb2-2319-437f-9e95-207baa03a82d
1999,1999-07-23,カントリー娘。,二人の北海道,b0188f97-298e-33c6-8c3c-ceb2bf8391e4
1999,1999-11-30,カントリー娘。,雪景色,0821f207-ccb6-36e9-9bdf-90753c6871f9
1999,1999-08-04,キャイ〜ン,勝ちに行こうぜ、アマノくん!,214f36bf-5fae-4b1f-b391-2573a8957fbb
1999,1999-06-23,キリンジ,牡牛座ラプソディ,cebcc639-5409-45a2-b06e-9b9178f8b146
1999,1999-05-04,ギルト,elm -エルム-,d68de152-c026-4c2f-91e2-fc8d0ffb5ef6
1999,1999-09-08,クライベイビー,Everything,1aae4829-6848-4713-87e2-1936b44a8d98
1999,1999-05-08,クライベイビー,お守り,27a44f39-3f6a-47f7-b1f5-f51931f035e9
1999,1999-03-25,クラムボン,はなれ ばなれ,faa079c0-b655-4486-961d-d01eb71558e9
1999,1999-07-14,クラムボン,パンと蜜をめしあがれ,9c6b8557-eb53-4348-86e0-ec0ae803f2b1
1999,1999-12-15,ケツメイシ,こっちおいで,94a643aa-e08b-3ac1-9be6-72ae94bf0b41
1999,1999-08-17,ココナッツ娘。,DANCE & CHANCE,7574182d-351f-3a23-9843-ecc8b3b05d79
1999,1999-07-23,ココナッツ娘。,ハレーションサマー / サマーナイトタウン (English Version),568ecac9-8f44-33ff-88c1-f44c934834fc
1999,1999-12-01,ゴスペラーズ,パスワード,ddefb129-10a9-473f-9af3-3c2efd1c5819
1999,1999-06-19,ゴスペラーズ,熱帯夜,8f8777d1-8369-4d98-a29d-55fdcbee7e31
1999,1999-02-24,サイコ,DOWN-UP,25965f5f-0e91-45be-803c-c3d7f558e07c
1999,1999-03-25,サザンオールスターズ,イエローマン〜星の王子様〜,11644884-c0bd-4fa4-ae40-be2737fa62b1
1999,1999-09-22,サニーデイ・サービス,夢見るようなくちびるに,5ab0a5b6-c218-4d97-a29d-6b7703583abd
1999,1999-07-01,ザ・ウォーター・オブ・ライフ,クロール,75e16c6d-9ef2-4083-ae18-559f4e46cb09
1999,1999-11-20,ザ・ウォーター・オブ・ライフ,ロング・ロング・ロード,bc03cde9-2eda-46bc-8586-87f33a83026a
1999,1999-11-03,ザ・コブラツイスターズ,夢の旅人,ecbf904f-93aa-31f3-bef3-9e90540529c5
1999,1999-11-20,ザ・チョップスティックス,Lover's snow,ffabece1-4c35-406e-b28e-5da383099679
1999,1999-06-19,ザ・チョップスティックス,ふーせん,1f7037d5-34ac-48d0-bc3d-2efa518cc267
1999,1999-08-21,ザ・チョップスティックス,キセキ,8ce569fc-656a-430f-82c4-45c1ad0e4db0
1999,1999-06-19,ザ・トランスフォーマー,Nothing to lose,f81bae91-5cf1-4504-a813-0c677b434ce0
1999,1999-10-21,ザ・トランスフォーマー,あるがままに,a5aaa156-c035-40bb-a701-7d0a15112a90
1999,1999-08-21,ザ・トランスフォーマー,クルッタキセツ,4958367b-e916-4805-b05b-c2454033c674
1999,1999-05-21,ザ・トランスフォーマー,赤い花,fdbb6546-d4fc-4560-8e71-409f4128f1d7
1999,1999-03-20,ザ・ピンク・ストッキング・クラブ・バンド,BOY(Be with you),8126c94f-7072-4063-b5d6-3e0296632195
1999,1999-07-07,ザ・ファンタスティック・デザインズ,ソーダ・ポップ,4d59b0ad-b9d5-4683-ab1f-9394766129ca
1999,1999-10-06,ザ・ファンタスティック・デザインズ,隼,259457dc-3deb-439f-a6de-d5b6ad4c0a26
1999,1999-09-08,ザ・ヘイズ,じゃんき〜がーる,a5e64488-d1e3-4a99-b5b1-5602a23a98a3
1999,1999-11-03,ザ・ヘイズ,エグザイルス,350ba51e-9d92-4f74-b5bb-0076fd22d599
1999,1999-02-17,シャ乱Q,君は魔術士?,40b4ff79-d260-305b-89b7-6079a7ddefdb
1999,1999-08-15,ショースカ,星の海へ,bc727b91-751c-4696-af5d-3d5c9f3f675d
1999,1999-04-25,ジァイアントステップ,バブル・オン・フレーバーe.p.,4215bb96-9326-4829-904c-7693a95557e0
1999,1999-11-10,ジァイアントステップ,熱病e.p.,186db4f2-3ffa-4b39-a759-a4558b47be6e
1999,1999-08-18,スィートショップ,夏の終わり,744b6c52-13b9-43d9-83f6-0853fe21fbf6
1999,1999-11-01,スィートショップ,遠い街のどこかで,ff57879b-0031-4545-b153-702eef14a429
1999,1999-06-02,スィートショップ,雨を見てたよ,9fc0651f-9364-4063-9ce7-42d1bb47054e
1999,1999-08-18,スガシカオ,あまい果実,65e1e256-b9ff-4f94-983c-0237895e794d
1999,1999-06-23,スガシカオ,夜明けまえ,81fcd5b1-cec2-4201-81e5-bc643fcd9dc5
1999,1999-08-25,スキップカウズ,返事はいらない,6cb53123-08de-490b-a425-768db15cba01
1999,1999-04-24,スケボーキング,ドノミチ 赤盤,cb4ffc88-7235-41cf-a114-a9c8796b1f8b
1999,1999-04-24,スケボーキング,ドノミチ 青盤,02971465-d7c3-45f8-8b5a-ca1240bf21fb
1999,1999-07-21,スケボーキング,ホンネ ブンノ タテマエ,7283e342-12ce-4d3a-92a8-972946e3db6e
1999,1999-07-21,スネオヘアー,夏より,2fa69443-6b16-40fa-bd7c-adf6b896022d
1999,1999-04-28,スピッツ,流れ星,44582b8c-76cc-4271-89c9-7811e46bfec8
1999,1999-09-22,スーパートラップ,ハンディキャンディマン,933efa3a-fedd-4bdd-951c-e045f6ff1b43
1999,1999-08-04,センチメンタル・バス,Sunny Day Sunday,950655fa-cfb7-4b3b-af4e-4f2ef6c75a52
1999,1999-04-30,ゼリ→,JET GLASS,2c241822-20bf-4e21-a835-0c2f27d6b92a
1999,1999-06-30,ゼリ→,ROCKER,e4b358a9-e4b7-4c36-ae45-9f2f71eb9ad1
1999,1999-07-14,ソニア・ローザ,愛のダカーポ,f48f0c7f-d511-4db0-9490-52932ed6df23
1999,1999-04-21,タイムスリップ・ランデヴー,IT'S GONE NOW,2c8f72f5-b45f-4a74-befa-cd10e7a1a119
1999,1999-03-10,タンポポ,Motto,9a7f1772-ccd4-30c6-b0e7-02cec9d5539b
1999,1999-06-16,タンポポ,たんぽぽ (single version),8929e484-e750-369b-ac5f-a6c588b746fe
1999,1999-10-26,タンポポ,聖なる鐘がひびく夜,315962c2-3669-3a62-ac26-ea799157189a
1999,1999-03-03,チェキッ娘,はじまり,a3ebc663-081f-324d-9b2e-8ec9b1fe678f
1999,1999-05-26,チェキッ娘,最初のキモチ,25d215d5-79ae-4b6c-9d4b-d16cabdf8c65
1999,1999-07-16,チェキッ娘,海へ行こう ～Love Beach Love～,6db6f507-5f93-402f-8f8d-61a8c9b71025
1999,1999-06-23,チャン・スー,なんや知らんけど|Reach for you,b9b9133c-cbec-4c92-b244-136513f652d8
1999,1999-02-24,チャーミースマイル&グリーンヘッド,ボクたちの旅,95436bfc-9c3a-40cd-8f01-790985306477
1999,1999-09-22,ティンク ティンク,ティンク・ティンク/いいあんべぇ,0106e211-9e12-4a8f-8d25-f3d38b8f4320
1999,1999-11-01,テライユキ,ETC / Bohemia,3f7b2b52-c1ee-49bc-b060-9beb3fcd3dc2
1999,1999-09-10,ディスポート,ライフ・イズ・ブルービート!!,8969131e-ac2c-45ae-84e1-4ad0dc35d5aa
1999,1999-11-17,デイジー,甘い悲しみ,460aed42-2aa0-4c58-953e-bfc5eb3baecf
1999,1999-04-28,デイジー,静かに揺れて,4f3d5b31-edd4-44d0-af83-5146127b7842
1999,1999-05-21,デスマーチ艦隊,いろいろあるけどラララのラ,ac82a5b7-087d-48b4-8f4e-bcb1780939b8
1999,1999-07-21,トライトーン,夢がかなうなら(明天我要嫁給?),f72d1f00-c108-4e03-8881-9e402469681b
1999,1999-07-07,トラブル,ダンシング・ウガチャカ・ベイビー,f27e022e-0b22-464a-91ae-3c87d8f34b00
1999,1999-07-01,ドッグ・ヘアー・ドレッサーズ,コッペル,3a57aa0f-9bb3-40fe-a095-b8228280b70d
1999,1999-05-21,ドミンゴス,キッチン,96c67bf2-43f5-408f-bce4-66f3820553c3
1999,1999-06-19,ドラッグ・ストア,Mr.Bassman,68a9effa-d56f-4cb3-92ad-6f06f260a5e8
1999,1999-12-18,ドラッグ・ストア,ジャンク,9ca1e194-ffae-4617-82ca-0a39ca9a4701
1999,1999-02-21,ドリーミング,マジックスクール・バス,2e0a68bb-efec-40b0-8831-9bebb133c0f6
1999,1999-12-22,ナガハタ・ゼンジ,ナガハタゼンジ/zenji nagahata with mustangs,46be30d3-cde7-41e5-9a96-abbeec014a13
1999,1999-05-21,ニキ♡リナ,1or 8,1eaabc5d-8c23-4ca0-b0cf-1cc28874ba9f
1999,1999-10-27,ニャース(犬山犬子) ゲスト:ムサシとコジロウ,ニャースのパーティ,1af2b09b-f5d0-4793-921d-eddc72737b90
1999,1999-03-03,ネプチューン,明日に向かって走れ!,255886b8-1d6e-4cb5-a6c0-402af9c06e62
1999,1999-03-05,ハックルベリーフィン,冒険,82ac52f9-0769-4f6c-909c-7f9181ca72af
1999,1999-08-18,バーゲンズ,プレイス,472a642e-15f2-48e1-bbb9-810a6a41eb3f
1999,1999-07-28,パイレーツ,ぼくらのVICTORY,e6f132d2-f858-409b-86c3-daa315b64657
1999,1999-05-21,ヒックスヴィル,孤独な心臓(ハート),8f0d07c1-ce42-4805-b517-a50787aa7652
1999,1999-11-21,ビレッジパープル,SO GOOD,39f9371a-70a7-4cc5-8748-81b6d31a4684
1999,1999,ピュエラ,1124430824,0d211fa9-738f-4fdb-81af-0c829fceebca
1999,1999-03,ピュエラ,カメラ オブス キュラ,eadc313e-6b7c-4d8f-8315-1f9f51d4a5e7
1999,1999-11-25,フカミドリ,さよなら君よ,dce0dbef-abb3-4bcd-973e-29b0ec3977e1
1999,1999-01-15,フジワラカヨコ,僕の生まれた町,39a85547-4eb1-490f-8a0f-40168979f39e
1999,1999-03-20,フーリューズ,夢見るのも大変!,6c813b2a-526c-43ee-9178-3368c34e9988
1999,1999-08-06,ブラウニーズ,スリーピー,41d5b873-47c7-4102-83a9-d9a2cb2f5d8a
1999,1999-12-23,ブラウニーズ,君なしで?,4d5c48eb-ded2-4a43-b9f0-e1b3a0acfc5c
1999,1999-11-20,ブリーフ＆トランクス,コンビニ,39a222dc-01ab-3792-b7e8-3b3c970cce6d
1999,1999-08-25,ブーイング・シェーナー,ブラ・ブラ・ソング,a430fe03-a43c-4af9-9c0e-b5755d68fc3f
1999,1999-12-01,ブーイング・シェーナー,月夜の恋唄,cda0c0ae-564a-44d0-8c30-d813912bf0f4
1999,1999-11-21,ブーイング・シェーナー,笑う人,e5ed9c55-85dd-4839-bcf7-21ef6f93bc51
1999,1999-11-25,プッチモニ,ちょこっとLOVE,6d03ff5a-0905-3117-8467-c3eca287d62e
1999,1999-07-17,ベッキー(&ポケパークKIDS合唱団),そらとぶポケモンキッズ,8db354ff-b98d-448a-b537-3ae017c659ed
1999,1999-06-19,ベレイ,やさしい花びら,2d16ad32-3f21-4ee0-b6a8-a72162423441
1999,1999-02-21,ベレイ,やさしい花びら,7c29c24c-4bef-497f-9a79-501fb69afc1d
1999,1999-07-16,ペンギンノイズ,パズル,07b5f52f-3e50-4321-a94f-926eef7a3b1c
1999,1999-10-08,ペンギンノイズ,マイ・ライフ,88b61e69-6a8b-485a-999b-36e2a412f1b9
1999,1999-09-08,ポルノグラフィティ,アポロ,f114c49a-0e5a-31d4-8bdd-29160b42db84
1999,1999-01-23,マキ凛子,GO GO!爆外伝,5297d98a-082a-4728-a484-3ef0407ebf29
1999,1999-09-08,マグースイム,抱きしめたい,aaad4dfc-272d-4bd1-816f-f240359ef471
1999,1999-08-18,マリア・ショート (CV:丹下桜),悠久幻想曲 キャラクターシリーズ Vol.9,7458c70e-a3ac-4eff-abbd-b76b917744b9
1999,1999-07-23,ミスMaps,GIVE A LITTLE LOVE,2cc0f939-1861-45fb-acc1-c4e73ae80520
1999,1999-07-24,ムック,アカ,84a1eb7b-c804-4417-858d-e986bb88a4a1
1999,1999-02-10,メトロノーム,8bit ガールズ ブラボー/ミホトケ,2c4e2142-d4b0-44c3-a1ef-709c0fcfac9f
1999,1999-05-09,メトロノーム,DORTER/φD-SANSKRIT,2a9dfed5-374f-4186-9fed-83aabcee7a00
1999,1999-07-26,メトロノーム,SINGLE TOP Religion,49e86a76-319f-3593-b43f-a22af5407dae
1999,1999-05-09,メトロノーム,無料配布用デモテープ,1459eabd-12f0-4823-a302-95a47df2d64b
1999,1999-09-09,モーニング娘。,LOVEマシーン,fcd58b7d-77c0-37db-9334-5f50d92b09f1
1999,1999-02-10,モーニング娘。,Memory 青春の光,63bec040-286f-3041-8428-83e7857dab47
1999,1999-07-14,モーニング娘。,ふるさと,42b67947-f299-32bd-8a1c-dcff0e119ff1
1999,1999-05-12,モーニング娘。,真夏の光線,199fe8be-9d72-33dd-877d-dfa46d88e5f6
1999,1999-10-21,ユリアーナ・シャノー,Blow'in in the Wind,63380a6d-17e2-4924-9835-62d2a6076e10
1999,1999-02-24,ユリアーナ・シャノー,もういちど教えてほしい,da586eba-66a2-49b9-85a8-c00b7009c584
1999,1999-09-08,レピッシュ,Blackbird,93361f34-19b0-424f-8305-957c29be3f47
1999,1999-05-21,ロスト・キャンディ,loveless,aaa6beb6-23da-4174-84f1-ba132324b5dc
1999,1999-09-17,ワタナベイビー,エブリモーニング,77e7d3c1-4803-4c46-94ee-1b77d0e4da4a
1999,1999-11-03,ワタナベイビー,坂道,9ec44432-d8fa-4769-989b-4108d2965873
1999,1999-11-21,一条聖矢,過ぎた日々に,7f7ecf7a-6373-4bf8-9e41-101f3201ae5b
1999,1999-11-10,一葉,かもめの街|硝子の橋,3da9a1c8-0876-4d3f-ac7a-f6fec058e174
1999,1999-07-23,一路真輝,月の詠唱(Aria),517d0bb9-283b-44f4-8078-ebb1e54305e2
1999,1999-03-20,七尾旅人,鉄曜日の夜→蘭曜日の朝,d14a30af-b216-4f1a-b279-a40b42c45572
1999,1999-11-10,三佳千夏,"Love, Yes I do!",939e3ebf-8e49-3cd8-aea2-0a246661f1ec
1999,1999-08-04,三佳千夏,Unchain My Heart,6b2fb883-ca87-3624-83eb-285f8f84fc4b
1999,1999-06-23,三沢あけみ,ふられの酒,2308053c-e1f9-453c-aeb8-6ab24e6efc5e
1999,1999-05-19,三浦大地,Big heart 〜ミクロマンのテーマ〜 / Perfect World,2702e589-c3a5-4d59-8a0a-f773631168af
1999,1999-05-21,三重野瞳,ガリレオの夜,4ffde6f8-37d9-42c2-8766-c205953cb40d
1999,1999-09-29,上原多香子,Come close to me,df3828fc-9433-44fa-97e5-25ddace871f9
1999,1999-03-25,上原多香子,my first love,e381da40-f694-4c4b-85ea-0fc15f6f8755
1999,1999-09-22,上杉香緒里,のんべえ,e5e9e3df-9cda-41ed-9e4c-718cabfaa4fc
1999,1999-01-21,上田知華,Time To Say Goodbye,5f711221-53b0-43b8-9afd-131d67b21999
1999,1999-05-06,下地暁,遥かなる想い,62591eca-d924-41a4-bca2-b6ab5ac962bb
1999,1999-07-23,下地暁,風のあやぐ,a60bdaa6-746a-48ec-bf4c-57678e4e0755
1999,1999-10-20,下川みくに,2000EXPRESS,13f433df-647b-31b9-a2c6-6db597433558
1999,1999-04-28,下川みくに,BELIEVER〜旅立ちの歌〜,23d62d5f-5112-35d9-8773-0c39ad2a1cec
1999,1999-07-28,下川みくに,If 〜もしも願いが叶うなら〜,26c13c0d-57e1-38e6-8e49-e6f362d038d9
1999,1999-12-18,両津勘吉とこち亀うぃ〜ん合唱団 / 斉藤レイとこち亀うぃ〜ん合唱団,おいでよ亀有,ad9a9a04-9885-4694-9edf-c38086e641ea
1999,1999-04-02,中司雅美,Feeling Heart,4dfa96e9-eb72-44ac-9d42-143887f78b99
1999,1999-05-19,中山美穂,A Place Under the Sun,ef51662d-331c-46d3-bde1-4e7d91100ad3
1999,1999-09-16,中山美穂,Adore,06dbe183-a25d-4ce2-a7b6-987f9de89f80
1999,1999-09-01,中島ちあき,Don't Take My Time,36ac2bc7-93e9-4695-80df-23f3a0b0d060
1999,1999-08-01,中島ちあき,"Lovely,Love Me",25d77c51-6acd-452e-a6f1-b945fbbe2f89
1999,1999-06-19,中川明,わたしつくします|平成ええじゃないか節,4b252bea-fc2b-42f5-9665-92e63e7e0961
1999,1999-09-22,中村一義,ジュビリー,af63b367-4ae5-4946-b407-dacc130cd3ab
1999,1999-05-26,中村隆道,It's all right,2c0c0e5d-4039-4127-9737-a7130c2ff974
1999,1999-01-21,中条きよし,宿,695ba84a-0d3d-41dd-883d-fb15348c96cb
1999,1999-12-01,中森明菜,Trust Me,a626ef0e-6e35-411c-9c61-89ebeb0fbc1a
1999,1999-01-21,中森明菜,オフェリア,9b8d065e-8928-4f85-8042-099678e63e55
1999,1999-06-09,中澤ゆうこ,純情行進曲,4a888648-533b-36af-a1c1-3ee06d2677c0
1999,1999-09-03,中田久美,女の演歌,0b27d1d7-a559-468a-b00b-d7fe5949fa95
1999,1999-02-10,中谷美紀,クロニック・ラヴ,a770df5f-3ea6-3079-a526-e04bb08efaed
1999,1999-07-28,中谷美紀,フロンティア,62cf2656-c074-448b-b272-f15d6ce7bbca
1999,1999-11-27,中野テルヲ,Let's Go Skysensor,e5bd81c0-9713-4c15-bb57-45be103fcc6d
1999,1999-04-12,中野テルヲ,Winter Mute (part I),92c25ae8-6c91-4b88-886d-8c711914bec1
1999,1999-03-27,中野テルヲ,Winter Mute (part II),acf95703-1187-4606-a49b-deb6445f9969
1999,1999-07-23,丹下桜,Bright shine on Time,80635780-b284-46cd-8d4b-2a63998bb5f7
1999,1999-09-22,丹下桜,TO LOVE,7185c71b-b23f-44a3-8d0a-a0d5170ab32d
1999,1999-03-05,丹下桜,Wonder Network / private link,e154a639-0107-4fce-8fd6-edab90fc88f8
1999,1999-12-15,丹下桜 & 氷上恭子,C.H.O.C.O.,79d7643e-d30c-3f86-8a17-213dd2522f94
1999,1999-09-08,久保田利伸,"Messengers' Rhyme 〜Rakushow, it's your Show!〜",b34041c0-45a5-4aa7-a0f2-0edd5060b886
1999,1999-07-28,久保田利伸,SOUL BANGIN',1681f1b5-c588-42c1-a966-4ac162803f87
1999,1999,久保田利伸,SOUL BANGIN' special remix special remix for NEW LAND CRUISER PRADO,9e1c96dd-17a4-4d2f-a8f4-2bebb0b32197
1999,1999-07-28,久保田利伸,サウンド・オブ・カーニバル,934fa63b-a403-4b8d-9271-874be454f7fc
1999,1999-02-10,久宝留理子,Perfect Circle,4ccb1f27-f4c2-40ef-8bc1-3a8b199e96cf
1999,1999-08-25,久宝留理子,一緒に帰ろう,41a4b911-fa7a-42ab-bfb7-6f4cc2f6cf9f
1999,1999-09-22,二宮ゆき子,まつのき小唄|三味でダンスを,f3c3d630-f240-42bd-9687-be74ae2f3bb8
1999,1999-11-01,五島良子,BLUE BIRD,dc564096-79ba-3af9-a34f-bc29718e7f90
1999,1999-07-01,五島良子,OPEN UP,b9f4937b-7464-308d-9257-30f9c6726486
1999,1999-03-31,井手麻理子,～Seek～それが愛かもしれないから,a92099d8-e606-3c01-a568-f2e9990d2018
1999,1999-03-25,亜波根綾乃,All my life / 生きる足音,9557fd11-196c-42eb-a754-659630f378e3
1999,1999-08-25,亜波根綾乃,My home,ebbca587-2dc6-4ca5-b3cc-13ef707ee1f1
1999,1999-05-19,今井美樹,SLEEP MY DEAR,4ed8b621-656a-43c4-a757-6e49c2cbec84
1999,1999-01-13,今井美樹,氷のように微笑んで,95ff388e-e7c9-48a7-a083-e1bd28a2341e
1999,1999-07-31,仲間由紀恵,負けない愛がきっとある,72c05e75-81df-4087-8e2d-4fe52e565078
1999,1999-04-01,伊織,莎花,1729034c-8d9b-46fa-bc38-68ece690679d
1999,1999-11-25,佐々木ゆう子,pray / ギュッとずっと・・・,1e05d20a-6b51-3bbf-8e04-7c2b90326e67
1999,1999-01-27,佐々木ゆう子,PURE SNOW,8903fce7-e1f3-3974-90d7-a5205c338c3f
1999,1999-06-21,佐々木功,ウルトラセブンの歌99,e74eb877-ee52-4a1c-add2-cae7976656ae
1999,1999-11-03,佐藤竹善,WIND OF CHANGE / CHANGE THE WORLD,33d7e293-7bfb-4174-b6d9-8093eea350d6
1999,1999-12-20,佐野元春,INNOCENT,a6d30189-8efd-49e7-9590-2d596e590d4a
1999,1999-07-23,佐野元春,"だいじょうぶ,と彼女は言った",9eb43f22-4f02-476a-ad9e-89095a6b7889
1999,1999-03-01,佐野元春,僕は愚かな人類の子供だった,15d103c5-dfa5-4923-8748-29f6d769605a
1999,1999-12-01,佳苗,Kitto... / 途切れた I love you...,45b1817f-096c-4ae1-ad61-0cb32e63ca28
1999,1999-05-26,佳苗,“Kyun”,9171dd9b-b540-4238-b1d9-703190333939
1999,1999-05-28,保志総一朗,ONEWAY RADIO,c62056ec-0f86-3c7e-a24b-870ebfcfe8df
1999,1999-12-08,倉木麻衣,"Love, Day After Tomorrow",43928c86-30e3-33bf-ba11-64e663605b8c
1999,1999-05-26,八反安未果,SHOOTING STAR,029f2194-990b-4f9f-9a2b-86260489bf31
1999,1999-03-03,八反安未果,Your Love,5a8b3965-85d3-48e7-a926-6e1015d48eec
1999,1999-09-29,具島直子,MISSING YOU,9f714cb9-e87c-48f2-8b2d-26a9db879dca
1999,1999-10-21,内田明里,つぶやき,f0878e3c-2a27-474d-b5f3-c563e780a7e7
1999,1999-08-25,内田有紀,楽園,94dc59b6-670c-4530-9386-f1ebebbb9fd9
1999,1999-10-13,内田有紀 supported by CHUYAN,楽園—Memorial Tracks—,d61a4192-05db-4d51-b4d6-26a1e67a0111
1999,1999-05-21,冠二郎,太陽に叫ぼう|俺が天下の脳ビタくん,4ec5e8a6-9d3e-4ce3-a75f-7b4ddc7b9212
1999,1999-08-25,前川清,この愛に生きて|さようならの彼方へ,62d4db0a-e761-4884-9b17-1c57261e02aa
1999,1999-08-25,前川清,そして神戸|恋さぐり夢さぐり,0b96e2c7-b9d2-46ac-93de-28a2b7a38b11
1999,1999-09-22,前川清,別れ曲でも唄って|夢一秒,8d14d5c1-71aa-4b72-8de2-adf89c90fc5b
1999,1999-08-25,前川清,噂の女|昔があるから,558cb926-3823-444a-a285-f542bd5ea836
1999,1999-09-22,前川清,恋唄｜海鳴り,8b3f333a-f903-467d-b831-3fd45b3009e4
1999,1999-07-23,前川清,明日に|さよなら東京,69ade54b-5302-4137-bf42-e3d7661c0897
1999,1999-09-22,前川清,男と女の破片|花の時・愛の時,ad335e94-e5af-49ea-8118-e30edfa9da13
1999,1999-05-26,前川清,神戸|蛍…どこかで,8d6b4a3b-fe8a-409a-b2c6-ae34bffa9dd0
1999,1999-08-25,前川清,逢わずに愛して|愛の旅路を,46bfa07d-d68a-49d9-aa28-9ba563c4454b
1999,1999-08-25,前川清,長崎は今日も雨だった|中の島ブルース,f5d429bf-605d-4eb4-9b1f-ffee84f549a8
1999,1999-03-05,前田亜季,ごめんね,bff4bce2-fb46-4990-a5c5-58b056528bf4
1999,1999-03-26,前田愛,favorite child*ai maeda,96cb6e65-8b0a-4315-bdea-68a5f2708f37
1999,1999-04-23,前田愛,I wish,a0a94b77-2cee-3d4b-ac49-77cda97c8383
1999,1999-10-08,前田愛,keep on,e94721be-01a5-378d-bb6e-99c68a58e1c0
1999,1999-08-21,加藤いづみ,TRUE SONG | 未来へ,24b52e57-608d-4c46-b58a-e2e147969d2b
1999,1999-12-18,加藤和彦,愛はピカピカ,ee349818-94bf-4e55-b46e-754fd5f0eb1e
1999,1999-01-13,加藤紀子,はなればなれに？,363efa0d-8e1a-4743-9c3f-ed24f738c316
1999,1999-03-20,加門亮,黒のララバイ,7a35343e-14f2-41ac-8536-b5ec3521acf3
1999,1999-05-21,北岡ひろし,きずな酒|せめて…大阪,f21dfd00-c669-45cc-8afd-93616c3bc373
1999,1999-08-25,北川大介,前橋ブルース|愛に泣く女,b0c04685-c778-4122-96a1-dcd00a4e4c95
1999,1999-11-25,千昌夫,やいま(八重山)|三拝云〜ありがとう,0bc71fc5-6efd-4146-8e0d-b107dfe867b4
1999,1999-11-25,千昌夫,アケミという名で十八で|さよなら三角また来て四角,7a591694-65f3-4630-83f5-3e8e0f0387a4
1999,1999-11-25,千昌夫,夕焼け雲|ふるさとの祭り,395a263b-5d8f-4179-974d-95e2f9999b41
1999,1999-01-21,千昌夫,酒暦〜ニューヴァージョン,49630be7-0182-4f66-9d78-6c25d8517bfe
1999,1999-02-26,千聖,falling over you,520b6400-fe4a-4732-9dac-21895cf027f8
1999,1999-11-20,千葉紗子,Carry On Everyday,181d430f-6efc-46ef-8bea-633f922d07ea
1999,1999-02-27,千葉紗子,恋の奇跡,1727233b-d29e-4f45-83f1-35d91ed28b06
1999,1999-09-22,千葉紘子,折鶴|初めてのお酒,94d60f6f-e8da-4492-8f8b-a554ca97766f
1999,1999-04-21,南こうせつ,夕暮れまで,266ea607-5a72-4dd1-8c93-65475eaa9067
1999,1999-08-21,南一誠,ふりむけばいい女|浪漫世代,bb2ba0ec-d3fb-4b59-a0d0-a51044808808
1999,1999-04-01,南佳孝,壊れたラブ・ストーリー,63e4bdce-7fe9-4187-a9e5-cfa730171135
1999,1999-09-22,原田悠里,母ごよみ|愛の河,6d02025a-aa60-48f7-82d3-ec615d5723fc
1999,1999-09-22,原田知世,You can jump into the fire,13018cd1-dab6-4e35-9d80-cf8b5f63591e
1999,1999-12-18,又紀仁美,Be there...,f35181d6-b986-4388-b515-5a3688e6d92c
1999,1999-06-19,又紀仁美,ひまわり,f434e215-fc25-4954-b0de-7f99f79db9fb
1999,1999-04-21,又紀仁美,手の中の宇宙,b5a85e7c-0e21-4d7c-9a7b-d6c076c9c230
1999,1999-12-18,反町隆史,POISON moviemix,cd48668c-bbb0-48e9-9bf3-8811329273f7
1999,1999-10-27,古内東子,45分,549e8b4e-aea0-4420-ad3b-f2345cfacad1
1999,1999-09-08,古内東子,返事,5d1c590c-afc9-42ae-b5f9-e48f262a5bf5
1999,1999-04-01,古家学,雨のピリオド,14e5c682-0e57-425f-af7d-2d19db04aef7
1999,1999-04-01,古家学,雨のピリオド,60e95066-e5d3-4357-b27b-f50af8511145
1999,1999-05-28,古田三奈,あなたのために|横浜レイン,203819d4-7a98-4be8-85dd-a76e19ad631f
1999,1999-04-21,吉川ひなの,メロウプリティー,38f7b732-2399-48ff-aabf-bda2a042951e
1999,1999-02-24,吉川晃司,Glow In The Dark,1650bbc7-1464-4f5a-9f05-6dee93a1a602
1999,1999-07-07,吉川晃司,ギラギラ,edce7b59-af6e-4bb7-830e-1766e80c5c85
1999,1999-01-27,吉沢梨絵,FOR REAL,6696e982-1801-4d7e-9c4c-322585326127
1999,1999-11-10,吉沢梨絵,「ねぇ 何で･･･」,4a70c04a-9542-429f-a6ae-8cbe7be10392
1999,1999-06-09,吉沢梨絵,終われない理由〜CUBE〜,30d21027-3a57-4da7-99f4-029f120d4f3a
1999,1999-05-26,吉田拓郎,心の破片,02a5e825-e52f-4e56-9b17-d6a5513e26e4
1999,1999-12-01,吉田拓郎,気持ちだよ,f304b4d9-6e27-4cdd-9120-feb25965c8f7
1999,1999-06-19,吉田拓郎,蒼い夏,891d4063-261c-4009-bd7c-f0a6eac6afc4
1999,1999-08-04,吉田里深,Fairy Tale,bfe1a3e8-3a49-4087-9372-9caa4d191063
1999,1999-08-27,名古屋司,知恵と勇気だ!メダロット,a9014870-3764-4c43-84ff-82668e7df521
1999,1999-07-14,和田アキ子,ぽろぽろ,d5dc3ea8-244f-4033-b1d3-899d65f87df4
1999,1999-04-23,和田光司,Butter-Fly,bb3946fc-1a3c-3f9d-8aef-29a2bfdbef8b
1999,1999-05-21,嘉門達夫,ええ奴やんか,6dce5b15-ca87-4d52-83f0-e29661df4a02
1999,1999-09-22,嘉門達夫,それはまるで,a1ca575d-0c2f-4288-9c4a-07ed8f34f714
1999,1999-02-24,嘉門達夫,誰がそこまでガンバレ！言うた,524fc5d1-ea4c-4833-9981-88151a1cac43
1999,1999-10-06,国府弘子 & 室井滋,世界はメロディー / 忘れないよ,30b98068-ae0f-4752-80c1-43e4a8993034
1999,1999-01-22,國府田マリ子,待っていました,e9c0a0f8-55be-44a3-b37b-1b6d3a5de573
1999,1999-03-21,地獄絵,切断ノヲト,7c4cde51-cc79-44f2-b975-ecbad1b0d983
1999,1999-05-21,坂本サトル,天使達の歌,07b6ffe0-b8a8-43fb-ab05-1e80ebc2ef34
1999,1999-10-21,坂本真綾,プラチナ,876048f6-7b01-3ae1-92b9-d20bb791a979
1999,1999-09-08,坂本美雨,in aquascape,0cbc5371-e8df-4a47-8832-a283cc37f734
1999,1999-05-26,坂本美雨,鉄道員,330e7e10-486c-3a20-ba5b-5e40df6e62b5
1999,1999-05-26,坂本龍一,ウラBTTB,4ed0cb8b-4395-308a-bec8-dfc0d5e5c559
1999,1999-10-20,堀内賢雄,All night?All right! 〜夜を始めよう〜,53d3e5e0-da93-4238-ae9f-fd227150f335
1999,1999-03-17,堀江由衣,Brand‐new コミュニケイション,1589d871-7104-38f4-8838-829fda30a090
1999,1999-01-21,堀江美都子・水木一郎,輝け!!スーパーヒーロー,636c66ba-526f-4437-899c-5cf04c6a4c19
1999,1999-12-01,堂島孝平,センチメンタル・シティ・ロマンス,864b6cf6-1362-4c44-9600-88fd57f75404
1999,1999-11-20,塔もこ,ジングル・ベル,ddaa123f-6fb3-4c60-8491-a989e0e3328e
1999,1999-04-21,大久保海太,パンチ,41951b88-c4ea-4121-b491-02cc4554c3bf
1999,1999-06-19,大久保海太,ヴィデオ,2465f80d-2194-493d-a67b-fa77929b0cc5
1999,1999-11-20,大久保海太,僕等の心臓,56283bd6-dc35-4093-8440-36ca96bdda4e
1999,1999-10-21,"大仁田厚, 中島啓江 & 田中昌之",この胸おいで,88891a72-1b04-4a8c-804e-37f8cf199bc1
1999,1999-08-06,大友康平,TAKE ME OUT TO THE BALL GAME〜僕を野球に連れてって,f59303bf-d989-4f79-bf5b-bc1e467d5054
1999,1999-04-29,大塚利恵,東京,0156d66e-0318-48e1-a624-699ba0205e76
1999,1999-11-26,大島優子,港の恋唄 / ごめんね母さん,0d0872df-99d3-4c2f-b134-8625e3440e52
1999,1999-01-01,大平勇,From the East,9758e95b-fc06-4cee-9544-b7d59194a6e3
1999,1999-05-28,大月みやこ,恋しぐれ|哀未練,d297d1d5-9e00-4cc6-bd90-d89ff04d8f7b
1999,1999-09-22,大月みやこ,恋ものがたり|冬の駅,dc4ce379-5803-4fcc-9055-9d7a153c7cb1
1999,1999-09-03,大月みやこ,月に咲く花|今夜の大阪,87d9d474-f3cb-4795-b07e-fdfa34b8c423
1999,1999-10-22,大月みやこ,東京しのび逢い|歌はいかがですか,109a4e22-1a4a-4581-a104-69362d6b1909
1999,1999-08-21,大森洋平,US,6eb108df-27a0-3536-8728-6ab629df8579
1999,1999-12-01,大槻真希,memories,3c972b64-5a15-45a4-8aa1-cab9fe01ac7c
1999,1999-04-28,大橋りえ,Ask for me,440b6619-d5ca-4f55-b3f9-9e315010e385
1999,1999-07-23,大橋りえ,Turn Into Love,a222f0fd-752a-4129-92fd-fb1cdbe7537f
1999,1999-08-21,大橋純子,メロディ～SINGIN' IN THE LOVE～,9d7f6396-86a0-4db8-a4b2-d4b0836811bf
1999,1999-10-21,大正九年,三つの世界,1ecc4fc6-a93f-4cde-aea9-a4bbdad8e748
1999,1999-04-21,大泉逸郎,孫,9f1f637e-42c0-497d-9b75-bd5680455dc0
1999,1999-12-03,大葉るか,Edge of Innocence,bd341f16-5646-4130-8ebf-b3f94e4e4843
1999,1999-04-28,大賀埜々,Goodbye Girl,b180ae86-a930-459b-a3f3-79d4c60b77b3
1999,1999-08-04,大黒摩季,夢なら醒めてよ,8d4bf1a8-4992-4e91-9b1f-6369b500779d
1999,1999-02-24,大黒摩季,太陽の国へ行こうよ すぐに 〜空飛ぶ夢に乗って〜,59b39846-69d4-42d0-8881-c34f03602868
1999,1999-09-08,天方直美,be alright,810d03e9-3eb9-4905-9d96-de3481ae5bb5
1999,1999-08-25,太陽とシスコムーン,Everyday Everywhere,f29528b9-aa68-3fb1-b87b-6be97273ecec
1999,1999-09-29,太陽とシスコムーン,Magic of Love,2749a007-1f09-385d-a266-02eecc37629e
1999,1999-06-23,太陽とシスコムーン,ガタメキラ,61863564-58cc-3863-b299-838d4b394fee
1999,1999-12-08,太陽とシスコムーン,丸い太陽 (winter version),83d2130c-c572-30f8-a5f5-7d7410f4ab08
1999,1999-07-28,太陽とシスコムーン,宇宙でLa Ta Ta,a22554d4-c63f-38cc-a8fb-fe98b4d6274c
1999,1999-04-21,太陽とシスコムーン,月と太陽,b47afea4-1587-3e98-a209-52abec7145a5
1999,1999-03-13,奥井雅美,Key,6ec41d3d-fedd-34cd-b7dc-f8d16c5f3e98
1999,1999-07-02,奥井雅美,labyrinth,73d99eab-21fe-407b-9ea3-7d77e9502c0b
1999,1999-12-03,奥井雅美,"only one, No.1",96bb7052-2b25-3d49-92e1-8a0ad846f76f
1999,1999-11-26,奥井雅美,それは突然やってくる,f9ad0113-dae8-3d6c-a7bf-de20e5a80b25
1999,1999-05-08,奥井雅美,天使の休息,0c1736cd-0cbd-3e83-90f1-f8420c2fc684
1999,1999-01-21,奥土居美可,瞬の色をかえて,bba942d5-0f3d-4662-a958-decf10312bf4
1999,1999-05-19,奥村チヨ,パローレパローレ,e8662d14-f94b-4c68-a727-6c5c82e7114c
1999,1999-11-26,妄走族,stupid fuckin' times,982971cd-7ec1-4058-b7b6-a218b6ece33d
1999,1999,妖楼,False,2e2bba3b-d9cc-40be-a2eb-80ef4f4ee669
1999,1999,妖楼,闇に生きて・・・,b7cbc6a5-e836-4caa-896f-f68d1110266c
1999,1999-10-21,妹尾あいこ（松岡由貴）,おジャ魔女CDくらぶ その6 おジャ魔女ソロヴォーカルコレクション 妹尾あいこ篇,6e51fe1e-f00f-4050-a05a-ea145cee22f5
1999,1999-09-22,姿憲子,盃にっぽん|夢咲海峡,fb3cc154-13e3-405f-8e04-b60b818ad36f
1999,1999-03-20,子安武人,DEFEND THE TRUTH,8d8d2017-d28f-4dda-ad81-3d72260512f4
1999,1999-11-10,宇多田ヒカル,Addicted to You,99c1c5d7-cb5c-367c-a4af-24a5895407e3
1999,1999-04-28,宇多田ヒカル,First Love,947a1557-8462-30ea-bd8e-d5f82d41dad3
1999,1999-02-17,宇多田ヒカル,Movin' on without you,9e4d548a-144e-359e-ad54-506e25b3e92b
1999,1999-05-19,宇徳敬子,Realize,d8e358e1-67f5-47da-83a8-44d0271e6be0
1999,1999-10-21,安原麗子,子守歌・・・,971771f0-65df-4779-aae1-2d0284be8714
1999,1999-05-05,宮原理和子,True Moon,729250a5-23cd-43d9-8dcc-873bf046a0c2
1999,1999-06-25,宮崎歩 / デジモンシンカーズ,brave heart,3d5fb4b1-0a41-316c-962f-c41fbdece921
1999,1999-08-04,宮田和弥,赤いナイフ,ea20ffb0-61bf-463e-b1cf-20c7ce66fd58
1999,1999-09-22,寒雲,異邦の月|ベサメ・ムーチョ,c9062299-e1e5-401a-869d-2acd7e38d5b0
1999,1999-04-21,寺岡呼人,ブランニュージェネレーション,32bcd311-89f5-4241-9ce9-f9a5584399d6
1999,1999-12-25,寺岡呼人,悲しいほど青く美しいこの世界で,ad0095df-2a8e-47c5-becd-a8ec90cffb36
1999,1999-06-01,寿隊,嘘つき音頭,bef72128-d0d8-4d87-8c59-7fcadd5220a4
1999,1999-08-21,小室等&清水國明,まゆげの唄,19a91b66-2d4a-43cd-9174-89e0d4899644
1999,1999-03-03,小島麻由美,ふうせん,93634f55-9e68-4515-b9b6-5c7f86b197d7
1999,1999-02-24,小川七生,くちびる,ec3b9894-7b43-45d3-8d50-4615dde7d2d5
1999,1999-03-03,小松未歩,さよならのかけら,2429cc65-6b50-341e-8574-42a05e3d9186
1999,1999-05-08,小松未歩,最短距離で,fbea22cd-fa75-311b-a653-102976214d04
1999,1999-06-30,小松未歩,風がそよぐ場所,a636693f-a5a5-31de-91a0-af5c9991d7c9
1999,1999-11-10,小林建樹,青空,9de8a922-24ae-448c-b478-fc9880f8c02a
1999,1999-09-15,小柳ゆき,あなたのキスを数えましょう〜You were mine,c4e9f151-4dd6-4976-9f11-e6556c7e7257
1999,1999-10-27,小柳ゆき with trans@k,fairyland,1a543f66-a26a-492f-a3c0-9504f99a6a3d
1999,1999-06-23,小池映,myself〜蘇生〜,da5d80c2-4210-46df-9c5c-73f5cc5f01ef
1999,1999-08-04,小泉今日子,for my life|inner flower,00de1865-d92e-4a8c-b453-d86f64beaebe
1999,1999-10-21,小田和正,こんな日だったね,110581f3-5d03-4f67-b087-f1fd5dc9857f
1999,1999-02-01,小野正利,Heart,ddc519b6-1029-4a1e-b69c-d84b12b61e95
1999,1999-12-16,小野由紀子,戻れぬ旅だよ人生は|恋千鳥,6faffa8d-057c-4ec3-a3d7-3a9aa7f1f43e
1999,1999-09-22,小野由紀子,深川雀,6d7a70a1-7e0e-4dee-9084-d744d7176284
1999,1999-09-22,小金沢昇司,北の三代目|男の初舞台,356bc1c2-e98f-4442-b19c-dea36b93b5ed
1999,1999-07-23,小金沢昇司,荒野|涙をふいて,9335cfd0-8dce-48ef-8c68-48321f91bafa
1999,1999-12-16,少年ナイフ,all I want for christmas........,3ef71692-e98c-3ce3-8fe5-7b3edc272910
1999,1999-05-21,山上ジュン,トオリアメ,76fa385b-ef3b-4eb4-bb05-0c88bb8ef6df
1999,1999-03-10,山下久美子,奇跡の恋,cd4b4eb0-cf00-474d-a60c-ba3a423fb222
1999,1999-07-23,山口瑠美,"音頭""水戸黄門""あゝ人生に涙あり",4ea98986-acd4-4463-b09f-54a9495f00e3
1999,1999-02-26,山口由子,believe,5df552d6-b133-350a-b22e-48de620c9e9b
1999,1999-04-28,山口紗弥加,April fool,303d9704-d59a-48bc-be59-853406da812f
1999,1999-03-05,山嵐,THE TIES OF LYCAON,23ea29bd-acb2-46a2-8917-26adc8477b57
1999,1999-08-06,山川豊,夜桜|きずな,05d048ff-429d-4ee2-96ae-dc1fef189a5c
1999,1999-06-30,山川豊,終電 何時? / アメリカ橋,de407fda-7668-41d1-b09f-e19e83edae3c
1999,1999-08-06,山川豊,面影本線|途中下車,a5695d93-0887-44a2-b72c-a089af630905
1999,1999-07-07,山形くるみ,北の恋祭り,4d972eb1-419c-4edf-870a-113925a8b1f3
1999,1999-08-21,山田修とハローナイツ,こちら亀座の女,4be0c269-82be-46ad-bf25-d26b59e6b5c6
1999,1999-12-08,岡崎律子,L'aquoiboniste(無造作紳士),e4fbcc4b-3dd2-4292-8a8e-9eb1ca3b0b26
1999,1999-02-10,岡本真夜,宝物,1169e795-453d-47ea-ae3e-fa643c47d95e
1999,1999-11-20,岡村靖幸,セックス,13ddb556-4f13-4bba-8ebf-d21b06f3dc4f
1999,1999-07-02,岩井きよ子,春の琴|三まつり 浅草色模様,be3f7245-2faf-467b-9b08-57e763ff8d57
1999,1999-02-24,岩出和也,港町ものがたり,f973a47c-f9ec-42c4-b7b7-dc9ef35ad11c
1999,1999-09-08,岩出和也,風の街,1a310997-43a0-4d25-a31a-50e45040c567
1999,1999-03-03,岩崎宏美,許さない,096809e2-7125-4069-8d11-f310037fe80b
1999,1999-09-22,岩本公水,恋燦華|飛べない鴎,55a2323d-636f-4e3f-b5fe-8c7a4bb1c66d
1999,1999-05-28,岩本公水,鶴への祈り|北の千羽鶴,ed5ae2ed-1fc4-4691-9342-03e7aec49ce4
1999,1999-02-21,岩永雅子,思春期美少女合体ロボ ジーマイン オープニングテーマ「乙女の祈り」c/w エンディングテーマ「rouge」,3668755c-a017-48b6-8fc3-28c095007209
1999,1999-04-21,岩男潤子,dream on.,d6322342-cc2e-3d5e-a68c-e81b76eb4c91
1999,1999-02-17,岩男潤子,卒業,b6f671f3-69a9-36df-b332-ed3712b0c579
1999,1999-10-20,岩男潤子,私に帰ろう,6d2c885d-aa72-3593-8c6a-c96e779601af
1999,1999-07-28,島谷ひとみ,大阪の女,1114cbd3-6a5b-3e95-9e48-c546fb76100d
1999,1999-11-03,嵐,A・RA・SHI,7d38dac4-938b-4f96-b3ca-92b7a7181207
1999,1999-10-22,嶋三喜夫,見かえり峠|里ごころ,0a253263-cb50-4288-9cc7-fd247bb845df
1999,1999-03-17,嶋野百恵,45°C,e7246529-b63a-4cf3-8512-6da818dd3e0e
1999,1999-09-17,嶋野百恵,Hot Glamour,93dad8fe-b7d0-4d24-ad4a-5f6485e1523b
1999,1999-07-23,川崎洋子,Memory,05b1e8cc-9ff5-47c0-b060-661dcee49e44
1999,1999-10-22,川崎洋子,Refrain,42e7a44f-f14d-4706-98ce-a88b2b898a9e
1999,1999-04-01,川本真琴,ピカピカ,279927ca-18ef-3a3d-a490-03cd86ff36b5
1999,1999-04-21,川菜翠 & 麻績村まゆ子,ドリルでルンルン クルルンルン,ecc3e49b-afc2-4c1c-b919-c8a3d8040d9a
1999,1999-04-07,工藤静香,Blue Zone,9867bd2a-817c-4108-9cb3-76b5416ede37
1999,1999-05-12,布袋寅泰,NOBODY IS PERFECT,ceac19ff-6c7f-3761-9db4-421b5ab78241
1999,1999-04-16,布袋寅泰,バンビーナ,6643cbb4-8bca-31c4-b32c-da18bd20044d
1999,1999-07-28,平家みちよ,scene,4aa26b78-7006-3317-a63f-8f7e23f5052d
1999,1999-02-10,平家みちよ,アナタの夢になりたい,2cf3aeae-9440-3091-a274-ffe00c408d41
1999,1999-04-21,平松愛理,Endless Moment,32e9e370-0310-4b08-b43c-6173cc9b2c3c
1999,1999-02-03,広末涼子,明日へ,5da8791f-2e70-4d74-8847-12765d0c5df5
1999,1999,広橋真紀子,イルカになりたい,7687563c-dbc1-470d-81cc-2635d28ee3b1
1999,1999,広橋真紀子,クラゲになりたい,05cb3680-d652-4bed-9b9f-c3e5c944ba6a
1999,1999,広橋真紀子,ネコになりたい,4e5fa969-91f7-498e-ad12-473fb908b2af
1999,1999-03,広橋真紀子,快眠音楽～午睡,500317e5-769a-4170-8de9-7174edbb96e5
1999,1999-01-21,広瀬香美,I wish,e7f4a440-2cfd-4a8b-9afe-8ab8c8ffada7
1999,1999-11-20,広瀬香美,恋のベスト10,25319d2a-43db-4769-a0f1-966a89c80976
1999,1999-10-27,彩月,ねむの木,b3e14c0e-18ce-4cde-ae26-2160bbe23294
1999,1999-11-23,彩菜 / 折戸伸治,Last regrets / 風の辿り着く場所,e0d8a7ba-fba3-490a-8591-d70bc64afab7
1999,1999-08-01,影山ヒロノブ,WIN A FIGHT,b072a1da-73fd-43f1-b861-778e3e6fdc2d
1999,1999-01-20,影山ヒロノブ,アメノチエガオエガオノチハレ,c3946e3e-2137-4689-a946-1f969c134209
1999,1999-01-21,影山ヒロノブ / 岩永雅子,HEATS / HURRY UP DREAM〜旅立ち〜,aa70508e-c70d-4e83-a673-83d48680645a
1999,1999-02-20,後藤浩輝,遥かな君に,ea05fbee-5cbb-44d8-a7a3-410ba70dfedb
1999,1999-03-18,徐懷鈺、文英,魔法阿媽之戀愛2世代,02392732-38f1-45ea-aeb9-84d3620c12da
1999,1999-07-16,徳山秀典,あふれる思い,b170d63f-320b-4cd7-b40a-9fdab18dc989
1999,1999-10-06,徳山秀典,ハックルベリー,92d7fcf6-106a-490a-a46d-32f2288e34fc
1999,1999-04-28,徳永英明,僕のバラード,751b404e-3dc7-446b-b241-dd43296a2be0
1999,1999-01-27,徳永英明,青い契り,6e7a07fb-7138-48af-b3ad-b97a8ea39bbd
1999,1999-06-25,愛田悦子,宿命みち,b60481be-caec-4e7a-a422-85985fb507e0
1999,1999-11-21,成世昌平,はぐれコキリコ,3b813340-592c-4150-9387-bf45c49ae03d
1999,1999-06-23,我那覇美奈,All I wish,baca5166-623e-4b78-8b88-e36c9af1cf09
1999,1999-11-03,我那覇美奈,太陽,e622e82a-74cc-43c1-8afb-617db09d76d4
1999,1999-04-21,搭堂なつ,ドアの向こう,85238139-5e2e-499d-a180-96731bc49807
1999,1999-04-21,斉藤由貴,こむぎいろの天使,2750eb37-a0ea-4e74-84a9-cb451cee737a
1999,1999-05-01,新井透吾 (CV.緑川光) & 高城紫門 (CV.置鮎龍太郎) & 中本翔 (CV.林延年) & 加藤勇祐 (CV.石川英郎) & 志村未希麿 (CV.阪口大助),卒業M キャラクターズ・スペシャル／「M」,39d0efde-c7db-40a9-a1e3-5c2225ad90bf
1999,1999-11-20,新居昭乃,叶えて,a52b5f66-aec9-3fcc-956f-bf1c86334def
1999,1999-03-20,新沼謙治,おもかげ遠歌,3e4549f3-6ab8-4f92-ad9d-8211c3d776cb
1999,1999-03-17,明石家さんま & 所ジョージ ゲスト: 工藤静香,明石家さんまさんに聞いてみないとネ,a51f255c-876b-4e68-86a6-43da4b261055
1999,1999-10-27,星野晃代,Feel me,b955ae3a-4ffc-4af4-a3ad-f9946dd1aaf0
1999,1999-10-21,春風どれみ（千葉千恵巳）,おジャ魔女CDくらぶ その4 おジャ魔女ソロヴォーカルコレクション 春風どれみ篇,f325cfc7-a794-43ae-baec-adeb15859801
1999,1999-10-21,有坂美香,dis- / 夢を過ぎても,885e74d2-e2b7-30f9-ae83-0a9287b43ff3
1999,1999-01-20,木村佳乃,ハロー・マイセルフ,3d0ca314-5fab-4da9-993f-51d9856f825f
1999,1999-12-01,木村佳乃,雨の日はふたりで,12c4eb39-4c10-4e7a-9028-8364bd91d8d4
1999,1999-07-28,木村由姫,Deep Sky Heart,f798dac8-cb2e-40d2-b992-08af54b2f062
1999,1999-02-17,木村由姫,Fall in YOU,0ac54644-30fb-4c4d-a3f8-e2360001c824
1999,1999-05-19,木村由姫,PINK Graduation,5823117d-0f23-4322-830a-26d690b57709
1999,1999-09-22,本田修司,SCRATCH HEART,b8829993-aeb0-47bf-a144-7d885b3725e0
1999,1999-11-21,本田美奈子,風のうた,02ffa229-d466-47eb-9c9b-cb84e2ffddb5
1999,1999-11-03,杉良太郎,吉野に風が,69b277c8-6643-48ca-9160-e544930c9437
1999,1999,李玟,Do You Want My Love,e66aa03f-8c32-452b-8b14-0a9130924ad1
1999,1999,李玟,完整,0f35898e-4857-487b-96ea-44fbb1285d8e
1999,1999-05-12,杏子,永遠という場所,70cde6a1-bc7c-4a51-adcc-f08198f0179f
1999,1999-05-21,杏里,逢えないせつなさと,a039e5f9-1643-41a9-989b-115adf7780d8
1999,1999,杜德偉,Why,63903c05-9dd0-44ba-a78c-d25dc8d61572
1999,1999-11-17,東京スカパラダイスオーケストラ,戦場に捧げるメロディー,390c643c-d3d8-4d3a-88e1-6b825df55976
1999,1999-05-12,東京スカパラダイスオーケストラ,火の玉ジャイヴ,e66183b7-6175-42c1-89f7-3918e7c0a04d
1999,1999-09-29,東京プリン,バブルアゲイン,3648fcdc-84ac-423a-adc9-c6efb7e4c896
1999,1999-07-23,東京プリン,自転車なんだよ人生は,29b382ec-5774-4d58-90f5-777fe164618b
1999,1999-11-17,東野純直,砂漠に花を,8823700d-929d-4088-9000-02068a306248
1999,1999-09-22,松たか子,夢のしずく,3d8a0f55-bd2a-3929-9fa5-78467622e773
1999,1999-11-17,松たか子,月のダンス,a06a5f42-14e5-3b16-a2bd-5c4674080f15
1999,1999-11-03,松任谷由実,Lost Highway,6a5e4197-57b6-4aab-a724-2d5a837e8ac1
1999,1999-05-29,松山千春,僕なら,705b9d85-45c7-441f-8078-2ddc92c6a1f1
1999,1999-04-21,松崎ナオ,鳥が飛ぶ意識 Keep On Living In My Song,7ef61ba1-02de-44a7-9435-9f312f1e2a22
1999,1999-03-25,松本孝弘,THE CHANGING,1018fdf8-de59-41cf-b179-739228fda401
1999,1999-05-12,松本明子,ステラ,3f796061-64d5-49f2-95b6-6086ab7c9cbf
1999,1999-03-25,松本梨香,ライバル!,b1487f6f-7f2b-4cb8-b483-b9b4a5f35053
1999,1999-06-02,松本英子,涙のチカラ,ea4458ba-0452-444a-8902-c7bf876195ba
1999,1999-02-24,松澤由美,ありのままで,363c2133-830d-4fe3-ae42-43caf98d11ff
1999,1999-11-03,松澤由美,誰も知らない地図で,d8bfb57e-c05b-42ee-8ad0-df50908cbf0f
1999,1999-10-27,松田聖子,哀しみのボート,6478b3f4-6031-4d09-ae3a-63ca476cb281
1999,1999-12-16,林あさ美,つんつん津軽|ジパング,50492cf0-0047-4e6d-95e1-de9cb459cb09
1999,1999-06-21,林あさ美,困るのよ,836e2291-d185-4265-9139-9bfc0a10f7e0
1999,1999-05-28,林原めぐみ,question at me,7a1a8f31-9db1-40dd-a88b-d16cc507db27
1999,1999-12-03,林原めぐみ,ブースカ!ブースカ!!,381ccfbe-c1bb-4148-8546-0e2772f8c480
1999,1999-04-21,林田健司,紅いマボロシ,346f0866-d18f-4438-a269-f50ee2b284b7
1999,1999-01-21,柳原陽一郎,だいじょうぶ,a73c4e4d-6ef0-4636-b4b8-593b577546d1
1999,1999-06-25,栗林みえ,この空の下で…,a3b43f86-ec46-416f-b9dd-51135d15d1b1
1999,1999-02-05,栗林みえ,春になったら,dd863ebb-4145-48bd-8532-f855a5dd7a38
1999,1999-11-03,桂木萌(坂本真綾) / リスキー&セフティ(岩坪理江),"臣士魔法劇場 リスキー★セフティ 主題歌 ""夜明けの風ききながら"" / 挿入歌 ""此処にいるから""",f4d63ed1-ca32-4cec-a720-ebcfd6bee1a1
1999,1999-06-23,桃乃未琴,この夜が明けないのならば,8de8e74c-1f7a-453d-9257-ad8aef3e3577
1999,1999-11-10,桑島法子,解き放て!,2de9d7ab-4440-4fcb-b43a-35254d5a8b47
1999,1999-12-16,桑江知子,通り過ぎた夏|3月白書,f17b27b9-b392-4e77-a03e-c910e7b72171
1999,1999-08-25,森ひろこ,my soul love,08f34038-ad67-438e-bd9e-c9f75a0528f2
1999,1999-06-21,森下純菜,Love Potion #107,1143b44e-f900-45cd-8b3f-6d203c6c0e5d
1999,1999-05-21,森下純菜,ホワイトピーチの純情,b3948c47-c4ed-4032-9b63-fe7efd7e0d9c
1999,1999-07-22,森若里子,すみだ川雨情|ほたる舟,e2f201ab-ffc0-4990-b5a9-13e85f8474d8
1999,1999-12-22,森若里子,他人船 / お夏炎情,fa44fa29-3001-4728-9651-d0bb6e4fe639
1999,1999-12-22,森若里子,思い川 / 母のいない故郷,498a32ae-d435-4326-b529-146d39dbee69
1999,1999-01-21,森進一,女の愛,5df44f5c-2d06-4774-8ae8-a5f246daaa6a
1999,1999-07-01,森進一,昭和最後の秋のこと,41b5d906-3975-47ec-b282-658fb8d6975e
1999,1999-08-02,森進一,裏切り,9c6b3fba-da85-41cf-8875-171c999b78b5
1999,1999-08-02,森進一,語りかけ,af96dffc-f772-43ba-bc00-b91018f7affc
1999,1999-05-19,森高千里,まひるの星,c5ac33b7-c8ba-46a8-b3b4-74ce00770d7b
1999,1999-10-01,森高千里,一度遊びに来てよ'99|EVERY DAY,6b2fc03e-ca56-4d07-bfdd-3d01396bf0a7
1999,1999-03-17,森高千里,私のように,f4a9817b-0384-42bb-ba88-0e46a35e8233
1999,1999-08-04,椎名へきる,-赤い華- You're gonna change to the flower,577c3bc4-1319-3b03-a783-afb55f073c83
1999,1999-04-29,椎名へきる,Everlasting Train -終わりなき旅人-,107962a8-4984-39a4-864b-c571d67d84db
1999,1999-01-20,椎名林檎,ここでキスして。,0a5f87c3-37b9-31bb-9e01-c4d14b761bd9
1999,1999-10-27,椎名林檎,本能,de5509d4-cb1a-3ab4-9333-b6e3153b44af
1999,1999-06-02,槇原敬之,Hungry Spider,03a0b955-e0a3-3573-af0d-f9e5ccf038e3
1999,1999-06-02,横山智佐（真宮寺さくら）、富沢美智恵（神崎すみれ）、高乃麗（マリア・タチバナ）［帝国歌劇団］,これがレビュウ！,7a06665b-7abc-3875-b180-008060fa3974
1999,1999-04-21,橋幸夫,歌,2e073314-2f83-4c88-be0c-b53e75084002
1999,1999-09-08,櫛引彩香,いつもの気分で,d6558b1f-bd8a-492e-9e5d-f22562807984
1999,1999-11-10,櫛引彩香,雨のち晴れ,3489ad04-c0c8-481b-a7f4-15637f8ce6fe
1999,1999-09-01,歌川二三子,河内|富士山,af7912a4-274e-4ab3-8dda-88ed1d0afe02
1999,1999-06-16,武内享,目覚めの丘,78137210-6fa3-4399-97ed-c9ac55b73117
1999,1999-09-01,水木一郎,Golden Rule〜君はまだ負けてない!〜,cf3b4991-c5cf-4b5b-a5af-f5f3cae0ab23
1999,1999-03-03,水木一郎,弾けろ! マックスショット,16bf9e09-0c0f-4d8e-b4f8-e493f1754fba
1999,1999-11-25,水森かおり,おしろい花／いのち花,c0c9bafc-435b-45b7-9696-7a0cefbca61b
1999,1999-01-21,水森かおり,ひとり泣き,f371bb20-a0d5-4f57-96b0-56efbf7f42b6
1999,1999-11-25,水森かおり,よりそい花／北夜行,94be24b5-7018-4e8c-9e40-c211f1461a29
1999,1999-10-21,水森かおり,竜飛岬,a3c60bdf-1ce8-407c-bef1-c9526e61be7f
1999,1999-08-25,水田かおり,雨の海峡|命駒,dfd84583-0474-4400-aed1-0b72f14d0828
1999,1999-10-08,水谷豊,エンジェルSTREET|どんな時も,2829c5da-dab1-41fb-b9d7-858c85703464
1999,1999,氷室いずみ(金月真美),まるごとプリナイ,41faf777-04ca-4e86-802e-a0b78897b3af
1999,1999-08-18,氷室京介,SLEEPLESS NIGHT 〜眠れない夜のために〜,3511f5e3-f1f7-4448-a868-c9b312f3197b
1999,1999-10-27,氷室京介,ダイヤモンド・ダスト,07b32a15-317e-4795-b536-1d6351bd9091
1999,1999-10-21,永井ルイ / Robbie Danzie with 高尾直樹,BIG-O!,5b19ce57-48a5-3415-b91e-637b209a8a81
1999,1999-12-18,永井龍雲,当世酒場唄|島風詩想,cb556e7c-0827-49a7-a466-a24cb8461db7
1999,1999-11-01,江川裕史,Blue Bicycle,b7922208-7b5a-45d7-8976-8bdc4a680346
1999,1999-07-01,江川裕史,SING MY SONG〜強欲な僕のブルース,2a308ff3-da2b-4b96-9ff6-b69e5dfb90e8
1999,1999-07-22,池澤春菜×桑島法子×木村亜希子,Neo Evolution,14646685-a804-4bef-993b-2c01ceb9d9df
1999,1999-04-23,池田輝男,ねぶた海峡,ad201004-70b7-4172-a878-a229860b0995
1999,1999-06-17,池間アカネ,biru pulau〜青い島,cca24a1c-e68b-486b-b546-666af9579da4
1999,1999-05-26,沢竜二,つくしんぼ|霧の港町,4dabd791-f77d-4fdd-b7e3-587fd3e0fc7e
1999,1999-07-31,河内家菊水丸,野村阪神優勝音頭,ba7481e8-5d1d-48cc-8fde-cbe7819bf244
1999,1999-06-16,沼澤尚,YEMAYA(イェマヤ)〜何かを見つけよう,2eec3286-e43d-44c8-9e4a-ddf6142683ba
1999,1999-08-01,流,流,dabf621c-66c6-4971-a3a1-bc15cd17f63c
1999,1999-09-22,浅田あつこ,一秒ごとに…,4eb6cb0e-8d79-4e82-8cb1-9f973e784c87
1999,1999-01-21,浅田祐介,Boxer,6eb5a1f0-14ac-4382-9225-7d8fbe7dd608
1999,1999-08-11,浜崎あゆみ,A,8f338451-7698-3b43-a708-4fe0ab3d7b05
1999,1999-11-10,浜崎あゆみ,appears,90ef2a71-3673-31b9-ad2f-aa67d255b91a
1999,1999-07-14,浜崎あゆみ,Boys & Girls,f394e03d-8b33-39b8-ae42-c65d418003b3
1999,1999-12-08,浜崎あゆみ,kanariya,ff4f1ca1-318b-32ea-bbb8-9d1a598639c2
1999,1999-05-12,浜崎あゆみ,TO BE,18aec1ed-7e14-3235-b0a9-aaca5d277615
1999,1999-02-10,浜崎あゆみ,WHATEVER,54463909-c7c8-3bab-b19d-b6e4b9dccb8a
1999,1999-06-23,浜崎貴司,どんな気持ちだい?,549710bc-214a-4fc9-9587-00085dd24765
1999,1999-10-06,浜崎貴司,誰かが誰かに,2034a07a-bd6c-4a78-a79b-66ecd4f08f4b
1999,1999-06-16,浜田雅功,幸せであれ,73589864-144c-4238-95cc-ea69f76a788c
1999,1999-06-02,海援隊,エレジー(哀歌),2a5d2493-4ac5-423c-b516-b6b6ae751054
1999,1999-11-17,海援隊,新しい人へ,3304e7b4-4931-4ebd-bd8e-90dbf684aec3
1999,1999-01-01,海援隊,母に捧げるバラード,82556de3-e450-4ad4-8e65-db014e952f89
1999,1999-09-01,深田恭子,イージーライダー,68f40f54-dd11-33a1-bc84-723d025090a1
1999,1999-05-19,深田恭子,最後の果実,50510b6c-5e54-3b2c-ab22-ca402d01526e
1999,1999-10-21,湯原昌幸,嘘でもいいの,6358d9fa-07dc-3660-93e3-e7a7d285c25d
1999,1999-07-07,湯原麻利絵,BEHIND THE LOVE,82c88c26-7758-4197-8879-6e747517b156
1999,1999-12-17,澤地美欧,夢の中のfin…／形ない愛,686de0d7-a201-42a4-aae0-aefc90853251
1999,1999-08-04,瀬川瑛子,むすめ上州鴉|命のさすらい,4c0043e0-2917-4953-a8cd-209bac24c7e5
1999,1999-08-25,瀬川瑛子,長崎夢情|OYKOHAMAベイブルース,f844b435-506b-4630-b642-8fc08590bb97
1999,1999-05-21,熱風音楽市場魅惑の東京サロン,HANAUTA-BAY,a24e5790-c026-4c67-a3f6-a6e11e2ca0bd
1999,1999-07-07,牧謙次郎,おかしい,b92a0f18-a1d2-4a77-b31f-4c6d0381caa2
1999,1999-01-01,猿岩石,My Revolution,490ab9cc-ded7-4986-8baf-110f776bfb79
1999,1999,玉川紗己子・平松晶子,逮捕しちゃうぞ the MOVIE メインテーマ CALLING <夏実・美幸デュエットバージョン>,b36551cf-94e9-4d51-9c46-dd5d95e785a9
1999,1999-02-10,王力宏,Too Nice,467dee6f-fabb-4cc1-bb78-68a56ea11c1e
1999,1999-02-08,王菲,Eyes on Me,00b82262-331c-319d-bd64-ccacc1c39e4a
1999,1999-11-20,玲葉奈,The Beat Goes On,c85b86b7-dd31-4c7f-a6a0-115c13968dcb
1999,1999-06-19,玲葉奈,オレンジ,891ffdba-8634-4021-98c4-9df353c97fa1
1999,1999-10-01,瑞ゆかり,海鳴り情話,02184eda-1af2-45de-b68e-41f8c8c1e598
1999,1999,田中マイミ,Miracle Shopping,e6fa3f5c-a1cf-4f5e-925f-8732c17cbd42
1999,1999-01-06,田村ゆかり,きっと言える,6740ff82-2cb4-459d-a094-cb4aeb41334d
1999,1999-08-21,田端義夫,人生悠遊,4d0b116a-4ec2-48ec-a54e-b71d31ea784a
1999,1999-07-16,田辺マモル,好きだっちゅうねん,e1fafd08-55c9-4343-a305-a927fae64cb9
1999,1999-02-03,由香,どうしよう,eddcedfd-742c-4d05-93fc-04d3ccab5c62
1999,1999-08-11,皆谷尚美,遠いこの街で,923d7a8f-2e88-3d41-86a0-0c5d104783bf
1999,1999-12-08,相川七瀬,China Rose,bc219a33-dcb3-3d3c-8a0f-e8f27dfbd95c
1999,1999-03-17,相川七瀬,COSMIC LOVE,52742c79-c7e0-329c-ac4e-102105e82f43
1999,1999-09-29,相川七瀬,Jealousy,4bc030f5-fad2-359b-9be8-67f9452b5b31
1999,1999-07-23,相川七瀬,世界はこの手の中に / Heat of the night,ab92b3b4-e720-33b9-a176-7f41c21ef8d9
1999,1999-07-23,真心ブラザーズ,サティスファクション,6a74e73e-eee8-37c0-bde9-68e18a886028
1999,1999-10-01,真心ブラザーズ,突風,751c4a56-419c-32cb-8630-d372cdd74ab0
1999,1999-09-22,真木柚布子,大阪ドドンパ|道頓堀セレナーデ,cd1bb20f-2bda-461d-a56e-db9cc31398d1
1999,1999-10-21,真木洋介,知らずにいたの|情句,e31f321b-e451-4f49-8584-dae76d8efed7
1999,1999-12-16,矢吹春佳,恋情話|水に咲く花,25306989-0bc4-496c-95d0-e63e7df6e7a3
1999,1999-03-20,矢吹春佳,春の足音,f8fed182-34b9-434e-af85-b669f953c976
1999,1999-06-30,矢沢永吉,Oh! ラヴシック,e602cfba-db80-4dcc-b37e-88b424baeed4
1999,1999-07-01,矢野顕子,ひとりぼっちはやめた,af956efe-5617-469a-a0be-5b143939f0fd
1999,1999-06-23,知念里奈,Be proud,450342dd-a9d8-46ea-9d55-fee950e44d51
1999,1999-03-31,知念里奈,GOD BLESS THE WORLD,c56588bd-1a6b-47f7-90bf-22c714423b37
1999,1999-09-29,知念里奈,IN YOUR EYES,39e8875f-dac3-4482-a74b-aaffcb001681
1999,1999-01-13,知念里奈,YES,b895bc52-9f91-4ac2-be0a-17fc9fa91d3e
1999,1999-07-23,石井竜也,朝日につづく道,f6747c7c-d5b4-3ad9-b454-b178823024fd
1999,1999-02-20,石原慎一,救急戦隊ゴーゴーファイブ,22199226-83b0-4092-b81f-06da5a6851da
1999,1999-07-16,石川さゆり,愛がいちばん,bc3062ea-fe2a-498a-aa5a-5ef79eefb134
1999,1999-04-07,石川さゆり,昭和名勝負 炎の村山実篇,b7da63c7-1070-4606-9b87-b49be4777090
1999,1999-04-21,石川さゆり,酔って候,ab69b324-5117-41d5-adb7-92bced1bff59
1999,1999-11-20,石川ひとみ,世界中が宝物,f3cfb49d-12fe-48a2-a272-cbb5c0eb8337
1999,1999-12-17,石川よしひろ,DJ〜ロマンティストの逆襲,e3fc531a-29ae-4b57-b21a-7429b28aaf19
1999,1999-07-07,石川よしひろ,道なき道の向こうへ,bbfd7349-fd51-4340-85a1-e049f61e6556
1999,1999-06-02,石野卓球,anna〜letmein letmeout,da9a8fbc-011c-481c-9d6b-72239f1481bb
1999,1999,砂原良徳,Clipper's Discotheque Break,a0799f61-c33e-4cf3-afb0-b194140fc709
1999,1999-10-21,磯野テルオ,気持ちいいニットのように,8168f546-a1a5-4d07-98f4-d5613fee552d
1999,1999-08-25,磯野テルオ,見えない星,b99e44cc-bd3d-443e-b01b-adc93081afe2
1999,1999-11-17,福山雅治,HEAVEN / Squall,dc91cb45-0383-46c0-ba62-1c264f9833ee
1999,1999-05-26,福田みのる,つくしんぼ|霧の港町,3182d918-bbba-460f-b89a-6ffd4d60ba9e
1999,1999-07-14,福耳,星のかけらを探しに行こう Again,245c88f0-598d-44b7-865c-e6411a338ec3
1999,1999-08-25,秋吉契里,キスより熱い運命,93ae63f4-b016-43a7-b0d7-0e840573169a
1999,1999-12-16,秋山涼子,真実一路|ぼたん雪,d0f65b1e-b06c-4e92-bdc9-bceeae30dc4c
1999,1999-02-10,稲森明美,奪われたいの,6bc02768-7185-4df7-bb20-8932221166db
1999,1999-12-24,突然段ボール,デラックス・シングル,d3a7247b-31f2-466f-b0d9-55ffa1c97cea
1999,1999-10-14,篠原ともえ,HAPPY POINT,4ed6e540-e9c0-3494-aed2-e83d52224552
1999,1999-02-24,篠原ともえ,君んち。,84a574d7-12d1-3bc4-b9a8-26bf0c6b86ed
1999,1999-08-25,米倉千尋,WILL,5e467273-d3aa-4fa3-8c82-c1260f46b6ac
1999,1999-04-21,結城比呂,舞踏(rondo),2060cd69-ccee-40ef-8ff5-9d57f5b1ed1d
1999,1999-08-22,緒方恵美,ANIMAL EYES,6b98723b-f42f-4f8f-8e4b-0b7054101ff6
1999,1999-07-01,緒方恵美,silver rain,b9c764ba-84af-4dff-85ab-c8febc112d0c
1999,1999,羅宇屋,名古屋嬢主1999,ada599cb-1a23-491d-be5e-ecfca976dcb7
1999,1999-06-23,美貴じゅん子,咲いて花になる,6ac0aea3-ec37-4ce0-aaa6-4faca0f34370
1999,1999-09-22,聖飢魔Ⅱ,20世紀狂詩曲,87cb6ff1-9712-4565-a70e-0ed29f0c4a1f
1999,1999-04-21,聖飢魔Ⅱ,蠟人形の館 '99,ec4a535c-63a3-4da5-b8d2-3235d89ddfcd
1999,1999-06-23,荻野目洋子,WE’LL BE TOGETHER,9dd50788-a9c7-4325-8a47-2cfd0e9e4ade
1999,1999-11-20,荻野目洋子・小野正利,Feeling,ecb57b62-7f6e-4029-864a-64992114bea0
1999,1999-12-16,菊田裕樹,The Music of Koudelka,1a115f5e-4685-4aa0-af1a-2476aa9e1b74
1999,1999-07-22,華原朋美,as A Person,26de2967-2648-456a-9088-a73858f11da2
1999,1999-10-27,華原朋美,be honest,20ddca1e-45ce-4948-95e5-f404a37c2bf1
1999,1999-09-02,葉加瀬太郎 feat. Basia,So Nice (Summer Samba),0ea2b679-8c52-42ac-b022-62c8e3400c33
1999,1999-08-04,葛谷葉子,TRUE LIES,af4780cb-25c7-435d-93f6-3d0a640f4ed7
1999,1999-02-17,藤あや子,女のまごころ,09a870b6-0344-4319-b8d4-116c501aba4b
1999,1999-11-20,藤井フミヤ,Moonlight magic,052e8620-724c-4a73-9118-4417c576f8c1
1999,1999-05-12,藤井フミヤ,風の時代,e636a7f5-7a8e-3801-b7b2-f492c2378971
1999,1999-04-21,藤井尚之,Rainy Street Blues,6651d594-da7d-3966-a384-f52b148179e4
1999,1999-10-21,藤原はづき（秋谷智子）,おジャ魔女CDくらぶ その5 おジャ魔女ソロヴォーカルコレクション 藤原はづき篇,94b489e0-f792-4d5a-a337-e0547ab9778f
1999,1999-11-03,藤崎詩織,いっしょにいたいから,925dde15-e858-4d8f-9c12-a0e5e2f3a3f2
1999,1999-10-01,藤田陽子,スフィア,4c7f524b-1389-4d8b-b89a-6789496e7348
1999,1999-07-17,藤野ひろ子,ふるさと|おんな祭り,55aef285-bd64-487e-aa4c-c962424ea026
1999,1999-11-20,螢,ハリガネ,82475bb0-f80a-4dff-a1e1-34054ec46cc3
1999,1999-11-25,螺旋,四人目ニ生マレタ精神分裂症ナル胎児ヘ,5de55d13-f2d5-4cd8-ac0d-74b15feda98c
1999,1999-05-26,西城秀樹,ターンAターン,e8edbb97-c717-49e5-9542-6a02c3f1b9b7
1999,1999,西尾悦子,Ranma ½ Hard Battle Box Set Bonus CD,d0d63a11-d872-3d5f-9559-7f4f7f92d561
1999,1999-04-21,西田ひかる,AS PURE AS...,12697274-eb2c-4144-9868-cfade3df2ed0
1999,1999-02-03,観月ありさ,朝陽のあたる橋,26b26906-b597-423f-b01f-2bac30eacf35
1999,1999-09-22,角川博,伊豆の雨|許してください,f9471390-4d13-4a14-b446-9642ac10863e
1999,1999-09-22,角川博,女のきもち / 花巻雨情,d380b2f5-eff3-41e8-a716-39decbb2b334
1999,1999-09-22,角川博,涙ぐらし|嘘でもいいの,99c6acc5-4697-4960-9df8-b970c5c2dd6b
1999,1999-06-25,角川博,船宿|男の酒場,35721bea-7b21-46a0-96fe-0cb61bae6685
1999,1999-11-25,角松敏生,You’re My Only Shinin’ Star,f51d7020-3d16-407f-a061-108bfdeb8bc9
1999,1999-07-23,谷本知美,女の王将,5d994f5c-9c1f-4680-a478-499032e03ce1
1999,1999-05-19,谷村新司,AURA,74c418a8-54df-4752-bab4-36c8e3288f64
1999,1999-05-26,貴水博之,"Believe,",bd17e8ff-21a8-4985-889a-7eab621c0a84
1999,1999-02-17,貴水博之,ride on love.,5a960f8f-7b40-48d6-929b-73cd5112123e
1999,1999-04-28,賛美歌,1945,7b2c9e90-34d8-42f5-9b19-d760d93b8600
1999,1999-06-09,賛美歌,DRUG〆STORE,ba96047d-723d-4026-b244-5c0b38628be5
1999,1999-11-17,賛美歌,Olive,7bbaa28a-9bb5-4c03-bc7e-a6ab806b748a
1999,1999-11-20,辻本夏実(CV:玉川紗己子) & 小早川美幸(CV:平松晶子),GET A CHANCE,e31f91da-81f6-40db-be37-f6cce812b6f3
1999,1999-11-20,辻本夏実(玉川紗己子) & 小早川美幸(平松晶子),"逮捕しちゃうぞ プレイステーション オープニングテーマ ""STARTしよう""",4709adf5-2509-4a28-af2d-7c98afcae006
1999,1999-11-01,近藤名奈,根拠はないけど,428826a6-78bb-41d6-ae6a-62e7082619b0
1999,1999-03-03,速水けんたろう・茂森あゆみ,だんご3兄弟,a5f4bad3-182d-420e-87f4-f65f82459413
1999,1999-11-26,遠藤久美子,HOLD ON MY HEART,6ea972b5-b66f-4eac-9c9a-537b76f995e8
1999,1999-04-09,遠藤久美子,夢ロケッツ,b7afcc0b-c747-4877-a116-ab909d57a097
1999,1999-03-03,遠藤正明,"READY, B-FIGHT!",8406d4ea-7bac-4f08-bf1e-062336551c8a
1999,1999-12-29,遠藤正明,勇者王誕生! -神話ヴァージョン-,7fe3a033-025f-4b15-bb9e-ecdcaf05cc32
1999,1999-06-21,遠藤正明,戦士よ，起ち上がれ!,ee96425a-310a-4933-b739-446bb958b5cb
1999,1999-09-21,遠藤正明/中瀬聡美,ゲッターロボ大決戦! テーマソング Can't Stop/Say good-bye loneliness,fcbf1884-36bf-48f8-aa66-c39a54dc01d2
1999,1999-11-20,遠藤響子,走れ走れ,2a099f88-deab-3f28-842f-9914704898f9
1999,1999-10-21,郷ひろみ,GOLDENFINGER '99 Re-mix,55f99c27-98e1-4869-bc81-cdcd33a16ef2
1999,1999-07-23,郷ひろみ,GOLDFINGER ’99,711c7202-f529-3a48-8efe-dddaec8e19a0
1999,1999-04-01,酒井法子,PURE,18a67844-6df8-3646-af6a-20521b412f73
1999,1999-10-01,釈由美子,セカンドチャンス,a6670b9c-d02e-40fb-abf2-30fc0ff39d5a
1999,1999-11-03,野中彩央里,博多川|紅しぐれ,fb382da5-bd3f-4e65-9769-7f9c09568e99
1999,1999-12-01,野村佑香,セキララ,1af24a42-8139-4490-9f9c-2c129150a0ea
1999,1999-09-22,野村佑香,ペイン,1db19028-a4d0-4950-9e3d-c877f73bb5f2
1999,1999-07-23,野村克也,俺の花だよ月見草,e00422b1-7683-4397-be8f-0783dad48006
1999,1999-02-24,野猿,Be cool!,3a4c32b2-da39-43a2-8acb-96634140cfe3
1999,1999-08-04,野猿,Selfish,c5ab4c2b-5087-41d1-bd6d-bce3712f1a33
1999,1999-11-10,野猿,夜空を待ちながら,5124b8bb-75aa-411c-8447-bcaafc46b4ec
1999,1999-07-14,鈴木あみ,BE TOGETHER,c89ae2ab-83a0-3ee7-bcfd-21f2a3e0b32f
1999,1999-03-17,鈴木あみ,Don't leave me behind / Silent Stream,b757f570-5772-389b-b4b4-8aaa1fc09a05
1999,1999-12-22,鈴木あみ,HAPPY NEW MILLENNIUM,0e2381f9-559d-4f29-b5a3-dacba5adce94
1999,1999-02-17,鈴木あみ,nothing without you,5e733eee-0b9f-3685-a84a-64934d05c160
1999,1999-09-22,鈴木あみ,OUR DAYS,309f371f-0436-3c92-9e3e-43d28ff30d13
1999,1999-08-25,鈴木史朗,想春譜,e89dd512-bbe1-4566-beae-2efa5e6f4317
1999,1999-06-23,鈴木崇,梅雨入りの日,d2167104-c3ba-4092-af8d-8096a58108bd
1999,1999-10-14,鈴木祥子,この愛を,3afffef4-5270-4f85-b86f-22951d993cc0
1999,1999-01-21,鈴木聖美,小さな願い|Treasure in Heart,6117214a-e0e0-4352-aa2b-8797f8110f0d
1999,1999-08-21,鈴木雅之,SO LONG,566c18b2-751b-35a9-8bb6-fcef85025038
1999,1999-11-17,鈴木雅之,Still Live In My Heart,e123da79-b27f-3bf2-818f-a69f22e8e60b
1999,1999-06-23,鈴里真帆,RAIN,f5ebdbc9-b35f-46cb-b3c9-02821fe29bcd
1999,1999-03-03,鈴里真帆,sakura,dfd586ca-65b1-46a7-a034-95ecc49614cc
1999,1999-07-07,長保有紀,夢ひとつ,52a03fb4-cbbf-49e5-bbee-b430eac3fe3e
1999,1999-12-16,長保有紀,惚の字傘 / 雪舞い,2a728324-af55-48d5-8e61-ab619c9be08b
1999,1999-12-16,長保有紀,虞美人草 / 女酒,4e56e842-bf98-42b7-9e6c-59e32ef9e2ab
1999,1999-08-04,長山洋子,さだめ雪,8182f734-dff8-4480-989e-062318322721
1999,1999-03-24,長山洋子,傘,b33cc8a3-16d7-498e-8205-2a8c5ea3e59d
1999,1999-12-22,長渕剛,涙のセレナーデ,08dd7703-34dc-4ce8-847b-4ecc539bbf6d
1999,1999-01-21,陣内大蔵,Dreamers,ac4a6353-16bc-4951-ac4c-33a75d7f1abe
1999,1999-04-29,雫...,「Good bye my earth.」,4c647011-5f9c-4cc0-bf79-de68bf406f66
1999,1999-07-01,電気グルーヴ,FLASHBACK DISCO,d13c59b0-abfb-44f9-a07c-72fb1a554171
1999,1999-12-01,電気グルーヴ,Nothing's Gonna Change,2efc311f-9808-4264-9193-207f17b82b29
1999,1999-11-26,露崎春女,Break On Out,cf4a3524-56b3-4cf9-8f80-1961663fff3c
1999,1999-08-25,須藤温子,耳をすまして,4c3489c0-6560-4d1a-a288-db55d3ab12aa
1999,1999-06-25,飯塚雅弓,love letter,005c8be7-f71d-42e8-bb79-3ed4f8d245f9
1999,1999-06-02,香西かおり,望郷十年,34f7107c-a744-4a87-95c2-576319157807
1999,1999-05-12,高山美瑠 with TWO-MIX,JUSTICE ~Future Mystery~,beeee613-2b11-42f6-90b3-817f6392d835
1999,1999-08-25,高山美瑠 with TWO-MIX,kiss,7d506586-f5d4-4311-800d-5a943c3629a1
1999,1999-11-10,高山美瑠 with TWO-MIX,Rhythmic Youth,33d6af9f-f230-44ba-8bcb-2ddaf4c9f817
1999,1999-10-01,高橋克典,NEVER CRY,df5b89d9-0fd3-4cc2-ac1d-63507e63813b
1999,1999-04-29,高橋徹也,愛の言葉,b946ef73-e6d1-4727-be26-7b34d824fa44
1999,1999-01-27,高橋洋子,We're the One,a08b484b-3dfa-41da-98bf-c0e393629eff
1999,1999-03-31,黒夢,MY STRANGE DAYS,06cb3b66-4175-4d4b-b0b9-4aec2ed90c93
1999,1999-12-01,黒木瞳,片方のつばさ,5483cb74-47ed-4f2d-b951-dc83eedd87cb
1999,1999-04-07,黒沢秀樹,Believe,bd259792-9253-483c-b65b-f3f1ba59f861
1999,1999-07-16,"齊秦, 許茹芸, 動力火車, 熊天平",蝸牛,40fdf557-b285-4b30-88d6-894102de801d
